,Unnamed: 0,gameID,homeTeam,awayTeam,saaGame,finalScore,homeScoreByPeriod,awayScoreByPeriod,homeRecord,awayRecord,homeConfRecord,awayConfRecord,gameDate,startTime,gameLength,gameLocation,homeWin,numPeriods,isOvertime,attendance,isNeutral,timeRemaining,awayPlay,awayTeamScore,playTeamIndicator,homeTeamScore,homePlay,gameScore,teamIndicator,Play,Period,playType,shotOutcome,Team,Player,pointsEarned,awayLineup,homeLineup,timeSeconds,Poss,possNum,pppHome,pppAway
0,0,905,Millsaps,Berry,1,70-84,"32,52","24,46",7-15,5-19,4-9,2-11,02/21/14,8:00 PM,,MILLSAPS HANGAR DOME,Win,2,False,267,False,19:39,,,,,"MISS 3PTR by KASTNER,MURRAY",,,"MISS 3PTR by KASTNER,MURRAY",1,three pointer,missed,millsaps,"kastner,murray",,"['smoak,hunter', 'jacobs,owen', 'whalen,mac', 'graham,lake', 'mccloud,lee']","['robertson,marc', 'frebis,ronnie', 'kastner,murray', 'berger,ryan', 'gilligan,tully']",1179.0,berry,1,0,0.0
1,1,905,Millsaps,Berry,1,70-84,"32,52","24,46",7-15,5-19,4-9,2-11,02/21/14,8:00 PM,,MILLSAPS HANGAR DOME,Win,2,False,267,False,--,REBOUND DEF by TEAM,,,,,,,REBOUND DEF by TEAM,1,defensive rebound,,berry,,,"['smoak,hunter', 'jacobs,owen', 'whalen,mac', 'graham,lake', 'mccloud,lee']","['robertson,marc', 'frebis,ronnie', 'kastner,murray', 'berger,ryan', 'gilligan,tully']",,berry,1,0,0.0
2,2,905,Millsaps,Berry,1,70-84,"32,52","24,46",7-15,5-19,4-9,2-11,02/21/14,8:00 PM,,MILLSAPS HANGAR DOME,Win,2,False,267,False,19:16,"MISS 3PTR by SMOAK,HUNTER",,,,,,,"MISS 3PTR by SMOAK,HUNTER",1,three pointer,missed,berry,"smoak,hunter",,"['smoak,hunter', 'jacobs,owen', 'whalen,mac', 'graham,lake', 'mccloud,lee']","['robertson,marc', 'frebis,ronnie', 'kastner,murray', 'berger,ryan', 'gilligan,tully']",1156.0,berry,1,0,0.0
3,3,905,Millsaps,Berry,1,70-84,"32,52","24,46",7-15,5-19,4-9,2-11,02/21/14,8:00 PM,,MILLSAPS HANGAR DOME,Win,2,False,267,False,--,"REBOUND OFF by MCCLOUD,LEE",,,,,,,"REBOUND OFF by MCCLOUD,LEE",1,offensive rebound,,berry,"mccloud,lee",,"['smoak,hunter', 'jacobs,owen', 'whalen,mac', 'graham,lake', 'mccloud,lee']","['robertson,marc', 'frebis,ronnie', 'kastner,murray', 'berger,ryan', 'gilligan,tully']",,berry,1,0,0.0
4,4,905,Millsaps,Berry,1,70-84,"32,52","24,46",7-15,5-19,4-9,2-11,02/21/14,8:00 PM,,MILLSAPS HANGAR DOME,Win,2,False,267,False,19:11,"TURNOVER  by MCCLOUD,LEE",,,,,,,"TURNOVER  by MCCLOUD,LEE",1,turnover,,berry,"mccloud,lee",,"['smoak,hunter', 'jacobs,owen', 'whalen,mac', 'graham,lake', 'mccloud,lee']","['robertson,marc', 'frebis,ronnie', 'kastner,murray', 'berger,ryan', 'gilligan,tully']",1151.0,berry,1,0,0.0
5,5,905,Millsaps,Berry,1,70-84,"32,52","24,46",7-15,5-19,4-9,2-11,02/21/14,8:00 PM,,MILLSAPS HANGAR DOME,Win,2,False,267,False,19:09,,,,,"STEAL  by KASTNER,MURRAY",,,"STEAL  by KASTNER,MURRAY",1,steal,,millsaps,,,"['smoak,hunter', 'jacobs,owen', 'whalen,mac', 'graham,lake', 'mccloud,lee']","['robertson,marc', 'frebis,ronnie', 'kastner,murray', 'berger,ryan', 'gilligan,tully']",1149.0,berry,1,0,0.0
6,6,905,Millsaps,Berry,1,70-84,"32,52","24,46",7-15,5-19,4-9,2-11,02/21/14,8:00 PM,,MILLSAPS HANGAR DOME,Win,2,False,267,False,19:03,,,,,"MISS LAYUP by GILLIGAN,TULLY",,,"MISS LAYUP by GILLIGAN,TULLY",1,layup,missed,millsaps,"gilligan,tully",,"['smoak,hunter', 'jacobs,owen', 'whalen,mac', 'graham,lake', 'mccloud,lee']","['robertson,marc', 'frebis,ronnie', 'kastner,murray', 'berger,ryan', 'gilligan,tully']",1143.0,millsaps,2,0,0.0
7,7,905,Millsaps,Berry,1,70-84,"32,52","24,46",7-15,5-19,4-9,2-11,02/21/14,8:00 PM,,MILLSAPS HANGAR DOME,Win,2,False,267,False,--,,,,,"REBOUND OFF by KASTNER,MURRAY",,,"REBOUND OFF by KASTNER,MURRAY",1,offensive rebound,,millsaps,"kastner,murray",,"['smoak,hunter', 'jacobs,owen', 'whalen,mac', 'graham,lake', 'mccloud,lee']","['robertson,marc', 'frebis,ronnie', 'kastner,murray', 'berger,ryan', 'gilligan,tully']",,millsaps,2,0,0.0
8,8,905,Millsaps,Berry,1,70-84,"32,52","24,46",7-15,5-19,4-9,2-11,02/21/14,8:00 PM,,MILLSAPS HANGAR DOME,Win,2,False,267,False,19:00,,0.0,,2.0,"GOOD LAYUP by ROBERTSON,MARC(in the paint)",MILLSAPS 0-2 (+2),,"GOOD LAYUP by ROBERTSON,MARC(in the paint)",1,layup,good,millsaps,"robertson,marc",2.0,"['smoak,hunter', 'jacobs,owen', 'whalen,mac', 'graham,lake', 'mccloud,lee']","['robertson,marc', 'frebis,ronnie', 'kastner,murray', 'berger,ryan', 'gilligan,tully']",1140.0,millsaps,2,0,0.0
9,9,905,Millsaps,Berry,1,70-84,"32,52","24,46",7-15,5-19,4-9,2-11,02/21/14,8:00 PM,,MILLSAPS HANGAR DOME,Win,2,False,267,False,--,,0.0,,2.0,"ASSIST  by KASTNER,MURRAY",,,"ASSIST  by KASTNER,MURRAY",1,assist,,millsaps,"kastner,murray",,"['smoak,hunter', 'jacobs,owen', 'whalen,mac', 'graham,lake', 'mccloud,lee']","['robertson,marc', 'frebis,ronnie', 'kastner,murray', 'berger,ryan', 'gilligan,tully']",,millsaps,2,0,0.0
10,10,905,Millsaps,Berry,1,70-84,"32,52","24,46",7-15,5-19,4-9,2-11,02/21/14,8:00 PM,,MILLSAPS HANGAR DOME,Win,2,False,267,False,18:33,"MISS LAYUP by JACOBS,OWEN",0.0,,2.0,,,,"MISS LAYUP by JACOBS,OWEN",1,layup,missed,berry,"jacobs,owen",,"['smoak,hunter', 'jacobs,owen', 'whalen,mac', 'graham,lake', 'mccloud,lee']","['robertson,marc', 'frebis,ronnie', 'kastner,murray', 'berger,ryan', 'gilligan,tully']",1113.0,millsaps,2,0,0.0
11,11,905,Millsaps,Berry,1,70-84,"32,52","24,46",7-15,5-19,4-9,2-11,02/21/14,8:00 PM,,MILLSAPS HANGAR DOME,Win,2,False,267,False,--,"REBOUND OFF by JACOBS,OWEN",0.0,,2.0,,,,"REBOUND OFF by JACOBS,OWEN",1,offensive rebound,,berry,"jacobs,owen",,"['smoak,hunter', 'jacobs,owen', 'whalen,mac', 'graham,lake', 'mccloud,lee']","['robertson,marc', 'frebis,ronnie', 'kastner,murray', 'berger,ryan', 'gilligan,tully']",,millsaps,2,0,0.0
12,12,905,Millsaps,Berry,1,70-84,"32,52","24,46",7-15,5-19,4-9,2-11,02/21/14,8:00 PM,,MILLSAPS HANGAR DOME,Win,2,False,267,False,18:27,"MISS LAYUP by JACOBS,OWEN",0.0,,2.0,,,,"MISS LAYUP by JACOBS,OWEN",1,layup,missed,berry,"jacobs,owen",,"['smoak,hunter', 'jacobs,owen', 'whalen,mac', 'graham,lake', 'mccloud,lee']","['robertson,marc', 'frebis,ronnie', 'kastner,murray', 'berger,ryan', 'gilligan,tully']",1107.0,millsaps,2,0,0.0
13,13,905,Millsaps,Berry,1,70-84,"32,52","24,46",7-15,5-19,4-9,2-11,02/21/14,8:00 PM,,MILLSAPS HANGAR DOME,Win,2,False,267,False,--,"REBOUND OFF by JACOBS,OWEN",0.0,,2.0,,,,"REBOUND OFF by JACOBS,OWEN",1,offensive rebound,,berry,"jacobs,owen",,"['smoak,hunter', 'jacobs,owen', 'whalen,mac', 'graham,lake', 'mccloud,lee']","['robertson,marc', 'frebis,ronnie', 'kastner,murray', 'berger,ryan', 'gilligan,tully']",,millsaps,2,0,0.0
14,14,905,Millsaps,Berry,1,70-84,"32,52","24,46",7-15,5-19,4-9,2-11,02/21/14,8:00 PM,,MILLSAPS HANGAR DOME,Win,2,False,267,False,18:24,"GOOD DUNK by GRAHAM,LAKE(in the paint)",2.0,,2.0,,BCM 2-2 (0),,"GOOD DUNK by GRAHAM,LAKE(in the paint)",1,dunk,good,berry,,2.0,"['smoak,hunter', 'jacobs,owen', 'whalen,mac', 'graham,lake', 'mccloud,lee']","['robertson,marc', 'frebis,ronnie', 'kastner,murray', 'berger,ryan', 'gilligan,tully']",1104.0,millsaps,2,0,0.0
15,15,905,Millsaps,Berry,1,70-84,"32,52","24,46",7-15,5-19,4-9,2-11,02/21/14,8:00 PM,,MILLSAPS HANGAR DOME,Win,2,False,267,False,--,"ASSIST  by JACOBS,OWEN",2.0,,2.0,,,,"ASSIST  by JACOBS,OWEN",1,assist,,berry,"jacobs,owen",,"['smoak,hunter', 'jacobs,owen', 'whalen,mac', 'graham,lake', 'mccloud,lee']","['robertson,marc', 'frebis,ronnie', 'kastner,murray', 'berger,ryan', 'gilligan,tully']",,millsaps,2,0,0.0
16,16,905,Millsaps,Berry,1,70-84,"32,52","24,46",7-15,5-19,4-9,2-11,02/21/14,8:00 PM,,MILLSAPS HANGAR DOME,Win,2,False,267,False,17:54,,2.0,,4.0,"GOOD LAYUP by FREBIS,RONNIE(in the paint)",MILLSAPS 2-4 (+2),,"GOOD LAYUP by FREBIS,RONNIE(in the paint)",1,layup,good,millsaps,"frebis,ronnie",2.0,"['smoak,hunter', 'jacobs,owen', 'whalen,mac', 'graham,lake', 'mccloud,lee']","['robertson,marc', 'frebis,ronnie', 'kastner,murray', 'berger,ryan', 'gilligan,tully']",1074.0,millsaps,2,0,0.0
17,17,905,Millsaps,Berry,1,70-84,"32,52","24,46",7-15,5-19,4-9,2-11,02/21/14,8:00 PM,,MILLSAPS HANGAR DOME,Win,2,False,267,False,--,,2.0,,4.0,"ASSIST  by GILLIGAN,TULLY",,,"ASSIST  by GILLIGAN,TULLY",1,assist,,millsaps,"gilligan,tully",,"['smoak,hunter', 'jacobs,owen', 'whalen,mac', 'graham,lake', 'mccloud,lee']","['robertson,marc', 'frebis,ronnie', 'kastner,murray', 'berger,ryan', 'gilligan,tully']",,millsaps,2,0,0.0
18,18,905,Millsaps,Berry,1,70-84,"32,52","24,46",7-15,5-19,4-9,2-11,02/21/14,8:00 PM,,MILLSAPS HANGAR DOME,Win,2,False,267,False,17:47,"TURNOVER  by GRAHAM,LAKE",2.0,,4.0,,,,"TURNOVER  by GRAHAM,LAKE",1,turnover,,berry,"graham,lake",,"['smoak,hunter', 'jacobs,owen', 'whalen,mac', 'graham,lake', 'mccloud,lee']","['robertson,marc', 'frebis,ronnie', 'kastner,murray', 'berger,ryan', 'gilligan,tully']",1067.0,millsaps,2,0,0.0
19,19,905,Millsaps,Berry,1,70-84,"32,52","24,46",7-15,5-19,4-9,2-11,02/21/14,8:00 PM,,MILLSAPS HANGAR DOME,Win,2,False,267,False,17:46,,2.0,,4.0,"STEAL  by BERGER,RYAN",,,"STEAL  by BERGER,RYAN",1,steal,,millsaps,,,"['smoak,hunter', 'jacobs,owen', 'whalen,mac', 'graham,lake', 'mccloud,lee']","['robertson,marc', 'frebis,ronnie', 'kastner,murray', 'berger,ryan', 'gilligan,tully']",1066.0,millsaps,2,0,0.0
20,20,905,Millsaps,Berry,1,70-84,"32,52","24,46",7-15,5-19,4-9,2-11,02/21/14,8:00 PM,,MILLSAPS HANGAR DOME,Win,2,False,267,False,17:44,,2.0,,6.0,"GOOD DUNK by GILLIGAN,TULLY(fastbreak)(in the paint)",MILLSAPS 2-6 (+4),,"GOOD DUNK by GILLIGAN,TULLY(fastbreak)(in the paint)",1,dunk,good,millsaps,,2.0,"['smoak,hunter', 'jacobs,owen', 'whalen,mac', 'graham,lake', 'mccloud,lee']","['robertson,marc', 'frebis,ronnie', 'kastner,murray', 'berger,ryan', 'gilligan,tully']",1064.0,millsaps,2,0,0.0
21,21,905,Millsaps,Berry,1,70-84,"32,52","24,46",7-15,5-19,4-9,2-11,02/21/14,8:00 PM,,MILLSAPS HANGAR DOME,Win,2,False,267,False,--,,2.0,,6.0,"ASSIST  by BERGER,RYAN",,,"ASSIST  by BERGER,RYAN",1,assist,,millsaps,"berger,ryan",,"['smoak,hunter', 'jacobs,owen', 'whalen,mac', 'graham,lake', 'mccloud,lee']","['robertson,marc', 'frebis,ronnie', 'kastner,murray', 'berger,ryan', 'gilligan,tully']",,millsaps,2,0,0.0
22,22,905,Millsaps,Berry,1,70-84,"32,52","24,46",7-15,5-19,4-9,2-11,02/21/14,8:00 PM,,MILLSAPS HANGAR DOME,Win,2,False,267,False,17:26,,2.0,,6.0,"FOUL  by GILLIGAN,TULLY",,,"FOUL  by GILLIGAN,TULLY",1,foul,,millsaps,"gilligan,tully",,"['smoak,hunter', 'jacobs,owen', 'whalen,mac', 'graham,lake', 'mccloud,lee']","['robertson,marc', 'frebis,ronnie', 'kastner,murray', 'berger,ryan', 'gilligan,tully']",1046.0,berry,3,0,0.0
23,23,905,Millsaps,Berry,1,70-84,"32,52","24,46",7-15,5-19,4-9,2-11,02/21/14,8:00 PM,,MILLSAPS HANGAR DOME,Win,2,False,267,False,17:16,"GOOD JUMPER by SMOAK,HUNTER(in the paint)",4.0,,6.0,,BCM 4-6 (+2),,"GOOD JUMPER by SMOAK,HUNTER(in the paint)",1,jumper,good,berry,"smoak,hunter",2.0,"['smoak,hunter', 'jacobs,owen', 'whalen,mac', 'graham,lake', 'mccloud,lee']","['robertson,marc', 'frebis,ronnie', 'kastner,murray', 'berger,ryan', 'gilligan,tully']",1036.0,berry,3,0,0.0
24,24,905,Millsaps,Berry,1,70-84,"32,52","24,46",7-15,5-19,4-9,2-11,02/21/14,8:00 PM,,MILLSAPS HANGAR DOME,Win,2,False,267,False,17:05,,4.0,,6.0,"MISS 3PTR by BERGER,RYAN",,,"MISS 3PTR by BERGER,RYAN",1,three pointer,missed,millsaps,"berger,ryan",,"['smoak,hunter', 'jacobs,owen', 'whalen,mac', 'graham,lake', 'mccloud,lee']","['robertson,marc', 'frebis,ronnie', 'kastner,murray', 'berger,ryan', 'gilligan,tully']",1025.0,berry,3,0,0.0
25,25,905,Millsaps,Berry,1,70-84,"32,52","24,46",7-15,5-19,4-9,2-11,02/21/14,8:00 PM,,MILLSAPS HANGAR DOME,Win,2,False,267,False,--,"REBOUND DEF by GRAHAM,LAKE",4.0,,6.0,,,,"REBOUND DEF by GRAHAM,LAKE",1,defensive rebound,,berry,"graham,lake",,"['smoak,hunter', 'jacobs,owen', 'whalen,mac', 'graham,lake', 'mccloud,lee']","['robertson,marc', 'frebis,ronnie', 'kastner,murray', 'berger,ryan', 'gilligan,tully']",,berry,3,0,0.0
26,26,905,Millsaps,Berry,1,70-84,"32,52","24,46",7-15,5-19,4-9,2-11,02/21/14,8:00 PM,,MILLSAPS HANGAR DOME,Win,2,False,267,False,16:40,"MISS 3PTR by MCCLOUD,LEE",4.0,,6.0,,,,"MISS 3PTR by MCCLOUD,LEE",1,three pointer,missed,berry,"mccloud,lee",,"['smoak,hunter', 'jacobs,owen', 'whalen,mac', 'graham,lake', 'mccloud,lee']","['robertson,marc', 'frebis,ronnie', 'kastner,murray', 'berger,ryan', 'gilligan,tully']",1000.0,berry,3,0,0.0
27,27,905,Millsaps,Berry,1,70-84,"32,52","24,46",7-15,5-19,4-9,2-11,02/21/14,8:00 PM,,MILLSAPS HANGAR DOME,Win,2,False,267,False,--,,4.0,,6.0,"REBOUND DEF by KASTNER,MURRAY",,,"REBOUND DEF by KASTNER,MURRAY",1,defensive rebound,,millsaps,"kastner,murray",,"['smoak,hunter', 'jacobs,owen', 'whalen,mac', 'graham,lake', 'mccloud,lee']","['robertson,marc', 'frebis,ronnie', 'kastner,murray', 'berger,ryan', 'gilligan,tully']",,berry,3,0,0.0
28,28,905,Millsaps,Berry,1,70-84,"32,52","24,46",7-15,5-19,4-9,2-11,02/21/14,8:00 PM,,MILLSAPS HANGAR DOME,Win,2,False,267,False,16:26,,4.0,,8.0,"GOOD LAYUP by ROBERTSON,MARC(in the paint)",MILLSAPS 4-8 (+4),,"GOOD LAYUP by ROBERTSON,MARC(in the paint)",1,layup,good,millsaps,"robertson,marc",2.0,"['smoak,hunter', 'jacobs,owen', 'whalen,mac', 'graham,lake', 'mccloud,lee']","['robertson,marc', 'frebis,ronnie', 'kastner,murray', 'berger,ryan', 'gilligan,tully']",986.0,millsaps,4,0,0.0
29,29,905,Millsaps,Berry,1,70-84,"32,52","24,46",7-15,5-19,4-9,2-11,02/21/14,8:00 PM,,MILLSAPS HANGAR DOME,Win,2,False,267,False,--,,4.0,,8.0,"ASSIST  by KASTNER,MURRAY",,,"ASSIST  by KASTNER,MURRAY",1,assist,,millsaps,"kastner,murray",,"['smoak,hunter', 'jacobs,owen', 'whalen,mac', 'graham,lake', 'mccloud,lee']","['robertson,marc', 'frebis,ronnie', 'kastner,murray', 'berger,ryan', 'gilligan,tully']",,millsaps,4,0,0.0
30,30,905,Millsaps,Berry,1,70-84,"32,52","24,46",7-15,5-19,4-9,2-11,02/21/14,8:00 PM,,MILLSAPS HANGAR DOME,Win,2,False,267,False,16:03,"GOOD JUMPER by SMOAK,HUNTER",6.0,,8.0,,BCM 6-8 (+2),,"GOOD JUMPER by SMOAK,HUNTER",1,jumper,good,berry,"smoak,hunter",2.0,"['smoak,hunter', 'jacobs,owen', 'whalen,mac', 'graham,lake', 'mccloud,lee']","['robertson,marc', 'frebis,ronnie', 'kastner,murray', 'berger,ryan', 'gilligan,tully']",963.0,millsaps,4,0,0.0
31,31,905,Millsaps,Berry,1,70-84,"32,52","24,46",7-15,5-19,4-9,2-11,02/21/14,8:00 PM,,MILLSAPS HANGAR DOME,Win,2,False,267,False,15:34,,6.0,,8.0,"MISS 3PTR by ROBERTSON,MARC",,,"MISS 3PTR by ROBERTSON,MARC",1,three pointer,missed,millsaps,"robertson,marc",,"['smoak,hunter', 'jacobs,owen', 'whalen,mac', 'graham,lake', 'mccloud,lee']","['robertson,marc', 'frebis,ronnie', 'kastner,murray', 'berger,ryan', 'gilligan,tully']",934.0,millsaps,4,0,0.0
32,32,905,Millsaps,Berry,1,70-84,"32,52","24,46",7-15,5-19,4-9,2-11,02/21/14,8:00 PM,,MILLSAPS HANGAR DOME,Win,2,False,267,False,--,"REBOUND DEF by GRAHAM,LAKE",6.0,,8.0,,,,"REBOUND DEF by GRAHAM,LAKE",1,defensive rebound,,berry,"graham,lake",,"['smoak,hunter', 'jacobs,owen', 'whalen,mac', 'graham,lake', 'mccloud,lee']","['robertson,marc', 'frebis,ronnie', 'kastner,murray', 'berger,ryan', 'gilligan,tully']",,millsaps,4,0,0.0
33,33,905,Millsaps,Berry,1,70-84,"32,52","24,46",7-15,5-19,4-9,2-11,02/21/14,8:00 PM,,MILLSAPS HANGAR DOME,Win,2,False,267,False,15:12,"TURNOVER  by GRAHAM,LAKE",6.0,,8.0,,,,"TURNOVER  by GRAHAM,LAKE",1,turnover,,berry,"graham,lake",,"['smoak,hunter', 'jacobs,owen', 'whalen,mac', 'graham,lake', 'mccloud,lee']","['robertson,marc', 'frebis,ronnie', 'kastner,murray', 'berger,ryan', 'gilligan,tully']",912.0,berry,5,0,0.0
34,34,905,Millsaps,Berry,1,70-84,"32,52","24,46",7-15,5-19,4-9,2-11,02/21/14,8:00 PM,,MILLSAPS HANGAR DOME,Win,2,False,267,False,15:10,,6.0,,8.0,"STEAL  by FREBIS,RONNIE",,,"STEAL  by FREBIS,RONNIE",1,steal,,millsaps,,,"['smoak,hunter', 'jacobs,owen', 'whalen,mac', 'graham,lake', 'mccloud,lee']","['robertson,marc', 'frebis,ronnie', 'kastner,murray', 'berger,ryan', 'gilligan,tully']",910.0,berry,5,0,0.0
35,35,905,Millsaps,Berry,1,70-84,"32,52","24,46",7-15,5-19,4-9,2-11,02/21/14,8:00 PM,,MILLSAPS HANGAR DOME,Win,2,False,267,False,14:52,,6.0,,8.0,"MISS LAYUP by BERGER,RYAN",,,"MISS LAYUP by BERGER,RYAN",1,layup,missed,millsaps,"berger,ryan",,"['smoak,hunter', 'jacobs,owen', 'whalen,mac', 'graham,lake', 'mccloud,lee']","['robertson,marc', 'frebis,ronnie', 'kastner,murray', 'berger,ryan', 'gilligan,tully']",892.0,millsaps,6,0,0.0
36,36,905,Millsaps,Berry,1,70-84,"32,52","24,46",7-15,5-19,4-9,2-11,02/21/14,8:00 PM,,MILLSAPS HANGAR DOME,Win,2,False,267,False,--,"REBOUND DEF by JACOBS,OWEN",6.0,,8.0,,,,"REBOUND DEF by JACOBS,OWEN",1,defensive rebound,,berry,"jacobs,owen",,"['smoak,hunter', 'jacobs,owen', 'whalen,mac', 'graham,lake', 'mccloud,lee']","['robertson,marc', 'frebis,ronnie', 'kastner,murray', 'berger,ryan', 'gilligan,tully']",,millsaps,6,0,0.0
37,37,905,Millsaps,Berry,1,70-84,"32,52","24,46",7-15,5-19,4-9,2-11,02/21/14,8:00 PM,,MILLSAPS HANGAR DOME,Win,2,False,267,False,14:46,"MISS LAYUP by WHALEN,MAC",6.0,,8.0,,,,"MISS LAYUP by WHALEN,MAC",1,layup,missed,berry,"whalen,mac",,"['smoak,hunter', 'jacobs,owen', 'whalen,mac', 'graham,lake', 'mccloud,lee']","['robertson,marc', 'frebis,ronnie', 'kastner,murray', 'berger,ryan', 'gilligan,tully']",886.0,berry,7,0,0.0
38,38,905,Millsaps,Berry,1,70-84,"32,52","24,46",7-15,5-19,4-9,2-11,02/21/14,8:00 PM,,MILLSAPS HANGAR DOME,Win,2,False,267,False,14:46,,6.0,,8.0,"BLOCK  by GILLIGAN,TULLY",,,"BLOCK  by GILLIGAN,TULLY",1,block,,millsaps,"gilligan,tully",,"['smoak,hunter', 'jacobs,owen', 'whalen,mac', 'graham,lake', 'mccloud,lee']","['robertson,marc', 'frebis,ronnie', 'kastner,murray', 'berger,ryan', 'gilligan,tully']",886.0,berry,7,0,0.0
39,39,905,Millsaps,Berry,1,70-84,"32,52","24,46",7-15,5-19,4-9,2-11,02/21/14,8:00 PM,,MILLSAPS HANGAR DOME,Win,2,False,267,False,--,,6.0,,8.0,"REBOUND DEF by BERGER,RYAN",,,"REBOUND DEF by BERGER,RYAN",1,defensive rebound,,millsaps,"berger,ryan",,"['smoak,hunter', 'jacobs,owen', 'whalen,mac', 'graham,lake', 'mccloud,lee']","['robertson,marc', 'frebis,ronnie', 'kastner,murray', 'berger,ryan', 'gilligan,tully']",,berry,7,0,0.0
40,40,905,Millsaps,Berry,1,70-84,"32,52","24,46",7-15,5-19,4-9,2-11,02/21/14,8:00 PM,,MILLSAPS HANGAR DOME,Win,2,False,267,False,14:38,"FOUL  by SMOAK,HUNTER",6.0,,8.0,,,,"FOUL  by SMOAK,HUNTER",1,foul,,berry,"smoak,hunter",,"['smoak,hunter', 'jacobs,owen', 'whalen,mac', 'graham,lake', 'mccloud,lee']","['robertson,marc', 'frebis,ronnie', 'kastner,murray', 'berger,ryan', 'gilligan,tully']",878.0,millsaps,8,0,0.0
41,41,905,Millsaps,Berry,1,70-84,"32,52","24,46",7-15,5-19,4-9,2-11,02/21/14,8:00 PM,,MILLSAPS HANGAR DOME,Win,2,False,267,False,14:38,,6.0,,8.0,"SUB IN by GERCHOW,ALEX",,,"SUB IN by GERCHOW,ALEX",1,subbing in,,millsaps,"gerchow,alex",,"['smoak,hunter', 'jacobs,owen', 'whalen,mac', 'graham,lake', 'mccloud,lee']","['robertson,marc', 'frebis,ronnie', 'kastner,murray', 'berger,ryan', 'gilligan,tully', 'gerchow,alex']",878.0,millsaps,8,0,0.0
42,42,905,Millsaps,Berry,1,70-84,"32,52","24,46",7-15,5-19,4-9,2-11,02/21/14,8:00 PM,,MILLSAPS HANGAR DOME,Win,2,False,267,False,14:38,,6.0,,8.0,"SUB IN by MCELVEEN,MAC",,,"SUB IN by MCELVEEN,MAC",1,subbing in,,millsaps,"mcelveen,mac",,"['smoak,hunter', 'jacobs,owen', 'whalen,mac', 'graham,lake', 'mccloud,lee']","['robertson,marc', 'frebis,ronnie', 'kastner,murray', 'berger,ryan', 'gilligan,tully', 'gerchow,alex', 'mcelveen,mac']",878.0,millsaps,8,0,0.0
43,43,905,Millsaps,Berry,1,70-84,"32,52","24,46",7-15,5-19,4-9,2-11,02/21/14,8:00 PM,,MILLSAPS HANGAR DOME,Win,2,False,267,False,14:38,,6.0,,8.0,"SUB IN by GAGEN,BRENNAN",,,"SUB IN by GAGEN,BRENNAN",1,subbing in,,millsaps,"gagen,brennan",,"['smoak,hunter', 'jacobs,owen', 'whalen,mac', 'graham,lake', 'mccloud,lee']","['robertson,marc', 'frebis,ronnie', 'kastner,murray', 'berger,ryan', 'gilligan,tully', 'gerchow,alex', 'mcelveen,mac', 'gagen,brennan']",878.0,millsaps,8,0,0.0
44,44,905,Millsaps,Berry,1,70-84,"32,52","24,46",7-15,5-19,4-9,2-11,02/21/14,8:00 PM,,MILLSAPS HANGAR DOME,Win,2,False,267,False,14:38,,6.0,,8.0,"SUB IN by AUBERT,DUSTIN",,,"SUB IN by AUBERT,DUSTIN",1,subbing in,,millsaps,"aubert,dustin",,"['smoak,hunter', 'jacobs,owen', 'whalen,mac', 'graham,lake', 'mccloud,lee']","['robertson,marc', 'frebis,ronnie', 'kastner,murray', 'berger,ryan', 'gilligan,tully', 'gerchow,alex', 'mcelveen,mac', 'gagen,brennan', 'aubert,dustin']",878.0,millsaps,8,0,0.0
45,45,905,Millsaps,Berry,1,70-84,"32,52","24,46",7-15,5-19,4-9,2-11,02/21/14,8:00 PM,,MILLSAPS HANGAR DOME,Win,2,False,267,False,14:38,,6.0,,8.0,"SUB OUT by FREBIS,RONNIE",,,"SUB OUT by FREBIS,RONNIE",1,subbing out,,millsaps,"frebis,ronnie",,"['smoak,hunter', 'jacobs,owen', 'whalen,mac', 'graham,lake', 'mccloud,lee']","['robertson,marc', 'kastner,murray', 'berger,ryan', 'gilligan,tully', 'gerchow,alex', 'mcelveen,mac', 'gagen,brennan', 'aubert,dustin']",878.0,millsaps,8,0,0.0
46,46,905,Millsaps,Berry,1,70-84,"32,52","24,46",7-15,5-19,4-9,2-11,02/21/14,8:00 PM,,MILLSAPS HANGAR DOME,Win,2,False,267,False,14:38,,6.0,,8.0,"SUB OUT by BERGER,RYAN",,,"SUB OUT by BERGER,RYAN",1,subbing out,,millsaps,"berger,ryan",,"['smoak,hunter', 'jacobs,owen', 'whalen,mac', 'graham,lake', 'mccloud,lee']","['robertson,marc', 'kastner,murray', 'gilligan,tully', 'gerchow,alex', 'mcelveen,mac', 'gagen,brennan', 'aubert,dustin']",878.0,millsaps,8,0,0.0
47,47,905,Millsaps,Berry,1,70-84,"32,52","24,46",7-15,5-19,4-9,2-11,02/21/14,8:00 PM,,MILLSAPS HANGAR DOME,Win,2,False,267,False,14:38,,6.0,,8.0,"SUB OUT by ROBERTSON,MARC",,,"SUB OUT by ROBERTSON,MARC",1,subbing out,,millsaps,"robertson,marc",,"['smoak,hunter', 'jacobs,owen', 'whalen,mac', 'graham,lake', 'mccloud,lee']","['kastner,murray', 'gilligan,tully', 'gerchow,alex', 'mcelveen,mac', 'gagen,brennan', 'aubert,dustin']",878.0,millsaps,8,0,0.0
48,48,905,Millsaps,Berry,1,70-84,"32,52","24,46",7-15,5-19,4-9,2-11,02/21/14,8:00 PM,,MILLSAPS HANGAR DOME,Win,2,False,267,False,14:38,,6.0,,8.0,"SUB OUT by KASTNER,MURRAY",,,"SUB OUT by KASTNER,MURRAY",1,subbing out,,millsaps,"kastner,murray",,"['smoak,hunter', 'jacobs,owen', 'whalen,mac', 'graham,lake', 'mccloud,lee']","['gilligan,tully', 'gerchow,alex', 'mcelveen,mac', 'gagen,brennan', 'aubert,dustin']",878.0,millsaps,8,0,0.0
49,49,905,Millsaps,Berry,1,70-84,"32,52","24,46",7-15,5-19,4-9,2-11,02/21/14,8:00 PM,,MILLSAPS HANGAR DOME,Win,2,False,267,False,14:18,,6.0,,8.0,"MISS 3PTR by MCELVEEN,MAC",,,"MISS 3PTR by MCELVEEN,MAC",1,three pointer,missed,millsaps,"mcelveen,mac",,"['smoak,hunter', 'jacobs,owen', 'whalen,mac', 'graham,lake', 'mccloud,lee']","['gilligan,tully', 'gerchow,alex', 'mcelveen,mac', 'gagen,brennan', 'aubert,dustin']",858.0,millsaps,8,0,0.0
50,50,905,Millsaps,Berry,1,70-84,"32,52","24,46",7-15,5-19,4-9,2-11,02/21/14,8:00 PM,,MILLSAPS HANGAR DOME,Win,2,False,267,False,--,"REBOUND DEF by WHALEN,MAC",6.0,,8.0,,,,"REBOUND DEF by WHALEN,MAC",1,defensive rebound,,berry,"whalen,mac",,"['smoak,hunter', 'jacobs,owen', 'whalen,mac', 'graham,lake', 'mccloud,lee']","['gilligan,tully', 'gerchow,alex', 'mcelveen,mac', 'gagen,brennan', 'aubert,dustin']",,millsaps,8,0,0.0
51,51,905,Millsaps,Berry,1,70-84,"32,52","24,46",7-15,5-19,4-9,2-11,02/21/14,8:00 PM,,MILLSAPS HANGAR DOME,Win,2,False,267,False,14:11,"GOOD LAYUP by JACOBS,OWEN(in the paint)",8.0,,8.0,,BCM 8-8 (0),,"GOOD LAYUP by JACOBS,OWEN(in the paint)",1,layup,good,berry,"jacobs,owen",2.0,"['smoak,hunter', 'jacobs,owen', 'whalen,mac', 'graham,lake', 'mccloud,lee']","['gilligan,tully', 'gerchow,alex', 'mcelveen,mac', 'gagen,brennan', 'aubert,dustin']",851.0,berry,9,0,0.0
52,52,905,Millsaps,Berry,1,70-84,"32,52","24,46",7-15,5-19,4-9,2-11,02/21/14,8:00 PM,,MILLSAPS HANGAR DOME,Win,2,False,267,False,--,"ASSIST  by SMOAK,HUNTER",8.0,,8.0,,,,"ASSIST  by SMOAK,HUNTER",1,assist,,berry,"smoak,hunter",,"['smoak,hunter', 'jacobs,owen', 'whalen,mac', 'graham,lake', 'mccloud,lee']","['gilligan,tully', 'gerchow,alex', 'mcelveen,mac', 'gagen,brennan', 'aubert,dustin']",,berry,9,0,0.0
53,53,905,Millsaps,Berry,1,70-84,"32,52","24,46",7-15,5-19,4-9,2-11,02/21/14,8:00 PM,,MILLSAPS HANGAR DOME,Win,2,False,267,False,14:09,,8.0,,8.0,TIMEOUT 30SEC by TEAM,,,TIMEOUT 30SEC by TEAM,1,timeout,,millsaps,,,"['smoak,hunter', 'jacobs,owen', 'whalen,mac', 'graham,lake', 'mccloud,lee']","['gilligan,tully', 'gerchow,alex', 'mcelveen,mac', 'gagen,brennan', 'aubert,dustin']",849.0,berry,9,0,0.0
54,54,905,Millsaps,Berry,1,70-84,"32,52","24,46",7-15,5-19,4-9,2-11,02/21/14,8:00 PM,,MILLSAPS HANGAR DOME,Win,2,False,267,False,13:58,,8.0,,8.0,"FOUL  by GERCHOW,ALEX",,,"FOUL  by GERCHOW,ALEX",1,foul,,millsaps,"gerchow,alex",,"['smoak,hunter', 'jacobs,owen', 'whalen,mac', 'graham,lake', 'mccloud,lee']","['gilligan,tully', 'gerchow,alex', 'mcelveen,mac', 'gagen,brennan', 'aubert,dustin']",838.0,berry,9,0,0.0
55,55,905,Millsaps,Berry,1,70-84,"32,52","24,46",7-15,5-19,4-9,2-11,02/21/14,8:00 PM,,MILLSAPS HANGAR DOME,Win,2,False,267,False,13:45,"TURNOVER  by WHALEN,MAC",8.0,,8.0,,,,"TURNOVER  by WHALEN,MAC",1,turnover,,berry,"whalen,mac",,"['smoak,hunter', 'jacobs,owen', 'whalen,mac', 'graham,lake', 'mccloud,lee']","['gilligan,tully', 'gerchow,alex', 'mcelveen,mac', 'gagen,brennan', 'aubert,dustin']",825.0,berry,9,0,0.0
56,56,905,Millsaps,Berry,1,70-84,"32,52","24,46",7-15,5-19,4-9,2-11,02/21/14,8:00 PM,,MILLSAPS HANGAR DOME,Win,2,False,267,False,13:44,,8.0,,8.0,"STEAL  by AUBERT,DUSTIN",,,"STEAL  by AUBERT,DUSTIN",1,steal,,millsaps,,,"['smoak,hunter', 'jacobs,owen', 'whalen,mac', 'graham,lake', 'mccloud,lee']","['gilligan,tully', 'gerchow,alex', 'mcelveen,mac', 'gagen,brennan', 'aubert,dustin']",824.0,berry,9,0,0.0
57,57,905,Millsaps,Berry,1,70-84,"32,52","24,46",7-15,5-19,4-9,2-11,02/21/14,8:00 PM,,MILLSAPS HANGAR DOME,Win,2,False,267,False,13:41,,8.0,,8.0,"MISS LAYUP by MCELVEEN,MAC",,,"MISS LAYUP by MCELVEEN,MAC",1,layup,missed,millsaps,"mcelveen,mac",,"['smoak,hunter', 'jacobs,owen', 'whalen,mac', 'graham,lake', 'mccloud,lee']","['gilligan,tully', 'gerchow,alex', 'mcelveen,mac', 'gagen,brennan', 'aubert,dustin']",821.0,millsaps,10,0,0.0
58,58,905,Millsaps,Berry,1,70-84,"32,52","24,46",7-15,5-19,4-9,2-11,02/21/14,8:00 PM,,MILLSAPS HANGAR DOME,Win,2,False,267,False,--,,8.0,,8.0,"REBOUND OFF by GAGEN,BRENNAN",,,"REBOUND OFF by GAGEN,BRENNAN",1,offensive rebound,,millsaps,"gagen,brennan",,"['smoak,hunter', 'jacobs,owen', 'whalen,mac', 'graham,lake', 'mccloud,lee']","['gilligan,tully', 'gerchow,alex', 'mcelveen,mac', 'gagen,brennan', 'aubert,dustin']",,millsaps,10,0,0.0
59,59,905,Millsaps,Berry,1,70-84,"32,52","24,46",7-15,5-19,4-9,2-11,02/21/14,8:00 PM,,MILLSAPS HANGAR DOME,Win,2,False,267,False,13:38,,8.0,,8.0,"TURNOVER  by GAGEN,BRENNAN",,,"TURNOVER  by GAGEN,BRENNAN",1,turnover,,millsaps,"gagen,brennan",,"['smoak,hunter', 'jacobs,owen', 'whalen,mac', 'graham,lake', 'mccloud,lee']","['gilligan,tully', 'gerchow,alex', 'mcelveen,mac', 'gagen,brennan', 'aubert,dustin']",818.0,millsaps,10,0,0.0
60,60,905,Millsaps,Berry,1,70-84,"32,52","24,46",7-15,5-19,4-9,2-11,02/21/14,8:00 PM,,MILLSAPS HANGAR DOME,Win,2,False,267,False,13:10,"MISS JUMPER by SMOAK,HUNTER",8.0,,8.0,,,,"MISS JUMPER by SMOAK,HUNTER",1,jumper,missed,berry,"smoak,hunter",,"['smoak,hunter', 'jacobs,owen', 'whalen,mac', 'graham,lake', 'mccloud,lee']","['gilligan,tully', 'gerchow,alex', 'mcelveen,mac', 'gagen,brennan', 'aubert,dustin']",790.0,berry,11,0,0.0
61,61,905,Millsaps,Berry,1,70-84,"32,52","24,46",7-15,5-19,4-9,2-11,02/21/14,8:00 PM,,MILLSAPS HANGAR DOME,Win,2,False,267,False,--,,8.0,,8.0,"REBOUND DEF by MCELVEEN,MAC",,,"REBOUND DEF by MCELVEEN,MAC",1,defensive rebound,,millsaps,"mcelveen,mac",,"['smoak,hunter', 'jacobs,owen', 'whalen,mac', 'graham,lake', 'mccloud,lee']","['gilligan,tully', 'gerchow,alex', 'mcelveen,mac', 'gagen,brennan', 'aubert,dustin']",,berry,11,0,0.0
62,62,905,Millsaps,Berry,1,70-84,"32,52","24,46",7-15,5-19,4-9,2-11,02/21/14,8:00 PM,,MILLSAPS HANGAR DOME,Win,2,False,267,False,13:04,"FOUL  by SMOAK,HUNTER",8.0,,8.0,,,,"FOUL  by SMOAK,HUNTER",1,foul,,berry,"smoak,hunter",,"['smoak,hunter', 'jacobs,owen', 'whalen,mac', 'graham,lake', 'mccloud,lee']","['gilligan,tully', 'gerchow,alex', 'mcelveen,mac', 'gagen,brennan', 'aubert,dustin']",784.0,millsaps,12,0,0.0
63,63,905,Millsaps,Berry,1,70-84,"32,52","24,46",7-15,5-19,4-9,2-11,02/21/14,8:00 PM,,MILLSAPS HANGAR DOME,Win,2,False,267,False,13:04,,8.0,,9.0,"GOOD FT by GILLIGAN,TULLY",MILLSAPS 8-9 (+1),,"GOOD FT by GILLIGAN,TULLY",1,free throw,good,millsaps,"gilligan,tully",1.0,"['smoak,hunter', 'jacobs,owen', 'whalen,mac', 'graham,lake', 'mccloud,lee']","['gilligan,tully', 'gerchow,alex', 'mcelveen,mac', 'gagen,brennan', 'aubert,dustin']",784.0,millsaps,12,0,0.0
64,64,905,Millsaps,Berry,1,70-84,"32,52","24,46",7-15,5-19,4-9,2-11,02/21/14,8:00 PM,,MILLSAPS HANGAR DOME,Win,2,False,267,False,13:04,,8.0,,9.0,"MISS FT by GILLIGAN,TULLY",,,"MISS FT by GILLIGAN,TULLY",1,free throw,missed,millsaps,"gilligan,tully",,"['smoak,hunter', 'jacobs,owen', 'whalen,mac', 'graham,lake', 'mccloud,lee']","['gilligan,tully', 'gerchow,alex', 'mcelveen,mac', 'gagen,brennan', 'aubert,dustin']",784.0,millsaps,12,0,0.0
65,65,905,Millsaps,Berry,1,70-84,"32,52","24,46",7-15,5-19,4-9,2-11,02/21/14,8:00 PM,,MILLSAPS HANGAR DOME,Win,2,False,267,False,--,"REBOUND DEF by JACOBS,OWEN",8.0,,9.0,,,,"REBOUND DEF by JACOBS,OWEN",1,defensive rebound,,berry,"jacobs,owen",,"['smoak,hunter', 'jacobs,owen', 'whalen,mac', 'graham,lake', 'mccloud,lee']","['gilligan,tully', 'gerchow,alex', 'mcelveen,mac', 'gagen,brennan', 'aubert,dustin']",,millsaps,12,0,0.0
66,66,905,Millsaps,Berry,1,70-84,"32,52","24,46",7-15,5-19,4-9,2-11,02/21/14,8:00 PM,,MILLSAPS HANGAR DOME,Win,2,False,267,False,12:56,,8.0,,9.0,"FOUL  by AUBERT,DUSTIN",,,"FOUL  by AUBERT,DUSTIN",1,foul,,millsaps,"aubert,dustin",,"['smoak,hunter', 'jacobs,owen', 'whalen,mac', 'graham,lake', 'mccloud,lee']","['gilligan,tully', 'gerchow,alex', 'mcelveen,mac', 'gagen,brennan', 'aubert,dustin']",776.0,berry,13,0,0.0
67,67,905,Millsaps,Berry,1,70-84,"32,52","24,46",7-15,5-19,4-9,2-11,02/21/14,8:00 PM,,MILLSAPS HANGAR DOME,Win,2,False,267,False,12:56,"SUB IN by COTTER,DOUGLAS",8.0,,9.0,,,,"SUB IN by COTTER,DOUGLAS",1,subbing in,,berry,"cotter,douglas",,"['smoak,hunter', 'jacobs,owen', 'whalen,mac', 'graham,lake', 'mccloud,lee', 'cotter,douglas']","['gilligan,tully', 'gerchow,alex', 'mcelveen,mac', 'gagen,brennan', 'aubert,dustin']",776.0,berry,13,0,0.0
68,68,905,Millsaps,Berry,1,70-84,"32,52","24,46",7-15,5-19,4-9,2-11,02/21/14,8:00 PM,,MILLSAPS HANGAR DOME,Win,2,False,267,False,12:56,"SUB OUT by SMOAK,HUNTER",8.0,,9.0,,,,"SUB OUT by SMOAK,HUNTER",1,subbing out,,berry,"smoak,hunter",,"['jacobs,owen', 'whalen,mac', 'graham,lake', 'mccloud,lee', 'cotter,douglas']","['gilligan,tully', 'gerchow,alex', 'mcelveen,mac', 'gagen,brennan', 'aubert,dustin']",776.0,berry,13,0,0.0
69,69,905,Millsaps,Berry,1,70-84,"32,52","24,46",7-15,5-19,4-9,2-11,02/21/14,8:00 PM,,MILLSAPS HANGAR DOME,Win,2,False,267,False,12:56,,8.0,,9.0,"SUB IN by BERGER,RYAN",,,"SUB IN by BERGER,RYAN",1,subbing in,,millsaps,"berger,ryan",,"['jacobs,owen', 'whalen,mac', 'graham,lake', 'mccloud,lee', 'cotter,douglas']","['gilligan,tully', 'gerchow,alex', 'mcelveen,mac', 'gagen,brennan', 'aubert,dustin', 'berger,ryan']",776.0,berry,13,0,0.0
70,70,905,Millsaps,Berry,1,70-84,"32,52","24,46",7-15,5-19,4-9,2-11,02/21/14,8:00 PM,,MILLSAPS HANGAR DOME,Win,2,False,267,False,12:56,,8.0,,9.0,"SUB OUT by GILLIGAN,TULLY",,,"SUB OUT by GILLIGAN,TULLY",1,subbing out,,millsaps,"gilligan,tully",,"['jacobs,owen', 'whalen,mac', 'graham,lake', 'mccloud,lee', 'cotter,douglas']","['gerchow,alex', 'mcelveen,mac', 'gagen,brennan', 'aubert,dustin', 'berger,ryan']",776.0,berry,13,0,0.0
71,71,905,Millsaps,Berry,1,70-84,"32,52","24,46",7-15,5-19,4-9,2-11,02/21/14,8:00 PM,,MILLSAPS HANGAR DOME,Win,2,False,267,False,12:47,"MISS 3PTR by WHALEN,MAC",8.0,,9.0,,,,"MISS 3PTR by WHALEN,MAC",1,three pointer,missed,berry,"whalen,mac",,"['jacobs,owen', 'whalen,mac', 'graham,lake', 'mccloud,lee', 'cotter,douglas']","['gerchow,alex', 'mcelveen,mac', 'gagen,brennan', 'aubert,dustin', 'berger,ryan']",767.0,berry,13,0,0.0
72,72,905,Millsaps,Berry,1,70-84,"32,52","24,46",7-15,5-19,4-9,2-11,02/21/14,8:00 PM,,MILLSAPS HANGAR DOME,Win,2,False,267,False,--,,8.0,,9.0,"REBOUND DEF by GERCHOW,ALEX",,,"REBOUND DEF by GERCHOW,ALEX",1,defensive rebound,,millsaps,"gerchow,alex",,"['jacobs,owen', 'whalen,mac', 'graham,lake', 'mccloud,lee', 'cotter,douglas']","['gerchow,alex', 'mcelveen,mac', 'gagen,brennan', 'aubert,dustin', 'berger,ryan']",,berry,13,0,0.0
73,73,905,Millsaps,Berry,1,70-84,"32,52","24,46",7-15,5-19,4-9,2-11,02/21/14,8:00 PM,,MILLSAPS HANGAR DOME,Win,2,False,267,False,12:23,"FOUL  by MCCLOUD,LEE",8.0,,9.0,,,,"FOUL  by MCCLOUD,LEE",1,foul,,berry,"mccloud,lee",,"['jacobs,owen', 'whalen,mac', 'graham,lake', 'mccloud,lee', 'cotter,douglas']","['gerchow,alex', 'mcelveen,mac', 'gagen,brennan', 'aubert,dustin', 'berger,ryan']",743.0,millsaps,14,0,0.0
74,74,905,Millsaps,Berry,1,70-84,"32,52","24,46",7-15,5-19,4-9,2-11,02/21/14,8:00 PM,,MILLSAPS HANGAR DOME,Win,2,False,267,False,12:23,,8.0,,9.0,"SUB IN by KASTNER,MURRAY",,,"SUB IN by KASTNER,MURRAY",1,subbing in,,millsaps,"kastner,murray",,"['jacobs,owen', 'whalen,mac', 'graham,lake', 'mccloud,lee', 'cotter,douglas']","['gerchow,alex', 'mcelveen,mac', 'gagen,brennan', 'aubert,dustin', 'berger,ryan', 'kastner,murray']",743.0,millsaps,14,0,0.0
75,75,905,Millsaps,Berry,1,70-84,"32,52","24,46",7-15,5-19,4-9,2-11,02/21/14,8:00 PM,,MILLSAPS HANGAR DOME,Win,2,False,267,False,12:23,,8.0,,9.0,"SUB OUT by GAGEN,BRENNAN",,,"SUB OUT by GAGEN,BRENNAN",1,subbing out,,millsaps,"gagen,brennan",,"['jacobs,owen', 'whalen,mac', 'graham,lake', 'mccloud,lee', 'cotter,douglas']","['gerchow,alex', 'mcelveen,mac', 'aubert,dustin', 'berger,ryan', 'kastner,murray']",743.0,millsaps,14,0,0.0
76,76,905,Millsaps,Berry,1,70-84,"32,52","24,46",7-15,5-19,4-9,2-11,02/21/14,8:00 PM,,MILLSAPS HANGAR DOME,Win,2,False,267,False,12:04,,8.0,,9.0,"TURNOVER  by MCELVEEN,MAC",,,"TURNOVER  by MCELVEEN,MAC",1,turnover,,millsaps,"mcelveen,mac",,"['jacobs,owen', 'whalen,mac', 'graham,lake', 'mccloud,lee', 'cotter,douglas']","['gerchow,alex', 'mcelveen,mac', 'aubert,dustin', 'berger,ryan', 'kastner,murray']",724.0,millsaps,14,0,0.0
77,77,905,Millsaps,Berry,1,70-84,"32,52","24,46",7-15,5-19,4-9,2-11,02/21/14,8:00 PM,,MILLSAPS HANGAR DOME,Win,2,False,267,False,11:53,"MISS 3PTR by WHALEN,MAC",8.0,,9.0,,,,"MISS 3PTR by WHALEN,MAC",1,three pointer,missed,berry,"whalen,mac",,"['jacobs,owen', 'whalen,mac', 'graham,lake', 'mccloud,lee', 'cotter,douglas']","['gerchow,alex', 'mcelveen,mac', 'aubert,dustin', 'berger,ryan', 'kastner,murray']",713.0,berry,15,0,0.0
78,78,905,Millsaps,Berry,1,70-84,"32,52","24,46",7-15,5-19,4-9,2-11,02/21/14,8:00 PM,,MILLSAPS HANGAR DOME,Win,2,False,267,False,--,,8.0,,9.0,"REBOUND DEF by BERGER,RYAN",,,"REBOUND DEF by BERGER,RYAN",1,defensive rebound,,millsaps,"berger,ryan",,"['jacobs,owen', 'whalen,mac', 'graham,lake', 'mccloud,lee', 'cotter,douglas']","['gerchow,alex', 'mcelveen,mac', 'aubert,dustin', 'berger,ryan', 'kastner,murray']",,berry,15,0,0.0
79,79,905,Millsaps,Berry,1,70-84,"32,52","24,46",7-15,5-19,4-9,2-11,02/21/14,8:00 PM,,MILLSAPS HANGAR DOME,Win,2,False,267,False,11:19,"FOUL  by WHALEN,MAC",8.0,,9.0,,,,"FOUL  by WHALEN,MAC",1,foul,,berry,"whalen,mac",,"['jacobs,owen', 'whalen,mac', 'graham,lake', 'mccloud,lee', 'cotter,douglas']","['gerchow,alex', 'mcelveen,mac', 'aubert,dustin', 'berger,ryan', 'kastner,murray']",679.0,millsaps,16,0,0.0
80,80,905,Millsaps,Berry,1,70-84,"32,52","24,46",7-15,5-19,4-9,2-11,02/21/14,8:00 PM,,MILLSAPS HANGAR DOME,Win,2,False,267,False,11:19,,8.0,,9.0,"MISS FT by GERCHOW,ALEX",,,"MISS FT by GERCHOW,ALEX",1,free throw,missed,millsaps,"gerchow,alex",,"['jacobs,owen', 'whalen,mac', 'graham,lake', 'mccloud,lee', 'cotter,douglas']","['gerchow,alex', 'mcelveen,mac', 'aubert,dustin', 'berger,ryan', 'kastner,murray']",679.0,millsaps,16,0,0.0
81,81,905,Millsaps,Berry,1,70-84,"32,52","24,46",7-15,5-19,4-9,2-11,02/21/14,8:00 PM,,MILLSAPS HANGAR DOME,Win,2,False,267,False,--,,8.0,,9.0,REBOUND DEADB by TEAM,,,REBOUND DEADB by TEAM,1,deadball rebound,,millsaps,,,"['jacobs,owen', 'whalen,mac', 'graham,lake', 'mccloud,lee', 'cotter,douglas']","['gerchow,alex', 'mcelveen,mac', 'aubert,dustin', 'berger,ryan', 'kastner,murray']",,millsaps,16,0,0.0
82,82,905,Millsaps,Berry,1,70-84,"32,52","24,46",7-15,5-19,4-9,2-11,02/21/14,8:00 PM,,MILLSAPS HANGAR DOME,Win,2,False,267,False,11:19,,8.0,,10.0,"GOOD FT by GERCHOW,ALEX",MILLSAPS 8-10 (+2),,"GOOD FT by GERCHOW,ALEX",1,free throw,good,millsaps,"gerchow,alex",1.0,"['jacobs,owen', 'whalen,mac', 'graham,lake', 'mccloud,lee', 'cotter,douglas']","['gerchow,alex', 'mcelveen,mac', 'aubert,dustin', 'berger,ryan', 'kastner,murray']",679.0,millsaps,16,0,0.0
83,83,905,Millsaps,Berry,1,70-84,"32,52","24,46",7-15,5-19,4-9,2-11,02/21/14,8:00 PM,,MILLSAPS HANGAR DOME,Win,2,False,267,False,11:06,"TURNOVER  by JACOBS,OWEN",8.0,,10.0,,,,"TURNOVER  by JACOBS,OWEN",1,turnover,,berry,"jacobs,owen",,"['jacobs,owen', 'whalen,mac', 'graham,lake', 'mccloud,lee', 'cotter,douglas']","['gerchow,alex', 'mcelveen,mac', 'aubert,dustin', 'berger,ryan', 'kastner,murray']",666.0,millsaps,16,0,0.0
84,84,905,Millsaps,Berry,1,70-84,"32,52","24,46",7-15,5-19,4-9,2-11,02/21/14,8:00 PM,,MILLSAPS HANGAR DOME,Win,2,False,267,False,10:41,,8.0,,12.0,"GOOD JUMPER by MCELVEEN,MAC",MILLSAPS 8-12 (+4),,"GOOD JUMPER by MCELVEEN,MAC",1,jumper,good,millsaps,"mcelveen,mac",2.0,"['jacobs,owen', 'whalen,mac', 'graham,lake', 'mccloud,lee', 'cotter,douglas']","['gerchow,alex', 'mcelveen,mac', 'aubert,dustin', 'berger,ryan', 'kastner,murray']",641.0,millsaps,16,0,0.0
85,85,905,Millsaps,Berry,1,70-84,"32,52","24,46",7-15,5-19,4-9,2-11,02/21/14,8:00 PM,,MILLSAPS HANGAR DOME,Win,2,False,267,False,10:22,"MISS LAYUP by GRAHAM,LAKE",8.0,,12.0,,,,"MISS LAYUP by GRAHAM,LAKE",1,layup,missed,berry,"graham,lake",,"['jacobs,owen', 'whalen,mac', 'graham,lake', 'mccloud,lee', 'cotter,douglas']","['gerchow,alex', 'mcelveen,mac', 'aubert,dustin', 'berger,ryan', 'kastner,murray']",622.0,millsaps,16,0,0.0
86,86,905,Millsaps,Berry,1,70-84,"32,52","24,46",7-15,5-19,4-9,2-11,02/21/14,8:00 PM,,MILLSAPS HANGAR DOME,Win,2,False,267,False,10:22,,8.0,,12.0,"BLOCK  by MCELVEEN,MAC",,,"BLOCK  by MCELVEEN,MAC",1,block,,millsaps,"mcelveen,mac",,"['jacobs,owen', 'whalen,mac', 'graham,lake', 'mccloud,lee', 'cotter,douglas']","['gerchow,alex', 'mcelveen,mac', 'aubert,dustin', 'berger,ryan', 'kastner,murray']",622.0,millsaps,16,0,0.0
87,87,905,Millsaps,Berry,1,70-84,"32,52","24,46",7-15,5-19,4-9,2-11,02/21/14,8:00 PM,,MILLSAPS HANGAR DOME,Win,2,False,267,False,--,,8.0,,12.0,"REBOUND DEF by AUBERT,DUSTIN",,,"REBOUND DEF by AUBERT,DUSTIN",1,defensive rebound,,millsaps,"aubert,dustin",,"['jacobs,owen', 'whalen,mac', 'graham,lake', 'mccloud,lee', 'cotter,douglas']","['gerchow,alex', 'mcelveen,mac', 'aubert,dustin', 'berger,ryan', 'kastner,murray']",,millsaps,16,0,0.0
88,88,905,Millsaps,Berry,1,70-84,"32,52","24,46",7-15,5-19,4-9,2-11,02/21/14,8:00 PM,,MILLSAPS HANGAR DOME,Win,2,False,267,False,10:18,"FOUL  by MCCLOUD,LEE",8.0,,12.0,,,,"FOUL  by MCCLOUD,LEE",1,foul,,berry,"mccloud,lee",,"['jacobs,owen', 'whalen,mac', 'graham,lake', 'mccloud,lee', 'cotter,douglas']","['gerchow,alex', 'mcelveen,mac', 'aubert,dustin', 'berger,ryan', 'kastner,murray']",618.0,millsaps,16,0,0.0
89,89,905,Millsaps,Berry,1,70-84,"32,52","24,46",7-15,5-19,4-9,2-11,02/21/14,8:00 PM,,MILLSAPS HANGAR DOME,Win,2,False,267,False,10:18,"SUB IN by WEBBER,CONNOR",8.0,,12.0,,,,"SUB IN by WEBBER,CONNOR",1,subbing in,,berry,"webber,connor",,"['jacobs,owen', 'whalen,mac', 'graham,lake', 'mccloud,lee', 'cotter,douglas', 'webber,connor']","['gerchow,alex', 'mcelveen,mac', 'aubert,dustin', 'berger,ryan', 'kastner,murray']",618.0,millsaps,16,0,0.0
90,90,905,Millsaps,Berry,1,70-84,"32,52","24,46",7-15,5-19,4-9,2-11,02/21/14,8:00 PM,,MILLSAPS HANGAR DOME,Win,2,False,267,False,10:18,"SUB OUT by MCCLOUD,LEE",8.0,,12.0,,,,"SUB OUT by MCCLOUD,LEE",1,subbing out,,berry,"mccloud,lee",,"['jacobs,owen', 'whalen,mac', 'graham,lake', 'cotter,douglas', 'webber,connor']","['gerchow,alex', 'mcelveen,mac', 'aubert,dustin', 'berger,ryan', 'kastner,murray']",618.0,millsaps,16,0,0.0
91,91,905,Millsaps,Berry,1,70-84,"32,52","24,46",7-15,5-19,4-9,2-11,02/21/14,8:00 PM,,MILLSAPS HANGAR DOME,Win,2,False,267,False,10:18,,8.0,,12.0,"SUB IN by GILLIGAN,TULLY",,,"SUB IN by GILLIGAN,TULLY",1,subbing in,,millsaps,"gilligan,tully",,"['jacobs,owen', 'whalen,mac', 'graham,lake', 'cotter,douglas', 'webber,connor']","['gerchow,alex', 'mcelveen,mac', 'aubert,dustin', 'berger,ryan', 'kastner,murray', 'gilligan,tully']",618.0,millsaps,16,0,0.0
92,92,905,Millsaps,Berry,1,70-84,"32,52","24,46",7-15,5-19,4-9,2-11,02/21/14,8:00 PM,,MILLSAPS HANGAR DOME,Win,2,False,267,False,10:18,,8.0,,12.0,"SUB OUT by GERCHOW,ALEX",,,"SUB OUT by GERCHOW,ALEX",1,subbing out,,millsaps,"gerchow,alex",,"['jacobs,owen', 'whalen,mac', 'graham,lake', 'cotter,douglas', 'webber,connor']","['mcelveen,mac', 'aubert,dustin', 'berger,ryan', 'kastner,murray', 'gilligan,tully']",618.0,millsaps,16,0,0.0
93,93,905,Millsaps,Berry,1,70-84,"32,52","24,46",7-15,5-19,4-9,2-11,02/21/14,8:00 PM,,MILLSAPS HANGAR DOME,Win,2,False,267,False,10:10,"FOUL  by WHALEN,MAC",8.0,,12.0,,,,"FOUL  by WHALEN,MAC",1,foul,,berry,"whalen,mac",,"['jacobs,owen', 'whalen,mac', 'graham,lake', 'cotter,douglas', 'webber,connor']","['mcelveen,mac', 'aubert,dustin', 'berger,ryan', 'kastner,murray', 'gilligan,tully']",610.0,millsaps,16,0,0.0
94,94,905,Millsaps,Berry,1,70-84,"32,52","24,46",7-15,5-19,4-9,2-11,02/21/14,8:00 PM,,MILLSAPS HANGAR DOME,Win,2,False,267,False,09:55,,8.0,,12.0,"MISS DUNK by MCELVEEN,MAC",,,"MISS DUNK by MCELVEEN,MAC",1,dunk,,millsaps,,,"['jacobs,owen', 'whalen,mac', 'graham,lake', 'cotter,douglas', 'webber,connor']","['mcelveen,mac', 'aubert,dustin', 'berger,ryan', 'kastner,murray', 'gilligan,tully']",595.0,millsaps,16,0,0.0
95,95,905,Millsaps,Berry,1,70-84,"32,52","24,46",7-15,5-19,4-9,2-11,02/21/14,8:00 PM,,MILLSAPS HANGAR DOME,Win,2,False,267,False,--,"REBOUND DEF by WEBBER,CONNOR",8.0,,12.0,,,,"REBOUND DEF by WEBBER,CONNOR",1,defensive rebound,,berry,"webber,connor",,"['jacobs,owen', 'whalen,mac', 'graham,lake', 'cotter,douglas', 'webber,connor']","['mcelveen,mac', 'aubert,dustin', 'berger,ryan', 'kastner,murray', 'gilligan,tully']",,millsaps,16,0,0.0
96,96,905,Millsaps,Berry,1,70-84,"32,52","24,46",7-15,5-19,4-9,2-11,02/21/14,8:00 PM,,MILLSAPS HANGAR DOME,Win,2,False,267,False,09:40,"MISS LAYUP by JACOBS,OWEN",8.0,,12.0,,,,"MISS LAYUP by JACOBS,OWEN",1,layup,missed,berry,"jacobs,owen",,"['jacobs,owen', 'whalen,mac', 'graham,lake', 'cotter,douglas', 'webber,connor']","['mcelveen,mac', 'aubert,dustin', 'berger,ryan', 'kastner,murray', 'gilligan,tully']",580.0,berry,17,0,0.0
97,97,905,Millsaps,Berry,1,70-84,"32,52","24,46",7-15,5-19,4-9,2-11,02/21/14,8:00 PM,,MILLSAPS HANGAR DOME,Win,2,False,267,False,--,"REBOUND OFF by GRAHAM,LAKE",8.0,,12.0,,,,"REBOUND OFF by GRAHAM,LAKE",1,offensive rebound,,berry,"graham,lake",,"['jacobs,owen', 'whalen,mac', 'graham,lake', 'cotter,douglas', 'webber,connor']","['mcelveen,mac', 'aubert,dustin', 'berger,ryan', 'kastner,murray', 'gilligan,tully']",,berry,17,0,0.0
98,98,905,Millsaps,Berry,1,70-84,"32,52","24,46",7-15,5-19,4-9,2-11,02/21/14,8:00 PM,,MILLSAPS HANGAR DOME,Win,2,False,267,False,09:37,,8.0,,12.0,"FOUL  by MCELVEEN,MAC",,,"FOUL  by MCELVEEN,MAC",1,foul,,millsaps,"mcelveen,mac",,"['jacobs,owen', 'whalen,mac', 'graham,lake', 'cotter,douglas', 'webber,connor']","['mcelveen,mac', 'aubert,dustin', 'berger,ryan', 'kastner,murray', 'gilligan,tully']",577.0,berry,17,0,0.0
99,99,905,Millsaps,Berry,1,70-84,"32,52","24,46",7-15,5-19,4-9,2-11,02/21/14,8:00 PM,,MILLSAPS HANGAR DOME,Win,2,False,267,False,09:37,"MISS FT by GRAHAM,LAKE",8.0,,12.0,,,,"MISS FT by GRAHAM,LAKE",1,free throw,missed,berry,"graham,lake",,"['jacobs,owen', 'whalen,mac', 'graham,lake', 'cotter,douglas', 'webber,connor']","['mcelveen,mac', 'aubert,dustin', 'berger,ryan', 'kastner,murray', 'gilligan,tully']",577.0,berry,17,0,0.0
100,100,905,Millsaps,Berry,1,70-84,"32,52","24,46",7-15,5-19,4-9,2-11,02/21/14,8:00 PM,,MILLSAPS HANGAR DOME,Win,2,False,267,False,--,REBOUND DEADB by TEAM,8.0,,12.0,,,,REBOUND DEADB by TEAM,1,deadball rebound,,berry,,,"['jacobs,owen', 'whalen,mac', 'graham,lake', 'cotter,douglas', 'webber,connor']","['mcelveen,mac', 'aubert,dustin', 'berger,ryan', 'kastner,murray', 'gilligan,tully']",,berry,17,0,0.0
101,101,905,Millsaps,Berry,1,70-84,"32,52","24,46",7-15,5-19,4-9,2-11,02/21/14,8:00 PM,,MILLSAPS HANGAR DOME,Win,2,False,267,False,09:37,"GOOD FT by GRAHAM,LAKE",9.0,,12.0,,BCM 9-12 (+3),,"GOOD FT by GRAHAM,LAKE",1,free throw,good,berry,"graham,lake",1.0,"['jacobs,owen', 'whalen,mac', 'graham,lake', 'cotter,douglas', 'webber,connor']","['mcelveen,mac', 'aubert,dustin', 'berger,ryan', 'kastner,murray', 'gilligan,tully']",577.0,berry,17,0,0.0
102,102,905,Millsaps,Berry,1,70-84,"32,52","24,46",7-15,5-19,4-9,2-11,02/21/14,8:00 PM,,MILLSAPS HANGAR DOME,Win,2,False,267,False,09:37,TIMEOUT TEAM by TEAM,9.0,,12.0,,,,TIMEOUT TEAM by TEAM,1,timeout,,berry,,,"['jacobs,owen', 'whalen,mac', 'graham,lake', 'cotter,douglas', 'webber,connor']","['mcelveen,mac', 'aubert,dustin', 'berger,ryan', 'kastner,murray', 'gilligan,tully']",577.0,berry,17,0,0.0
103,103,905,Millsaps,Berry,1,70-84,"32,52","24,46",7-15,5-19,4-9,2-11,02/21/14,8:00 PM,,MILLSAPS HANGAR DOME,Win,2,False,267,False,09:37,"SUB IN by JONES,RON",9.0,,12.0,,,,"SUB IN by JONES,RON",1,subbing in,,berry,"jones,ron",,"['jacobs,owen', 'whalen,mac', 'graham,lake', 'cotter,douglas', 'webber,connor', 'jones,ron']","['mcelveen,mac', 'aubert,dustin', 'berger,ryan', 'kastner,murray', 'gilligan,tully']",577.0,berry,17,0,0.0
104,104,905,Millsaps,Berry,1,70-84,"32,52","24,46",7-15,5-19,4-9,2-11,02/21/14,8:00 PM,,MILLSAPS HANGAR DOME,Win,2,False,267,False,09:37,"SUB IN by PARK,BRANDON",9.0,,12.0,,,,"SUB IN by PARK,BRANDON",1,subbing in,,berry,"park,brandon",,"['jacobs,owen', 'whalen,mac', 'graham,lake', 'cotter,douglas', 'webber,connor', 'jones,ron', 'park,brandon']","['mcelveen,mac', 'aubert,dustin', 'berger,ryan', 'kastner,murray', 'gilligan,tully']",577.0,berry,17,0,0.0
105,105,905,Millsaps,Berry,1,70-84,"32,52","24,46",7-15,5-19,4-9,2-11,02/21/14,8:00 PM,,MILLSAPS HANGAR DOME,Win,2,False,267,False,09:37,"SUB OUT by GRAHAM,LAKE",9.0,,12.0,,,,"SUB OUT by GRAHAM,LAKE",1,subbing out,,berry,"graham,lake",,"['jacobs,owen', 'whalen,mac', 'cotter,douglas', 'webber,connor', 'jones,ron', 'park,brandon']","['mcelveen,mac', 'aubert,dustin', 'berger,ryan', 'kastner,murray', 'gilligan,tully']",577.0,berry,17,0,0.0
106,106,905,Millsaps,Berry,1,70-84,"32,52","24,46",7-15,5-19,4-9,2-11,02/21/14,8:00 PM,,MILLSAPS HANGAR DOME,Win,2,False,267,False,09:37,"SUB OUT by WHALEN,MAC",9.0,,12.0,,,,"SUB OUT by WHALEN,MAC",1,subbing out,,berry,"whalen,mac",,"['jacobs,owen', 'cotter,douglas', 'webber,connor', 'jones,ron', 'park,brandon']","['mcelveen,mac', 'aubert,dustin', 'berger,ryan', 'kastner,murray', 'gilligan,tully']",577.0,berry,17,0,0.0
107,107,905,Millsaps,Berry,1,70-84,"32,52","24,46",7-15,5-19,4-9,2-11,02/21/14,8:00 PM,,MILLSAPS HANGAR DOME,Win,2,False,267,False,09:37,,9.0,,12.0,"SUB IN by FREBIS,RONNIE",,,"SUB IN by FREBIS,RONNIE",1,subbing in,,millsaps,"frebis,ronnie",,"['jacobs,owen', 'cotter,douglas', 'webber,connor', 'jones,ron', 'park,brandon']","['mcelveen,mac', 'aubert,dustin', 'berger,ryan', 'kastner,murray', 'gilligan,tully', 'frebis,ronnie']",577.0,berry,17,0,0.0
108,108,905,Millsaps,Berry,1,70-84,"32,52","24,46",7-15,5-19,4-9,2-11,02/21/14,8:00 PM,,MILLSAPS HANGAR DOME,Win,2,False,267,False,09:37,,9.0,,12.0,"SUB IN by ROBERTSON,MARC",,,"SUB IN by ROBERTSON,MARC",1,subbing in,,millsaps,"robertson,marc",,"['jacobs,owen', 'cotter,douglas', 'webber,connor', 'jones,ron', 'park,brandon']","['mcelveen,mac', 'aubert,dustin', 'berger,ryan', 'kastner,murray', 'gilligan,tully', 'frebis,ronnie', 'robertson,marc']",577.0,berry,17,0,0.0
109,109,905,Millsaps,Berry,1,70-84,"32,52","24,46",7-15,5-19,4-9,2-11,02/21/14,8:00 PM,,MILLSAPS HANGAR DOME,Win,2,False,267,False,09:37,,9.0,,12.0,"SUB OUT by MCELVEEN,MAC",,,"SUB OUT by MCELVEEN,MAC",1,subbing out,,millsaps,"mcelveen,mac",,"['jacobs,owen', 'cotter,douglas', 'webber,connor', 'jones,ron', 'park,brandon']","['aubert,dustin', 'berger,ryan', 'kastner,murray', 'gilligan,tully', 'frebis,ronnie', 'robertson,marc']",577.0,berry,17,0,0.0
110,110,905,Millsaps,Berry,1,70-84,"32,52","24,46",7-15,5-19,4-9,2-11,02/21/14,8:00 PM,,MILLSAPS HANGAR DOME,Win,2,False,267,False,09:37,,9.0,,12.0,"SUB OUT by AUBERT,DUSTIN",,,"SUB OUT by AUBERT,DUSTIN",1,subbing out,,millsaps,"aubert,dustin",,"['jacobs,owen', 'cotter,douglas', 'webber,connor', 'jones,ron', 'park,brandon']","['berger,ryan', 'kastner,murray', 'gilligan,tully', 'frebis,ronnie', 'robertson,marc']",577.0,berry,17,0,0.0
111,111,905,Millsaps,Berry,1,70-84,"32,52","24,46",7-15,5-19,4-9,2-11,02/21/14,8:00 PM,,MILLSAPS HANGAR DOME,Win,2,False,267,False,09:13,,9.0,,12.0,"TURNOVER  by BERGER,RYAN",,,"TURNOVER  by BERGER,RYAN",1,turnover,,millsaps,"berger,ryan",,"['jacobs,owen', 'cotter,douglas', 'webber,connor', 'jones,ron', 'park,brandon']","['berger,ryan', 'kastner,murray', 'gilligan,tully', 'frebis,ronnie', 'robertson,marc']",553.0,berry,17,0,0.0
112,112,905,Millsaps,Berry,1,70-84,"32,52","24,46",7-15,5-19,4-9,2-11,02/21/14,8:00 PM,,MILLSAPS HANGAR DOME,Win,2,False,267,False,09:12,"STEAL  by WEBBER,CONNOR",9.0,,12.0,,,,"STEAL  by WEBBER,CONNOR",1,steal,,berry,,,"['jacobs,owen', 'cotter,douglas', 'webber,connor', 'jones,ron', 'park,brandon']","['berger,ryan', 'kastner,murray', 'gilligan,tully', 'frebis,ronnie', 'robertson,marc']",552.0,berry,17,0,0.0
113,113,905,Millsaps,Berry,1,70-84,"32,52","24,46",7-15,5-19,4-9,2-11,02/21/14,8:00 PM,,MILLSAPS HANGAR DOME,Win,2,False,267,False,09:02,"TURNOVER  by WEBBER,CONNOR",9.0,,12.0,,,,"TURNOVER  by WEBBER,CONNOR",1,turnover,,berry,"webber,connor",,"['jacobs,owen', 'cotter,douglas', 'webber,connor', 'jones,ron', 'park,brandon']","['berger,ryan', 'kastner,murray', 'gilligan,tully', 'frebis,ronnie', 'robertson,marc']",542.0,berry,17,0,0.0
114,114,905,Millsaps,Berry,1,70-84,"32,52","24,46",7-15,5-19,4-9,2-11,02/21/14,8:00 PM,,MILLSAPS HANGAR DOME,Win,2,False,267,False,09:01,,9.0,,12.0,"STEAL  by ROBERTSON,MARC",,,"STEAL  by ROBERTSON,MARC",1,steal,,millsaps,,,"['jacobs,owen', 'cotter,douglas', 'webber,connor', 'jones,ron', 'park,brandon']","['berger,ryan', 'kastner,murray', 'gilligan,tully', 'frebis,ronnie', 'robertson,marc']",541.0,berry,17,0,0.0
115,115,905,Millsaps,Berry,1,70-84,"32,52","24,46",7-15,5-19,4-9,2-11,02/21/14,8:00 PM,,MILLSAPS HANGAR DOME,Win,2,False,267,False,08:57,,9.0,,12.0,"MISS LAYUP by GILLIGAN,TULLY",,,"MISS LAYUP by GILLIGAN,TULLY",1,layup,missed,millsaps,"gilligan,tully",,"['jacobs,owen', 'cotter,douglas', 'webber,connor', 'jones,ron', 'park,brandon']","['berger,ryan', 'kastner,murray', 'gilligan,tully', 'frebis,ronnie', 'robertson,marc']",537.0,millsaps,18,0,0.0
116,116,905,Millsaps,Berry,1,70-84,"32,52","24,46",7-15,5-19,4-9,2-11,02/21/14,8:00 PM,,MILLSAPS HANGAR DOME,Win,2,False,267,False,--,,9.0,,12.0,REBOUND DEADB by TEAM,,,REBOUND DEADB by TEAM,1,deadball rebound,,millsaps,,,"['jacobs,owen', 'cotter,douglas', 'webber,connor', 'jones,ron', 'park,brandon']","['berger,ryan', 'kastner,murray', 'gilligan,tully', 'frebis,ronnie', 'robertson,marc']",,millsaps,18,0,0.0
117,117,905,Millsaps,Berry,1,70-84,"32,52","24,46",7-15,5-19,4-9,2-11,02/21/14,8:00 PM,,MILLSAPS HANGAR DOME,Win,2,False,267,False,08:51,"FOUL  by PARK,BRANDON",9.0,,12.0,,,,"FOUL  by PARK,BRANDON",1,foul,,berry,"park,brandon",,"['jacobs,owen', 'cotter,douglas', 'webber,connor', 'jones,ron', 'park,brandon']","['berger,ryan', 'kastner,murray', 'gilligan,tully', 'frebis,ronnie', 'robertson,marc']",531.0,millsaps,18,0,0.0
118,118,905,Millsaps,Berry,1,70-84,"32,52","24,46",7-15,5-19,4-9,2-11,02/21/14,8:00 PM,,MILLSAPS HANGAR DOME,Win,2,False,267,False,08:51,,9.0,,13.0,"GOOD FT by GILLIGAN,TULLY",MILLSAPS 9-13 (+4),,"GOOD FT by GILLIGAN,TULLY",1,free throw,good,millsaps,"gilligan,tully",1.0,"['jacobs,owen', 'cotter,douglas', 'webber,connor', 'jones,ron', 'park,brandon']","['berger,ryan', 'kastner,murray', 'gilligan,tully', 'frebis,ronnie', 'robertson,marc']",531.0,millsaps,18,0,0.0
119,119,905,Millsaps,Berry,1,70-84,"32,52","24,46",7-15,5-19,4-9,2-11,02/21/14,8:00 PM,,MILLSAPS HANGAR DOME,Win,2,False,267,False,08:51,,9.0,,13.0,"MISS FT by GILLIGAN,TULLY",,,"MISS FT by GILLIGAN,TULLY",1,free throw,missed,millsaps,"gilligan,tully",,"['jacobs,owen', 'cotter,douglas', 'webber,connor', 'jones,ron', 'park,brandon']","['berger,ryan', 'kastner,murray', 'gilligan,tully', 'frebis,ronnie', 'robertson,marc']",531.0,millsaps,18,0,0.0
120,120,905,Millsaps,Berry,1,70-84,"32,52","24,46",7-15,5-19,4-9,2-11,02/21/14,8:00 PM,,MILLSAPS HANGAR DOME,Win,2,False,267,False,--,"REBOUND DEF by COTTER,DOUGLAS",9.0,,13.0,,,,"REBOUND DEF by COTTER,DOUGLAS",1,defensive rebound,,berry,"cotter,douglas",,"['jacobs,owen', 'cotter,douglas', 'webber,connor', 'jones,ron', 'park,brandon']","['berger,ryan', 'kastner,murray', 'gilligan,tully', 'frebis,ronnie', 'robertson,marc']",,millsaps,18,0,0.0
121,121,905,Millsaps,Berry,1,70-84,"32,52","24,46",7-15,5-19,4-9,2-11,02/21/14,8:00 PM,,MILLSAPS HANGAR DOME,Win,2,False,267,False,08:39,"MISS LAYUP by JACOBS,OWEN",9.0,,13.0,,,,"MISS LAYUP by JACOBS,OWEN",1,layup,missed,berry,"jacobs,owen",,"['jacobs,owen', 'cotter,douglas', 'webber,connor', 'jones,ron', 'park,brandon']","['berger,ryan', 'kastner,murray', 'gilligan,tully', 'frebis,ronnie', 'robertson,marc']",519.0,berry,19,0,0.0
122,122,905,Millsaps,Berry,1,70-84,"32,52","24,46",7-15,5-19,4-9,2-11,02/21/14,8:00 PM,,MILLSAPS HANGAR DOME,Win,2,False,267,False,--,,9.0,,13.0,"REBOUND DEF by BERGER,RYAN",,,"REBOUND DEF by BERGER,RYAN",1,defensive rebound,,millsaps,"berger,ryan",,"['jacobs,owen', 'cotter,douglas', 'webber,connor', 'jones,ron', 'park,brandon']","['berger,ryan', 'kastner,murray', 'gilligan,tully', 'frebis,ronnie', 'robertson,marc']",,berry,19,0,0.0
123,123,905,Millsaps,Berry,1,70-84,"32,52","24,46",7-15,5-19,4-9,2-11,02/21/14,8:00 PM,,MILLSAPS HANGAR DOME,Win,2,False,267,False,08:26,,9.0,,13.0,"MISS 3PTR by KASTNER,MURRAY",,,"MISS 3PTR by KASTNER,MURRAY",1,three pointer,missed,millsaps,"kastner,murray",,"['jacobs,owen', 'cotter,douglas', 'webber,connor', 'jones,ron', 'park,brandon']","['berger,ryan', 'kastner,murray', 'gilligan,tully', 'frebis,ronnie', 'robertson,marc']",506.0,millsaps,20,0,0.0
124,124,905,Millsaps,Berry,1,70-84,"32,52","24,46",7-15,5-19,4-9,2-11,02/21/14,8:00 PM,,MILLSAPS HANGAR DOME,Win,2,False,267,False,--,,9.0,,13.0,"REBOUND OFF by ROBERTSON,MARC",,,"REBOUND OFF by ROBERTSON,MARC",1,offensive rebound,,millsaps,"robertson,marc",,"['jacobs,owen', 'cotter,douglas', 'webber,connor', 'jones,ron', 'park,brandon']","['berger,ryan', 'kastner,murray', 'gilligan,tully', 'frebis,ronnie', 'robertson,marc']",,millsaps,20,0,0.0
125,125,905,Millsaps,Berry,1,70-84,"32,52","24,46",7-15,5-19,4-9,2-11,02/21/14,8:00 PM,,MILLSAPS HANGAR DOME,Win,2,False,267,False,07:56,,9.0,,16.0,"GOOD 3PTR by KASTNER,MURRAY",MILLSAPS 9-16 (+7),,"GOOD 3PTR by KASTNER,MURRAY",1,three pointer,good,millsaps,"kastner,murray",3.0,"['jacobs,owen', 'cotter,douglas', 'webber,connor', 'jones,ron', 'park,brandon']","['berger,ryan', 'kastner,murray', 'gilligan,tully', 'frebis,ronnie', 'robertson,marc']",476.0,millsaps,20,0,0.0
126,126,905,Millsaps,Berry,1,70-84,"32,52","24,46",7-15,5-19,4-9,2-11,02/21/14,8:00 PM,,MILLSAPS HANGAR DOME,Win,2,False,267,False,07:47,,9.0,,16.0,"FOUL  by BERGER,RYAN",,,"FOUL  by BERGER,RYAN",1,foul,,millsaps,"berger,ryan",,"['jacobs,owen', 'cotter,douglas', 'webber,connor', 'jones,ron', 'park,brandon']","['berger,ryan', 'kastner,murray', 'gilligan,tully', 'frebis,ronnie', 'robertson,marc']",467.0,millsaps,20,0,0.0
127,127,905,Millsaps,Berry,1,70-84,"32,52","24,46",7-15,5-19,4-9,2-11,02/21/14,8:00 PM,,MILLSAPS HANGAR DOME,Win,2,False,267,False,07:47,"GOOD FT by COTTER,DOUGLAS",10.0,,16.0,,BCM 10-16 (+6),,"GOOD FT by COTTER,DOUGLAS",1,free throw,good,berry,"cotter,douglas",1.0,"['jacobs,owen', 'cotter,douglas', 'webber,connor', 'jones,ron', 'park,brandon']","['berger,ryan', 'kastner,murray', 'gilligan,tully', 'frebis,ronnie', 'robertson,marc']",467.0,millsaps,20,0,0.0
128,128,905,Millsaps,Berry,1,70-84,"32,52","24,46",7-15,5-19,4-9,2-11,02/21/14,8:00 PM,,MILLSAPS HANGAR DOME,Win,2,False,267,False,07:47,"GOOD FT by COTTER,DOUGLAS",11.0,,16.0,,BCM 11-16 (+5),,"GOOD FT by COTTER,DOUGLAS",1,free throw,good,berry,"cotter,douglas",1.0,"['jacobs,owen', 'cotter,douglas', 'webber,connor', 'jones,ron', 'park,brandon']","['berger,ryan', 'kastner,murray', 'gilligan,tully', 'frebis,ronnie', 'robertson,marc']",467.0,millsaps,20,0,0.0
129,129,905,Millsaps,Berry,1,70-84,"32,52","24,46",7-15,5-19,4-9,2-11,02/21/14,8:00 PM,,MILLSAPS HANGAR DOME,Win,2,False,267,False,07:39,,11.0,,16.0,"MISS 3PTR by KASTNER,MURRAY",,,"MISS 3PTR by KASTNER,MURRAY",1,three pointer,missed,millsaps,"kastner,murray",,"['jacobs,owen', 'cotter,douglas', 'webber,connor', 'jones,ron', 'park,brandon']","['berger,ryan', 'kastner,murray', 'gilligan,tully', 'frebis,ronnie', 'robertson,marc']",459.0,millsaps,20,0,0.0
130,130,905,Millsaps,Berry,1,70-84,"32,52","24,46",7-15,5-19,4-9,2-11,02/21/14,8:00 PM,,MILLSAPS HANGAR DOME,Win,2,False,267,False,--,,11.0,,16.0,"REBOUND OFF by BERGER,RYAN",,,"REBOUND OFF by BERGER,RYAN",1,offensive rebound,,millsaps,"berger,ryan",,"['jacobs,owen', 'cotter,douglas', 'webber,connor', 'jones,ron', 'park,brandon']","['berger,ryan', 'kastner,murray', 'gilligan,tully', 'frebis,ronnie', 'robertson,marc']",,millsaps,20,0,0.0
131,131,905,Millsaps,Berry,1,70-84,"32,52","24,46",7-15,5-19,4-9,2-11,02/21/14,8:00 PM,,MILLSAPS HANGAR DOME,Win,2,False,267,False,07:34,,11.0,,18.0,"GOOD LAYUP by BERGER,RYAN(in the paint)",MILLSAPS 11-18 (+7),,"GOOD LAYUP by BERGER,RYAN(in the paint)",1,layup,good,millsaps,"berger,ryan",2.0,"['jacobs,owen', 'cotter,douglas', 'webber,connor', 'jones,ron', 'park,brandon']","['berger,ryan', 'kastner,murray', 'gilligan,tully', 'frebis,ronnie', 'robertson,marc']",454.0,millsaps,20,0,0.0
132,132,905,Millsaps,Berry,1,70-84,"32,52","24,46",7-15,5-19,4-9,2-11,02/21/14,8:00 PM,,MILLSAPS HANGAR DOME,Win,2,False,267,False,07:10,"MISS JUMPER by JONES,RON",11.0,,18.0,,,,"MISS JUMPER by JONES,RON",1,jumper,missed,berry,"jones,ron",,"['jacobs,owen', 'cotter,douglas', 'webber,connor', 'jones,ron', 'park,brandon']","['berger,ryan', 'kastner,murray', 'gilligan,tully', 'frebis,ronnie', 'robertson,marc']",430.0,millsaps,20,0,0.0
133,133,905,Millsaps,Berry,1,70-84,"32,52","24,46",7-15,5-19,4-9,2-11,02/21/14,8:00 PM,,MILLSAPS HANGAR DOME,Win,2,False,267,False,07:10,,11.0,,18.0,"BLOCK  by GILLIGAN,TULLY",,,"BLOCK  by GILLIGAN,TULLY",1,block,,millsaps,"gilligan,tully",,"['jacobs,owen', 'cotter,douglas', 'webber,connor', 'jones,ron', 'park,brandon']","['berger,ryan', 'kastner,murray', 'gilligan,tully', 'frebis,ronnie', 'robertson,marc']",430.0,millsaps,20,0,0.0
134,134,905,Millsaps,Berry,1,70-84,"32,52","24,46",7-15,5-19,4-9,2-11,02/21/14,8:00 PM,,MILLSAPS HANGAR DOME,Win,2,False,267,False,--,"REBOUND OFF by JONES,RON",11.0,,18.0,,,,"REBOUND OFF by JONES,RON",1,offensive rebound,,berry,"jones,ron",,"['jacobs,owen', 'cotter,douglas', 'webber,connor', 'jones,ron', 'park,brandon']","['berger,ryan', 'kastner,murray', 'gilligan,tully', 'frebis,ronnie', 'robertson,marc']",,millsaps,20,0,0.0
135,135,905,Millsaps,Berry,1,70-84,"32,52","24,46",7-15,5-19,4-9,2-11,02/21/14,8:00 PM,,MILLSAPS HANGAR DOME,Win,2,False,267,False,07:05,"TURNOVER  by JONES,RON",11.0,,18.0,,,,"TURNOVER  by JONES,RON",1,turnover,,berry,"jones,ron",,"['jacobs,owen', 'cotter,douglas', 'webber,connor', 'jones,ron', 'park,brandon']","['berger,ryan', 'kastner,murray', 'gilligan,tully', 'frebis,ronnie', 'robertson,marc']",425.0,millsaps,20,0,0.0
136,136,905,Millsaps,Berry,1,70-84,"32,52","24,46",7-15,5-19,4-9,2-11,02/21/14,8:00 PM,,MILLSAPS HANGAR DOME,Win,2,False,267,False,07:03,,11.0,,18.0,"STEAL  by BERGER,RYAN",,,"STEAL  by BERGER,RYAN",1,steal,,millsaps,,,"['jacobs,owen', 'cotter,douglas', 'webber,connor', 'jones,ron', 'park,brandon']","['berger,ryan', 'kastner,murray', 'gilligan,tully', 'frebis,ronnie', 'robertson,marc']",423.0,millsaps,20,0,0.0
137,137,905,Millsaps,Berry,1,70-84,"32,52","24,46",7-15,5-19,4-9,2-11,02/21/14,8:00 PM,,MILLSAPS HANGAR DOME,Win,2,False,267,False,06:41,,11.0,,18.0,"MISS JUMPER by BERGER,RYAN",,,"MISS JUMPER by BERGER,RYAN",1,jumper,missed,millsaps,"berger,ryan",,"['jacobs,owen', 'cotter,douglas', 'webber,connor', 'jones,ron', 'park,brandon']","['berger,ryan', 'kastner,murray', 'gilligan,tully', 'frebis,ronnie', 'robertson,marc']",401.0,millsaps,20,0,0.0
138,138,905,Millsaps,Berry,1,70-84,"32,52","24,46",7-15,5-19,4-9,2-11,02/21/14,8:00 PM,,MILLSAPS HANGAR DOME,Win,2,False,267,False,06:41,"BLOCK  by JONES,RON",11.0,,18.0,,,,"BLOCK  by JONES,RON",1,block,,berry,"jones,ron",,"['jacobs,owen', 'cotter,douglas', 'webber,connor', 'jones,ron', 'park,brandon']","['berger,ryan', 'kastner,murray', 'gilligan,tully', 'frebis,ronnie', 'robertson,marc']",401.0,millsaps,20,0,0.0
139,139,905,Millsaps,Berry,1,70-84,"32,52","24,46",7-15,5-19,4-9,2-11,02/21/14,8:00 PM,,MILLSAPS HANGAR DOME,Win,2,False,267,False,--,,11.0,,18.0,"REBOUND OFF by FREBIS,RONNIE",,,"REBOUND OFF by FREBIS,RONNIE",1,offensive rebound,,millsaps,"frebis,ronnie",,"['jacobs,owen', 'cotter,douglas', 'webber,connor', 'jones,ron', 'park,brandon']","['berger,ryan', 'kastner,murray', 'gilligan,tully', 'frebis,ronnie', 'robertson,marc']",,millsaps,20,0,0.0
140,140,905,Millsaps,Berry,1,70-84,"32,52","24,46",7-15,5-19,4-9,2-11,02/21/14,8:00 PM,,MILLSAPS HANGAR DOME,Win,2,False,267,False,06:37,,11.0,,20.0,"GOOD LAYUP by FREBIS,RONNIE(in the paint)",MILLSAPS 11-20 (+9),,"GOOD LAYUP by FREBIS,RONNIE(in the paint)",1,layup,good,millsaps,"frebis,ronnie",2.0,"['jacobs,owen', 'cotter,douglas', 'webber,connor', 'jones,ron', 'park,brandon']","['berger,ryan', 'kastner,murray', 'gilligan,tully', 'frebis,ronnie', 'robertson,marc']",397.0,millsaps,20,0,0.0
141,141,905,Millsaps,Berry,1,70-84,"32,52","24,46",7-15,5-19,4-9,2-11,02/21/14,8:00 PM,,MILLSAPS HANGAR DOME,Win,2,False,267,False,06:31,"GOOD JUMPER by PARK,BRANDON",13.0,,20.0,,BCM 13-20 (+7),,"GOOD JUMPER by PARK,BRANDON",1,jumper,good,berry,"park,brandon",2.0,"['jacobs,owen', 'cotter,douglas', 'webber,connor', 'jones,ron', 'park,brandon']","['berger,ryan', 'kastner,murray', 'gilligan,tully', 'frebis,ronnie', 'robertson,marc']",391.0,millsaps,20,0,0.0
142,142,905,Millsaps,Berry,1,70-84,"32,52","24,46",7-15,5-19,4-9,2-11,02/21/14,8:00 PM,,MILLSAPS HANGAR DOME,Win,2,False,267,False,06:31,,13.0,,20.0,"FOUL  by KASTNER,MURRAY",,,"FOUL  by KASTNER,MURRAY",1,foul,,millsaps,"kastner,murray",,"['jacobs,owen', 'cotter,douglas', 'webber,connor', 'jones,ron', 'park,brandon']","['berger,ryan', 'kastner,murray', 'gilligan,tully', 'frebis,ronnie', 'robertson,marc']",391.0,millsaps,20,0,0.0
143,143,905,Millsaps,Berry,1,70-84,"32,52","24,46",7-15,5-19,4-9,2-11,02/21/14,8:00 PM,,MILLSAPS HANGAR DOME,Win,2,False,267,False,06:31,"GOOD FT by PARK,BRANDON",14.0,,20.0,,BCM 14-20 (+6),,"GOOD FT by PARK,BRANDON",1,free throw,good,berry,"park,brandon",1.0,"['jacobs,owen', 'cotter,douglas', 'webber,connor', 'jones,ron', 'park,brandon']","['berger,ryan', 'kastner,murray', 'gilligan,tully', 'frebis,ronnie', 'robertson,marc']",391.0,millsaps,20,0,0.0
144,144,905,Millsaps,Berry,1,70-84,"32,52","24,46",7-15,5-19,4-9,2-11,02/21/14,8:00 PM,,MILLSAPS HANGAR DOME,Win,2,False,267,False,06:31,,14.0,,20.0,"SUB IN by MCELVEEN,MAC",,,"SUB IN by MCELVEEN,MAC",1,subbing in,,millsaps,"mcelveen,mac",,"['jacobs,owen', 'cotter,douglas', 'webber,connor', 'jones,ron', 'park,brandon']","['berger,ryan', 'kastner,murray', 'gilligan,tully', 'frebis,ronnie', 'robertson,marc', 'mcelveen,mac']",391.0,millsaps,20,0,0.0
145,145,905,Millsaps,Berry,1,70-84,"32,52","24,46",7-15,5-19,4-9,2-11,02/21/14,8:00 PM,,MILLSAPS HANGAR DOME,Win,2,False,267,False,06:31,,14.0,,20.0,"SUB OUT by KASTNER,MURRAY",,,"SUB OUT by KASTNER,MURRAY",1,subbing out,,millsaps,"kastner,murray",,"['jacobs,owen', 'cotter,douglas', 'webber,connor', 'jones,ron', 'park,brandon']","['berger,ryan', 'gilligan,tully', 'frebis,ronnie', 'robertson,marc', 'mcelveen,mac']",391.0,millsaps,20,0,0.0
146,146,905,Millsaps,Berry,1,70-84,"32,52","24,46",7-15,5-19,4-9,2-11,02/21/14,8:00 PM,,MILLSAPS HANGAR DOME,Win,2,False,267,False,06:09,,14.0,,20.0,"MISS 3PTR by ROBERTSON,MARC",,,"MISS 3PTR by ROBERTSON,MARC",1,three pointer,missed,millsaps,"robertson,marc",,"['jacobs,owen', 'cotter,douglas', 'webber,connor', 'jones,ron', 'park,brandon']","['berger,ryan', 'gilligan,tully', 'frebis,ronnie', 'robertson,marc', 'mcelveen,mac']",369.0,millsaps,20,0,0.0
147,147,905,Millsaps,Berry,1,70-84,"32,52","24,46",7-15,5-19,4-9,2-11,02/21/14,8:00 PM,,MILLSAPS HANGAR DOME,Win,2,False,267,False,--,,14.0,,20.0,"REBOUND OFF by MCELVEEN,MAC",,,"REBOUND OFF by MCELVEEN,MAC",1,offensive rebound,,millsaps,"mcelveen,mac",,"['jacobs,owen', 'cotter,douglas', 'webber,connor', 'jones,ron', 'park,brandon']","['berger,ryan', 'gilligan,tully', 'frebis,ronnie', 'robertson,marc', 'mcelveen,mac']",,millsaps,20,0,0.0
148,148,905,Millsaps,Berry,1,70-84,"32,52","24,46",7-15,5-19,4-9,2-11,02/21/14,8:00 PM,,MILLSAPS HANGAR DOME,Win,2,False,267,False,06:05,,14.0,,20.0,"FOUL  by MCELVEEN,MAC",,,"FOUL  by MCELVEEN,MAC",1,foul,,millsaps,"mcelveen,mac",,"['jacobs,owen', 'cotter,douglas', 'webber,connor', 'jones,ron', 'park,brandon']","['berger,ryan', 'gilligan,tully', 'frebis,ronnie', 'robertson,marc', 'mcelveen,mac']",365.0,millsaps,20,0,0.0
149,149,905,Millsaps,Berry,1,70-84,"32,52","24,46",7-15,5-19,4-9,2-11,02/21/14,8:00 PM,,MILLSAPS HANGAR DOME,Win,2,False,267,False,06:05,"GOOD FT by JONES,RON",15.0,,20.0,,BCM 15-20 (+5),,"GOOD FT by JONES,RON",1,free throw,good,berry,"jones,ron",1.0,"['jacobs,owen', 'cotter,douglas', 'webber,connor', 'jones,ron', 'park,brandon']","['berger,ryan', 'gilligan,tully', 'frebis,ronnie', 'robertson,marc', 'mcelveen,mac']",365.0,millsaps,20,0,0.0
150,150,905,Millsaps,Berry,1,70-84,"32,52","24,46",7-15,5-19,4-9,2-11,02/21/14,8:00 PM,,MILLSAPS HANGAR DOME,Win,2,False,267,False,06:05,"GOOD FT by JONES,RON",16.0,,20.0,,BCM 16-20 (+4),,"GOOD FT by JONES,RON",1,free throw,good,berry,"jones,ron",1.0,"['jacobs,owen', 'cotter,douglas', 'webber,connor', 'jones,ron', 'park,brandon']","['berger,ryan', 'gilligan,tully', 'frebis,ronnie', 'robertson,marc', 'mcelveen,mac']",365.0,millsaps,20,0,0.0
151,151,905,Millsaps,Berry,1,70-84,"32,52","24,46",7-15,5-19,4-9,2-11,02/21/14,8:00 PM,,MILLSAPS HANGAR DOME,Win,2,False,267,False,06:05,,16.0,,20.0,"SUB IN by GILLIGAN,TULLY",,,"SUB IN by GILLIGAN,TULLY",1,subbing in,,millsaps,"gilligan,tully",,"['jacobs,owen', 'cotter,douglas', 'webber,connor', 'jones,ron', 'park,brandon']","['berger,ryan', 'gilligan,tully', 'frebis,ronnie', 'robertson,marc', 'mcelveen,mac']",365.0,millsaps,20,0,0.0
152,152,905,Millsaps,Berry,1,70-84,"32,52","24,46",7-15,5-19,4-9,2-11,02/21/14,8:00 PM,,MILLSAPS HANGAR DOME,Win,2,False,267,False,06:05,,16.0,,20.0,"SUB IN by AUBERT,DUSTIN",,,"SUB IN by AUBERT,DUSTIN",1,subbing in,,millsaps,"aubert,dustin",,"['jacobs,owen', 'cotter,douglas', 'webber,connor', 'jones,ron', 'park,brandon']","['berger,ryan', 'gilligan,tully', 'frebis,ronnie', 'robertson,marc', 'mcelveen,mac']",365.0,millsaps,20,0,0.0
153,153,905,Millsaps,Berry,1,70-84,"32,52","24,46",7-15,5-19,4-9,2-11,02/21/14,8:00 PM,,MILLSAPS HANGAR DOME,Win,2,False,267,False,06:05,,16.0,,20.0,"SUB OUT by MCELVEEN,MAC",,,"SUB OUT by MCELVEEN,MAC",1,subbing out,,millsaps,"mcelveen,mac",,"['jacobs,owen', 'cotter,douglas', 'webber,connor', 'jones,ron', 'park,brandon']","['berger,ryan', 'gilligan,tully', 'frebis,ronnie', 'robertson,marc']",365.0,millsaps,20,0,0.0
154,154,905,Millsaps,Berry,1,70-84,"32,52","24,46",7-15,5-19,4-9,2-11,02/21/14,8:00 PM,,MILLSAPS HANGAR DOME,Win,2,False,267,False,06:05,,16.0,,20.0,"SUB OUT by GILLIGAN,TULLY",,,"SUB OUT by GILLIGAN,TULLY",1,subbing out,,millsaps,"gilligan,tully",,"['jacobs,owen', 'cotter,douglas', 'webber,connor', 'jones,ron', 'park,brandon']","['berger,ryan', 'frebis,ronnie', 'robertson,marc']",365.0,millsaps,20,0,0.0
155,155,905,Millsaps,Berry,1,70-84,"32,52","24,46",7-15,5-19,4-9,2-11,02/21/14,8:00 PM,,MILLSAPS HANGAR DOME,Win,2,False,267,False,05:37,,16.0,,22.0,"GOOD LAYUP by ROBERTSON,MARC(in the paint)",MILLSAPS 16-22 (+6),,"GOOD LAYUP by ROBERTSON,MARC(in the paint)",1,layup,good,millsaps,"robertson,marc",2.0,"['jacobs,owen', 'cotter,douglas', 'webber,connor', 'jones,ron', 'park,brandon']","['berger,ryan', 'frebis,ronnie', 'robertson,marc']",337.0,millsaps,20,0,0.0
156,156,905,Millsaps,Berry,1,70-84,"32,52","24,46",7-15,5-19,4-9,2-11,02/21/14,8:00 PM,,MILLSAPS HANGAR DOME,Win,2,False,267,False,--,,16.0,,22.0,"ASSIST  by GILLIGAN,TULLY",,,"ASSIST  by GILLIGAN,TULLY",1,assist,,millsaps,"gilligan,tully",,"['jacobs,owen', 'cotter,douglas', 'webber,connor', 'jones,ron', 'park,brandon']","['berger,ryan', 'frebis,ronnie', 'robertson,marc']",,millsaps,20,0,0.0
157,157,905,Millsaps,Berry,1,70-84,"32,52","24,46",7-15,5-19,4-9,2-11,02/21/14,8:00 PM,,MILLSAPS HANGAR DOME,Win,2,False,267,False,05:30,"FOUL  by PARK,BRANDON",16.0,,22.0,,,,"FOUL  by PARK,BRANDON",1,foul,,berry,"park,brandon",,"['jacobs,owen', 'cotter,douglas', 'webber,connor', 'jones,ron', 'park,brandon']","['berger,ryan', 'frebis,ronnie', 'robertson,marc']",330.0,millsaps,20,0,0.0
158,158,905,Millsaps,Berry,1,70-84,"32,52","24,46",7-15,5-19,4-9,2-11,02/21/14,8:00 PM,,MILLSAPS HANGAR DOME,Win,2,False,267,False,05:10,,16.0,,22.0,"MISS JUMPER by BERGER,RYAN",,,"MISS JUMPER by BERGER,RYAN",1,jumper,missed,millsaps,"berger,ryan",,"['jacobs,owen', 'cotter,douglas', 'webber,connor', 'jones,ron', 'park,brandon']","['berger,ryan', 'frebis,ronnie', 'robertson,marc']",310.0,millsaps,20,0,0.0
159,159,905,Millsaps,Berry,1,70-84,"32,52","24,46",7-15,5-19,4-9,2-11,02/21/14,8:00 PM,,MILLSAPS HANGAR DOME,Win,2,False,267,False,--,"REBOUND DEF by GRAHAM,LAKE",16.0,,22.0,,,,"REBOUND DEF by GRAHAM,LAKE",1,defensive rebound,,berry,"graham,lake",,"['jacobs,owen', 'cotter,douglas', 'webber,connor', 'jones,ron', 'park,brandon']","['berger,ryan', 'frebis,ronnie', 'robertson,marc']",,millsaps,20,0,0.0
160,160,905,Millsaps,Berry,1,70-84,"32,52","24,46",7-15,5-19,4-9,2-11,02/21/14,8:00 PM,,MILLSAPS HANGAR DOME,Win,2,False,267,False,04:55,"GOOD LAYUP by WEBBER,CONNOR(in the paint)",18.0,,22.0,,BCM 18-22 (+4),,"GOOD LAYUP by WEBBER,CONNOR(in the paint)",1,layup,good,berry,"webber,connor",2.0,"['jacobs,owen', 'cotter,douglas', 'webber,connor', 'jones,ron', 'park,brandon']","['berger,ryan', 'frebis,ronnie', 'robertson,marc']",295.0,berry,21,0,0.0
161,161,905,Millsaps,Berry,1,70-84,"32,52","24,46",7-15,5-19,4-9,2-11,02/21/14,8:00 PM,,MILLSAPS HANGAR DOME,Win,2,False,267,False,04:53,,18.0,,22.0,TIMEOUT 30SEC by TEAM,,,TIMEOUT 30SEC by TEAM,1,timeout,,millsaps,,,"['jacobs,owen', 'cotter,douglas', 'webber,connor', 'jones,ron', 'park,brandon']","['berger,ryan', 'frebis,ronnie', 'robertson,marc']",293.0,berry,21,0,0.0
162,162,905,Millsaps,Berry,1,70-84,"32,52","24,46",7-15,5-19,4-9,2-11,02/21/14,8:00 PM,,MILLSAPS HANGAR DOME,Win,2,False,267,False,04:28,,18.0,,22.0,"MISS 3PTR by ROBERTSON,MARC",,,"MISS 3PTR by ROBERTSON,MARC",1,three pointer,missed,millsaps,"robertson,marc",,"['jacobs,owen', 'cotter,douglas', 'webber,connor', 'jones,ron', 'park,brandon']","['berger,ryan', 'frebis,ronnie', 'robertson,marc']",268.0,berry,21,0,0.0
163,163,905,Millsaps,Berry,1,70-84,"32,52","24,46",7-15,5-19,4-9,2-11,02/21/14,8:00 PM,,MILLSAPS HANGAR DOME,Win,2,False,267,False,--,,18.0,,22.0,"REBOUND OFF by BERGER,RYAN",,,"REBOUND OFF by BERGER,RYAN",1,offensive rebound,,millsaps,"berger,ryan",,"['jacobs,owen', 'cotter,douglas', 'webber,connor', 'jones,ron', 'park,brandon']","['berger,ryan', 'frebis,ronnie', 'robertson,marc']",,berry,21,0,0.0
164,164,905,Millsaps,Berry,1,70-84,"32,52","24,46",7-15,5-19,4-9,2-11,02/21/14,8:00 PM,,MILLSAPS HANGAR DOME,Win,2,False,267,False,04:23,,18.0,,22.0,"MISS 3PTR by GILLIGAN,TULLY",,,"MISS 3PTR by GILLIGAN,TULLY",1,three pointer,missed,millsaps,"gilligan,tully",,"['jacobs,owen', 'cotter,douglas', 'webber,connor', 'jones,ron', 'park,brandon']","['berger,ryan', 'frebis,ronnie', 'robertson,marc']",263.0,berry,21,0,0.0
165,165,905,Millsaps,Berry,1,70-84,"32,52","24,46",7-15,5-19,4-9,2-11,02/21/14,8:00 PM,,MILLSAPS HANGAR DOME,Win,2,False,267,False,--,"REBOUND DEF by GRAHAM,LAKE",18.0,,22.0,,,,"REBOUND DEF by GRAHAM,LAKE",1,defensive rebound,,berry,"graham,lake",,"['jacobs,owen', 'cotter,douglas', 'webber,connor', 'jones,ron', 'park,brandon']","['berger,ryan', 'frebis,ronnie', 'robertson,marc']",,berry,21,0,0.0
166,166,905,Millsaps,Berry,1,70-84,"32,52","24,46",7-15,5-19,4-9,2-11,02/21/14,8:00 PM,,MILLSAPS HANGAR DOME,Win,2,False,267,False,04:15,"SUB IN by GRAHAM,LAKE",18.0,,22.0,,,,"SUB IN by GRAHAM,LAKE",1,subbing in,,berry,"graham,lake",,"['jacobs,owen', 'cotter,douglas', 'webber,connor', 'jones,ron', 'park,brandon', 'graham,lake']","['berger,ryan', 'frebis,ronnie', 'robertson,marc']",255.0,berry,21,0,0.0
167,167,905,Millsaps,Berry,1,70-84,"32,52","24,46",7-15,5-19,4-9,2-11,02/21/14,8:00 PM,,MILLSAPS HANGAR DOME,Win,2,False,267,False,04:15,"SUB OUT by COTTER,DOUGLAS",18.0,,22.0,,,,"SUB OUT by COTTER,DOUGLAS",1,subbing out,,berry,"cotter,douglas",,"['jacobs,owen', 'webber,connor', 'jones,ron', 'park,brandon', 'graham,lake']","['berger,ryan', 'frebis,ronnie', 'robertson,marc']",255.0,berry,21,0,0.0
168,168,905,Millsaps,Berry,1,70-84,"32,52","24,46",7-15,5-19,4-9,2-11,02/21/14,8:00 PM,,MILLSAPS HANGAR DOME,Win,2,False,267,False,04:12,"GOOD LAYUP by PARK,BRANDON(in the paint)",20.0,,22.0,,BCM 20-22 (+2),,"GOOD LAYUP by PARK,BRANDON(in the paint)",1,layup,good,berry,"park,brandon",2.0,"['jacobs,owen', 'webber,connor', 'jones,ron', 'park,brandon', 'graham,lake']","['berger,ryan', 'frebis,ronnie', 'robertson,marc']",252.0,berry,21,0,0.0
169,169,905,Millsaps,Berry,1,70-84,"32,52","24,46",7-15,5-19,4-9,2-11,02/21/14,8:00 PM,,MILLSAPS HANGAR DOME,Win,2,False,267,False,04:09,,20.0,,22.0,"FOUL  by FREBIS,RONNIE",,,"FOUL  by FREBIS,RONNIE",1,foul,,millsaps,"frebis,ronnie",,"['jacobs,owen', 'webber,connor', 'jones,ron', 'park,brandon', 'graham,lake']","['berger,ryan', 'frebis,ronnie', 'robertson,marc']",249.0,berry,21,0,0.0
170,170,905,Millsaps,Berry,1,70-84,"32,52","24,46",7-15,5-19,4-9,2-11,02/21/14,8:00 PM,,MILLSAPS HANGAR DOME,Win,2,False,267,False,04:09,"GOOD FT by PARK,BRANDON",21.0,,22.0,,BCM 21-22 (+1),,"GOOD FT by PARK,BRANDON",1,free throw,good,berry,"park,brandon",1.0,"['jacobs,owen', 'webber,connor', 'jones,ron', 'park,brandon', 'graham,lake']","['berger,ryan', 'frebis,ronnie', 'robertson,marc']",249.0,berry,21,0,0.0
171,171,905,Millsaps,Berry,1,70-84,"32,52","24,46",7-15,5-19,4-9,2-11,02/21/14,8:00 PM,,MILLSAPS HANGAR DOME,Win,2,False,267,False,03:43,,21.0,,22.0,"MISS JUMPER by BERGER,RYAN",,,"MISS JUMPER by BERGER,RYAN",1,jumper,missed,millsaps,"berger,ryan",,"['jacobs,owen', 'webber,connor', 'jones,ron', 'park,brandon', 'graham,lake']","['berger,ryan', 'frebis,ronnie', 'robertson,marc']",223.0,berry,21,0,0.0
172,172,905,Millsaps,Berry,1,70-84,"32,52","24,46",7-15,5-19,4-9,2-11,02/21/14,8:00 PM,,MILLSAPS HANGAR DOME,Win,2,False,267,False,--,"REBOUND DEF by PARK,BRANDON",21.0,,22.0,,,,"REBOUND DEF by PARK,BRANDON",1,defensive rebound,,berry,"park,brandon",,"['jacobs,owen', 'webber,connor', 'jones,ron', 'park,brandon', 'graham,lake']","['berger,ryan', 'frebis,ronnie', 'robertson,marc']",,berry,21,0,0.0
173,173,905,Millsaps,Berry,1,70-84,"32,52","24,46",7-15,5-19,4-9,2-11,02/21/14,8:00 PM,,MILLSAPS HANGAR DOME,Win,2,False,267,False,03:39,"MISS LAYUP by PARK,BRANDON",21.0,,22.0,,,,"MISS LAYUP by PARK,BRANDON",1,layup,missed,berry,"park,brandon",,"['jacobs,owen', 'webber,connor', 'jones,ron', 'park,brandon', 'graham,lake']","['berger,ryan', 'frebis,ronnie', 'robertson,marc']",219.0,berry,21,0,0.0
174,174,905,Millsaps,Berry,1,70-84,"32,52","24,46",7-15,5-19,4-9,2-11,02/21/14,8:00 PM,,MILLSAPS HANGAR DOME,Win,2,False,267,False,--,"REBOUND OFF by GRAHAM,LAKE",21.0,,22.0,,,,"REBOUND OFF by GRAHAM,LAKE",1,offensive rebound,,berry,"graham,lake",,"['jacobs,owen', 'webber,connor', 'jones,ron', 'park,brandon', 'graham,lake']","['berger,ryan', 'frebis,ronnie', 'robertson,marc']",,berry,21,0,0.0
175,175,905,Millsaps,Berry,1,70-84,"32,52","24,46",7-15,5-19,4-9,2-11,02/21/14,8:00 PM,,MILLSAPS HANGAR DOME,Win,2,False,267,False,03:36,"MISS LAYUP by GRAHAM,LAKE",21.0,,22.0,,,,"MISS LAYUP by GRAHAM,LAKE",1,layup,missed,berry,"graham,lake",,"['jacobs,owen', 'webber,connor', 'jones,ron', 'park,brandon', 'graham,lake']","['berger,ryan', 'frebis,ronnie', 'robertson,marc']",216.0,berry,21,0,0.0
176,176,905,Millsaps,Berry,1,70-84,"32,52","24,46",7-15,5-19,4-9,2-11,02/21/14,8:00 PM,,MILLSAPS HANGAR DOME,Win,2,False,267,False,--,,21.0,,22.0,REBOUND DEF by TEAM,,,REBOUND DEF by TEAM,1,defensive rebound,,millsaps,,,"['jacobs,owen', 'webber,connor', 'jones,ron', 'park,brandon', 'graham,lake']","['berger,ryan', 'frebis,ronnie', 'robertson,marc']",,millsaps,22,0,0.0
177,177,905,Millsaps,Berry,1,70-84,"32,52","24,46",7-15,5-19,4-9,2-11,02/21/14,8:00 PM,,MILLSAPS HANGAR DOME,Win,2,False,267,False,03:36,,21.0,,22.0,"SUB IN by KASTNER,MURRAY",,,"SUB IN by KASTNER,MURRAY",1,subbing in,,millsaps,"kastner,murray",,"['jacobs,owen', 'webber,connor', 'jones,ron', 'park,brandon', 'graham,lake']","['berger,ryan', 'frebis,ronnie', 'robertson,marc', 'kastner,murray']",216.0,millsaps,22,0,0.0
178,178,905,Millsaps,Berry,1,70-84,"32,52","24,46",7-15,5-19,4-9,2-11,02/21/14,8:00 PM,,MILLSAPS HANGAR DOME,Win,2,False,267,False,03:36,,21.0,,22.0,"SUB OUT by ROBERTSON,MARC",,,"SUB OUT by ROBERTSON,MARC",1,subbing out,,millsaps,"robertson,marc",,"['jacobs,owen', 'webber,connor', 'jones,ron', 'park,brandon', 'graham,lake']","['berger,ryan', 'frebis,ronnie', 'kastner,murray']",216.0,millsaps,22,0,0.0
179,179,905,Millsaps,Berry,1,70-84,"32,52","24,46",7-15,5-19,4-9,2-11,02/21/14,8:00 PM,,MILLSAPS HANGAR DOME,Win,2,False,267,False,03:17,,21.0,,24.0,"GOOD LAYUP by AUBERT,DUSTIN(in the paint)",MILLSAPS 21-24 (+3),,"GOOD LAYUP by AUBERT,DUSTIN(in the paint)",1,layup,good,millsaps,"aubert,dustin",2.0,"['jacobs,owen', 'webber,connor', 'jones,ron', 'park,brandon', 'graham,lake']","['berger,ryan', 'frebis,ronnie', 'kastner,murray']",197.0,millsaps,22,0,0.0
180,180,905,Millsaps,Berry,1,70-84,"32,52","24,46",7-15,5-19,4-9,2-11,02/21/14,8:00 PM,,MILLSAPS HANGAR DOME,Win,2,False,267,False,02:46,"GOOD LAYUP by PARK,BRANDON(in the paint)",23.0,,24.0,,BCM 23-24 (+1),,"GOOD LAYUP by PARK,BRANDON(in the paint)",1,layup,good,berry,"park,brandon",2.0,"['jacobs,owen', 'webber,connor', 'jones,ron', 'park,brandon', 'graham,lake']","['berger,ryan', 'frebis,ronnie', 'kastner,murray']",166.0,millsaps,22,0,0.0
181,181,905,Millsaps,Berry,1,70-84,"32,52","24,46",7-15,5-19,4-9,2-11,02/21/14,8:00 PM,,MILLSAPS HANGAR DOME,Win,2,False,267,False,02:21,,23.0,,26.0,"GOOD JUMPER by BERGER,RYAN",MILLSAPS 23-26 (+3),,"GOOD JUMPER by BERGER,RYAN",1,jumper,good,millsaps,"berger,ryan",2.0,"['jacobs,owen', 'webber,connor', 'jones,ron', 'park,brandon', 'graham,lake']","['berger,ryan', 'frebis,ronnie', 'kastner,murray']",141.0,millsaps,22,0,0.0
182,182,905,Millsaps,Berry,1,70-84,"32,52","24,46",7-15,5-19,4-9,2-11,02/21/14,8:00 PM,,MILLSAPS HANGAR DOME,Win,2,False,267,False,--,,23.0,,26.0,"ASSIST  by GILLIGAN,TULLY",,,"ASSIST  by GILLIGAN,TULLY",1,assist,,millsaps,"gilligan,tully",,"['jacobs,owen', 'webber,connor', 'jones,ron', 'park,brandon', 'graham,lake']","['berger,ryan', 'frebis,ronnie', 'kastner,murray']",,millsaps,22,0,0.0
183,183,905,Millsaps,Berry,1,70-84,"32,52","24,46",7-15,5-19,4-9,2-11,02/21/14,8:00 PM,,MILLSAPS HANGAR DOME,Win,2,False,267,False,01:55,"MISS 3PTR by PARK,BRANDON",23.0,,26.0,,,,"MISS 3PTR by PARK,BRANDON",1,three pointer,missed,berry,"park,brandon",,"['jacobs,owen', 'webber,connor', 'jones,ron', 'park,brandon', 'graham,lake']","['berger,ryan', 'frebis,ronnie', 'kastner,murray']",115.0,millsaps,22,0,0.0
184,184,905,Millsaps,Berry,1,70-84,"32,52","24,46",7-15,5-19,4-9,2-11,02/21/14,8:00 PM,,MILLSAPS HANGAR DOME,Win,2,False,267,False,--,,23.0,,26.0,REBOUND DEF by TEAM,,,REBOUND DEF by TEAM,1,defensive rebound,,millsaps,,,"['jacobs,owen', 'webber,connor', 'jones,ron', 'park,brandon', 'graham,lake']","['berger,ryan', 'frebis,ronnie', 'kastner,murray']",,millsaps,22,0,0.0
185,185,905,Millsaps,Berry,1,70-84,"32,52","24,46",7-15,5-19,4-9,2-11,02/21/14,8:00 PM,,MILLSAPS HANGAR DOME,Win,2,False,267,False,01:50,,23.0,,26.0,"SUB IN by MCELVEEN,MAC",,,"SUB IN by MCELVEEN,MAC",1,subbing in,,millsaps,"mcelveen,mac",,"['jacobs,owen', 'webber,connor', 'jones,ron', 'park,brandon', 'graham,lake']","['berger,ryan', 'frebis,ronnie', 'kastner,murray', 'mcelveen,mac']",110.0,millsaps,22,0,0.0
186,186,905,Millsaps,Berry,1,70-84,"32,52","24,46",7-15,5-19,4-9,2-11,02/21/14,8:00 PM,,MILLSAPS HANGAR DOME,Win,2,False,267,False,01:50,,23.0,,26.0,"SUB OUT by BERGER,RYAN",,,"SUB OUT by BERGER,RYAN",1,subbing out,,millsaps,"berger,ryan",,"['jacobs,owen', 'webber,connor', 'jones,ron', 'park,brandon', 'graham,lake']","['frebis,ronnie', 'kastner,murray', 'mcelveen,mac']",110.0,millsaps,22,0,0.0
187,187,905,Millsaps,Berry,1,70-84,"32,52","24,46",7-15,5-19,4-9,2-11,02/21/14,8:00 PM,,MILLSAPS HANGAR DOME,Win,2,False,267,False,01:25,,23.0,,26.0,"MISS LAYUP by GILLIGAN,TULLY",,,"MISS LAYUP by GILLIGAN,TULLY",1,layup,missed,millsaps,"gilligan,tully",,"['jacobs,owen', 'webber,connor', 'jones,ron', 'park,brandon', 'graham,lake']","['frebis,ronnie', 'kastner,murray', 'mcelveen,mac']",85.0,millsaps,22,0,0.0
188,188,905,Millsaps,Berry,1,70-84,"32,52","24,46",7-15,5-19,4-9,2-11,02/21/14,8:00 PM,,MILLSAPS HANGAR DOME,Win,2,False,267,False,--,"REBOUND DEF by JONES,RON",23.0,,26.0,,,,"REBOUND DEF by JONES,RON",1,defensive rebound,,berry,"jones,ron",,"['jacobs,owen', 'webber,connor', 'jones,ron', 'park,brandon', 'graham,lake']","['frebis,ronnie', 'kastner,murray', 'mcelveen,mac']",,millsaps,22,0,0.0
189,189,905,Millsaps,Berry,1,70-84,"32,52","24,46",7-15,5-19,4-9,2-11,02/21/14,8:00 PM,,MILLSAPS HANGAR DOME,Win,2,False,267,False,01:17,"MISS LAYUP by WEBBER,CONNOR",23.0,,26.0,,,,"MISS LAYUP by WEBBER,CONNOR",1,layup,missed,berry,"webber,connor",,"['jacobs,owen', 'webber,connor', 'jones,ron', 'park,brandon', 'graham,lake']","['frebis,ronnie', 'kastner,murray', 'mcelveen,mac']",77.0,berry,23,0,0.0
190,190,905,Millsaps,Berry,1,70-84,"32,52","24,46",7-15,5-19,4-9,2-11,02/21/14,8:00 PM,,MILLSAPS HANGAR DOME,Win,2,False,267,False,--,"REBOUND OFF by WEBBER,CONNOR",23.0,,26.0,,,,"REBOUND OFF by WEBBER,CONNOR",1,offensive rebound,,berry,"webber,connor",,"['jacobs,owen', 'webber,connor', 'jones,ron', 'park,brandon', 'graham,lake']","['frebis,ronnie', 'kastner,murray', 'mcelveen,mac']",,berry,23,0,0.0
191,191,905,Millsaps,Berry,1,70-84,"32,52","24,46",7-15,5-19,4-9,2-11,02/21/14,8:00 PM,,MILLSAPS HANGAR DOME,Win,2,False,267,False,01:14,,23.0,,26.0,"FOUL  by AUBERT,DUSTIN",,,"FOUL  by AUBERT,DUSTIN",1,foul,,millsaps,"aubert,dustin",,"['jacobs,owen', 'webber,connor', 'jones,ron', 'park,brandon', 'graham,lake']","['frebis,ronnie', 'kastner,murray', 'mcelveen,mac']",74.0,berry,23,0,0.0
192,192,905,Millsaps,Berry,1,70-84,"32,52","24,46",7-15,5-19,4-9,2-11,02/21/14,8:00 PM,,MILLSAPS HANGAR DOME,Win,2,False,267,False,01:14,"MISS FT by WEBBER,CONNOR",23.0,,26.0,,,,"MISS FT by WEBBER,CONNOR",1,free throw,missed,berry,"webber,connor",,"['jacobs,owen', 'webber,connor', 'jones,ron', 'park,brandon', 'graham,lake']","['frebis,ronnie', 'kastner,murray', 'mcelveen,mac']",74.0,berry,23,0,0.0
193,193,905,Millsaps,Berry,1,70-84,"32,52","24,46",7-15,5-19,4-9,2-11,02/21/14,8:00 PM,,MILLSAPS HANGAR DOME,Win,2,False,267,False,--,REBOUND DEADB by TEAM,23.0,,26.0,,,,REBOUND DEADB by TEAM,1,deadball rebound,,berry,,,"['jacobs,owen', 'webber,connor', 'jones,ron', 'park,brandon', 'graham,lake']","['frebis,ronnie', 'kastner,murray', 'mcelveen,mac']",,berry,23,0,0.0
194,194,905,Millsaps,Berry,1,70-84,"32,52","24,46",7-15,5-19,4-9,2-11,02/21/14,8:00 PM,,MILLSAPS HANGAR DOME,Win,2,False,267,False,01:14,"GOOD FT by WEBBER,CONNOR",24.0,,26.0,,BCM 24-26 (+2),,"GOOD FT by WEBBER,CONNOR",1,free throw,good,berry,"webber,connor",1.0,"['jacobs,owen', 'webber,connor', 'jones,ron', 'park,brandon', 'graham,lake']","['frebis,ronnie', 'kastner,murray', 'mcelveen,mac']",74.0,berry,23,0,0.0
195,195,905,Millsaps,Berry,1,70-84,"32,52","24,46",7-15,5-19,4-9,2-11,02/21/14,8:00 PM,,MILLSAPS HANGAR DOME,Win,2,False,267,False,01:14,,24.0,,26.0,"SUB IN by BERGER,RYAN",,,"SUB IN by BERGER,RYAN",1,subbing in,,millsaps,"berger,ryan",,"['jacobs,owen', 'webber,connor', 'jones,ron', 'park,brandon', 'graham,lake']","['frebis,ronnie', 'kastner,murray', 'mcelveen,mac', 'berger,ryan']",74.0,berry,23,0,0.0
196,196,905,Millsaps,Berry,1,70-84,"32,52","24,46",7-15,5-19,4-9,2-11,02/21/14,8:00 PM,,MILLSAPS HANGAR DOME,Win,2,False,267,False,01:14,,24.0,,26.0,"SUB IN by ROBERTSON,MARC",,,"SUB IN by ROBERTSON,MARC",1,subbing in,,millsaps,"robertson,marc",,"['jacobs,owen', 'webber,connor', 'jones,ron', 'park,brandon', 'graham,lake']","['frebis,ronnie', 'kastner,murray', 'mcelveen,mac', 'berger,ryan', 'robertson,marc']",74.0,berry,23,0,0.0
197,197,905,Millsaps,Berry,1,70-84,"32,52","24,46",7-15,5-19,4-9,2-11,02/21/14,8:00 PM,,MILLSAPS HANGAR DOME,Win,2,False,267,False,01:14,,24.0,,26.0,"SUB OUT by FREBIS,RONNIE",,,"SUB OUT by FREBIS,RONNIE",1,subbing out,,millsaps,"frebis,ronnie",,"['jacobs,owen', 'webber,connor', 'jones,ron', 'park,brandon', 'graham,lake']","['kastner,murray', 'mcelveen,mac', 'berger,ryan', 'robertson,marc']",74.0,berry,23,0,0.0
198,198,905,Millsaps,Berry,1,70-84,"32,52","24,46",7-15,5-19,4-9,2-11,02/21/14,8:00 PM,,MILLSAPS HANGAR DOME,Win,2,False,267,False,01:14,,24.0,,26.0,"SUB OUT by AUBERT,DUSTIN",,,"SUB OUT by AUBERT,DUSTIN",1,subbing out,,millsaps,"aubert,dustin",,"['jacobs,owen', 'webber,connor', 'jones,ron', 'park,brandon', 'graham,lake']","['kastner,murray', 'mcelveen,mac', 'berger,ryan', 'robertson,marc']",74.0,berry,23,0,0.0
199,199,905,Millsaps,Berry,1,70-84,"32,52","24,46",7-15,5-19,4-9,2-11,02/21/14,8:00 PM,,MILLSAPS HANGAR DOME,Win,2,False,267,False,00:51,,24.0,,29.0,"GOOD 3PTR by ROBERTSON,MARC",MILLSAPS 24-29 (+5),,"GOOD 3PTR by ROBERTSON,MARC",1,three pointer,good,millsaps,"robertson,marc",3.0,"['jacobs,owen', 'webber,connor', 'jones,ron', 'park,brandon', 'graham,lake']","['kastner,murray', 'mcelveen,mac', 'berger,ryan', 'robertson,marc']",51.0,berry,23,0,0.0
200,200,905,Millsaps,Berry,1,70-84,"32,52","24,46",7-15,5-19,4-9,2-11,02/21/14,8:00 PM,,MILLSAPS HANGAR DOME,Win,2,False,267,False,--,,24.0,,29.0,"ASSIST  by KASTNER,MURRAY",,,"ASSIST  by KASTNER,MURRAY",1,assist,,millsaps,"kastner,murray",,"['jacobs,owen', 'webber,connor', 'jones,ron', 'park,brandon', 'graham,lake']","['kastner,murray', 'mcelveen,mac', 'berger,ryan', 'robertson,marc']",,berry,23,0,0.0
201,201,905,Millsaps,Berry,1,70-84,"32,52","24,46",7-15,5-19,4-9,2-11,02/21/14,8:00 PM,,MILLSAPS HANGAR DOME,Win,2,False,267,False,00:32,"FOUL  by GRAHAM,LAKE",24.0,,29.0,,,,"FOUL  by GRAHAM,LAKE",1,foul,,berry,"graham,lake",,"['jacobs,owen', 'webber,connor', 'jones,ron', 'park,brandon', 'graham,lake']","['kastner,murray', 'mcelveen,mac', 'berger,ryan', 'robertson,marc']",32.0,berry,23,0,0.0
202,202,905,Millsaps,Berry,1,70-84,"32,52","24,46",7-15,5-19,4-9,2-11,02/21/14,8:00 PM,,MILLSAPS HANGAR DOME,Win,2,False,267,False,00:04,,24.0,,32.0,"GOOD 3PTR by KASTNER,MURRAY",MILLSAPS 24-32 (+8),,"GOOD 3PTR by KASTNER,MURRAY",1,three pointer,good,millsaps,"kastner,murray",3.0,"['jacobs,owen', 'webber,connor', 'jones,ron', 'park,brandon', 'graham,lake']","['kastner,murray', 'mcelveen,mac', 'berger,ryan', 'robertson,marc']",4.0,berry,23,0,0.0
203,203,905,Millsaps,Berry,1,70-84,"32,52","24,46",7-15,5-19,4-9,2-11,02/21/14,8:00 PM,,MILLSAPS HANGAR DOME,Win,2,False,267,False,--,,24.0,,32.0,"ASSIST  by GILLIGAN,TULLY",,,"ASSIST  by GILLIGAN,TULLY",1,assist,,millsaps,"gilligan,tully",,"['jacobs,owen', 'webber,connor', 'jones,ron', 'park,brandon', 'graham,lake']","['kastner,murray', 'mcelveen,mac', 'berger,ryan', 'robertson,marc']",,berry,23,0,0.0
204,204,905,Millsaps,Berry,1,70-84,"32,52","24,46",7-15,5-19,4-9,2-11,02/21/14,8:00 PM,,MILLSAPS HANGAR DOME,Win,2,False,267,False,19:39,"MISS JUMPER by MCCLOUD,LEE",24.0,,32.0,,,,"MISS JUMPER by MCCLOUD,LEE",2,jumper,missed,berry,"mccloud,lee",,"['jacobs,owen', 'webber,connor', 'jones,ron', 'park,brandon', 'graham,lake']","['kastner,murray', 'mcelveen,mac', 'berger,ryan', 'robertson,marc']",1179.0,berry,23,0,0.0
205,205,905,Millsaps,Berry,1,70-84,"32,52","24,46",7-15,5-19,4-9,2-11,02/21/14,8:00 PM,,MILLSAPS HANGAR DOME,Win,2,False,267,False,--,,24.0,,32.0,"REBOUND DEF by BERGER,RYAN",,,"REBOUND DEF by BERGER,RYAN",2,defensive rebound,,millsaps,"berger,ryan",,"['jacobs,owen', 'webber,connor', 'jones,ron', 'park,brandon', 'graham,lake']","['kastner,murray', 'mcelveen,mac', 'berger,ryan', 'robertson,marc']",,berry,23,0,0.0
206,206,905,Millsaps,Berry,1,70-84,"32,52","24,46",7-15,5-19,4-9,2-11,02/21/14,8:00 PM,,MILLSAPS HANGAR DOME,Win,2,False,267,False,19:29,,24.0,,34.0,"GOOD LAYUP by FREBIS,RONNIE(in the paint)",MILLSAPS 24-34 (+10),,"GOOD LAYUP by FREBIS,RONNIE(in the paint)",2,layup,good,millsaps,"frebis,ronnie",2.0,"['jacobs,owen', 'webber,connor', 'jones,ron', 'park,brandon', 'graham,lake']","['kastner,murray', 'mcelveen,mac', 'berger,ryan', 'robertson,marc']",1169.0,millsaps,24,0,0.0
207,207,905,Millsaps,Berry,1,70-84,"32,52","24,46",7-15,5-19,4-9,2-11,02/21/14,8:00 PM,,MILLSAPS HANGAR DOME,Win,2,False,267,False,--,,24.0,,34.0,"ASSIST  by GILLIGAN,TULLY",,,"ASSIST  by GILLIGAN,TULLY",2,assist,,millsaps,"gilligan,tully",,"['jacobs,owen', 'webber,connor', 'jones,ron', 'park,brandon', 'graham,lake']","['kastner,murray', 'mcelveen,mac', 'berger,ryan', 'robertson,marc']",,millsaps,24,0,0.0
208,208,905,Millsaps,Berry,1,70-84,"32,52","24,46",7-15,5-19,4-9,2-11,02/21/14,8:00 PM,,MILLSAPS HANGAR DOME,Win,2,False,267,False,19:14,"GOOD 3PTR by SMOAK,HUNTER",27.0,,34.0,,BCM 27-34 (+7),,"GOOD 3PTR by SMOAK,HUNTER",2,three pointer,good,berry,"smoak,hunter",3.0,"['jacobs,owen', 'webber,connor', 'jones,ron', 'park,brandon', 'graham,lake']","['kastner,murray', 'mcelveen,mac', 'berger,ryan', 'robertson,marc']",1154.0,millsaps,24,0,0.0
209,209,905,Millsaps,Berry,1,70-84,"32,52","24,46",7-15,5-19,4-9,2-11,02/21/14,8:00 PM,,MILLSAPS HANGAR DOME,Win,2,False,267,False,--,"ASSIST  by WHALEN,MAC",27.0,,34.0,,,,"ASSIST  by WHALEN,MAC",2,assist,,berry,"whalen,mac",,"['jacobs,owen', 'webber,connor', 'jones,ron', 'park,brandon', 'graham,lake']","['kastner,murray', 'mcelveen,mac', 'berger,ryan', 'robertson,marc']",,millsaps,24,0,0.0
210,210,905,Millsaps,Berry,1,70-84,"32,52","24,46",7-15,5-19,4-9,2-11,02/21/14,8:00 PM,,MILLSAPS HANGAR DOME,Win,2,False,267,False,18:42,,27.0,,37.0,"GOOD 3PTR by BERGER,RYAN",MILLSAPS 27-37 (+10),,"GOOD 3PTR by BERGER,RYAN",2,three pointer,good,millsaps,"berger,ryan",3.0,"['jacobs,owen', 'webber,connor', 'jones,ron', 'park,brandon', 'graham,lake']","['kastner,murray', 'mcelveen,mac', 'berger,ryan', 'robertson,marc']",1122.0,millsaps,24,0,0.0
211,211,905,Millsaps,Berry,1,70-84,"32,52","24,46",7-15,5-19,4-9,2-11,02/21/14,8:00 PM,,MILLSAPS HANGAR DOME,Win,2,False,267,False,--,,27.0,,37.0,"ASSIST  by GILLIGAN,TULLY",,,"ASSIST  by GILLIGAN,TULLY",2,assist,,millsaps,"gilligan,tully",,"['jacobs,owen', 'webber,connor', 'jones,ron', 'park,brandon', 'graham,lake']","['kastner,murray', 'mcelveen,mac', 'berger,ryan', 'robertson,marc']",,millsaps,24,0,0.0
212,212,905,Millsaps,Berry,1,70-84,"32,52","24,46",7-15,5-19,4-9,2-11,02/21/14,8:00 PM,,MILLSAPS HANGAR DOME,Win,2,False,267,False,18:17,"MISS 3PTR by MCCLOUD,LEE",27.0,,37.0,,,,"MISS 3PTR by MCCLOUD,LEE",2,three pointer,missed,berry,"mccloud,lee",,"['jacobs,owen', 'webber,connor', 'jones,ron', 'park,brandon', 'graham,lake']","['kastner,murray', 'mcelveen,mac', 'berger,ryan', 'robertson,marc']",1097.0,millsaps,24,0,0.0
213,213,905,Millsaps,Berry,1,70-84,"32,52","24,46",7-15,5-19,4-9,2-11,02/21/14,8:00 PM,,MILLSAPS HANGAR DOME,Win,2,False,267,False,--,,27.0,,37.0,REBOUND DEF by TEAM,,,REBOUND DEF by TEAM,2,defensive rebound,,millsaps,,,"['jacobs,owen', 'webber,connor', 'jones,ron', 'park,brandon', 'graham,lake']","['kastner,murray', 'mcelveen,mac', 'berger,ryan', 'robertson,marc']",,millsaps,24,0,0.0
214,214,905,Millsaps,Berry,1,70-84,"32,52","24,46",7-15,5-19,4-9,2-11,02/21/14,8:00 PM,,MILLSAPS HANGAR DOME,Win,2,False,267,False,17:43,,27.0,,39.0,"GOOD JUMPER by ROBERTSON,MARC",MILLSAPS 27-39 (+12),,"GOOD JUMPER by ROBERTSON,MARC",2,jumper,good,millsaps,"robertson,marc",2.0,"['jacobs,owen', 'webber,connor', 'jones,ron', 'park,brandon', 'graham,lake']","['kastner,murray', 'mcelveen,mac', 'berger,ryan', 'robertson,marc']",1063.0,millsaps,24,0,0.0
215,215,905,Millsaps,Berry,1,70-84,"32,52","24,46",7-15,5-19,4-9,2-11,02/21/14,8:00 PM,,MILLSAPS HANGAR DOME,Win,2,False,267,False,17:19,,27.0,,39.0,"FOUL  by BERGER,RYAN",,,"FOUL  by BERGER,RYAN",2,foul,,millsaps,"berger,ryan",,"['jacobs,owen', 'webber,connor', 'jones,ron', 'park,brandon', 'graham,lake']","['kastner,murray', 'mcelveen,mac', 'berger,ryan', 'robertson,marc']",1039.0,millsaps,24,0,0.0
216,216,905,Millsaps,Berry,1,70-84,"32,52","24,46",7-15,5-19,4-9,2-11,02/21/14,8:00 PM,,MILLSAPS HANGAR DOME,Win,2,False,267,False,17:15,"MISS 3PTR by WHALEN,MAC",27.0,,39.0,,,,"MISS 3PTR by WHALEN,MAC",2,three pointer,missed,berry,"whalen,mac",,"['jacobs,owen', 'webber,connor', 'jones,ron', 'park,brandon', 'graham,lake']","['kastner,murray', 'mcelveen,mac', 'berger,ryan', 'robertson,marc']",1035.0,millsaps,24,0,0.0
217,217,905,Millsaps,Berry,1,70-84,"32,52","24,46",7-15,5-19,4-9,2-11,02/21/14,8:00 PM,,MILLSAPS HANGAR DOME,Win,2,False,267,False,--,,27.0,,39.0,"REBOUND DEF by KASTNER,MURRAY",,,"REBOUND DEF by KASTNER,MURRAY",2,defensive rebound,,millsaps,"kastner,murray",,"['jacobs,owen', 'webber,connor', 'jones,ron', 'park,brandon', 'graham,lake']","['kastner,murray', 'mcelveen,mac', 'berger,ryan', 'robertson,marc']",,millsaps,24,0,0.0
218,218,905,Millsaps,Berry,1,70-84,"32,52","24,46",7-15,5-19,4-9,2-11,02/21/14,8:00 PM,,MILLSAPS HANGAR DOME,Win,2,False,267,False,17:06,,27.0,,41.0,"GOOD DUNK by GILLIGAN,TULLY(fastbreak)(in the paint)",MILLSAPS 27-41 (+14),,"GOOD DUNK by GILLIGAN,TULLY(fastbreak)(in the paint)",2,dunk,good,millsaps,,2.0,"['jacobs,owen', 'webber,connor', 'jones,ron', 'park,brandon', 'graham,lake']","['kastner,murray', 'mcelveen,mac', 'berger,ryan', 'robertson,marc']",1026.0,millsaps,24,0,0.0
219,219,905,Millsaps,Berry,1,70-84,"32,52","24,46",7-15,5-19,4-9,2-11,02/21/14,8:00 PM,,MILLSAPS HANGAR DOME,Win,2,False,267,False,--,,27.0,,41.0,"ASSIST  by KASTNER,MURRAY",,,"ASSIST  by KASTNER,MURRAY",2,assist,,millsaps,"kastner,murray",,"['jacobs,owen', 'webber,connor', 'jones,ron', 'park,brandon', 'graham,lake']","['kastner,murray', 'mcelveen,mac', 'berger,ryan', 'robertson,marc']",,millsaps,24,0,0.0
220,220,905,Millsaps,Berry,1,70-84,"32,52","24,46",7-15,5-19,4-9,2-11,02/21/14,8:00 PM,,MILLSAPS HANGAR DOME,Win,2,False,267,False,16:54,"TURNOVER  by WHALEN,MAC",27.0,,41.0,,,,"TURNOVER  by WHALEN,MAC",2,turnover,,berry,"whalen,mac",,"['jacobs,owen', 'webber,connor', 'jones,ron', 'park,brandon', 'graham,lake']","['kastner,murray', 'mcelveen,mac', 'berger,ryan', 'robertson,marc']",1014.0,berry,25,0,0.0
221,221,905,Millsaps,Berry,1,70-84,"32,52","24,46",7-15,5-19,4-9,2-11,02/21/14,8:00 PM,,MILLSAPS HANGAR DOME,Win,2,False,267,False,16:53,,27.0,,41.0,"STEAL  by KASTNER,MURRAY",,,"STEAL  by KASTNER,MURRAY",2,steal,,millsaps,,,"['jacobs,owen', 'webber,connor', 'jones,ron', 'park,brandon', 'graham,lake']","['kastner,murray', 'mcelveen,mac', 'berger,ryan', 'robertson,marc']",1013.0,berry,25,0,0.0
222,222,905,Millsaps,Berry,1,70-84,"32,52","24,46",7-15,5-19,4-9,2-11,02/21/14,8:00 PM,,MILLSAPS HANGAR DOME,Win,2,False,267,False,16:49,,27.0,,43.0,"GOOD LAYUP by ROBERTSON,MARC(fastbreak)(in the paint)",MILLSAPS 27-43 (+16),,"GOOD LAYUP by ROBERTSON,MARC(fastbreak)(in the paint)",2,layup,good,millsaps,"robertson,marc(fastbreak)",2.0,"['jacobs,owen', 'webber,connor', 'jones,ron', 'park,brandon', 'graham,lake']","['kastner,murray', 'mcelveen,mac', 'berger,ryan', 'robertson,marc']",1009.0,millsaps,26,0,0.0
223,223,905,Millsaps,Berry,1,70-84,"32,52","24,46",7-15,5-19,4-9,2-11,02/21/14,8:00 PM,,MILLSAPS HANGAR DOME,Win,2,False,267,False,--,,27.0,,43.0,"ASSIST  by KASTNER,MURRAY",,,"ASSIST  by KASTNER,MURRAY",2,assist,,millsaps,"kastner,murray",,"['jacobs,owen', 'webber,connor', 'jones,ron', 'park,brandon', 'graham,lake']","['kastner,murray', 'mcelveen,mac', 'berger,ryan', 'robertson,marc']",,millsaps,26,0,0.0
224,224,905,Millsaps,Berry,1,70-84,"32,52","24,46",7-15,5-19,4-9,2-11,02/21/14,8:00 PM,,MILLSAPS HANGAR DOME,Win,2,False,267,False,16:49,"FOUL  by SMOAK,HUNTER",27.0,,43.0,,,,"FOUL  by SMOAK,HUNTER",2,foul,,berry,"smoak,hunter",,"['jacobs,owen', 'webber,connor', 'jones,ron', 'park,brandon', 'graham,lake']","['kastner,murray', 'mcelveen,mac', 'berger,ryan', 'robertson,marc']",1009.0,millsaps,26,0,0.0
225,225,905,Millsaps,Berry,1,70-84,"32,52","24,46",7-15,5-19,4-9,2-11,02/21/14,8:00 PM,,MILLSAPS HANGAR DOME,Win,2,False,267,False,16:49,,27.0,,44.0,"GOOD FT by ROBERTSON,MARC",MILLSAPS 27-44 (+17),,"GOOD FT by ROBERTSON,MARC",2,free throw,good,millsaps,"robertson,marc",1.0,"['jacobs,owen', 'webber,connor', 'jones,ron', 'park,brandon', 'graham,lake']","['kastner,murray', 'mcelveen,mac', 'berger,ryan', 'robertson,marc']",1009.0,millsaps,26,0,0.0
226,226,905,Millsaps,Berry,1,70-84,"32,52","24,46",7-15,5-19,4-9,2-11,02/21/14,8:00 PM,,MILLSAPS HANGAR DOME,Win,2,False,267,False,16:38,"MISS 3PTR by WHALEN,MAC",27.0,,44.0,,,,"MISS 3PTR by WHALEN,MAC",2,three pointer,missed,berry,"whalen,mac",,"['jacobs,owen', 'webber,connor', 'jones,ron', 'park,brandon', 'graham,lake']","['kastner,murray', 'mcelveen,mac', 'berger,ryan', 'robertson,marc']",998.0,millsaps,26,0,0.0
227,227,905,Millsaps,Berry,1,70-84,"32,52","24,46",7-15,5-19,4-9,2-11,02/21/14,8:00 PM,,MILLSAPS HANGAR DOME,Win,2,False,267,False,--,,27.0,,44.0,"REBOUND DEF by BERGER,RYAN",,,"REBOUND DEF by BERGER,RYAN",2,defensive rebound,,millsaps,"berger,ryan",,"['jacobs,owen', 'webber,connor', 'jones,ron', 'park,brandon', 'graham,lake']","['kastner,murray', 'mcelveen,mac', 'berger,ryan', 'robertson,marc']",,millsaps,26,0,0.0
228,228,905,Millsaps,Berry,1,70-84,"32,52","24,46",7-15,5-19,4-9,2-11,02/21/14,8:00 PM,,MILLSAPS HANGAR DOME,Win,2,False,267,False,16:36,"FOUL  by GRAHAM,LAKE",27.0,,44.0,,,,"FOUL  by GRAHAM,LAKE",2,foul,,berry,"graham,lake",,"['jacobs,owen', 'webber,connor', 'jones,ron', 'park,brandon', 'graham,lake']","['kastner,murray', 'mcelveen,mac', 'berger,ryan', 'robertson,marc']",996.0,millsaps,26,0,0.0
229,229,905,Millsaps,Berry,1,70-84,"32,52","24,46",7-15,5-19,4-9,2-11,02/21/14,8:00 PM,,MILLSAPS HANGAR DOME,Win,2,False,267,False,16:32,,27.0,,44.0,"TURNOVER  by GILLIGAN,TULLY",,,"TURNOVER  by GILLIGAN,TULLY",2,turnover,,millsaps,"gilligan,tully",,"['jacobs,owen', 'webber,connor', 'jones,ron', 'park,brandon', 'graham,lake']","['kastner,murray', 'mcelveen,mac', 'berger,ryan', 'robertson,marc']",992.0,millsaps,26,0,0.0
230,230,905,Millsaps,Berry,1,70-84,"32,52","24,46",7-15,5-19,4-9,2-11,02/21/14,8:00 PM,,MILLSAPS HANGAR DOME,Win,2,False,267,False,16:30,"STEAL  by GRAHAM,LAKE",27.0,,44.0,,,,"STEAL  by GRAHAM,LAKE",2,steal,,berry,,,"['jacobs,owen', 'webber,connor', 'jones,ron', 'park,brandon', 'graham,lake']","['kastner,murray', 'mcelveen,mac', 'berger,ryan', 'robertson,marc']",990.0,millsaps,26,0,0.0
231,231,905,Millsaps,Berry,1,70-84,"32,52","24,46",7-15,5-19,4-9,2-11,02/21/14,8:00 PM,,MILLSAPS HANGAR DOME,Win,2,False,267,False,16:29,"GOOD LAYUP by GRAHAM,LAKE(fastbreak)(in the paint)",29.0,,44.0,,BCM 29-44 (+15),,"GOOD LAYUP by GRAHAM,LAKE(fastbreak)(in the paint)",2,layup,good,berry,"graham,lake(fastbreak)",2.0,"['jacobs,owen', 'webber,connor', 'jones,ron', 'park,brandon', 'graham,lake']","['kastner,murray', 'mcelveen,mac', 'berger,ryan', 'robertson,marc']",989.0,berry,27,0,0.0
232,232,905,Millsaps,Berry,1,70-84,"32,52","24,46",7-15,5-19,4-9,2-11,02/21/14,8:00 PM,,MILLSAPS HANGAR DOME,Win,2,False,267,False,16:20,,29.0,,47.0,"GOOD 3PTR by ROBERTSON,MARC",MILLSAPS 29-47 (+18),,"GOOD 3PTR by ROBERTSON,MARC",2,three pointer,good,millsaps,"robertson,marc",3.0,"['jacobs,owen', 'webber,connor', 'jones,ron', 'park,brandon', 'graham,lake']","['kastner,murray', 'mcelveen,mac', 'berger,ryan', 'robertson,marc']",980.0,berry,27,0,0.0
233,233,905,Millsaps,Berry,1,70-84,"32,52","24,46",7-15,5-19,4-9,2-11,02/21/14,8:00 PM,,MILLSAPS HANGAR DOME,Win,2,False,267,False,--,,29.0,,47.0,"ASSIST  by GILLIGAN,TULLY",,,"ASSIST  by GILLIGAN,TULLY",2,assist,,millsaps,"gilligan,tully",,"['jacobs,owen', 'webber,connor', 'jones,ron', 'park,brandon', 'graham,lake']","['kastner,murray', 'mcelveen,mac', 'berger,ryan', 'robertson,marc']",,berry,27,0,0.0
234,234,905,Millsaps,Berry,1,70-84,"32,52","24,46",7-15,5-19,4-9,2-11,02/21/14,8:00 PM,,MILLSAPS HANGAR DOME,Win,2,False,267,False,16:03,"MISS 3PTR by MCCLOUD,LEE",29.0,,47.0,,,,"MISS 3PTR by MCCLOUD,LEE",2,three pointer,missed,berry,"mccloud,lee",,"['jacobs,owen', 'webber,connor', 'jones,ron', 'park,brandon', 'graham,lake']","['kastner,murray', 'mcelveen,mac', 'berger,ryan', 'robertson,marc']",963.0,berry,27,0,0.0
235,235,905,Millsaps,Berry,1,70-84,"32,52","24,46",7-15,5-19,4-9,2-11,02/21/14,8:00 PM,,MILLSAPS HANGAR DOME,Win,2,False,267,False,--,REBOUND OFF by TEAM,29.0,,47.0,,,,REBOUND OFF by TEAM,2,offensive rebound,,berry,,,"['jacobs,owen', 'webber,connor', 'jones,ron', 'park,brandon', 'graham,lake']","['kastner,murray', 'mcelveen,mac', 'berger,ryan', 'robertson,marc']",,berry,27,0,0.0
236,236,905,Millsaps,Berry,1,70-84,"32,52","24,46",7-15,5-19,4-9,2-11,02/21/14,8:00 PM,,MILLSAPS HANGAR DOME,Win,2,False,267,False,16:00,,29.0,,47.0,"SUB IN by MCELVEEN,MAC",,,"SUB IN by MCELVEEN,MAC",2,subbing in,,millsaps,"mcelveen,mac",,"['jacobs,owen', 'webber,connor', 'jones,ron', 'park,brandon', 'graham,lake']","['kastner,murray', 'mcelveen,mac', 'berger,ryan', 'robertson,marc']",960.0,berry,27,0,0.0
237,237,905,Millsaps,Berry,1,70-84,"32,52","24,46",7-15,5-19,4-9,2-11,02/21/14,8:00 PM,,MILLSAPS HANGAR DOME,Win,2,False,267,False,16:00,,29.0,,47.0,"SUB IN by GAGEN,BRENNAN",,,"SUB IN by GAGEN,BRENNAN",2,subbing in,,millsaps,"gagen,brennan",,"['jacobs,owen', 'webber,connor', 'jones,ron', 'park,brandon', 'graham,lake']","['kastner,murray', 'mcelveen,mac', 'berger,ryan', 'robertson,marc', 'gagen,brennan']",960.0,berry,27,0,0.0
238,238,905,Millsaps,Berry,1,70-84,"32,52","24,46",7-15,5-19,4-9,2-11,02/21/14,8:00 PM,,MILLSAPS HANGAR DOME,Win,2,False,267,False,16:00,,29.0,,47.0,"SUB IN by AUBERT,DUSTIN",,,"SUB IN by AUBERT,DUSTIN",2,subbing in,,millsaps,"aubert,dustin",,"['jacobs,owen', 'webber,connor', 'jones,ron', 'park,brandon', 'graham,lake']","['kastner,murray', 'mcelveen,mac', 'berger,ryan', 'robertson,marc', 'gagen,brennan', 'aubert,dustin']",960.0,berry,27,0,0.0
239,239,905,Millsaps,Berry,1,70-84,"32,52","24,46",7-15,5-19,4-9,2-11,02/21/14,8:00 PM,,MILLSAPS HANGAR DOME,Win,2,False,267,False,16:00,,29.0,,47.0,"SUB OUT by FREBIS,RONNIE",,,"SUB OUT by FREBIS,RONNIE",2,subbing out,,millsaps,"frebis,ronnie",,"['jacobs,owen', 'webber,connor', 'jones,ron', 'park,brandon', 'graham,lake']","['kastner,murray', 'mcelveen,mac', 'berger,ryan', 'robertson,marc', 'gagen,brennan', 'aubert,dustin']",960.0,berry,27,0,0.0
240,240,905,Millsaps,Berry,1,70-84,"32,52","24,46",7-15,5-19,4-9,2-11,02/21/14,8:00 PM,,MILLSAPS HANGAR DOME,Win,2,False,267,False,16:00,,29.0,,47.0,"SUB OUT by ROBERTSON,MARC",,,"SUB OUT by ROBERTSON,MARC",2,subbing out,,millsaps,"robertson,marc",,"['jacobs,owen', 'webber,connor', 'jones,ron', 'park,brandon', 'graham,lake']","['kastner,murray', 'mcelveen,mac', 'berger,ryan', 'robertson,marc', 'gagen,brennan', 'aubert,dustin']",960.0,berry,27,0,0.0
241,241,905,Millsaps,Berry,1,70-84,"32,52","24,46",7-15,5-19,4-9,2-11,02/21/14,8:00 PM,,MILLSAPS HANGAR DOME,Win,2,False,267,False,16:00,,29.0,,47.0,"SUB OUT by KASTNER,MURRAY",,,"SUB OUT by KASTNER,MURRAY",2,subbing out,,millsaps,"kastner,murray",,"['jacobs,owen', 'webber,connor', 'jones,ron', 'park,brandon', 'graham,lake']","['mcelveen,mac', 'berger,ryan', 'robertson,marc', 'gagen,brennan', 'aubert,dustin']",960.0,berry,27,0,0.0
242,242,905,Millsaps,Berry,1,70-84,"32,52","24,46",7-15,5-19,4-9,2-11,02/21/14,8:00 PM,,MILLSAPS HANGAR DOME,Win,2,False,267,False,15:59,"MISS 3PTR by SMOAK,HUNTER",29.0,,47.0,,,,"MISS 3PTR by SMOAK,HUNTER",2,three pointer,missed,berry,"smoak,hunter",,"['jacobs,owen', 'webber,connor', 'jones,ron', 'park,brandon', 'graham,lake']","['mcelveen,mac', 'berger,ryan', 'robertson,marc', 'gagen,brennan', 'aubert,dustin']",959.0,berry,27,0,0.0
243,243,905,Millsaps,Berry,1,70-84,"32,52","24,46",7-15,5-19,4-9,2-11,02/21/14,8:00 PM,,MILLSAPS HANGAR DOME,Win,2,False,267,False,--,"REBOUND OFF by JACOBS,OWEN",29.0,,47.0,,,,"REBOUND OFF by JACOBS,OWEN",2,offensive rebound,,berry,"jacobs,owen",,"['jacobs,owen', 'webber,connor', 'jones,ron', 'park,brandon', 'graham,lake']","['mcelveen,mac', 'berger,ryan', 'robertson,marc', 'gagen,brennan', 'aubert,dustin']",,berry,27,0,0.0
244,244,905,Millsaps,Berry,1,70-84,"32,52","24,46",7-15,5-19,4-9,2-11,02/21/14,8:00 PM,,MILLSAPS HANGAR DOME,Win,2,False,267,False,15:51,"GOOD LAYUP by JACOBS,OWEN(in the paint)",31.0,,47.0,,BCM 31-47 (+16),,"GOOD LAYUP by JACOBS,OWEN(in the paint)",2,layup,good,berry,"jacobs,owen",2.0,"['jacobs,owen', 'webber,connor', 'jones,ron', 'park,brandon', 'graham,lake']","['mcelveen,mac', 'berger,ryan', 'robertson,marc', 'gagen,brennan', 'aubert,dustin']",951.0,berry,27,0,0.0
245,245,905,Millsaps,Berry,1,70-84,"32,52","24,46",7-15,5-19,4-9,2-11,02/21/14,8:00 PM,,MILLSAPS HANGAR DOME,Win,2,False,267,False,15:49,TIMEOUT TEAM by TEAM,31.0,,47.0,,,,TIMEOUT TEAM by TEAM,2,timeout,,berry,,,"['jacobs,owen', 'webber,connor', 'jones,ron', 'park,brandon', 'graham,lake']","['mcelveen,mac', 'berger,ryan', 'robertson,marc', 'gagen,brennan', 'aubert,dustin']",949.0,berry,27,0,0.0
246,246,905,Millsaps,Berry,1,70-84,"32,52","24,46",7-15,5-19,4-9,2-11,02/21/14,8:00 PM,,MILLSAPS HANGAR DOME,Win,2,False,267,False,15:27,,31.0,,47.0,"MISS JUMPER by BERGER,RYAN",,,"MISS JUMPER by BERGER,RYAN",2,jumper,missed,millsaps,"berger,ryan",,"['jacobs,owen', 'webber,connor', 'jones,ron', 'park,brandon', 'graham,lake']","['mcelveen,mac', 'berger,ryan', 'robertson,marc', 'gagen,brennan', 'aubert,dustin']",927.0,berry,27,0,0.0
247,247,905,Millsaps,Berry,1,70-84,"32,52","24,46",7-15,5-19,4-9,2-11,02/21/14,8:00 PM,,MILLSAPS HANGAR DOME,Win,2,False,267,False,--,,31.0,,47.0,"REBOUND OFF by GAGEN,BRENNAN",,,"REBOUND OFF by GAGEN,BRENNAN",2,offensive rebound,,millsaps,"gagen,brennan",,"['jacobs,owen', 'webber,connor', 'jones,ron', 'park,brandon', 'graham,lake']","['mcelveen,mac', 'berger,ryan', 'robertson,marc', 'gagen,brennan', 'aubert,dustin']",,berry,27,0,0.0
248,248,905,Millsaps,Berry,1,70-84,"32,52","24,46",7-15,5-19,4-9,2-11,02/21/14,8:00 PM,,MILLSAPS HANGAR DOME,Win,2,False,267,False,15:08,"FOUL  by WHALEN,MAC",31.0,,47.0,,,,"FOUL  by WHALEN,MAC",2,foul,,berry,"whalen,mac",,"['jacobs,owen', 'webber,connor', 'jones,ron', 'park,brandon', 'graham,lake']","['mcelveen,mac', 'berger,ryan', 'robertson,marc', 'gagen,brennan', 'aubert,dustin']",908.0,berry,27,0,0.0
249,249,905,Millsaps,Berry,1,70-84,"32,52","24,46",7-15,5-19,4-9,2-11,02/21/14,8:00 PM,,MILLSAPS HANGAR DOME,Win,2,False,267,False,15:08,,31.0,,48.0,"GOOD FT by GILLIGAN,TULLY",MILLSAPS 31-48 (+17),,"GOOD FT by GILLIGAN,TULLY",2,free throw,good,millsaps,"gilligan,tully",1.0,"['jacobs,owen', 'webber,connor', 'jones,ron', 'park,brandon', 'graham,lake']","['mcelveen,mac', 'berger,ryan', 'robertson,marc', 'gagen,brennan', 'aubert,dustin']",908.0,berry,27,0,0.0
250,250,905,Millsaps,Berry,1,70-84,"32,52","24,46",7-15,5-19,4-9,2-11,02/21/14,8:00 PM,,MILLSAPS HANGAR DOME,Win,2,False,267,False,15:08,,31.0,,48.0,"MISS FT by GILLIGAN,TULLY",,,"MISS FT by GILLIGAN,TULLY",2,free throw,missed,millsaps,"gilligan,tully",,"['jacobs,owen', 'webber,connor', 'jones,ron', 'park,brandon', 'graham,lake']","['mcelveen,mac', 'berger,ryan', 'robertson,marc', 'gagen,brennan', 'aubert,dustin']",908.0,berry,27,0,0.0
251,251,905,Millsaps,Berry,1,70-84,"32,52","24,46",7-15,5-19,4-9,2-11,02/21/14,8:00 PM,,MILLSAPS HANGAR DOME,Win,2,False,267,False,--,"REBOUND DEF by JACOBS,OWEN",31.0,,48.0,,,,"REBOUND DEF by JACOBS,OWEN",2,defensive rebound,,berry,"jacobs,owen",,"['jacobs,owen', 'webber,connor', 'jones,ron', 'park,brandon', 'graham,lake']","['mcelveen,mac', 'berger,ryan', 'robertson,marc', 'gagen,brennan', 'aubert,dustin']",,berry,27,0,0.0
252,252,905,Millsaps,Berry,1,70-84,"32,52","24,46",7-15,5-19,4-9,2-11,02/21/14,8:00 PM,,MILLSAPS HANGAR DOME,Win,2,False,267,False,15:08,"SUB IN by COTTER,DOUGLAS",31.0,,48.0,,,,"SUB IN by COTTER,DOUGLAS",2,subbing in,,berry,"cotter,douglas",,"['jacobs,owen', 'webber,connor', 'jones,ron', 'park,brandon', 'graham,lake', 'cotter,douglas']","['mcelveen,mac', 'berger,ryan', 'robertson,marc', 'gagen,brennan', 'aubert,dustin']",908.0,berry,27,0,0.0
253,253,905,Millsaps,Berry,1,70-84,"32,52","24,46",7-15,5-19,4-9,2-11,02/21/14,8:00 PM,,MILLSAPS HANGAR DOME,Win,2,False,267,False,15:08,"SUB OUT by GRAHAM,LAKE",31.0,,48.0,,,,"SUB OUT by GRAHAM,LAKE",2,subbing out,,berry,"graham,lake",,"['jacobs,owen', 'webber,connor', 'jones,ron', 'park,brandon', 'cotter,douglas']","['mcelveen,mac', 'berger,ryan', 'robertson,marc', 'gagen,brennan', 'aubert,dustin']",908.0,berry,27,0,0.0
254,254,905,Millsaps,Berry,1,70-84,"32,52","24,46",7-15,5-19,4-9,2-11,02/21/14,8:00 PM,,MILLSAPS HANGAR DOME,Win,2,False,267,False,14:59,,31.0,,48.0,"FOUL  by BERGER,RYAN",,,"FOUL  by BERGER,RYAN",2,foul,,millsaps,"berger,ryan",,"['jacobs,owen', 'webber,connor', 'jones,ron', 'park,brandon', 'cotter,douglas']","['mcelveen,mac', 'berger,ryan', 'robertson,marc', 'gagen,brennan', 'aubert,dustin']",899.0,berry,27,0,0.0
255,255,905,Millsaps,Berry,1,70-84,"32,52","24,46",7-15,5-19,4-9,2-11,02/21/14,8:00 PM,,MILLSAPS HANGAR DOME,Win,2,False,267,False,14:54,"MISS 3PTR by SMOAK,HUNTER",31.0,,48.0,,,,"MISS 3PTR by SMOAK,HUNTER",2,three pointer,missed,berry,"smoak,hunter",,"['jacobs,owen', 'webber,connor', 'jones,ron', 'park,brandon', 'cotter,douglas']","['mcelveen,mac', 'berger,ryan', 'robertson,marc', 'gagen,brennan', 'aubert,dustin']",894.0,berry,27,0,0.0
256,256,905,Millsaps,Berry,1,70-84,"32,52","24,46",7-15,5-19,4-9,2-11,02/21/14,8:00 PM,,MILLSAPS HANGAR DOME,Win,2,False,267,False,--,,31.0,,48.0,"REBOUND DEF by MCELVEEN,MAC",,,"REBOUND DEF by MCELVEEN,MAC",2,defensive rebound,,millsaps,"mcelveen,mac",,"['jacobs,owen', 'webber,connor', 'jones,ron', 'park,brandon', 'cotter,douglas']","['mcelveen,mac', 'berger,ryan', 'robertson,marc', 'gagen,brennan', 'aubert,dustin']",,berry,27,0,0.0
257,257,905,Millsaps,Berry,1,70-84,"32,52","24,46",7-15,5-19,4-9,2-11,02/21/14,8:00 PM,,MILLSAPS HANGAR DOME,Win,2,False,267,False,14:45,,31.0,,50.0,"GOOD LAYUP by GAGEN,BRENNAN(in the paint)",MILLSAPS 31-50 (+19),,"GOOD LAYUP by GAGEN,BRENNAN(in the paint)",2,layup,good,millsaps,"gagen,brennan",2.0,"['jacobs,owen', 'webber,connor', 'jones,ron', 'park,brandon', 'cotter,douglas']","['mcelveen,mac', 'berger,ryan', 'robertson,marc', 'gagen,brennan', 'aubert,dustin']",885.0,millsaps,28,0,0.0
258,258,905,Millsaps,Berry,1,70-84,"32,52","24,46",7-15,5-19,4-9,2-11,02/21/14,8:00 PM,,MILLSAPS HANGAR DOME,Win,2,False,267,False,--,,31.0,,50.0,"ASSIST  by GILLIGAN,TULLY",,,"ASSIST  by GILLIGAN,TULLY",2,assist,,millsaps,"gilligan,tully",,"['jacobs,owen', 'webber,connor', 'jones,ron', 'park,brandon', 'cotter,douglas']","['mcelveen,mac', 'berger,ryan', 'robertson,marc', 'gagen,brennan', 'aubert,dustin']",,millsaps,28,0,0.0
259,259,905,Millsaps,Berry,1,70-84,"32,52","24,46",7-15,5-19,4-9,2-11,02/21/14,8:00 PM,,MILLSAPS HANGAR DOME,Win,2,False,267,False,14:37,"GOOD LAYUP by COTTER,DOUGLAS(fastbreak)(in the paint)",33.0,,50.0,,BCM 33-50 (+17),,"GOOD LAYUP by COTTER,DOUGLAS(fastbreak)(in the paint)",2,layup,good,berry,"cotter,douglas(fastbreak)",2.0,"['jacobs,owen', 'webber,connor', 'jones,ron', 'park,brandon', 'cotter,douglas']","['mcelveen,mac', 'berger,ryan', 'robertson,marc', 'gagen,brennan', 'aubert,dustin']",877.0,millsaps,28,0,0.0
260,260,905,Millsaps,Berry,1,70-84,"32,52","24,46",7-15,5-19,4-9,2-11,02/21/14,8:00 PM,,MILLSAPS HANGAR DOME,Win,2,False,267,False,--,"ASSIST  by MCCLOUD,LEE",33.0,,50.0,,,,"ASSIST  by MCCLOUD,LEE",2,assist,,berry,"mccloud,lee",,"['jacobs,owen', 'webber,connor', 'jones,ron', 'park,brandon', 'cotter,douglas']","['mcelveen,mac', 'berger,ryan', 'robertson,marc', 'gagen,brennan', 'aubert,dustin']",,millsaps,28,0,0.0
261,261,905,Millsaps,Berry,1,70-84,"32,52","24,46",7-15,5-19,4-9,2-11,02/21/14,8:00 PM,,MILLSAPS HANGAR DOME,Win,2,False,267,False,14:11,"FOUL  by MCCLOUD,LEE",33.0,,50.0,,,,"FOUL  by MCCLOUD,LEE",2,foul,,berry,"mccloud,lee",,"['jacobs,owen', 'webber,connor', 'jones,ron', 'park,brandon', 'cotter,douglas']","['mcelveen,mac', 'berger,ryan', 'robertson,marc', 'gagen,brennan', 'aubert,dustin']",851.0,millsaps,28,0,0.0
262,262,905,Millsaps,Berry,1,70-84,"32,52","24,46",7-15,5-19,4-9,2-11,02/21/14,8:00 PM,,MILLSAPS HANGAR DOME,Win,2,False,267,False,14:11,"SUB IN by WEBBER,CONNOR",33.0,,50.0,,,,"SUB IN by WEBBER,CONNOR",2,subbing in,,berry,"webber,connor",,"['jacobs,owen', 'webber,connor', 'jones,ron', 'park,brandon', 'cotter,douglas']","['mcelveen,mac', 'berger,ryan', 'robertson,marc', 'gagen,brennan', 'aubert,dustin']",851.0,millsaps,28,0,0.0
263,263,905,Millsaps,Berry,1,70-84,"32,52","24,46",7-15,5-19,4-9,2-11,02/21/14,8:00 PM,,MILLSAPS HANGAR DOME,Win,2,False,267,False,14:11,"SUB IN by PARK,BRANDON",33.0,,50.0,,,,"SUB IN by PARK,BRANDON",2,subbing in,,berry,"park,brandon",,"['jacobs,owen', 'webber,connor', 'jones,ron', 'park,brandon', 'cotter,douglas']","['mcelveen,mac', 'berger,ryan', 'robertson,marc', 'gagen,brennan', 'aubert,dustin']",851.0,millsaps,28,0,0.0
264,264,905,Millsaps,Berry,1,70-84,"32,52","24,46",7-15,5-19,4-9,2-11,02/21/14,8:00 PM,,MILLSAPS HANGAR DOME,Win,2,False,267,False,14:11,"SUB OUT by WHALEN,MAC",33.0,,50.0,,,,"SUB OUT by WHALEN,MAC",2,subbing out,,berry,"whalen,mac",,"['jacobs,owen', 'webber,connor', 'jones,ron', 'park,brandon', 'cotter,douglas']","['mcelveen,mac', 'berger,ryan', 'robertson,marc', 'gagen,brennan', 'aubert,dustin']",851.0,millsaps,28,0,0.0
265,265,905,Millsaps,Berry,1,70-84,"32,52","24,46",7-15,5-19,4-9,2-11,02/21/14,8:00 PM,,MILLSAPS HANGAR DOME,Win,2,False,267,False,14:11,"SUB OUT by MCCLOUD,LEE",33.0,,50.0,,,,"SUB OUT by MCCLOUD,LEE",2,subbing out,,berry,"mccloud,lee",,"['jacobs,owen', 'webber,connor', 'jones,ron', 'park,brandon', 'cotter,douglas']","['mcelveen,mac', 'berger,ryan', 'robertson,marc', 'gagen,brennan', 'aubert,dustin']",851.0,millsaps,28,0,0.0
266,266,905,Millsaps,Berry,1,70-84,"32,52","24,46",7-15,5-19,4-9,2-11,02/21/14,8:00 PM,,MILLSAPS HANGAR DOME,Win,2,False,267,False,14:11,,33.0,,50.0,"SUB IN by FREBIS,RONNIE",,,"SUB IN by FREBIS,RONNIE",2,subbing in,,millsaps,"frebis,ronnie",,"['jacobs,owen', 'webber,connor', 'jones,ron', 'park,brandon', 'cotter,douglas']","['mcelveen,mac', 'berger,ryan', 'robertson,marc', 'gagen,brennan', 'aubert,dustin', 'frebis,ronnie']",851.0,millsaps,28,0,0.0
267,267,905,Millsaps,Berry,1,70-84,"32,52","24,46",7-15,5-19,4-9,2-11,02/21/14,8:00 PM,,MILLSAPS HANGAR DOME,Win,2,False,267,False,14:11,,33.0,,50.0,"SUB IN by ROBERTSON,MARC",,,"SUB IN by ROBERTSON,MARC",2,subbing in,,millsaps,"robertson,marc",,"['jacobs,owen', 'webber,connor', 'jones,ron', 'park,brandon', 'cotter,douglas']","['mcelveen,mac', 'berger,ryan', 'robertson,marc', 'gagen,brennan', 'aubert,dustin', 'frebis,ronnie']",851.0,millsaps,28,0,0.0
268,268,905,Millsaps,Berry,1,70-84,"32,52","24,46",7-15,5-19,4-9,2-11,02/21/14,8:00 PM,,MILLSAPS HANGAR DOME,Win,2,False,267,False,14:11,,33.0,,50.0,"SUB IN by KASTNER,MURRAY",,,"SUB IN by KASTNER,MURRAY",2,subbing in,,millsaps,"kastner,murray",,"['jacobs,owen', 'webber,connor', 'jones,ron', 'park,brandon', 'cotter,douglas']","['mcelveen,mac', 'berger,ryan', 'robertson,marc', 'gagen,brennan', 'aubert,dustin', 'frebis,ronnie']",851.0,millsaps,28,0,0.0
269,269,905,Millsaps,Berry,1,70-84,"32,52","24,46",7-15,5-19,4-9,2-11,02/21/14,8:00 PM,,MILLSAPS HANGAR DOME,Win,2,False,267,False,14:11,,33.0,,50.0,"SUB OUT by BERGER,RYAN",,,"SUB OUT by BERGER,RYAN",2,subbing out,,millsaps,"berger,ryan",,"['jacobs,owen', 'webber,connor', 'jones,ron', 'park,brandon', 'cotter,douglas']","['mcelveen,mac', 'robertson,marc', 'gagen,brennan', 'aubert,dustin', 'frebis,ronnie']",851.0,millsaps,28,0,0.0
270,270,905,Millsaps,Berry,1,70-84,"32,52","24,46",7-15,5-19,4-9,2-11,02/21/14,8:00 PM,,MILLSAPS HANGAR DOME,Win,2,False,267,False,14:11,,33.0,,50.0,"SUB OUT by ROBERTSON,MARC",,,"SUB OUT by ROBERTSON,MARC",2,subbing out,,millsaps,"robertson,marc",,"['jacobs,owen', 'webber,connor', 'jones,ron', 'park,brandon', 'cotter,douglas']","['mcelveen,mac', 'gagen,brennan', 'aubert,dustin', 'frebis,ronnie']",851.0,millsaps,28,0,0.0
271,271,905,Millsaps,Berry,1,70-84,"32,52","24,46",7-15,5-19,4-9,2-11,02/21/14,8:00 PM,,MILLSAPS HANGAR DOME,Win,2,False,267,False,14:11,,33.0,,50.0,"SUB OUT by GAGEN,BRENNAN",,,"SUB OUT by GAGEN,BRENNAN",2,subbing out,,millsaps,"gagen,brennan",,"['jacobs,owen', 'webber,connor', 'jones,ron', 'park,brandon', 'cotter,douglas']","['mcelveen,mac', 'aubert,dustin', 'frebis,ronnie']",851.0,millsaps,28,0,0.0
272,272,905,Millsaps,Berry,1,70-84,"32,52","24,46",7-15,5-19,4-9,2-11,02/21/14,8:00 PM,,MILLSAPS HANGAR DOME,Win,2,False,267,False,13:58,,33.0,,52.0,"GOOD JUMPER by FREBIS,RONNIE",MILLSAPS 33-52 (+19),,"GOOD JUMPER by FREBIS,RONNIE",2,jumper,good,millsaps,"frebis,ronnie",2.0,"['jacobs,owen', 'webber,connor', 'jones,ron', 'park,brandon', 'cotter,douglas']","['mcelveen,mac', 'aubert,dustin', 'frebis,ronnie']",838.0,millsaps,28,0,0.0
273,273,905,Millsaps,Berry,1,70-84,"32,52","24,46",7-15,5-19,4-9,2-11,02/21/14,8:00 PM,,MILLSAPS HANGAR DOME,Win,2,False,267,False,--,,33.0,,52.0,"ASSIST  by AUBERT,DUSTIN",,,"ASSIST  by AUBERT,DUSTIN",2,assist,,millsaps,"aubert,dustin",,"['jacobs,owen', 'webber,connor', 'jones,ron', 'park,brandon', 'cotter,douglas']","['mcelveen,mac', 'aubert,dustin', 'frebis,ronnie']",,millsaps,28,0,0.0
274,274,905,Millsaps,Berry,1,70-84,"32,52","24,46",7-15,5-19,4-9,2-11,02/21/14,8:00 PM,,MILLSAPS HANGAR DOME,Win,2,False,267,False,13:46,"GOOD LAYUP by JACOBS,OWEN(in the paint)",35.0,,52.0,,BCM 35-52 (+17),,"GOOD LAYUP by JACOBS,OWEN(in the paint)",2,layup,good,berry,"jacobs,owen",2.0,"['jacobs,owen', 'webber,connor', 'jones,ron', 'park,brandon', 'cotter,douglas']","['mcelveen,mac', 'aubert,dustin', 'frebis,ronnie']",826.0,millsaps,28,0,0.0
275,275,905,Millsaps,Berry,1,70-84,"32,52","24,46",7-15,5-19,4-9,2-11,02/21/14,8:00 PM,,MILLSAPS HANGAR DOME,Win,2,False,267,False,--,"ASSIST  by PARK,BRANDON",35.0,,52.0,,,,"ASSIST  by PARK,BRANDON",2,assist,,berry,"park,brandon",,"['jacobs,owen', 'webber,connor', 'jones,ron', 'park,brandon', 'cotter,douglas']","['mcelveen,mac', 'aubert,dustin', 'frebis,ronnie']",,millsaps,28,0,0.0
276,276,905,Millsaps,Berry,1,70-84,"32,52","24,46",7-15,5-19,4-9,2-11,02/21/14,8:00 PM,,MILLSAPS HANGAR DOME,Win,2,False,267,False,13:46,,35.0,,52.0,"FOUL  by FREBIS,RONNIE",,,"FOUL  by FREBIS,RONNIE",2,foul,,millsaps,"frebis,ronnie",,"['jacobs,owen', 'webber,connor', 'jones,ron', 'park,brandon', 'cotter,douglas']","['mcelveen,mac', 'aubert,dustin', 'frebis,ronnie']",826.0,millsaps,28,0,0.0
277,277,905,Millsaps,Berry,1,70-84,"32,52","24,46",7-15,5-19,4-9,2-11,02/21/14,8:00 PM,,MILLSAPS HANGAR DOME,Win,2,False,267,False,13:46,"GOOD FT by JACOBS,OWEN",36.0,,52.0,,BCM 36-52 (+16),,"GOOD FT by JACOBS,OWEN",2,free throw,good,berry,"jacobs,owen",1.0,"['jacobs,owen', 'webber,connor', 'jones,ron', 'park,brandon', 'cotter,douglas']","['mcelveen,mac', 'aubert,dustin', 'frebis,ronnie']",826.0,millsaps,28,0,0.0
278,278,905,Millsaps,Berry,1,70-84,"32,52","24,46",7-15,5-19,4-9,2-11,02/21/14,8:00 PM,,MILLSAPS HANGAR DOME,Win,2,False,267,False,13:22,,36.0,,52.0,"MISS 3PTR by KASTNER,MURRAY",,,"MISS 3PTR by KASTNER,MURRAY",2,three pointer,missed,millsaps,"kastner,murray",,"['jacobs,owen', 'webber,connor', 'jones,ron', 'park,brandon', 'cotter,douglas']","['mcelveen,mac', 'aubert,dustin', 'frebis,ronnie']",802.0,millsaps,28,0,0.0
279,279,905,Millsaps,Berry,1,70-84,"32,52","24,46",7-15,5-19,4-9,2-11,02/21/14,8:00 PM,,MILLSAPS HANGAR DOME,Win,2,False,267,False,--,"REBOUND DEF by JACOBS,OWEN",36.0,,52.0,,,,"REBOUND DEF by JACOBS,OWEN",2,defensive rebound,,berry,"jacobs,owen",,"['jacobs,owen', 'webber,connor', 'jones,ron', 'park,brandon', 'cotter,douglas']","['mcelveen,mac', 'aubert,dustin', 'frebis,ronnie']",,millsaps,28,0,0.0
280,280,905,Millsaps,Berry,1,70-84,"32,52","24,46",7-15,5-19,4-9,2-11,02/21/14,8:00 PM,,MILLSAPS HANGAR DOME,Win,2,False,267,False,13:14,"MISS LAYUP by PARK,BRANDON",36.0,,52.0,,,,"MISS LAYUP by PARK,BRANDON",2,layup,missed,berry,"park,brandon",,"['jacobs,owen', 'webber,connor', 'jones,ron', 'park,brandon', 'cotter,douglas']","['mcelveen,mac', 'aubert,dustin', 'frebis,ronnie']",794.0,berry,29,0,0.0
281,281,905,Millsaps,Berry,1,70-84,"32,52","24,46",7-15,5-19,4-9,2-11,02/21/14,8:00 PM,,MILLSAPS HANGAR DOME,Win,2,False,267,False,--,,36.0,,52.0,"REBOUND DEF by MCELVEEN,MAC",,,"REBOUND DEF by MCELVEEN,MAC",2,defensive rebound,,millsaps,"mcelveen,mac",,"['jacobs,owen', 'webber,connor', 'jones,ron', 'park,brandon', 'cotter,douglas']","['mcelveen,mac', 'aubert,dustin', 'frebis,ronnie']",,berry,29,0,0.0
282,282,905,Millsaps,Berry,1,70-84,"32,52","24,46",7-15,5-19,4-9,2-11,02/21/14,8:00 PM,,MILLSAPS HANGAR DOME,Win,2,False,267,False,13:07,,36.0,,52.0,"MISS LAYUP by FREBIS,RONNIE",,,"MISS LAYUP by FREBIS,RONNIE",2,layup,missed,millsaps,"frebis,ronnie",,"['jacobs,owen', 'webber,connor', 'jones,ron', 'park,brandon', 'cotter,douglas']","['mcelveen,mac', 'aubert,dustin', 'frebis,ronnie']",787.0,millsaps,30,0,0.0
283,283,905,Millsaps,Berry,1,70-84,"32,52","24,46",7-15,5-19,4-9,2-11,02/21/14,8:00 PM,,MILLSAPS HANGAR DOME,Win,2,False,267,False,--,,36.0,,52.0,"REBOUND OFF by FREBIS,RONNIE",,,"REBOUND OFF by FREBIS,RONNIE",2,offensive rebound,,millsaps,"frebis,ronnie",,"['jacobs,owen', 'webber,connor', 'jones,ron', 'park,brandon', 'cotter,douglas']","['mcelveen,mac', 'aubert,dustin', 'frebis,ronnie']",,millsaps,30,0,0.0
284,284,905,Millsaps,Berry,1,70-84,"32,52","24,46",7-15,5-19,4-9,2-11,02/21/14,8:00 PM,,MILLSAPS HANGAR DOME,Win,2,False,267,False,12:49,,36.0,,52.0,"MISS JUMPER by KASTNER,MURRAY",,,"MISS JUMPER by KASTNER,MURRAY",2,jumper,missed,millsaps,"kastner,murray",,"['jacobs,owen', 'webber,connor', 'jones,ron', 'park,brandon', 'cotter,douglas']","['mcelveen,mac', 'aubert,dustin', 'frebis,ronnie']",769.0,millsaps,30,0,0.0
285,285,905,Millsaps,Berry,1,70-84,"32,52","24,46",7-15,5-19,4-9,2-11,02/21/14,8:00 PM,,MILLSAPS HANGAR DOME,Win,2,False,267,False,--,"REBOUND DEF by JACOBS,OWEN",36.0,,52.0,,,,"REBOUND DEF by JACOBS,OWEN",2,defensive rebound,,berry,"jacobs,owen",,"['jacobs,owen', 'webber,connor', 'jones,ron', 'park,brandon', 'cotter,douglas']","['mcelveen,mac', 'aubert,dustin', 'frebis,ronnie']",,millsaps,30,0,0.0
286,286,905,Millsaps,Berry,1,70-84,"32,52","24,46",7-15,5-19,4-9,2-11,02/21/14,8:00 PM,,MILLSAPS HANGAR DOME,Win,2,False,267,False,12:43,,36.0,,52.0,"FOUL  by KASTNER,MURRAY",,,"FOUL  by KASTNER,MURRAY",2,foul,,millsaps,"kastner,murray",,"['jacobs,owen', 'webber,connor', 'jones,ron', 'park,brandon', 'cotter,douglas']","['mcelveen,mac', 'aubert,dustin', 'frebis,ronnie']",763.0,berry,31,0,0.0
287,287,905,Millsaps,Berry,1,70-84,"32,52","24,46",7-15,5-19,4-9,2-11,02/21/14,8:00 PM,,MILLSAPS HANGAR DOME,Win,2,False,267,False,12:43,"MISS FT by WEBBER,CONNOR",36.0,,52.0,,,,"MISS FT by WEBBER,CONNOR",2,free throw,missed,berry,"webber,connor",,"['jacobs,owen', 'webber,connor', 'jones,ron', 'park,brandon', 'cotter,douglas']","['mcelveen,mac', 'aubert,dustin', 'frebis,ronnie']",763.0,berry,31,0,0.0
288,288,905,Millsaps,Berry,1,70-84,"32,52","24,46",7-15,5-19,4-9,2-11,02/21/14,8:00 PM,,MILLSAPS HANGAR DOME,Win,2,False,267,False,--,REBOUND DEADB by TEAM,36.0,,52.0,,,,REBOUND DEADB by TEAM,2,deadball rebound,,berry,,,"['jacobs,owen', 'webber,connor', 'jones,ron', 'park,brandon', 'cotter,douglas']","['mcelveen,mac', 'aubert,dustin', 'frebis,ronnie']",,berry,31,0,0.0
289,289,905,Millsaps,Berry,1,70-84,"32,52","24,46",7-15,5-19,4-9,2-11,02/21/14,8:00 PM,,MILLSAPS HANGAR DOME,Win,2,False,267,False,12:43,"GOOD FT by WEBBER,CONNOR",37.0,,52.0,,BCM 37-52 (+15),,"GOOD FT by WEBBER,CONNOR",2,free throw,good,berry,"webber,connor",1.0,"['jacobs,owen', 'webber,connor', 'jones,ron', 'park,brandon', 'cotter,douglas']","['mcelveen,mac', 'aubert,dustin', 'frebis,ronnie']",763.0,berry,31,0,0.0
290,290,905,Millsaps,Berry,1,70-84,"32,52","24,46",7-15,5-19,4-9,2-11,02/21/14,8:00 PM,,MILLSAPS HANGAR DOME,Win,2,False,267,False,12:43,"SUB IN by JONES,RON",37.0,,52.0,,,,"SUB IN by JONES,RON",2,subbing in,,berry,"jones,ron",,"['jacobs,owen', 'webber,connor', 'jones,ron', 'park,brandon', 'cotter,douglas']","['mcelveen,mac', 'aubert,dustin', 'frebis,ronnie']",763.0,berry,31,0,0.0
291,291,905,Millsaps,Berry,1,70-84,"32,52","24,46",7-15,5-19,4-9,2-11,02/21/14,8:00 PM,,MILLSAPS HANGAR DOME,Win,2,False,267,False,12:43,"SUB OUT by COTTER,DOUGLAS",37.0,,52.0,,,,"SUB OUT by COTTER,DOUGLAS",2,subbing out,,berry,"cotter,douglas",,"['jacobs,owen', 'webber,connor', 'jones,ron', 'park,brandon', 'cotter,douglas']","['mcelveen,mac', 'aubert,dustin', 'frebis,ronnie']",763.0,berry,31,0,0.0
292,292,905,Millsaps,Berry,1,70-84,"32,52","24,46",7-15,5-19,4-9,2-11,02/21/14,8:00 PM,,MILLSAPS HANGAR DOME,Win,2,False,267,False,12:11,,37.0,,54.0,"GOOD LAYUP by AUBERT,DUSTIN(in the paint)",MILLSAPS 37-54 (+17),,"GOOD LAYUP by AUBERT,DUSTIN(in the paint)",2,layup,good,millsaps,"aubert,dustin",2.0,"['jacobs,owen', 'webber,connor', 'jones,ron', 'park,brandon', 'cotter,douglas']","['mcelveen,mac', 'aubert,dustin', 'frebis,ronnie']",731.0,berry,31,0,0.0
293,293,905,Millsaps,Berry,1,70-84,"32,52","24,46",7-15,5-19,4-9,2-11,02/21/14,8:00 PM,,MILLSAPS HANGAR DOME,Win,2,False,267,False,11:58,"GOOD JUMPER by JONES,RON",39.0,,54.0,,BCM 39-54 (+15),,"GOOD JUMPER by JONES,RON",2,jumper,good,berry,"jones,ron",2.0,"['jacobs,owen', 'webber,connor', 'jones,ron', 'park,brandon', 'cotter,douglas']","['mcelveen,mac', 'aubert,dustin', 'frebis,ronnie']",718.0,berry,31,0,0.0
294,294,905,Millsaps,Berry,1,70-84,"32,52","24,46",7-15,5-19,4-9,2-11,02/21/14,8:00 PM,,MILLSAPS HANGAR DOME,Win,2,False,267,False,--,"ASSIST  by PARK,BRANDON",39.0,,54.0,,,,"ASSIST  by PARK,BRANDON",2,assist,,berry,"park,brandon",,"['jacobs,owen', 'webber,connor', 'jones,ron', 'park,brandon', 'cotter,douglas']","['mcelveen,mac', 'aubert,dustin', 'frebis,ronnie']",,berry,31,0,0.0
295,295,905,Millsaps,Berry,1,70-84,"32,52","24,46",7-15,5-19,4-9,2-11,02/21/14,8:00 PM,,MILLSAPS HANGAR DOME,Win,2,False,267,False,11:58,,39.0,,54.0,"FOUL  by MCELVEEN,MAC",,,"FOUL  by MCELVEEN,MAC",2,foul,,millsaps,"mcelveen,mac",,"['jacobs,owen', 'webber,connor', 'jones,ron', 'park,brandon', 'cotter,douglas']","['mcelveen,mac', 'aubert,dustin', 'frebis,ronnie']",718.0,berry,31,0,0.0
296,296,905,Millsaps,Berry,1,70-84,"32,52","24,46",7-15,5-19,4-9,2-11,02/21/14,8:00 PM,,MILLSAPS HANGAR DOME,Win,2,False,267,False,11:58,"MISS FT by JONES,RON",39.0,,54.0,,,,"MISS FT by JONES,RON",2,free throw,missed,berry,"jones,ron",,"['jacobs,owen', 'webber,connor', 'jones,ron', 'park,brandon', 'cotter,douglas']","['mcelveen,mac', 'aubert,dustin', 'frebis,ronnie']",718.0,berry,31,0,0.0
297,297,905,Millsaps,Berry,1,70-84,"32,52","24,46",7-15,5-19,4-9,2-11,02/21/14,8:00 PM,,MILLSAPS HANGAR DOME,Win,2,False,267,False,--,,39.0,,54.0,"REBOUND DEF by GILLIGAN,TULLY",,,"REBOUND DEF by GILLIGAN,TULLY",2,defensive rebound,,millsaps,"gilligan,tully",,"['jacobs,owen', 'webber,connor', 'jones,ron', 'park,brandon', 'cotter,douglas']","['mcelveen,mac', 'aubert,dustin', 'frebis,ronnie']",,berry,31,0,0.0
298,298,905,Millsaps,Berry,1,70-84,"32,52","24,46",7-15,5-19,4-9,2-11,02/21/14,8:00 PM,,MILLSAPS HANGAR DOME,Win,2,False,267,False,11:58,"FOUL  by JACOBS,OWEN",39.0,,54.0,,,,"FOUL  by JACOBS,OWEN",2,foul,,berry,"jacobs,owen",,"['jacobs,owen', 'webber,connor', 'jones,ron', 'park,brandon', 'cotter,douglas']","['mcelveen,mac', 'aubert,dustin', 'frebis,ronnie']",718.0,millsaps,32,0,0.0
299,299,905,Millsaps,Berry,1,70-84,"32,52","24,46",7-15,5-19,4-9,2-11,02/21/14,8:00 PM,,MILLSAPS HANGAR DOME,Win,2,False,267,False,11:41,,39.0,,54.0,"MISS LAYUP by KASTNER,MURRAY",,,"MISS LAYUP by KASTNER,MURRAY",2,layup,missed,millsaps,"kastner,murray",,"['jacobs,owen', 'webber,connor', 'jones,ron', 'park,brandon', 'cotter,douglas']","['mcelveen,mac', 'aubert,dustin', 'frebis,ronnie']",701.0,millsaps,32,0,0.0
300,300,905,Millsaps,Berry,1,70-84,"32,52","24,46",7-15,5-19,4-9,2-11,02/21/14,8:00 PM,,MILLSAPS HANGAR DOME,Win,2,False,267,False,--,"REBOUND DEF by JACOBS,OWEN",39.0,,54.0,,,,"REBOUND DEF by JACOBS,OWEN",2,defensive rebound,,berry,"jacobs,owen",,"['jacobs,owen', 'webber,connor', 'jones,ron', 'park,brandon', 'cotter,douglas']","['mcelveen,mac', 'aubert,dustin', 'frebis,ronnie']",,millsaps,32,0,0.0
301,301,905,Millsaps,Berry,1,70-84,"32,52","24,46",7-15,5-19,4-9,2-11,02/21/14,8:00 PM,,MILLSAPS HANGAR DOME,Win,2,False,267,False,11:35,"GOOD LAYUP by WEBBER,CONNOR(in the paint)",41.0,,54.0,,BCM 41-54 (+13),,"GOOD LAYUP by WEBBER,CONNOR(in the paint)",2,layup,good,berry,"webber,connor",2.0,"['jacobs,owen', 'webber,connor', 'jones,ron', 'park,brandon', 'cotter,douglas']","['mcelveen,mac', 'aubert,dustin', 'frebis,ronnie']",695.0,berry,33,0,0.0
302,302,905,Millsaps,Berry,1,70-84,"32,52","24,46",7-15,5-19,4-9,2-11,02/21/14,8:00 PM,,MILLSAPS HANGAR DOME,Win,2,False,267,False,--,"ASSIST  by JACOBS,OWEN",41.0,,54.0,,,,"ASSIST  by JACOBS,OWEN",2,assist,,berry,"jacobs,owen",,"['jacobs,owen', 'webber,connor', 'jones,ron', 'park,brandon', 'cotter,douglas']","['mcelveen,mac', 'aubert,dustin', 'frebis,ronnie']",,berry,33,0,0.0
303,303,905,Millsaps,Berry,1,70-84,"32,52","24,46",7-15,5-19,4-9,2-11,02/21/14,8:00 PM,,MILLSAPS HANGAR DOME,Win,2,False,267,False,11:35,,41.0,,54.0,"FOUL  by MCELVEEN,MAC",,,"FOUL  by MCELVEEN,MAC",2,foul,,millsaps,"mcelveen,mac",,"['jacobs,owen', 'webber,connor', 'jones,ron', 'park,brandon', 'cotter,douglas']","['mcelveen,mac', 'aubert,dustin', 'frebis,ronnie']",695.0,berry,33,0,0.0
304,304,905,Millsaps,Berry,1,70-84,"32,52","24,46",7-15,5-19,4-9,2-11,02/21/14,8:00 PM,,MILLSAPS HANGAR DOME,Win,2,False,267,False,11:35,,41.0,,54.0,TIMEOUT TEAM by TEAM,,,TIMEOUT TEAM by TEAM,2,timeout,,millsaps,,,"['jacobs,owen', 'webber,connor', 'jones,ron', 'park,brandon', 'cotter,douglas']","['mcelveen,mac', 'aubert,dustin', 'frebis,ronnie']",695.0,berry,33,0,0.0
305,305,905,Millsaps,Berry,1,70-84,"32,52","24,46",7-15,5-19,4-9,2-11,02/21/14,8:00 PM,,MILLSAPS HANGAR DOME,Win,2,False,267,False,11:35,"MISS FT by WEBBER,CONNOR",41.0,,54.0,,,,"MISS FT by WEBBER,CONNOR",2,free throw,missed,berry,"webber,connor",,"['jacobs,owen', 'webber,connor', 'jones,ron', 'park,brandon', 'cotter,douglas']","['mcelveen,mac', 'aubert,dustin', 'frebis,ronnie']",695.0,berry,33,0,0.0
306,306,905,Millsaps,Berry,1,70-84,"32,52","24,46",7-15,5-19,4-9,2-11,02/21/14,8:00 PM,,MILLSAPS HANGAR DOME,Win,2,False,267,False,--,,41.0,,54.0,"REBOUND DEF by AUBERT,DUSTIN",,,"REBOUND DEF by AUBERT,DUSTIN",2,defensive rebound,,millsaps,"aubert,dustin",,"['jacobs,owen', 'webber,connor', 'jones,ron', 'park,brandon', 'cotter,douglas']","['mcelveen,mac', 'aubert,dustin', 'frebis,ronnie']",,berry,33,0,0.0
307,307,905,Millsaps,Berry,1,70-84,"32,52","24,46",7-15,5-19,4-9,2-11,02/21/14,8:00 PM,,MILLSAPS HANGAR DOME,Win,2,False,267,False,11:35,,41.0,,54.0,"SUB IN by BERGER,RYAN",,,"SUB IN by BERGER,RYAN",2,subbing in,,millsaps,"berger,ryan",,"['jacobs,owen', 'webber,connor', 'jones,ron', 'park,brandon', 'cotter,douglas']","['mcelveen,mac', 'aubert,dustin', 'frebis,ronnie', 'berger,ryan']",695.0,millsaps,34,0,0.0
308,308,905,Millsaps,Berry,1,70-84,"32,52","24,46",7-15,5-19,4-9,2-11,02/21/14,8:00 PM,,MILLSAPS HANGAR DOME,Win,2,False,267,False,11:35,,41.0,,54.0,"SUB OUT by MCELVEEN,MAC",,,"SUB OUT by MCELVEEN,MAC",2,subbing out,,millsaps,"mcelveen,mac",,"['jacobs,owen', 'webber,connor', 'jones,ron', 'park,brandon', 'cotter,douglas']","['aubert,dustin', 'frebis,ronnie', 'berger,ryan']",695.0,millsaps,34,0,0.0
309,309,905,Millsaps,Berry,1,70-84,"32,52","24,46",7-15,5-19,4-9,2-11,02/21/14,8:00 PM,,MILLSAPS HANGAR DOME,Win,2,False,267,False,11:19,"FOUL  by PARK,BRANDON",41.0,,54.0,,,,"FOUL  by PARK,BRANDON",2,foul,,berry,"park,brandon",,"['jacobs,owen', 'webber,connor', 'jones,ron', 'park,brandon', 'cotter,douglas']","['aubert,dustin', 'frebis,ronnie', 'berger,ryan']",679.0,millsaps,34,0,0.0
310,310,905,Millsaps,Berry,1,70-84,"32,52","24,46",7-15,5-19,4-9,2-11,02/21/14,8:00 PM,,MILLSAPS HANGAR DOME,Win,2,False,267,False,11:19,,41.0,,55.0,"GOOD FT by AUBERT,DUSTIN",MILLSAPS 41-55 (+14),,"GOOD FT by AUBERT,DUSTIN",2,free throw,good,millsaps,"aubert,dustin",1.0,"['jacobs,owen', 'webber,connor', 'jones,ron', 'park,brandon', 'cotter,douglas']","['aubert,dustin', 'frebis,ronnie', 'berger,ryan']",679.0,millsaps,34,0,0.0
311,311,905,Millsaps,Berry,1,70-84,"32,52","24,46",7-15,5-19,4-9,2-11,02/21/14,8:00 PM,,MILLSAPS HANGAR DOME,Win,2,False,267,False,11:19,,41.0,,56.0,"GOOD FT by AUBERT,DUSTIN",MILLSAPS 41-56 (+15),,"GOOD FT by AUBERT,DUSTIN",2,free throw,good,millsaps,"aubert,dustin",1.0,"['jacobs,owen', 'webber,connor', 'jones,ron', 'park,brandon', 'cotter,douglas']","['aubert,dustin', 'frebis,ronnie', 'berger,ryan']",679.0,millsaps,34,0,0.0
312,312,905,Millsaps,Berry,1,70-84,"32,52","24,46",7-15,5-19,4-9,2-11,02/21/14,8:00 PM,,MILLSAPS HANGAR DOME,Win,2,False,267,False,11:19,"SUB IN by WHALEN,MAC",41.0,,56.0,,,,"SUB IN by WHALEN,MAC",2,subbing in,,berry,"whalen,mac",,"['jacobs,owen', 'webber,connor', 'jones,ron', 'park,brandon', 'cotter,douglas', 'whalen,mac']","['aubert,dustin', 'frebis,ronnie', 'berger,ryan']",679.0,millsaps,34,0,0.0
313,313,905,Millsaps,Berry,1,70-84,"32,52","24,46",7-15,5-19,4-9,2-11,02/21/14,8:00 PM,,MILLSAPS HANGAR DOME,Win,2,False,267,False,11:19,"SUB OUT by SMOAK,HUNTER",41.0,,56.0,,,,"SUB OUT by SMOAK,HUNTER",2,subbing out,,berry,"smoak,hunter",,"['jacobs,owen', 'webber,connor', 'jones,ron', 'park,brandon', 'cotter,douglas', 'whalen,mac']","['aubert,dustin', 'frebis,ronnie', 'berger,ryan']",679.0,millsaps,34,0,0.0
314,314,905,Millsaps,Berry,1,70-84,"32,52","24,46",7-15,5-19,4-9,2-11,02/21/14,8:00 PM,,MILLSAPS HANGAR DOME,Win,2,False,267,False,11:13,,41.0,,56.0,"FOUL  by AUBERT,DUSTIN",,,"FOUL  by AUBERT,DUSTIN",2,foul,,millsaps,"aubert,dustin",,"['jacobs,owen', 'webber,connor', 'jones,ron', 'park,brandon', 'cotter,douglas', 'whalen,mac']","['aubert,dustin', 'frebis,ronnie', 'berger,ryan']",673.0,millsaps,34,0,0.0
315,315,905,Millsaps,Berry,1,70-84,"32,52","24,46",7-15,5-19,4-9,2-11,02/21/14,8:00 PM,,MILLSAPS HANGAR DOME,Win,2,False,267,False,10:58,"MISS JUMPER by JONES,RON",41.0,,56.0,,,,"MISS JUMPER by JONES,RON",2,jumper,missed,berry,"jones,ron",,"['jacobs,owen', 'webber,connor', 'jones,ron', 'park,brandon', 'cotter,douglas', 'whalen,mac']","['aubert,dustin', 'frebis,ronnie', 'berger,ryan']",658.0,millsaps,34,0,0.0
316,316,905,Millsaps,Berry,1,70-84,"32,52","24,46",7-15,5-19,4-9,2-11,02/21/14,8:00 PM,,MILLSAPS HANGAR DOME,Win,2,False,267,False,--,,41.0,,56.0,"REBOUND DEF by FREBIS,RONNIE",,,"REBOUND DEF by FREBIS,RONNIE",2,defensive rebound,,millsaps,"frebis,ronnie",,"['jacobs,owen', 'webber,connor', 'jones,ron', 'park,brandon', 'cotter,douglas', 'whalen,mac']","['aubert,dustin', 'frebis,ronnie', 'berger,ryan']",,millsaps,34,0,0.0
317,317,905,Millsaps,Berry,1,70-84,"32,52","24,46",7-15,5-19,4-9,2-11,02/21/14,8:00 PM,,MILLSAPS HANGAR DOME,Win,2,False,267,False,10:33,,41.0,,56.0,"TURNOVER  by KASTNER,MURRAY",,,"TURNOVER  by KASTNER,MURRAY",2,turnover,,millsaps,"kastner,murray",,"['jacobs,owen', 'webber,connor', 'jones,ron', 'park,brandon', 'cotter,douglas', 'whalen,mac']","['aubert,dustin', 'frebis,ronnie', 'berger,ryan']",633.0,millsaps,34,0,0.0
318,318,905,Millsaps,Berry,1,70-84,"32,52","24,46",7-15,5-19,4-9,2-11,02/21/14,8:00 PM,,MILLSAPS HANGAR DOME,Win,2,False,267,False,10:33,"SUB IN by SMOAK,HUNTER",41.0,,56.0,,,,"SUB IN by SMOAK,HUNTER",2,subbing in,,berry,"smoak,hunter",,"['jacobs,owen', 'webber,connor', 'jones,ron', 'park,brandon', 'cotter,douglas', 'whalen,mac']","['aubert,dustin', 'frebis,ronnie', 'berger,ryan']",633.0,berry,35,0,0.0
319,319,905,Millsaps,Berry,1,70-84,"32,52","24,46",7-15,5-19,4-9,2-11,02/21/14,8:00 PM,,MILLSAPS HANGAR DOME,Win,2,False,267,False,10:33,"SUB IN by MCCLOUD,LEE",41.0,,56.0,,,,"SUB IN by MCCLOUD,LEE",2,subbing in,,berry,"mccloud,lee",,"['jacobs,owen', 'webber,connor', 'jones,ron', 'park,brandon', 'cotter,douglas', 'whalen,mac', 'mccloud,lee']","['aubert,dustin', 'frebis,ronnie', 'berger,ryan']",633.0,berry,35,0,0.0
320,320,905,Millsaps,Berry,1,70-84,"32,52","24,46",7-15,5-19,4-9,2-11,02/21/14,8:00 PM,,MILLSAPS HANGAR DOME,Win,2,False,267,False,10:33,"SUB OUT by WEBBER,CONNOR",41.0,,56.0,,,,"SUB OUT by WEBBER,CONNOR",2,subbing out,,berry,"webber,connor",,"['jacobs,owen', 'jones,ron', 'park,brandon', 'cotter,douglas', 'whalen,mac', 'mccloud,lee']","['aubert,dustin', 'frebis,ronnie', 'berger,ryan']",633.0,berry,35,0,0.0
321,321,905,Millsaps,Berry,1,70-84,"32,52","24,46",7-15,5-19,4-9,2-11,02/21/14,8:00 PM,,MILLSAPS HANGAR DOME,Win,2,False,267,False,10:33,"SUB OUT by PARK,BRANDON",41.0,,56.0,,,,"SUB OUT by PARK,BRANDON",2,subbing out,,berry,"park,brandon",,"['jacobs,owen', 'jones,ron', 'cotter,douglas', 'whalen,mac', 'mccloud,lee']","['aubert,dustin', 'frebis,ronnie', 'berger,ryan']",633.0,berry,35,0,0.0
322,322,905,Millsaps,Berry,1,70-84,"32,52","24,46",7-15,5-19,4-9,2-11,02/21/14,8:00 PM,,MILLSAPS HANGAR DOME,Win,2,False,267,False,10:20,"GOOD 3PTR by SMOAK,HUNTER",44.0,,56.0,,BCM 44-56 (+12),,"GOOD 3PTR by SMOAK,HUNTER",2,three pointer,good,berry,"smoak,hunter",3.0,"['jacobs,owen', 'jones,ron', 'cotter,douglas', 'whalen,mac', 'mccloud,lee']","['aubert,dustin', 'frebis,ronnie', 'berger,ryan']",620.0,berry,35,0,0.0
323,323,905,Millsaps,Berry,1,70-84,"32,52","24,46",7-15,5-19,4-9,2-11,02/21/14,8:00 PM,,MILLSAPS HANGAR DOME,Win,2,False,267,False,--,"ASSIST  by WHALEN,MAC",44.0,,56.0,,,,"ASSIST  by WHALEN,MAC",2,assist,,berry,"whalen,mac",,"['jacobs,owen', 'jones,ron', 'cotter,douglas', 'whalen,mac', 'mccloud,lee']","['aubert,dustin', 'frebis,ronnie', 'berger,ryan']",,berry,35,0,0.0
324,324,905,Millsaps,Berry,1,70-84,"32,52","24,46",7-15,5-19,4-9,2-11,02/21/14,8:00 PM,,MILLSAPS HANGAR DOME,Win,2,False,267,False,09:55,,44.0,,56.0,"FOUL  by AUBERT,DUSTIN",,,"FOUL  by AUBERT,DUSTIN",2,foul,,millsaps,"aubert,dustin",,"['jacobs,owen', 'jones,ron', 'cotter,douglas', 'whalen,mac', 'mccloud,lee']","['aubert,dustin', 'frebis,ronnie', 'berger,ryan']",595.0,berry,35,0,0.0
325,325,905,Millsaps,Berry,1,70-84,"32,52","24,46",7-15,5-19,4-9,2-11,02/21/14,8:00 PM,,MILLSAPS HANGAR DOME,Win,2,False,267,False,09:55,,44.0,,56.0,"SUB IN by ROBERTSON,MARC",,,"SUB IN by ROBERTSON,MARC",2,subbing in,,millsaps,"robertson,marc",,"['jacobs,owen', 'jones,ron', 'cotter,douglas', 'whalen,mac', 'mccloud,lee']","['aubert,dustin', 'frebis,ronnie', 'berger,ryan', 'robertson,marc']",595.0,berry,35,0,0.0
326,326,905,Millsaps,Berry,1,70-84,"32,52","24,46",7-15,5-19,4-9,2-11,02/21/14,8:00 PM,,MILLSAPS HANGAR DOME,Win,2,False,267,False,09:55,,44.0,,56.0,"SUB OUT by AUBERT,DUSTIN",,,"SUB OUT by AUBERT,DUSTIN",2,subbing out,,millsaps,"aubert,dustin",,"['jacobs,owen', 'jones,ron', 'cotter,douglas', 'whalen,mac', 'mccloud,lee']","['frebis,ronnie', 'berger,ryan', 'robertson,marc']",595.0,berry,35,0,0.0
327,327,905,Millsaps,Berry,1,70-84,"32,52","24,46",7-15,5-19,4-9,2-11,02/21/14,8:00 PM,,MILLSAPS HANGAR DOME,Win,2,False,267,False,09:44,"GOOD JUMPER by JONES,RON",46.0,,56.0,,BCM 46-56 (+10),,"GOOD JUMPER by JONES,RON",2,jumper,good,berry,"jones,ron",2.0,"['jacobs,owen', 'jones,ron', 'cotter,douglas', 'whalen,mac', 'mccloud,lee']","['frebis,ronnie', 'berger,ryan', 'robertson,marc']",584.0,berry,35,0,0.0
328,328,905,Millsaps,Berry,1,70-84,"32,52","24,46",7-15,5-19,4-9,2-11,02/21/14,8:00 PM,,MILLSAPS HANGAR DOME,Win,2,False,267,False,--,"ASSIST  by MCCLOUD,LEE",46.0,,56.0,,,,"ASSIST  by MCCLOUD,LEE",2,assist,,berry,"mccloud,lee",,"['jacobs,owen', 'jones,ron', 'cotter,douglas', 'whalen,mac', 'mccloud,lee']","['frebis,ronnie', 'berger,ryan', 'robertson,marc']",,berry,35,0,0.0
329,329,905,Millsaps,Berry,1,70-84,"32,52","24,46",7-15,5-19,4-9,2-11,02/21/14,8:00 PM,,MILLSAPS HANGAR DOME,Win,2,False,267,False,09:13,,46.0,,58.0,"GOOD LAYUP by FREBIS,RONNIE(in the paint)",MILLSAPS 46-58 (+12),,"GOOD LAYUP by FREBIS,RONNIE(in the paint)",2,layup,good,millsaps,"frebis,ronnie",2.0,"['jacobs,owen', 'jones,ron', 'cotter,douglas', 'whalen,mac', 'mccloud,lee']","['frebis,ronnie', 'berger,ryan', 'robertson,marc']",553.0,berry,35,0,0.0
330,330,905,Millsaps,Berry,1,70-84,"32,52","24,46",7-15,5-19,4-9,2-11,02/21/14,8:00 PM,,MILLSAPS HANGAR DOME,Win,2,False,267,False,--,,46.0,,58.0,"ASSIST  by BERGER,RYAN",,,"ASSIST  by BERGER,RYAN",2,assist,,millsaps,"berger,ryan",,"['jacobs,owen', 'jones,ron', 'cotter,douglas', 'whalen,mac', 'mccloud,lee']","['frebis,ronnie', 'berger,ryan', 'robertson,marc']",,berry,35,0,0.0
331,331,905,Millsaps,Berry,1,70-84,"32,52","24,46",7-15,5-19,4-9,2-11,02/21/14,8:00 PM,,MILLSAPS HANGAR DOME,Win,2,False,267,False,09:05,,46.0,,58.0,"FOUL  by ROBERTSON,MARC",,,"FOUL  by ROBERTSON,MARC",2,foul,,millsaps,"robertson,marc",,"['jacobs,owen', 'jones,ron', 'cotter,douglas', 'whalen,mac', 'mccloud,lee']","['frebis,ronnie', 'berger,ryan', 'robertson,marc']",545.0,berry,35,0,0.0
332,332,905,Millsaps,Berry,1,70-84,"32,52","24,46",7-15,5-19,4-9,2-11,02/21/14,8:00 PM,,MILLSAPS HANGAR DOME,Win,2,False,267,False,09:05,"GOOD FT by WHALEN,MAC",47.0,,58.0,,BCM 47-58 (+11),,"GOOD FT by WHALEN,MAC",2,free throw,good,berry,"whalen,mac",1.0,"['jacobs,owen', 'jones,ron', 'cotter,douglas', 'whalen,mac', 'mccloud,lee']","['frebis,ronnie', 'berger,ryan', 'robertson,marc']",545.0,berry,35,0,0.0
333,333,905,Millsaps,Berry,1,70-84,"32,52","24,46",7-15,5-19,4-9,2-11,02/21/14,8:00 PM,,MILLSAPS HANGAR DOME,Win,2,False,267,False,09:05,"GOOD FT by WHALEN,MAC",48.0,,58.0,,BCM 48-58 (+10),,"GOOD FT by WHALEN,MAC",2,free throw,good,berry,"whalen,mac",1.0,"['jacobs,owen', 'jones,ron', 'cotter,douglas', 'whalen,mac', 'mccloud,lee']","['frebis,ronnie', 'berger,ryan', 'robertson,marc']",545.0,berry,35,0,0.0
334,334,905,Millsaps,Berry,1,70-84,"32,52","24,46",7-15,5-19,4-9,2-11,02/21/14,8:00 PM,,MILLSAPS HANGAR DOME,Win,2,False,267,False,09:05,TIMEOUT TEAM by TEAM,48.0,,58.0,,,,TIMEOUT TEAM by TEAM,2,timeout,,berry,,,"['jacobs,owen', 'jones,ron', 'cotter,douglas', 'whalen,mac', 'mccloud,lee']","['frebis,ronnie', 'berger,ryan', 'robertson,marc']",545.0,berry,35,0,0.0
335,335,905,Millsaps,Berry,1,70-84,"32,52","24,46",7-15,5-19,4-9,2-11,02/21/14,8:00 PM,,MILLSAPS HANGAR DOME,Win,2,False,267,False,08:48,,48.0,,61.0,"GOOD 3PTR by ROBERTSON,MARC",MILLSAPS 48-61 (+13),,"GOOD 3PTR by ROBERTSON,MARC",2,three pointer,good,millsaps,"robertson,marc",3.0,"['jacobs,owen', 'jones,ron', 'cotter,douglas', 'whalen,mac', 'mccloud,lee']","['frebis,ronnie', 'berger,ryan', 'robertson,marc']",528.0,berry,35,0,0.0
336,336,905,Millsaps,Berry,1,70-84,"32,52","24,46",7-15,5-19,4-9,2-11,02/21/14,8:00 PM,,MILLSAPS HANGAR DOME,Win,2,False,267,False,--,,48.0,,61.0,"ASSIST  by KASTNER,MURRAY",,,"ASSIST  by KASTNER,MURRAY",2,assist,,millsaps,"kastner,murray",,"['jacobs,owen', 'jones,ron', 'cotter,douglas', 'whalen,mac', 'mccloud,lee']","['frebis,ronnie', 'berger,ryan', 'robertson,marc']",,berry,35,0,0.0
337,337,905,Millsaps,Berry,1,70-84,"32,52","24,46",7-15,5-19,4-9,2-11,02/21/14,8:00 PM,,MILLSAPS HANGAR DOME,Win,2,False,267,False,08:32,"MISS 3PTR by SMOAK,HUNTER",48.0,,61.0,,,,"MISS 3PTR by SMOAK,HUNTER",2,three pointer,missed,berry,"smoak,hunter",,"['jacobs,owen', 'jones,ron', 'cotter,douglas', 'whalen,mac', 'mccloud,lee']","['frebis,ronnie', 'berger,ryan', 'robertson,marc']",512.0,berry,35,0,0.0
338,338,905,Millsaps,Berry,1,70-84,"32,52","24,46",7-15,5-19,4-9,2-11,02/21/14,8:00 PM,,MILLSAPS HANGAR DOME,Win,2,False,267,False,--,,48.0,,61.0,REBOUND DEF by TEAM,,,REBOUND DEF by TEAM,2,defensive rebound,,millsaps,,,"['jacobs,owen', 'jones,ron', 'cotter,douglas', 'whalen,mac', 'mccloud,lee']","['frebis,ronnie', 'berger,ryan', 'robertson,marc']",,millsaps,36,0,0.0
339,339,905,Millsaps,Berry,1,70-84,"32,52","24,46",7-15,5-19,4-9,2-11,02/21/14,8:00 PM,,MILLSAPS HANGAR DOME,Win,2,False,267,False,08:18,,48.0,,61.0,"MISS LAYUP by FREBIS,RONNIE",,,"MISS LAYUP by FREBIS,RONNIE",2,layup,missed,millsaps,"frebis,ronnie",,"['jacobs,owen', 'jones,ron', 'cotter,douglas', 'whalen,mac', 'mccloud,lee']","['frebis,ronnie', 'berger,ryan', 'robertson,marc']",498.0,millsaps,36,0,0.0
340,340,905,Millsaps,Berry,1,70-84,"32,52","24,46",7-15,5-19,4-9,2-11,02/21/14,8:00 PM,,MILLSAPS HANGAR DOME,Win,2,False,267,False,08:18,"BLOCK  by WHALEN,MAC",48.0,,61.0,,,,"BLOCK  by WHALEN,MAC",2,block,,berry,"whalen,mac",,"['jacobs,owen', 'jones,ron', 'cotter,douglas', 'whalen,mac', 'mccloud,lee']","['frebis,ronnie', 'berger,ryan', 'robertson,marc']",498.0,millsaps,36,0,0.0
341,341,905,Millsaps,Berry,1,70-84,"32,52","24,46",7-15,5-19,4-9,2-11,02/21/14,8:00 PM,,MILLSAPS HANGAR DOME,Win,2,False,267,False,--,,48.0,,61.0,REBOUND OFF by TEAM,,,REBOUND OFF by TEAM,2,offensive rebound,,millsaps,,,"['jacobs,owen', 'jones,ron', 'cotter,douglas', 'whalen,mac', 'mccloud,lee']","['frebis,ronnie', 'berger,ryan', 'robertson,marc']",,millsaps,36,0,0.0
342,342,905,Millsaps,Berry,1,70-84,"32,52","24,46",7-15,5-19,4-9,2-11,02/21/14,8:00 PM,,MILLSAPS HANGAR DOME,Win,2,False,267,False,08:03,,48.0,,63.0,"GOOD LAYUP by FREBIS,RONNIE(in the paint)",MILLSAPS 48-63 (+15),,"GOOD LAYUP by FREBIS,RONNIE(in the paint)",2,layup,good,millsaps,"frebis,ronnie",2.0,"['jacobs,owen', 'jones,ron', 'cotter,douglas', 'whalen,mac', 'mccloud,lee']","['frebis,ronnie', 'berger,ryan', 'robertson,marc']",483.0,millsaps,36,0,0.0
343,343,905,Millsaps,Berry,1,70-84,"32,52","24,46",7-15,5-19,4-9,2-11,02/21/14,8:00 PM,,MILLSAPS HANGAR DOME,Win,2,False,267,False,--,,48.0,,63.0,"ASSIST  by BERGER,RYAN",,,"ASSIST  by BERGER,RYAN",2,assist,,millsaps,"berger,ryan",,"['jacobs,owen', 'jones,ron', 'cotter,douglas', 'whalen,mac', 'mccloud,lee']","['frebis,ronnie', 'berger,ryan', 'robertson,marc']",,millsaps,36,0,0.0
344,344,905,Millsaps,Berry,1,70-84,"32,52","24,46",7-15,5-19,4-9,2-11,02/21/14,8:00 PM,,MILLSAPS HANGAR DOME,Win,2,False,267,False,07:16,"MISS 3PTR by WHALEN,MAC",48.0,,63.0,,,,"MISS 3PTR by WHALEN,MAC",2,three pointer,missed,berry,"whalen,mac",,"['jacobs,owen', 'jones,ron', 'cotter,douglas', 'whalen,mac', 'mccloud,lee']","['frebis,ronnie', 'berger,ryan', 'robertson,marc']",436.0,millsaps,36,0,0.0
345,345,905,Millsaps,Berry,1,70-84,"32,52","24,46",7-15,5-19,4-9,2-11,02/21/14,8:00 PM,,MILLSAPS HANGAR DOME,Win,2,False,267,False,--,,48.0,,63.0,"REBOUND DEF by GILLIGAN,TULLY",,,"REBOUND DEF by GILLIGAN,TULLY",2,defensive rebound,,millsaps,"gilligan,tully",,"['jacobs,owen', 'jones,ron', 'cotter,douglas', 'whalen,mac', 'mccloud,lee']","['frebis,ronnie', 'berger,ryan', 'robertson,marc']",,millsaps,36,0,0.0
346,346,905,Millsaps,Berry,1,70-84,"32,52","24,46",7-15,5-19,4-9,2-11,02/21/14,8:00 PM,,MILLSAPS HANGAR DOME,Win,2,False,267,False,07:06,,48.0,,63.0,"FOUL  by KASTNER,MURRAY",,,"FOUL  by KASTNER,MURRAY",2,foul,,millsaps,"kastner,murray",,"['jacobs,owen', 'jones,ron', 'cotter,douglas', 'whalen,mac', 'mccloud,lee']","['frebis,ronnie', 'berger,ryan', 'robertson,marc']",426.0,millsaps,36,0,0.0
347,347,905,Millsaps,Berry,1,70-84,"32,52","24,46",7-15,5-19,4-9,2-11,02/21/14,8:00 PM,,MILLSAPS HANGAR DOME,Win,2,False,267,False,06:52,"MISS JUMPER by JONES,RON",48.0,,63.0,,,,"MISS JUMPER by JONES,RON",2,jumper,missed,berry,"jones,ron",,"['jacobs,owen', 'jones,ron', 'cotter,douglas', 'whalen,mac', 'mccloud,lee']","['frebis,ronnie', 'berger,ryan', 'robertson,marc']",412.0,millsaps,36,0,0.0
348,348,905,Millsaps,Berry,1,70-84,"32,52","24,46",7-15,5-19,4-9,2-11,02/21/14,8:00 PM,,MILLSAPS HANGAR DOME,Win,2,False,267,False,--,,48.0,,63.0,"REBOUND DEF by BERGER,RYAN",,,"REBOUND DEF by BERGER,RYAN",2,defensive rebound,,millsaps,"berger,ryan",,"['jacobs,owen', 'jones,ron', 'cotter,douglas', 'whalen,mac', 'mccloud,lee']","['frebis,ronnie', 'berger,ryan', 'robertson,marc']",,millsaps,36,0,0.0
349,349,905,Millsaps,Berry,1,70-84,"32,52","24,46",7-15,5-19,4-9,2-11,02/21/14,8:00 PM,,MILLSAPS HANGAR DOME,Win,2,False,267,False,06:18,,48.0,,65.0,"GOOD LAYUP by FREBIS,RONNIE(in the paint)",MILLSAPS 48-65 (+17),,"GOOD LAYUP by FREBIS,RONNIE(in the paint)",2,layup,good,millsaps,"frebis,ronnie",2.0,"['jacobs,owen', 'jones,ron', 'cotter,douglas', 'whalen,mac', 'mccloud,lee']","['frebis,ronnie', 'berger,ryan', 'robertson,marc']",378.0,millsaps,36,0,0.0
350,350,905,Millsaps,Berry,1,70-84,"32,52","24,46",7-15,5-19,4-9,2-11,02/21/14,8:00 PM,,MILLSAPS HANGAR DOME,Win,2,False,267,False,--,,48.0,,65.0,"ASSIST  by GILLIGAN,TULLY",,,"ASSIST  by GILLIGAN,TULLY",2,assist,,millsaps,"gilligan,tully",,"['jacobs,owen', 'jones,ron', 'cotter,douglas', 'whalen,mac', 'mccloud,lee']","['frebis,ronnie', 'berger,ryan', 'robertson,marc']",,millsaps,36,0,0.0
351,351,905,Millsaps,Berry,1,70-84,"32,52","24,46",7-15,5-19,4-9,2-11,02/21/14,8:00 PM,,MILLSAPS HANGAR DOME,Win,2,False,267,False,06:02,"GOOD 3PTR by WHALEN,MAC",51.0,,65.0,,BCM 51-65 (+14),,"GOOD 3PTR by WHALEN,MAC",2,three pointer,good,berry,"whalen,mac",3.0,"['jacobs,owen', 'jones,ron', 'cotter,douglas', 'whalen,mac', 'mccloud,lee']","['frebis,ronnie', 'berger,ryan', 'robertson,marc']",362.0,millsaps,36,0,0.0
352,352,905,Millsaps,Berry,1,70-84,"32,52","24,46",7-15,5-19,4-9,2-11,02/21/14,8:00 PM,,MILLSAPS HANGAR DOME,Win,2,False,267,False,--,"ASSIST  by SMOAK,HUNTER",51.0,,65.0,,,,"ASSIST  by SMOAK,HUNTER",2,assist,,berry,"smoak,hunter",,"['jacobs,owen', 'jones,ron', 'cotter,douglas', 'whalen,mac', 'mccloud,lee']","['frebis,ronnie', 'berger,ryan', 'robertson,marc']",,millsaps,36,0,0.0
353,353,905,Millsaps,Berry,1,70-84,"32,52","24,46",7-15,5-19,4-9,2-11,02/21/14,8:00 PM,,MILLSAPS HANGAR DOME,Win,2,False,267,False,05:24,"FOUL  by SMOAK,HUNTER",51.0,,65.0,,,,"FOUL  by SMOAK,HUNTER",2,foul,,berry,"smoak,hunter",,"['jacobs,owen', 'jones,ron', 'cotter,douglas', 'whalen,mac', 'mccloud,lee']","['frebis,ronnie', 'berger,ryan', 'robertson,marc']",324.0,millsaps,36,0,0.0
354,354,905,Millsaps,Berry,1,70-84,"32,52","24,46",7-15,5-19,4-9,2-11,02/21/14,8:00 PM,,MILLSAPS HANGAR DOME,Win,2,False,267,False,05:24,,51.0,,65.0,"MISS FT by GILLIGAN,TULLY",,,"MISS FT by GILLIGAN,TULLY",2,free throw,missed,millsaps,"gilligan,tully",,"['jacobs,owen', 'jones,ron', 'cotter,douglas', 'whalen,mac', 'mccloud,lee']","['frebis,ronnie', 'berger,ryan', 'robertson,marc']",324.0,millsaps,36,0,0.0
355,355,905,Millsaps,Berry,1,70-84,"32,52","24,46",7-15,5-19,4-9,2-11,02/21/14,8:00 PM,,MILLSAPS HANGAR DOME,Win,2,False,267,False,--,"REBOUND DEF by JACOBS,OWEN",51.0,,65.0,,,,"REBOUND DEF by JACOBS,OWEN",2,defensive rebound,,berry,"jacobs,owen",,"['jacobs,owen', 'jones,ron', 'cotter,douglas', 'whalen,mac', 'mccloud,lee']","['frebis,ronnie', 'berger,ryan', 'robertson,marc']",,millsaps,36,0,0.0
356,356,905,Millsaps,Berry,1,70-84,"32,52","24,46",7-15,5-19,4-9,2-11,02/21/14,8:00 PM,,MILLSAPS HANGAR DOME,Win,2,False,267,False,05:24,"SUB IN by GRAHAM,LAKE",51.0,,65.0,,,,"SUB IN by GRAHAM,LAKE",2,subbing in,,berry,"graham,lake",,"['jacobs,owen', 'jones,ron', 'cotter,douglas', 'whalen,mac', 'mccloud,lee', 'graham,lake']","['frebis,ronnie', 'berger,ryan', 'robertson,marc']",324.0,berry,37,0,0.0
357,357,905,Millsaps,Berry,1,70-84,"32,52","24,46",7-15,5-19,4-9,2-11,02/21/14,8:00 PM,,MILLSAPS HANGAR DOME,Win,2,False,267,False,05:24,"SUB OUT by JONES,RON",51.0,,65.0,,,,"SUB OUT by JONES,RON",2,subbing out,,berry,"jones,ron",,"['jacobs,owen', 'cotter,douglas', 'whalen,mac', 'mccloud,lee', 'graham,lake']","['frebis,ronnie', 'berger,ryan', 'robertson,marc']",324.0,berry,37,0,0.0
358,358,905,Millsaps,Berry,1,70-84,"32,52","24,46",7-15,5-19,4-9,2-11,02/21/14,8:00 PM,,MILLSAPS HANGAR DOME,Win,2,False,267,False,05:24,,51.0,,65.0,"SUB IN by GAGEN,BRENNAN",,,"SUB IN by GAGEN,BRENNAN",2,subbing in,,millsaps,"gagen,brennan",,"['jacobs,owen', 'cotter,douglas', 'whalen,mac', 'mccloud,lee', 'graham,lake']","['frebis,ronnie', 'berger,ryan', 'robertson,marc', 'gagen,brennan']",324.0,berry,37,0,0.0
359,359,905,Millsaps,Berry,1,70-84,"32,52","24,46",7-15,5-19,4-9,2-11,02/21/14,8:00 PM,,MILLSAPS HANGAR DOME,Win,2,False,267,False,05:24,,51.0,,65.0,"SUB OUT by ROBERTSON,MARC",,,"SUB OUT by ROBERTSON,MARC",2,subbing out,,millsaps,"robertson,marc",,"['jacobs,owen', 'cotter,douglas', 'whalen,mac', 'mccloud,lee', 'graham,lake']","['frebis,ronnie', 'berger,ryan', 'gagen,brennan']",324.0,berry,37,0,0.0
360,360,905,Millsaps,Berry,1,70-84,"32,52","24,46",7-15,5-19,4-9,2-11,02/21/14,8:00 PM,,MILLSAPS HANGAR DOME,Win,2,False,267,False,05:09,"GOOD JUMPER by GRAHAM,LAKE",53.0,,65.0,,BCM 53-65 (+12),,"GOOD JUMPER by GRAHAM,LAKE",2,jumper,good,berry,"graham,lake",2.0,"['jacobs,owen', 'cotter,douglas', 'whalen,mac', 'mccloud,lee', 'graham,lake']","['frebis,ronnie', 'berger,ryan', 'gagen,brennan']",309.0,berry,37,0,0.0
361,361,905,Millsaps,Berry,1,70-84,"32,52","24,46",7-15,5-19,4-9,2-11,02/21/14,8:00 PM,,MILLSAPS HANGAR DOME,Win,2,False,267,False,--,"ASSIST  by WHALEN,MAC",53.0,,65.0,,,,"ASSIST  by WHALEN,MAC",2,assist,,berry,"whalen,mac",,"['jacobs,owen', 'cotter,douglas', 'whalen,mac', 'mccloud,lee', 'graham,lake']","['frebis,ronnie', 'berger,ryan', 'gagen,brennan']",,berry,37,0,0.0
362,362,905,Millsaps,Berry,1,70-84,"32,52","24,46",7-15,5-19,4-9,2-11,02/21/14,8:00 PM,,MILLSAPS HANGAR DOME,Win,2,False,267,False,04:32,,53.0,,67.0,"GOOD JUMPER by KASTNER,MURRAY",MILLSAPS 53-67 (+14),,"GOOD JUMPER by KASTNER,MURRAY",2,jumper,good,millsaps,"kastner,murray",2.0,"['jacobs,owen', 'cotter,douglas', 'whalen,mac', 'mccloud,lee', 'graham,lake']","['frebis,ronnie', 'berger,ryan', 'gagen,brennan']",272.0,berry,37,0,0.0
363,363,905,Millsaps,Berry,1,70-84,"32,52","24,46",7-15,5-19,4-9,2-11,02/21/14,8:00 PM,,MILLSAPS HANGAR DOME,Win,2,False,267,False,04:30,,53.0,,67.0,TIMEOUT TEAM by TEAM,,,TIMEOUT TEAM by TEAM,2,timeout,,millsaps,,,"['jacobs,owen', 'cotter,douglas', 'whalen,mac', 'mccloud,lee', 'graham,lake']","['frebis,ronnie', 'berger,ryan', 'gagen,brennan']",270.0,berry,37,0,0.0
364,364,905,Millsaps,Berry,1,70-84,"32,52","24,46",7-15,5-19,4-9,2-11,02/21/14,8:00 PM,,MILLSAPS HANGAR DOME,Win,2,False,267,False,04:30,,53.0,,67.0,"SUB IN by MCELVEEN,MAC",,,"SUB IN by MCELVEEN,MAC",2,subbing in,,millsaps,"mcelveen,mac",,"['jacobs,owen', 'cotter,douglas', 'whalen,mac', 'mccloud,lee', 'graham,lake']","['frebis,ronnie', 'berger,ryan', 'gagen,brennan', 'mcelveen,mac']",270.0,berry,37,0,0.0
365,365,905,Millsaps,Berry,1,70-84,"32,52","24,46",7-15,5-19,4-9,2-11,02/21/14,8:00 PM,,MILLSAPS HANGAR DOME,Win,2,False,267,False,04:30,,53.0,,67.0,"SUB OUT by BERGER,RYAN",,,"SUB OUT by BERGER,RYAN",2,subbing out,,millsaps,"berger,ryan",,"['jacobs,owen', 'cotter,douglas', 'whalen,mac', 'mccloud,lee', 'graham,lake']","['frebis,ronnie', 'gagen,brennan', 'mcelveen,mac']",270.0,berry,37,0,0.0
366,366,905,Millsaps,Berry,1,70-84,"32,52","24,46",7-15,5-19,4-9,2-11,02/21/14,8:00 PM,,MILLSAPS HANGAR DOME,Win,2,False,267,False,04:24,"MISS JUMPER by SMOAK,HUNTER",53.0,,67.0,,,,"MISS JUMPER by SMOAK,HUNTER",2,jumper,missed,berry,"smoak,hunter",,"['jacobs,owen', 'cotter,douglas', 'whalen,mac', 'mccloud,lee', 'graham,lake']","['frebis,ronnie', 'gagen,brennan', 'mcelveen,mac']",264.0,berry,37,0,0.0
367,367,905,Millsaps,Berry,1,70-84,"32,52","24,46",7-15,5-19,4-9,2-11,02/21/14,8:00 PM,,MILLSAPS HANGAR DOME,Win,2,False,267,False,--,"REBOUND OFF by JACOBS,OWEN",53.0,,67.0,,,,"REBOUND OFF by JACOBS,OWEN",2,offensive rebound,,berry,"jacobs,owen",,"['jacobs,owen', 'cotter,douglas', 'whalen,mac', 'mccloud,lee', 'graham,lake']","['frebis,ronnie', 'gagen,brennan', 'mcelveen,mac']",,berry,37,0,0.0
368,368,905,Millsaps,Berry,1,70-84,"32,52","24,46",7-15,5-19,4-9,2-11,02/21/14,8:00 PM,,MILLSAPS HANGAR DOME,Win,2,False,267,False,04:21,"GOOD LAYUP by JACOBS,OWEN(in the paint)",55.0,,67.0,,BCM 55-67 (+12),,"GOOD LAYUP by JACOBS,OWEN(in the paint)",2,layup,good,berry,"jacobs,owen",2.0,"['jacobs,owen', 'cotter,douglas', 'whalen,mac', 'mccloud,lee', 'graham,lake']","['frebis,ronnie', 'gagen,brennan', 'mcelveen,mac']",261.0,berry,37,0,0.0
369,369,905,Millsaps,Berry,1,70-84,"32,52","24,46",7-15,5-19,4-9,2-11,02/21/14,8:00 PM,,MILLSAPS HANGAR DOME,Win,2,False,267,False,04:11,,55.0,,67.0,"MISS LAYUP by MCELVEEN,MAC",,,"MISS LAYUP by MCELVEEN,MAC",2,layup,missed,millsaps,"mcelveen,mac",,"['jacobs,owen', 'cotter,douglas', 'whalen,mac', 'mccloud,lee', 'graham,lake']","['frebis,ronnie', 'gagen,brennan', 'mcelveen,mac']",251.0,berry,37,0,0.0
370,370,905,Millsaps,Berry,1,70-84,"32,52","24,46",7-15,5-19,4-9,2-11,02/21/14,8:00 PM,,MILLSAPS HANGAR DOME,Win,2,False,267,False,--,"REBOUND DEF by GRAHAM,LAKE",55.0,,67.0,,,,"REBOUND DEF by GRAHAM,LAKE",2,defensive rebound,,berry,"graham,lake",,"['jacobs,owen', 'cotter,douglas', 'whalen,mac', 'mccloud,lee', 'graham,lake']","['frebis,ronnie', 'gagen,brennan', 'mcelveen,mac']",,berry,37,0,0.0
371,371,905,Millsaps,Berry,1,70-84,"32,52","24,46",7-15,5-19,4-9,2-11,02/21/14,8:00 PM,,MILLSAPS HANGAR DOME,Win,2,False,267,False,04:05,"MISS 3PTR by WHALEN,MAC",55.0,,67.0,,,,"MISS 3PTR by WHALEN,MAC",2,three pointer,missed,berry,"whalen,mac",,"['jacobs,owen', 'cotter,douglas', 'whalen,mac', 'mccloud,lee', 'graham,lake']","['frebis,ronnie', 'gagen,brennan', 'mcelveen,mac']",245.0,berry,37,0,0.0
372,372,905,Millsaps,Berry,1,70-84,"32,52","24,46",7-15,5-19,4-9,2-11,02/21/14,8:00 PM,,MILLSAPS HANGAR DOME,Win,2,False,267,False,--,,55.0,,67.0,"REBOUND DEF by MCELVEEN,MAC",,,"REBOUND DEF by MCELVEEN,MAC",2,defensive rebound,,millsaps,"mcelveen,mac",,"['jacobs,owen', 'cotter,douglas', 'whalen,mac', 'mccloud,lee', 'graham,lake']","['frebis,ronnie', 'gagen,brennan', 'mcelveen,mac']",,berry,37,0,0.0
373,373,905,Millsaps,Berry,1,70-84,"32,52","24,46",7-15,5-19,4-9,2-11,02/21/14,8:00 PM,,MILLSAPS HANGAR DOME,Win,2,False,267,False,03:46,"FOUL  by JACOBS,OWEN",55.0,,67.0,,,,"FOUL  by JACOBS,OWEN",2,foul,,berry,"jacobs,owen",,"['jacobs,owen', 'cotter,douglas', 'whalen,mac', 'mccloud,lee', 'graham,lake']","['frebis,ronnie', 'gagen,brennan', 'mcelveen,mac']",226.0,millsaps,38,0,0.0
374,374,905,Millsaps,Berry,1,70-84,"32,52","24,46",7-15,5-19,4-9,2-11,02/21/14,8:00 PM,,MILLSAPS HANGAR DOME,Win,2,False,267,False,03:46,,55.0,,68.0,"GOOD FT by KASTNER,MURRAY",MILLSAPS 55-68 (+13),,"GOOD FT by KASTNER,MURRAY",2,free throw,good,millsaps,"kastner,murray",1.0,"['jacobs,owen', 'cotter,douglas', 'whalen,mac', 'mccloud,lee', 'graham,lake']","['frebis,ronnie', 'gagen,brennan', 'mcelveen,mac']",226.0,millsaps,38,0,0.0
375,375,905,Millsaps,Berry,1,70-84,"32,52","24,46",7-15,5-19,4-9,2-11,02/21/14,8:00 PM,,MILLSAPS HANGAR DOME,Win,2,False,267,False,03:46,,55.0,,69.0,"GOOD FT by KASTNER,MURRAY",MILLSAPS 55-69 (+14),,"GOOD FT by KASTNER,MURRAY",2,free throw,good,millsaps,"kastner,murray",1.0,"['jacobs,owen', 'cotter,douglas', 'whalen,mac', 'mccloud,lee', 'graham,lake']","['frebis,ronnie', 'gagen,brennan', 'mcelveen,mac']",226.0,millsaps,38,0,0.0
376,376,905,Millsaps,Berry,1,70-84,"32,52","24,46",7-15,5-19,4-9,2-11,02/21/14,8:00 PM,,MILLSAPS HANGAR DOME,Win,2,False,267,False,03:46,"SUB IN by PARK,BRANDON",55.0,,69.0,,,,"SUB IN by PARK,BRANDON",2,subbing in,,berry,"park,brandon",,"['jacobs,owen', 'cotter,douglas', 'whalen,mac', 'mccloud,lee', 'graham,lake', 'park,brandon']","['frebis,ronnie', 'gagen,brennan', 'mcelveen,mac']",226.0,millsaps,38,0,0.0
377,377,905,Millsaps,Berry,1,70-84,"32,52","24,46",7-15,5-19,4-9,2-11,02/21/14,8:00 PM,,MILLSAPS HANGAR DOME,Win,2,False,267,False,03:46,"SUB OUT by GRAHAM,LAKE",55.0,,69.0,,,,"SUB OUT by GRAHAM,LAKE",2,subbing out,,berry,"graham,lake",,"['jacobs,owen', 'cotter,douglas', 'whalen,mac', 'mccloud,lee', 'park,brandon']","['frebis,ronnie', 'gagen,brennan', 'mcelveen,mac']",226.0,millsaps,38,0,0.0
378,378,905,Millsaps,Berry,1,70-84,"32,52","24,46",7-15,5-19,4-9,2-11,02/21/14,8:00 PM,,MILLSAPS HANGAR DOME,Win,2,False,267,False,03:35,"MISS JUMPER by PARK,BRANDON",55.0,,69.0,,,,"MISS JUMPER by PARK,BRANDON",2,jumper,missed,berry,"park,brandon",,"['jacobs,owen', 'cotter,douglas', 'whalen,mac', 'mccloud,lee', 'park,brandon']","['frebis,ronnie', 'gagen,brennan', 'mcelveen,mac']",215.0,millsaps,38,0,0.0
379,379,905,Millsaps,Berry,1,70-84,"32,52","24,46",7-15,5-19,4-9,2-11,02/21/14,8:00 PM,,MILLSAPS HANGAR DOME,Win,2,False,267,False,--,,55.0,,69.0,"REBOUND DEF by GILLIGAN,TULLY",,,"REBOUND DEF by GILLIGAN,TULLY",2,defensive rebound,,millsaps,"gilligan,tully",,"['jacobs,owen', 'cotter,douglas', 'whalen,mac', 'mccloud,lee', 'park,brandon']","['frebis,ronnie', 'gagen,brennan', 'mcelveen,mac']",,millsaps,38,0,0.0
380,380,905,Millsaps,Berry,1,70-84,"32,52","24,46",7-15,5-19,4-9,2-11,02/21/14,8:00 PM,,MILLSAPS HANGAR DOME,Win,2,False,267,False,03:15,,55.0,,71.0,"GOOD LAYUP by GILLIGAN,TULLY(in the paint)",MILLSAPS 55-71 (+16),,"GOOD LAYUP by GILLIGAN,TULLY(in the paint)",2,layup,good,millsaps,"gilligan,tully",2.0,"['jacobs,owen', 'cotter,douglas', 'whalen,mac', 'mccloud,lee', 'park,brandon']","['frebis,ronnie', 'gagen,brennan', 'mcelveen,mac']",195.0,millsaps,38,0,0.0
381,381,905,Millsaps,Berry,1,70-84,"32,52","24,46",7-15,5-19,4-9,2-11,02/21/14,8:00 PM,,MILLSAPS HANGAR DOME,Win,2,False,267,False,03:06,,55.0,,71.0,"FOUL  by FREBIS,RONNIE",,,"FOUL  by FREBIS,RONNIE",2,foul,,millsaps,"frebis,ronnie",,"['jacobs,owen', 'cotter,douglas', 'whalen,mac', 'mccloud,lee', 'park,brandon']","['frebis,ronnie', 'gagen,brennan', 'mcelveen,mac']",186.0,millsaps,38,0,0.0
382,382,905,Millsaps,Berry,1,70-84,"32,52","24,46",7-15,5-19,4-9,2-11,02/21/14,8:00 PM,,MILLSAPS HANGAR DOME,Win,2,False,267,False,03:06,"MISS FT by MCCLOUD,LEE",55.0,,71.0,,,,"MISS FT by MCCLOUD,LEE",2,free throw,missed,berry,"mccloud,lee",,"['jacobs,owen', 'cotter,douglas', 'whalen,mac', 'mccloud,lee', 'park,brandon']","['frebis,ronnie', 'gagen,brennan', 'mcelveen,mac']",186.0,millsaps,38,0,0.0
383,383,905,Millsaps,Berry,1,70-84,"32,52","24,46",7-15,5-19,4-9,2-11,02/21/14,8:00 PM,,MILLSAPS HANGAR DOME,Win,2,False,267,False,--,REBOUND DEADB by TEAM,55.0,,71.0,,,,REBOUND DEADB by TEAM,2,deadball rebound,,berry,,,"['jacobs,owen', 'cotter,douglas', 'whalen,mac', 'mccloud,lee', 'park,brandon']","['frebis,ronnie', 'gagen,brennan', 'mcelveen,mac']",,millsaps,38,0,0.0
384,384,905,Millsaps,Berry,1,70-84,"32,52","24,46",7-15,5-19,4-9,2-11,02/21/14,8:00 PM,,MILLSAPS HANGAR DOME,Win,2,False,267,False,03:06,"GOOD FT by MCCLOUD,LEE",56.0,,71.0,,BCM 56-71 (+15),,"GOOD FT by MCCLOUD,LEE",2,free throw,good,berry,"mccloud,lee",1.0,"['jacobs,owen', 'cotter,douglas', 'whalen,mac', 'mccloud,lee', 'park,brandon']","['frebis,ronnie', 'gagen,brennan', 'mcelveen,mac']",186.0,millsaps,38,0,0.0
385,385,905,Millsaps,Berry,1,70-84,"32,52","24,46",7-15,5-19,4-9,2-11,02/21/14,8:00 PM,,MILLSAPS HANGAR DOME,Win,2,False,267,False,03:06,"SUB IN by WEBBER,CONNOR",56.0,,71.0,,,,"SUB IN by WEBBER,CONNOR",2,subbing in,,berry,"webber,connor",,"['jacobs,owen', 'cotter,douglas', 'whalen,mac', 'mccloud,lee', 'park,brandon', 'webber,connor']","['frebis,ronnie', 'gagen,brennan', 'mcelveen,mac']",186.0,millsaps,38,0,0.0
386,386,905,Millsaps,Berry,1,70-84,"32,52","24,46",7-15,5-19,4-9,2-11,02/21/14,8:00 PM,,MILLSAPS HANGAR DOME,Win,2,False,267,False,03:06,"SUB OUT by JACOBS,OWEN",56.0,,71.0,,,,"SUB OUT by JACOBS,OWEN",2,subbing out,,berry,"jacobs,owen",,"['cotter,douglas', 'whalen,mac', 'mccloud,lee', 'park,brandon', 'webber,connor']","['frebis,ronnie', 'gagen,brennan', 'mcelveen,mac']",186.0,millsaps,38,0,0.0
387,387,905,Millsaps,Berry,1,70-84,"32,52","24,46",7-15,5-19,4-9,2-11,02/21/14,8:00 PM,,MILLSAPS HANGAR DOME,Win,2,False,267,False,03:06,,56.0,,71.0,"SUB IN by BERGER,RYAN",,,"SUB IN by BERGER,RYAN",2,subbing in,,millsaps,"berger,ryan",,"['cotter,douglas', 'whalen,mac', 'mccloud,lee', 'park,brandon', 'webber,connor']","['frebis,ronnie', 'gagen,brennan', 'mcelveen,mac', 'berger,ryan']",186.0,millsaps,38,0,0.0
388,388,905,Millsaps,Berry,1,70-84,"32,52","24,46",7-15,5-19,4-9,2-11,02/21/14,8:00 PM,,MILLSAPS HANGAR DOME,Win,2,False,267,False,03:06,,56.0,,71.0,"SUB IN by AUBERT,DUSTIN",,,"SUB IN by AUBERT,DUSTIN",2,subbing in,,millsaps,"aubert,dustin",,"['cotter,douglas', 'whalen,mac', 'mccloud,lee', 'park,brandon', 'webber,connor']","['frebis,ronnie', 'gagen,brennan', 'mcelveen,mac', 'berger,ryan', 'aubert,dustin']",186.0,millsaps,38,0,0.0
389,389,905,Millsaps,Berry,1,70-84,"32,52","24,46",7-15,5-19,4-9,2-11,02/21/14,8:00 PM,,MILLSAPS HANGAR DOME,Win,2,False,267,False,03:06,,56.0,,71.0,"SUB OUT by FREBIS,RONNIE",,,"SUB OUT by FREBIS,RONNIE",2,subbing out,,millsaps,"frebis,ronnie",,"['cotter,douglas', 'whalen,mac', 'mccloud,lee', 'park,brandon', 'webber,connor']","['gagen,brennan', 'mcelveen,mac', 'berger,ryan', 'aubert,dustin']",186.0,millsaps,38,0,0.0
390,390,905,Millsaps,Berry,1,70-84,"32,52","24,46",7-15,5-19,4-9,2-11,02/21/14,8:00 PM,,MILLSAPS HANGAR DOME,Win,2,False,267,False,03:06,,56.0,,71.0,"SUB OUT by GAGEN,BRENNAN",,,"SUB OUT by GAGEN,BRENNAN",2,subbing out,,millsaps,"gagen,brennan",,"['cotter,douglas', 'whalen,mac', 'mccloud,lee', 'park,brandon', 'webber,connor']","['mcelveen,mac', 'berger,ryan', 'aubert,dustin']",186.0,millsaps,38,0,0.0
391,391,905,Millsaps,Berry,1,70-84,"32,52","24,46",7-15,5-19,4-9,2-11,02/21/14,8:00 PM,,MILLSAPS HANGAR DOME,Win,2,False,267,False,02:48,,56.0,,73.0,"GOOD LAYUP by BERGER,RYAN(in the paint)",MILLSAPS 56-73 (+17),,"GOOD LAYUP by BERGER,RYAN(in the paint)",2,layup,good,millsaps,"berger,ryan",2.0,"['cotter,douglas', 'whalen,mac', 'mccloud,lee', 'park,brandon', 'webber,connor']","['mcelveen,mac', 'berger,ryan', 'aubert,dustin']",168.0,millsaps,38,0,0.0
392,392,905,Millsaps,Berry,1,70-84,"32,52","24,46",7-15,5-19,4-9,2-11,02/21/14,8:00 PM,,MILLSAPS HANGAR DOME,Win,2,False,267,False,--,,56.0,,73.0,"ASSIST  by KASTNER,MURRAY",,,"ASSIST  by KASTNER,MURRAY",2,assist,,millsaps,"kastner,murray",,"['cotter,douglas', 'whalen,mac', 'mccloud,lee', 'park,brandon', 'webber,connor']","['mcelveen,mac', 'berger,ryan', 'aubert,dustin']",,millsaps,38,0,0.0
393,393,905,Millsaps,Berry,1,70-84,"32,52","24,46",7-15,5-19,4-9,2-11,02/21/14,8:00 PM,,MILLSAPS HANGAR DOME,Win,2,False,267,False,02:48,"MISS 3PTR by WHALEN,MAC",56.0,,73.0,,,,"MISS 3PTR by WHALEN,MAC",2,three pointer,missed,berry,"whalen,mac",,"['cotter,douglas', 'whalen,mac', 'mccloud,lee', 'park,brandon', 'webber,connor']","['mcelveen,mac', 'berger,ryan', 'aubert,dustin']",168.0,millsaps,38,0,0.0
394,394,905,Millsaps,Berry,1,70-84,"32,52","24,46",7-15,5-19,4-9,2-11,02/21/14,8:00 PM,,MILLSAPS HANGAR DOME,Win,2,False,267,False,--,,56.0,,73.0,REBOUND DEF by TEAM,,,REBOUND DEF by TEAM,2,defensive rebound,,millsaps,,,"['cotter,douglas', 'whalen,mac', 'mccloud,lee', 'park,brandon', 'webber,connor']","['mcelveen,mac', 'berger,ryan', 'aubert,dustin']",,millsaps,38,0,0.0
395,395,905,Millsaps,Berry,1,70-84,"32,52","24,46",7-15,5-19,4-9,2-11,02/21/14,8:00 PM,,MILLSAPS HANGAR DOME,Win,2,False,267,False,02:46,,56.0,,75.0,"GOOD LAYUP by BERGER,RYAN(in the paint)",MILLSAPS 56-75 (+19),,"GOOD LAYUP by BERGER,RYAN(in the paint)",2,layup,good,millsaps,"berger,ryan",2.0,"['cotter,douglas', 'whalen,mac', 'mccloud,lee', 'park,brandon', 'webber,connor']","['mcelveen,mac', 'berger,ryan', 'aubert,dustin']",166.0,millsaps,38,0,0.0
396,396,905,Millsaps,Berry,1,70-84,"32,52","24,46",7-15,5-19,4-9,2-11,02/21/14,8:00 PM,,MILLSAPS HANGAR DOME,Win,2,False,267,False,02:43,TIMEOUT TEAM by TEAM,56.0,,75.0,,,,TIMEOUT TEAM by TEAM,2,timeout,,berry,,,"['cotter,douglas', 'whalen,mac', 'mccloud,lee', 'park,brandon', 'webber,connor']","['mcelveen,mac', 'berger,ryan', 'aubert,dustin']",163.0,millsaps,38,0,0.0
397,397,905,Millsaps,Berry,1,70-84,"32,52","24,46",7-15,5-19,4-9,2-11,02/21/14,8:00 PM,,MILLSAPS HANGAR DOME,Win,2,False,267,False,02:43,,56.0,,75.0,"SUB IN by ROBERTSON,MARC",,,"SUB IN by ROBERTSON,MARC",2,subbing in,,millsaps,"robertson,marc",,"['cotter,douglas', 'whalen,mac', 'mccloud,lee', 'park,brandon', 'webber,connor']","['mcelveen,mac', 'berger,ryan', 'aubert,dustin', 'robertson,marc']",163.0,millsaps,38,0,0.0
398,398,905,Millsaps,Berry,1,70-84,"32,52","24,46",7-15,5-19,4-9,2-11,02/21/14,8:00 PM,,MILLSAPS HANGAR DOME,Win,2,False,267,False,02:43,,56.0,,75.0,"SUB OUT by GILLIGAN,TULLY",,,"SUB OUT by GILLIGAN,TULLY",2,subbing out,,millsaps,"gilligan,tully",,"['cotter,douglas', 'whalen,mac', 'mccloud,lee', 'park,brandon', 'webber,connor']","['mcelveen,mac', 'berger,ryan', 'aubert,dustin', 'robertson,marc']",163.0,millsaps,38,0,0.0
399,399,905,Millsaps,Berry,1,70-84,"32,52","24,46",7-15,5-19,4-9,2-11,02/21/14,8:00 PM,,MILLSAPS HANGAR DOME,Win,2,False,267,False,02:36,"GOOD 3PTR by MCCLOUD,LEE",59.0,,75.0,,BCM 59-75 (+16),,"GOOD 3PTR by MCCLOUD,LEE",2,three pointer,good,berry,"mccloud,lee",3.0,"['cotter,douglas', 'whalen,mac', 'mccloud,lee', 'park,brandon', 'webber,connor']","['mcelveen,mac', 'berger,ryan', 'aubert,dustin', 'robertson,marc']",156.0,millsaps,38,0,0.0
400,400,905,Millsaps,Berry,1,70-84,"32,52","24,46",7-15,5-19,4-9,2-11,02/21/14,8:00 PM,,MILLSAPS HANGAR DOME,Win,2,False,267,False,--,"ASSIST  by SMOAK,HUNTER",59.0,,75.0,,,,"ASSIST  by SMOAK,HUNTER",2,assist,,berry,"smoak,hunter",,"['cotter,douglas', 'whalen,mac', 'mccloud,lee', 'park,brandon', 'webber,connor']","['mcelveen,mac', 'berger,ryan', 'aubert,dustin', 'robertson,marc']",,millsaps,38,0,0.0
401,401,905,Millsaps,Berry,1,70-84,"32,52","24,46",7-15,5-19,4-9,2-11,02/21/14,8:00 PM,,MILLSAPS HANGAR DOME,Win,2,False,267,False,02:17,,59.0,,77.0,"GOOD LAYUP by MCELVEEN,MAC(in the paint)",MILLSAPS 59-77 (+18),,"GOOD LAYUP by MCELVEEN,MAC(in the paint)",2,layup,good,millsaps,"mcelveen,mac",2.0,"['cotter,douglas', 'whalen,mac', 'mccloud,lee', 'park,brandon', 'webber,connor']","['mcelveen,mac', 'berger,ryan', 'aubert,dustin', 'robertson,marc']",137.0,millsaps,38,0,0.0
402,402,905,Millsaps,Berry,1,70-84,"32,52","24,46",7-15,5-19,4-9,2-11,02/21/14,8:00 PM,,MILLSAPS HANGAR DOME,Win,2,False,267,False,02:05,"GOOD LAYUP by WEBBER,CONNOR(in the paint)",61.0,,77.0,,BCM 61-77 (+16),,"GOOD LAYUP by WEBBER,CONNOR(in the paint)",2,layup,good,berry,"webber,connor",2.0,"['cotter,douglas', 'whalen,mac', 'mccloud,lee', 'park,brandon', 'webber,connor']","['mcelveen,mac', 'berger,ryan', 'aubert,dustin', 'robertson,marc']",125.0,millsaps,38,0,0.0
403,403,905,Millsaps,Berry,1,70-84,"32,52","24,46",7-15,5-19,4-9,2-11,02/21/14,8:00 PM,,MILLSAPS HANGAR DOME,Win,2,False,267,False,--,"ASSIST  by SMOAK,HUNTER",61.0,,77.0,,,,"ASSIST  by SMOAK,HUNTER",2,assist,,berry,"smoak,hunter",,"['cotter,douglas', 'whalen,mac', 'mccloud,lee', 'park,brandon', 'webber,connor']","['mcelveen,mac', 'berger,ryan', 'aubert,dustin', 'robertson,marc']",,millsaps,38,0,0.0
404,404,905,Millsaps,Berry,1,70-84,"32,52","24,46",7-15,5-19,4-9,2-11,02/21/14,8:00 PM,,MILLSAPS HANGAR DOME,Win,2,False,267,False,02:05,,61.0,,77.0,"FOUL  by BERGER,RYAN",,,"FOUL  by BERGER,RYAN",2,foul,,millsaps,"berger,ryan",,"['cotter,douglas', 'whalen,mac', 'mccloud,lee', 'park,brandon', 'webber,connor']","['mcelveen,mac', 'berger,ryan', 'aubert,dustin', 'robertson,marc']",125.0,millsaps,38,0,0.0
405,405,905,Millsaps,Berry,1,70-84,"32,52","24,46",7-15,5-19,4-9,2-11,02/21/14,8:00 PM,,MILLSAPS HANGAR DOME,Win,2,False,267,False,02:05,"GOOD FT by WEBBER,CONNOR",62.0,,77.0,,BCM 62-77 (+15),,"GOOD FT by WEBBER,CONNOR",2,free throw,good,berry,"webber,connor",1.0,"['cotter,douglas', 'whalen,mac', 'mccloud,lee', 'park,brandon', 'webber,connor']","['mcelveen,mac', 'berger,ryan', 'aubert,dustin', 'robertson,marc']",125.0,millsaps,38,0,0.0
406,406,905,Millsaps,Berry,1,70-84,"32,52","24,46",7-15,5-19,4-9,2-11,02/21/14,8:00 PM,,MILLSAPS HANGAR DOME,Win,2,False,267,False,02:05,"SUB IN by JONES,RON",62.0,,77.0,,,,"SUB IN by JONES,RON",2,subbing in,,berry,"jones,ron",,"['cotter,douglas', 'whalen,mac', 'mccloud,lee', 'park,brandon', 'webber,connor']","['mcelveen,mac', 'berger,ryan', 'aubert,dustin', 'robertson,marc']",125.0,millsaps,38,0,0.0
407,407,905,Millsaps,Berry,1,70-84,"32,52","24,46",7-15,5-19,4-9,2-11,02/21/14,8:00 PM,,MILLSAPS HANGAR DOME,Win,2,False,267,False,02:05,"SUB OUT by WEBBER,CONNOR",62.0,,77.0,,,,"SUB OUT by WEBBER,CONNOR",2,subbing out,,berry,"webber,connor",,"['cotter,douglas', 'whalen,mac', 'mccloud,lee', 'park,brandon']","['mcelveen,mac', 'berger,ryan', 'aubert,dustin', 'robertson,marc']",125.0,millsaps,38,0,0.0
408,408,905,Millsaps,Berry,1,70-84,"32,52","24,46",7-15,5-19,4-9,2-11,02/21/14,8:00 PM,,MILLSAPS HANGAR DOME,Win,2,False,267,False,01:51,"FOUL  by JONES,RON",62.0,,77.0,,,,"FOUL  by JONES,RON",2,foul,,berry,"jones,ron",,"['cotter,douglas', 'whalen,mac', 'mccloud,lee', 'park,brandon']","['mcelveen,mac', 'berger,ryan', 'aubert,dustin', 'robertson,marc']",111.0,millsaps,38,0,0.0
409,409,905,Millsaps,Berry,1,70-84,"32,52","24,46",7-15,5-19,4-9,2-11,02/21/14,8:00 PM,,MILLSAPS HANGAR DOME,Win,2,False,267,False,01:51,,62.0,,78.0,"GOOD FT by MCELVEEN,MAC",MILLSAPS 62-78 (+16),,"GOOD FT by MCELVEEN,MAC",2,free throw,good,millsaps,"mcelveen,mac",1.0,"['cotter,douglas', 'whalen,mac', 'mccloud,lee', 'park,brandon']","['mcelveen,mac', 'berger,ryan', 'aubert,dustin', 'robertson,marc']",111.0,millsaps,38,0,0.0
410,410,905,Millsaps,Berry,1,70-84,"32,52","24,46",7-15,5-19,4-9,2-11,02/21/14,8:00 PM,,MILLSAPS HANGAR DOME,Win,2,False,267,False,01:51,,62.0,,79.0,"GOOD FT by MCELVEEN,MAC",MILLSAPS 62-79 (+17),,"GOOD FT by MCELVEEN,MAC",2,free throw,good,millsaps,"mcelveen,mac",1.0,"['cotter,douglas', 'whalen,mac', 'mccloud,lee', 'park,brandon']","['mcelveen,mac', 'berger,ryan', 'aubert,dustin', 'robertson,marc']",111.0,millsaps,38,0,0.0
411,411,905,Millsaps,Berry,1,70-84,"32,52","24,46",7-15,5-19,4-9,2-11,02/21/14,8:00 PM,,MILLSAPS HANGAR DOME,Win,2,False,267,False,01:37,"GOOD 3PTR by WHALEN,MAC",65.0,,79.0,,BCM 65-79 (+14),,"GOOD 3PTR by WHALEN,MAC",2,three pointer,good,berry,"whalen,mac",3.0,"['cotter,douglas', 'whalen,mac', 'mccloud,lee', 'park,brandon']","['mcelveen,mac', 'berger,ryan', 'aubert,dustin', 'robertson,marc']",97.0,millsaps,38,0,0.0
412,412,905,Millsaps,Berry,1,70-84,"32,52","24,46",7-15,5-19,4-9,2-11,02/21/14,8:00 PM,,MILLSAPS HANGAR DOME,Win,2,False,267,False,--,"ASSIST  by SMOAK,HUNTER",65.0,,79.0,,,,"ASSIST  by SMOAK,HUNTER",2,assist,,berry,"smoak,hunter",,"['cotter,douglas', 'whalen,mac', 'mccloud,lee', 'park,brandon']","['mcelveen,mac', 'berger,ryan', 'aubert,dustin', 'robertson,marc']",,millsaps,38,0,0.0
413,413,905,Millsaps,Berry,1,70-84,"32,52","24,46",7-15,5-19,4-9,2-11,02/21/14,8:00 PM,,MILLSAPS HANGAR DOME,Win,2,False,267,False,01:00,,65.0,,81.0,"GOOD LAYUP by KASTNER,MURRAY(in the paint)",MILLSAPS 65-81 (+16),,"GOOD LAYUP by KASTNER,MURRAY(in the paint)",2,layup,good,millsaps,"kastner,murray",2.0,"['cotter,douglas', 'whalen,mac', 'mccloud,lee', 'park,brandon']","['mcelveen,mac', 'berger,ryan', 'aubert,dustin', 'robertson,marc']",60.0,millsaps,38,0,0.0
414,414,905,Millsaps,Berry,1,70-84,"32,52","24,46",7-15,5-19,4-9,2-11,02/21/14,8:00 PM,,MILLSAPS HANGAR DOME,Win,2,False,267,False,01:00,"FOUL  by WHALEN,MAC",65.0,,81.0,,,,"FOUL  by WHALEN,MAC",2,foul,,berry,"whalen,mac",,"['cotter,douglas', 'whalen,mac', 'mccloud,lee', 'park,brandon']","['mcelveen,mac', 'berger,ryan', 'aubert,dustin', 'robertson,marc']",60.0,millsaps,38,0,0.0
415,415,905,Millsaps,Berry,1,70-84,"32,52","24,46",7-15,5-19,4-9,2-11,02/21/14,8:00 PM,,MILLSAPS HANGAR DOME,Win,2,False,267,False,01:00,,65.0,,82.0,"GOOD FT by KASTNER,MURRAY",MILLSAPS 65-82 (+17),,"GOOD FT by KASTNER,MURRAY",2,free throw,good,millsaps,"kastner,murray",1.0,"['cotter,douglas', 'whalen,mac', 'mccloud,lee', 'park,brandon']","['mcelveen,mac', 'berger,ryan', 'aubert,dustin', 'robertson,marc']",60.0,millsaps,38,0,0.0
416,416,905,Millsaps,Berry,1,70-84,"32,52","24,46",7-15,5-19,4-9,2-11,02/21/14,8:00 PM,,MILLSAPS HANGAR DOME,Win,2,False,267,False,01:00,"SUB IN by TINAE,DJ",65.0,,82.0,,,,"SUB IN by TINAE,DJ",2,subbing in,,berry,"tinae,dj",,"['cotter,douglas', 'whalen,mac', 'mccloud,lee', 'park,brandon', 'tinae,dj']","['mcelveen,mac', 'berger,ryan', 'aubert,dustin', 'robertson,marc']",60.0,millsaps,38,0,0.0
417,417,905,Millsaps,Berry,1,70-84,"32,52","24,46",7-15,5-19,4-9,2-11,02/21/14,8:00 PM,,MILLSAPS HANGAR DOME,Win,2,False,267,False,01:00,"SUB OUT by WHALEN,MAC",65.0,,82.0,,,,"SUB OUT by WHALEN,MAC",2,subbing out,,berry,"whalen,mac",,"['cotter,douglas', 'mccloud,lee', 'park,brandon', 'tinae,dj']","['mcelveen,mac', 'berger,ryan', 'aubert,dustin', 'robertson,marc']",60.0,millsaps,38,0,0.0
418,418,905,Millsaps,Berry,1,70-84,"32,52","24,46",7-15,5-19,4-9,2-11,02/21/14,8:00 PM,,MILLSAPS HANGAR DOME,Win,2,False,267,False,01:00,,65.0,,82.0,"SUB IN by DEILLIEU,RYAN",,,"SUB IN by DEILLIEU,RYAN",2,subbing in,,millsaps,"deillieu,ryan",,"['cotter,douglas', 'mccloud,lee', 'park,brandon', 'tinae,dj']","['mcelveen,mac', 'berger,ryan', 'aubert,dustin', 'robertson,marc', 'deillieu,ryan']",60.0,millsaps,38,0,0.0
419,419,905,Millsaps,Berry,1,70-84,"32,52","24,46",7-15,5-19,4-9,2-11,02/21/14,8:00 PM,,MILLSAPS HANGAR DOME,Win,2,False,267,False,01:00,,65.0,,82.0,"SUB OUT by AUBERT,DUSTIN",,,"SUB OUT by AUBERT,DUSTIN",2,subbing out,,millsaps,"aubert,dustin",,"['cotter,douglas', 'mccloud,lee', 'park,brandon', 'tinae,dj']","['mcelveen,mac', 'berger,ryan', 'robertson,marc', 'deillieu,ryan']",60.0,millsaps,38,0,0.0
420,420,905,Millsaps,Berry,1,70-84,"32,52","24,46",7-15,5-19,4-9,2-11,02/21/14,8:00 PM,,MILLSAPS HANGAR DOME,Win,2,False,267,False,00:55,"MISS 3PTR by PARK,BRANDON",65.0,,82.0,,,,"MISS 3PTR by PARK,BRANDON",2,three pointer,missed,berry,"park,brandon",,"['cotter,douglas', 'mccloud,lee', 'park,brandon', 'tinae,dj']","['mcelveen,mac', 'berger,ryan', 'robertson,marc', 'deillieu,ryan']",55.0,millsaps,38,0,0.0
421,421,905,Millsaps,Berry,1,70-84,"32,52","24,46",7-15,5-19,4-9,2-11,02/21/14,8:00 PM,,MILLSAPS HANGAR DOME,Win,2,False,267,False,--,,65.0,,82.0,"REBOUND DEF by ROBERTSON,MARC",,,"REBOUND DEF by ROBERTSON,MARC",2,defensive rebound,,millsaps,"robertson,marc",,"['cotter,douglas', 'mccloud,lee', 'park,brandon', 'tinae,dj']","['mcelveen,mac', 'berger,ryan', 'robertson,marc', 'deillieu,ryan']",,millsaps,38,0,0.0
422,422,905,Millsaps,Berry,1,70-84,"32,52","24,46",7-15,5-19,4-9,2-11,02/21/14,8:00 PM,,MILLSAPS HANGAR DOME,Win,2,False,267,False,00:27,,65.0,,84.0,"GOOD LAYUP by MCELVEEN,MAC(in the paint)",MILLSAPS 65-84 (+19),,"GOOD LAYUP by MCELVEEN,MAC(in the paint)",2,layup,good,millsaps,"mcelveen,mac",2.0,"['cotter,douglas', 'mccloud,lee', 'park,brandon', 'tinae,dj']","['mcelveen,mac', 'berger,ryan', 'robertson,marc', 'deillieu,ryan']",27.0,millsaps,38,0,0.0
423,423,905,Millsaps,Berry,1,70-84,"32,52","24,46",7-15,5-19,4-9,2-11,02/21/14,8:00 PM,,MILLSAPS HANGAR DOME,Win,2,False,267,False,--,,65.0,,84.0,"ASSIST  by KASTNER,MURRAY",,,"ASSIST  by KASTNER,MURRAY",2,assist,,millsaps,"kastner,murray",,"['cotter,douglas', 'mccloud,lee', 'park,brandon', 'tinae,dj']","['mcelveen,mac', 'berger,ryan', 'robertson,marc', 'deillieu,ryan']",,millsaps,38,0,0.0
424,424,905,Millsaps,Berry,1,70-84,"32,52","24,46",7-15,5-19,4-9,2-11,02/21/14,8:00 PM,,MILLSAPS HANGAR DOME,Win,2,False,267,False,00:25,,65.0,,84.0,"SUB IN by DOUGLASS,PARKS",,,"SUB IN by DOUGLASS,PARKS",2,subbing in,,millsaps,"douglass,parks",,"['cotter,douglas', 'mccloud,lee', 'park,brandon', 'tinae,dj']","['mcelveen,mac', 'berger,ryan', 'robertson,marc', 'deillieu,ryan', 'douglass,parks']",25.0,millsaps,38,0,0.0
425,425,905,Millsaps,Berry,1,70-84,"32,52","24,46",7-15,5-19,4-9,2-11,02/21/14,8:00 PM,,MILLSAPS HANGAR DOME,Win,2,False,267,False,00:25,,65.0,,84.0,"SUB IN by HARDING,WILLIAM",,,"SUB IN by HARDING,WILLIAM",2,subbing in,,millsaps,"harding,william",,"['cotter,douglas', 'mccloud,lee', 'park,brandon', 'tinae,dj']","['mcelveen,mac', 'berger,ryan', 'robertson,marc', 'deillieu,ryan', 'douglass,parks', 'harding,william']",25.0,millsaps,38,0,0.0
426,426,905,Millsaps,Berry,1,70-84,"32,52","24,46",7-15,5-19,4-9,2-11,02/21/14,8:00 PM,,MILLSAPS HANGAR DOME,Win,2,False,267,False,00:25,,65.0,,84.0,"SUB IN by GAGEN,BRENNAN",,,"SUB IN by GAGEN,BRENNAN",2,subbing in,,millsaps,"gagen,brennan",,"['cotter,douglas', 'mccloud,lee', 'park,brandon', 'tinae,dj']","['mcelveen,mac', 'berger,ryan', 'robertson,marc', 'deillieu,ryan', 'douglass,parks', 'harding,william', 'gagen,brennan']",25.0,millsaps,38,0,0.0
427,427,905,Millsaps,Berry,1,70-84,"32,52","24,46",7-15,5-19,4-9,2-11,02/21/14,8:00 PM,,MILLSAPS HANGAR DOME,Win,2,False,267,False,00:25,,65.0,,84.0,"SUB IN by HANSTAD,RAJAN",,,"SUB IN by HANSTAD,RAJAN",2,subbing in,,millsaps,"hanstad,rajan",,"['cotter,douglas', 'mccloud,lee', 'park,brandon', 'tinae,dj']","['mcelveen,mac', 'berger,ryan', 'robertson,marc', 'deillieu,ryan', 'douglass,parks', 'harding,william', 'gagen,brennan', 'hanstad,rajan']",25.0,millsaps,38,0,0.0
428,428,905,Millsaps,Berry,1,70-84,"32,52","24,46",7-15,5-19,4-9,2-11,02/21/14,8:00 PM,,MILLSAPS HANGAR DOME,Win,2,False,267,False,00:25,,65.0,,84.0,"SUB OUT by BERGER,RYAN",,,"SUB OUT by BERGER,RYAN",2,subbing out,,millsaps,"berger,ryan",,"['cotter,douglas', 'mccloud,lee', 'park,brandon', 'tinae,dj']","['mcelveen,mac', 'robertson,marc', 'deillieu,ryan', 'douglass,parks', 'harding,william', 'gagen,brennan', 'hanstad,rajan']",25.0,millsaps,38,0,0.0
429,429,905,Millsaps,Berry,1,70-84,"32,52","24,46",7-15,5-19,4-9,2-11,02/21/14,8:00 PM,,MILLSAPS HANGAR DOME,Win,2,False,267,False,00:25,,65.0,,84.0,"SUB OUT by MCELVEEN,MAC",,,"SUB OUT by MCELVEEN,MAC",2,subbing out,,millsaps,"mcelveen,mac",,"['cotter,douglas', 'mccloud,lee', 'park,brandon', 'tinae,dj']","['robertson,marc', 'deillieu,ryan', 'douglass,parks', 'harding,william', 'gagen,brennan', 'hanstad,rajan']",25.0,millsaps,38,0,0.0
430,430,905,Millsaps,Berry,1,70-84,"32,52","24,46",7-15,5-19,4-9,2-11,02/21/14,8:00 PM,,MILLSAPS HANGAR DOME,Win,2,False,267,False,00:25,,65.0,,84.0,"SUB OUT by ROBERTSON,MARC",,,"SUB OUT by ROBERTSON,MARC",2,subbing out,,millsaps,"robertson,marc",,"['cotter,douglas', 'mccloud,lee', 'park,brandon', 'tinae,dj']","['deillieu,ryan', 'douglass,parks', 'harding,william', 'gagen,brennan', 'hanstad,rajan']",25.0,millsaps,38,0,0.0
431,431,905,Millsaps,Berry,1,70-84,"32,52","24,46",7-15,5-19,4-9,2-11,02/21/14,8:00 PM,,MILLSAPS HANGAR DOME,Win,2,False,267,False,00:25,,65.0,,84.0,"SUB OUT by KASTNER,MURRAY",,,"SUB OUT by KASTNER,MURRAY",2,subbing out,,millsaps,"kastner,murray",,"['cotter,douglas', 'mccloud,lee', 'park,brandon', 'tinae,dj']","['deillieu,ryan', 'douglass,parks', 'harding,william', 'gagen,brennan', 'hanstad,rajan']",25.0,millsaps,38,0,0.0
432,432,905,Millsaps,Berry,1,70-84,"32,52","24,46",7-15,5-19,4-9,2-11,02/21/14,8:00 PM,,MILLSAPS HANGAR DOME,Win,2,False,267,False,00:20,"MISS JUMPER by JONES,RON",65.0,,84.0,,,,"MISS JUMPER by JONES,RON",2,jumper,missed,berry,"jones,ron",,"['cotter,douglas', 'mccloud,lee', 'park,brandon', 'tinae,dj']","['deillieu,ryan', 'douglass,parks', 'harding,william', 'gagen,brennan', 'hanstad,rajan']",20.0,millsaps,38,0,0.0
433,433,905,Millsaps,Berry,1,70-84,"32,52","24,46",7-15,5-19,4-9,2-11,02/21/14,8:00 PM,,MILLSAPS HANGAR DOME,Win,2,False,267,False,--,REBOUND OFF by TEAM,65.0,,84.0,,,,REBOUND OFF by TEAM,2,offensive rebound,,berry,,,"['cotter,douglas', 'mccloud,lee', 'park,brandon', 'tinae,dj']","['deillieu,ryan', 'douglass,parks', 'harding,william', 'gagen,brennan', 'hanstad,rajan']",,millsaps,38,0,0.0
434,434,905,Millsaps,Berry,1,70-84,"32,52","24,46",7-15,5-19,4-9,2-11,02/21/14,8:00 PM,,MILLSAPS HANGAR DOME,Win,2,False,267,False,00:16,"SUB IN by WEBBER,CONNOR",65.0,,84.0,,,,"SUB IN by WEBBER,CONNOR",2,subbing in,,berry,"webber,connor",,"['cotter,douglas', 'mccloud,lee', 'park,brandon', 'tinae,dj']","['deillieu,ryan', 'douglass,parks', 'harding,william', 'gagen,brennan', 'hanstad,rajan']",16.0,millsaps,38,0,0.0
435,435,905,Millsaps,Berry,1,70-84,"32,52","24,46",7-15,5-19,4-9,2-11,02/21/14,8:00 PM,,MILLSAPS HANGAR DOME,Win,2,False,267,False,00:16,"SUB IN by COTTER,DOUGLAS",65.0,,84.0,,,,"SUB IN by COTTER,DOUGLAS",2,subbing in,,berry,"cotter,douglas",,"['cotter,douglas', 'mccloud,lee', 'park,brandon', 'tinae,dj']","['deillieu,ryan', 'douglass,parks', 'harding,william', 'gagen,brennan', 'hanstad,rajan']",16.0,millsaps,38,0,0.0
436,436,905,Millsaps,Berry,1,70-84,"32,52","24,46",7-15,5-19,4-9,2-11,02/21/14,8:00 PM,,MILLSAPS HANGAR DOME,Win,2,False,267,False,00:16,"SUB OUT by MCCLOUD,LEE",65.0,,84.0,,,,"SUB OUT by MCCLOUD,LEE",2,subbing out,,berry,"mccloud,lee",,"['cotter,douglas', 'mccloud,lee', 'park,brandon', 'tinae,dj']","['deillieu,ryan', 'douglass,parks', 'harding,william', 'gagen,brennan', 'hanstad,rajan']",16.0,millsaps,38,0,0.0
437,437,905,Millsaps,Berry,1,70-84,"32,52","24,46",7-15,5-19,4-9,2-11,02/21/14,8:00 PM,,MILLSAPS HANGAR DOME,Win,2,False,267,False,00:16,"SUB OUT by SMOAK,HUNTER",65.0,,84.0,,,,"SUB OUT by SMOAK,HUNTER",2,subbing out,,berry,"smoak,hunter",,"['cotter,douglas', 'mccloud,lee', 'park,brandon', 'tinae,dj']","['deillieu,ryan', 'douglass,parks', 'harding,william', 'gagen,brennan', 'hanstad,rajan']",16.0,millsaps,38,0,0.0
438,438,905,Millsaps,Berry,1,70-84,"32,52","24,46",7-15,5-19,4-9,2-11,02/21/14,8:00 PM,,MILLSAPS HANGAR DOME,Win,2,False,267,False,00:14,,65.0,,84.0,"FOUL  by DOUGLASS,PARKS",,,"FOUL  by DOUGLASS,PARKS",2,foul,,millsaps,"douglass,parks",,"['cotter,douglas', 'mccloud,lee', 'park,brandon', 'tinae,dj']","['deillieu,ryan', 'douglass,parks', 'harding,william', 'gagen,brennan', 'hanstad,rajan']",14.0,millsaps,38,0,0.0
439,439,905,Millsaps,Berry,1,70-84,"32,52","24,46",7-15,5-19,4-9,2-11,02/21/14,8:00 PM,,MILLSAPS HANGAR DOME,Win,2,False,267,False,00:14,"GOOD FT by WEBBER,CONNOR",66.0,,84.0,,BCM 66-84 (+18),,"GOOD FT by WEBBER,CONNOR",2,free throw,good,berry,"webber,connor",1.0,"['cotter,douglas', 'mccloud,lee', 'park,brandon', 'tinae,dj']","['deillieu,ryan', 'douglass,parks', 'harding,william', 'gagen,brennan', 'hanstad,rajan']",14.0,millsaps,38,0,0.0
440,440,905,Millsaps,Berry,1,70-84,"32,52","24,46",7-15,5-19,4-9,2-11,02/21/14,8:00 PM,,MILLSAPS HANGAR DOME,Win,2,False,267,False,00:14,"GOOD FT by WEBBER,CONNOR",67.0,,84.0,,BCM 67-84 (+17),,"GOOD FT by WEBBER,CONNOR",2,free throw,good,berry,"webber,connor",1.0,"['cotter,douglas', 'mccloud,lee', 'park,brandon', 'tinae,dj']","['deillieu,ryan', 'douglass,parks', 'harding,william', 'gagen,brennan', 'hanstad,rajan']",14.0,millsaps,38,0,0.0
441,441,905,Millsaps,Berry,1,70-84,"32,52","24,46",7-15,5-19,4-9,2-11,02/21/14,8:00 PM,,MILLSAPS HANGAR DOME,Win,2,False,267,False,00:09,"FOUL  by WEBBER,CONNOR",67.0,,84.0,,,,"FOUL  by WEBBER,CONNOR",2,foul,,berry,"webber,connor",,"['cotter,douglas', 'mccloud,lee', 'park,brandon', 'tinae,dj']","['deillieu,ryan', 'douglass,parks', 'harding,william', 'gagen,brennan', 'hanstad,rajan']",9.0,millsaps,38,0,0.0
442,442,905,Millsaps,Berry,1,70-84,"32,52","24,46",7-15,5-19,4-9,2-11,02/21/14,8:00 PM,,MILLSAPS HANGAR DOME,Win,2,False,267,False,00:09,,67.0,,84.0,"MISS FT by DEILLIEU,RYAN",,,"MISS FT by DEILLIEU,RYAN",2,free throw,missed,millsaps,"deillieu,ryan",,"['cotter,douglas', 'mccloud,lee', 'park,brandon', 'tinae,dj']","['deillieu,ryan', 'douglass,parks', 'harding,william', 'gagen,brennan', 'hanstad,rajan']",9.0,millsaps,38,0,0.0
443,443,905,Millsaps,Berry,1,70-84,"32,52","24,46",7-15,5-19,4-9,2-11,02/21/14,8:00 PM,,MILLSAPS HANGAR DOME,Win,2,False,267,False,--,,67.0,,84.0,REBOUND DEADB by TEAM,,,REBOUND DEADB by TEAM,2,deadball rebound,,millsaps,,,"['cotter,douglas', 'mccloud,lee', 'park,brandon', 'tinae,dj']","['deillieu,ryan', 'douglass,parks', 'harding,william', 'gagen,brennan', 'hanstad,rajan']",,millsaps,38,0,0.0
444,444,905,Millsaps,Berry,1,70-84,"32,52","24,46",7-15,5-19,4-9,2-11,02/21/14,8:00 PM,,MILLSAPS HANGAR DOME,Win,2,False,267,False,00:09,,67.0,,84.0,"MISS FT by DEILLIEU,RYAN",,,"MISS FT by DEILLIEU,RYAN",2,free throw,missed,millsaps,"deillieu,ryan",,"['cotter,douglas', 'mccloud,lee', 'park,brandon', 'tinae,dj']","['deillieu,ryan', 'douglass,parks', 'harding,william', 'gagen,brennan', 'hanstad,rajan']",9.0,millsaps,38,0,0.0
445,445,905,Millsaps,Berry,1,70-84,"32,52","24,46",7-15,5-19,4-9,2-11,02/21/14,8:00 PM,,MILLSAPS HANGAR DOME,Win,2,False,267,False,--,,67.0,,84.0,"REBOUND OFF by DOUGLASS,PARKS",,,"REBOUND OFF by DOUGLASS,PARKS",2,offensive rebound,,millsaps,"douglass,parks",,"['cotter,douglas', 'mccloud,lee', 'park,brandon', 'tinae,dj']","['deillieu,ryan', 'douglass,parks', 'harding,william', 'gagen,brennan', 'hanstad,rajan']",,millsaps,38,0,0.0
446,446,905,Millsaps,Berry,1,70-84,"32,52","24,46",7-15,5-19,4-9,2-11,02/21/14,8:00 PM,,MILLSAPS HANGAR DOME,Win,2,False,267,False,00:08,,67.0,,84.0,"TURNOVER  by DOUGLASS,PARKS",,,"TURNOVER  by DOUGLASS,PARKS",2,turnover,,millsaps,"douglass,parks",,"['cotter,douglas', 'mccloud,lee', 'park,brandon', 'tinae,dj']","['deillieu,ryan', 'douglass,parks', 'harding,william', 'gagen,brennan', 'hanstad,rajan']",8.0,millsaps,38,0,0.0
447,447,905,Millsaps,Berry,1,70-84,"32,52","24,46",7-15,5-19,4-9,2-11,02/21/14,8:00 PM,,MILLSAPS HANGAR DOME,Win,2,False,267,False,00:06,"STEAL  by PARK,BRANDON",67.0,,84.0,,,,"STEAL  by PARK,BRANDON",2,steal,,berry,,,"['cotter,douglas', 'mccloud,lee', 'park,brandon', 'tinae,dj']","['deillieu,ryan', 'douglass,parks', 'harding,william', 'gagen,brennan', 'hanstad,rajan']",6.0,millsaps,38,0,0.0
448,448,905,Millsaps,Berry,1,70-84,"32,52","24,46",7-15,5-19,4-9,2-11,02/21/14,8:00 PM,,MILLSAPS HANGAR DOME,Win,2,False,267,False,00:03,"GOOD 3PTR by PARK,BRANDON",70.0,,84.0,,BCM 70-84 (+14),,"GOOD 3PTR by PARK,BRANDON",2,three pointer,good,berry,"park,brandon",3.0,"['cotter,douglas', 'mccloud,lee', 'park,brandon', 'tinae,dj']","['deillieu,ryan', 'douglass,parks', 'harding,william', 'gagen,brennan', 'hanstad,rajan']",3.0,berry,39,0,0.0
