,gameID,homeTeam,awayTeam,saaGame,finalScore,homeScoreByPeriod,awayScoreByPeriod,homeRecord,awayRecord,homeConfRecord,awayConfRecord,gameDate,startTime,gameLength,gameLocation,homeWin,numPeriods,isOvertime,attendance,isNeutral,timeRemaining,awayPlay,awayTeamScore,playTeamIndicator,homeTeamScore,homePlay,gameScore,teamIndicator,Play,Period,playType,shotOutcome,Team,Player,pointsEarned,awayLineup,homeLineup,timeSeconds
0,5292,Austin,Rhodes,0,120-103,"41,62","62,58",2-5,4-2,N/A,N/A,12/02/17,2:00 PM,N/A,Hughey Gym,Lose,2,False,209,False,19:56,"MISS LAYUP by NYAWATA,ANESU",,,,,,,"MISS LAYUP by NYAWATA,ANESU",1,layup,missed,rhodes,"nyawata,anesu",,"['nestlehutt,jake', 'nyawata,anesu', 'ashby,kendrick', 'dalton,price', 'mcintyre,william']","['holland,michael', 'mercadel,justice', 'hogan,kam', 'quinn,josh', 'garrett,josh']",1196
1,5292,Austin,Rhodes,0,120-103,"41,62","62,58",2-5,4-2,N/A,N/A,12/02/17,2:00 PM,N/A,Hughey Gym,Lose,2,False,209,False,19:56,,,,,"BLOCK  by QUINN,JOSH",,,"BLOCK  by QUINN,JOSH",1,block,,austin,"quinn,josh",,"['nestlehutt,jake', 'nyawata,anesu', 'ashby,kendrick', 'dalton,price', 'mcintyre,william']","['holland,michael', 'mercadel,justice', 'hogan,kam', 'quinn,josh', 'garrett,josh']",1196
2,5292,Austin,Rhodes,0,120-103,"41,62","62,58",2-5,4-2,N/A,N/A,12/02/17,2:00 PM,N/A,Hughey Gym,Lose,2,False,209,False,--,"REBOUND OFF by ASHBY,KENDRICK",,,,,,,"REBOUND OFF by ASHBY,KENDRICK",1,offensive rebound,,rhodes,"ashby,kendrick",,"['nestlehutt,jake', 'nyawata,anesu', 'ashby,kendrick', 'dalton,price', 'mcintyre,william']","['holland,michael', 'mercadel,justice', 'hogan,kam', 'quinn,josh', 'garrett,josh']",
3,5292,Austin,Rhodes,0,120-103,"41,62","62,58",2-5,4-2,N/A,N/A,12/02/17,2:00 PM,N/A,Hughey Gym,Lose,2,False,209,False,19:52,"GOOD 3PTR by MCINTYRE,WILLIAM",3 ,,0,,RHODES 3-0 (+3),,"GOOD 3PTR by MCINTYRE,WILLIAM",1,three pointer,good,rhodes,"mcintyre,william",3,"['nestlehutt,jake', 'nyawata,anesu', 'ashby,kendrick', 'dalton,price', 'mcintyre,william']","['holland,michael', 'mercadel,justice', 'hogan,kam', 'quinn,josh', 'garrett,josh']",1192
4,5292,Austin,Rhodes,0,120-103,"41,62","62,58",2-5,4-2,N/A,N/A,12/02/17,2:00 PM,N/A,Hughey Gym,Lose,2,False,209,False,--,"ASSIST  by NYAWATA,ANESU",3 ,,0,,,,"ASSIST  by NYAWATA,ANESU",1,assist,,rhodes,"nyawata,anesu",,"['nestlehutt,jake', 'nyawata,anesu', 'ashby,kendrick', 'dalton,price', 'mcintyre,william']","['holland,michael', 'mercadel,justice', 'hogan,kam', 'quinn,josh', 'garrett,josh']",
5,5292,Austin,Rhodes,0,120-103,"41,62","62,58",2-5,4-2,N/A,N/A,12/02/17,2:00 PM,N/A,Hughey Gym,Lose,2,False,209,False,19:30,,3 ,,0,"MISS JUMPER by MERCADEL,JUSTICE",,,"MISS JUMPER by MERCADEL,JUSTICE",1,jumper,missed,austin,"mercadel,justice",,"['nestlehutt,jake', 'nyawata,anesu', 'ashby,kendrick', 'dalton,price', 'mcintyre,william']","['holland,michael', 'mercadel,justice', 'hogan,kam', 'quinn,josh', 'garrett,josh']",1170
6,5292,Austin,Rhodes,0,120-103,"41,62","62,58",2-5,4-2,N/A,N/A,12/02/17,2:00 PM,N/A,Hughey Gym,Lose,2,False,209,False,--,"REBOUND DEF by ASHBY,KENDRICK",3 ,,0,,,,"REBOUND DEF by ASHBY,KENDRICK",1,defensive rebound,,rhodes,"ashby,kendrick",,"['nestlehutt,jake', 'nyawata,anesu', 'ashby,kendrick', 'dalton,price', 'mcintyre,william']","['holland,michael', 'mercadel,justice', 'hogan,kam', 'quinn,josh', 'garrett,josh']",
7,5292,Austin,Rhodes,0,120-103,"41,62","62,58",2-5,4-2,N/A,N/A,12/02/17,2:00 PM,N/A,Hughey Gym,Lose,2,False,209,False,19:24,"GOOD 3PTR by NESTLEHUTT,JAKE",6 ,,0,,RHODES 6-0 (+6),,"GOOD 3PTR by NESTLEHUTT,JAKE",1,three pointer,good,rhodes,"nestlehutt,jake",3,"['nestlehutt,jake', 'nyawata,anesu', 'ashby,kendrick', 'dalton,price', 'mcintyre,william']","['holland,michael', 'mercadel,justice', 'hogan,kam', 'quinn,josh', 'garrett,josh']",1164
8,5292,Austin,Rhodes,0,120-103,"41,62","62,58",2-5,4-2,N/A,N/A,12/02/17,2:00 PM,N/A,Hughey Gym,Lose,2,False,209,False,--,"ASSIST  by NYAWATA,ANESU",6 ,,0,,,,"ASSIST  by NYAWATA,ANESU",1,assist,,rhodes,"nyawata,anesu",,"['nestlehutt,jake', 'nyawata,anesu', 'ashby,kendrick', 'dalton,price', 'mcintyre,william']","['holland,michael', 'mercadel,justice', 'hogan,kam', 'quinn,josh', 'garrett,josh']",
9,5292,Austin,Rhodes,0,120-103,"41,62","62,58",2-5,4-2,N/A,N/A,12/02/17,2:00 PM,N/A,Hughey Gym,Lose,2,False,209,False,19:13,,6 ,,0,"TURNOVER  by MERCADEL,JUSTICE",,,"TURNOVER  by MERCADEL,JUSTICE",1,turnover,,austin,"mercadel,justice",,"['nestlehutt,jake', 'nyawata,anesu', 'ashby,kendrick', 'dalton,price', 'mcintyre,william']","['holland,michael', 'mercadel,justice', 'hogan,kam', 'quinn,josh', 'garrett,josh']",1153
10,5292,Austin,Rhodes,0,120-103,"41,62","62,58",2-5,4-2,N/A,N/A,12/02/17,2:00 PM,N/A,Hughey Gym,Lose,2,False,209,False,19:12,"STEAL  by MCINTYRE,WILLIAM",6 ,,0,,,,"STEAL  by MCINTYRE,WILLIAM",1,steal,,rhodes,,,"['nestlehutt,jake', 'nyawata,anesu', 'ashby,kendrick', 'dalton,price', 'mcintyre,william']","['holland,michael', 'mercadel,justice', 'hogan,kam', 'quinn,josh', 'garrett,josh']",1152
11,5292,Austin,Rhodes,0,120-103,"41,62","62,58",2-5,4-2,N/A,N/A,12/02/17,2:00 PM,N/A,Hughey Gym,Lose,2,False,209,False,19:09,"MISS 3PTR by NESTLEHUTT,JAKE",6 ,,0,,,,"MISS 3PTR by NESTLEHUTT,JAKE",1,three pointer,missed,rhodes,"nestlehutt,jake",,"['nestlehutt,jake', 'nyawata,anesu', 'ashby,kendrick', 'dalton,price', 'mcintyre,william']","['holland,michael', 'mercadel,justice', 'hogan,kam', 'quinn,josh', 'garrett,josh']",1149
12,5292,Austin,Rhodes,0,120-103,"41,62","62,58",2-5,4-2,N/A,N/A,12/02/17,2:00 PM,N/A,Hughey Gym,Lose,2,False,209,False,--,"REBOUND OFF by ASHBY,KENDRICK",6 ,,0,,,,"REBOUND OFF by ASHBY,KENDRICK",1,offensive rebound,,rhodes,"ashby,kendrick",,"['nestlehutt,jake', 'nyawata,anesu', 'ashby,kendrick', 'dalton,price', 'mcintyre,william']","['holland,michael', 'mercadel,justice', 'hogan,kam', 'quinn,josh', 'garrett,josh']",
13,5292,Austin,Rhodes,0,120-103,"41,62","62,58",2-5,4-2,N/A,N/A,12/02/17,2:00 PM,N/A,Hughey Gym,Lose,2,False,209,False,19:06,"MISS LAYUP by ASHBY,KENDRICK",6 ,,0,,,,"MISS LAYUP by ASHBY,KENDRICK",1,layup,missed,rhodes,"ashby,kendrick",,"['nestlehutt,jake', 'nyawata,anesu', 'ashby,kendrick', 'dalton,price', 'mcintyre,william']","['holland,michael', 'mercadel,justice', 'hogan,kam', 'quinn,josh', 'garrett,josh']",1146
14,5292,Austin,Rhodes,0,120-103,"41,62","62,58",2-5,4-2,N/A,N/A,12/02/17,2:00 PM,N/A,Hughey Gym,Lose,2,False,209,False,--,,6 ,,0,"REBOUND DEF by HOLLAND,MICHAEL",,,"REBOUND DEF by HOLLAND,MICHAEL",1,defensive rebound,,austin,"holland,michael",,"['nestlehutt,jake', 'nyawata,anesu', 'ashby,kendrick', 'dalton,price', 'mcintyre,william']","['holland,michael', 'mercadel,justice', 'hogan,kam', 'quinn,josh', 'garrett,josh']",
15,5292,Austin,Rhodes,0,120-103,"41,62","62,58",2-5,4-2,N/A,N/A,12/02/17,2:00 PM,N/A,Hughey Gym,Lose,2,False,209,False,19:02,"FOUL  by ASHBY,KENDRICK",6 ,,0,,,,"FOUL  by ASHBY,KENDRICK",1,foul,,rhodes,"ashby,kendrick",,"['nestlehutt,jake', 'nyawata,anesu', 'ashby,kendrick', 'dalton,price', 'mcintyre,william']","['holland,michael', 'mercadel,justice', 'hogan,kam', 'quinn,josh', 'garrett,josh']",1142
16,5292,Austin,Rhodes,0,120-103,"41,62","62,58",2-5,4-2,N/A,N/A,12/02/17,2:00 PM,N/A,Hughey Gym,Lose,2,False,209,False,19:02,"SUB IN by SAMSON,VAUGHN",6 ,,0,,,,"SUB IN by SAMSON,VAUGHN",1,subbing in,,rhodes,"samson,vaughn",,"['nestlehutt,jake', 'nyawata,anesu', 'ashby,kendrick', 'dalton,price', 'mcintyre,william', 'samson,vaughn']","['holland,michael', 'mercadel,justice', 'hogan,kam', 'quinn,josh', 'garrett,josh']",1142
17,5292,Austin,Rhodes,0,120-103,"41,62","62,58",2-5,4-2,N/A,N/A,12/02/17,2:00 PM,N/A,Hughey Gym,Lose,2,False,209,False,19:02,"SUB IN by GIROUX,PRESTON",6 ,,0,,,,"SUB IN by GIROUX,PRESTON",1,subbing in,,rhodes,"giroux,preston",,"['nestlehutt,jake', 'nyawata,anesu', 'ashby,kendrick', 'dalton,price', 'mcintyre,william', 'samson,vaughn', 'giroux,preston']","['holland,michael', 'mercadel,justice', 'hogan,kam', 'quinn,josh', 'garrett,josh']",1142
18,5292,Austin,Rhodes,0,120-103,"41,62","62,58",2-5,4-2,N/A,N/A,12/02/17,2:00 PM,N/A,Hughey Gym,Lose,2,False,209,False,19:02,"SUB IN by WEATHERFORD,MITCH",6 ,,0,,,,"SUB IN by WEATHERFORD,MITCH",1,subbing in,,rhodes,"weatherford,mitch",,"['nestlehutt,jake', 'nyawata,anesu', 'ashby,kendrick', 'dalton,price', 'mcintyre,william', 'samson,vaughn', 'giroux,preston', 'weatherford,mitch']","['holland,michael', 'mercadel,justice', 'hogan,kam', 'quinn,josh', 'garrett,josh']",1142
19,5292,Austin,Rhodes,0,120-103,"41,62","62,58",2-5,4-2,N/A,N/A,12/02/17,2:00 PM,N/A,Hughey Gym,Lose,2,False,209,False,19:02,"SUB IN by EVANS,ANDREW",6 ,,0,,,,"SUB IN by EVANS,ANDREW",1,subbing in,,rhodes,"evans,andrew",,"['nestlehutt,jake', 'nyawata,anesu', 'ashby,kendrick', 'dalton,price', 'mcintyre,william', 'samson,vaughn', 'giroux,preston', 'weatherford,mitch', 'evans,andrew']","['holland,michael', 'mercadel,justice', 'hogan,kam', 'quinn,josh', 'garrett,josh']",1142
20,5292,Austin,Rhodes,0,120-103,"41,62","62,58",2-5,4-2,N/A,N/A,12/02/17,2:00 PM,N/A,Hughey Gym,Lose,2,False,209,False,19:02,"SUB IN by FERIA,NICK DE",6 ,,0,,,,"SUB IN by FERIA,NICK DE",1,subbing in,,rhodes,"feria,nick de",,"['nestlehutt,jake', 'nyawata,anesu', 'ashby,kendrick', 'dalton,price', 'mcintyre,william', 'samson,vaughn', 'giroux,preston', 'weatherford,mitch', 'evans,andrew', 'feria,nick de']","['holland,michael', 'mercadel,justice', 'hogan,kam', 'quinn,josh', 'garrett,josh']",1142
21,5292,Austin,Rhodes,0,120-103,"41,62","62,58",2-5,4-2,N/A,N/A,12/02/17,2:00 PM,N/A,Hughey Gym,Lose,2,False,209,False,19:02,"SUB OUT by ASHBY,KENDRICK",6 ,,0,,,,"SUB OUT by ASHBY,KENDRICK",1,subbing out,,rhodes,"ashby,kendrick",,"['nestlehutt,jake', 'nyawata,anesu', 'dalton,price', 'mcintyre,william', 'samson,vaughn', 'giroux,preston', 'weatherford,mitch', 'evans,andrew', 'feria,nick de']","['holland,michael', 'mercadel,justice', 'hogan,kam', 'quinn,josh', 'garrett,josh']",1142
22,5292,Austin,Rhodes,0,120-103,"41,62","62,58",2-5,4-2,N/A,N/A,12/02/17,2:00 PM,N/A,Hughey Gym,Lose,2,False,209,False,19:02,"SUB OUT by MCINTYRE,WILLIAM",6 ,,0,,,,"SUB OUT by MCINTYRE,WILLIAM",1,subbing out,,rhodes,"mcintyre,william",,"['nestlehutt,jake', 'nyawata,anesu', 'dalton,price', 'samson,vaughn', 'giroux,preston', 'weatherford,mitch', 'evans,andrew', 'feria,nick de']","['holland,michael', 'mercadel,justice', 'hogan,kam', 'quinn,josh', 'garrett,josh']",1142
23,5292,Austin,Rhodes,0,120-103,"41,62","62,58",2-5,4-2,N/A,N/A,12/02/17,2:00 PM,N/A,Hughey Gym,Lose,2,False,209,False,19:02,"SUB OUT by NESTLEHUTT,JAKE",6 ,,0,,,,"SUB OUT by NESTLEHUTT,JAKE",1,subbing out,,rhodes,"nestlehutt,jake",,"['nyawata,anesu', 'dalton,price', 'samson,vaughn', 'giroux,preston', 'weatherford,mitch', 'evans,andrew', 'feria,nick de']","['holland,michael', 'mercadel,justice', 'hogan,kam', 'quinn,josh', 'garrett,josh']",1142
24,5292,Austin,Rhodes,0,120-103,"41,62","62,58",2-5,4-2,N/A,N/A,12/02/17,2:00 PM,N/A,Hughey Gym,Lose,2,False,209,False,19:02,"SUB OUT by NYAWATA,ANESU",6 ,,0,,,,"SUB OUT by NYAWATA,ANESU",1,subbing out,,rhodes,"nyawata,anesu",,"['dalton,price', 'samson,vaughn', 'giroux,preston', 'weatherford,mitch', 'evans,andrew', 'feria,nick de']","['holland,michael', 'mercadel,justice', 'hogan,kam', 'quinn,josh', 'garrett,josh']",1142
25,5292,Austin,Rhodes,0,120-103,"41,62","62,58",2-5,4-2,N/A,N/A,12/02/17,2:00 PM,N/A,Hughey Gym,Lose,2,False,209,False,19:02,"SUB OUT by DALTON,PRICE",6 ,,0,,,,"SUB OUT by DALTON,PRICE",1,subbing out,,rhodes,"dalton,price",,"['samson,vaughn', 'giroux,preston', 'weatherford,mitch', 'evans,andrew', 'feria,nick de']","['holland,michael', 'mercadel,justice', 'hogan,kam', 'quinn,josh', 'garrett,josh']",1142
26,5292,Austin,Rhodes,0,120-103,"41,62","62,58",2-5,4-2,N/A,N/A,12/02/17,2:00 PM,N/A,Hughey Gym,Lose,2,False,209,False,19:02,,6 ,,0,"SUB IN by HILL,KAMERON",,,"SUB IN by HILL,KAMERON",1,subbing in,,austin,"hill,kameron",,"['samson,vaughn', 'giroux,preston', 'weatherford,mitch', 'evans,andrew', 'feria,nick de']","['holland,michael', 'mercadel,justice', 'hogan,kam', 'quinn,josh', 'garrett,josh', 'hill,kameron']",1142
27,5292,Austin,Rhodes,0,120-103,"41,62","62,58",2-5,4-2,N/A,N/A,12/02/17,2:00 PM,N/A,Hughey Gym,Lose,2,False,209,False,19:02,,6 ,,0,"SUB OUT by GARRETT,JOSH",,,"SUB OUT by GARRETT,JOSH",1,subbing out,,austin,"garrett,josh",,"['samson,vaughn', 'giroux,preston', 'weatherford,mitch', 'evans,andrew', 'feria,nick de']","['holland,michael', 'mercadel,justice', 'hogan,kam', 'quinn,josh', 'hill,kameron']",1142
28,5292,Austin,Rhodes,0,120-103,"41,62","62,58",2-5,4-2,N/A,N/A,12/02/17,2:00 PM,N/A,Hughey Gym,Lose,2,False,209,False,18:59,,6 ,,0,"MISS JUMPER by HOGAN,KAM",,,"MISS JUMPER by HOGAN,KAM",1,jumper,missed,austin,"hogan,kam",,"['samson,vaughn', 'giroux,preston', 'weatherford,mitch', 'evans,andrew', 'feria,nick de']","['holland,michael', 'mercadel,justice', 'hogan,kam', 'quinn,josh', 'hill,kameron']",1139
29,5292,Austin,Rhodes,0,120-103,"41,62","62,58",2-5,4-2,N/A,N/A,12/02/17,2:00 PM,N/A,Hughey Gym,Lose,2,False,209,False,--,"REBOUND DEF by WEATHERFORD,MITCH",6 ,,0,,,,"REBOUND DEF by WEATHERFORD,MITCH",1,defensive rebound,,rhodes,"weatherford,mitch",,"['samson,vaughn', 'giroux,preston', 'weatherford,mitch', 'evans,andrew', 'feria,nick de']","['holland,michael', 'mercadel,justice', 'hogan,kam', 'quinn,josh', 'hill,kameron']",
30,5292,Austin,Rhodes,0,120-103,"41,62","62,58",2-5,4-2,N/A,N/A,12/02/17,2:00 PM,N/A,Hughey Gym,Lose,2,False,209,False,18:52,"FOUL  by WEATHERFORD,MITCH",6 ,,0,,,,"FOUL  by WEATHERFORD,MITCH",1,foul,,rhodes,"weatherford,mitch",,"['samson,vaughn', 'giroux,preston', 'weatherford,mitch', 'evans,andrew', 'feria,nick de']","['holland,michael', 'mercadel,justice', 'hogan,kam', 'quinn,josh', 'hill,kameron']",1132
31,5292,Austin,Rhodes,0,120-103,"41,62","62,58",2-5,4-2,N/A,N/A,12/02/17,2:00 PM,N/A,Hughey Gym,Lose,2,False,209,False,18:52,"TURNOVER  by WEATHERFORD,MITCH",6 ,,0,,,,"TURNOVER  by WEATHERFORD,MITCH",1,turnover,,rhodes,"weatherford,mitch",,"['samson,vaughn', 'giroux,preston', 'weatherford,mitch', 'evans,andrew', 'feria,nick de']","['holland,michael', 'mercadel,justice', 'hogan,kam', 'quinn,josh', 'hill,kameron']",1132
32,5292,Austin,Rhodes,0,120-103,"41,62","62,58",2-5,4-2,N/A,N/A,12/02/17,2:00 PM,N/A,Hughey Gym,Lose,2,False,209,False,18:43,,6 ,,0,"MISS LAYUP by HOLLAND,MICHAEL",,,"MISS LAYUP by HOLLAND,MICHAEL",1,layup,missed,austin,"holland,michael",,"['samson,vaughn', 'giroux,preston', 'weatherford,mitch', 'evans,andrew', 'feria,nick de']","['holland,michael', 'mercadel,justice', 'hogan,kam', 'quinn,josh', 'hill,kameron']",1123
33,5292,Austin,Rhodes,0,120-103,"41,62","62,58",2-5,4-2,N/A,N/A,12/02/17,2:00 PM,N/A,Hughey Gym,Lose,2,False,209,False,--,"REBOUND DEF by WEATHERFORD,MITCH",6 ,,0,,,,"REBOUND DEF by WEATHERFORD,MITCH",1,defensive rebound,,rhodes,"weatherford,mitch",,"['samson,vaughn', 'giroux,preston', 'weatherford,mitch', 'evans,andrew', 'feria,nick de']","['holland,michael', 'mercadel,justice', 'hogan,kam', 'quinn,josh', 'hill,kameron']",
34,5292,Austin,Rhodes,0,120-103,"41,62","62,58",2-5,4-2,N/A,N/A,12/02/17,2:00 PM,N/A,Hughey Gym,Lose,2,False,209,False,18:28,"GOOD JUMPER by EVANS,ANDREW(in the paint)",8 ,,0,,RHODES 8-0 (+8),,"GOOD JUMPER by EVANS,ANDREW(in the paint)",1,jumper,good,rhodes,"evans,andrew",2,"['samson,vaughn', 'giroux,preston', 'weatherford,mitch', 'evans,andrew', 'feria,nick de']","['holland,michael', 'mercadel,justice', 'hogan,kam', 'quinn,josh', 'hill,kameron']",1108
35,5292,Austin,Rhodes,0,120-103,"41,62","62,58",2-5,4-2,N/A,N/A,12/02/17,2:00 PM,N/A,Hughey Gym,Lose,2,False,209,False,18:18,"FOUL  by EVANS,ANDREW",8 ,,0,,,,"FOUL  by EVANS,ANDREW",1,foul,,rhodes,"evans,andrew",,"['samson,vaughn', 'giroux,preston', 'weatherford,mitch', 'evans,andrew', 'feria,nick de']","['holland,michael', 'mercadel,justice', 'hogan,kam', 'quinn,josh', 'hill,kameron']",1098
36,5292,Austin,Rhodes,0,120-103,"41,62","62,58",2-5,4-2,N/A,N/A,12/02/17,2:00 PM,N/A,Hughey Gym,Lose,2,False,209,False,18:18,"SUB IN by LOVE,KERRY",8 ,,0,,,,"SUB IN by LOVE,KERRY",1,subbing in,,rhodes,"love,kerry",,"['samson,vaughn', 'giroux,preston', 'weatherford,mitch', 'evans,andrew', 'feria,nick de', 'love,kerry']","['holland,michael', 'mercadel,justice', 'hogan,kam', 'quinn,josh', 'hill,kameron']",1098
37,5292,Austin,Rhodes,0,120-103,"41,62","62,58",2-5,4-2,N/A,N/A,12/02/17,2:00 PM,N/A,Hughey Gym,Lose,2,False,209,False,18:18,"SUB IN by BERRY,BRYCE",8 ,,0,,,,"SUB IN by BERRY,BRYCE",1,subbing in,,rhodes,"berry,bryce",,"['samson,vaughn', 'giroux,preston', 'weatherford,mitch', 'evans,andrew', 'feria,nick de', 'love,kerry', 'berry,bryce']","['holland,michael', 'mercadel,justice', 'hogan,kam', 'quinn,josh', 'hill,kameron']",1098
38,5292,Austin,Rhodes,0,120-103,"41,62","62,58",2-5,4-2,N/A,N/A,12/02/17,2:00 PM,N/A,Hughey Gym,Lose,2,False,209,False,18:18,"SUB IN by GALVIN,OWEN",8 ,,0,,,,"SUB IN by GALVIN,OWEN",1,subbing in,,rhodes,"galvin,owen",,"['samson,vaughn', 'giroux,preston', 'weatherford,mitch', 'evans,andrew', 'feria,nick de', 'love,kerry', 'berry,bryce', 'galvin,owen']","['holland,michael', 'mercadel,justice', 'hogan,kam', 'quinn,josh', 'hill,kameron']",1098
39,5292,Austin,Rhodes,0,120-103,"41,62","62,58",2-5,4-2,N/A,N/A,12/02/17,2:00 PM,N/A,Hughey Gym,Lose,2,False,209,False,18:18,"SUB IN by DARST,DANIEL",8 ,,0,,,,"SUB IN by DARST,DANIEL",1,subbing in,,rhodes,"darst,daniel",,"['samson,vaughn', 'giroux,preston', 'weatherford,mitch', 'evans,andrew', 'feria,nick de', 'love,kerry', 'berry,bryce', 'galvin,owen', 'darst,daniel']","['holland,michael', 'mercadel,justice', 'hogan,kam', 'quinn,josh', 'hill,kameron']",1098
40,5292,Austin,Rhodes,0,120-103,"41,62","62,58",2-5,4-2,N/A,N/A,12/02/17,2:00 PM,N/A,Hughey Gym,Lose,2,False,209,False,18:18,"SUB IN by ROTEMAN,EVAN",8 ,,0,,,,"SUB IN by ROTEMAN,EVAN",1,subbing in,,rhodes,"roteman,evan",,"['samson,vaughn', 'giroux,preston', 'weatherford,mitch', 'evans,andrew', 'feria,nick de', 'love,kerry', 'berry,bryce', 'galvin,owen', 'darst,daniel', 'roteman,evan']","['holland,michael', 'mercadel,justice', 'hogan,kam', 'quinn,josh', 'hill,kameron']",1098
41,5292,Austin,Rhodes,0,120-103,"41,62","62,58",2-5,4-2,N/A,N/A,12/02/17,2:00 PM,N/A,Hughey Gym,Lose,2,False,209,False,18:18,"SUB OUT by EVANS,ANDREW",8 ,,0,,,,"SUB OUT by EVANS,ANDREW",1,subbing out,,rhodes,"evans,andrew",,"['samson,vaughn', 'giroux,preston', 'weatherford,mitch', 'feria,nick de', 'love,kerry', 'berry,bryce', 'galvin,owen', 'darst,daniel', 'roteman,evan']","['holland,michael', 'mercadel,justice', 'hogan,kam', 'quinn,josh', 'hill,kameron']",1098
42,5292,Austin,Rhodes,0,120-103,"41,62","62,58",2-5,4-2,N/A,N/A,12/02/17,2:00 PM,N/A,Hughey Gym,Lose,2,False,209,False,18:18,"SUB OUT by GIROUX,PRESTON",8 ,,0,,,,"SUB OUT by GIROUX,PRESTON",1,subbing out,,rhodes,"giroux,preston",,"['samson,vaughn', 'weatherford,mitch', 'feria,nick de', 'love,kerry', 'berry,bryce', 'galvin,owen', 'darst,daniel', 'roteman,evan']","['holland,michael', 'mercadel,justice', 'hogan,kam', 'quinn,josh', 'hill,kameron']",1098
43,5292,Austin,Rhodes,0,120-103,"41,62","62,58",2-5,4-2,N/A,N/A,12/02/17,2:00 PM,N/A,Hughey Gym,Lose,2,False,209,False,18:18,"SUB OUT by SAMSON,VAUGHN",8 ,,0,,,,"SUB OUT by SAMSON,VAUGHN",1,subbing out,,rhodes,"samson,vaughn",,"['weatherford,mitch', 'feria,nick de', 'love,kerry', 'berry,bryce', 'galvin,owen', 'darst,daniel', 'roteman,evan']","['holland,michael', 'mercadel,justice', 'hogan,kam', 'quinn,josh', 'hill,kameron']",1098
44,5292,Austin,Rhodes,0,120-103,"41,62","62,58",2-5,4-2,N/A,N/A,12/02/17,2:00 PM,N/A,Hughey Gym,Lose,2,False,209,False,18:18,"SUB OUT by FERIA,NICK DE",8 ,,0,,,,"SUB OUT by FERIA,NICK DE",1,subbing out,,rhodes,"feria,nick de",,"['weatherford,mitch', 'love,kerry', 'berry,bryce', 'galvin,owen', 'darst,daniel', 'roteman,evan']","['holland,michael', 'mercadel,justice', 'hogan,kam', 'quinn,josh', 'hill,kameron']",1098
45,5292,Austin,Rhodes,0,120-103,"41,62","62,58",2-5,4-2,N/A,N/A,12/02/17,2:00 PM,N/A,Hughey Gym,Lose,2,False,209,False,18:18,"SUB OUT by WEATHERFORD,MITCH",8 ,,0,,,,"SUB OUT by WEATHERFORD,MITCH",1,subbing out,,rhodes,"weatherford,mitch",,"['love,kerry', 'berry,bryce', 'galvin,owen', 'darst,daniel', 'roteman,evan']","['holland,michael', 'mercadel,justice', 'hogan,kam', 'quinn,josh', 'hill,kameron']",1098
46,5292,Austin,Rhodes,0,120-103,"41,62","62,58",2-5,4-2,N/A,N/A,12/02/17,2:00 PM,N/A,Hughey Gym,Lose,2,False,209,False,18:18,,8 ,,0,"SUB IN by HARDWICK,JOSH",,,"SUB IN by HARDWICK,JOSH",1,subbing in,,austin,"hardwick,josh",,"['love,kerry', 'berry,bryce', 'galvin,owen', 'darst,daniel', 'roteman,evan']","['holland,michael', 'mercadel,justice', 'hogan,kam', 'quinn,josh', 'hill,kameron', 'hardwick,josh']",1098
47,5292,Austin,Rhodes,0,120-103,"41,62","62,58",2-5,4-2,N/A,N/A,12/02/17,2:00 PM,N/A,Hughey Gym,Lose,2,False,209,False,18:18,,8 ,,0,"SUB OUT by HOGAN,KAM",,,"SUB OUT by HOGAN,KAM",1,subbing out,,austin,"hogan,kam",,"['love,kerry', 'berry,bryce', 'galvin,owen', 'darst,daniel', 'roteman,evan']","['holland,michael', 'mercadel,justice', 'quinn,josh', 'hill,kameron', 'hardwick,josh']",1098
48,5292,Austin,Rhodes,0,120-103,"41,62","62,58",2-5,4-2,N/A,N/A,12/02/17,2:00 PM,N/A,Hughey Gym,Lose,2,False,209,False,18:11,,8 ,,0,"MISS JUMPER by MERCADEL,JUSTICE",,,"MISS JUMPER by MERCADEL,JUSTICE",1,jumper,missed,austin,"mercadel,justice",,"['love,kerry', 'berry,bryce', 'galvin,owen', 'darst,daniel', 'roteman,evan']","['holland,michael', 'mercadel,justice', 'quinn,josh', 'hill,kameron', 'hardwick,josh']",1091
49,5292,Austin,Rhodes,0,120-103,"41,62","62,58",2-5,4-2,N/A,N/A,12/02/17,2:00 PM,N/A,Hughey Gym,Lose,2,False,209,False,--,"REBOUND DEF by LOVE,KERRY",8 ,,0,,,,"REBOUND DEF by LOVE,KERRY",1,defensive rebound,,rhodes,"love,kerry",,"['love,kerry', 'berry,bryce', 'galvin,owen', 'darst,daniel', 'roteman,evan']","['holland,michael', 'mercadel,justice', 'quinn,josh', 'hill,kameron', 'hardwick,josh']",
50,5292,Austin,Rhodes,0,120-103,"41,62","62,58",2-5,4-2,N/A,N/A,12/02/17,2:00 PM,N/A,Hughey Gym,Lose,2,False,209,False,18:03,"MISS 3PTR by ROTEMAN,EVAN",8 ,,0,,,,"MISS 3PTR by ROTEMAN,EVAN",1,three pointer,missed,rhodes,"roteman,evan",,"['love,kerry', 'berry,bryce', 'galvin,owen', 'darst,daniel', 'roteman,evan']","['holland,michael', 'mercadel,justice', 'quinn,josh', 'hill,kameron', 'hardwick,josh']",1083
51,5292,Austin,Rhodes,0,120-103,"41,62","62,58",2-5,4-2,N/A,N/A,12/02/17,2:00 PM,N/A,Hughey Gym,Lose,2,False,209,False,--,"REBOUND OFF by BERRY,BRYCE",8 ,,0,,,,"REBOUND OFF by BERRY,BRYCE",1,offensive rebound,,rhodes,"berry,bryce",,"['love,kerry', 'berry,bryce', 'galvin,owen', 'darst,daniel', 'roteman,evan']","['holland,michael', 'mercadel,justice', 'quinn,josh', 'hill,kameron', 'hardwick,josh']",
52,5292,Austin,Rhodes,0,120-103,"41,62","62,58",2-5,4-2,N/A,N/A,12/02/17,2:00 PM,N/A,Hughey Gym,Lose,2,False,209,False,17:58,"MISS LAYUP by BERRY,BRYCE",8 ,,0,,,,"MISS LAYUP by BERRY,BRYCE",1,layup,missed,rhodes,"berry,bryce",,"['love,kerry', 'berry,bryce', 'galvin,owen', 'darst,daniel', 'roteman,evan']","['holland,michael', 'mercadel,justice', 'quinn,josh', 'hill,kameron', 'hardwick,josh']",1078
53,5292,Austin,Rhodes,0,120-103,"41,62","62,58",2-5,4-2,N/A,N/A,12/02/17,2:00 PM,N/A,Hughey Gym,Lose,2,False,209,False,--,,8 ,,0,"REBOUND DEF by MERCADEL,JUSTICE",,,"REBOUND DEF by MERCADEL,JUSTICE",1,defensive rebound,,austin,"mercadel,justice",,"['love,kerry', 'berry,bryce', 'galvin,owen', 'darst,daniel', 'roteman,evan']","['holland,michael', 'mercadel,justice', 'quinn,josh', 'hill,kameron', 'hardwick,josh']",
54,5292,Austin,Rhodes,0,120-103,"41,62","62,58",2-5,4-2,N/A,N/A,12/02/17,2:00 PM,N/A,Hughey Gym,Lose,2,False,209,False,17:50,,8 ,,0,"TURNOVER  by HARDWICK,JOSH",,,"TURNOVER  by HARDWICK,JOSH",1,turnover,,austin,"hardwick,josh",,"['love,kerry', 'berry,bryce', 'galvin,owen', 'darst,daniel', 'roteman,evan']","['holland,michael', 'mercadel,justice', 'quinn,josh', 'hill,kameron', 'hardwick,josh']",1070
55,5292,Austin,Rhodes,0,120-103,"41,62","62,58",2-5,4-2,N/A,N/A,12/02/17,2:00 PM,N/A,Hughey Gym,Lose,2,False,209,False,17:38,"MISS LAYUP by DARST,DANIEL",8 ,,0,,,,"MISS LAYUP by DARST,DANIEL",1,layup,missed,rhodes,"darst,daniel",,"['love,kerry', 'berry,bryce', 'galvin,owen', 'darst,daniel', 'roteman,evan']","['holland,michael', 'mercadel,justice', 'quinn,josh', 'hill,kameron', 'hardwick,josh']",1058
56,5292,Austin,Rhodes,0,120-103,"41,62","62,58",2-5,4-2,N/A,N/A,12/02/17,2:00 PM,N/A,Hughey Gym,Lose,2,False,209,False,17:38,,8 ,,0,"BLOCK  by HOLLAND,MICHAEL",,,"BLOCK  by HOLLAND,MICHAEL",1,block,,austin,"holland,michael",,"['love,kerry', 'berry,bryce', 'galvin,owen', 'darst,daniel', 'roteman,evan']","['holland,michael', 'mercadel,justice', 'quinn,josh', 'hill,kameron', 'hardwick,josh']",1058
57,5292,Austin,Rhodes,0,120-103,"41,62","62,58",2-5,4-2,N/A,N/A,12/02/17,2:00 PM,N/A,Hughey Gym,Lose,2,False,209,False,--,,8 ,,0,"REBOUND DEF by QUINN,JOSH",,,"REBOUND DEF by QUINN,JOSH",1,defensive rebound,,austin,"quinn,josh",,"['love,kerry', 'berry,bryce', 'galvin,owen', 'darst,daniel', 'roteman,evan']","['holland,michael', 'mercadel,justice', 'quinn,josh', 'hill,kameron', 'hardwick,josh']",
58,5292,Austin,Rhodes,0,120-103,"41,62","62,58",2-5,4-2,N/A,N/A,12/02/17,2:00 PM,N/A,Hughey Gym,Lose,2,False,209,False,17:31,,8 ,,0,"TURNOVER  by QUINN,JOSH",,,"TURNOVER  by QUINN,JOSH",1,turnover,,austin,"quinn,josh",,"['love,kerry', 'berry,bryce', 'galvin,owen', 'darst,daniel', 'roteman,evan']","['holland,michael', 'mercadel,justice', 'quinn,josh', 'hill,kameron', 'hardwick,josh']",1051
59,5292,Austin,Rhodes,0,120-103,"41,62","62,58",2-5,4-2,N/A,N/A,12/02/17,2:00 PM,N/A,Hughey Gym,Lose,2,False,209,False,17:31,"SUB IN by ASHBY,KENDRICK",8 ,,0,,,,"SUB IN by ASHBY,KENDRICK",1,subbing in,,rhodes,"ashby,kendrick",,"['love,kerry', 'berry,bryce', 'galvin,owen', 'darst,daniel', 'roteman,evan', 'ashby,kendrick']","['holland,michael', 'mercadel,justice', 'quinn,josh', 'hill,kameron', 'hardwick,josh']",1051
60,5292,Austin,Rhodes,0,120-103,"41,62","62,58",2-5,4-2,N/A,N/A,12/02/17,2:00 PM,N/A,Hughey Gym,Lose,2,False,209,False,17:31,"SUB IN by MCINTYRE,WILLIAM",8 ,,0,,,,"SUB IN by MCINTYRE,WILLIAM",1,subbing in,,rhodes,"mcintyre,william",,"['love,kerry', 'berry,bryce', 'galvin,owen', 'darst,daniel', 'roteman,evan', 'ashby,kendrick', 'mcintyre,william']","['holland,michael', 'mercadel,justice', 'quinn,josh', 'hill,kameron', 'hardwick,josh']",1051
61,5292,Austin,Rhodes,0,120-103,"41,62","62,58",2-5,4-2,N/A,N/A,12/02/17,2:00 PM,N/A,Hughey Gym,Lose,2,False,209,False,17:31,"SUB IN by NESTLEHUTT,JAKE",8 ,,0,,,,"SUB IN by NESTLEHUTT,JAKE",1,subbing in,,rhodes,"nestlehutt,jake",,"['love,kerry', 'berry,bryce', 'galvin,owen', 'darst,daniel', 'roteman,evan', 'ashby,kendrick', 'mcintyre,william', 'nestlehutt,jake']","['holland,michael', 'mercadel,justice', 'quinn,josh', 'hill,kameron', 'hardwick,josh']",1051
62,5292,Austin,Rhodes,0,120-103,"41,62","62,58",2-5,4-2,N/A,N/A,12/02/17,2:00 PM,N/A,Hughey Gym,Lose,2,False,209,False,17:31,"SUB IN by DALTON,PRICE",8 ,,0,,,,"SUB IN by DALTON,PRICE",1,subbing in,,rhodes,"dalton,price",,"['love,kerry', 'berry,bryce', 'galvin,owen', 'darst,daniel', 'roteman,evan', 'ashby,kendrick', 'mcintyre,william', 'nestlehutt,jake', 'dalton,price']","['holland,michael', 'mercadel,justice', 'quinn,josh', 'hill,kameron', 'hardwick,josh']",1051
63,5292,Austin,Rhodes,0,120-103,"41,62","62,58",2-5,4-2,N/A,N/A,12/02/17,2:00 PM,N/A,Hughey Gym,Lose,2,False,209,False,17:31,"SUB IN by NYAWATA,ANESU",8 ,,0,,,,"SUB IN by NYAWATA,ANESU",1,subbing in,,rhodes,"nyawata,anesu",,"['love,kerry', 'berry,bryce', 'galvin,owen', 'darst,daniel', 'roteman,evan', 'ashby,kendrick', 'mcintyre,william', 'nestlehutt,jake', 'dalton,price', 'nyawata,anesu']","['holland,michael', 'mercadel,justice', 'quinn,josh', 'hill,kameron', 'hardwick,josh']",1051
64,5292,Austin,Rhodes,0,120-103,"41,62","62,58",2-5,4-2,N/A,N/A,12/02/17,2:00 PM,N/A,Hughey Gym,Lose,2,False,209,False,17:31,"SUB OUT by LOVE,KERRY",8 ,,0,,,,"SUB OUT by LOVE,KERRY",1,subbing out,,rhodes,"love,kerry",,"['berry,bryce', 'galvin,owen', 'darst,daniel', 'roteman,evan', 'ashby,kendrick', 'mcintyre,william', 'nestlehutt,jake', 'dalton,price', 'nyawata,anesu']","['holland,michael', 'mercadel,justice', 'quinn,josh', 'hill,kameron', 'hardwick,josh']",1051
65,5292,Austin,Rhodes,0,120-103,"41,62","62,58",2-5,4-2,N/A,N/A,12/02/17,2:00 PM,N/A,Hughey Gym,Lose,2,False,209,False,17:31,"SUB OUT by GALVIN,OWEN",8 ,,0,,,,"SUB OUT by GALVIN,OWEN",1,subbing out,,rhodes,"galvin,owen",,"['berry,bryce', 'darst,daniel', 'roteman,evan', 'ashby,kendrick', 'mcintyre,william', 'nestlehutt,jake', 'dalton,price', 'nyawata,anesu']","['holland,michael', 'mercadel,justice', 'quinn,josh', 'hill,kameron', 'hardwick,josh']",1051
66,5292,Austin,Rhodes,0,120-103,"41,62","62,58",2-5,4-2,N/A,N/A,12/02/17,2:00 PM,N/A,Hughey Gym,Lose,2,False,209,False,17:31,"SUB OUT by DARST,DANIEL",8 ,,0,,,,"SUB OUT by DARST,DANIEL",1,subbing out,,rhodes,"darst,daniel",,"['berry,bryce', 'roteman,evan', 'ashby,kendrick', 'mcintyre,william', 'nestlehutt,jake', 'dalton,price', 'nyawata,anesu']","['holland,michael', 'mercadel,justice', 'quinn,josh', 'hill,kameron', 'hardwick,josh']",1051
67,5292,Austin,Rhodes,0,120-103,"41,62","62,58",2-5,4-2,N/A,N/A,12/02/17,2:00 PM,N/A,Hughey Gym,Lose,2,False,209,False,17:31,"SUB OUT by ROTEMAN,EVAN",8 ,,0,,,,"SUB OUT by ROTEMAN,EVAN",1,subbing out,,rhodes,"roteman,evan",,"['berry,bryce', 'ashby,kendrick', 'mcintyre,william', 'nestlehutt,jake', 'dalton,price', 'nyawata,anesu']","['holland,michael', 'mercadel,justice', 'quinn,josh', 'hill,kameron', 'hardwick,josh']",1051
68,5292,Austin,Rhodes,0,120-103,"41,62","62,58",2-5,4-2,N/A,N/A,12/02/17,2:00 PM,N/A,Hughey Gym,Lose,2,False,209,False,17:31,"SUB OUT by BERRY,BRYCE",8 ,,0,,,,"SUB OUT by BERRY,BRYCE",1,subbing out,,rhodes,"berry,bryce",,"['ashby,kendrick', 'mcintyre,william', 'nestlehutt,jake', 'dalton,price', 'nyawata,anesu']","['holland,michael', 'mercadel,justice', 'quinn,josh', 'hill,kameron', 'hardwick,josh']",1051
69,5292,Austin,Rhodes,0,120-103,"41,62","62,58",2-5,4-2,N/A,N/A,12/02/17,2:00 PM,N/A,Hughey Gym,Lose,2,False,209,False,17:31,,8 ,,0,"SUB IN by NICKENS,ZACHARY",,,"SUB IN by NICKENS,ZACHARY",1,subbing in,,austin,"nickens,zachary",,"['ashby,kendrick', 'mcintyre,william', 'nestlehutt,jake', 'dalton,price', 'nyawata,anesu']","['holland,michael', 'mercadel,justice', 'quinn,josh', 'hill,kameron', 'hardwick,josh', 'nickens,zachary']",1051
70,5292,Austin,Rhodes,0,120-103,"41,62","62,58",2-5,4-2,N/A,N/A,12/02/17,2:00 PM,N/A,Hughey Gym,Lose,2,False,209,False,17:31,,8 ,,0,"SUB OUT by HOLLAND,MICHAEL",,,"SUB OUT by HOLLAND,MICHAEL",1,subbing out,,austin,"holland,michael",,"['ashby,kendrick', 'mcintyre,william', 'nestlehutt,jake', 'dalton,price', 'nyawata,anesu']","['mercadel,justice', 'quinn,josh', 'hill,kameron', 'hardwick,josh', 'nickens,zachary']",1051
71,5292,Austin,Rhodes,0,120-103,"41,62","62,58",2-5,4-2,N/A,N/A,12/02/17,2:00 PM,N/A,Hughey Gym,Lose,2,False,209,False,17:16,"MISS LAYUP by NYAWATA,ANESU",8 ,,0,,,,"MISS LAYUP by NYAWATA,ANESU",1,layup,missed,rhodes,"nyawata,anesu",,"['ashby,kendrick', 'mcintyre,william', 'nestlehutt,jake', 'dalton,price', 'nyawata,anesu']","['mercadel,justice', 'quinn,josh', 'hill,kameron', 'hardwick,josh', 'nickens,zachary']",1036
72,5292,Austin,Rhodes,0,120-103,"41,62","62,58",2-5,4-2,N/A,N/A,12/02/17,2:00 PM,N/A,Hughey Gym,Lose,2,False,209,False,17:16,,8 ,,0,"BLOCK  by NICKENS,ZACHARY",,,"BLOCK  by NICKENS,ZACHARY",1,block,,austin,"nickens,zachary",,"['ashby,kendrick', 'mcintyre,william', 'nestlehutt,jake', 'dalton,price', 'nyawata,anesu']","['mercadel,justice', 'quinn,josh', 'hill,kameron', 'hardwick,josh', 'nickens,zachary']",1036
73,5292,Austin,Rhodes,0,120-103,"41,62","62,58",2-5,4-2,N/A,N/A,12/02/17,2:00 PM,N/A,Hughey Gym,Lose,2,False,209,False,--,,8 ,,0,"REBOUND DEF by NICKENS,ZACHARY",,,"REBOUND DEF by NICKENS,ZACHARY",1,defensive rebound,,austin,"nickens,zachary",,"['ashby,kendrick', 'mcintyre,william', 'nestlehutt,jake', 'dalton,price', 'nyawata,anesu']","['mercadel,justice', 'quinn,josh', 'hill,kameron', 'hardwick,josh', 'nickens,zachary']",
74,5292,Austin,Rhodes,0,120-103,"41,62","62,58",2-5,4-2,N/A,N/A,12/02/17,2:00 PM,N/A,Hughey Gym,Lose,2,False,209,False,17:10,,8 ,,0,"MISS 3PTR by QUINN,JOSH",,,"MISS 3PTR by QUINN,JOSH",1,three pointer,missed,austin,"quinn,josh",,"['ashby,kendrick', 'mcintyre,william', 'nestlehutt,jake', 'dalton,price', 'nyawata,anesu']","['mercadel,justice', 'quinn,josh', 'hill,kameron', 'hardwick,josh', 'nickens,zachary']",1030
75,5292,Austin,Rhodes,0,120-103,"41,62","62,58",2-5,4-2,N/A,N/A,12/02/17,2:00 PM,N/A,Hughey Gym,Lose,2,False,209,False,--,"REBOUND DEF by NESTLEHUTT,JAKE",8 ,,0,,,,"REBOUND DEF by NESTLEHUTT,JAKE",1,defensive rebound,,rhodes,"nestlehutt,jake",,"['ashby,kendrick', 'mcintyre,william', 'nestlehutt,jake', 'dalton,price', 'nyawata,anesu']","['mercadel,justice', 'quinn,josh', 'hill,kameron', 'hardwick,josh', 'nickens,zachary']",
76,5292,Austin,Rhodes,0,120-103,"41,62","62,58",2-5,4-2,N/A,N/A,12/02/17,2:00 PM,N/A,Hughey Gym,Lose,2,False,209,False,16:59,"GOOD LAYUP by ASHBY,KENDRICK(in the paint)",10 ,,0,,RHODES 10-0 (+10),,"GOOD LAYUP by ASHBY,KENDRICK(in the paint)",1,layup,good,rhodes,"ashby,kendrick",2,"['ashby,kendrick', 'mcintyre,william', 'nestlehutt,jake', 'dalton,price', 'nyawata,anesu']","['mercadel,justice', 'quinn,josh', 'hill,kameron', 'hardwick,josh', 'nickens,zachary']",1019
77,5292,Austin,Rhodes,0,120-103,"41,62","62,58",2-5,4-2,N/A,N/A,12/02/17,2:00 PM,N/A,Hughey Gym,Lose,2,False,209,False,16:46,,10 ,,0,"TURNOVER  by HARDWICK,JOSH",,,"TURNOVER  by HARDWICK,JOSH",1,turnover,,austin,"hardwick,josh",,"['ashby,kendrick', 'mcintyre,william', 'nestlehutt,jake', 'dalton,price', 'nyawata,anesu']","['mercadel,justice', 'quinn,josh', 'hill,kameron', 'hardwick,josh', 'nickens,zachary']",1006
78,5292,Austin,Rhodes,0,120-103,"41,62","62,58",2-5,4-2,N/A,N/A,12/02/17,2:00 PM,N/A,Hughey Gym,Lose,2,False,209,False,16:46,,10 ,,0,"SUB IN by GARRETT,JOSH",,,"SUB IN by GARRETT,JOSH",1,subbing in,,austin,"garrett,josh",,"['ashby,kendrick', 'mcintyre,william', 'nestlehutt,jake', 'dalton,price', 'nyawata,anesu']","['mercadel,justice', 'quinn,josh', 'hill,kameron', 'hardwick,josh', 'nickens,zachary', 'garrett,josh']",1006
79,5292,Austin,Rhodes,0,120-103,"41,62","62,58",2-5,4-2,N/A,N/A,12/02/17,2:00 PM,N/A,Hughey Gym,Lose,2,False,209,False,16:46,,10 ,,0,"SUB IN by HOGAN,KAM",,,"SUB IN by HOGAN,KAM",1,subbing in,,austin,"hogan,kam",,"['ashby,kendrick', 'mcintyre,william', 'nestlehutt,jake', 'dalton,price', 'nyawata,anesu']","['mercadel,justice', 'quinn,josh', 'hill,kameron', 'hardwick,josh', 'nickens,zachary', 'garrett,josh', 'hogan,kam']",1006
80,5292,Austin,Rhodes,0,120-103,"41,62","62,58",2-5,4-2,N/A,N/A,12/02/17,2:00 PM,N/A,Hughey Gym,Lose,2,False,209,False,16:46,,10 ,,0,"SUB IN by HOLLAND,MICHAEL",,,"SUB IN by HOLLAND,MICHAEL",1,subbing in,,austin,"holland,michael",,"['ashby,kendrick', 'mcintyre,william', 'nestlehutt,jake', 'dalton,price', 'nyawata,anesu']","['mercadel,justice', 'quinn,josh', 'hill,kameron', 'hardwick,josh', 'nickens,zachary', 'garrett,josh', 'hogan,kam', 'holland,michael']",1006
81,5292,Austin,Rhodes,0,120-103,"41,62","62,58",2-5,4-2,N/A,N/A,12/02/17,2:00 PM,N/A,Hughey Gym,Lose,2,False,209,False,16:46,,10 ,,0,"SUB OUT by MERCADEL,JUSTICE",,,"SUB OUT by MERCADEL,JUSTICE",1,subbing out,,austin,"mercadel,justice",,"['ashby,kendrick', 'mcintyre,william', 'nestlehutt,jake', 'dalton,price', 'nyawata,anesu']","['quinn,josh', 'hill,kameron', 'hardwick,josh', 'nickens,zachary', 'garrett,josh', 'hogan,kam', 'holland,michael']",1006
82,5292,Austin,Rhodes,0,120-103,"41,62","62,58",2-5,4-2,N/A,N/A,12/02/17,2:00 PM,N/A,Hughey Gym,Lose,2,False,209,False,16:46,,10 ,,0,"SUB OUT by HARDWICK,JOSH",,,"SUB OUT by HARDWICK,JOSH",1,subbing out,,austin,"hardwick,josh",,"['ashby,kendrick', 'mcintyre,william', 'nestlehutt,jake', 'dalton,price', 'nyawata,anesu']","['quinn,josh', 'hill,kameron', 'nickens,zachary', 'garrett,josh', 'hogan,kam', 'holland,michael']",1006
83,5292,Austin,Rhodes,0,120-103,"41,62","62,58",2-5,4-2,N/A,N/A,12/02/17,2:00 PM,N/A,Hughey Gym,Lose,2,False,209,False,16:46,,10 ,,0,"SUB OUT by QUINN,JOSH",,,"SUB OUT by QUINN,JOSH",1,subbing out,,austin,"quinn,josh",,"['ashby,kendrick', 'mcintyre,william', 'nestlehutt,jake', 'dalton,price', 'nyawata,anesu']","['hill,kameron', 'nickens,zachary', 'garrett,josh', 'hogan,kam', 'holland,michael']",1006
84,5292,Austin,Rhodes,0,120-103,"41,62","62,58",2-5,4-2,N/A,N/A,12/02/17,2:00 PM,N/A,Hughey Gym,Lose,2,False,209,False,16:33,"GOOD 3PTR by NESTLEHUTT,JAKE",13 ,,0,,RHODES 13-0 (+13),,"GOOD 3PTR by NESTLEHUTT,JAKE",1,three pointer,good,rhodes,"nestlehutt,jake",3,"['ashby,kendrick', 'mcintyre,william', 'nestlehutt,jake', 'dalton,price', 'nyawata,anesu']","['hill,kameron', 'nickens,zachary', 'garrett,josh', 'hogan,kam', 'holland,michael']",993
85,5292,Austin,Rhodes,0,120-103,"41,62","62,58",2-5,4-2,N/A,N/A,12/02/17,2:00 PM,N/A,Hughey Gym,Lose,2,False,209,False,--,"ASSIST  by MCINTYRE,WILLIAM",13 ,,0,,,,"ASSIST  by MCINTYRE,WILLIAM",1,assist,,rhodes,"mcintyre,william",,"['ashby,kendrick', 'mcintyre,william', 'nestlehutt,jake', 'dalton,price', 'nyawata,anesu']","['hill,kameron', 'nickens,zachary', 'garrett,josh', 'hogan,kam', 'holland,michael']",
86,5292,Austin,Rhodes,0,120-103,"41,62","62,58",2-5,4-2,N/A,N/A,12/02/17,2:00 PM,N/A,Hughey Gym,Lose,2,False,209,False,16:26,"FOUL  by ASHBY,KENDRICK",13 ,,0,,,,"FOUL  by ASHBY,KENDRICK",1,foul,,rhodes,"ashby,kendrick",,"['ashby,kendrick', 'mcintyre,william', 'nestlehutt,jake', 'dalton,price', 'nyawata,anesu']","['hill,kameron', 'nickens,zachary', 'garrett,josh', 'hogan,kam', 'holland,michael']",986
87,5292,Austin,Rhodes,0,120-103,"41,62","62,58",2-5,4-2,N/A,N/A,12/02/17,2:00 PM,N/A,Hughey Gym,Lose,2,False,209,False,16:26,"SUB IN by SAMSON,VAUGHN",13 ,,0,,,,"SUB IN by SAMSON,VAUGHN",1,subbing in,,rhodes,"samson,vaughn",,"['ashby,kendrick', 'mcintyre,william', 'nestlehutt,jake', 'dalton,price', 'nyawata,anesu', 'samson,vaughn']","['hill,kameron', 'nickens,zachary', 'garrett,josh', 'hogan,kam', 'holland,michael']",986
88,5292,Austin,Rhodes,0,120-103,"41,62","62,58",2-5,4-2,N/A,N/A,12/02/17,2:00 PM,N/A,Hughey Gym,Lose,2,False,209,False,16:26,"SUB IN by WEATHERFORD,MITCH",13 ,,0,,,,"SUB IN by WEATHERFORD,MITCH",1,subbing in,,rhodes,"weatherford,mitch",,"['ashby,kendrick', 'mcintyre,william', 'nestlehutt,jake', 'dalton,price', 'nyawata,anesu', 'samson,vaughn', 'weatherford,mitch']","['hill,kameron', 'nickens,zachary', 'garrett,josh', 'hogan,kam', 'holland,michael']",986
89,5292,Austin,Rhodes,0,120-103,"41,62","62,58",2-5,4-2,N/A,N/A,12/02/17,2:00 PM,N/A,Hughey Gym,Lose,2,False,209,False,16:26,"SUB IN by FERIA,NICK DE",13 ,,0,,,,"SUB IN by FERIA,NICK DE",1,subbing in,,rhodes,"feria,nick de",,"['ashby,kendrick', 'mcintyre,william', 'nestlehutt,jake', 'dalton,price', 'nyawata,anesu', 'samson,vaughn', 'weatherford,mitch', 'feria,nick de']","['hill,kameron', 'nickens,zachary', 'garrett,josh', 'hogan,kam', 'holland,michael']",986
90,5292,Austin,Rhodes,0,120-103,"41,62","62,58",2-5,4-2,N/A,N/A,12/02/17,2:00 PM,N/A,Hughey Gym,Lose,2,False,209,False,16:26,"SUB IN by EVANS,ANDREW",13 ,,0,,,,"SUB IN by EVANS,ANDREW",1,subbing in,,rhodes,"evans,andrew",,"['ashby,kendrick', 'mcintyre,william', 'nestlehutt,jake', 'dalton,price', 'nyawata,anesu', 'samson,vaughn', 'weatherford,mitch', 'feria,nick de', 'evans,andrew']","['hill,kameron', 'nickens,zachary', 'garrett,josh', 'hogan,kam', 'holland,michael']",986
91,5292,Austin,Rhodes,0,120-103,"41,62","62,58",2-5,4-2,N/A,N/A,12/02/17,2:00 PM,N/A,Hughey Gym,Lose,2,False,209,False,16:26,"SUB IN by GIROUX,PRESTON",13 ,,0,,,,"SUB IN by GIROUX,PRESTON",1,subbing in,,rhodes,"giroux,preston",,"['ashby,kendrick', 'mcintyre,william', 'nestlehutt,jake', 'dalton,price', 'nyawata,anesu', 'samson,vaughn', 'weatherford,mitch', 'feria,nick de', 'evans,andrew', 'giroux,preston']","['hill,kameron', 'nickens,zachary', 'garrett,josh', 'hogan,kam', 'holland,michael']",986
92,5292,Austin,Rhodes,0,120-103,"41,62","62,58",2-5,4-2,N/A,N/A,12/02/17,2:00 PM,N/A,Hughey Gym,Lose,2,False,209,False,16:26,"SUB OUT by ASHBY,KENDRICK",13 ,,0,,,,"SUB OUT by ASHBY,KENDRICK",1,subbing out,,rhodes,"ashby,kendrick",,"['mcintyre,william', 'nestlehutt,jake', 'dalton,price', 'nyawata,anesu', 'samson,vaughn', 'weatherford,mitch', 'feria,nick de', 'evans,andrew', 'giroux,preston']","['hill,kameron', 'nickens,zachary', 'garrett,josh', 'hogan,kam', 'holland,michael']",986
93,5292,Austin,Rhodes,0,120-103,"41,62","62,58",2-5,4-2,N/A,N/A,12/02/17,2:00 PM,N/A,Hughey Gym,Lose,2,False,209,False,16:26,"SUB OUT by MCINTYRE,WILLIAM",13 ,,0,,,,"SUB OUT by MCINTYRE,WILLIAM",1,subbing out,,rhodes,"mcintyre,william",,"['nestlehutt,jake', 'dalton,price', 'nyawata,anesu', 'samson,vaughn', 'weatherford,mitch', 'feria,nick de', 'evans,andrew', 'giroux,preston']","['hill,kameron', 'nickens,zachary', 'garrett,josh', 'hogan,kam', 'holland,michael']",986
94,5292,Austin,Rhodes,0,120-103,"41,62","62,58",2-5,4-2,N/A,N/A,12/02/17,2:00 PM,N/A,Hughey Gym,Lose,2,False,209,False,16:26,"SUB OUT by NESTLEHUTT,JAKE",13 ,,0,,,,"SUB OUT by NESTLEHUTT,JAKE",1,subbing out,,rhodes,"nestlehutt,jake",,"['dalton,price', 'nyawata,anesu', 'samson,vaughn', 'weatherford,mitch', 'feria,nick de', 'evans,andrew', 'giroux,preston']","['hill,kameron', 'nickens,zachary', 'garrett,josh', 'hogan,kam', 'holland,michael']",986
95,5292,Austin,Rhodes,0,120-103,"41,62","62,58",2-5,4-2,N/A,N/A,12/02/17,2:00 PM,N/A,Hughey Gym,Lose,2,False,209,False,16:26,"SUB OUT by NYAWATA,ANESU",13 ,,0,,,,"SUB OUT by NYAWATA,ANESU",1,subbing out,,rhodes,"nyawata,anesu",,"['dalton,price', 'samson,vaughn', 'weatherford,mitch', 'feria,nick de', 'evans,andrew', 'giroux,preston']","['hill,kameron', 'nickens,zachary', 'garrett,josh', 'hogan,kam', 'holland,michael']",986
96,5292,Austin,Rhodes,0,120-103,"41,62","62,58",2-5,4-2,N/A,N/A,12/02/17,2:00 PM,N/A,Hughey Gym,Lose,2,False,209,False,16:26,"SUB OUT by DALTON,PRICE",13 ,,0,,,,"SUB OUT by DALTON,PRICE",1,subbing out,,rhodes,"dalton,price",,"['samson,vaughn', 'weatherford,mitch', 'feria,nick de', 'evans,andrew', 'giroux,preston']","['hill,kameron', 'nickens,zachary', 'garrett,josh', 'hogan,kam', 'holland,michael']",986
97,5292,Austin,Rhodes,0,120-103,"41,62","62,58",2-5,4-2,N/A,N/A,12/02/17,2:00 PM,N/A,Hughey Gym,Lose,2,False,209,False,16:21,"FOUL  by SAMSON,VAUGHN",13 ,,0,,,,"FOUL  by SAMSON,VAUGHN",1,foul,,rhodes,"samson,vaughn",,"['samson,vaughn', 'weatherford,mitch', 'feria,nick de', 'evans,andrew', 'giroux,preston']","['hill,kameron', 'nickens,zachary', 'garrett,josh', 'hogan,kam', 'holland,michael']",981
98,5292,Austin,Rhodes,0,120-103,"41,62","62,58",2-5,4-2,N/A,N/A,12/02/17,2:00 PM,N/A,Hughey Gym,Lose,2,False,209,False,16:13,,13 ,,0,"MISS 3PTR by HILL,KAMERON",,,"MISS 3PTR by HILL,KAMERON",1,three pointer,missed,austin,"hill,kameron",,"['samson,vaughn', 'weatherford,mitch', 'feria,nick de', 'evans,andrew', 'giroux,preston']","['hill,kameron', 'nickens,zachary', 'garrett,josh', 'hogan,kam', 'holland,michael']",973
99,5292,Austin,Rhodes,0,120-103,"41,62","62,58",2-5,4-2,N/A,N/A,12/02/17,2:00 PM,N/A,Hughey Gym,Lose,2,False,209,False,--,"REBOUND DEF by GIROUX,PRESTON",13 ,,0,,,,"REBOUND DEF by GIROUX,PRESTON",1,defensive rebound,,rhodes,"giroux,preston",,"['samson,vaughn', 'weatherford,mitch', 'feria,nick de', 'evans,andrew', 'giroux,preston']","['hill,kameron', 'nickens,zachary', 'garrett,josh', 'hogan,kam', 'holland,michael']",
100,5292,Austin,Rhodes,0,120-103,"41,62","62,58",2-5,4-2,N/A,N/A,12/02/17,2:00 PM,N/A,Hughey Gym,Lose,2,False,209,False,15:52,"MISS 3PTR by FERIA,NICK DE",13 ,,0,,,,"MISS 3PTR by FERIA,NICK DE",1,three pointer,missed,rhodes,"feria,nick de",,"['samson,vaughn', 'weatherford,mitch', 'feria,nick de', 'evans,andrew', 'giroux,preston']","['hill,kameron', 'nickens,zachary', 'garrett,josh', 'hogan,kam', 'holland,michael']",952
101,5292,Austin,Rhodes,0,120-103,"41,62","62,58",2-5,4-2,N/A,N/A,12/02/17,2:00 PM,N/A,Hughey Gym,Lose,2,False,209,False,--,,13 ,,0,"REBOUND DEF by NICKENS,ZACHARY",,,"REBOUND DEF by NICKENS,ZACHARY",1,defensive rebound,,austin,"nickens,zachary",,"['samson,vaughn', 'weatherford,mitch', 'feria,nick de', 'evans,andrew', 'giroux,preston']","['hill,kameron', 'nickens,zachary', 'garrett,josh', 'hogan,kam', 'holland,michael']",
102,5292,Austin,Rhodes,0,120-103,"41,62","62,58",2-5,4-2,N/A,N/A,12/02/17,2:00 PM,N/A,Hughey Gym,Lose,2,False,209,False,15:42,,13 ,,2,"GOOD LAYUP by NICKENS,ZACHARY(in the paint)",ACM 13-2 (+11),,"GOOD LAYUP by NICKENS,ZACHARY(in the paint)",1,layup,good,austin,"nickens,zachary",2,"['samson,vaughn', 'weatherford,mitch', 'feria,nick de', 'evans,andrew', 'giroux,preston']","['hill,kameron', 'nickens,zachary', 'garrett,josh', 'hogan,kam', 'holland,michael']",942
103,5292,Austin,Rhodes,0,120-103,"41,62","62,58",2-5,4-2,N/A,N/A,12/02/17,2:00 PM,N/A,Hughey Gym,Lose,2,False,209,False,--,,13 ,,2,"ASSIST  by HOGAN,KAM",,,"ASSIST  by HOGAN,KAM",1,assist,,austin,"hogan,kam",,"['samson,vaughn', 'weatherford,mitch', 'feria,nick de', 'evans,andrew', 'giroux,preston']","['hill,kameron', 'nickens,zachary', 'garrett,josh', 'hogan,kam', 'holland,michael']",
104,5292,Austin,Rhodes,0,120-103,"41,62","62,58",2-5,4-2,N/A,N/A,12/02/17,2:00 PM,N/A,Hughey Gym,Lose,2,False,209,False,15:42,"FOUL  by GIROUX,PRESTON",13 ,,2,,,,"FOUL  by GIROUX,PRESTON",1,foul,,rhodes,"giroux,preston",,"['samson,vaughn', 'weatherford,mitch', 'feria,nick de', 'evans,andrew', 'giroux,preston']","['hill,kameron', 'nickens,zachary', 'garrett,josh', 'hogan,kam', 'holland,michael']",942
105,5292,Austin,Rhodes,0,120-103,"41,62","62,58",2-5,4-2,N/A,N/A,12/02/17,2:00 PM,N/A,Hughey Gym,Lose,2,False,209,False,15:42,,13 ,,3,"GOOD FT by NICKENS,ZACHARY",ACM 13-3 (+10),,"GOOD FT by NICKENS,ZACHARY",1,free throw,good,austin,"nickens,zachary",1,"['samson,vaughn', 'weatherford,mitch', 'feria,nick de', 'evans,andrew', 'giroux,preston']","['hill,kameron', 'nickens,zachary', 'garrett,josh', 'hogan,kam', 'holland,michael']",942
106,5292,Austin,Rhodes,0,120-103,"41,62","62,58",2-5,4-2,N/A,N/A,12/02/17,2:00 PM,N/A,Hughey Gym,Lose,2,False,209,False,15:42,"SUB IN by DARST,DANIEL",13 ,,3,,,,"SUB IN by DARST,DANIEL",1,subbing in,,rhodes,"darst,daniel",,"['samson,vaughn', 'weatherford,mitch', 'feria,nick de', 'evans,andrew', 'giroux,preston', 'darst,daniel']","['hill,kameron', 'nickens,zachary', 'garrett,josh', 'hogan,kam', 'holland,michael']",942
107,5292,Austin,Rhodes,0,120-103,"41,62","62,58",2-5,4-2,N/A,N/A,12/02/17,2:00 PM,N/A,Hughey Gym,Lose,2,False,209,False,15:42,"SUB IN by GALVIN,OWEN",13 ,,3,,,,"SUB IN by GALVIN,OWEN",1,subbing in,,rhodes,"galvin,owen",,"['samson,vaughn', 'weatherford,mitch', 'feria,nick de', 'evans,andrew', 'giroux,preston', 'darst,daniel', 'galvin,owen']","['hill,kameron', 'nickens,zachary', 'garrett,josh', 'hogan,kam', 'holland,michael']",942
108,5292,Austin,Rhodes,0,120-103,"41,62","62,58",2-5,4-2,N/A,N/A,12/02/17,2:00 PM,N/A,Hughey Gym,Lose,2,False,209,False,15:42,"SUB IN by LOVE,KERRY",13 ,,3,,,,"SUB IN by LOVE,KERRY",1,subbing in,,rhodes,"love,kerry",,"['samson,vaughn', 'weatherford,mitch', 'feria,nick de', 'evans,andrew', 'giroux,preston', 'darst,daniel', 'galvin,owen', 'love,kerry']","['hill,kameron', 'nickens,zachary', 'garrett,josh', 'hogan,kam', 'holland,michael']",942
109,5292,Austin,Rhodes,0,120-103,"41,62","62,58",2-5,4-2,N/A,N/A,12/02/17,2:00 PM,N/A,Hughey Gym,Lose,2,False,209,False,15:42,"SUB IN by SWIFT,DJ",13 ,,3,,,,"SUB IN by SWIFT,DJ",1,subbing in,,rhodes,"swift,dj",,"['samson,vaughn', 'weatherford,mitch', 'feria,nick de', 'evans,andrew', 'giroux,preston', 'darst,daniel', 'galvin,owen', 'love,kerry', 'swift,dj']","['hill,kameron', 'nickens,zachary', 'garrett,josh', 'hogan,kam', 'holland,michael']",942
110,5292,Austin,Rhodes,0,120-103,"41,62","62,58",2-5,4-2,N/A,N/A,12/02/17,2:00 PM,N/A,Hughey Gym,Lose,2,False,209,False,15:42,"SUB IN by BERRY,BRYCE",13 ,,3,,,,"SUB IN by BERRY,BRYCE",1,subbing in,,rhodes,"berry,bryce",,"['samson,vaughn', 'weatherford,mitch', 'feria,nick de', 'evans,andrew', 'giroux,preston', 'darst,daniel', 'galvin,owen', 'love,kerry', 'swift,dj', 'berry,bryce']","['hill,kameron', 'nickens,zachary', 'garrett,josh', 'hogan,kam', 'holland,michael']",942
111,5292,Austin,Rhodes,0,120-103,"41,62","62,58",2-5,4-2,N/A,N/A,12/02/17,2:00 PM,N/A,Hughey Gym,Lose,2,False,209,False,15:42,"SUB OUT by EVANS,ANDREW",13 ,,3,,,,"SUB OUT by EVANS,ANDREW",1,subbing out,,rhodes,"evans,andrew",,"['samson,vaughn', 'weatherford,mitch', 'feria,nick de', 'giroux,preston', 'darst,daniel', 'galvin,owen', 'love,kerry', 'swift,dj', 'berry,bryce']","['hill,kameron', 'nickens,zachary', 'garrett,josh', 'hogan,kam', 'holland,michael']",942
112,5292,Austin,Rhodes,0,120-103,"41,62","62,58",2-5,4-2,N/A,N/A,12/02/17,2:00 PM,N/A,Hughey Gym,Lose,2,False,209,False,15:42,"SUB OUT by GIROUX,PRESTON",13 ,,3,,,,"SUB OUT by GIROUX,PRESTON",1,subbing out,,rhodes,"giroux,preston",,"['samson,vaughn', 'weatherford,mitch', 'feria,nick de', 'darst,daniel', 'galvin,owen', 'love,kerry', 'swift,dj', 'berry,bryce']","['hill,kameron', 'nickens,zachary', 'garrett,josh', 'hogan,kam', 'holland,michael']",942
113,5292,Austin,Rhodes,0,120-103,"41,62","62,58",2-5,4-2,N/A,N/A,12/02/17,2:00 PM,N/A,Hughey Gym,Lose,2,False,209,False,15:42,"SUB OUT by SAMSON,VAUGHN",13 ,,3,,,,"SUB OUT by SAMSON,VAUGHN",1,subbing out,,rhodes,"samson,vaughn",,"['weatherford,mitch', 'feria,nick de', 'darst,daniel', 'galvin,owen', 'love,kerry', 'swift,dj', 'berry,bryce']","['hill,kameron', 'nickens,zachary', 'garrett,josh', 'hogan,kam', 'holland,michael']",942
114,5292,Austin,Rhodes,0,120-103,"41,62","62,58",2-5,4-2,N/A,N/A,12/02/17,2:00 PM,N/A,Hughey Gym,Lose,2,False,209,False,15:42,"SUB OUT by FERIA,NICK DE",13 ,,3,,,,"SUB OUT by FERIA,NICK DE",1,subbing out,,rhodes,"feria,nick de",,"['weatherford,mitch', 'darst,daniel', 'galvin,owen', 'love,kerry', 'swift,dj', 'berry,bryce']","['hill,kameron', 'nickens,zachary', 'garrett,josh', 'hogan,kam', 'holland,michael']",942
115,5292,Austin,Rhodes,0,120-103,"41,62","62,58",2-5,4-2,N/A,N/A,12/02/17,2:00 PM,N/A,Hughey Gym,Lose,2,False,209,False,15:42,"SUB OUT by WEATHERFORD,MITCH",13 ,,3,,,,"SUB OUT by WEATHERFORD,MITCH",1,subbing out,,rhodes,"weatherford,mitch",,"['darst,daniel', 'galvin,owen', 'love,kerry', 'swift,dj', 'berry,bryce']","['hill,kameron', 'nickens,zachary', 'garrett,josh', 'hogan,kam', 'holland,michael']",942
116,5292,Austin,Rhodes,0,120-103,"41,62","62,58",2-5,4-2,N/A,N/A,12/02/17,2:00 PM,N/A,Hughey Gym,Lose,2,False,209,False,15:42,,13 ,,3,"SUB IN by QUINN,JOSH",,,"SUB IN by QUINN,JOSH",1,subbing in,,austin,"quinn,josh",,"['darst,daniel', 'galvin,owen', 'love,kerry', 'swift,dj', 'berry,bryce']","['hill,kameron', 'nickens,zachary', 'garrett,josh', 'hogan,kam', 'holland,michael', 'quinn,josh']",942
117,5292,Austin,Rhodes,0,120-103,"41,62","62,58",2-5,4-2,N/A,N/A,12/02/17,2:00 PM,N/A,Hughey Gym,Lose,2,False,209,False,15:42,,13 ,,3,"SUB IN by MERCADEL,JUSTICE",,,"SUB IN by MERCADEL,JUSTICE",1,subbing in,,austin,"mercadel,justice",,"['darst,daniel', 'galvin,owen', 'love,kerry', 'swift,dj', 'berry,bryce']","['hill,kameron', 'nickens,zachary', 'garrett,josh', 'hogan,kam', 'holland,michael', 'quinn,josh', 'mercadel,justice']",942
118,5292,Austin,Rhodes,0,120-103,"41,62","62,58",2-5,4-2,N/A,N/A,12/02/17,2:00 PM,N/A,Hughey Gym,Lose,2,False,209,False,15:42,,13 ,,3,"SUB OUT by GARRETT,JOSH",,,"SUB OUT by GARRETT,JOSH",1,subbing out,,austin,"garrett,josh",,"['darst,daniel', 'galvin,owen', 'love,kerry', 'swift,dj', 'berry,bryce']","['hill,kameron', 'nickens,zachary', 'hogan,kam', 'holland,michael', 'quinn,josh', 'mercadel,justice']",942
119,5292,Austin,Rhodes,0,120-103,"41,62","62,58",2-5,4-2,N/A,N/A,12/02/17,2:00 PM,N/A,Hughey Gym,Lose,2,False,209,False,15:42,,13 ,,3,"SUB OUT by HILL,KAMERON",,,"SUB OUT by HILL,KAMERON",1,subbing out,,austin,"hill,kameron",,"['darst,daniel', 'galvin,owen', 'love,kerry', 'swift,dj', 'berry,bryce']","['nickens,zachary', 'hogan,kam', 'holland,michael', 'quinn,josh', 'mercadel,justice']",942
120,5292,Austin,Rhodes,0,120-103,"41,62","62,58",2-5,4-2,N/A,N/A,12/02/17,2:00 PM,N/A,Hughey Gym,Lose,2,False,209,False,15:30,"MISS 3PTR by BERRY,BRYCE",13 ,,3,,,,"MISS 3PTR by BERRY,BRYCE",1,three pointer,missed,rhodes,"berry,bryce",,"['darst,daniel', 'galvin,owen', 'love,kerry', 'swift,dj', 'berry,bryce']","['nickens,zachary', 'hogan,kam', 'holland,michael', 'quinn,josh', 'mercadel,justice']",930
121,5292,Austin,Rhodes,0,120-103,"41,62","62,58",2-5,4-2,N/A,N/A,12/02/17,2:00 PM,N/A,Hughey Gym,Lose,2,False,209,False,--,,13 ,,3,"REBOUND DEF by NICKENS,ZACHARY",,,"REBOUND DEF by NICKENS,ZACHARY",1,defensive rebound,,austin,"nickens,zachary",,"['darst,daniel', 'galvin,owen', 'love,kerry', 'swift,dj', 'berry,bryce']","['nickens,zachary', 'hogan,kam', 'holland,michael', 'quinn,josh', 'mercadel,justice']",
122,5292,Austin,Rhodes,0,120-103,"41,62","62,58",2-5,4-2,N/A,N/A,12/02/17,2:00 PM,N/A,Hughey Gym,Lose,2,False,209,False,15:14,,13 ,,5,"GOOD JUMPER by QUINN,JOSH",ACM 13-5 (+8),,"GOOD JUMPER by QUINN,JOSH",1,jumper,good,austin,"quinn,josh",2,"['darst,daniel', 'galvin,owen', 'love,kerry', 'swift,dj', 'berry,bryce']","['nickens,zachary', 'hogan,kam', 'holland,michael', 'quinn,josh', 'mercadel,justice']",914
123,5292,Austin,Rhodes,0,120-103,"41,62","62,58",2-5,4-2,N/A,N/A,12/02/17,2:00 PM,N/A,Hughey Gym,Lose,2,False,209,False,--,,13 ,,5,"ASSIST  by HOGAN,KAM",,,"ASSIST  by HOGAN,KAM",1,assist,,austin,"hogan,kam",,"['darst,daniel', 'galvin,owen', 'love,kerry', 'swift,dj', 'berry,bryce']","['nickens,zachary', 'hogan,kam', 'holland,michael', 'quinn,josh', 'mercadel,justice']",
124,5292,Austin,Rhodes,0,120-103,"41,62","62,58",2-5,4-2,N/A,N/A,12/02/17,2:00 PM,N/A,Hughey Gym,Lose,2,False,209,False,14:51,"GOOD LAYUP by BERRY,BRYCE(in the paint)",15 ,,5,,RHODES 15-5 (+10),,"GOOD LAYUP by BERRY,BRYCE(in the paint)",1,layup,good,rhodes,"berry,bryce",2,"['darst,daniel', 'galvin,owen', 'love,kerry', 'swift,dj', 'berry,bryce']","['nickens,zachary', 'hogan,kam', 'holland,michael', 'quinn,josh', 'mercadel,justice']",891
125,5292,Austin,Rhodes,0,120-103,"41,62","62,58",2-5,4-2,N/A,N/A,12/02/17,2:00 PM,N/A,Hughey Gym,Lose,2,False,209,False,14:43,"FOUL  by BERRY,BRYCE",15 ,,5,,,,"FOUL  by BERRY,BRYCE",1,foul,,rhodes,"berry,bryce",,"['darst,daniel', 'galvin,owen', 'love,kerry', 'swift,dj', 'berry,bryce']","['nickens,zachary', 'hogan,kam', 'holland,michael', 'quinn,josh', 'mercadel,justice']",883
126,5292,Austin,Rhodes,0,120-103,"41,62","62,58",2-5,4-2,N/A,N/A,12/02/17,2:00 PM,N/A,Hughey Gym,Lose,2,False,209,False,14:43,,15 ,,6,"GOOD FT by HOLLAND,MICHAEL",ACM 15-6 (+9),,"GOOD FT by HOLLAND,MICHAEL",1,free throw,good,austin,"holland,michael",1,"['darst,daniel', 'galvin,owen', 'love,kerry', 'swift,dj', 'berry,bryce']","['nickens,zachary', 'hogan,kam', 'holland,michael', 'quinn,josh', 'mercadel,justice']",883
127,5292,Austin,Rhodes,0,120-103,"41,62","62,58",2-5,4-2,N/A,N/A,12/02/17,2:00 PM,N/A,Hughey Gym,Lose,2,False,209,False,14:43,,15 ,,7,"GOOD FT by HOLLAND,MICHAEL",ACM 15-7 (+8),,"GOOD FT by HOLLAND,MICHAEL",1,free throw,good,austin,"holland,michael",1,"['darst,daniel', 'galvin,owen', 'love,kerry', 'swift,dj', 'berry,bryce']","['nickens,zachary', 'hogan,kam', 'holland,michael', 'quinn,josh', 'mercadel,justice']",883
128,5292,Austin,Rhodes,0,120-103,"41,62","62,58",2-5,4-2,N/A,N/A,12/02/17,2:00 PM,N/A,Hughey Gym,Lose,2,False,209,False,14:43,"SUB IN by DALTON,PRICE",15 ,,7,,,,"SUB IN by DALTON,PRICE",1,subbing in,,rhodes,"dalton,price",,"['darst,daniel', 'galvin,owen', 'love,kerry', 'swift,dj', 'berry,bryce', 'dalton,price']","['nickens,zachary', 'hogan,kam', 'holland,michael', 'quinn,josh', 'mercadel,justice']",883
129,5292,Austin,Rhodes,0,120-103,"41,62","62,58",2-5,4-2,N/A,N/A,12/02/17,2:00 PM,N/A,Hughey Gym,Lose,2,False,209,False,14:43,"SUB IN by MCINTYRE,WILLIAM",15 ,,7,,,,"SUB IN by MCINTYRE,WILLIAM",1,subbing in,,rhodes,"mcintyre,william",,"['darst,daniel', 'galvin,owen', 'love,kerry', 'swift,dj', 'berry,bryce', 'dalton,price', 'mcintyre,william']","['nickens,zachary', 'hogan,kam', 'holland,michael', 'quinn,josh', 'mercadel,justice']",883
130,5292,Austin,Rhodes,0,120-103,"41,62","62,58",2-5,4-2,N/A,N/A,12/02/17,2:00 PM,N/A,Hughey Gym,Lose,2,False,209,False,14:43,"SUB IN by NESTLEHUTT,JAKE",15 ,,7,,,,"SUB IN by NESTLEHUTT,JAKE",1,subbing in,,rhodes,"nestlehutt,jake",,"['darst,daniel', 'galvin,owen', 'love,kerry', 'swift,dj', 'berry,bryce', 'dalton,price', 'mcintyre,william', 'nestlehutt,jake']","['nickens,zachary', 'hogan,kam', 'holland,michael', 'quinn,josh', 'mercadel,justice']",883
131,5292,Austin,Rhodes,0,120-103,"41,62","62,58",2-5,4-2,N/A,N/A,12/02/17,2:00 PM,N/A,Hughey Gym,Lose,2,False,209,False,14:43,"SUB IN by ASHBY,KENDRICK",15 ,,7,,,,"SUB IN by ASHBY,KENDRICK",1,subbing in,,rhodes,"ashby,kendrick",,"['darst,daniel', 'galvin,owen', 'love,kerry', 'swift,dj', 'berry,bryce', 'dalton,price', 'mcintyre,william', 'nestlehutt,jake', 'ashby,kendrick']","['nickens,zachary', 'hogan,kam', 'holland,michael', 'quinn,josh', 'mercadel,justice']",883
132,5292,Austin,Rhodes,0,120-103,"41,62","62,58",2-5,4-2,N/A,N/A,12/02/17,2:00 PM,N/A,Hughey Gym,Lose,2,False,209,False,14:43,"SUB IN by NYAWATA,ANESU",15 ,,7,,,,"SUB IN by NYAWATA,ANESU",1,subbing in,,rhodes,"nyawata,anesu",,"['darst,daniel', 'galvin,owen', 'love,kerry', 'swift,dj', 'berry,bryce', 'dalton,price', 'mcintyre,william', 'nestlehutt,jake', 'ashby,kendrick', 'nyawata,anesu']","['nickens,zachary', 'hogan,kam', 'holland,michael', 'quinn,josh', 'mercadel,justice']",883
133,5292,Austin,Rhodes,0,120-103,"41,62","62,58",2-5,4-2,N/A,N/A,12/02/17,2:00 PM,N/A,Hughey Gym,Lose,2,False,209,False,14:43,"SUB OUT by LOVE,KERRY",15 ,,7,,,,"SUB OUT by LOVE,KERRY",1,subbing out,,rhodes,"love,kerry",,"['darst,daniel', 'galvin,owen', 'swift,dj', 'berry,bryce', 'dalton,price', 'mcintyre,william', 'nestlehutt,jake', 'ashby,kendrick', 'nyawata,anesu']","['nickens,zachary', 'hogan,kam', 'holland,michael', 'quinn,josh', 'mercadel,justice']",883
134,5292,Austin,Rhodes,0,120-103,"41,62","62,58",2-5,4-2,N/A,N/A,12/02/17,2:00 PM,N/A,Hughey Gym,Lose,2,False,209,False,14:43,"SUB OUT by GALVIN,OWEN",15 ,,7,,,,"SUB OUT by GALVIN,OWEN",1,subbing out,,rhodes,"galvin,owen",,"['darst,daniel', 'swift,dj', 'berry,bryce', 'dalton,price', 'mcintyre,william', 'nestlehutt,jake', 'ashby,kendrick', 'nyawata,anesu']","['nickens,zachary', 'hogan,kam', 'holland,michael', 'quinn,josh', 'mercadel,justice']",883
135,5292,Austin,Rhodes,0,120-103,"41,62","62,58",2-5,4-2,N/A,N/A,12/02/17,2:00 PM,N/A,Hughey Gym,Lose,2,False,209,False,14:43,"SUB OUT by SWIFT,DJ",15 ,,7,,,,"SUB OUT by SWIFT,DJ",1,subbing out,,rhodes,"swift,dj",,"['darst,daniel', 'berry,bryce', 'dalton,price', 'mcintyre,william', 'nestlehutt,jake', 'ashby,kendrick', 'nyawata,anesu']","['nickens,zachary', 'hogan,kam', 'holland,michael', 'quinn,josh', 'mercadel,justice']",883
136,5292,Austin,Rhodes,0,120-103,"41,62","62,58",2-5,4-2,N/A,N/A,12/02/17,2:00 PM,N/A,Hughey Gym,Lose,2,False,209,False,14:43,"SUB OUT by DARST,DANIEL",15 ,,7,,,,"SUB OUT by DARST,DANIEL",1,subbing out,,rhodes,"darst,daniel",,"['berry,bryce', 'dalton,price', 'mcintyre,william', 'nestlehutt,jake', 'ashby,kendrick', 'nyawata,anesu']","['nickens,zachary', 'hogan,kam', 'holland,michael', 'quinn,josh', 'mercadel,justice']",883
137,5292,Austin,Rhodes,0,120-103,"41,62","62,58",2-5,4-2,N/A,N/A,12/02/17,2:00 PM,N/A,Hughey Gym,Lose,2,False,209,False,14:43,"SUB OUT by BERRY,BRYCE",15 ,,7,,,,"SUB OUT by BERRY,BRYCE",1,subbing out,,rhodes,"berry,bryce",,"['dalton,price', 'mcintyre,william', 'nestlehutt,jake', 'ashby,kendrick', 'nyawata,anesu']","['nickens,zachary', 'hogan,kam', 'holland,michael', 'quinn,josh', 'mercadel,justice']",883
138,5292,Austin,Rhodes,0,120-103,"41,62","62,58",2-5,4-2,N/A,N/A,12/02/17,2:00 PM,N/A,Hughey Gym,Lose,2,False,209,False,14:43,,15 ,,7,"SUB IN by NICKENS,ZACHARY",,,"SUB IN by NICKENS,ZACHARY",1,subbing in,,austin,"nickens,zachary",,"['dalton,price', 'mcintyre,william', 'nestlehutt,jake', 'ashby,kendrick', 'nyawata,anesu']","['nickens,zachary', 'hogan,kam', 'holland,michael', 'quinn,josh', 'mercadel,justice']",883
139,5292,Austin,Rhodes,0,120-103,"41,62","62,58",2-5,4-2,N/A,N/A,12/02/17,2:00 PM,N/A,Hughey Gym,Lose,2,False,209,False,14:43,,15 ,,7,"SUB IN by HILL,KAMERON",,,"SUB IN by HILL,KAMERON",1,subbing in,,austin,"hill,kameron",,"['dalton,price', 'mcintyre,william', 'nestlehutt,jake', 'ashby,kendrick', 'nyawata,anesu']","['nickens,zachary', 'hogan,kam', 'holland,michael', 'quinn,josh', 'mercadel,justice']",883
140,5292,Austin,Rhodes,0,120-103,"41,62","62,58",2-5,4-2,N/A,N/A,12/02/17,2:00 PM,N/A,Hughey Gym,Lose,2,False,209,False,14:43,,15 ,,7,"SUB OUT by HOLLAND,MICHAEL",,,"SUB OUT by HOLLAND,MICHAEL",1,subbing out,,austin,"holland,michael",,"['dalton,price', 'mcintyre,william', 'nestlehutt,jake', 'ashby,kendrick', 'nyawata,anesu']","['nickens,zachary', 'hogan,kam', 'quinn,josh', 'mercadel,justice']",883
141,5292,Austin,Rhodes,0,120-103,"41,62","62,58",2-5,4-2,N/A,N/A,12/02/17,2:00 PM,N/A,Hughey Gym,Lose,2,False,209,False,14:43,,15 ,,7,"SUB OUT by NICKENS,ZACHARY",,,"SUB OUT by NICKENS,ZACHARY",1,subbing out,,austin,"nickens,zachary",,"['dalton,price', 'mcintyre,william', 'nestlehutt,jake', 'ashby,kendrick', 'nyawata,anesu']","['hogan,kam', 'quinn,josh', 'mercadel,justice']",883
142,5292,Austin,Rhodes,0,120-103,"41,62","62,58",2-5,4-2,N/A,N/A,12/02/17,2:00 PM,N/A,Hughey Gym,Lose,2,False,209,False,14:36,,15 ,,7,"FOUL  by MERCADEL,JUSTICE",,,"FOUL  by MERCADEL,JUSTICE",1,foul,,austin,"mercadel,justice",,"['dalton,price', 'mcintyre,william', 'nestlehutt,jake', 'ashby,kendrick', 'nyawata,anesu']","['hogan,kam', 'quinn,josh', 'mercadel,justice']",876
143,5292,Austin,Rhodes,0,120-103,"41,62","62,58",2-5,4-2,N/A,N/A,12/02/17,2:00 PM,N/A,Hughey Gym,Lose,2,False,209,False,14:33,"GOOD LAYUP by DALTON,PRICE(in the paint)",17 ,,7,,RHODES 17-7 (+10),,"GOOD LAYUP by DALTON,PRICE(in the paint)",1,layup,good,rhodes,"dalton,price",2,"['dalton,price', 'mcintyre,william', 'nestlehutt,jake', 'ashby,kendrick', 'nyawata,anesu']","['hogan,kam', 'quinn,josh', 'mercadel,justice']",873
144,5292,Austin,Rhodes,0,120-103,"41,62","62,58",2-5,4-2,N/A,N/A,12/02/17,2:00 PM,N/A,Hughey Gym,Lose,2,False,209,False,--,"ASSIST  by MCINTYRE,WILLIAM",17 ,,7,,,,"ASSIST  by MCINTYRE,WILLIAM",1,assist,,rhodes,"mcintyre,william",,"['dalton,price', 'mcintyre,william', 'nestlehutt,jake', 'ashby,kendrick', 'nyawata,anesu']","['hogan,kam', 'quinn,josh', 'mercadel,justice']",
145,5292,Austin,Rhodes,0,120-103,"41,62","62,58",2-5,4-2,N/A,N/A,12/02/17,2:00 PM,N/A,Hughey Gym,Lose,2,False,209,False,14:26,,17 ,,7,"TURNOVER  by HILL,KAMERON",,,"TURNOVER  by HILL,KAMERON",1,turnover,,austin,"hill,kameron",,"['dalton,price', 'mcintyre,william', 'nestlehutt,jake', 'ashby,kendrick', 'nyawata,anesu']","['hogan,kam', 'quinn,josh', 'mercadel,justice']",866
146,5292,Austin,Rhodes,0,120-103,"41,62","62,58",2-5,4-2,N/A,N/A,12/02/17,2:00 PM,N/A,Hughey Gym,Lose,2,False,209,False,14:26,,17 ,,7,"SUB IN by HARDWICK,JOSH",,,"SUB IN by HARDWICK,JOSH",1,subbing in,,austin,"hardwick,josh",,"['dalton,price', 'mcintyre,william', 'nestlehutt,jake', 'ashby,kendrick', 'nyawata,anesu']","['hogan,kam', 'quinn,josh', 'mercadel,justice', 'hardwick,josh']",866
147,5292,Austin,Rhodes,0,120-103,"41,62","62,58",2-5,4-2,N/A,N/A,12/02/17,2:00 PM,N/A,Hughey Gym,Lose,2,False,209,False,14:26,,17 ,,7,"SUB OUT by HOGAN,KAM",,,"SUB OUT by HOGAN,KAM",1,subbing out,,austin,"hogan,kam",,"['dalton,price', 'mcintyre,william', 'nestlehutt,jake', 'ashby,kendrick', 'nyawata,anesu']","['quinn,josh', 'mercadel,justice', 'hardwick,josh']",866
148,5292,Austin,Rhodes,0,120-103,"41,62","62,58",2-5,4-2,N/A,N/A,12/02/17,2:00 PM,N/A,Hughey Gym,Lose,2,False,209,False,14:23,"MISS 3PTR by NYAWATA,ANESU",17 ,,7,,,,"MISS 3PTR by NYAWATA,ANESU",1,three pointer,missed,rhodes,"nyawata,anesu",,"['dalton,price', 'mcintyre,william', 'nestlehutt,jake', 'ashby,kendrick', 'nyawata,anesu']","['quinn,josh', 'mercadel,justice', 'hardwick,josh']",863
149,5292,Austin,Rhodes,0,120-103,"41,62","62,58",2-5,4-2,N/A,N/A,12/02/17,2:00 PM,N/A,Hughey Gym,Lose,2,False,209,False,--,,17 ,,7,"REBOUND DEF by HILL,KAMERON",,,"REBOUND DEF by HILL,KAMERON",1,defensive rebound,,austin,"hill,kameron",,"['dalton,price', 'mcintyre,william', 'nestlehutt,jake', 'ashby,kendrick', 'nyawata,anesu']","['quinn,josh', 'mercadel,justice', 'hardwick,josh']",
150,5292,Austin,Rhodes,0,120-103,"41,62","62,58",2-5,4-2,N/A,N/A,12/02/17,2:00 PM,N/A,Hughey Gym,Lose,2,False,209,False,14:11,,17 ,,9,"GOOD DUNK by NICKENS,ZACHARY(in the paint)",ACM 17-9 (+8),,"GOOD DUNK by NICKENS,ZACHARY(in the paint)",1,dunk,good,austin,,2,"['dalton,price', 'mcintyre,william', 'nestlehutt,jake', 'ashby,kendrick', 'nyawata,anesu']","['quinn,josh', 'mercadel,justice', 'hardwick,josh']",851
151,5292,Austin,Rhodes,0,120-103,"41,62","62,58",2-5,4-2,N/A,N/A,12/02/17,2:00 PM,N/A,Hughey Gym,Lose,2,False,209,False,--,,17 ,,9,"ASSIST  by QUINN,JOSH",,,"ASSIST  by QUINN,JOSH",1,assist,,austin,"quinn,josh",,"['dalton,price', 'mcintyre,william', 'nestlehutt,jake', 'ashby,kendrick', 'nyawata,anesu']","['quinn,josh', 'mercadel,justice', 'hardwick,josh']",
152,5292,Austin,Rhodes,0,120-103,"41,62","62,58",2-5,4-2,N/A,N/A,12/02/17,2:00 PM,N/A,Hughey Gym,Lose,2,False,209,False,14:05,"TURNOVER  by NYAWATA,ANESU",17 ,,9,,,,"TURNOVER  by NYAWATA,ANESU",1,turnover,,rhodes,"nyawata,anesu",,"['dalton,price', 'mcintyre,william', 'nestlehutt,jake', 'ashby,kendrick', 'nyawata,anesu']","['quinn,josh', 'mercadel,justice', 'hardwick,josh']",845
153,5292,Austin,Rhodes,0,120-103,"41,62","62,58",2-5,4-2,N/A,N/A,12/02/17,2:00 PM,N/A,Hughey Gym,Lose,2,False,209,False,14:04,,17 ,,9,"STEAL  by MERCADEL,JUSTICE",,,"STEAL  by MERCADEL,JUSTICE",1,steal,,austin,,,"['dalton,price', 'mcintyre,william', 'nestlehutt,jake', 'ashby,kendrick', 'nyawata,anesu']","['quinn,josh', 'mercadel,justice', 'hardwick,josh']",844
154,5292,Austin,Rhodes,0,120-103,"41,62","62,58",2-5,4-2,N/A,N/A,12/02/17,2:00 PM,N/A,Hughey Gym,Lose,2,False,209,False,14:00,,17 ,,11,"GOOD DUNK by MERCADEL,JUSTICE(fastbreak)(in the paint)",ACM 17-11 (+6),,"GOOD DUNK by MERCADEL,JUSTICE(fastbreak)(in the paint)",1,dunk,good,austin,,2,"['dalton,price', 'mcintyre,william', 'nestlehutt,jake', 'ashby,kendrick', 'nyawata,anesu']","['quinn,josh', 'mercadel,justice', 'hardwick,josh']",840
155,5292,Austin,Rhodes,0,120-103,"41,62","62,58",2-5,4-2,N/A,N/A,12/02/17,2:00 PM,N/A,Hughey Gym,Lose,2,False,209,False,13:47,"GOOD 3PTR by DALTON,PRICE",20 ,,11,,RHODES 20-11 (+9),,"GOOD 3PTR by DALTON,PRICE",1,three pointer,good,rhodes,"dalton,price",3,"['dalton,price', 'mcintyre,william', 'nestlehutt,jake', 'ashby,kendrick', 'nyawata,anesu']","['quinn,josh', 'mercadel,justice', 'hardwick,josh']",827
156,5292,Austin,Rhodes,0,120-103,"41,62","62,58",2-5,4-2,N/A,N/A,12/02/17,2:00 PM,N/A,Hughey Gym,Lose,2,False,209,False,--,"ASSIST  by MCINTYRE,WILLIAM",20 ,,11,,,,"ASSIST  by MCINTYRE,WILLIAM",1,assist,,rhodes,"mcintyre,william",,"['dalton,price', 'mcintyre,william', 'nestlehutt,jake', 'ashby,kendrick', 'nyawata,anesu']","['quinn,josh', 'mercadel,justice', 'hardwick,josh']",
157,5292,Austin,Rhodes,0,120-103,"41,62","62,58",2-5,4-2,N/A,N/A,12/02/17,2:00 PM,N/A,Hughey Gym,Lose,2,False,209,False,13:39,,20 ,,11,TIMEOUT 30SEC by TEAM,,,TIMEOUT 30SEC by TEAM,1,timeout,,austin,,,"['dalton,price', 'mcintyre,william', 'nestlehutt,jake', 'ashby,kendrick', 'nyawata,anesu']","['quinn,josh', 'mercadel,justice', 'hardwick,josh']",819
158,5292,Austin,Rhodes,0,120-103,"41,62","62,58",2-5,4-2,N/A,N/A,12/02/17,2:00 PM,N/A,Hughey Gym,Lose,2,False,209,False,13:39,"SUB IN by GIROUX,PRESTON",20 ,,11,,,,"SUB IN by GIROUX,PRESTON",1,subbing in,,rhodes,"giroux,preston",,"['dalton,price', 'mcintyre,william', 'nestlehutt,jake', 'ashby,kendrick', 'nyawata,anesu', 'giroux,preston']","['quinn,josh', 'mercadel,justice', 'hardwick,josh']",819
159,5292,Austin,Rhodes,0,120-103,"41,62","62,58",2-5,4-2,N/A,N/A,12/02/17,2:00 PM,N/A,Hughey Gym,Lose,2,False,209,False,13:39,"SUB IN by SAMSON,VAUGHN",20 ,,11,,,,"SUB IN by SAMSON,VAUGHN",1,subbing in,,rhodes,"samson,vaughn",,"['dalton,price', 'mcintyre,william', 'nestlehutt,jake', 'ashby,kendrick', 'nyawata,anesu', 'giroux,preston', 'samson,vaughn']","['quinn,josh', 'mercadel,justice', 'hardwick,josh']",819
160,5292,Austin,Rhodes,0,120-103,"41,62","62,58",2-5,4-2,N/A,N/A,12/02/17,2:00 PM,N/A,Hughey Gym,Lose,2,False,209,False,13:39,"SUB IN by FERIA,NICK DE",20 ,,11,,,,"SUB IN by FERIA,NICK DE",1,subbing in,,rhodes,"feria,nick de",,"['dalton,price', 'mcintyre,william', 'nestlehutt,jake', 'ashby,kendrick', 'nyawata,anesu', 'giroux,preston', 'samson,vaughn', 'feria,nick de']","['quinn,josh', 'mercadel,justice', 'hardwick,josh']",819
161,5292,Austin,Rhodes,0,120-103,"41,62","62,58",2-5,4-2,N/A,N/A,12/02/17,2:00 PM,N/A,Hughey Gym,Lose,2,False,209,False,13:39,"SUB IN by EVANS,ANDREW",20 ,,11,,,,"SUB IN by EVANS,ANDREW",1,subbing in,,rhodes,"evans,andrew",,"['dalton,price', 'mcintyre,william', 'nestlehutt,jake', 'ashby,kendrick', 'nyawata,anesu', 'giroux,preston', 'samson,vaughn', 'feria,nick de', 'evans,andrew']","['quinn,josh', 'mercadel,justice', 'hardwick,josh']",819
162,5292,Austin,Rhodes,0,120-103,"41,62","62,58",2-5,4-2,N/A,N/A,12/02/17,2:00 PM,N/A,Hughey Gym,Lose,2,False,209,False,13:39,"SUB IN by WEATHERFORD,MITCH",20 ,,11,,,,"SUB IN by WEATHERFORD,MITCH",1,subbing in,,rhodes,"weatherford,mitch",,"['dalton,price', 'mcintyre,william', 'nestlehutt,jake', 'ashby,kendrick', 'nyawata,anesu', 'giroux,preston', 'samson,vaughn', 'feria,nick de', 'evans,andrew', 'weatherford,mitch']","['quinn,josh', 'mercadel,justice', 'hardwick,josh']",819
163,5292,Austin,Rhodes,0,120-103,"41,62","62,58",2-5,4-2,N/A,N/A,12/02/17,2:00 PM,N/A,Hughey Gym,Lose,2,False,209,False,13:39,"SUB OUT by ASHBY,KENDRICK",20 ,,11,,,,"SUB OUT by ASHBY,KENDRICK",1,subbing out,,rhodes,"ashby,kendrick",,"['dalton,price', 'mcintyre,william', 'nestlehutt,jake', 'nyawata,anesu', 'giroux,preston', 'samson,vaughn', 'feria,nick de', 'evans,andrew', 'weatherford,mitch']","['quinn,josh', 'mercadel,justice', 'hardwick,josh']",819
164,5292,Austin,Rhodes,0,120-103,"41,62","62,58",2-5,4-2,N/A,N/A,12/02/17,2:00 PM,N/A,Hughey Gym,Lose,2,False,209,False,13:39,"SUB OUT by MCINTYRE,WILLIAM",20 ,,11,,,,"SUB OUT by MCINTYRE,WILLIAM",1,subbing out,,rhodes,"mcintyre,william",,"['dalton,price', 'nestlehutt,jake', 'nyawata,anesu', 'giroux,preston', 'samson,vaughn', 'feria,nick de', 'evans,andrew', 'weatherford,mitch']","['quinn,josh', 'mercadel,justice', 'hardwick,josh']",819
165,5292,Austin,Rhodes,0,120-103,"41,62","62,58",2-5,4-2,N/A,N/A,12/02/17,2:00 PM,N/A,Hughey Gym,Lose,2,False,209,False,13:39,"SUB OUT by NESTLEHUTT,JAKE",20 ,,11,,,,"SUB OUT by NESTLEHUTT,JAKE",1,subbing out,,rhodes,"nestlehutt,jake",,"['dalton,price', 'nyawata,anesu', 'giroux,preston', 'samson,vaughn', 'feria,nick de', 'evans,andrew', 'weatherford,mitch']","['quinn,josh', 'mercadel,justice', 'hardwick,josh']",819
166,5292,Austin,Rhodes,0,120-103,"41,62","62,58",2-5,4-2,N/A,N/A,12/02/17,2:00 PM,N/A,Hughey Gym,Lose,2,False,209,False,13:39,"SUB OUT by NYAWATA,ANESU",20 ,,11,,,,"SUB OUT by NYAWATA,ANESU",1,subbing out,,rhodes,"nyawata,anesu",,"['dalton,price', 'giroux,preston', 'samson,vaughn', 'feria,nick de', 'evans,andrew', 'weatherford,mitch']","['quinn,josh', 'mercadel,justice', 'hardwick,josh']",819
167,5292,Austin,Rhodes,0,120-103,"41,62","62,58",2-5,4-2,N/A,N/A,12/02/17,2:00 PM,N/A,Hughey Gym,Lose,2,False,209,False,13:39,"SUB OUT by DALTON,PRICE",20 ,,11,,,,"SUB OUT by DALTON,PRICE",1,subbing out,,rhodes,"dalton,price",,"['giroux,preston', 'samson,vaughn', 'feria,nick de', 'evans,andrew', 'weatherford,mitch']","['quinn,josh', 'mercadel,justice', 'hardwick,josh']",819
168,5292,Austin,Rhodes,0,120-103,"41,62","62,58",2-5,4-2,N/A,N/A,12/02/17,2:00 PM,N/A,Hughey Gym,Lose,2,False,209,False,13:30,,20 ,,11,"MISS 3PTR by HARDWICK,JOSH",,,"MISS 3PTR by HARDWICK,JOSH",1,three pointer,missed,austin,"hardwick,josh",,"['giroux,preston', 'samson,vaughn', 'feria,nick de', 'evans,andrew', 'weatherford,mitch']","['quinn,josh', 'mercadel,justice', 'hardwick,josh']",810
169,5292,Austin,Rhodes,0,120-103,"41,62","62,58",2-5,4-2,N/A,N/A,12/02/17,2:00 PM,N/A,Hughey Gym,Lose,2,False,209,False,--,"REBOUND DEF by SAMSON,VAUGHN",20 ,,11,,,,"REBOUND DEF by SAMSON,VAUGHN",1,defensive rebound,,rhodes,"samson,vaughn",,"['giroux,preston', 'samson,vaughn', 'feria,nick de', 'evans,andrew', 'weatherford,mitch']","['quinn,josh', 'mercadel,justice', 'hardwick,josh']",
170,5292,Austin,Rhodes,0,120-103,"41,62","62,58",2-5,4-2,N/A,N/A,12/02/17,2:00 PM,N/A,Hughey Gym,Lose,2,False,209,False,13:19,"TURNOVER  by SAMSON,VAUGHN",20 ,,11,,,,"TURNOVER  by SAMSON,VAUGHN",1,turnover,,rhodes,"samson,vaughn",,"['giroux,preston', 'samson,vaughn', 'feria,nick de', 'evans,andrew', 'weatherford,mitch']","['quinn,josh', 'mercadel,justice', 'hardwick,josh']",799
171,5292,Austin,Rhodes,0,120-103,"41,62","62,58",2-5,4-2,N/A,N/A,12/02/17,2:00 PM,N/A,Hughey Gym,Lose,2,False,209,False,13:17,,20 ,,11,"STEAL  by HILL,KAMERON",,,"STEAL  by HILL,KAMERON",1,steal,,austin,,,"['giroux,preston', 'samson,vaughn', 'feria,nick de', 'evans,andrew', 'weatherford,mitch']","['quinn,josh', 'mercadel,justice', 'hardwick,josh']",797
172,5292,Austin,Rhodes,0,120-103,"41,62","62,58",2-5,4-2,N/A,N/A,12/02/17,2:00 PM,N/A,Hughey Gym,Lose,2,False,209,False,13:15,"FOUL  by GIROUX,PRESTON",20 ,,11,,,,"FOUL  by GIROUX,PRESTON",1,foul,,rhodes,"giroux,preston",,"['giroux,preston', 'samson,vaughn', 'feria,nick de', 'evans,andrew', 'weatherford,mitch']","['quinn,josh', 'mercadel,justice', 'hardwick,josh']",795
173,5292,Austin,Rhodes,0,120-103,"41,62","62,58",2-5,4-2,N/A,N/A,12/02/17,2:00 PM,N/A,Hughey Gym,Lose,2,False,209,False,13:15,,20 ,,12,"GOOD FT by HILL,KAMERON",ACM 20-12 (+8),,"GOOD FT by HILL,KAMERON",1,free throw,good,austin,"hill,kameron",1,"['giroux,preston', 'samson,vaughn', 'feria,nick de', 'evans,andrew', 'weatherford,mitch']","['quinn,josh', 'mercadel,justice', 'hardwick,josh']",795
174,5292,Austin,Rhodes,0,120-103,"41,62","62,58",2-5,4-2,N/A,N/A,12/02/17,2:00 PM,N/A,Hughey Gym,Lose,2,False,209,False,13:15,,20 ,,13,"GOOD FT by HILL,KAMERON",ACM 20-13 (+7),,"GOOD FT by HILL,KAMERON",1,free throw,good,austin,"hill,kameron",1,"['giroux,preston', 'samson,vaughn', 'feria,nick de', 'evans,andrew', 'weatherford,mitch']","['quinn,josh', 'mercadel,justice', 'hardwick,josh']",795
175,5292,Austin,Rhodes,0,120-103,"41,62","62,58",2-5,4-2,N/A,N/A,12/02/17,2:00 PM,N/A,Hughey Gym,Lose,2,False,209,False,13:15,,20 ,,13,"SUB IN by HOLLAND,MICHAEL",,,"SUB IN by HOLLAND,MICHAEL",1,subbing in,,austin,"holland,michael",,"['giroux,preston', 'samson,vaughn', 'feria,nick de', 'evans,andrew', 'weatherford,mitch']","['quinn,josh', 'mercadel,justice', 'hardwick,josh', 'holland,michael']",795
176,5292,Austin,Rhodes,0,120-103,"41,62","62,58",2-5,4-2,N/A,N/A,12/02/17,2:00 PM,N/A,Hughey Gym,Lose,2,False,209,False,13:15,,20 ,,13,"SUB IN by HOGAN,KAM",,,"SUB IN by HOGAN,KAM",1,subbing in,,austin,"hogan,kam",,"['giroux,preston', 'samson,vaughn', 'feria,nick de', 'evans,andrew', 'weatherford,mitch']","['quinn,josh', 'mercadel,justice', 'hardwick,josh', 'holland,michael', 'hogan,kam']",795
177,5292,Austin,Rhodes,0,120-103,"41,62","62,58",2-5,4-2,N/A,N/A,12/02/17,2:00 PM,N/A,Hughey Gym,Lose,2,False,209,False,13:15,,20 ,,13,"SUB OUT by HILL,KAMERON",,,"SUB OUT by HILL,KAMERON",1,subbing out,,austin,"hill,kameron",,"['giroux,preston', 'samson,vaughn', 'feria,nick de', 'evans,andrew', 'weatherford,mitch']","['quinn,josh', 'mercadel,justice', 'hardwick,josh', 'holland,michael', 'hogan,kam']",795
178,5292,Austin,Rhodes,0,120-103,"41,62","62,58",2-5,4-2,N/A,N/A,12/02/17,2:00 PM,N/A,Hughey Gym,Lose,2,False,209,False,13:15,,20 ,,13,"SUB OUT by HARDWICK,JOSH",,,"SUB OUT by HARDWICK,JOSH",1,subbing out,,austin,"hardwick,josh",,"['giroux,preston', 'samson,vaughn', 'feria,nick de', 'evans,andrew', 'weatherford,mitch']","['quinn,josh', 'mercadel,justice', 'hardwick,josh', 'holland,michael', 'hogan,kam']",795
179,5292,Austin,Rhodes,0,120-103,"41,62","62,58",2-5,4-2,N/A,N/A,12/02/17,2:00 PM,N/A,Hughey Gym,Lose,2,False,209,False,13:09,"MISS 3PTR by EVANS,ANDREW",20 ,,13,,,,"MISS 3PTR by EVANS,ANDREW",1,three pointer,missed,rhodes,"evans,andrew",,"['giroux,preston', 'samson,vaughn', 'feria,nick de', 'evans,andrew', 'weatherford,mitch']","['quinn,josh', 'mercadel,justice', 'hardwick,josh', 'holland,michael', 'hogan,kam']",789
180,5292,Austin,Rhodes,0,120-103,"41,62","62,58",2-5,4-2,N/A,N/A,12/02/17,2:00 PM,N/A,Hughey Gym,Lose,2,False,209,False,--,"REBOUND OFF by EVANS,ANDREW",20 ,,13,,,,"REBOUND OFF by EVANS,ANDREW",1,offensive rebound,,rhodes,"evans,andrew",,"['giroux,preston', 'samson,vaughn', 'feria,nick de', 'evans,andrew', 'weatherford,mitch']","['quinn,josh', 'mercadel,justice', 'hardwick,josh', 'holland,michael', 'hogan,kam']",
181,5292,Austin,Rhodes,0,120-103,"41,62","62,58",2-5,4-2,N/A,N/A,12/02/17,2:00 PM,N/A,Hughey Gym,Lose,2,False,209,False,13:04,"MISS LAYUP by EVANS,ANDREW",20 ,,13,,,,"MISS LAYUP by EVANS,ANDREW",1,layup,missed,rhodes,"evans,andrew",,"['giroux,preston', 'samson,vaughn', 'feria,nick de', 'evans,andrew', 'weatherford,mitch']","['quinn,josh', 'mercadel,justice', 'hardwick,josh', 'holland,michael', 'hogan,kam']",784
182,5292,Austin,Rhodes,0,120-103,"41,62","62,58",2-5,4-2,N/A,N/A,12/02/17,2:00 PM,N/A,Hughey Gym,Lose,2,False,209,False,--,REBOUND OFF by TEAM,20 ,,13,,,,REBOUND OFF by TEAM,1,offensive rebound,,rhodes,,,"['giroux,preston', 'samson,vaughn', 'feria,nick de', 'evans,andrew', 'weatherford,mitch']","['quinn,josh', 'mercadel,justice', 'hardwick,josh', 'holland,michael', 'hogan,kam']",
183,5292,Austin,Rhodes,0,120-103,"41,62","62,58",2-5,4-2,N/A,N/A,12/02/17,2:00 PM,N/A,Hughey Gym,Lose,2,False,209,False,13:02,,20 ,,13,"FOUL  by QUINN,JOSH",,,"FOUL  by QUINN,JOSH",1,foul,,austin,"quinn,josh",,"['giroux,preston', 'samson,vaughn', 'feria,nick de', 'evans,andrew', 'weatherford,mitch']","['quinn,josh', 'mercadel,justice', 'hardwick,josh', 'holland,michael', 'hogan,kam']",782
184,5292,Austin,Rhodes,0,120-103,"41,62","62,58",2-5,4-2,N/A,N/A,12/02/17,2:00 PM,N/A,Hughey Gym,Lose,2,False,209,False,13:01,"GOOD LAYUP by GIROUX,PRESTON(in the paint)",22 ,,13,,RHODES 22-13 (+9),,"GOOD LAYUP by GIROUX,PRESTON(in the paint)",1,layup,good,rhodes,"giroux,preston",2,"['giroux,preston', 'samson,vaughn', 'feria,nick de', 'evans,andrew', 'weatherford,mitch']","['quinn,josh', 'mercadel,justice', 'hardwick,josh', 'holland,michael', 'hogan,kam']",781
185,5292,Austin,Rhodes,0,120-103,"41,62","62,58",2-5,4-2,N/A,N/A,12/02/17,2:00 PM,N/A,Hughey Gym,Lose,2,False,209,False,--,"ASSIST  by WEATHERFORD,MITCH",22 ,,13,,,,"ASSIST  by WEATHERFORD,MITCH",1,assist,,rhodes,"weatherford,mitch",,"['giroux,preston', 'samson,vaughn', 'feria,nick de', 'evans,andrew', 'weatherford,mitch']","['quinn,josh', 'mercadel,justice', 'hardwick,josh', 'holland,michael', 'hogan,kam']",
186,5292,Austin,Rhodes,0,120-103,"41,62","62,58",2-5,4-2,N/A,N/A,12/02/17,2:00 PM,N/A,Hughey Gym,Lose,2,False,209,False,12:43,,22 ,,13,TURNOVER  by TEAM,,,TURNOVER  by TEAM,1,turnover,,austin,,,"['giroux,preston', 'samson,vaughn', 'feria,nick de', 'evans,andrew', 'weatherford,mitch']","['quinn,josh', 'mercadel,justice', 'hardwick,josh', 'holland,michael', 'hogan,kam']",763
187,5292,Austin,Rhodes,0,120-103,"41,62","62,58",2-5,4-2,N/A,N/A,12/02/17,2:00 PM,N/A,Hughey Gym,Lose,2,False,209,False,12:25,"GOOD 3PTR by SAMSON,VAUGHN",25 ,,13,,RHODES 25-13 (+12),,"GOOD 3PTR by SAMSON,VAUGHN",1,three pointer,good,rhodes,"samson,vaughn",3,"['giroux,preston', 'samson,vaughn', 'feria,nick de', 'evans,andrew', 'weatherford,mitch']","['quinn,josh', 'mercadel,justice', 'hardwick,josh', 'holland,michael', 'hogan,kam']",745
188,5292,Austin,Rhodes,0,120-103,"41,62","62,58",2-5,4-2,N/A,N/A,12/02/17,2:00 PM,N/A,Hughey Gym,Lose,2,False,209,False,--,"ASSIST  by GIROUX,PRESTON",25 ,,13,,,,"ASSIST  by GIROUX,PRESTON",1,assist,,rhodes,"giroux,preston",,"['giroux,preston', 'samson,vaughn', 'feria,nick de', 'evans,andrew', 'weatherford,mitch']","['quinn,josh', 'mercadel,justice', 'hardwick,josh', 'holland,michael', 'hogan,kam']",
189,5292,Austin,Rhodes,0,120-103,"41,62","62,58",2-5,4-2,N/A,N/A,12/02/17,2:00 PM,N/A,Hughey Gym,Lose,2,False,209,False,12:13,,25 ,,13,"TURNOVER  by QUINN,JOSH",,,"TURNOVER  by QUINN,JOSH",1,turnover,,austin,"quinn,josh",,"['giroux,preston', 'samson,vaughn', 'feria,nick de', 'evans,andrew', 'weatherford,mitch']","['quinn,josh', 'mercadel,justice', 'hardwick,josh', 'holland,michael', 'hogan,kam']",733
190,5292,Austin,Rhodes,0,120-103,"41,62","62,58",2-5,4-2,N/A,N/A,12/02/17,2:00 PM,N/A,Hughey Gym,Lose,2,False,209,False,12:12,"STEAL  by FERIA,NICK DE",25 ,,13,,,,"STEAL  by FERIA,NICK DE",1,steal,,rhodes,,,"['giroux,preston', 'samson,vaughn', 'feria,nick de', 'evans,andrew', 'weatherford,mitch']","['quinn,josh', 'mercadel,justice', 'hardwick,josh', 'holland,michael', 'hogan,kam']",732
191,5292,Austin,Rhodes,0,120-103,"41,62","62,58",2-5,4-2,N/A,N/A,12/02/17,2:00 PM,N/A,Hughey Gym,Lose,2,False,209,False,12:08,"TURNOVER  by SAMSON,VAUGHN",25 ,,13,,,,"TURNOVER  by SAMSON,VAUGHN",1,turnover,,rhodes,"samson,vaughn",,"['giroux,preston', 'samson,vaughn', 'feria,nick de', 'evans,andrew', 'weatherford,mitch']","['quinn,josh', 'mercadel,justice', 'hardwick,josh', 'holland,michael', 'hogan,kam']",728
192,5292,Austin,Rhodes,0,120-103,"41,62","62,58",2-5,4-2,N/A,N/A,12/02/17,2:00 PM,N/A,Hughey Gym,Lose,2,False,209,False,12:08,,25 ,,13,"STEAL  by HOGAN,KAM",,,"STEAL  by HOGAN,KAM",1,steal,,austin,,,"['giroux,preston', 'samson,vaughn', 'feria,nick de', 'evans,andrew', 'weatherford,mitch']","['quinn,josh', 'mercadel,justice', 'hardwick,josh', 'holland,michael', 'hogan,kam']",728
193,5292,Austin,Rhodes,0,120-103,"41,62","62,58",2-5,4-2,N/A,N/A,12/02/17,2:00 PM,N/A,Hughey Gym,Lose,2,False,209,False,12:05,,25 ,,13,"MISS LAYUP by HOGAN,KAM",,,"MISS LAYUP by HOGAN,KAM",1,layup,missed,austin,"hogan,kam",,"['giroux,preston', 'samson,vaughn', 'feria,nick de', 'evans,andrew', 'weatherford,mitch']","['quinn,josh', 'mercadel,justice', 'hardwick,josh', 'holland,michael', 'hogan,kam']",725
194,5292,Austin,Rhodes,0,120-103,"41,62","62,58",2-5,4-2,N/A,N/A,12/02/17,2:00 PM,N/A,Hughey Gym,Lose,2,False,209,False,--,,25 ,,13,"REBOUND OFF by HOLLAND,MICHAEL",,,"REBOUND OFF by HOLLAND,MICHAEL",1,offensive rebound,,austin,"holland,michael",,"['giroux,preston', 'samson,vaughn', 'feria,nick de', 'evans,andrew', 'weatherford,mitch']","['quinn,josh', 'mercadel,justice', 'hardwick,josh', 'holland,michael', 'hogan,kam']",
195,5292,Austin,Rhodes,0,120-103,"41,62","62,58",2-5,4-2,N/A,N/A,12/02/17,2:00 PM,N/A,Hughey Gym,Lose,2,False,209,False,12:04,"FOUL  by GIROUX,PRESTON",25 ,,13,,,,"FOUL  by GIROUX,PRESTON",1,foul,,rhodes,"giroux,preston",,"['giroux,preston', 'samson,vaughn', 'feria,nick de', 'evans,andrew', 'weatherford,mitch']","['quinn,josh', 'mercadel,justice', 'hardwick,josh', 'holland,michael', 'hogan,kam']",724
196,5292,Austin,Rhodes,0,120-103,"41,62","62,58",2-5,4-2,N/A,N/A,12/02/17,2:00 PM,N/A,Hughey Gym,Lose,2,False,209,False,12:04,,25 ,,15,"GOOD TIPIN by HOLLAND,MICHAEL(in the paint)",ACM 25-15 (+10),,"GOOD TIPIN by HOLLAND,MICHAEL(in the paint)",1,tipin,good,austin,"holland,michael",2,"['giroux,preston', 'samson,vaughn', 'feria,nick de', 'evans,andrew', 'weatherford,mitch']","['quinn,josh', 'mercadel,justice', 'hardwick,josh', 'holland,michael', 'hogan,kam']",724
197,5292,Austin,Rhodes,0,120-103,"41,62","62,58",2-5,4-2,N/A,N/A,12/02/17,2:00 PM,N/A,Hughey Gym,Lose,2,False,209,False,12:04,,25 ,,15,"MISS FT by HOLLAND,MICHAEL",,,"MISS FT by HOLLAND,MICHAEL",1,free throw,missed,austin,"holland,michael",,"['giroux,preston', 'samson,vaughn', 'feria,nick de', 'evans,andrew', 'weatherford,mitch']","['quinn,josh', 'mercadel,justice', 'hardwick,josh', 'holland,michael', 'hogan,kam']",724
198,5292,Austin,Rhodes,0,120-103,"41,62","62,58",2-5,4-2,N/A,N/A,12/02/17,2:00 PM,N/A,Hughey Gym,Lose,2,False,209,False,--,"REBOUND DEF by ROTEMAN,EVAN",25 ,,15,,,,"REBOUND DEF by ROTEMAN,EVAN",1,defensive rebound,,rhodes,"roteman,evan",,"['giroux,preston', 'samson,vaughn', 'feria,nick de', 'evans,andrew', 'weatherford,mitch']","['quinn,josh', 'mercadel,justice', 'hardwick,josh', 'holland,michael', 'hogan,kam']",
199,5292,Austin,Rhodes,0,120-103,"41,62","62,58",2-5,4-2,N/A,N/A,12/02/17,2:00 PM,N/A,Hughey Gym,Lose,2,False,209,False,12:04,"SUB IN by SWIFT,DJ",25 ,,15,,,,"SUB IN by SWIFT,DJ",1,subbing in,,rhodes,"swift,dj",,"['giroux,preston', 'samson,vaughn', 'feria,nick de', 'evans,andrew', 'weatherford,mitch', 'swift,dj']","['quinn,josh', 'mercadel,justice', 'hardwick,josh', 'holland,michael', 'hogan,kam']",724
200,5292,Austin,Rhodes,0,120-103,"41,62","62,58",2-5,4-2,N/A,N/A,12/02/17,2:00 PM,N/A,Hughey Gym,Lose,2,False,209,False,12:04,"SUB IN by DARST,DANIEL",25 ,,15,,,,"SUB IN by DARST,DANIEL",1,subbing in,,rhodes,"darst,daniel",,"['giroux,preston', 'samson,vaughn', 'feria,nick de', 'evans,andrew', 'weatherford,mitch', 'swift,dj', 'darst,daniel']","['quinn,josh', 'mercadel,justice', 'hardwick,josh', 'holland,michael', 'hogan,kam']",724
201,5292,Austin,Rhodes,0,120-103,"41,62","62,58",2-5,4-2,N/A,N/A,12/02/17,2:00 PM,N/A,Hughey Gym,Lose,2,False,209,False,12:04,"SUB IN by GALVIN,OWEN",25 ,,15,,,,"SUB IN by GALVIN,OWEN",1,subbing in,,rhodes,"galvin,owen",,"['giroux,preston', 'samson,vaughn', 'feria,nick de', 'evans,andrew', 'weatherford,mitch', 'swift,dj', 'darst,daniel', 'galvin,owen']","['quinn,josh', 'mercadel,justice', 'hardwick,josh', 'holland,michael', 'hogan,kam']",724
202,5292,Austin,Rhodes,0,120-103,"41,62","62,58",2-5,4-2,N/A,N/A,12/02/17,2:00 PM,N/A,Hughey Gym,Lose,2,False,209,False,12:04,"SUB IN by BERRY,BRYCE",25 ,,15,,,,"SUB IN by BERRY,BRYCE",1,subbing in,,rhodes,"berry,bryce",,"['giroux,preston', 'samson,vaughn', 'feria,nick de', 'evans,andrew', 'weatherford,mitch', 'swift,dj', 'darst,daniel', 'galvin,owen', 'berry,bryce']","['quinn,josh', 'mercadel,justice', 'hardwick,josh', 'holland,michael', 'hogan,kam']",724
203,5292,Austin,Rhodes,0,120-103,"41,62","62,58",2-5,4-2,N/A,N/A,12/02/17,2:00 PM,N/A,Hughey Gym,Lose,2,False,209,False,12:04,"SUB IN by ROTEMAN,EVAN",25 ,,15,,,,"SUB IN by ROTEMAN,EVAN",1,subbing in,,rhodes,"roteman,evan",,"['giroux,preston', 'samson,vaughn', 'feria,nick de', 'evans,andrew', 'weatherford,mitch', 'swift,dj', 'darst,daniel', 'galvin,owen', 'berry,bryce', 'roteman,evan']","['quinn,josh', 'mercadel,justice', 'hardwick,josh', 'holland,michael', 'hogan,kam']",724
204,5292,Austin,Rhodes,0,120-103,"41,62","62,58",2-5,4-2,N/A,N/A,12/02/17,2:00 PM,N/A,Hughey Gym,Lose,2,False,209,False,12:04,"SUB OUT by EVANS,ANDREW",25 ,,15,,,,"SUB OUT by EVANS,ANDREW",1,subbing out,,rhodes,"evans,andrew",,"['giroux,preston', 'samson,vaughn', 'feria,nick de', 'weatherford,mitch', 'swift,dj', 'darst,daniel', 'galvin,owen', 'berry,bryce', 'roteman,evan']","['quinn,josh', 'mercadel,justice', 'hardwick,josh', 'holland,michael', 'hogan,kam']",724
205,5292,Austin,Rhodes,0,120-103,"41,62","62,58",2-5,4-2,N/A,N/A,12/02/17,2:00 PM,N/A,Hughey Gym,Lose,2,False,209,False,12:04,"SUB OUT by GIROUX,PRESTON",25 ,,15,,,,"SUB OUT by GIROUX,PRESTON",1,subbing out,,rhodes,"giroux,preston",,"['samson,vaughn', 'feria,nick de', 'weatherford,mitch', 'swift,dj', 'darst,daniel', 'galvin,owen', 'berry,bryce', 'roteman,evan']","['quinn,josh', 'mercadel,justice', 'hardwick,josh', 'holland,michael', 'hogan,kam']",724
206,5292,Austin,Rhodes,0,120-103,"41,62","62,58",2-5,4-2,N/A,N/A,12/02/17,2:00 PM,N/A,Hughey Gym,Lose,2,False,209,False,12:04,"SUB OUT by SAMSON,VAUGHN",25 ,,15,,,,"SUB OUT by SAMSON,VAUGHN",1,subbing out,,rhodes,"samson,vaughn",,"['feria,nick de', 'weatherford,mitch', 'swift,dj', 'darst,daniel', 'galvin,owen', 'berry,bryce', 'roteman,evan']","['quinn,josh', 'mercadel,justice', 'hardwick,josh', 'holland,michael', 'hogan,kam']",724
207,5292,Austin,Rhodes,0,120-103,"41,62","62,58",2-5,4-2,N/A,N/A,12/02/17,2:00 PM,N/A,Hughey Gym,Lose,2,False,209,False,12:04,"SUB OUT by FERIA,NICK DE",25 ,,15,,,,"SUB OUT by FERIA,NICK DE",1,subbing out,,rhodes,"feria,nick de",,"['weatherford,mitch', 'swift,dj', 'darst,daniel', 'galvin,owen', 'berry,bryce', 'roteman,evan']","['quinn,josh', 'mercadel,justice', 'hardwick,josh', 'holland,michael', 'hogan,kam']",724
208,5292,Austin,Rhodes,0,120-103,"41,62","62,58",2-5,4-2,N/A,N/A,12/02/17,2:00 PM,N/A,Hughey Gym,Lose,2,False,209,False,12:04,"SUB OUT by WEATHERFORD,MITCH",25 ,,15,,,,"SUB OUT by WEATHERFORD,MITCH",1,subbing out,,rhodes,"weatherford,mitch",,"['swift,dj', 'darst,daniel', 'galvin,owen', 'berry,bryce', 'roteman,evan']","['quinn,josh', 'mercadel,justice', 'hardwick,josh', 'holland,michael', 'hogan,kam']",724
209,5292,Austin,Rhodes,0,120-103,"41,62","62,58",2-5,4-2,N/A,N/A,12/02/17,2:00 PM,N/A,Hughey Gym,Lose,2,False,209,False,12:04,,25 ,,15,"SUB IN by GARRETT,JOSH",,,"SUB IN by GARRETT,JOSH",1,subbing in,,austin,"garrett,josh",,"['swift,dj', 'darst,daniel', 'galvin,owen', 'berry,bryce', 'roteman,evan']","['quinn,josh', 'mercadel,justice', 'hardwick,josh', 'holland,michael', 'hogan,kam', 'garrett,josh']",724
210,5292,Austin,Rhodes,0,120-103,"41,62","62,58",2-5,4-2,N/A,N/A,12/02/17,2:00 PM,N/A,Hughey Gym,Lose,2,False,209,False,12:04,,25 ,,15,"SUB OUT by QUINN,JOSH",,,"SUB OUT by QUINN,JOSH",1,subbing out,,austin,"quinn,josh",,"['swift,dj', 'darst,daniel', 'galvin,owen', 'berry,bryce', 'roteman,evan']","['mercadel,justice', 'hardwick,josh', 'holland,michael', 'hogan,kam', 'garrett,josh']",724
211,5292,Austin,Rhodes,0,120-103,"41,62","62,58",2-5,4-2,N/A,N/A,12/02/17,2:00 PM,N/A,Hughey Gym,Lose,2,False,209,False,11:58,,25 ,,15,"FOUL  by HOGAN,KAM",,,"FOUL  by HOGAN,KAM",1,foul,,austin,"hogan,kam",,"['swift,dj', 'darst,daniel', 'galvin,owen', 'berry,bryce', 'roteman,evan']","['mercadel,justice', 'hardwick,josh', 'holland,michael', 'hogan,kam', 'garrett,josh']",718
212,5292,Austin,Rhodes,0,120-103,"41,62","62,58",2-5,4-2,N/A,N/A,12/02/17,2:00 PM,N/A,Hughey Gym,Lose,2,False,209,False,11:53,"MISS 3PTR by ROTEMAN,EVAN",25 ,,15,,,,"MISS 3PTR by ROTEMAN,EVAN",1,three pointer,missed,rhodes,"roteman,evan",,"['swift,dj', 'darst,daniel', 'galvin,owen', 'berry,bryce', 'roteman,evan']","['mercadel,justice', 'hardwick,josh', 'holland,michael', 'hogan,kam', 'garrett,josh']",713
213,5292,Austin,Rhodes,0,120-103,"41,62","62,58",2-5,4-2,N/A,N/A,12/02/17,2:00 PM,N/A,Hughey Gym,Lose,2,False,209,False,--,"REBOUND OFF by SWIFT,DJ",25 ,,15,,,,"REBOUND OFF by SWIFT,DJ",1,offensive rebound,,rhodes,"swift,dj",,"['swift,dj', 'darst,daniel', 'galvin,owen', 'berry,bryce', 'roteman,evan']","['mercadel,justice', 'hardwick,josh', 'holland,michael', 'hogan,kam', 'garrett,josh']",
214,5292,Austin,Rhodes,0,120-103,"41,62","62,58",2-5,4-2,N/A,N/A,12/02/17,2:00 PM,N/A,Hughey Gym,Lose,2,False,209,False,11:48,"MISS LAYUP by DARST,DANIEL",25 ,,15,,,,"MISS LAYUP by DARST,DANIEL",1,layup,missed,rhodes,"darst,daniel",,"['swift,dj', 'darst,daniel', 'galvin,owen', 'berry,bryce', 'roteman,evan']","['mercadel,justice', 'hardwick,josh', 'holland,michael', 'hogan,kam', 'garrett,josh']",708
215,5292,Austin,Rhodes,0,120-103,"41,62","62,58",2-5,4-2,N/A,N/A,12/02/17,2:00 PM,N/A,Hughey Gym,Lose,2,False,209,False,--,,25 ,,15,"REBOUND DEF by GARRETT,JOSH",,,"REBOUND DEF by GARRETT,JOSH",1,defensive rebound,,austin,"garrett,josh",,"['swift,dj', 'darst,daniel', 'galvin,owen', 'berry,bryce', 'roteman,evan']","['mercadel,justice', 'hardwick,josh', 'holland,michael', 'hogan,kam', 'garrett,josh']",
216,5292,Austin,Rhodes,0,120-103,"41,62","62,58",2-5,4-2,N/A,N/A,12/02/17,2:00 PM,N/A,Hughey Gym,Lose,2,False,209,False,11:40,,25 ,,15,"MISS JUMPER by HOGAN,KAM",,,"MISS JUMPER by HOGAN,KAM",1,jumper,missed,austin,"hogan,kam",,"['swift,dj', 'darst,daniel', 'galvin,owen', 'berry,bryce', 'roteman,evan']","['mercadel,justice', 'hardwick,josh', 'holland,michael', 'hogan,kam', 'garrett,josh']",700
217,5292,Austin,Rhodes,0,120-103,"41,62","62,58",2-5,4-2,N/A,N/A,12/02/17,2:00 PM,N/A,Hughey Gym,Lose,2,False,209,False,--,"REBOUND DEF by BERRY,BRYCE",25 ,,15,,,,"REBOUND DEF by BERRY,BRYCE",1,defensive rebound,,rhodes,"berry,bryce",,"['swift,dj', 'darst,daniel', 'galvin,owen', 'berry,bryce', 'roteman,evan']","['mercadel,justice', 'hardwick,josh', 'holland,michael', 'hogan,kam', 'garrett,josh']",
218,5292,Austin,Rhodes,0,120-103,"41,62","62,58",2-5,4-2,N/A,N/A,12/02/17,2:00 PM,N/A,Hughey Gym,Lose,2,False,209,False,11:31,"MISS LAYUP by ROTEMAN,EVAN",25 ,,15,,,,"MISS LAYUP by ROTEMAN,EVAN",1,layup,missed,rhodes,"roteman,evan",,"['swift,dj', 'darst,daniel', 'galvin,owen', 'berry,bryce', 'roteman,evan']","['mercadel,justice', 'hardwick,josh', 'holland,michael', 'hogan,kam', 'garrett,josh']",691
219,5292,Austin,Rhodes,0,120-103,"41,62","62,58",2-5,4-2,N/A,N/A,12/02/17,2:00 PM,N/A,Hughey Gym,Lose,2,False,209,False,--,"REBOUND OFF by BERRY,BRYCE",25 ,,15,,,,"REBOUND OFF by BERRY,BRYCE",1,offensive rebound,,rhodes,"berry,bryce",,"['swift,dj', 'darst,daniel', 'galvin,owen', 'berry,bryce', 'roteman,evan']","['mercadel,justice', 'hardwick,josh', 'holland,michael', 'hogan,kam', 'garrett,josh']",
220,5292,Austin,Rhodes,0,120-103,"41,62","62,58",2-5,4-2,N/A,N/A,12/02/17,2:00 PM,N/A,Hughey Gym,Lose,2,False,209,False,11:27,"GOOD TIPIN by BERRY,BRYCE(in the paint)",27 ,,15,,RHODES 27-15 (+12),,"GOOD TIPIN by BERRY,BRYCE(in the paint)",1,tipin,good,rhodes,"berry,bryce",2,"['swift,dj', 'darst,daniel', 'galvin,owen', 'berry,bryce', 'roteman,evan']","['mercadel,justice', 'hardwick,josh', 'holland,michael', 'hogan,kam', 'garrett,josh']",687
221,5292,Austin,Rhodes,0,120-103,"41,62","62,58",2-5,4-2,N/A,N/A,12/02/17,2:00 PM,N/A,Hughey Gym,Lose,2,False,209,False,11:16,"FOUL  by DARST,DANIEL",27 ,,15,,,,"FOUL  by DARST,DANIEL",1,foul,,rhodes,"darst,daniel",,"['swift,dj', 'darst,daniel', 'galvin,owen', 'berry,bryce', 'roteman,evan']","['mercadel,justice', 'hardwick,josh', 'holland,michael', 'hogan,kam', 'garrett,josh']",676
222,5292,Austin,Rhodes,0,120-103,"41,62","62,58",2-5,4-2,N/A,N/A,12/02/17,2:00 PM,N/A,Hughey Gym,Lose,2,False,209,False,11:16,,27 ,,16,"GOOD FT by MERCADEL,JUSTICE",ACM 27-16 (+11),,"GOOD FT by MERCADEL,JUSTICE",1,free throw,good,austin,"mercadel,justice",1,"['swift,dj', 'darst,daniel', 'galvin,owen', 'berry,bryce', 'roteman,evan']","['mercadel,justice', 'hardwick,josh', 'holland,michael', 'hogan,kam', 'garrett,josh']",676
223,5292,Austin,Rhodes,0,120-103,"41,62","62,58",2-5,4-2,N/A,N/A,12/02/17,2:00 PM,N/A,Hughey Gym,Lose,2,False,209,False,11:16,,27 ,,17,"GOOD FT by MERCADEL,JUSTICE",ACM 27-17 (+10),,"GOOD FT by MERCADEL,JUSTICE",1,free throw,good,austin,"mercadel,justice",1,"['swift,dj', 'darst,daniel', 'galvin,owen', 'berry,bryce', 'roteman,evan']","['mercadel,justice', 'hardwick,josh', 'holland,michael', 'hogan,kam', 'garrett,josh']",676
224,5292,Austin,Rhodes,0,120-103,"41,62","62,58",2-5,4-2,N/A,N/A,12/02/17,2:00 PM,N/A,Hughey Gym,Lose,2,False,209,False,11:16,"SUB IN by LOVE,KERRY",27 ,,17,,,,"SUB IN by LOVE,KERRY",1,subbing in,,rhodes,"love,kerry",,"['swift,dj', 'darst,daniel', 'galvin,owen', 'berry,bryce', 'roteman,evan', 'love,kerry']","['mercadel,justice', 'hardwick,josh', 'holland,michael', 'hogan,kam', 'garrett,josh']",676
225,5292,Austin,Rhodes,0,120-103,"41,62","62,58",2-5,4-2,N/A,N/A,12/02/17,2:00 PM,N/A,Hughey Gym,Lose,2,False,209,False,11:16,"SUB OUT by SWIFT,DJ",27 ,,17,,,,"SUB OUT by SWIFT,DJ",1,subbing out,,rhodes,"swift,dj",,"['darst,daniel', 'galvin,owen', 'berry,bryce', 'roteman,evan', 'love,kerry']","['mercadel,justice', 'hardwick,josh', 'holland,michael', 'hogan,kam', 'garrett,josh']",676
226,5292,Austin,Rhodes,0,120-103,"41,62","62,58",2-5,4-2,N/A,N/A,12/02/17,2:00 PM,N/A,Hughey Gym,Lose,2,False,209,False,11:16,,27 ,,17,"SUB IN by QUINN,JOSH",,,"SUB IN by QUINN,JOSH",1,subbing in,,austin,"quinn,josh",,"['darst,daniel', 'galvin,owen', 'berry,bryce', 'roteman,evan', 'love,kerry']","['mercadel,justice', 'hardwick,josh', 'holland,michael', 'hogan,kam', 'garrett,josh', 'quinn,josh']",676
227,5292,Austin,Rhodes,0,120-103,"41,62","62,58",2-5,4-2,N/A,N/A,12/02/17,2:00 PM,N/A,Hughey Gym,Lose,2,False,209,False,11:16,,27 ,,17,"SUB IN by HILL,KAMERON",,,"SUB IN by HILL,KAMERON",1,subbing in,,austin,"hill,kameron",,"['darst,daniel', 'galvin,owen', 'berry,bryce', 'roteman,evan', 'love,kerry']","['mercadel,justice', 'hardwick,josh', 'holland,michael', 'hogan,kam', 'garrett,josh', 'quinn,josh', 'hill,kameron']",676
228,5292,Austin,Rhodes,0,120-103,"41,62","62,58",2-5,4-2,N/A,N/A,12/02/17,2:00 PM,N/A,Hughey Gym,Lose,2,False,209,False,11:16,,27 ,,17,"SUB OUT by GARRETT,JOSH",,,"SUB OUT by GARRETT,JOSH",1,subbing out,,austin,"garrett,josh",,"['darst,daniel', 'galvin,owen', 'berry,bryce', 'roteman,evan', 'love,kerry']","['mercadel,justice', 'hardwick,josh', 'holland,michael', 'hogan,kam', 'quinn,josh', 'hill,kameron']",676
229,5292,Austin,Rhodes,0,120-103,"41,62","62,58",2-5,4-2,N/A,N/A,12/02/17,2:00 PM,N/A,Hughey Gym,Lose,2,False,209,False,11:16,,27 ,,17,"SUB OUT by HOGAN,KAM",,,"SUB OUT by HOGAN,KAM",1,subbing out,,austin,"hogan,kam",,"['darst,daniel', 'galvin,owen', 'berry,bryce', 'roteman,evan', 'love,kerry']","['mercadel,justice', 'hardwick,josh', 'holland,michael', 'quinn,josh', 'hill,kameron']",676
230,5292,Austin,Rhodes,0,120-103,"41,62","62,58",2-5,4-2,N/A,N/A,12/02/17,2:00 PM,N/A,Hughey Gym,Lose,2,False,209,False,11:05,"TURNOVER  by BERRY,BRYCE",27 ,,17,,,,"TURNOVER  by BERRY,BRYCE",1,turnover,,rhodes,"berry,bryce",,"['darst,daniel', 'galvin,owen', 'berry,bryce', 'roteman,evan', 'love,kerry']","['mercadel,justice', 'hardwick,josh', 'holland,michael', 'quinn,josh', 'hill,kameron']",665
231,5292,Austin,Rhodes,0,120-103,"41,62","62,58",2-5,4-2,N/A,N/A,12/02/17,2:00 PM,N/A,Hughey Gym,Lose,2,False,209,False,11:01,,27 ,,17,"MISS LAYUP by NICKENS,ZACHARY",,,"MISS LAYUP by NICKENS,ZACHARY",1,layup,missed,austin,"nickens,zachary",,"['darst,daniel', 'galvin,owen', 'berry,bryce', 'roteman,evan', 'love,kerry']","['mercadel,justice', 'hardwick,josh', 'holland,michael', 'quinn,josh', 'hill,kameron']",661
232,5292,Austin,Rhodes,0,120-103,"41,62","62,58",2-5,4-2,N/A,N/A,12/02/17,2:00 PM,N/A,Hughey Gym,Lose,2,False,209,False,11:01,"BLOCK  by BERRY,BRYCE",27 ,,17,,,,"BLOCK  by BERRY,BRYCE",1,block,,rhodes,"berry,bryce",,"['darst,daniel', 'galvin,owen', 'berry,bryce', 'roteman,evan', 'love,kerry']","['mercadel,justice', 'hardwick,josh', 'holland,michael', 'quinn,josh', 'hill,kameron']",661
233,5292,Austin,Rhodes,0,120-103,"41,62","62,58",2-5,4-2,N/A,N/A,12/02/17,2:00 PM,N/A,Hughey Gym,Lose,2,False,209,False,--,"REBOUND DEF by BERRY,BRYCE",27 ,,17,,,,"REBOUND DEF by BERRY,BRYCE",1,defensive rebound,,rhodes,"berry,bryce",,"['darst,daniel', 'galvin,owen', 'berry,bryce', 'roteman,evan', 'love,kerry']","['mercadel,justice', 'hardwick,josh', 'holland,michael', 'quinn,josh', 'hill,kameron']",
234,5292,Austin,Rhodes,0,120-103,"41,62","62,58",2-5,4-2,N/A,N/A,12/02/17,2:00 PM,N/A,Hughey Gym,Lose,2,False,209,False,10:56,"TURNOVER  by LOVE,KERRY",27 ,,17,,,,"TURNOVER  by LOVE,KERRY",1,turnover,,rhodes,"love,kerry",,"['darst,daniel', 'galvin,owen', 'berry,bryce', 'roteman,evan', 'love,kerry']","['mercadel,justice', 'hardwick,josh', 'holland,michael', 'quinn,josh', 'hill,kameron']",656
235,5292,Austin,Rhodes,0,120-103,"41,62","62,58",2-5,4-2,N/A,N/A,12/02/17,2:00 PM,N/A,Hughey Gym,Lose,2,False,209,False,10:54,,27 ,,17,"STEAL  by MERCADEL,JUSTICE",,,"STEAL  by MERCADEL,JUSTICE",1,steal,,austin,,,"['darst,daniel', 'galvin,owen', 'berry,bryce', 'roteman,evan', 'love,kerry']","['mercadel,justice', 'hardwick,josh', 'holland,michael', 'quinn,josh', 'hill,kameron']",654
236,5292,Austin,Rhodes,0,120-103,"41,62","62,58",2-5,4-2,N/A,N/A,12/02/17,2:00 PM,N/A,Hughey Gym,Lose,2,False,209,False,10:52,,27 ,,17,"MISS LAYUP by MERCADEL,JUSTICE",,,"MISS LAYUP by MERCADEL,JUSTICE",1,layup,missed,austin,"mercadel,justice",,"['darst,daniel', 'galvin,owen', 'berry,bryce', 'roteman,evan', 'love,kerry']","['mercadel,justice', 'hardwick,josh', 'holland,michael', 'quinn,josh', 'hill,kameron']",652
237,5292,Austin,Rhodes,0,120-103,"41,62","62,58",2-5,4-2,N/A,N/A,12/02/17,2:00 PM,N/A,Hughey Gym,Lose,2,False,209,False,--,"REBOUND DEF by DARST,DANIEL",27 ,,17,,,,"REBOUND DEF by DARST,DANIEL",1,defensive rebound,,rhodes,"darst,daniel",,"['darst,daniel', 'galvin,owen', 'berry,bryce', 'roteman,evan', 'love,kerry']","['mercadel,justice', 'hardwick,josh', 'holland,michael', 'quinn,josh', 'hill,kameron']",
238,5292,Austin,Rhodes,0,120-103,"41,62","62,58",2-5,4-2,N/A,N/A,12/02/17,2:00 PM,N/A,Hughey Gym,Lose,2,False,209,False,10:43,,27 ,,17,"FOUL  by NICKENS,ZACHARY",,,"FOUL  by NICKENS,ZACHARY",1,foul,,austin,"nickens,zachary",,"['darst,daniel', 'galvin,owen', 'berry,bryce', 'roteman,evan', 'love,kerry']","['mercadel,justice', 'hardwick,josh', 'holland,michael', 'quinn,josh', 'hill,kameron']",643
239,5292,Austin,Rhodes,0,120-103,"41,62","62,58",2-5,4-2,N/A,N/A,12/02/17,2:00 PM,N/A,Hughey Gym,Lose,2,False,209,False,10:43,"GOOD FT by BERRY,BRYCE",28 ,,17,,RHODES 28-17 (+11),,"GOOD FT by BERRY,BRYCE",1,free throw,good,rhodes,"berry,bryce",1,"['darst,daniel', 'galvin,owen', 'berry,bryce', 'roteman,evan', 'love,kerry']","['mercadel,justice', 'hardwick,josh', 'holland,michael', 'quinn,josh', 'hill,kameron']",643
240,5292,Austin,Rhodes,0,120-103,"41,62","62,58",2-5,4-2,N/A,N/A,12/02/17,2:00 PM,N/A,Hughey Gym,Lose,2,False,209,False,10:43,"MISS FT by BERRY,BRYCE",28 ,,17,,,,"MISS FT by BERRY,BRYCE",1,free throw,missed,rhodes,"berry,bryce",,"['darst,daniel', 'galvin,owen', 'berry,bryce', 'roteman,evan', 'love,kerry']","['mercadel,justice', 'hardwick,josh', 'holland,michael', 'quinn,josh', 'hill,kameron']",643
241,5292,Austin,Rhodes,0,120-103,"41,62","62,58",2-5,4-2,N/A,N/A,12/02/17,2:00 PM,N/A,Hughey Gym,Lose,2,False,209,False,--,,28 ,,17,"REBOUND DEF by FEIDER,JP",,,"REBOUND DEF by FEIDER,JP",1,defensive rebound,,austin,"feider,jp",,"['darst,daniel', 'galvin,owen', 'berry,bryce', 'roteman,evan', 'love,kerry']","['mercadel,justice', 'hardwick,josh', 'holland,michael', 'quinn,josh', 'hill,kameron']",
242,5292,Austin,Rhodes,0,120-103,"41,62","62,58",2-5,4-2,N/A,N/A,12/02/17,2:00 PM,N/A,Hughey Gym,Lose,2,False,209,False,10:43,"SUB IN by NYAWATA,ANESU",28 ,,17,,,,"SUB IN by NYAWATA,ANESU",1,subbing in,,rhodes,"nyawata,anesu",,"['darst,daniel', 'galvin,owen', 'berry,bryce', 'roteman,evan', 'love,kerry', 'nyawata,anesu']","['mercadel,justice', 'hardwick,josh', 'holland,michael', 'quinn,josh', 'hill,kameron']",643
243,5292,Austin,Rhodes,0,120-103,"41,62","62,58",2-5,4-2,N/A,N/A,12/02/17,2:00 PM,N/A,Hughey Gym,Lose,2,False,209,False,10:43,"SUB IN by MCINTYRE,WILLIAM",28 ,,17,,,,"SUB IN by MCINTYRE,WILLIAM",1,subbing in,,rhodes,"mcintyre,william",,"['darst,daniel', 'galvin,owen', 'berry,bryce', 'roteman,evan', 'love,kerry', 'nyawata,anesu', 'mcintyre,william']","['mercadel,justice', 'hardwick,josh', 'holland,michael', 'quinn,josh', 'hill,kameron']",643
244,5292,Austin,Rhodes,0,120-103,"41,62","62,58",2-5,4-2,N/A,N/A,12/02/17,2:00 PM,N/A,Hughey Gym,Lose,2,False,209,False,10:43,"SUB IN by DALTON,PRICE",28 ,,17,,,,"SUB IN by DALTON,PRICE",1,subbing in,,rhodes,"dalton,price",,"['darst,daniel', 'galvin,owen', 'berry,bryce', 'roteman,evan', 'love,kerry', 'nyawata,anesu', 'mcintyre,william', 'dalton,price']","['mercadel,justice', 'hardwick,josh', 'holland,michael', 'quinn,josh', 'hill,kameron']",643
245,5292,Austin,Rhodes,0,120-103,"41,62","62,58",2-5,4-2,N/A,N/A,12/02/17,2:00 PM,N/A,Hughey Gym,Lose,2,False,209,False,10:43,"SUB IN by NESTLEHUTT,JAKE",28 ,,17,,,,"SUB IN by NESTLEHUTT,JAKE",1,subbing in,,rhodes,"nestlehutt,jake",,"['darst,daniel', 'galvin,owen', 'berry,bryce', 'roteman,evan', 'love,kerry', 'nyawata,anesu', 'mcintyre,william', 'dalton,price', 'nestlehutt,jake']","['mercadel,justice', 'hardwick,josh', 'holland,michael', 'quinn,josh', 'hill,kameron']",643
246,5292,Austin,Rhodes,0,120-103,"41,62","62,58",2-5,4-2,N/A,N/A,12/02/17,2:00 PM,N/A,Hughey Gym,Lose,2,False,209,False,10:43,"SUB OUT by LOVE,KERRY",28 ,,17,,,,"SUB OUT by LOVE,KERRY",1,subbing out,,rhodes,"love,kerry",,"['darst,daniel', 'galvin,owen', 'berry,bryce', 'roteman,evan', 'nyawata,anesu', 'mcintyre,william', 'dalton,price', 'nestlehutt,jake']","['mercadel,justice', 'hardwick,josh', 'holland,michael', 'quinn,josh', 'hill,kameron']",643
247,5292,Austin,Rhodes,0,120-103,"41,62","62,58",2-5,4-2,N/A,N/A,12/02/17,2:00 PM,N/A,Hughey Gym,Lose,2,False,209,False,10:43,"SUB OUT by GALVIN,OWEN",28 ,,17,,,,"SUB OUT by GALVIN,OWEN",1,subbing out,,rhodes,"galvin,owen",,"['darst,daniel', 'berry,bryce', 'roteman,evan', 'nyawata,anesu', 'mcintyre,william', 'dalton,price', 'nestlehutt,jake']","['mercadel,justice', 'hardwick,josh', 'holland,michael', 'quinn,josh', 'hill,kameron']",643
248,5292,Austin,Rhodes,0,120-103,"41,62","62,58",2-5,4-2,N/A,N/A,12/02/17,2:00 PM,N/A,Hughey Gym,Lose,2,False,209,False,10:43,"SUB OUT by DARST,DANIEL",28 ,,17,,,,"SUB OUT by DARST,DANIEL",1,subbing out,,rhodes,"darst,daniel",,"['berry,bryce', 'roteman,evan', 'nyawata,anesu', 'mcintyre,william', 'dalton,price', 'nestlehutt,jake']","['mercadel,justice', 'hardwick,josh', 'holland,michael', 'quinn,josh', 'hill,kameron']",643
249,5292,Austin,Rhodes,0,120-103,"41,62","62,58",2-5,4-2,N/A,N/A,12/02/17,2:00 PM,N/A,Hughey Gym,Lose,2,False,209,False,10:43,"SUB OUT by ROTEMAN,EVAN",28 ,,17,,,,"SUB OUT by ROTEMAN,EVAN",1,subbing out,,rhodes,"roteman,evan",,"['berry,bryce', 'nyawata,anesu', 'mcintyre,william', 'dalton,price', 'nestlehutt,jake']","['mercadel,justice', 'hardwick,josh', 'holland,michael', 'quinn,josh', 'hill,kameron']",643
250,5292,Austin,Rhodes,0,120-103,"41,62","62,58",2-5,4-2,N/A,N/A,12/02/17,2:00 PM,N/A,Hughey Gym,Lose,2,False,209,False,10:43,,28 ,,17,"SUB IN by HOGAN,KAM",,,"SUB IN by HOGAN,KAM",1,subbing in,,austin,"hogan,kam",,"['berry,bryce', 'nyawata,anesu', 'mcintyre,william', 'dalton,price', 'nestlehutt,jake']","['mercadel,justice', 'hardwick,josh', 'holland,michael', 'quinn,josh', 'hill,kameron', 'hogan,kam']",643
251,5292,Austin,Rhodes,0,120-103,"41,62","62,58",2-5,4-2,N/A,N/A,12/02/17,2:00 PM,N/A,Hughey Gym,Lose,2,False,209,False,10:43,,28 ,,17,"SUB OUT by MERCADEL,JUSTICE",,,"SUB OUT by MERCADEL,JUSTICE",1,subbing out,,austin,"mercadel,justice",,"['berry,bryce', 'nyawata,anesu', 'mcintyre,william', 'dalton,price', 'nestlehutt,jake']","['hardwick,josh', 'holland,michael', 'quinn,josh', 'hill,kameron', 'hogan,kam']",643
252,5292,Austin,Rhodes,0,120-103,"41,62","62,58",2-5,4-2,N/A,N/A,12/02/17,2:00 PM,N/A,Hughey Gym,Lose,2,False,209,False,10:30,,28 ,,19,"GOOD LAYUP by FEIDER,JP(in the paint)",ACM 28-19 (+9),,"GOOD LAYUP by FEIDER,JP(in the paint)",1,layup,good,austin,"feider,jp",2,"['berry,bryce', 'nyawata,anesu', 'mcintyre,william', 'dalton,price', 'nestlehutt,jake']","['hardwick,josh', 'holland,michael', 'quinn,josh', 'hill,kameron', 'hogan,kam']",630
253,5292,Austin,Rhodes,0,120-103,"41,62","62,58",2-5,4-2,N/A,N/A,12/02/17,2:00 PM,N/A,Hughey Gym,Lose,2,False,209,False,--,,28 ,,19,"ASSIST  by HOGAN,KAM",,,"ASSIST  by HOGAN,KAM",1,assist,,austin,"hogan,kam",,"['berry,bryce', 'nyawata,anesu', 'mcintyre,william', 'dalton,price', 'nestlehutt,jake']","['hardwick,josh', 'holland,michael', 'quinn,josh', 'hill,kameron', 'hogan,kam']",
254,5292,Austin,Rhodes,0,120-103,"41,62","62,58",2-5,4-2,N/A,N/A,12/02/17,2:00 PM,N/A,Hughey Gym,Lose,2,False,209,False,10:18,"GOOD LAYUP by NYAWATA,ANESU(in the paint)",30 ,,19,,RHODES 30-19 (+11),,"GOOD LAYUP by NYAWATA,ANESU(in the paint)",1,layup,good,rhodes,"nyawata,anesu",2,"['berry,bryce', 'nyawata,anesu', 'mcintyre,william', 'dalton,price', 'nestlehutt,jake']","['hardwick,josh', 'holland,michael', 'quinn,josh', 'hill,kameron', 'hogan,kam']",618
255,5292,Austin,Rhodes,0,120-103,"41,62","62,58",2-5,4-2,N/A,N/A,12/02/17,2:00 PM,N/A,Hughey Gym,Lose,2,False,209,False,10:09,,30 ,,19,"SUB IN by FEIDER,JP",,,"SUB IN by FEIDER,JP",1,subbing in,,austin,"feider,jp",,"['berry,bryce', 'nyawata,anesu', 'mcintyre,william', 'dalton,price', 'nestlehutt,jake']","['hardwick,josh', 'holland,michael', 'quinn,josh', 'hill,kameron', 'hogan,kam', 'feider,jp']",609
256,5292,Austin,Rhodes,0,120-103,"41,62","62,58",2-5,4-2,N/A,N/A,12/02/17,2:00 PM,N/A,Hughey Gym,Lose,2,False,209,False,10:09,,30 ,,19,"SUB OUT by NICKENS,ZACHARY",,,"SUB OUT by NICKENS,ZACHARY",1,subbing out,,austin,"nickens,zachary",,"['berry,bryce', 'nyawata,anesu', 'mcintyre,william', 'dalton,price', 'nestlehutt,jake']","['hardwick,josh', 'holland,michael', 'quinn,josh', 'hill,kameron', 'hogan,kam', 'feider,jp']",609
257,5292,Austin,Rhodes,0,120-103,"41,62","62,58",2-5,4-2,N/A,N/A,12/02/17,2:00 PM,N/A,Hughey Gym,Lose,2,False,209,False,10:02,,30 ,,19,"MISS LAYUP by HOGAN,KAM",,,"MISS LAYUP by HOGAN,KAM",1,layup,missed,austin,"hogan,kam",,"['berry,bryce', 'nyawata,anesu', 'mcintyre,william', 'dalton,price', 'nestlehutt,jake']","['hardwick,josh', 'holland,michael', 'quinn,josh', 'hill,kameron', 'hogan,kam', 'feider,jp']",602
258,5292,Austin,Rhodes,0,120-103,"41,62","62,58",2-5,4-2,N/A,N/A,12/02/17,2:00 PM,N/A,Hughey Gym,Lose,2,False,209,False,--,,30 ,,19,"REBOUND OFF by FEIDER,JP",,,"REBOUND OFF by FEIDER,JP",1,offensive rebound,,austin,"feider,jp",,"['berry,bryce', 'nyawata,anesu', 'mcintyre,william', 'dalton,price', 'nestlehutt,jake']","['hardwick,josh', 'holland,michael', 'quinn,josh', 'hill,kameron', 'hogan,kam', 'feider,jp']",
259,5292,Austin,Rhodes,0,120-103,"41,62","62,58",2-5,4-2,N/A,N/A,12/02/17,2:00 PM,N/A,Hughey Gym,Lose,2,False,209,False,10:00,"FOUL  by NESTLEHUTT,JAKE",30 ,,19,,,,"FOUL  by NESTLEHUTT,JAKE",1,foul,,rhodes,"nestlehutt,jake",,"['berry,bryce', 'nyawata,anesu', 'mcintyre,william', 'dalton,price', 'nestlehutt,jake']","['hardwick,josh', 'holland,michael', 'quinn,josh', 'hill,kameron', 'hogan,kam', 'feider,jp']",600
260,5292,Austin,Rhodes,0,120-103,"41,62","62,58",2-5,4-2,N/A,N/A,12/02/17,2:00 PM,N/A,Hughey Gym,Lose,2,False,209,False,10:00,,30 ,,19,"MISS FT by FEIDER,JP",,,"MISS FT by FEIDER,JP",1,free throw,missed,austin,"feider,jp",,"['berry,bryce', 'nyawata,anesu', 'mcintyre,william', 'dalton,price', 'nestlehutt,jake']","['hardwick,josh', 'holland,michael', 'quinn,josh', 'hill,kameron', 'hogan,kam', 'feider,jp']",600
261,5292,Austin,Rhodes,0,120-103,"41,62","62,58",2-5,4-2,N/A,N/A,12/02/17,2:00 PM,N/A,Hughey Gym,Lose,2,False,209,False,--,,30 ,,19,REBOUND DEADB by TEAM,,,REBOUND DEADB by TEAM,1,deadball rebound,,austin,,,"['berry,bryce', 'nyawata,anesu', 'mcintyre,william', 'dalton,price', 'nestlehutt,jake']","['hardwick,josh', 'holland,michael', 'quinn,josh', 'hill,kameron', 'hogan,kam', 'feider,jp']",
262,5292,Austin,Rhodes,0,120-103,"41,62","62,58",2-5,4-2,N/A,N/A,12/02/17,2:00 PM,N/A,Hughey Gym,Lose,2,False,209,False,10:00,,30 ,,20,"GOOD FT by FEIDER,JP",ACM 30-20 (+10),,"GOOD FT by FEIDER,JP",1,free throw,good,austin,"feider,jp",1,"['berry,bryce', 'nyawata,anesu', 'mcintyre,william', 'dalton,price', 'nestlehutt,jake']","['hardwick,josh', 'holland,michael', 'quinn,josh', 'hill,kameron', 'hogan,kam', 'feider,jp']",600
263,5292,Austin,Rhodes,0,120-103,"41,62","62,58",2-5,4-2,N/A,N/A,12/02/17,2:00 PM,N/A,Hughey Gym,Lose,2,False,209,False,10:00,"SUB IN by EVANS,ANDREW",30 ,,20,,,,"SUB IN by EVANS,ANDREW",1,subbing in,,rhodes,"evans,andrew",,"['berry,bryce', 'nyawata,anesu', 'mcintyre,william', 'dalton,price', 'nestlehutt,jake']","['hardwick,josh', 'holland,michael', 'quinn,josh', 'hill,kameron', 'hogan,kam', 'feider,jp']",600
264,5292,Austin,Rhodes,0,120-103,"41,62","62,58",2-5,4-2,N/A,N/A,12/02/17,2:00 PM,N/A,Hughey Gym,Lose,2,False,209,False,10:00,"SUB OUT by BERRY,BRYCE",30 ,,20,,,,"SUB OUT by BERRY,BRYCE",1,subbing out,,rhodes,"berry,bryce",,"['nyawata,anesu', 'mcintyre,william', 'dalton,price', 'nestlehutt,jake']","['hardwick,josh', 'holland,michael', 'quinn,josh', 'hill,kameron', 'hogan,kam', 'feider,jp']",600
265,5292,Austin,Rhodes,0,120-103,"41,62","62,58",2-5,4-2,N/A,N/A,12/02/17,2:00 PM,N/A,Hughey Gym,Lose,2,False,209,False,10:00,,30 ,,20,"SUB IN by MERCADEL,JUSTICE",,,"SUB IN by MERCADEL,JUSTICE",1,subbing in,,austin,"mercadel,justice",,"['nyawata,anesu', 'mcintyre,william', 'dalton,price', 'nestlehutt,jake']","['hardwick,josh', 'holland,michael', 'quinn,josh', 'hill,kameron', 'hogan,kam', 'feider,jp', 'mercadel,justice']",600
266,5292,Austin,Rhodes,0,120-103,"41,62","62,58",2-5,4-2,N/A,N/A,12/02/17,2:00 PM,N/A,Hughey Gym,Lose,2,False,209,False,10:00,,30 ,,20,"SUB OUT by HOGAN,KAM",,,"SUB OUT by HOGAN,KAM",1,subbing out,,austin,"hogan,kam",,"['nyawata,anesu', 'mcintyre,william', 'dalton,price', 'nestlehutt,jake']","['hardwick,josh', 'holland,michael', 'quinn,josh', 'hill,kameron', 'feider,jp', 'mercadel,justice']",600
267,5292,Austin,Rhodes,0,120-103,"41,62","62,58",2-5,4-2,N/A,N/A,12/02/17,2:00 PM,N/A,Hughey Gym,Lose,2,False,209,False,09:51,"MISS 3PTR by EVANS,ANDREW",30 ,,20,,,,"MISS 3PTR by EVANS,ANDREW",1,three pointer,missed,rhodes,"evans,andrew",,"['nyawata,anesu', 'mcintyre,william', 'dalton,price', 'nestlehutt,jake']","['hardwick,josh', 'holland,michael', 'quinn,josh', 'hill,kameron', 'feider,jp', 'mercadel,justice']",591
268,5292,Austin,Rhodes,0,120-103,"41,62","62,58",2-5,4-2,N/A,N/A,12/02/17,2:00 PM,N/A,Hughey Gym,Lose,2,False,209,False,--,"REBOUND OFF by DALTON,PRICE",30 ,,20,,,,"REBOUND OFF by DALTON,PRICE",1,offensive rebound,,rhodes,"dalton,price",,"['nyawata,anesu', 'mcintyre,william', 'dalton,price', 'nestlehutt,jake']","['hardwick,josh', 'holland,michael', 'quinn,josh', 'hill,kameron', 'feider,jp', 'mercadel,justice']",
269,5292,Austin,Rhodes,0,120-103,"41,62","62,58",2-5,4-2,N/A,N/A,12/02/17,2:00 PM,N/A,Hughey Gym,Lose,2,False,209,False,09:46,"TURNOVER  by DALTON,PRICE",30 ,,20,,,,"TURNOVER  by DALTON,PRICE",1,turnover,,rhodes,"dalton,price",,"['nyawata,anesu', 'mcintyre,william', 'dalton,price', 'nestlehutt,jake']","['hardwick,josh', 'holland,michael', 'quinn,josh', 'hill,kameron', 'feider,jp', 'mercadel,justice']",586
270,5292,Austin,Rhodes,0,120-103,"41,62","62,58",2-5,4-2,N/A,N/A,12/02/17,2:00 PM,N/A,Hughey Gym,Lose,2,False,209,False,09:46,,30 ,,20,"TURNOVER  by QUINN,JOSH",,,"TURNOVER  by QUINN,JOSH",1,turnover,,austin,"quinn,josh",,"['nyawata,anesu', 'mcintyre,william', 'dalton,price', 'nestlehutt,jake']","['hardwick,josh', 'holland,michael', 'quinn,josh', 'hill,kameron', 'feider,jp', 'mercadel,justice']",586
271,5292,Austin,Rhodes,0,120-103,"41,62","62,58",2-5,4-2,N/A,N/A,12/02/17,2:00 PM,N/A,Hughey Gym,Lose,2,False,209,False,09:45,"TURNOVER  by NYAWATA,ANESU",30 ,,20,,,,"TURNOVER  by NYAWATA,ANESU",1,turnover,,rhodes,"nyawata,anesu",,"['nyawata,anesu', 'mcintyre,william', 'dalton,price', 'nestlehutt,jake']","['hardwick,josh', 'holland,michael', 'quinn,josh', 'hill,kameron', 'feider,jp', 'mercadel,justice']",585
272,5292,Austin,Rhodes,0,120-103,"41,62","62,58",2-5,4-2,N/A,N/A,12/02/17,2:00 PM,N/A,Hughey Gym,Lose,2,False,209,False,09:45,,30 ,,20,"STEAL  by MERCADEL,JUSTICE",,,"STEAL  by MERCADEL,JUSTICE",1,steal,,austin,,,"['nyawata,anesu', 'mcintyre,william', 'dalton,price', 'nestlehutt,jake']","['hardwick,josh', 'holland,michael', 'quinn,josh', 'hill,kameron', 'feider,jp', 'mercadel,justice']",585
273,5292,Austin,Rhodes,0,120-103,"41,62","62,58",2-5,4-2,N/A,N/A,12/02/17,2:00 PM,N/A,Hughey Gym,Lose,2,False,209,False,09:39,,30 ,,20,"TURNOVER  by FEIDER,JP",,,"TURNOVER  by FEIDER,JP",1,turnover,,austin,"feider,jp",,"['nyawata,anesu', 'mcintyre,william', 'dalton,price', 'nestlehutt,jake']","['hardwick,josh', 'holland,michael', 'quinn,josh', 'hill,kameron', 'feider,jp', 'mercadel,justice']",579
274,5292,Austin,Rhodes,0,120-103,"41,62","62,58",2-5,4-2,N/A,N/A,12/02/17,2:00 PM,N/A,Hughey Gym,Lose,2,False,209,False,09:38,"STEAL  by EVANS,ANDREW",30 ,,20,,,,"STEAL  by EVANS,ANDREW",1,steal,,rhodes,,,"['nyawata,anesu', 'mcintyre,william', 'dalton,price', 'nestlehutt,jake']","['hardwick,josh', 'holland,michael', 'quinn,josh', 'hill,kameron', 'feider,jp', 'mercadel,justice']",578
275,5292,Austin,Rhodes,0,120-103,"41,62","62,58",2-5,4-2,N/A,N/A,12/02/17,2:00 PM,N/A,Hughey Gym,Lose,2,False,209,False,09:37,"TURNOVER  by EVANS,ANDREW",30 ,,20,,,,"TURNOVER  by EVANS,ANDREW",1,turnover,,rhodes,"evans,andrew",,"['nyawata,anesu', 'mcintyre,william', 'dalton,price', 'nestlehutt,jake']","['hardwick,josh', 'holland,michael', 'quinn,josh', 'hill,kameron', 'feider,jp', 'mercadel,justice']",577
276,5292,Austin,Rhodes,0,120-103,"41,62","62,58",2-5,4-2,N/A,N/A,12/02/17,2:00 PM,N/A,Hughey Gym,Lose,2,False,209,False,09:36,,30 ,,20,"STEAL  by HOLLAND,MICHAEL",,,"STEAL  by HOLLAND,MICHAEL",1,steal,,austin,,,"['nyawata,anesu', 'mcintyre,william', 'dalton,price', 'nestlehutt,jake']","['hardwick,josh', 'holland,michael', 'quinn,josh', 'hill,kameron', 'feider,jp', 'mercadel,justice']",576
277,5292,Austin,Rhodes,0,120-103,"41,62","62,58",2-5,4-2,N/A,N/A,12/02/17,2:00 PM,N/A,Hughey Gym,Lose,2,False,209,False,09:29,,30 ,,20,"MISS 3PTR by MERCADEL,JUSTICE",,,"MISS 3PTR by MERCADEL,JUSTICE",1,three pointer,missed,austin,"mercadel,justice",,"['nyawata,anesu', 'mcintyre,william', 'dalton,price', 'nestlehutt,jake']","['hardwick,josh', 'holland,michael', 'quinn,josh', 'hill,kameron', 'feider,jp', 'mercadel,justice']",569
278,5292,Austin,Rhodes,0,120-103,"41,62","62,58",2-5,4-2,N/A,N/A,12/02/17,2:00 PM,N/A,Hughey Gym,Lose,2,False,209,False,--,,30 ,,20,"REBOUND OFF by HOLLAND,MICHAEL",,,"REBOUND OFF by HOLLAND,MICHAEL",1,offensive rebound,,austin,"holland,michael",,"['nyawata,anesu', 'mcintyre,william', 'dalton,price', 'nestlehutt,jake']","['hardwick,josh', 'holland,michael', 'quinn,josh', 'hill,kameron', 'feider,jp', 'mercadel,justice']",
279,5292,Austin,Rhodes,0,120-103,"41,62","62,58",2-5,4-2,N/A,N/A,12/02/17,2:00 PM,N/A,Hughey Gym,Lose,2,False,209,False,09:27,"FOUL  by DALTON,PRICE",30 ,,20,,,,"FOUL  by DALTON,PRICE",1,foul,,rhodes,"dalton,price",,"['nyawata,anesu', 'mcintyre,william', 'dalton,price', 'nestlehutt,jake']","['hardwick,josh', 'holland,michael', 'quinn,josh', 'hill,kameron', 'feider,jp', 'mercadel,justice']",567
280,5292,Austin,Rhodes,0,120-103,"41,62","62,58",2-5,4-2,N/A,N/A,12/02/17,2:00 PM,N/A,Hughey Gym,Lose,2,False,209,False,09:27,,30 ,,21,"GOOD FT by HOLLAND,MICHAEL",ACM 30-21 (+9),,"GOOD FT by HOLLAND,MICHAEL",1,free throw,good,austin,"holland,michael",1,"['nyawata,anesu', 'mcintyre,william', 'dalton,price', 'nestlehutt,jake']","['hardwick,josh', 'holland,michael', 'quinn,josh', 'hill,kameron', 'feider,jp', 'mercadel,justice']",567
281,5292,Austin,Rhodes,0,120-103,"41,62","62,58",2-5,4-2,N/A,N/A,12/02/17,2:00 PM,N/A,Hughey Gym,Lose,2,False,209,False,09:27,,30 ,,22,"GOOD FT by HOLLAND,MICHAEL",ACM 30-22 (+8),,"GOOD FT by HOLLAND,MICHAEL",1,free throw,good,austin,"holland,michael",1,"['nyawata,anesu', 'mcintyre,william', 'dalton,price', 'nestlehutt,jake']","['hardwick,josh', 'holland,michael', 'quinn,josh', 'hill,kameron', 'feider,jp', 'mercadel,justice']",567
282,5292,Austin,Rhodes,0,120-103,"41,62","62,58",2-5,4-2,N/A,N/A,12/02/17,2:00 PM,N/A,Hughey Gym,Lose,2,False,209,False,09:27,,30 ,,22,"SUB IN by NICKENS,ZACHARY",,,"SUB IN by NICKENS,ZACHARY",1,subbing in,,austin,"nickens,zachary",,"['nyawata,anesu', 'mcintyre,william', 'dalton,price', 'nestlehutt,jake']","['hardwick,josh', 'holland,michael', 'quinn,josh', 'hill,kameron', 'feider,jp', 'mercadel,justice', 'nickens,zachary']",567
283,5292,Austin,Rhodes,0,120-103,"41,62","62,58",2-5,4-2,N/A,N/A,12/02/17,2:00 PM,N/A,Hughey Gym,Lose,2,False,209,False,09:27,,30 ,,22,"SUB OUT by HOLLAND,MICHAEL",,,"SUB OUT by HOLLAND,MICHAEL",1,subbing out,,austin,"holland,michael",,"['nyawata,anesu', 'mcintyre,william', 'dalton,price', 'nestlehutt,jake']","['hardwick,josh', 'quinn,josh', 'hill,kameron', 'feider,jp', 'mercadel,justice', 'nickens,zachary']",567
284,5292,Austin,Rhodes,0,120-103,"41,62","62,58",2-5,4-2,N/A,N/A,12/02/17,2:00 PM,N/A,Hughey Gym,Lose,2,False,209,False,09:12,"GOOD 3PTR by EVANS,ANDREW",33 ,,22,,RHODES 33-22 (+11),,"GOOD 3PTR by EVANS,ANDREW",1,three pointer,good,rhodes,"evans,andrew",3,"['nyawata,anesu', 'mcintyre,william', 'dalton,price', 'nestlehutt,jake']","['hardwick,josh', 'quinn,josh', 'hill,kameron', 'feider,jp', 'mercadel,justice', 'nickens,zachary']",552
285,5292,Austin,Rhodes,0,120-103,"41,62","62,58",2-5,4-2,N/A,N/A,12/02/17,2:00 PM,N/A,Hughey Gym,Lose,2,False,209,False,--,"ASSIST  by MCINTYRE,WILLIAM",33 ,,22,,,,"ASSIST  by MCINTYRE,WILLIAM",1,assist,,rhodes,"mcintyre,william",,"['nyawata,anesu', 'mcintyre,william', 'dalton,price', 'nestlehutt,jake']","['hardwick,josh', 'quinn,josh', 'hill,kameron', 'feider,jp', 'mercadel,justice', 'nickens,zachary']",
286,5292,Austin,Rhodes,0,120-103,"41,62","62,58",2-5,4-2,N/A,N/A,12/02/17,2:00 PM,N/A,Hughey Gym,Lose,2,False,209,False,08:56,,33 ,,22,"TURNOVER  by FEIDER,JP",,,"TURNOVER  by FEIDER,JP",1,turnover,,austin,"feider,jp",,"['nyawata,anesu', 'mcintyre,william', 'dalton,price', 'nestlehutt,jake']","['hardwick,josh', 'quinn,josh', 'hill,kameron', 'feider,jp', 'mercadel,justice', 'nickens,zachary']",536
287,5292,Austin,Rhodes,0,120-103,"41,62","62,58",2-5,4-2,N/A,N/A,12/02/17,2:00 PM,N/A,Hughey Gym,Lose,2,False,209,False,08:56,"STEAL  by MCINTYRE,WILLIAM",33 ,,22,,,,"STEAL  by MCINTYRE,WILLIAM",1,steal,,rhodes,,,"['nyawata,anesu', 'mcintyre,william', 'dalton,price', 'nestlehutt,jake']","['hardwick,josh', 'quinn,josh', 'hill,kameron', 'feider,jp', 'mercadel,justice', 'nickens,zachary']",536
288,5292,Austin,Rhodes,0,120-103,"41,62","62,58",2-5,4-2,N/A,N/A,12/02/17,2:00 PM,N/A,Hughey Gym,Lose,2,False,209,False,08:56,"SUB IN by SAMSON,VAUGHN",33 ,,22,,,,"SUB IN by SAMSON,VAUGHN",1,subbing in,,rhodes,"samson,vaughn",,"['nyawata,anesu', 'mcintyre,william', 'dalton,price', 'nestlehutt,jake', 'samson,vaughn']","['hardwick,josh', 'quinn,josh', 'hill,kameron', 'feider,jp', 'mercadel,justice', 'nickens,zachary']",536
289,5292,Austin,Rhodes,0,120-103,"41,62","62,58",2-5,4-2,N/A,N/A,12/02/17,2:00 PM,N/A,Hughey Gym,Lose,2,False,209,False,08:56,"SUB IN by ASHBY,KENDRICK",33 ,,22,,,,"SUB IN by ASHBY,KENDRICK",1,subbing in,,rhodes,"ashby,kendrick",,"['nyawata,anesu', 'mcintyre,william', 'dalton,price', 'nestlehutt,jake', 'samson,vaughn', 'ashby,kendrick']","['hardwick,josh', 'quinn,josh', 'hill,kameron', 'feider,jp', 'mercadel,justice', 'nickens,zachary']",536
290,5292,Austin,Rhodes,0,120-103,"41,62","62,58",2-5,4-2,N/A,N/A,12/02/17,2:00 PM,N/A,Hughey Gym,Lose,2,False,209,False,08:56,"SUB IN by WEATHERFORD,MITCH",33 ,,22,,,,"SUB IN by WEATHERFORD,MITCH",1,subbing in,,rhodes,"weatherford,mitch",,"['nyawata,anesu', 'mcintyre,william', 'dalton,price', 'nestlehutt,jake', 'samson,vaughn', 'ashby,kendrick', 'weatherford,mitch']","['hardwick,josh', 'quinn,josh', 'hill,kameron', 'feider,jp', 'mercadel,justice', 'nickens,zachary']",536
291,5292,Austin,Rhodes,0,120-103,"41,62","62,58",2-5,4-2,N/A,N/A,12/02/17,2:00 PM,N/A,Hughey Gym,Lose,2,False,209,False,08:56,"SUB IN by SWIFT,DJ",33 ,,22,,,,"SUB IN by SWIFT,DJ",1,subbing in,,rhodes,"swift,dj",,"['nyawata,anesu', 'mcintyre,william', 'dalton,price', 'nestlehutt,jake', 'samson,vaughn', 'ashby,kendrick', 'weatherford,mitch', 'swift,dj']","['hardwick,josh', 'quinn,josh', 'hill,kameron', 'feider,jp', 'mercadel,justice', 'nickens,zachary']",536
292,5292,Austin,Rhodes,0,120-103,"41,62","62,58",2-5,4-2,N/A,N/A,12/02/17,2:00 PM,N/A,Hughey Gym,Lose,2,False,209,False,08:56,"SUB IN by FERIA,NICK DE",33 ,,22,,,,"SUB IN by FERIA,NICK DE",1,subbing in,,rhodes,"feria,nick de",,"['nyawata,anesu', 'mcintyre,william', 'dalton,price', 'nestlehutt,jake', 'samson,vaughn', 'ashby,kendrick', 'weatherford,mitch', 'swift,dj', 'feria,nick de']","['hardwick,josh', 'quinn,josh', 'hill,kameron', 'feider,jp', 'mercadel,justice', 'nickens,zachary']",536
293,5292,Austin,Rhodes,0,120-103,"41,62","62,58",2-5,4-2,N/A,N/A,12/02/17,2:00 PM,N/A,Hughey Gym,Lose,2,False,209,False,08:56,"SUB OUT by EVANS,ANDREW",33 ,,22,,,,"SUB OUT by EVANS,ANDREW",1,subbing out,,rhodes,"evans,andrew",,"['nyawata,anesu', 'mcintyre,william', 'dalton,price', 'nestlehutt,jake', 'samson,vaughn', 'ashby,kendrick', 'weatherford,mitch', 'swift,dj', 'feria,nick de']","['hardwick,josh', 'quinn,josh', 'hill,kameron', 'feider,jp', 'mercadel,justice', 'nickens,zachary']",536
294,5292,Austin,Rhodes,0,120-103,"41,62","62,58",2-5,4-2,N/A,N/A,12/02/17,2:00 PM,N/A,Hughey Gym,Lose,2,False,209,False,08:56,"SUB OUT by MCINTYRE,WILLIAM",33 ,,22,,,,"SUB OUT by MCINTYRE,WILLIAM",1,subbing out,,rhodes,"mcintyre,william",,"['nyawata,anesu', 'mcintyre,william', 'dalton,price', 'nestlehutt,jake', 'samson,vaughn', 'ashby,kendrick', 'weatherford,mitch', 'swift,dj', 'feria,nick de']","['hardwick,josh', 'quinn,josh', 'hill,kameron', 'feider,jp', 'mercadel,justice', 'nickens,zachary']",536
295,5292,Austin,Rhodes,0,120-103,"41,62","62,58",2-5,4-2,N/A,N/A,12/02/17,2:00 PM,N/A,Hughey Gym,Lose,2,False,209,False,08:56,"SUB OUT by NESTLEHUTT,JAKE",33 ,,22,,,,"SUB OUT by NESTLEHUTT,JAKE",1,subbing out,,rhodes,"nestlehutt,jake",,"['nyawata,anesu', 'mcintyre,william', 'dalton,price', 'samson,vaughn', 'ashby,kendrick', 'weatherford,mitch', 'swift,dj', 'feria,nick de']","['hardwick,josh', 'quinn,josh', 'hill,kameron', 'feider,jp', 'mercadel,justice', 'nickens,zachary']",536
296,5292,Austin,Rhodes,0,120-103,"41,62","62,58",2-5,4-2,N/A,N/A,12/02/17,2:00 PM,N/A,Hughey Gym,Lose,2,False,209,False,08:56,"SUB OUT by NYAWATA,ANESU",33 ,,22,,,,"SUB OUT by NYAWATA,ANESU",1,subbing out,,rhodes,"nyawata,anesu",,"['mcintyre,william', 'dalton,price', 'samson,vaughn', 'ashby,kendrick', 'weatherford,mitch', 'swift,dj', 'feria,nick de']","['hardwick,josh', 'quinn,josh', 'hill,kameron', 'feider,jp', 'mercadel,justice', 'nickens,zachary']",536
297,5292,Austin,Rhodes,0,120-103,"41,62","62,58",2-5,4-2,N/A,N/A,12/02/17,2:00 PM,N/A,Hughey Gym,Lose,2,False,209,False,08:56,"SUB OUT by DALTON,PRICE",33 ,,22,,,,"SUB OUT by DALTON,PRICE",1,subbing out,,rhodes,"dalton,price",,"['mcintyre,william', 'samson,vaughn', 'ashby,kendrick', 'weatherford,mitch', 'swift,dj', 'feria,nick de']","['hardwick,josh', 'quinn,josh', 'hill,kameron', 'feider,jp', 'mercadel,justice', 'nickens,zachary']",536
298,5292,Austin,Rhodes,0,120-103,"41,62","62,58",2-5,4-2,N/A,N/A,12/02/17,2:00 PM,N/A,Hughey Gym,Lose,2,False,209,False,08:56,,33 ,,22,"SUB IN by HARDWICK,JOSH",,,"SUB IN by HARDWICK,JOSH",1,subbing in,,austin,"hardwick,josh",,"['mcintyre,william', 'samson,vaughn', 'ashby,kendrick', 'weatherford,mitch', 'swift,dj', 'feria,nick de']","['hardwick,josh', 'quinn,josh', 'hill,kameron', 'feider,jp', 'mercadel,justice', 'nickens,zachary']",536
299,5292,Austin,Rhodes,0,120-103,"41,62","62,58",2-5,4-2,N/A,N/A,12/02/17,2:00 PM,N/A,Hughey Gym,Lose,2,False,209,False,08:56,,33 ,,22,"SUB OUT by HILL,KAMERON",,,"SUB OUT by HILL,KAMERON",1,subbing out,,austin,"hill,kameron",,"['mcintyre,william', 'samson,vaughn', 'ashby,kendrick', 'weatherford,mitch', 'swift,dj', 'feria,nick de']","['hardwick,josh', 'quinn,josh', 'hill,kameron', 'feider,jp', 'mercadel,justice', 'nickens,zachary']",536
300,5292,Austin,Rhodes,0,120-103,"41,62","62,58",2-5,4-2,N/A,N/A,12/02/17,2:00 PM,N/A,Hughey Gym,Lose,2,False,209,False,08:47,"MISS 3PTR by SWIFT,DJ",33 ,,22,,,,"MISS 3PTR by SWIFT,DJ",1,three pointer,missed,rhodes,"swift,dj",,"['mcintyre,william', 'samson,vaughn', 'ashby,kendrick', 'weatherford,mitch', 'swift,dj', 'feria,nick de']","['hardwick,josh', 'quinn,josh', 'hill,kameron', 'feider,jp', 'mercadel,justice', 'nickens,zachary']",527
301,5292,Austin,Rhodes,0,120-103,"41,62","62,58",2-5,4-2,N/A,N/A,12/02/17,2:00 PM,N/A,Hughey Gym,Lose,2,False,209,False,08:47,,33 ,,22,"BLOCK  by MERCADEL,JUSTICE",,,"BLOCK  by MERCADEL,JUSTICE",1,block,,austin,"mercadel,justice",,"['mcintyre,william', 'samson,vaughn', 'ashby,kendrick', 'weatherford,mitch', 'swift,dj', 'feria,nick de']","['hardwick,josh', 'quinn,josh', 'hill,kameron', 'feider,jp', 'mercadel,justice', 'nickens,zachary']",527
302,5292,Austin,Rhodes,0,120-103,"41,62","62,58",2-5,4-2,N/A,N/A,12/02/17,2:00 PM,N/A,Hughey Gym,Lose,2,False,209,False,--,REBOUND OFF by TEAM,33 ,,22,,,,REBOUND OFF by TEAM,1,offensive rebound,,rhodes,,,"['mcintyre,william', 'samson,vaughn', 'ashby,kendrick', 'weatherford,mitch', 'swift,dj', 'feria,nick de']","['hardwick,josh', 'quinn,josh', 'hill,kameron', 'feider,jp', 'mercadel,justice', 'nickens,zachary']",
303,5292,Austin,Rhodes,0,120-103,"41,62","62,58",2-5,4-2,N/A,N/A,12/02/17,2:00 PM,N/A,Hughey Gym,Lose,2,False,209,False,08:32,"GOOD LAYUP by ASHBY,KENDRICK(in the paint)",35 ,,22,,RHODES 35-22 (+13),,"GOOD LAYUP by ASHBY,KENDRICK(in the paint)",1,layup,good,rhodes,"ashby,kendrick",2,"['mcintyre,william', 'samson,vaughn', 'ashby,kendrick', 'weatherford,mitch', 'swift,dj', 'feria,nick de']","['hardwick,josh', 'quinn,josh', 'hill,kameron', 'feider,jp', 'mercadel,justice', 'nickens,zachary']",512
304,5292,Austin,Rhodes,0,120-103,"41,62","62,58",2-5,4-2,N/A,N/A,12/02/17,2:00 PM,N/A,Hughey Gym,Lose,2,False,209,False,--,"ASSIST  by SWIFT,DJ",35 ,,22,,,,"ASSIST  by SWIFT,DJ",1,assist,,rhodes,"swift,dj",,"['mcintyre,william', 'samson,vaughn', 'ashby,kendrick', 'weatherford,mitch', 'swift,dj', 'feria,nick de']","['hardwick,josh', 'quinn,josh', 'hill,kameron', 'feider,jp', 'mercadel,justice', 'nickens,zachary']",
305,5292,Austin,Rhodes,0,120-103,"41,62","62,58",2-5,4-2,N/A,N/A,12/02/17,2:00 PM,N/A,Hughey Gym,Lose,2,False,209,False,08:19,,35 ,,24,"GOOD LAYUP by NICKENS,ZACHARY(fastbreak)(in the paint)",ACM 35-24 (+11),,"GOOD LAYUP by NICKENS,ZACHARY(fastbreak)(in the paint)",1,layup,good,austin,"nickens,zachary(fastbreak)",2,"['mcintyre,william', 'samson,vaughn', 'ashby,kendrick', 'weatherford,mitch', 'swift,dj', 'feria,nick de']","['hardwick,josh', 'quinn,josh', 'hill,kameron', 'feider,jp', 'mercadel,justice', 'nickens,zachary']",499
306,5292,Austin,Rhodes,0,120-103,"41,62","62,58",2-5,4-2,N/A,N/A,12/02/17,2:00 PM,N/A,Hughey Gym,Lose,2,False,209,False,--,,35 ,,24,"ASSIST  by FEIDER,JP",,,"ASSIST  by FEIDER,JP",1,assist,,austin,"feider,jp",,"['mcintyre,william', 'samson,vaughn', 'ashby,kendrick', 'weatherford,mitch', 'swift,dj', 'feria,nick de']","['hardwick,josh', 'quinn,josh', 'hill,kameron', 'feider,jp', 'mercadel,justice', 'nickens,zachary']",
307,5292,Austin,Rhodes,0,120-103,"41,62","62,58",2-5,4-2,N/A,N/A,12/02/17,2:00 PM,N/A,Hughey Gym,Lose,2,False,209,False,08:09,"MISS LAYUP by WEATHERFORD,MITCH",35 ,,24,,,,"MISS LAYUP by WEATHERFORD,MITCH",1,layup,missed,rhodes,"weatherford,mitch",,"['mcintyre,william', 'samson,vaughn', 'ashby,kendrick', 'weatherford,mitch', 'swift,dj', 'feria,nick de']","['hardwick,josh', 'quinn,josh', 'hill,kameron', 'feider,jp', 'mercadel,justice', 'nickens,zachary']",489
308,5292,Austin,Rhodes,0,120-103,"41,62","62,58",2-5,4-2,N/A,N/A,12/02/17,2:00 PM,N/A,Hughey Gym,Lose,2,False,209,False,08:09,,35 ,,24,"BLOCK  by MERCADEL,JUSTICE",,,"BLOCK  by MERCADEL,JUSTICE",1,block,,austin,"mercadel,justice",,"['mcintyre,william', 'samson,vaughn', 'ashby,kendrick', 'weatherford,mitch', 'swift,dj', 'feria,nick de']","['hardwick,josh', 'quinn,josh', 'hill,kameron', 'feider,jp', 'mercadel,justice', 'nickens,zachary']",489
309,5292,Austin,Rhodes,0,120-103,"41,62","62,58",2-5,4-2,N/A,N/A,12/02/17,2:00 PM,N/A,Hughey Gym,Lose,2,False,209,False,--,REBOUND OFF by TEAM,35 ,,24,,,,REBOUND OFF by TEAM,1,offensive rebound,,rhodes,,,"['mcintyre,william', 'samson,vaughn', 'ashby,kendrick', 'weatherford,mitch', 'swift,dj', 'feria,nick de']","['hardwick,josh', 'quinn,josh', 'hill,kameron', 'feider,jp', 'mercadel,justice', 'nickens,zachary']",
310,5292,Austin,Rhodes,0,120-103,"41,62","62,58",2-5,4-2,N/A,N/A,12/02/17,2:00 PM,N/A,Hughey Gym,Lose,2,False,209,False,08:07,,35 ,,24,"SUB IN by HOLLAND,MICHAEL",,,"SUB IN by HOLLAND,MICHAEL",1,subbing in,,austin,"holland,michael",,"['mcintyre,william', 'samson,vaughn', 'ashby,kendrick', 'weatherford,mitch', 'swift,dj', 'feria,nick de']","['hardwick,josh', 'quinn,josh', 'hill,kameron', 'feider,jp', 'mercadel,justice', 'nickens,zachary', 'holland,michael']",487
311,5292,Austin,Rhodes,0,120-103,"41,62","62,58",2-5,4-2,N/A,N/A,12/02/17,2:00 PM,N/A,Hughey Gym,Lose,2,False,209,False,08:07,,35 ,,24,"SUB IN by GARRETT,JOSH",,,"SUB IN by GARRETT,JOSH",1,subbing in,,austin,"garrett,josh",,"['mcintyre,william', 'samson,vaughn', 'ashby,kendrick', 'weatherford,mitch', 'swift,dj', 'feria,nick de']","['hardwick,josh', 'quinn,josh', 'hill,kameron', 'feider,jp', 'mercadel,justice', 'nickens,zachary', 'holland,michael', 'garrett,josh']",487
312,5292,Austin,Rhodes,0,120-103,"41,62","62,58",2-5,4-2,N/A,N/A,12/02/17,2:00 PM,N/A,Hughey Gym,Lose,2,False,209,False,08:07,,35 ,,24,"SUB OUT by FEIDER,JP",,,"SUB OUT by FEIDER,JP",1,subbing out,,austin,"feider,jp",,"['mcintyre,william', 'samson,vaughn', 'ashby,kendrick', 'weatherford,mitch', 'swift,dj', 'feria,nick de']","['hardwick,josh', 'quinn,josh', 'hill,kameron', 'mercadel,justice', 'nickens,zachary', 'holland,michael', 'garrett,josh']",487
313,5292,Austin,Rhodes,0,120-103,"41,62","62,58",2-5,4-2,N/A,N/A,12/02/17,2:00 PM,N/A,Hughey Gym,Lose,2,False,209,False,08:07,,35 ,,24,"SUB OUT by QUINN,JOSH",,,"SUB OUT by QUINN,JOSH",1,subbing out,,austin,"quinn,josh",,"['mcintyre,william', 'samson,vaughn', 'ashby,kendrick', 'weatherford,mitch', 'swift,dj', 'feria,nick de']","['hardwick,josh', 'hill,kameron', 'mercadel,justice', 'nickens,zachary', 'holland,michael', 'garrett,josh']",487
314,5292,Austin,Rhodes,0,120-103,"41,62","62,58",2-5,4-2,N/A,N/A,12/02/17,2:00 PM,N/A,Hughey Gym,Lose,2,False,209,False,08:00,"MISS 3PTR by SWIFT,DJ",35 ,,24,,,,"MISS 3PTR by SWIFT,DJ",1,three pointer,missed,rhodes,"swift,dj",,"['mcintyre,william', 'samson,vaughn', 'ashby,kendrick', 'weatherford,mitch', 'swift,dj', 'feria,nick de']","['hardwick,josh', 'hill,kameron', 'mercadel,justice', 'nickens,zachary', 'holland,michael', 'garrett,josh']",480
315,5292,Austin,Rhodes,0,120-103,"41,62","62,58",2-5,4-2,N/A,N/A,12/02/17,2:00 PM,N/A,Hughey Gym,Lose,2,False,209,False,--,,35 ,,24,"REBOUND DEF by MERCADEL,JUSTICE",,,"REBOUND DEF by MERCADEL,JUSTICE",1,defensive rebound,,austin,"mercadel,justice",,"['mcintyre,william', 'samson,vaughn', 'ashby,kendrick', 'weatherford,mitch', 'swift,dj', 'feria,nick de']","['hardwick,josh', 'hill,kameron', 'mercadel,justice', 'nickens,zachary', 'holland,michael', 'garrett,josh']",
316,5292,Austin,Rhodes,0,120-103,"41,62","62,58",2-5,4-2,N/A,N/A,12/02/17,2:00 PM,N/A,Hughey Gym,Lose,2,False,209,False,07:57,"SUB IN by ROTEMAN,EVAN",35 ,,24,,,,"SUB IN by ROTEMAN,EVAN",1,subbing in,,rhodes,"roteman,evan",,"['mcintyre,william', 'samson,vaughn', 'ashby,kendrick', 'weatherford,mitch', 'swift,dj', 'feria,nick de', 'roteman,evan']","['hardwick,josh', 'hill,kameron', 'mercadel,justice', 'nickens,zachary', 'holland,michael', 'garrett,josh']",477
317,5292,Austin,Rhodes,0,120-103,"41,62","62,58",2-5,4-2,N/A,N/A,12/02/17,2:00 PM,N/A,Hughey Gym,Lose,2,False,209,False,07:57,"SUB IN by GALVIN,OWEN",35 ,,24,,,,"SUB IN by GALVIN,OWEN",1,subbing in,,rhodes,"galvin,owen",,"['mcintyre,william', 'samson,vaughn', 'ashby,kendrick', 'weatherford,mitch', 'swift,dj', 'feria,nick de', 'roteman,evan', 'galvin,owen']","['hardwick,josh', 'hill,kameron', 'mercadel,justice', 'nickens,zachary', 'holland,michael', 'garrett,josh']",477
318,5292,Austin,Rhodes,0,120-103,"41,62","62,58",2-5,4-2,N/A,N/A,12/02/17,2:00 PM,N/A,Hughey Gym,Lose,2,False,209,False,07:57,"SUB IN by BERRY,BRYCE",35 ,,24,,,,"SUB IN by BERRY,BRYCE",1,subbing in,,rhodes,"berry,bryce",,"['mcintyre,william', 'samson,vaughn', 'ashby,kendrick', 'weatherford,mitch', 'swift,dj', 'feria,nick de', 'roteman,evan', 'galvin,owen', 'berry,bryce']","['hardwick,josh', 'hill,kameron', 'mercadel,justice', 'nickens,zachary', 'holland,michael', 'garrett,josh']",477
319,5292,Austin,Rhodes,0,120-103,"41,62","62,58",2-5,4-2,N/A,N/A,12/02/17,2:00 PM,N/A,Hughey Gym,Lose,2,False,209,False,07:57,"SUB IN by LOVE,KERRY",35 ,,24,,,,"SUB IN by LOVE,KERRY",1,subbing in,,rhodes,"love,kerry",,"['mcintyre,william', 'samson,vaughn', 'ashby,kendrick', 'weatherford,mitch', 'swift,dj', 'feria,nick de', 'roteman,evan', 'galvin,owen', 'berry,bryce', 'love,kerry']","['hardwick,josh', 'hill,kameron', 'mercadel,justice', 'nickens,zachary', 'holland,michael', 'garrett,josh']",477
320,5292,Austin,Rhodes,0,120-103,"41,62","62,58",2-5,4-2,N/A,N/A,12/02/17,2:00 PM,N/A,Hughey Gym,Lose,2,False,209,False,07:57,"SUB IN by DARST,DANIEL",35 ,,24,,,,"SUB IN by DARST,DANIEL",1,subbing in,,rhodes,"darst,daniel",,"['mcintyre,william', 'samson,vaughn', 'ashby,kendrick', 'weatherford,mitch', 'swift,dj', 'feria,nick de', 'roteman,evan', 'galvin,owen', 'berry,bryce', 'love,kerry', 'darst,daniel']","['hardwick,josh', 'hill,kameron', 'mercadel,justice', 'nickens,zachary', 'holland,michael', 'garrett,josh']",477
321,5292,Austin,Rhodes,0,120-103,"41,62","62,58",2-5,4-2,N/A,N/A,12/02/17,2:00 PM,N/A,Hughey Gym,Lose,2,False,209,False,07:57,"SUB OUT by SAMSON,VAUGHN",35 ,,24,,,,"SUB OUT by SAMSON,VAUGHN",1,subbing out,,rhodes,"samson,vaughn",,"['mcintyre,william', 'ashby,kendrick', 'weatherford,mitch', 'swift,dj', 'feria,nick de', 'roteman,evan', 'galvin,owen', 'berry,bryce', 'love,kerry', 'darst,daniel']","['hardwick,josh', 'hill,kameron', 'mercadel,justice', 'nickens,zachary', 'holland,michael', 'garrett,josh']",477
322,5292,Austin,Rhodes,0,120-103,"41,62","62,58",2-5,4-2,N/A,N/A,12/02/17,2:00 PM,N/A,Hughey Gym,Lose,2,False,209,False,07:57,"SUB OUT by ASHBY,KENDRICK",35 ,,24,,,,"SUB OUT by ASHBY,KENDRICK",1,subbing out,,rhodes,"ashby,kendrick",,"['mcintyre,william', 'weatherford,mitch', 'swift,dj', 'feria,nick de', 'roteman,evan', 'galvin,owen', 'berry,bryce', 'love,kerry', 'darst,daniel']","['hardwick,josh', 'hill,kameron', 'mercadel,justice', 'nickens,zachary', 'holland,michael', 'garrett,josh']",477
323,5292,Austin,Rhodes,0,120-103,"41,62","62,58",2-5,4-2,N/A,N/A,12/02/17,2:00 PM,N/A,Hughey Gym,Lose,2,False,209,False,07:57,"SUB OUT by SWIFT,DJ",35 ,,24,,,,"SUB OUT by SWIFT,DJ",1,subbing out,,rhodes,"swift,dj",,"['mcintyre,william', 'weatherford,mitch', 'feria,nick de', 'roteman,evan', 'galvin,owen', 'berry,bryce', 'love,kerry', 'darst,daniel']","['hardwick,josh', 'hill,kameron', 'mercadel,justice', 'nickens,zachary', 'holland,michael', 'garrett,josh']",477
324,5292,Austin,Rhodes,0,120-103,"41,62","62,58",2-5,4-2,N/A,N/A,12/02/17,2:00 PM,N/A,Hughey Gym,Lose,2,False,209,False,07:57,"SUB OUT by FERIA,NICK DE",35 ,,24,,,,"SUB OUT by FERIA,NICK DE",1,subbing out,,rhodes,"feria,nick de",,"['mcintyre,william', 'weatherford,mitch', 'roteman,evan', 'galvin,owen', 'berry,bryce', 'love,kerry', 'darst,daniel']","['hardwick,josh', 'hill,kameron', 'mercadel,justice', 'nickens,zachary', 'holland,michael', 'garrett,josh']",477
325,5292,Austin,Rhodes,0,120-103,"41,62","62,58",2-5,4-2,N/A,N/A,12/02/17,2:00 PM,N/A,Hughey Gym,Lose,2,False,209,False,07:57,"SUB OUT by WEATHERFORD,MITCH",35 ,,24,,,,"SUB OUT by WEATHERFORD,MITCH",1,subbing out,,rhodes,"weatherford,mitch",,"['mcintyre,william', 'roteman,evan', 'galvin,owen', 'berry,bryce', 'love,kerry', 'darst,daniel']","['hardwick,josh', 'hill,kameron', 'mercadel,justice', 'nickens,zachary', 'holland,michael', 'garrett,josh']",477
326,5292,Austin,Rhodes,0,120-103,"41,62","62,58",2-5,4-2,N/A,N/A,12/02/17,2:00 PM,N/A,Hughey Gym,Lose,2,False,209,False,07:52,,35 ,,26,"GOOD LAYUP by HOLLAND,MICHAEL(fastbreak)(in the paint)",ACM 35-26 (+9),,"GOOD LAYUP by HOLLAND,MICHAEL(fastbreak)(in the paint)",1,layup,good,austin,"holland,michael(fastbreak)",2,"['mcintyre,william', 'roteman,evan', 'galvin,owen', 'berry,bryce', 'love,kerry', 'darst,daniel']","['hardwick,josh', 'hill,kameron', 'mercadel,justice', 'nickens,zachary', 'holland,michael', 'garrett,josh']",472
327,5292,Austin,Rhodes,0,120-103,"41,62","62,58",2-5,4-2,N/A,N/A,12/02/17,2:00 PM,N/A,Hughey Gym,Lose,2,False,209,False,--,,35 ,,26,"ASSIST  by HARDWICK,JOSH",,,"ASSIST  by HARDWICK,JOSH",1,assist,,austin,"hardwick,josh",,"['mcintyre,william', 'roteman,evan', 'galvin,owen', 'berry,bryce', 'love,kerry', 'darst,daniel']","['hardwick,josh', 'hill,kameron', 'mercadel,justice', 'nickens,zachary', 'holland,michael', 'garrett,josh']",
328,5292,Austin,Rhodes,0,120-103,"41,62","62,58",2-5,4-2,N/A,N/A,12/02/17,2:00 PM,N/A,Hughey Gym,Lose,2,False,209,False,07:38,"GOOD 3PTR by ROTEMAN,EVAN",38 ,,26,,RHODES 38-26 (+12),,"GOOD 3PTR by ROTEMAN,EVAN",1,three pointer,good,rhodes,"roteman,evan",3,"['mcintyre,william', 'roteman,evan', 'galvin,owen', 'berry,bryce', 'love,kerry', 'darst,daniel']","['hardwick,josh', 'hill,kameron', 'mercadel,justice', 'nickens,zachary', 'holland,michael', 'garrett,josh']",458
329,5292,Austin,Rhodes,0,120-103,"41,62","62,58",2-5,4-2,N/A,N/A,12/02/17,2:00 PM,N/A,Hughey Gym,Lose,2,False,209,False,--,"ASSIST  by GALVIN,OWEN",38 ,,26,,,,"ASSIST  by GALVIN,OWEN",1,assist,,rhodes,"galvin,owen",,"['mcintyre,william', 'roteman,evan', 'galvin,owen', 'berry,bryce', 'love,kerry', 'darst,daniel']","['hardwick,josh', 'hill,kameron', 'mercadel,justice', 'nickens,zachary', 'holland,michael', 'garrett,josh']",
330,5292,Austin,Rhodes,0,120-103,"41,62","62,58",2-5,4-2,N/A,N/A,12/02/17,2:00 PM,N/A,Hughey Gym,Lose,2,False,209,False,07:24,,38 ,,26,"MISS JUMPER by NICKENS,ZACHARY",,,"MISS JUMPER by NICKENS,ZACHARY",1,jumper,missed,austin,"nickens,zachary",,"['mcintyre,william', 'roteman,evan', 'galvin,owen', 'berry,bryce', 'love,kerry', 'darst,daniel']","['hardwick,josh', 'hill,kameron', 'mercadel,justice', 'nickens,zachary', 'holland,michael', 'garrett,josh']",444
331,5292,Austin,Rhodes,0,120-103,"41,62","62,58",2-5,4-2,N/A,N/A,12/02/17,2:00 PM,N/A,Hughey Gym,Lose,2,False,209,False,--,"REBOUND DEF by ROTEMAN,EVAN",38 ,,26,,,,"REBOUND DEF by ROTEMAN,EVAN",1,defensive rebound,,rhodes,"roteman,evan",,"['mcintyre,william', 'roteman,evan', 'galvin,owen', 'berry,bryce', 'love,kerry', 'darst,daniel']","['hardwick,josh', 'hill,kameron', 'mercadel,justice', 'nickens,zachary', 'holland,michael', 'garrett,josh']",
332,5292,Austin,Rhodes,0,120-103,"41,62","62,58",2-5,4-2,N/A,N/A,12/02/17,2:00 PM,N/A,Hughey Gym,Lose,2,False,209,False,07:08,,38 ,,26,"FOUL  by NICKENS,ZACHARY",,,"FOUL  by NICKENS,ZACHARY",1,foul,,austin,"nickens,zachary",,"['mcintyre,william', 'roteman,evan', 'galvin,owen', 'berry,bryce', 'love,kerry', 'darst,daniel']","['hardwick,josh', 'hill,kameron', 'mercadel,justice', 'nickens,zachary', 'holland,michael', 'garrett,josh']",428
333,5292,Austin,Rhodes,0,120-103,"41,62","62,58",2-5,4-2,N/A,N/A,12/02/17,2:00 PM,N/A,Hughey Gym,Lose,2,False,209,False,07:08,,38 ,,26,TIMEOUT 30SEC by TEAM,,,TIMEOUT 30SEC by TEAM,1,timeout,,austin,,,"['mcintyre,william', 'roteman,evan', 'galvin,owen', 'berry,bryce', 'love,kerry', 'darst,daniel']","['hardwick,josh', 'hill,kameron', 'mercadel,justice', 'nickens,zachary', 'holland,michael', 'garrett,josh']",428
334,5292,Austin,Rhodes,0,120-103,"41,62","62,58",2-5,4-2,N/A,N/A,12/02/17,2:00 PM,N/A,Hughey Gym,Lose,2,False,209,False,07:08,"GOOD FT by BERRY,BRYCE",39 ,,26,,RHODES 39-26 (+13),,"GOOD FT by BERRY,BRYCE",1,free throw,good,rhodes,"berry,bryce",1,"['mcintyre,william', 'roteman,evan', 'galvin,owen', 'berry,bryce', 'love,kerry', 'darst,daniel']","['hardwick,josh', 'hill,kameron', 'mercadel,justice', 'nickens,zachary', 'holland,michael', 'garrett,josh']",428
335,5292,Austin,Rhodes,0,120-103,"41,62","62,58",2-5,4-2,N/A,N/A,12/02/17,2:00 PM,N/A,Hughey Gym,Lose,2,False,209,False,07:08,"GOOD FT by BERRY,BRYCE",40 ,,26,,RHODES 40-26 (+14),,"GOOD FT by BERRY,BRYCE",1,free throw,good,rhodes,"berry,bryce",1,"['mcintyre,william', 'roteman,evan', 'galvin,owen', 'berry,bryce', 'love,kerry', 'darst,daniel']","['hardwick,josh', 'hill,kameron', 'mercadel,justice', 'nickens,zachary', 'holland,michael', 'garrett,josh']",428
336,5292,Austin,Rhodes,0,120-103,"41,62","62,58",2-5,4-2,N/A,N/A,12/02/17,2:00 PM,N/A,Hughey Gym,Lose,2,False,209,False,07:08,"SUB IN by EVANS,ANDREW",40 ,,26,,,,"SUB IN by EVANS,ANDREW",1,subbing in,,rhodes,"evans,andrew",,"['mcintyre,william', 'roteman,evan', 'galvin,owen', 'berry,bryce', 'love,kerry', 'darst,daniel', 'evans,andrew']","['hardwick,josh', 'hill,kameron', 'mercadel,justice', 'nickens,zachary', 'holland,michael', 'garrett,josh']",428
337,5292,Austin,Rhodes,0,120-103,"41,62","62,58",2-5,4-2,N/A,N/A,12/02/17,2:00 PM,N/A,Hughey Gym,Lose,2,False,209,False,07:08,"SUB IN by MCINTYRE,WILLIAM",40 ,,26,,,,"SUB IN by MCINTYRE,WILLIAM",1,subbing in,,rhodes,"mcintyre,william",,"['mcintyre,william', 'roteman,evan', 'galvin,owen', 'berry,bryce', 'love,kerry', 'darst,daniel', 'evans,andrew']","['hardwick,josh', 'hill,kameron', 'mercadel,justice', 'nickens,zachary', 'holland,michael', 'garrett,josh']",428
338,5292,Austin,Rhodes,0,120-103,"41,62","62,58",2-5,4-2,N/A,N/A,12/02/17,2:00 PM,N/A,Hughey Gym,Lose,2,False,209,False,07:08,"SUB IN by DALTON,PRICE",40 ,,26,,,,"SUB IN by DALTON,PRICE",1,subbing in,,rhodes,"dalton,price",,"['mcintyre,william', 'roteman,evan', 'galvin,owen', 'berry,bryce', 'love,kerry', 'darst,daniel', 'evans,andrew']","['hardwick,josh', 'hill,kameron', 'mercadel,justice', 'nickens,zachary', 'holland,michael', 'garrett,josh']",428
339,5292,Austin,Rhodes,0,120-103,"41,62","62,58",2-5,4-2,N/A,N/A,12/02/17,2:00 PM,N/A,Hughey Gym,Lose,2,False,209,False,07:08,"SUB IN by NESTLEHUTT,JAKE",40 ,,26,,,,"SUB IN by NESTLEHUTT,JAKE",1,subbing in,,rhodes,"nestlehutt,jake",,"['mcintyre,william', 'roteman,evan', 'galvin,owen', 'berry,bryce', 'love,kerry', 'darst,daniel', 'evans,andrew', 'nestlehutt,jake']","['hardwick,josh', 'hill,kameron', 'mercadel,justice', 'nickens,zachary', 'holland,michael', 'garrett,josh']",428
340,5292,Austin,Rhodes,0,120-103,"41,62","62,58",2-5,4-2,N/A,N/A,12/02/17,2:00 PM,N/A,Hughey Gym,Lose,2,False,209,False,07:08,"SUB IN by NYAWATA,ANESU",40 ,,26,,,,"SUB IN by NYAWATA,ANESU",1,subbing in,,rhodes,"nyawata,anesu",,"['mcintyre,william', 'roteman,evan', 'galvin,owen', 'berry,bryce', 'love,kerry', 'darst,daniel', 'evans,andrew', 'nestlehutt,jake', 'nyawata,anesu']","['hardwick,josh', 'hill,kameron', 'mercadel,justice', 'nickens,zachary', 'holland,michael', 'garrett,josh']",428
341,5292,Austin,Rhodes,0,120-103,"41,62","62,58",2-5,4-2,N/A,N/A,12/02/17,2:00 PM,N/A,Hughey Gym,Lose,2,False,209,False,07:08,"SUB OUT by BERRY,BRYCE",40 ,,26,,,,"SUB OUT by BERRY,BRYCE",1,subbing out,,rhodes,"berry,bryce",,"['mcintyre,william', 'roteman,evan', 'galvin,owen', 'love,kerry', 'darst,daniel', 'evans,andrew', 'nestlehutt,jake', 'nyawata,anesu']","['hardwick,josh', 'hill,kameron', 'mercadel,justice', 'nickens,zachary', 'holland,michael', 'garrett,josh']",428
342,5292,Austin,Rhodes,0,120-103,"41,62","62,58",2-5,4-2,N/A,N/A,12/02/17,2:00 PM,N/A,Hughey Gym,Lose,2,False,209,False,07:08,"SUB OUT by LOVE,KERRY",40 ,,26,,,,"SUB OUT by LOVE,KERRY",1,subbing out,,rhodes,"love,kerry",,"['mcintyre,william', 'roteman,evan', 'galvin,owen', 'darst,daniel', 'evans,andrew', 'nestlehutt,jake', 'nyawata,anesu']","['hardwick,josh', 'hill,kameron', 'mercadel,justice', 'nickens,zachary', 'holland,michael', 'garrett,josh']",428
343,5292,Austin,Rhodes,0,120-103,"41,62","62,58",2-5,4-2,N/A,N/A,12/02/17,2:00 PM,N/A,Hughey Gym,Lose,2,False,209,False,07:08,"SUB OUT by GALVIN,OWEN",40 ,,26,,,,"SUB OUT by GALVIN,OWEN",1,subbing out,,rhodes,"galvin,owen",,"['mcintyre,william', 'roteman,evan', 'darst,daniel', 'evans,andrew', 'nestlehutt,jake', 'nyawata,anesu']","['hardwick,josh', 'hill,kameron', 'mercadel,justice', 'nickens,zachary', 'holland,michael', 'garrett,josh']",428
344,5292,Austin,Rhodes,0,120-103,"41,62","62,58",2-5,4-2,N/A,N/A,12/02/17,2:00 PM,N/A,Hughey Gym,Lose,2,False,209,False,07:08,"SUB OUT by DARST,DANIEL",40 ,,26,,,,"SUB OUT by DARST,DANIEL",1,subbing out,,rhodes,"darst,daniel",,"['mcintyre,william', 'roteman,evan', 'evans,andrew', 'nestlehutt,jake', 'nyawata,anesu']","['hardwick,josh', 'hill,kameron', 'mercadel,justice', 'nickens,zachary', 'holland,michael', 'garrett,josh']",428
345,5292,Austin,Rhodes,0,120-103,"41,62","62,58",2-5,4-2,N/A,N/A,12/02/17,2:00 PM,N/A,Hughey Gym,Lose,2,False,209,False,07:08,"SUB OUT by ROTEMAN,EVAN",40 ,,26,,,,"SUB OUT by ROTEMAN,EVAN",1,subbing out,,rhodes,"roteman,evan",,"['mcintyre,william', 'evans,andrew', 'nestlehutt,jake', 'nyawata,anesu']","['hardwick,josh', 'hill,kameron', 'mercadel,justice', 'nickens,zachary', 'holland,michael', 'garrett,josh']",428
346,5292,Austin,Rhodes,0,120-103,"41,62","62,58",2-5,4-2,N/A,N/A,12/02/17,2:00 PM,N/A,Hughey Gym,Lose,2,False,209,False,07:03,,40 ,,26,"TURNOVER  by HOLLAND,MICHAEL",,,"TURNOVER  by HOLLAND,MICHAEL",1,turnover,,austin,"holland,michael",,"['mcintyre,william', 'evans,andrew', 'nestlehutt,jake', 'nyawata,anesu']","['hardwick,josh', 'hill,kameron', 'mercadel,justice', 'nickens,zachary', 'holland,michael', 'garrett,josh']",423
347,5292,Austin,Rhodes,0,120-103,"41,62","62,58",2-5,4-2,N/A,N/A,12/02/17,2:00 PM,N/A,Hughey Gym,Lose,2,False,209,False,06:44,,40 ,,26,"FOUL  by MERCADEL,JUSTICE",,,"FOUL  by MERCADEL,JUSTICE",1,foul,,austin,"mercadel,justice",,"['mcintyre,william', 'evans,andrew', 'nestlehutt,jake', 'nyawata,anesu']","['hardwick,josh', 'hill,kameron', 'mercadel,justice', 'nickens,zachary', 'holland,michael', 'garrett,josh']",404
348,5292,Austin,Rhodes,0,120-103,"41,62","62,58",2-5,4-2,N/A,N/A,12/02/17,2:00 PM,N/A,Hughey Gym,Lose,2,False,209,False,06:44,,40 ,,26,"SUB IN by HOGAN,KAM",,,"SUB IN by HOGAN,KAM",1,subbing in,,austin,"hogan,kam",,"['mcintyre,william', 'evans,andrew', 'nestlehutt,jake', 'nyawata,anesu']","['hardwick,josh', 'hill,kameron', 'mercadel,justice', 'nickens,zachary', 'holland,michael', 'garrett,josh', 'hogan,kam']",404
349,5292,Austin,Rhodes,0,120-103,"41,62","62,58",2-5,4-2,N/A,N/A,12/02/17,2:00 PM,N/A,Hughey Gym,Lose,2,False,209,False,06:44,,40 ,,26,"SUB OUT by MERCADEL,JUSTICE",,,"SUB OUT by MERCADEL,JUSTICE",1,subbing out,,austin,"mercadel,justice",,"['mcintyre,william', 'evans,andrew', 'nestlehutt,jake', 'nyawata,anesu']","['hardwick,josh', 'hill,kameron', 'nickens,zachary', 'holland,michael', 'garrett,josh', 'hogan,kam']",404
350,5292,Austin,Rhodes,0,120-103,"41,62","62,58",2-5,4-2,N/A,N/A,12/02/17,2:00 PM,N/A,Hughey Gym,Lose,2,False,209,False,06:26,"MISS JUMPER by EVANS,ANDREW",40 ,,26,,,,"MISS JUMPER by EVANS,ANDREW",1,jumper,missed,rhodes,"evans,andrew",,"['mcintyre,william', 'evans,andrew', 'nestlehutt,jake', 'nyawata,anesu']","['hardwick,josh', 'hill,kameron', 'nickens,zachary', 'holland,michael', 'garrett,josh', 'hogan,kam']",386
351,5292,Austin,Rhodes,0,120-103,"41,62","62,58",2-5,4-2,N/A,N/A,12/02/17,2:00 PM,N/A,Hughey Gym,Lose,2,False,209,False,06:26,,40 ,,26,"BLOCK  by MERCADEL,JUSTICE",,,"BLOCK  by MERCADEL,JUSTICE",1,block,,austin,"mercadel,justice",,"['mcintyre,william', 'evans,andrew', 'nestlehutt,jake', 'nyawata,anesu']","['hardwick,josh', 'hill,kameron', 'nickens,zachary', 'holland,michael', 'garrett,josh', 'hogan,kam']",386
352,5292,Austin,Rhodes,0,120-103,"41,62","62,58",2-5,4-2,N/A,N/A,12/02/17,2:00 PM,N/A,Hughey Gym,Lose,2,False,209,False,--,REBOUND OFF by TEAM,40 ,,26,,,,REBOUND OFF by TEAM,1,offensive rebound,,rhodes,,,"['mcintyre,william', 'evans,andrew', 'nestlehutt,jake', 'nyawata,anesu']","['hardwick,josh', 'hill,kameron', 'nickens,zachary', 'holland,michael', 'garrett,josh', 'hogan,kam']",
353,5292,Austin,Rhodes,0,120-103,"41,62","62,58",2-5,4-2,N/A,N/A,12/02/17,2:00 PM,N/A,Hughey Gym,Lose,2,False,209,False,06:23,"MISS 3PTR by NESTLEHUTT,JAKE",40 ,,26,,,,"MISS 3PTR by NESTLEHUTT,JAKE",1,three pointer,missed,rhodes,"nestlehutt,jake",,"['mcintyre,william', 'evans,andrew', 'nestlehutt,jake', 'nyawata,anesu']","['hardwick,josh', 'hill,kameron', 'nickens,zachary', 'holland,michael', 'garrett,josh', 'hogan,kam']",383
354,5292,Austin,Rhodes,0,120-103,"41,62","62,58",2-5,4-2,N/A,N/A,12/02/17,2:00 PM,N/A,Hughey Gym,Lose,2,False,209,False,--,"REBOUND OFF by MCINTYRE,WILLIAM",40 ,,26,,,,"REBOUND OFF by MCINTYRE,WILLIAM",1,offensive rebound,,rhodes,"mcintyre,william",,"['mcintyre,william', 'evans,andrew', 'nestlehutt,jake', 'nyawata,anesu']","['hardwick,josh', 'hill,kameron', 'nickens,zachary', 'holland,michael', 'garrett,josh', 'hogan,kam']",
355,5292,Austin,Rhodes,0,120-103,"41,62","62,58",2-5,4-2,N/A,N/A,12/02/17,2:00 PM,N/A,Hughey Gym,Lose,2,False,209,False,06:19,"GOOD 3PTR by EVANS,ANDREW",43 ,,26,,RHODES 43-26 (+17),,"GOOD 3PTR by EVANS,ANDREW",1,three pointer,good,rhodes,"evans,andrew",3,"['mcintyre,william', 'evans,andrew', 'nestlehutt,jake', 'nyawata,anesu']","['hardwick,josh', 'hill,kameron', 'nickens,zachary', 'holland,michael', 'garrett,josh', 'hogan,kam']",379
356,5292,Austin,Rhodes,0,120-103,"41,62","62,58",2-5,4-2,N/A,N/A,12/02/17,2:00 PM,N/A,Hughey Gym,Lose,2,False,209,False,--,"ASSIST  by MCINTYRE,WILLIAM",43 ,,26,,,,"ASSIST  by MCINTYRE,WILLIAM",1,assist,,rhodes,"mcintyre,william",,"['mcintyre,william', 'evans,andrew', 'nestlehutt,jake', 'nyawata,anesu']","['hardwick,josh', 'hill,kameron', 'nickens,zachary', 'holland,michael', 'garrett,josh', 'hogan,kam']",
357,5292,Austin,Rhodes,0,120-103,"41,62","62,58",2-5,4-2,N/A,N/A,12/02/17,2:00 PM,N/A,Hughey Gym,Lose,2,False,209,False,06:03,,43 ,,28,"GOOD LAYUP by NICKENS,ZACHARY(in the paint)",ACM 43-28 (+15),,"GOOD LAYUP by NICKENS,ZACHARY(in the paint)",1,layup,good,austin,"nickens,zachary",2,"['mcintyre,william', 'evans,andrew', 'nestlehutt,jake', 'nyawata,anesu']","['hardwick,josh', 'hill,kameron', 'nickens,zachary', 'holland,michael', 'garrett,josh', 'hogan,kam']",363
358,5292,Austin,Rhodes,0,120-103,"41,62","62,58",2-5,4-2,N/A,N/A,12/02/17,2:00 PM,N/A,Hughey Gym,Lose,2,False,209,False,--,,43 ,,28,"ASSIST  by HOLLAND,MICHAEL",,,"ASSIST  by HOLLAND,MICHAEL",1,assist,,austin,"holland,michael",,"['mcintyre,william', 'evans,andrew', 'nestlehutt,jake', 'nyawata,anesu']","['hardwick,josh', 'hill,kameron', 'nickens,zachary', 'holland,michael', 'garrett,josh', 'hogan,kam']",
359,5292,Austin,Rhodes,0,120-103,"41,62","62,58",2-5,4-2,N/A,N/A,12/02/17,2:00 PM,N/A,Hughey Gym,Lose,2,False,209,False,05:53,"SUB IN by FERIA,NICK DE",43 ,,28,,,,"SUB IN by FERIA,NICK DE",1,subbing in,,rhodes,"feria,nick de",,"['mcintyre,william', 'evans,andrew', 'nestlehutt,jake', 'nyawata,anesu', 'feria,nick de']","['hardwick,josh', 'hill,kameron', 'nickens,zachary', 'holland,michael', 'garrett,josh', 'hogan,kam']",353
360,5292,Austin,Rhodes,0,120-103,"41,62","62,58",2-5,4-2,N/A,N/A,12/02/17,2:00 PM,N/A,Hughey Gym,Lose,2,False,209,False,05:53,"SUB IN by WEATHERFORD,MITCH",43 ,,28,,,,"SUB IN by WEATHERFORD,MITCH",1,subbing in,,rhodes,"weatherford,mitch",,"['mcintyre,william', 'evans,andrew', 'nestlehutt,jake', 'nyawata,anesu', 'feria,nick de', 'weatherford,mitch']","['hardwick,josh', 'hill,kameron', 'nickens,zachary', 'holland,michael', 'garrett,josh', 'hogan,kam']",353
361,5292,Austin,Rhodes,0,120-103,"41,62","62,58",2-5,4-2,N/A,N/A,12/02/17,2:00 PM,N/A,Hughey Gym,Lose,2,False,209,False,05:53,"SUB IN by SAMSON,VAUGHN",43 ,,28,,,,"SUB IN by SAMSON,VAUGHN",1,subbing in,,rhodes,"samson,vaughn",,"['mcintyre,william', 'evans,andrew', 'nestlehutt,jake', 'nyawata,anesu', 'feria,nick de', 'weatherford,mitch', 'samson,vaughn']","['hardwick,josh', 'hill,kameron', 'nickens,zachary', 'holland,michael', 'garrett,josh', 'hogan,kam']",353
362,5292,Austin,Rhodes,0,120-103,"41,62","62,58",2-5,4-2,N/A,N/A,12/02/17,2:00 PM,N/A,Hughey Gym,Lose,2,False,209,False,05:53,"SUB IN by SWIFT,DJ",43 ,,28,,,,"SUB IN by SWIFT,DJ",1,subbing in,,rhodes,"swift,dj",,"['mcintyre,william', 'evans,andrew', 'nestlehutt,jake', 'nyawata,anesu', 'feria,nick de', 'weatherford,mitch', 'samson,vaughn', 'swift,dj']","['hardwick,josh', 'hill,kameron', 'nickens,zachary', 'holland,michael', 'garrett,josh', 'hogan,kam']",353
363,5292,Austin,Rhodes,0,120-103,"41,62","62,58",2-5,4-2,N/A,N/A,12/02/17,2:00 PM,N/A,Hughey Gym,Lose,2,False,209,False,05:53,"SUB IN by ASHBY,KENDRICK",43 ,,28,,,,"SUB IN by ASHBY,KENDRICK",1,subbing in,,rhodes,"ashby,kendrick",,"['mcintyre,william', 'evans,andrew', 'nestlehutt,jake', 'nyawata,anesu', 'feria,nick de', 'weatherford,mitch', 'samson,vaughn', 'swift,dj', 'ashby,kendrick']","['hardwick,josh', 'hill,kameron', 'nickens,zachary', 'holland,michael', 'garrett,josh', 'hogan,kam']",353
364,5292,Austin,Rhodes,0,120-103,"41,62","62,58",2-5,4-2,N/A,N/A,12/02/17,2:00 PM,N/A,Hughey Gym,Lose,2,False,209,False,05:53,"SUB OUT by EVANS,ANDREW",43 ,,28,,,,"SUB OUT by EVANS,ANDREW",1,subbing out,,rhodes,"evans,andrew",,"['mcintyre,william', 'nestlehutt,jake', 'nyawata,anesu', 'feria,nick de', 'weatherford,mitch', 'samson,vaughn', 'swift,dj', 'ashby,kendrick']","['hardwick,josh', 'hill,kameron', 'nickens,zachary', 'holland,michael', 'garrett,josh', 'hogan,kam']",353
365,5292,Austin,Rhodes,0,120-103,"41,62","62,58",2-5,4-2,N/A,N/A,12/02/17,2:00 PM,N/A,Hughey Gym,Lose,2,False,209,False,05:53,"SUB OUT by MCINTYRE,WILLIAM",43 ,,28,,,,"SUB OUT by MCINTYRE,WILLIAM",1,subbing out,,rhodes,"mcintyre,william",,"['nestlehutt,jake', 'nyawata,anesu', 'feria,nick de', 'weatherford,mitch', 'samson,vaughn', 'swift,dj', 'ashby,kendrick']","['hardwick,josh', 'hill,kameron', 'nickens,zachary', 'holland,michael', 'garrett,josh', 'hogan,kam']",353
366,5292,Austin,Rhodes,0,120-103,"41,62","62,58",2-5,4-2,N/A,N/A,12/02/17,2:00 PM,N/A,Hughey Gym,Lose,2,False,209,False,05:53,"SUB OUT by NESTLEHUTT,JAKE",43 ,,28,,,,"SUB OUT by NESTLEHUTT,JAKE",1,subbing out,,rhodes,"nestlehutt,jake",,"['nyawata,anesu', 'feria,nick de', 'weatherford,mitch', 'samson,vaughn', 'swift,dj', 'ashby,kendrick']","['hardwick,josh', 'hill,kameron', 'nickens,zachary', 'holland,michael', 'garrett,josh', 'hogan,kam']",353
367,5292,Austin,Rhodes,0,120-103,"41,62","62,58",2-5,4-2,N/A,N/A,12/02/17,2:00 PM,N/A,Hughey Gym,Lose,2,False,209,False,05:53,"SUB OUT by NYAWATA,ANESU",43 ,,28,,,,"SUB OUT by NYAWATA,ANESU",1,subbing out,,rhodes,"nyawata,anesu",,"['feria,nick de', 'weatherford,mitch', 'samson,vaughn', 'swift,dj', 'ashby,kendrick']","['hardwick,josh', 'hill,kameron', 'nickens,zachary', 'holland,michael', 'garrett,josh', 'hogan,kam']",353
368,5292,Austin,Rhodes,0,120-103,"41,62","62,58",2-5,4-2,N/A,N/A,12/02/17,2:00 PM,N/A,Hughey Gym,Lose,2,False,209,False,05:53,"SUB OUT by DALTON,PRICE",43 ,,28,,,,"SUB OUT by DALTON,PRICE",1,subbing out,,rhodes,"dalton,price",,"['feria,nick de', 'weatherford,mitch', 'samson,vaughn', 'swift,dj', 'ashby,kendrick']","['hardwick,josh', 'hill,kameron', 'nickens,zachary', 'holland,michael', 'garrett,josh', 'hogan,kam']",353
369,5292,Austin,Rhodes,0,120-103,"41,62","62,58",2-5,4-2,N/A,N/A,12/02/17,2:00 PM,N/A,Hughey Gym,Lose,2,False,209,False,05:53,,43 ,,28,"SUB IN by HILL,KAMERON",,,"SUB IN by HILL,KAMERON",1,subbing in,,austin,"hill,kameron",,"['feria,nick de', 'weatherford,mitch', 'samson,vaughn', 'swift,dj', 'ashby,kendrick']","['hardwick,josh', 'hill,kameron', 'nickens,zachary', 'holland,michael', 'garrett,josh', 'hogan,kam']",353
370,5292,Austin,Rhodes,0,120-103,"41,62","62,58",2-5,4-2,N/A,N/A,12/02/17,2:00 PM,N/A,Hughey Gym,Lose,2,False,209,False,05:53,,43 ,,28,"SUB IN by MERCADEL,JUSTICE",,,"SUB IN by MERCADEL,JUSTICE",1,subbing in,,austin,"mercadel,justice",,"['feria,nick de', 'weatherford,mitch', 'samson,vaughn', 'swift,dj', 'ashby,kendrick']","['hardwick,josh', 'hill,kameron', 'nickens,zachary', 'holland,michael', 'garrett,josh', 'hogan,kam', 'mercadel,justice']",353
371,5292,Austin,Rhodes,0,120-103,"41,62","62,58",2-5,4-2,N/A,N/A,12/02/17,2:00 PM,N/A,Hughey Gym,Lose,2,False,209,False,05:53,,43 ,,28,"SUB OUT by GARRETT,JOSH",,,"SUB OUT by GARRETT,JOSH",1,subbing out,,austin,"garrett,josh",,"['feria,nick de', 'weatherford,mitch', 'samson,vaughn', 'swift,dj', 'ashby,kendrick']","['hardwick,josh', 'hill,kameron', 'nickens,zachary', 'holland,michael', 'hogan,kam', 'mercadel,justice']",353
372,5292,Austin,Rhodes,0,120-103,"41,62","62,58",2-5,4-2,N/A,N/A,12/02/17,2:00 PM,N/A,Hughey Gym,Lose,2,False,209,False,05:53,,43 ,,28,"SUB OUT by HARDWICK,JOSH",,,"SUB OUT by HARDWICK,JOSH",1,subbing out,,austin,"hardwick,josh",,"['feria,nick de', 'weatherford,mitch', 'samson,vaughn', 'swift,dj', 'ashby,kendrick']","['hill,kameron', 'nickens,zachary', 'holland,michael', 'hogan,kam', 'mercadel,justice']",353
373,5292,Austin,Rhodes,0,120-103,"41,62","62,58",2-5,4-2,N/A,N/A,12/02/17,2:00 PM,N/A,Hughey Gym,Lose,2,False,209,False,05:45,"GOOD LAYUP by ASHBY,KENDRICK(in the paint)",45 ,,28,,RHODES 45-28 (+17),,"GOOD LAYUP by ASHBY,KENDRICK(in the paint)",1,layup,good,rhodes,"ashby,kendrick",2,"['feria,nick de', 'weatherford,mitch', 'samson,vaughn', 'swift,dj', 'ashby,kendrick']","['hill,kameron', 'nickens,zachary', 'holland,michael', 'hogan,kam', 'mercadel,justice']",345
374,5292,Austin,Rhodes,0,120-103,"41,62","62,58",2-5,4-2,N/A,N/A,12/02/17,2:00 PM,N/A,Hughey Gym,Lose,2,False,209,False,05:30,,45 ,,31,"GOOD 3PTR by HILL,KAMERON",ACM 45-31 (+14),,"GOOD 3PTR by HILL,KAMERON",1,three pointer,good,austin,"hill,kameron",3,"['feria,nick de', 'weatherford,mitch', 'samson,vaughn', 'swift,dj', 'ashby,kendrick']","['hill,kameron', 'nickens,zachary', 'holland,michael', 'hogan,kam', 'mercadel,justice']",330
375,5292,Austin,Rhodes,0,120-103,"41,62","62,58",2-5,4-2,N/A,N/A,12/02/17,2:00 PM,N/A,Hughey Gym,Lose,2,False,209,False,--,,45 ,,31,"ASSIST  by NICKENS,ZACHARY",,,"ASSIST  by NICKENS,ZACHARY",1,assist,,austin,"nickens,zachary",,"['feria,nick de', 'weatherford,mitch', 'samson,vaughn', 'swift,dj', 'ashby,kendrick']","['hill,kameron', 'nickens,zachary', 'holland,michael', 'hogan,kam', 'mercadel,justice']",
376,5292,Austin,Rhodes,0,120-103,"41,62","62,58",2-5,4-2,N/A,N/A,12/02/17,2:00 PM,N/A,Hughey Gym,Lose,2,False,209,False,05:21,,45 ,,31,"FOUL  by HOGAN,KAM",,,"FOUL  by HOGAN,KAM",1,foul,,austin,"hogan,kam",,"['feria,nick de', 'weatherford,mitch', 'samson,vaughn', 'swift,dj', 'ashby,kendrick']","['hill,kameron', 'nickens,zachary', 'holland,michael', 'hogan,kam', 'mercadel,justice']",321
377,5292,Austin,Rhodes,0,120-103,"41,62","62,58",2-5,4-2,N/A,N/A,12/02/17,2:00 PM,N/A,Hughey Gym,Lose,2,False,209,False,05:21,"MISS FT by WEATHERFORD,MITCH",45 ,,31,,,,"MISS FT by WEATHERFORD,MITCH",1,free throw,missed,rhodes,"weatherford,mitch",,"['feria,nick de', 'weatherford,mitch', 'samson,vaughn', 'swift,dj', 'ashby,kendrick']","['hill,kameron', 'nickens,zachary', 'holland,michael', 'hogan,kam', 'mercadel,justice']",321
378,5292,Austin,Rhodes,0,120-103,"41,62","62,58",2-5,4-2,N/A,N/A,12/02/17,2:00 PM,N/A,Hughey Gym,Lose,2,False,209,False,--,,45 ,,31,"REBOUND DEF by HOLLAND,MICHAEL",,,"REBOUND DEF by HOLLAND,MICHAEL",1,defensive rebound,,austin,"holland,michael",,"['feria,nick de', 'weatherford,mitch', 'samson,vaughn', 'swift,dj', 'ashby,kendrick']","['hill,kameron', 'nickens,zachary', 'holland,michael', 'hogan,kam', 'mercadel,justice']",
379,5292,Austin,Rhodes,0,120-103,"41,62","62,58",2-5,4-2,N/A,N/A,12/02/17,2:00 PM,N/A,Hughey Gym,Lose,2,False,209,False,--,,45 ,,31,"ASSIST  by HILL,KAMERON",,,"ASSIST  by HILL,KAMERON",1,assist,,austin,"hill,kameron",,"['feria,nick de', 'weatherford,mitch', 'samson,vaughn', 'swift,dj', 'ashby,kendrick']","['hill,kameron', 'nickens,zachary', 'holland,michael', 'hogan,kam', 'mercadel,justice']",
380,5292,Austin,Rhodes,0,120-103,"41,62","62,58",2-5,4-2,N/A,N/A,12/02/17,2:00 PM,N/A,Hughey Gym,Lose,2,False,209,False,05:06,,45 ,,33,"GOOD DUNK by NICKENS,ZACHARY(in the paint)",ACM 45-33 (+12),,"GOOD DUNK by NICKENS,ZACHARY(in the paint)",1,dunk,good,austin,,2,"['feria,nick de', 'weatherford,mitch', 'samson,vaughn', 'swift,dj', 'ashby,kendrick']","['hill,kameron', 'nickens,zachary', 'holland,michael', 'hogan,kam', 'mercadel,justice']",306
381,5292,Austin,Rhodes,0,120-103,"41,62","62,58",2-5,4-2,N/A,N/A,12/02/17,2:00 PM,N/A,Hughey Gym,Lose,2,False,209,False,04:48,,45 ,,33,"FOUL  by HOGAN,KAM",,,"FOUL  by HOGAN,KAM",1,foul,,austin,"hogan,kam",,"['feria,nick de', 'weatherford,mitch', 'samson,vaughn', 'swift,dj', 'ashby,kendrick']","['hill,kameron', 'nickens,zachary', 'holland,michael', 'hogan,kam', 'mercadel,justice']",288
382,5292,Austin,Rhodes,0,120-103,"41,62","62,58",2-5,4-2,N/A,N/A,12/02/17,2:00 PM,N/A,Hughey Gym,Lose,2,False,209,False,04:48,"GOOD FT by WEATHERFORD,MITCH",46 ,,33,,RHODES 46-33 (+13),,"GOOD FT by WEATHERFORD,MITCH",1,free throw,good,rhodes,"weatherford,mitch",1,"['feria,nick de', 'weatherford,mitch', 'samson,vaughn', 'swift,dj', 'ashby,kendrick']","['hill,kameron', 'nickens,zachary', 'holland,michael', 'hogan,kam', 'mercadel,justice']",288
383,5292,Austin,Rhodes,0,120-103,"41,62","62,58",2-5,4-2,N/A,N/A,12/02/17,2:00 PM,N/A,Hughey Gym,Lose,2,False,209,False,04:48,"GOOD FT by WEATHERFORD,MITCH",47 ,,33,,RHODES 47-33 (+14),,"GOOD FT by WEATHERFORD,MITCH",1,free throw,good,rhodes,"weatherford,mitch",1,"['feria,nick de', 'weatherford,mitch', 'samson,vaughn', 'swift,dj', 'ashby,kendrick']","['hill,kameron', 'nickens,zachary', 'holland,michael', 'hogan,kam', 'mercadel,justice']",288
384,5292,Austin,Rhodes,0,120-103,"41,62","62,58",2-5,4-2,N/A,N/A,12/02/17,2:00 PM,N/A,Hughey Gym,Lose,2,False,209,False,04:48,"SUB IN by LOVE,KERRY",47 ,,33,,,,"SUB IN by LOVE,KERRY",1,subbing in,,rhodes,"love,kerry",,"['feria,nick de', 'weatherford,mitch', 'samson,vaughn', 'swift,dj', 'ashby,kendrick', 'love,kerry']","['hill,kameron', 'nickens,zachary', 'holland,michael', 'hogan,kam', 'mercadel,justice']",288
385,5292,Austin,Rhodes,0,120-103,"41,62","62,58",2-5,4-2,N/A,N/A,12/02/17,2:00 PM,N/A,Hughey Gym,Lose,2,False,209,False,04:48,"SUB IN by GALVIN,OWEN",47 ,,33,,,,"SUB IN by GALVIN,OWEN",1,subbing in,,rhodes,"galvin,owen",,"['feria,nick de', 'weatherford,mitch', 'samson,vaughn', 'swift,dj', 'ashby,kendrick', 'love,kerry', 'galvin,owen']","['hill,kameron', 'nickens,zachary', 'holland,michael', 'hogan,kam', 'mercadel,justice']",288
386,5292,Austin,Rhodes,0,120-103,"41,62","62,58",2-5,4-2,N/A,N/A,12/02/17,2:00 PM,N/A,Hughey Gym,Lose,2,False,209,False,04:48,"SUB IN by BERRY,BRYCE",47 ,,33,,,,"SUB IN by BERRY,BRYCE",1,subbing in,,rhodes,"berry,bryce",,"['feria,nick de', 'weatherford,mitch', 'samson,vaughn', 'swift,dj', 'ashby,kendrick', 'love,kerry', 'galvin,owen', 'berry,bryce']","['hill,kameron', 'nickens,zachary', 'holland,michael', 'hogan,kam', 'mercadel,justice']",288
387,5292,Austin,Rhodes,0,120-103,"41,62","62,58",2-5,4-2,N/A,N/A,12/02/17,2:00 PM,N/A,Hughey Gym,Lose,2,False,209,False,04:48,"SUB IN by DARST,DANIEL",47 ,,33,,,,"SUB IN by DARST,DANIEL",1,subbing in,,rhodes,"darst,daniel",,"['feria,nick de', 'weatherford,mitch', 'samson,vaughn', 'swift,dj', 'ashby,kendrick', 'love,kerry', 'galvin,owen', 'berry,bryce', 'darst,daniel']","['hill,kameron', 'nickens,zachary', 'holland,michael', 'hogan,kam', 'mercadel,justice']",288
388,5292,Austin,Rhodes,0,120-103,"41,62","62,58",2-5,4-2,N/A,N/A,12/02/17,2:00 PM,N/A,Hughey Gym,Lose,2,False,209,False,04:48,"SUB IN by ROTEMAN,EVAN",47 ,,33,,,,"SUB IN by ROTEMAN,EVAN",1,subbing in,,rhodes,"roteman,evan",,"['feria,nick de', 'weatherford,mitch', 'samson,vaughn', 'swift,dj', 'ashby,kendrick', 'love,kerry', 'galvin,owen', 'berry,bryce', 'darst,daniel', 'roteman,evan']","['hill,kameron', 'nickens,zachary', 'holland,michael', 'hogan,kam', 'mercadel,justice']",288
389,5292,Austin,Rhodes,0,120-103,"41,62","62,58",2-5,4-2,N/A,N/A,12/02/17,2:00 PM,N/A,Hughey Gym,Lose,2,False,209,False,04:48,"SUB OUT by WEATHERFORD,MITCH",47 ,,33,,,,"SUB OUT by WEATHERFORD,MITCH",1,subbing out,,rhodes,"weatherford,mitch",,"['feria,nick de', 'samson,vaughn', 'swift,dj', 'ashby,kendrick', 'love,kerry', 'galvin,owen', 'berry,bryce', 'darst,daniel', 'roteman,evan']","['hill,kameron', 'nickens,zachary', 'holland,michael', 'hogan,kam', 'mercadel,justice']",288
390,5292,Austin,Rhodes,0,120-103,"41,62","62,58",2-5,4-2,N/A,N/A,12/02/17,2:00 PM,N/A,Hughey Gym,Lose,2,False,209,False,04:48,"SUB OUT by SAMSON,VAUGHN",47 ,,33,,,,"SUB OUT by SAMSON,VAUGHN",1,subbing out,,rhodes,"samson,vaughn",,"['feria,nick de', 'swift,dj', 'ashby,kendrick', 'love,kerry', 'galvin,owen', 'berry,bryce', 'darst,daniel', 'roteman,evan']","['hill,kameron', 'nickens,zachary', 'holland,michael', 'hogan,kam', 'mercadel,justice']",288
391,5292,Austin,Rhodes,0,120-103,"41,62","62,58",2-5,4-2,N/A,N/A,12/02/17,2:00 PM,N/A,Hughey Gym,Lose,2,False,209,False,04:48,"SUB OUT by ASHBY,KENDRICK",47 ,,33,,,,"SUB OUT by ASHBY,KENDRICK",1,subbing out,,rhodes,"ashby,kendrick",,"['feria,nick de', 'swift,dj', 'love,kerry', 'galvin,owen', 'berry,bryce', 'darst,daniel', 'roteman,evan']","['hill,kameron', 'nickens,zachary', 'holland,michael', 'hogan,kam', 'mercadel,justice']",288
392,5292,Austin,Rhodes,0,120-103,"41,62","62,58",2-5,4-2,N/A,N/A,12/02/17,2:00 PM,N/A,Hughey Gym,Lose,2,False,209,False,04:48,"SUB OUT by SWIFT,DJ",47 ,,33,,,,"SUB OUT by SWIFT,DJ",1,subbing out,,rhodes,"swift,dj",,"['feria,nick de', 'love,kerry', 'galvin,owen', 'berry,bryce', 'darst,daniel', 'roteman,evan']","['hill,kameron', 'nickens,zachary', 'holland,michael', 'hogan,kam', 'mercadel,justice']",288
393,5292,Austin,Rhodes,0,120-103,"41,62","62,58",2-5,4-2,N/A,N/A,12/02/17,2:00 PM,N/A,Hughey Gym,Lose,2,False,209,False,04:48,"SUB OUT by FERIA,NICK DE",47 ,,33,,,,"SUB OUT by FERIA,NICK DE",1,subbing out,,rhodes,"feria,nick de",,"['love,kerry', 'galvin,owen', 'berry,bryce', 'darst,daniel', 'roteman,evan']","['hill,kameron', 'nickens,zachary', 'holland,michael', 'hogan,kam', 'mercadel,justice']",288
394,5292,Austin,Rhodes,0,120-103,"41,62","62,58",2-5,4-2,N/A,N/A,12/02/17,2:00 PM,N/A,Hughey Gym,Lose,2,False,209,False,04:42,,47 ,,33,"MISS LAYUP by FEIDER,JP",,,"MISS LAYUP by FEIDER,JP",1,layup,missed,austin,"feider,jp",,"['love,kerry', 'galvin,owen', 'berry,bryce', 'darst,daniel', 'roteman,evan']","['hill,kameron', 'nickens,zachary', 'holland,michael', 'hogan,kam', 'mercadel,justice']",282
395,5292,Austin,Rhodes,0,120-103,"41,62","62,58",2-5,4-2,N/A,N/A,12/02/17,2:00 PM,N/A,Hughey Gym,Lose,2,False,209,False,--,"REBOUND DEF by LOVE,KERRY",47 ,,33,,,,"REBOUND DEF by LOVE,KERRY",1,defensive rebound,,rhodes,"love,kerry",,"['love,kerry', 'galvin,owen', 'berry,bryce', 'darst,daniel', 'roteman,evan']","['hill,kameron', 'nickens,zachary', 'holland,michael', 'hogan,kam', 'mercadel,justice']",
396,5292,Austin,Rhodes,0,120-103,"41,62","62,58",2-5,4-2,N/A,N/A,12/02/17,2:00 PM,N/A,Hughey Gym,Lose,2,False,209,False,04:29,,47 ,,33,"SUB IN by QUINN,JOSH",,,"SUB IN by QUINN,JOSH",1,subbing in,,austin,"quinn,josh",,"['love,kerry', 'galvin,owen', 'berry,bryce', 'darst,daniel', 'roteman,evan']","['hill,kameron', 'nickens,zachary', 'holland,michael', 'hogan,kam', 'mercadel,justice', 'quinn,josh']",269
397,5292,Austin,Rhodes,0,120-103,"41,62","62,58",2-5,4-2,N/A,N/A,12/02/17,2:00 PM,N/A,Hughey Gym,Lose,2,False,209,False,04:29,,47 ,,33,"SUB IN by FEIDER,JP",,,"SUB IN by FEIDER,JP",1,subbing in,,austin,"feider,jp",,"['love,kerry', 'galvin,owen', 'berry,bryce', 'darst,daniel', 'roteman,evan']","['hill,kameron', 'nickens,zachary', 'holland,michael', 'hogan,kam', 'mercadel,justice', 'quinn,josh', 'feider,jp']",269
398,5292,Austin,Rhodes,0,120-103,"41,62","62,58",2-5,4-2,N/A,N/A,12/02/17,2:00 PM,N/A,Hughey Gym,Lose,2,False,209,False,04:29,,47 ,,33,"SUB OUT by NICKENS,ZACHARY",,,"SUB OUT by NICKENS,ZACHARY",1,subbing out,,austin,"nickens,zachary",,"['love,kerry', 'galvin,owen', 'berry,bryce', 'darst,daniel', 'roteman,evan']","['hill,kameron', 'holland,michael', 'hogan,kam', 'mercadel,justice', 'quinn,josh', 'feider,jp']",269
399,5292,Austin,Rhodes,0,120-103,"41,62","62,58",2-5,4-2,N/A,N/A,12/02/17,2:00 PM,N/A,Hughey Gym,Lose,2,False,209,False,04:29,,47 ,,33,"SUB OUT by HOGAN,KAM",,,"SUB OUT by HOGAN,KAM",1,subbing out,,austin,"hogan,kam",,"['love,kerry', 'galvin,owen', 'berry,bryce', 'darst,daniel', 'roteman,evan']","['hill,kameron', 'holland,michael', 'mercadel,justice', 'quinn,josh', 'feider,jp']",269
400,5292,Austin,Rhodes,0,120-103,"41,62","62,58",2-5,4-2,N/A,N/A,12/02/17,2:00 PM,N/A,Hughey Gym,Lose,2,False,209,False,04:27,"GOOD 3PTR by BERRY,BRYCE",50 ,,33,,RHODES 50-33 (+17),,"GOOD 3PTR by BERRY,BRYCE",1,three pointer,good,rhodes,"berry,bryce",3,"['love,kerry', 'galvin,owen', 'berry,bryce', 'darst,daniel', 'roteman,evan']","['hill,kameron', 'holland,michael', 'mercadel,justice', 'quinn,josh', 'feider,jp']",267
401,5292,Austin,Rhodes,0,120-103,"41,62","62,58",2-5,4-2,N/A,N/A,12/02/17,2:00 PM,N/A,Hughey Gym,Lose,2,False,209,False,--,"ASSIST  by DARST,DANIEL",50 ,,33,,,,"ASSIST  by DARST,DANIEL",1,assist,,rhodes,"darst,daniel",,"['love,kerry', 'galvin,owen', 'berry,bryce', 'darst,daniel', 'roteman,evan']","['hill,kameron', 'holland,michael', 'mercadel,justice', 'quinn,josh', 'feider,jp']",
402,5292,Austin,Rhodes,0,120-103,"41,62","62,58",2-5,4-2,N/A,N/A,12/02/17,2:00 PM,N/A,Hughey Gym,Lose,2,False,209,False,04:11,,50 ,,33,"TURNOVER  by HILL,KAMERON",,,"TURNOVER  by HILL,KAMERON",1,turnover,,austin,"hill,kameron",,"['love,kerry', 'galvin,owen', 'berry,bryce', 'darst,daniel', 'roteman,evan']","['hill,kameron', 'holland,michael', 'mercadel,justice', 'quinn,josh', 'feider,jp']",251
403,5292,Austin,Rhodes,0,120-103,"41,62","62,58",2-5,4-2,N/A,N/A,12/02/17,2:00 PM,N/A,Hughey Gym,Lose,2,False,209,False,04:11,"STEAL  by LOVE,KERRY",50 ,,33,,,,"STEAL  by LOVE,KERRY",1,steal,,rhodes,,,"['love,kerry', 'galvin,owen', 'berry,bryce', 'darst,daniel', 'roteman,evan']","['hill,kameron', 'holland,michael', 'mercadel,justice', 'quinn,josh', 'feider,jp']",251
404,5292,Austin,Rhodes,0,120-103,"41,62","62,58",2-5,4-2,N/A,N/A,12/02/17,2:00 PM,N/A,Hughey Gym,Lose,2,False,209,False,04:07,"MISS LAYUP by LOVE,KERRY",50 ,,33,,,,"MISS LAYUP by LOVE,KERRY",1,layup,missed,rhodes,"love,kerry",,"['love,kerry', 'galvin,owen', 'berry,bryce', 'darst,daniel', 'roteman,evan']","['hill,kameron', 'holland,michael', 'mercadel,justice', 'quinn,josh', 'feider,jp']",247
405,5292,Austin,Rhodes,0,120-103,"41,62","62,58",2-5,4-2,N/A,N/A,12/02/17,2:00 PM,N/A,Hughey Gym,Lose,2,False,209,False,--,"REBOUND OFF by GALVIN,OWEN",50 ,,33,,,,"REBOUND OFF by GALVIN,OWEN",1,offensive rebound,,rhodes,"galvin,owen",,"['love,kerry', 'galvin,owen', 'berry,bryce', 'darst,daniel', 'roteman,evan']","['hill,kameron', 'holland,michael', 'mercadel,justice', 'quinn,josh', 'feider,jp']",
406,5292,Austin,Rhodes,0,120-103,"41,62","62,58",2-5,4-2,N/A,N/A,12/02/17,2:00 PM,N/A,Hughey Gym,Lose,2,False,209,False,04:02,"GOOD LAYUP by GALVIN,OWEN(in the paint)",52 ,,33,,RHODES 52-33 (+19),,"GOOD LAYUP by GALVIN,OWEN(in the paint)",1,layup,good,rhodes,"galvin,owen",2,"['love,kerry', 'galvin,owen', 'berry,bryce', 'darst,daniel', 'roteman,evan']","['hill,kameron', 'holland,michael', 'mercadel,justice', 'quinn,josh', 'feider,jp']",242
407,5292,Austin,Rhodes,0,120-103,"41,62","62,58",2-5,4-2,N/A,N/A,12/02/17,2:00 PM,N/A,Hughey Gym,Lose,2,False,209,False,03:53,,52 ,,33,TIMEOUT FULL by TEAM,,,TIMEOUT FULL by TEAM,1,timeout,,austin,,,"['love,kerry', 'galvin,owen', 'berry,bryce', 'darst,daniel', 'roteman,evan']","['hill,kameron', 'holland,michael', 'mercadel,justice', 'quinn,josh', 'feider,jp']",233
408,5292,Austin,Rhodes,0,120-103,"41,62","62,58",2-5,4-2,N/A,N/A,12/02/17,2:00 PM,N/A,Hughey Gym,Lose,2,False,209,False,03:53,"SUB IN by EVANS,ANDREW",52 ,,33,,,,"SUB IN by EVANS,ANDREW",1,subbing in,,rhodes,"evans,andrew",,"['love,kerry', 'galvin,owen', 'berry,bryce', 'darst,daniel', 'roteman,evan', 'evans,andrew']","['hill,kameron', 'holland,michael', 'mercadel,justice', 'quinn,josh', 'feider,jp']",233
409,5292,Austin,Rhodes,0,120-103,"41,62","62,58",2-5,4-2,N/A,N/A,12/02/17,2:00 PM,N/A,Hughey Gym,Lose,2,False,209,False,03:53,"SUB IN by NESTLEHUTT,JAKE",52 ,,33,,,,"SUB IN by NESTLEHUTT,JAKE",1,subbing in,,rhodes,"nestlehutt,jake",,"['love,kerry', 'galvin,owen', 'berry,bryce', 'darst,daniel', 'roteman,evan', 'evans,andrew', 'nestlehutt,jake']","['hill,kameron', 'holland,michael', 'mercadel,justice', 'quinn,josh', 'feider,jp']",233
410,5292,Austin,Rhodes,0,120-103,"41,62","62,58",2-5,4-2,N/A,N/A,12/02/17,2:00 PM,N/A,Hughey Gym,Lose,2,False,209,False,03:53,"SUB IN by DALTON,PRICE",52 ,,33,,,,"SUB IN by DALTON,PRICE",1,subbing in,,rhodes,"dalton,price",,"['love,kerry', 'galvin,owen', 'berry,bryce', 'darst,daniel', 'roteman,evan', 'evans,andrew', 'nestlehutt,jake', 'dalton,price']","['hill,kameron', 'holland,michael', 'mercadel,justice', 'quinn,josh', 'feider,jp']",233
411,5292,Austin,Rhodes,0,120-103,"41,62","62,58",2-5,4-2,N/A,N/A,12/02/17,2:00 PM,N/A,Hughey Gym,Lose,2,False,209,False,03:53,"SUB IN by MCINTYRE,WILLIAM",52 ,,33,,,,"SUB IN by MCINTYRE,WILLIAM",1,subbing in,,rhodes,"mcintyre,william",,"['love,kerry', 'galvin,owen', 'berry,bryce', 'darst,daniel', 'roteman,evan', 'evans,andrew', 'nestlehutt,jake', 'dalton,price', 'mcintyre,william']","['hill,kameron', 'holland,michael', 'mercadel,justice', 'quinn,josh', 'feider,jp']",233
412,5292,Austin,Rhodes,0,120-103,"41,62","62,58",2-5,4-2,N/A,N/A,12/02/17,2:00 PM,N/A,Hughey Gym,Lose,2,False,209,False,03:53,"SUB IN by NYAWATA,ANESU",52 ,,33,,,,"SUB IN by NYAWATA,ANESU",1,subbing in,,rhodes,"nyawata,anesu",,"['love,kerry', 'galvin,owen', 'berry,bryce', 'darst,daniel', 'roteman,evan', 'evans,andrew', 'nestlehutt,jake', 'dalton,price', 'mcintyre,william', 'nyawata,anesu']","['hill,kameron', 'holland,michael', 'mercadel,justice', 'quinn,josh', 'feider,jp']",233
413,5292,Austin,Rhodes,0,120-103,"41,62","62,58",2-5,4-2,N/A,N/A,12/02/17,2:00 PM,N/A,Hughey Gym,Lose,2,False,209,False,03:53,"SUB OUT by LOVE,KERRY",52 ,,33,,,,"SUB OUT by LOVE,KERRY",1,subbing out,,rhodes,"love,kerry",,"['galvin,owen', 'berry,bryce', 'darst,daniel', 'roteman,evan', 'evans,andrew', 'nestlehutt,jake', 'dalton,price', 'mcintyre,william', 'nyawata,anesu']","['hill,kameron', 'holland,michael', 'mercadel,justice', 'quinn,josh', 'feider,jp']",233
414,5292,Austin,Rhodes,0,120-103,"41,62","62,58",2-5,4-2,N/A,N/A,12/02/17,2:00 PM,N/A,Hughey Gym,Lose,2,False,209,False,03:53,"SUB OUT by GALVIN,OWEN",52 ,,33,,,,"SUB OUT by GALVIN,OWEN",1,subbing out,,rhodes,"galvin,owen",,"['berry,bryce', 'darst,daniel', 'roteman,evan', 'evans,andrew', 'nestlehutt,jake', 'dalton,price', 'mcintyre,william', 'nyawata,anesu']","['hill,kameron', 'holland,michael', 'mercadel,justice', 'quinn,josh', 'feider,jp']",233
415,5292,Austin,Rhodes,0,120-103,"41,62","62,58",2-5,4-2,N/A,N/A,12/02/17,2:00 PM,N/A,Hughey Gym,Lose,2,False,209,False,03:53,"SUB OUT by DARST,DANIEL",52 ,,33,,,,"SUB OUT by DARST,DANIEL",1,subbing out,,rhodes,"darst,daniel",,"['berry,bryce', 'roteman,evan', 'evans,andrew', 'nestlehutt,jake', 'dalton,price', 'mcintyre,william', 'nyawata,anesu']","['hill,kameron', 'holland,michael', 'mercadel,justice', 'quinn,josh', 'feider,jp']",233
416,5292,Austin,Rhodes,0,120-103,"41,62","62,58",2-5,4-2,N/A,N/A,12/02/17,2:00 PM,N/A,Hughey Gym,Lose,2,False,209,False,03:53,"SUB OUT by ROTEMAN,EVAN",52 ,,33,,,,"SUB OUT by ROTEMAN,EVAN",1,subbing out,,rhodes,"roteman,evan",,"['berry,bryce', 'evans,andrew', 'nestlehutt,jake', 'dalton,price', 'mcintyre,william', 'nyawata,anesu']","['hill,kameron', 'holland,michael', 'mercadel,justice', 'quinn,josh', 'feider,jp']",233
417,5292,Austin,Rhodes,0,120-103,"41,62","62,58",2-5,4-2,N/A,N/A,12/02/17,2:00 PM,N/A,Hughey Gym,Lose,2,False,209,False,03:53,"SUB OUT by BERRY,BRYCE",52 ,,33,,,,"SUB OUT by BERRY,BRYCE",1,subbing out,,rhodes,"berry,bryce",,"['evans,andrew', 'nestlehutt,jake', 'dalton,price', 'mcintyre,william', 'nyawata,anesu']","['hill,kameron', 'holland,michael', 'mercadel,justice', 'quinn,josh', 'feider,jp']",233
418,5292,Austin,Rhodes,0,120-103,"41,62","62,58",2-5,4-2,N/A,N/A,12/02/17,2:00 PM,N/A,Hughey Gym,Lose,2,False,209,False,03:42,"FOUL  by MCINTYRE,WILLIAM",52 ,,33,,,,"FOUL  by MCINTYRE,WILLIAM",1,foul,,rhodes,"mcintyre,william",,"['evans,andrew', 'nestlehutt,jake', 'dalton,price', 'mcintyre,william', 'nyawata,anesu']","['hill,kameron', 'holland,michael', 'mercadel,justice', 'quinn,josh', 'feider,jp']",222
419,5292,Austin,Rhodes,0,120-103,"41,62","62,58",2-5,4-2,N/A,N/A,12/02/17,2:00 PM,N/A,Hughey Gym,Lose,2,False,209,False,03:42,,52 ,,34,"GOOD FT by NICKENS,ZACHARY",ACM 52-34 (+18),,"GOOD FT by NICKENS,ZACHARY",1,free throw,good,austin,"nickens,zachary",1,"['evans,andrew', 'nestlehutt,jake', 'dalton,price', 'mcintyre,william', 'nyawata,anesu']","['hill,kameron', 'holland,michael', 'mercadel,justice', 'quinn,josh', 'feider,jp']",222
420,5292,Austin,Rhodes,0,120-103,"41,62","62,58",2-5,4-2,N/A,N/A,12/02/17,2:00 PM,N/A,Hughey Gym,Lose,2,False,209,False,03:42,,52 ,,35,"GOOD FT by NICKENS,ZACHARY",ACM 52-35 (+17),,"GOOD FT by NICKENS,ZACHARY",1,free throw,good,austin,"nickens,zachary",1,"['evans,andrew', 'nestlehutt,jake', 'dalton,price', 'mcintyre,william', 'nyawata,anesu']","['hill,kameron', 'holland,michael', 'mercadel,justice', 'quinn,josh', 'feider,jp']",222
421,5292,Austin,Rhodes,0,120-103,"41,62","62,58",2-5,4-2,N/A,N/A,12/02/17,2:00 PM,N/A,Hughey Gym,Lose,2,False,209,False,03:42,,52 ,,35,"SUB IN by GARRETT,JOSH",,,"SUB IN by GARRETT,JOSH",1,subbing in,,austin,"garrett,josh",,"['evans,andrew', 'nestlehutt,jake', 'dalton,price', 'mcintyre,william', 'nyawata,anesu']","['hill,kameron', 'holland,michael', 'mercadel,justice', 'quinn,josh', 'feider,jp', 'garrett,josh']",222
422,5292,Austin,Rhodes,0,120-103,"41,62","62,58",2-5,4-2,N/A,N/A,12/02/17,2:00 PM,N/A,Hughey Gym,Lose,2,False,209,False,03:42,,52 ,,35,"SUB IN by HOGAN,KAM",,,"SUB IN by HOGAN,KAM",1,subbing in,,austin,"hogan,kam",,"['evans,andrew', 'nestlehutt,jake', 'dalton,price', 'mcintyre,william', 'nyawata,anesu']","['hill,kameron', 'holland,michael', 'mercadel,justice', 'quinn,josh', 'feider,jp', 'garrett,josh', 'hogan,kam']",222
423,5292,Austin,Rhodes,0,120-103,"41,62","62,58",2-5,4-2,N/A,N/A,12/02/17,2:00 PM,N/A,Hughey Gym,Lose,2,False,209,False,03:42,,52 ,,35,"SUB IN by NICKENS,ZACHARY",,,"SUB IN by NICKENS,ZACHARY",1,subbing in,,austin,"nickens,zachary",,"['evans,andrew', 'nestlehutt,jake', 'dalton,price', 'mcintyre,william', 'nyawata,anesu']","['hill,kameron', 'holland,michael', 'mercadel,justice', 'quinn,josh', 'feider,jp', 'garrett,josh', 'hogan,kam', 'nickens,zachary']",222
424,5292,Austin,Rhodes,0,120-103,"41,62","62,58",2-5,4-2,N/A,N/A,12/02/17,2:00 PM,N/A,Hughey Gym,Lose,2,False,209,False,03:42,,52 ,,35,"SUB OUT by FEIDER,JP",,,"SUB OUT by FEIDER,JP",1,subbing out,,austin,"feider,jp",,"['evans,andrew', 'nestlehutt,jake', 'dalton,price', 'mcintyre,william', 'nyawata,anesu']","['hill,kameron', 'holland,michael', 'mercadel,justice', 'quinn,josh', 'garrett,josh', 'hogan,kam', 'nickens,zachary']",222
425,5292,Austin,Rhodes,0,120-103,"41,62","62,58",2-5,4-2,N/A,N/A,12/02/17,2:00 PM,N/A,Hughey Gym,Lose,2,False,209,False,03:42,,52 ,,35,"SUB OUT by MERCADEL,JUSTICE",,,"SUB OUT by MERCADEL,JUSTICE",1,subbing out,,austin,"mercadel,justice",,"['evans,andrew', 'nestlehutt,jake', 'dalton,price', 'mcintyre,william', 'nyawata,anesu']","['hill,kameron', 'holland,michael', 'quinn,josh', 'garrett,josh', 'hogan,kam', 'nickens,zachary']",222
426,5292,Austin,Rhodes,0,120-103,"41,62","62,58",2-5,4-2,N/A,N/A,12/02/17,2:00 PM,N/A,Hughey Gym,Lose,2,False,209,False,03:42,,52 ,,35,"SUB OUT by HOLLAND,MICHAEL",,,"SUB OUT by HOLLAND,MICHAEL",1,subbing out,,austin,"holland,michael",,"['evans,andrew', 'nestlehutt,jake', 'dalton,price', 'mcintyre,william', 'nyawata,anesu']","['hill,kameron', 'quinn,josh', 'garrett,josh', 'hogan,kam', 'nickens,zachary']",222
427,5292,Austin,Rhodes,0,120-103,"41,62","62,58",2-5,4-2,N/A,N/A,12/02/17,2:00 PM,N/A,Hughey Gym,Lose,2,False,209,False,03:34,"GOOD LAYUP by NYAWATA,ANESU(in the paint)",54 ,,35,,RHODES 54-35 (+19),,"GOOD LAYUP by NYAWATA,ANESU(in the paint)",1,layup,good,rhodes,"nyawata,anesu",2,"['evans,andrew', 'nestlehutt,jake', 'dalton,price', 'mcintyre,william', 'nyawata,anesu']","['hill,kameron', 'quinn,josh', 'garrett,josh', 'hogan,kam', 'nickens,zachary']",214
428,5292,Austin,Rhodes,0,120-103,"41,62","62,58",2-5,4-2,N/A,N/A,12/02/17,2:00 PM,N/A,Hughey Gym,Lose,2,False,209,False,03:24,,54 ,,35,"TURNOVER  by HILL,KAMERON",,,"TURNOVER  by HILL,KAMERON",1,turnover,,austin,"hill,kameron",,"['evans,andrew', 'nestlehutt,jake', 'dalton,price', 'mcintyre,william', 'nyawata,anesu']","['hill,kameron', 'quinn,josh', 'garrett,josh', 'hogan,kam', 'nickens,zachary']",204
429,5292,Austin,Rhodes,0,120-103,"41,62","62,58",2-5,4-2,N/A,N/A,12/02/17,2:00 PM,N/A,Hughey Gym,Lose,2,False,209,False,03:24,"STEAL  by NESTLEHUTT,JAKE",54 ,,35,,,,"STEAL  by NESTLEHUTT,JAKE",1,steal,,rhodes,,,"['evans,andrew', 'nestlehutt,jake', 'dalton,price', 'mcintyre,william', 'nyawata,anesu']","['hill,kameron', 'quinn,josh', 'garrett,josh', 'hogan,kam', 'nickens,zachary']",204
430,5292,Austin,Rhodes,0,120-103,"41,62","62,58",2-5,4-2,N/A,N/A,12/02/17,2:00 PM,N/A,Hughey Gym,Lose,2,False,209,False,03:22,,54 ,,35,"FOUL  by HILL,KAMERON",,,"FOUL  by HILL,KAMERON",1,foul,,austin,"hill,kameron",,"['evans,andrew', 'nestlehutt,jake', 'dalton,price', 'mcintyre,william', 'nyawata,anesu']","['hill,kameron', 'quinn,josh', 'garrett,josh', 'hogan,kam', 'nickens,zachary']",202
431,5292,Austin,Rhodes,0,120-103,"41,62","62,58",2-5,4-2,N/A,N/A,12/02/17,2:00 PM,N/A,Hughey Gym,Lose,2,False,209,False,03:22,"MISS FT by EVANS,ANDREW",54 ,,35,,,,"MISS FT by EVANS,ANDREW",1,free throw,missed,rhodes,"evans,andrew",,"['evans,andrew', 'nestlehutt,jake', 'dalton,price', 'mcintyre,william', 'nyawata,anesu']","['hill,kameron', 'quinn,josh', 'garrett,josh', 'hogan,kam', 'nickens,zachary']",202
432,5292,Austin,Rhodes,0,120-103,"41,62","62,58",2-5,4-2,N/A,N/A,12/02/17,2:00 PM,N/A,Hughey Gym,Lose,2,False,209,False,--,REBOUND DEADB by TEAM,54 ,,35,,,,REBOUND DEADB by TEAM,1,deadball rebound,,rhodes,,,"['evans,andrew', 'nestlehutt,jake', 'dalton,price', 'mcintyre,william', 'nyawata,anesu']","['hill,kameron', 'quinn,josh', 'garrett,josh', 'hogan,kam', 'nickens,zachary']",
433,5292,Austin,Rhodes,0,120-103,"41,62","62,58",2-5,4-2,N/A,N/A,12/02/17,2:00 PM,N/A,Hughey Gym,Lose,2,False,209,False,03:22,"GOOD FT by EVANS,ANDREW",55 ,,35,,RHODES 55-35 (+20),,"GOOD FT by EVANS,ANDREW",1,free throw,good,rhodes,"evans,andrew",1,"['evans,andrew', 'nestlehutt,jake', 'dalton,price', 'mcintyre,william', 'nyawata,anesu']","['hill,kameron', 'quinn,josh', 'garrett,josh', 'hogan,kam', 'nickens,zachary']",202
434,5292,Austin,Rhodes,0,120-103,"41,62","62,58",2-5,4-2,N/A,N/A,12/02/17,2:00 PM,N/A,Hughey Gym,Lose,2,False,209,False,03:22,,55 ,,35,"SUB IN by HOLLAND,MICHAEL",,,"SUB IN by HOLLAND,MICHAEL",1,subbing in,,austin,"holland,michael",,"['evans,andrew', 'nestlehutt,jake', 'dalton,price', 'mcintyre,william', 'nyawata,anesu']","['hill,kameron', 'quinn,josh', 'garrett,josh', 'hogan,kam', 'nickens,zachary', 'holland,michael']",202
435,5292,Austin,Rhodes,0,120-103,"41,62","62,58",2-5,4-2,N/A,N/A,12/02/17,2:00 PM,N/A,Hughey Gym,Lose,2,False,209,False,03:22,,55 ,,35,"SUB OUT by HILL,KAMERON",,,"SUB OUT by HILL,KAMERON",1,subbing out,,austin,"hill,kameron",,"['evans,andrew', 'nestlehutt,jake', 'dalton,price', 'mcintyre,william', 'nyawata,anesu']","['quinn,josh', 'garrett,josh', 'hogan,kam', 'nickens,zachary', 'holland,michael']",202
436,5292,Austin,Rhodes,0,120-103,"41,62","62,58",2-5,4-2,N/A,N/A,12/02/17,2:00 PM,N/A,Hughey Gym,Lose,2,False,209,False,03:15,,55 ,,35,"MISS 3PTR by HOLLAND,MICHAEL",,,"MISS 3PTR by HOLLAND,MICHAEL",1,three pointer,missed,austin,"holland,michael",,"['evans,andrew', 'nestlehutt,jake', 'dalton,price', 'mcintyre,william', 'nyawata,anesu']","['quinn,josh', 'garrett,josh', 'hogan,kam', 'nickens,zachary', 'holland,michael']",195
437,5292,Austin,Rhodes,0,120-103,"41,62","62,58",2-5,4-2,N/A,N/A,12/02/17,2:00 PM,N/A,Hughey Gym,Lose,2,False,209,False,--,,55 ,,35,"REBOUND OFF by NICKENS,ZACHARY",,,"REBOUND OFF by NICKENS,ZACHARY",1,offensive rebound,,austin,"nickens,zachary",,"['evans,andrew', 'nestlehutt,jake', 'dalton,price', 'mcintyre,william', 'nyawata,anesu']","['quinn,josh', 'garrett,josh', 'hogan,kam', 'nickens,zachary', 'holland,michael']",
438,5292,Austin,Rhodes,0,120-103,"41,62","62,58",2-5,4-2,N/A,N/A,12/02/17,2:00 PM,N/A,Hughey Gym,Lose,2,False,209,False,03:12,,55 ,,35,"MISS LAYUP by NICKENS,ZACHARY",,,"MISS LAYUP by NICKENS,ZACHARY",1,layup,missed,austin,"nickens,zachary",,"['evans,andrew', 'nestlehutt,jake', 'dalton,price', 'mcintyre,william', 'nyawata,anesu']","['quinn,josh', 'garrett,josh', 'hogan,kam', 'nickens,zachary', 'holland,michael']",192
439,5292,Austin,Rhodes,0,120-103,"41,62","62,58",2-5,4-2,N/A,N/A,12/02/17,2:00 PM,N/A,Hughey Gym,Lose,2,False,209,False,--,"REBOUND DEF by EVANS,ANDREW",55 ,,35,,,,"REBOUND DEF by EVANS,ANDREW",1,defensive rebound,,rhodes,"evans,andrew",,"['evans,andrew', 'nestlehutt,jake', 'dalton,price', 'mcintyre,william', 'nyawata,anesu']","['quinn,josh', 'garrett,josh', 'hogan,kam', 'nickens,zachary', 'holland,michael']",
440,5292,Austin,Rhodes,0,120-103,"41,62","62,58",2-5,4-2,N/A,N/A,12/02/17,2:00 PM,N/A,Hughey Gym,Lose,2,False,209,False,03:03,"GOOD LAYUP by NYAWATA,ANESU(in the paint)",57 ,,35,,RHODES 57-35 (+22),,"GOOD LAYUP by NYAWATA,ANESU(in the paint)",1,layup,good,rhodes,"nyawata,anesu",2,"['evans,andrew', 'nestlehutt,jake', 'dalton,price', 'mcintyre,william', 'nyawata,anesu']","['quinn,josh', 'garrett,josh', 'hogan,kam', 'nickens,zachary', 'holland,michael']",183
441,5292,Austin,Rhodes,0,120-103,"41,62","62,58",2-5,4-2,N/A,N/A,12/02/17,2:00 PM,N/A,Hughey Gym,Lose,2,False,209,False,02:43,,57 ,,35,"TURNOVER  by HOGAN,KAM",,,"TURNOVER  by HOGAN,KAM",1,turnover,,austin,"hogan,kam",,"['evans,andrew', 'nestlehutt,jake', 'dalton,price', 'mcintyre,william', 'nyawata,anesu']","['quinn,josh', 'garrett,josh', 'hogan,kam', 'nickens,zachary', 'holland,michael']",163
442,5292,Austin,Rhodes,0,120-103,"41,62","62,58",2-5,4-2,N/A,N/A,12/02/17,2:00 PM,N/A,Hughey Gym,Lose,2,False,209,False,02:41,,57 ,,35,"SUB IN by MERCADEL,JUSTICE",,,"SUB IN by MERCADEL,JUSTICE",1,subbing in,,austin,"mercadel,justice",,"['evans,andrew', 'nestlehutt,jake', 'dalton,price', 'mcintyre,william', 'nyawata,anesu']","['quinn,josh', 'garrett,josh', 'hogan,kam', 'nickens,zachary', 'holland,michael', 'mercadel,justice']",161
443,5292,Austin,Rhodes,0,120-103,"41,62","62,58",2-5,4-2,N/A,N/A,12/02/17,2:00 PM,N/A,Hughey Gym,Lose,2,False,209,False,02:41,,57 ,,35,"SUB OUT by HOGAN,KAM",,,"SUB OUT by HOGAN,KAM",1,subbing out,,austin,"hogan,kam",,"['evans,andrew', 'nestlehutt,jake', 'dalton,price', 'mcintyre,william', 'nyawata,anesu']","['quinn,josh', 'garrett,josh', 'nickens,zachary', 'holland,michael', 'mercadel,justice']",161
444,5292,Austin,Rhodes,0,120-103,"41,62","62,58",2-5,4-2,N/A,N/A,12/02/17,2:00 PM,N/A,Hughey Gym,Lose,2,False,209,False,02:15,"MISS 3PTR by MCINTYRE,WILLIAM",57 ,,35,,,,"MISS 3PTR by MCINTYRE,WILLIAM",1,three pointer,missed,rhodes,"mcintyre,william",,"['evans,andrew', 'nestlehutt,jake', 'dalton,price', 'mcintyre,william', 'nyawata,anesu']","['quinn,josh', 'garrett,josh', 'nickens,zachary', 'holland,michael', 'mercadel,justice']",135
445,5292,Austin,Rhodes,0,120-103,"41,62","62,58",2-5,4-2,N/A,N/A,12/02/17,2:00 PM,N/A,Hughey Gym,Lose,2,False,209,False,--,,57 ,,35,"REBOUND DEF by NICKENS,ZACHARY",,,"REBOUND DEF by NICKENS,ZACHARY",1,defensive rebound,,austin,"nickens,zachary",,"['evans,andrew', 'nestlehutt,jake', 'dalton,price', 'mcintyre,william', 'nyawata,anesu']","['quinn,josh', 'garrett,josh', 'nickens,zachary', 'holland,michael', 'mercadel,justice']",
446,5292,Austin,Rhodes,0,120-103,"41,62","62,58",2-5,4-2,N/A,N/A,12/02/17,2:00 PM,N/A,Hughey Gym,Lose,2,False,209,False,02:08,,57 ,,35,"MISS 3PTR by QUINN,JOSH",,,"MISS 3PTR by QUINN,JOSH",1,three pointer,missed,austin,"quinn,josh",,"['evans,andrew', 'nestlehutt,jake', 'dalton,price', 'mcintyre,william', 'nyawata,anesu']","['quinn,josh', 'garrett,josh', 'nickens,zachary', 'holland,michael', 'mercadel,justice']",128
447,5292,Austin,Rhodes,0,120-103,"41,62","62,58",2-5,4-2,N/A,N/A,12/02/17,2:00 PM,N/A,Hughey Gym,Lose,2,False,209,False,--,,57 ,,35,"REBOUND OFF by GARRETT,JOSH",,,"REBOUND OFF by GARRETT,JOSH",1,offensive rebound,,austin,"garrett,josh",,"['evans,andrew', 'nestlehutt,jake', 'dalton,price', 'mcintyre,william', 'nyawata,anesu']","['quinn,josh', 'garrett,josh', 'nickens,zachary', 'holland,michael', 'mercadel,justice']",
448,5292,Austin,Rhodes,0,120-103,"41,62","62,58",2-5,4-2,N/A,N/A,12/02/17,2:00 PM,N/A,Hughey Gym,Lose,2,False,209,False,02:03,,57 ,,35,"MISS LAYUP by GARRETT,JOSH",,,"MISS LAYUP by GARRETT,JOSH",1,layup,missed,austin,"garrett,josh",,"['evans,andrew', 'nestlehutt,jake', 'dalton,price', 'mcintyre,william', 'nyawata,anesu']","['quinn,josh', 'garrett,josh', 'nickens,zachary', 'holland,michael', 'mercadel,justice']",123
449,5292,Austin,Rhodes,0,120-103,"41,62","62,58",2-5,4-2,N/A,N/A,12/02/17,2:00 PM,N/A,Hughey Gym,Lose,2,False,209,False,--,,57 ,,35,"REBOUND OFF by HOLLAND,MICHAEL",,,"REBOUND OFF by HOLLAND,MICHAEL",1,offensive rebound,,austin,"holland,michael",,"['evans,andrew', 'nestlehutt,jake', 'dalton,price', 'mcintyre,william', 'nyawata,anesu']","['quinn,josh', 'garrett,josh', 'nickens,zachary', 'holland,michael', 'mercadel,justice']",
450,5292,Austin,Rhodes,0,120-103,"41,62","62,58",2-5,4-2,N/A,N/A,12/02/17,2:00 PM,N/A,Hughey Gym,Lose,2,False,209,False,02:00,,57 ,,37,"GOOD LAYUP by HOLLAND,MICHAEL(in the paint)",ACM 57-37 (+20),,"GOOD LAYUP by HOLLAND,MICHAEL(in the paint)",1,layup,good,austin,"holland,michael",2,"['evans,andrew', 'nestlehutt,jake', 'dalton,price', 'mcintyre,william', 'nyawata,anesu']","['quinn,josh', 'garrett,josh', 'nickens,zachary', 'holland,michael', 'mercadel,justice']",120
451,5292,Austin,Rhodes,0,120-103,"41,62","62,58",2-5,4-2,N/A,N/A,12/02/17,2:00 PM,N/A,Hughey Gym,Lose,2,False,209,False,01:49,"MISS LAYUP by NYAWATA,ANESU",57 ,,37,,,,"MISS LAYUP by NYAWATA,ANESU",1,layup,missed,rhodes,"nyawata,anesu",,"['evans,andrew', 'nestlehutt,jake', 'dalton,price', 'mcintyre,william', 'nyawata,anesu']","['quinn,josh', 'garrett,josh', 'nickens,zachary', 'holland,michael', 'mercadel,justice']",109
452,5292,Austin,Rhodes,0,120-103,"41,62","62,58",2-5,4-2,N/A,N/A,12/02/17,2:00 PM,N/A,Hughey Gym,Lose,2,False,209,False,--,,57 ,,37,"REBOUND DEF by NICKENS,ZACHARY",,,"REBOUND DEF by NICKENS,ZACHARY",1,defensive rebound,,austin,"nickens,zachary",,"['evans,andrew', 'nestlehutt,jake', 'dalton,price', 'mcintyre,william', 'nyawata,anesu']","['quinn,josh', 'garrett,josh', 'nickens,zachary', 'holland,michael', 'mercadel,justice']",
453,5292,Austin,Rhodes,0,120-103,"41,62","62,58",2-5,4-2,N/A,N/A,12/02/17,2:00 PM,N/A,Hughey Gym,Lose,2,False,209,False,01:36,,57 ,,37,"MISS JUMPER by HOLLAND,MICHAEL",,,"MISS JUMPER by HOLLAND,MICHAEL",1,jumper,missed,austin,"holland,michael",,"['evans,andrew', 'nestlehutt,jake', 'dalton,price', 'mcintyre,william', 'nyawata,anesu']","['quinn,josh', 'garrett,josh', 'nickens,zachary', 'holland,michael', 'mercadel,justice']",96
454,5292,Austin,Rhodes,0,120-103,"41,62","62,58",2-5,4-2,N/A,N/A,12/02/17,2:00 PM,N/A,Hughey Gym,Lose,2,False,209,False,--,,57 ,,37,"REBOUND OFF by HOLLAND,MICHAEL",,,"REBOUND OFF by HOLLAND,MICHAEL",1,offensive rebound,,austin,"holland,michael",,"['evans,andrew', 'nestlehutt,jake', 'dalton,price', 'mcintyre,william', 'nyawata,anesu']","['quinn,josh', 'garrett,josh', 'nickens,zachary', 'holland,michael', 'mercadel,justice']",
455,5292,Austin,Rhodes,0,120-103,"41,62","62,58",2-5,4-2,N/A,N/A,12/02/17,2:00 PM,N/A,Hughey Gym,Lose,2,False,209,False,01:32,,57 ,,37,"MISS 3PTR by QUINN,JOSH",,,"MISS 3PTR by QUINN,JOSH",1,three pointer,missed,austin,"quinn,josh",,"['evans,andrew', 'nestlehutt,jake', 'dalton,price', 'mcintyre,william', 'nyawata,anesu']","['quinn,josh', 'garrett,josh', 'nickens,zachary', 'holland,michael', 'mercadel,justice']",92
456,5292,Austin,Rhodes,0,120-103,"41,62","62,58",2-5,4-2,N/A,N/A,12/02/17,2:00 PM,N/A,Hughey Gym,Lose,2,False,209,False,--,"REBOUND DEF by NYAWATA,ANESU",57 ,,37,,,,"REBOUND DEF by NYAWATA,ANESU",1,defensive rebound,,rhodes,"nyawata,anesu",,"['evans,andrew', 'nestlehutt,jake', 'dalton,price', 'mcintyre,william', 'nyawata,anesu']","['quinn,josh', 'garrett,josh', 'nickens,zachary', 'holland,michael', 'mercadel,justice']",
457,5292,Austin,Rhodes,0,120-103,"41,62","62,58",2-5,4-2,N/A,N/A,12/02/17,2:00 PM,N/A,Hughey Gym,Lose,2,False,209,False,01:22,"GOOD 3PTR by NESTLEHUTT,JAKE",60 ,,37,,RHODES 60-37 (+23),,"GOOD 3PTR by NESTLEHUTT,JAKE",1,three pointer,good,rhodes,"nestlehutt,jake",3,"['evans,andrew', 'nestlehutt,jake', 'dalton,price', 'mcintyre,william', 'nyawata,anesu']","['quinn,josh', 'garrett,josh', 'nickens,zachary', 'holland,michael', 'mercadel,justice']",82
458,5292,Austin,Rhodes,0,120-103,"41,62","62,58",2-5,4-2,N/A,N/A,12/02/17,2:00 PM,N/A,Hughey Gym,Lose,2,False,209,False,--,"ASSIST  by NYAWATA,ANESU",60 ,,37,,,,"ASSIST  by NYAWATA,ANESU",1,assist,,rhodes,"nyawata,anesu",,"['evans,andrew', 'nestlehutt,jake', 'dalton,price', 'mcintyre,william', 'nyawata,anesu']","['quinn,josh', 'garrett,josh', 'nickens,zachary', 'holland,michael', 'mercadel,justice']",
459,5292,Austin,Rhodes,0,120-103,"41,62","62,58",2-5,4-2,N/A,N/A,12/02/17,2:00 PM,N/A,Hughey Gym,Lose,2,False,209,False,01:19,TIMEOUT 30SEC by TEAM,60 ,,37,,,,TIMEOUT 30SEC by TEAM,1,timeout,,rhodes,,,"['evans,andrew', 'nestlehutt,jake', 'dalton,price', 'mcintyre,william', 'nyawata,anesu']","['quinn,josh', 'garrett,josh', 'nickens,zachary', 'holland,michael', 'mercadel,justice']",79
460,5292,Austin,Rhodes,0,120-103,"41,62","62,58",2-5,4-2,N/A,N/A,12/02/17,2:00 PM,N/A,Hughey Gym,Lose,2,False,209,False,01:19,,60 ,,37,"SUB IN by HARDWICK,JOSH",,,"SUB IN by HARDWICK,JOSH",1,subbing in,,austin,"hardwick,josh",,"['evans,andrew', 'nestlehutt,jake', 'dalton,price', 'mcintyre,william', 'nyawata,anesu']","['quinn,josh', 'garrett,josh', 'nickens,zachary', 'holland,michael', 'mercadel,justice', 'hardwick,josh']",79
461,5292,Austin,Rhodes,0,120-103,"41,62","62,58",2-5,4-2,N/A,N/A,12/02/17,2:00 PM,N/A,Hughey Gym,Lose,2,False,209,False,01:19,,60 ,,37,"SUB IN by FEIDER,JP",,,"SUB IN by FEIDER,JP",1,subbing in,,austin,"feider,jp",,"['evans,andrew', 'nestlehutt,jake', 'dalton,price', 'mcintyre,william', 'nyawata,anesu']","['quinn,josh', 'garrett,josh', 'nickens,zachary', 'holland,michael', 'mercadel,justice', 'hardwick,josh', 'feider,jp']",79
462,5292,Austin,Rhodes,0,120-103,"41,62","62,58",2-5,4-2,N/A,N/A,12/02/17,2:00 PM,N/A,Hughey Gym,Lose,2,False,209,False,01:19,,60 ,,37,"SUB IN by HILL,KAMERON",,,"SUB IN by HILL,KAMERON",1,subbing in,,austin,"hill,kameron",,"['evans,andrew', 'nestlehutt,jake', 'dalton,price', 'mcintyre,william', 'nyawata,anesu']","['quinn,josh', 'garrett,josh', 'nickens,zachary', 'holland,michael', 'mercadel,justice', 'hardwick,josh', 'feider,jp', 'hill,kameron']",79
463,5292,Austin,Rhodes,0,120-103,"41,62","62,58",2-5,4-2,N/A,N/A,12/02/17,2:00 PM,N/A,Hughey Gym,Lose,2,False,209,False,01:19,,60 ,,37,"SUB OUT by GARRETT,JOSH",,,"SUB OUT by GARRETT,JOSH",1,subbing out,,austin,"garrett,josh",,"['evans,andrew', 'nestlehutt,jake', 'dalton,price', 'mcintyre,william', 'nyawata,anesu']","['quinn,josh', 'nickens,zachary', 'holland,michael', 'mercadel,justice', 'hardwick,josh', 'feider,jp', 'hill,kameron']",79
464,5292,Austin,Rhodes,0,120-103,"41,62","62,58",2-5,4-2,N/A,N/A,12/02/17,2:00 PM,N/A,Hughey Gym,Lose,2,False,209,False,01:19,,60 ,,37,"SUB OUT by NICKENS,ZACHARY",,,"SUB OUT by NICKENS,ZACHARY",1,subbing out,,austin,"nickens,zachary",,"['evans,andrew', 'nestlehutt,jake', 'dalton,price', 'mcintyre,william', 'nyawata,anesu']","['quinn,josh', 'holland,michael', 'mercadel,justice', 'hardwick,josh', 'feider,jp', 'hill,kameron']",79
465,5292,Austin,Rhodes,0,120-103,"41,62","62,58",2-5,4-2,N/A,N/A,12/02/17,2:00 PM,N/A,Hughey Gym,Lose,2,False,209,False,01:19,,60 ,,37,"SUB OUT by QUINN,JOSH",,,"SUB OUT by QUINN,JOSH",1,subbing out,,austin,"quinn,josh",,"['evans,andrew', 'nestlehutt,jake', 'dalton,price', 'mcintyre,william', 'nyawata,anesu']","['holland,michael', 'mercadel,justice', 'hardwick,josh', 'feider,jp', 'hill,kameron']",79
466,5292,Austin,Rhodes,0,120-103,"41,62","62,58",2-5,4-2,N/A,N/A,12/02/17,2:00 PM,N/A,Hughey Gym,Lose,2,False,209,False,01:14,,60 ,,37,"TURNOVER  by HARDWICK,JOSH",,,"TURNOVER  by HARDWICK,JOSH",1,turnover,,austin,"hardwick,josh",,"['evans,andrew', 'nestlehutt,jake', 'dalton,price', 'mcintyre,william', 'nyawata,anesu']","['holland,michael', 'mercadel,justice', 'hardwick,josh', 'feider,jp', 'hill,kameron']",74
467,5292,Austin,Rhodes,0,120-103,"41,62","62,58",2-5,4-2,N/A,N/A,12/02/17,2:00 PM,N/A,Hughey Gym,Lose,2,False,209,False,01:12,"TURNOVER  by ASHBY,KENDRICK",60 ,,37,,,,"TURNOVER  by ASHBY,KENDRICK",1,turnover,,rhodes,"ashby,kendrick",,"['evans,andrew', 'nestlehutt,jake', 'dalton,price', 'mcintyre,william', 'nyawata,anesu']","['holland,michael', 'mercadel,justice', 'hardwick,josh', 'feider,jp', 'hill,kameron']",72
468,5292,Austin,Rhodes,0,120-103,"41,62","62,58",2-5,4-2,N/A,N/A,12/02/17,2:00 PM,N/A,Hughey Gym,Lose,2,False,209,False,01:06,,60 ,,37,"MISS LAYUP by FEIDER,JP",,,"MISS LAYUP by FEIDER,JP",1,layup,missed,austin,"feider,jp",,"['evans,andrew', 'nestlehutt,jake', 'dalton,price', 'mcintyre,william', 'nyawata,anesu']","['holland,michael', 'mercadel,justice', 'hardwick,josh', 'feider,jp', 'hill,kameron']",66
469,5292,Austin,Rhodes,0,120-103,"41,62","62,58",2-5,4-2,N/A,N/A,12/02/17,2:00 PM,N/A,Hughey Gym,Lose,2,False,209,False,--,"REBOUND DEF by ASHBY,KENDRICK",60 ,,37,,,,"REBOUND DEF by ASHBY,KENDRICK",1,defensive rebound,,rhodes,"ashby,kendrick",,"['evans,andrew', 'nestlehutt,jake', 'dalton,price', 'mcintyre,william', 'nyawata,anesu']","['holland,michael', 'mercadel,justice', 'hardwick,josh', 'feider,jp', 'hill,kameron']",
470,5292,Austin,Rhodes,0,120-103,"41,62","62,58",2-5,4-2,N/A,N/A,12/02/17,2:00 PM,N/A,Hughey Gym,Lose,2,False,209,False,00:59,"MISS 3PTR by SAMSON,VAUGHN",60 ,,37,,,,"MISS 3PTR by SAMSON,VAUGHN",1,three pointer,missed,rhodes,"samson,vaughn",,"['evans,andrew', 'nestlehutt,jake', 'dalton,price', 'mcintyre,william', 'nyawata,anesu']","['holland,michael', 'mercadel,justice', 'hardwick,josh', 'feider,jp', 'hill,kameron']",59
471,5292,Austin,Rhodes,0,120-103,"41,62","62,58",2-5,4-2,N/A,N/A,12/02/17,2:00 PM,N/A,Hughey Gym,Lose,2,False,209,False,--,,60 ,,37,"REBOUND DEF by HILL,KAMERON",,,"REBOUND DEF by HILL,KAMERON",1,defensive rebound,,austin,"hill,kameron",,"['evans,andrew', 'nestlehutt,jake', 'dalton,price', 'mcintyre,william', 'nyawata,anesu']","['holland,michael', 'mercadel,justice', 'hardwick,josh', 'feider,jp', 'hill,kameron']",
472,5292,Austin,Rhodes,0,120-103,"41,62","62,58",2-5,4-2,N/A,N/A,12/02/17,2:00 PM,N/A,Hughey Gym,Lose,2,False,209,False,00:53,,60 ,,39,"GOOD LAYUP by MERCADEL,JUSTICE(fastbreak)(in the paint)",ACM 60-39 (+21),,"GOOD LAYUP by MERCADEL,JUSTICE(fastbreak)(in the paint)",1,layup,good,austin,"mercadel,justice(fastbreak)",2,"['evans,andrew', 'nestlehutt,jake', 'dalton,price', 'mcintyre,william', 'nyawata,anesu']","['holland,michael', 'mercadel,justice', 'hardwick,josh', 'feider,jp', 'hill,kameron']",53
473,5292,Austin,Rhodes,0,120-103,"41,62","62,58",2-5,4-2,N/A,N/A,12/02/17,2:00 PM,N/A,Hughey Gym,Lose,2,False,209,False,--,,60 ,,39,"ASSIST  by HILL,KAMERON",,,"ASSIST  by HILL,KAMERON",1,assist,,austin,"hill,kameron",,"['evans,andrew', 'nestlehutt,jake', 'dalton,price', 'mcintyre,william', 'nyawata,anesu']","['holland,michael', 'mercadel,justice', 'hardwick,josh', 'feider,jp', 'hill,kameron']",
474,5292,Austin,Rhodes,0,120-103,"41,62","62,58",2-5,4-2,N/A,N/A,12/02/17,2:00 PM,N/A,Hughey Gym,Lose,2,False,209,False,00:44,"MISS LAYUP by FERIA,NICK DE",60 ,,39,,,,"MISS LAYUP by FERIA,NICK DE",1,layup,missed,rhodes,"feria,nick de",,"['evans,andrew', 'nestlehutt,jake', 'dalton,price', 'mcintyre,william', 'nyawata,anesu']","['holland,michael', 'mercadel,justice', 'hardwick,josh', 'feider,jp', 'hill,kameron']",44
475,5292,Austin,Rhodes,0,120-103,"41,62","62,58",2-5,4-2,N/A,N/A,12/02/17,2:00 PM,N/A,Hughey Gym,Lose,2,False,209,False,--,"REBOUND OFF by SAMSON,VAUGHN",60 ,,39,,,,"REBOUND OFF by SAMSON,VAUGHN",1,offensive rebound,,rhodes,"samson,vaughn",,"['evans,andrew', 'nestlehutt,jake', 'dalton,price', 'mcintyre,william', 'nyawata,anesu']","['holland,michael', 'mercadel,justice', 'hardwick,josh', 'feider,jp', 'hill,kameron']",
476,5292,Austin,Rhodes,0,120-103,"41,62","62,58",2-5,4-2,N/A,N/A,12/02/17,2:00 PM,N/A,Hughey Gym,Lose,2,False,209,False,00:41,"GOOD TIPIN by SAMSON,VAUGHN(in the paint)",62 ,,39,,RHODES 62-39 (+23),,"GOOD TIPIN by SAMSON,VAUGHN(in the paint)",1,tipin,good,rhodes,"samson,vaughn",2,"['evans,andrew', 'nestlehutt,jake', 'dalton,price', 'mcintyre,william', 'nyawata,anesu']","['holland,michael', 'mercadel,justice', 'hardwick,josh', 'feider,jp', 'hill,kameron']",41
477,5292,Austin,Rhodes,0,120-103,"41,62","62,58",2-5,4-2,N/A,N/A,12/02/17,2:00 PM,N/A,Hughey Gym,Lose,2,False,209,False,00:28,"FOUL  by FERIA,NICK DE",62 ,,39,,,,"FOUL  by FERIA,NICK DE",1,foul,,rhodes,"feria,nick de",,"['evans,andrew', 'nestlehutt,jake', 'dalton,price', 'mcintyre,william', 'nyawata,anesu']","['holland,michael', 'mercadel,justice', 'hardwick,josh', 'feider,jp', 'hill,kameron']",28
478,5292,Austin,Rhodes,0,120-103,"41,62","62,58",2-5,4-2,N/A,N/A,12/02/17,2:00 PM,N/A,Hughey Gym,Lose,2,False,209,False,00:28,,62 ,,40,"GOOD FT by HOLLAND,MICHAEL",ACM 62-40 (+22),,"GOOD FT by HOLLAND,MICHAEL",1,free throw,good,austin,"holland,michael",1,"['evans,andrew', 'nestlehutt,jake', 'dalton,price', 'mcintyre,william', 'nyawata,anesu']","['holland,michael', 'mercadel,justice', 'hardwick,josh', 'feider,jp', 'hill,kameron']",28
479,5292,Austin,Rhodes,0,120-103,"41,62","62,58",2-5,4-2,N/A,N/A,12/02/17,2:00 PM,N/A,Hughey Gym,Lose,2,False,209,False,00:28,,62 ,,41,"GOOD FT by HOLLAND,MICHAEL",ACM 62-41 (+21),,"GOOD FT by HOLLAND,MICHAEL",1,free throw,good,austin,"holland,michael",1,"['evans,andrew', 'nestlehutt,jake', 'dalton,price', 'mcintyre,william', 'nyawata,anesu']","['holland,michael', 'mercadel,justice', 'hardwick,josh', 'feider,jp', 'hill,kameron']",28
480,5292,Austin,Rhodes,0,120-103,"41,62","62,58",2-5,4-2,N/A,N/A,12/02/17,2:00 PM,N/A,Hughey Gym,Lose,2,False,209,False,00:28,"SUB IN by WEATHERFORD,MITCH",62 ,,41,,,,"SUB IN by WEATHERFORD,MITCH",1,subbing in,,rhodes,"weatherford,mitch",,"['evans,andrew', 'nestlehutt,jake', 'dalton,price', 'mcintyre,william', 'nyawata,anesu', 'weatherford,mitch']","['holland,michael', 'mercadel,justice', 'hardwick,josh', 'feider,jp', 'hill,kameron']",28
481,5292,Austin,Rhodes,0,120-103,"41,62","62,58",2-5,4-2,N/A,N/A,12/02/17,2:00 PM,N/A,Hughey Gym,Lose,2,False,209,False,00:28,"SUB IN by DARST,DANIEL",62 ,,41,,,,"SUB IN by DARST,DANIEL",1,subbing in,,rhodes,"darst,daniel",,"['evans,andrew', 'nestlehutt,jake', 'dalton,price', 'mcintyre,william', 'nyawata,anesu', 'weatherford,mitch', 'darst,daniel']","['holland,michael', 'mercadel,justice', 'hardwick,josh', 'feider,jp', 'hill,kameron']",28
482,5292,Austin,Rhodes,0,120-103,"41,62","62,58",2-5,4-2,N/A,N/A,12/02/17,2:00 PM,N/A,Hughey Gym,Lose,2,False,209,False,00:28,"SUB IN by GALVIN,OWEN",62 ,,41,,,,"SUB IN by GALVIN,OWEN",1,subbing in,,rhodes,"galvin,owen",,"['evans,andrew', 'nestlehutt,jake', 'dalton,price', 'mcintyre,william', 'nyawata,anesu', 'weatherford,mitch', 'darst,daniel', 'galvin,owen']","['holland,michael', 'mercadel,justice', 'hardwick,josh', 'feider,jp', 'hill,kameron']",28
483,5292,Austin,Rhodes,0,120-103,"41,62","62,58",2-5,4-2,N/A,N/A,12/02/17,2:00 PM,N/A,Hughey Gym,Lose,2,False,209,False,00:28,"SUB IN by BERRY,BRYCE",62 ,,41,,,,"SUB IN by BERRY,BRYCE",1,subbing in,,rhodes,"berry,bryce",,"['evans,andrew', 'nestlehutt,jake', 'dalton,price', 'mcintyre,william', 'nyawata,anesu', 'weatherford,mitch', 'darst,daniel', 'galvin,owen', 'berry,bryce']","['holland,michael', 'mercadel,justice', 'hardwick,josh', 'feider,jp', 'hill,kameron']",28
484,5292,Austin,Rhodes,0,120-103,"41,62","62,58",2-5,4-2,N/A,N/A,12/02/17,2:00 PM,N/A,Hughey Gym,Lose,2,False,209,False,00:28,"SUB IN by ROTEMAN,EVAN",62 ,,41,,,,"SUB IN by ROTEMAN,EVAN",1,subbing in,,rhodes,"roteman,evan",,"['evans,andrew', 'nestlehutt,jake', 'dalton,price', 'mcintyre,william', 'nyawata,anesu', 'weatherford,mitch', 'darst,daniel', 'galvin,owen', 'berry,bryce', 'roteman,evan']","['holland,michael', 'mercadel,justice', 'hardwick,josh', 'feider,jp', 'hill,kameron']",28
485,5292,Austin,Rhodes,0,120-103,"41,62","62,58",2-5,4-2,N/A,N/A,12/02/17,2:00 PM,N/A,Hughey Gym,Lose,2,False,209,False,00:28,"SUB OUT by EVANS,ANDREW",62 ,,41,,,,"SUB OUT by EVANS,ANDREW",1,subbing out,,rhodes,"evans,andrew",,"['nestlehutt,jake', 'dalton,price', 'mcintyre,william', 'nyawata,anesu', 'weatherford,mitch', 'darst,daniel', 'galvin,owen', 'berry,bryce', 'roteman,evan']","['holland,michael', 'mercadel,justice', 'hardwick,josh', 'feider,jp', 'hill,kameron']",28
486,5292,Austin,Rhodes,0,120-103,"41,62","62,58",2-5,4-2,N/A,N/A,12/02/17,2:00 PM,N/A,Hughey Gym,Lose,2,False,209,False,00:28,"SUB OUT by MCINTYRE,WILLIAM",62 ,,41,,,,"SUB OUT by MCINTYRE,WILLIAM",1,subbing out,,rhodes,"mcintyre,william",,"['nestlehutt,jake', 'dalton,price', 'nyawata,anesu', 'weatherford,mitch', 'darst,daniel', 'galvin,owen', 'berry,bryce', 'roteman,evan']","['holland,michael', 'mercadel,justice', 'hardwick,josh', 'feider,jp', 'hill,kameron']",28
487,5292,Austin,Rhodes,0,120-103,"41,62","62,58",2-5,4-2,N/A,N/A,12/02/17,2:00 PM,N/A,Hughey Gym,Lose,2,False,209,False,00:28,"SUB OUT by NESTLEHUTT,JAKE",62 ,,41,,,,"SUB OUT by NESTLEHUTT,JAKE",1,subbing out,,rhodes,"nestlehutt,jake",,"['dalton,price', 'nyawata,anesu', 'weatherford,mitch', 'darst,daniel', 'galvin,owen', 'berry,bryce', 'roteman,evan']","['holland,michael', 'mercadel,justice', 'hardwick,josh', 'feider,jp', 'hill,kameron']",28
488,5292,Austin,Rhodes,0,120-103,"41,62","62,58",2-5,4-2,N/A,N/A,12/02/17,2:00 PM,N/A,Hughey Gym,Lose,2,False,209,False,00:28,"SUB OUT by NYAWATA,ANESU",62 ,,41,,,,"SUB OUT by NYAWATA,ANESU",1,subbing out,,rhodes,"nyawata,anesu",,"['dalton,price', 'weatherford,mitch', 'darst,daniel', 'galvin,owen', 'berry,bryce', 'roteman,evan']","['holland,michael', 'mercadel,justice', 'hardwick,josh', 'feider,jp', 'hill,kameron']",28
489,5292,Austin,Rhodes,0,120-103,"41,62","62,58",2-5,4-2,N/A,N/A,12/02/17,2:00 PM,N/A,Hughey Gym,Lose,2,False,209,False,00:28,"SUB OUT by DALTON,PRICE",62 ,,41,,,,"SUB OUT by DALTON,PRICE",1,subbing out,,rhodes,"dalton,price",,"['weatherford,mitch', 'darst,daniel', 'galvin,owen', 'berry,bryce', 'roteman,evan']","['holland,michael', 'mercadel,justice', 'hardwick,josh', 'feider,jp', 'hill,kameron']",28
490,5292,Austin,Rhodes,0,120-103,"41,62","62,58",2-5,4-2,N/A,N/A,12/02/17,2:00 PM,N/A,Hughey Gym,Lose,2,False,209,False,00:28,,62 ,,41,"SUB IN by NICKENS,ZACHARY",,,"SUB IN by NICKENS,ZACHARY",1,subbing in,,austin,"nickens,zachary",,"['weatherford,mitch', 'darst,daniel', 'galvin,owen', 'berry,bryce', 'roteman,evan']","['holland,michael', 'mercadel,justice', 'hardwick,josh', 'feider,jp', 'hill,kameron', 'nickens,zachary']",28
491,5292,Austin,Rhodes,0,120-103,"41,62","62,58",2-5,4-2,N/A,N/A,12/02/17,2:00 PM,N/A,Hughey Gym,Lose,2,False,209,False,00:28,,62 ,,41,"SUB OUT by HOLLAND,MICHAEL",,,"SUB OUT by HOLLAND,MICHAEL",1,subbing out,,austin,"holland,michael",,"['weatherford,mitch', 'darst,daniel', 'galvin,owen', 'berry,bryce', 'roteman,evan']","['mercadel,justice', 'hardwick,josh', 'feider,jp', 'hill,kameron', 'nickens,zachary']",28
492,5292,Austin,Rhodes,0,120-103,"41,62","62,58",2-5,4-2,N/A,N/A,12/02/17,2:00 PM,N/A,Hughey Gym,Lose,2,False,209,False,00:03,"MISS 3PTR by ROTEMAN,EVAN",62 ,,41,,,,"MISS 3PTR by ROTEMAN,EVAN",1,three pointer,missed,rhodes,"roteman,evan",,"['weatherford,mitch', 'darst,daniel', 'galvin,owen', 'berry,bryce', 'roteman,evan']","['mercadel,justice', 'hardwick,josh', 'feider,jp', 'hill,kameron', 'nickens,zachary']",3
493,5292,Austin,Rhodes,0,120-103,"41,62","62,58",2-5,4-2,N/A,N/A,12/02/17,2:00 PM,N/A,Hughey Gym,Lose,2,False,209,False,--,"REBOUND OFF by DARST,DANIEL",62 ,,41,,,,"REBOUND OFF by DARST,DANIEL",1,offensive rebound,,rhodes,"darst,daniel",,"['weatherford,mitch', 'darst,daniel', 'galvin,owen', 'berry,bryce', 'roteman,evan']","['mercadel,justice', 'hardwick,josh', 'feider,jp', 'hill,kameron', 'nickens,zachary']",
494,5292,Austin,Rhodes,0,120-103,"41,62","62,58",2-5,4-2,N/A,N/A,12/02/17,2:00 PM,N/A,Hughey Gym,Lose,2,False,209,False,00:00,"MISS JUMPER by DARST,DANIEL",62 ,,41,,,,"MISS JUMPER by DARST,DANIEL",1,jumper,missed,rhodes,"darst,daniel",,"['weatherford,mitch', 'darst,daniel', 'galvin,owen', 'berry,bryce', 'roteman,evan']","['mercadel,justice', 'hardwick,josh', 'feider,jp', 'hill,kameron', 'nickens,zachary']",0
495,5292,Austin,Rhodes,0,120-103,"41,62","62,58",2-5,4-2,N/A,N/A,12/02/17,2:00 PM,N/A,Hughey Gym,Lose,2,False,209,False,--,REBOUND DEADB by TEAM,62 ,,41,,,,REBOUND DEADB by TEAM,1,deadball rebound,,rhodes,,,"['weatherford,mitch', 'darst,daniel', 'galvin,owen', 'berry,bryce', 'roteman,evan']","['mercadel,justice', 'hardwick,josh', 'feider,jp', 'hill,kameron', 'nickens,zachary']",
496,5292,Austin,Rhodes,0,120-103,"41,62","62,58",2-5,4-2,N/A,N/A,12/02/17,2:00 PM,N/A,Hughey Gym,Lose,2,False,209,False,19:58,,62 ,,41,"MISS 3PTR by QUINN,JOSH",,,"MISS 3PTR by QUINN,JOSH",2,three pointer,missed,austin,"quinn,josh",,"['weatherford,mitch', 'darst,daniel', 'galvin,owen', 'berry,bryce', 'roteman,evan']","['mercadel,justice', 'hardwick,josh', 'feider,jp', 'hill,kameron', 'nickens,zachary']",1198
497,5292,Austin,Rhodes,0,120-103,"41,62","62,58",2-5,4-2,N/A,N/A,12/02/17,2:00 PM,N/A,Hughey Gym,Lose,2,False,209,False,--,"REBOUND DEF by NYAWATA,ANESU",62 ,,41,,,,"REBOUND DEF by NYAWATA,ANESU",2,defensive rebound,,rhodes,"nyawata,anesu",,"['weatherford,mitch', 'darst,daniel', 'galvin,owen', 'berry,bryce', 'roteman,evan']","['mercadel,justice', 'hardwick,josh', 'feider,jp', 'hill,kameron', 'nickens,zachary']",
498,5292,Austin,Rhodes,0,120-103,"41,62","62,58",2-5,4-2,N/A,N/A,12/02/17,2:00 PM,N/A,Hughey Gym,Lose,2,False,209,False,19:42,"MISS LAYUP by MCINTYRE,WILLIAM",62 ,,41,,,,"MISS LAYUP by MCINTYRE,WILLIAM",2,layup,missed,rhodes,"mcintyre,william",,"['weatherford,mitch', 'darst,daniel', 'galvin,owen', 'berry,bryce', 'roteman,evan']","['mercadel,justice', 'hardwick,josh', 'feider,jp', 'hill,kameron', 'nickens,zachary']",1182
499,5292,Austin,Rhodes,0,120-103,"41,62","62,58",2-5,4-2,N/A,N/A,12/02/17,2:00 PM,N/A,Hughey Gym,Lose,2,False,209,False,--,,62 ,,41,"REBOUND DEF by MERCADEL,JUSTICE",,,"REBOUND DEF by MERCADEL,JUSTICE",2,defensive rebound,,austin,"mercadel,justice",,"['weatherford,mitch', 'darst,daniel', 'galvin,owen', 'berry,bryce', 'roteman,evan']","['mercadel,justice', 'hardwick,josh', 'feider,jp', 'hill,kameron', 'nickens,zachary']",
500,5292,Austin,Rhodes,0,120-103,"41,62","62,58",2-5,4-2,N/A,N/A,12/02/17,2:00 PM,N/A,Hughey Gym,Lose,2,False,209,False,19:36,,62 ,,43,"GOOD LAYUP by HOGAN,KAM(fastbreak)(in the paint)",ACM 62-43 (+19),,"GOOD LAYUP by HOGAN,KAM(fastbreak)(in the paint)",2,layup,good,austin,"hogan,kam(fastbreak)",2,"['weatherford,mitch', 'darst,daniel', 'galvin,owen', 'berry,bryce', 'roteman,evan']","['mercadel,justice', 'hardwick,josh', 'feider,jp', 'hill,kameron', 'nickens,zachary']",1176
501,5292,Austin,Rhodes,0,120-103,"41,62","62,58",2-5,4-2,N/A,N/A,12/02/17,2:00 PM,N/A,Hughey Gym,Lose,2,False,209,False,--,,62 ,,43,"ASSIST  by MERCADEL,JUSTICE",,,"ASSIST  by MERCADEL,JUSTICE",2,assist,,austin,"mercadel,justice",,"['weatherford,mitch', 'darst,daniel', 'galvin,owen', 'berry,bryce', 'roteman,evan']","['mercadel,justice', 'hardwick,josh', 'feider,jp', 'hill,kameron', 'nickens,zachary']",
502,5292,Austin,Rhodes,0,120-103,"41,62","62,58",2-5,4-2,N/A,N/A,12/02/17,2:00 PM,N/A,Hughey Gym,Lose,2,False,209,False,19:17,"MISS LAYUP by NYAWATA,ANESU",62 ,,43,,,,"MISS LAYUP by NYAWATA,ANESU",2,layup,missed,rhodes,"nyawata,anesu",,"['weatherford,mitch', 'darst,daniel', 'galvin,owen', 'berry,bryce', 'roteman,evan']","['mercadel,justice', 'hardwick,josh', 'feider,jp', 'hill,kameron', 'nickens,zachary']",1157
503,5292,Austin,Rhodes,0,120-103,"41,62","62,58",2-5,4-2,N/A,N/A,12/02/17,2:00 PM,N/A,Hughey Gym,Lose,2,False,209,False,--,"REBOUND OFF by MCINTYRE,WILLIAM",62 ,,43,,,,"REBOUND OFF by MCINTYRE,WILLIAM",2,offensive rebound,,rhodes,"mcintyre,william",,"['weatherford,mitch', 'darst,daniel', 'galvin,owen', 'berry,bryce', 'roteman,evan']","['mercadel,justice', 'hardwick,josh', 'feider,jp', 'hill,kameron', 'nickens,zachary']",
504,5292,Austin,Rhodes,0,120-103,"41,62","62,58",2-5,4-2,N/A,N/A,12/02/17,2:00 PM,N/A,Hughey Gym,Lose,2,False,209,False,19:15,"GOOD TIPIN by MCINTYRE,WILLIAM(in the paint)",64 ,,43,,RHODES 64-43 (+21),,"GOOD TIPIN by MCINTYRE,WILLIAM(in the paint)",2,tipin,good,rhodes,"mcintyre,william",2,"['weatherford,mitch', 'darst,daniel', 'galvin,owen', 'berry,bryce', 'roteman,evan']","['mercadel,justice', 'hardwick,josh', 'feider,jp', 'hill,kameron', 'nickens,zachary']",1155
505,5292,Austin,Rhodes,0,120-103,"41,62","62,58",2-5,4-2,N/A,N/A,12/02/17,2:00 PM,N/A,Hughey Gym,Lose,2,False,209,False,18:58,,64 ,,45,"GOOD LAYUP by HOLLAND,MICHAEL(in the paint)",ACM 64-45 (+19),,"GOOD LAYUP by HOLLAND,MICHAEL(in the paint)",2,layup,good,austin,"holland,michael",2,"['weatherford,mitch', 'darst,daniel', 'galvin,owen', 'berry,bryce', 'roteman,evan']","['mercadel,justice', 'hardwick,josh', 'feider,jp', 'hill,kameron', 'nickens,zachary']",1138
506,5292,Austin,Rhodes,0,120-103,"41,62","62,58",2-5,4-2,N/A,N/A,12/02/17,2:00 PM,N/A,Hughey Gym,Lose,2,False,209,False,--,,64 ,,45,"ASSIST  by HOGAN,KAM",,,"ASSIST  by HOGAN,KAM",2,assist,,austin,"hogan,kam",,"['weatherford,mitch', 'darst,daniel', 'galvin,owen', 'berry,bryce', 'roteman,evan']","['mercadel,justice', 'hardwick,josh', 'feider,jp', 'hill,kameron', 'nickens,zachary']",
507,5292,Austin,Rhodes,0,120-103,"41,62","62,58",2-5,4-2,N/A,N/A,12/02/17,2:00 PM,N/A,Hughey Gym,Lose,2,False,209,False,18:49,"GOOD LAYUP by DALTON,PRICE(in the paint)",66 ,,45,,RHODES 66-45 (+21),,"GOOD LAYUP by DALTON,PRICE(in the paint)",2,layup,good,rhodes,"dalton,price",2,"['weatherford,mitch', 'darst,daniel', 'galvin,owen', 'berry,bryce', 'roteman,evan']","['mercadel,justice', 'hardwick,josh', 'feider,jp', 'hill,kameron', 'nickens,zachary']",1129
508,5292,Austin,Rhodes,0,120-103,"41,62","62,58",2-5,4-2,N/A,N/A,12/02/17,2:00 PM,N/A,Hughey Gym,Lose,2,False,209,False,18:34,,66 ,,45,"MISS JUMPER by MERCADEL,JUSTICE",,,"MISS JUMPER by MERCADEL,JUSTICE",2,jumper,missed,austin,"mercadel,justice",,"['weatherford,mitch', 'darst,daniel', 'galvin,owen', 'berry,bryce', 'roteman,evan']","['mercadel,justice', 'hardwick,josh', 'feider,jp', 'hill,kameron', 'nickens,zachary']",1114
509,5292,Austin,Rhodes,0,120-103,"41,62","62,58",2-5,4-2,N/A,N/A,12/02/17,2:00 PM,N/A,Hughey Gym,Lose,2,False,209,False,--,,66 ,,45,"REBOUND OFF by HOLLAND,MICHAEL",,,"REBOUND OFF by HOLLAND,MICHAEL",2,offensive rebound,,austin,"holland,michael",,"['weatherford,mitch', 'darst,daniel', 'galvin,owen', 'berry,bryce', 'roteman,evan']","['mercadel,justice', 'hardwick,josh', 'feider,jp', 'hill,kameron', 'nickens,zachary']",
510,5292,Austin,Rhodes,0,120-103,"41,62","62,58",2-5,4-2,N/A,N/A,12/02/17,2:00 PM,N/A,Hughey Gym,Lose,2,False,209,False,18:24,,66 ,,45,"MISS JUMPER by QUINN,JOSH",,,"MISS JUMPER by QUINN,JOSH",2,jumper,missed,austin,"quinn,josh",,"['weatherford,mitch', 'darst,daniel', 'galvin,owen', 'berry,bryce', 'roteman,evan']","['mercadel,justice', 'hardwick,josh', 'feider,jp', 'hill,kameron', 'nickens,zachary']",1104
511,5292,Austin,Rhodes,0,120-103,"41,62","62,58",2-5,4-2,N/A,N/A,12/02/17,2:00 PM,N/A,Hughey Gym,Lose,2,False,209,False,--,"REBOUND DEF by NYAWATA,ANESU",66 ,,45,,,,"REBOUND DEF by NYAWATA,ANESU",2,defensive rebound,,rhodes,"nyawata,anesu",,"['weatherford,mitch', 'darst,daniel', 'galvin,owen', 'berry,bryce', 'roteman,evan']","['mercadel,justice', 'hardwick,josh', 'feider,jp', 'hill,kameron', 'nickens,zachary']",
512,5292,Austin,Rhodes,0,120-103,"41,62","62,58",2-5,4-2,N/A,N/A,12/02/17,2:00 PM,N/A,Hughey Gym,Lose,2,False,209,False,18:12,,66 ,,45,"FOUL  by QUINN,JOSH",,,"FOUL  by QUINN,JOSH",2,foul,,austin,"quinn,josh",,"['weatherford,mitch', 'darst,daniel', 'galvin,owen', 'berry,bryce', 'roteman,evan']","['mercadel,justice', 'hardwick,josh', 'feider,jp', 'hill,kameron', 'nickens,zachary']",1092
513,5292,Austin,Rhodes,0,120-103,"41,62","62,58",2-5,4-2,N/A,N/A,12/02/17,2:00 PM,N/A,Hughey Gym,Lose,2,False,209,False,18:12,"SUB IN by SAMSON,VAUGHN",66 ,,45,,,,"SUB IN by SAMSON,VAUGHN",2,subbing in,,rhodes,"samson,vaughn",,"['weatherford,mitch', 'darst,daniel', 'galvin,owen', 'berry,bryce', 'roteman,evan', 'samson,vaughn']","['mercadel,justice', 'hardwick,josh', 'feider,jp', 'hill,kameron', 'nickens,zachary']",1092
514,5292,Austin,Rhodes,0,120-103,"41,62","62,58",2-5,4-2,N/A,N/A,12/02/17,2:00 PM,N/A,Hughey Gym,Lose,2,False,209,False,18:12,"SUB IN by WEATHERFORD,MITCH",66 ,,45,,,,"SUB IN by WEATHERFORD,MITCH",2,subbing in,,rhodes,"weatherford,mitch",,"['weatherford,mitch', 'darst,daniel', 'galvin,owen', 'berry,bryce', 'roteman,evan', 'samson,vaughn']","['mercadel,justice', 'hardwick,josh', 'feider,jp', 'hill,kameron', 'nickens,zachary']",1092
515,5292,Austin,Rhodes,0,120-103,"41,62","62,58",2-5,4-2,N/A,N/A,12/02/17,2:00 PM,N/A,Hughey Gym,Lose,2,False,209,False,18:12,"SUB IN by EVANS,ANDREW",66 ,,45,,,,"SUB IN by EVANS,ANDREW",2,subbing in,,rhodes,"evans,andrew",,"['weatherford,mitch', 'darst,daniel', 'galvin,owen', 'berry,bryce', 'roteman,evan', 'samson,vaughn']","['mercadel,justice', 'hardwick,josh', 'feider,jp', 'hill,kameron', 'nickens,zachary']",1092
516,5292,Austin,Rhodes,0,120-103,"41,62","62,58",2-5,4-2,N/A,N/A,12/02/17,2:00 PM,N/A,Hughey Gym,Lose,2,False,209,False,18:12,"SUB IN by GIROUX,PRESTON",66 ,,45,,,,"SUB IN by GIROUX,PRESTON",2,subbing in,,rhodes,"giroux,preston",,"['weatherford,mitch', 'darst,daniel', 'galvin,owen', 'berry,bryce', 'roteman,evan', 'samson,vaughn', 'giroux,preston']","['mercadel,justice', 'hardwick,josh', 'feider,jp', 'hill,kameron', 'nickens,zachary']",1092
517,5292,Austin,Rhodes,0,120-103,"41,62","62,58",2-5,4-2,N/A,N/A,12/02/17,2:00 PM,N/A,Hughey Gym,Lose,2,False,209,False,18:12,"SUB IN by FERIA,NICK DE",66 ,,45,,,,"SUB IN by FERIA,NICK DE",2,subbing in,,rhodes,"feria,nick de",,"['weatherford,mitch', 'darst,daniel', 'galvin,owen', 'berry,bryce', 'roteman,evan', 'samson,vaughn', 'giroux,preston', 'feria,nick de']","['mercadel,justice', 'hardwick,josh', 'feider,jp', 'hill,kameron', 'nickens,zachary']",1092
518,5292,Austin,Rhodes,0,120-103,"41,62","62,58",2-5,4-2,N/A,N/A,12/02/17,2:00 PM,N/A,Hughey Gym,Lose,2,False,209,False,18:12,"SUB OUT by ASHBY,KENDRICK",66 ,,45,,,,"SUB OUT by ASHBY,KENDRICK",2,subbing out,,rhodes,"ashby,kendrick",,"['weatherford,mitch', 'darst,daniel', 'galvin,owen', 'berry,bryce', 'roteman,evan', 'samson,vaughn', 'giroux,preston', 'feria,nick de']","['mercadel,justice', 'hardwick,josh', 'feider,jp', 'hill,kameron', 'nickens,zachary']",1092
519,5292,Austin,Rhodes,0,120-103,"41,62","62,58",2-5,4-2,N/A,N/A,12/02/17,2:00 PM,N/A,Hughey Gym,Lose,2,False,209,False,18:12,"SUB OUT by MCINTYRE,WILLIAM",66 ,,45,,,,"SUB OUT by MCINTYRE,WILLIAM",2,subbing out,,rhodes,"mcintyre,william",,"['weatherford,mitch', 'darst,daniel', 'galvin,owen', 'berry,bryce', 'roteman,evan', 'samson,vaughn', 'giroux,preston', 'feria,nick de']","['mercadel,justice', 'hardwick,josh', 'feider,jp', 'hill,kameron', 'nickens,zachary']",1092
520,5292,Austin,Rhodes,0,120-103,"41,62","62,58",2-5,4-2,N/A,N/A,12/02/17,2:00 PM,N/A,Hughey Gym,Lose,2,False,209,False,18:12,"SUB OUT by NESTLEHUTT,JAKE",66 ,,45,,,,"SUB OUT by NESTLEHUTT,JAKE",2,subbing out,,rhodes,"nestlehutt,jake",,"['weatherford,mitch', 'darst,daniel', 'galvin,owen', 'berry,bryce', 'roteman,evan', 'samson,vaughn', 'giroux,preston', 'feria,nick de']","['mercadel,justice', 'hardwick,josh', 'feider,jp', 'hill,kameron', 'nickens,zachary']",1092
521,5292,Austin,Rhodes,0,120-103,"41,62","62,58",2-5,4-2,N/A,N/A,12/02/17,2:00 PM,N/A,Hughey Gym,Lose,2,False,209,False,18:12,"SUB OUT by NYAWATA,ANESU",66 ,,45,,,,"SUB OUT by NYAWATA,ANESU",2,subbing out,,rhodes,"nyawata,anesu",,"['weatherford,mitch', 'darst,daniel', 'galvin,owen', 'berry,bryce', 'roteman,evan', 'samson,vaughn', 'giroux,preston', 'feria,nick de']","['mercadel,justice', 'hardwick,josh', 'feider,jp', 'hill,kameron', 'nickens,zachary']",1092
522,5292,Austin,Rhodes,0,120-103,"41,62","62,58",2-5,4-2,N/A,N/A,12/02/17,2:00 PM,N/A,Hughey Gym,Lose,2,False,209,False,18:12,"SUB OUT by DALTON,PRICE",66 ,,45,,,,"SUB OUT by DALTON,PRICE",2,subbing out,,rhodes,"dalton,price",,"['weatherford,mitch', 'darst,daniel', 'galvin,owen', 'berry,bryce', 'roteman,evan', 'samson,vaughn', 'giroux,preston', 'feria,nick de']","['mercadel,justice', 'hardwick,josh', 'feider,jp', 'hill,kameron', 'nickens,zachary']",1092
523,5292,Austin,Rhodes,0,120-103,"41,62","62,58",2-5,4-2,N/A,N/A,12/02/17,2:00 PM,N/A,Hughey Gym,Lose,2,False,209,False,18:09,"MISS 3PTR by EVANS,ANDREW",66 ,,45,,,,"MISS 3PTR by EVANS,ANDREW",2,three pointer,missed,rhodes,"evans,andrew",,"['weatherford,mitch', 'darst,daniel', 'galvin,owen', 'berry,bryce', 'roteman,evan', 'samson,vaughn', 'giroux,preston', 'feria,nick de']","['mercadel,justice', 'hardwick,josh', 'feider,jp', 'hill,kameron', 'nickens,zachary']",1089
524,5292,Austin,Rhodes,0,120-103,"41,62","62,58",2-5,4-2,N/A,N/A,12/02/17,2:00 PM,N/A,Hughey Gym,Lose,2,False,209,False,--,,66 ,,45,"REBOUND DEF by MERCADEL,JUSTICE",,,"REBOUND DEF by MERCADEL,JUSTICE",2,defensive rebound,,austin,"mercadel,justice",,"['weatherford,mitch', 'darst,daniel', 'galvin,owen', 'berry,bryce', 'roteman,evan', 'samson,vaughn', 'giroux,preston', 'feria,nick de']","['mercadel,justice', 'hardwick,josh', 'feider,jp', 'hill,kameron', 'nickens,zachary']",
525,5292,Austin,Rhodes,0,120-103,"41,62","62,58",2-5,4-2,N/A,N/A,12/02/17,2:00 PM,N/A,Hughey Gym,Lose,2,False,209,False,18:00,,66 ,,47,"GOOD LAYUP by MERCADEL,JUSTICE(in the paint)",ACM 66-47 (+19),,"GOOD LAYUP by MERCADEL,JUSTICE(in the paint)",2,layup,good,austin,"mercadel,justice",2,"['weatherford,mitch', 'darst,daniel', 'galvin,owen', 'berry,bryce', 'roteman,evan', 'samson,vaughn', 'giroux,preston', 'feria,nick de']","['mercadel,justice', 'hardwick,josh', 'feider,jp', 'hill,kameron', 'nickens,zachary']",1080
526,5292,Austin,Rhodes,0,120-103,"41,62","62,58",2-5,4-2,N/A,N/A,12/02/17,2:00 PM,N/A,Hughey Gym,Lose,2,False,209,False,18:00,"FOUL  by SAMSON,VAUGHN",66 ,,47,,,,"FOUL  by SAMSON,VAUGHN",2,foul,,rhodes,"samson,vaughn",,"['weatherford,mitch', 'darst,daniel', 'galvin,owen', 'berry,bryce', 'roteman,evan', 'samson,vaughn', 'giroux,preston', 'feria,nick de']","['mercadel,justice', 'hardwick,josh', 'feider,jp', 'hill,kameron', 'nickens,zachary']",1080
527,5292,Austin,Rhodes,0,120-103,"41,62","62,58",2-5,4-2,N/A,N/A,12/02/17,2:00 PM,N/A,Hughey Gym,Lose,2,False,209,False,18:00,,66 ,,48,"GOOD FT by MERCADEL,JUSTICE",ACM 66-48 (+18),,"GOOD FT by MERCADEL,JUSTICE",2,free throw,good,austin,"mercadel,justice",1,"['weatherford,mitch', 'darst,daniel', 'galvin,owen', 'berry,bryce', 'roteman,evan', 'samson,vaughn', 'giroux,preston', 'feria,nick de']","['mercadel,justice', 'hardwick,josh', 'feider,jp', 'hill,kameron', 'nickens,zachary']",1080
528,5292,Austin,Rhodes,0,120-103,"41,62","62,58",2-5,4-2,N/A,N/A,12/02/17,2:00 PM,N/A,Hughey Gym,Lose,2,False,209,False,18:00,,66 ,,48,"SUB IN by HILL,KAMERON",,,"SUB IN by HILL,KAMERON",2,subbing in,,austin,"hill,kameron",,"['weatherford,mitch', 'darst,daniel', 'galvin,owen', 'berry,bryce', 'roteman,evan', 'samson,vaughn', 'giroux,preston', 'feria,nick de']","['mercadel,justice', 'hardwick,josh', 'feider,jp', 'hill,kameron', 'nickens,zachary']",1080
529,5292,Austin,Rhodes,0,120-103,"41,62","62,58",2-5,4-2,N/A,N/A,12/02/17,2:00 PM,N/A,Hughey Gym,Lose,2,False,209,False,18:00,,66 ,,48,"SUB OUT by QUINN,JOSH",,,"SUB OUT by QUINN,JOSH",2,subbing out,,austin,"quinn,josh",,"['weatherford,mitch', 'darst,daniel', 'galvin,owen', 'berry,bryce', 'roteman,evan', 'samson,vaughn', 'giroux,preston', 'feria,nick de']","['mercadel,justice', 'hardwick,josh', 'feider,jp', 'hill,kameron', 'nickens,zachary']",1080
530,5292,Austin,Rhodes,0,120-103,"41,62","62,58",2-5,4-2,N/A,N/A,12/02/17,2:00 PM,N/A,Hughey Gym,Lose,2,False,209,False,17:44,"MISS LAYUP by EVANS,ANDREW",66 ,,48,,,,"MISS LAYUP by EVANS,ANDREW",2,layup,missed,rhodes,"evans,andrew",,"['weatherford,mitch', 'darst,daniel', 'galvin,owen', 'berry,bryce', 'roteman,evan', 'samson,vaughn', 'giroux,preston', 'feria,nick de']","['mercadel,justice', 'hardwick,josh', 'feider,jp', 'hill,kameron', 'nickens,zachary']",1064
531,5292,Austin,Rhodes,0,120-103,"41,62","62,58",2-5,4-2,N/A,N/A,12/02/17,2:00 PM,N/A,Hughey Gym,Lose,2,False,209,False,17:44,,66 ,,48,"BLOCK  by MERCADEL,JUSTICE",,,"BLOCK  by MERCADEL,JUSTICE",2,block,,austin,"mercadel,justice",,"['weatherford,mitch', 'darst,daniel', 'galvin,owen', 'berry,bryce', 'roteman,evan', 'samson,vaughn', 'giroux,preston', 'feria,nick de']","['mercadel,justice', 'hardwick,josh', 'feider,jp', 'hill,kameron', 'nickens,zachary']",1064
532,5292,Austin,Rhodes,0,120-103,"41,62","62,58",2-5,4-2,N/A,N/A,12/02/17,2:00 PM,N/A,Hughey Gym,Lose,2,False,209,False,--,"REBOUND OFF by EVANS,ANDREW",66 ,,48,,,,"REBOUND OFF by EVANS,ANDREW",2,offensive rebound,,rhodes,"evans,andrew",,"['weatherford,mitch', 'darst,daniel', 'galvin,owen', 'berry,bryce', 'roteman,evan', 'samson,vaughn', 'giroux,preston', 'feria,nick de']","['mercadel,justice', 'hardwick,josh', 'feider,jp', 'hill,kameron', 'nickens,zachary']",
533,5292,Austin,Rhodes,0,120-103,"41,62","62,58",2-5,4-2,N/A,N/A,12/02/17,2:00 PM,N/A,Hughey Gym,Lose,2,False,209,False,17:37,,66 ,,48,"FOUL  by MERCADEL,JUSTICE",,,"FOUL  by MERCADEL,JUSTICE",2,foul,,austin,"mercadel,justice",,"['weatherford,mitch', 'darst,daniel', 'galvin,owen', 'berry,bryce', 'roteman,evan', 'samson,vaughn', 'giroux,preston', 'feria,nick de']","['mercadel,justice', 'hardwick,josh', 'feider,jp', 'hill,kameron', 'nickens,zachary']",1057
534,5292,Austin,Rhodes,0,120-103,"41,62","62,58",2-5,4-2,N/A,N/A,12/02/17,2:00 PM,N/A,Hughey Gym,Lose,2,False,209,False,17:37,"MISS FT by GIROUX,PRESTON",66 ,,48,,,,"MISS FT by GIROUX,PRESTON",2,free throw,missed,rhodes,"giroux,preston",,"['weatherford,mitch', 'darst,daniel', 'galvin,owen', 'berry,bryce', 'roteman,evan', 'samson,vaughn', 'giroux,preston', 'feria,nick de']","['mercadel,justice', 'hardwick,josh', 'feider,jp', 'hill,kameron', 'nickens,zachary']",1057
535,5292,Austin,Rhodes,0,120-103,"41,62","62,58",2-5,4-2,N/A,N/A,12/02/17,2:00 PM,N/A,Hughey Gym,Lose,2,False,209,False,--,REBOUND DEADB by TEAM,66 ,,48,,,,REBOUND DEADB by TEAM,2,deadball rebound,,rhodes,,,"['weatherford,mitch', 'darst,daniel', 'galvin,owen', 'berry,bryce', 'roteman,evan', 'samson,vaughn', 'giroux,preston', 'feria,nick de']","['mercadel,justice', 'hardwick,josh', 'feider,jp', 'hill,kameron', 'nickens,zachary']",
536,5292,Austin,Rhodes,0,120-103,"41,62","62,58",2-5,4-2,N/A,N/A,12/02/17,2:00 PM,N/A,Hughey Gym,Lose,2,False,209,False,17:37,"GOOD FT by GIROUX,PRESTON",67 ,,48,,RHODES 67-48 (+19),,"GOOD FT by GIROUX,PRESTON",2,free throw,good,rhodes,"giroux,preston",1,"['weatherford,mitch', 'darst,daniel', 'galvin,owen', 'berry,bryce', 'roteman,evan', 'samson,vaughn', 'giroux,preston', 'feria,nick de']","['mercadel,justice', 'hardwick,josh', 'feider,jp', 'hill,kameron', 'nickens,zachary']",1057
537,5292,Austin,Rhodes,0,120-103,"41,62","62,58",2-5,4-2,N/A,N/A,12/02/17,2:00 PM,N/A,Hughey Gym,Lose,2,False,209,False,17:37,,67 ,,48,"SUB IN by NICKENS,ZACHARY",,,"SUB IN by NICKENS,ZACHARY",2,subbing in,,austin,"nickens,zachary",,"['weatherford,mitch', 'darst,daniel', 'galvin,owen', 'berry,bryce', 'roteman,evan', 'samson,vaughn', 'giroux,preston', 'feria,nick de']","['mercadel,justice', 'hardwick,josh', 'feider,jp', 'hill,kameron', 'nickens,zachary']",1057
538,5292,Austin,Rhodes,0,120-103,"41,62","62,58",2-5,4-2,N/A,N/A,12/02/17,2:00 PM,N/A,Hughey Gym,Lose,2,False,209,False,17:37,,67 ,,48,"SUB OUT by GARRETT,JOSH",,,"SUB OUT by GARRETT,JOSH",2,subbing out,,austin,"garrett,josh",,"['weatherford,mitch', 'darst,daniel', 'galvin,owen', 'berry,bryce', 'roteman,evan', 'samson,vaughn', 'giroux,preston', 'feria,nick de']","['mercadel,justice', 'hardwick,josh', 'feider,jp', 'hill,kameron', 'nickens,zachary']",1057
539,5292,Austin,Rhodes,0,120-103,"41,62","62,58",2-5,4-2,N/A,N/A,12/02/17,2:00 PM,N/A,Hughey Gym,Lose,2,False,209,False,17:27,,67 ,,50,"GOOD LAYUP by NICKENS,ZACHARY(in the paint)",ACM 67-50 (+17),,"GOOD LAYUP by NICKENS,ZACHARY(in the paint)",2,layup,good,austin,"nickens,zachary",2,"['weatherford,mitch', 'darst,daniel', 'galvin,owen', 'berry,bryce', 'roteman,evan', 'samson,vaughn', 'giroux,preston', 'feria,nick de']","['mercadel,justice', 'hardwick,josh', 'feider,jp', 'hill,kameron', 'nickens,zachary']",1047
540,5292,Austin,Rhodes,0,120-103,"41,62","62,58",2-5,4-2,N/A,N/A,12/02/17,2:00 PM,N/A,Hughey Gym,Lose,2,False,209,False,--,,67 ,,50,"ASSIST  by HOGAN,KAM",,,"ASSIST  by HOGAN,KAM",2,assist,,austin,"hogan,kam",,"['weatherford,mitch', 'darst,daniel', 'galvin,owen', 'berry,bryce', 'roteman,evan', 'samson,vaughn', 'giroux,preston', 'feria,nick de']","['mercadel,justice', 'hardwick,josh', 'feider,jp', 'hill,kameron', 'nickens,zachary']",
541,5292,Austin,Rhodes,0,120-103,"41,62","62,58",2-5,4-2,N/A,N/A,12/02/17,2:00 PM,N/A,Hughey Gym,Lose,2,False,209,False,17:04,"GOOD LAYUP by SAMSON,VAUGHN(in the paint)",69 ,,50,,RHODES 69-50 (+19),,"GOOD LAYUP by SAMSON,VAUGHN(in the paint)",2,layup,good,rhodes,"samson,vaughn",2,"['weatherford,mitch', 'darst,daniel', 'galvin,owen', 'berry,bryce', 'roteman,evan', 'samson,vaughn', 'giroux,preston', 'feria,nick de']","['mercadel,justice', 'hardwick,josh', 'feider,jp', 'hill,kameron', 'nickens,zachary']",1024
542,5292,Austin,Rhodes,0,120-103,"41,62","62,58",2-5,4-2,N/A,N/A,12/02/17,2:00 PM,N/A,Hughey Gym,Lose,2,False,209,False,--,"ASSIST  by FERIA,NICK DE",69 ,,50,,,,"ASSIST  by FERIA,NICK DE",2,assist,,rhodes,"feria,nick de",,"['weatherford,mitch', 'darst,daniel', 'galvin,owen', 'berry,bryce', 'roteman,evan', 'samson,vaughn', 'giroux,preston', 'feria,nick de']","['mercadel,justice', 'hardwick,josh', 'feider,jp', 'hill,kameron', 'nickens,zachary']",
543,5292,Austin,Rhodes,0,120-103,"41,62","62,58",2-5,4-2,N/A,N/A,12/02/17,2:00 PM,N/A,Hughey Gym,Lose,2,False,209,False,17:00,,69 ,,52,"GOOD LAYUP by NICKENS,ZACHARY(in the paint)",ACM 69-52 (+17),,"GOOD LAYUP by NICKENS,ZACHARY(in the paint)",2,layup,good,austin,"nickens,zachary",2,"['weatherford,mitch', 'darst,daniel', 'galvin,owen', 'berry,bryce', 'roteman,evan', 'samson,vaughn', 'giroux,preston', 'feria,nick de']","['mercadel,justice', 'hardwick,josh', 'feider,jp', 'hill,kameron', 'nickens,zachary']",1020
544,5292,Austin,Rhodes,0,120-103,"41,62","62,58",2-5,4-2,N/A,N/A,12/02/17,2:00 PM,N/A,Hughey Gym,Lose,2,False,209,False,--,,69 ,,52,"ASSIST  by HOGAN,KAM",,,"ASSIST  by HOGAN,KAM",2,assist,,austin,"hogan,kam",,"['weatherford,mitch', 'darst,daniel', 'galvin,owen', 'berry,bryce', 'roteman,evan', 'samson,vaughn', 'giroux,preston', 'feria,nick de']","['mercadel,justice', 'hardwick,josh', 'feider,jp', 'hill,kameron', 'nickens,zachary']",
545,5292,Austin,Rhodes,0,120-103,"41,62","62,58",2-5,4-2,N/A,N/A,12/02/17,2:00 PM,N/A,Hughey Gym,Lose,2,False,209,False,16:49,"GOOD LAYUP by GIROUX,PRESTON(in the paint)",71 ,,52,,RHODES 71-52 (+19),,"GOOD LAYUP by GIROUX,PRESTON(in the paint)",2,layup,good,rhodes,"giroux,preston",2,"['weatherford,mitch', 'darst,daniel', 'galvin,owen', 'berry,bryce', 'roteman,evan', 'samson,vaughn', 'giroux,preston', 'feria,nick de']","['mercadel,justice', 'hardwick,josh', 'feider,jp', 'hill,kameron', 'nickens,zachary']",1009
546,5292,Austin,Rhodes,0,120-103,"41,62","62,58",2-5,4-2,N/A,N/A,12/02/17,2:00 PM,N/A,Hughey Gym,Lose,2,False,209,False,--,"ASSIST  by FERIA,NICK DE",71 ,,52,,,,"ASSIST  by FERIA,NICK DE",2,assist,,rhodes,"feria,nick de",,"['weatherford,mitch', 'darst,daniel', 'galvin,owen', 'berry,bryce', 'roteman,evan', 'samson,vaughn', 'giroux,preston', 'feria,nick de']","['mercadel,justice', 'hardwick,josh', 'feider,jp', 'hill,kameron', 'nickens,zachary']",
547,5292,Austin,Rhodes,0,120-103,"41,62","62,58",2-5,4-2,N/A,N/A,12/02/17,2:00 PM,N/A,Hughey Gym,Lose,2,False,209,False,16:38,,71 ,,54,"GOOD DUNK by NICKENS,ZACHARY(fastbreak)(in the paint)",ACM 71-54 (+17),,"GOOD DUNK by NICKENS,ZACHARY(fastbreak)(in the paint)",2,dunk,good,austin,,2,"['weatherford,mitch', 'darst,daniel', 'galvin,owen', 'berry,bryce', 'roteman,evan', 'samson,vaughn', 'giroux,preston', 'feria,nick de']","['mercadel,justice', 'hardwick,josh', 'feider,jp', 'hill,kameron', 'nickens,zachary']",998
548,5292,Austin,Rhodes,0,120-103,"41,62","62,58",2-5,4-2,N/A,N/A,12/02/17,2:00 PM,N/A,Hughey Gym,Lose,2,False,209,False,--,,71 ,,54,"ASSIST  by MERCADEL,JUSTICE",,,"ASSIST  by MERCADEL,JUSTICE",2,assist,,austin,"mercadel,justice",,"['weatherford,mitch', 'darst,daniel', 'galvin,owen', 'berry,bryce', 'roteman,evan', 'samson,vaughn', 'giroux,preston', 'feria,nick de']","['mercadel,justice', 'hardwick,josh', 'feider,jp', 'hill,kameron', 'nickens,zachary']",
549,5292,Austin,Rhodes,0,120-103,"41,62","62,58",2-5,4-2,N/A,N/A,12/02/17,2:00 PM,N/A,Hughey Gym,Lose,2,False,209,False,16:35,"SUB IN by LOVE,KERRY",71 ,,54,,,,"SUB IN by LOVE,KERRY",2,subbing in,,rhodes,"love,kerry",,"['weatherford,mitch', 'darst,daniel', 'galvin,owen', 'berry,bryce', 'roteman,evan', 'samson,vaughn', 'giroux,preston', 'feria,nick de']","['mercadel,justice', 'hardwick,josh', 'feider,jp', 'hill,kameron', 'nickens,zachary']",995
550,5292,Austin,Rhodes,0,120-103,"41,62","62,58",2-5,4-2,N/A,N/A,12/02/17,2:00 PM,N/A,Hughey Gym,Lose,2,False,209,False,16:35,"SUB IN by BERRY,BRYCE",71 ,,54,,,,"SUB IN by BERRY,BRYCE",2,subbing in,,rhodes,"berry,bryce",,"['weatherford,mitch', 'darst,daniel', 'galvin,owen', 'berry,bryce', 'roteman,evan', 'samson,vaughn', 'giroux,preston', 'feria,nick de']","['mercadel,justice', 'hardwick,josh', 'feider,jp', 'hill,kameron', 'nickens,zachary']",995
551,5292,Austin,Rhodes,0,120-103,"41,62","62,58",2-5,4-2,N/A,N/A,12/02/17,2:00 PM,N/A,Hughey Gym,Lose,2,False,209,False,16:35,"SUB IN by DARST,DANIEL",71 ,,54,,,,"SUB IN by DARST,DANIEL",2,subbing in,,rhodes,"darst,daniel",,"['weatherford,mitch', 'darst,daniel', 'galvin,owen', 'berry,bryce', 'roteman,evan', 'samson,vaughn', 'giroux,preston', 'feria,nick de']","['mercadel,justice', 'hardwick,josh', 'feider,jp', 'hill,kameron', 'nickens,zachary']",995
552,5292,Austin,Rhodes,0,120-103,"41,62","62,58",2-5,4-2,N/A,N/A,12/02/17,2:00 PM,N/A,Hughey Gym,Lose,2,False,209,False,16:35,"SUB IN by GALVIN,OWEN",71 ,,54,,,,"SUB IN by GALVIN,OWEN",2,subbing in,,rhodes,"galvin,owen",,"['weatherford,mitch', 'darst,daniel', 'galvin,owen', 'berry,bryce', 'roteman,evan', 'samson,vaughn', 'giroux,preston', 'feria,nick de']","['mercadel,justice', 'hardwick,josh', 'feider,jp', 'hill,kameron', 'nickens,zachary']",995
553,5292,Austin,Rhodes,0,120-103,"41,62","62,58",2-5,4-2,N/A,N/A,12/02/17,2:00 PM,N/A,Hughey Gym,Lose,2,False,209,False,16:35,"SUB IN by ROTEMAN,EVAN",71 ,,54,,,,"SUB IN by ROTEMAN,EVAN",2,subbing in,,rhodes,"roteman,evan",,"['weatherford,mitch', 'darst,daniel', 'galvin,owen', 'berry,bryce', 'roteman,evan', 'samson,vaughn', 'giroux,preston', 'feria,nick de']","['mercadel,justice', 'hardwick,josh', 'feider,jp', 'hill,kameron', 'nickens,zachary']",995
554,5292,Austin,Rhodes,0,120-103,"41,62","62,58",2-5,4-2,N/A,N/A,12/02/17,2:00 PM,N/A,Hughey Gym,Lose,2,False,209,False,16:35,"SUB OUT by EVANS,ANDREW",71 ,,54,,,,"SUB OUT by EVANS,ANDREW",2,subbing out,,rhodes,"evans,andrew",,"['weatherford,mitch', 'darst,daniel', 'galvin,owen', 'berry,bryce', 'roteman,evan', 'samson,vaughn', 'giroux,preston', 'feria,nick de']","['mercadel,justice', 'hardwick,josh', 'feider,jp', 'hill,kameron', 'nickens,zachary']",995
555,5292,Austin,Rhodes,0,120-103,"41,62","62,58",2-5,4-2,N/A,N/A,12/02/17,2:00 PM,N/A,Hughey Gym,Lose,2,False,209,False,16:35,"SUB OUT by GIROUX,PRESTON",71 ,,54,,,,"SUB OUT by GIROUX,PRESTON",2,subbing out,,rhodes,"giroux,preston",,"['weatherford,mitch', 'darst,daniel', 'galvin,owen', 'berry,bryce', 'roteman,evan', 'samson,vaughn', 'giroux,preston', 'feria,nick de']","['mercadel,justice', 'hardwick,josh', 'feider,jp', 'hill,kameron', 'nickens,zachary']",995
556,5292,Austin,Rhodes,0,120-103,"41,62","62,58",2-5,4-2,N/A,N/A,12/02/17,2:00 PM,N/A,Hughey Gym,Lose,2,False,209,False,16:35,"SUB OUT by SAMSON,VAUGHN",71 ,,54,,,,"SUB OUT by SAMSON,VAUGHN",2,subbing out,,rhodes,"samson,vaughn",,"['weatherford,mitch', 'darst,daniel', 'galvin,owen', 'berry,bryce', 'roteman,evan', 'giroux,preston', 'feria,nick de']","['mercadel,justice', 'hardwick,josh', 'feider,jp', 'hill,kameron', 'nickens,zachary']",995
557,5292,Austin,Rhodes,0,120-103,"41,62","62,58",2-5,4-2,N/A,N/A,12/02/17,2:00 PM,N/A,Hughey Gym,Lose,2,False,209,False,16:35,"SUB OUT by FERIA,NICK DE",71 ,,54,,,,"SUB OUT by FERIA,NICK DE",2,subbing out,,rhodes,"feria,nick de",,"['weatherford,mitch', 'darst,daniel', 'galvin,owen', 'berry,bryce', 'roteman,evan', 'giroux,preston']","['mercadel,justice', 'hardwick,josh', 'feider,jp', 'hill,kameron', 'nickens,zachary']",995
558,5292,Austin,Rhodes,0,120-103,"41,62","62,58",2-5,4-2,N/A,N/A,12/02/17,2:00 PM,N/A,Hughey Gym,Lose,2,False,209,False,16:35,"SUB OUT by WEATHERFORD,MITCH",71 ,,54,,,,"SUB OUT by WEATHERFORD,MITCH",2,subbing out,,rhodes,"weatherford,mitch",,"['darst,daniel', 'galvin,owen', 'berry,bryce', 'roteman,evan', 'giroux,preston']","['mercadel,justice', 'hardwick,josh', 'feider,jp', 'hill,kameron', 'nickens,zachary']",995
559,5292,Austin,Rhodes,0,120-103,"41,62","62,58",2-5,4-2,N/A,N/A,12/02/17,2:00 PM,N/A,Hughey Gym,Lose,2,False,209,False,16:11,"MISS 3PTR by GALVIN,OWEN",71 ,,54,,,,"MISS 3PTR by GALVIN,OWEN",2,three pointer,missed,rhodes,"galvin,owen",,"['darst,daniel', 'galvin,owen', 'berry,bryce', 'roteman,evan', 'giroux,preston']","['mercadel,justice', 'hardwick,josh', 'feider,jp', 'hill,kameron', 'nickens,zachary']",971
560,5292,Austin,Rhodes,0,120-103,"41,62","62,58",2-5,4-2,N/A,N/A,12/02/17,2:00 PM,N/A,Hughey Gym,Lose,2,False,209,False,--,"REBOUND OFF by BERRY,BRYCE",71 ,,54,,,,"REBOUND OFF by BERRY,BRYCE",2,offensive rebound,,rhodes,"berry,bryce",,"['darst,daniel', 'galvin,owen', 'berry,bryce', 'roteman,evan', 'giroux,preston']","['mercadel,justice', 'hardwick,josh', 'feider,jp', 'hill,kameron', 'nickens,zachary']",
561,5292,Austin,Rhodes,0,120-103,"41,62","62,58",2-5,4-2,N/A,N/A,12/02/17,2:00 PM,N/A,Hughey Gym,Lose,2,False,209,False,16:09,"GOOD LAYUP by BERRY,BRYCE(in the paint)",73 ,,54,,RHODES 73-54 (+19),,"GOOD LAYUP by BERRY,BRYCE(in the paint)",2,layup,good,rhodes,"berry,bryce",2,"['darst,daniel', 'galvin,owen', 'berry,bryce', 'roteman,evan', 'giroux,preston']","['mercadel,justice', 'hardwick,josh', 'feider,jp', 'hill,kameron', 'nickens,zachary']",969
562,5292,Austin,Rhodes,0,120-103,"41,62","62,58",2-5,4-2,N/A,N/A,12/02/17,2:00 PM,N/A,Hughey Gym,Lose,2,False,209,False,16:06,,73 ,,56,"GOOD LAYUP by HOLLAND,MICHAEL(in the paint)",ACM 73-56 (+17),,"GOOD LAYUP by HOLLAND,MICHAEL(in the paint)",2,layup,good,austin,"holland,michael",2,"['darst,daniel', 'galvin,owen', 'berry,bryce', 'roteman,evan', 'giroux,preston']","['mercadel,justice', 'hardwick,josh', 'feider,jp', 'hill,kameron', 'nickens,zachary']",966
563,5292,Austin,Rhodes,0,120-103,"41,62","62,58",2-5,4-2,N/A,N/A,12/02/17,2:00 PM,N/A,Hughey Gym,Lose,2,False,209,False,15:53,"GOOD LAYUP by GALVIN,OWEN(in the paint)",75 ,,56,,RHODES 75-56 (+19),,"GOOD LAYUP by GALVIN,OWEN(in the paint)",2,layup,good,rhodes,"galvin,owen",2,"['darst,daniel', 'galvin,owen', 'berry,bryce', 'roteman,evan', 'giroux,preston']","['mercadel,justice', 'hardwick,josh', 'feider,jp', 'hill,kameron', 'nickens,zachary']",953
564,5292,Austin,Rhodes,0,120-103,"41,62","62,58",2-5,4-2,N/A,N/A,12/02/17,2:00 PM,N/A,Hughey Gym,Lose,2,False,209,False,--,"ASSIST  by BERRY,BRYCE",75 ,,56,,,,"ASSIST  by BERRY,BRYCE",2,assist,,rhodes,"berry,bryce",,"['darst,daniel', 'galvin,owen', 'berry,bryce', 'roteman,evan', 'giroux,preston']","['mercadel,justice', 'hardwick,josh', 'feider,jp', 'hill,kameron', 'nickens,zachary']",
565,5292,Austin,Rhodes,0,120-103,"41,62","62,58",2-5,4-2,N/A,N/A,12/02/17,2:00 PM,N/A,Hughey Gym,Lose,2,False,209,False,15:40,"FOUL  by ROTEMAN,EVAN",75 ,,56,,,,"FOUL  by ROTEMAN,EVAN",2,foul,,rhodes,"roteman,evan",,"['darst,daniel', 'galvin,owen', 'berry,bryce', 'roteman,evan', 'giroux,preston']","['mercadel,justice', 'hardwick,josh', 'feider,jp', 'hill,kameron', 'nickens,zachary']",940
566,5292,Austin,Rhodes,0,120-103,"41,62","62,58",2-5,4-2,N/A,N/A,12/02/17,2:00 PM,N/A,Hughey Gym,Lose,2,False,209,False,15:40,,75 ,,57,"GOOD FT by HOGAN,KAM",ACM 75-57 (+18),,"GOOD FT by HOGAN,KAM",2,free throw,good,austin,"hogan,kam",1,"['darst,daniel', 'galvin,owen', 'berry,bryce', 'roteman,evan', 'giroux,preston']","['mercadel,justice', 'hardwick,josh', 'feider,jp', 'hill,kameron', 'nickens,zachary']",940
567,5292,Austin,Rhodes,0,120-103,"41,62","62,58",2-5,4-2,N/A,N/A,12/02/17,2:00 PM,N/A,Hughey Gym,Lose,2,False,209,False,15:40,,75 ,,57,"MISS FT by HOGAN,KAM",,,"MISS FT by HOGAN,KAM",2,free throw,missed,austin,"hogan,kam",,"['darst,daniel', 'galvin,owen', 'berry,bryce', 'roteman,evan', 'giroux,preston']","['mercadel,justice', 'hardwick,josh', 'feider,jp', 'hill,kameron', 'nickens,zachary']",940
568,5292,Austin,Rhodes,0,120-103,"41,62","62,58",2-5,4-2,N/A,N/A,12/02/17,2:00 PM,N/A,Hughey Gym,Lose,2,False,209,False,--,"REBOUND DEF by ASHBY,KENDRICK",75 ,,57,,,,"REBOUND DEF by ASHBY,KENDRICK",2,defensive rebound,,rhodes,"ashby,kendrick",,"['darst,daniel', 'galvin,owen', 'berry,bryce', 'roteman,evan', 'giroux,preston']","['mercadel,justice', 'hardwick,josh', 'feider,jp', 'hill,kameron', 'nickens,zachary']",
569,5292,Austin,Rhodes,0,120-103,"41,62","62,58",2-5,4-2,N/A,N/A,12/02/17,2:00 PM,N/A,Hughey Gym,Lose,2,False,209,False,15:40,"SUB IN by NESTLEHUTT,JAKE",75 ,,57,,,,"SUB IN by NESTLEHUTT,JAKE",2,subbing in,,rhodes,"nestlehutt,jake",,"['darst,daniel', 'galvin,owen', 'berry,bryce', 'roteman,evan', 'giroux,preston', 'nestlehutt,jake']","['mercadel,justice', 'hardwick,josh', 'feider,jp', 'hill,kameron', 'nickens,zachary']",940
570,5292,Austin,Rhodes,0,120-103,"41,62","62,58",2-5,4-2,N/A,N/A,12/02/17,2:00 PM,N/A,Hughey Gym,Lose,2,False,209,False,15:40,"SUB IN by MCINTYRE,WILLIAM",75 ,,57,,,,"SUB IN by MCINTYRE,WILLIAM",2,subbing in,,rhodes,"mcintyre,william",,"['darst,daniel', 'galvin,owen', 'berry,bryce', 'roteman,evan', 'giroux,preston', 'nestlehutt,jake', 'mcintyre,william']","['mercadel,justice', 'hardwick,josh', 'feider,jp', 'hill,kameron', 'nickens,zachary']",940
571,5292,Austin,Rhodes,0,120-103,"41,62","62,58",2-5,4-2,N/A,N/A,12/02/17,2:00 PM,N/A,Hughey Gym,Lose,2,False,209,False,15:40,"SUB IN by ASHBY,KENDRICK",75 ,,57,,,,"SUB IN by ASHBY,KENDRICK",2,subbing in,,rhodes,"ashby,kendrick",,"['darst,daniel', 'galvin,owen', 'berry,bryce', 'roteman,evan', 'giroux,preston', 'nestlehutt,jake', 'mcintyre,william', 'ashby,kendrick']","['mercadel,justice', 'hardwick,josh', 'feider,jp', 'hill,kameron', 'nickens,zachary']",940
572,5292,Austin,Rhodes,0,120-103,"41,62","62,58",2-5,4-2,N/A,N/A,12/02/17,2:00 PM,N/A,Hughey Gym,Lose,2,False,209,False,15:40,"SUB IN by DALTON,PRICE",75 ,,57,,,,"SUB IN by DALTON,PRICE",2,subbing in,,rhodes,"dalton,price",,"['darst,daniel', 'galvin,owen', 'berry,bryce', 'roteman,evan', 'giroux,preston', 'nestlehutt,jake', 'mcintyre,william', 'ashby,kendrick', 'dalton,price']","['mercadel,justice', 'hardwick,josh', 'feider,jp', 'hill,kameron', 'nickens,zachary']",940
573,5292,Austin,Rhodes,0,120-103,"41,62","62,58",2-5,4-2,N/A,N/A,12/02/17,2:00 PM,N/A,Hughey Gym,Lose,2,False,209,False,15:40,"SUB IN by NYAWATA,ANESU",75 ,,57,,,,"SUB IN by NYAWATA,ANESU",2,subbing in,,rhodes,"nyawata,anesu",,"['darst,daniel', 'galvin,owen', 'berry,bryce', 'roteman,evan', 'giroux,preston', 'nestlehutt,jake', 'mcintyre,william', 'ashby,kendrick', 'dalton,price', 'nyawata,anesu']","['mercadel,justice', 'hardwick,josh', 'feider,jp', 'hill,kameron', 'nickens,zachary']",940
574,5292,Austin,Rhodes,0,120-103,"41,62","62,58",2-5,4-2,N/A,N/A,12/02/17,2:00 PM,N/A,Hughey Gym,Lose,2,False,209,False,15:40,"SUB OUT by LOVE,KERRY",75 ,,57,,,,"SUB OUT by LOVE,KERRY",2,subbing out,,rhodes,"love,kerry",,"['darst,daniel', 'galvin,owen', 'berry,bryce', 'roteman,evan', 'giroux,preston', 'nestlehutt,jake', 'mcintyre,william', 'ashby,kendrick', 'dalton,price', 'nyawata,anesu']","['mercadel,justice', 'hardwick,josh', 'feider,jp', 'hill,kameron', 'nickens,zachary']",940
575,5292,Austin,Rhodes,0,120-103,"41,62","62,58",2-5,4-2,N/A,N/A,12/02/17,2:00 PM,N/A,Hughey Gym,Lose,2,False,209,False,15:40,"SUB OUT by GALVIN,OWEN",75 ,,57,,,,"SUB OUT by GALVIN,OWEN",2,subbing out,,rhodes,"galvin,owen",,"['darst,daniel', 'galvin,owen', 'berry,bryce', 'roteman,evan', 'giroux,preston', 'nestlehutt,jake', 'mcintyre,william', 'ashby,kendrick', 'dalton,price', 'nyawata,anesu']","['mercadel,justice', 'hardwick,josh', 'feider,jp', 'hill,kameron', 'nickens,zachary']",940
576,5292,Austin,Rhodes,0,120-103,"41,62","62,58",2-5,4-2,N/A,N/A,12/02/17,2:00 PM,N/A,Hughey Gym,Lose,2,False,209,False,15:40,"SUB OUT by DARST,DANIEL",75 ,,57,,,,"SUB OUT by DARST,DANIEL",2,subbing out,,rhodes,"darst,daniel",,"['galvin,owen', 'berry,bryce', 'roteman,evan', 'giroux,preston', 'nestlehutt,jake', 'mcintyre,william', 'ashby,kendrick', 'dalton,price', 'nyawata,anesu']","['mercadel,justice', 'hardwick,josh', 'feider,jp', 'hill,kameron', 'nickens,zachary']",940
577,5292,Austin,Rhodes,0,120-103,"41,62","62,58",2-5,4-2,N/A,N/A,12/02/17,2:00 PM,N/A,Hughey Gym,Lose,2,False,209,False,15:40,"SUB OUT by ROTEMAN,EVAN",75 ,,57,,,,"SUB OUT by ROTEMAN,EVAN",2,subbing out,,rhodes,"roteman,evan",,"['galvin,owen', 'berry,bryce', 'giroux,preston', 'nestlehutt,jake', 'mcintyre,william', 'ashby,kendrick', 'dalton,price', 'nyawata,anesu']","['mercadel,justice', 'hardwick,josh', 'feider,jp', 'hill,kameron', 'nickens,zachary']",940
578,5292,Austin,Rhodes,0,120-103,"41,62","62,58",2-5,4-2,N/A,N/A,12/02/17,2:00 PM,N/A,Hughey Gym,Lose,2,False,209,False,15:40,"SUB OUT by BERRY,BRYCE",75 ,,57,,,,"SUB OUT by BERRY,BRYCE",2,subbing out,,rhodes,"berry,bryce",,"['galvin,owen', 'giroux,preston', 'nestlehutt,jake', 'mcintyre,william', 'ashby,kendrick', 'dalton,price', 'nyawata,anesu']","['mercadel,justice', 'hardwick,josh', 'feider,jp', 'hill,kameron', 'nickens,zachary']",940
579,5292,Austin,Rhodes,0,120-103,"41,62","62,58",2-5,4-2,N/A,N/A,12/02/17,2:00 PM,N/A,Hughey Gym,Lose,2,False,209,False,15:40,,75 ,,57,"SUB IN by FEIDER,JP",,,"SUB IN by FEIDER,JP",2,subbing in,,austin,"feider,jp",,"['galvin,owen', 'giroux,preston', 'nestlehutt,jake', 'mcintyre,william', 'ashby,kendrick', 'dalton,price', 'nyawata,anesu']","['mercadel,justice', 'hardwick,josh', 'feider,jp', 'hill,kameron', 'nickens,zachary']",940
580,5292,Austin,Rhodes,0,120-103,"41,62","62,58",2-5,4-2,N/A,N/A,12/02/17,2:00 PM,N/A,Hughey Gym,Lose,2,False,209,False,15:40,,75 ,,57,"SUB IN by QUINN,JOSH",,,"SUB IN by QUINN,JOSH",2,subbing in,,austin,"quinn,josh",,"['galvin,owen', 'giroux,preston', 'nestlehutt,jake', 'mcintyre,william', 'ashby,kendrick', 'dalton,price', 'nyawata,anesu']","['mercadel,justice', 'hardwick,josh', 'feider,jp', 'hill,kameron', 'nickens,zachary']",940
581,5292,Austin,Rhodes,0,120-103,"41,62","62,58",2-5,4-2,N/A,N/A,12/02/17,2:00 PM,N/A,Hughey Gym,Lose,2,False,209,False,15:40,,75 ,,57,"SUB OUT by MERCADEL,JUSTICE",,,"SUB OUT by MERCADEL,JUSTICE",2,subbing out,,austin,"mercadel,justice",,"['galvin,owen', 'giroux,preston', 'nestlehutt,jake', 'mcintyre,william', 'ashby,kendrick', 'dalton,price', 'nyawata,anesu']","['hardwick,josh', 'feider,jp', 'hill,kameron', 'nickens,zachary']",940
582,5292,Austin,Rhodes,0,120-103,"41,62","62,58",2-5,4-2,N/A,N/A,12/02/17,2:00 PM,N/A,Hughey Gym,Lose,2,False,209,False,15:40,,75 ,,57,"SUB OUT by HOLLAND,MICHAEL",,,"SUB OUT by HOLLAND,MICHAEL",2,subbing out,,austin,"holland,michael",,"['galvin,owen', 'giroux,preston', 'nestlehutt,jake', 'mcintyre,william', 'ashby,kendrick', 'dalton,price', 'nyawata,anesu']","['hardwick,josh', 'feider,jp', 'hill,kameron', 'nickens,zachary']",940
583,5292,Austin,Rhodes,0,120-103,"41,62","62,58",2-5,4-2,N/A,N/A,12/02/17,2:00 PM,N/A,Hughey Gym,Lose,2,False,209,False,15:37,,75 ,,57,"SUB IN by HARDWICK,JOSH",,,"SUB IN by HARDWICK,JOSH",2,subbing in,,austin,"hardwick,josh",,"['galvin,owen', 'giroux,preston', 'nestlehutt,jake', 'mcintyre,william', 'ashby,kendrick', 'dalton,price', 'nyawata,anesu']","['hardwick,josh', 'feider,jp', 'hill,kameron', 'nickens,zachary']",937
584,5292,Austin,Rhodes,0,120-103,"41,62","62,58",2-5,4-2,N/A,N/A,12/02/17,2:00 PM,N/A,Hughey Gym,Lose,2,False,209,False,15:37,,75 ,,57,"SUB OUT by HOGAN,KAM",,,"SUB OUT by HOGAN,KAM",2,subbing out,,austin,"hogan,kam",,"['galvin,owen', 'giroux,preston', 'nestlehutt,jake', 'mcintyre,william', 'ashby,kendrick', 'dalton,price', 'nyawata,anesu']","['hardwick,josh', 'feider,jp', 'hill,kameron', 'nickens,zachary']",937
585,5292,Austin,Rhodes,0,120-103,"41,62","62,58",2-5,4-2,N/A,N/A,12/02/17,2:00 PM,N/A,Hughey Gym,Lose,2,False,209,False,15:29,"GOOD 3PTR by NESTLEHUTT,JAKE",78 ,,57,,RHODES 78-57 (+21),,"GOOD 3PTR by NESTLEHUTT,JAKE",2,three pointer,good,rhodes,"nestlehutt,jake",3,"['galvin,owen', 'giroux,preston', 'nestlehutt,jake', 'mcintyre,william', 'ashby,kendrick', 'dalton,price', 'nyawata,anesu']","['hardwick,josh', 'feider,jp', 'hill,kameron', 'nickens,zachary']",929
586,5292,Austin,Rhodes,0,120-103,"41,62","62,58",2-5,4-2,N/A,N/A,12/02/17,2:00 PM,N/A,Hughey Gym,Lose,2,False,209,False,--,"ASSIST  by MCINTYRE,WILLIAM",78 ,,57,,,,"ASSIST  by MCINTYRE,WILLIAM",2,assist,,rhodes,"mcintyre,william",,"['galvin,owen', 'giroux,preston', 'nestlehutt,jake', 'mcintyre,william', 'ashby,kendrick', 'dalton,price', 'nyawata,anesu']","['hardwick,josh', 'feider,jp', 'hill,kameron', 'nickens,zachary']",
587,5292,Austin,Rhodes,0,120-103,"41,62","62,58",2-5,4-2,N/A,N/A,12/02/17,2:00 PM,N/A,Hughey Gym,Lose,2,False,209,False,15:10,,78 ,,57,"MISS JUMPER by NICKENS,ZACHARY",,,"MISS JUMPER by NICKENS,ZACHARY",2,jumper,missed,austin,"nickens,zachary",,"['galvin,owen', 'giroux,preston', 'nestlehutt,jake', 'mcintyre,william', 'ashby,kendrick', 'dalton,price', 'nyawata,anesu']","['hardwick,josh', 'feider,jp', 'hill,kameron', 'nickens,zachary']",910
588,5292,Austin,Rhodes,0,120-103,"41,62","62,58",2-5,4-2,N/A,N/A,12/02/17,2:00 PM,N/A,Hughey Gym,Lose,2,False,209,False,--,,78 ,,57,"REBOUND OFF by FEIDER,JP",,,"REBOUND OFF by FEIDER,JP",2,offensive rebound,,austin,"feider,jp",,"['galvin,owen', 'giroux,preston', 'nestlehutt,jake', 'mcintyre,william', 'ashby,kendrick', 'dalton,price', 'nyawata,anesu']","['hardwick,josh', 'feider,jp', 'hill,kameron', 'nickens,zachary']",
589,5292,Austin,Rhodes,0,120-103,"41,62","62,58",2-5,4-2,N/A,N/A,12/02/17,2:00 PM,N/A,Hughey Gym,Lose,2,False,209,False,15:07,,78 ,,57,"MISS LAYUP by FEIDER,JP",,,"MISS LAYUP by FEIDER,JP",2,layup,missed,austin,"feider,jp",,"['galvin,owen', 'giroux,preston', 'nestlehutt,jake', 'mcintyre,william', 'ashby,kendrick', 'dalton,price', 'nyawata,anesu']","['hardwick,josh', 'feider,jp', 'hill,kameron', 'nickens,zachary']",907
590,5292,Austin,Rhodes,0,120-103,"41,62","62,58",2-5,4-2,N/A,N/A,12/02/17,2:00 PM,N/A,Hughey Gym,Lose,2,False,209,False,--,,78 ,,57,"REBOUND OFF by FEIDER,JP",,,"REBOUND OFF by FEIDER,JP",2,offensive rebound,,austin,"feider,jp",,"['galvin,owen', 'giroux,preston', 'nestlehutt,jake', 'mcintyre,william', 'ashby,kendrick', 'dalton,price', 'nyawata,anesu']","['hardwick,josh', 'feider,jp', 'hill,kameron', 'nickens,zachary']",
591,5292,Austin,Rhodes,0,120-103,"41,62","62,58",2-5,4-2,N/A,N/A,12/02/17,2:00 PM,N/A,Hughey Gym,Lose,2,False,209,False,15:03,,78 ,,59,"GOOD LAYUP by FEIDER,JP(in the paint)",ACM 78-59 (+19),,"GOOD LAYUP by FEIDER,JP(in the paint)",2,layup,good,austin,"feider,jp",2,"['galvin,owen', 'giroux,preston', 'nestlehutt,jake', 'mcintyre,william', 'ashby,kendrick', 'dalton,price', 'nyawata,anesu']","['hardwick,josh', 'feider,jp', 'hill,kameron', 'nickens,zachary']",903
592,5292,Austin,Rhodes,0,120-103,"41,62","62,58",2-5,4-2,N/A,N/A,12/02/17,2:00 PM,N/A,Hughey Gym,Lose,2,False,209,False,15:03,"FOUL  by ASHBY,KENDRICK",78 ,,59,,,,"FOUL  by ASHBY,KENDRICK",2,foul,,rhodes,"ashby,kendrick",,"['galvin,owen', 'giroux,preston', 'nestlehutt,jake', 'mcintyre,william', 'ashby,kendrick', 'dalton,price', 'nyawata,anesu']","['hardwick,josh', 'feider,jp', 'hill,kameron', 'nickens,zachary']",903
593,5292,Austin,Rhodes,0,120-103,"41,62","62,58",2-5,4-2,N/A,N/A,12/02/17,2:00 PM,N/A,Hughey Gym,Lose,2,False,209,False,15:03,,78 ,,60,"GOOD FT by FEIDER,JP",ACM 78-60 (+18),,"GOOD FT by FEIDER,JP",2,free throw,good,austin,"feider,jp",1,"['galvin,owen', 'giroux,preston', 'nestlehutt,jake', 'mcintyre,william', 'ashby,kendrick', 'dalton,price', 'nyawata,anesu']","['hardwick,josh', 'feider,jp', 'hill,kameron', 'nickens,zachary']",903
594,5292,Austin,Rhodes,0,120-103,"41,62","62,58",2-5,4-2,N/A,N/A,12/02/17,2:00 PM,N/A,Hughey Gym,Lose,2,False,209,False,14:57,"GOOD LAYUP by ASHBY,KENDRICK(in the paint)",80 ,,60,,RHODES 80-60 (+20),,"GOOD LAYUP by ASHBY,KENDRICK(in the paint)",2,layup,good,rhodes,"ashby,kendrick",2,"['galvin,owen', 'giroux,preston', 'nestlehutt,jake', 'mcintyre,william', 'ashby,kendrick', 'dalton,price', 'nyawata,anesu']","['hardwick,josh', 'feider,jp', 'hill,kameron', 'nickens,zachary']",897
595,5292,Austin,Rhodes,0,120-103,"41,62","62,58",2-5,4-2,N/A,N/A,12/02/17,2:00 PM,N/A,Hughey Gym,Lose,2,False,209,False,--,"ASSIST  by DALTON,PRICE",80 ,,60,,,,"ASSIST  by DALTON,PRICE",2,assist,,rhodes,"dalton,price",,"['galvin,owen', 'giroux,preston', 'nestlehutt,jake', 'mcintyre,william', 'ashby,kendrick', 'dalton,price', 'nyawata,anesu']","['hardwick,josh', 'feider,jp', 'hill,kameron', 'nickens,zachary']",
596,5292,Austin,Rhodes,0,120-103,"41,62","62,58",2-5,4-2,N/A,N/A,12/02/17,2:00 PM,N/A,Hughey Gym,Lose,2,False,209,False,14:56,,80 ,,60,"FOUL  by HARDWICK,JOSH",,,"FOUL  by HARDWICK,JOSH",2,foul,,austin,"hardwick,josh",,"['galvin,owen', 'giroux,preston', 'nestlehutt,jake', 'mcintyre,william', 'ashby,kendrick', 'dalton,price', 'nyawata,anesu']","['hardwick,josh', 'feider,jp', 'hill,kameron', 'nickens,zachary']",896
597,5292,Austin,Rhodes,0,120-103,"41,62","62,58",2-5,4-2,N/A,N/A,12/02/17,2:00 PM,N/A,Hughey Gym,Lose,2,False,209,False,14:56,"MISS FT by ASHBY,KENDRICK",80 ,,60,,,,"MISS FT by ASHBY,KENDRICK",2,free throw,missed,rhodes,"ashby,kendrick",,"['galvin,owen', 'giroux,preston', 'nestlehutt,jake', 'mcintyre,william', 'ashby,kendrick', 'dalton,price', 'nyawata,anesu']","['hardwick,josh', 'feider,jp', 'hill,kameron', 'nickens,zachary']",896
598,5292,Austin,Rhodes,0,120-103,"41,62","62,58",2-5,4-2,N/A,N/A,12/02/17,2:00 PM,N/A,Hughey Gym,Lose,2,False,209,False,--,,80 ,,60,"REBOUND DEF by FEIDER,JP",,,"REBOUND DEF by FEIDER,JP",2,defensive rebound,,austin,"feider,jp",,"['galvin,owen', 'giroux,preston', 'nestlehutt,jake', 'mcintyre,william', 'ashby,kendrick', 'dalton,price', 'nyawata,anesu']","['hardwick,josh', 'feider,jp', 'hill,kameron', 'nickens,zachary']",
599,5292,Austin,Rhodes,0,120-103,"41,62","62,58",2-5,4-2,N/A,N/A,12/02/17,2:00 PM,N/A,Hughey Gym,Lose,2,False,209,False,14:50,,80 ,,60,"MISS LAYUP by HILL,KAMERON",,,"MISS LAYUP by HILL,KAMERON",2,layup,missed,austin,"hill,kameron",,"['galvin,owen', 'giroux,preston', 'nestlehutt,jake', 'mcintyre,william', 'ashby,kendrick', 'dalton,price', 'nyawata,anesu']","['hardwick,josh', 'feider,jp', 'hill,kameron', 'nickens,zachary']",890
600,5292,Austin,Rhodes,0,120-103,"41,62","62,58",2-5,4-2,N/A,N/A,12/02/17,2:00 PM,N/A,Hughey Gym,Lose,2,False,209,False,14:50,"BLOCK  by MCINTYRE,WILLIAM",80 ,,60,,,,"BLOCK  by MCINTYRE,WILLIAM",2,block,,rhodes,"mcintyre,william",,"['galvin,owen', 'giroux,preston', 'nestlehutt,jake', 'mcintyre,william', 'ashby,kendrick', 'dalton,price', 'nyawata,anesu']","['hardwick,josh', 'feider,jp', 'hill,kameron', 'nickens,zachary']",890
601,5292,Austin,Rhodes,0,120-103,"41,62","62,58",2-5,4-2,N/A,N/A,12/02/17,2:00 PM,N/A,Hughey Gym,Lose,2,False,209,False,--,"REBOUND DEF by ASHBY,KENDRICK",80 ,,60,,,,"REBOUND DEF by ASHBY,KENDRICK",2,defensive rebound,,rhodes,"ashby,kendrick",,"['galvin,owen', 'giroux,preston', 'nestlehutt,jake', 'mcintyre,william', 'ashby,kendrick', 'dalton,price', 'nyawata,anesu']","['hardwick,josh', 'feider,jp', 'hill,kameron', 'nickens,zachary']",
602,5292,Austin,Rhodes,0,120-103,"41,62","62,58",2-5,4-2,N/A,N/A,12/02/17,2:00 PM,N/A,Hughey Gym,Lose,2,False,209,False,14:43,"TURNOVER  by NYAWATA,ANESU",80 ,,60,,,,"TURNOVER  by NYAWATA,ANESU",2,turnover,,rhodes,"nyawata,anesu",,"['galvin,owen', 'giroux,preston', 'nestlehutt,jake', 'mcintyre,william', 'ashby,kendrick', 'dalton,price', 'nyawata,anesu']","['hardwick,josh', 'feider,jp', 'hill,kameron', 'nickens,zachary']",883
603,5292,Austin,Rhodes,0,120-103,"41,62","62,58",2-5,4-2,N/A,N/A,12/02/17,2:00 PM,N/A,Hughey Gym,Lose,2,False,209,False,14:43,"SUB IN by SAMSON,VAUGHN",80 ,,60,,,,"SUB IN by SAMSON,VAUGHN",2,subbing in,,rhodes,"samson,vaughn",,"['galvin,owen', 'giroux,preston', 'nestlehutt,jake', 'mcintyre,william', 'ashby,kendrick', 'dalton,price', 'nyawata,anesu']","['hardwick,josh', 'feider,jp', 'hill,kameron', 'nickens,zachary']",883
604,5292,Austin,Rhodes,0,120-103,"41,62","62,58",2-5,4-2,N/A,N/A,12/02/17,2:00 PM,N/A,Hughey Gym,Lose,2,False,209,False,14:43,"SUB IN by GIROUX,PRESTON",80 ,,60,,,,"SUB IN by GIROUX,PRESTON",2,subbing in,,rhodes,"giroux,preston",,"['galvin,owen', 'giroux,preston', 'nestlehutt,jake', 'mcintyre,william', 'ashby,kendrick', 'dalton,price', 'nyawata,anesu']","['hardwick,josh', 'feider,jp', 'hill,kameron', 'nickens,zachary']",883
605,5292,Austin,Rhodes,0,120-103,"41,62","62,58",2-5,4-2,N/A,N/A,12/02/17,2:00 PM,N/A,Hughey Gym,Lose,2,False,209,False,14:43,"SUB IN by WEATHERFORD,MITCH",80 ,,60,,,,"SUB IN by WEATHERFORD,MITCH",2,subbing in,,rhodes,"weatherford,mitch",,"['galvin,owen', 'giroux,preston', 'nestlehutt,jake', 'mcintyre,william', 'ashby,kendrick', 'dalton,price', 'nyawata,anesu']","['hardwick,josh', 'feider,jp', 'hill,kameron', 'nickens,zachary']",883
606,5292,Austin,Rhodes,0,120-103,"41,62","62,58",2-5,4-2,N/A,N/A,12/02/17,2:00 PM,N/A,Hughey Gym,Lose,2,False,209,False,14:43,"SUB IN by EVANS,ANDREW",80 ,,60,,,,"SUB IN by EVANS,ANDREW",2,subbing in,,rhodes,"evans,andrew",,"['galvin,owen', 'giroux,preston', 'nestlehutt,jake', 'mcintyre,william', 'ashby,kendrick', 'dalton,price', 'nyawata,anesu', 'evans,andrew']","['hardwick,josh', 'feider,jp', 'hill,kameron', 'nickens,zachary']",883
607,5292,Austin,Rhodes,0,120-103,"41,62","62,58",2-5,4-2,N/A,N/A,12/02/17,2:00 PM,N/A,Hughey Gym,Lose,2,False,209,False,14:43,"SUB IN by FERIA,NICK DE",80 ,,60,,,,"SUB IN by FERIA,NICK DE",2,subbing in,,rhodes,"feria,nick de",,"['galvin,owen', 'giroux,preston', 'nestlehutt,jake', 'mcintyre,william', 'ashby,kendrick', 'dalton,price', 'nyawata,anesu', 'evans,andrew', 'feria,nick de']","['hardwick,josh', 'feider,jp', 'hill,kameron', 'nickens,zachary']",883
608,5292,Austin,Rhodes,0,120-103,"41,62","62,58",2-5,4-2,N/A,N/A,12/02/17,2:00 PM,N/A,Hughey Gym,Lose,2,False,209,False,14:43,"SUB OUT by ASHBY,KENDRICK",80 ,,60,,,,"SUB OUT by ASHBY,KENDRICK",2,subbing out,,rhodes,"ashby,kendrick",,"['galvin,owen', 'giroux,preston', 'nestlehutt,jake', 'mcintyre,william', 'dalton,price', 'nyawata,anesu', 'evans,andrew', 'feria,nick de']","['hardwick,josh', 'feider,jp', 'hill,kameron', 'nickens,zachary']",883
609,5292,Austin,Rhodes,0,120-103,"41,62","62,58",2-5,4-2,N/A,N/A,12/02/17,2:00 PM,N/A,Hughey Gym,Lose,2,False,209,False,14:43,"SUB OUT by MCINTYRE,WILLIAM",80 ,,60,,,,"SUB OUT by MCINTYRE,WILLIAM",2,subbing out,,rhodes,"mcintyre,william",,"['galvin,owen', 'giroux,preston', 'nestlehutt,jake', 'dalton,price', 'nyawata,anesu', 'evans,andrew', 'feria,nick de']","['hardwick,josh', 'feider,jp', 'hill,kameron', 'nickens,zachary']",883
610,5292,Austin,Rhodes,0,120-103,"41,62","62,58",2-5,4-2,N/A,N/A,12/02/17,2:00 PM,N/A,Hughey Gym,Lose,2,False,209,False,14:43,"SUB OUT by NESTLEHUTT,JAKE",80 ,,60,,,,"SUB OUT by NESTLEHUTT,JAKE",2,subbing out,,rhodes,"nestlehutt,jake",,"['galvin,owen', 'giroux,preston', 'dalton,price', 'nyawata,anesu', 'evans,andrew', 'feria,nick de']","['hardwick,josh', 'feider,jp', 'hill,kameron', 'nickens,zachary']",883
611,5292,Austin,Rhodes,0,120-103,"41,62","62,58",2-5,4-2,N/A,N/A,12/02/17,2:00 PM,N/A,Hughey Gym,Lose,2,False,209,False,14:43,"SUB OUT by NYAWATA,ANESU",80 ,,60,,,,"SUB OUT by NYAWATA,ANESU",2,subbing out,,rhodes,"nyawata,anesu",,"['galvin,owen', 'giroux,preston', 'dalton,price', 'evans,andrew', 'feria,nick de']","['hardwick,josh', 'feider,jp', 'hill,kameron', 'nickens,zachary']",883
612,5292,Austin,Rhodes,0,120-103,"41,62","62,58",2-5,4-2,N/A,N/A,12/02/17,2:00 PM,N/A,Hughey Gym,Lose,2,False,209,False,14:43,"SUB OUT by DALTON,PRICE",80 ,,60,,,,"SUB OUT by DALTON,PRICE",2,subbing out,,rhodes,"dalton,price",,"['galvin,owen', 'giroux,preston', 'evans,andrew', 'feria,nick de']","['hardwick,josh', 'feider,jp', 'hill,kameron', 'nickens,zachary']",883
613,5292,Austin,Rhodes,0,120-103,"41,62","62,58",2-5,4-2,N/A,N/A,12/02/17,2:00 PM,N/A,Hughey Gym,Lose,2,False,209,False,14:43,,80 ,,60,"SUB IN by MERCADEL,JUSTICE",,,"SUB IN by MERCADEL,JUSTICE",2,subbing in,,austin,"mercadel,justice",,"['galvin,owen', 'giroux,preston', 'evans,andrew', 'feria,nick de']","['hardwick,josh', 'feider,jp', 'hill,kameron', 'nickens,zachary', 'mercadel,justice']",883
614,5292,Austin,Rhodes,0,120-103,"41,62","62,58",2-5,4-2,N/A,N/A,12/02/17,2:00 PM,N/A,Hughey Gym,Lose,2,False,209,False,14:43,,80 ,,60,"SUB IN by HOLLAND,MICHAEL",,,"SUB IN by HOLLAND,MICHAEL",2,subbing in,,austin,"holland,michael",,"['galvin,owen', 'giroux,preston', 'evans,andrew', 'feria,nick de']","['hardwick,josh', 'feider,jp', 'hill,kameron', 'nickens,zachary', 'mercadel,justice', 'holland,michael']",883
615,5292,Austin,Rhodes,0,120-103,"41,62","62,58",2-5,4-2,N/A,N/A,12/02/17,2:00 PM,N/A,Hughey Gym,Lose,2,False,209,False,14:43,,80 ,,60,"SUB OUT by HILL,KAMERON",,,"SUB OUT by HILL,KAMERON",2,subbing out,,austin,"hill,kameron",,"['galvin,owen', 'giroux,preston', 'evans,andrew', 'feria,nick de']","['hardwick,josh', 'feider,jp', 'nickens,zachary', 'mercadel,justice', 'holland,michael']",883
616,5292,Austin,Rhodes,0,120-103,"41,62","62,58",2-5,4-2,N/A,N/A,12/02/17,2:00 PM,N/A,Hughey Gym,Lose,2,False,209,False,14:43,,80 ,,60,"SUB OUT by HARDWICK,JOSH",,,"SUB OUT by HARDWICK,JOSH",2,subbing out,,austin,"hardwick,josh",,"['galvin,owen', 'giroux,preston', 'evans,andrew', 'feria,nick de']","['feider,jp', 'nickens,zachary', 'mercadel,justice', 'holland,michael']",883
617,5292,Austin,Rhodes,0,120-103,"41,62","62,58",2-5,4-2,N/A,N/A,12/02/17,2:00 PM,N/A,Hughey Gym,Lose,2,False,209,False,14:37,,80 ,,60,"MISS LAYUP by HOLLAND,MICHAEL",,,"MISS LAYUP by HOLLAND,MICHAEL",2,layup,missed,austin,"holland,michael",,"['galvin,owen', 'giroux,preston', 'evans,andrew', 'feria,nick de']","['feider,jp', 'nickens,zachary', 'mercadel,justice', 'holland,michael']",877
618,5292,Austin,Rhodes,0,120-103,"41,62","62,58",2-5,4-2,N/A,N/A,12/02/17,2:00 PM,N/A,Hughey Gym,Lose,2,False,209,False,--,,80 ,,60,"REBOUND OFF by FEIDER,JP",,,"REBOUND OFF by FEIDER,JP",2,offensive rebound,,austin,"feider,jp",,"['galvin,owen', 'giroux,preston', 'evans,andrew', 'feria,nick de']","['feider,jp', 'nickens,zachary', 'mercadel,justice', 'holland,michael']",
619,5292,Austin,Rhodes,0,120-103,"41,62","62,58",2-5,4-2,N/A,N/A,12/02/17,2:00 PM,N/A,Hughey Gym,Lose,2,False,209,False,14:34,,80 ,,62,"GOOD LAYUP by FEIDER,JP(in the paint)",ACM 80-62 (+18),,"GOOD LAYUP by FEIDER,JP(in the paint)",2,layup,good,austin,"feider,jp",2,"['galvin,owen', 'giroux,preston', 'evans,andrew', 'feria,nick de']","['feider,jp', 'nickens,zachary', 'mercadel,justice', 'holland,michael']",874
620,5292,Austin,Rhodes,0,120-103,"41,62","62,58",2-5,4-2,N/A,N/A,12/02/17,2:00 PM,N/A,Hughey Gym,Lose,2,False,209,False,14:22,,80 ,,62,"FOUL  by NICKENS,ZACHARY",,,"FOUL  by NICKENS,ZACHARY",2,foul,,austin,"nickens,zachary",,"['galvin,owen', 'giroux,preston', 'evans,andrew', 'feria,nick de']","['feider,jp', 'nickens,zachary', 'mercadel,justice', 'holland,michael']",862
621,5292,Austin,Rhodes,0,120-103,"41,62","62,58",2-5,4-2,N/A,N/A,12/02/17,2:00 PM,N/A,Hughey Gym,Lose,2,False,209,False,14:22,"GOOD FT by FERIA,NICK DE",81 ,,62,,RHODES 81-62 (+19),,"GOOD FT by FERIA,NICK DE",2,free throw,good,rhodes,"feria,nick de",1,"['galvin,owen', 'giroux,preston', 'evans,andrew', 'feria,nick de']","['feider,jp', 'nickens,zachary', 'mercadel,justice', 'holland,michael']",862
622,5292,Austin,Rhodes,0,120-103,"41,62","62,58",2-5,4-2,N/A,N/A,12/02/17,2:00 PM,N/A,Hughey Gym,Lose,2,False,209,False,14:22,"GOOD FT by FERIA,NICK DE",82 ,,62,,RHODES 82-62 (+20),,"GOOD FT by FERIA,NICK DE",2,free throw,good,rhodes,"feria,nick de",1,"['galvin,owen', 'giroux,preston', 'evans,andrew', 'feria,nick de']","['feider,jp', 'nickens,zachary', 'mercadel,justice', 'holland,michael']",862
623,5292,Austin,Rhodes,0,120-103,"41,62","62,58",2-5,4-2,N/A,N/A,12/02/17,2:00 PM,N/A,Hughey Gym,Lose,2,False,209,False,14:13,,82 ,,62,"MISS LAYUP by FEIDER,JP",,,"MISS LAYUP by FEIDER,JP",2,layup,missed,austin,"feider,jp",,"['galvin,owen', 'giroux,preston', 'evans,andrew', 'feria,nick de']","['feider,jp', 'nickens,zachary', 'mercadel,justice', 'holland,michael']",853
624,5292,Austin,Rhodes,0,120-103,"41,62","62,58",2-5,4-2,N/A,N/A,12/02/17,2:00 PM,N/A,Hughey Gym,Lose,2,False,209,False,--,,82 ,,62,REBOUND OFF by TEAM,,,REBOUND OFF by TEAM,2,offensive rebound,,austin,,,"['galvin,owen', 'giroux,preston', 'evans,andrew', 'feria,nick de']","['feider,jp', 'nickens,zachary', 'mercadel,justice', 'holland,michael']",
625,5292,Austin,Rhodes,0,120-103,"41,62","62,58",2-5,4-2,N/A,N/A,12/02/17,2:00 PM,N/A,Hughey Gym,Lose,2,False,209,False,14:05,,82 ,,62,"MISS JUMPER by HOLLAND,MICHAEL",,,"MISS JUMPER by HOLLAND,MICHAEL",2,jumper,missed,austin,"holland,michael",,"['galvin,owen', 'giroux,preston', 'evans,andrew', 'feria,nick de']","['feider,jp', 'nickens,zachary', 'mercadel,justice', 'holland,michael']",845
626,5292,Austin,Rhodes,0,120-103,"41,62","62,58",2-5,4-2,N/A,N/A,12/02/17,2:00 PM,N/A,Hughey Gym,Lose,2,False,209,False,--,,82 ,,62,"REBOUND OFF by HOLLAND,MICHAEL",,,"REBOUND OFF by HOLLAND,MICHAEL",2,offensive rebound,,austin,"holland,michael",,"['galvin,owen', 'giroux,preston', 'evans,andrew', 'feria,nick de']","['feider,jp', 'nickens,zachary', 'mercadel,justice', 'holland,michael']",
627,5292,Austin,Rhodes,0,120-103,"41,62","62,58",2-5,4-2,N/A,N/A,12/02/17,2:00 PM,N/A,Hughey Gym,Lose,2,False,209,False,13:59,,82 ,,62,"FOUL  by FEIDER,JP",,,"FOUL  by FEIDER,JP",2,foul,,austin,"feider,jp",,"['galvin,owen', 'giroux,preston', 'evans,andrew', 'feria,nick de']","['feider,jp', 'nickens,zachary', 'mercadel,justice', 'holland,michael']",839
628,5292,Austin,Rhodes,0,120-103,"41,62","62,58",2-5,4-2,N/A,N/A,12/02/17,2:00 PM,N/A,Hughey Gym,Lose,2,False,209,False,13:59,,82 ,,62,"TURNOVER  by FEIDER,JP",,,"TURNOVER  by FEIDER,JP",2,turnover,,austin,"feider,jp",,"['galvin,owen', 'giroux,preston', 'evans,andrew', 'feria,nick de']","['feider,jp', 'nickens,zachary', 'mercadel,justice', 'holland,michael']",839
629,5292,Austin,Rhodes,0,120-103,"41,62","62,58",2-5,4-2,N/A,N/A,12/02/17,2:00 PM,N/A,Hughey Gym,Lose,2,False,209,False,13:54,"MISS LAYUP by FERIA,NICK DE",82 ,,62,,,,"MISS LAYUP by FERIA,NICK DE",2,layup,missed,rhodes,"feria,nick de",,"['galvin,owen', 'giroux,preston', 'evans,andrew', 'feria,nick de']","['feider,jp', 'nickens,zachary', 'mercadel,justice', 'holland,michael']",834
630,5292,Austin,Rhodes,0,120-103,"41,62","62,58",2-5,4-2,N/A,N/A,12/02/17,2:00 PM,N/A,Hughey Gym,Lose,2,False,209,False,--,"REBOUND OFF by GIROUX,PRESTON",82 ,,62,,,,"REBOUND OFF by GIROUX,PRESTON",2,offensive rebound,,rhodes,"giroux,preston",,"['galvin,owen', 'giroux,preston', 'evans,andrew', 'feria,nick de']","['feider,jp', 'nickens,zachary', 'mercadel,justice', 'holland,michael']",
631,5292,Austin,Rhodes,0,120-103,"41,62","62,58",2-5,4-2,N/A,N/A,12/02/17,2:00 PM,N/A,Hughey Gym,Lose,2,False,209,False,13:47,"MISS JUMPER by SAMSON,VAUGHN",82 ,,62,,,,"MISS JUMPER by SAMSON,VAUGHN",2,jumper,missed,rhodes,"samson,vaughn",,"['galvin,owen', 'giroux,preston', 'evans,andrew', 'feria,nick de']","['feider,jp', 'nickens,zachary', 'mercadel,justice', 'holland,michael']",827
632,5292,Austin,Rhodes,0,120-103,"41,62","62,58",2-5,4-2,N/A,N/A,12/02/17,2:00 PM,N/A,Hughey Gym,Lose,2,False,209,False,--,,82 ,,62,"REBOUND DEF by NICKENS,ZACHARY",,,"REBOUND DEF by NICKENS,ZACHARY",2,defensive rebound,,austin,"nickens,zachary",,"['galvin,owen', 'giroux,preston', 'evans,andrew', 'feria,nick de']","['feider,jp', 'nickens,zachary', 'mercadel,justice', 'holland,michael']",
633,5292,Austin,Rhodes,0,120-103,"41,62","62,58",2-5,4-2,N/A,N/A,12/02/17,2:00 PM,N/A,Hughey Gym,Lose,2,False,209,False,13:41,,82 ,,64,"GOOD LAYUP by HOLLAND,MICHAEL(fastbreak)(in the paint)",ACM 82-64 (+18),,"GOOD LAYUP by HOLLAND,MICHAEL(fastbreak)(in the paint)",2,layup,good,austin,"holland,michael(fastbreak)",2,"['galvin,owen', 'giroux,preston', 'evans,andrew', 'feria,nick de']","['feider,jp', 'nickens,zachary', 'mercadel,justice', 'holland,michael']",821
634,5292,Austin,Rhodes,0,120-103,"41,62","62,58",2-5,4-2,N/A,N/A,12/02/17,2:00 PM,N/A,Hughey Gym,Lose,2,False,209,False,--,,82 ,,64,"ASSIST  by MERCADEL,JUSTICE",,,"ASSIST  by MERCADEL,JUSTICE",2,assist,,austin,"mercadel,justice",,"['galvin,owen', 'giroux,preston', 'evans,andrew', 'feria,nick de']","['feider,jp', 'nickens,zachary', 'mercadel,justice', 'holland,michael']",
635,5292,Austin,Rhodes,0,120-103,"41,62","62,58",2-5,4-2,N/A,N/A,12/02/17,2:00 PM,N/A,Hughey Gym,Lose,2,False,209,False,13:31,"MISS 3PTR by EVANS,ANDREW",82 ,,64,,,,"MISS 3PTR by EVANS,ANDREW",2,three pointer,missed,rhodes,"evans,andrew",,"['galvin,owen', 'giroux,preston', 'evans,andrew', 'feria,nick de']","['feider,jp', 'nickens,zachary', 'mercadel,justice', 'holland,michael']",811
636,5292,Austin,Rhodes,0,120-103,"41,62","62,58",2-5,4-2,N/A,N/A,12/02/17,2:00 PM,N/A,Hughey Gym,Lose,2,False,209,False,--,,82 ,,64,REBOUND DEF by TEAM,,,REBOUND DEF by TEAM,2,defensive rebound,,austin,,,"['galvin,owen', 'giroux,preston', 'evans,andrew', 'feria,nick de']","['feider,jp', 'nickens,zachary', 'mercadel,justice', 'holland,michael']",
637,5292,Austin,Rhodes,0,120-103,"41,62","62,58",2-5,4-2,N/A,N/A,12/02/17,2:00 PM,N/A,Hughey Gym,Lose,2,False,209,False,13:26,"SUB IN by SWIFT,DJ",82 ,,64,,,,"SUB IN by SWIFT,DJ",2,subbing in,,rhodes,"swift,dj",,"['galvin,owen', 'giroux,preston', 'evans,andrew', 'feria,nick de', 'swift,dj']","['feider,jp', 'nickens,zachary', 'mercadel,justice', 'holland,michael']",806
638,5292,Austin,Rhodes,0,120-103,"41,62","62,58",2-5,4-2,N/A,N/A,12/02/17,2:00 PM,N/A,Hughey Gym,Lose,2,False,209,False,13:26,"SUB IN by DARST,DANIEL",82 ,,64,,,,"SUB IN by DARST,DANIEL",2,subbing in,,rhodes,"darst,daniel",,"['galvin,owen', 'giroux,preston', 'evans,andrew', 'feria,nick de', 'swift,dj', 'darst,daniel']","['feider,jp', 'nickens,zachary', 'mercadel,justice', 'holland,michael']",806
639,5292,Austin,Rhodes,0,120-103,"41,62","62,58",2-5,4-2,N/A,N/A,12/02/17,2:00 PM,N/A,Hughey Gym,Lose,2,False,209,False,13:26,"SUB IN by BERRY,BRYCE",82 ,,64,,,,"SUB IN by BERRY,BRYCE",2,subbing in,,rhodes,"berry,bryce",,"['galvin,owen', 'giroux,preston', 'evans,andrew', 'feria,nick de', 'swift,dj', 'darst,daniel', 'berry,bryce']","['feider,jp', 'nickens,zachary', 'mercadel,justice', 'holland,michael']",806
640,5292,Austin,Rhodes,0,120-103,"41,62","62,58",2-5,4-2,N/A,N/A,12/02/17,2:00 PM,N/A,Hughey Gym,Lose,2,False,209,False,13:26,"SUB IN by LOVE,KERRY",82 ,,64,,,,"SUB IN by LOVE,KERRY",2,subbing in,,rhodes,"love,kerry",,"['galvin,owen', 'giroux,preston', 'evans,andrew', 'feria,nick de', 'swift,dj', 'darst,daniel', 'berry,bryce', 'love,kerry']","['feider,jp', 'nickens,zachary', 'mercadel,justice', 'holland,michael']",806
641,5292,Austin,Rhodes,0,120-103,"41,62","62,58",2-5,4-2,N/A,N/A,12/02/17,2:00 PM,N/A,Hughey Gym,Lose,2,False,209,False,13:26,"SUB IN by GALVIN,OWEN",82 ,,64,,,,"SUB IN by GALVIN,OWEN",2,subbing in,,rhodes,"galvin,owen",,"['galvin,owen', 'giroux,preston', 'evans,andrew', 'feria,nick de', 'swift,dj', 'darst,daniel', 'berry,bryce', 'love,kerry']","['feider,jp', 'nickens,zachary', 'mercadel,justice', 'holland,michael']",806
642,5292,Austin,Rhodes,0,120-103,"41,62","62,58",2-5,4-2,N/A,N/A,12/02/17,2:00 PM,N/A,Hughey Gym,Lose,2,False,209,False,13:26,"SUB OUT by EVANS,ANDREW",82 ,,64,,,,"SUB OUT by EVANS,ANDREW",2,subbing out,,rhodes,"evans,andrew",,"['galvin,owen', 'giroux,preston', 'evans,andrew', 'feria,nick de', 'swift,dj', 'darst,daniel', 'berry,bryce', 'love,kerry']","['feider,jp', 'nickens,zachary', 'mercadel,justice', 'holland,michael']",806
643,5292,Austin,Rhodes,0,120-103,"41,62","62,58",2-5,4-2,N/A,N/A,12/02/17,2:00 PM,N/A,Hughey Gym,Lose,2,False,209,False,13:26,"SUB OUT by GIROUX,PRESTON",82 ,,64,,,,"SUB OUT by GIROUX,PRESTON",2,subbing out,,rhodes,"giroux,preston",,"['galvin,owen', 'evans,andrew', 'feria,nick de', 'swift,dj', 'darst,daniel', 'berry,bryce', 'love,kerry']","['feider,jp', 'nickens,zachary', 'mercadel,justice', 'holland,michael']",806
644,5292,Austin,Rhodes,0,120-103,"41,62","62,58",2-5,4-2,N/A,N/A,12/02/17,2:00 PM,N/A,Hughey Gym,Lose,2,False,209,False,13:26,"SUB OUT by SAMSON,VAUGHN",82 ,,64,,,,"SUB OUT by SAMSON,VAUGHN",2,subbing out,,rhodes,"samson,vaughn",,"['galvin,owen', 'evans,andrew', 'feria,nick de', 'swift,dj', 'darst,daniel', 'berry,bryce', 'love,kerry']","['feider,jp', 'nickens,zachary', 'mercadel,justice', 'holland,michael']",806
645,5292,Austin,Rhodes,0,120-103,"41,62","62,58",2-5,4-2,N/A,N/A,12/02/17,2:00 PM,N/A,Hughey Gym,Lose,2,False,209,False,13:26,"SUB OUT by FERIA,NICK DE",82 ,,64,,,,"SUB OUT by FERIA,NICK DE",2,subbing out,,rhodes,"feria,nick de",,"['galvin,owen', 'evans,andrew', 'feria,nick de', 'swift,dj', 'darst,daniel', 'berry,bryce', 'love,kerry']","['feider,jp', 'nickens,zachary', 'mercadel,justice', 'holland,michael']",806
646,5292,Austin,Rhodes,0,120-103,"41,62","62,58",2-5,4-2,N/A,N/A,12/02/17,2:00 PM,N/A,Hughey Gym,Lose,2,False,209,False,13:26,"SUB OUT by WEATHERFORD,MITCH",82 ,,64,,,,"SUB OUT by WEATHERFORD,MITCH",2,subbing out,,rhodes,"weatherford,mitch",,"['galvin,owen', 'evans,andrew', 'feria,nick de', 'swift,dj', 'darst,daniel', 'berry,bryce', 'love,kerry']","['feider,jp', 'nickens,zachary', 'mercadel,justice', 'holland,michael']",806
647,5292,Austin,Rhodes,0,120-103,"41,62","62,58",2-5,4-2,N/A,N/A,12/02/17,2:00 PM,N/A,Hughey Gym,Lose,2,False,209,False,13:26,,82 ,,64,"SUB IN by HOGAN,KAM",,,"SUB IN by HOGAN,KAM",2,subbing in,,austin,"hogan,kam",,"['galvin,owen', 'evans,andrew', 'feria,nick de', 'swift,dj', 'darst,daniel', 'berry,bryce', 'love,kerry']","['feider,jp', 'nickens,zachary', 'mercadel,justice', 'holland,michael']",806
648,5292,Austin,Rhodes,0,120-103,"41,62","62,58",2-5,4-2,N/A,N/A,12/02/17,2:00 PM,N/A,Hughey Gym,Lose,2,False,209,False,13:26,,82 ,,64,"SUB OUT by FEIDER,JP",,,"SUB OUT by FEIDER,JP",2,subbing out,,austin,"feider,jp",,"['galvin,owen', 'evans,andrew', 'feria,nick de', 'swift,dj', 'darst,daniel', 'berry,bryce', 'love,kerry']","['nickens,zachary', 'mercadel,justice', 'holland,michael']",806
649,5292,Austin,Rhodes,0,120-103,"41,62","62,58",2-5,4-2,N/A,N/A,12/02/17,2:00 PM,N/A,Hughey Gym,Lose,2,False,209,False,13:21,,82 ,,64,"TURNOVER  by MERCADEL,JUSTICE",,,"TURNOVER  by MERCADEL,JUSTICE",2,turnover,,austin,"mercadel,justice",,"['galvin,owen', 'evans,andrew', 'feria,nick de', 'swift,dj', 'darst,daniel', 'berry,bryce', 'love,kerry']","['nickens,zachary', 'mercadel,justice', 'holland,michael']",801
650,5292,Austin,Rhodes,0,120-103,"41,62","62,58",2-5,4-2,N/A,N/A,12/02/17,2:00 PM,N/A,Hughey Gym,Lose,2,False,209,False,13:20,"STEAL  by BERRY,BRYCE",82 ,,64,,,,"STEAL  by BERRY,BRYCE",2,steal,,rhodes,,,"['galvin,owen', 'evans,andrew', 'feria,nick de', 'swift,dj', 'darst,daniel', 'berry,bryce', 'love,kerry']","['nickens,zachary', 'mercadel,justice', 'holland,michael']",800
651,5292,Austin,Rhodes,0,120-103,"41,62","62,58",2-5,4-2,N/A,N/A,12/02/17,2:00 PM,N/A,Hughey Gym,Lose,2,False,209,False,13:17,"MISS DUNK by BERRY,BRYCE",82 ,,64,,,,"MISS DUNK by BERRY,BRYCE",2,dunk,,rhodes,,,"['galvin,owen', 'evans,andrew', 'feria,nick de', 'swift,dj', 'darst,daniel', 'berry,bryce', 'love,kerry']","['nickens,zachary', 'mercadel,justice', 'holland,michael']",797
652,5292,Austin,Rhodes,0,120-103,"41,62","62,58",2-5,4-2,N/A,N/A,12/02/17,2:00 PM,N/A,Hughey Gym,Lose,2,False,209,False,13:17,,82 ,,64,"BLOCK  by MERCADEL,JUSTICE",,,"BLOCK  by MERCADEL,JUSTICE",2,block,,austin,"mercadel,justice",,"['galvin,owen', 'evans,andrew', 'feria,nick de', 'swift,dj', 'darst,daniel', 'berry,bryce', 'love,kerry']","['nickens,zachary', 'mercadel,justice', 'holland,michael']",797
653,5292,Austin,Rhodes,0,120-103,"41,62","62,58",2-5,4-2,N/A,N/A,12/02/17,2:00 PM,N/A,Hughey Gym,Lose,2,False,209,False,--,REBOUND OFF by TEAM,82 ,,64,,,,REBOUND OFF by TEAM,2,offensive rebound,,rhodes,,,"['galvin,owen', 'evans,andrew', 'feria,nick de', 'swift,dj', 'darst,daniel', 'berry,bryce', 'love,kerry']","['nickens,zachary', 'mercadel,justice', 'holland,michael']",
654,5292,Austin,Rhodes,0,120-103,"41,62","62,58",2-5,4-2,N/A,N/A,12/02/17,2:00 PM,N/A,Hughey Gym,Lose,2,False,209,False,13:07,"TURNOVER  by GALVIN,OWEN",82 ,,64,,,,"TURNOVER  by GALVIN,OWEN",2,turnover,,rhodes,"galvin,owen",,"['galvin,owen', 'evans,andrew', 'feria,nick de', 'swift,dj', 'darst,daniel', 'berry,bryce', 'love,kerry']","['nickens,zachary', 'mercadel,justice', 'holland,michael']",787
655,5292,Austin,Rhodes,0,120-103,"41,62","62,58",2-5,4-2,N/A,N/A,12/02/17,2:00 PM,N/A,Hughey Gym,Lose,2,False,209,False,13:05,,82 ,,64,"FOUL TECH by FEIDER,JP",,,"FOUL TECH by FEIDER,JP",2,foul,,austin,"feider,jp",,"['galvin,owen', 'evans,andrew', 'feria,nick de', 'swift,dj', 'darst,daniel', 'berry,bryce', 'love,kerry']","['nickens,zachary', 'mercadel,justice', 'holland,michael']",785
656,5292,Austin,Rhodes,0,120-103,"41,62","62,58",2-5,4-2,N/A,N/A,12/02/17,2:00 PM,N/A,Hughey Gym,Lose,2,False,209,False,13:05,,82 ,,64,"FOUL  by FEIDER,JP",,,"FOUL  by FEIDER,JP",2,foul,,austin,"feider,jp",,"['galvin,owen', 'evans,andrew', 'feria,nick de', 'swift,dj', 'darst,daniel', 'berry,bryce', 'love,kerry']","['nickens,zachary', 'mercadel,justice', 'holland,michael']",785
657,5292,Austin,Rhodes,0,120-103,"41,62","62,58",2-5,4-2,N/A,N/A,12/02/17,2:00 PM,N/A,Hughey Gym,Lose,2,False,209,False,13:05,"GOOD FT by NYAWATA,ANESU",83 ,,64,,RHODES 83-64 (+19),,"GOOD FT by NYAWATA,ANESU",2,free throw,good,rhodes,"nyawata,anesu",1,"['galvin,owen', 'evans,andrew', 'feria,nick de', 'swift,dj', 'darst,daniel', 'berry,bryce', 'love,kerry']","['nickens,zachary', 'mercadel,justice', 'holland,michael']",785
658,5292,Austin,Rhodes,0,120-103,"41,62","62,58",2-5,4-2,N/A,N/A,12/02/17,2:00 PM,N/A,Hughey Gym,Lose,2,False,209,False,13:05,"SUB IN by DALTON,PRICE",83 ,,64,,,,"SUB IN by DALTON,PRICE",2,subbing in,,rhodes,"dalton,price",,"['galvin,owen', 'evans,andrew', 'feria,nick de', 'swift,dj', 'darst,daniel', 'berry,bryce', 'love,kerry', 'dalton,price']","['nickens,zachary', 'mercadel,justice', 'holland,michael']",785
659,5292,Austin,Rhodes,0,120-103,"41,62","62,58",2-5,4-2,N/A,N/A,12/02/17,2:00 PM,N/A,Hughey Gym,Lose,2,False,209,False,13:05,"SUB IN by NESTLEHUTT,JAKE",83 ,,64,,,,"SUB IN by NESTLEHUTT,JAKE",2,subbing in,,rhodes,"nestlehutt,jake",,"['galvin,owen', 'evans,andrew', 'feria,nick de', 'swift,dj', 'darst,daniel', 'berry,bryce', 'love,kerry', 'dalton,price', 'nestlehutt,jake']","['nickens,zachary', 'mercadel,justice', 'holland,michael']",785
660,5292,Austin,Rhodes,0,120-103,"41,62","62,58",2-5,4-2,N/A,N/A,12/02/17,2:00 PM,N/A,Hughey Gym,Lose,2,False,209,False,13:05,"SUB IN by MCINTYRE,WILLIAM",83 ,,64,,,,"SUB IN by MCINTYRE,WILLIAM",2,subbing in,,rhodes,"mcintyre,william",,"['galvin,owen', 'evans,andrew', 'feria,nick de', 'swift,dj', 'darst,daniel', 'berry,bryce', 'love,kerry', 'dalton,price', 'nestlehutt,jake', 'mcintyre,william']","['nickens,zachary', 'mercadel,justice', 'holland,michael']",785
661,5292,Austin,Rhodes,0,120-103,"41,62","62,58",2-5,4-2,N/A,N/A,12/02/17,2:00 PM,N/A,Hughey Gym,Lose,2,False,209,False,13:05,"SUB IN by ASHBY,KENDRICK",83 ,,64,,,,"SUB IN by ASHBY,KENDRICK",2,subbing in,,rhodes,"ashby,kendrick",,"['galvin,owen', 'evans,andrew', 'feria,nick de', 'swift,dj', 'darst,daniel', 'berry,bryce', 'love,kerry', 'dalton,price', 'nestlehutt,jake', 'mcintyre,william', 'ashby,kendrick']","['nickens,zachary', 'mercadel,justice', 'holland,michael']",785
662,5292,Austin,Rhodes,0,120-103,"41,62","62,58",2-5,4-2,N/A,N/A,12/02/17,2:00 PM,N/A,Hughey Gym,Lose,2,False,209,False,13:05,"SUB IN by NYAWATA,ANESU",83 ,,64,,,,"SUB IN by NYAWATA,ANESU",2,subbing in,,rhodes,"nyawata,anesu",,"['galvin,owen', 'evans,andrew', 'feria,nick de', 'swift,dj', 'darst,daniel', 'berry,bryce', 'love,kerry', 'dalton,price', 'nestlehutt,jake', 'mcintyre,william', 'ashby,kendrick', 'nyawata,anesu']","['nickens,zachary', 'mercadel,justice', 'holland,michael']",785
663,5292,Austin,Rhodes,0,120-103,"41,62","62,58",2-5,4-2,N/A,N/A,12/02/17,2:00 PM,N/A,Hughey Gym,Lose,2,False,209,False,13:05,"SUB OUT by LOVE,KERRY",83 ,,64,,,,"SUB OUT by LOVE,KERRY",2,subbing out,,rhodes,"love,kerry",,"['galvin,owen', 'evans,andrew', 'feria,nick de', 'swift,dj', 'darst,daniel', 'berry,bryce', 'dalton,price', 'nestlehutt,jake', 'mcintyre,william', 'ashby,kendrick', 'nyawata,anesu']","['nickens,zachary', 'mercadel,justice', 'holland,michael']",785
664,5292,Austin,Rhodes,0,120-103,"41,62","62,58",2-5,4-2,N/A,N/A,12/02/17,2:00 PM,N/A,Hughey Gym,Lose,2,False,209,False,13:05,"SUB OUT by GALVIN,OWEN",83 ,,64,,,,"SUB OUT by GALVIN,OWEN",2,subbing out,,rhodes,"galvin,owen",,"['evans,andrew', 'feria,nick de', 'swift,dj', 'darst,daniel', 'berry,bryce', 'dalton,price', 'nestlehutt,jake', 'mcintyre,william', 'ashby,kendrick', 'nyawata,anesu']","['nickens,zachary', 'mercadel,justice', 'holland,michael']",785
665,5292,Austin,Rhodes,0,120-103,"41,62","62,58",2-5,4-2,N/A,N/A,12/02/17,2:00 PM,N/A,Hughey Gym,Lose,2,False,209,False,13:05,"SUB OUT by SWIFT,DJ",83 ,,64,,,,"SUB OUT by SWIFT,DJ",2,subbing out,,rhodes,"swift,dj",,"['evans,andrew', 'feria,nick de', 'darst,daniel', 'berry,bryce', 'dalton,price', 'nestlehutt,jake', 'mcintyre,william', 'ashby,kendrick', 'nyawata,anesu']","['nickens,zachary', 'mercadel,justice', 'holland,michael']",785
666,5292,Austin,Rhodes,0,120-103,"41,62","62,58",2-5,4-2,N/A,N/A,12/02/17,2:00 PM,N/A,Hughey Gym,Lose,2,False,209,False,13:05,"SUB OUT by DARST,DANIEL",83 ,,64,,,,"SUB OUT by DARST,DANIEL",2,subbing out,,rhodes,"darst,daniel",,"['evans,andrew', 'feria,nick de', 'berry,bryce', 'dalton,price', 'nestlehutt,jake', 'mcintyre,william', 'ashby,kendrick', 'nyawata,anesu']","['nickens,zachary', 'mercadel,justice', 'holland,michael']",785
667,5292,Austin,Rhodes,0,120-103,"41,62","62,58",2-5,4-2,N/A,N/A,12/02/17,2:00 PM,N/A,Hughey Gym,Lose,2,False,209,False,13:05,"SUB OUT by BERRY,BRYCE",83 ,,64,,,,"SUB OUT by BERRY,BRYCE",2,subbing out,,rhodes,"berry,bryce",,"['evans,andrew', 'feria,nick de', 'dalton,price', 'nestlehutt,jake', 'mcintyre,william', 'ashby,kendrick', 'nyawata,anesu']","['nickens,zachary', 'mercadel,justice', 'holland,michael']",785
668,5292,Austin,Rhodes,0,120-103,"41,62","62,58",2-5,4-2,N/A,N/A,12/02/17,2:00 PM,N/A,Hughey Gym,Lose,2,False,209,False,12:55,,83 ,,66,"GOOD LAYUP by NICKENS,ZACHARY(fastbreak)(in the paint)",ACM 83-66 (+17),,"GOOD LAYUP by NICKENS,ZACHARY(fastbreak)(in the paint)",2,layup,good,austin,"nickens,zachary(fastbreak)",2,"['evans,andrew', 'feria,nick de', 'dalton,price', 'nestlehutt,jake', 'mcintyre,william', 'ashby,kendrick', 'nyawata,anesu']","['nickens,zachary', 'mercadel,justice', 'holland,michael']",775
669,5292,Austin,Rhodes,0,120-103,"41,62","62,58",2-5,4-2,N/A,N/A,12/02/17,2:00 PM,N/A,Hughey Gym,Lose,2,False,209,False,--,,83 ,,66,"ASSIST  by QUINN,JOSH",,,"ASSIST  by QUINN,JOSH",2,assist,,austin,"quinn,josh",,"['evans,andrew', 'feria,nick de', 'dalton,price', 'nestlehutt,jake', 'mcintyre,william', 'ashby,kendrick', 'nyawata,anesu']","['nickens,zachary', 'mercadel,justice', 'holland,michael']",
670,5292,Austin,Rhodes,0,120-103,"41,62","62,58",2-5,4-2,N/A,N/A,12/02/17,2:00 PM,N/A,Hughey Gym,Lose,2,False,209,False,12:44,"MISS 3PTR by NYAWATA,ANESU",83 ,,66,,,,"MISS 3PTR by NYAWATA,ANESU",2,three pointer,missed,rhodes,"nyawata,anesu",,"['evans,andrew', 'feria,nick de', 'dalton,price', 'nestlehutt,jake', 'mcintyre,william', 'ashby,kendrick', 'nyawata,anesu']","['nickens,zachary', 'mercadel,justice', 'holland,michael']",764
671,5292,Austin,Rhodes,0,120-103,"41,62","62,58",2-5,4-2,N/A,N/A,12/02/17,2:00 PM,N/A,Hughey Gym,Lose,2,False,209,False,--,,83 ,,66,"REBOUND DEF by HOLLAND,MICHAEL",,,"REBOUND DEF by HOLLAND,MICHAEL",2,defensive rebound,,austin,"holland,michael",,"['evans,andrew', 'feria,nick de', 'dalton,price', 'nestlehutt,jake', 'mcintyre,william', 'ashby,kendrick', 'nyawata,anesu']","['nickens,zachary', 'mercadel,justice', 'holland,michael']",
672,5292,Austin,Rhodes,0,120-103,"41,62","62,58",2-5,4-2,N/A,N/A,12/02/17,2:00 PM,N/A,Hughey Gym,Lose,2,False,209,False,12:33,,83 ,,68,"GOOD JUMPER by HOGAN,KAM(in the paint)",ACM 83-68 (+15),,"GOOD JUMPER by HOGAN,KAM(in the paint)",2,jumper,good,austin,"hogan,kam",2,"['evans,andrew', 'feria,nick de', 'dalton,price', 'nestlehutt,jake', 'mcintyre,william', 'ashby,kendrick', 'nyawata,anesu']","['nickens,zachary', 'mercadel,justice', 'holland,michael']",753
673,5292,Austin,Rhodes,0,120-103,"41,62","62,58",2-5,4-2,N/A,N/A,12/02/17,2:00 PM,N/A,Hughey Gym,Lose,2,False,209,False,12:00,"TURNOVER  by NESTLEHUTT,JAKE",83 ,,68,,,,"TURNOVER  by NESTLEHUTT,JAKE",2,turnover,,rhodes,"nestlehutt,jake",,"['evans,andrew', 'feria,nick de', 'dalton,price', 'nestlehutt,jake', 'mcintyre,william', 'ashby,kendrick', 'nyawata,anesu']","['nickens,zachary', 'mercadel,justice', 'holland,michael']",720
674,5292,Austin,Rhodes,0,120-103,"41,62","62,58",2-5,4-2,N/A,N/A,12/02/17,2:00 PM,N/A,Hughey Gym,Lose,2,False,209,False,12:00,"SUB IN by GIROUX,PRESTON",83 ,,68,,,,"SUB IN by GIROUX,PRESTON",2,subbing in,,rhodes,"giroux,preston",,"['evans,andrew', 'feria,nick de', 'dalton,price', 'nestlehutt,jake', 'mcintyre,william', 'ashby,kendrick', 'nyawata,anesu', 'giroux,preston']","['nickens,zachary', 'mercadel,justice', 'holland,michael']",720
675,5292,Austin,Rhodes,0,120-103,"41,62","62,58",2-5,4-2,N/A,N/A,12/02/17,2:00 PM,N/A,Hughey Gym,Lose,2,False,209,False,12:00,"SUB IN by WEATHERFORD,MITCH",83 ,,68,,,,"SUB IN by WEATHERFORD,MITCH",2,subbing in,,rhodes,"weatherford,mitch",,"['evans,andrew', 'feria,nick de', 'dalton,price', 'nestlehutt,jake', 'mcintyre,william', 'ashby,kendrick', 'nyawata,anesu', 'giroux,preston', 'weatherford,mitch']","['nickens,zachary', 'mercadel,justice', 'holland,michael']",720
676,5292,Austin,Rhodes,0,120-103,"41,62","62,58",2-5,4-2,N/A,N/A,12/02/17,2:00 PM,N/A,Hughey Gym,Lose,2,False,209,False,12:00,"SUB IN by EVANS,ANDREW",83 ,,68,,,,"SUB IN by EVANS,ANDREW",2,subbing in,,rhodes,"evans,andrew",,"['evans,andrew', 'feria,nick de', 'dalton,price', 'nestlehutt,jake', 'mcintyre,william', 'ashby,kendrick', 'nyawata,anesu', 'giroux,preston', 'weatherford,mitch']","['nickens,zachary', 'mercadel,justice', 'holland,michael']",720
677,5292,Austin,Rhodes,0,120-103,"41,62","62,58",2-5,4-2,N/A,N/A,12/02/17,2:00 PM,N/A,Hughey Gym,Lose,2,False,209,False,12:00,"SUB IN by FERIA,NICK DE",83 ,,68,,,,"SUB IN by FERIA,NICK DE",2,subbing in,,rhodes,"feria,nick de",,"['evans,andrew', 'feria,nick de', 'dalton,price', 'nestlehutt,jake', 'mcintyre,william', 'ashby,kendrick', 'nyawata,anesu', 'giroux,preston', 'weatherford,mitch']","['nickens,zachary', 'mercadel,justice', 'holland,michael']",720
678,5292,Austin,Rhodes,0,120-103,"41,62","62,58",2-5,4-2,N/A,N/A,12/02/17,2:00 PM,N/A,Hughey Gym,Lose,2,False,209,False,12:00,"SUB IN by SAMSON,VAUGHN",83 ,,68,,,,"SUB IN by SAMSON,VAUGHN",2,subbing in,,rhodes,"samson,vaughn",,"['evans,andrew', 'feria,nick de', 'dalton,price', 'nestlehutt,jake', 'mcintyre,william', 'ashby,kendrick', 'nyawata,anesu', 'giroux,preston', 'weatherford,mitch', 'samson,vaughn']","['nickens,zachary', 'mercadel,justice', 'holland,michael']",720
679,5292,Austin,Rhodes,0,120-103,"41,62","62,58",2-5,4-2,N/A,N/A,12/02/17,2:00 PM,N/A,Hughey Gym,Lose,2,False,209,False,12:00,"SUB OUT by ASHBY,KENDRICK",83 ,,68,,,,"SUB OUT by ASHBY,KENDRICK",2,subbing out,,rhodes,"ashby,kendrick",,"['evans,andrew', 'feria,nick de', 'dalton,price', 'nestlehutt,jake', 'mcintyre,william', 'nyawata,anesu', 'giroux,preston', 'weatherford,mitch', 'samson,vaughn']","['nickens,zachary', 'mercadel,justice', 'holland,michael']",720
680,5292,Austin,Rhodes,0,120-103,"41,62","62,58",2-5,4-2,N/A,N/A,12/02/17,2:00 PM,N/A,Hughey Gym,Lose,2,False,209,False,12:00,"SUB OUT by MCINTYRE,WILLIAM",83 ,,68,,,,"SUB OUT by MCINTYRE,WILLIAM",2,subbing out,,rhodes,"mcintyre,william",,"['evans,andrew', 'feria,nick de', 'dalton,price', 'nestlehutt,jake', 'nyawata,anesu', 'giroux,preston', 'weatherford,mitch', 'samson,vaughn']","['nickens,zachary', 'mercadel,justice', 'holland,michael']",720
681,5292,Austin,Rhodes,0,120-103,"41,62","62,58",2-5,4-2,N/A,N/A,12/02/17,2:00 PM,N/A,Hughey Gym,Lose,2,False,209,False,12:00,"SUB OUT by NESTLEHUTT,JAKE",83 ,,68,,,,"SUB OUT by NESTLEHUTT,JAKE",2,subbing out,,rhodes,"nestlehutt,jake",,"['evans,andrew', 'feria,nick de', 'dalton,price', 'nyawata,anesu', 'giroux,preston', 'weatherford,mitch', 'samson,vaughn']","['nickens,zachary', 'mercadel,justice', 'holland,michael']",720
682,5292,Austin,Rhodes,0,120-103,"41,62","62,58",2-5,4-2,N/A,N/A,12/02/17,2:00 PM,N/A,Hughey Gym,Lose,2,False,209,False,12:00,"SUB OUT by NYAWATA,ANESU",83 ,,68,,,,"SUB OUT by NYAWATA,ANESU",2,subbing out,,rhodes,"nyawata,anesu",,"['evans,andrew', 'feria,nick de', 'dalton,price', 'giroux,preston', 'weatherford,mitch', 'samson,vaughn']","['nickens,zachary', 'mercadel,justice', 'holland,michael']",720
683,5292,Austin,Rhodes,0,120-103,"41,62","62,58",2-5,4-2,N/A,N/A,12/02/17,2:00 PM,N/A,Hughey Gym,Lose,2,False,209,False,12:00,"SUB OUT by DALTON,PRICE",83 ,,68,,,,"SUB OUT by DALTON,PRICE",2,subbing out,,rhodes,"dalton,price",,"['evans,andrew', 'feria,nick de', 'giroux,preston', 'weatherford,mitch', 'samson,vaughn']","['nickens,zachary', 'mercadel,justice', 'holland,michael']",720
684,5292,Austin,Rhodes,0,120-103,"41,62","62,58",2-5,4-2,N/A,N/A,12/02/17,2:00 PM,N/A,Hughey Gym,Lose,2,False,209,False,12:00,,83 ,,68,"SUB IN by HILL,KAMERON",,,"SUB IN by HILL,KAMERON",2,subbing in,,austin,"hill,kameron",,"['evans,andrew', 'feria,nick de', 'giroux,preston', 'weatherford,mitch', 'samson,vaughn']","['nickens,zachary', 'mercadel,justice', 'holland,michael', 'hill,kameron']",720
685,5292,Austin,Rhodes,0,120-103,"41,62","62,58",2-5,4-2,N/A,N/A,12/02/17,2:00 PM,N/A,Hughey Gym,Lose,2,False,209,False,12:00,,83 ,,68,"SUB OUT by HOLLAND,MICHAEL",,,"SUB OUT by HOLLAND,MICHAEL",2,subbing out,,austin,"holland,michael",,"['evans,andrew', 'feria,nick de', 'giroux,preston', 'weatherford,mitch', 'samson,vaughn']","['nickens,zachary', 'mercadel,justice', 'hill,kameron']",720
686,5292,Austin,Rhodes,0,120-103,"41,62","62,58",2-5,4-2,N/A,N/A,12/02/17,2:00 PM,N/A,Hughey Gym,Lose,2,False,209,False,11:51,"FOUL  by FERIA,NICK DE",83 ,,68,,,,"FOUL  by FERIA,NICK DE",2,foul,,rhodes,"feria,nick de",,"['evans,andrew', 'feria,nick de', 'giroux,preston', 'weatherford,mitch', 'samson,vaughn']","['nickens,zachary', 'mercadel,justice', 'hill,kameron']",711
687,5292,Austin,Rhodes,0,120-103,"41,62","62,58",2-5,4-2,N/A,N/A,12/02/17,2:00 PM,N/A,Hughey Gym,Lose,2,False,209,False,11:45,,83 ,,68,"MISS 3PTR by HILL,KAMERON",,,"MISS 3PTR by HILL,KAMERON",2,three pointer,missed,austin,"hill,kameron",,"['evans,andrew', 'feria,nick de', 'giroux,preston', 'weatherford,mitch', 'samson,vaughn']","['nickens,zachary', 'mercadel,justice', 'hill,kameron']",705
688,5292,Austin,Rhodes,0,120-103,"41,62","62,58",2-5,4-2,N/A,N/A,12/02/17,2:00 PM,N/A,Hughey Gym,Lose,2,False,209,False,--,"REBOUND DEF by SAMSON,VAUGHN",83 ,,68,,,,"REBOUND DEF by SAMSON,VAUGHN",2,defensive rebound,,rhodes,"samson,vaughn",,"['evans,andrew', 'feria,nick de', 'giroux,preston', 'weatherford,mitch', 'samson,vaughn']","['nickens,zachary', 'mercadel,justice', 'hill,kameron']",
689,5292,Austin,Rhodes,0,120-103,"41,62","62,58",2-5,4-2,N/A,N/A,12/02/17,2:00 PM,N/A,Hughey Gym,Lose,2,False,209,False,11:41,"TURNOVER  by SAMSON,VAUGHN",83 ,,68,,,,"TURNOVER  by SAMSON,VAUGHN",2,turnover,,rhodes,"samson,vaughn",,"['evans,andrew', 'feria,nick de', 'giroux,preston', 'weatherford,mitch', 'samson,vaughn']","['nickens,zachary', 'mercadel,justice', 'hill,kameron']",701
690,5292,Austin,Rhodes,0,120-103,"41,62","62,58",2-5,4-2,N/A,N/A,12/02/17,2:00 PM,N/A,Hughey Gym,Lose,2,False,209,False,11:41,,83 ,,68,"SUB IN by HOLLAND,MICHAEL",,,"SUB IN by HOLLAND,MICHAEL",2,subbing in,,austin,"holland,michael",,"['evans,andrew', 'feria,nick de', 'giroux,preston', 'weatherford,mitch', 'samson,vaughn']","['nickens,zachary', 'mercadel,justice', 'hill,kameron', 'holland,michael']",701
691,5292,Austin,Rhodes,0,120-103,"41,62","62,58",2-5,4-2,N/A,N/A,12/02/17,2:00 PM,N/A,Hughey Gym,Lose,2,False,209,False,11:41,,83 ,,68,"SUB OUT by NICKENS,ZACHARY",,,"SUB OUT by NICKENS,ZACHARY",2,subbing out,,austin,"nickens,zachary",,"['evans,andrew', 'feria,nick de', 'giroux,preston', 'weatherford,mitch', 'samson,vaughn']","['mercadel,justice', 'hill,kameron', 'holland,michael']",701
692,5292,Austin,Rhodes,0,120-103,"41,62","62,58",2-5,4-2,N/A,N/A,12/02/17,2:00 PM,N/A,Hughey Gym,Lose,2,False,209,False,11:34,,83 ,,68,"FOUL  by HOLLAND,MICHAEL",,,"FOUL  by HOLLAND,MICHAEL",2,foul,,austin,"holland,michael",,"['evans,andrew', 'feria,nick de', 'giroux,preston', 'weatherford,mitch', 'samson,vaughn']","['mercadel,justice', 'hill,kameron', 'holland,michael']",694
693,5292,Austin,Rhodes,0,120-103,"41,62","62,58",2-5,4-2,N/A,N/A,12/02/17,2:00 PM,N/A,Hughey Gym,Lose,2,False,209,False,11:34,,83 ,,68,"TURNOVER  by HOLLAND,MICHAEL",,,"TURNOVER  by HOLLAND,MICHAEL",2,turnover,,austin,"holland,michael",,"['evans,andrew', 'feria,nick de', 'giroux,preston', 'weatherford,mitch', 'samson,vaughn']","['mercadel,justice', 'hill,kameron', 'holland,michael']",694
694,5292,Austin,Rhodes,0,120-103,"41,62","62,58",2-5,4-2,N/A,N/A,12/02/17,2:00 PM,N/A,Hughey Gym,Lose,2,False,209,False,11:24,"GOOD LAYUP by GIROUX,PRESTON(in the paint)",85 ,,68,,RHODES 85-68 (+17),,"GOOD LAYUP by GIROUX,PRESTON(in the paint)",2,layup,good,rhodes,"giroux,preston",2,"['evans,andrew', 'feria,nick de', 'giroux,preston', 'weatherford,mitch', 'samson,vaughn']","['mercadel,justice', 'hill,kameron', 'holland,michael']",684
695,5292,Austin,Rhodes,0,120-103,"41,62","62,58",2-5,4-2,N/A,N/A,12/02/17,2:00 PM,N/A,Hughey Gym,Lose,2,False,209,False,--,"ASSIST  by WEATHERFORD,MITCH",85 ,,68,,,,"ASSIST  by WEATHERFORD,MITCH",2,assist,,rhodes,"weatherford,mitch",,"['evans,andrew', 'feria,nick de', 'giroux,preston', 'weatherford,mitch', 'samson,vaughn']","['mercadel,justice', 'hill,kameron', 'holland,michael']",
696,5292,Austin,Rhodes,0,120-103,"41,62","62,58",2-5,4-2,N/A,N/A,12/02/17,2:00 PM,N/A,Hughey Gym,Lose,2,False,209,False,11:23,,85 ,,68,"FOUL  by MERCADEL,JUSTICE",,,"FOUL  by MERCADEL,JUSTICE",2,foul,,austin,"mercadel,justice",,"['evans,andrew', 'feria,nick de', 'giroux,preston', 'weatherford,mitch', 'samson,vaughn']","['mercadel,justice', 'hill,kameron', 'holland,michael']",683
697,5292,Austin,Rhodes,0,120-103,"41,62","62,58",2-5,4-2,N/A,N/A,12/02/17,2:00 PM,N/A,Hughey Gym,Lose,2,False,209,False,11:23,"MISS FT by GIROUX,PRESTON",85 ,,68,,,,"MISS FT by GIROUX,PRESTON",2,free throw,missed,rhodes,"giroux,preston",,"['evans,andrew', 'feria,nick de', 'giroux,preston', 'weatherford,mitch', 'samson,vaughn']","['mercadel,justice', 'hill,kameron', 'holland,michael']",683
698,5292,Austin,Rhodes,0,120-103,"41,62","62,58",2-5,4-2,N/A,N/A,12/02/17,2:00 PM,N/A,Hughey Gym,Lose,2,False,209,False,--,"REBOUND OFF by SAMSON,VAUGHN",85 ,,68,,,,"REBOUND OFF by SAMSON,VAUGHN",2,offensive rebound,,rhodes,"samson,vaughn",,"['evans,andrew', 'feria,nick de', 'giroux,preston', 'weatherford,mitch', 'samson,vaughn']","['mercadel,justice', 'hill,kameron', 'holland,michael']",
699,5292,Austin,Rhodes,0,120-103,"41,62","62,58",2-5,4-2,N/A,N/A,12/02/17,2:00 PM,N/A,Hughey Gym,Lose,2,False,209,False,11:20,"MISS LAYUP by SAMSON,VAUGHN",85 ,,68,,,,"MISS LAYUP by SAMSON,VAUGHN",2,layup,missed,rhodes,"samson,vaughn",,"['evans,andrew', 'feria,nick de', 'giroux,preston', 'weatherford,mitch', 'samson,vaughn']","['mercadel,justice', 'hill,kameron', 'holland,michael']",680
700,5292,Austin,Rhodes,0,120-103,"41,62","62,58",2-5,4-2,N/A,N/A,12/02/17,2:00 PM,N/A,Hughey Gym,Lose,2,False,209,False,--,"REBOUND OFF by SAMSON,VAUGHN",85 ,,68,,,,"REBOUND OFF by SAMSON,VAUGHN",2,offensive rebound,,rhodes,"samson,vaughn",,"['evans,andrew', 'feria,nick de', 'giroux,preston', 'weatherford,mitch', 'samson,vaughn']","['mercadel,justice', 'hill,kameron', 'holland,michael']",
701,5292,Austin,Rhodes,0,120-103,"41,62","62,58",2-5,4-2,N/A,N/A,12/02/17,2:00 PM,N/A,Hughey Gym,Lose,2,False,209,False,11:17,"MISS LAYUP by SAMSON,VAUGHN",85 ,,68,,,,"MISS LAYUP by SAMSON,VAUGHN",2,layup,missed,rhodes,"samson,vaughn",,"['evans,andrew', 'feria,nick de', 'giroux,preston', 'weatherford,mitch', 'samson,vaughn']","['mercadel,justice', 'hill,kameron', 'holland,michael']",677
702,5292,Austin,Rhodes,0,120-103,"41,62","62,58",2-5,4-2,N/A,N/A,12/02/17,2:00 PM,N/A,Hughey Gym,Lose,2,False,209,False,--,"REBOUND OFF by SAMSON,VAUGHN",85 ,,68,,,,"REBOUND OFF by SAMSON,VAUGHN",2,offensive rebound,,rhodes,"samson,vaughn",,"['evans,andrew', 'feria,nick de', 'giroux,preston', 'weatherford,mitch', 'samson,vaughn']","['mercadel,justice', 'hill,kameron', 'holland,michael']",
703,5292,Austin,Rhodes,0,120-103,"41,62","62,58",2-5,4-2,N/A,N/A,12/02/17,2:00 PM,N/A,Hughey Gym,Lose,2,False,209,False,11:15,"MISS 3PTR by WEATHERFORD,MITCH",85 ,,68,,,,"MISS 3PTR by WEATHERFORD,MITCH",2,three pointer,missed,rhodes,"weatherford,mitch",,"['evans,andrew', 'feria,nick de', 'giroux,preston', 'weatherford,mitch', 'samson,vaughn']","['mercadel,justice', 'hill,kameron', 'holland,michael']",675
704,5292,Austin,Rhodes,0,120-103,"41,62","62,58",2-5,4-2,N/A,N/A,12/02/17,2:00 PM,N/A,Hughey Gym,Lose,2,False,209,False,--,,85 ,,68,REBOUND DEF by TEAM,,,REBOUND DEF by TEAM,2,defensive rebound,,austin,,,"['evans,andrew', 'feria,nick de', 'giroux,preston', 'weatherford,mitch', 'samson,vaughn']","['mercadel,justice', 'hill,kameron', 'holland,michael']",
705,5292,Austin,Rhodes,0,120-103,"41,62","62,58",2-5,4-2,N/A,N/A,12/02/17,2:00 PM,N/A,Hughey Gym,Lose,2,False,209,False,11:04,,85 ,,68,"MISS LAYUP by HOLLAND,MICHAEL",,,"MISS LAYUP by HOLLAND,MICHAEL",2,layup,missed,austin,"holland,michael",,"['evans,andrew', 'feria,nick de', 'giroux,preston', 'weatherford,mitch', 'samson,vaughn']","['mercadel,justice', 'hill,kameron', 'holland,michael']",664
706,5292,Austin,Rhodes,0,120-103,"41,62","62,58",2-5,4-2,N/A,N/A,12/02/17,2:00 PM,N/A,Hughey Gym,Lose,2,False,209,False,--,"REBOUND DEF by SAMSON,VAUGHN",85 ,,68,,,,"REBOUND DEF by SAMSON,VAUGHN",2,defensive rebound,,rhodes,"samson,vaughn",,"['evans,andrew', 'feria,nick de', 'giroux,preston', 'weatherford,mitch', 'samson,vaughn']","['mercadel,justice', 'hill,kameron', 'holland,michael']",
707,5292,Austin,Rhodes,0,120-103,"41,62","62,58",2-5,4-2,N/A,N/A,12/02/17,2:00 PM,N/A,Hughey Gym,Lose,2,False,209,False,10:52,"FOUL  by WEATHERFORD,MITCH",85 ,,68,,,,"FOUL  by WEATHERFORD,MITCH",2,foul,,rhodes,"weatherford,mitch",,"['evans,andrew', 'feria,nick de', 'giroux,preston', 'weatherford,mitch', 'samson,vaughn']","['mercadel,justice', 'hill,kameron', 'holland,michael']",652
708,5292,Austin,Rhodes,0,120-103,"41,62","62,58",2-5,4-2,N/A,N/A,12/02/17,2:00 PM,N/A,Hughey Gym,Lose,2,False,209,False,10:52,"TURNOVER  by WEATHERFORD,MITCH",85 ,,68,,,,"TURNOVER  by WEATHERFORD,MITCH",2,turnover,,rhodes,"weatherford,mitch",,"['evans,andrew', 'feria,nick de', 'giroux,preston', 'weatherford,mitch', 'samson,vaughn']","['mercadel,justice', 'hill,kameron', 'holland,michael']",652
709,5292,Austin,Rhodes,0,120-103,"41,62","62,58",2-5,4-2,N/A,N/A,12/02/17,2:00 PM,N/A,Hughey Gym,Lose,2,False,209,False,10:52,"SUB IN by ROTEMAN,EVAN",85 ,,68,,,,"SUB IN by ROTEMAN,EVAN",2,subbing in,,rhodes,"roteman,evan",,"['evans,andrew', 'feria,nick de', 'giroux,preston', 'weatherford,mitch', 'samson,vaughn', 'roteman,evan']","['mercadel,justice', 'hill,kameron', 'holland,michael']",652
710,5292,Austin,Rhodes,0,120-103,"41,62","62,58",2-5,4-2,N/A,N/A,12/02/17,2:00 PM,N/A,Hughey Gym,Lose,2,False,209,False,10:52,"SUB IN by DARST,DANIEL",85 ,,68,,,,"SUB IN by DARST,DANIEL",2,subbing in,,rhodes,"darst,daniel",,"['evans,andrew', 'feria,nick de', 'giroux,preston', 'weatherford,mitch', 'samson,vaughn', 'roteman,evan', 'darst,daniel']","['mercadel,justice', 'hill,kameron', 'holland,michael']",652
711,5292,Austin,Rhodes,0,120-103,"41,62","62,58",2-5,4-2,N/A,N/A,12/02/17,2:00 PM,N/A,Hughey Gym,Lose,2,False,209,False,10:52,"SUB IN by SWIFT,DJ",85 ,,68,,,,"SUB IN by SWIFT,DJ",2,subbing in,,rhodes,"swift,dj",,"['evans,andrew', 'feria,nick de', 'giroux,preston', 'weatherford,mitch', 'samson,vaughn', 'roteman,evan', 'darst,daniel', 'swift,dj']","['mercadel,justice', 'hill,kameron', 'holland,michael']",652
712,5292,Austin,Rhodes,0,120-103,"41,62","62,58",2-5,4-2,N/A,N/A,12/02/17,2:00 PM,N/A,Hughey Gym,Lose,2,False,209,False,10:52,"SUB IN by BERRY,BRYCE",85 ,,68,,,,"SUB IN by BERRY,BRYCE",2,subbing in,,rhodes,"berry,bryce",,"['evans,andrew', 'feria,nick de', 'giroux,preston', 'weatherford,mitch', 'samson,vaughn', 'roteman,evan', 'darst,daniel', 'swift,dj', 'berry,bryce']","['mercadel,justice', 'hill,kameron', 'holland,michael']",652
713,5292,Austin,Rhodes,0,120-103,"41,62","62,58",2-5,4-2,N/A,N/A,12/02/17,2:00 PM,N/A,Hughey Gym,Lose,2,False,209,False,10:52,"SUB IN by GALVIN,OWEN",85 ,,68,,,,"SUB IN by GALVIN,OWEN",2,subbing in,,rhodes,"galvin,owen",,"['evans,andrew', 'feria,nick de', 'giroux,preston', 'weatherford,mitch', 'samson,vaughn', 'roteman,evan', 'darst,daniel', 'swift,dj', 'berry,bryce', 'galvin,owen']","['mercadel,justice', 'hill,kameron', 'holland,michael']",652
714,5292,Austin,Rhodes,0,120-103,"41,62","62,58",2-5,4-2,N/A,N/A,12/02/17,2:00 PM,N/A,Hughey Gym,Lose,2,False,209,False,10:52,"SUB OUT by EVANS,ANDREW",85 ,,68,,,,"SUB OUT by EVANS,ANDREW",2,subbing out,,rhodes,"evans,andrew",,"['feria,nick de', 'giroux,preston', 'weatherford,mitch', 'samson,vaughn', 'roteman,evan', 'darst,daniel', 'swift,dj', 'berry,bryce', 'galvin,owen']","['mercadel,justice', 'hill,kameron', 'holland,michael']",652
715,5292,Austin,Rhodes,0,120-103,"41,62","62,58",2-5,4-2,N/A,N/A,12/02/17,2:00 PM,N/A,Hughey Gym,Lose,2,False,209,False,10:52,"SUB OUT by GIROUX,PRESTON",85 ,,68,,,,"SUB OUT by GIROUX,PRESTON",2,subbing out,,rhodes,"giroux,preston",,"['feria,nick de', 'weatherford,mitch', 'samson,vaughn', 'roteman,evan', 'darst,daniel', 'swift,dj', 'berry,bryce', 'galvin,owen']","['mercadel,justice', 'hill,kameron', 'holland,michael']",652
716,5292,Austin,Rhodes,0,120-103,"41,62","62,58",2-5,4-2,N/A,N/A,12/02/17,2:00 PM,N/A,Hughey Gym,Lose,2,False,209,False,10:52,"SUB OUT by SAMSON,VAUGHN",85 ,,68,,,,"SUB OUT by SAMSON,VAUGHN",2,subbing out,,rhodes,"samson,vaughn",,"['feria,nick de', 'weatherford,mitch', 'roteman,evan', 'darst,daniel', 'swift,dj', 'berry,bryce', 'galvin,owen']","['mercadel,justice', 'hill,kameron', 'holland,michael']",652
717,5292,Austin,Rhodes,0,120-103,"41,62","62,58",2-5,4-2,N/A,N/A,12/02/17,2:00 PM,N/A,Hughey Gym,Lose,2,False,209,False,10:52,"SUB OUT by FERIA,NICK DE",85 ,,68,,,,"SUB OUT by FERIA,NICK DE",2,subbing out,,rhodes,"feria,nick de",,"['weatherford,mitch', 'roteman,evan', 'darst,daniel', 'swift,dj', 'berry,bryce', 'galvin,owen']","['mercadel,justice', 'hill,kameron', 'holland,michael']",652
718,5292,Austin,Rhodes,0,120-103,"41,62","62,58",2-5,4-2,N/A,N/A,12/02/17,2:00 PM,N/A,Hughey Gym,Lose,2,False,209,False,10:52,"SUB OUT by WEATHERFORD,MITCH",85 ,,68,,,,"SUB OUT by WEATHERFORD,MITCH",2,subbing out,,rhodes,"weatherford,mitch",,"['roteman,evan', 'darst,daniel', 'swift,dj', 'berry,bryce', 'galvin,owen']","['mercadel,justice', 'hill,kameron', 'holland,michael']",652
719,5292,Austin,Rhodes,0,120-103,"41,62","62,58",2-5,4-2,N/A,N/A,12/02/17,2:00 PM,N/A,Hughey Gym,Lose,2,False,209,False,10:45,,85 ,,68,"SUB IN by NICKENS,ZACHARY",,,"SUB IN by NICKENS,ZACHARY",2,subbing in,,austin,"nickens,zachary",,"['roteman,evan', 'darst,daniel', 'swift,dj', 'berry,bryce', 'galvin,owen']","['mercadel,justice', 'hill,kameron', 'holland,michael', 'nickens,zachary']",645
720,5292,Austin,Rhodes,0,120-103,"41,62","62,58",2-5,4-2,N/A,N/A,12/02/17,2:00 PM,N/A,Hughey Gym,Lose,2,False,209,False,10:45,,85 ,,68,"SUB OUT by HILL,KAMERON",,,"SUB OUT by HILL,KAMERON",2,subbing out,,austin,"hill,kameron",,"['roteman,evan', 'darst,daniel', 'swift,dj', 'berry,bryce', 'galvin,owen']","['mercadel,justice', 'holland,michael', 'nickens,zachary']",645
721,5292,Austin,Rhodes,0,120-103,"41,62","62,58",2-5,4-2,N/A,N/A,12/02/17,2:00 PM,N/A,Hughey Gym,Lose,2,False,209,False,10:42,,85 ,,68,"TURNOVER  by MERCADEL,JUSTICE",,,"TURNOVER  by MERCADEL,JUSTICE",2,turnover,,austin,"mercadel,justice",,"['roteman,evan', 'darst,daniel', 'swift,dj', 'berry,bryce', 'galvin,owen']","['mercadel,justice', 'holland,michael', 'nickens,zachary']",642
722,5292,Austin,Rhodes,0,120-103,"41,62","62,58",2-5,4-2,N/A,N/A,12/02/17,2:00 PM,N/A,Hughey Gym,Lose,2,False,209,False,10:32,"GOOD 3PTR by DARST,DANIEL",88 ,,68,,RHODES 88-68 (+20),,"GOOD 3PTR by DARST,DANIEL",2,three pointer,good,rhodes,"darst,daniel",3,"['roteman,evan', 'darst,daniel', 'swift,dj', 'berry,bryce', 'galvin,owen']","['mercadel,justice', 'holland,michael', 'nickens,zachary']",632
723,5292,Austin,Rhodes,0,120-103,"41,62","62,58",2-5,4-2,N/A,N/A,12/02/17,2:00 PM,N/A,Hughey Gym,Lose,2,False,209,False,--,"ASSIST  by BERRY,BRYCE",88 ,,68,,,,"ASSIST  by BERRY,BRYCE",2,assist,,rhodes,"berry,bryce",,"['roteman,evan', 'darst,daniel', 'swift,dj', 'berry,bryce', 'galvin,owen']","['mercadel,justice', 'holland,michael', 'nickens,zachary']",
724,5292,Austin,Rhodes,0,120-103,"41,62","62,58",2-5,4-2,N/A,N/A,12/02/17,2:00 PM,N/A,Hughey Gym,Lose,2,False,209,False,10:22,"FOUL  by SWIFT,DJ",88 ,,68,,,,"FOUL  by SWIFT,DJ",2,foul,,rhodes,"swift,dj",,"['roteman,evan', 'darst,daniel', 'swift,dj', 'berry,bryce', 'galvin,owen']","['mercadel,justice', 'holland,michael', 'nickens,zachary']",622
725,5292,Austin,Rhodes,0,120-103,"41,62","62,58",2-5,4-2,N/A,N/A,12/02/17,2:00 PM,N/A,Hughey Gym,Lose,2,False,209,False,10:22,,88 ,,69,"GOOD FT by HOGAN,KAM",ACM 88-69 (+19),,"GOOD FT by HOGAN,KAM",2,free throw,good,austin,"hogan,kam",1,"['roteman,evan', 'darst,daniel', 'swift,dj', 'berry,bryce', 'galvin,owen']","['mercadel,justice', 'holland,michael', 'nickens,zachary']",622
726,5292,Austin,Rhodes,0,120-103,"41,62","62,58",2-5,4-2,N/A,N/A,12/02/17,2:00 PM,N/A,Hughey Gym,Lose,2,False,209,False,10:22,,88 ,,70,"GOOD FT by HOGAN,KAM",ACM 88-70 (+18),,"GOOD FT by HOGAN,KAM",2,free throw,good,austin,"hogan,kam",1,"['roteman,evan', 'darst,daniel', 'swift,dj', 'berry,bryce', 'galvin,owen']","['mercadel,justice', 'holland,michael', 'nickens,zachary']",622
727,5292,Austin,Rhodes,0,120-103,"41,62","62,58",2-5,4-2,N/A,N/A,12/02/17,2:00 PM,N/A,Hughey Gym,Lose,2,False,209,False,10:22,,88 ,,70,"SUB IN by FEIDER,JP",,,"SUB IN by FEIDER,JP",2,subbing in,,austin,"feider,jp",,"['roteman,evan', 'darst,daniel', 'swift,dj', 'berry,bryce', 'galvin,owen']","['mercadel,justice', 'holland,michael', 'nickens,zachary', 'feider,jp']",622
728,5292,Austin,Rhodes,0,120-103,"41,62","62,58",2-5,4-2,N/A,N/A,12/02/17,2:00 PM,N/A,Hughey Gym,Lose,2,False,209,False,10:22,,88 ,,70,"SUB OUT by MERCADEL,JUSTICE",,,"SUB OUT by MERCADEL,JUSTICE",2,subbing out,,austin,"mercadel,justice",,"['roteman,evan', 'darst,daniel', 'swift,dj', 'berry,bryce', 'galvin,owen']","['holland,michael', 'nickens,zachary', 'feider,jp']",622
729,5292,Austin,Rhodes,0,120-103,"41,62","62,58",2-5,4-2,N/A,N/A,12/02/17,2:00 PM,N/A,Hughey Gym,Lose,2,False,209,False,10:15,"TURNOVER  by ROTEMAN,EVAN",88 ,,70,,,,"TURNOVER  by ROTEMAN,EVAN",2,turnover,,rhodes,"roteman,evan",,"['roteman,evan', 'darst,daniel', 'swift,dj', 'berry,bryce', 'galvin,owen']","['holland,michael', 'nickens,zachary', 'feider,jp']",615
730,5292,Austin,Rhodes,0,120-103,"41,62","62,58",2-5,4-2,N/A,N/A,12/02/17,2:00 PM,N/A,Hughey Gym,Lose,2,False,209,False,09:58,,88 ,,73,"GOOD 3PTR by QUINN,JOSH",ACM 88-73 (+15),,"GOOD 3PTR by QUINN,JOSH",2,three pointer,good,austin,"quinn,josh",3,"['roteman,evan', 'darst,daniel', 'swift,dj', 'berry,bryce', 'galvin,owen']","['holland,michael', 'nickens,zachary', 'feider,jp']",598
731,5292,Austin,Rhodes,0,120-103,"41,62","62,58",2-5,4-2,N/A,N/A,12/02/17,2:00 PM,N/A,Hughey Gym,Lose,2,False,209,False,--,,88 ,,73,"ASSIST  by HOGAN,KAM",,,"ASSIST  by HOGAN,KAM",2,assist,,austin,"hogan,kam",,"['roteman,evan', 'darst,daniel', 'swift,dj', 'berry,bryce', 'galvin,owen']","['holland,michael', 'nickens,zachary', 'feider,jp']",
732,5292,Austin,Rhodes,0,120-103,"41,62","62,58",2-5,4-2,N/A,N/A,12/02/17,2:00 PM,N/A,Hughey Gym,Lose,2,False,209,False,09:44,"MISS JUMPER by BERRY,BRYCE",88 ,,73,,,,"MISS JUMPER by BERRY,BRYCE",2,jumper,missed,rhodes,"berry,bryce",,"['roteman,evan', 'darst,daniel', 'swift,dj', 'berry,bryce', 'galvin,owen']","['holland,michael', 'nickens,zachary', 'feider,jp']",584
733,5292,Austin,Rhodes,0,120-103,"41,62","62,58",2-5,4-2,N/A,N/A,12/02/17,2:00 PM,N/A,Hughey Gym,Lose,2,False,209,False,--,,88 ,,73,"REBOUND DEF by HOLLAND,MICHAEL",,,"REBOUND DEF by HOLLAND,MICHAEL",2,defensive rebound,,austin,"holland,michael",,"['roteman,evan', 'darst,daniel', 'swift,dj', 'berry,bryce', 'galvin,owen']","['holland,michael', 'nickens,zachary', 'feider,jp']",
734,5292,Austin,Rhodes,0,120-103,"41,62","62,58",2-5,4-2,N/A,N/A,12/02/17,2:00 PM,N/A,Hughey Gym,Lose,2,False,209,False,09:36,"FOUL  by ROTEMAN,EVAN",88 ,,73,,,,"FOUL  by ROTEMAN,EVAN",2,foul,,rhodes,"roteman,evan",,"['roteman,evan', 'darst,daniel', 'swift,dj', 'berry,bryce', 'galvin,owen']","['holland,michael', 'nickens,zachary', 'feider,jp']",576
735,5292,Austin,Rhodes,0,120-103,"41,62","62,58",2-5,4-2,N/A,N/A,12/02/17,2:00 PM,N/A,Hughey Gym,Lose,2,False,209,False,09:36,,88 ,,73,"MISS FT by NICKENS,ZACHARY",,,"MISS FT by NICKENS,ZACHARY",2,free throw,missed,austin,"nickens,zachary",,"['roteman,evan', 'darst,daniel', 'swift,dj', 'berry,bryce', 'galvin,owen']","['holland,michael', 'nickens,zachary', 'feider,jp']",576
736,5292,Austin,Rhodes,0,120-103,"41,62","62,58",2-5,4-2,N/A,N/A,12/02/17,2:00 PM,N/A,Hughey Gym,Lose,2,False,209,False,--,,88 ,,73,REBOUND DEADB by TEAM,,,REBOUND DEADB by TEAM,2,deadball rebound,,austin,,,"['roteman,evan', 'darst,daniel', 'swift,dj', 'berry,bryce', 'galvin,owen']","['holland,michael', 'nickens,zachary', 'feider,jp']",
737,5292,Austin,Rhodes,0,120-103,"41,62","62,58",2-5,4-2,N/A,N/A,12/02/17,2:00 PM,N/A,Hughey Gym,Lose,2,False,209,False,09:36,,88 ,,73,"MISS FT by NICKENS,ZACHARY",,,"MISS FT by NICKENS,ZACHARY",2,free throw,missed,austin,"nickens,zachary",,"['roteman,evan', 'darst,daniel', 'swift,dj', 'berry,bryce', 'galvin,owen']","['holland,michael', 'nickens,zachary', 'feider,jp']",576
738,5292,Austin,Rhodes,0,120-103,"41,62","62,58",2-5,4-2,N/A,N/A,12/02/17,2:00 PM,N/A,Hughey Gym,Lose,2,False,209,False,--,"REBOUND DEF by ASHBY,KENDRICK",88 ,,73,,,,"REBOUND DEF by ASHBY,KENDRICK",2,defensive rebound,,rhodes,"ashby,kendrick",,"['roteman,evan', 'darst,daniel', 'swift,dj', 'berry,bryce', 'galvin,owen']","['holland,michael', 'nickens,zachary', 'feider,jp']",
739,5292,Austin,Rhodes,0,120-103,"41,62","62,58",2-5,4-2,N/A,N/A,12/02/17,2:00 PM,N/A,Hughey Gym,Lose,2,False,209,False,09:36,"SUB IN by NESTLEHUTT,JAKE",88 ,,73,,,,"SUB IN by NESTLEHUTT,JAKE",2,subbing in,,rhodes,"nestlehutt,jake",,"['roteman,evan', 'darst,daniel', 'swift,dj', 'berry,bryce', 'galvin,owen', 'nestlehutt,jake']","['holland,michael', 'nickens,zachary', 'feider,jp']",576
740,5292,Austin,Rhodes,0,120-103,"41,62","62,58",2-5,4-2,N/A,N/A,12/02/17,2:00 PM,N/A,Hughey Gym,Lose,2,False,209,False,09:36,"SUB IN by DALTON,PRICE",88 ,,73,,,,"SUB IN by DALTON,PRICE",2,subbing in,,rhodes,"dalton,price",,"['roteman,evan', 'darst,daniel', 'swift,dj', 'berry,bryce', 'galvin,owen', 'nestlehutt,jake', 'dalton,price']","['holland,michael', 'nickens,zachary', 'feider,jp']",576
741,5292,Austin,Rhodes,0,120-103,"41,62","62,58",2-5,4-2,N/A,N/A,12/02/17,2:00 PM,N/A,Hughey Gym,Lose,2,False,209,False,09:36,"SUB IN by ASHBY,KENDRICK",88 ,,73,,,,"SUB IN by ASHBY,KENDRICK",2,subbing in,,rhodes,"ashby,kendrick",,"['roteman,evan', 'darst,daniel', 'swift,dj', 'berry,bryce', 'galvin,owen', 'nestlehutt,jake', 'dalton,price', 'ashby,kendrick']","['holland,michael', 'nickens,zachary', 'feider,jp']",576
742,5292,Austin,Rhodes,0,120-103,"41,62","62,58",2-5,4-2,N/A,N/A,12/02/17,2:00 PM,N/A,Hughey Gym,Lose,2,False,209,False,09:36,"SUB IN by MCINTYRE,WILLIAM",88 ,,73,,,,"SUB IN by MCINTYRE,WILLIAM",2,subbing in,,rhodes,"mcintyre,william",,"['roteman,evan', 'darst,daniel', 'swift,dj', 'berry,bryce', 'galvin,owen', 'nestlehutt,jake', 'dalton,price', 'ashby,kendrick', 'mcintyre,william']","['holland,michael', 'nickens,zachary', 'feider,jp']",576
743,5292,Austin,Rhodes,0,120-103,"41,62","62,58",2-5,4-2,N/A,N/A,12/02/17,2:00 PM,N/A,Hughey Gym,Lose,2,False,209,False,09:36,"SUB IN by NYAWATA,ANESU",88 ,,73,,,,"SUB IN by NYAWATA,ANESU",2,subbing in,,rhodes,"nyawata,anesu",,"['roteman,evan', 'darst,daniel', 'swift,dj', 'berry,bryce', 'galvin,owen', 'nestlehutt,jake', 'dalton,price', 'ashby,kendrick', 'mcintyre,william', 'nyawata,anesu']","['holland,michael', 'nickens,zachary', 'feider,jp']",576
744,5292,Austin,Rhodes,0,120-103,"41,62","62,58",2-5,4-2,N/A,N/A,12/02/17,2:00 PM,N/A,Hughey Gym,Lose,2,False,209,False,09:36,"SUB OUT by GALVIN,OWEN",88 ,,73,,,,"SUB OUT by GALVIN,OWEN",2,subbing out,,rhodes,"galvin,owen",,"['roteman,evan', 'darst,daniel', 'swift,dj', 'berry,bryce', 'nestlehutt,jake', 'dalton,price', 'ashby,kendrick', 'mcintyre,william', 'nyawata,anesu']","['holland,michael', 'nickens,zachary', 'feider,jp']",576
745,5292,Austin,Rhodes,0,120-103,"41,62","62,58",2-5,4-2,N/A,N/A,12/02/17,2:00 PM,N/A,Hughey Gym,Lose,2,False,209,False,09:36,"SUB OUT by SWIFT,DJ",88 ,,73,,,,"SUB OUT by SWIFT,DJ",2,subbing out,,rhodes,"swift,dj",,"['roteman,evan', 'darst,daniel', 'berry,bryce', 'nestlehutt,jake', 'dalton,price', 'ashby,kendrick', 'mcintyre,william', 'nyawata,anesu']","['holland,michael', 'nickens,zachary', 'feider,jp']",576
746,5292,Austin,Rhodes,0,120-103,"41,62","62,58",2-5,4-2,N/A,N/A,12/02/17,2:00 PM,N/A,Hughey Gym,Lose,2,False,209,False,09:36,"SUB OUT by DARST,DANIEL",88 ,,73,,,,"SUB OUT by DARST,DANIEL",2,subbing out,,rhodes,"darst,daniel",,"['roteman,evan', 'berry,bryce', 'nestlehutt,jake', 'dalton,price', 'ashby,kendrick', 'mcintyre,william', 'nyawata,anesu']","['holland,michael', 'nickens,zachary', 'feider,jp']",576
747,5292,Austin,Rhodes,0,120-103,"41,62","62,58",2-5,4-2,N/A,N/A,12/02/17,2:00 PM,N/A,Hughey Gym,Lose,2,False,209,False,09:36,"SUB OUT by ROTEMAN,EVAN",88 ,,73,,,,"SUB OUT by ROTEMAN,EVAN",2,subbing out,,rhodes,"roteman,evan",,"['berry,bryce', 'nestlehutt,jake', 'dalton,price', 'ashby,kendrick', 'mcintyre,william', 'nyawata,anesu']","['holland,michael', 'nickens,zachary', 'feider,jp']",576
748,5292,Austin,Rhodes,0,120-103,"41,62","62,58",2-5,4-2,N/A,N/A,12/02/17,2:00 PM,N/A,Hughey Gym,Lose,2,False,209,False,09:36,"SUB OUT by BERRY,BRYCE",88 ,,73,,,,"SUB OUT by BERRY,BRYCE",2,subbing out,,rhodes,"berry,bryce",,"['nestlehutt,jake', 'dalton,price', 'ashby,kendrick', 'mcintyre,william', 'nyawata,anesu']","['holland,michael', 'nickens,zachary', 'feider,jp']",576
749,5292,Austin,Rhodes,0,120-103,"41,62","62,58",2-5,4-2,N/A,N/A,12/02/17,2:00 PM,N/A,Hughey Gym,Lose,2,False,209,False,09:22,"MISS 3PTR by NESTLEHUTT,JAKE",88 ,,73,,,,"MISS 3PTR by NESTLEHUTT,JAKE",2,three pointer,missed,rhodes,"nestlehutt,jake",,"['nestlehutt,jake', 'dalton,price', 'ashby,kendrick', 'mcintyre,william', 'nyawata,anesu']","['holland,michael', 'nickens,zachary', 'feider,jp']",562
750,5292,Austin,Rhodes,0,120-103,"41,62","62,58",2-5,4-2,N/A,N/A,12/02/17,2:00 PM,N/A,Hughey Gym,Lose,2,False,209,False,--,"REBOUND OFF by ASHBY,KENDRICK",88 ,,73,,,,"REBOUND OFF by ASHBY,KENDRICK",2,offensive rebound,,rhodes,"ashby,kendrick",,"['nestlehutt,jake', 'dalton,price', 'ashby,kendrick', 'mcintyre,william', 'nyawata,anesu']","['holland,michael', 'nickens,zachary', 'feider,jp']",
751,5292,Austin,Rhodes,0,120-103,"41,62","62,58",2-5,4-2,N/A,N/A,12/02/17,2:00 PM,N/A,Hughey Gym,Lose,2,False,209,False,09:18,"GOOD TIPIN by ASHBY,KENDRICK(in the paint)",90 ,,73,,RHODES 90-73 (+17),,"GOOD TIPIN by ASHBY,KENDRICK(in the paint)",2,tipin,good,rhodes,"ashby,kendrick",2,"['nestlehutt,jake', 'dalton,price', 'ashby,kendrick', 'mcintyre,william', 'nyawata,anesu']","['holland,michael', 'nickens,zachary', 'feider,jp']",558
752,5292,Austin,Rhodes,0,120-103,"41,62","62,58",2-5,4-2,N/A,N/A,12/02/17,2:00 PM,N/A,Hughey Gym,Lose,2,False,209,False,09:05,,90 ,,75,"GOOD JUMPER by NICKENS,ZACHARY(in the paint)",ACM 90-75 (+15),,"GOOD JUMPER by NICKENS,ZACHARY(in the paint)",2,jumper,good,austin,"nickens,zachary",2,"['nestlehutt,jake', 'dalton,price', 'ashby,kendrick', 'mcintyre,william', 'nyawata,anesu']","['holland,michael', 'nickens,zachary', 'feider,jp']",545
753,5292,Austin,Rhodes,0,120-103,"41,62","62,58",2-5,4-2,N/A,N/A,12/02/17,2:00 PM,N/A,Hughey Gym,Lose,2,False,209,False,08:56,"MISS 3PTR by MCINTYRE,WILLIAM",90 ,,75,,,,"MISS 3PTR by MCINTYRE,WILLIAM",2,three pointer,missed,rhodes,"mcintyre,william",,"['nestlehutt,jake', 'dalton,price', 'ashby,kendrick', 'mcintyre,william', 'nyawata,anesu']","['holland,michael', 'nickens,zachary', 'feider,jp']",536
754,5292,Austin,Rhodes,0,120-103,"41,62","62,58",2-5,4-2,N/A,N/A,12/02/17,2:00 PM,N/A,Hughey Gym,Lose,2,False,209,False,--,,90 ,,75,"REBOUND DEF by HOLLAND,MICHAEL",,,"REBOUND DEF by HOLLAND,MICHAEL",2,defensive rebound,,austin,"holland,michael",,"['nestlehutt,jake', 'dalton,price', 'ashby,kendrick', 'mcintyre,william', 'nyawata,anesu']","['holland,michael', 'nickens,zachary', 'feider,jp']",
755,5292,Austin,Rhodes,0,120-103,"41,62","62,58",2-5,4-2,N/A,N/A,12/02/17,2:00 PM,N/A,Hughey Gym,Lose,2,False,209,False,08:48,"FOUL  by DALTON,PRICE",90 ,,75,,,,"FOUL  by DALTON,PRICE",2,foul,,rhodes,"dalton,price",,"['nestlehutt,jake', 'dalton,price', 'ashby,kendrick', 'mcintyre,william', 'nyawata,anesu']","['holland,michael', 'nickens,zachary', 'feider,jp']",528
756,5292,Austin,Rhodes,0,120-103,"41,62","62,58",2-5,4-2,N/A,N/A,12/02/17,2:00 PM,N/A,Hughey Gym,Lose,2,False,209,False,08:48,,90 ,,75,"MISS FT by HOLLAND,MICHAEL",,,"MISS FT by HOLLAND,MICHAEL",2,free throw,missed,austin,"holland,michael",,"['nestlehutt,jake', 'dalton,price', 'ashby,kendrick', 'mcintyre,william', 'nyawata,anesu']","['holland,michael', 'nickens,zachary', 'feider,jp']",528
757,5292,Austin,Rhodes,0,120-103,"41,62","62,58",2-5,4-2,N/A,N/A,12/02/17,2:00 PM,N/A,Hughey Gym,Lose,2,False,209,False,--,"REBOUND DEF by EVANS,ANDREW",90 ,,75,,,,"REBOUND DEF by EVANS,ANDREW",2,defensive rebound,,rhodes,"evans,andrew",,"['nestlehutt,jake', 'dalton,price', 'ashby,kendrick', 'mcintyre,william', 'nyawata,anesu']","['holland,michael', 'nickens,zachary', 'feider,jp']",
758,5292,Austin,Rhodes,0,120-103,"41,62","62,58",2-5,4-2,N/A,N/A,12/02/17,2:00 PM,N/A,Hughey Gym,Lose,2,False,209,False,08:48,"SUB IN by EVANS,ANDREW",90 ,,75,,,,"SUB IN by EVANS,ANDREW",2,subbing in,,rhodes,"evans,andrew",,"['nestlehutt,jake', 'dalton,price', 'ashby,kendrick', 'mcintyre,william', 'nyawata,anesu', 'evans,andrew']","['holland,michael', 'nickens,zachary', 'feider,jp']",528
759,5292,Austin,Rhodes,0,120-103,"41,62","62,58",2-5,4-2,N/A,N/A,12/02/17,2:00 PM,N/A,Hughey Gym,Lose,2,False,209,False,08:48,"SUB IN by GIROUX,PRESTON",90 ,,75,,,,"SUB IN by GIROUX,PRESTON",2,subbing in,,rhodes,"giroux,preston",,"['nestlehutt,jake', 'dalton,price', 'ashby,kendrick', 'mcintyre,william', 'nyawata,anesu', 'evans,andrew', 'giroux,preston']","['holland,michael', 'nickens,zachary', 'feider,jp']",528
760,5292,Austin,Rhodes,0,120-103,"41,62","62,58",2-5,4-2,N/A,N/A,12/02/17,2:00 PM,N/A,Hughey Gym,Lose,2,False,209,False,08:48,"SUB IN by SAMSON,VAUGHN",90 ,,75,,,,"SUB IN by SAMSON,VAUGHN",2,subbing in,,rhodes,"samson,vaughn",,"['nestlehutt,jake', 'dalton,price', 'ashby,kendrick', 'mcintyre,william', 'nyawata,anesu', 'evans,andrew', 'giroux,preston', 'samson,vaughn']","['holland,michael', 'nickens,zachary', 'feider,jp']",528
761,5292,Austin,Rhodes,0,120-103,"41,62","62,58",2-5,4-2,N/A,N/A,12/02/17,2:00 PM,N/A,Hughey Gym,Lose,2,False,209,False,08:48,"SUB IN by FERIA,NICK DE",90 ,,75,,,,"SUB IN by FERIA,NICK DE",2,subbing in,,rhodes,"feria,nick de",,"['nestlehutt,jake', 'dalton,price', 'ashby,kendrick', 'mcintyre,william', 'nyawata,anesu', 'evans,andrew', 'giroux,preston', 'samson,vaughn', 'feria,nick de']","['holland,michael', 'nickens,zachary', 'feider,jp']",528
762,5292,Austin,Rhodes,0,120-103,"41,62","62,58",2-5,4-2,N/A,N/A,12/02/17,2:00 PM,N/A,Hughey Gym,Lose,2,False,209,False,08:48,"SUB IN by WEATHERFORD,MITCH",90 ,,75,,,,"SUB IN by WEATHERFORD,MITCH",2,subbing in,,rhodes,"weatherford,mitch",,"['nestlehutt,jake', 'dalton,price', 'ashby,kendrick', 'mcintyre,william', 'nyawata,anesu', 'evans,andrew', 'giroux,preston', 'samson,vaughn', 'feria,nick de', 'weatherford,mitch']","['holland,michael', 'nickens,zachary', 'feider,jp']",528
763,5292,Austin,Rhodes,0,120-103,"41,62","62,58",2-5,4-2,N/A,N/A,12/02/17,2:00 PM,N/A,Hughey Gym,Lose,2,False,209,False,08:48,"SUB OUT by ASHBY,KENDRICK",90 ,,75,,,,"SUB OUT by ASHBY,KENDRICK",2,subbing out,,rhodes,"ashby,kendrick",,"['nestlehutt,jake', 'dalton,price', 'mcintyre,william', 'nyawata,anesu', 'evans,andrew', 'giroux,preston', 'samson,vaughn', 'feria,nick de', 'weatherford,mitch']","['holland,michael', 'nickens,zachary', 'feider,jp']",528
764,5292,Austin,Rhodes,0,120-103,"41,62","62,58",2-5,4-2,N/A,N/A,12/02/17,2:00 PM,N/A,Hughey Gym,Lose,2,False,209,False,08:48,"SUB OUT by MCINTYRE,WILLIAM",90 ,,75,,,,"SUB OUT by MCINTYRE,WILLIAM",2,subbing out,,rhodes,"mcintyre,william",,"['nestlehutt,jake', 'dalton,price', 'nyawata,anesu', 'evans,andrew', 'giroux,preston', 'samson,vaughn', 'feria,nick de', 'weatherford,mitch']","['holland,michael', 'nickens,zachary', 'feider,jp']",528
765,5292,Austin,Rhodes,0,120-103,"41,62","62,58",2-5,4-2,N/A,N/A,12/02/17,2:00 PM,N/A,Hughey Gym,Lose,2,False,209,False,08:48,"SUB OUT by NESTLEHUTT,JAKE",90 ,,75,,,,"SUB OUT by NESTLEHUTT,JAKE",2,subbing out,,rhodes,"nestlehutt,jake",,"['dalton,price', 'nyawata,anesu', 'evans,andrew', 'giroux,preston', 'samson,vaughn', 'feria,nick de', 'weatherford,mitch']","['holland,michael', 'nickens,zachary', 'feider,jp']",528
766,5292,Austin,Rhodes,0,120-103,"41,62","62,58",2-5,4-2,N/A,N/A,12/02/17,2:00 PM,N/A,Hughey Gym,Lose,2,False,209,False,08:48,"SUB OUT by NYAWATA,ANESU",90 ,,75,,,,"SUB OUT by NYAWATA,ANESU",2,subbing out,,rhodes,"nyawata,anesu",,"['dalton,price', 'evans,andrew', 'giroux,preston', 'samson,vaughn', 'feria,nick de', 'weatherford,mitch']","['holland,michael', 'nickens,zachary', 'feider,jp']",528
767,5292,Austin,Rhodes,0,120-103,"41,62","62,58",2-5,4-2,N/A,N/A,12/02/17,2:00 PM,N/A,Hughey Gym,Lose,2,False,209,False,08:48,"SUB OUT by DALTON,PRICE",90 ,,75,,,,"SUB OUT by DALTON,PRICE",2,subbing out,,rhodes,"dalton,price",,"['evans,andrew', 'giroux,preston', 'samson,vaughn', 'feria,nick de', 'weatherford,mitch']","['holland,michael', 'nickens,zachary', 'feider,jp']",528
768,5292,Austin,Rhodes,0,120-103,"41,62","62,58",2-5,4-2,N/A,N/A,12/02/17,2:00 PM,N/A,Hughey Gym,Lose,2,False,209,False,08:48,,90 ,,75,"SUB IN by MERCADEL,JUSTICE",,,"SUB IN by MERCADEL,JUSTICE",2,subbing in,,austin,"mercadel,justice",,"['evans,andrew', 'giroux,preston', 'samson,vaughn', 'feria,nick de', 'weatherford,mitch']","['holland,michael', 'nickens,zachary', 'feider,jp', 'mercadel,justice']",528
769,5292,Austin,Rhodes,0,120-103,"41,62","62,58",2-5,4-2,N/A,N/A,12/02/17,2:00 PM,N/A,Hughey Gym,Lose,2,False,209,False,08:48,,90 ,,75,"SUB OUT by QUINN,JOSH",,,"SUB OUT by QUINN,JOSH",2,subbing out,,austin,"quinn,josh",,"['evans,andrew', 'giroux,preston', 'samson,vaughn', 'feria,nick de', 'weatherford,mitch']","['holland,michael', 'nickens,zachary', 'feider,jp', 'mercadel,justice']",528
770,5292,Austin,Rhodes,0,120-103,"41,62","62,58",2-5,4-2,N/A,N/A,12/02/17,2:00 PM,N/A,Hughey Gym,Lose,2,False,209,False,08:29,"GOOD 3PTR by EVANS,ANDREW",93 ,,75,,RHODES 93-75 (+18),,"GOOD 3PTR by EVANS,ANDREW",2,three pointer,good,rhodes,"evans,andrew",3,"['evans,andrew', 'giroux,preston', 'samson,vaughn', 'feria,nick de', 'weatherford,mitch']","['holland,michael', 'nickens,zachary', 'feider,jp', 'mercadel,justice']",509
771,5292,Austin,Rhodes,0,120-103,"41,62","62,58",2-5,4-2,N/A,N/A,12/02/17,2:00 PM,N/A,Hughey Gym,Lose,2,False,209,False,--,"ASSIST  by WEATHERFORD,MITCH",93 ,,75,,,,"ASSIST  by WEATHERFORD,MITCH",2,assist,,rhodes,"weatherford,mitch",,"['evans,andrew', 'giroux,preston', 'samson,vaughn', 'feria,nick de', 'weatherford,mitch']","['holland,michael', 'nickens,zachary', 'feider,jp', 'mercadel,justice']",
772,5292,Austin,Rhodes,0,120-103,"41,62","62,58",2-5,4-2,N/A,N/A,12/02/17,2:00 PM,N/A,Hughey Gym,Lose,2,False,209,False,08:15,,93 ,,77,"GOOD LAYUP by FEIDER,JP(in the paint)",ACM 93-77 (+16),,"GOOD LAYUP by FEIDER,JP(in the paint)",2,layup,good,austin,"feider,jp",2,"['evans,andrew', 'giroux,preston', 'samson,vaughn', 'feria,nick de', 'weatherford,mitch']","['holland,michael', 'nickens,zachary', 'feider,jp', 'mercadel,justice']",495
773,5292,Austin,Rhodes,0,120-103,"41,62","62,58",2-5,4-2,N/A,N/A,12/02/17,2:00 PM,N/A,Hughey Gym,Lose,2,False,209,False,--,,93 ,,77,"ASSIST  by MERCADEL,JUSTICE",,,"ASSIST  by MERCADEL,JUSTICE",2,assist,,austin,"mercadel,justice",,"['evans,andrew', 'giroux,preston', 'samson,vaughn', 'feria,nick de', 'weatherford,mitch']","['holland,michael', 'nickens,zachary', 'feider,jp', 'mercadel,justice']",
774,5292,Austin,Rhodes,0,120-103,"41,62","62,58",2-5,4-2,N/A,N/A,12/02/17,2:00 PM,N/A,Hughey Gym,Lose,2,False,209,False,08:05,"MISS LAYUP by WEATHERFORD,MITCH",93 ,,77,,,,"MISS LAYUP by WEATHERFORD,MITCH",2,layup,missed,rhodes,"weatherford,mitch",,"['evans,andrew', 'giroux,preston', 'samson,vaughn', 'feria,nick de', 'weatherford,mitch']","['holland,michael', 'nickens,zachary', 'feider,jp', 'mercadel,justice']",485
775,5292,Austin,Rhodes,0,120-103,"41,62","62,58",2-5,4-2,N/A,N/A,12/02/17,2:00 PM,N/A,Hughey Gym,Lose,2,False,209,False,--,REBOUND OFF by TEAM,93 ,,77,,,,REBOUND OFF by TEAM,2,offensive rebound,,rhodes,,,"['evans,andrew', 'giroux,preston', 'samson,vaughn', 'feria,nick de', 'weatherford,mitch']","['holland,michael', 'nickens,zachary', 'feider,jp', 'mercadel,justice']",
776,5292,Austin,Rhodes,0,120-103,"41,62","62,58",2-5,4-2,N/A,N/A,12/02/17,2:00 PM,N/A,Hughey Gym,Lose,2,False,209,False,08:02,"SUB IN by ROTEMAN,EVAN",93 ,,77,,,,"SUB IN by ROTEMAN,EVAN",2,subbing in,,rhodes,"roteman,evan",,"['evans,andrew', 'giroux,preston', 'samson,vaughn', 'feria,nick de', 'weatherford,mitch']","['holland,michael', 'nickens,zachary', 'feider,jp', 'mercadel,justice']",482
777,5292,Austin,Rhodes,0,120-103,"41,62","62,58",2-5,4-2,N/A,N/A,12/02/17,2:00 PM,N/A,Hughey Gym,Lose,2,False,209,False,08:02,"SUB IN by DARST,DANIEL",93 ,,77,,,,"SUB IN by DARST,DANIEL",2,subbing in,,rhodes,"darst,daniel",,"['evans,andrew', 'giroux,preston', 'samson,vaughn', 'feria,nick de', 'weatherford,mitch', 'darst,daniel']","['holland,michael', 'nickens,zachary', 'feider,jp', 'mercadel,justice']",482
778,5292,Austin,Rhodes,0,120-103,"41,62","62,58",2-5,4-2,N/A,N/A,12/02/17,2:00 PM,N/A,Hughey Gym,Lose,2,False,209,False,08:02,"SUB IN by BERRY,BRYCE",93 ,,77,,,,"SUB IN by BERRY,BRYCE",2,subbing in,,rhodes,"berry,bryce",,"['evans,andrew', 'giroux,preston', 'samson,vaughn', 'feria,nick de', 'weatherford,mitch', 'darst,daniel', 'berry,bryce']","['holland,michael', 'nickens,zachary', 'feider,jp', 'mercadel,justice']",482
779,5292,Austin,Rhodes,0,120-103,"41,62","62,58",2-5,4-2,N/A,N/A,12/02/17,2:00 PM,N/A,Hughey Gym,Lose,2,False,209,False,08:02,"SUB IN by LOVE,KERRY",93 ,,77,,,,"SUB IN by LOVE,KERRY",2,subbing in,,rhodes,"love,kerry",,"['evans,andrew', 'giroux,preston', 'samson,vaughn', 'feria,nick de', 'weatherford,mitch', 'darst,daniel', 'berry,bryce', 'love,kerry']","['holland,michael', 'nickens,zachary', 'feider,jp', 'mercadel,justice']",482
780,5292,Austin,Rhodes,0,120-103,"41,62","62,58",2-5,4-2,N/A,N/A,12/02/17,2:00 PM,N/A,Hughey Gym,Lose,2,False,209,False,08:02,"SUB IN by GALVIN,OWEN",93 ,,77,,,,"SUB IN by GALVIN,OWEN",2,subbing in,,rhodes,"galvin,owen",,"['evans,andrew', 'giroux,preston', 'samson,vaughn', 'feria,nick de', 'weatherford,mitch', 'darst,daniel', 'berry,bryce', 'love,kerry', 'galvin,owen']","['holland,michael', 'nickens,zachary', 'feider,jp', 'mercadel,justice']",482
781,5292,Austin,Rhodes,0,120-103,"41,62","62,58",2-5,4-2,N/A,N/A,12/02/17,2:00 PM,N/A,Hughey Gym,Lose,2,False,209,False,08:02,"SUB OUT by EVANS,ANDREW",93 ,,77,,,,"SUB OUT by EVANS,ANDREW",2,subbing out,,rhodes,"evans,andrew",,"['giroux,preston', 'samson,vaughn', 'feria,nick de', 'weatherford,mitch', 'darst,daniel', 'berry,bryce', 'love,kerry', 'galvin,owen']","['holland,michael', 'nickens,zachary', 'feider,jp', 'mercadel,justice']",482
782,5292,Austin,Rhodes,0,120-103,"41,62","62,58",2-5,4-2,N/A,N/A,12/02/17,2:00 PM,N/A,Hughey Gym,Lose,2,False,209,False,08:02,"SUB OUT by GIROUX,PRESTON",93 ,,77,,,,"SUB OUT by GIROUX,PRESTON",2,subbing out,,rhodes,"giroux,preston",,"['samson,vaughn', 'feria,nick de', 'weatherford,mitch', 'darst,daniel', 'berry,bryce', 'love,kerry', 'galvin,owen']","['holland,michael', 'nickens,zachary', 'feider,jp', 'mercadel,justice']",482
783,5292,Austin,Rhodes,0,120-103,"41,62","62,58",2-5,4-2,N/A,N/A,12/02/17,2:00 PM,N/A,Hughey Gym,Lose,2,False,209,False,08:02,"SUB OUT by SAMSON,VAUGHN",93 ,,77,,,,"SUB OUT by SAMSON,VAUGHN",2,subbing out,,rhodes,"samson,vaughn",,"['feria,nick de', 'weatherford,mitch', 'darst,daniel', 'berry,bryce', 'love,kerry', 'galvin,owen']","['holland,michael', 'nickens,zachary', 'feider,jp', 'mercadel,justice']",482
784,5292,Austin,Rhodes,0,120-103,"41,62","62,58",2-5,4-2,N/A,N/A,12/02/17,2:00 PM,N/A,Hughey Gym,Lose,2,False,209,False,08:02,"SUB OUT by FERIA,NICK DE",93 ,,77,,,,"SUB OUT by FERIA,NICK DE",2,subbing out,,rhodes,"feria,nick de",,"['weatherford,mitch', 'darst,daniel', 'berry,bryce', 'love,kerry', 'galvin,owen']","['holland,michael', 'nickens,zachary', 'feider,jp', 'mercadel,justice']",482
785,5292,Austin,Rhodes,0,120-103,"41,62","62,58",2-5,4-2,N/A,N/A,12/02/17,2:00 PM,N/A,Hughey Gym,Lose,2,False,209,False,08:02,"SUB OUT by WEATHERFORD,MITCH",93 ,,77,,,,"SUB OUT by WEATHERFORD,MITCH",2,subbing out,,rhodes,"weatherford,mitch",,"['darst,daniel', 'berry,bryce', 'love,kerry', 'galvin,owen']","['holland,michael', 'nickens,zachary', 'feider,jp', 'mercadel,justice']",482
786,5292,Austin,Rhodes,0,120-103,"41,62","62,58",2-5,4-2,N/A,N/A,12/02/17,2:00 PM,N/A,Hughey Gym,Lose,2,False,209,False,08:02,,93 ,,77,"SUB IN by QUINN,JOSH",,,"SUB IN by QUINN,JOSH",2,subbing in,,austin,"quinn,josh",,"['darst,daniel', 'berry,bryce', 'love,kerry', 'galvin,owen']","['holland,michael', 'nickens,zachary', 'feider,jp', 'mercadel,justice', 'quinn,josh']",482
787,5292,Austin,Rhodes,0,120-103,"41,62","62,58",2-5,4-2,N/A,N/A,12/02/17,2:00 PM,N/A,Hughey Gym,Lose,2,False,209,False,08:02,,93 ,,77,"SUB OUT by HOLLAND,MICHAEL",,,"SUB OUT by HOLLAND,MICHAEL",2,subbing out,,austin,"holland,michael",,"['darst,daniel', 'berry,bryce', 'love,kerry', 'galvin,owen']","['nickens,zachary', 'feider,jp', 'mercadel,justice', 'quinn,josh']",482
788,5292,Austin,Rhodes,0,120-103,"41,62","62,58",2-5,4-2,N/A,N/A,12/02/17,2:00 PM,N/A,Hughey Gym,Lose,2,False,209,False,07:52,"TURNOVER  by GALVIN,OWEN",93 ,,77,,,,"TURNOVER  by GALVIN,OWEN",2,turnover,,rhodes,"galvin,owen",,"['darst,daniel', 'berry,bryce', 'love,kerry', 'galvin,owen']","['nickens,zachary', 'feider,jp', 'mercadel,justice', 'quinn,josh']",472
789,5292,Austin,Rhodes,0,120-103,"41,62","62,58",2-5,4-2,N/A,N/A,12/02/17,2:00 PM,N/A,Hughey Gym,Lose,2,False,209,False,07:46,,93 ,,79,"GOOD LAYUP by MERCADEL,JUSTICE(in the paint)",ACM 93-79 (+14),,"GOOD LAYUP by MERCADEL,JUSTICE(in the paint)",2,layup,good,austin,"mercadel,justice",2,"['darst,daniel', 'berry,bryce', 'love,kerry', 'galvin,owen']","['nickens,zachary', 'feider,jp', 'mercadel,justice', 'quinn,josh']",466
790,5292,Austin,Rhodes,0,120-103,"41,62","62,58",2-5,4-2,N/A,N/A,12/02/17,2:00 PM,N/A,Hughey Gym,Lose,2,False,209,False,--,,93 ,,79,"ASSIST  by HILL,KAMERON",,,"ASSIST  by HILL,KAMERON",2,assist,,austin,"hill,kameron",,"['darst,daniel', 'berry,bryce', 'love,kerry', 'galvin,owen']","['nickens,zachary', 'feider,jp', 'mercadel,justice', 'quinn,josh']",
791,5292,Austin,Rhodes,0,120-103,"41,62","62,58",2-5,4-2,N/A,N/A,12/02/17,2:00 PM,N/A,Hughey Gym,Lose,2,False,209,False,07:43,,93 ,,79,"SUB IN by HILL,KAMERON",,,"SUB IN by HILL,KAMERON",2,subbing in,,austin,"hill,kameron",,"['darst,daniel', 'berry,bryce', 'love,kerry', 'galvin,owen']","['nickens,zachary', 'feider,jp', 'mercadel,justice', 'quinn,josh', 'hill,kameron']",463
792,5292,Austin,Rhodes,0,120-103,"41,62","62,58",2-5,4-2,N/A,N/A,12/02/17,2:00 PM,N/A,Hughey Gym,Lose,2,False,209,False,07:43,,93 ,,79,"SUB OUT by HOGAN,KAM",,,"SUB OUT by HOGAN,KAM",2,subbing out,,austin,"hogan,kam",,"['darst,daniel', 'berry,bryce', 'love,kerry', 'galvin,owen']","['nickens,zachary', 'feider,jp', 'mercadel,justice', 'quinn,josh', 'hill,kameron']",463
793,5292,Austin,Rhodes,0,120-103,"41,62","62,58",2-5,4-2,N/A,N/A,12/02/17,2:00 PM,N/A,Hughey Gym,Lose,2,False,209,False,07:35,"TURNOVER  by LOVE,KERRY",93 ,,79,,,,"TURNOVER  by LOVE,KERRY",2,turnover,,rhodes,"love,kerry",,"['darst,daniel', 'berry,bryce', 'love,kerry', 'galvin,owen']","['nickens,zachary', 'feider,jp', 'mercadel,justice', 'quinn,josh', 'hill,kameron']",455
794,5292,Austin,Rhodes,0,120-103,"41,62","62,58",2-5,4-2,N/A,N/A,12/02/17,2:00 PM,N/A,Hughey Gym,Lose,2,False,209,False,07:35,"SUB IN by DALTON,PRICE",93 ,,79,,,,"SUB IN by DALTON,PRICE",2,subbing in,,rhodes,"dalton,price",,"['darst,daniel', 'berry,bryce', 'love,kerry', 'galvin,owen']","['nickens,zachary', 'feider,jp', 'mercadel,justice', 'quinn,josh', 'hill,kameron']",455
795,5292,Austin,Rhodes,0,120-103,"41,62","62,58",2-5,4-2,N/A,N/A,12/02/17,2:00 PM,N/A,Hughey Gym,Lose,2,False,209,False,07:35,"SUB IN by MCINTYRE,WILLIAM",93 ,,79,,,,"SUB IN by MCINTYRE,WILLIAM",2,subbing in,,rhodes,"mcintyre,william",,"['darst,daniel', 'berry,bryce', 'love,kerry', 'galvin,owen', 'mcintyre,william']","['nickens,zachary', 'feider,jp', 'mercadel,justice', 'quinn,josh', 'hill,kameron']",455
796,5292,Austin,Rhodes,0,120-103,"41,62","62,58",2-5,4-2,N/A,N/A,12/02/17,2:00 PM,N/A,Hughey Gym,Lose,2,False,209,False,07:35,"SUB IN by NESTLEHUTT,JAKE",93 ,,79,,,,"SUB IN by NESTLEHUTT,JAKE",2,subbing in,,rhodes,"nestlehutt,jake",,"['darst,daniel', 'berry,bryce', 'love,kerry', 'galvin,owen', 'mcintyre,william', 'nestlehutt,jake']","['nickens,zachary', 'feider,jp', 'mercadel,justice', 'quinn,josh', 'hill,kameron']",455
797,5292,Austin,Rhodes,0,120-103,"41,62","62,58",2-5,4-2,N/A,N/A,12/02/17,2:00 PM,N/A,Hughey Gym,Lose,2,False,209,False,07:35,"SUB IN by ASHBY,KENDRICK",93 ,,79,,,,"SUB IN by ASHBY,KENDRICK",2,subbing in,,rhodes,"ashby,kendrick",,"['darst,daniel', 'berry,bryce', 'love,kerry', 'galvin,owen', 'mcintyre,william', 'nestlehutt,jake', 'ashby,kendrick']","['nickens,zachary', 'feider,jp', 'mercadel,justice', 'quinn,josh', 'hill,kameron']",455
798,5292,Austin,Rhodes,0,120-103,"41,62","62,58",2-5,4-2,N/A,N/A,12/02/17,2:00 PM,N/A,Hughey Gym,Lose,2,False,209,False,07:35,"SUB IN by NYAWATA,ANESU",93 ,,79,,,,"SUB IN by NYAWATA,ANESU",2,subbing in,,rhodes,"nyawata,anesu",,"['darst,daniel', 'berry,bryce', 'love,kerry', 'galvin,owen', 'mcintyre,william', 'nestlehutt,jake', 'ashby,kendrick', 'nyawata,anesu']","['nickens,zachary', 'feider,jp', 'mercadel,justice', 'quinn,josh', 'hill,kameron']",455
799,5292,Austin,Rhodes,0,120-103,"41,62","62,58",2-5,4-2,N/A,N/A,12/02/17,2:00 PM,N/A,Hughey Gym,Lose,2,False,209,False,07:35,"SUB OUT by LOVE,KERRY",93 ,,79,,,,"SUB OUT by LOVE,KERRY",2,subbing out,,rhodes,"love,kerry",,"['darst,daniel', 'berry,bryce', 'galvin,owen', 'mcintyre,william', 'nestlehutt,jake', 'ashby,kendrick', 'nyawata,anesu']","['nickens,zachary', 'feider,jp', 'mercadel,justice', 'quinn,josh', 'hill,kameron']",455
800,5292,Austin,Rhodes,0,120-103,"41,62","62,58",2-5,4-2,N/A,N/A,12/02/17,2:00 PM,N/A,Hughey Gym,Lose,2,False,209,False,07:35,"SUB OUT by GALVIN,OWEN",93 ,,79,,,,"SUB OUT by GALVIN,OWEN",2,subbing out,,rhodes,"galvin,owen",,"['darst,daniel', 'berry,bryce', 'mcintyre,william', 'nestlehutt,jake', 'ashby,kendrick', 'nyawata,anesu']","['nickens,zachary', 'feider,jp', 'mercadel,justice', 'quinn,josh', 'hill,kameron']",455
801,5292,Austin,Rhodes,0,120-103,"41,62","62,58",2-5,4-2,N/A,N/A,12/02/17,2:00 PM,N/A,Hughey Gym,Lose,2,False,209,False,07:35,"SUB OUT by DARST,DANIEL",93 ,,79,,,,"SUB OUT by DARST,DANIEL",2,subbing out,,rhodes,"darst,daniel",,"['berry,bryce', 'mcintyre,william', 'nestlehutt,jake', 'ashby,kendrick', 'nyawata,anesu']","['nickens,zachary', 'feider,jp', 'mercadel,justice', 'quinn,josh', 'hill,kameron']",455
802,5292,Austin,Rhodes,0,120-103,"41,62","62,58",2-5,4-2,N/A,N/A,12/02/17,2:00 PM,N/A,Hughey Gym,Lose,2,False,209,False,07:35,"SUB OUT by ROTEMAN,EVAN",93 ,,79,,,,"SUB OUT by ROTEMAN,EVAN",2,subbing out,,rhodes,"roteman,evan",,"['berry,bryce', 'mcintyre,william', 'nestlehutt,jake', 'ashby,kendrick', 'nyawata,anesu']","['nickens,zachary', 'feider,jp', 'mercadel,justice', 'quinn,josh', 'hill,kameron']",455
803,5292,Austin,Rhodes,0,120-103,"41,62","62,58",2-5,4-2,N/A,N/A,12/02/17,2:00 PM,N/A,Hughey Gym,Lose,2,False,209,False,07:35,"SUB OUT by BERRY,BRYCE",93 ,,79,,,,"SUB OUT by BERRY,BRYCE",2,subbing out,,rhodes,"berry,bryce",,"['berry,bryce', 'mcintyre,william', 'nestlehutt,jake', 'ashby,kendrick', 'nyawata,anesu']","['nickens,zachary', 'feider,jp', 'mercadel,justice', 'quinn,josh', 'hill,kameron']",455
804,5292,Austin,Rhodes,0,120-103,"41,62","62,58",2-5,4-2,N/A,N/A,12/02/17,2:00 PM,N/A,Hughey Gym,Lose,2,False,209,False,07:31,,93 ,,79,"TURNOVER  by MERCADEL,JUSTICE",,,"TURNOVER  by MERCADEL,JUSTICE",2,turnover,,austin,"mercadel,justice",,"['berry,bryce', 'mcintyre,william', 'nestlehutt,jake', 'ashby,kendrick', 'nyawata,anesu']","['nickens,zachary', 'feider,jp', 'mercadel,justice', 'quinn,josh', 'hill,kameron']",451
805,5292,Austin,Rhodes,0,120-103,"41,62","62,58",2-5,4-2,N/A,N/A,12/02/17,2:00 PM,N/A,Hughey Gym,Lose,2,False,209,False,07:31,"STEAL  by DALTON,PRICE",93 ,,79,,,,"STEAL  by DALTON,PRICE",2,steal,,rhodes,,,"['berry,bryce', 'mcintyre,william', 'nestlehutt,jake', 'ashby,kendrick', 'nyawata,anesu']","['nickens,zachary', 'feider,jp', 'mercadel,justice', 'quinn,josh', 'hill,kameron']",451
806,5292,Austin,Rhodes,0,120-103,"41,62","62,58",2-5,4-2,N/A,N/A,12/02/17,2:00 PM,N/A,Hughey Gym,Lose,2,False,209,False,07:26,"FOUL  by DALTON,PRICE",93 ,,79,,,,"FOUL  by DALTON,PRICE",2,foul,,rhodes,"dalton,price",,"['berry,bryce', 'mcintyre,william', 'nestlehutt,jake', 'ashby,kendrick', 'nyawata,anesu']","['nickens,zachary', 'feider,jp', 'mercadel,justice', 'quinn,josh', 'hill,kameron']",446
807,5292,Austin,Rhodes,0,120-103,"41,62","62,58",2-5,4-2,N/A,N/A,12/02/17,2:00 PM,N/A,Hughey Gym,Lose,2,False,209,False,07:26,"TURNOVER  by DALTON,PRICE",93 ,,79,,,,"TURNOVER  by DALTON,PRICE",2,turnover,,rhodes,"dalton,price",,"['berry,bryce', 'mcintyre,william', 'nestlehutt,jake', 'ashby,kendrick', 'nyawata,anesu']","['nickens,zachary', 'feider,jp', 'mercadel,justice', 'quinn,josh', 'hill,kameron']",446
808,5292,Austin,Rhodes,0,120-103,"41,62","62,58",2-5,4-2,N/A,N/A,12/02/17,2:00 PM,N/A,Hughey Gym,Lose,2,False,209,False,07:20,,93 ,,79,"TURNOVER  by HILL,KAMERON",,,"TURNOVER  by HILL,KAMERON",2,turnover,,austin,"hill,kameron",,"['berry,bryce', 'mcintyre,william', 'nestlehutt,jake', 'ashby,kendrick', 'nyawata,anesu']","['nickens,zachary', 'feider,jp', 'mercadel,justice', 'quinn,josh', 'hill,kameron']",440
809,5292,Austin,Rhodes,0,120-103,"41,62","62,58",2-5,4-2,N/A,N/A,12/02/17,2:00 PM,N/A,Hughey Gym,Lose,2,False,209,False,07:20,"STEAL  by MCINTYRE,WILLIAM",93 ,,79,,,,"STEAL  by MCINTYRE,WILLIAM",2,steal,,rhodes,,,"['berry,bryce', 'mcintyre,william', 'nestlehutt,jake', 'ashby,kendrick', 'nyawata,anesu']","['nickens,zachary', 'feider,jp', 'mercadel,justice', 'quinn,josh', 'hill,kameron']",440
810,5292,Austin,Rhodes,0,120-103,"41,62","62,58",2-5,4-2,N/A,N/A,12/02/17,2:00 PM,N/A,Hughey Gym,Lose,2,False,209,False,07:14,"TURNOVER  by NESTLEHUTT,JAKE",93 ,,79,,,,"TURNOVER  by NESTLEHUTT,JAKE",2,turnover,,rhodes,"nestlehutt,jake",,"['berry,bryce', 'mcintyre,william', 'nestlehutt,jake', 'ashby,kendrick', 'nyawata,anesu']","['nickens,zachary', 'feider,jp', 'mercadel,justice', 'quinn,josh', 'hill,kameron']",434
811,5292,Austin,Rhodes,0,120-103,"41,62","62,58",2-5,4-2,N/A,N/A,12/02/17,2:00 PM,N/A,Hughey Gym,Lose,2,False,209,False,07:13,,93 ,,79,"STEAL  by MERCADEL,JUSTICE",,,"STEAL  by MERCADEL,JUSTICE",2,steal,,austin,,,"['berry,bryce', 'mcintyre,william', 'nestlehutt,jake', 'ashby,kendrick', 'nyawata,anesu']","['nickens,zachary', 'feider,jp', 'mercadel,justice', 'quinn,josh', 'hill,kameron']",433
812,5292,Austin,Rhodes,0,120-103,"41,62","62,58",2-5,4-2,N/A,N/A,12/02/17,2:00 PM,N/A,Hughey Gym,Lose,2,False,209,False,07:11,,93 ,,79,"MISS LAYUP by MERCADEL,JUSTICE",,,"MISS LAYUP by MERCADEL,JUSTICE",2,layup,missed,austin,"mercadel,justice",,"['berry,bryce', 'mcintyre,william', 'nestlehutt,jake', 'ashby,kendrick', 'nyawata,anesu']","['nickens,zachary', 'feider,jp', 'mercadel,justice', 'quinn,josh', 'hill,kameron']",431
813,5292,Austin,Rhodes,0,120-103,"41,62","62,58",2-5,4-2,N/A,N/A,12/02/17,2:00 PM,N/A,Hughey Gym,Lose,2,False,209,False,--,"REBOUND DEF by ASHBY,KENDRICK",93 ,,79,,,,"REBOUND DEF by ASHBY,KENDRICK",2,defensive rebound,,rhodes,"ashby,kendrick",,"['berry,bryce', 'mcintyre,william', 'nestlehutt,jake', 'ashby,kendrick', 'nyawata,anesu']","['nickens,zachary', 'feider,jp', 'mercadel,justice', 'quinn,josh', 'hill,kameron']",
814,5292,Austin,Rhodes,0,120-103,"41,62","62,58",2-5,4-2,N/A,N/A,12/02/17,2:00 PM,N/A,Hughey Gym,Lose,2,False,209,False,06:58,,93 ,,79,"FOUL  by FEIDER,JP",,,"FOUL  by FEIDER,JP",2,foul,,austin,"feider,jp",,"['berry,bryce', 'mcintyre,william', 'nestlehutt,jake', 'ashby,kendrick', 'nyawata,anesu']","['nickens,zachary', 'feider,jp', 'mercadel,justice', 'quinn,josh', 'hill,kameron']",418
815,5292,Austin,Rhodes,0,120-103,"41,62","62,58",2-5,4-2,N/A,N/A,12/02/17,2:00 PM,N/A,Hughey Gym,Lose,2,False,209,False,06:58,"GOOD FT by NYAWATA,ANESU",94 ,,79,,RHODES 94-79 (+15),,"GOOD FT by NYAWATA,ANESU",2,free throw,good,rhodes,"nyawata,anesu",1,"['berry,bryce', 'mcintyre,william', 'nestlehutt,jake', 'ashby,kendrick', 'nyawata,anesu']","['nickens,zachary', 'feider,jp', 'mercadel,justice', 'quinn,josh', 'hill,kameron']",418
816,5292,Austin,Rhodes,0,120-103,"41,62","62,58",2-5,4-2,N/A,N/A,12/02/17,2:00 PM,N/A,Hughey Gym,Lose,2,False,209,False,06:58,"GOOD FT by NYAWATA,ANESU",95 ,,79,,RHODES 95-79 (+16),,"GOOD FT by NYAWATA,ANESU",2,free throw,good,rhodes,"nyawata,anesu",1,"['berry,bryce', 'mcintyre,william', 'nestlehutt,jake', 'ashby,kendrick', 'nyawata,anesu']","['nickens,zachary', 'feider,jp', 'mercadel,justice', 'quinn,josh', 'hill,kameron']",418
817,5292,Austin,Rhodes,0,120-103,"41,62","62,58",2-5,4-2,N/A,N/A,12/02/17,2:00 PM,N/A,Hughey Gym,Lose,2,False,209,False,06:58,"SUB IN by WEATHERFORD,MITCH",95 ,,79,,,,"SUB IN by WEATHERFORD,MITCH",2,subbing in,,rhodes,"weatherford,mitch",,"['berry,bryce', 'mcintyre,william', 'nestlehutt,jake', 'ashby,kendrick', 'nyawata,anesu', 'weatherford,mitch']","['nickens,zachary', 'feider,jp', 'mercadel,justice', 'quinn,josh', 'hill,kameron']",418
818,5292,Austin,Rhodes,0,120-103,"41,62","62,58",2-5,4-2,N/A,N/A,12/02/17,2:00 PM,N/A,Hughey Gym,Lose,2,False,209,False,06:58,"SUB IN by EVANS,ANDREW",95 ,,79,,,,"SUB IN by EVANS,ANDREW",2,subbing in,,rhodes,"evans,andrew",,"['berry,bryce', 'mcintyre,william', 'nestlehutt,jake', 'ashby,kendrick', 'nyawata,anesu', 'weatherford,mitch', 'evans,andrew']","['nickens,zachary', 'feider,jp', 'mercadel,justice', 'quinn,josh', 'hill,kameron']",418
819,5292,Austin,Rhodes,0,120-103,"41,62","62,58",2-5,4-2,N/A,N/A,12/02/17,2:00 PM,N/A,Hughey Gym,Lose,2,False,209,False,06:58,"SUB IN by GIROUX,PRESTON",95 ,,79,,,,"SUB IN by GIROUX,PRESTON",2,subbing in,,rhodes,"giroux,preston",,"['berry,bryce', 'mcintyre,william', 'nestlehutt,jake', 'ashby,kendrick', 'nyawata,anesu', 'weatherford,mitch', 'evans,andrew', 'giroux,preston']","['nickens,zachary', 'feider,jp', 'mercadel,justice', 'quinn,josh', 'hill,kameron']",418
820,5292,Austin,Rhodes,0,120-103,"41,62","62,58",2-5,4-2,N/A,N/A,12/02/17,2:00 PM,N/A,Hughey Gym,Lose,2,False,209,False,06:58,"SUB IN by SAMSON,VAUGHN",95 ,,79,,,,"SUB IN by SAMSON,VAUGHN",2,subbing in,,rhodes,"samson,vaughn",,"['berry,bryce', 'mcintyre,william', 'nestlehutt,jake', 'ashby,kendrick', 'nyawata,anesu', 'weatherford,mitch', 'evans,andrew', 'giroux,preston', 'samson,vaughn']","['nickens,zachary', 'feider,jp', 'mercadel,justice', 'quinn,josh', 'hill,kameron']",418
821,5292,Austin,Rhodes,0,120-103,"41,62","62,58",2-5,4-2,N/A,N/A,12/02/17,2:00 PM,N/A,Hughey Gym,Lose,2,False,209,False,06:58,"SUB IN by FERIA,NICK DE",95 ,,79,,,,"SUB IN by FERIA,NICK DE",2,subbing in,,rhodes,"feria,nick de",,"['berry,bryce', 'mcintyre,william', 'nestlehutt,jake', 'ashby,kendrick', 'nyawata,anesu', 'weatherford,mitch', 'evans,andrew', 'giroux,preston', 'samson,vaughn', 'feria,nick de']","['nickens,zachary', 'feider,jp', 'mercadel,justice', 'quinn,josh', 'hill,kameron']",418
822,5292,Austin,Rhodes,0,120-103,"41,62","62,58",2-5,4-2,N/A,N/A,12/02/17,2:00 PM,N/A,Hughey Gym,Lose,2,False,209,False,06:58,"SUB OUT by NYAWATA,ANESU",95 ,,79,,,,"SUB OUT by NYAWATA,ANESU",2,subbing out,,rhodes,"nyawata,anesu",,"['berry,bryce', 'mcintyre,william', 'nestlehutt,jake', 'ashby,kendrick', 'weatherford,mitch', 'evans,andrew', 'giroux,preston', 'samson,vaughn', 'feria,nick de']","['nickens,zachary', 'feider,jp', 'mercadel,justice', 'quinn,josh', 'hill,kameron']",418
823,5292,Austin,Rhodes,0,120-103,"41,62","62,58",2-5,4-2,N/A,N/A,12/02/17,2:00 PM,N/A,Hughey Gym,Lose,2,False,209,False,06:58,"SUB OUT by ASHBY,KENDRICK",95 ,,79,,,,"SUB OUT by ASHBY,KENDRICK",2,subbing out,,rhodes,"ashby,kendrick",,"['berry,bryce', 'mcintyre,william', 'nestlehutt,jake', 'weatherford,mitch', 'evans,andrew', 'giroux,preston', 'samson,vaughn', 'feria,nick de']","['nickens,zachary', 'feider,jp', 'mercadel,justice', 'quinn,josh', 'hill,kameron']",418
824,5292,Austin,Rhodes,0,120-103,"41,62","62,58",2-5,4-2,N/A,N/A,12/02/17,2:00 PM,N/A,Hughey Gym,Lose,2,False,209,False,06:58,"SUB OUT by MCINTYRE,WILLIAM",95 ,,79,,,,"SUB OUT by MCINTYRE,WILLIAM",2,subbing out,,rhodes,"mcintyre,william",,"['berry,bryce', 'nestlehutt,jake', 'weatherford,mitch', 'evans,andrew', 'giroux,preston', 'samson,vaughn', 'feria,nick de']","['nickens,zachary', 'feider,jp', 'mercadel,justice', 'quinn,josh', 'hill,kameron']",418
825,5292,Austin,Rhodes,0,120-103,"41,62","62,58",2-5,4-2,N/A,N/A,12/02/17,2:00 PM,N/A,Hughey Gym,Lose,2,False,209,False,06:58,"SUB OUT by NESTLEHUTT,JAKE",95 ,,79,,,,"SUB OUT by NESTLEHUTT,JAKE",2,subbing out,,rhodes,"nestlehutt,jake",,"['berry,bryce', 'weatherford,mitch', 'evans,andrew', 'giroux,preston', 'samson,vaughn', 'feria,nick de']","['nickens,zachary', 'feider,jp', 'mercadel,justice', 'quinn,josh', 'hill,kameron']",418
826,5292,Austin,Rhodes,0,120-103,"41,62","62,58",2-5,4-2,N/A,N/A,12/02/17,2:00 PM,N/A,Hughey Gym,Lose,2,False,209,False,06:58,"SUB OUT by DALTON,PRICE",95 ,,79,,,,"SUB OUT by DALTON,PRICE",2,subbing out,,rhodes,"dalton,price",,"['berry,bryce', 'weatherford,mitch', 'evans,andrew', 'giroux,preston', 'samson,vaughn', 'feria,nick de']","['nickens,zachary', 'feider,jp', 'mercadel,justice', 'quinn,josh', 'hill,kameron']",418
827,5292,Austin,Rhodes,0,120-103,"41,62","62,58",2-5,4-2,N/A,N/A,12/02/17,2:00 PM,N/A,Hughey Gym,Lose,2,False,209,False,06:58,,95 ,,79,"SUB IN by HOLLAND,MICHAEL",,,"SUB IN by HOLLAND,MICHAEL",2,subbing in,,austin,"holland,michael",,"['berry,bryce', 'weatherford,mitch', 'evans,andrew', 'giroux,preston', 'samson,vaughn', 'feria,nick de']","['nickens,zachary', 'feider,jp', 'mercadel,justice', 'quinn,josh', 'hill,kameron']",418
828,5292,Austin,Rhodes,0,120-103,"41,62","62,58",2-5,4-2,N/A,N/A,12/02/17,2:00 PM,N/A,Hughey Gym,Lose,2,False,209,False,06:58,,95 ,,79,"SUB IN by HOGAN,KAM",,,"SUB IN by HOGAN,KAM",2,subbing in,,austin,"hogan,kam",,"['berry,bryce', 'weatherford,mitch', 'evans,andrew', 'giroux,preston', 'samson,vaughn', 'feria,nick de']","['nickens,zachary', 'feider,jp', 'mercadel,justice', 'quinn,josh', 'hill,kameron', 'hogan,kam']",418
829,5292,Austin,Rhodes,0,120-103,"41,62","62,58",2-5,4-2,N/A,N/A,12/02/17,2:00 PM,N/A,Hughey Gym,Lose,2,False,209,False,06:58,,95 ,,79,"SUB OUT by FEIDER,JP",,,"SUB OUT by FEIDER,JP",2,subbing out,,austin,"feider,jp",,"['berry,bryce', 'weatherford,mitch', 'evans,andrew', 'giroux,preston', 'samson,vaughn', 'feria,nick de']","['nickens,zachary', 'mercadel,justice', 'quinn,josh', 'hill,kameron', 'hogan,kam']",418
830,5292,Austin,Rhodes,0,120-103,"41,62","62,58",2-5,4-2,N/A,N/A,12/02/17,2:00 PM,N/A,Hughey Gym,Lose,2,False,209,False,06:58,,95 ,,79,"SUB OUT by HILL,KAMERON",,,"SUB OUT by HILL,KAMERON",2,subbing out,,austin,"hill,kameron",,"['berry,bryce', 'weatherford,mitch', 'evans,andrew', 'giroux,preston', 'samson,vaughn', 'feria,nick de']","['nickens,zachary', 'mercadel,justice', 'quinn,josh', 'hogan,kam']",418
831,5292,Austin,Rhodes,0,120-103,"41,62","62,58",2-5,4-2,N/A,N/A,12/02/17,2:00 PM,N/A,Hughey Gym,Lose,2,False,209,False,06:53,,95 ,,81,"GOOD LAYUP by NICKENS,ZACHARY(fastbreak)(in the paint)",ACM 95-81 (+14),,"GOOD LAYUP by NICKENS,ZACHARY(fastbreak)(in the paint)",2,layup,good,austin,"nickens,zachary(fastbreak)",2,"['berry,bryce', 'weatherford,mitch', 'evans,andrew', 'giroux,preston', 'samson,vaughn', 'feria,nick de']","['nickens,zachary', 'mercadel,justice', 'quinn,josh', 'hogan,kam']",413
832,5292,Austin,Rhodes,0,120-103,"41,62","62,58",2-5,4-2,N/A,N/A,12/02/17,2:00 PM,N/A,Hughey Gym,Lose,2,False,209,False,--,,95 ,,81,"ASSIST  by HOGAN,KAM",,,"ASSIST  by HOGAN,KAM",2,assist,,austin,"hogan,kam",,"['berry,bryce', 'weatherford,mitch', 'evans,andrew', 'giroux,preston', 'samson,vaughn', 'feria,nick de']","['nickens,zachary', 'mercadel,justice', 'quinn,josh', 'hogan,kam']",
833,5292,Austin,Rhodes,0,120-103,"41,62","62,58",2-5,4-2,N/A,N/A,12/02/17,2:00 PM,N/A,Hughey Gym,Lose,2,False,209,False,06:40,,95 ,,81,"FOUL  by QUINN,JOSH",,,"FOUL  by QUINN,JOSH",2,foul,,austin,"quinn,josh",,"['berry,bryce', 'weatherford,mitch', 'evans,andrew', 'giroux,preston', 'samson,vaughn', 'feria,nick de']","['nickens,zachary', 'mercadel,justice', 'quinn,josh', 'hogan,kam']",400
834,5292,Austin,Rhodes,0,120-103,"41,62","62,58",2-5,4-2,N/A,N/A,12/02/17,2:00 PM,N/A,Hughey Gym,Lose,2,False,209,False,06:40,"GOOD FT by EVANS,ANDREW",96 ,,81,,RHODES 96-81 (+15),,"GOOD FT by EVANS,ANDREW",2,free throw,good,rhodes,"evans,andrew",1,"['berry,bryce', 'weatherford,mitch', 'evans,andrew', 'giroux,preston', 'samson,vaughn', 'feria,nick de']","['nickens,zachary', 'mercadel,justice', 'quinn,josh', 'hogan,kam']",400
835,5292,Austin,Rhodes,0,120-103,"41,62","62,58",2-5,4-2,N/A,N/A,12/02/17,2:00 PM,N/A,Hughey Gym,Lose,2,False,209,False,06:40,"MISS FT by EVANS,ANDREW",96 ,,81,,,,"MISS FT by EVANS,ANDREW",2,free throw,missed,rhodes,"evans,andrew",,"['berry,bryce', 'weatherford,mitch', 'evans,andrew', 'giroux,preston', 'samson,vaughn', 'feria,nick de']","['nickens,zachary', 'mercadel,justice', 'quinn,josh', 'hogan,kam']",400
836,5292,Austin,Rhodes,0,120-103,"41,62","62,58",2-5,4-2,N/A,N/A,12/02/17,2:00 PM,N/A,Hughey Gym,Lose,2,False,209,False,--,"REBOUND OFF by GIROUX,PRESTON",96 ,,81,,,,"REBOUND OFF by GIROUX,PRESTON",2,offensive rebound,,rhodes,"giroux,preston",,"['berry,bryce', 'weatherford,mitch', 'evans,andrew', 'giroux,preston', 'samson,vaughn', 'feria,nick de']","['nickens,zachary', 'mercadel,justice', 'quinn,josh', 'hogan,kam']",
837,5292,Austin,Rhodes,0,120-103,"41,62","62,58",2-5,4-2,N/A,N/A,12/02/17,2:00 PM,N/A,Hughey Gym,Lose,2,False,209,False,06:40,,96 ,,81,"SUB IN by GARRETT,JOSH",,,"SUB IN by GARRETT,JOSH",2,subbing in,,austin,"garrett,josh",,"['berry,bryce', 'weatherford,mitch', 'evans,andrew', 'giroux,preston', 'samson,vaughn', 'feria,nick de']","['nickens,zachary', 'mercadel,justice', 'quinn,josh', 'hogan,kam', 'garrett,josh']",400
838,5292,Austin,Rhodes,0,120-103,"41,62","62,58",2-5,4-2,N/A,N/A,12/02/17,2:00 PM,N/A,Hughey Gym,Lose,2,False,209,False,06:40,,96 ,,81,"SUB OUT by QUINN,JOSH",,,"SUB OUT by QUINN,JOSH",2,subbing out,,austin,"quinn,josh",,"['berry,bryce', 'weatherford,mitch', 'evans,andrew', 'giroux,preston', 'samson,vaughn', 'feria,nick de']","['nickens,zachary', 'mercadel,justice', 'hogan,kam', 'garrett,josh']",400
839,5292,Austin,Rhodes,0,120-103,"41,62","62,58",2-5,4-2,N/A,N/A,12/02/17,2:00 PM,N/A,Hughey Gym,Lose,2,False,209,False,06:36,"MISS 3PTR by FERIA,NICK DE",96 ,,81,,,,"MISS 3PTR by FERIA,NICK DE",2,three pointer,missed,rhodes,"feria,nick de",,"['berry,bryce', 'weatherford,mitch', 'evans,andrew', 'giroux,preston', 'samson,vaughn', 'feria,nick de']","['nickens,zachary', 'mercadel,justice', 'hogan,kam', 'garrett,josh']",396
840,5292,Austin,Rhodes,0,120-103,"41,62","62,58",2-5,4-2,N/A,N/A,12/02/17,2:00 PM,N/A,Hughey Gym,Lose,2,False,209,False,--,"REBOUND OFF by GIROUX,PRESTON",96 ,,81,,,,"REBOUND OFF by GIROUX,PRESTON",2,offensive rebound,,rhodes,"giroux,preston",,"['berry,bryce', 'weatherford,mitch', 'evans,andrew', 'giroux,preston', 'samson,vaughn', 'feria,nick de']","['nickens,zachary', 'mercadel,justice', 'hogan,kam', 'garrett,josh']",
841,5292,Austin,Rhodes,0,120-103,"41,62","62,58",2-5,4-2,N/A,N/A,12/02/17,2:00 PM,N/A,Hughey Gym,Lose,2,False,209,False,06:30,"MISS LAYUP by GIROUX,PRESTON",96 ,,81,,,,"MISS LAYUP by GIROUX,PRESTON",2,layup,missed,rhodes,"giroux,preston",,"['berry,bryce', 'weatherford,mitch', 'evans,andrew', 'giroux,preston', 'samson,vaughn', 'feria,nick de']","['nickens,zachary', 'mercadel,justice', 'hogan,kam', 'garrett,josh']",390
842,5292,Austin,Rhodes,0,120-103,"41,62","62,58",2-5,4-2,N/A,N/A,12/02/17,2:00 PM,N/A,Hughey Gym,Lose,2,False,209,False,--,"REBOUND OFF by SAMSON,VAUGHN",96 ,,81,,,,"REBOUND OFF by SAMSON,VAUGHN",2,offensive rebound,,rhodes,"samson,vaughn",,"['berry,bryce', 'weatherford,mitch', 'evans,andrew', 'giroux,preston', 'samson,vaughn', 'feria,nick de']","['nickens,zachary', 'mercadel,justice', 'hogan,kam', 'garrett,josh']",
843,5292,Austin,Rhodes,0,120-103,"41,62","62,58",2-5,4-2,N/A,N/A,12/02/17,2:00 PM,N/A,Hughey Gym,Lose,2,False,209,False,06:27,"FOUL  by SAMSON,VAUGHN",96 ,,81,,,,"FOUL  by SAMSON,VAUGHN",2,foul,,rhodes,"samson,vaughn",,"['berry,bryce', 'weatherford,mitch', 'evans,andrew', 'giroux,preston', 'samson,vaughn', 'feria,nick de']","['nickens,zachary', 'mercadel,justice', 'hogan,kam', 'garrett,josh']",387
844,5292,Austin,Rhodes,0,120-103,"41,62","62,58",2-5,4-2,N/A,N/A,12/02/17,2:00 PM,N/A,Hughey Gym,Lose,2,False,209,False,06:27,"TURNOVER  by SAMSON,VAUGHN",96 ,,81,,,,"TURNOVER  by SAMSON,VAUGHN",2,turnover,,rhodes,"samson,vaughn",,"['berry,bryce', 'weatherford,mitch', 'evans,andrew', 'giroux,preston', 'samson,vaughn', 'feria,nick de']","['nickens,zachary', 'mercadel,justice', 'hogan,kam', 'garrett,josh']",387
845,5292,Austin,Rhodes,0,120-103,"41,62","62,58",2-5,4-2,N/A,N/A,12/02/17,2:00 PM,N/A,Hughey Gym,Lose,2,False,209,False,06:19,,96 ,,83,"GOOD JUMPER by HOGAN,KAM(in the paint)",ACM 96-83 (+13),,"GOOD JUMPER by HOGAN,KAM(in the paint)",2,jumper,good,austin,"hogan,kam",2,"['berry,bryce', 'weatherford,mitch', 'evans,andrew', 'giroux,preston', 'samson,vaughn', 'feria,nick de']","['nickens,zachary', 'mercadel,justice', 'hogan,kam', 'garrett,josh']",379
846,5292,Austin,Rhodes,0,120-103,"41,62","62,58",2-5,4-2,N/A,N/A,12/02/17,2:00 PM,N/A,Hughey Gym,Lose,2,False,209,False,06:10,"GOOD 3PTR by EVANS,ANDREW",99 ,,83,,RHODES 99-83 (+16),,"GOOD 3PTR by EVANS,ANDREW",2,three pointer,good,rhodes,"evans,andrew",3,"['berry,bryce', 'weatherford,mitch', 'evans,andrew', 'giroux,preston', 'samson,vaughn', 'feria,nick de']","['nickens,zachary', 'mercadel,justice', 'hogan,kam', 'garrett,josh']",370
847,5292,Austin,Rhodes,0,120-103,"41,62","62,58",2-5,4-2,N/A,N/A,12/02/17,2:00 PM,N/A,Hughey Gym,Lose,2,False,209,False,--,"ASSIST  by WEATHERFORD,MITCH",99 ,,83,,,,"ASSIST  by WEATHERFORD,MITCH",2,assist,,rhodes,"weatherford,mitch",,"['berry,bryce', 'weatherford,mitch', 'evans,andrew', 'giroux,preston', 'samson,vaughn', 'feria,nick de']","['nickens,zachary', 'mercadel,justice', 'hogan,kam', 'garrett,josh']",
848,5292,Austin,Rhodes,0,120-103,"41,62","62,58",2-5,4-2,N/A,N/A,12/02/17,2:00 PM,N/A,Hughey Gym,Lose,2,False,209,False,05:59,"FOUL  by GIROUX,PRESTON",99 ,,83,,,,"FOUL  by GIROUX,PRESTON",2,foul,,rhodes,"giroux,preston",,"['berry,bryce', 'weatherford,mitch', 'evans,andrew', 'giroux,preston', 'samson,vaughn', 'feria,nick de']","['nickens,zachary', 'mercadel,justice', 'hogan,kam', 'garrett,josh']",359
849,5292,Austin,Rhodes,0,120-103,"41,62","62,58",2-5,4-2,N/A,N/A,12/02/17,2:00 PM,N/A,Hughey Gym,Lose,2,False,209,False,05:59,,99 ,,84,"GOOD FT by HOGAN,KAM",ACM 99-84 (+15),,"GOOD FT by HOGAN,KAM",2,free throw,good,austin,"hogan,kam",1,"['berry,bryce', 'weatherford,mitch', 'evans,andrew', 'giroux,preston', 'samson,vaughn', 'feria,nick de']","['nickens,zachary', 'mercadel,justice', 'hogan,kam', 'garrett,josh']",359
850,5292,Austin,Rhodes,0,120-103,"41,62","62,58",2-5,4-2,N/A,N/A,12/02/17,2:00 PM,N/A,Hughey Gym,Lose,2,False,209,False,05:59,,99 ,,85,"GOOD FT by HOGAN,KAM",ACM 99-85 (+14),,"GOOD FT by HOGAN,KAM",2,free throw,good,austin,"hogan,kam",1,"['berry,bryce', 'weatherford,mitch', 'evans,andrew', 'giroux,preston', 'samson,vaughn', 'feria,nick de']","['nickens,zachary', 'mercadel,justice', 'hogan,kam', 'garrett,josh']",359
851,5292,Austin,Rhodes,0,120-103,"41,62","62,58",2-5,4-2,N/A,N/A,12/02/17,2:00 PM,N/A,Hughey Gym,Lose,2,False,209,False,05:59,"SUB IN by SWIFT,DJ",99 ,,85,,,,"SUB IN by SWIFT,DJ",2,subbing in,,rhodes,"swift,dj",,"['berry,bryce', 'weatherford,mitch', 'evans,andrew', 'giroux,preston', 'samson,vaughn', 'feria,nick de', 'swift,dj']","['nickens,zachary', 'mercadel,justice', 'hogan,kam', 'garrett,josh']",359
852,5292,Austin,Rhodes,0,120-103,"41,62","62,58",2-5,4-2,N/A,N/A,12/02/17,2:00 PM,N/A,Hughey Gym,Lose,2,False,209,False,05:59,"SUB IN by GALVIN,OWEN",99 ,,85,,,,"SUB IN by GALVIN,OWEN",2,subbing in,,rhodes,"galvin,owen",,"['berry,bryce', 'weatherford,mitch', 'evans,andrew', 'giroux,preston', 'samson,vaughn', 'feria,nick de', 'swift,dj', 'galvin,owen']","['nickens,zachary', 'mercadel,justice', 'hogan,kam', 'garrett,josh']",359
853,5292,Austin,Rhodes,0,120-103,"41,62","62,58",2-5,4-2,N/A,N/A,12/02/17,2:00 PM,N/A,Hughey Gym,Lose,2,False,209,False,05:59,"SUB IN by LOVE,KERRY",99 ,,85,,,,"SUB IN by LOVE,KERRY",2,subbing in,,rhodes,"love,kerry",,"['berry,bryce', 'weatherford,mitch', 'evans,andrew', 'giroux,preston', 'samson,vaughn', 'feria,nick de', 'swift,dj', 'galvin,owen', 'love,kerry']","['nickens,zachary', 'mercadel,justice', 'hogan,kam', 'garrett,josh']",359
854,5292,Austin,Rhodes,0,120-103,"41,62","62,58",2-5,4-2,N/A,N/A,12/02/17,2:00 PM,N/A,Hughey Gym,Lose,2,False,209,False,05:59,"SUB IN by BERRY,BRYCE",99 ,,85,,,,"SUB IN by BERRY,BRYCE",2,subbing in,,rhodes,"berry,bryce",,"['berry,bryce', 'weatherford,mitch', 'evans,andrew', 'giroux,preston', 'samson,vaughn', 'feria,nick de', 'swift,dj', 'galvin,owen', 'love,kerry']","['nickens,zachary', 'mercadel,justice', 'hogan,kam', 'garrett,josh']",359
855,5292,Austin,Rhodes,0,120-103,"41,62","62,58",2-5,4-2,N/A,N/A,12/02/17,2:00 PM,N/A,Hughey Gym,Lose,2,False,209,False,05:59,"SUB IN by DARST,DANIEL",99 ,,85,,,,"SUB IN by DARST,DANIEL",2,subbing in,,rhodes,"darst,daniel",,"['berry,bryce', 'weatherford,mitch', 'evans,andrew', 'giroux,preston', 'samson,vaughn', 'feria,nick de', 'swift,dj', 'galvin,owen', 'love,kerry']","['nickens,zachary', 'mercadel,justice', 'hogan,kam', 'garrett,josh']",359
856,5292,Austin,Rhodes,0,120-103,"41,62","62,58",2-5,4-2,N/A,N/A,12/02/17,2:00 PM,N/A,Hughey Gym,Lose,2,False,209,False,05:59,"SUB OUT by EVANS,ANDREW",99 ,,85,,,,"SUB OUT by EVANS,ANDREW",2,subbing out,,rhodes,"evans,andrew",,"['berry,bryce', 'weatherford,mitch', 'giroux,preston', 'samson,vaughn', 'feria,nick de', 'swift,dj', 'galvin,owen', 'love,kerry']","['nickens,zachary', 'mercadel,justice', 'hogan,kam', 'garrett,josh']",359
857,5292,Austin,Rhodes,0,120-103,"41,62","62,58",2-5,4-2,N/A,N/A,12/02/17,2:00 PM,N/A,Hughey Gym,Lose,2,False,209,False,05:59,"SUB OUT by GIROUX,PRESTON",99 ,,85,,,,"SUB OUT by GIROUX,PRESTON",2,subbing out,,rhodes,"giroux,preston",,"['berry,bryce', 'weatherford,mitch', 'samson,vaughn', 'feria,nick de', 'swift,dj', 'galvin,owen', 'love,kerry']","['nickens,zachary', 'mercadel,justice', 'hogan,kam', 'garrett,josh']",359
858,5292,Austin,Rhodes,0,120-103,"41,62","62,58",2-5,4-2,N/A,N/A,12/02/17,2:00 PM,N/A,Hughey Gym,Lose,2,False,209,False,05:59,"SUB OUT by SAMSON,VAUGHN",99 ,,85,,,,"SUB OUT by SAMSON,VAUGHN",2,subbing out,,rhodes,"samson,vaughn",,"['berry,bryce', 'weatherford,mitch', 'feria,nick de', 'swift,dj', 'galvin,owen', 'love,kerry']","['nickens,zachary', 'mercadel,justice', 'hogan,kam', 'garrett,josh']",359
859,5292,Austin,Rhodes,0,120-103,"41,62","62,58",2-5,4-2,N/A,N/A,12/02/17,2:00 PM,N/A,Hughey Gym,Lose,2,False,209,False,05:59,"SUB OUT by FERIA,NICK DE",99 ,,85,,,,"SUB OUT by FERIA,NICK DE",2,subbing out,,rhodes,"feria,nick de",,"['berry,bryce', 'weatherford,mitch', 'swift,dj', 'galvin,owen', 'love,kerry']","['nickens,zachary', 'mercadel,justice', 'hogan,kam', 'garrett,josh']",359
860,5292,Austin,Rhodes,0,120-103,"41,62","62,58",2-5,4-2,N/A,N/A,12/02/17,2:00 PM,N/A,Hughey Gym,Lose,2,False,209,False,05:59,"SUB OUT by WEATHERFORD,MITCH",99 ,,85,,,,"SUB OUT by WEATHERFORD,MITCH",2,subbing out,,rhodes,"weatherford,mitch",,"['berry,bryce', 'swift,dj', 'galvin,owen', 'love,kerry']","['nickens,zachary', 'mercadel,justice', 'hogan,kam', 'garrett,josh']",359
861,5292,Austin,Rhodes,0,120-103,"41,62","62,58",2-5,4-2,N/A,N/A,12/02/17,2:00 PM,N/A,Hughey Gym,Lose,2,False,209,False,05:59,,99 ,,85,"SUB IN by FEIDER,JP",,,"SUB IN by FEIDER,JP",2,subbing in,,austin,"feider,jp",,"['berry,bryce', 'swift,dj', 'galvin,owen', 'love,kerry']","['nickens,zachary', 'mercadel,justice', 'hogan,kam', 'garrett,josh', 'feider,jp']",359
862,5292,Austin,Rhodes,0,120-103,"41,62","62,58",2-5,4-2,N/A,N/A,12/02/17,2:00 PM,N/A,Hughey Gym,Lose,2,False,209,False,05:59,,99 ,,85,"SUB IN by QUINN,JOSH",,,"SUB IN by QUINN,JOSH",2,subbing in,,austin,"quinn,josh",,"['berry,bryce', 'swift,dj', 'galvin,owen', 'love,kerry']","['nickens,zachary', 'mercadel,justice', 'hogan,kam', 'garrett,josh', 'feider,jp', 'quinn,josh']",359
863,5292,Austin,Rhodes,0,120-103,"41,62","62,58",2-5,4-2,N/A,N/A,12/02/17,2:00 PM,N/A,Hughey Gym,Lose,2,False,209,False,05:59,,99 ,,85,"SUB OUT by GARRETT,JOSH",,,"SUB OUT by GARRETT,JOSH",2,subbing out,,austin,"garrett,josh",,"['berry,bryce', 'swift,dj', 'galvin,owen', 'love,kerry']","['nickens,zachary', 'mercadel,justice', 'hogan,kam', 'feider,jp', 'quinn,josh']",359
864,5292,Austin,Rhodes,0,120-103,"41,62","62,58",2-5,4-2,N/A,N/A,12/02/17,2:00 PM,N/A,Hughey Gym,Lose,2,False,209,False,05:59,,99 ,,85,"SUB OUT by NICKENS,ZACHARY",,,"SUB OUT by NICKENS,ZACHARY",2,subbing out,,austin,"nickens,zachary",,"['berry,bryce', 'swift,dj', 'galvin,owen', 'love,kerry']","['mercadel,justice', 'hogan,kam', 'feider,jp', 'quinn,josh']",359
865,5292,Austin,Rhodes,0,120-103,"41,62","62,58",2-5,4-2,N/A,N/A,12/02/17,2:00 PM,N/A,Hughey Gym,Lose,2,False,209,False,05:48,"GOOD LAYUP by SWIFT,DJ(in the paint)",101 ,,85,,RHODES 101-85 (+16),,"GOOD LAYUP by SWIFT,DJ(in the paint)",2,layup,good,rhodes,"swift,dj",2,"['berry,bryce', 'swift,dj', 'galvin,owen', 'love,kerry']","['mercadel,justice', 'hogan,kam', 'feider,jp', 'quinn,josh']",348
866,5292,Austin,Rhodes,0,120-103,"41,62","62,58",2-5,4-2,N/A,N/A,12/02/17,2:00 PM,N/A,Hughey Gym,Lose,2,False,209,False,05:33,"FOUL  by DARST,DANIEL",101 ,,85,,,,"FOUL  by DARST,DANIEL",2,foul,,rhodes,"darst,daniel",,"['berry,bryce', 'swift,dj', 'galvin,owen', 'love,kerry']","['mercadel,justice', 'hogan,kam', 'feider,jp', 'quinn,josh']",333
867,5292,Austin,Rhodes,0,120-103,"41,62","62,58",2-5,4-2,N/A,N/A,12/02/17,2:00 PM,N/A,Hughey Gym,Lose,2,False,209,False,05:33,,101 ,,86,"GOOD FT by HOLLAND,MICHAEL",ACM 101-86 (+15),,"GOOD FT by HOLLAND,MICHAEL",2,free throw,good,austin,"holland,michael",1,"['berry,bryce', 'swift,dj', 'galvin,owen', 'love,kerry']","['mercadel,justice', 'hogan,kam', 'feider,jp', 'quinn,josh']",333
868,5292,Austin,Rhodes,0,120-103,"41,62","62,58",2-5,4-2,N/A,N/A,12/02/17,2:00 PM,N/A,Hughey Gym,Lose,2,False,209,False,05:33,,101 ,,87,"GOOD FT by HOLLAND,MICHAEL",ACM 101-87 (+14),,"GOOD FT by HOLLAND,MICHAEL",2,free throw,good,austin,"holland,michael",1,"['berry,bryce', 'swift,dj', 'galvin,owen', 'love,kerry']","['mercadel,justice', 'hogan,kam', 'feider,jp', 'quinn,josh']",333
869,5292,Austin,Rhodes,0,120-103,"41,62","62,58",2-5,4-2,N/A,N/A,12/02/17,2:00 PM,N/A,Hughey Gym,Lose,2,False,209,False,05:33,,101 ,,87,"SUB IN by HILL,KAMERON",,,"SUB IN by HILL,KAMERON",2,subbing in,,austin,"hill,kameron",,"['berry,bryce', 'swift,dj', 'galvin,owen', 'love,kerry']","['mercadel,justice', 'hogan,kam', 'feider,jp', 'quinn,josh', 'hill,kameron']",333
870,5292,Austin,Rhodes,0,120-103,"41,62","62,58",2-5,4-2,N/A,N/A,12/02/17,2:00 PM,N/A,Hughey Gym,Lose,2,False,209,False,05:33,,101 ,,87,"SUB OUT by MERCADEL,JUSTICE",,,"SUB OUT by MERCADEL,JUSTICE",2,subbing out,,austin,"mercadel,justice",,"['berry,bryce', 'swift,dj', 'galvin,owen', 'love,kerry']","['hogan,kam', 'feider,jp', 'quinn,josh', 'hill,kameron']",333
871,5292,Austin,Rhodes,0,120-103,"41,62","62,58",2-5,4-2,N/A,N/A,12/02/17,2:00 PM,N/A,Hughey Gym,Lose,2,False,209,False,05:22,"GOOD LAYUP by GALVIN,OWEN(in the paint)",103 ,,87,,RHODES 103-87 (+16),,"GOOD LAYUP by GALVIN,OWEN(in the paint)",2,layup,good,rhodes,"galvin,owen",2,"['berry,bryce', 'swift,dj', 'galvin,owen', 'love,kerry']","['hogan,kam', 'feider,jp', 'quinn,josh', 'hill,kameron']",322
872,5292,Austin,Rhodes,0,120-103,"41,62","62,58",2-5,4-2,N/A,N/A,12/02/17,2:00 PM,N/A,Hughey Gym,Lose,2,False,209,False,05:08,,103 ,,89,"GOOD LAYUP by FEIDER,JP(in the paint)",ACM 103-89 (+14),,"GOOD LAYUP by FEIDER,JP(in the paint)",2,layup,good,austin,"feider,jp",2,"['berry,bryce', 'swift,dj', 'galvin,owen', 'love,kerry']","['hogan,kam', 'feider,jp', 'quinn,josh', 'hill,kameron']",308
873,5292,Austin,Rhodes,0,120-103,"41,62","62,58",2-5,4-2,N/A,N/A,12/02/17,2:00 PM,N/A,Hughey Gym,Lose,2,False,209,False,--,,103 ,,89,"ASSIST  by HOGAN,KAM",,,"ASSIST  by HOGAN,KAM",2,assist,,austin,"hogan,kam",,"['berry,bryce', 'swift,dj', 'galvin,owen', 'love,kerry']","['hogan,kam', 'feider,jp', 'quinn,josh', 'hill,kameron']",
874,5292,Austin,Rhodes,0,120-103,"41,62","62,58",2-5,4-2,N/A,N/A,12/02/17,2:00 PM,N/A,Hughey Gym,Lose,2,False,209,False,05:08,"FOUL  by DARST,DANIEL",103 ,,89,,,,"FOUL  by DARST,DANIEL",2,foul,,rhodes,"darst,daniel",,"['berry,bryce', 'swift,dj', 'galvin,owen', 'love,kerry']","['hogan,kam', 'feider,jp', 'quinn,josh', 'hill,kameron']",308
875,5292,Austin,Rhodes,0,120-103,"41,62","62,58",2-5,4-2,N/A,N/A,12/02/17,2:00 PM,N/A,Hughey Gym,Lose,2,False,209,False,05:08,,103 ,,89,"MISS FT by FEIDER,JP",,,"MISS FT by FEIDER,JP",2,free throw,missed,austin,"feider,jp",,"['berry,bryce', 'swift,dj', 'galvin,owen', 'love,kerry']","['hogan,kam', 'feider,jp', 'quinn,josh', 'hill,kameron']",308
876,5292,Austin,Rhodes,0,120-103,"41,62","62,58",2-5,4-2,N/A,N/A,12/02/17,2:00 PM,N/A,Hughey Gym,Lose,2,False,209,False,--,"REBOUND DEF by ASHBY,KENDRICK",103 ,,89,,,,"REBOUND DEF by ASHBY,KENDRICK",2,defensive rebound,,rhodes,"ashby,kendrick",,"['berry,bryce', 'swift,dj', 'galvin,owen', 'love,kerry']","['hogan,kam', 'feider,jp', 'quinn,josh', 'hill,kameron']",
877,5292,Austin,Rhodes,0,120-103,"41,62","62,58",2-5,4-2,N/A,N/A,12/02/17,2:00 PM,N/A,Hughey Gym,Lose,2,False,209,False,05:08,"SUB IN by DALTON,PRICE",103 ,,89,,,,"SUB IN by DALTON,PRICE",2,subbing in,,rhodes,"dalton,price",,"['berry,bryce', 'swift,dj', 'galvin,owen', 'love,kerry', 'dalton,price']","['hogan,kam', 'feider,jp', 'quinn,josh', 'hill,kameron']",308
878,5292,Austin,Rhodes,0,120-103,"41,62","62,58",2-5,4-2,N/A,N/A,12/02/17,2:00 PM,N/A,Hughey Gym,Lose,2,False,209,False,05:08,"SUB IN by NESTLEHUTT,JAKE",103 ,,89,,,,"SUB IN by NESTLEHUTT,JAKE",2,subbing in,,rhodes,"nestlehutt,jake",,"['berry,bryce', 'swift,dj', 'galvin,owen', 'love,kerry', 'dalton,price', 'nestlehutt,jake']","['hogan,kam', 'feider,jp', 'quinn,josh', 'hill,kameron']",308
879,5292,Austin,Rhodes,0,120-103,"41,62","62,58",2-5,4-2,N/A,N/A,12/02/17,2:00 PM,N/A,Hughey Gym,Lose,2,False,209,False,05:08,"SUB IN by NYAWATA,ANESU",103 ,,89,,,,"SUB IN by NYAWATA,ANESU",2,subbing in,,rhodes,"nyawata,anesu",,"['berry,bryce', 'swift,dj', 'galvin,owen', 'love,kerry', 'dalton,price', 'nestlehutt,jake', 'nyawata,anesu']","['hogan,kam', 'feider,jp', 'quinn,josh', 'hill,kameron']",308
880,5292,Austin,Rhodes,0,120-103,"41,62","62,58",2-5,4-2,N/A,N/A,12/02/17,2:00 PM,N/A,Hughey Gym,Lose,2,False,209,False,05:08,"SUB IN by MCINTYRE,WILLIAM",103 ,,89,,,,"SUB IN by MCINTYRE,WILLIAM",2,subbing in,,rhodes,"mcintyre,william",,"['berry,bryce', 'swift,dj', 'galvin,owen', 'love,kerry', 'dalton,price', 'nestlehutt,jake', 'nyawata,anesu', 'mcintyre,william']","['hogan,kam', 'feider,jp', 'quinn,josh', 'hill,kameron']",308
881,5292,Austin,Rhodes,0,120-103,"41,62","62,58",2-5,4-2,N/A,N/A,12/02/17,2:00 PM,N/A,Hughey Gym,Lose,2,False,209,False,05:08,"SUB IN by ASHBY,KENDRICK",103 ,,89,,,,"SUB IN by ASHBY,KENDRICK",2,subbing in,,rhodes,"ashby,kendrick",,"['berry,bryce', 'swift,dj', 'galvin,owen', 'love,kerry', 'dalton,price', 'nestlehutt,jake', 'nyawata,anesu', 'mcintyre,william', 'ashby,kendrick']","['hogan,kam', 'feider,jp', 'quinn,josh', 'hill,kameron']",308
882,5292,Austin,Rhodes,0,120-103,"41,62","62,58",2-5,4-2,N/A,N/A,12/02/17,2:00 PM,N/A,Hughey Gym,Lose,2,False,209,False,05:08,"SUB OUT by LOVE,KERRY",103 ,,89,,,,"SUB OUT by LOVE,KERRY",2,subbing out,,rhodes,"love,kerry",,"['berry,bryce', 'swift,dj', 'galvin,owen', 'dalton,price', 'nestlehutt,jake', 'nyawata,anesu', 'mcintyre,william', 'ashby,kendrick']","['hogan,kam', 'feider,jp', 'quinn,josh', 'hill,kameron']",308
883,5292,Austin,Rhodes,0,120-103,"41,62","62,58",2-5,4-2,N/A,N/A,12/02/17,2:00 PM,N/A,Hughey Gym,Lose,2,False,209,False,05:08,"SUB OUT by GALVIN,OWEN",103 ,,89,,,,"SUB OUT by GALVIN,OWEN",2,subbing out,,rhodes,"galvin,owen",,"['berry,bryce', 'swift,dj', 'dalton,price', 'nestlehutt,jake', 'nyawata,anesu', 'mcintyre,william', 'ashby,kendrick']","['hogan,kam', 'feider,jp', 'quinn,josh', 'hill,kameron']",308
884,5292,Austin,Rhodes,0,120-103,"41,62","62,58",2-5,4-2,N/A,N/A,12/02/17,2:00 PM,N/A,Hughey Gym,Lose,2,False,209,False,05:08,"SUB OUT by SWIFT,DJ",103 ,,89,,,,"SUB OUT by SWIFT,DJ",2,subbing out,,rhodes,"swift,dj",,"['berry,bryce', 'dalton,price', 'nestlehutt,jake', 'nyawata,anesu', 'mcintyre,william', 'ashby,kendrick']","['hogan,kam', 'feider,jp', 'quinn,josh', 'hill,kameron']",308
885,5292,Austin,Rhodes,0,120-103,"41,62","62,58",2-5,4-2,N/A,N/A,12/02/17,2:00 PM,N/A,Hughey Gym,Lose,2,False,209,False,05:08,"SUB OUT by DARST,DANIEL",103 ,,89,,,,"SUB OUT by DARST,DANIEL",2,subbing out,,rhodes,"darst,daniel",,"['berry,bryce', 'dalton,price', 'nestlehutt,jake', 'nyawata,anesu', 'mcintyre,william', 'ashby,kendrick']","['hogan,kam', 'feider,jp', 'quinn,josh', 'hill,kameron']",308
886,5292,Austin,Rhodes,0,120-103,"41,62","62,58",2-5,4-2,N/A,N/A,12/02/17,2:00 PM,N/A,Hughey Gym,Lose,2,False,209,False,05:08,"SUB OUT by BERRY,BRYCE",103 ,,89,,,,"SUB OUT by BERRY,BRYCE",2,subbing out,,rhodes,"berry,bryce",,"['berry,bryce', 'dalton,price', 'nestlehutt,jake', 'nyawata,anesu', 'mcintyre,william', 'ashby,kendrick']","['hogan,kam', 'feider,jp', 'quinn,josh', 'hill,kameron']",308
887,5292,Austin,Rhodes,0,120-103,"41,62","62,58",2-5,4-2,N/A,N/A,12/02/17,2:00 PM,N/A,Hughey Gym,Lose,2,False,209,False,05:00,"GOOD LAYUP by NYAWATA,ANESU(in the paint)",105 ,,89,,RHODES 105-89 (+16),,"GOOD LAYUP by NYAWATA,ANESU(in the paint)",2,layup,good,rhodes,"nyawata,anesu",2,"['berry,bryce', 'dalton,price', 'nestlehutt,jake', 'nyawata,anesu', 'mcintyre,william', 'ashby,kendrick']","['hogan,kam', 'feider,jp', 'quinn,josh', 'hill,kameron']",300
888,5292,Austin,Rhodes,0,120-103,"41,62","62,58",2-5,4-2,N/A,N/A,12/02/17,2:00 PM,N/A,Hughey Gym,Lose,2,False,209,False,04:58,,105 ,,89,"FOUL  by HILL,KAMERON",,,"FOUL  by HILL,KAMERON",2,foul,,austin,"hill,kameron",,"['berry,bryce', 'dalton,price', 'nestlehutt,jake', 'nyawata,anesu', 'mcintyre,william', 'ashby,kendrick']","['hogan,kam', 'feider,jp', 'quinn,josh', 'hill,kameron']",298
889,5292,Austin,Rhodes,0,120-103,"41,62","62,58",2-5,4-2,N/A,N/A,12/02/17,2:00 PM,N/A,Hughey Gym,Lose,2,False,209,False,04:58,"GOOD FT by NYAWATA,ANESU",106 ,,89,,RHODES 106-89 (+17),,"GOOD FT by NYAWATA,ANESU",2,free throw,good,rhodes,"nyawata,anesu",1,"['berry,bryce', 'dalton,price', 'nestlehutt,jake', 'nyawata,anesu', 'mcintyre,william', 'ashby,kendrick']","['hogan,kam', 'feider,jp', 'quinn,josh', 'hill,kameron']",298
890,5292,Austin,Rhodes,0,120-103,"41,62","62,58",2-5,4-2,N/A,N/A,12/02/17,2:00 PM,N/A,Hughey Gym,Lose,2,False,209,False,04:58,,106 ,,89,TIMEOUT FULL by TEAM,,,TIMEOUT FULL by TEAM,2,timeout,,austin,,,"['berry,bryce', 'dalton,price', 'nestlehutt,jake', 'nyawata,anesu', 'mcintyre,william', 'ashby,kendrick']","['hogan,kam', 'feider,jp', 'quinn,josh', 'hill,kameron']",298
891,5292,Austin,Rhodes,0,120-103,"41,62","62,58",2-5,4-2,N/A,N/A,12/02/17,2:00 PM,N/A,Hughey Gym,Lose,2,False,209,False,04:58,,106 ,,89,"SUB IN by MERCADEL,JUSTICE",,,"SUB IN by MERCADEL,JUSTICE",2,subbing in,,austin,"mercadel,justice",,"['berry,bryce', 'dalton,price', 'nestlehutt,jake', 'nyawata,anesu', 'mcintyre,william', 'ashby,kendrick']","['hogan,kam', 'feider,jp', 'quinn,josh', 'hill,kameron', 'mercadel,justice']",298
892,5292,Austin,Rhodes,0,120-103,"41,62","62,58",2-5,4-2,N/A,N/A,12/02/17,2:00 PM,N/A,Hughey Gym,Lose,2,False,209,False,04:58,,106 ,,89,"SUB OUT by HILL,KAMERON",,,"SUB OUT by HILL,KAMERON",2,subbing out,,austin,"hill,kameron",,"['berry,bryce', 'dalton,price', 'nestlehutt,jake', 'nyawata,anesu', 'mcintyre,william', 'ashby,kendrick']","['hogan,kam', 'feider,jp', 'quinn,josh', 'mercadel,justice']",298
893,5292,Austin,Rhodes,0,120-103,"41,62","62,58",2-5,4-2,N/A,N/A,12/02/17,2:00 PM,N/A,Hughey Gym,Lose,2,False,209,False,04:49,,106 ,,91,"GOOD JUMPER by HOLLAND,MICHAEL",ACM 106-91 (+15),,"GOOD JUMPER by HOLLAND,MICHAEL",2,jumper,good,austin,"holland,michael",2,"['berry,bryce', 'dalton,price', 'nestlehutt,jake', 'nyawata,anesu', 'mcintyre,william', 'ashby,kendrick']","['hogan,kam', 'feider,jp', 'quinn,josh', 'mercadel,justice']",289
894,5292,Austin,Rhodes,0,120-103,"41,62","62,58",2-5,4-2,N/A,N/A,12/02/17,2:00 PM,N/A,Hughey Gym,Lose,2,False,209,False,04:39,"MISS LAYUP by NYAWATA,ANESU",106 ,,91,,,,"MISS LAYUP by NYAWATA,ANESU",2,layup,missed,rhodes,"nyawata,anesu",,"['berry,bryce', 'dalton,price', 'nestlehutt,jake', 'nyawata,anesu', 'mcintyre,william', 'ashby,kendrick']","['hogan,kam', 'feider,jp', 'quinn,josh', 'mercadel,justice']",279
895,5292,Austin,Rhodes,0,120-103,"41,62","62,58",2-5,4-2,N/A,N/A,12/02/17,2:00 PM,N/A,Hughey Gym,Lose,2,False,209,False,--,"REBOUND OFF by ASHBY,KENDRICK",106 ,,91,,,,"REBOUND OFF by ASHBY,KENDRICK",2,offensive rebound,,rhodes,"ashby,kendrick",,"['berry,bryce', 'dalton,price', 'nestlehutt,jake', 'nyawata,anesu', 'mcintyre,william', 'ashby,kendrick']","['hogan,kam', 'feider,jp', 'quinn,josh', 'mercadel,justice']",
896,5292,Austin,Rhodes,0,120-103,"41,62","62,58",2-5,4-2,N/A,N/A,12/02/17,2:00 PM,N/A,Hughey Gym,Lose,2,False,209,False,04:34,"GOOD 3PTR by NESTLEHUTT,JAKE",109 ,,91,,RHODES 109-91 (+18),,"GOOD 3PTR by NESTLEHUTT,JAKE",2,three pointer,good,rhodes,"nestlehutt,jake",3,"['berry,bryce', 'dalton,price', 'nestlehutt,jake', 'nyawata,anesu', 'mcintyre,william', 'ashby,kendrick']","['hogan,kam', 'feider,jp', 'quinn,josh', 'mercadel,justice']",274
897,5292,Austin,Rhodes,0,120-103,"41,62","62,58",2-5,4-2,N/A,N/A,12/02/17,2:00 PM,N/A,Hughey Gym,Lose,2,False,209,False,--,"ASSIST  by MCINTYRE,WILLIAM",109 ,,91,,,,"ASSIST  by MCINTYRE,WILLIAM",2,assist,,rhodes,"mcintyre,william",,"['berry,bryce', 'dalton,price', 'nestlehutt,jake', 'nyawata,anesu', 'mcintyre,william', 'ashby,kendrick']","['hogan,kam', 'feider,jp', 'quinn,josh', 'mercadel,justice']",
898,5292,Austin,Rhodes,0,120-103,"41,62","62,58",2-5,4-2,N/A,N/A,12/02/17,2:00 PM,N/A,Hughey Gym,Lose,2,False,209,False,04:18,,109 ,,91,"TURNOVER  by MERCADEL,JUSTICE",,,"TURNOVER  by MERCADEL,JUSTICE",2,turnover,,austin,"mercadel,justice",,"['berry,bryce', 'dalton,price', 'nestlehutt,jake', 'nyawata,anesu', 'mcintyre,william', 'ashby,kendrick']","['hogan,kam', 'feider,jp', 'quinn,josh', 'mercadel,justice']",258
899,5292,Austin,Rhodes,0,120-103,"41,62","62,58",2-5,4-2,N/A,N/A,12/02/17,2:00 PM,N/A,Hughey Gym,Lose,2,False,209,False,04:18,"SUB IN by EVANS,ANDREW",109 ,,91,,,,"SUB IN by EVANS,ANDREW",2,subbing in,,rhodes,"evans,andrew",,"['berry,bryce', 'dalton,price', 'nestlehutt,jake', 'nyawata,anesu', 'mcintyre,william', 'ashby,kendrick', 'evans,andrew']","['hogan,kam', 'feider,jp', 'quinn,josh', 'mercadel,justice']",258
900,5292,Austin,Rhodes,0,120-103,"41,62","62,58",2-5,4-2,N/A,N/A,12/02/17,2:00 PM,N/A,Hughey Gym,Lose,2,False,209,False,04:18,"SUB IN by GIROUX,PRESTON",109 ,,91,,,,"SUB IN by GIROUX,PRESTON",2,subbing in,,rhodes,"giroux,preston",,"['berry,bryce', 'dalton,price', 'nestlehutt,jake', 'nyawata,anesu', 'mcintyre,william', 'ashby,kendrick', 'evans,andrew', 'giroux,preston']","['hogan,kam', 'feider,jp', 'quinn,josh', 'mercadel,justice']",258
901,5292,Austin,Rhodes,0,120-103,"41,62","62,58",2-5,4-2,N/A,N/A,12/02/17,2:00 PM,N/A,Hughey Gym,Lose,2,False,209,False,04:18,"SUB IN by SAMSON,VAUGHN",109 ,,91,,,,"SUB IN by SAMSON,VAUGHN",2,subbing in,,rhodes,"samson,vaughn",,"['berry,bryce', 'dalton,price', 'nestlehutt,jake', 'nyawata,anesu', 'mcintyre,william', 'ashby,kendrick', 'evans,andrew', 'giroux,preston', 'samson,vaughn']","['hogan,kam', 'feider,jp', 'quinn,josh', 'mercadel,justice']",258
902,5292,Austin,Rhodes,0,120-103,"41,62","62,58",2-5,4-2,N/A,N/A,12/02/17,2:00 PM,N/A,Hughey Gym,Lose,2,False,209,False,04:18,"SUB IN by FERIA,NICK DE",109 ,,91,,,,"SUB IN by FERIA,NICK DE",2,subbing in,,rhodes,"feria,nick de",,"['berry,bryce', 'dalton,price', 'nestlehutt,jake', 'nyawata,anesu', 'mcintyre,william', 'ashby,kendrick', 'evans,andrew', 'giroux,preston', 'samson,vaughn', 'feria,nick de']","['hogan,kam', 'feider,jp', 'quinn,josh', 'mercadel,justice']",258
903,5292,Austin,Rhodes,0,120-103,"41,62","62,58",2-5,4-2,N/A,N/A,12/02/17,2:00 PM,N/A,Hughey Gym,Lose,2,False,209,False,04:18,"SUB IN by WEATHERFORD,MITCH",109 ,,91,,,,"SUB IN by WEATHERFORD,MITCH",2,subbing in,,rhodes,"weatherford,mitch",,"['berry,bryce', 'dalton,price', 'nestlehutt,jake', 'nyawata,anesu', 'mcintyre,william', 'ashby,kendrick', 'evans,andrew', 'giroux,preston', 'samson,vaughn', 'feria,nick de', 'weatherford,mitch']","['hogan,kam', 'feider,jp', 'quinn,josh', 'mercadel,justice']",258
904,5292,Austin,Rhodes,0,120-103,"41,62","62,58",2-5,4-2,N/A,N/A,12/02/17,2:00 PM,N/A,Hughey Gym,Lose,2,False,209,False,04:18,"SUB OUT by ASHBY,KENDRICK",109 ,,91,,,,"SUB OUT by ASHBY,KENDRICK",2,subbing out,,rhodes,"ashby,kendrick",,"['berry,bryce', 'dalton,price', 'nestlehutt,jake', 'nyawata,anesu', 'mcintyre,william', 'evans,andrew', 'giroux,preston', 'samson,vaughn', 'feria,nick de', 'weatherford,mitch']","['hogan,kam', 'feider,jp', 'quinn,josh', 'mercadel,justice']",258
905,5292,Austin,Rhodes,0,120-103,"41,62","62,58",2-5,4-2,N/A,N/A,12/02/17,2:00 PM,N/A,Hughey Gym,Lose,2,False,209,False,04:18,"SUB OUT by MCINTYRE,WILLIAM",109 ,,91,,,,"SUB OUT by MCINTYRE,WILLIAM",2,subbing out,,rhodes,"mcintyre,william",,"['berry,bryce', 'dalton,price', 'nestlehutt,jake', 'nyawata,anesu', 'evans,andrew', 'giroux,preston', 'samson,vaughn', 'feria,nick de', 'weatherford,mitch']","['hogan,kam', 'feider,jp', 'quinn,josh', 'mercadel,justice']",258
906,5292,Austin,Rhodes,0,120-103,"41,62","62,58",2-5,4-2,N/A,N/A,12/02/17,2:00 PM,N/A,Hughey Gym,Lose,2,False,209,False,04:18,"SUB OUT by NESTLEHUTT,JAKE",109 ,,91,,,,"SUB OUT by NESTLEHUTT,JAKE",2,subbing out,,rhodes,"nestlehutt,jake",,"['berry,bryce', 'dalton,price', 'nyawata,anesu', 'evans,andrew', 'giroux,preston', 'samson,vaughn', 'feria,nick de', 'weatherford,mitch']","['hogan,kam', 'feider,jp', 'quinn,josh', 'mercadel,justice']",258
907,5292,Austin,Rhodes,0,120-103,"41,62","62,58",2-5,4-2,N/A,N/A,12/02/17,2:00 PM,N/A,Hughey Gym,Lose,2,False,209,False,04:18,"SUB OUT by NYAWATA,ANESU",109 ,,91,,,,"SUB OUT by NYAWATA,ANESU",2,subbing out,,rhodes,"nyawata,anesu",,"['berry,bryce', 'dalton,price', 'evans,andrew', 'giroux,preston', 'samson,vaughn', 'feria,nick de', 'weatherford,mitch']","['hogan,kam', 'feider,jp', 'quinn,josh', 'mercadel,justice']",258
908,5292,Austin,Rhodes,0,120-103,"41,62","62,58",2-5,4-2,N/A,N/A,12/02/17,2:00 PM,N/A,Hughey Gym,Lose,2,False,209,False,04:18,"SUB OUT by DALTON,PRICE",109 ,,91,,,,"SUB OUT by DALTON,PRICE",2,subbing out,,rhodes,"dalton,price",,"['berry,bryce', 'evans,andrew', 'giroux,preston', 'samson,vaughn', 'feria,nick de', 'weatherford,mitch']","['hogan,kam', 'feider,jp', 'quinn,josh', 'mercadel,justice']",258
909,5292,Austin,Rhodes,0,120-103,"41,62","62,58",2-5,4-2,N/A,N/A,12/02/17,2:00 PM,N/A,Hughey Gym,Lose,2,False,209,False,04:08,"TURNOVER  by WEATHERFORD,MITCH",109 ,,91,,,,"TURNOVER  by WEATHERFORD,MITCH",2,turnover,,rhodes,"weatherford,mitch",,"['berry,bryce', 'evans,andrew', 'giroux,preston', 'samson,vaughn', 'feria,nick de', 'weatherford,mitch']","['hogan,kam', 'feider,jp', 'quinn,josh', 'mercadel,justice']",248
910,5292,Austin,Rhodes,0,120-103,"41,62","62,58",2-5,4-2,N/A,N/A,12/02/17,2:00 PM,N/A,Hughey Gym,Lose,2,False,209,False,03:55,,109 ,,93,"GOOD DUNK by FEIDER,JP(in the paint)",ACM 109-93 (+16),,"GOOD DUNK by FEIDER,JP(in the paint)",2,dunk,good,austin,,2,"['berry,bryce', 'evans,andrew', 'giroux,preston', 'samson,vaughn', 'feria,nick de', 'weatherford,mitch']","['hogan,kam', 'feider,jp', 'quinn,josh', 'mercadel,justice']",235
911,5292,Austin,Rhodes,0,120-103,"41,62","62,58",2-5,4-2,N/A,N/A,12/02/17,2:00 PM,N/A,Hughey Gym,Lose,2,False,209,False,--,,109 ,,93,"ASSIST  by HOGAN,KAM",,,"ASSIST  by HOGAN,KAM",2,assist,,austin,"hogan,kam",,"['berry,bryce', 'evans,andrew', 'giroux,preston', 'samson,vaughn', 'feria,nick de', 'weatherford,mitch']","['hogan,kam', 'feider,jp', 'quinn,josh', 'mercadel,justice']",
912,5292,Austin,Rhodes,0,120-103,"41,62","62,58",2-5,4-2,N/A,N/A,12/02/17,2:00 PM,N/A,Hughey Gym,Lose,2,False,209,False,03:46,"GOOD LAYUP by GIROUX,PRESTON(in the paint)",111 ,,93,,RHODES 111-93 (+18),,"GOOD LAYUP by GIROUX,PRESTON(in the paint)",2,layup,good,rhodes,"giroux,preston",2,"['berry,bryce', 'evans,andrew', 'giroux,preston', 'samson,vaughn', 'feria,nick de', 'weatherford,mitch']","['hogan,kam', 'feider,jp', 'quinn,josh', 'mercadel,justice']",226
913,5292,Austin,Rhodes,0,120-103,"41,62","62,58",2-5,4-2,N/A,N/A,12/02/17,2:00 PM,N/A,Hughey Gym,Lose,2,False,209,False,--,"ASSIST  by WEATHERFORD,MITCH",111 ,,93,,,,"ASSIST  by WEATHERFORD,MITCH",2,assist,,rhodes,"weatherford,mitch",,"['berry,bryce', 'evans,andrew', 'giroux,preston', 'samson,vaughn', 'feria,nick de', 'weatherford,mitch']","['hogan,kam', 'feider,jp', 'quinn,josh', 'mercadel,justice']",
914,5292,Austin,Rhodes,0,120-103,"41,62","62,58",2-5,4-2,N/A,N/A,12/02/17,2:00 PM,N/A,Hughey Gym,Lose,2,False,209,False,03:37,,111 ,,93,"FOUL  by FEIDER,JP",,,"FOUL  by FEIDER,JP",2,foul,,austin,"feider,jp",,"['berry,bryce', 'evans,andrew', 'giroux,preston', 'samson,vaughn', 'feria,nick de', 'weatherford,mitch']","['hogan,kam', 'feider,jp', 'quinn,josh', 'mercadel,justice']",217
915,5292,Austin,Rhodes,0,120-103,"41,62","62,58",2-5,4-2,N/A,N/A,12/02/17,2:00 PM,N/A,Hughey Gym,Lose,2,False,209,False,03:37,,111 ,,93,"TURNOVER  by FEIDER,JP",,,"TURNOVER  by FEIDER,JP",2,turnover,,austin,"feider,jp",,"['berry,bryce', 'evans,andrew', 'giroux,preston', 'samson,vaughn', 'feria,nick de', 'weatherford,mitch']","['hogan,kam', 'feider,jp', 'quinn,josh', 'mercadel,justice']",217
916,5292,Austin,Rhodes,0,120-103,"41,62","62,58",2-5,4-2,N/A,N/A,12/02/17,2:00 PM,N/A,Hughey Gym,Lose,2,False,209,False,03:37,"SUB IN by BERRY,BRYCE",111 ,,93,,,,"SUB IN by BERRY,BRYCE",2,subbing in,,rhodes,"berry,bryce",,"['berry,bryce', 'evans,andrew', 'giroux,preston', 'samson,vaughn', 'feria,nick de', 'weatherford,mitch']","['hogan,kam', 'feider,jp', 'quinn,josh', 'mercadel,justice']",217
917,5292,Austin,Rhodes,0,120-103,"41,62","62,58",2-5,4-2,N/A,N/A,12/02/17,2:00 PM,N/A,Hughey Gym,Lose,2,False,209,False,03:37,"SUB IN by DARST,DANIEL",111 ,,93,,,,"SUB IN by DARST,DANIEL",2,subbing in,,rhodes,"darst,daniel",,"['berry,bryce', 'evans,andrew', 'giroux,preston', 'samson,vaughn', 'feria,nick de', 'weatherford,mitch']","['hogan,kam', 'feider,jp', 'quinn,josh', 'mercadel,justice']",217
918,5292,Austin,Rhodes,0,120-103,"41,62","62,58",2-5,4-2,N/A,N/A,12/02/17,2:00 PM,N/A,Hughey Gym,Lose,2,False,209,False,03:37,"SUB IN by SWIFT,DJ",111 ,,93,,,,"SUB IN by SWIFT,DJ",2,subbing in,,rhodes,"swift,dj",,"['berry,bryce', 'evans,andrew', 'giroux,preston', 'samson,vaughn', 'feria,nick de', 'weatherford,mitch', 'swift,dj']","['hogan,kam', 'feider,jp', 'quinn,josh', 'mercadel,justice']",217
919,5292,Austin,Rhodes,0,120-103,"41,62","62,58",2-5,4-2,N/A,N/A,12/02/17,2:00 PM,N/A,Hughey Gym,Lose,2,False,209,False,03:37,"SUB IN by ROTEMAN,EVAN",111 ,,93,,,,"SUB IN by ROTEMAN,EVAN",2,subbing in,,rhodes,"roteman,evan",,"['berry,bryce', 'evans,andrew', 'giroux,preston', 'samson,vaughn', 'feria,nick de', 'weatherford,mitch', 'swift,dj', 'roteman,evan']","['hogan,kam', 'feider,jp', 'quinn,josh', 'mercadel,justice']",217
920,5292,Austin,Rhodes,0,120-103,"41,62","62,58",2-5,4-2,N/A,N/A,12/02/17,2:00 PM,N/A,Hughey Gym,Lose,2,False,209,False,03:37,"SUB IN by GALVIN,OWEN",111 ,,93,,,,"SUB IN by GALVIN,OWEN",2,subbing in,,rhodes,"galvin,owen",,"['berry,bryce', 'evans,andrew', 'giroux,preston', 'samson,vaughn', 'feria,nick de', 'weatherford,mitch', 'swift,dj', 'roteman,evan', 'galvin,owen']","['hogan,kam', 'feider,jp', 'quinn,josh', 'mercadel,justice']",217
921,5292,Austin,Rhodes,0,120-103,"41,62","62,58",2-5,4-2,N/A,N/A,12/02/17,2:00 PM,N/A,Hughey Gym,Lose,2,False,209,False,03:37,"SUB OUT by EVANS,ANDREW",111 ,,93,,,,"SUB OUT by EVANS,ANDREW",2,subbing out,,rhodes,"evans,andrew",,"['berry,bryce', 'giroux,preston', 'samson,vaughn', 'feria,nick de', 'weatherford,mitch', 'swift,dj', 'roteman,evan', 'galvin,owen']","['hogan,kam', 'feider,jp', 'quinn,josh', 'mercadel,justice']",217
922,5292,Austin,Rhodes,0,120-103,"41,62","62,58",2-5,4-2,N/A,N/A,12/02/17,2:00 PM,N/A,Hughey Gym,Lose,2,False,209,False,03:37,"SUB OUT by GIROUX,PRESTON",111 ,,93,,,,"SUB OUT by GIROUX,PRESTON",2,subbing out,,rhodes,"giroux,preston",,"['berry,bryce', 'samson,vaughn', 'feria,nick de', 'weatherford,mitch', 'swift,dj', 'roteman,evan', 'galvin,owen']","['hogan,kam', 'feider,jp', 'quinn,josh', 'mercadel,justice']",217
923,5292,Austin,Rhodes,0,120-103,"41,62","62,58",2-5,4-2,N/A,N/A,12/02/17,2:00 PM,N/A,Hughey Gym,Lose,2,False,209,False,03:37,"SUB OUT by SAMSON,VAUGHN",111 ,,93,,,,"SUB OUT by SAMSON,VAUGHN",2,subbing out,,rhodes,"samson,vaughn",,"['berry,bryce', 'feria,nick de', 'weatherford,mitch', 'swift,dj', 'roteman,evan', 'galvin,owen']","['hogan,kam', 'feider,jp', 'quinn,josh', 'mercadel,justice']",217
924,5292,Austin,Rhodes,0,120-103,"41,62","62,58",2-5,4-2,N/A,N/A,12/02/17,2:00 PM,N/A,Hughey Gym,Lose,2,False,209,False,03:37,"SUB OUT by FERIA,NICK DE",111 ,,93,,,,"SUB OUT by FERIA,NICK DE",2,subbing out,,rhodes,"feria,nick de",,"['berry,bryce', 'weatherford,mitch', 'swift,dj', 'roteman,evan', 'galvin,owen']","['hogan,kam', 'feider,jp', 'quinn,josh', 'mercadel,justice']",217
925,5292,Austin,Rhodes,0,120-103,"41,62","62,58",2-5,4-2,N/A,N/A,12/02/17,2:00 PM,N/A,Hughey Gym,Lose,2,False,209,False,03:37,"SUB OUT by WEATHERFORD,MITCH",111 ,,93,,,,"SUB OUT by WEATHERFORD,MITCH",2,subbing out,,rhodes,"weatherford,mitch",,"['berry,bryce', 'swift,dj', 'roteman,evan', 'galvin,owen']","['hogan,kam', 'feider,jp', 'quinn,josh', 'mercadel,justice']",217
926,5292,Austin,Rhodes,0,120-103,"41,62","62,58",2-5,4-2,N/A,N/A,12/02/17,2:00 PM,N/A,Hughey Gym,Lose,2,False,209,False,03:28,"GOOD LAYUP by BERRY,BRYCE(in the paint)",113 ,,93,,RHODES 113-93 (+20),,"GOOD LAYUP by BERRY,BRYCE(in the paint)",2,layup,good,rhodes,"berry,bryce",2,"['berry,bryce', 'swift,dj', 'roteman,evan', 'galvin,owen']","['hogan,kam', 'feider,jp', 'quinn,josh', 'mercadel,justice']",208
927,5292,Austin,Rhodes,0,120-103,"41,62","62,58",2-5,4-2,N/A,N/A,12/02/17,2:00 PM,N/A,Hughey Gym,Lose,2,False,209,False,--,"ASSIST  by DARST,DANIEL",113 ,,93,,,,"ASSIST  by DARST,DANIEL",2,assist,,rhodes,"darst,daniel",,"['berry,bryce', 'swift,dj', 'roteman,evan', 'galvin,owen']","['hogan,kam', 'feider,jp', 'quinn,josh', 'mercadel,justice']",
928,5292,Austin,Rhodes,0,120-103,"41,62","62,58",2-5,4-2,N/A,N/A,12/02/17,2:00 PM,N/A,Hughey Gym,Lose,2,False,209,False,03:13,,113 ,,93,"MISS LAYUP by FEIDER,JP",,,"MISS LAYUP by FEIDER,JP",2,layup,missed,austin,"feider,jp",,"['berry,bryce', 'swift,dj', 'roteman,evan', 'galvin,owen']","['hogan,kam', 'feider,jp', 'quinn,josh', 'mercadel,justice']",193
929,5292,Austin,Rhodes,0,120-103,"41,62","62,58",2-5,4-2,N/A,N/A,12/02/17,2:00 PM,N/A,Hughey Gym,Lose,2,False,209,False,--,"REBOUND DEF by DARST,DANIEL",113 ,,93,,,,"REBOUND DEF by DARST,DANIEL",2,defensive rebound,,rhodes,"darst,daniel",,"['berry,bryce', 'swift,dj', 'roteman,evan', 'galvin,owen']","['hogan,kam', 'feider,jp', 'quinn,josh', 'mercadel,justice']",
930,5292,Austin,Rhodes,0,120-103,"41,62","62,58",2-5,4-2,N/A,N/A,12/02/17,2:00 PM,N/A,Hughey Gym,Lose,2,False,209,False,03:06,"MISS 3PTR by GALVIN,OWEN",113 ,,93,,,,"MISS 3PTR by GALVIN,OWEN",2,three pointer,missed,rhodes,"galvin,owen",,"['berry,bryce', 'swift,dj', 'roteman,evan', 'galvin,owen']","['hogan,kam', 'feider,jp', 'quinn,josh', 'mercadel,justice']",186
931,5292,Austin,Rhodes,0,120-103,"41,62","62,58",2-5,4-2,N/A,N/A,12/02/17,2:00 PM,N/A,Hughey Gym,Lose,2,False,209,False,--,,113 ,,93,"REBOUND DEF by QUINN,JOSH",,,"REBOUND DEF by QUINN,JOSH",2,defensive rebound,,austin,"quinn,josh",,"['berry,bryce', 'swift,dj', 'roteman,evan', 'galvin,owen']","['hogan,kam', 'feider,jp', 'quinn,josh', 'mercadel,justice']",
932,5292,Austin,Rhodes,0,120-103,"41,62","62,58",2-5,4-2,N/A,N/A,12/02/17,2:00 PM,N/A,Hughey Gym,Lose,2,False,209,False,02:58,,113 ,,93,"TURNOVER  by QUINN,JOSH",,,"TURNOVER  by QUINN,JOSH",2,turnover,,austin,"quinn,josh",,"['berry,bryce', 'swift,dj', 'roteman,evan', 'galvin,owen']","['hogan,kam', 'feider,jp', 'quinn,josh', 'mercadel,justice']",178
933,5292,Austin,Rhodes,0,120-103,"41,62","62,58",2-5,4-2,N/A,N/A,12/02/17,2:00 PM,N/A,Hughey Gym,Lose,2,False,209,False,02:55,"STEAL  by GALVIN,OWEN",113 ,,93,,,,"STEAL  by GALVIN,OWEN",2,steal,,rhodes,,,"['berry,bryce', 'swift,dj', 'roteman,evan', 'galvin,owen']","['hogan,kam', 'feider,jp', 'quinn,josh', 'mercadel,justice']",175
934,5292,Austin,Rhodes,0,120-103,"41,62","62,58",2-5,4-2,N/A,N/A,12/02/17,2:00 PM,N/A,Hughey Gym,Lose,2,False,209,False,02:50,"TURNOVER  by ROTEMAN,EVAN",113 ,,93,,,,"TURNOVER  by ROTEMAN,EVAN",2,turnover,,rhodes,"roteman,evan",,"['berry,bryce', 'swift,dj', 'roteman,evan', 'galvin,owen']","['hogan,kam', 'feider,jp', 'quinn,josh', 'mercadel,justice']",170
935,5292,Austin,Rhodes,0,120-103,"41,62","62,58",2-5,4-2,N/A,N/A,12/02/17,2:00 PM,N/A,Hughey Gym,Lose,2,False,209,False,02:50,,113 ,,93,"STEAL  by HOLLAND,MICHAEL",,,"STEAL  by HOLLAND,MICHAEL",2,steal,,austin,,,"['berry,bryce', 'swift,dj', 'roteman,evan', 'galvin,owen']","['hogan,kam', 'feider,jp', 'quinn,josh', 'mercadel,justice']",170
936,5292,Austin,Rhodes,0,120-103,"41,62","62,58",2-5,4-2,N/A,N/A,12/02/17,2:00 PM,N/A,Hughey Gym,Lose,2,False,209,False,02:49,"FOUL  by DARST,DANIEL",113 ,,93,,,,"FOUL  by DARST,DANIEL",2,foul,,rhodes,"darst,daniel",,"['berry,bryce', 'swift,dj', 'roteman,evan', 'galvin,owen']","['hogan,kam', 'feider,jp', 'quinn,josh', 'mercadel,justice']",169
937,5292,Austin,Rhodes,0,120-103,"41,62","62,58",2-5,4-2,N/A,N/A,12/02/17,2:00 PM,N/A,Hughey Gym,Lose,2,False,209,False,02:49,,113 ,,94,"GOOD FT by HOLLAND,MICHAEL",ACM 113-94 (+19),,"GOOD FT by HOLLAND,MICHAEL",2,free throw,good,austin,"holland,michael",1,"['berry,bryce', 'swift,dj', 'roteman,evan', 'galvin,owen']","['hogan,kam', 'feider,jp', 'quinn,josh', 'mercadel,justice']",169
938,5292,Austin,Rhodes,0,120-103,"41,62","62,58",2-5,4-2,N/A,N/A,12/02/17,2:00 PM,N/A,Hughey Gym,Lose,2,False,209,False,02:49,,113 ,,94,"MISS FT by HOLLAND,MICHAEL",,,"MISS FT by HOLLAND,MICHAEL",2,free throw,missed,austin,"holland,michael",,"['berry,bryce', 'swift,dj', 'roteman,evan', 'galvin,owen']","['hogan,kam', 'feider,jp', 'quinn,josh', 'mercadel,justice']",169
939,5292,Austin,Rhodes,0,120-103,"41,62","62,58",2-5,4-2,N/A,N/A,12/02/17,2:00 PM,N/A,Hughey Gym,Lose,2,False,209,False,--,"REBOUND DEF by DALTON,PRICE",113 ,,94,,,,"REBOUND DEF by DALTON,PRICE",2,defensive rebound,,rhodes,"dalton,price",,"['berry,bryce', 'swift,dj', 'roteman,evan', 'galvin,owen']","['hogan,kam', 'feider,jp', 'quinn,josh', 'mercadel,justice']",
940,5292,Austin,Rhodes,0,120-103,"41,62","62,58",2-5,4-2,N/A,N/A,12/02/17,2:00 PM,N/A,Hughey Gym,Lose,2,False,209,False,02:49,"SUB IN by DALTON,PRICE",113 ,,94,,,,"SUB IN by DALTON,PRICE",2,subbing in,,rhodes,"dalton,price",,"['berry,bryce', 'swift,dj', 'roteman,evan', 'galvin,owen', 'dalton,price']","['hogan,kam', 'feider,jp', 'quinn,josh', 'mercadel,justice']",169
941,5292,Austin,Rhodes,0,120-103,"41,62","62,58",2-5,4-2,N/A,N/A,12/02/17,2:00 PM,N/A,Hughey Gym,Lose,2,False,209,False,02:49,"SUB IN by WEATHERFORD,MITCH",113 ,,94,,,,"SUB IN by WEATHERFORD,MITCH",2,subbing in,,rhodes,"weatherford,mitch",,"['berry,bryce', 'swift,dj', 'roteman,evan', 'galvin,owen', 'dalton,price', 'weatherford,mitch']","['hogan,kam', 'feider,jp', 'quinn,josh', 'mercadel,justice']",169
942,5292,Austin,Rhodes,0,120-103,"41,62","62,58",2-5,4-2,N/A,N/A,12/02/17,2:00 PM,N/A,Hughey Gym,Lose,2,False,209,False,02:49,"SUB OUT by SWIFT,DJ",113 ,,94,,,,"SUB OUT by SWIFT,DJ",2,subbing out,,rhodes,"swift,dj",,"['berry,bryce', 'roteman,evan', 'galvin,owen', 'dalton,price', 'weatherford,mitch']","['hogan,kam', 'feider,jp', 'quinn,josh', 'mercadel,justice']",169
943,5292,Austin,Rhodes,0,120-103,"41,62","62,58",2-5,4-2,N/A,N/A,12/02/17,2:00 PM,N/A,Hughey Gym,Lose,2,False,209,False,02:49,"SUB OUT by ROTEMAN,EVAN",113 ,,94,,,,"SUB OUT by ROTEMAN,EVAN",2,subbing out,,rhodes,"roteman,evan",,"['berry,bryce', 'galvin,owen', 'dalton,price', 'weatherford,mitch']","['hogan,kam', 'feider,jp', 'quinn,josh', 'mercadel,justice']",169
944,5292,Austin,Rhodes,0,120-103,"41,62","62,58",2-5,4-2,N/A,N/A,12/02/17,2:00 PM,N/A,Hughey Gym,Lose,2,False,209,False,02:49,,113 ,,94,"SUB IN by GARRETT,JOSH",,,"SUB IN by GARRETT,JOSH",2,subbing in,,austin,"garrett,josh",,"['berry,bryce', 'galvin,owen', 'dalton,price', 'weatherford,mitch']","['hogan,kam', 'feider,jp', 'quinn,josh', 'mercadel,justice', 'garrett,josh']",169
945,5292,Austin,Rhodes,0,120-103,"41,62","62,58",2-5,4-2,N/A,N/A,12/02/17,2:00 PM,N/A,Hughey Gym,Lose,2,False,209,False,02:49,,113 ,,94,"SUB OUT by FEIDER,JP",,,"SUB OUT by FEIDER,JP",2,subbing out,,austin,"feider,jp",,"['berry,bryce', 'galvin,owen', 'dalton,price', 'weatherford,mitch']","['hogan,kam', 'quinn,josh', 'mercadel,justice', 'garrett,josh']",169
946,5292,Austin,Rhodes,0,120-103,"41,62","62,58",2-5,4-2,N/A,N/A,12/02/17,2:00 PM,N/A,Hughey Gym,Lose,2,False,209,False,02:36,"GOOD 3PTR by DARST,DANIEL",116 ,,94,,RHODES 116-94 (+22),,"GOOD 3PTR by DARST,DANIEL",2,three pointer,good,rhodes,"darst,daniel",3,"['berry,bryce', 'galvin,owen', 'dalton,price', 'weatherford,mitch']","['hogan,kam', 'quinn,josh', 'mercadel,justice', 'garrett,josh']",156
947,5292,Austin,Rhodes,0,120-103,"41,62","62,58",2-5,4-2,N/A,N/A,12/02/17,2:00 PM,N/A,Hughey Gym,Lose,2,False,209,False,--,"ASSIST  by WEATHERFORD,MITCH",116 ,,94,,,,"ASSIST  by WEATHERFORD,MITCH",2,assist,,rhodes,"weatherford,mitch",,"['berry,bryce', 'galvin,owen', 'dalton,price', 'weatherford,mitch']","['hogan,kam', 'quinn,josh', 'mercadel,justice', 'garrett,josh']",
948,5292,Austin,Rhodes,0,120-103,"41,62","62,58",2-5,4-2,N/A,N/A,12/02/17,2:00 PM,N/A,Hughey Gym,Lose,2,False,209,False,02:26,"FOUL  by DALTON,PRICE",116 ,,94,,,,"FOUL  by DALTON,PRICE",2,foul,,rhodes,"dalton,price",,"['berry,bryce', 'galvin,owen', 'dalton,price', 'weatherford,mitch']","['hogan,kam', 'quinn,josh', 'mercadel,justice', 'garrett,josh']",146
949,5292,Austin,Rhodes,0,120-103,"41,62","62,58",2-5,4-2,N/A,N/A,12/02/17,2:00 PM,N/A,Hughey Gym,Lose,2,False,209,False,02:26,,116 ,,95,"GOOD FT by HOLLAND,MICHAEL",ACM 116-95 (+21),,"GOOD FT by HOLLAND,MICHAEL",2,free throw,good,austin,"holland,michael",1,"['berry,bryce', 'galvin,owen', 'dalton,price', 'weatherford,mitch']","['hogan,kam', 'quinn,josh', 'mercadel,justice', 'garrett,josh']",146
950,5292,Austin,Rhodes,0,120-103,"41,62","62,58",2-5,4-2,N/A,N/A,12/02/17,2:00 PM,N/A,Hughey Gym,Lose,2,False,209,False,02:26,,116 ,,96,"GOOD FT by HOLLAND,MICHAEL",ACM 116-96 (+20),,"GOOD FT by HOLLAND,MICHAEL",2,free throw,good,austin,"holland,michael",1,"['berry,bryce', 'galvin,owen', 'dalton,price', 'weatherford,mitch']","['hogan,kam', 'quinn,josh', 'mercadel,justice', 'garrett,josh']",146
951,5292,Austin,Rhodes,0,120-103,"41,62","62,58",2-5,4-2,N/A,N/A,12/02/17,2:00 PM,N/A,Hughey Gym,Lose,2,False,209,False,02:26,,116 ,,96,"SUB IN by HILL,KAMERON",,,"SUB IN by HILL,KAMERON",2,subbing in,,austin,"hill,kameron",,"['berry,bryce', 'galvin,owen', 'dalton,price', 'weatherford,mitch']","['hogan,kam', 'quinn,josh', 'mercadel,justice', 'garrett,josh', 'hill,kameron']",146
952,5292,Austin,Rhodes,0,120-103,"41,62","62,58",2-5,4-2,N/A,N/A,12/02/17,2:00 PM,N/A,Hughey Gym,Lose,2,False,209,False,02:26,,116 ,,96,"SUB OUT by QUINN,JOSH",,,"SUB OUT by QUINN,JOSH",2,subbing out,,austin,"quinn,josh",,"['berry,bryce', 'galvin,owen', 'dalton,price', 'weatherford,mitch']","['hogan,kam', 'mercadel,justice', 'garrett,josh', 'hill,kameron']",146
953,5292,Austin,Rhodes,0,120-103,"41,62","62,58",2-5,4-2,N/A,N/A,12/02/17,2:00 PM,N/A,Hughey Gym,Lose,2,False,209,False,02:16,"TURNOVER  by WEATHERFORD,MITCH",116 ,,96,,,,"TURNOVER  by WEATHERFORD,MITCH",2,turnover,,rhodes,"weatherford,mitch",,"['berry,bryce', 'galvin,owen', 'dalton,price', 'weatherford,mitch']","['hogan,kam', 'mercadel,justice', 'garrett,josh', 'hill,kameron']",136
954,5292,Austin,Rhodes,0,120-103,"41,62","62,58",2-5,4-2,N/A,N/A,12/02/17,2:00 PM,N/A,Hughey Gym,Lose,2,False,209,False,02:15,,116 ,,96,"STEAL  by HOGAN,KAM",,,"STEAL  by HOGAN,KAM",2,steal,,austin,,,"['berry,bryce', 'galvin,owen', 'dalton,price', 'weatherford,mitch']","['hogan,kam', 'mercadel,justice', 'garrett,josh', 'hill,kameron']",135
955,5292,Austin,Rhodes,0,120-103,"41,62","62,58",2-5,4-2,N/A,N/A,12/02/17,2:00 PM,N/A,Hughey Gym,Lose,2,False,209,False,02:06,"SUB IN by NYAWATA,ANESU",116 ,,96,,,,"SUB IN by NYAWATA,ANESU",2,subbing in,,rhodes,"nyawata,anesu",,"['berry,bryce', 'galvin,owen', 'dalton,price', 'weatherford,mitch', 'nyawata,anesu']","['hogan,kam', 'mercadel,justice', 'garrett,josh', 'hill,kameron']",126
956,5292,Austin,Rhodes,0,120-103,"41,62","62,58",2-5,4-2,N/A,N/A,12/02/17,2:00 PM,N/A,Hughey Gym,Lose,2,False,209,False,02:06,"SUB IN by GIROUX,PRESTON",116 ,,96,,,,"SUB IN by GIROUX,PRESTON",2,subbing in,,rhodes,"giroux,preston",,"['berry,bryce', 'galvin,owen', 'dalton,price', 'weatherford,mitch', 'nyawata,anesu', 'giroux,preston']","['hogan,kam', 'mercadel,justice', 'garrett,josh', 'hill,kameron']",126
957,5292,Austin,Rhodes,0,120-103,"41,62","62,58",2-5,4-2,N/A,N/A,12/02/17,2:00 PM,N/A,Hughey Gym,Lose,2,False,209,False,02:06,"SUB IN by SAMSON,VAUGHN",116 ,,96,,,,"SUB IN by SAMSON,VAUGHN",2,subbing in,,rhodes,"samson,vaughn",,"['berry,bryce', 'galvin,owen', 'dalton,price', 'weatherford,mitch', 'nyawata,anesu', 'giroux,preston', 'samson,vaughn']","['hogan,kam', 'mercadel,justice', 'garrett,josh', 'hill,kameron']",126
958,5292,Austin,Rhodes,0,120-103,"41,62","62,58",2-5,4-2,N/A,N/A,12/02/17,2:00 PM,N/A,Hughey Gym,Lose,2,False,209,False,02:06,"SUB IN by FERIA,NICK DE",116 ,,96,,,,"SUB IN by FERIA,NICK DE",2,subbing in,,rhodes,"feria,nick de",,"['berry,bryce', 'galvin,owen', 'dalton,price', 'weatherford,mitch', 'nyawata,anesu', 'giroux,preston', 'samson,vaughn', 'feria,nick de']","['hogan,kam', 'mercadel,justice', 'garrett,josh', 'hill,kameron']",126
959,5292,Austin,Rhodes,0,120-103,"41,62","62,58",2-5,4-2,N/A,N/A,12/02/17,2:00 PM,N/A,Hughey Gym,Lose,2,False,209,False,02:06,"SUB IN by ASHBY,KENDRICK",116 ,,96,,,,"SUB IN by ASHBY,KENDRICK",2,subbing in,,rhodes,"ashby,kendrick",,"['berry,bryce', 'galvin,owen', 'dalton,price', 'weatherford,mitch', 'nyawata,anesu', 'giroux,preston', 'samson,vaughn', 'feria,nick de', 'ashby,kendrick']","['hogan,kam', 'mercadel,justice', 'garrett,josh', 'hill,kameron']",126
960,5292,Austin,Rhodes,0,120-103,"41,62","62,58",2-5,4-2,N/A,N/A,12/02/17,2:00 PM,N/A,Hughey Gym,Lose,2,False,209,False,02:06,"SUB OUT by GALVIN,OWEN",116 ,,96,,,,"SUB OUT by GALVIN,OWEN",2,subbing out,,rhodes,"galvin,owen",,"['berry,bryce', 'dalton,price', 'weatherford,mitch', 'nyawata,anesu', 'giroux,preston', 'samson,vaughn', 'feria,nick de', 'ashby,kendrick']","['hogan,kam', 'mercadel,justice', 'garrett,josh', 'hill,kameron']",126
961,5292,Austin,Rhodes,0,120-103,"41,62","62,58",2-5,4-2,N/A,N/A,12/02/17,2:00 PM,N/A,Hughey Gym,Lose,2,False,209,False,02:06,"SUB OUT by DARST,DANIEL",116 ,,96,,,,"SUB OUT by DARST,DANIEL",2,subbing out,,rhodes,"darst,daniel",,"['berry,bryce', 'dalton,price', 'weatherford,mitch', 'nyawata,anesu', 'giroux,preston', 'samson,vaughn', 'feria,nick de', 'ashby,kendrick']","['hogan,kam', 'mercadel,justice', 'garrett,josh', 'hill,kameron']",126
962,5292,Austin,Rhodes,0,120-103,"41,62","62,58",2-5,4-2,N/A,N/A,12/02/17,2:00 PM,N/A,Hughey Gym,Lose,2,False,209,False,02:06,"SUB OUT by WEATHERFORD,MITCH",116 ,,96,,,,"SUB OUT by WEATHERFORD,MITCH",2,subbing out,,rhodes,"weatherford,mitch",,"['berry,bryce', 'dalton,price', 'weatherford,mitch', 'nyawata,anesu', 'giroux,preston', 'samson,vaughn', 'feria,nick de', 'ashby,kendrick']","['hogan,kam', 'mercadel,justice', 'garrett,josh', 'hill,kameron']",126
963,5292,Austin,Rhodes,0,120-103,"41,62","62,58",2-5,4-2,N/A,N/A,12/02/17,2:00 PM,N/A,Hughey Gym,Lose,2,False,209,False,02:06,"SUB OUT by DALTON,PRICE",116 ,,96,,,,"SUB OUT by DALTON,PRICE",2,subbing out,,rhodes,"dalton,price",,"['berry,bryce', 'weatherford,mitch', 'nyawata,anesu', 'giroux,preston', 'samson,vaughn', 'feria,nick de', 'ashby,kendrick']","['hogan,kam', 'mercadel,justice', 'garrett,josh', 'hill,kameron']",126
964,5292,Austin,Rhodes,0,120-103,"41,62","62,58",2-5,4-2,N/A,N/A,12/02/17,2:00 PM,N/A,Hughey Gym,Lose,2,False,209,False,02:06,"SUB OUT by BERRY,BRYCE",116 ,,96,,,,"SUB OUT by BERRY,BRYCE",2,subbing out,,rhodes,"berry,bryce",,"['weatherford,mitch', 'nyawata,anesu', 'giroux,preston', 'samson,vaughn', 'feria,nick de', 'ashby,kendrick']","['hogan,kam', 'mercadel,justice', 'garrett,josh', 'hill,kameron']",126
965,5292,Austin,Rhodes,0,120-103,"41,62","62,58",2-5,4-2,N/A,N/A,12/02/17,2:00 PM,N/A,Hughey Gym,Lose,2,False,209,False,01:58,,116 ,,98,"GOOD JUMPER by MERCADEL,JUSTICE(in the paint)",ACM 116-98 (+18),,"GOOD JUMPER by MERCADEL,JUSTICE(in the paint)",2,jumper,good,austin,"mercadel,justice",2,"['weatherford,mitch', 'nyawata,anesu', 'giroux,preston', 'samson,vaughn', 'feria,nick de', 'ashby,kendrick']","['hogan,kam', 'mercadel,justice', 'garrett,josh', 'hill,kameron']",118
966,5292,Austin,Rhodes,0,120-103,"41,62","62,58",2-5,4-2,N/A,N/A,12/02/17,2:00 PM,N/A,Hughey Gym,Lose,2,False,209,False,01:44,,116 ,,98,"FOUL  by HOGAN,KAM",,,"FOUL  by HOGAN,KAM",2,foul,,austin,"hogan,kam",,"['weatherford,mitch', 'nyawata,anesu', 'giroux,preston', 'samson,vaughn', 'feria,nick de', 'ashby,kendrick']","['hogan,kam', 'mercadel,justice', 'garrett,josh', 'hill,kameron']",104
967,5292,Austin,Rhodes,0,120-103,"41,62","62,58",2-5,4-2,N/A,N/A,12/02/17,2:00 PM,N/A,Hughey Gym,Lose,2,False,209,False,01:44,"GOOD FT by NYAWATA,ANESU",117 ,,98,,RHODES 117-98 (+19),,"GOOD FT by NYAWATA,ANESU",2,free throw,good,rhodes,"nyawata,anesu",1,"['weatherford,mitch', 'nyawata,anesu', 'giroux,preston', 'samson,vaughn', 'feria,nick de', 'ashby,kendrick']","['hogan,kam', 'mercadel,justice', 'garrett,josh', 'hill,kameron']",104
968,5292,Austin,Rhodes,0,120-103,"41,62","62,58",2-5,4-2,N/A,N/A,12/02/17,2:00 PM,N/A,Hughey Gym,Lose,2,False,209,False,01:44,"GOOD FT by NYAWATA,ANESU",118 ,,98,,RHODES 118-98 (+20),,"GOOD FT by NYAWATA,ANESU",2,free throw,good,rhodes,"nyawata,anesu",1,"['weatherford,mitch', 'nyawata,anesu', 'giroux,preston', 'samson,vaughn', 'feria,nick de', 'ashby,kendrick']","['hogan,kam', 'mercadel,justice', 'garrett,josh', 'hill,kameron']",104
969,5292,Austin,Rhodes,0,120-103,"41,62","62,58",2-5,4-2,N/A,N/A,12/02/17,2:00 PM,N/A,Hughey Gym,Lose,2,False,209,False,01:26,,118 ,,98,"TURNOVER  by HOGAN,KAM",,,"TURNOVER  by HOGAN,KAM",2,turnover,,austin,"hogan,kam",,"['weatherford,mitch', 'nyawata,anesu', 'giroux,preston', 'samson,vaughn', 'feria,nick de', 'ashby,kendrick']","['hogan,kam', 'mercadel,justice', 'garrett,josh', 'hill,kameron']",86
970,5292,Austin,Rhodes,0,120-103,"41,62","62,58",2-5,4-2,N/A,N/A,12/02/17,2:00 PM,N/A,Hughey Gym,Lose,2,False,209,False,01:21,,118 ,,101,"GOOD 3PTR by HILL,KAMERON",ACM 118-101 (+17),,"GOOD 3PTR by HILL,KAMERON",2,three pointer,good,austin,"hill,kameron",3,"['weatherford,mitch', 'nyawata,anesu', 'giroux,preston', 'samson,vaughn', 'feria,nick de', 'ashby,kendrick']","['hogan,kam', 'mercadel,justice', 'garrett,josh', 'hill,kameron']",81
971,5292,Austin,Rhodes,0,120-103,"41,62","62,58",2-5,4-2,N/A,N/A,12/02/17,2:00 PM,N/A,Hughey Gym,Lose,2,False,209,False,--,,118 ,,101,"ASSIST  by MERCADEL,JUSTICE",,,"ASSIST  by MERCADEL,JUSTICE",2,assist,,austin,"mercadel,justice",,"['weatherford,mitch', 'nyawata,anesu', 'giroux,preston', 'samson,vaughn', 'feria,nick de', 'ashby,kendrick']","['hogan,kam', 'mercadel,justice', 'garrett,josh', 'hill,kameron']",
972,5292,Austin,Rhodes,0,120-103,"41,62","62,58",2-5,4-2,N/A,N/A,12/02/17,2:00 PM,N/A,Hughey Gym,Lose,2,False,209,False,01:11,"TURNOVER  by SAMSON,VAUGHN",118 ,,101,,,,"TURNOVER  by SAMSON,VAUGHN",2,turnover,,rhodes,"samson,vaughn",,"['weatherford,mitch', 'nyawata,anesu', 'giroux,preston', 'samson,vaughn', 'feria,nick de', 'ashby,kendrick']","['hogan,kam', 'mercadel,justice', 'garrett,josh', 'hill,kameron']",71
973,5292,Austin,Rhodes,0,120-103,"41,62","62,58",2-5,4-2,N/A,N/A,12/02/17,2:00 PM,N/A,Hughey Gym,Lose,2,False,209,False,01:11,"SUB IN by WEATHERFORD,MITCH",118 ,,101,,,,"SUB IN by WEATHERFORD,MITCH",2,subbing in,,rhodes,"weatherford,mitch",,"['weatherford,mitch', 'nyawata,anesu', 'giroux,preston', 'samson,vaughn', 'feria,nick de', 'ashby,kendrick']","['hogan,kam', 'mercadel,justice', 'garrett,josh', 'hill,kameron']",71
974,5292,Austin,Rhodes,0,120-103,"41,62","62,58",2-5,4-2,N/A,N/A,12/02/17,2:00 PM,N/A,Hughey Gym,Lose,2,False,209,False,01:11,"SUB IN by DARST,DANIEL",118 ,,101,,,,"SUB IN by DARST,DANIEL",2,subbing in,,rhodes,"darst,daniel",,"['weatherford,mitch', 'nyawata,anesu', 'giroux,preston', 'samson,vaughn', 'feria,nick de', 'ashby,kendrick']","['hogan,kam', 'mercadel,justice', 'garrett,josh', 'hill,kameron']",71
975,5292,Austin,Rhodes,0,120-103,"41,62","62,58",2-5,4-2,N/A,N/A,12/02/17,2:00 PM,N/A,Hughey Gym,Lose,2,False,209,False,01:11,"SUB IN by DALTON,PRICE",118 ,,101,,,,"SUB IN by DALTON,PRICE",2,subbing in,,rhodes,"dalton,price",,"['weatherford,mitch', 'nyawata,anesu', 'giroux,preston', 'samson,vaughn', 'feria,nick de', 'ashby,kendrick', 'dalton,price']","['hogan,kam', 'mercadel,justice', 'garrett,josh', 'hill,kameron']",71
976,5292,Austin,Rhodes,0,120-103,"41,62","62,58",2-5,4-2,N/A,N/A,12/02/17,2:00 PM,N/A,Hughey Gym,Lose,2,False,209,False,01:11,"SUB IN by BERRY,BRYCE",118 ,,101,,,,"SUB IN by BERRY,BRYCE",2,subbing in,,rhodes,"berry,bryce",,"['weatherford,mitch', 'nyawata,anesu', 'giroux,preston', 'samson,vaughn', 'feria,nick de', 'ashby,kendrick', 'dalton,price', 'berry,bryce']","['hogan,kam', 'mercadel,justice', 'garrett,josh', 'hill,kameron']",71
977,5292,Austin,Rhodes,0,120-103,"41,62","62,58",2-5,4-2,N/A,N/A,12/02/17,2:00 PM,N/A,Hughey Gym,Lose,2,False,209,False,01:11,"SUB IN by GALVIN,OWEN",118 ,,101,,,,"SUB IN by GALVIN,OWEN",2,subbing in,,rhodes,"galvin,owen",,"['weatherford,mitch', 'nyawata,anesu', 'giroux,preston', 'samson,vaughn', 'feria,nick de', 'ashby,kendrick', 'dalton,price', 'berry,bryce', 'galvin,owen']","['hogan,kam', 'mercadel,justice', 'garrett,josh', 'hill,kameron']",71
978,5292,Austin,Rhodes,0,120-103,"41,62","62,58",2-5,4-2,N/A,N/A,12/02/17,2:00 PM,N/A,Hughey Gym,Lose,2,False,209,False,01:11,"SUB OUT by GIROUX,PRESTON",118 ,,101,,,,"SUB OUT by GIROUX,PRESTON",2,subbing out,,rhodes,"giroux,preston",,"['weatherford,mitch', 'nyawata,anesu', 'samson,vaughn', 'feria,nick de', 'ashby,kendrick', 'dalton,price', 'berry,bryce', 'galvin,owen']","['hogan,kam', 'mercadel,justice', 'garrett,josh', 'hill,kameron']",71
979,5292,Austin,Rhodes,0,120-103,"41,62","62,58",2-5,4-2,N/A,N/A,12/02/17,2:00 PM,N/A,Hughey Gym,Lose,2,False,209,False,01:11,"SUB OUT by SAMSON,VAUGHN",118 ,,101,,,,"SUB OUT by SAMSON,VAUGHN",2,subbing out,,rhodes,"samson,vaughn",,"['weatherford,mitch', 'nyawata,anesu', 'feria,nick de', 'ashby,kendrick', 'dalton,price', 'berry,bryce', 'galvin,owen']","['hogan,kam', 'mercadel,justice', 'garrett,josh', 'hill,kameron']",71
980,5292,Austin,Rhodes,0,120-103,"41,62","62,58",2-5,4-2,N/A,N/A,12/02/17,2:00 PM,N/A,Hughey Gym,Lose,2,False,209,False,01:11,"SUB OUT by ASHBY,KENDRICK",118 ,,101,,,,"SUB OUT by ASHBY,KENDRICK",2,subbing out,,rhodes,"ashby,kendrick",,"['weatherford,mitch', 'nyawata,anesu', 'feria,nick de', 'dalton,price', 'berry,bryce', 'galvin,owen']","['hogan,kam', 'mercadel,justice', 'garrett,josh', 'hill,kameron']",71
981,5292,Austin,Rhodes,0,120-103,"41,62","62,58",2-5,4-2,N/A,N/A,12/02/17,2:00 PM,N/A,Hughey Gym,Lose,2,False,209,False,01:11,"SUB OUT by FERIA,NICK DE",118 ,,101,,,,"SUB OUT by FERIA,NICK DE",2,subbing out,,rhodes,"feria,nick de",,"['weatherford,mitch', 'nyawata,anesu', 'dalton,price', 'berry,bryce', 'galvin,owen']","['hogan,kam', 'mercadel,justice', 'garrett,josh', 'hill,kameron']",71
982,5292,Austin,Rhodes,0,120-103,"41,62","62,58",2-5,4-2,N/A,N/A,12/02/17,2:00 PM,N/A,Hughey Gym,Lose,2,False,209,False,01:11,"SUB OUT by NYAWATA,ANESU",118 ,,101,,,,"SUB OUT by NYAWATA,ANESU",2,subbing out,,rhodes,"nyawata,anesu",,"['weatherford,mitch', 'dalton,price', 'berry,bryce', 'galvin,owen']","['hogan,kam', 'mercadel,justice', 'garrett,josh', 'hill,kameron']",71
983,5292,Austin,Rhodes,0,120-103,"41,62","62,58",2-5,4-2,N/A,N/A,12/02/17,2:00 PM,N/A,Hughey Gym,Lose,2,False,209,False,01:11,,118 ,,101,"SUB IN by RICKMAN,MASON",,,"SUB IN by RICKMAN,MASON",2,subbing in,,austin,"rickman,mason",,"['weatherford,mitch', 'dalton,price', 'berry,bryce', 'galvin,owen']","['hogan,kam', 'mercadel,justice', 'garrett,josh', 'hill,kameron', 'rickman,mason']",71
984,5292,Austin,Rhodes,0,120-103,"41,62","62,58",2-5,4-2,N/A,N/A,12/02/17,2:00 PM,N/A,Hughey Gym,Lose,2,False,209,False,01:11,,118 ,,101,"SUB IN by MCCLURE,LOGAN",,,"SUB IN by MCCLURE,LOGAN",2,subbing in,,austin,"mcclure,logan",,"['weatherford,mitch', 'dalton,price', 'berry,bryce', 'galvin,owen']","['hogan,kam', 'mercadel,justice', 'garrett,josh', 'hill,kameron', 'rickman,mason', 'mcclure,logan']",71
985,5292,Austin,Rhodes,0,120-103,"41,62","62,58",2-5,4-2,N/A,N/A,12/02/17,2:00 PM,N/A,Hughey Gym,Lose,2,False,209,False,01:11,,118 ,,101,"SUB OUT by MERCADEL,JUSTICE",,,"SUB OUT by MERCADEL,JUSTICE",2,subbing out,,austin,"mercadel,justice",,"['weatherford,mitch', 'dalton,price', 'berry,bryce', 'galvin,owen']","['hogan,kam', 'garrett,josh', 'hill,kameron', 'rickman,mason', 'mcclure,logan']",71
986,5292,Austin,Rhodes,0,120-103,"41,62","62,58",2-5,4-2,N/A,N/A,12/02/17,2:00 PM,N/A,Hughey Gym,Lose,2,False,209,False,01:11,,118 ,,101,"SUB OUT by HOLLAND,MICHAEL",,,"SUB OUT by HOLLAND,MICHAEL",2,subbing out,,austin,"holland,michael",,"['weatherford,mitch', 'dalton,price', 'berry,bryce', 'galvin,owen']","['hogan,kam', 'garrett,josh', 'hill,kameron', 'rickman,mason', 'mcclure,logan']",71
987,5292,Austin,Rhodes,0,120-103,"41,62","62,58",2-5,4-2,N/A,N/A,12/02/17,2:00 PM,N/A,Hughey Gym,Lose,2,False,209,False,01:08,,118 ,,103,"GOOD JUMPER by HOGAN,KAM(in the paint)",ACM 118-103 (+15),,"GOOD JUMPER by HOGAN,KAM(in the paint)",2,jumper,good,austin,"hogan,kam",2,"['weatherford,mitch', 'dalton,price', 'berry,bryce', 'galvin,owen']","['hogan,kam', 'garrett,josh', 'hill,kameron', 'rickman,mason', 'mcclure,logan']",68
988,5292,Austin,Rhodes,0,120-103,"41,62","62,58",2-5,4-2,N/A,N/A,12/02/17,2:00 PM,N/A,Hughey Gym,Lose,2,False,209,False,00:48,"GOOD JUMPER by WEATHERFORD,MITCH(in the paint)",120 ,,103,,RHODES 120-103 (+17),,"GOOD JUMPER by WEATHERFORD,MITCH(in the paint)",2,jumper,good,rhodes,"weatherford,mitch",2,"['weatherford,mitch', 'dalton,price', 'berry,bryce', 'galvin,owen']","['hogan,kam', 'garrett,josh', 'hill,kameron', 'rickman,mason', 'mcclure,logan']",48
989,5292,Austin,Rhodes,0,120-103,"41,62","62,58",2-5,4-2,N/A,N/A,12/02/17,2:00 PM,N/A,Hughey Gym,Lose,2,False,209,False,00:35,,120 ,,103,"MISS JUMPER by GARRETT,JOSH",,,"MISS JUMPER by GARRETT,JOSH",2,jumper,missed,austin,"garrett,josh",,"['weatherford,mitch', 'dalton,price', 'berry,bryce', 'galvin,owen']","['hogan,kam', 'garrett,josh', 'hill,kameron', 'rickman,mason', 'mcclure,logan']",35
990,5292,Austin,Rhodes,0,120-103,"41,62","62,58",2-5,4-2,N/A,N/A,12/02/17,2:00 PM,N/A,Hughey Gym,Lose,2,False,209,False,--,,120 ,,103,"REBOUND OFF by GARRETT,JOSH",,,"REBOUND OFF by GARRETT,JOSH",2,offensive rebound,,austin,"garrett,josh",,"['weatherford,mitch', 'dalton,price', 'berry,bryce', 'galvin,owen']","['hogan,kam', 'garrett,josh', 'hill,kameron', 'rickman,mason', 'mcclure,logan']",
991,5292,Austin,Rhodes,0,120-103,"41,62","62,58",2-5,4-2,N/A,N/A,12/02/17,2:00 PM,N/A,Hughey Gym,Lose,2,False,209,False,00:32,,120 ,,103,"MISS 3PTR by HILL,KAMERON",,,"MISS 3PTR by HILL,KAMERON",2,three pointer,missed,austin,"hill,kameron",,"['weatherford,mitch', 'dalton,price', 'berry,bryce', 'galvin,owen']","['hogan,kam', 'garrett,josh', 'hill,kameron', 'rickman,mason', 'mcclure,logan']",32
992,5292,Austin,Rhodes,0,120-103,"41,62","62,58",2-5,4-2,N/A,N/A,12/02/17,2:00 PM,N/A,Hughey Gym,Lose,2,False,209,False,--,"REBOUND DEF by DARST,DANIEL",120 ,,103,,,,"REBOUND DEF by DARST,DANIEL",2,defensive rebound,,rhodes,"darst,daniel",,"['weatherford,mitch', 'dalton,price', 'berry,bryce', 'galvin,owen']","['hogan,kam', 'garrett,josh', 'hill,kameron', 'rickman,mason', 'mcclure,logan']",
