game,boxscore_visitor_name,boxscore_home_name,final score,visitorFinalScore,homeFinalScore,visitorRecord,homeRecord,gameDate,outcome,attendance,gameLocation,gameTime,Time Remaining,Away Team,Away Team Score,Home Team Score,Home Team,Point Differential,Period,Home Play Type,Home Shot Good,Home Shots Taken,Home 3PTRs Taken,Home Shooting PCT,Home 3PTRs PCT,Away Play Type,Away Shot Good,Away Shots Taken,Away 3PTRs Taken,Away Shooting PCT,Away 3PTRs PCT,Time Remaining Mins,Time Remaining Secs
7,Rhodes,Wisconsin-Eau Claire,94-120,94,120,4-3,5-0,12/02/16,Win,187,No Location Recorded,6:00 p.m.,20:00,"SUB OUT by GEE,TYLER",0,0,,0,1,,,0,0,,,,,0,0,,,40,2400
7,Rhodes,Wisconsin-Eau Claire,94-120,94,120,4-3,5-0,12/02/16,Win,187,No Location Recorded,6:00 p.m.,20:00,,0,0,"SUB IN by MCDONALD,KYLE",0,1,,,0,0,,,,,0,0,,,40,2400
7,Rhodes,Wisconsin-Eau Claire,94-120,94,120,4-3,5-0,12/02/16,Win,187,No Location Recorded,6:00 p.m.,20:00,,0,0,"SUB OUT by DUFF,CHRIS",0,1,,,0,0,,,,,0,0,,,40,2400
7,Rhodes,Wisconsin-Eau Claire,94-120,94,120,4-3,5-0,12/02/16,Win,187,No Location Recorded,6:00 p.m.,19:38,"TURNOVER  by DARST,DANIEL",0,0,,0,1,,,0,0,,,,,0,0,,,39,2378
7,Rhodes,Wisconsin-Eau Claire,94-120,94,120,4-3,5-0,12/02/16,Win,187,No Location Recorded,6:00 p.m.,19:37,,0,0,"STEAL  by SCHNEIDERMANN,JARED",0,1,,,0,0,,,,,0,0,,,39,2377
7,Rhodes,Wisconsin-Eau Claire,94-120,94,120,4-3,5-0,12/02/16,Win,187,No Location Recorded,6:00 p.m.,19:26,,0,2,"GOOD LAYUP by SCHNEIDERMANN,JARED(in the paint)",2,1,,,0,0,,,layup,good,1,0,1.0,,39,2366
7,Rhodes,Wisconsin-Eau Claire,94-120,94,120,4-3,5-0,12/02/16,Win,187,No Location Recorded,6:00 p.m.,19:26,,0,2,"ASSIST  by DUFF,CHRIS",2,1,,,0,0,,,,,1,0,1.0,,39,2366
7,Rhodes,Wisconsin-Eau Claire,94-120,94,120,4-3,5-0,12/02/16,Win,187,No Location Recorded,6:00 p.m.,19:15,"MISS 3PTR by DE FERIA,NICK",0,2,,2,1,3ptr,miss,1,1,0.0,0.0,,,1,0,1.0,,39,2355
7,Rhodes,Wisconsin-Eau Claire,94-120,94,120,4-3,5-0,12/02/16,Win,187,No Location Recorded,6:00 p.m.,19:15,"REBOUND OFF by GEE,TYLER",0,2,,2,1,,,1,1,0.0,0.0,,,1,0,1.0,,39,2355
7,Rhodes,Wisconsin-Eau Claire,94-120,94,120,4-3,5-0,12/02/16,Win,187,No Location Recorded,6:00 p.m.,19:11,"MISS 3PTR by ASHBY,KENDRICK",0,2,,2,1,3ptr,miss,2,2,0.0,0.0,,,1,0,1.0,,39,2351
7,Rhodes,Wisconsin-Eau Claire,94-120,94,120,4-3,5-0,12/02/16,Win,187,No Location Recorded,6:00 p.m.,19:11,,0,2,"REBOUND DEF by MARTINEK,JACK",2,1,,,2,2,0.0,0.0,,,1,0,1.0,,39,2351
7,Rhodes,Wisconsin-Eau Claire,94-120,94,120,4-3,5-0,12/02/16,Win,187,No Location Recorded,6:00 p.m.,18:56,,0,4,"GOOD LAYUP by DIEKELMAN,GEORGE(in the paint)",4,1,,,2,2,0.0,0.0,layup,good,2,0,1.0,,38,2336
7,Rhodes,Wisconsin-Eau Claire,94-120,94,120,4-3,5-0,12/02/16,Win,187,No Location Recorded,6:00 p.m.,18:44,"TURNOVER  by SULLIVAN,BRENNAN",0,4,,4,1,,,2,2,0.0,0.0,,,2,0,1.0,,38,2324
7,Rhodes,Wisconsin-Eau Claire,94-120,94,120,4-3,5-0,12/02/16,Win,187,No Location Recorded,6:00 p.m.,18:44,"SUB IN by BERRY,BRYCE",0,4,,4,1,,,2,2,0.0,0.0,,,2,0,1.0,,38,2324
7,Rhodes,Wisconsin-Eau Claire,94-120,94,120,4-3,5-0,12/02/16,Win,187,No Location Recorded,6:00 p.m.,18:44,"SUB IN by NYAWATA,ANESU",0,4,,4,1,,,2,2,0.0,0.0,,,2,0,1.0,,38,2324
7,Rhodes,Wisconsin-Eau Claire,94-120,94,120,4-3,5-0,12/02/16,Win,187,No Location Recorded,6:00 p.m.,18:44,"SUB IN by WEIR,JJ",0,4,,4,1,,,2,2,0.0,0.0,,,2,0,1.0,,38,2324
7,Rhodes,Wisconsin-Eau Claire,94-120,94,120,4-3,5-0,12/02/16,Win,187,No Location Recorded,6:00 p.m.,18:44,"SUB IN by LOWRIE,ANDREW",0,4,,4,1,,,2,2,0.0,0.0,,,2,0,1.0,,38,2324
7,Rhodes,Wisconsin-Eau Claire,94-120,94,120,4-3,5-0,12/02/16,Win,187,No Location Recorded,6:00 p.m.,18:44,"SUB IN by HARRISON,IAN",0,4,,4,1,,,2,2,0.0,0.0,,,2,0,1.0,,38,2324
7,Rhodes,Wisconsin-Eau Claire,94-120,94,120,4-3,5-0,12/02/16,Win,187,No Location Recorded,6:00 p.m.,18:44,"SUB OUT by DE FERIA,NICK",0,4,,4,1,,,2,2,0.0,0.0,,,2,0,1.0,,38,2324
7,Rhodes,Wisconsin-Eau Claire,94-120,94,120,4-3,5-0,12/02/16,Win,187,No Location Recorded,6:00 p.m.,18:44,"SUB OUT by SULLIVAN,BRENNAN",0,4,,4,1,,,2,2,0.0,0.0,,,2,0,1.0,,38,2324
7,Rhodes,Wisconsin-Eau Claire,94-120,94,120,4-3,5-0,12/02/16,Win,187,No Location Recorded,6:00 p.m.,18:44,"SUB OUT by ASHBY,KENDRICK",0,4,,4,1,,,2,2,0.0,0.0,,,2,0,1.0,,38,2324
7,Rhodes,Wisconsin-Eau Claire,94-120,94,120,4-3,5-0,12/02/16,Win,187,No Location Recorded,6:00 p.m.,18:44,"SUB OUT by DARST,DANIEL",0,4,,4,1,,,2,2,0.0,0.0,,,2,0,1.0,,38,2324
7,Rhodes,Wisconsin-Eau Claire,94-120,94,120,4-3,5-0,12/02/16,Win,187,No Location Recorded,6:00 p.m.,18:40,"FOUL  by LOWRIE,ANDREW",0,4,,4,1,foul,,2,2,0.0,0.0,,,2,0,1.0,,38,2320
7,Rhodes,Wisconsin-Eau Claire,94-120,94,120,4-3,5-0,12/02/16,Win,187,No Location Recorded,6:00 p.m.,18:39,,0,4,"TURNOVER  by DIEKELMAN,GEORGE",4,1,,,2,2,0.0,0.0,,,2,0,1.0,,38,2319
7,Rhodes,Wisconsin-Eau Claire,94-120,94,120,4-3,5-0,12/02/16,Win,187,No Location Recorded,6:00 p.m.,18:24,"TURNOVER  by LOWRIE,ANDREW",0,4,,4,1,,,2,2,0.0,0.0,,,2,0,1.0,,38,2304
7,Rhodes,Wisconsin-Eau Claire,94-120,94,120,4-3,5-0,12/02/16,Win,187,No Location Recorded,6:00 p.m.,18:24,,0,4,"SUB IN by MILLER,SEAN",4,1,,,2,2,0.0,0.0,,,2,0,1.0,,38,2304
7,Rhodes,Wisconsin-Eau Claire,94-120,94,120,4-3,5-0,12/02/16,Win,187,No Location Recorded,6:00 p.m.,18:24,,0,4,"SUB IN by WEIX,JOSH",4,1,,,2,2,0.0,0.0,,,2,0,1.0,,38,2304
7,Rhodes,Wisconsin-Eau Claire,94-120,94,120,4-3,5-0,12/02/16,Win,187,No Location Recorded,6:00 p.m.,18:24,,0,4,"SUB OUT by SCHNEIDERMANN,JARED",4,1,,,2,2,0.0,0.0,,,2,0,1.0,,38,2304
7,Rhodes,Wisconsin-Eau Claire,94-120,94,120,4-3,5-0,12/02/16,Win,187,No Location Recorded,6:00 p.m.,18:24,,0,4,"SUB OUT by MARTINEK,JACK",4,1,,,2,2,0.0,0.0,,,2,0,1.0,,38,2304
7,Rhodes,Wisconsin-Eau Claire,94-120,94,120,4-3,5-0,12/02/16,Win,187,No Location Recorded,6:00 p.m.,18:10,,0,6,"GOOD LAYUP by WEIX,JOSH(fastbreak)(in the paint)",6,1,,,2,2,0.0,0.0,layup,good,3,0,1.0,,38,2290
7,Rhodes,Wisconsin-Eau Claire,94-120,94,120,4-3,5-0,12/02/16,Win,187,No Location Recorded,6:00 p.m.,18:10,,0,6,"ASSIST  by DIEKELMAN,GEORGE",6,1,,,2,2,0.0,0.0,,,3,0,1.0,,38,2290
7,Rhodes,Wisconsin-Eau Claire,94-120,94,120,4-3,5-0,12/02/16,Win,187,No Location Recorded,6:00 p.m.,18:01,"MISS 3PTR by NYAWATA,ANESU",0,6,,6,1,3ptr,miss,3,3,0.0,0.0,,,3,0,1.0,,38,2281
7,Rhodes,Wisconsin-Eau Claire,94-120,94,120,4-3,5-0,12/02/16,Win,187,No Location Recorded,6:00 p.m.,18:01,,0,6,REBOUND DEF by TEAM,6,1,,,3,3,0.0,0.0,,,3,0,1.0,,38,2281
7,Rhodes,Wisconsin-Eau Claire,94-120,94,120,4-3,5-0,12/02/16,Win,187,No Location Recorded,6:00 p.m.,17:57,"SUB IN by GALVIN,OWEN",0,6,,6,1,,,3,3,0.0,0.0,,,3,0,1.0,,37,2277
7,Rhodes,Wisconsin-Eau Claire,94-120,94,120,4-3,5-0,12/02/16,Win,187,No Location Recorded,6:00 p.m.,17:57,"SUB IN by DALTON,PRICE",0,6,,6,1,,,3,3,0.0,0.0,,,3,0,1.0,,37,2277
7,Rhodes,Wisconsin-Eau Claire,94-120,94,120,4-3,5-0,12/02/16,Win,187,No Location Recorded,6:00 p.m.,17:57,"SUB IN by WEATHERFORD,MITCH",0,6,,6,1,,,3,3,0.0,0.0,,,3,0,1.0,,37,2277
7,Rhodes,Wisconsin-Eau Claire,94-120,94,120,4-3,5-0,12/02/16,Win,187,No Location Recorded,6:00 p.m.,17:57,"SUB IN by NESTLEHUTT,JAKE",0,6,,6,1,,,3,3,0.0,0.0,,,3,0,1.0,,37,2277
7,Rhodes,Wisconsin-Eau Claire,94-120,94,120,4-3,5-0,12/02/16,Win,187,No Location Recorded,6:00 p.m.,17:57,"SUB IN by GEE,TYLER",0,6,,6,1,,,3,3,0.0,0.0,,,3,0,1.0,,37,2277
7,Rhodes,Wisconsin-Eau Claire,94-120,94,120,4-3,5-0,12/02/16,Win,187,No Location Recorded,6:00 p.m.,17:57,"SUB OUT by BERRY,BRYCE",0,6,,6,1,,,3,3,0.0,0.0,,,3,0,1.0,,37,2277
7,Rhodes,Wisconsin-Eau Claire,94-120,94,120,4-3,5-0,12/02/16,Win,187,No Location Recorded,6:00 p.m.,17:57,"SUB OUT by NYAWATA,ANESU",0,6,,6,1,,,3,3,0.0,0.0,,,3,0,1.0,,37,2277
7,Rhodes,Wisconsin-Eau Claire,94-120,94,120,4-3,5-0,12/02/16,Win,187,No Location Recorded,6:00 p.m.,17:57,"SUB OUT by LOWRIE,ANDREW",0,6,,6,1,,,3,3,0.0,0.0,,,3,0,1.0,,37,2277
7,Rhodes,Wisconsin-Eau Claire,94-120,94,120,4-3,5-0,12/02/16,Win,187,No Location Recorded,6:00 p.m.,17:57,"SUB OUT by WEIR,JJ",0,6,,6,1,,,3,3,0.0,0.0,,,3,0,1.0,,37,2277
7,Rhodes,Wisconsin-Eau Claire,94-120,94,120,4-3,5-0,12/02/16,Win,187,No Location Recorded,6:00 p.m.,17:57,"SUB OUT by HARRISON,IAN",0,6,,6,1,,,3,3,0.0,0.0,,,3,0,1.0,,37,2277
7,Rhodes,Wisconsin-Eau Claire,94-120,94,120,4-3,5-0,12/02/16,Win,187,No Location Recorded,6:00 p.m.,17:48,,0,8,"GOOD JUMPER by DIEKELMAN,GEORGE",8,1,,,3,3,0.0,0.0,jumper,good,4,0,1.0,,37,2268
7,Rhodes,Wisconsin-Eau Claire,94-120,94,120,4-3,5-0,12/02/16,Win,187,No Location Recorded,6:00 p.m.,17:40,"TURNOVER  by DALTON,PRICE",0,8,,8,1,,,3,3,0.0,0.0,,,4,0,1.0,,37,2260
7,Rhodes,Wisconsin-Eau Claire,94-120,94,120,4-3,5-0,12/02/16,Win,187,No Location Recorded,6:00 p.m.,17:25,,0,10,"GOOD LAYUP by DUFF,CHRIS(in the paint)",10,1,,,3,3,0.0,0.0,layup,good,5,0,1.0,,37,2245
7,Rhodes,Wisconsin-Eau Claire,94-120,94,120,4-3,5-0,12/02/16,Win,187,No Location Recorded,6:00 p.m.,17:25,,0,10,"ASSIST  by DIEKELMAN,GEORGE",10,1,,,3,3,0.0,0.0,,,5,0,1.0,,37,2245
7,Rhodes,Wisconsin-Eau Claire,94-120,94,120,4-3,5-0,12/02/16,Win,187,No Location Recorded,6:00 p.m.,17:17,"TURNOVER  by WEATHERFORD,MITCH",0,10,,10,1,,,3,3,0.0,0.0,,,5,0,1.0,,37,2237
7,Rhodes,Wisconsin-Eau Claire,94-120,94,120,4-3,5-0,12/02/16,Win,187,No Location Recorded,6:00 p.m.,17:15,,0,10,"STEAL  by DUFF,CHRIS",10,1,,,3,3,0.0,0.0,,,5,0,1.0,,37,2235
7,Rhodes,Wisconsin-Eau Claire,94-120,94,120,4-3,5-0,12/02/16,Win,187,No Location Recorded,6:00 p.m.,17:10,,0,12,"GOOD LAYUP by DUXBURY,ANDREW(fastbreak)(in the paint)",12,1,,,3,3,0.0,0.0,layup,good,6,0,1.0,,37,2230
7,Rhodes,Wisconsin-Eau Claire,94-120,94,120,4-3,5-0,12/02/16,Win,187,No Location Recorded,6:00 p.m.,17:10,,0,12,"ASSIST  by DUFF,CHRIS",12,1,,,3,3,0.0,0.0,,,6,0,1.0,,37,2230
7,Rhodes,Wisconsin-Eau Claire,94-120,94,120,4-3,5-0,12/02/16,Win,187,No Location Recorded,6:00 p.m.,16:57,"TURNOVER  by GALVIN,OWEN",0,12,,12,1,,,3,3,0.0,0.0,,,6,0,1.0,,36,2217
7,Rhodes,Wisconsin-Eau Claire,94-120,94,120,4-3,5-0,12/02/16,Win,187,No Location Recorded,6:00 p.m.,16:57,"SUB IN by GIROUX,PRESTON",0,12,,12,1,,,3,3,0.0,0.0,,,6,0,1.0,,36,2217
7,Rhodes,Wisconsin-Eau Claire,94-120,94,120,4-3,5-0,12/02/16,Win,187,No Location Recorded,6:00 p.m.,16:57,"SUB IN by SULLIVAN,BRENNAN",0,12,,12,1,,,3,3,0.0,0.0,,,6,0,1.0,,36,2217
7,Rhodes,Wisconsin-Eau Claire,94-120,94,120,4-3,5-0,12/02/16,Win,187,No Location Recorded,6:00 p.m.,16:57,"SUB IN by ASHBY,KENDRICK",0,12,,12,1,,,3,3,0.0,0.0,,,6,0,1.0,,36,2217
7,Rhodes,Wisconsin-Eau Claire,94-120,94,120,4-3,5-0,12/02/16,Win,187,No Location Recorded,6:00 p.m.,16:57,"SUB IN by DE FERIA,NICK",0,12,,12,1,,,3,3,0.0,0.0,,,6,0,1.0,,36,2217
7,Rhodes,Wisconsin-Eau Claire,94-120,94,120,4-3,5-0,12/02/16,Win,187,No Location Recorded,6:00 p.m.,16:57,"SUB IN by DARST,DANIEL",0,12,,12,1,,,3,3,0.0,0.0,,,6,0,1.0,,36,2217
7,Rhodes,Wisconsin-Eau Claire,94-120,94,120,4-3,5-0,12/02/16,Win,187,No Location Recorded,6:00 p.m.,16:57,"SUB OUT by GALVIN,OWEN",0,12,,12,1,,,3,3,0.0,0.0,,,6,0,1.0,,36,2217
7,Rhodes,Wisconsin-Eau Claire,94-120,94,120,4-3,5-0,12/02/16,Win,187,No Location Recorded,6:00 p.m.,16:57,"SUB OUT by DALTON,PRICE",0,12,,12,1,,,3,3,0.0,0.0,,,6,0,1.0,,36,2217
7,Rhodes,Wisconsin-Eau Claire,94-120,94,120,4-3,5-0,12/02/16,Win,187,No Location Recorded,6:00 p.m.,16:57,"SUB OUT by WEATHERFORD,MITCH",0,12,,12,1,,,3,3,0.0,0.0,,,6,0,1.0,,36,2217
7,Rhodes,Wisconsin-Eau Claire,94-120,94,120,4-3,5-0,12/02/16,Win,187,No Location Recorded,6:00 p.m.,16:57,"SUB OUT by NESTLEHUTT,JAKE",0,12,,12,1,,,3,3,0.0,0.0,,,6,0,1.0,,36,2217
7,Rhodes,Wisconsin-Eau Claire,94-120,94,120,4-3,5-0,12/02/16,Win,187,No Location Recorded,6:00 p.m.,16:57,"SUB OUT by GEE,TYLER",0,12,,12,1,,,3,3,0.0,0.0,,,6,0,1.0,,36,2217
7,Rhodes,Wisconsin-Eau Claire,94-120,94,120,4-3,5-0,12/02/16,Win,187,No Location Recorded,6:00 p.m.,16:57,,0,12,"SUB IN by MARTINEK,JACK",12,1,,,3,3,0.0,0.0,,,6,0,1.0,,36,2217
7,Rhodes,Wisconsin-Eau Claire,94-120,94,120,4-3,5-0,12/02/16,Win,187,No Location Recorded,6:00 p.m.,16:57,,0,12,"SUB IN by SCHNEIDERMANN,JARED",12,1,,,3,3,0.0,0.0,,,6,0,1.0,,36,2217
7,Rhodes,Wisconsin-Eau Claire,94-120,94,120,4-3,5-0,12/02/16,Win,187,No Location Recorded,6:00 p.m.,16:57,,0,12,"SUB IN by LUCAS,DEONDRE",12,1,,,3,3,0.0,0.0,,,6,0,1.0,,36,2217
7,Rhodes,Wisconsin-Eau Claire,94-120,94,120,4-3,5-0,12/02/16,Win,187,No Location Recorded,6:00 p.m.,16:57,,0,12,"SUB OUT by WEIX,JOSH",12,1,,,3,3,0.0,0.0,,,6,0,1.0,,36,2217
7,Rhodes,Wisconsin-Eau Claire,94-120,94,120,4-3,5-0,12/02/16,Win,187,No Location Recorded,6:00 p.m.,16:57,,0,12,"SUB OUT by DUXBURY,ANDREW",12,1,,,3,3,0.0,0.0,,,6,0,1.0,,36,2217
7,Rhodes,Wisconsin-Eau Claire,94-120,94,120,4-3,5-0,12/02/16,Win,187,No Location Recorded,6:00 p.m.,16:57,,0,12,"SUB OUT by DIEKELMAN,GEORGE",12,1,,,3,3,0.0,0.0,,,6,0,1.0,,36,2217
7,Rhodes,Wisconsin-Eau Claire,94-120,94,120,4-3,5-0,12/02/16,Win,187,No Location Recorded,6:00 p.m.,16:51,,0,12,"TURNOVER  by LUCAS,DEONDRE",12,1,,,3,3,0.0,0.0,,,6,0,1.0,,36,2211
7,Rhodes,Wisconsin-Eau Claire,94-120,94,120,4-3,5-0,12/02/16,Win,187,No Location Recorded,6:00 p.m.,16:35,"TURNOVER  by ASHBY,KENDRICK",0,12,,12,1,,,3,3,0.0,0.0,,,6,0,1.0,,36,2195
7,Rhodes,Wisconsin-Eau Claire,94-120,94,120,4-3,5-0,12/02/16,Win,187,No Location Recorded,6:00 p.m.,16:35,,0,12,"STEAL  by DUFF,CHRIS",12,1,,,3,3,0.0,0.0,,,6,0,1.0,,36,2195
7,Rhodes,Wisconsin-Eau Claire,94-120,94,120,4-3,5-0,12/02/16,Win,187,No Location Recorded,6:00 p.m.,16:18,,0,12,"MISS 3PTR by LUCAS,DEONDRE",12,1,,,3,3,0.0,0.0,3ptr,miss,7,1,0.857,0.0,36,2178
7,Rhodes,Wisconsin-Eau Claire,94-120,94,120,4-3,5-0,12/02/16,Win,187,No Location Recorded,6:00 p.m.,16:18,"REBOUND DEF by DE FERIA,NICK",0,12,,12,1,,,3,3,0.0,0.0,,,7,1,0.857,0.0,36,2178
7,Rhodes,Wisconsin-Eau Claire,94-120,94,120,4-3,5-0,12/02/16,Win,187,No Location Recorded,6:00 p.m.,16:15,,0,12,"FOUL  by MARTINEK,JACK",12,1,,,3,3,0.0,0.0,foul,,7,1,0.857,0.0,36,2175
7,Rhodes,Wisconsin-Eau Claire,94-120,94,120,4-3,5-0,12/02/16,Win,187,No Location Recorded,6:00 p.m.,16:00,"MISS 3PTR by DARST,DANIEL",0,12,,12,1,3ptr,miss,4,4,0.0,0.0,,,7,1,0.857,0.0,36,2160
7,Rhodes,Wisconsin-Eau Claire,94-120,94,120,4-3,5-0,12/02/16,Win,187,No Location Recorded,6:00 p.m.,16:00,,0,12,"REBOUND DEF by SCHNEIDERMANN,JARED",12,1,,,4,4,0.0,0.0,,,7,1,0.857,0.0,36,2160
7,Rhodes,Wisconsin-Eau Claire,94-120,94,120,4-3,5-0,12/02/16,Win,187,No Location Recorded,6:00 p.m.,15:45,,0,12,"TURNOVER  by SCHNEIDERMANN,JARED",12,1,,,4,4,0.0,0.0,,,7,1,0.857,0.0,35,2145
7,Rhodes,Wisconsin-Eau Claire,94-120,94,120,4-3,5-0,12/02/16,Win,187,No Location Recorded,6:00 p.m.,15:44,"STEAL  by GIROUX,PRESTON",0,12,,12,1,,,4,4,0.0,0.0,,,7,1,0.857,0.0,35,2144
7,Rhodes,Wisconsin-Eau Claire,94-120,94,120,4-3,5-0,12/02/16,Win,187,No Location Recorded,6:00 p.m.,15:24,"MISS 3PTR by SULLIVAN,BRENNAN",0,12,,12,1,3ptr,miss,5,5,0.0,0.0,,,7,1,0.857,0.0,35,2124
7,Rhodes,Wisconsin-Eau Claire,94-120,94,120,4-3,5-0,12/02/16,Win,187,No Location Recorded,6:00 p.m.,15:24,,0,12,REBOUND DEF by TEAM,12,1,,,5,5,0.0,0.0,,,7,1,0.857,0.0,35,2124
7,Rhodes,Wisconsin-Eau Claire,94-120,94,120,4-3,5-0,12/02/16,Win,187,No Location Recorded,6:00 p.m.,15:21,TIMEOUT TEAM by TEAM,0,12,,12,1,,,5,5,0.0,0.0,,,7,1,0.857,0.0,35,2121
7,Rhodes,Wisconsin-Eau Claire,94-120,94,120,4-3,5-0,12/02/16,Win,187,No Location Recorded,6:00 p.m.,15:21,"SUB IN by WEIR,JJ",0,12,,12,1,,,5,5,0.0,0.0,,,7,1,0.857,0.0,35,2121
7,Rhodes,Wisconsin-Eau Claire,94-120,94,120,4-3,5-0,12/02/16,Win,187,No Location Recorded,6:00 p.m.,15:21,"SUB IN by BERRY,BRYCE",0,12,,12,1,,,5,5,0.0,0.0,,,7,1,0.857,0.0,35,2121
7,Rhodes,Wisconsin-Eau Claire,94-120,94,120,4-3,5-0,12/02/16,Win,187,No Location Recorded,6:00 p.m.,15:21,"SUB IN by LOWRIE,ANDREW",0,12,,12,1,,,5,5,0.0,0.0,,,7,1,0.857,0.0,35,2121
7,Rhodes,Wisconsin-Eau Claire,94-120,94,120,4-3,5-0,12/02/16,Win,187,No Location Recorded,6:00 p.m.,15:21,"SUB IN by HARRISON,IAN",0,12,,12,1,,,5,5,0.0,0.0,,,7,1,0.857,0.0,35,2121
7,Rhodes,Wisconsin-Eau Claire,94-120,94,120,4-3,5-0,12/02/16,Win,187,No Location Recorded,6:00 p.m.,15:21,"SUB IN by NYAWATA,ANESU",0,12,,12,1,,,5,5,0.0,0.0,,,7,1,0.857,0.0,35,2121
7,Rhodes,Wisconsin-Eau Claire,94-120,94,120,4-3,5-0,12/02/16,Win,187,No Location Recorded,6:00 p.m.,15:21,"SUB OUT by GIROUX,PRESTON",0,12,,12,1,,,5,5,0.0,0.0,,,7,1,0.857,0.0,35,2121
7,Rhodes,Wisconsin-Eau Claire,94-120,94,120,4-3,5-0,12/02/16,Win,187,No Location Recorded,6:00 p.m.,15:21,"SUB OUT by SULLIVAN,BRENNAN",0,12,,12,1,,,5,5,0.0,0.0,,,7,1,0.857,0.0,35,2121
7,Rhodes,Wisconsin-Eau Claire,94-120,94,120,4-3,5-0,12/02/16,Win,187,No Location Recorded,6:00 p.m.,15:21,"SUB OUT by ASHBY,KENDRICK",0,12,,12,1,,,5,5,0.0,0.0,,,7,1,0.857,0.0,35,2121
7,Rhodes,Wisconsin-Eau Claire,94-120,94,120,4-3,5-0,12/02/16,Win,187,No Location Recorded,6:00 p.m.,15:21,"SUB OUT by DE FERIA,NICK",0,12,,12,1,,,5,5,0.0,0.0,,,7,1,0.857,0.0,35,2121
7,Rhodes,Wisconsin-Eau Claire,94-120,94,120,4-3,5-0,12/02/16,Win,187,No Location Recorded,6:00 p.m.,15:21,"SUB OUT by DARST,DANIEL",0,12,,12,1,,,5,5,0.0,0.0,,,7,1,0.857,0.0,35,2121
7,Rhodes,Wisconsin-Eau Claire,94-120,94,120,4-3,5-0,12/02/16,Win,187,No Location Recorded,6:00 p.m.,15:21,,0,12,"SUB IN by WEIX,JOSH",12,1,,,5,5,0.0,0.0,,,7,1,0.857,0.0,35,2121
7,Rhodes,Wisconsin-Eau Claire,94-120,94,120,4-3,5-0,12/02/16,Win,187,No Location Recorded,6:00 p.m.,15:21,,0,12,"SUB IN by DUXBURY,ANDREW",12,1,,,5,5,0.0,0.0,,,7,1,0.857,0.0,35,2121
7,Rhodes,Wisconsin-Eau Claire,94-120,94,120,4-3,5-0,12/02/16,Win,187,No Location Recorded,6:00 p.m.,15:21,,0,12,"SUB IN by DIEKELMAN,GEORGE",12,1,,,5,5,0.0,0.0,,,7,1,0.857,0.0,35,2121
7,Rhodes,Wisconsin-Eau Claire,94-120,94,120,4-3,5-0,12/02/16,Win,187,No Location Recorded,6:00 p.m.,15:21,,0,12,"SUB OUT by MILLER,SEAN",12,1,,,5,5,0.0,0.0,,,7,1,0.857,0.0,35,2121
7,Rhodes,Wisconsin-Eau Claire,94-120,94,120,4-3,5-0,12/02/16,Win,187,No Location Recorded,6:00 p.m.,15:21,,0,12,"SUB OUT by MARTINEK,JACK",12,1,,,5,5,0.0,0.0,,,7,1,0.857,0.0,35,2121
7,Rhodes,Wisconsin-Eau Claire,94-120,94,120,4-3,5-0,12/02/16,Win,187,No Location Recorded,6:00 p.m.,15:21,,0,12,"SUB OUT by SCHNEIDERMANN,JARED",12,1,,,5,5,0.0,0.0,,,7,1,0.857,0.0,35,2121
7,Rhodes,Wisconsin-Eau Claire,94-120,94,120,4-3,5-0,12/02/16,Win,187,No Location Recorded,6:00 p.m.,15:21,,0,12,"SUB OUT by LUCAS,DEONDRE",12,1,,,5,5,0.0,0.0,,,7,1,0.857,0.0,35,2121
7,Rhodes,Wisconsin-Eau Claire,94-120,94,120,4-3,5-0,12/02/16,Win,187,No Location Recorded,6:00 p.m.,15:20,,0,14,"GOOD LAYUP by MARTINEK,JACK(in the paint)",14,1,,,5,5,0.0,0.0,layup,good,8,1,0.875,0.0,35,2120
7,Rhodes,Wisconsin-Eau Claire,94-120,94,120,4-3,5-0,12/02/16,Win,187,No Location Recorded,6:00 p.m.,15:20,,0,14,"ASSIST  by MILLER,SEAN",14,1,,,5,5,0.0,0.0,,,8,1,0.875,0.0,35,2120
7,Rhodes,Wisconsin-Eau Claire,94-120,94,120,4-3,5-0,12/02/16,Win,187,No Location Recorded,6:00 p.m.,15:12,"GOOD LAYUP by WEIR,JJ(in the paint)",2,14,,12,1,layup,good,6,5,0.167,0.0,,,8,1,0.875,0.0,35,2112
7,Rhodes,Wisconsin-Eau Claire,94-120,94,120,4-3,5-0,12/02/16,Win,187,No Location Recorded,6:00 p.m.,15:03,,2,14,"TURNOVER  by DUXBURY,ANDREW",12,1,,,6,5,0.167,0.0,,,8,1,0.875,0.0,35,2103
7,Rhodes,Wisconsin-Eau Claire,94-120,94,120,4-3,5-0,12/02/16,Win,187,No Location Recorded,6:00 p.m.,15:02,"STEAL  by BERRY,BRYCE",2,14,,12,1,,,6,5,0.167,0.0,,,8,1,0.875,0.0,35,2102
7,Rhodes,Wisconsin-Eau Claire,94-120,94,120,4-3,5-0,12/02/16,Win,187,No Location Recorded,6:00 p.m.,14:59,"TURNOVER  by BERRY,BRYCE",2,14,,12,1,,,6,5,0.167,0.0,,,8,1,0.875,0.0,34,2099
7,Rhodes,Wisconsin-Eau Claire,94-120,94,120,4-3,5-0,12/02/16,Win,187,No Location Recorded,6:00 p.m.,14:48,,2,16,"GOOD DUNK by WEIX,JOSH(fastbreak)(in the paint)",14,1,,,6,5,0.167,0.0,,good,9,1,0.889,0.0,34,2088
7,Rhodes,Wisconsin-Eau Claire,94-120,94,120,4-3,5-0,12/02/16,Win,187,No Location Recorded,6:00 p.m.,14:48,,2,16,"ASSIST  by MARTINEK,JACK",14,1,,,6,5,0.167,0.0,,,9,1,0.889,0.0,34,2088
7,Rhodes,Wisconsin-Eau Claire,94-120,94,120,4-3,5-0,12/02/16,Win,187,No Location Recorded,6:00 p.m.,14:44,"TURNOVER  by WEIR,JJ",2,16,,14,1,,,6,5,0.167,0.0,,,9,1,0.889,0.0,34,2084
7,Rhodes,Wisconsin-Eau Claire,94-120,94,120,4-3,5-0,12/02/16,Win,187,No Location Recorded,6:00 p.m.,14:42,"SUB IN by NESTLEHUTT,JAKE",2,16,,14,1,,,6,5,0.167,0.0,,,9,1,0.889,0.0,34,2082
7,Rhodes,Wisconsin-Eau Claire,94-120,94,120,4-3,5-0,12/02/16,Win,187,No Location Recorded,6:00 p.m.,14:42,"SUB IN by WEATHERFORD,MITCH",2,16,,14,1,,,6,5,0.167,0.0,,,9,1,0.889,0.0,34,2082
7,Rhodes,Wisconsin-Eau Claire,94-120,94,120,4-3,5-0,12/02/16,Win,187,No Location Recorded,6:00 p.m.,14:42,"SUB IN by GEE,TYLER",2,16,,14,1,,,6,5,0.167,0.0,,,9,1,0.889,0.0,34,2082
7,Rhodes,Wisconsin-Eau Claire,94-120,94,120,4-3,5-0,12/02/16,Win,187,No Location Recorded,6:00 p.m.,14:42,"SUB IN by GALVIN,OWEN",2,16,,14,1,,,6,5,0.167,0.0,,,9,1,0.889,0.0,34,2082
7,Rhodes,Wisconsin-Eau Claire,94-120,94,120,4-3,5-0,12/02/16,Win,187,No Location Recorded,6:00 p.m.,14:42,"SUB IN by DALTON,PRICE",2,16,,14,1,,,6,5,0.167,0.0,,,9,1,0.889,0.0,34,2082
7,Rhodes,Wisconsin-Eau Claire,94-120,94,120,4-3,5-0,12/02/16,Win,187,No Location Recorded,6:00 p.m.,14:42,"SUB OUT by WEIR,JJ",2,16,,14,1,,,6,5,0.167,0.0,,,9,1,0.889,0.0,34,2082
7,Rhodes,Wisconsin-Eau Claire,94-120,94,120,4-3,5-0,12/02/16,Win,187,No Location Recorded,6:00 p.m.,14:42,"SUB OUT by BERRY,BRYCE",2,16,,14,1,,,6,5,0.167,0.0,,,9,1,0.889,0.0,34,2082
7,Rhodes,Wisconsin-Eau Claire,94-120,94,120,4-3,5-0,12/02/16,Win,187,No Location Recorded,6:00 p.m.,14:42,"SUB OUT by LOWRIE,ANDREW",2,16,,14,1,,,6,5,0.167,0.0,,,9,1,0.889,0.0,34,2082
7,Rhodes,Wisconsin-Eau Claire,94-120,94,120,4-3,5-0,12/02/16,Win,187,No Location Recorded,6:00 p.m.,14:42,"SUB OUT by HARRISON,IAN",2,16,,14,1,,,6,5,0.167,0.0,,,9,1,0.889,0.0,34,2082
7,Rhodes,Wisconsin-Eau Claire,94-120,94,120,4-3,5-0,12/02/16,Win,187,No Location Recorded,6:00 p.m.,14:42,"SUB OUT by NYAWATA,ANESU",2,16,,14,1,,,6,5,0.167,0.0,,,9,1,0.889,0.0,34,2082
7,Rhodes,Wisconsin-Eau Claire,94-120,94,120,4-3,5-0,12/02/16,Win,187,No Location Recorded,6:00 p.m.,14:30,,2,16,"MISS LAYUP by MARTINEK,JACK",14,1,,,6,5,0.167,0.0,layup,miss,10,1,0.8,0.0,34,2070
7,Rhodes,Wisconsin-Eau Claire,94-120,94,120,4-3,5-0,12/02/16,Win,187,No Location Recorded,6:00 p.m.,14:30,"REBOUND DEF by NESTLEHUTT,JAKE",2,16,,14,1,,,6,5,0.167,0.0,,,10,1,0.8,0.0,34,2070
7,Rhodes,Wisconsin-Eau Claire,94-120,94,120,4-3,5-0,12/02/16,Win,187,No Location Recorded,6:00 p.m.,14:21,"MISS 3PTR by GALVIN,OWEN",2,16,,14,1,3ptr,miss,7,6,0.143,0.0,,,10,1,0.8,0.0,34,2061
7,Rhodes,Wisconsin-Eau Claire,94-120,94,120,4-3,5-0,12/02/16,Win,187,No Location Recorded,6:00 p.m.,14:21,,2,16,"REBOUND DEF by MILLER,SEAN",14,1,,,7,6,0.143,0.0,,,10,1,0.8,0.0,34,2061
7,Rhodes,Wisconsin-Eau Claire,94-120,94,120,4-3,5-0,12/02/16,Win,187,No Location Recorded,6:00 p.m.,14:11,,2,16,"TURNOVER  by DIEKELMAN,GEORGE",14,1,,,7,6,0.143,0.0,,,10,1,0.8,0.0,34,2051
7,Rhodes,Wisconsin-Eau Claire,94-120,94,120,4-3,5-0,12/02/16,Win,187,No Location Recorded,6:00 p.m.,13:51,"GOOD LAYUP by GALVIN,OWEN(in the paint)",4,16,,12,1,layup,good,8,6,0.25,0.0,,,10,1,0.8,0.0,33,2031
7,Rhodes,Wisconsin-Eau Claire,94-120,94,120,4-3,5-0,12/02/16,Win,187,No Location Recorded,6:00 p.m.,13:39,"FOUL  by DALTON,PRICE",4,16,,12,1,foul,,8,6,0.25,0.0,,,10,1,0.8,0.0,33,2019
7,Rhodes,Wisconsin-Eau Claire,94-120,94,120,4-3,5-0,12/02/16,Win,187,No Location Recorded,6:00 p.m.,13:39,,4,16,"MISS FT by MCDONALD,KYLE",12,1,,,8,6,0.25,0.0,ft,miss,11,1,0.727,0.0,33,2019
7,Rhodes,Wisconsin-Eau Claire,94-120,94,120,4-3,5-0,12/02/16,Win,187,No Location Recorded,6:00 p.m.,13:39,,4,16,REBOUND DEADB by TEAM,12,1,,,8,6,0.25,0.0,,,11,1,0.727,0.0,33,2019
7,Rhodes,Wisconsin-Eau Claire,94-120,94,120,4-3,5-0,12/02/16,Win,187,No Location Recorded,6:00 p.m.,13:39,,4,16,"MISS FT by MCDONALD,KYLE",12,1,,,8,6,0.25,0.0,ft,miss,12,1,0.667,0.0,33,2019
7,Rhodes,Wisconsin-Eau Claire,94-120,94,120,4-3,5-0,12/02/16,Win,187,No Location Recorded,6:00 p.m.,13:39,REBOUND DEF by TEAM,4,16,,12,1,,,8,6,0.25,0.0,,,12,1,0.667,0.0,33,2019
7,Rhodes,Wisconsin-Eau Claire,94-120,94,120,4-3,5-0,12/02/16,Win,187,No Location Recorded,6:00 p.m.,13:39,"SUB IN by SULLIVAN,BRENNAN",4,16,,12,1,,,8,6,0.25,0.0,,,12,1,0.667,0.0,33,2019
7,Rhodes,Wisconsin-Eau Claire,94-120,94,120,4-3,5-0,12/02/16,Win,187,No Location Recorded,6:00 p.m.,13:39,"SUB IN by DE FERIA,NICK",4,16,,12,1,,,8,6,0.25,0.0,,,12,1,0.667,0.0,33,2019
7,Rhodes,Wisconsin-Eau Claire,94-120,94,120,4-3,5-0,12/02/16,Win,187,No Location Recorded,6:00 p.m.,13:39,"SUB IN by GIROUX,PRESTON",4,16,,12,1,,,8,6,0.25,0.0,,,12,1,0.667,0.0,33,2019
7,Rhodes,Wisconsin-Eau Claire,94-120,94,120,4-3,5-0,12/02/16,Win,187,No Location Recorded,6:00 p.m.,13:39,"SUB IN by ASHBY,KENDRICK",4,16,,12,1,,,8,6,0.25,0.0,,,12,1,0.667,0.0,33,2019
7,Rhodes,Wisconsin-Eau Claire,94-120,94,120,4-3,5-0,12/02/16,Win,187,No Location Recorded,6:00 p.m.,13:39,"SUB OUT by NESTLEHUTT,JAKE",4,16,,12,1,,,8,6,0.25,0.0,,,12,1,0.667,0.0,33,2019
7,Rhodes,Wisconsin-Eau Claire,94-120,94,120,4-3,5-0,12/02/16,Win,187,No Location Recorded,6:00 p.m.,13:39,"SUB OUT by WEATHERFORD,MITCH",4,16,,12,1,,,8,6,0.25,0.0,,,12,1,0.667,0.0,33,2019
7,Rhodes,Wisconsin-Eau Claire,94-120,94,120,4-3,5-0,12/02/16,Win,187,No Location Recorded,6:00 p.m.,13:39,"SUB OUT by GEE,TYLER",4,16,,12,1,,,8,6,0.25,0.0,,,12,1,0.667,0.0,33,2019
7,Rhodes,Wisconsin-Eau Claire,94-120,94,120,4-3,5-0,12/02/16,Win,187,No Location Recorded,6:00 p.m.,13:39,"SUB OUT by GALVIN,OWEN",4,16,,12,1,,,8,6,0.25,0.0,,,12,1,0.667,0.0,33,2019
7,Rhodes,Wisconsin-Eau Claire,94-120,94,120,4-3,5-0,12/02/16,Win,187,No Location Recorded,6:00 p.m.,13:39,"SUB OUT by DALTON,PRICE",4,16,,12,1,,,8,6,0.25,0.0,,,12,1,0.667,0.0,33,2019
7,Rhodes,Wisconsin-Eau Claire,94-120,94,120,4-3,5-0,12/02/16,Win,187,No Location Recorded,6:00 p.m.,13:39,,4,16,"SUB IN by SCHNEIDERMANN,JARED",12,1,,,8,6,0.25,0.0,,,12,1,0.667,0.0,33,2019
7,Rhodes,Wisconsin-Eau Claire,94-120,94,120,4-3,5-0,12/02/16,Win,187,No Location Recorded,6:00 p.m.,13:39,,4,16,"SUB IN by DUFF,CHRIS",12,1,,,8,6,0.25,0.0,,,12,1,0.667,0.0,33,2019
7,Rhodes,Wisconsin-Eau Claire,94-120,94,120,4-3,5-0,12/02/16,Win,187,No Location Recorded,6:00 p.m.,13:39,,4,16,"SUB OUT by WEIX,JOSH",12,1,,,8,6,0.25,0.0,,,12,1,0.667,0.0,33,2019
7,Rhodes,Wisconsin-Eau Claire,94-120,94,120,4-3,5-0,12/02/16,Win,187,No Location Recorded,6:00 p.m.,13:37,,4,16,"FOUL  by SCHNEIDERMANN,JARED",12,1,,,8,6,0.25,0.0,foul,,12,1,0.667,0.0,33,2017
7,Rhodes,Wisconsin-Eau Claire,94-120,94,120,4-3,5-0,12/02/16,Win,187,No Location Recorded,6:00 p.m.,13:37,"SUB IN by DARST,DANIEL",4,16,,12,1,,,8,6,0.25,0.0,,,12,1,0.667,0.0,33,2017
7,Rhodes,Wisconsin-Eau Claire,94-120,94,120,4-3,5-0,12/02/16,Win,187,No Location Recorded,6:00 p.m.,13:21,"MISS 3PTR by DARST,DANIEL",4,16,,12,1,3ptr,miss,9,7,0.222,0.0,,,12,1,0.667,0.0,33,2001
7,Rhodes,Wisconsin-Eau Claire,94-120,94,120,4-3,5-0,12/02/16,Win,187,No Location Recorded,6:00 p.m.,13:21,,4,16,"REBOUND DEF by SCHNEIDERMANN,JARED",12,1,,,9,7,0.222,0.0,,,12,1,0.667,0.0,33,2001
7,Rhodes,Wisconsin-Eau Claire,94-120,94,120,4-3,5-0,12/02/16,Win,187,No Location Recorded,6:00 p.m.,13:07,,4,18,"GOOD LAYUP by DIEKELMAN,GEORGE(in the paint)",14,1,,,9,7,0.222,0.0,layup,good,13,1,0.692,0.0,33,1987
7,Rhodes,Wisconsin-Eau Claire,94-120,94,120,4-3,5-0,12/02/16,Win,187,No Location Recorded,6:00 p.m.,12:37,"MISS 3PTR by DE FERIA,NICK",4,18,,14,1,3ptr,miss,10,8,0.2,0.0,,,13,1,0.692,0.0,32,1957
7,Rhodes,Wisconsin-Eau Claire,94-120,94,120,4-3,5-0,12/02/16,Win,187,No Location Recorded,6:00 p.m.,12:37,,4,18,"REBOUND DEF by DUXBURY,ANDREW",14,1,,,10,8,0.2,0.0,,,13,1,0.692,0.0,32,1957
7,Rhodes,Wisconsin-Eau Claire,94-120,94,120,4-3,5-0,12/02/16,Win,187,No Location Recorded,6:00 p.m.,12:26,"FOUL  by SULLIVAN,BRENNAN",4,18,,14,1,foul,,10,8,0.2,0.0,,,13,1,0.692,0.0,32,1946
7,Rhodes,Wisconsin-Eau Claire,94-120,94,120,4-3,5-0,12/02/16,Win,187,No Location Recorded,6:00 p.m.,12:26,"SUB IN by NYAWATA,ANESU",4,18,,14,1,,,10,8,0.2,0.0,,,13,1,0.692,0.0,32,1946
7,Rhodes,Wisconsin-Eau Claire,94-120,94,120,4-3,5-0,12/02/16,Win,187,No Location Recorded,6:00 p.m.,12:26,"SUB IN by WEIR,JJ",4,18,,14,1,,,10,8,0.2,0.0,,,13,1,0.692,0.0,32,1946
7,Rhodes,Wisconsin-Eau Claire,94-120,94,120,4-3,5-0,12/02/16,Win,187,No Location Recorded,6:00 p.m.,12:26,"SUB IN by LOWRIE,ANDREW",4,18,,14,1,,,10,8,0.2,0.0,,,13,1,0.692,0.0,32,1946
7,Rhodes,Wisconsin-Eau Claire,94-120,94,120,4-3,5-0,12/02/16,Win,187,No Location Recorded,6:00 p.m.,12:26,"SUB IN by HARRISON,IAN",4,18,,14,1,,,10,8,0.2,0.0,,,13,1,0.692,0.0,32,1946
7,Rhodes,Wisconsin-Eau Claire,94-120,94,120,4-3,5-0,12/02/16,Win,187,No Location Recorded,6:00 p.m.,12:26,"SUB IN by BERRY,BRYCE",4,18,,14,1,,,10,8,0.2,0.0,,,13,1,0.692,0.0,32,1946
7,Rhodes,Wisconsin-Eau Claire,94-120,94,120,4-3,5-0,12/02/16,Win,187,No Location Recorded,6:00 p.m.,12:26,"SUB OUT by SULLIVAN,BRENNAN",4,18,,14,1,,,10,8,0.2,0.0,,,13,1,0.692,0.0,32,1946
7,Rhodes,Wisconsin-Eau Claire,94-120,94,120,4-3,5-0,12/02/16,Win,187,No Location Recorded,6:00 p.m.,12:26,"SUB OUT by DE FERIA,NICK",4,18,,14,1,,,10,8,0.2,0.0,,,13,1,0.692,0.0,32,1946
7,Rhodes,Wisconsin-Eau Claire,94-120,94,120,4-3,5-0,12/02/16,Win,187,No Location Recorded,6:00 p.m.,12:26,"SUB OUT by DARST,DANIEL",4,18,,14,1,,,10,8,0.2,0.0,,,13,1,0.692,0.0,32,1946
7,Rhodes,Wisconsin-Eau Claire,94-120,94,120,4-3,5-0,12/02/16,Win,187,No Location Recorded,6:00 p.m.,12:26,"SUB OUT by GIROUX,PRESTON",4,18,,14,1,,,10,8,0.2,0.0,,,13,1,0.692,0.0,32,1946
7,Rhodes,Wisconsin-Eau Claire,94-120,94,120,4-3,5-0,12/02/16,Win,187,No Location Recorded,6:00 p.m.,12:26,"SUB OUT by ASHBY,KENDRICK",4,18,,14,1,,,10,8,0.2,0.0,,,13,1,0.692,0.0,32,1946
7,Rhodes,Wisconsin-Eau Claire,94-120,94,120,4-3,5-0,12/02/16,Win,187,No Location Recorded,6:00 p.m.,12:26,,4,18,"SUB IN by MILLER,SEAN",14,1,,,10,8,0.2,0.0,,,13,1,0.692,0.0,32,1946
7,Rhodes,Wisconsin-Eau Claire,94-120,94,120,4-3,5-0,12/02/16,Win,187,No Location Recorded,6:00 p.m.,12:26,,4,18,"SUB IN by MARTINEK,JACK",14,1,,,10,8,0.2,0.0,,,13,1,0.692,0.0,32,1946
7,Rhodes,Wisconsin-Eau Claire,94-120,94,120,4-3,5-0,12/02/16,Win,187,No Location Recorded,6:00 p.m.,12:26,,4,18,"SUB OUT by MCDONALD,KYLE",14,1,,,10,8,0.2,0.0,,,13,1,0.692,0.0,32,1946
7,Rhodes,Wisconsin-Eau Claire,94-120,94,120,4-3,5-0,12/02/16,Win,187,No Location Recorded,6:00 p.m.,12:26,,4,18,"SUB OUT by DUXBURY,ANDREW",14,1,,,10,8,0.2,0.0,,,13,1,0.692,0.0,32,1946
7,Rhodes,Wisconsin-Eau Claire,94-120,94,120,4-3,5-0,12/02/16,Win,187,No Location Recorded,6:00 p.m.,12:19,,4,18,"MISS LAYUP by MARTINEK,JACK",14,1,,,10,8,0.2,0.0,layup,miss,14,1,0.643,0.0,32,1939
7,Rhodes,Wisconsin-Eau Claire,94-120,94,120,4-3,5-0,12/02/16,Win,187,No Location Recorded,6:00 p.m.,12:19,REBOUND DEF by TEAM,4,18,,14,1,,,10,8,0.2,0.0,,,14,1,0.643,0.0,32,1939
7,Rhodes,Wisconsin-Eau Claire,94-120,94,120,4-3,5-0,12/02/16,Win,187,No Location Recorded,6:00 p.m.,11:59,"MISS 3PTR by WEIR,JJ",4,18,,14,1,3ptr,miss,11,9,0.182,0.0,,,14,1,0.643,0.0,31,1919
7,Rhodes,Wisconsin-Eau Claire,94-120,94,120,4-3,5-0,12/02/16,Win,187,No Location Recorded,6:00 p.m.,11:59,REBOUND OFF by TEAM,4,18,,14,1,,,11,9,0.182,0.0,,,14,1,0.643,0.0,31,1919
7,Rhodes,Wisconsin-Eau Claire,94-120,94,120,4-3,5-0,12/02/16,Win,187,No Location Recorded,6:00 p.m.,11:56,"SUB IN by NESTLEHUTT,JAKE",4,18,,14,1,,,11,9,0.182,0.0,,,14,1,0.643,0.0,31,1916
7,Rhodes,Wisconsin-Eau Claire,94-120,94,120,4-3,5-0,12/02/16,Win,187,No Location Recorded,6:00 p.m.,11:56,"SUB IN by WEATHERFORD,MITCH",4,18,,14,1,,,11,9,0.182,0.0,,,14,1,0.643,0.0,31,1916
7,Rhodes,Wisconsin-Eau Claire,94-120,94,120,4-3,5-0,12/02/16,Win,187,No Location Recorded,6:00 p.m.,11:56,"SUB IN by GALVIN,OWEN",4,18,,14,1,,,11,9,0.182,0.0,,,14,1,0.643,0.0,31,1916
7,Rhodes,Wisconsin-Eau Claire,94-120,94,120,4-3,5-0,12/02/16,Win,187,No Location Recorded,6:00 p.m.,11:56,"SUB IN by GEE,TYLER",4,18,,14,1,,,11,9,0.182,0.0,,,14,1,0.643,0.0,31,1916
7,Rhodes,Wisconsin-Eau Claire,94-120,94,120,4-3,5-0,12/02/16,Win,187,No Location Recorded,6:00 p.m.,11:56,"SUB IN by DALTON,PRICE",4,18,,14,1,,,11,9,0.182,0.0,,,14,1,0.643,0.0,31,1916
7,Rhodes,Wisconsin-Eau Claire,94-120,94,120,4-3,5-0,12/02/16,Win,187,No Location Recorded,6:00 p.m.,11:56,"SUB OUT by NYAWATA,ANESU",4,18,,14,1,,,11,9,0.182,0.0,,,14,1,0.643,0.0,31,1916
7,Rhodes,Wisconsin-Eau Claire,94-120,94,120,4-3,5-0,12/02/16,Win,187,No Location Recorded,6:00 p.m.,11:56,"SUB OUT by WEIR,JJ",4,18,,14,1,,,11,9,0.182,0.0,,,14,1,0.643,0.0,31,1916
7,Rhodes,Wisconsin-Eau Claire,94-120,94,120,4-3,5-0,12/02/16,Win,187,No Location Recorded,6:00 p.m.,11:56,"SUB OUT by LOWRIE,ANDREW",4,18,,14,1,,,11,9,0.182,0.0,,,14,1,0.643,0.0,31,1916
7,Rhodes,Wisconsin-Eau Claire,94-120,94,120,4-3,5-0,12/02/16,Win,187,No Location Recorded,6:00 p.m.,11:56,"SUB OUT by HARRISON,IAN",4,18,,14,1,,,11,9,0.182,0.0,,,14,1,0.643,0.0,31,1916
7,Rhodes,Wisconsin-Eau Claire,94-120,94,120,4-3,5-0,12/02/16,Win,187,No Location Recorded,6:00 p.m.,11:56,"SUB OUT by BERRY,BRYCE",4,18,,14,1,,,11,9,0.182,0.0,,,14,1,0.643,0.0,31,1916
7,Rhodes,Wisconsin-Eau Claire,94-120,94,120,4-3,5-0,12/02/16,Win,187,No Location Recorded,6:00 p.m.,11:56,,4,18,"SUB IN by LUCAS,DEONDRE",14,1,,,11,9,0.182,0.0,,,14,1,0.643,0.0,31,1916
7,Rhodes,Wisconsin-Eau Claire,94-120,94,120,4-3,5-0,12/02/16,Win,187,No Location Recorded,6:00 p.m.,11:56,,4,18,"SUB IN by WEIX,JOSH",14,1,,,11,9,0.182,0.0,,,14,1,0.643,0.0,31,1916
7,Rhodes,Wisconsin-Eau Claire,94-120,94,120,4-3,5-0,12/02/16,Win,187,No Location Recorded,6:00 p.m.,11:56,,4,18,"SUB OUT by SCHNEIDERMANN,JARED",14,1,,,11,9,0.182,0.0,,,14,1,0.643,0.0,31,1916
7,Rhodes,Wisconsin-Eau Claire,94-120,94,120,4-3,5-0,12/02/16,Win,187,No Location Recorded,6:00 p.m.,11:56,,4,18,"SUB OUT by DIEKELMAN,GEORGE",14,1,,,11,9,0.182,0.0,,,14,1,0.643,0.0,31,1916
7,Rhodes,Wisconsin-Eau Claire,94-120,94,120,4-3,5-0,12/02/16,Win,187,No Location Recorded,6:00 p.m.,11:55,"MISS 3PTR by GEE,TYLER",4,18,,14,1,3ptr,miss,12,10,0.167,0.0,,,14,1,0.643,0.0,31,1915
7,Rhodes,Wisconsin-Eau Claire,94-120,94,120,4-3,5-0,12/02/16,Win,187,No Location Recorded,6:00 p.m.,11:55,,4,18,"REBOUND DEF by MARTINEK,JACK",14,1,,,12,10,0.167,0.0,,,14,1,0.643,0.0,31,1915
7,Rhodes,Wisconsin-Eau Claire,94-120,94,120,4-3,5-0,12/02/16,Win,187,No Location Recorded,6:00 p.m.,11:48,"FOUL  by GEE,TYLER",4,18,,14,1,foul,,12,10,0.167,0.0,,,14,1,0.643,0.0,31,1908
7,Rhodes,Wisconsin-Eau Claire,94-120,94,120,4-3,5-0,12/02/16,Win,187,No Location Recorded,6:00 p.m.,11:46,,4,18,"TURNOVER  by MILLER,SEAN",14,1,,,12,10,0.167,0.0,,,14,1,0.643,0.0,31,1906
7,Rhodes,Wisconsin-Eau Claire,94-120,94,120,4-3,5-0,12/02/16,Win,187,No Location Recorded,6:00 p.m.,11:37,"MISS LAYUP by DALTON,PRICE",4,18,,14,1,layup,miss,13,10,0.154,0.0,,,14,1,0.643,0.0,31,1897
7,Rhodes,Wisconsin-Eau Claire,94-120,94,120,4-3,5-0,12/02/16,Win,187,No Location Recorded,6:00 p.m.,11:37,,4,18,"BLOCK  by MARTINEK,JACK",14,1,,,13,10,0.154,0.0,,,14,1,0.643,0.0,31,1897
7,Rhodes,Wisconsin-Eau Claire,94-120,94,120,4-3,5-0,12/02/16,Win,187,No Location Recorded,6:00 p.m.,11:37,REBOUND OFF by TEAM,4,18,,14,1,,,13,10,0.154,0.0,,,14,1,0.643,0.0,31,1897
7,Rhodes,Wisconsin-Eau Claire,94-120,94,120,4-3,5-0,12/02/16,Win,187,No Location Recorded,6:00 p.m.,11:31,"TURNOVER  by NESTLEHUTT,JAKE",4,18,,14,1,,,13,10,0.154,0.0,,,14,1,0.643,0.0,31,1891
7,Rhodes,Wisconsin-Eau Claire,94-120,94,120,4-3,5-0,12/02/16,Win,187,No Location Recorded,6:00 p.m.,11:30,,4,18,"STEAL  by DUFF,CHRIS",14,1,,,13,10,0.154,0.0,,,14,1,0.643,0.0,31,1890
7,Rhodes,Wisconsin-Eau Claire,94-120,94,120,4-3,5-0,12/02/16,Win,187,No Location Recorded,6:00 p.m.,11:28,,4,18,"TURNOVER  by DUFF,CHRIS",14,1,,,13,10,0.154,0.0,,,14,1,0.643,0.0,31,1888
7,Rhodes,Wisconsin-Eau Claire,94-120,94,120,4-3,5-0,12/02/16,Win,187,No Location Recorded,6:00 p.m.,11:28,"STEAL  by GALVIN,OWEN",4,18,,14,1,,,13,10,0.154,0.0,,,14,1,0.643,0.0,31,1888
7,Rhodes,Wisconsin-Eau Claire,94-120,94,120,4-3,5-0,12/02/16,Win,187,No Location Recorded,6:00 p.m.,11:20,"MISS 3PTR by NESTLEHUTT,JAKE",4,18,,14,1,3ptr,miss,14,11,0.143,0.0,,,14,1,0.643,0.0,31,1880
7,Rhodes,Wisconsin-Eau Claire,94-120,94,120,4-3,5-0,12/02/16,Win,187,No Location Recorded,6:00 p.m.,11:20,,4,18,"REBOUND DEF by DUFF,CHRIS",14,1,,,14,11,0.143,0.0,,,14,1,0.643,0.0,31,1880
7,Rhodes,Wisconsin-Eau Claire,94-120,94,120,4-3,5-0,12/02/16,Win,187,No Location Recorded,6:00 p.m.,11:13,,4,20,"GOOD DUNK by WEIX,JOSH(fastbreak)(in the paint)",16,1,,,14,11,0.143,0.0,,good,15,1,0.667,0.0,31,1873
7,Rhodes,Wisconsin-Eau Claire,94-120,94,120,4-3,5-0,12/02/16,Win,187,No Location Recorded,6:00 p.m.,11:13,,4,20,"ASSIST  by MARTINEK,JACK",16,1,,,14,11,0.143,0.0,,,15,1,0.667,0.0,31,1873
7,Rhodes,Wisconsin-Eau Claire,94-120,94,120,4-3,5-0,12/02/16,Win,187,No Location Recorded,6:00 p.m.,11:00,"MISS 3PTR by NESTLEHUTT,JAKE",4,20,,16,1,3ptr,miss,15,12,0.133,0.0,,,15,1,0.667,0.0,31,1860
7,Rhodes,Wisconsin-Eau Claire,94-120,94,120,4-3,5-0,12/02/16,Win,187,No Location Recorded,6:00 p.m.,11:00,,4,20,"REBOUND DEF by DUFF,CHRIS",16,1,,,15,12,0.133,0.0,,,15,1,0.667,0.0,31,1860
7,Rhodes,Wisconsin-Eau Claire,94-120,94,120,4-3,5-0,12/02/16,Win,187,No Location Recorded,6:00 p.m.,10:47,,4,22,"GOOD LAYUP by WEIX,JOSH(in the paint)",18,1,,,15,12,0.133,0.0,layup,good,16,1,0.688,0.0,30,1847
7,Rhodes,Wisconsin-Eau Claire,94-120,94,120,4-3,5-0,12/02/16,Win,187,No Location Recorded,6:00 p.m.,10:47,,4,22,"ASSIST  by MILLER,SEAN",18,1,,,15,12,0.133,0.0,,,16,1,0.688,0.0,30,1847
7,Rhodes,Wisconsin-Eau Claire,94-120,94,120,4-3,5-0,12/02/16,Win,187,No Location Recorded,6:00 p.m.,10:27,"GOOD LAYUP by WEATHERFORD,MITCH(in the paint)",6,22,,16,1,layup,good,16,12,0.188,0.0,,,16,1,0.688,0.0,30,1827
7,Rhodes,Wisconsin-Eau Claire,94-120,94,120,4-3,5-0,12/02/16,Win,187,No Location Recorded,6:00 p.m.,10:16,,6,24,"GOOD DUNK by WEIX,JOSH(in the paint)",18,1,,,16,12,0.188,0.0,,good,17,1,0.706,0.0,30,1816
7,Rhodes,Wisconsin-Eau Claire,94-120,94,120,4-3,5-0,12/02/16,Win,187,No Location Recorded,6:00 p.m.,10:16,,6,24,"ASSIST  by MARTINEK,JACK",18,1,,,16,12,0.188,0.0,,,17,1,0.706,0.0,30,1816
7,Rhodes,Wisconsin-Eau Claire,94-120,94,120,4-3,5-0,12/02/16,Win,187,No Location Recorded,6:00 p.m.,10:14,TIMEOUT TEAM by TEAM,6,24,,18,1,,,16,12,0.188,0.0,,,17,1,0.706,0.0,30,1814
7,Rhodes,Wisconsin-Eau Claire,94-120,94,120,4-3,5-0,12/02/16,Win,187,No Location Recorded,6:00 p.m.,10:14,"SUB IN by DE FERIA,NICK",6,24,,18,1,,,16,12,0.188,0.0,,,17,1,0.706,0.0,30,1814
7,Rhodes,Wisconsin-Eau Claire,94-120,94,120,4-3,5-0,12/02/16,Win,187,No Location Recorded,6:00 p.m.,10:14,"SUB IN by ASHBY,KENDRICK",6,24,,18,1,,,16,12,0.188,0.0,,,17,1,0.706,0.0,30,1814
7,Rhodes,Wisconsin-Eau Claire,94-120,94,120,4-3,5-0,12/02/16,Win,187,No Location Recorded,6:00 p.m.,10:14,"SUB IN by SULLIVAN,BRENNAN",6,24,,18,1,,,16,12,0.188,0.0,,,17,1,0.706,0.0,30,1814
7,Rhodes,Wisconsin-Eau Claire,94-120,94,120,4-3,5-0,12/02/16,Win,187,No Location Recorded,6:00 p.m.,10:14,"SUB IN by DARST,DANIEL",6,24,,18,1,,,16,12,0.188,0.0,,,17,1,0.706,0.0,30,1814
7,Rhodes,Wisconsin-Eau Claire,94-120,94,120,4-3,5-0,12/02/16,Win,187,No Location Recorded,6:00 p.m.,10:14,"SUB IN by GIROUX,PRESTON",6,24,,18,1,,,16,12,0.188,0.0,,,17,1,0.706,0.0,30,1814
7,Rhodes,Wisconsin-Eau Claire,94-120,94,120,4-3,5-0,12/02/16,Win,187,No Location Recorded,6:00 p.m.,10:14,"SUB OUT by NESTLEHUTT,JAKE",6,24,,18,1,,,16,12,0.188,0.0,,,17,1,0.706,0.0,30,1814
7,Rhodes,Wisconsin-Eau Claire,94-120,94,120,4-3,5-0,12/02/16,Win,187,No Location Recorded,6:00 p.m.,10:14,"SUB OUT by WEATHERFORD,MITCH",6,24,,18,1,,,16,12,0.188,0.0,,,17,1,0.706,0.0,30,1814
7,Rhodes,Wisconsin-Eau Claire,94-120,94,120,4-3,5-0,12/02/16,Win,187,No Location Recorded,6:00 p.m.,10:14,"SUB OUT by GALVIN,OWEN",6,24,,18,1,,,16,12,0.188,0.0,,,17,1,0.706,0.0,30,1814
7,Rhodes,Wisconsin-Eau Claire,94-120,94,120,4-3,5-0,12/02/16,Win,187,No Location Recorded,6:00 p.m.,10:14,"SUB OUT by GEE,TYLER",6,24,,18,1,,,16,12,0.188,0.0,,,17,1,0.706,0.0,30,1814
7,Rhodes,Wisconsin-Eau Claire,94-120,94,120,4-3,5-0,12/02/16,Win,187,No Location Recorded,6:00 p.m.,10:14,"SUB OUT by DALTON,PRICE",6,24,,18,1,,,16,12,0.188,0.0,,,17,1,0.706,0.0,30,1814
7,Rhodes,Wisconsin-Eau Claire,94-120,94,120,4-3,5-0,12/02/16,Win,187,No Location Recorded,6:00 p.m.,10:05,"MISS LAYUP by ASHBY,KENDRICK",6,24,,18,1,layup,miss,17,12,0.176,0.0,,,17,1,0.706,0.0,30,1805
7,Rhodes,Wisconsin-Eau Claire,94-120,94,120,4-3,5-0,12/02/16,Win,187,No Location Recorded,6:00 p.m.,10:05,,6,24,"BLOCK  by WEIX,JOSH",18,1,,,17,12,0.176,0.0,,,17,1,0.706,0.0,30,1805
7,Rhodes,Wisconsin-Eau Claire,94-120,94,120,4-3,5-0,12/02/16,Win,187,No Location Recorded,6:00 p.m.,10:05,,6,24,REBOUND DEF by TEAM,18,1,,,17,12,0.176,0.0,,,17,1,0.706,0.0,30,1805
7,Rhodes,Wisconsin-Eau Claire,94-120,94,120,4-3,5-0,12/02/16,Win,187,No Location Recorded,6:00 p.m.,09:59,,6,24,"MISS LAYUP by MARTINEK,JACK",18,1,,,17,12,0.176,0.0,layup,miss,18,1,0.667,0.0,29,1799
7,Rhodes,Wisconsin-Eau Claire,94-120,94,120,4-3,5-0,12/02/16,Win,187,No Location Recorded,6:00 p.m.,09:59,REBOUND DEF by TEAM,6,24,,18,1,,,17,12,0.176,0.0,,,18,1,0.667,0.0,29,1799
7,Rhodes,Wisconsin-Eau Claire,94-120,94,120,4-3,5-0,12/02/16,Win,187,No Location Recorded,6:00 p.m.,09:57,,6,24,"FOUL  by WEIX,JOSH",18,1,,,17,12,0.176,0.0,foul,,18,1,0.667,0.0,29,1797
7,Rhodes,Wisconsin-Eau Claire,94-120,94,120,4-3,5-0,12/02/16,Win,187,No Location Recorded,6:00 p.m.,09:54,"GOOD LAYUP by DARST,DANIEL(in the paint)",8,24,,16,1,layup,good,18,12,0.222,0.0,,,18,1,0.667,0.0,29,1794
7,Rhodes,Wisconsin-Eau Claire,94-120,94,120,4-3,5-0,12/02/16,Win,187,No Location Recorded,6:00 p.m.,09:36,,8,26,"GOOD JUMPER by WEIX,JOSH",18,1,,,18,12,0.222,0.0,jumper,good,19,1,0.684,0.0,29,1776
7,Rhodes,Wisconsin-Eau Claire,94-120,94,120,4-3,5-0,12/02/16,Win,187,No Location Recorded,6:00 p.m.,09:36,,8,26,"ASSIST  by MILLER,SEAN",18,1,,,18,12,0.222,0.0,,,19,1,0.684,0.0,29,1776
7,Rhodes,Wisconsin-Eau Claire,94-120,94,120,4-3,5-0,12/02/16,Win,187,No Location Recorded,6:00 p.m.,09:25,,8,26,"FOUL  by WEIX,JOSH",18,1,,,18,12,0.222,0.0,foul,,19,1,0.684,0.0,29,1765
7,Rhodes,Wisconsin-Eau Claire,94-120,94,120,4-3,5-0,12/02/16,Win,187,No Location Recorded,6:00 p.m.,09:25,"GOOD FT by DARST,DANIEL",9,26,,17,1,ft,good,19,12,0.263,0.0,,,19,1,0.684,0.0,29,1765
7,Rhodes,Wisconsin-Eau Claire,94-120,94,120,4-3,5-0,12/02/16,Win,187,No Location Recorded,6:00 p.m.,09:25,"GOOD FT by DARST,DANIEL",10,26,,16,1,ft,good,20,12,0.3,0.0,,,19,1,0.684,0.0,29,1765
7,Rhodes,Wisconsin-Eau Claire,94-120,94,120,4-3,5-0,12/02/16,Win,187,No Location Recorded,6:00 p.m.,09:25,,10,26,"TURNOVER  by DUXBURY,ANDREW",16,1,,,20,12,0.3,0.0,,,19,1,0.684,0.0,29,1765
7,Rhodes,Wisconsin-Eau Claire,94-120,94,120,4-3,5-0,12/02/16,Win,187,No Location Recorded,6:00 p.m.,09:25,"SUB IN by NYAWATA,ANESU",10,26,,16,1,,,20,12,0.3,0.0,,,19,1,0.684,0.0,29,1765
7,Rhodes,Wisconsin-Eau Claire,94-120,94,120,4-3,5-0,12/02/16,Win,187,No Location Recorded,6:00 p.m.,09:25,"SUB IN by LOWRIE,ANDREW",10,26,,16,1,,,20,12,0.3,0.0,,,19,1,0.684,0.0,29,1765
7,Rhodes,Wisconsin-Eau Claire,94-120,94,120,4-3,5-0,12/02/16,Win,187,No Location Recorded,6:00 p.m.,09:25,"SUB IN by WEIR,JJ",10,26,,16,1,,,20,12,0.3,0.0,,,19,1,0.684,0.0,29,1765
7,Rhodes,Wisconsin-Eau Claire,94-120,94,120,4-3,5-0,12/02/16,Win,187,No Location Recorded,6:00 p.m.,09:25,"SUB IN by BERRY,BRYCE",10,26,,16,1,,,20,12,0.3,0.0,,,19,1,0.684,0.0,29,1765
7,Rhodes,Wisconsin-Eau Claire,94-120,94,120,4-3,5-0,12/02/16,Win,187,No Location Recorded,6:00 p.m.,09:25,"SUB IN by HARRISON,IAN",10,26,,16,1,,,20,12,0.3,0.0,,,19,1,0.684,0.0,29,1765
7,Rhodes,Wisconsin-Eau Claire,94-120,94,120,4-3,5-0,12/02/16,Win,187,No Location Recorded,6:00 p.m.,09:25,"SUB OUT by DE FERIA,NICK",10,26,,16,1,,,20,12,0.3,0.0,,,19,1,0.684,0.0,29,1765
7,Rhodes,Wisconsin-Eau Claire,94-120,94,120,4-3,5-0,12/02/16,Win,187,No Location Recorded,6:00 p.m.,09:25,"SUB OUT by ASHBY,KENDRICK",10,26,,16,1,,,20,12,0.3,0.0,,,19,1,0.684,0.0,29,1765
7,Rhodes,Wisconsin-Eau Claire,94-120,94,120,4-3,5-0,12/02/16,Win,187,No Location Recorded,6:00 p.m.,09:25,"SUB OUT by SULLIVAN,BRENNAN",10,26,,16,1,,,20,12,0.3,0.0,,,19,1,0.684,0.0,29,1765
7,Rhodes,Wisconsin-Eau Claire,94-120,94,120,4-3,5-0,12/02/16,Win,187,No Location Recorded,6:00 p.m.,09:25,"SUB OUT by DARST,DANIEL",10,26,,16,1,,,20,12,0.3,0.0,,,19,1,0.684,0.0,29,1765
7,Rhodes,Wisconsin-Eau Claire,94-120,94,120,4-3,5-0,12/02/16,Win,187,No Location Recorded,6:00 p.m.,09:25,"SUB OUT by GIROUX,PRESTON",10,26,,16,1,,,20,12,0.3,0.0,,,19,1,0.684,0.0,29,1765
7,Rhodes,Wisconsin-Eau Claire,94-120,94,120,4-3,5-0,12/02/16,Win,187,No Location Recorded,6:00 p.m.,09:25,,10,26,"SUB IN by SCHNEIDERMANN,JARED",16,1,,,20,12,0.3,0.0,,,19,1,0.684,0.0,29,1765
7,Rhodes,Wisconsin-Eau Claire,94-120,94,120,4-3,5-0,12/02/16,Win,187,No Location Recorded,6:00 p.m.,09:25,,10,26,"SUB IN by DUXBURY,ANDREW",16,1,,,20,12,0.3,0.0,,,19,1,0.684,0.0,29,1765
7,Rhodes,Wisconsin-Eau Claire,94-120,94,120,4-3,5-0,12/02/16,Win,187,No Location Recorded,6:00 p.m.,09:25,,10,26,"SUB IN by DIEKELMAN,GEORGE",16,1,,,20,12,0.3,0.0,,,19,1,0.684,0.0,29,1765
7,Rhodes,Wisconsin-Eau Claire,94-120,94,120,4-3,5-0,12/02/16,Win,187,No Location Recorded,6:00 p.m.,09:25,,10,26,"SUB OUT by LUCAS,DEONDRE",16,1,,,20,12,0.3,0.0,,,19,1,0.684,0.0,29,1765
7,Rhodes,Wisconsin-Eau Claire,94-120,94,120,4-3,5-0,12/02/16,Win,187,No Location Recorded,6:00 p.m.,09:25,,10,26,"SUB OUT by DUFF,CHRIS",16,1,,,20,12,0.3,0.0,,,19,1,0.684,0.0,29,1765
7,Rhodes,Wisconsin-Eau Claire,94-120,94,120,4-3,5-0,12/02/16,Win,187,No Location Recorded,6:00 p.m.,09:25,,10,26,"SUB OUT by WEIX,JOSH",16,1,,,20,12,0.3,0.0,,,19,1,0.684,0.0,29,1765
7,Rhodes,Wisconsin-Eau Claire,94-120,94,120,4-3,5-0,12/02/16,Win,187,No Location Recorded,6:00 p.m.,09:24,"STEAL  by LOWRIE,ANDREW",10,26,,16,1,,,20,12,0.3,0.0,,,19,1,0.684,0.0,29,1764
7,Rhodes,Wisconsin-Eau Claire,94-120,94,120,4-3,5-0,12/02/16,Win,187,No Location Recorded,6:00 p.m.,09:21,"MISS 3PTR by NYAWATA,ANESU",10,26,,16,1,3ptr,miss,21,13,0.286,0.0,,,19,1,0.684,0.0,29,1761
7,Rhodes,Wisconsin-Eau Claire,94-120,94,120,4-3,5-0,12/02/16,Win,187,No Location Recorded,6:00 p.m.,09:21,REBOUND OFF by TEAM,10,26,,16,1,,,21,13,0.286,0.0,,,19,1,0.684,0.0,29,1761
7,Rhodes,Wisconsin-Eau Claire,94-120,94,120,4-3,5-0,12/02/16,Win,187,No Location Recorded,6:00 p.m.,09:14,"MISS LAYUP by BERRY,BRYCE",10,26,,16,1,layup,miss,22,13,0.273,0.0,,,19,1,0.684,0.0,29,1754
7,Rhodes,Wisconsin-Eau Claire,94-120,94,120,4-3,5-0,12/02/16,Win,187,No Location Recorded,6:00 p.m.,09:14,,10,26,"REBOUND DEF by SCHNEIDERMANN,JARED",16,1,,,22,13,0.273,0.0,,,19,1,0.684,0.0,29,1754
7,Rhodes,Wisconsin-Eau Claire,94-120,94,120,4-3,5-0,12/02/16,Win,187,No Location Recorded,6:00 p.m.,09:05,,10,26,"MISS LAYUP by MILLER,SEAN",16,1,,,22,13,0.273,0.0,layup,miss,20,1,0.65,0.0,29,1745
7,Rhodes,Wisconsin-Eau Claire,94-120,94,120,4-3,5-0,12/02/16,Win,187,No Location Recorded,6:00 p.m.,09:05,"BLOCK  by BERRY,BRYCE",10,26,,16,1,,,22,13,0.273,0.0,,,20,1,0.65,0.0,29,1745
7,Rhodes,Wisconsin-Eau Claire,94-120,94,120,4-3,5-0,12/02/16,Win,187,No Location Recorded,6:00 p.m.,09:05,"REBOUND DEF by HARRISON,IAN",10,26,,16,1,,,22,13,0.273,0.0,,,20,1,0.65,0.0,29,1745
7,Rhodes,Wisconsin-Eau Claire,94-120,94,120,4-3,5-0,12/02/16,Win,187,No Location Recorded,6:00 p.m.,08:54,"TURNOVER  by WEIR,JJ",10,26,,16,1,,,22,13,0.273,0.0,,,20,1,0.65,0.0,28,1734
7,Rhodes,Wisconsin-Eau Claire,94-120,94,120,4-3,5-0,12/02/16,Win,187,No Location Recorded,6:00 p.m.,08:54,"SUB IN by DALTON,PRICE",10,26,,16,1,,,22,13,0.273,0.0,,,20,1,0.65,0.0,28,1734
7,Rhodes,Wisconsin-Eau Claire,94-120,94,120,4-3,5-0,12/02/16,Win,187,No Location Recorded,6:00 p.m.,08:54,"SUB IN by WEATHERFORD,MITCH",10,26,,16,1,,,22,13,0.273,0.0,,,20,1,0.65,0.0,28,1734
7,Rhodes,Wisconsin-Eau Claire,94-120,94,120,4-3,5-0,12/02/16,Win,187,No Location Recorded,6:00 p.m.,08:54,"SUB IN by GALVIN,OWEN",10,26,,16,1,,,22,13,0.273,0.0,,,20,1,0.65,0.0,28,1734
7,Rhodes,Wisconsin-Eau Claire,94-120,94,120,4-3,5-0,12/02/16,Win,187,No Location Recorded,6:00 p.m.,08:54,"SUB IN by GEE,TYLER",10,26,,16,1,,,22,13,0.273,0.0,,,20,1,0.65,0.0,28,1734
7,Rhodes,Wisconsin-Eau Claire,94-120,94,120,4-3,5-0,12/02/16,Win,187,No Location Recorded,6:00 p.m.,08:54,"SUB IN by NESTLEHUTT,JAKE",10,26,,16,1,,,22,13,0.273,0.0,,,20,1,0.65,0.0,28,1734
7,Rhodes,Wisconsin-Eau Claire,94-120,94,120,4-3,5-0,12/02/16,Win,187,No Location Recorded,6:00 p.m.,08:54,"SUB OUT by NYAWATA,ANESU",10,26,,16,1,,,22,13,0.273,0.0,,,20,1,0.65,0.0,28,1734
7,Rhodes,Wisconsin-Eau Claire,94-120,94,120,4-3,5-0,12/02/16,Win,187,No Location Recorded,6:00 p.m.,08:54,"SUB OUT by LOWRIE,ANDREW",10,26,,16,1,,,22,13,0.273,0.0,,,20,1,0.65,0.0,28,1734
7,Rhodes,Wisconsin-Eau Claire,94-120,94,120,4-3,5-0,12/02/16,Win,187,No Location Recorded,6:00 p.m.,08:54,"SUB OUT by WEIR,JJ",10,26,,16,1,,,22,13,0.273,0.0,,,20,1,0.65,0.0,28,1734
7,Rhodes,Wisconsin-Eau Claire,94-120,94,120,4-3,5-0,12/02/16,Win,187,No Location Recorded,6:00 p.m.,08:54,"SUB OUT by BERRY,BRYCE",10,26,,16,1,,,22,13,0.273,0.0,,,20,1,0.65,0.0,28,1734
7,Rhodes,Wisconsin-Eau Claire,94-120,94,120,4-3,5-0,12/02/16,Win,187,No Location Recorded,6:00 p.m.,08:54,"SUB OUT by HARRISON,IAN",10,26,,16,1,,,22,13,0.273,0.0,,,20,1,0.65,0.0,28,1734
7,Rhodes,Wisconsin-Eau Claire,94-120,94,120,4-3,5-0,12/02/16,Win,187,No Location Recorded,6:00 p.m.,08:49,,10,26,"TURNOVER  by DUXBURY,ANDREW",16,1,,,22,13,0.273,0.0,,,20,1,0.65,0.0,28,1729
7,Rhodes,Wisconsin-Eau Claire,94-120,94,120,4-3,5-0,12/02/16,Win,187,No Location Recorded,6:00 p.m.,08:48,"STEAL  by NESTLEHUTT,JAKE",10,26,,16,1,,,22,13,0.273,0.0,,,20,1,0.65,0.0,28,1728
7,Rhodes,Wisconsin-Eau Claire,94-120,94,120,4-3,5-0,12/02/16,Win,187,No Location Recorded,6:00 p.m.,08:38,"MISS 3PTR by NESTLEHUTT,JAKE",10,26,,16,1,3ptr,miss,23,14,0.261,0.0,,,20,1,0.65,0.0,28,1718
7,Rhodes,Wisconsin-Eau Claire,94-120,94,120,4-3,5-0,12/02/16,Win,187,No Location Recorded,6:00 p.m.,08:38,,10,26,"REBOUND DEF by DUXBURY,ANDREW",16,1,,,23,14,0.261,0.0,,,20,1,0.65,0.0,28,1718
7,Rhodes,Wisconsin-Eau Claire,94-120,94,120,4-3,5-0,12/02/16,Win,187,No Location Recorded,6:00 p.m.,08:26,"FOUL  by GEE,TYLER",10,26,,16,1,foul,,23,14,0.261,0.0,,,20,1,0.65,0.0,28,1706
7,Rhodes,Wisconsin-Eau Claire,94-120,94,120,4-3,5-0,12/02/16,Win,187,No Location Recorded,6:00 p.m.,08:26,,10,27,"GOOD FT by MARTINEK,JACK",17,1,,,23,14,0.261,0.0,ft,good,21,1,0.667,0.0,28,1706
7,Rhodes,Wisconsin-Eau Claire,94-120,94,120,4-3,5-0,12/02/16,Win,187,No Location Recorded,6:00 p.m.,08:26,,10,27,"MISS FT by MARTINEK,JACK",17,1,,,23,14,0.261,0.0,ft,miss,22,1,0.636,0.0,28,1706
7,Rhodes,Wisconsin-Eau Claire,94-120,94,120,4-3,5-0,12/02/16,Win,187,No Location Recorded,6:00 p.m.,08:26,,10,27,"REBOUND OFF by SCHNEIDERMANN,JARED",17,1,,,23,14,0.261,0.0,,,22,1,0.636,0.0,28,1706
7,Rhodes,Wisconsin-Eau Claire,94-120,94,120,4-3,5-0,12/02/16,Win,187,No Location Recorded,6:00 p.m.,08:22,,10,27,"TURNOVER  by DIEKELMAN,GEORGE",17,1,,,23,14,0.261,0.0,,,22,1,0.636,0.0,28,1702
7,Rhodes,Wisconsin-Eau Claire,94-120,94,120,4-3,5-0,12/02/16,Win,187,No Location Recorded,6:00 p.m.,08:21,"STEAL  by GEE,TYLER",10,27,,17,1,,,23,14,0.261,0.0,,,22,1,0.636,0.0,28,1701
7,Rhodes,Wisconsin-Eau Claire,94-120,94,120,4-3,5-0,12/02/16,Win,187,No Location Recorded,6:00 p.m.,08:18,"GOOD 3PTR by NESTLEHUTT,JAKE(fastbreak)",13,27,,14,1,3ptr,good,24,15,0.292,0.067,,,22,1,0.636,0.0,28,1698
7,Rhodes,Wisconsin-Eau Claire,94-120,94,120,4-3,5-0,12/02/16,Win,187,No Location Recorded,6:00 p.m.,08:18,"ASSIST  by WEATHERFORD,MITCH",13,27,,14,1,,,24,15,0.292,0.067,,,22,1,0.636,0.0,28,1698
7,Rhodes,Wisconsin-Eau Claire,94-120,94,120,4-3,5-0,12/02/16,Win,187,No Location Recorded,6:00 p.m.,08:07,"FOUL  by GALVIN,OWEN",13,27,,14,1,foul,,24,15,0.292,0.067,,,22,1,0.636,0.0,28,1687
7,Rhodes,Wisconsin-Eau Claire,94-120,94,120,4-3,5-0,12/02/16,Win,187,No Location Recorded,6:00 p.m.,08:07,"SUB IN by SULLIVAN,BRENNAN",13,27,,14,1,,,24,15,0.292,0.067,,,22,1,0.636,0.0,28,1687
7,Rhodes,Wisconsin-Eau Claire,94-120,94,120,4-3,5-0,12/02/16,Win,187,No Location Recorded,6:00 p.m.,08:07,"SUB IN by ASHBY,KENDRICK",13,27,,14,1,,,24,15,0.292,0.067,,,22,1,0.636,0.0,28,1687
7,Rhodes,Wisconsin-Eau Claire,94-120,94,120,4-3,5-0,12/02/16,Win,187,No Location Recorded,6:00 p.m.,08:07,"SUB IN by DE FERIA,NICK",13,27,,14,1,,,24,15,0.292,0.067,,,22,1,0.636,0.0,28,1687
7,Rhodes,Wisconsin-Eau Claire,94-120,94,120,4-3,5-0,12/02/16,Win,187,No Location Recorded,6:00 p.m.,08:07,"SUB IN by DARST,DANIEL",13,27,,14,1,,,24,15,0.292,0.067,,,22,1,0.636,0.0,28,1687
7,Rhodes,Wisconsin-Eau Claire,94-120,94,120,4-3,5-0,12/02/16,Win,187,No Location Recorded,6:00 p.m.,08:07,"SUB IN by GIROUX,PRESTON",13,27,,14,1,,,24,15,0.292,0.067,,,22,1,0.636,0.0,28,1687
7,Rhodes,Wisconsin-Eau Claire,94-120,94,120,4-3,5-0,12/02/16,Win,187,No Location Recorded,6:00 p.m.,08:07,"SUB OUT by DALTON,PRICE",13,27,,14,1,,,24,15,0.292,0.067,,,22,1,0.636,0.0,28,1687
7,Rhodes,Wisconsin-Eau Claire,94-120,94,120,4-3,5-0,12/02/16,Win,187,No Location Recorded,6:00 p.m.,08:07,"SUB OUT by WEATHERFORD,MITCH",13,27,,14,1,,,24,15,0.292,0.067,,,22,1,0.636,0.0,28,1687
7,Rhodes,Wisconsin-Eau Claire,94-120,94,120,4-3,5-0,12/02/16,Win,187,No Location Recorded,6:00 p.m.,08:07,"SUB OUT by GALVIN,OWEN",13,27,,14,1,,,24,15,0.292,0.067,,,22,1,0.636,0.0,28,1687
7,Rhodes,Wisconsin-Eau Claire,94-120,94,120,4-3,5-0,12/02/16,Win,187,No Location Recorded,6:00 p.m.,08:07,"SUB OUT by GEE,TYLER",13,27,,14,1,,,24,15,0.292,0.067,,,22,1,0.636,0.0,28,1687
7,Rhodes,Wisconsin-Eau Claire,94-120,94,120,4-3,5-0,12/02/16,Win,187,No Location Recorded,6:00 p.m.,08:07,"SUB OUT by NESTLEHUTT,JAKE",13,27,,14,1,,,24,15,0.292,0.067,,,22,1,0.636,0.0,28,1687
7,Rhodes,Wisconsin-Eau Claire,94-120,94,120,4-3,5-0,12/02/16,Win,187,No Location Recorded,6:00 p.m.,08:07,,13,27,"SUB IN by MCDONALD,KYLE",14,1,,,24,15,0.292,0.067,,,22,1,0.636,0.0,28,1687
7,Rhodes,Wisconsin-Eau Claire,94-120,94,120,4-3,5-0,12/02/16,Win,187,No Location Recorded,6:00 p.m.,08:07,,13,27,"SUB IN by DUFF,CHRIS",14,1,,,24,15,0.292,0.067,,,22,1,0.636,0.0,28,1687
7,Rhodes,Wisconsin-Eau Claire,94-120,94,120,4-3,5-0,12/02/16,Win,187,No Location Recorded,6:00 p.m.,08:07,,13,27,"SUB OUT by DUXBURY,ANDREW",14,1,,,24,15,0.292,0.067,,,22,1,0.636,0.0,28,1687
7,Rhodes,Wisconsin-Eau Claire,94-120,94,120,4-3,5-0,12/02/16,Win,187,No Location Recorded,6:00 p.m.,08:07,,13,27,"SUB OUT by DIEKELMAN,GEORGE",14,1,,,24,15,0.292,0.067,,,22,1,0.636,0.0,28,1687
7,Rhodes,Wisconsin-Eau Claire,94-120,94,120,4-3,5-0,12/02/16,Win,187,No Location Recorded,6:00 p.m.,08:01,,13,29,"GOOD JUMPER by SCHNEIDERMANN,JARED(in the paint)",16,1,,,24,15,0.292,0.067,jumper,good,23,1,0.652,0.0,28,1681
7,Rhodes,Wisconsin-Eau Claire,94-120,94,120,4-3,5-0,12/02/16,Win,187,No Location Recorded,6:00 p.m.,07:39,"MISS LAYUP by DARST,DANIEL",13,29,,16,1,layup,miss,25,15,0.28,0.067,,,23,1,0.652,0.0,27,1659
7,Rhodes,Wisconsin-Eau Claire,94-120,94,120,4-3,5-0,12/02/16,Win,187,No Location Recorded,6:00 p.m.,07:39,"REBOUND OFF by ASHBY,KENDRICK",13,29,,16,1,,,25,15,0.28,0.067,,,23,1,0.652,0.0,27,1659
7,Rhodes,Wisconsin-Eau Claire,94-120,94,120,4-3,5-0,12/02/16,Win,187,No Location Recorded,6:00 p.m.,07:29,,13,29,"FOUL  by MARTINEK,JACK",16,1,,,25,15,0.28,0.067,foul,,23,1,0.652,0.0,27,1649
7,Rhodes,Wisconsin-Eau Claire,94-120,94,120,4-3,5-0,12/02/16,Win,187,No Location Recorded,6:00 p.m.,07:29,"SUB IN by NYAWATA,ANESU",13,29,,16,1,,,25,15,0.28,0.067,,,23,1,0.652,0.0,27,1649
7,Rhodes,Wisconsin-Eau Claire,94-120,94,120,4-3,5-0,12/02/16,Win,187,No Location Recorded,6:00 p.m.,07:29,"SUB IN by WEIR,JJ",13,29,,16,1,,,25,15,0.28,0.067,,,23,1,0.652,0.0,27,1649
7,Rhodes,Wisconsin-Eau Claire,94-120,94,120,4-3,5-0,12/02/16,Win,187,No Location Recorded,6:00 p.m.,07:29,"SUB IN by LOWRIE,ANDREW",13,29,,16,1,,,25,15,0.28,0.067,,,23,1,0.652,0.0,27,1649
7,Rhodes,Wisconsin-Eau Claire,94-120,94,120,4-3,5-0,12/02/16,Win,187,No Location Recorded,6:00 p.m.,07:29,"SUB IN by BERRY,BRYCE",13,29,,16,1,,,25,15,0.28,0.067,,,23,1,0.652,0.0,27,1649
7,Rhodes,Wisconsin-Eau Claire,94-120,94,120,4-3,5-0,12/02/16,Win,187,No Location Recorded,6:00 p.m.,07:29,"SUB IN by HARRISON,IAN",13,29,,16,1,,,25,15,0.28,0.067,,,23,1,0.652,0.0,27,1649
7,Rhodes,Wisconsin-Eau Claire,94-120,94,120,4-3,5-0,12/02/16,Win,187,No Location Recorded,6:00 p.m.,07:29,"SUB OUT by SULLIVAN,BRENNAN",13,29,,16,1,,,25,15,0.28,0.067,,,23,1,0.652,0.0,27,1649
7,Rhodes,Wisconsin-Eau Claire,94-120,94,120,4-3,5-0,12/02/16,Win,187,No Location Recorded,6:00 p.m.,07:29,"SUB OUT by ASHBY,KENDRICK",13,29,,16,1,,,25,15,0.28,0.067,,,23,1,0.652,0.0,27,1649
7,Rhodes,Wisconsin-Eau Claire,94-120,94,120,4-3,5-0,12/02/16,Win,187,No Location Recorded,6:00 p.m.,07:29,"SUB OUT by DE FERIA,NICK",13,29,,16,1,,,25,15,0.28,0.067,,,23,1,0.652,0.0,27,1649
7,Rhodes,Wisconsin-Eau Claire,94-120,94,120,4-3,5-0,12/02/16,Win,187,No Location Recorded,6:00 p.m.,07:29,"SUB OUT by DARST,DANIEL",13,29,,16,1,,,25,15,0.28,0.067,,,23,1,0.652,0.0,27,1649
7,Rhodes,Wisconsin-Eau Claire,94-120,94,120,4-3,5-0,12/02/16,Win,187,No Location Recorded,6:00 p.m.,07:29,"SUB OUT by GIROUX,PRESTON",13,29,,16,1,,,25,15,0.28,0.067,,,23,1,0.652,0.0,27,1649
7,Rhodes,Wisconsin-Eau Claire,94-120,94,120,4-3,5-0,12/02/16,Win,187,No Location Recorded,6:00 p.m.,07:29,,13,29,"SUB IN by DIEKELMAN,GEORGE",16,1,,,25,15,0.28,0.067,,,23,1,0.652,0.0,27,1649
7,Rhodes,Wisconsin-Eau Claire,94-120,94,120,4-3,5-0,12/02/16,Win,187,No Location Recorded,6:00 p.m.,07:29,,13,29,"SUB IN by LUCAS,DEONDRE",16,1,,,25,15,0.28,0.067,,,23,1,0.652,0.0,27,1649
7,Rhodes,Wisconsin-Eau Claire,94-120,94,120,4-3,5-0,12/02/16,Win,187,No Location Recorded,6:00 p.m.,07:29,,13,29,"SUB OUT by MILLER,SEAN",16,1,,,25,15,0.28,0.067,,,23,1,0.652,0.0,27,1649
7,Rhodes,Wisconsin-Eau Claire,94-120,94,120,4-3,5-0,12/02/16,Win,187,No Location Recorded,6:00 p.m.,07:29,,13,29,"SUB OUT by MARTINEK,JACK",16,1,,,25,15,0.28,0.067,,,23,1,0.652,0.0,27,1649
7,Rhodes,Wisconsin-Eau Claire,94-120,94,120,4-3,5-0,12/02/16,Win,187,No Location Recorded,6:00 p.m.,07:22,"MISS JUMPER by HARRISON,IAN",13,29,,16,1,jumper,miss,26,15,0.269,0.067,,,23,1,0.652,0.0,27,1642
7,Rhodes,Wisconsin-Eau Claire,94-120,94,120,4-3,5-0,12/02/16,Win,187,No Location Recorded,6:00 p.m.,07:22,,13,29,"REBOUND DEF by MCDONALD,KYLE",16,1,,,26,15,0.269,0.067,,,23,1,0.652,0.0,27,1642
7,Rhodes,Wisconsin-Eau Claire,94-120,94,120,4-3,5-0,12/02/16,Win,187,No Location Recorded,6:00 p.m.,07:05,,13,29,"MISS 3PTR by DUFF,CHRIS",16,1,,,26,15,0.269,0.067,3ptr,miss,24,2,0.625,0.0,27,1625
7,Rhodes,Wisconsin-Eau Claire,94-120,94,120,4-3,5-0,12/02/16,Win,187,No Location Recorded,6:00 p.m.,07:05,"REBOUND DEF by WEIR,JJ",13,29,,16,1,,,26,15,0.269,0.067,,,24,2,0.625,0.0,27,1625
7,Rhodes,Wisconsin-Eau Claire,94-120,94,120,4-3,5-0,12/02/16,Win,187,No Location Recorded,6:00 p.m.,06:55,"GOOD LAYUP by WEIR,JJ(fastbreak)(in the paint)",15,29,,14,1,layup,good,27,15,0.296,0.067,,,24,2,0.625,0.0,26,1615
7,Rhodes,Wisconsin-Eau Claire,94-120,94,120,4-3,5-0,12/02/16,Win,187,No Location Recorded,6:00 p.m.,06:41,"SUB IN by GEE,TYLER",15,29,,14,1,,,27,15,0.296,0.067,,,24,2,0.625,0.0,26,1601
7,Rhodes,Wisconsin-Eau Claire,94-120,94,120,4-3,5-0,12/02/16,Win,187,No Location Recorded,6:00 p.m.,06:41,"SUB IN by GALVIN,OWEN",15,29,,14,1,,,27,15,0.296,0.067,,,24,2,0.625,0.0,26,1601
7,Rhodes,Wisconsin-Eau Claire,94-120,94,120,4-3,5-0,12/02/16,Win,187,No Location Recorded,6:00 p.m.,06:41,"SUB IN by DALTON,PRICE",15,29,,14,1,,,27,15,0.296,0.067,,,24,2,0.625,0.0,26,1601
7,Rhodes,Wisconsin-Eau Claire,94-120,94,120,4-3,5-0,12/02/16,Win,187,No Location Recorded,6:00 p.m.,06:41,"SUB IN by WEATHERFORD,MITCH",15,29,,14,1,,,27,15,0.296,0.067,,,24,2,0.625,0.0,26,1601
7,Rhodes,Wisconsin-Eau Claire,94-120,94,120,4-3,5-0,12/02/16,Win,187,No Location Recorded,6:00 p.m.,06:41,"SUB IN by NESTLEHUTT,JAKE",15,29,,14,1,,,27,15,0.296,0.067,,,24,2,0.625,0.0,26,1601
7,Rhodes,Wisconsin-Eau Claire,94-120,94,120,4-3,5-0,12/02/16,Win,187,No Location Recorded,6:00 p.m.,06:41,"SUB OUT by NYAWATA,ANESU",15,29,,14,1,,,27,15,0.296,0.067,,,24,2,0.625,0.0,26,1601
7,Rhodes,Wisconsin-Eau Claire,94-120,94,120,4-3,5-0,12/02/16,Win,187,No Location Recorded,6:00 p.m.,06:41,"SUB OUT by WEIR,JJ",15,29,,14,1,,,27,15,0.296,0.067,,,24,2,0.625,0.0,26,1601
7,Rhodes,Wisconsin-Eau Claire,94-120,94,120,4-3,5-0,12/02/16,Win,187,No Location Recorded,6:00 p.m.,06:41,"SUB OUT by LOWRIE,ANDREW",15,29,,14,1,,,27,15,0.296,0.067,,,24,2,0.625,0.0,26,1601
7,Rhodes,Wisconsin-Eau Claire,94-120,94,120,4-3,5-0,12/02/16,Win,187,No Location Recorded,6:00 p.m.,06:41,"SUB OUT by BERRY,BRYCE",15,29,,14,1,,,27,15,0.296,0.067,,,24,2,0.625,0.0,26,1601
7,Rhodes,Wisconsin-Eau Claire,94-120,94,120,4-3,5-0,12/02/16,Win,187,No Location Recorded,6:00 p.m.,06:41,"SUB OUT by HARRISON,IAN",15,29,,14,1,,,27,15,0.296,0.067,,,24,2,0.625,0.0,26,1601
7,Rhodes,Wisconsin-Eau Claire,94-120,94,120,4-3,5-0,12/02/16,Win,187,No Location Recorded,6:00 p.m.,06:34,,15,29,"TURNOVER  by DUFF,CHRIS",14,1,,,27,15,0.296,0.067,,,24,2,0.625,0.0,26,1594
7,Rhodes,Wisconsin-Eau Claire,94-120,94,120,4-3,5-0,12/02/16,Win,187,No Location Recorded,6:00 p.m.,06:33,"STEAL  by DALTON,PRICE",15,29,,14,1,,,27,15,0.296,0.067,,,24,2,0.625,0.0,26,1593
7,Rhodes,Wisconsin-Eau Claire,94-120,94,120,4-3,5-0,12/02/16,Win,187,No Location Recorded,6:00 p.m.,06:27,"GOOD LAYUP by DALTON,PRICE(in the paint)",17,29,,12,1,layup,good,28,15,0.321,0.067,,,24,2,0.625,0.0,26,1587
7,Rhodes,Wisconsin-Eau Claire,94-120,94,120,4-3,5-0,12/02/16,Win,187,No Location Recorded,6:00 p.m.,06:27,"ASSIST  by GEE,TYLER",17,29,,12,1,,,28,15,0.321,0.067,,,24,2,0.625,0.0,26,1587
7,Rhodes,Wisconsin-Eau Claire,94-120,94,120,4-3,5-0,12/02/16,Win,187,No Location Recorded,6:00 p.m.,06:12,,17,31,"GOOD LAYUP by SCHNEIDERMANN,JARED(in the paint)",14,1,,,28,15,0.321,0.067,layup,good,25,2,0.64,0.0,26,1572
7,Rhodes,Wisconsin-Eau Claire,94-120,94,120,4-3,5-0,12/02/16,Win,187,No Location Recorded,6:00 p.m.,06:12,,17,31,"ASSIST  by DIEKELMAN,GEORGE",14,1,,,28,15,0.321,0.067,,,25,2,0.64,0.0,26,1572
7,Rhodes,Wisconsin-Eau Claire,94-120,94,120,4-3,5-0,12/02/16,Win,187,No Location Recorded,6:00 p.m.,06:12,"FOUL  by GEE,TYLER",17,31,,14,1,foul,,28,15,0.321,0.067,,,25,2,0.64,0.0,26,1572
7,Rhodes,Wisconsin-Eau Claire,94-120,94,120,4-3,5-0,12/02/16,Win,187,No Location Recorded,6:00 p.m.,06:12,,17,31,"MISS FT by SCHNEIDERMANN,JARED",14,1,,,28,15,0.321,0.067,ft,miss,26,2,0.615,0.0,26,1572
7,Rhodes,Wisconsin-Eau Claire,94-120,94,120,4-3,5-0,12/02/16,Win,187,No Location Recorded,6:00 p.m.,06:12,"REBOUND DEF by DARST,DANIEL",17,31,,14,1,,,28,15,0.321,0.067,,,26,2,0.615,0.0,26,1572
7,Rhodes,Wisconsin-Eau Claire,94-120,94,120,4-3,5-0,12/02/16,Win,187,No Location Recorded,6:00 p.m.,06:12,"SUB IN by GIROUX,PRESTON",17,31,,14,1,,,28,15,0.321,0.067,,,26,2,0.615,0.0,26,1572
7,Rhodes,Wisconsin-Eau Claire,94-120,94,120,4-3,5-0,12/02/16,Win,187,No Location Recorded,6:00 p.m.,06:12,"SUB IN by ASHBY,KENDRICK",17,31,,14,1,,,28,15,0.321,0.067,,,26,2,0.615,0.0,26,1572
7,Rhodes,Wisconsin-Eau Claire,94-120,94,120,4-3,5-0,12/02/16,Win,187,No Location Recorded,6:00 p.m.,06:12,"SUB IN by DE FERIA,NICK",17,31,,14,1,,,28,15,0.321,0.067,,,26,2,0.615,0.0,26,1572
7,Rhodes,Wisconsin-Eau Claire,94-120,94,120,4-3,5-0,12/02/16,Win,187,No Location Recorded,6:00 p.m.,06:12,"SUB IN by DARST,DANIEL",17,31,,14,1,,,28,15,0.321,0.067,,,26,2,0.615,0.0,26,1572
7,Rhodes,Wisconsin-Eau Claire,94-120,94,120,4-3,5-0,12/02/16,Win,187,No Location Recorded,6:00 p.m.,06:12,"SUB OUT by GEE,TYLER",17,31,,14,1,,,28,15,0.321,0.067,,,26,2,0.615,0.0,26,1572
7,Rhodes,Wisconsin-Eau Claire,94-120,94,120,4-3,5-0,12/02/16,Win,187,No Location Recorded,6:00 p.m.,06:12,"SUB OUT by GALVIN,OWEN",17,31,,14,1,,,28,15,0.321,0.067,,,26,2,0.615,0.0,26,1572
7,Rhodes,Wisconsin-Eau Claire,94-120,94,120,4-3,5-0,12/02/16,Win,187,No Location Recorded,6:00 p.m.,06:12,"SUB OUT by DALTON,PRICE",17,31,,14,1,,,28,15,0.321,0.067,,,26,2,0.615,0.0,26,1572
7,Rhodes,Wisconsin-Eau Claire,94-120,94,120,4-3,5-0,12/02/16,Win,187,No Location Recorded,6:00 p.m.,06:12,"SUB OUT by WEATHERFORD,MITCH",17,31,,14,1,,,28,15,0.321,0.067,,,26,2,0.615,0.0,26,1572
7,Rhodes,Wisconsin-Eau Claire,94-120,94,120,4-3,5-0,12/02/16,Win,187,No Location Recorded,6:00 p.m.,06:12,"SUB OUT by NESTLEHUTT,JAKE",17,31,,14,1,,,28,15,0.321,0.067,,,26,2,0.615,0.0,26,1572
7,Rhodes,Wisconsin-Eau Claire,94-120,94,120,4-3,5-0,12/02/16,Win,187,No Location Recorded,6:00 p.m.,06:12,,17,31,"SUB IN by DUXBURY,ANDREW",14,1,,,28,15,0.321,0.067,,,26,2,0.615,0.0,26,1572
7,Rhodes,Wisconsin-Eau Claire,94-120,94,120,4-3,5-0,12/02/16,Win,187,No Location Recorded,6:00 p.m.,06:12,,17,31,"SUB OUT by LUCAS,DEONDRE",14,1,,,28,15,0.321,0.067,,,26,2,0.615,0.0,26,1572
7,Rhodes,Wisconsin-Eau Claire,94-120,94,120,4-3,5-0,12/02/16,Win,187,No Location Recorded,6:00 p.m.,06:08,"SUB IN by SULLIVAN,BRENNAN",17,31,,14,1,,,28,15,0.321,0.067,,,26,2,0.615,0.0,26,1568
7,Rhodes,Wisconsin-Eau Claire,94-120,94,120,4-3,5-0,12/02/16,Win,187,No Location Recorded,6:00 p.m.,06:02,"GOOD LAYUP by ASHBY,KENDRICK(in the paint)",19,31,,12,1,layup,good,29,15,0.345,0.067,,,26,2,0.615,0.0,26,1562
7,Rhodes,Wisconsin-Eau Claire,94-120,94,120,4-3,5-0,12/02/16,Win,187,No Location Recorded,6:00 p.m.,05:47,,19,33,"GOOD LAYUP by SCHNEIDERMANN,JARED(in the paint)",14,1,,,29,15,0.345,0.067,layup,good,27,2,0.63,0.0,25,1547
7,Rhodes,Wisconsin-Eau Claire,94-120,94,120,4-3,5-0,12/02/16,Win,187,No Location Recorded,6:00 p.m.,05:47,,19,33,"ASSIST  by DUFF,CHRIS",14,1,,,29,15,0.345,0.067,,,27,2,0.63,0.0,25,1547
7,Rhodes,Wisconsin-Eau Claire,94-120,94,120,4-3,5-0,12/02/16,Win,187,No Location Recorded,6:00 p.m.,05:38,"GOOD LAYUP by DARST,DANIEL(in the paint)",21,33,,12,1,layup,good,30,15,0.367,0.067,,,27,2,0.63,0.0,25,1538
7,Rhodes,Wisconsin-Eau Claire,94-120,94,120,4-3,5-0,12/02/16,Win,187,No Location Recorded,6:00 p.m.,05:30,"FOUL  by DE FERIA,NICK",21,33,,12,1,foul,,30,15,0.367,0.067,,,27,2,0.63,0.0,25,1530
7,Rhodes,Wisconsin-Eau Claire,94-120,94,120,4-3,5-0,12/02/16,Win,187,No Location Recorded,6:00 p.m.,05:26,,21,34,"GOOD FT by DUXBURY,ANDREW",13,1,,,30,15,0.367,0.067,ft,good,28,2,0.643,0.0,25,1526
7,Rhodes,Wisconsin-Eau Claire,94-120,94,120,4-3,5-0,12/02/16,Win,187,No Location Recorded,6:00 p.m.,05:26,,21,35,"GOOD FT by DUXBURY,ANDREW",14,1,,,30,15,0.367,0.067,ft,good,29,2,0.655,0.0,25,1526
7,Rhodes,Wisconsin-Eau Claire,94-120,94,120,4-3,5-0,12/02/16,Win,187,No Location Recorded,6:00 p.m.,05:26,"SUB IN by HARRISON,IAN",21,35,,14,1,,,30,15,0.367,0.067,,,29,2,0.655,0.0,25,1526
7,Rhodes,Wisconsin-Eau Claire,94-120,94,120,4-3,5-0,12/02/16,Win,187,No Location Recorded,6:00 p.m.,05:26,"SUB IN by NYAWATA,ANESU",21,35,,14,1,,,30,15,0.367,0.067,,,29,2,0.655,0.0,25,1526
7,Rhodes,Wisconsin-Eau Claire,94-120,94,120,4-3,5-0,12/02/16,Win,187,No Location Recorded,6:00 p.m.,05:26,"SUB IN by BERRY,BRYCE",21,35,,14,1,,,30,15,0.367,0.067,,,29,2,0.655,0.0,25,1526
7,Rhodes,Wisconsin-Eau Claire,94-120,94,120,4-3,5-0,12/02/16,Win,187,No Location Recorded,6:00 p.m.,05:26,"SUB IN by WEIR,JJ",21,35,,14,1,,,30,15,0.367,0.067,,,29,2,0.655,0.0,25,1526
7,Rhodes,Wisconsin-Eau Claire,94-120,94,120,4-3,5-0,12/02/16,Win,187,No Location Recorded,6:00 p.m.,05:26,"SUB IN by LOWRIE,ANDREW",21,35,,14,1,,,30,15,0.367,0.067,,,29,2,0.655,0.0,25,1526
7,Rhodes,Wisconsin-Eau Claire,94-120,94,120,4-3,5-0,12/02/16,Win,187,No Location Recorded,6:00 p.m.,05:26,"SUB OUT by SULLIVAN,BRENNAN",21,35,,14,1,,,30,15,0.367,0.067,,,29,2,0.655,0.0,25,1526
7,Rhodes,Wisconsin-Eau Claire,94-120,94,120,4-3,5-0,12/02/16,Win,187,No Location Recorded,6:00 p.m.,05:26,"SUB OUT by GIROUX,PRESTON",21,35,,14,1,,,30,15,0.367,0.067,,,29,2,0.655,0.0,25,1526
7,Rhodes,Wisconsin-Eau Claire,94-120,94,120,4-3,5-0,12/02/16,Win,187,No Location Recorded,6:00 p.m.,05:26,"SUB OUT by ASHBY,KENDRICK",21,35,,14,1,,,30,15,0.367,0.067,,,29,2,0.655,0.0,25,1526
7,Rhodes,Wisconsin-Eau Claire,94-120,94,120,4-3,5-0,12/02/16,Win,187,No Location Recorded,6:00 p.m.,05:26,"SUB OUT by DE FERIA,NICK",21,35,,14,1,,,30,15,0.367,0.067,,,29,2,0.655,0.0,25,1526
7,Rhodes,Wisconsin-Eau Claire,94-120,94,120,4-3,5-0,12/02/16,Win,187,No Location Recorded,6:00 p.m.,05:26,"SUB OUT by DARST,DANIEL",21,35,,14,1,,,30,15,0.367,0.067,,,29,2,0.655,0.0,25,1526
7,Rhodes,Wisconsin-Eau Claire,94-120,94,120,4-3,5-0,12/02/16,Win,187,No Location Recorded,6:00 p.m.,05:26,,21,35,"SUB IN by MILLER,SEAN",14,1,,,30,15,0.367,0.067,,,29,2,0.655,0.0,25,1526
7,Rhodes,Wisconsin-Eau Claire,94-120,94,120,4-3,5-0,12/02/16,Win,187,No Location Recorded,6:00 p.m.,05:26,,21,35,"SUB IN by CHRISTIANSEN,STEVE",14,1,,,30,15,0.367,0.067,,,29,2,0.655,0.0,25,1526
7,Rhodes,Wisconsin-Eau Claire,94-120,94,120,4-3,5-0,12/02/16,Win,187,No Location Recorded,6:00 p.m.,05:26,,21,35,"SUB OUT by SCHNEIDERMANN,JARED",14,1,,,30,15,0.367,0.067,,,29,2,0.655,0.0,25,1526
7,Rhodes,Wisconsin-Eau Claire,94-120,94,120,4-3,5-0,12/02/16,Win,187,No Location Recorded,6:00 p.m.,05:26,,21,35,"SUB OUT by DUFF,CHRIS",14,1,,,30,15,0.367,0.067,,,29,2,0.655,0.0,25,1526
7,Rhodes,Wisconsin-Eau Claire,94-120,94,120,4-3,5-0,12/02/16,Win,187,No Location Recorded,6:00 p.m.,05:19,"GOOD 3PTR by NYAWATA,ANESU",24,35,,11,1,3ptr,good,31,16,0.387,0.125,,,29,2,0.655,0.0,25,1519
7,Rhodes,Wisconsin-Eau Claire,94-120,94,120,4-3,5-0,12/02/16,Win,187,No Location Recorded,6:00 p.m.,05:19,"ASSIST  by WEIR,JJ",24,35,,11,1,,,31,16,0.387,0.125,,,29,2,0.655,0.0,25,1519
7,Rhodes,Wisconsin-Eau Claire,94-120,94,120,4-3,5-0,12/02/16,Win,187,No Location Recorded,6:00 p.m.,05:05,,24,37,"GOOD LAYUP by DUXBURY,ANDREW(fastbreak)(in the paint)",13,1,,,31,16,0.387,0.125,layup,good,30,2,0.667,0.0,25,1505
7,Rhodes,Wisconsin-Eau Claire,94-120,94,120,4-3,5-0,12/02/16,Win,187,No Location Recorded,6:00 p.m.,04:51,"GOOD JUMPER by BERRY,BRYCE(in the paint)",26,37,,11,1,jumper,good,32,16,0.406,0.125,,,30,2,0.667,0.0,24,1491
7,Rhodes,Wisconsin-Eau Claire,94-120,94,120,4-3,5-0,12/02/16,Win,187,No Location Recorded,6:00 p.m.,04:39,,26,37,"MISS LAYUP by CHRISTIANSEN,STEVE",11,1,,,32,16,0.406,0.125,layup,miss,31,2,0.645,0.0,24,1479
7,Rhodes,Wisconsin-Eau Claire,94-120,94,120,4-3,5-0,12/02/16,Win,187,No Location Recorded,6:00 p.m.,04:39,"BLOCK  by HARRISON,IAN",26,37,,11,1,,,32,16,0.406,0.125,,,31,2,0.645,0.0,24,1479
7,Rhodes,Wisconsin-Eau Claire,94-120,94,120,4-3,5-0,12/02/16,Win,187,No Location Recorded,6:00 p.m.,04:39,"REBOUND DEF by LOWRIE,ANDREW",26,37,,11,1,,,32,16,0.406,0.125,,,31,2,0.645,0.0,24,1479
7,Rhodes,Wisconsin-Eau Claire,94-120,94,120,4-3,5-0,12/02/16,Win,187,No Location Recorded,6:00 p.m.,04:30,"GOOD 3PTR by BERRY,BRYCE",29,37,,8,1,3ptr,good,33,17,0.424,0.176,,,31,2,0.645,0.0,24,1470
7,Rhodes,Wisconsin-Eau Claire,94-120,94,120,4-3,5-0,12/02/16,Win,187,No Location Recorded,6:00 p.m.,04:16,"FOUL  by WEIR,JJ",29,37,,8,1,foul,,33,17,0.424,0.176,,,31,2,0.645,0.0,24,1456
7,Rhodes,Wisconsin-Eau Claire,94-120,94,120,4-3,5-0,12/02/16,Win,187,No Location Recorded,6:00 p.m.,04:16,,29,38,"GOOD FT by DIEKELMAN,GEORGE",9,1,,,33,17,0.424,0.176,ft,good,32,2,0.656,0.0,24,1456
7,Rhodes,Wisconsin-Eau Claire,94-120,94,120,4-3,5-0,12/02/16,Win,187,No Location Recorded,6:00 p.m.,04:16,,29,39,"GOOD FT by DIEKELMAN,GEORGE",10,1,,,33,17,0.424,0.176,ft,good,33,2,0.667,0.0,24,1456
7,Rhodes,Wisconsin-Eau Claire,94-120,94,120,4-3,5-0,12/02/16,Win,187,No Location Recorded,6:00 p.m.,04:16,"SUB IN by NESTLEHUTT,JAKE",29,39,,10,1,,,33,17,0.424,0.176,,,33,2,0.667,0.0,24,1456
7,Rhodes,Wisconsin-Eau Claire,94-120,94,120,4-3,5-0,12/02/16,Win,187,No Location Recorded,6:00 p.m.,04:16,"SUB IN by DALTON,PRICE",29,39,,10,1,,,33,17,0.424,0.176,,,33,2,0.667,0.0,24,1456
7,Rhodes,Wisconsin-Eau Claire,94-120,94,120,4-3,5-0,12/02/16,Win,187,No Location Recorded,6:00 p.m.,04:16,"SUB IN by WEATHERFORD,MITCH",29,39,,10,1,,,33,17,0.424,0.176,,,33,2,0.667,0.0,24,1456
7,Rhodes,Wisconsin-Eau Claire,94-120,94,120,4-3,5-0,12/02/16,Win,187,No Location Recorded,6:00 p.m.,04:16,"SUB IN by GIROUX,PRESTON",29,39,,10,1,,,33,17,0.424,0.176,,,33,2,0.667,0.0,24,1456
7,Rhodes,Wisconsin-Eau Claire,94-120,94,120,4-3,5-0,12/02/16,Win,187,No Location Recorded,6:00 p.m.,04:16,"SUB IN by GALVIN,OWEN",29,39,,10,1,,,33,17,0.424,0.176,,,33,2,0.667,0.0,24,1456
7,Rhodes,Wisconsin-Eau Claire,94-120,94,120,4-3,5-0,12/02/16,Win,187,No Location Recorded,6:00 p.m.,04:16,"SUB OUT by HARRISON,IAN",29,39,,10,1,,,33,17,0.424,0.176,,,33,2,0.667,0.0,24,1456
7,Rhodes,Wisconsin-Eau Claire,94-120,94,120,4-3,5-0,12/02/16,Win,187,No Location Recorded,6:00 p.m.,04:16,"SUB OUT by NYAWATA,ANESU",29,39,,10,1,,,33,17,0.424,0.176,,,33,2,0.667,0.0,24,1456
7,Rhodes,Wisconsin-Eau Claire,94-120,94,120,4-3,5-0,12/02/16,Win,187,No Location Recorded,6:00 p.m.,04:16,"SUB OUT by BERRY,BRYCE",29,39,,10,1,,,33,17,0.424,0.176,,,33,2,0.667,0.0,24,1456
7,Rhodes,Wisconsin-Eau Claire,94-120,94,120,4-3,5-0,12/02/16,Win,187,No Location Recorded,6:00 p.m.,04:16,"SUB OUT by WEIR,JJ",29,39,,10,1,,,33,17,0.424,0.176,,,33,2,0.667,0.0,24,1456
7,Rhodes,Wisconsin-Eau Claire,94-120,94,120,4-3,5-0,12/02/16,Win,187,No Location Recorded,6:00 p.m.,04:16,"SUB OUT by LOWRIE,ANDREW",29,39,,10,1,,,33,17,0.424,0.176,,,33,2,0.667,0.0,24,1456
7,Rhodes,Wisconsin-Eau Claire,94-120,94,120,4-3,5-0,12/02/16,Win,187,No Location Recorded,6:00 p.m.,04:16,,29,39,"SUB IN by DUFF,CHRIS",10,1,,,33,17,0.424,0.176,,,33,2,0.667,0.0,24,1456
7,Rhodes,Wisconsin-Eau Claire,94-120,94,120,4-3,5-0,12/02/16,Win,187,No Location Recorded,6:00 p.m.,04:16,,29,39,"SUB OUT by MCDONALD,KYLE",10,1,,,33,17,0.424,0.176,,,33,2,0.667,0.0,24,1456
7,Rhodes,Wisconsin-Eau Claire,94-120,94,120,4-3,5-0,12/02/16,Win,187,No Location Recorded,6:00 p.m.,04:08,"MISS 3PTR by NESTLEHUTT,JAKE",29,39,,10,1,3ptr,miss,34,18,0.412,0.167,,,33,2,0.667,0.0,24,1448
7,Rhodes,Wisconsin-Eau Claire,94-120,94,120,4-3,5-0,12/02/16,Win,187,No Location Recorded,6:00 p.m.,04:08,"REBOUND OFF by GALVIN,OWEN",29,39,,10,1,,,34,18,0.412,0.167,,,33,2,0.667,0.0,24,1448
7,Rhodes,Wisconsin-Eau Claire,94-120,94,120,4-3,5-0,12/02/16,Win,187,No Location Recorded,6:00 p.m.,04:03,"GOOD LAYUP by GALVIN,OWEN(in the paint)",31,39,,8,1,layup,good,35,18,0.429,0.167,,,33,2,0.667,0.0,24,1443
7,Rhodes,Wisconsin-Eau Claire,94-120,94,120,4-3,5-0,12/02/16,Win,187,No Location Recorded,6:00 p.m.,04:02,,31,39,"FOUL  by MILLER,SEAN",8,1,,,35,18,0.429,0.167,foul,,33,2,0.667,0.0,24,1442
7,Rhodes,Wisconsin-Eau Claire,94-120,94,120,4-3,5-0,12/02/16,Win,187,No Location Recorded,6:00 p.m.,04:02,"GOOD FT by GALVIN,OWEN",32,39,,7,1,ft,good,36,18,0.444,0.167,,,33,2,0.667,0.0,24,1442
7,Rhodes,Wisconsin-Eau Claire,94-120,94,120,4-3,5-0,12/02/16,Win,187,No Location Recorded,6:00 p.m.,03:55,,32,41,"GOOD LAYUP by CHRISTIANSEN,STEVE(fastbreak)(in the paint)",9,1,,,36,18,0.444,0.167,layup,good,34,2,0.676,0.0,23,1435
7,Rhodes,Wisconsin-Eau Claire,94-120,94,120,4-3,5-0,12/02/16,Win,187,No Location Recorded,6:00 p.m.,03:55,,32,41,"ASSIST  by MILLER,SEAN",9,1,,,36,18,0.444,0.167,,,34,2,0.676,0.0,23,1435
7,Rhodes,Wisconsin-Eau Claire,94-120,94,120,4-3,5-0,12/02/16,Win,187,No Location Recorded,6:00 p.m.,03:42,"MISS LAYUP by GIROUX,PRESTON",32,41,,9,1,layup,miss,37,18,0.432,0.167,,,34,2,0.676,0.0,23,1422
7,Rhodes,Wisconsin-Eau Claire,94-120,94,120,4-3,5-0,12/02/16,Win,187,No Location Recorded,6:00 p.m.,03:42,,32,41,"REBOUND DEF by MILLER,SEAN",9,1,,,37,18,0.432,0.167,,,34,2,0.676,0.0,23,1422
7,Rhodes,Wisconsin-Eau Claire,94-120,94,120,4-3,5-0,12/02/16,Win,187,No Location Recorded,6:00 p.m.,03:32,,32,43,"GOOD LAYUP by DUFF,CHRIS(fastbreak)(in the paint)",11,1,,,37,18,0.432,0.167,layup,good,35,2,0.686,0.0,23,1412
7,Rhodes,Wisconsin-Eau Claire,94-120,94,120,4-3,5-0,12/02/16,Win,187,No Location Recorded,6:00 p.m.,03:32,,32,43,"ASSIST  by DIEKELMAN,GEORGE",11,1,,,37,18,0.432,0.167,,,35,2,0.686,0.0,23,1412
7,Rhodes,Wisconsin-Eau Claire,94-120,94,120,4-3,5-0,12/02/16,Win,187,No Location Recorded,6:00 p.m.,03:31,,32,43,TIMEOUT 30SEC by TEAM,11,1,,,37,18,0.432,0.167,,,35,2,0.686,0.0,23,1411
7,Rhodes,Wisconsin-Eau Claire,94-120,94,120,4-3,5-0,12/02/16,Win,187,No Location Recorded,6:00 p.m.,03:31,"SUB IN by DARST,DANIEL",32,43,,11,1,,,37,18,0.432,0.167,,,35,2,0.686,0.0,23,1411
7,Rhodes,Wisconsin-Eau Claire,94-120,94,120,4-3,5-0,12/02/16,Win,187,No Location Recorded,6:00 p.m.,03:31,"SUB IN by SULLIVAN,BRENNAN",32,43,,11,1,,,37,18,0.432,0.167,,,35,2,0.686,0.0,23,1411
7,Rhodes,Wisconsin-Eau Claire,94-120,94,120,4-3,5-0,12/02/16,Win,187,No Location Recorded,6:00 p.m.,03:31,"SUB IN by DE FERIA,NICK",32,43,,11,1,,,37,18,0.432,0.167,,,35,2,0.686,0.0,23,1411
7,Rhodes,Wisconsin-Eau Claire,94-120,94,120,4-3,5-0,12/02/16,Win,187,No Location Recorded,6:00 p.m.,03:31,"SUB IN by ASHBY,KENDRICK",32,43,,11,1,,,37,18,0.432,0.167,,,35,2,0.686,0.0,23,1411
7,Rhodes,Wisconsin-Eau Claire,94-120,94,120,4-3,5-0,12/02/16,Win,187,No Location Recorded,6:00 p.m.,03:31,"SUB IN by GEE,TYLER",32,43,,11,1,,,37,18,0.432,0.167,,,35,2,0.686,0.0,23,1411
7,Rhodes,Wisconsin-Eau Claire,94-120,94,120,4-3,5-0,12/02/16,Win,187,No Location Recorded,6:00 p.m.,03:31,"SUB OUT by NESTLEHUTT,JAKE",32,43,,11,1,,,37,18,0.432,0.167,,,35,2,0.686,0.0,23,1411
7,Rhodes,Wisconsin-Eau Claire,94-120,94,120,4-3,5-0,12/02/16,Win,187,No Location Recorded,6:00 p.m.,03:31,"SUB OUT by DALTON,PRICE",32,43,,11,1,,,37,18,0.432,0.167,,,35,2,0.686,0.0,23,1411
7,Rhodes,Wisconsin-Eau Claire,94-120,94,120,4-3,5-0,12/02/16,Win,187,No Location Recorded,6:00 p.m.,03:31,"SUB OUT by WEATHERFORD,MITCH",32,43,,11,1,,,37,18,0.432,0.167,,,35,2,0.686,0.0,23,1411
7,Rhodes,Wisconsin-Eau Claire,94-120,94,120,4-3,5-0,12/02/16,Win,187,No Location Recorded,6:00 p.m.,03:31,"SUB OUT by GIROUX,PRESTON",32,43,,11,1,,,37,18,0.432,0.167,,,35,2,0.686,0.0,23,1411
7,Rhodes,Wisconsin-Eau Claire,94-120,94,120,4-3,5-0,12/02/16,Win,187,No Location Recorded,6:00 p.m.,03:31,"SUB OUT by GALVIN,OWEN",32,43,,11,1,,,37,18,0.432,0.167,,,35,2,0.686,0.0,23,1411
7,Rhodes,Wisconsin-Eau Claire,94-120,94,120,4-3,5-0,12/02/16,Win,187,No Location Recorded,6:00 p.m.,03:31,,32,43,"SUB IN by SCHNEIDERMANN,JARED",11,1,,,37,18,0.432,0.167,,,35,2,0.686,0.0,23,1411
7,Rhodes,Wisconsin-Eau Claire,94-120,94,120,4-3,5-0,12/02/16,Win,187,No Location Recorded,6:00 p.m.,03:31,,32,43,"SUB OUT by CHRISTIANSEN,STEVE",11,1,,,37,18,0.432,0.167,,,35,2,0.686,0.0,23,1411
7,Rhodes,Wisconsin-Eau Claire,94-120,94,120,4-3,5-0,12/02/16,Win,187,No Location Recorded,6:00 p.m.,03:26,,32,43,"FOUL  by DUXBURY,ANDREW",11,1,,,37,18,0.432,0.167,foul,,35,2,0.686,0.0,23,1406
7,Rhodes,Wisconsin-Eau Claire,94-120,94,120,4-3,5-0,12/02/16,Win,187,No Location Recorded,6:00 p.m.,03:26,"MISS FT by ASHBY,KENDRICK",32,43,,11,1,ft,miss,38,18,0.421,0.167,,,35,2,0.686,0.0,23,1406
7,Rhodes,Wisconsin-Eau Claire,94-120,94,120,4-3,5-0,12/02/16,Win,187,No Location Recorded,6:00 p.m.,03:26,REBOUND DEADB by TEAM,32,43,,11,1,,,38,18,0.421,0.167,,,35,2,0.686,0.0,23,1406
7,Rhodes,Wisconsin-Eau Claire,94-120,94,120,4-3,5-0,12/02/16,Win,187,No Location Recorded,6:00 p.m.,03:26,"MISS FT by ASHBY,KENDRICK",32,43,,11,1,ft,miss,39,18,0.41,0.167,,,35,2,0.686,0.0,23,1406
7,Rhodes,Wisconsin-Eau Claire,94-120,94,120,4-3,5-0,12/02/16,Win,187,No Location Recorded,6:00 p.m.,03:26,,32,43,"REBOUND DEF by DUFF,CHRIS",11,1,,,39,18,0.41,0.167,,,35,2,0.686,0.0,23,1406
7,Rhodes,Wisconsin-Eau Claire,94-120,94,120,4-3,5-0,12/02/16,Win,187,No Location Recorded,6:00 p.m.,03:19,,32,45,"GOOD LAYUP by MILLER,SEAN(fastbreak)(in the paint)",13,1,,,39,18,0.41,0.167,layup,good,36,2,0.694,0.0,23,1399
7,Rhodes,Wisconsin-Eau Claire,94-120,94,120,4-3,5-0,12/02/16,Win,187,No Location Recorded,6:00 p.m.,03:19,,32,45,"ASSIST  by SCHNEIDERMANN,JARED",13,1,,,39,18,0.41,0.167,,,36,2,0.694,0.0,23,1399
7,Rhodes,Wisconsin-Eau Claire,94-120,94,120,4-3,5-0,12/02/16,Win,187,No Location Recorded,6:00 p.m.,03:08,"TURNOVER  by DARST,DANIEL",32,45,,13,1,,,39,18,0.41,0.167,,,36,2,0.694,0.0,23,1388
7,Rhodes,Wisconsin-Eau Claire,94-120,94,120,4-3,5-0,12/02/16,Win,187,No Location Recorded,6:00 p.m.,02:59,,32,47,"GOOD LAYUP by DIEKELMAN,GEORGE(in the paint)",15,1,,,39,18,0.41,0.167,layup,good,37,2,0.703,0.0,22,1379
7,Rhodes,Wisconsin-Eau Claire,94-120,94,120,4-3,5-0,12/02/16,Win,187,No Location Recorded,6:00 p.m.,02:59,,32,47,"ASSIST  by DUFF,CHRIS",15,1,,,39,18,0.41,0.167,,,37,2,0.703,0.0,22,1379
7,Rhodes,Wisconsin-Eau Claire,94-120,94,120,4-3,5-0,12/02/16,Win,187,No Location Recorded,6:00 p.m.,02:47,"MISS LAYUP by DARST,DANIEL",32,47,,15,1,layup,miss,40,18,0.4,0.167,,,37,2,0.703,0.0,22,1367
7,Rhodes,Wisconsin-Eau Claire,94-120,94,120,4-3,5-0,12/02/16,Win,187,No Location Recorded,6:00 p.m.,02:47,"REBOUND OFF by DARST,DANIEL",32,47,,15,1,,,40,18,0.4,0.167,,,37,2,0.703,0.0,22,1367
7,Rhodes,Wisconsin-Eau Claire,94-120,94,120,4-3,5-0,12/02/16,Win,187,No Location Recorded,6:00 p.m.,02:44,"GOOD 3PTR by SULLIVAN,BRENNAN",35,47,,12,1,3ptr,good,41,19,0.415,0.211,,,37,2,0.703,0.0,22,1364
7,Rhodes,Wisconsin-Eau Claire,94-120,94,120,4-3,5-0,12/02/16,Win,187,No Location Recorded,6:00 p.m.,02:44,"ASSIST  by DARST,DANIEL",35,47,,12,1,,,41,19,0.415,0.211,,,37,2,0.703,0.0,22,1364
7,Rhodes,Wisconsin-Eau Claire,94-120,94,120,4-3,5-0,12/02/16,Win,187,No Location Recorded,6:00 p.m.,02:36,,35,49,"GOOD LAYUP by DUXBURY,ANDREW(fastbreak)(in the paint)",14,1,,,41,19,0.415,0.211,layup,good,38,2,0.711,0.0,22,1356
7,Rhodes,Wisconsin-Eau Claire,94-120,94,120,4-3,5-0,12/02/16,Win,187,No Location Recorded,6:00 p.m.,02:36,,35,49,"ASSIST  by DIEKELMAN,GEORGE",14,1,,,41,19,0.415,0.211,,,38,2,0.711,0.0,22,1356
7,Rhodes,Wisconsin-Eau Claire,94-120,94,120,4-3,5-0,12/02/16,Win,187,No Location Recorded,6:00 p.m.,02:36,"FOUL  by ASHBY,KENDRICK",35,49,,14,1,foul,,41,19,0.415,0.211,,,38,2,0.711,0.0,22,1356
7,Rhodes,Wisconsin-Eau Claire,94-120,94,120,4-3,5-0,12/02/16,Win,187,No Location Recorded,6:00 p.m.,02:36,,35,49,"MISS FT by DUXBURY,ANDREW",14,1,,,41,19,0.415,0.211,ft,miss,39,2,0.692,0.0,22,1356
7,Rhodes,Wisconsin-Eau Claire,94-120,94,120,4-3,5-0,12/02/16,Win,187,No Location Recorded,6:00 p.m.,02:36,"REBOUND DEF by BERRY,BRYCE",35,49,,14,1,,,41,19,0.415,0.211,,,39,2,0.692,0.0,22,1356
7,Rhodes,Wisconsin-Eau Claire,94-120,94,120,4-3,5-0,12/02/16,Win,187,No Location Recorded,6:00 p.m.,02:36,"SUB IN by LOWRIE,ANDREW",35,49,,14,1,,,41,19,0.415,0.211,,,39,2,0.692,0.0,22,1356
7,Rhodes,Wisconsin-Eau Claire,94-120,94,120,4-3,5-0,12/02/16,Win,187,No Location Recorded,6:00 p.m.,02:36,"SUB IN by WEATHERFORD,MITCH",35,49,,14,1,,,41,19,0.415,0.211,,,39,2,0.692,0.0,22,1356
7,Rhodes,Wisconsin-Eau Claire,94-120,94,120,4-3,5-0,12/02/16,Win,187,No Location Recorded,6:00 p.m.,02:36,"SUB IN by NYAWATA,ANESU",35,49,,14,1,,,41,19,0.415,0.211,,,39,2,0.692,0.0,22,1356
7,Rhodes,Wisconsin-Eau Claire,94-120,94,120,4-3,5-0,12/02/16,Win,187,No Location Recorded,6:00 p.m.,02:36,"SUB IN by BERRY,BRYCE",35,49,,14,1,,,41,19,0.415,0.211,,,39,2,0.692,0.0,22,1356
7,Rhodes,Wisconsin-Eau Claire,94-120,94,120,4-3,5-0,12/02/16,Win,187,No Location Recorded,6:00 p.m.,02:36,"SUB IN by HARRISON,IAN",35,49,,14,1,,,41,19,0.415,0.211,,,39,2,0.692,0.0,22,1356
7,Rhodes,Wisconsin-Eau Claire,94-120,94,120,4-3,5-0,12/02/16,Win,187,No Location Recorded,6:00 p.m.,02:36,"SUB OUT by DARST,DANIEL",35,49,,14,1,,,41,19,0.415,0.211,,,39,2,0.692,0.0,22,1356
7,Rhodes,Wisconsin-Eau Claire,94-120,94,120,4-3,5-0,12/02/16,Win,187,No Location Recorded,6:00 p.m.,02:36,"SUB OUT by SULLIVAN,BRENNAN",35,49,,14,1,,,41,19,0.415,0.211,,,39,2,0.692,0.0,22,1356
7,Rhodes,Wisconsin-Eau Claire,94-120,94,120,4-3,5-0,12/02/16,Win,187,No Location Recorded,6:00 p.m.,02:36,"SUB OUT by DE FERIA,NICK",35,49,,14,1,,,41,19,0.415,0.211,,,39,2,0.692,0.0,22,1356
7,Rhodes,Wisconsin-Eau Claire,94-120,94,120,4-3,5-0,12/02/16,Win,187,No Location Recorded,6:00 p.m.,02:36,"SUB OUT by ASHBY,KENDRICK",35,49,,14,1,,,41,19,0.415,0.211,,,39,2,0.692,0.0,22,1356
7,Rhodes,Wisconsin-Eau Claire,94-120,94,120,4-3,5-0,12/02/16,Win,187,No Location Recorded,6:00 p.m.,02:36,"SUB OUT by GEE,TYLER",35,49,,14,1,,,41,19,0.415,0.211,,,39,2,0.692,0.0,22,1356
7,Rhodes,Wisconsin-Eau Claire,94-120,94,120,4-3,5-0,12/02/16,Win,187,No Location Recorded,6:00 p.m.,02:22,"MISS LAYUP by HARRISON,IAN",35,49,,14,1,layup,miss,42,19,0.405,0.211,,,39,2,0.692,0.0,22,1342
7,Rhodes,Wisconsin-Eau Claire,94-120,94,120,4-3,5-0,12/02/16,Win,187,No Location Recorded,6:00 p.m.,02:22,,35,49,"REBOUND DEF by SCHNEIDERMANN,JARED",14,1,,,42,19,0.405,0.211,,,39,2,0.692,0.0,22,1342
7,Rhodes,Wisconsin-Eau Claire,94-120,94,120,4-3,5-0,12/02/16,Win,187,No Location Recorded,6:00 p.m.,02:20,"FOUL  by BERRY,BRYCE",35,49,,14,1,foul,,42,19,0.405,0.211,,,39,2,0.692,0.0,22,1340
7,Rhodes,Wisconsin-Eau Claire,94-120,94,120,4-3,5-0,12/02/16,Win,187,No Location Recorded,6:00 p.m.,02:20,,35,50,"GOOD FT by SCHNEIDERMANN,JARED",15,1,,,42,19,0.405,0.211,ft,good,40,2,0.7,0.0,22,1340
7,Rhodes,Wisconsin-Eau Claire,94-120,94,120,4-3,5-0,12/02/16,Win,187,No Location Recorded,6:00 p.m.,02:20,,35,51,"GOOD FT by SCHNEIDERMANN,JARED",16,1,,,42,19,0.405,0.211,ft,good,41,2,0.707,0.0,22,1340
7,Rhodes,Wisconsin-Eau Claire,94-120,94,120,4-3,5-0,12/02/16,Win,187,No Location Recorded,6:00 p.m.,02:20,,35,51,"SUB IN by CHRISTIANSEN,STEVE",16,1,,,42,19,0.405,0.211,,,41,2,0.707,0.0,22,1340
7,Rhodes,Wisconsin-Eau Claire,94-120,94,120,4-3,5-0,12/02/16,Win,187,No Location Recorded,6:00 p.m.,02:20,,35,51,"SUB IN by MCDONALD,KYLE",16,1,,,42,19,0.405,0.211,,,41,2,0.707,0.0,22,1340
7,Rhodes,Wisconsin-Eau Claire,94-120,94,120,4-3,5-0,12/02/16,Win,187,No Location Recorded,6:00 p.m.,02:20,,35,51,"SUB OUT by SCHNEIDERMANN,JARED",16,1,,,42,19,0.405,0.211,,,41,2,0.707,0.0,22,1340
7,Rhodes,Wisconsin-Eau Claire,94-120,94,120,4-3,5-0,12/02/16,Win,187,No Location Recorded,6:00 p.m.,02:20,,35,51,"SUB OUT by DUXBURY,ANDREW",16,1,,,42,19,0.405,0.211,,,41,2,0.707,0.0,22,1340
7,Rhodes,Wisconsin-Eau Claire,94-120,94,120,4-3,5-0,12/02/16,Win,187,No Location Recorded,6:00 p.m.,02:11,"GOOD 3PTR by BERRY,BRYCE",38,51,,13,1,3ptr,good,43,20,0.419,0.25,,,41,2,0.707,0.0,22,1331
7,Rhodes,Wisconsin-Eau Claire,94-120,94,120,4-3,5-0,12/02/16,Win,187,No Location Recorded,6:00 p.m.,02:11,"ASSIST  by NYAWATA,ANESU",38,51,,13,1,,,43,20,0.419,0.25,,,41,2,0.707,0.0,22,1331
7,Rhodes,Wisconsin-Eau Claire,94-120,94,120,4-3,5-0,12/02/16,Win,187,No Location Recorded,6:00 p.m.,02:03,,38,51,"TURNOVER  by CHRISTIANSEN,STEVE",13,1,,,43,20,0.419,0.25,,,41,2,0.707,0.0,22,1323
7,Rhodes,Wisconsin-Eau Claire,94-120,94,120,4-3,5-0,12/02/16,Win,187,No Location Recorded,6:00 p.m.,02:02,"STEAL  by BERRY,BRYCE",38,51,,13,1,,,43,20,0.419,0.25,,,41,2,0.707,0.0,22,1322
7,Rhodes,Wisconsin-Eau Claire,94-120,94,120,4-3,5-0,12/02/16,Win,187,No Location Recorded,6:00 p.m.,02:01,"MISS LAYUP by BERRY,BRYCE",38,51,,13,1,layup,miss,44,20,0.409,0.25,,,41,2,0.707,0.0,22,1321
7,Rhodes,Wisconsin-Eau Claire,94-120,94,120,4-3,5-0,12/02/16,Win,187,No Location Recorded,6:00 p.m.,02:01,,38,51,"REBOUND DEF by DIEKELMAN,GEORGE",13,1,,,44,20,0.409,0.25,,,41,2,0.707,0.0,22,1321
7,Rhodes,Wisconsin-Eau Claire,94-120,94,120,4-3,5-0,12/02/16,Win,187,No Location Recorded,6:00 p.m.,01:56,,38,53,"GOOD DUNK by DUFF,CHRIS(fastbreak)(in the paint)",15,1,,,44,20,0.409,0.25,,good,42,2,0.714,0.0,21,1316
7,Rhodes,Wisconsin-Eau Claire,94-120,94,120,4-3,5-0,12/02/16,Win,187,No Location Recorded,6:00 p.m.,01:56,,38,53,"ASSIST  by DIEKELMAN,GEORGE",15,1,,,44,20,0.409,0.25,,,42,2,0.714,0.0,21,1316
7,Rhodes,Wisconsin-Eau Claire,94-120,94,120,4-3,5-0,12/02/16,Win,187,No Location Recorded,6:00 p.m.,01:55,"FOUL  by HARRISON,IAN",38,53,,15,1,foul,,44,20,0.409,0.25,,,42,2,0.714,0.0,21,1315
7,Rhodes,Wisconsin-Eau Claire,94-120,94,120,4-3,5-0,12/02/16,Win,187,No Location Recorded,6:00 p.m.,01:55,,38,53,"MISS FT by DUFF,CHRIS",15,1,,,44,20,0.409,0.25,ft,miss,43,2,0.698,0.0,21,1315
7,Rhodes,Wisconsin-Eau Claire,94-120,94,120,4-3,5-0,12/02/16,Win,187,No Location Recorded,6:00 p.m.,01:55,"REBOUND DEF by GIROUX,PRESTON",38,53,,15,1,,,44,20,0.409,0.25,,,43,2,0.698,0.0,21,1315
7,Rhodes,Wisconsin-Eau Claire,94-120,94,120,4-3,5-0,12/02/16,Win,187,No Location Recorded,6:00 p.m.,01:55,"SUB IN by DALTON,PRICE",38,53,,15,1,,,44,20,0.409,0.25,,,43,2,0.698,0.0,21,1315
7,Rhodes,Wisconsin-Eau Claire,94-120,94,120,4-3,5-0,12/02/16,Win,187,No Location Recorded,6:00 p.m.,01:55,"SUB IN by GIROUX,PRESTON",38,53,,15,1,,,44,20,0.409,0.25,,,43,2,0.698,0.0,21,1315
7,Rhodes,Wisconsin-Eau Claire,94-120,94,120,4-3,5-0,12/02/16,Win,187,No Location Recorded,6:00 p.m.,01:55,"SUB IN by NESTLEHUTT,JAKE",38,53,,15,1,,,44,20,0.409,0.25,,,43,2,0.698,0.0,21,1315
7,Rhodes,Wisconsin-Eau Claire,94-120,94,120,4-3,5-0,12/02/16,Win,187,No Location Recorded,6:00 p.m.,01:55,"SUB IN by GALVIN,OWEN",38,53,,15,1,,,44,20,0.409,0.25,,,43,2,0.698,0.0,21,1315
7,Rhodes,Wisconsin-Eau Claire,94-120,94,120,4-3,5-0,12/02/16,Win,187,No Location Recorded,6:00 p.m.,01:55,"SUB IN by DARST,DANIEL",38,53,,15,1,,,44,20,0.409,0.25,,,43,2,0.698,0.0,21,1315
7,Rhodes,Wisconsin-Eau Claire,94-120,94,120,4-3,5-0,12/02/16,Win,187,No Location Recorded,6:00 p.m.,01:55,"SUB OUT by LOWRIE,ANDREW",38,53,,15,1,,,44,20,0.409,0.25,,,43,2,0.698,0.0,21,1315
7,Rhodes,Wisconsin-Eau Claire,94-120,94,120,4-3,5-0,12/02/16,Win,187,No Location Recorded,6:00 p.m.,01:55,"SUB OUT by WEATHERFORD,MITCH",38,53,,15,1,,,44,20,0.409,0.25,,,43,2,0.698,0.0,21,1315
7,Rhodes,Wisconsin-Eau Claire,94-120,94,120,4-3,5-0,12/02/16,Win,187,No Location Recorded,6:00 p.m.,01:55,"SUB OUT by NYAWATA,ANESU",38,53,,15,1,,,44,20,0.409,0.25,,,43,2,0.698,0.0,21,1315
7,Rhodes,Wisconsin-Eau Claire,94-120,94,120,4-3,5-0,12/02/16,Win,187,No Location Recorded,6:00 p.m.,01:55,"SUB OUT by BERRY,BRYCE",38,53,,15,1,,,44,20,0.409,0.25,,,43,2,0.698,0.0,21,1315
7,Rhodes,Wisconsin-Eau Claire,94-120,94,120,4-3,5-0,12/02/16,Win,187,No Location Recorded,6:00 p.m.,01:55,"SUB OUT by HARRISON,IAN",38,53,,15,1,,,44,20,0.409,0.25,,,43,2,0.698,0.0,21,1315
7,Rhodes,Wisconsin-Eau Claire,94-120,94,120,4-3,5-0,12/02/16,Win,187,No Location Recorded,6:00 p.m.,01:44,"TURNOVER  by DALTON,PRICE",38,53,,15,1,,,44,20,0.409,0.25,,,43,2,0.698,0.0,21,1304
7,Rhodes,Wisconsin-Eau Claire,94-120,94,120,4-3,5-0,12/02/16,Win,187,No Location Recorded,6:00 p.m.,01:44,,38,53,"SUB IN by SCHNEIDERMANN,JARED",15,1,,,44,20,0.409,0.25,,,43,2,0.698,0.0,21,1304
7,Rhodes,Wisconsin-Eau Claire,94-120,94,120,4-3,5-0,12/02/16,Win,187,No Location Recorded,6:00 p.m.,01:44,,38,53,"SUB OUT by CHRISTIANSEN,STEVE",15,1,,,44,20,0.409,0.25,,,43,2,0.698,0.0,21,1304
7,Rhodes,Wisconsin-Eau Claire,94-120,94,120,4-3,5-0,12/02/16,Win,187,No Location Recorded,6:00 p.m.,01:37,,38,55,"GOOD LAYUP by MILLER,SEAN(fastbreak)(in the paint)",17,1,,,44,20,0.409,0.25,layup,good,44,2,0.705,0.0,21,1297
7,Rhodes,Wisconsin-Eau Claire,94-120,94,120,4-3,5-0,12/02/16,Win,187,No Location Recorded,6:00 p.m.,01:37,,38,55,"ASSIST  by MCDONALD,KYLE",17,1,,,44,20,0.409,0.25,,,44,2,0.705,0.0,21,1297
7,Rhodes,Wisconsin-Eau Claire,94-120,94,120,4-3,5-0,12/02/16,Win,187,No Location Recorded,6:00 p.m.,01:27,"MISS 3PTR by NESTLEHUTT,JAKE",38,55,,17,1,3ptr,miss,45,21,0.4,0.238,,,44,2,0.705,0.0,21,1287
7,Rhodes,Wisconsin-Eau Claire,94-120,94,120,4-3,5-0,12/02/16,Win,187,No Location Recorded,6:00 p.m.,01:27,,38,55,"REBOUND DEF by SCHNEIDERMANN,JARED",17,1,,,45,21,0.4,0.238,,,44,2,0.705,0.0,21,1287
7,Rhodes,Wisconsin-Eau Claire,94-120,94,120,4-3,5-0,12/02/16,Win,187,No Location Recorded,6:00 p.m.,01:17,"FOUL  by GIROUX,PRESTON",38,55,,17,1,foul,,45,21,0.4,0.238,,,44,2,0.705,0.0,21,1277
7,Rhodes,Wisconsin-Eau Claire,94-120,94,120,4-3,5-0,12/02/16,Win,187,No Location Recorded,6:00 p.m.,01:17,,38,56,"GOOD FT by DUFF,CHRIS",18,1,,,45,21,0.4,0.238,ft,good,45,2,0.711,0.0,21,1277
7,Rhodes,Wisconsin-Eau Claire,94-120,94,120,4-3,5-0,12/02/16,Win,187,No Location Recorded,6:00 p.m.,01:17,,38,56,"MISS FT by DUFF,CHRIS",18,1,,,45,21,0.4,0.238,ft,miss,46,2,0.696,0.0,21,1277
7,Rhodes,Wisconsin-Eau Claire,94-120,94,120,4-3,5-0,12/02/16,Win,187,No Location Recorded,6:00 p.m.,01:17,"REBOUND DEF by GEE,TYLER",38,56,,18,1,,,45,21,0.4,0.238,,,46,2,0.696,0.0,21,1277
7,Rhodes,Wisconsin-Eau Claire,94-120,94,120,4-3,5-0,12/02/16,Win,187,No Location Recorded,6:00 p.m.,01:17,"SUB IN by GEE,TYLER",38,56,,18,1,,,45,21,0.4,0.238,,,46,2,0.696,0.0,21,1277
7,Rhodes,Wisconsin-Eau Claire,94-120,94,120,4-3,5-0,12/02/16,Win,187,No Location Recorded,6:00 p.m.,01:17,"SUB IN by SULLIVAN,BRENNAN",38,56,,18,1,,,45,21,0.4,0.238,,,46,2,0.696,0.0,21,1277
7,Rhodes,Wisconsin-Eau Claire,94-120,94,120,4-3,5-0,12/02/16,Win,187,No Location Recorded,6:00 p.m.,01:17,"SUB IN by DE FERIA,NICK",38,56,,18,1,,,45,21,0.4,0.238,,,46,2,0.696,0.0,21,1277
7,Rhodes,Wisconsin-Eau Claire,94-120,94,120,4-3,5-0,12/02/16,Win,187,No Location Recorded,6:00 p.m.,01:17,"SUB IN by WEATHERFORD,MITCH",38,56,,18,1,,,45,21,0.4,0.238,,,46,2,0.696,0.0,21,1277
7,Rhodes,Wisconsin-Eau Claire,94-120,94,120,4-3,5-0,12/02/16,Win,187,No Location Recorded,6:00 p.m.,01:17,"SUB IN by ASHBY,KENDRICK",38,56,,18,1,,,45,21,0.4,0.238,,,46,2,0.696,0.0,21,1277
7,Rhodes,Wisconsin-Eau Claire,94-120,94,120,4-3,5-0,12/02/16,Win,187,No Location Recorded,6:00 p.m.,01:17,"SUB OUT by DALTON,PRICE",38,56,,18,1,,,45,21,0.4,0.238,,,46,2,0.696,0.0,21,1277
7,Rhodes,Wisconsin-Eau Claire,94-120,94,120,4-3,5-0,12/02/16,Win,187,No Location Recorded,6:00 p.m.,01:17,"SUB OUT by GIROUX,PRESTON",38,56,,18,1,,,45,21,0.4,0.238,,,46,2,0.696,0.0,21,1277
7,Rhodes,Wisconsin-Eau Claire,94-120,94,120,4-3,5-0,12/02/16,Win,187,No Location Recorded,6:00 p.m.,01:17,"SUB OUT by NESTLEHUTT,JAKE",38,56,,18,1,,,45,21,0.4,0.238,,,46,2,0.696,0.0,21,1277
7,Rhodes,Wisconsin-Eau Claire,94-120,94,120,4-3,5-0,12/02/16,Win,187,No Location Recorded,6:00 p.m.,01:17,"SUB OUT by GALVIN,OWEN",38,56,,18,1,,,45,21,0.4,0.238,,,46,2,0.696,0.0,21,1277
7,Rhodes,Wisconsin-Eau Claire,94-120,94,120,4-3,5-0,12/02/16,Win,187,No Location Recorded,6:00 p.m.,01:17,"SUB OUT by DARST,DANIEL",38,56,,18,1,,,45,21,0.4,0.238,,,46,2,0.696,0.0,21,1277
7,Rhodes,Wisconsin-Eau Claire,94-120,94,120,4-3,5-0,12/02/16,Win,187,No Location Recorded,6:00 p.m.,01:16,,38,56,"FOUL  by SCHNEIDERMANN,JARED",18,1,,,45,21,0.4,0.238,foul,,46,2,0.696,0.0,21,1276
7,Rhodes,Wisconsin-Eau Claire,94-120,94,120,4-3,5-0,12/02/16,Win,187,No Location Recorded,6:00 p.m.,01:16,"GOOD FT by GEE,TYLER",39,56,,17,1,ft,good,46,21,0.413,0.238,,,46,2,0.696,0.0,21,1276
7,Rhodes,Wisconsin-Eau Claire,94-120,94,120,4-3,5-0,12/02/16,Win,187,No Location Recorded,6:00 p.m.,01:16,"GOOD FT by GEE,TYLER",40,56,,16,1,ft,good,47,21,0.426,0.238,,,46,2,0.696,0.0,21,1276
7,Rhodes,Wisconsin-Eau Claire,94-120,94,120,4-3,5-0,12/02/16,Win,187,No Location Recorded,6:00 p.m.,01:16,"SUB IN by HARRISON,IAN",40,56,,16,1,,,47,21,0.426,0.238,,,46,2,0.696,0.0,21,1276
7,Rhodes,Wisconsin-Eau Claire,94-120,94,120,4-3,5-0,12/02/16,Win,187,No Location Recorded,6:00 p.m.,01:16,"SUB IN by BERRY,BRYCE",40,56,,16,1,,,47,21,0.426,0.238,,,46,2,0.696,0.0,21,1276
7,Rhodes,Wisconsin-Eau Claire,94-120,94,120,4-3,5-0,12/02/16,Win,187,No Location Recorded,6:00 p.m.,01:16,"SUB IN by NYAWATA,ANESU",40,56,,16,1,,,47,21,0.426,0.238,,,46,2,0.696,0.0,21,1276
7,Rhodes,Wisconsin-Eau Claire,94-120,94,120,4-3,5-0,12/02/16,Win,187,No Location Recorded,6:00 p.m.,01:16,"SUB IN by WEIR,JJ",40,56,,16,1,,,47,21,0.426,0.238,,,46,2,0.696,0.0,21,1276
7,Rhodes,Wisconsin-Eau Claire,94-120,94,120,4-3,5-0,12/02/16,Win,187,No Location Recorded,6:00 p.m.,01:16,"SUB IN by LOWRIE,ANDREW",40,56,,16,1,,,47,21,0.426,0.238,,,46,2,0.696,0.0,21,1276
7,Rhodes,Wisconsin-Eau Claire,94-120,94,120,4-3,5-0,12/02/16,Win,187,No Location Recorded,6:00 p.m.,01:16,"SUB OUT by GEE,TYLER",40,56,,16,1,,,47,21,0.426,0.238,,,46,2,0.696,0.0,21,1276
7,Rhodes,Wisconsin-Eau Claire,94-120,94,120,4-3,5-0,12/02/16,Win,187,No Location Recorded,6:00 p.m.,01:16,"SUB OUT by SULLIVAN,BRENNAN",40,56,,16,1,,,47,21,0.426,0.238,,,46,2,0.696,0.0,21,1276
7,Rhodes,Wisconsin-Eau Claire,94-120,94,120,4-3,5-0,12/02/16,Win,187,No Location Recorded,6:00 p.m.,01:16,"SUB OUT by DE FERIA,NICK",40,56,,16,1,,,47,21,0.426,0.238,,,46,2,0.696,0.0,21,1276
7,Rhodes,Wisconsin-Eau Claire,94-120,94,120,4-3,5-0,12/02/16,Win,187,No Location Recorded,6:00 p.m.,01:16,"SUB OUT by WEATHERFORD,MITCH",40,56,,16,1,,,47,21,0.426,0.238,,,46,2,0.696,0.0,21,1276
7,Rhodes,Wisconsin-Eau Claire,94-120,94,120,4-3,5-0,12/02/16,Win,187,No Location Recorded,6:00 p.m.,01:16,"SUB OUT by ASHBY,KENDRICK",40,56,,16,1,,,47,21,0.426,0.238,,,46,2,0.696,0.0,21,1276
7,Rhodes,Wisconsin-Eau Claire,94-120,94,120,4-3,5-0,12/02/16,Win,187,No Location Recorded,6:00 p.m.,01:16,,40,56,"SUB IN by CHRISTIANSEN,STEVE",16,1,,,47,21,0.426,0.238,,,46,2,0.696,0.0,21,1276
7,Rhodes,Wisconsin-Eau Claire,94-120,94,120,4-3,5-0,12/02/16,Win,187,No Location Recorded,6:00 p.m.,01:16,,40,56,"SUB OUT by SCHNEIDERMANN,JARED",16,1,,,47,21,0.426,0.238,,,46,2,0.696,0.0,21,1276
7,Rhodes,Wisconsin-Eau Claire,94-120,94,120,4-3,5-0,12/02/16,Win,187,No Location Recorded,6:00 p.m.,01:08,,40,59,"GOOD 3PTR by DIEKELMAN,GEORGE",19,1,,,47,21,0.426,0.238,3ptr,good,47,3,0.702,0.333,21,1268
7,Rhodes,Wisconsin-Eau Claire,94-120,94,120,4-3,5-0,12/02/16,Win,187,No Location Recorded,6:00 p.m.,01:08,,40,59,"ASSIST  by MCDONALD,KYLE",19,1,,,47,21,0.426,0.238,,,47,3,0.702,0.333,21,1268
7,Rhodes,Wisconsin-Eau Claire,94-120,94,120,4-3,5-0,12/02/16,Win,187,No Location Recorded,6:00 p.m.,00:58,"MISS 3PTR by BERRY,BRYCE",40,59,,19,1,3ptr,miss,48,22,0.417,0.227,,,47,3,0.702,0.333,20,1258
7,Rhodes,Wisconsin-Eau Claire,94-120,94,120,4-3,5-0,12/02/16,Win,187,No Location Recorded,6:00 p.m.,00:58,,40,59,"REBOUND DEF by DIEKELMAN,GEORGE",19,1,,,48,22,0.417,0.227,,,47,3,0.702,0.333,20,1258
7,Rhodes,Wisconsin-Eau Claire,94-120,94,120,4-3,5-0,12/02/16,Win,187,No Location Recorded,6:00 p.m.,00:46,,40,61,"GOOD LAYUP by MILLER,SEAN(in the paint)",21,1,,,48,22,0.417,0.227,layup,good,48,3,0.708,0.333,20,1246
7,Rhodes,Wisconsin-Eau Claire,94-120,94,120,4-3,5-0,12/02/16,Win,187,No Location Recorded,6:00 p.m.,00:46,,40,61,"ASSIST  by MCDONALD,KYLE",21,1,,,48,22,0.417,0.227,,,48,3,0.708,0.333,20,1246
7,Rhodes,Wisconsin-Eau Claire,94-120,94,120,4-3,5-0,12/02/16,Win,187,No Location Recorded,6:00 p.m.,00:28,"GOOD JUMPER by NYAWATA,ANESU(in the paint)",42,61,,19,1,jumper,good,49,22,0.429,0.227,,,48,3,0.708,0.333,20,1228
7,Rhodes,Wisconsin-Eau Claire,94-120,94,120,4-3,5-0,12/02/16,Win,187,No Location Recorded,6:00 p.m.,00:19,,42,61,TIMEOUT 30SEC by TEAM,19,1,,,49,22,0.429,0.227,,,48,3,0.708,0.333,20,1219
7,Rhodes,Wisconsin-Eau Claire,94-120,94,120,4-3,5-0,12/02/16,Win,187,No Location Recorded,6:00 p.m.,00:19,"SUB IN by GALVIN,OWEN",42,61,,19,1,,,49,22,0.429,0.227,,,48,3,0.708,0.333,20,1219
7,Rhodes,Wisconsin-Eau Claire,94-120,94,120,4-3,5-0,12/02/16,Win,187,No Location Recorded,6:00 p.m.,00:19,"SUB IN by NESTLEHUTT,JAKE",42,61,,19,1,,,49,22,0.429,0.227,,,48,3,0.708,0.333,20,1219
7,Rhodes,Wisconsin-Eau Claire,94-120,94,120,4-3,5-0,12/02/16,Win,187,No Location Recorded,6:00 p.m.,00:19,"SUB IN by WEATHERFORD,MITCH",42,61,,19,1,,,49,22,0.429,0.227,,,48,3,0.708,0.333,20,1219
7,Rhodes,Wisconsin-Eau Claire,94-120,94,120,4-3,5-0,12/02/16,Win,187,No Location Recorded,6:00 p.m.,00:19,"SUB IN by DALTON,PRICE",42,61,,19,1,,,49,22,0.429,0.227,,,48,3,0.708,0.333,20,1219
7,Rhodes,Wisconsin-Eau Claire,94-120,94,120,4-3,5-0,12/02/16,Win,187,No Location Recorded,6:00 p.m.,00:19,"SUB IN by GIROUX,PRESTON",42,61,,19,1,,,49,22,0.429,0.227,,,48,3,0.708,0.333,20,1219
7,Rhodes,Wisconsin-Eau Claire,94-120,94,120,4-3,5-0,12/02/16,Win,187,No Location Recorded,6:00 p.m.,00:19,"SUB OUT by HARRISON,IAN",42,61,,19,1,,,49,22,0.429,0.227,,,48,3,0.708,0.333,20,1219
7,Rhodes,Wisconsin-Eau Claire,94-120,94,120,4-3,5-0,12/02/16,Win,187,No Location Recorded,6:00 p.m.,00:19,"SUB OUT by BERRY,BRYCE",42,61,,19,1,,,49,22,0.429,0.227,,,48,3,0.708,0.333,20,1219
7,Rhodes,Wisconsin-Eau Claire,94-120,94,120,4-3,5-0,12/02/16,Win,187,No Location Recorded,6:00 p.m.,00:19,"SUB OUT by NYAWATA,ANESU",42,61,,19,1,,,49,22,0.429,0.227,,,48,3,0.708,0.333,20,1219
7,Rhodes,Wisconsin-Eau Claire,94-120,94,120,4-3,5-0,12/02/16,Win,187,No Location Recorded,6:00 p.m.,00:19,"SUB OUT by WEIR,JJ",42,61,,19,1,,,49,22,0.429,0.227,,,48,3,0.708,0.333,20,1219
7,Rhodes,Wisconsin-Eau Claire,94-120,94,120,4-3,5-0,12/02/16,Win,187,No Location Recorded,6:00 p.m.,00:19,"SUB OUT by LOWRIE,ANDREW",42,61,,19,1,,,49,22,0.429,0.227,,,48,3,0.708,0.333,20,1219
7,Rhodes,Wisconsin-Eau Claire,94-120,94,120,4-3,5-0,12/02/16,Win,187,No Location Recorded,6:00 p.m.,00:03,,42,61,"MISS 3PTR by MCDONALD,KYLE",19,1,,,49,22,0.429,0.227,3ptr,miss,49,4,0.694,0.25,20,1203
7,Rhodes,Wisconsin-Eau Claire,94-120,94,120,4-3,5-0,12/02/16,Win,187,No Location Recorded,6:00 p.m.,00:03,,42,61,"REBOUND OFF by DUFF,CHRIS",19,1,,,49,22,0.429,0.227,,,49,4,0.694,0.25,20,1203
7,Rhodes,Wisconsin-Eau Claire,94-120,94,120,4-3,5-0,12/02/16,Win,187,No Location Recorded,6:00 p.m.,00:00,,42,63,"GOOD LAYUP by DUFF,CHRIS(in the paint)",21,1,,,49,22,0.429,0.227,layup,good,50,4,0.7,0.25,20,1200
7,Rhodes,Wisconsin-Eau Claire,94-120,94,120,4-3,5-0,12/02/16,Win,187,No Location Recorded,6:00 p.m.,19:42,"GOOD LAYUP by DE FERIA,NICK(in the paint)",44,63,,19,2,layup,good,50,22,0.44,0.227,,,50,4,0.7,0.25,19,1182
7,Rhodes,Wisconsin-Eau Claire,94-120,94,120,4-3,5-0,12/02/16,Win,187,No Location Recorded,6:00 p.m.,19:42,"ASSIST  by GEE,TYLER",44,63,,19,2,,,50,22,0.44,0.227,,,50,4,0.7,0.25,19,1182
7,Rhodes,Wisconsin-Eau Claire,94-120,94,120,4-3,5-0,12/02/16,Win,187,No Location Recorded,6:00 p.m.,19:29,,44,65,"GOOD LAYUP by MARTINEK,JACK(in the paint)",21,2,,,50,22,0.44,0.227,layup,good,51,4,0.706,0.25,19,1169
7,Rhodes,Wisconsin-Eau Claire,94-120,94,120,4-3,5-0,12/02/16,Win,187,No Location Recorded,6:00 p.m.,19:29,,44,65,"ASSIST  by SCHNEIDERMANN,JARED",21,2,,,50,22,0.44,0.227,,,51,4,0.706,0.25,19,1169
7,Rhodes,Wisconsin-Eau Claire,94-120,94,120,4-3,5-0,12/02/16,Win,187,No Location Recorded,6:00 p.m.,19:21,"MISS LAYUP by DARST,DANIEL",44,65,,21,2,layup,miss,51,22,0.431,0.227,,,51,4,0.706,0.25,19,1161
7,Rhodes,Wisconsin-Eau Claire,94-120,94,120,4-3,5-0,12/02/16,Win,187,No Location Recorded,6:00 p.m.,19:21,,44,65,REBOUND DEF by TEAM,21,2,,,51,22,0.431,0.227,,,51,4,0.706,0.25,19,1161
7,Rhodes,Wisconsin-Eau Claire,94-120,94,120,4-3,5-0,12/02/16,Win,187,No Location Recorded,6:00 p.m.,19:14,,44,65,"MISS LAYUP by DUXBURY,ANDREW",21,2,,,51,22,0.431,0.227,layup,miss,52,4,0.692,0.25,19,1154
7,Rhodes,Wisconsin-Eau Claire,94-120,94,120,4-3,5-0,12/02/16,Win,187,No Location Recorded,6:00 p.m.,19:14,"REBOUND DEF by GEE,TYLER",44,65,,21,2,,,51,22,0.431,0.227,,,52,4,0.692,0.25,19,1154
7,Rhodes,Wisconsin-Eau Claire,94-120,94,120,4-3,5-0,12/02/16,Win,187,No Location Recorded,6:00 p.m.,19:03,"GOOD LAYUP by DE FERIA,NICK(in the paint)",46,65,,19,2,layup,good,52,22,0.442,0.227,,,52,4,0.692,0.25,19,1143
7,Rhodes,Wisconsin-Eau Claire,94-120,94,120,4-3,5-0,12/02/16,Win,187,No Location Recorded,6:00 p.m.,18:48,"SUB IN by LOWRIE,ANDREW",46,65,,19,2,,,52,22,0.442,0.227,,,52,4,0.692,0.25,18,1128
7,Rhodes,Wisconsin-Eau Claire,94-120,94,120,4-3,5-0,12/02/16,Win,187,No Location Recorded,6:00 p.m.,18:48,"SUB IN by NYAWATA,ANESU",46,65,,19,2,,,52,22,0.442,0.227,,,52,4,0.692,0.25,18,1128
7,Rhodes,Wisconsin-Eau Claire,94-120,94,120,4-3,5-0,12/02/16,Win,187,No Location Recorded,6:00 p.m.,18:48,"SUB IN by WEIR,JJ",46,65,,19,2,,,52,22,0.442,0.227,,,52,4,0.692,0.25,18,1128
7,Rhodes,Wisconsin-Eau Claire,94-120,94,120,4-3,5-0,12/02/16,Win,187,No Location Recorded,6:00 p.m.,18:48,"SUB IN by BERRY,BRYCE",46,65,,19,2,,,52,22,0.442,0.227,,,52,4,0.692,0.25,18,1128
7,Rhodes,Wisconsin-Eau Claire,94-120,94,120,4-3,5-0,12/02/16,Win,187,No Location Recorded,6:00 p.m.,18:48,"SUB IN by HARRISON,IAN",46,65,,19,2,,,52,22,0.442,0.227,,,52,4,0.692,0.25,18,1128
7,Rhodes,Wisconsin-Eau Claire,94-120,94,120,4-3,5-0,12/02/16,Win,187,No Location Recorded,6:00 p.m.,18:48,"SUB OUT by GEE,TYLER",46,65,,19,2,,,52,22,0.442,0.227,,,52,4,0.692,0.25,18,1128
7,Rhodes,Wisconsin-Eau Claire,94-120,94,120,4-3,5-0,12/02/16,Win,187,No Location Recorded,6:00 p.m.,18:48,"SUB OUT by DE FERIA,NICK",46,65,,19,2,,,52,22,0.442,0.227,,,52,4,0.692,0.25,18,1128
7,Rhodes,Wisconsin-Eau Claire,94-120,94,120,4-3,5-0,12/02/16,Win,187,No Location Recorded,6:00 p.m.,18:48,"SUB OUT by SULLIVAN,BRENNAN",46,65,,19,2,,,52,22,0.442,0.227,,,52,4,0.692,0.25,18,1128
7,Rhodes,Wisconsin-Eau Claire,94-120,94,120,4-3,5-0,12/02/16,Win,187,No Location Recorded,6:00 p.m.,18:48,"SUB OUT by ASHBY,KENDRICK",46,65,,19,2,,,52,22,0.442,0.227,,,52,4,0.692,0.25,18,1128
7,Rhodes,Wisconsin-Eau Claire,94-120,94,120,4-3,5-0,12/02/16,Win,187,No Location Recorded,6:00 p.m.,18:48,"SUB OUT by DARST,DANIEL",46,65,,19,2,,,52,22,0.442,0.227,,,52,4,0.692,0.25,18,1128
7,Rhodes,Wisconsin-Eau Claire,94-120,94,120,4-3,5-0,12/02/16,Win,187,No Location Recorded,6:00 p.m.,18:44,,46,67,"GOOD LAYUP by MARTINEK,JACK(in the paint)",21,2,,,52,22,0.442,0.227,layup,good,53,4,0.698,0.25,18,1124
7,Rhodes,Wisconsin-Eau Claire,94-120,94,120,4-3,5-0,12/02/16,Win,187,No Location Recorded,6:00 p.m.,18:43,"FOUL  by HARRISON,IAN",46,67,,21,2,foul,,52,22,0.442,0.227,,,53,4,0.698,0.25,18,1123
7,Rhodes,Wisconsin-Eau Claire,94-120,94,120,4-3,5-0,12/02/16,Win,187,No Location Recorded,6:00 p.m.,18:43,,46,68,"GOOD FT by MARTINEK,JACK",22,2,,,52,22,0.442,0.227,ft,good,54,4,0.704,0.25,18,1123
7,Rhodes,Wisconsin-Eau Claire,94-120,94,120,4-3,5-0,12/02/16,Win,187,No Location Recorded,6:00 p.m.,18:43,,46,68,"SUB IN by WEIX,JOSH",22,2,,,52,22,0.442,0.227,,,54,4,0.704,0.25,18,1123
7,Rhodes,Wisconsin-Eau Claire,94-120,94,120,4-3,5-0,12/02/16,Win,187,No Location Recorded,6:00 p.m.,18:43,,46,68,"SUB IN by MILLER,SEAN",22,2,,,52,22,0.442,0.227,,,54,4,0.704,0.25,18,1123
7,Rhodes,Wisconsin-Eau Claire,94-120,94,120,4-3,5-0,12/02/16,Win,187,No Location Recorded,6:00 p.m.,18:43,,46,68,"SUB OUT by SCHNEIDERMANN,JARED",22,2,,,52,22,0.442,0.227,,,54,4,0.704,0.25,18,1123
7,Rhodes,Wisconsin-Eau Claire,94-120,94,120,4-3,5-0,12/02/16,Win,187,No Location Recorded,6:00 p.m.,18:43,,46,68,"SUB OUT by DUXBURY,ANDREW",22,2,,,52,22,0.442,0.227,,,54,4,0.704,0.25,18,1123
7,Rhodes,Wisconsin-Eau Claire,94-120,94,120,4-3,5-0,12/02/16,Win,187,No Location Recorded,6:00 p.m.,18:31,"MISS LAYUP by BERRY,BRYCE",46,68,,22,2,layup,miss,53,22,0.434,0.227,,,54,4,0.704,0.25,18,1111
7,Rhodes,Wisconsin-Eau Claire,94-120,94,120,4-3,5-0,12/02/16,Win,187,No Location Recorded,6:00 p.m.,18:31,,46,68,"REBOUND DEF by DIEKELMAN,GEORGE",22,2,,,53,22,0.434,0.227,,,54,4,0.704,0.25,18,1111
7,Rhodes,Wisconsin-Eau Claire,94-120,94,120,4-3,5-0,12/02/16,Win,187,No Location Recorded,6:00 p.m.,18:23,,46,68,"MISS 3PTR by MILLER,SEAN",22,2,,,53,22,0.434,0.227,3ptr,miss,55,5,0.691,0.2,18,1103
7,Rhodes,Wisconsin-Eau Claire,94-120,94,120,4-3,5-0,12/02/16,Win,187,No Location Recorded,6:00 p.m.,18:23,,46,68,"REBOUND OFF by MILLER,SEAN",22,2,,,53,22,0.434,0.227,,,55,5,0.691,0.2,18,1103
7,Rhodes,Wisconsin-Eau Claire,94-120,94,120,4-3,5-0,12/02/16,Win,187,No Location Recorded,6:00 p.m.,18:17,,46,68,"MISS LAYUP by DIEKELMAN,GEORGE",22,2,,,53,22,0.434,0.227,layup,miss,56,5,0.679,0.2,18,1097
7,Rhodes,Wisconsin-Eau Claire,94-120,94,120,4-3,5-0,12/02/16,Win,187,No Location Recorded,6:00 p.m.,18:17,,46,68,REBOUND OFF by TEAM,22,2,,,53,22,0.434,0.227,,,56,5,0.679,0.2,18,1097
7,Rhodes,Wisconsin-Eau Claire,94-120,94,120,4-3,5-0,12/02/16,Win,187,No Location Recorded,6:00 p.m.,18:11,,46,68,"MISS 3PTR by DIEKELMAN,GEORGE",22,2,,,53,22,0.434,0.227,3ptr,miss,57,6,0.667,0.167,18,1091
7,Rhodes,Wisconsin-Eau Claire,94-120,94,120,4-3,5-0,12/02/16,Win,187,No Location Recorded,6:00 p.m.,18:11,"REBOUND DEF by HARRISON,IAN",46,68,,22,2,,,53,22,0.434,0.227,,,57,6,0.667,0.167,18,1091
7,Rhodes,Wisconsin-Eau Claire,94-120,94,120,4-3,5-0,12/02/16,Win,187,No Location Recorded,6:00 p.m.,18:03,"MISS 3PTR by BERRY,BRYCE",46,68,,22,2,3ptr,miss,54,23,0.426,0.217,,,57,6,0.667,0.167,18,1083
7,Rhodes,Wisconsin-Eau Claire,94-120,94,120,4-3,5-0,12/02/16,Win,187,No Location Recorded,6:00 p.m.,18:03,,46,68,"REBOUND DEF by DIEKELMAN,GEORGE",22,2,,,54,23,0.426,0.217,,,57,6,0.667,0.167,18,1083
7,Rhodes,Wisconsin-Eau Claire,94-120,94,120,4-3,5-0,12/02/16,Win,187,No Location Recorded,6:00 p.m.,17:53,,46,70,"GOOD LAYUP by WEIX,JOSH(in the paint)",24,2,,,54,23,0.426,0.217,layup,good,58,6,0.672,0.167,17,1073
7,Rhodes,Wisconsin-Eau Claire,94-120,94,120,4-3,5-0,12/02/16,Win,187,No Location Recorded,6:00 p.m.,17:53,,46,70,"ASSIST  by MILLER,SEAN",24,2,,,54,23,0.426,0.217,,,58,6,0.672,0.167,17,1073
7,Rhodes,Wisconsin-Eau Claire,94-120,94,120,4-3,5-0,12/02/16,Win,187,No Location Recorded,6:00 p.m.,17:53,"FOUL  by HARRISON,IAN",46,70,,24,2,foul,,54,23,0.426,0.217,,,58,6,0.672,0.167,17,1073
7,Rhodes,Wisconsin-Eau Claire,94-120,94,120,4-3,5-0,12/02/16,Win,187,No Location Recorded,6:00 p.m.,17:53,,46,70,"MISS FT by WEIX,JOSH",24,2,,,54,23,0.426,0.217,ft,miss,59,6,0.661,0.167,17,1073
7,Rhodes,Wisconsin-Eau Claire,94-120,94,120,4-3,5-0,12/02/16,Win,187,No Location Recorded,6:00 p.m.,17:53,"REBOUND DEF by GEE,TYLER",46,70,,24,2,,,54,23,0.426,0.217,,,59,6,0.661,0.167,17,1073
7,Rhodes,Wisconsin-Eau Claire,94-120,94,120,4-3,5-0,12/02/16,Win,187,No Location Recorded,6:00 p.m.,17:53,"SUB IN by DALTON,PRICE",46,70,,24,2,,,54,23,0.426,0.217,,,59,6,0.661,0.167,17,1073
7,Rhodes,Wisconsin-Eau Claire,94-120,94,120,4-3,5-0,12/02/16,Win,187,No Location Recorded,6:00 p.m.,17:53,"SUB IN by GEE,TYLER",46,70,,24,2,,,54,23,0.426,0.217,,,59,6,0.661,0.167,17,1073
7,Rhodes,Wisconsin-Eau Claire,94-120,94,120,4-3,5-0,12/02/16,Win,187,No Location Recorded,6:00 p.m.,17:53,"SUB IN by GALVIN,OWEN",46,70,,24,2,,,54,23,0.426,0.217,,,59,6,0.661,0.167,17,1073
7,Rhodes,Wisconsin-Eau Claire,94-120,94,120,4-3,5-0,12/02/16,Win,187,No Location Recorded,6:00 p.m.,17:53,"SUB IN by WEATHERFORD,MITCH",46,70,,24,2,,,54,23,0.426,0.217,,,59,6,0.661,0.167,17,1073
7,Rhodes,Wisconsin-Eau Claire,94-120,94,120,4-3,5-0,12/02/16,Win,187,No Location Recorded,6:00 p.m.,17:53,"SUB IN by NESTLEHUTT,JAKE",46,70,,24,2,,,54,23,0.426,0.217,,,59,6,0.661,0.167,17,1073
7,Rhodes,Wisconsin-Eau Claire,94-120,94,120,4-3,5-0,12/02/16,Win,187,No Location Recorded,6:00 p.m.,17:53,"SUB OUT by LOWRIE,ANDREW",46,70,,24,2,,,54,23,0.426,0.217,,,59,6,0.661,0.167,17,1073
7,Rhodes,Wisconsin-Eau Claire,94-120,94,120,4-3,5-0,12/02/16,Win,187,No Location Recorded,6:00 p.m.,17:53,"SUB OUT by NYAWATA,ANESU",46,70,,24,2,,,54,23,0.426,0.217,,,59,6,0.661,0.167,17,1073
7,Rhodes,Wisconsin-Eau Claire,94-120,94,120,4-3,5-0,12/02/16,Win,187,No Location Recorded,6:00 p.m.,17:53,"SUB OUT by WEIR,JJ",46,70,,24,2,,,54,23,0.426,0.217,,,59,6,0.661,0.167,17,1073
7,Rhodes,Wisconsin-Eau Claire,94-120,94,120,4-3,5-0,12/02/16,Win,187,No Location Recorded,6:00 p.m.,17:53,"SUB OUT by BERRY,BRYCE",46,70,,24,2,,,54,23,0.426,0.217,,,59,6,0.661,0.167,17,1073
7,Rhodes,Wisconsin-Eau Claire,94-120,94,120,4-3,5-0,12/02/16,Win,187,No Location Recorded,6:00 p.m.,17:53,"SUB OUT by HARRISON,IAN",46,70,,24,2,,,54,23,0.426,0.217,,,59,6,0.661,0.167,17,1073
7,Rhodes,Wisconsin-Eau Claire,94-120,94,120,4-3,5-0,12/02/16,Win,187,No Location Recorded,6:00 p.m.,17:45,,46,70,"FOUL  by MILLER,SEAN",24,2,,,54,23,0.426,0.217,foul,,59,6,0.661,0.167,17,1065
7,Rhodes,Wisconsin-Eau Claire,94-120,94,120,4-3,5-0,12/02/16,Win,187,No Location Recorded,6:00 p.m.,17:45,,46,70,"SUB IN by LUCAS,DEONDRE",24,2,,,54,23,0.426,0.217,,,59,6,0.661,0.167,17,1065
7,Rhodes,Wisconsin-Eau Claire,94-120,94,120,4-3,5-0,12/02/16,Win,187,No Location Recorded,6:00 p.m.,17:45,,46,70,"SUB OUT by DIEKELMAN,GEORGE",24,2,,,54,23,0.426,0.217,,,59,6,0.661,0.167,17,1065
7,Rhodes,Wisconsin-Eau Claire,94-120,94,120,4-3,5-0,12/02/16,Win,187,No Location Recorded,6:00 p.m.,17:39,"GOOD 3PTR by DALTON,PRICE",49,70,,21,2,3ptr,good,55,24,0.436,0.25,,,59,6,0.661,0.167,17,1059
7,Rhodes,Wisconsin-Eau Claire,94-120,94,120,4-3,5-0,12/02/16,Win,187,No Location Recorded,6:00 p.m.,17:39,"ASSIST  by WEATHERFORD,MITCH",49,70,,21,2,,,55,24,0.436,0.25,,,59,6,0.661,0.167,17,1059
7,Rhodes,Wisconsin-Eau Claire,94-120,94,120,4-3,5-0,12/02/16,Win,187,No Location Recorded,6:00 p.m.,17:26,,49,72,"GOOD DUNK by WEIX,JOSH(fastbreak)(in the paint)",23,2,,,55,24,0.436,0.25,,good,60,6,0.667,0.167,17,1046
7,Rhodes,Wisconsin-Eau Claire,94-120,94,120,4-3,5-0,12/02/16,Win,187,No Location Recorded,6:00 p.m.,17:26,,49,72,"ASSIST  by LUCAS,DEONDRE",23,2,,,55,24,0.436,0.25,,,60,6,0.667,0.167,17,1046
7,Rhodes,Wisconsin-Eau Claire,94-120,94,120,4-3,5-0,12/02/16,Win,187,No Location Recorded,6:00 p.m.,17:14,"TURNOVER  by WEATHERFORD,MITCH",49,72,,23,2,,,55,24,0.436,0.25,,,60,6,0.667,0.167,17,1034
7,Rhodes,Wisconsin-Eau Claire,94-120,94,120,4-3,5-0,12/02/16,Win,187,No Location Recorded,6:00 p.m.,17:12,,49,72,"STEAL  by MILLER,SEAN",23,2,,,55,24,0.436,0.25,,,60,6,0.667,0.167,17,1032
7,Rhodes,Wisconsin-Eau Claire,94-120,94,120,4-3,5-0,12/02/16,Win,187,No Location Recorded,6:00 p.m.,17:05,,49,74,"GOOD LAYUP by MARTINEK,JACK(in the paint)",25,2,,,55,24,0.436,0.25,layup,good,61,6,0.672,0.167,17,1025
7,Rhodes,Wisconsin-Eau Claire,94-120,94,120,4-3,5-0,12/02/16,Win,187,No Location Recorded,6:00 p.m.,17:05,,49,74,"ASSIST  by DUFF,CHRIS",25,2,,,55,24,0.436,0.25,,,61,6,0.672,0.167,17,1025
7,Rhodes,Wisconsin-Eau Claire,94-120,94,120,4-3,5-0,12/02/16,Win,187,No Location Recorded,6:00 p.m.,16:56,"MISS 3PTR by DALTON,PRICE",49,74,,25,2,3ptr,miss,56,25,0.429,0.24,,,61,6,0.672,0.167,16,1016
7,Rhodes,Wisconsin-Eau Claire,94-120,94,120,4-3,5-0,12/02/16,Win,187,No Location Recorded,6:00 p.m.,16:56,,49,74,"REBOUND DEF by MARTINEK,JACK",25,2,,,56,25,0.429,0.24,,,61,6,0.672,0.167,16,1016
7,Rhodes,Wisconsin-Eau Claire,94-120,94,120,4-3,5-0,12/02/16,Win,187,No Location Recorded,6:00 p.m.,16:49,,49,76,"GOOD DUNK by MARTINEK,JACK(fastbreak)(in the paint)",27,2,,,56,25,0.429,0.24,,good,62,6,0.677,0.167,16,1009
7,Rhodes,Wisconsin-Eau Claire,94-120,94,120,4-3,5-0,12/02/16,Win,187,No Location Recorded,6:00 p.m.,16:42,TIMEOUT 30SEC by TEAM,49,76,,27,2,,,56,25,0.429,0.24,,,62,6,0.677,0.167,16,1002
7,Rhodes,Wisconsin-Eau Claire,94-120,94,120,4-3,5-0,12/02/16,Win,187,No Location Recorded,6:00 p.m.,16:42,"SUB IN by SULLIVAN,BRENNAN",49,76,,27,2,,,56,25,0.429,0.24,,,62,6,0.677,0.167,16,1002
7,Rhodes,Wisconsin-Eau Claire,94-120,94,120,4-3,5-0,12/02/16,Win,187,No Location Recorded,6:00 p.m.,16:42,"SUB IN by ASHBY,KENDRICK",49,76,,27,2,,,56,25,0.429,0.24,,,62,6,0.677,0.167,16,1002
7,Rhodes,Wisconsin-Eau Claire,94-120,94,120,4-3,5-0,12/02/16,Win,187,No Location Recorded,6:00 p.m.,16:42,"SUB IN by DARST,DANIEL",49,76,,27,2,,,56,25,0.429,0.24,,,62,6,0.677,0.167,16,1002
7,Rhodes,Wisconsin-Eau Claire,94-120,94,120,4-3,5-0,12/02/16,Win,187,No Location Recorded,6:00 p.m.,16:42,"SUB IN by DE FERIA,NICK",49,76,,27,2,,,56,25,0.429,0.24,,,62,6,0.677,0.167,16,1002
7,Rhodes,Wisconsin-Eau Claire,94-120,94,120,4-3,5-0,12/02/16,Win,187,No Location Recorded,6:00 p.m.,16:42,"SUB IN by GIROUX,PRESTON",49,76,,27,2,,,56,25,0.429,0.24,,,62,6,0.677,0.167,16,1002
7,Rhodes,Wisconsin-Eau Claire,94-120,94,120,4-3,5-0,12/02/16,Win,187,No Location Recorded,6:00 p.m.,16:42,"SUB OUT by DALTON,PRICE",49,76,,27,2,,,56,25,0.429,0.24,,,62,6,0.677,0.167,16,1002
7,Rhodes,Wisconsin-Eau Claire,94-120,94,120,4-3,5-0,12/02/16,Win,187,No Location Recorded,6:00 p.m.,16:42,"SUB OUT by GEE,TYLER",49,76,,27,2,,,56,25,0.429,0.24,,,62,6,0.677,0.167,16,1002
7,Rhodes,Wisconsin-Eau Claire,94-120,94,120,4-3,5-0,12/02/16,Win,187,No Location Recorded,6:00 p.m.,16:42,"SUB OUT by GALVIN,OWEN",49,76,,27,2,,,56,25,0.429,0.24,,,62,6,0.677,0.167,16,1002
7,Rhodes,Wisconsin-Eau Claire,94-120,94,120,4-3,5-0,12/02/16,Win,187,No Location Recorded,6:00 p.m.,16:42,"SUB OUT by WEATHERFORD,MITCH",49,76,,27,2,,,56,25,0.429,0.24,,,62,6,0.677,0.167,16,1002
7,Rhodes,Wisconsin-Eau Claire,94-120,94,120,4-3,5-0,12/02/16,Win,187,No Location Recorded,6:00 p.m.,16:42,"SUB OUT by NESTLEHUTT,JAKE",49,76,,27,2,,,56,25,0.429,0.24,,,62,6,0.677,0.167,16,1002
7,Rhodes,Wisconsin-Eau Claire,94-120,94,120,4-3,5-0,12/02/16,Win,187,No Location Recorded,6:00 p.m.,16:42,,49,76,"SUB IN by DUXBURY,ANDREW",27,2,,,56,25,0.429,0.24,,,62,6,0.677,0.167,16,1002
7,Rhodes,Wisconsin-Eau Claire,94-120,94,120,4-3,5-0,12/02/16,Win,187,No Location Recorded,6:00 p.m.,16:42,,49,76,"SUB IN by MCDONALD,KYLE",27,2,,,56,25,0.429,0.24,,,62,6,0.677,0.167,16,1002
7,Rhodes,Wisconsin-Eau Claire,94-120,94,120,4-3,5-0,12/02/16,Win,187,No Location Recorded,6:00 p.m.,16:42,,49,76,"SUB OUT by MARTINEK,JACK",27,2,,,56,25,0.429,0.24,,,62,6,0.677,0.167,16,1002
7,Rhodes,Wisconsin-Eau Claire,94-120,94,120,4-3,5-0,12/02/16,Win,187,No Location Recorded,6:00 p.m.,16:42,,49,76,"SUB OUT by DUFF,CHRIS",27,2,,,56,25,0.429,0.24,,,62,6,0.677,0.167,16,1002
7,Rhodes,Wisconsin-Eau Claire,94-120,94,120,4-3,5-0,12/02/16,Win,187,No Location Recorded,6:00 p.m.,16:34,"GOOD LAYUP by SULLIVAN,BRENNAN(in the paint)",51,76,,25,2,layup,good,57,25,0.439,0.24,,,62,6,0.677,0.167,16,994
7,Rhodes,Wisconsin-Eau Claire,94-120,94,120,4-3,5-0,12/02/16,Win,187,No Location Recorded,6:00 p.m.,16:15,"FOUL  by SULLIVAN,BRENNAN",51,76,,25,2,foul,,57,25,0.439,0.24,,,62,6,0.677,0.167,16,975
7,Rhodes,Wisconsin-Eau Claire,94-120,94,120,4-3,5-0,12/02/16,Win,187,No Location Recorded,6:00 p.m.,16:01,"FOUL  by GIROUX,PRESTON",51,76,,25,2,foul,,57,25,0.439,0.24,,,62,6,0.677,0.167,16,961
7,Rhodes,Wisconsin-Eau Claire,94-120,94,120,4-3,5-0,12/02/16,Win,187,No Location Recorded,6:00 p.m.,16:01,"FOUL  by BERRY,BRYCE",51,76,,25,2,foul,,57,25,0.439,0.24,,,62,6,0.677,0.167,16,961
7,Rhodes,Wisconsin-Eau Claire,94-120,94,120,4-3,5-0,12/02/16,Win,187,No Location Recorded,6:00 p.m.,16:01,"SUB IN by NYAWATA,ANESU",51,76,,25,2,,,57,25,0.439,0.24,,,62,6,0.677,0.167,16,961
7,Rhodes,Wisconsin-Eau Claire,94-120,94,120,4-3,5-0,12/02/16,Win,187,No Location Recorded,6:00 p.m.,16:01,"SUB IN by WEIR,JJ",51,76,,25,2,,,57,25,0.439,0.24,,,62,6,0.677,0.167,16,961
7,Rhodes,Wisconsin-Eau Claire,94-120,94,120,4-3,5-0,12/02/16,Win,187,No Location Recorded,6:00 p.m.,16:01,"SUB IN by LOWRIE,ANDREW",51,76,,25,2,,,57,25,0.439,0.24,,,62,6,0.677,0.167,16,961
7,Rhodes,Wisconsin-Eau Claire,94-120,94,120,4-3,5-0,12/02/16,Win,187,No Location Recorded,6:00 p.m.,16:01,"SUB IN by HARRISON,IAN",51,76,,25,2,,,57,25,0.439,0.24,,,62,6,0.677,0.167,16,961
7,Rhodes,Wisconsin-Eau Claire,94-120,94,120,4-3,5-0,12/02/16,Win,187,No Location Recorded,6:00 p.m.,16:01,"SUB IN by BERRY,BRYCE",51,76,,25,2,,,57,25,0.439,0.24,,,62,6,0.677,0.167,16,961
7,Rhodes,Wisconsin-Eau Claire,94-120,94,120,4-3,5-0,12/02/16,Win,187,No Location Recorded,6:00 p.m.,16:01,"SUB OUT by SULLIVAN,BRENNAN",51,76,,25,2,,,57,25,0.439,0.24,,,62,6,0.677,0.167,16,961
7,Rhodes,Wisconsin-Eau Claire,94-120,94,120,4-3,5-0,12/02/16,Win,187,No Location Recorded,6:00 p.m.,16:01,"SUB OUT by ASHBY,KENDRICK",51,76,,25,2,,,57,25,0.439,0.24,,,62,6,0.677,0.167,16,961
7,Rhodes,Wisconsin-Eau Claire,94-120,94,120,4-3,5-0,12/02/16,Win,187,No Location Recorded,6:00 p.m.,16:01,"SUB OUT by DARST,DANIEL",51,76,,25,2,,,57,25,0.439,0.24,,,62,6,0.677,0.167,16,961
7,Rhodes,Wisconsin-Eau Claire,94-120,94,120,4-3,5-0,12/02/16,Win,187,No Location Recorded,6:00 p.m.,16:01,"SUB OUT by DE FERIA,NICK",51,76,,25,2,,,57,25,0.439,0.24,,,62,6,0.677,0.167,16,961
7,Rhodes,Wisconsin-Eau Claire,94-120,94,120,4-3,5-0,12/02/16,Win,187,No Location Recorded,6:00 p.m.,16:01,"SUB OUT by GIROUX,PRESTON",51,76,,25,2,,,57,25,0.439,0.24,,,62,6,0.677,0.167,16,961
7,Rhodes,Wisconsin-Eau Claire,94-120,94,120,4-3,5-0,12/02/16,Win,187,No Location Recorded,6:00 p.m.,16:01,,51,76,"SUB IN by DIEKELMAN,GEORGE",25,2,,,57,25,0.439,0.24,,,62,6,0.677,0.167,16,961
7,Rhodes,Wisconsin-Eau Claire,94-120,94,120,4-3,5-0,12/02/16,Win,187,No Location Recorded,6:00 p.m.,16:01,,51,76,"SUB OUT by LUCAS,DEONDRE",25,2,,,57,25,0.439,0.24,,,62,6,0.677,0.167,16,961
7,Rhodes,Wisconsin-Eau Claire,94-120,94,120,4-3,5-0,12/02/16,Win,187,No Location Recorded,6:00 p.m.,15:57,,51,78,"GOOD LAYUP by WEIX,JOSH(in the paint)",27,2,,,57,25,0.439,0.24,layup,good,63,6,0.683,0.167,15,957
7,Rhodes,Wisconsin-Eau Claire,94-120,94,120,4-3,5-0,12/02/16,Win,187,No Location Recorded,6:00 p.m.,15:57,,51,78,"ASSIST  by DUXBURY,ANDREW",27,2,,,57,25,0.439,0.24,,,63,6,0.683,0.167,15,957
7,Rhodes,Wisconsin-Eau Claire,94-120,94,120,4-3,5-0,12/02/16,Win,187,No Location Recorded,6:00 p.m.,15:50,"MISS 3PTR by NYAWATA,ANESU",51,78,,27,2,3ptr,miss,58,26,0.431,0.231,,,63,6,0.683,0.167,15,950
7,Rhodes,Wisconsin-Eau Claire,94-120,94,120,4-3,5-0,12/02/16,Win,187,No Location Recorded,6:00 p.m.,15:50,,51,78,"REBOUND DEF by DUXBURY,ANDREW",27,2,,,58,26,0.431,0.231,,,63,6,0.683,0.167,15,950
7,Rhodes,Wisconsin-Eau Claire,94-120,94,120,4-3,5-0,12/02/16,Win,187,No Location Recorded,6:00 p.m.,15:46,"FOUL  by WEIR,JJ",51,78,,27,2,foul,,58,26,0.431,0.231,,,63,6,0.683,0.167,15,946
7,Rhodes,Wisconsin-Eau Claire,94-120,94,120,4-3,5-0,12/02/16,Win,187,No Location Recorded,6:00 p.m.,15:46,,51,78,"SUB IN by MARTINEK,JACK",27,2,,,58,26,0.431,0.231,,,63,6,0.683,0.167,15,946
7,Rhodes,Wisconsin-Eau Claire,94-120,94,120,4-3,5-0,12/02/16,Win,187,No Location Recorded,6:00 p.m.,15:46,,51,78,"SUB IN by SCHNEIDERMANN,JARED",27,2,,,58,26,0.431,0.231,,,63,6,0.683,0.167,15,946
7,Rhodes,Wisconsin-Eau Claire,94-120,94,120,4-3,5-0,12/02/16,Win,187,No Location Recorded,6:00 p.m.,15:46,,51,78,"SUB OUT by WEIX,JOSH",27,2,,,58,26,0.431,0.231,,,63,6,0.683,0.167,15,946
7,Rhodes,Wisconsin-Eau Claire,94-120,94,120,4-3,5-0,12/02/16,Win,187,No Location Recorded,6:00 p.m.,15:46,,51,78,"SUB OUT by MILLER,SEAN",27,2,,,58,26,0.431,0.231,,,63,6,0.683,0.167,15,946
7,Rhodes,Wisconsin-Eau Claire,94-120,94,120,4-3,5-0,12/02/16,Win,187,No Location Recorded,6:00 p.m.,15:45,,51,78,"TURNOVER  by DUXBURY,ANDREW",27,2,,,58,26,0.431,0.231,,,63,6,0.683,0.167,15,945
7,Rhodes,Wisconsin-Eau Claire,94-120,94,120,4-3,5-0,12/02/16,Win,187,No Location Recorded,6:00 p.m.,15:45,"STEAL  by BERRY,BRYCE",51,78,,27,2,,,58,26,0.431,0.231,,,63,6,0.683,0.167,15,945
7,Rhodes,Wisconsin-Eau Claire,94-120,94,120,4-3,5-0,12/02/16,Win,187,No Location Recorded,6:00 p.m.,15:43,"MISS 3PTR by LOWRIE,ANDREW",51,78,,27,2,3ptr,miss,59,27,0.424,0.222,,,63,6,0.683,0.167,15,943
7,Rhodes,Wisconsin-Eau Claire,94-120,94,120,4-3,5-0,12/02/16,Win,187,No Location Recorded,6:00 p.m.,15:43,"REBOUND OFF by HARRISON,IAN",51,78,,27,2,,,59,27,0.424,0.222,,,63,6,0.683,0.167,15,943
7,Rhodes,Wisconsin-Eau Claire,94-120,94,120,4-3,5-0,12/02/16,Win,187,No Location Recorded,6:00 p.m.,15:38,,51,78,"FOUL  by MCDONALD,KYLE",27,2,,,59,27,0.424,0.222,foul,,63,6,0.683,0.167,15,938
7,Rhodes,Wisconsin-Eau Claire,94-120,94,120,4-3,5-0,12/02/16,Win,187,No Location Recorded,6:00 p.m.,15:33,"GOOD LAYUP by LOWRIE,ANDREW(in the paint)",53,78,,25,2,layup,good,60,27,0.433,0.222,,,63,6,0.683,0.167,15,933
7,Rhodes,Wisconsin-Eau Claire,94-120,94,120,4-3,5-0,12/02/16,Win,187,No Location Recorded,6:00 p.m.,15:21,,53,78,"TURNOVER  by DIEKELMAN,GEORGE",25,2,,,60,27,0.433,0.222,,,63,6,0.683,0.167,15,921
7,Rhodes,Wisconsin-Eau Claire,94-120,94,120,4-3,5-0,12/02/16,Win,187,No Location Recorded,6:00 p.m.,15:18,"STEAL  by WEIR,JJ",53,78,,25,2,,,60,27,0.433,0.222,,,63,6,0.683,0.167,15,918
7,Rhodes,Wisconsin-Eau Claire,94-120,94,120,4-3,5-0,12/02/16,Win,187,No Location Recorded,6:00 p.m.,15:13,"MISS 3PTR by BERRY,BRYCE",53,78,,25,2,3ptr,miss,61,28,0.426,0.214,,,63,6,0.683,0.167,15,913
7,Rhodes,Wisconsin-Eau Claire,94-120,94,120,4-3,5-0,12/02/16,Win,187,No Location Recorded,6:00 p.m.,15:13,"REBOUND OFF by WEIR,JJ",53,78,,25,2,,,61,28,0.426,0.214,,,63,6,0.683,0.167,15,913
7,Rhodes,Wisconsin-Eau Claire,94-120,94,120,4-3,5-0,12/02/16,Win,187,No Location Recorded,6:00 p.m.,15:07,,53,78,"FOUL  by SCHNEIDERMANN,JARED",25,2,,,61,28,0.426,0.214,foul,,63,6,0.683,0.167,15,907
7,Rhodes,Wisconsin-Eau Claire,94-120,94,120,4-3,5-0,12/02/16,Win,187,No Location Recorded,6:00 p.m.,15:07,"SUB IN by GALVIN,OWEN",53,78,,25,2,,,61,28,0.426,0.214,,,63,6,0.683,0.167,15,907
7,Rhodes,Wisconsin-Eau Claire,94-120,94,120,4-3,5-0,12/02/16,Win,187,No Location Recorded,6:00 p.m.,15:07,"SUB IN by DALTON,PRICE",53,78,,25,2,,,61,28,0.426,0.214,,,63,6,0.683,0.167,15,907
7,Rhodes,Wisconsin-Eau Claire,94-120,94,120,4-3,5-0,12/02/16,Win,187,No Location Recorded,6:00 p.m.,15:07,"SUB IN by GEE,TYLER",53,78,,25,2,,,61,28,0.426,0.214,,,63,6,0.683,0.167,15,907
7,Rhodes,Wisconsin-Eau Claire,94-120,94,120,4-3,5-0,12/02/16,Win,187,No Location Recorded,6:00 p.m.,15:07,"SUB IN by WEATHERFORD,MITCH",53,78,,25,2,,,61,28,0.426,0.214,,,63,6,0.683,0.167,15,907
7,Rhodes,Wisconsin-Eau Claire,94-120,94,120,4-3,5-0,12/02/16,Win,187,No Location Recorded,6:00 p.m.,15:07,"SUB IN by NESTLEHUTT,JAKE",53,78,,25,2,,,61,28,0.426,0.214,,,63,6,0.683,0.167,15,907
7,Rhodes,Wisconsin-Eau Claire,94-120,94,120,4-3,5-0,12/02/16,Win,187,No Location Recorded,6:00 p.m.,15:07,"SUB OUT by NYAWATA,ANESU",53,78,,25,2,,,61,28,0.426,0.214,,,63,6,0.683,0.167,15,907
7,Rhodes,Wisconsin-Eau Claire,94-120,94,120,4-3,5-0,12/02/16,Win,187,No Location Recorded,6:00 p.m.,15:07,"SUB OUT by WEIR,JJ",53,78,,25,2,,,61,28,0.426,0.214,,,63,6,0.683,0.167,15,907
7,Rhodes,Wisconsin-Eau Claire,94-120,94,120,4-3,5-0,12/02/16,Win,187,No Location Recorded,6:00 p.m.,15:07,"SUB OUT by LOWRIE,ANDREW",53,78,,25,2,,,61,28,0.426,0.214,,,63,6,0.683,0.167,15,907
7,Rhodes,Wisconsin-Eau Claire,94-120,94,120,4-3,5-0,12/02/16,Win,187,No Location Recorded,6:00 p.m.,15:07,"SUB OUT by HARRISON,IAN",53,78,,25,2,,,61,28,0.426,0.214,,,63,6,0.683,0.167,15,907
7,Rhodes,Wisconsin-Eau Claire,94-120,94,120,4-3,5-0,12/02/16,Win,187,No Location Recorded,6:00 p.m.,15:07,"SUB OUT by BERRY,BRYCE",53,78,,25,2,,,61,28,0.426,0.214,,,63,6,0.683,0.167,15,907
7,Rhodes,Wisconsin-Eau Claire,94-120,94,120,4-3,5-0,12/02/16,Win,187,No Location Recorded,6:00 p.m.,15:07,,53,78,"SUB IN by WEIX,JOSH",25,2,,,61,28,0.426,0.214,,,63,6,0.683,0.167,15,907
7,Rhodes,Wisconsin-Eau Claire,94-120,94,120,4-3,5-0,12/02/16,Win,187,No Location Recorded,6:00 p.m.,15:07,,53,78,"SUB IN by DUFF,CHRIS",25,2,,,61,28,0.426,0.214,,,63,6,0.683,0.167,15,907
7,Rhodes,Wisconsin-Eau Claire,94-120,94,120,4-3,5-0,12/02/16,Win,187,No Location Recorded,6:00 p.m.,15:07,,53,78,"SUB OUT by SCHNEIDERMANN,JARED",25,2,,,61,28,0.426,0.214,,,63,6,0.683,0.167,15,907
7,Rhodes,Wisconsin-Eau Claire,94-120,94,120,4-3,5-0,12/02/16,Win,187,No Location Recorded,6:00 p.m.,15:07,,53,78,"SUB OUT by MCDONALD,KYLE",25,2,,,61,28,0.426,0.214,,,63,6,0.683,0.167,15,907
7,Rhodes,Wisconsin-Eau Claire,94-120,94,120,4-3,5-0,12/02/16,Win,187,No Location Recorded,6:00 p.m.,14:59,"MISS 3PTR by GALVIN,OWEN",53,78,,25,2,3ptr,miss,62,29,0.419,0.207,,,63,6,0.683,0.167,14,899
7,Rhodes,Wisconsin-Eau Claire,94-120,94,120,4-3,5-0,12/02/16,Win,187,No Location Recorded,6:00 p.m.,14:59,,53,78,"REBOUND DEF by DIEKELMAN,GEORGE",25,2,,,62,29,0.419,0.207,,,63,6,0.683,0.167,14,899
7,Rhodes,Wisconsin-Eau Claire,94-120,94,120,4-3,5-0,12/02/16,Win,187,No Location Recorded,6:00 p.m.,14:49,,53,78,"MISS DUNK by WEIX,JOSH",25,2,,,62,29,0.419,0.207,,miss,64,6,0.672,0.167,14,889
7,Rhodes,Wisconsin-Eau Claire,94-120,94,120,4-3,5-0,12/02/16,Win,187,No Location Recorded,6:00 p.m.,14:49,"REBOUND DEF by GALVIN,OWEN",53,78,,25,2,,,62,29,0.419,0.207,,,64,6,0.672,0.167,14,889
7,Rhodes,Wisconsin-Eau Claire,94-120,94,120,4-3,5-0,12/02/16,Win,187,No Location Recorded,6:00 p.m.,14:42,"MISS LAYUP by WEATHERFORD,MITCH",53,78,,25,2,layup,miss,63,29,0.413,0.207,,,64,6,0.672,0.167,14,882
7,Rhodes,Wisconsin-Eau Claire,94-120,94,120,4-3,5-0,12/02/16,Win,187,No Location Recorded,6:00 p.m.,14:42,,53,78,"REBOUND DEF by DUXBURY,ANDREW",25,2,,,63,29,0.413,0.207,,,64,6,0.672,0.167,14,882
7,Rhodes,Wisconsin-Eau Claire,94-120,94,120,4-3,5-0,12/02/16,Win,187,No Location Recorded,6:00 p.m.,14:33,,53,80,"GOOD LAYUP by DUFF,CHRIS(fastbreak)(in the paint)",27,2,,,63,29,0.413,0.207,layup,good,65,6,0.677,0.167,14,873
7,Rhodes,Wisconsin-Eau Claire,94-120,94,120,4-3,5-0,12/02/16,Win,187,No Location Recorded,6:00 p.m.,14:33,,53,80,"ASSIST  by DIEKELMAN,GEORGE",27,2,,,63,29,0.413,0.207,,,65,6,0.677,0.167,14,873
7,Rhodes,Wisconsin-Eau Claire,94-120,94,120,4-3,5-0,12/02/16,Win,187,No Location Recorded,6:00 p.m.,14:26,"SUB IN by SULLIVAN,BRENNAN",53,80,,27,2,,,63,29,0.413,0.207,,,65,6,0.677,0.167,14,866
7,Rhodes,Wisconsin-Eau Claire,94-120,94,120,4-3,5-0,12/02/16,Win,187,No Location Recorded,6:00 p.m.,14:26,"SUB IN by DARST,DANIEL",53,80,,27,2,,,63,29,0.413,0.207,,,65,6,0.677,0.167,14,866
7,Rhodes,Wisconsin-Eau Claire,94-120,94,120,4-3,5-0,12/02/16,Win,187,No Location Recorded,6:00 p.m.,14:26,"SUB IN by ASHBY,KENDRICK",53,80,,27,2,,,63,29,0.413,0.207,,,65,6,0.677,0.167,14,866
7,Rhodes,Wisconsin-Eau Claire,94-120,94,120,4-3,5-0,12/02/16,Win,187,No Location Recorded,6:00 p.m.,14:26,"SUB IN by DE FERIA,NICK",53,80,,27,2,,,63,29,0.413,0.207,,,65,6,0.677,0.167,14,866
7,Rhodes,Wisconsin-Eau Claire,94-120,94,120,4-3,5-0,12/02/16,Win,187,No Location Recorded,6:00 p.m.,14:26,"SUB IN by GIROUX,PRESTON",53,80,,27,2,,,63,29,0.413,0.207,,,65,6,0.677,0.167,14,866
7,Rhodes,Wisconsin-Eau Claire,94-120,94,120,4-3,5-0,12/02/16,Win,187,No Location Recorded,6:00 p.m.,14:26,"SUB OUT by GALVIN,OWEN",53,80,,27,2,,,63,29,0.413,0.207,,,65,6,0.677,0.167,14,866
7,Rhodes,Wisconsin-Eau Claire,94-120,94,120,4-3,5-0,12/02/16,Win,187,No Location Recorded,6:00 p.m.,14:26,"SUB OUT by DALTON,PRICE",53,80,,27,2,,,63,29,0.413,0.207,,,65,6,0.677,0.167,14,866
7,Rhodes,Wisconsin-Eau Claire,94-120,94,120,4-3,5-0,12/02/16,Win,187,No Location Recorded,6:00 p.m.,14:26,"SUB OUT by GEE,TYLER",53,80,,27,2,,,63,29,0.413,0.207,,,65,6,0.677,0.167,14,866
7,Rhodes,Wisconsin-Eau Claire,94-120,94,120,4-3,5-0,12/02/16,Win,187,No Location Recorded,6:00 p.m.,14:26,"SUB OUT by WEATHERFORD,MITCH",53,80,,27,2,,,63,29,0.413,0.207,,,65,6,0.677,0.167,14,866
7,Rhodes,Wisconsin-Eau Claire,94-120,94,120,4-3,5-0,12/02/16,Win,187,No Location Recorded,6:00 p.m.,14:26,"SUB OUT by NESTLEHUTT,JAKE",53,80,,27,2,,,63,29,0.413,0.207,,,65,6,0.677,0.167,14,866
7,Rhodes,Wisconsin-Eau Claire,94-120,94,120,4-3,5-0,12/02/16,Win,187,No Location Recorded,6:00 p.m.,14:21,"GOOD 3PTR by SULLIVAN,BRENNAN",56,80,,24,2,3ptr,good,64,30,0.422,0.233,,,65,6,0.677,0.167,14,861
7,Rhodes,Wisconsin-Eau Claire,94-120,94,120,4-3,5-0,12/02/16,Win,187,No Location Recorded,6:00 p.m.,14:21,"ASSIST  by DARST,DANIEL",56,80,,24,2,,,64,30,0.422,0.233,,,65,6,0.677,0.167,14,861
7,Rhodes,Wisconsin-Eau Claire,94-120,94,120,4-3,5-0,12/02/16,Win,187,No Location Recorded,6:00 p.m.,14:08,,56,80,"TURNOVER  by DIEKELMAN,GEORGE",24,2,,,64,30,0.422,0.233,,,65,6,0.677,0.167,14,848
7,Rhodes,Wisconsin-Eau Claire,94-120,94,120,4-3,5-0,12/02/16,Win,187,No Location Recorded,6:00 p.m.,14:08,,56,80,"FOUL  by DIEKELMAN,GEORGE",24,2,,,64,30,0.422,0.233,foul,,65,6,0.677,0.167,14,848
7,Rhodes,Wisconsin-Eau Claire,94-120,94,120,4-3,5-0,12/02/16,Win,187,No Location Recorded,6:00 p.m.,14:01,"GOOD 3PTR by SULLIVAN,BRENNAN",59,80,,21,2,3ptr,good,65,31,0.431,0.258,,,65,6,0.677,0.167,14,841
7,Rhodes,Wisconsin-Eau Claire,94-120,94,120,4-3,5-0,12/02/16,Win,187,No Location Recorded,6:00 p.m.,14:01,"ASSIST  by DARST,DANIEL",59,80,,21,2,,,65,31,0.431,0.258,,,65,6,0.677,0.167,14,841
7,Rhodes,Wisconsin-Eau Claire,94-120,94,120,4-3,5-0,12/02/16,Win,187,No Location Recorded,6:00 p.m.,13:51,"SUB IN by LOWRIE,ANDREW",59,80,,21,2,,,65,31,0.431,0.258,,,65,6,0.677,0.167,13,831
7,Rhodes,Wisconsin-Eau Claire,94-120,94,120,4-3,5-0,12/02/16,Win,187,No Location Recorded,6:00 p.m.,13:51,"SUB IN by BERRY,BRYCE",59,80,,21,2,,,65,31,0.431,0.258,,,65,6,0.677,0.167,13,831
7,Rhodes,Wisconsin-Eau Claire,94-120,94,120,4-3,5-0,12/02/16,Win,187,No Location Recorded,6:00 p.m.,13:51,"SUB IN by HARRISON,IAN",59,80,,21,2,,,65,31,0.431,0.258,,,65,6,0.677,0.167,13,831
7,Rhodes,Wisconsin-Eau Claire,94-120,94,120,4-3,5-0,12/02/16,Win,187,No Location Recorded,6:00 p.m.,13:51,"SUB IN by WEIR,JJ",59,80,,21,2,,,65,31,0.431,0.258,,,65,6,0.677,0.167,13,831
7,Rhodes,Wisconsin-Eau Claire,94-120,94,120,4-3,5-0,12/02/16,Win,187,No Location Recorded,6:00 p.m.,13:51,"SUB IN by NYAWATA,ANESU",59,80,,21,2,,,65,31,0.431,0.258,,,65,6,0.677,0.167,13,831
7,Rhodes,Wisconsin-Eau Claire,94-120,94,120,4-3,5-0,12/02/16,Win,187,No Location Recorded,6:00 p.m.,13:51,"SUB OUT by SULLIVAN,BRENNAN",59,80,,21,2,,,65,31,0.431,0.258,,,65,6,0.677,0.167,13,831
7,Rhodes,Wisconsin-Eau Claire,94-120,94,120,4-3,5-0,12/02/16,Win,187,No Location Recorded,6:00 p.m.,13:51,"SUB OUT by DARST,DANIEL",59,80,,21,2,,,65,31,0.431,0.258,,,65,6,0.677,0.167,13,831
7,Rhodes,Wisconsin-Eau Claire,94-120,94,120,4-3,5-0,12/02/16,Win,187,No Location Recorded,6:00 p.m.,13:51,"SUB OUT by ASHBY,KENDRICK",59,80,,21,2,,,65,31,0.431,0.258,,,65,6,0.677,0.167,13,831
7,Rhodes,Wisconsin-Eau Claire,94-120,94,120,4-3,5-0,12/02/16,Win,187,No Location Recorded,6:00 p.m.,13:51,"SUB OUT by DE FERIA,NICK",59,80,,21,2,,,65,31,0.431,0.258,,,65,6,0.677,0.167,13,831
7,Rhodes,Wisconsin-Eau Claire,94-120,94,120,4-3,5-0,12/02/16,Win,187,No Location Recorded,6:00 p.m.,13:51,"SUB OUT by GIROUX,PRESTON",59,80,,21,2,,,65,31,0.431,0.258,,,65,6,0.677,0.167,13,831
7,Rhodes,Wisconsin-Eau Claire,94-120,94,120,4-3,5-0,12/02/16,Win,187,No Location Recorded,6:00 p.m.,13:36,,59,80,"MISS LAYUP by MARTINEK,JACK",21,2,,,65,31,0.431,0.258,layup,miss,66,6,0.667,0.167,13,816
7,Rhodes,Wisconsin-Eau Claire,94-120,94,120,4-3,5-0,12/02/16,Win,187,No Location Recorded,6:00 p.m.,13:36,"REBOUND DEF by HARRISON,IAN",59,80,,21,2,,,65,31,0.431,0.258,,,66,6,0.667,0.167,13,816
7,Rhodes,Wisconsin-Eau Claire,94-120,94,120,4-3,5-0,12/02/16,Win,187,No Location Recorded,6:00 p.m.,13:27,,59,80,"FOUL  by DUFF,CHRIS",21,2,,,65,31,0.431,0.258,foul,,66,6,0.667,0.167,13,807
7,Rhodes,Wisconsin-Eau Claire,94-120,94,120,4-3,5-0,12/02/16,Win,187,No Location Recorded,6:00 p.m.,13:27,"GOOD FT by BERRY,BRYCE",60,80,,20,2,ft,good,66,31,0.439,0.258,,,66,6,0.667,0.167,13,807
7,Rhodes,Wisconsin-Eau Claire,94-120,94,120,4-3,5-0,12/02/16,Win,187,No Location Recorded,6:00 p.m.,13:27,"MISS FT by BERRY,BRYCE",60,80,,20,2,ft,miss,67,31,0.433,0.258,,,66,6,0.667,0.167,13,807
7,Rhodes,Wisconsin-Eau Claire,94-120,94,120,4-3,5-0,12/02/16,Win,187,No Location Recorded,6:00 p.m.,13:27,,60,80,"REBOUND DEF by DUFF,CHRIS",20,2,,,67,31,0.433,0.258,,,66,6,0.667,0.167,13,807
7,Rhodes,Wisconsin-Eau Claire,94-120,94,120,4-3,5-0,12/02/16,Win,187,No Location Recorded,6:00 p.m.,13:27,"SUB IN by GEE,TYLER",60,80,,20,2,,,67,31,0.433,0.258,,,66,6,0.667,0.167,13,807
7,Rhodes,Wisconsin-Eau Claire,94-120,94,120,4-3,5-0,12/02/16,Win,187,No Location Recorded,6:00 p.m.,13:27,"SUB IN by GALVIN,OWEN",60,80,,20,2,,,67,31,0.433,0.258,,,66,6,0.667,0.167,13,807
7,Rhodes,Wisconsin-Eau Claire,94-120,94,120,4-3,5-0,12/02/16,Win,187,No Location Recorded,6:00 p.m.,13:27,"SUB IN by WEATHERFORD,MITCH",60,80,,20,2,,,67,31,0.433,0.258,,,66,6,0.667,0.167,13,807
7,Rhodes,Wisconsin-Eau Claire,94-120,94,120,4-3,5-0,12/02/16,Win,187,No Location Recorded,6:00 p.m.,13:27,"SUB IN by NESTLEHUTT,JAKE",60,80,,20,2,,,67,31,0.433,0.258,,,66,6,0.667,0.167,13,807
7,Rhodes,Wisconsin-Eau Claire,94-120,94,120,4-3,5-0,12/02/16,Win,187,No Location Recorded,6:00 p.m.,13:27,"SUB OUT by LOWRIE,ANDREW",60,80,,20,2,,,67,31,0.433,0.258,,,66,6,0.667,0.167,13,807
7,Rhodes,Wisconsin-Eau Claire,94-120,94,120,4-3,5-0,12/02/16,Win,187,No Location Recorded,6:00 p.m.,13:27,"SUB OUT by BERRY,BRYCE",60,80,,20,2,,,67,31,0.433,0.258,,,66,6,0.667,0.167,13,807
7,Rhodes,Wisconsin-Eau Claire,94-120,94,120,4-3,5-0,12/02/16,Win,187,No Location Recorded,6:00 p.m.,13:27,"SUB OUT by HARRISON,IAN",60,80,,20,2,,,67,31,0.433,0.258,,,66,6,0.667,0.167,13,807
7,Rhodes,Wisconsin-Eau Claire,94-120,94,120,4-3,5-0,12/02/16,Win,187,No Location Recorded,6:00 p.m.,13:27,"SUB OUT by WEIR,JJ",60,80,,20,2,,,67,31,0.433,0.258,,,66,6,0.667,0.167,13,807
7,Rhodes,Wisconsin-Eau Claire,94-120,94,120,4-3,5-0,12/02/16,Win,187,No Location Recorded,6:00 p.m.,13:27,"SUB OUT by NYAWATA,ANESU",60,80,,20,2,,,67,31,0.433,0.258,,,66,6,0.667,0.167,13,807
7,Rhodes,Wisconsin-Eau Claire,94-120,94,120,4-3,5-0,12/02/16,Win,187,No Location Recorded,6:00 p.m.,13:27,,60,80,"SUB IN by MILLER,SEAN",20,2,,,67,31,0.433,0.258,,,66,6,0.667,0.167,13,807
7,Rhodes,Wisconsin-Eau Claire,94-120,94,120,4-3,5-0,12/02/16,Win,187,No Location Recorded,6:00 p.m.,13:27,,60,80,"SUB OUT by MARTINEK,JACK",20,2,,,67,31,0.433,0.258,,,66,6,0.667,0.167,13,807
7,Rhodes,Wisconsin-Eau Claire,94-120,94,120,4-3,5-0,12/02/16,Win,187,No Location Recorded,6:00 p.m.,13:17,,60,80,"MISS LAYUP by MILLER,SEAN",20,2,,,67,31,0.433,0.258,layup,miss,67,6,0.657,0.167,13,797
7,Rhodes,Wisconsin-Eau Claire,94-120,94,120,4-3,5-0,12/02/16,Win,187,No Location Recorded,6:00 p.m.,13:17,"BLOCK  by GEE,TYLER",60,80,,20,2,,,67,31,0.433,0.258,,,67,6,0.657,0.167,13,797
7,Rhodes,Wisconsin-Eau Claire,94-120,94,120,4-3,5-0,12/02/16,Win,187,No Location Recorded,6:00 p.m.,13:17,,60,80,"REBOUND OFF by WEIX,JOSH",20,2,,,67,31,0.433,0.258,,,67,6,0.657,0.167,13,797
7,Rhodes,Wisconsin-Eau Claire,94-120,94,120,4-3,5-0,12/02/16,Win,187,No Location Recorded,6:00 p.m.,13:16,"FOUL  by WEATHERFORD,MITCH",60,80,,20,2,foul,,67,31,0.433,0.258,,,67,6,0.657,0.167,13,796
7,Rhodes,Wisconsin-Eau Claire,94-120,94,120,4-3,5-0,12/02/16,Win,187,No Location Recorded,6:00 p.m.,13:16,,60,80,"MISS FT by WEIX,JOSH",20,2,,,67,31,0.433,0.258,ft,miss,68,6,0.647,0.167,13,796
7,Rhodes,Wisconsin-Eau Claire,94-120,94,120,4-3,5-0,12/02/16,Win,187,No Location Recorded,6:00 p.m.,13:16,,60,80,REBOUND DEADB by TEAM,20,2,,,67,31,0.433,0.258,,,68,6,0.647,0.167,13,796
7,Rhodes,Wisconsin-Eau Claire,94-120,94,120,4-3,5-0,12/02/16,Win,187,No Location Recorded,6:00 p.m.,13:16,,60,80,"MISS FT by WEIX,JOSH",20,2,,,67,31,0.433,0.258,ft,miss,69,6,0.638,0.167,13,796
7,Rhodes,Wisconsin-Eau Claire,94-120,94,120,4-3,5-0,12/02/16,Win,187,No Location Recorded,6:00 p.m.,13:16,"REBOUND DEF by GEE,TYLER",60,80,,20,2,,,67,31,0.433,0.258,,,69,6,0.638,0.167,13,796
7,Rhodes,Wisconsin-Eau Claire,94-120,94,120,4-3,5-0,12/02/16,Win,187,No Location Recorded,6:00 p.m.,13:16,"SUB IN by DALTON,PRICE",60,80,,20,2,,,67,31,0.433,0.258,,,69,6,0.638,0.167,13,796
7,Rhodes,Wisconsin-Eau Claire,94-120,94,120,4-3,5-0,12/02/16,Win,187,No Location Recorded,6:00 p.m.,13:02,"GOOD 3PTR by NESTLEHUTT,JAKE",63,80,,17,2,3ptr,good,68,32,0.441,0.281,,,69,6,0.638,0.167,13,782
7,Rhodes,Wisconsin-Eau Claire,94-120,94,120,4-3,5-0,12/02/16,Win,187,No Location Recorded,6:00 p.m.,13:02,"ASSIST  by WEATHERFORD,MITCH",63,80,,17,2,,,68,32,0.441,0.281,,,69,6,0.638,0.167,13,782
7,Rhodes,Wisconsin-Eau Claire,94-120,94,120,4-3,5-0,12/02/16,Win,187,No Location Recorded,6:00 p.m.,12:54,,63,82,"GOOD LAYUP by WEIX,JOSH(fastbreak)(in the paint)",19,2,,,68,32,0.441,0.281,layup,good,70,6,0.643,0.167,12,774
7,Rhodes,Wisconsin-Eau Claire,94-120,94,120,4-3,5-0,12/02/16,Win,187,No Location Recorded,6:00 p.m.,12:54,,63,82,"ASSIST  by DIEKELMAN,GEORGE",19,2,,,68,32,0.441,0.281,,,70,6,0.643,0.167,12,774
7,Rhodes,Wisconsin-Eau Claire,94-120,94,120,4-3,5-0,12/02/16,Win,187,No Location Recorded,6:00 p.m.,12:44,"TURNOVER  by GALVIN,OWEN",63,82,,19,2,,,68,32,0.441,0.281,,,70,6,0.643,0.167,12,764
7,Rhodes,Wisconsin-Eau Claire,94-120,94,120,4-3,5-0,12/02/16,Win,187,No Location Recorded,6:00 p.m.,12:44,"SUB IN by SULLIVAN,BRENNAN",63,82,,19,2,,,68,32,0.441,0.281,,,70,6,0.643,0.167,12,764
7,Rhodes,Wisconsin-Eau Claire,94-120,94,120,4-3,5-0,12/02/16,Win,187,No Location Recorded,6:00 p.m.,12:44,"SUB IN by ASHBY,KENDRICK",63,82,,19,2,,,68,32,0.441,0.281,,,70,6,0.643,0.167,12,764
7,Rhodes,Wisconsin-Eau Claire,94-120,94,120,4-3,5-0,12/02/16,Win,187,No Location Recorded,6:00 p.m.,12:44,"SUB IN by DARST,DANIEL",63,82,,19,2,,,68,32,0.441,0.281,,,70,6,0.643,0.167,12,764
7,Rhodes,Wisconsin-Eau Claire,94-120,94,120,4-3,5-0,12/02/16,Win,187,No Location Recorded,6:00 p.m.,12:44,"SUB IN by DE FERIA,NICK",63,82,,19,2,,,68,32,0.441,0.281,,,70,6,0.643,0.167,12,764
7,Rhodes,Wisconsin-Eau Claire,94-120,94,120,4-3,5-0,12/02/16,Win,187,No Location Recorded,6:00 p.m.,12:44,"SUB IN by GIROUX,PRESTON",63,82,,19,2,,,68,32,0.441,0.281,,,70,6,0.643,0.167,12,764
7,Rhodes,Wisconsin-Eau Claire,94-120,94,120,4-3,5-0,12/02/16,Win,187,No Location Recorded,6:00 p.m.,12:44,"SUB OUT by GEE,TYLER",63,82,,19,2,,,68,32,0.441,0.281,,,70,6,0.643,0.167,12,764
7,Rhodes,Wisconsin-Eau Claire,94-120,94,120,4-3,5-0,12/02/16,Win,187,No Location Recorded,6:00 p.m.,12:44,"SUB OUT by GALVIN,OWEN",63,82,,19,2,,,68,32,0.441,0.281,,,70,6,0.643,0.167,12,764
7,Rhodes,Wisconsin-Eau Claire,94-120,94,120,4-3,5-0,12/02/16,Win,187,No Location Recorded,6:00 p.m.,12:44,"SUB OUT by WEATHERFORD,MITCH",63,82,,19,2,,,68,32,0.441,0.281,,,70,6,0.643,0.167,12,764
7,Rhodes,Wisconsin-Eau Claire,94-120,94,120,4-3,5-0,12/02/16,Win,187,No Location Recorded,6:00 p.m.,12:44,"SUB OUT by DALTON,PRICE",63,82,,19,2,,,68,32,0.441,0.281,,,70,6,0.643,0.167,12,764
7,Rhodes,Wisconsin-Eau Claire,94-120,94,120,4-3,5-0,12/02/16,Win,187,No Location Recorded,6:00 p.m.,12:44,"SUB OUT by NESTLEHUTT,JAKE",63,82,,19,2,,,68,32,0.441,0.281,,,70,6,0.643,0.167,12,764
7,Rhodes,Wisconsin-Eau Claire,94-120,94,120,4-3,5-0,12/02/16,Win,187,No Location Recorded,6:00 p.m.,12:44,,63,82,"SUB IN by SCHNEIDERMANN,JARED",19,2,,,68,32,0.441,0.281,,,70,6,0.643,0.167,12,764
7,Rhodes,Wisconsin-Eau Claire,94-120,94,120,4-3,5-0,12/02/16,Win,187,No Location Recorded,6:00 p.m.,12:44,,63,82,"SUB IN by LUCAS,DEONDRE",19,2,,,68,32,0.441,0.281,,,70,6,0.643,0.167,12,764
7,Rhodes,Wisconsin-Eau Claire,94-120,94,120,4-3,5-0,12/02/16,Win,187,No Location Recorded,6:00 p.m.,12:44,,63,82,"SUB OUT by DIEKELMAN,GEORGE",19,2,,,68,32,0.441,0.281,,,70,6,0.643,0.167,12,764
7,Rhodes,Wisconsin-Eau Claire,94-120,94,120,4-3,5-0,12/02/16,Win,187,No Location Recorded,6:00 p.m.,12:44,,63,82,"SUB OUT by WEIX,JOSH",19,2,,,68,32,0.441,0.281,,,70,6,0.643,0.167,12,764
7,Rhodes,Wisconsin-Eau Claire,94-120,94,120,4-3,5-0,12/02/16,Win,187,No Location Recorded,6:00 p.m.,12:38,,63,84,"GOOD LAYUP by SCHNEIDERMANN,JARED(in the paint)",21,2,,,68,32,0.441,0.281,layup,good,71,6,0.648,0.167,12,758
7,Rhodes,Wisconsin-Eau Claire,94-120,94,120,4-3,5-0,12/02/16,Win,187,No Location Recorded,6:00 p.m.,12:38,,63,84,"ASSIST  by DUFF,CHRIS",21,2,,,68,32,0.441,0.281,,,71,6,0.648,0.167,12,758
7,Rhodes,Wisconsin-Eau Claire,94-120,94,120,4-3,5-0,12/02/16,Win,187,No Location Recorded,6:00 p.m.,12:26,"TURNOVER  by ASHBY,KENDRICK",63,84,,21,2,,,68,32,0.441,0.281,,,71,6,0.648,0.167,12,746
7,Rhodes,Wisconsin-Eau Claire,94-120,94,120,4-3,5-0,12/02/16,Win,187,No Location Recorded,6:00 p.m.,12:24,,63,84,"STEAL  by LUCAS,DEONDRE",21,2,,,68,32,0.441,0.281,,,71,6,0.648,0.167,12,744
7,Rhodes,Wisconsin-Eau Claire,94-120,94,120,4-3,5-0,12/02/16,Win,187,No Location Recorded,6:00 p.m.,12:16,,63,84,"TURNOVER  by MILLER,SEAN",21,2,,,68,32,0.441,0.281,,,71,6,0.648,0.167,12,736
7,Rhodes,Wisconsin-Eau Claire,94-120,94,120,4-3,5-0,12/02/16,Win,187,No Location Recorded,6:00 p.m.,12:13,"STEAL  by DARST,DANIEL",63,84,,21,2,,,68,32,0.441,0.281,,,71,6,0.648,0.167,12,733
7,Rhodes,Wisconsin-Eau Claire,94-120,94,120,4-3,5-0,12/02/16,Win,187,No Location Recorded,6:00 p.m.,12:04,"GOOD 3PTR by SULLIVAN,BRENNAN",66,84,,18,2,3ptr,good,69,33,0.449,0.303,,,71,6,0.648,0.167,12,724
7,Rhodes,Wisconsin-Eau Claire,94-120,94,120,4-3,5-0,12/02/16,Win,187,No Location Recorded,6:00 p.m.,12:04,"ASSIST  by DE FERIA,NICK",66,84,,18,2,,,69,33,0.449,0.303,,,71,6,0.648,0.167,12,724
7,Rhodes,Wisconsin-Eau Claire,94-120,94,120,4-3,5-0,12/02/16,Win,187,No Location Recorded,6:00 p.m.,11:54,,66,86,"GOOD JUMPER by SCHNEIDERMANN,JARED(in the paint)",20,2,,,69,33,0.449,0.303,jumper,good,72,6,0.653,0.167,11,714
7,Rhodes,Wisconsin-Eau Claire,94-120,94,120,4-3,5-0,12/02/16,Win,187,No Location Recorded,6:00 p.m.,11:54,,66,86,"ASSIST  by MILLER,SEAN",20,2,,,69,33,0.449,0.303,,,72,6,0.653,0.167,11,714
7,Rhodes,Wisconsin-Eau Claire,94-120,94,120,4-3,5-0,12/02/16,Win,187,No Location Recorded,6:00 p.m.,11:43,"MISS LAYUP by DARST,DANIEL",66,86,,20,2,layup,miss,70,33,0.443,0.303,,,72,6,0.653,0.167,11,703
7,Rhodes,Wisconsin-Eau Claire,94-120,94,120,4-3,5-0,12/02/16,Win,187,No Location Recorded,6:00 p.m.,11:43,,66,86,"REBOUND DEF by LUCAS,DEONDRE",20,2,,,70,33,0.443,0.303,,,72,6,0.653,0.167,11,703
7,Rhodes,Wisconsin-Eau Claire,94-120,94,120,4-3,5-0,12/02/16,Win,187,No Location Recorded,6:00 p.m.,11:37,,66,88,"GOOD LAYUP by DUFF,CHRIS(fastbreak)(in the paint)",22,2,,,70,33,0.443,0.303,layup,good,73,6,0.658,0.167,11,697
7,Rhodes,Wisconsin-Eau Claire,94-120,94,120,4-3,5-0,12/02/16,Win,187,No Location Recorded,6:00 p.m.,11:37,,66,88,"ASSIST  by LUCAS,DEONDRE",22,2,,,70,33,0.443,0.303,,,73,6,0.658,0.167,11,697
7,Rhodes,Wisconsin-Eau Claire,94-120,94,120,4-3,5-0,12/02/16,Win,187,No Location Recorded,6:00 p.m.,11:35,TIMEOUT 30SEC by TEAM,66,88,,22,2,,,70,33,0.443,0.303,,,73,6,0.658,0.167,11,695
7,Rhodes,Wisconsin-Eau Claire,94-120,94,120,4-3,5-0,12/02/16,Win,187,No Location Recorded,6:00 p.m.,11:35,"SUB IN by LOWRIE,ANDREW",66,88,,22,2,,,70,33,0.443,0.303,,,73,6,0.658,0.167,11,695
7,Rhodes,Wisconsin-Eau Claire,94-120,94,120,4-3,5-0,12/02/16,Win,187,No Location Recorded,6:00 p.m.,11:35,"SUB IN by WEIR,JJ",66,88,,22,2,,,70,33,0.443,0.303,,,73,6,0.658,0.167,11,695
7,Rhodes,Wisconsin-Eau Claire,94-120,94,120,4-3,5-0,12/02/16,Win,187,No Location Recorded,6:00 p.m.,11:35,"SUB IN by HARRISON,IAN",66,88,,22,2,,,70,33,0.443,0.303,,,73,6,0.658,0.167,11,695
7,Rhodes,Wisconsin-Eau Claire,94-120,94,120,4-3,5-0,12/02/16,Win,187,No Location Recorded,6:00 p.m.,11:35,"SUB IN by NYAWATA,ANESU",66,88,,22,2,,,70,33,0.443,0.303,,,73,6,0.658,0.167,11,695
7,Rhodes,Wisconsin-Eau Claire,94-120,94,120,4-3,5-0,12/02/16,Win,187,No Location Recorded,6:00 p.m.,11:35,"SUB IN by BERRY,BRYCE",66,88,,22,2,,,70,33,0.443,0.303,,,73,6,0.658,0.167,11,695
7,Rhodes,Wisconsin-Eau Claire,94-120,94,120,4-3,5-0,12/02/16,Win,187,No Location Recorded,6:00 p.m.,11:35,"SUB OUT by SULLIVAN,BRENNAN",66,88,,22,2,,,70,33,0.443,0.303,,,73,6,0.658,0.167,11,695
7,Rhodes,Wisconsin-Eau Claire,94-120,94,120,4-3,5-0,12/02/16,Win,187,No Location Recorded,6:00 p.m.,11:35,"SUB OUT by ASHBY,KENDRICK",66,88,,22,2,,,70,33,0.443,0.303,,,73,6,0.658,0.167,11,695
7,Rhodes,Wisconsin-Eau Claire,94-120,94,120,4-3,5-0,12/02/16,Win,187,No Location Recorded,6:00 p.m.,11:35,"SUB OUT by DARST,DANIEL",66,88,,22,2,,,70,33,0.443,0.303,,,73,6,0.658,0.167,11,695
7,Rhodes,Wisconsin-Eau Claire,94-120,94,120,4-3,5-0,12/02/16,Win,187,No Location Recorded,6:00 p.m.,11:35,"SUB OUT by DE FERIA,NICK",66,88,,22,2,,,70,33,0.443,0.303,,,73,6,0.658,0.167,11,695
7,Rhodes,Wisconsin-Eau Claire,94-120,94,120,4-3,5-0,12/02/16,Win,187,No Location Recorded,6:00 p.m.,11:35,"SUB OUT by GIROUX,PRESTON",66,88,,22,2,,,70,33,0.443,0.303,,,73,6,0.658,0.167,11,695
7,Rhodes,Wisconsin-Eau Claire,94-120,94,120,4-3,5-0,12/02/16,Win,187,No Location Recorded,6:00 p.m.,11:35,,66,88,"SUB IN by MARTINEK,JACK",22,2,,,70,33,0.443,0.303,,,73,6,0.658,0.167,11,695
7,Rhodes,Wisconsin-Eau Claire,94-120,94,120,4-3,5-0,12/02/16,Win,187,No Location Recorded,6:00 p.m.,11:35,,66,88,"SUB OUT by DUXBURY,ANDREW",22,2,,,70,33,0.443,0.303,,,73,6,0.658,0.167,11,695
7,Rhodes,Wisconsin-Eau Claire,94-120,94,120,4-3,5-0,12/02/16,Win,187,No Location Recorded,6:00 p.m.,11:26,"MISS JUMPER by NYAWATA,ANESU",66,88,,22,2,jumper,miss,71,33,0.437,0.303,,,73,6,0.658,0.167,11,686
7,Rhodes,Wisconsin-Eau Claire,94-120,94,120,4-3,5-0,12/02/16,Win,187,No Location Recorded,6:00 p.m.,11:26,"REBOUND OFF by WEIR,JJ",66,88,,22,2,,,71,33,0.437,0.303,,,73,6,0.658,0.167,11,686
7,Rhodes,Wisconsin-Eau Claire,94-120,94,120,4-3,5-0,12/02/16,Win,187,No Location Recorded,6:00 p.m.,11:21,"TURNOVER  by WEIR,JJ",66,88,,22,2,,,71,33,0.437,0.303,,,73,6,0.658,0.167,11,681
7,Rhodes,Wisconsin-Eau Claire,94-120,94,120,4-3,5-0,12/02/16,Win,187,No Location Recorded,6:00 p.m.,11:15,,66,88,"TURNOVER  by MILLER,SEAN",22,2,,,71,33,0.437,0.303,,,73,6,0.658,0.167,11,675
7,Rhodes,Wisconsin-Eau Claire,94-120,94,120,4-3,5-0,12/02/16,Win,187,No Location Recorded,6:00 p.m.,11:07,"MISS JUMPER by HARRISON,IAN",66,88,,22,2,jumper,miss,72,33,0.431,0.303,,,73,6,0.658,0.167,11,667
7,Rhodes,Wisconsin-Eau Claire,94-120,94,120,4-3,5-0,12/02/16,Win,187,No Location Recorded,6:00 p.m.,11:07,,66,88,"REBOUND DEF by SCHNEIDERMANN,JARED",22,2,,,72,33,0.431,0.303,,,73,6,0.658,0.167,11,667
7,Rhodes,Wisconsin-Eau Claire,94-120,94,120,4-3,5-0,12/02/16,Win,187,No Location Recorded,6:00 p.m.,10:49,,66,88,"TURNOVER  by LUCAS,DEONDRE",22,2,,,72,33,0.431,0.303,,,73,6,0.658,0.167,10,649
7,Rhodes,Wisconsin-Eau Claire,94-120,94,120,4-3,5-0,12/02/16,Win,187,No Location Recorded,6:00 p.m.,10:48,"STEAL  by NYAWATA,ANESU",66,88,,22,2,,,72,33,0.431,0.303,,,73,6,0.658,0.167,10,648
7,Rhodes,Wisconsin-Eau Claire,94-120,94,120,4-3,5-0,12/02/16,Win,187,No Location Recorded,6:00 p.m.,10:47,"MISS LAYUP by NYAWATA,ANESU",66,88,,22,2,layup,miss,73,33,0.425,0.303,,,73,6,0.658,0.167,10,647
7,Rhodes,Wisconsin-Eau Claire,94-120,94,120,4-3,5-0,12/02/16,Win,187,No Location Recorded,6:00 p.m.,10:47,"REBOUND OFF by BERRY,BRYCE",66,88,,22,2,,,73,33,0.425,0.303,,,73,6,0.658,0.167,10,647
7,Rhodes,Wisconsin-Eau Claire,94-120,94,120,4-3,5-0,12/02/16,Win,187,No Location Recorded,6:00 p.m.,10:45,"GOOD TIPIN by BERRY,BRYCE(in the paint)",68,88,,20,2,,good,74,33,0.432,0.303,,,73,6,0.658,0.167,10,645
7,Rhodes,Wisconsin-Eau Claire,94-120,94,120,4-3,5-0,12/02/16,Win,187,No Location Recorded,6:00 p.m.,10:30,,68,90,"GOOD DUNK by SCHNEIDERMANN,JARED(in the paint)",22,2,,,74,33,0.432,0.303,,good,74,6,0.662,0.167,10,630
7,Rhodes,Wisconsin-Eau Claire,94-120,94,120,4-3,5-0,12/02/16,Win,187,No Location Recorded,6:00 p.m.,10:30,,68,90,"ASSIST  by MARTINEK,JACK",22,2,,,74,33,0.432,0.303,,,74,6,0.662,0.167,10,630
7,Rhodes,Wisconsin-Eau Claire,94-120,94,120,4-3,5-0,12/02/16,Win,187,No Location Recorded,6:00 p.m.,10:12,"TURNOVER  by HARRISON,IAN",68,90,,22,2,,,74,33,0.432,0.303,,,74,6,0.662,0.167,10,612
7,Rhodes,Wisconsin-Eau Claire,94-120,94,120,4-3,5-0,12/02/16,Win,187,No Location Recorded,6:00 p.m.,10:11,,68,90,"STEAL  by MARTINEK,JACK",22,2,,,74,33,0.432,0.303,,,74,6,0.662,0.167,10,611
7,Rhodes,Wisconsin-Eau Claire,94-120,94,120,4-3,5-0,12/02/16,Win,187,No Location Recorded,6:00 p.m.,10:07,,68,92,"GOOD DUNK by DUFF,CHRIS(fastbreak)(in the paint)",24,2,,,74,33,0.432,0.303,,good,75,6,0.667,0.167,10,607
7,Rhodes,Wisconsin-Eau Claire,94-120,94,120,4-3,5-0,12/02/16,Win,187,No Location Recorded,6:00 p.m.,10:07,,68,92,"ASSIST  by MARTINEK,JACK",24,2,,,74,33,0.432,0.303,,,75,6,0.667,0.167,10,607
7,Rhodes,Wisconsin-Eau Claire,94-120,94,120,4-3,5-0,12/02/16,Win,187,No Location Recorded,6:00 p.m.,09:50,"GOOD JUMPER by WEIR,JJ(in the paint)",70,92,,22,2,jumper,good,75,33,0.44,0.303,,,75,6,0.667,0.167,09,590
7,Rhodes,Wisconsin-Eau Claire,94-120,94,120,4-3,5-0,12/02/16,Win,187,No Location Recorded,6:00 p.m.,09:47,TIMEOUT TEAM by TEAM,70,92,,22,2,,,75,33,0.44,0.303,,,75,6,0.667,0.167,09,587
7,Rhodes,Wisconsin-Eau Claire,94-120,94,120,4-3,5-0,12/02/16,Win,187,No Location Recorded,6:00 p.m.,09:47,"SUB IN by GALVIN,OWEN",70,92,,22,2,,,75,33,0.44,0.303,,,75,6,0.667,0.167,09,587
7,Rhodes,Wisconsin-Eau Claire,94-120,94,120,4-3,5-0,12/02/16,Win,187,No Location Recorded,6:00 p.m.,09:47,"SUB IN by WEATHERFORD,MITCH",70,92,,22,2,,,75,33,0.44,0.303,,,75,6,0.667,0.167,09,587
7,Rhodes,Wisconsin-Eau Claire,94-120,94,120,4-3,5-0,12/02/16,Win,187,No Location Recorded,6:00 p.m.,09:47,"SUB IN by NESTLEHUTT,JAKE",70,92,,22,2,,,75,33,0.44,0.303,,,75,6,0.667,0.167,09,587
7,Rhodes,Wisconsin-Eau Claire,94-120,94,120,4-3,5-0,12/02/16,Win,187,No Location Recorded,6:00 p.m.,09:47,"SUB IN by DALTON,PRICE",70,92,,22,2,,,75,33,0.44,0.303,,,75,6,0.667,0.167,09,587
7,Rhodes,Wisconsin-Eau Claire,94-120,94,120,4-3,5-0,12/02/16,Win,187,No Location Recorded,6:00 p.m.,09:47,"SUB IN by GEE,TYLER",70,92,,22,2,,,75,33,0.44,0.303,,,75,6,0.667,0.167,09,587
7,Rhodes,Wisconsin-Eau Claire,94-120,94,120,4-3,5-0,12/02/16,Win,187,No Location Recorded,6:00 p.m.,09:47,"SUB OUT by LOWRIE,ANDREW",70,92,,22,2,,,75,33,0.44,0.303,,,75,6,0.667,0.167,09,587
7,Rhodes,Wisconsin-Eau Claire,94-120,94,120,4-3,5-0,12/02/16,Win,187,No Location Recorded,6:00 p.m.,09:47,"SUB OUT by WEIR,JJ",70,92,,22,2,,,75,33,0.44,0.303,,,75,6,0.667,0.167,09,587
7,Rhodes,Wisconsin-Eau Claire,94-120,94,120,4-3,5-0,12/02/16,Win,187,No Location Recorded,6:00 p.m.,09:47,"SUB OUT by HARRISON,IAN",70,92,,22,2,,,75,33,0.44,0.303,,,75,6,0.667,0.167,09,587
7,Rhodes,Wisconsin-Eau Claire,94-120,94,120,4-3,5-0,12/02/16,Win,187,No Location Recorded,6:00 p.m.,09:47,"SUB OUT by NYAWATA,ANESU",70,92,,22,2,,,75,33,0.44,0.303,,,75,6,0.667,0.167,09,587
7,Rhodes,Wisconsin-Eau Claire,94-120,94,120,4-3,5-0,12/02/16,Win,187,No Location Recorded,6:00 p.m.,09:47,"SUB OUT by BERRY,BRYCE",70,92,,22,2,,,75,33,0.44,0.303,,,75,6,0.667,0.167,09,587
7,Rhodes,Wisconsin-Eau Claire,94-120,94,120,4-3,5-0,12/02/16,Win,187,No Location Recorded,6:00 p.m.,09:47,,70,92,"SUB IN by DIEKELMAN,GEORGE",22,2,,,75,33,0.44,0.303,,,75,6,0.667,0.167,09,587
7,Rhodes,Wisconsin-Eau Claire,94-120,94,120,4-3,5-0,12/02/16,Win,187,No Location Recorded,6:00 p.m.,09:47,,70,92,"SUB IN by WEIX,JOSH",22,2,,,75,33,0.44,0.303,,,75,6,0.667,0.167,09,587
7,Rhodes,Wisconsin-Eau Claire,94-120,94,120,4-3,5-0,12/02/16,Win,187,No Location Recorded,6:00 p.m.,09:47,,70,92,"SUB IN by DUXBURY,ANDREW",22,2,,,75,33,0.44,0.303,,,75,6,0.667,0.167,09,587
7,Rhodes,Wisconsin-Eau Claire,94-120,94,120,4-3,5-0,12/02/16,Win,187,No Location Recorded,6:00 p.m.,09:47,,70,92,"SUB IN by MCDONALD,KYLE",22,2,,,75,33,0.44,0.303,,,75,6,0.667,0.167,09,587
7,Rhodes,Wisconsin-Eau Claire,94-120,94,120,4-3,5-0,12/02/16,Win,187,No Location Recorded,6:00 p.m.,09:47,,70,92,"SUB OUT by MILLER,SEAN",22,2,,,75,33,0.44,0.303,,,75,6,0.667,0.167,09,587
7,Rhodes,Wisconsin-Eau Claire,94-120,94,120,4-3,5-0,12/02/16,Win,187,No Location Recorded,6:00 p.m.,09:47,,70,92,"SUB OUT by SCHNEIDERMANN,JARED",22,2,,,75,33,0.44,0.303,,,75,6,0.667,0.167,09,587
7,Rhodes,Wisconsin-Eau Claire,94-120,94,120,4-3,5-0,12/02/16,Win,187,No Location Recorded,6:00 p.m.,09:47,,70,92,"SUB OUT by LUCAS,DEONDRE",22,2,,,75,33,0.44,0.303,,,75,6,0.667,0.167,09,587
7,Rhodes,Wisconsin-Eau Claire,94-120,94,120,4-3,5-0,12/02/16,Win,187,No Location Recorded,6:00 p.m.,09:47,,70,92,"SUB OUT by MARTINEK,JACK",22,2,,,75,33,0.44,0.303,,,75,6,0.667,0.167,09,587
7,Rhodes,Wisconsin-Eau Claire,94-120,94,120,4-3,5-0,12/02/16,Win,187,No Location Recorded,6:00 p.m.,09:47,,70,92,"SUB OUT by DUFF,CHRIS",22,2,,,75,33,0.44,0.303,,,75,6,0.667,0.167,09,587
7,Rhodes,Wisconsin-Eau Claire,94-120,94,120,4-3,5-0,12/02/16,Win,187,No Location Recorded,6:00 p.m.,09:40,,70,94,"GOOD LAYUP by WEIX,JOSH(in the paint)",24,2,,,75,33,0.44,0.303,layup,good,76,6,0.671,0.167,09,580
7,Rhodes,Wisconsin-Eau Claire,94-120,94,120,4-3,5-0,12/02/16,Win,187,No Location Recorded,6:00 p.m.,09:40,,70,94,"ASSIST  by MARTINEK,JACK",24,2,,,75,33,0.44,0.303,,,76,6,0.671,0.167,09,580
7,Rhodes,Wisconsin-Eau Claire,94-120,94,120,4-3,5-0,12/02/16,Win,187,No Location Recorded,6:00 p.m.,09:29,"MISS 3PTR by GALVIN,OWEN",70,94,,24,2,3ptr,miss,76,34,0.434,0.294,,,76,6,0.671,0.167,09,569
7,Rhodes,Wisconsin-Eau Claire,94-120,94,120,4-3,5-0,12/02/16,Win,187,No Location Recorded,6:00 p.m.,09:29,,70,94,"REBOUND DEF by DUXBURY,ANDREW",24,2,,,76,34,0.434,0.294,,,76,6,0.671,0.167,09,569
7,Rhodes,Wisconsin-Eau Claire,94-120,94,120,4-3,5-0,12/02/16,Win,187,No Location Recorded,6:00 p.m.,09:22,,70,96,"GOOD LAYUP by DIEKELMAN,GEORGE(fastbreak)(in the paint)",26,2,,,76,34,0.434,0.294,layup,good,77,6,0.675,0.167,09,562
7,Rhodes,Wisconsin-Eau Claire,94-120,94,120,4-3,5-0,12/02/16,Win,187,No Location Recorded,6:00 p.m.,09:22,,70,96,"ASSIST  by MCDONALD,KYLE",26,2,,,76,34,0.434,0.294,,,77,6,0.675,0.167,09,562
7,Rhodes,Wisconsin-Eau Claire,94-120,94,120,4-3,5-0,12/02/16,Win,187,No Location Recorded,6:00 p.m.,09:04,"MISS LAYUP by GALVIN,OWEN",70,96,,26,2,layup,miss,77,34,0.429,0.294,,,77,6,0.675,0.167,09,544
7,Rhodes,Wisconsin-Eau Claire,94-120,94,120,4-3,5-0,12/02/16,Win,187,No Location Recorded,6:00 p.m.,09:04,,70,96,"REBOUND DEF by DIEKELMAN,GEORGE",26,2,,,77,34,0.429,0.294,,,77,6,0.675,0.167,09,544
7,Rhodes,Wisconsin-Eau Claire,94-120,94,120,4-3,5-0,12/02/16,Win,187,No Location Recorded,6:00 p.m.,08:53,"FOUL  by NESTLEHUTT,JAKE",70,96,,26,2,foul,,77,34,0.429,0.294,,,77,6,0.675,0.167,08,533
7,Rhodes,Wisconsin-Eau Claire,94-120,94,120,4-3,5-0,12/02/16,Win,187,No Location Recorded,6:00 p.m.,08:53,,70,97,"GOOD FT by DUXBURY,ANDREW",27,2,,,77,34,0.429,0.294,ft,good,78,6,0.679,0.167,08,533
7,Rhodes,Wisconsin-Eau Claire,94-120,94,120,4-3,5-0,12/02/16,Win,187,No Location Recorded,6:00 p.m.,08:53,,70,97,"MISS FT by DUXBURY,ANDREW",27,2,,,77,34,0.429,0.294,ft,miss,79,6,0.671,0.167,08,533
7,Rhodes,Wisconsin-Eau Claire,94-120,94,120,4-3,5-0,12/02/16,Win,187,No Location Recorded,6:00 p.m.,08:53,"REBOUND DEF by DARST,DANIEL",70,97,,27,2,,,77,34,0.429,0.294,,,79,6,0.671,0.167,08,533
7,Rhodes,Wisconsin-Eau Claire,94-120,94,120,4-3,5-0,12/02/16,Win,187,No Location Recorded,6:00 p.m.,08:53,"SUB IN by DE FERIA,NICK",70,97,,27,2,,,77,34,0.429,0.294,,,79,6,0.671,0.167,08,533
7,Rhodes,Wisconsin-Eau Claire,94-120,94,120,4-3,5-0,12/02/16,Win,187,No Location Recorded,6:00 p.m.,08:53,"SUB IN by SULLIVAN,BRENNAN",70,97,,27,2,,,77,34,0.429,0.294,,,79,6,0.671,0.167,08,533
7,Rhodes,Wisconsin-Eau Claire,94-120,94,120,4-3,5-0,12/02/16,Win,187,No Location Recorded,6:00 p.m.,08:53,"SUB IN by DARST,DANIEL",70,97,,27,2,,,77,34,0.429,0.294,,,79,6,0.671,0.167,08,533
7,Rhodes,Wisconsin-Eau Claire,94-120,94,120,4-3,5-0,12/02/16,Win,187,No Location Recorded,6:00 p.m.,08:53,"SUB IN by GIROUX,PRESTON",70,97,,27,2,,,77,34,0.429,0.294,,,79,6,0.671,0.167,08,533
7,Rhodes,Wisconsin-Eau Claire,94-120,94,120,4-3,5-0,12/02/16,Win,187,No Location Recorded,6:00 p.m.,08:53,"SUB IN by ASHBY,KENDRICK",70,97,,27,2,,,77,34,0.429,0.294,,,79,6,0.671,0.167,08,533
7,Rhodes,Wisconsin-Eau Claire,94-120,94,120,4-3,5-0,12/02/16,Win,187,No Location Recorded,6:00 p.m.,08:53,"SUB OUT by GALVIN,OWEN",70,97,,27,2,,,77,34,0.429,0.294,,,79,6,0.671,0.167,08,533
7,Rhodes,Wisconsin-Eau Claire,94-120,94,120,4-3,5-0,12/02/16,Win,187,No Location Recorded,6:00 p.m.,08:53,"SUB OUT by WEATHERFORD,MITCH",70,97,,27,2,,,77,34,0.429,0.294,,,79,6,0.671,0.167,08,533
7,Rhodes,Wisconsin-Eau Claire,94-120,94,120,4-3,5-0,12/02/16,Win,187,No Location Recorded,6:00 p.m.,08:53,"SUB OUT by NESTLEHUTT,JAKE",70,97,,27,2,,,77,34,0.429,0.294,,,79,6,0.671,0.167,08,533
7,Rhodes,Wisconsin-Eau Claire,94-120,94,120,4-3,5-0,12/02/16,Win,187,No Location Recorded,6:00 p.m.,08:53,"SUB OUT by DALTON,PRICE",70,97,,27,2,,,77,34,0.429,0.294,,,79,6,0.671,0.167,08,533
7,Rhodes,Wisconsin-Eau Claire,94-120,94,120,4-3,5-0,12/02/16,Win,187,No Location Recorded,6:00 p.m.,08:53,"SUB OUT by GEE,TYLER",70,97,,27,2,,,77,34,0.429,0.294,,,79,6,0.671,0.167,08,533
7,Rhodes,Wisconsin-Eau Claire,94-120,94,120,4-3,5-0,12/02/16,Win,187,No Location Recorded,6:00 p.m.,08:41,"GOOD LAYUP by ASHBY,KENDRICK(in the paint)",72,97,,25,2,layup,good,78,34,0.436,0.294,,,79,6,0.671,0.167,08,521
7,Rhodes,Wisconsin-Eau Claire,94-120,94,120,4-3,5-0,12/02/16,Win,187,No Location Recorded,6:00 p.m.,08:41,"ASSIST  by DARST,DANIEL",72,97,,25,2,,,78,34,0.436,0.294,,,79,6,0.671,0.167,08,521
7,Rhodes,Wisconsin-Eau Claire,94-120,94,120,4-3,5-0,12/02/16,Win,187,No Location Recorded,6:00 p.m.,08:27,,72,97,"MISS LAYUP by MARTINEK,JACK",25,2,,,78,34,0.436,0.294,layup,miss,80,6,0.662,0.167,08,507
7,Rhodes,Wisconsin-Eau Claire,94-120,94,120,4-3,5-0,12/02/16,Win,187,No Location Recorded,6:00 p.m.,08:27,"REBOUND DEF by DARST,DANIEL",72,97,,25,2,,,78,34,0.436,0.294,,,80,6,0.662,0.167,08,507
7,Rhodes,Wisconsin-Eau Claire,94-120,94,120,4-3,5-0,12/02/16,Win,187,No Location Recorded,6:00 p.m.,08:17,"SUB IN by NYAWATA,ANESU",72,97,,25,2,,,78,34,0.436,0.294,,,80,6,0.662,0.167,08,497
7,Rhodes,Wisconsin-Eau Claire,94-120,94,120,4-3,5-0,12/02/16,Win,187,No Location Recorded,6:00 p.m.,08:17,"SUB IN by LOWRIE,ANDREW",72,97,,25,2,,,78,34,0.436,0.294,,,80,6,0.662,0.167,08,497
7,Rhodes,Wisconsin-Eau Claire,94-120,94,120,4-3,5-0,12/02/16,Win,187,No Location Recorded,6:00 p.m.,08:17,"SUB IN by WEIR,JJ",72,97,,25,2,,,78,34,0.436,0.294,,,80,6,0.662,0.167,08,497
7,Rhodes,Wisconsin-Eau Claire,94-120,94,120,4-3,5-0,12/02/16,Win,187,No Location Recorded,6:00 p.m.,08:17,"SUB IN by BERRY,BRYCE",72,97,,25,2,,,78,34,0.436,0.294,,,80,6,0.662,0.167,08,497
7,Rhodes,Wisconsin-Eau Claire,94-120,94,120,4-3,5-0,12/02/16,Win,187,No Location Recorded,6:00 p.m.,08:17,"SUB IN by HARRISON,IAN",72,97,,25,2,,,78,34,0.436,0.294,,,80,6,0.662,0.167,08,497
7,Rhodes,Wisconsin-Eau Claire,94-120,94,120,4-3,5-0,12/02/16,Win,187,No Location Recorded,6:00 p.m.,08:17,"SUB OUT by DE FERIA,NICK",72,97,,25,2,,,78,34,0.436,0.294,,,80,6,0.662,0.167,08,497
7,Rhodes,Wisconsin-Eau Claire,94-120,94,120,4-3,5-0,12/02/16,Win,187,No Location Recorded,6:00 p.m.,08:17,"SUB OUT by SULLIVAN,BRENNAN",72,97,,25,2,,,78,34,0.436,0.294,,,80,6,0.662,0.167,08,497
7,Rhodes,Wisconsin-Eau Claire,94-120,94,120,4-3,5-0,12/02/16,Win,187,No Location Recorded,6:00 p.m.,08:17,"SUB OUT by DARST,DANIEL",72,97,,25,2,,,78,34,0.436,0.294,,,80,6,0.662,0.167,08,497
7,Rhodes,Wisconsin-Eau Claire,94-120,94,120,4-3,5-0,12/02/16,Win,187,No Location Recorded,6:00 p.m.,08:17,"SUB OUT by GIROUX,PRESTON",72,97,,25,2,,,78,34,0.436,0.294,,,80,6,0.662,0.167,08,497
7,Rhodes,Wisconsin-Eau Claire,94-120,94,120,4-3,5-0,12/02/16,Win,187,No Location Recorded,6:00 p.m.,08:17,"SUB OUT by ASHBY,KENDRICK",72,97,,25,2,,,78,34,0.436,0.294,,,80,6,0.662,0.167,08,497
7,Rhodes,Wisconsin-Eau Claire,94-120,94,120,4-3,5-0,12/02/16,Win,187,No Location Recorded,6:00 p.m.,08:17,,72,97,"SUB IN by MILLER,SEAN",25,2,,,78,34,0.436,0.294,,,80,6,0.662,0.167,08,497
7,Rhodes,Wisconsin-Eau Claire,94-120,94,120,4-3,5-0,12/02/16,Win,187,No Location Recorded,6:00 p.m.,08:17,,72,97,"SUB IN by SCHNEIDERMANN,JARED",25,2,,,78,34,0.436,0.294,,,80,6,0.662,0.167,08,497
7,Rhodes,Wisconsin-Eau Claire,94-120,94,120,4-3,5-0,12/02/16,Win,187,No Location Recorded,6:00 p.m.,08:17,,72,97,"SUB IN by WACHOLZ,BLAKE",25,2,,,78,34,0.436,0.294,,,80,6,0.662,0.167,08,497
7,Rhodes,Wisconsin-Eau Claire,94-120,94,120,4-3,5-0,12/02/16,Win,187,No Location Recorded,6:00 p.m.,08:17,,72,97,"SUB OUT by DIEKELMAN,GEORGE",25,2,,,78,34,0.436,0.294,,,80,6,0.662,0.167,08,497
7,Rhodes,Wisconsin-Eau Claire,94-120,94,120,4-3,5-0,12/02/16,Win,187,No Location Recorded,6:00 p.m.,08:17,,72,97,"SUB OUT by WEIX,JOSH",25,2,,,78,34,0.436,0.294,,,80,6,0.662,0.167,08,497
7,Rhodes,Wisconsin-Eau Claire,94-120,94,120,4-3,5-0,12/02/16,Win,187,No Location Recorded,6:00 p.m.,08:09,,72,97,"FOUL  by MCDONALD,KYLE",25,2,,,78,34,0.436,0.294,foul,,80,6,0.662,0.167,08,489
7,Rhodes,Wisconsin-Eau Claire,94-120,94,120,4-3,5-0,12/02/16,Win,187,No Location Recorded,6:00 p.m.,08:08,"GOOD 3PTR by BERRY,BRYCE",75,97,,22,2,3ptr,good,79,35,0.443,0.314,,,80,6,0.662,0.167,08,488
7,Rhodes,Wisconsin-Eau Claire,94-120,94,120,4-3,5-0,12/02/16,Win,187,No Location Recorded,6:00 p.m.,08:08,"ASSIST  by WEIR,JJ",75,97,,22,2,,,79,35,0.443,0.314,,,80,6,0.662,0.167,08,488
7,Rhodes,Wisconsin-Eau Claire,94-120,94,120,4-3,5-0,12/02/16,Win,187,No Location Recorded,6:00 p.m.,07:46,,75,100,"GOOD 3PTR by MILLER,SEAN",25,2,,,79,35,0.443,0.314,3ptr,good,81,7,0.667,0.286,07,466
7,Rhodes,Wisconsin-Eau Claire,94-120,94,120,4-3,5-0,12/02/16,Win,187,No Location Recorded,6:00 p.m.,07:46,,75,100,"ASSIST  by DUXBURY,ANDREW",25,2,,,79,35,0.443,0.314,,,81,7,0.667,0.286,07,466
7,Rhodes,Wisconsin-Eau Claire,94-120,94,120,4-3,5-0,12/02/16,Win,187,No Location Recorded,6:00 p.m.,07:33,"TURNOVER  by BERRY,BRYCE",75,100,,25,2,,,79,35,0.443,0.314,,,81,7,0.667,0.286,07,453
7,Rhodes,Wisconsin-Eau Claire,94-120,94,120,4-3,5-0,12/02/16,Win,187,No Location Recorded,6:00 p.m.,07:33,"SUB IN by DALTON,PRICE",75,100,,25,2,,,79,35,0.443,0.314,,,81,7,0.667,0.286,07,453
7,Rhodes,Wisconsin-Eau Claire,94-120,94,120,4-3,5-0,12/02/16,Win,187,No Location Recorded,6:00 p.m.,07:33,"SUB IN by GEE,TYLER",75,100,,25,2,,,79,35,0.443,0.314,,,81,7,0.667,0.286,07,453
7,Rhodes,Wisconsin-Eau Claire,94-120,94,120,4-3,5-0,12/02/16,Win,187,No Location Recorded,6:00 p.m.,07:33,"SUB IN by NESTLEHUTT,JAKE",75,100,,25,2,,,79,35,0.443,0.314,,,81,7,0.667,0.286,07,453
7,Rhodes,Wisconsin-Eau Claire,94-120,94,120,4-3,5-0,12/02/16,Win,187,No Location Recorded,6:00 p.m.,07:33,"SUB IN by GALVIN,OWEN",75,100,,25,2,,,79,35,0.443,0.314,,,81,7,0.667,0.286,07,453
7,Rhodes,Wisconsin-Eau Claire,94-120,94,120,4-3,5-0,12/02/16,Win,187,No Location Recorded,6:00 p.m.,07:33,"SUB IN by WEATHERFORD,MITCH",75,100,,25,2,,,79,35,0.443,0.314,,,81,7,0.667,0.286,07,453
7,Rhodes,Wisconsin-Eau Claire,94-120,94,120,4-3,5-0,12/02/16,Win,187,No Location Recorded,6:00 p.m.,07:33,"SUB OUT by NYAWATA,ANESU",75,100,,25,2,,,79,35,0.443,0.314,,,81,7,0.667,0.286,07,453
7,Rhodes,Wisconsin-Eau Claire,94-120,94,120,4-3,5-0,12/02/16,Win,187,No Location Recorded,6:00 p.m.,07:33,"SUB OUT by LOWRIE,ANDREW",75,100,,25,2,,,79,35,0.443,0.314,,,81,7,0.667,0.286,07,453
7,Rhodes,Wisconsin-Eau Claire,94-120,94,120,4-3,5-0,12/02/16,Win,187,No Location Recorded,6:00 p.m.,07:33,"SUB OUT by WEIR,JJ",75,100,,25,2,,,79,35,0.443,0.314,,,81,7,0.667,0.286,07,453
7,Rhodes,Wisconsin-Eau Claire,94-120,94,120,4-3,5-0,12/02/16,Win,187,No Location Recorded,6:00 p.m.,07:33,"SUB OUT by BERRY,BRYCE",75,100,,25,2,,,79,35,0.443,0.314,,,81,7,0.667,0.286,07,453
7,Rhodes,Wisconsin-Eau Claire,94-120,94,120,4-3,5-0,12/02/16,Win,187,No Location Recorded,6:00 p.m.,07:33,"SUB OUT by HARRISON,IAN",75,100,,25,2,,,79,35,0.443,0.314,,,81,7,0.667,0.286,07,453
7,Rhodes,Wisconsin-Eau Claire,94-120,94,120,4-3,5-0,12/02/16,Win,187,No Location Recorded,6:00 p.m.,07:33,,75,100,"SUB IN by DUFF,CHRIS",25,2,,,79,35,0.443,0.314,,,81,7,0.667,0.286,07,453
7,Rhodes,Wisconsin-Eau Claire,94-120,94,120,4-3,5-0,12/02/16,Win,187,No Location Recorded,6:00 p.m.,07:33,,75,100,"SUB OUT by DUXBURY,ANDREW",25,2,,,79,35,0.443,0.314,,,81,7,0.667,0.286,07,453
7,Rhodes,Wisconsin-Eau Claire,94-120,94,120,4-3,5-0,12/02/16,Win,187,No Location Recorded,6:00 p.m.,07:26,"FOUL  by GALVIN,OWEN",75,100,,25,2,foul,,79,35,0.443,0.314,,,81,7,0.667,0.286,07,446
7,Rhodes,Wisconsin-Eau Claire,94-120,94,120,4-3,5-0,12/02/16,Win,187,No Location Recorded,6:00 p.m.,07:26,,75,101,"GOOD FT by SCHNEIDERMANN,JARED",26,2,,,79,35,0.443,0.314,ft,good,82,7,0.671,0.286,07,446
7,Rhodes,Wisconsin-Eau Claire,94-120,94,120,4-3,5-0,12/02/16,Win,187,No Location Recorded,6:00 p.m.,07:26,,75,101,"MISS FT by SCHNEIDERMANN,JARED",26,2,,,79,35,0.443,0.314,ft,miss,83,7,0.663,0.286,07,446
7,Rhodes,Wisconsin-Eau Claire,94-120,94,120,4-3,5-0,12/02/16,Win,187,No Location Recorded,6:00 p.m.,07:26,"REBOUND DEF by GEE,TYLER",75,101,,26,2,,,79,35,0.443,0.314,,,83,7,0.663,0.286,07,446
7,Rhodes,Wisconsin-Eau Claire,94-120,94,120,4-3,5-0,12/02/16,Win,187,No Location Recorded,6:00 p.m.,07:15,"GOOD LAYUP by GALVIN,OWEN(in the paint)",77,101,,24,2,layup,good,80,35,0.45,0.314,,,83,7,0.663,0.286,07,435
7,Rhodes,Wisconsin-Eau Claire,94-120,94,120,4-3,5-0,12/02/16,Win,187,No Location Recorded,6:00 p.m.,07:15,,77,101,"FOUL  by SCHNEIDERMANN,JARED",24,2,,,80,35,0.45,0.314,foul,,83,7,0.663,0.286,07,435
7,Rhodes,Wisconsin-Eau Claire,94-120,94,120,4-3,5-0,12/02/16,Win,187,No Location Recorded,6:00 p.m.,07:15,"MISS FT by GALVIN,OWEN",77,101,,24,2,ft,miss,81,35,0.444,0.314,,,83,7,0.663,0.286,07,435
7,Rhodes,Wisconsin-Eau Claire,94-120,94,120,4-3,5-0,12/02/16,Win,187,No Location Recorded,6:00 p.m.,07:15,,77,101,"REBOUND DEF by WACHOLZ,BLAKE",24,2,,,81,35,0.444,0.314,,,83,7,0.663,0.286,07,435
7,Rhodes,Wisconsin-Eau Claire,94-120,94,120,4-3,5-0,12/02/16,Win,187,No Location Recorded,6:00 p.m.,07:15,"SUB IN by DARST,DANIEL",77,101,,24,2,,,81,35,0.444,0.314,,,83,7,0.663,0.286,07,435
7,Rhodes,Wisconsin-Eau Claire,94-120,94,120,4-3,5-0,12/02/16,Win,187,No Location Recorded,6:00 p.m.,07:15,"SUB IN by DE FERIA,NICK",77,101,,24,2,,,81,35,0.444,0.314,,,83,7,0.663,0.286,07,435
7,Rhodes,Wisconsin-Eau Claire,94-120,94,120,4-3,5-0,12/02/16,Win,187,No Location Recorded,6:00 p.m.,07:15,"SUB IN by GIROUX,PRESTON",77,101,,24,2,,,81,35,0.444,0.314,,,83,7,0.663,0.286,07,435
7,Rhodes,Wisconsin-Eau Claire,94-120,94,120,4-3,5-0,12/02/16,Win,187,No Location Recorded,6:00 p.m.,07:15,"SUB IN by SULLIVAN,BRENNAN",77,101,,24,2,,,81,35,0.444,0.314,,,83,7,0.663,0.286,07,435
7,Rhodes,Wisconsin-Eau Claire,94-120,94,120,4-3,5-0,12/02/16,Win,187,No Location Recorded,6:00 p.m.,07:15,"SUB OUT by DALTON,PRICE",77,101,,24,2,,,81,35,0.444,0.314,,,83,7,0.663,0.286,07,435
7,Rhodes,Wisconsin-Eau Claire,94-120,94,120,4-3,5-0,12/02/16,Win,187,No Location Recorded,6:00 p.m.,07:15,"SUB OUT by GEE,TYLER",77,101,,24,2,,,81,35,0.444,0.314,,,83,7,0.663,0.286,07,435
7,Rhodes,Wisconsin-Eau Claire,94-120,94,120,4-3,5-0,12/02/16,Win,187,No Location Recorded,6:00 p.m.,07:15,"SUB OUT by NESTLEHUTT,JAKE",77,101,,24,2,,,81,35,0.444,0.314,,,83,7,0.663,0.286,07,435
7,Rhodes,Wisconsin-Eau Claire,94-120,94,120,4-3,5-0,12/02/16,Win,187,No Location Recorded,6:00 p.m.,07:15,"SUB OUT by WEATHERFORD,MITCH",77,101,,24,2,,,81,35,0.444,0.314,,,83,7,0.663,0.286,07,435
7,Rhodes,Wisconsin-Eau Claire,94-120,94,120,4-3,5-0,12/02/16,Win,187,No Location Recorded,6:00 p.m.,07:15,,77,101,"SUB IN by WEIX,JOSH",24,2,,,81,35,0.444,0.314,,,83,7,0.663,0.286,07,435
7,Rhodes,Wisconsin-Eau Claire,94-120,94,120,4-3,5-0,12/02/16,Win,187,No Location Recorded,6:00 p.m.,07:15,,77,101,"SUB OUT by SCHNEIDERMANN,JARED",24,2,,,81,35,0.444,0.314,,,83,7,0.663,0.286,07,435
7,Rhodes,Wisconsin-Eau Claire,94-120,94,120,4-3,5-0,12/02/16,Win,187,No Location Recorded,6:00 p.m.,07:09,,77,103,"GOOD LAYUP by MCDONALD,KYLE(fastbreak)(in the paint)",26,2,,,81,35,0.444,0.314,layup,good,84,7,0.667,0.286,07,429
7,Rhodes,Wisconsin-Eau Claire,94-120,94,120,4-3,5-0,12/02/16,Win,187,No Location Recorded,6:00 p.m.,07:09,,77,103,"ASSIST  by MILLER,SEAN",26,2,,,81,35,0.444,0.314,,,84,7,0.667,0.286,07,429
7,Rhodes,Wisconsin-Eau Claire,94-120,94,120,4-3,5-0,12/02/16,Win,187,No Location Recorded,6:00 p.m.,07:09,"FOUL  by GIROUX,PRESTON",77,103,,26,2,foul,,81,35,0.444,0.314,,,84,7,0.667,0.286,07,429
7,Rhodes,Wisconsin-Eau Claire,94-120,94,120,4-3,5-0,12/02/16,Win,187,No Location Recorded,6:00 p.m.,07:09,,77,103,"MISS FT by MCDONALD,KYLE",26,2,,,81,35,0.444,0.314,ft,miss,85,7,0.659,0.286,07,429
7,Rhodes,Wisconsin-Eau Claire,94-120,94,120,4-3,5-0,12/02/16,Win,187,No Location Recorded,6:00 p.m.,07:09,"REBOUND DEF by GIROUX,PRESTON",77,103,,26,2,,,81,35,0.444,0.314,,,85,7,0.659,0.286,07,429
7,Rhodes,Wisconsin-Eau Claire,94-120,94,120,4-3,5-0,12/02/16,Win,187,No Location Recorded,6:00 p.m.,07:09,"SUB IN by ASHBY,KENDRICK",77,103,,26,2,,,81,35,0.444,0.314,,,85,7,0.659,0.286,07,429
7,Rhodes,Wisconsin-Eau Claire,94-120,94,120,4-3,5-0,12/02/16,Win,187,No Location Recorded,6:00 p.m.,07:09,"SUB OUT by GALVIN,OWEN",77,103,,26,2,,,81,35,0.444,0.314,,,85,7,0.659,0.286,07,429
7,Rhodes,Wisconsin-Eau Claire,94-120,94,120,4-3,5-0,12/02/16,Win,187,No Location Recorded,6:00 p.m.,07:00,"MISS 3PTR by DE FERIA,NICK",77,103,,26,2,3ptr,miss,82,36,0.439,0.306,,,85,7,0.659,0.286,07,420
7,Rhodes,Wisconsin-Eau Claire,94-120,94,120,4-3,5-0,12/02/16,Win,187,No Location Recorded,6:00 p.m.,07:00,"REBOUND OFF by DARST,DANIEL",77,103,,26,2,,,82,36,0.439,0.306,,,85,7,0.659,0.286,07,420
7,Rhodes,Wisconsin-Eau Claire,94-120,94,120,4-3,5-0,12/02/16,Win,187,No Location Recorded,6:00 p.m.,06:57,"MISS LAYUP by DARST,DANIEL",77,103,,26,2,layup,miss,83,36,0.434,0.306,,,85,7,0.659,0.286,06,417
7,Rhodes,Wisconsin-Eau Claire,94-120,94,120,4-3,5-0,12/02/16,Win,187,No Location Recorded,6:00 p.m.,06:57,"REBOUND OFF by DARST,DANIEL",77,103,,26,2,,,83,36,0.434,0.306,,,85,7,0.659,0.286,06,417
7,Rhodes,Wisconsin-Eau Claire,94-120,94,120,4-3,5-0,12/02/16,Win,187,No Location Recorded,6:00 p.m.,06:55,,77,103,"FOUL  by MILLER,SEAN",26,2,,,83,36,0.434,0.306,foul,,85,7,0.659,0.286,06,415
7,Rhodes,Wisconsin-Eau Claire,94-120,94,120,4-3,5-0,12/02/16,Win,187,No Location Recorded,6:00 p.m.,06:55,"GOOD FT by DARST,DANIEL",78,103,,25,2,ft,good,84,36,0.44,0.306,,,85,7,0.659,0.286,06,415
7,Rhodes,Wisconsin-Eau Claire,94-120,94,120,4-3,5-0,12/02/16,Win,187,No Location Recorded,6:00 p.m.,06:55,"GOOD FT by DARST,DANIEL",79,103,,24,2,ft,good,85,36,0.447,0.306,,,85,7,0.659,0.286,06,415
7,Rhodes,Wisconsin-Eau Claire,94-120,94,120,4-3,5-0,12/02/16,Win,187,No Location Recorded,6:00 p.m.,06:53,"FOUL  by DE FERIA,NICK",79,103,,24,2,foul,,85,36,0.447,0.306,,,85,7,0.659,0.286,06,413
7,Rhodes,Wisconsin-Eau Claire,94-120,94,120,4-3,5-0,12/02/16,Win,187,No Location Recorded,6:00 p.m.,06:53,,79,103,"MISS FT by WACHOLZ,BLAKE",24,2,,,85,36,0.447,0.306,ft,miss,86,7,0.651,0.286,06,413
7,Rhodes,Wisconsin-Eau Claire,94-120,94,120,4-3,5-0,12/02/16,Win,187,No Location Recorded,6:00 p.m.,06:53,,79,103,REBOUND DEADB by TEAM,24,2,,,85,36,0.447,0.306,,,86,7,0.651,0.286,06,413
7,Rhodes,Wisconsin-Eau Claire,94-120,94,120,4-3,5-0,12/02/16,Win,187,No Location Recorded,6:00 p.m.,06:53,,79,103,"MISS FT by WACHOLZ,BLAKE",24,2,,,85,36,0.447,0.306,ft,miss,87,7,0.644,0.286,06,413
7,Rhodes,Wisconsin-Eau Claire,94-120,94,120,4-3,5-0,12/02/16,Win,187,No Location Recorded,6:00 p.m.,06:53,"REBOUND DEF by HARRISON,IAN",79,103,,24,2,,,85,36,0.447,0.306,,,87,7,0.644,0.286,06,413
7,Rhodes,Wisconsin-Eau Claire,94-120,94,120,4-3,5-0,12/02/16,Win,187,No Location Recorded,6:00 p.m.,06:53,"SUB IN by NYAWATA,ANESU",79,103,,24,2,,,85,36,0.447,0.306,,,87,7,0.644,0.286,06,413
7,Rhodes,Wisconsin-Eau Claire,94-120,94,120,4-3,5-0,12/02/16,Win,187,No Location Recorded,6:00 p.m.,06:53,"SUB IN by HARRISON,IAN",79,103,,24,2,,,85,36,0.447,0.306,,,87,7,0.644,0.286,06,413
7,Rhodes,Wisconsin-Eau Claire,94-120,94,120,4-3,5-0,12/02/16,Win,187,No Location Recorded,6:00 p.m.,06:53,"SUB IN by BERRY,BRYCE",79,103,,24,2,,,85,36,0.447,0.306,,,87,7,0.644,0.286,06,413
7,Rhodes,Wisconsin-Eau Claire,94-120,94,120,4-3,5-0,12/02/16,Win,187,No Location Recorded,6:00 p.m.,06:53,"SUB IN by LOWRIE,ANDREW",79,103,,24,2,,,85,36,0.447,0.306,,,87,7,0.644,0.286,06,413
7,Rhodes,Wisconsin-Eau Claire,94-120,94,120,4-3,5-0,12/02/16,Win,187,No Location Recorded,6:00 p.m.,06:53,"SUB IN by WEIR,JJ",79,103,,24,2,,,85,36,0.447,0.306,,,87,7,0.644,0.286,06,413
7,Rhodes,Wisconsin-Eau Claire,94-120,94,120,4-3,5-0,12/02/16,Win,187,No Location Recorded,6:00 p.m.,06:53,"SUB OUT by DARST,DANIEL",79,103,,24,2,,,85,36,0.447,0.306,,,87,7,0.644,0.286,06,413
7,Rhodes,Wisconsin-Eau Claire,94-120,94,120,4-3,5-0,12/02/16,Win,187,No Location Recorded,6:00 p.m.,06:53,"SUB OUT by DE FERIA,NICK",79,103,,24,2,,,85,36,0.447,0.306,,,87,7,0.644,0.286,06,413
7,Rhodes,Wisconsin-Eau Claire,94-120,94,120,4-3,5-0,12/02/16,Win,187,No Location Recorded,6:00 p.m.,06:53,"SUB OUT by ASHBY,KENDRICK",79,103,,24,2,,,85,36,0.447,0.306,,,87,7,0.644,0.286,06,413
7,Rhodes,Wisconsin-Eau Claire,94-120,94,120,4-3,5-0,12/02/16,Win,187,No Location Recorded,6:00 p.m.,06:53,"SUB OUT by GIROUX,PRESTON",79,103,,24,2,,,85,36,0.447,0.306,,,87,7,0.644,0.286,06,413
7,Rhodes,Wisconsin-Eau Claire,94-120,94,120,4-3,5-0,12/02/16,Win,187,No Location Recorded,6:00 p.m.,06:53,"SUB OUT by SULLIVAN,BRENNAN",79,103,,24,2,,,85,36,0.447,0.306,,,87,7,0.644,0.286,06,413
7,Rhodes,Wisconsin-Eau Claire,94-120,94,120,4-3,5-0,12/02/16,Win,187,No Location Recorded,6:00 p.m.,06:53,,79,103,"SUB IN by DUXBURY,ANDREW",24,2,,,85,36,0.447,0.306,,,87,7,0.644,0.286,06,413
7,Rhodes,Wisconsin-Eau Claire,94-120,94,120,4-3,5-0,12/02/16,Win,187,No Location Recorded,6:00 p.m.,06:53,,79,103,"SUB OUT by MCDONALD,KYLE",24,2,,,85,36,0.447,0.306,,,87,7,0.644,0.286,06,413
7,Rhodes,Wisconsin-Eau Claire,94-120,94,120,4-3,5-0,12/02/16,Win,187,No Location Recorded,6:00 p.m.,06:40,"MISS LAYUP by NYAWATA,ANESU",79,103,,24,2,layup,miss,86,36,0.442,0.306,,,87,7,0.644,0.286,06,400
7,Rhodes,Wisconsin-Eau Claire,94-120,94,120,4-3,5-0,12/02/16,Win,187,No Location Recorded,6:00 p.m.,06:40,,79,103,"REBOUND DEF by MILLER,SEAN",24,2,,,86,36,0.442,0.306,,,87,7,0.644,0.286,06,400
7,Rhodes,Wisconsin-Eau Claire,94-120,94,120,4-3,5-0,12/02/16,Win,187,No Location Recorded,6:00 p.m.,06:29,,79,103,"MISS LAYUP by WEIX,JOSH",24,2,,,86,36,0.442,0.306,layup,miss,88,7,0.636,0.286,06,389
7,Rhodes,Wisconsin-Eau Claire,94-120,94,120,4-3,5-0,12/02/16,Win,187,No Location Recorded,6:00 p.m.,06:29,,79,103,"REBOUND OFF by MILLER,SEAN",24,2,,,86,36,0.442,0.306,,,88,7,0.636,0.286,06,389
7,Rhodes,Wisconsin-Eau Claire,94-120,94,120,4-3,5-0,12/02/16,Win,187,No Location Recorded,6:00 p.m.,06:26,,79,105,"GOOD LAYUP by MILLER,SEAN(in the paint)",26,2,,,86,36,0.442,0.306,layup,good,89,7,0.64,0.286,06,386
7,Rhodes,Wisconsin-Eau Claire,94-120,94,120,4-3,5-0,12/02/16,Win,187,No Location Recorded,6:00 p.m.,06:24,"SUB IN by DALTON,PRICE",79,105,,26,2,,,86,36,0.442,0.306,,,89,7,0.64,0.286,06,384
7,Rhodes,Wisconsin-Eau Claire,94-120,94,120,4-3,5-0,12/02/16,Win,187,No Location Recorded,6:00 p.m.,06:24,"SUB IN by WEATHERFORD,MITCH",79,105,,26,2,,,86,36,0.442,0.306,,,89,7,0.64,0.286,06,384
7,Rhodes,Wisconsin-Eau Claire,94-120,94,120,4-3,5-0,12/02/16,Win,187,No Location Recorded,6:00 p.m.,06:24,"SUB IN by GALVIN,OWEN",79,105,,26,2,,,86,36,0.442,0.306,,,89,7,0.64,0.286,06,384
7,Rhodes,Wisconsin-Eau Claire,94-120,94,120,4-3,5-0,12/02/16,Win,187,No Location Recorded,6:00 p.m.,06:24,"SUB IN by GEE,TYLER",79,105,,26,2,,,86,36,0.442,0.306,,,89,7,0.64,0.286,06,384
7,Rhodes,Wisconsin-Eau Claire,94-120,94,120,4-3,5-0,12/02/16,Win,187,No Location Recorded,6:00 p.m.,06:24,"SUB IN by NESTLEHUTT,JAKE",79,105,,26,2,,,86,36,0.442,0.306,,,89,7,0.64,0.286,06,384
7,Rhodes,Wisconsin-Eau Claire,94-120,94,120,4-3,5-0,12/02/16,Win,187,No Location Recorded,6:00 p.m.,06:24,"SUB OUT by NYAWATA,ANESU",79,105,,26,2,,,86,36,0.442,0.306,,,89,7,0.64,0.286,06,384
7,Rhodes,Wisconsin-Eau Claire,94-120,94,120,4-3,5-0,12/02/16,Win,187,No Location Recorded,6:00 p.m.,06:24,"SUB OUT by HARRISON,IAN",79,105,,26,2,,,86,36,0.442,0.306,,,89,7,0.64,0.286,06,384
7,Rhodes,Wisconsin-Eau Claire,94-120,94,120,4-3,5-0,12/02/16,Win,187,No Location Recorded,6:00 p.m.,06:24,"SUB OUT by BERRY,BRYCE",79,105,,26,2,,,86,36,0.442,0.306,,,89,7,0.64,0.286,06,384
7,Rhodes,Wisconsin-Eau Claire,94-120,94,120,4-3,5-0,12/02/16,Win,187,No Location Recorded,6:00 p.m.,06:24,"SUB OUT by LOWRIE,ANDREW",79,105,,26,2,,,86,36,0.442,0.306,,,89,7,0.64,0.286,06,384
7,Rhodes,Wisconsin-Eau Claire,94-120,94,120,4-3,5-0,12/02/16,Win,187,No Location Recorded,6:00 p.m.,06:24,"SUB OUT by WEIR,JJ",79,105,,26,2,,,86,36,0.442,0.306,,,89,7,0.64,0.286,06,384
7,Rhodes,Wisconsin-Eau Claire,94-120,94,120,4-3,5-0,12/02/16,Win,187,No Location Recorded,6:00 p.m.,06:24,,79,105,"SUB IN by DIEKELMAN,GEORGE",26,2,,,86,36,0.442,0.306,,,89,7,0.64,0.286,06,384
7,Rhodes,Wisconsin-Eau Claire,94-120,94,120,4-3,5-0,12/02/16,Win,187,No Location Recorded,6:00 p.m.,06:24,,79,105,"SUB OUT by DUFF,CHRIS",26,2,,,86,36,0.442,0.306,,,89,7,0.64,0.286,06,384
7,Rhodes,Wisconsin-Eau Claire,94-120,94,120,4-3,5-0,12/02/16,Win,187,No Location Recorded,6:00 p.m.,06:11,"GOOD LAYUP by NESTLEHUTT,JAKE(in the paint)",81,105,,24,2,layup,good,87,36,0.448,0.306,,,89,7,0.64,0.286,06,371
7,Rhodes,Wisconsin-Eau Claire,94-120,94,120,4-3,5-0,12/02/16,Win,187,No Location Recorded,6:00 p.m.,06:02,"FOUL  by DALTON,PRICE",81,105,,24,2,foul,,87,36,0.448,0.306,,,89,7,0.64,0.286,06,362
7,Rhodes,Wisconsin-Eau Claire,94-120,94,120,4-3,5-0,12/02/16,Win,187,No Location Recorded,6:00 p.m.,06:02,,81,105,"MISS FT by WACHOLZ,BLAKE",24,2,,,87,36,0.448,0.306,ft,miss,90,7,0.633,0.286,06,362
7,Rhodes,Wisconsin-Eau Claire,94-120,94,120,4-3,5-0,12/02/16,Win,187,No Location Recorded,6:00 p.m.,06:02,,81,105,REBOUND DEADB by TEAM,24,2,,,87,36,0.448,0.306,,,90,7,0.633,0.286,06,362
7,Rhodes,Wisconsin-Eau Claire,94-120,94,120,4-3,5-0,12/02/16,Win,187,No Location Recorded,6:00 p.m.,06:02,,81,106,"GOOD FT by WACHOLZ,BLAKE",25,2,,,87,36,0.448,0.306,ft,good,91,7,0.637,0.286,06,362
7,Rhodes,Wisconsin-Eau Claire,94-120,94,120,4-3,5-0,12/02/16,Win,187,No Location Recorded,6:00 p.m.,06:02,"SUB IN by SULLIVAN,BRENNAN",81,106,,25,2,,,87,36,0.448,0.306,,,91,7,0.637,0.286,06,362
7,Rhodes,Wisconsin-Eau Claire,94-120,94,120,4-3,5-0,12/02/16,Win,187,No Location Recorded,6:00 p.m.,06:02,"SUB IN by DE FERIA,NICK",81,106,,25,2,,,87,36,0.448,0.306,,,91,7,0.637,0.286,06,362
7,Rhodes,Wisconsin-Eau Claire,94-120,94,120,4-3,5-0,12/02/16,Win,187,No Location Recorded,6:00 p.m.,06:02,"SUB IN by DARST,DANIEL",81,106,,25,2,,,87,36,0.448,0.306,,,91,7,0.637,0.286,06,362
7,Rhodes,Wisconsin-Eau Claire,94-120,94,120,4-3,5-0,12/02/16,Win,187,No Location Recorded,6:00 p.m.,06:02,"SUB IN by GIROUX,PRESTON",81,106,,25,2,,,87,36,0.448,0.306,,,91,7,0.637,0.286,06,362
7,Rhodes,Wisconsin-Eau Claire,94-120,94,120,4-3,5-0,12/02/16,Win,187,No Location Recorded,6:00 p.m.,06:02,"SUB IN by ASHBY,KENDRICK",81,106,,25,2,,,87,36,0.448,0.306,,,91,7,0.637,0.286,06,362
7,Rhodes,Wisconsin-Eau Claire,94-120,94,120,4-3,5-0,12/02/16,Win,187,No Location Recorded,6:00 p.m.,06:02,"SUB OUT by DALTON,PRICE",81,106,,25,2,,,87,36,0.448,0.306,,,91,7,0.637,0.286,06,362
7,Rhodes,Wisconsin-Eau Claire,94-120,94,120,4-3,5-0,12/02/16,Win,187,No Location Recorded,6:00 p.m.,06:02,"SUB OUT by WEATHERFORD,MITCH",81,106,,25,2,,,87,36,0.448,0.306,,,91,7,0.637,0.286,06,362
7,Rhodes,Wisconsin-Eau Claire,94-120,94,120,4-3,5-0,12/02/16,Win,187,No Location Recorded,6:00 p.m.,06:02,"SUB OUT by GALVIN,OWEN",81,106,,25,2,,,87,36,0.448,0.306,,,91,7,0.637,0.286,06,362
7,Rhodes,Wisconsin-Eau Claire,94-120,94,120,4-3,5-0,12/02/16,Win,187,No Location Recorded,6:00 p.m.,06:02,"SUB OUT by GEE,TYLER",81,106,,25,2,,,87,36,0.448,0.306,,,91,7,0.637,0.286,06,362
7,Rhodes,Wisconsin-Eau Claire,94-120,94,120,4-3,5-0,12/02/16,Win,187,No Location Recorded,6:00 p.m.,06:02,"SUB OUT by NESTLEHUTT,JAKE",81,106,,25,2,,,87,36,0.448,0.306,,,91,7,0.637,0.286,06,362
7,Rhodes,Wisconsin-Eau Claire,94-120,94,120,4-3,5-0,12/02/16,Win,187,No Location Recorded,6:00 p.m.,05:50,"MISS 3PTR by DARST,DANIEL",81,106,,25,2,3ptr,miss,88,37,0.443,0.297,,,91,7,0.637,0.286,05,350
7,Rhodes,Wisconsin-Eau Claire,94-120,94,120,4-3,5-0,12/02/16,Win,187,No Location Recorded,6:00 p.m.,05:50,,81,106,"REBOUND DEF by WEIX,JOSH",25,2,,,88,37,0.443,0.297,,,91,7,0.637,0.286,05,350
7,Rhodes,Wisconsin-Eau Claire,94-120,94,120,4-3,5-0,12/02/16,Win,187,No Location Recorded,6:00 p.m.,05:37,,81,106,"MISS JUMPER by DIEKELMAN,GEORGE",25,2,,,88,37,0.443,0.297,jumper,miss,92,7,0.63,0.286,05,337
7,Rhodes,Wisconsin-Eau Claire,94-120,94,120,4-3,5-0,12/02/16,Win,187,No Location Recorded,6:00 p.m.,05:37,"REBOUND DEF by ASHBY,KENDRICK",81,106,,25,2,,,88,37,0.443,0.297,,,92,7,0.63,0.286,05,337
7,Rhodes,Wisconsin-Eau Claire,94-120,94,120,4-3,5-0,12/02/16,Win,187,No Location Recorded,6:00 p.m.,05:35,,81,106,"FOUL  by DIEKELMAN,GEORGE",25,2,,,88,37,0.443,0.297,foul,,92,7,0.63,0.286,05,335
7,Rhodes,Wisconsin-Eau Claire,94-120,94,120,4-3,5-0,12/02/16,Win,187,No Location Recorded,6:00 p.m.,05:35,"GOOD FT by ASHBY,KENDRICK",82,106,,24,2,ft,good,89,37,0.449,0.297,,,92,7,0.63,0.286,05,335
7,Rhodes,Wisconsin-Eau Claire,94-120,94,120,4-3,5-0,12/02/16,Win,187,No Location Recorded,6:00 p.m.,05:35,"GOOD FT by ASHBY,KENDRICK",83,106,,23,2,ft,good,90,37,0.456,0.297,,,92,7,0.63,0.286,05,335
7,Rhodes,Wisconsin-Eau Claire,94-120,94,120,4-3,5-0,12/02/16,Win,187,No Location Recorded,6:00 p.m.,05:35,,83,106,"SUB IN by MARTINEK,JACK",23,2,,,90,37,0.456,0.297,,,92,7,0.63,0.286,05,335
7,Rhodes,Wisconsin-Eau Claire,94-120,94,120,4-3,5-0,12/02/16,Win,187,No Location Recorded,6:00 p.m.,05:35,,83,106,"SUB IN by LUCAS,DEONDRE",23,2,,,90,37,0.456,0.297,,,92,7,0.63,0.286,05,335
7,Rhodes,Wisconsin-Eau Claire,94-120,94,120,4-3,5-0,12/02/16,Win,187,No Location Recorded,6:00 p.m.,05:35,,83,106,"SUB OUT by MILLER,SEAN",23,2,,,90,37,0.456,0.297,,,92,7,0.63,0.286,05,335
7,Rhodes,Wisconsin-Eau Claire,94-120,94,120,4-3,5-0,12/02/16,Win,187,No Location Recorded,6:00 p.m.,05:35,,83,106,"SUB OUT by WACHOLZ,BLAKE",23,2,,,90,37,0.456,0.297,,,92,7,0.63,0.286,05,335
7,Rhodes,Wisconsin-Eau Claire,94-120,94,120,4-3,5-0,12/02/16,Win,187,No Location Recorded,6:00 p.m.,05:16,,83,106,"TURNOVER  by MARTINEK,JACK",23,2,,,90,37,0.456,0.297,,,92,7,0.63,0.286,05,316
7,Rhodes,Wisconsin-Eau Claire,94-120,94,120,4-3,5-0,12/02/16,Win,187,No Location Recorded,6:00 p.m.,05:16,,83,106,"FOUL  by MARTINEK,JACK",23,2,,,90,37,0.456,0.297,foul,,92,7,0.63,0.286,05,316
7,Rhodes,Wisconsin-Eau Claire,94-120,94,120,4-3,5-0,12/02/16,Win,187,No Location Recorded,6:00 p.m.,05:16,"STEAL  by DARST,DANIEL",83,106,,23,2,,,90,37,0.456,0.297,,,92,7,0.63,0.286,05,316
7,Rhodes,Wisconsin-Eau Claire,94-120,94,120,4-3,5-0,12/02/16,Win,187,No Location Recorded,6:00 p.m.,05:16,"GOOD FT by DARST,DANIEL",84,106,,22,2,ft,good,91,37,0.462,0.297,,,92,7,0.63,0.286,05,316
7,Rhodes,Wisconsin-Eau Claire,94-120,94,120,4-3,5-0,12/02/16,Win,187,No Location Recorded,6:00 p.m.,05:16,"GOOD FT by DARST,DANIEL",85,106,,21,2,ft,good,92,37,0.467,0.297,,,92,7,0.63,0.286,05,316
7,Rhodes,Wisconsin-Eau Claire,94-120,94,120,4-3,5-0,12/02/16,Win,187,No Location Recorded,6:00 p.m.,05:16,"SUB IN by GEE,TYLER",85,106,,21,2,,,92,37,0.467,0.297,,,92,7,0.63,0.286,05,316
7,Rhodes,Wisconsin-Eau Claire,94-120,94,120,4-3,5-0,12/02/16,Win,187,No Location Recorded,6:00 p.m.,05:16,"SUB IN by LOWRIE,ANDREW",85,106,,21,2,,,92,37,0.467,0.297,,,92,7,0.63,0.286,05,316
7,Rhodes,Wisconsin-Eau Claire,94-120,94,120,4-3,5-0,12/02/16,Win,187,No Location Recorded,6:00 p.m.,05:16,"SUB IN by LOVE,KERRY",85,106,,21,2,,,92,37,0.467,0.297,,,92,7,0.63,0.286,05,316
7,Rhodes,Wisconsin-Eau Claire,94-120,94,120,4-3,5-0,12/02/16,Win,187,No Location Recorded,6:00 p.m.,05:16,"SUB IN by NYAWATA,ANESU",85,106,,21,2,,,92,37,0.467,0.297,,,92,7,0.63,0.286,05,316
7,Rhodes,Wisconsin-Eau Claire,94-120,94,120,4-3,5-0,12/02/16,Win,187,No Location Recorded,6:00 p.m.,05:16,"SUB IN by BERRY,BRYCE",85,106,,21,2,,,92,37,0.467,0.297,,,92,7,0.63,0.286,05,316
7,Rhodes,Wisconsin-Eau Claire,94-120,94,120,4-3,5-0,12/02/16,Win,187,No Location Recorded,6:00 p.m.,05:16,"SUB OUT by SULLIVAN,BRENNAN",85,106,,21,2,,,92,37,0.467,0.297,,,92,7,0.63,0.286,05,316
7,Rhodes,Wisconsin-Eau Claire,94-120,94,120,4-3,5-0,12/02/16,Win,187,No Location Recorded,6:00 p.m.,05:16,"SUB OUT by DE FERIA,NICK",85,106,,21,2,,,92,37,0.467,0.297,,,92,7,0.63,0.286,05,316
7,Rhodes,Wisconsin-Eau Claire,94-120,94,120,4-3,5-0,12/02/16,Win,187,No Location Recorded,6:00 p.m.,05:16,"SUB OUT by DARST,DANIEL",85,106,,21,2,,,92,37,0.467,0.297,,,92,7,0.63,0.286,05,316
7,Rhodes,Wisconsin-Eau Claire,94-120,94,120,4-3,5-0,12/02/16,Win,187,No Location Recorded,6:00 p.m.,05:16,"SUB OUT by GIROUX,PRESTON",85,106,,21,2,,,92,37,0.467,0.297,,,92,7,0.63,0.286,05,316
7,Rhodes,Wisconsin-Eau Claire,94-120,94,120,4-3,5-0,12/02/16,Win,187,No Location Recorded,6:00 p.m.,05:16,"SUB OUT by ASHBY,KENDRICK",85,106,,21,2,,,92,37,0.467,0.297,,,92,7,0.63,0.286,05,316
7,Rhodes,Wisconsin-Eau Claire,94-120,94,120,4-3,5-0,12/02/16,Win,187,No Location Recorded,6:00 p.m.,05:08,,85,108,"GOOD LAYUP by MARTINEK,JACK(in the paint)",23,2,,,92,37,0.467,0.297,layup,good,93,7,0.634,0.286,05,308
7,Rhodes,Wisconsin-Eau Claire,94-120,94,120,4-3,5-0,12/02/16,Win,187,No Location Recorded,6:00 p.m.,05:08,,85,108,"ASSIST  by DUXBURY,ANDREW",23,2,,,92,37,0.467,0.297,,,93,7,0.634,0.286,05,308
7,Rhodes,Wisconsin-Eau Claire,94-120,94,120,4-3,5-0,12/02/16,Win,187,No Location Recorded,6:00 p.m.,05:00,"MISS 3PTR by NYAWATA,ANESU",85,108,,23,2,3ptr,miss,93,38,0.462,0.289,,,93,7,0.634,0.286,05,300
7,Rhodes,Wisconsin-Eau Claire,94-120,94,120,4-3,5-0,12/02/16,Win,187,No Location Recorded,6:00 p.m.,05:00,,85,108,"REBOUND DEF by MARTINEK,JACK",23,2,,,93,38,0.462,0.289,,,93,7,0.634,0.286,05,300
7,Rhodes,Wisconsin-Eau Claire,94-120,94,120,4-3,5-0,12/02/16,Win,187,No Location Recorded,6:00 p.m.,04:53,"SUB IN by DALTON,PRICE",85,108,,23,2,,,93,38,0.462,0.289,,,93,7,0.634,0.286,04,293
7,Rhodes,Wisconsin-Eau Claire,94-120,94,120,4-3,5-0,12/02/16,Win,187,No Location Recorded,6:00 p.m.,04:53,"SUB IN by GALVIN,OWEN",85,108,,23,2,,,93,38,0.462,0.289,,,93,7,0.634,0.286,04,293
7,Rhodes,Wisconsin-Eau Claire,94-120,94,120,4-3,5-0,12/02/16,Win,187,No Location Recorded,6:00 p.m.,04:53,"SUB IN by GIROUX,PRESTON",85,108,,23,2,,,93,38,0.462,0.289,,,93,7,0.634,0.286,04,293
7,Rhodes,Wisconsin-Eau Claire,94-120,94,120,4-3,5-0,12/02/16,Win,187,No Location Recorded,6:00 p.m.,04:53,"SUB IN by WEATHERFORD,MITCH",85,108,,23,2,,,93,38,0.462,0.289,,,93,7,0.634,0.286,04,293
7,Rhodes,Wisconsin-Eau Claire,94-120,94,120,4-3,5-0,12/02/16,Win,187,No Location Recorded,6:00 p.m.,04:53,"SUB IN by NESTLEHUTT,JAKE",85,108,,23,2,,,93,38,0.462,0.289,,,93,7,0.634,0.286,04,293
7,Rhodes,Wisconsin-Eau Claire,94-120,94,120,4-3,5-0,12/02/16,Win,187,No Location Recorded,6:00 p.m.,04:53,"SUB OUT by GEE,TYLER",85,108,,23,2,,,93,38,0.462,0.289,,,93,7,0.634,0.286,04,293
7,Rhodes,Wisconsin-Eau Claire,94-120,94,120,4-3,5-0,12/02/16,Win,187,No Location Recorded,6:00 p.m.,04:53,"SUB OUT by LOWRIE,ANDREW",85,108,,23,2,,,93,38,0.462,0.289,,,93,7,0.634,0.286,04,293
7,Rhodes,Wisconsin-Eau Claire,94-120,94,120,4-3,5-0,12/02/16,Win,187,No Location Recorded,6:00 p.m.,04:53,"SUB OUT by LOVE,KERRY",85,108,,23,2,,,93,38,0.462,0.289,,,93,7,0.634,0.286,04,293
7,Rhodes,Wisconsin-Eau Claire,94-120,94,120,4-3,5-0,12/02/16,Win,187,No Location Recorded,6:00 p.m.,04:53,"SUB OUT by NYAWATA,ANESU",85,108,,23,2,,,93,38,0.462,0.289,,,93,7,0.634,0.286,04,293
7,Rhodes,Wisconsin-Eau Claire,94-120,94,120,4-3,5-0,12/02/16,Win,187,No Location Recorded,6:00 p.m.,04:53,"SUB OUT by BERRY,BRYCE",85,108,,23,2,,,93,38,0.462,0.289,,,93,7,0.634,0.286,04,293
7,Rhodes,Wisconsin-Eau Claire,94-120,94,120,4-3,5-0,12/02/16,Win,187,No Location Recorded,6:00 p.m.,04:46,,85,108,"MISS JUMPER by DIEKELMAN,GEORGE",23,2,,,93,38,0.462,0.289,jumper,miss,94,7,0.628,0.286,04,286
7,Rhodes,Wisconsin-Eau Claire,94-120,94,120,4-3,5-0,12/02/16,Win,187,No Location Recorded,6:00 p.m.,04:46,,85,108,"REBOUND OFF by MARTINEK,JACK",23,2,,,93,38,0.462,0.289,,,94,7,0.628,0.286,04,286
7,Rhodes,Wisconsin-Eau Claire,94-120,94,120,4-3,5-0,12/02/16,Win,187,No Location Recorded,6:00 p.m.,04:43,,85,110,"GOOD LAYUP by MARTINEK,JACK(in the paint)",25,2,,,93,38,0.462,0.289,layup,good,95,7,0.632,0.286,04,283
7,Rhodes,Wisconsin-Eau Claire,94-120,94,120,4-3,5-0,12/02/16,Win,187,No Location Recorded,6:00 p.m.,04:32,"MISS LAYUP by WEATHERFORD,MITCH",85,110,,25,2,layup,miss,94,38,0.457,0.289,,,95,7,0.632,0.286,04,272
7,Rhodes,Wisconsin-Eau Claire,94-120,94,120,4-3,5-0,12/02/16,Win,187,No Location Recorded,6:00 p.m.,04:32,,85,110,"REBOUND DEF by DIEKELMAN,GEORGE",25,2,,,94,38,0.457,0.289,,,95,7,0.632,0.286,04,272
7,Rhodes,Wisconsin-Eau Claire,94-120,94,120,4-3,5-0,12/02/16,Win,187,No Location Recorded,6:00 p.m.,04:26,,85,112,"GOOD LAYUP by DUXBURY,ANDREW(fastbreak)(in the paint)",27,2,,,94,38,0.457,0.289,layup,good,96,7,0.635,0.286,04,266
7,Rhodes,Wisconsin-Eau Claire,94-120,94,120,4-3,5-0,12/02/16,Win,187,No Location Recorded,6:00 p.m.,04:26,,85,112,"ASSIST  by DIEKELMAN,GEORGE",27,2,,,94,38,0.457,0.289,,,96,7,0.635,0.286,04,266
7,Rhodes,Wisconsin-Eau Claire,94-120,94,120,4-3,5-0,12/02/16,Win,187,No Location Recorded,6:00 p.m.,04:11,"MISS LAYUP by DALTON,PRICE",85,112,,27,2,layup,miss,95,38,0.453,0.289,,,96,7,0.635,0.286,04,251
7,Rhodes,Wisconsin-Eau Claire,94-120,94,120,4-3,5-0,12/02/16,Win,187,No Location Recorded,6:00 p.m.,04:11,,85,112,"REBOUND DEF by DIEKELMAN,GEORGE",27,2,,,95,38,0.453,0.289,,,96,7,0.635,0.286,04,251
7,Rhodes,Wisconsin-Eau Claire,94-120,94,120,4-3,5-0,12/02/16,Win,187,No Location Recorded,6:00 p.m.,04:02,,85,114,"GOOD LAYUP by LUCAS,DEONDRE(in the paint)",29,2,,,95,38,0.453,0.289,layup,good,97,7,0.639,0.286,04,242
7,Rhodes,Wisconsin-Eau Claire,94-120,94,120,4-3,5-0,12/02/16,Win,187,No Location Recorded,6:00 p.m.,03:55,TIMEOUT TEAM by TEAM,85,114,,29,2,,,95,38,0.453,0.289,,,97,7,0.639,0.286,03,235
7,Rhodes,Wisconsin-Eau Claire,94-120,94,120,4-3,5-0,12/02/16,Win,187,No Location Recorded,6:00 p.m.,03:55,"SUB IN by GEE,TYLER",85,114,,29,2,,,95,38,0.453,0.289,,,97,7,0.639,0.286,03,235
7,Rhodes,Wisconsin-Eau Claire,94-120,94,120,4-3,5-0,12/02/16,Win,187,No Location Recorded,6:00 p.m.,03:55,"SUB IN by SULLIVAN,BRENNAN",85,114,,29,2,,,95,38,0.453,0.289,,,97,7,0.639,0.286,03,235
7,Rhodes,Wisconsin-Eau Claire,94-120,94,120,4-3,5-0,12/02/16,Win,187,No Location Recorded,6:00 p.m.,03:55,"SUB IN by DARST,DANIEL",85,114,,29,2,,,95,38,0.453,0.289,,,97,7,0.639,0.286,03,235
7,Rhodes,Wisconsin-Eau Claire,94-120,94,120,4-3,5-0,12/02/16,Win,187,No Location Recorded,6:00 p.m.,03:55,"SUB IN by DE FERIA,NICK",85,114,,29,2,,,95,38,0.453,0.289,,,97,7,0.639,0.286,03,235
7,Rhodes,Wisconsin-Eau Claire,94-120,94,120,4-3,5-0,12/02/16,Win,187,No Location Recorded,6:00 p.m.,03:55,"SUB IN by ASHBY,KENDRICK",85,114,,29,2,,,95,38,0.453,0.289,,,97,7,0.639,0.286,03,235
7,Rhodes,Wisconsin-Eau Claire,94-120,94,120,4-3,5-0,12/02/16,Win,187,No Location Recorded,6:00 p.m.,03:55,"SUB OUT by DALTON,PRICE",85,114,,29,2,,,95,38,0.453,0.289,,,97,7,0.639,0.286,03,235
7,Rhodes,Wisconsin-Eau Claire,94-120,94,120,4-3,5-0,12/02/16,Win,187,No Location Recorded,6:00 p.m.,03:55,"SUB OUT by GALVIN,OWEN",85,114,,29,2,,,95,38,0.453,0.289,,,97,7,0.639,0.286,03,235
7,Rhodes,Wisconsin-Eau Claire,94-120,94,120,4-3,5-0,12/02/16,Win,187,No Location Recorded,6:00 p.m.,03:55,"SUB OUT by GIROUX,PRESTON",85,114,,29,2,,,95,38,0.453,0.289,,,97,7,0.639,0.286,03,235
7,Rhodes,Wisconsin-Eau Claire,94-120,94,120,4-3,5-0,12/02/16,Win,187,No Location Recorded,6:00 p.m.,03:55,"SUB OUT by WEATHERFORD,MITCH",85,114,,29,2,,,95,38,0.453,0.289,,,97,7,0.639,0.286,03,235
7,Rhodes,Wisconsin-Eau Claire,94-120,94,120,4-3,5-0,12/02/16,Win,187,No Location Recorded,6:00 p.m.,03:55,"SUB OUT by NESTLEHUTT,JAKE",85,114,,29,2,,,95,38,0.453,0.289,,,97,7,0.639,0.286,03,235
7,Rhodes,Wisconsin-Eau Claire,94-120,94,120,4-3,5-0,12/02/16,Win,187,No Location Recorded,6:00 p.m.,03:55,,85,114,"SUB IN by DUFF,CHRIS",29,2,,,95,38,0.453,0.289,,,97,7,0.639,0.286,03,235
7,Rhodes,Wisconsin-Eau Claire,94-120,94,120,4-3,5-0,12/02/16,Win,187,No Location Recorded,6:00 p.m.,03:55,,85,114,"SUB IN by MILLER,SEAN",29,2,,,95,38,0.453,0.289,,,97,7,0.639,0.286,03,235
7,Rhodes,Wisconsin-Eau Claire,94-120,94,120,4-3,5-0,12/02/16,Win,187,No Location Recorded,6:00 p.m.,03:55,,85,114,"SUB OUT by DUXBURY,ANDREW",29,2,,,95,38,0.453,0.289,,,97,7,0.639,0.286,03,235
7,Rhodes,Wisconsin-Eau Claire,94-120,94,120,4-3,5-0,12/02/16,Win,187,No Location Recorded,6:00 p.m.,03:55,,85,114,"SUB OUT by DIEKELMAN,GEORGE",29,2,,,95,38,0.453,0.289,,,97,7,0.639,0.286,03,235
7,Rhodes,Wisconsin-Eau Claire,94-120,94,120,4-3,5-0,12/02/16,Win,187,No Location Recorded,6:00 p.m.,03:53,"GOOD 3PTR by SULLIVAN,BRENNAN",88,114,,26,2,3ptr,good,96,39,0.458,0.308,,,97,7,0.639,0.286,03,233
7,Rhodes,Wisconsin-Eau Claire,94-120,94,120,4-3,5-0,12/02/16,Win,187,No Location Recorded,6:00 p.m.,03:53,"ASSIST  by DARST,DANIEL",88,114,,26,2,,,96,39,0.458,0.308,,,97,7,0.639,0.286,03,233
7,Rhodes,Wisconsin-Eau Claire,94-120,94,120,4-3,5-0,12/02/16,Win,187,No Location Recorded,6:00 p.m.,03:29,,88,116,"GOOD LAYUP by WEIX,JOSH(in the paint)",28,2,,,96,39,0.458,0.308,layup,good,98,7,0.643,0.286,03,209
7,Rhodes,Wisconsin-Eau Claire,94-120,94,120,4-3,5-0,12/02/16,Win,187,No Location Recorded,6:00 p.m.,03:29,,88,116,"ASSIST  by MARTINEK,JACK",28,2,,,96,39,0.458,0.308,,,98,7,0.643,0.286,03,209
7,Rhodes,Wisconsin-Eau Claire,94-120,94,120,4-3,5-0,12/02/16,Win,187,No Location Recorded,6:00 p.m.,03:19,"GOOD LAYUP by DARST,DANIEL(in the paint)",90,116,,26,2,layup,good,97,39,0.464,0.308,,,98,7,0.643,0.286,03,199
7,Rhodes,Wisconsin-Eau Claire,94-120,94,120,4-3,5-0,12/02/16,Win,187,No Location Recorded,6:00 p.m.,03:00,,90,118,"GOOD JUMPER by DUFF,CHRIS",28,2,,,97,39,0.464,0.308,jumper,good,99,7,0.646,0.286,03,180
7,Rhodes,Wisconsin-Eau Claire,94-120,94,120,4-3,5-0,12/02/16,Win,187,No Location Recorded,6:00 p.m.,03:00,,90,118,"ASSIST  by MILLER,SEAN",28,2,,,97,39,0.464,0.308,,,99,7,0.646,0.286,03,180
7,Rhodes,Wisconsin-Eau Claire,94-120,94,120,4-3,5-0,12/02/16,Win,187,No Location Recorded,6:00 p.m.,02:50,"GOOD LAYUP by DARST,DANIEL(in the paint)",92,118,,26,2,layup,good,98,39,0.469,0.308,,,99,7,0.646,0.286,02,170
7,Rhodes,Wisconsin-Eau Claire,94-120,94,120,4-3,5-0,12/02/16,Win,187,No Location Recorded,6:00 p.m.,02:50,,92,118,"FOUL  by DUFF,CHRIS",26,2,,,98,39,0.469,0.308,foul,,99,7,0.646,0.286,02,170
7,Rhodes,Wisconsin-Eau Claire,94-120,94,120,4-3,5-0,12/02/16,Win,187,No Location Recorded,6:00 p.m.,02:50,"MISS FT by DARST,DANIEL",92,118,,26,2,ft,miss,99,39,0.465,0.308,,,99,7,0.646,0.286,02,170
7,Rhodes,Wisconsin-Eau Claire,94-120,94,120,4-3,5-0,12/02/16,Win,187,No Location Recorded,6:00 p.m.,02:50,,92,118,"REBOUND DEF by WEIX,JOSH",26,2,,,99,39,0.465,0.308,,,99,7,0.646,0.286,02,170
7,Rhodes,Wisconsin-Eau Claire,94-120,94,120,4-3,5-0,12/02/16,Win,187,No Location Recorded,6:00 p.m.,02:50,"SUB IN by BERRY,BRYCE",92,118,,26,2,,,99,39,0.465,0.308,,,99,7,0.646,0.286,02,170
7,Rhodes,Wisconsin-Eau Claire,94-120,94,120,4-3,5-0,12/02/16,Win,187,No Location Recorded,6:00 p.m.,02:50,"SUB OUT by ASHBY,KENDRICK",92,118,,26,2,,,99,39,0.465,0.308,,,99,7,0.646,0.286,02,170
7,Rhodes,Wisconsin-Eau Claire,94-120,94,120,4-3,5-0,12/02/16,Win,187,No Location Recorded,6:00 p.m.,02:50,,92,118,"SUB IN by WRIGHT,WILYAM",26,2,,,99,39,0.465,0.308,,,99,7,0.646,0.286,02,170
7,Rhodes,Wisconsin-Eau Claire,94-120,94,120,4-3,5-0,12/02/16,Win,187,No Location Recorded,6:00 p.m.,02:50,,92,118,"SUB OUT by MARTINEK,JACK",26,2,,,99,39,0.465,0.308,,,99,7,0.646,0.286,02,170
7,Rhodes,Wisconsin-Eau Claire,94-120,94,120,4-3,5-0,12/02/16,Win,187,No Location Recorded,6:00 p.m.,02:39,,92,118,"MISS JUMPER by DUFF,CHRIS",26,2,,,99,39,0.465,0.308,jumper,miss,100,7,0.64,0.286,02,159
7,Rhodes,Wisconsin-Eau Claire,94-120,94,120,4-3,5-0,12/02/16,Win,187,No Location Recorded,6:00 p.m.,02:39,"REBOUND DEF by GEE,TYLER",92,118,,26,2,,,99,39,0.465,0.308,,,100,7,0.64,0.286,02,159
7,Rhodes,Wisconsin-Eau Claire,94-120,94,120,4-3,5-0,12/02/16,Win,187,No Location Recorded,6:00 p.m.,02:30,"MISS 3PTR by DE FERIA,NICK",92,118,,26,2,3ptr,miss,100,40,0.46,0.3,,,100,7,0.64,0.286,02,150
7,Rhodes,Wisconsin-Eau Claire,94-120,94,120,4-3,5-0,12/02/16,Win,187,No Location Recorded,6:00 p.m.,02:30,,92,118,"REBOUND DEF by MILLER,SEAN",26,2,,,100,40,0.46,0.3,,,100,7,0.64,0.286,02,150
7,Rhodes,Wisconsin-Eau Claire,94-120,94,120,4-3,5-0,12/02/16,Win,187,No Location Recorded,6:00 p.m.,02:24,,92,118,"TURNOVER  by WRIGHT,WILYAM",26,2,,,100,40,0.46,0.3,,,100,7,0.64,0.286,02,144
7,Rhodes,Wisconsin-Eau Claire,94-120,94,120,4-3,5-0,12/02/16,Win,187,No Location Recorded,6:00 p.m.,02:24,"SUB IN by GALVIN,OWEN",92,118,,26,2,,,100,40,0.46,0.3,,,100,7,0.64,0.286,02,144
7,Rhodes,Wisconsin-Eau Claire,94-120,94,120,4-3,5-0,12/02/16,Win,187,No Location Recorded,6:00 p.m.,02:24,"SUB OUT by SULLIVAN,BRENNAN",92,118,,26,2,,,100,40,0.46,0.3,,,100,7,0.64,0.286,02,144
7,Rhodes,Wisconsin-Eau Claire,94-120,94,120,4-3,5-0,12/02/16,Win,187,No Location Recorded,6:00 p.m.,02:24,,92,118,"SUB IN by LACY,JACK",26,2,,,100,40,0.46,0.3,,,100,7,0.64,0.286,02,144
7,Rhodes,Wisconsin-Eau Claire,94-120,94,120,4-3,5-0,12/02/16,Win,187,No Location Recorded,6:00 p.m.,02:24,,92,118,"SUB OUT by DUFF,CHRIS",26,2,,,100,40,0.46,0.3,,,100,7,0.64,0.286,02,144
7,Rhodes,Wisconsin-Eau Claire,94-120,94,120,4-3,5-0,12/02/16,Win,187,No Location Recorded,6:00 p.m.,02:07,"MISS LAYUP by GALVIN,OWEN",92,118,,26,2,layup,miss,101,40,0.455,0.3,,,100,7,0.64,0.286,02,127
7,Rhodes,Wisconsin-Eau Claire,94-120,94,120,4-3,5-0,12/02/16,Win,187,No Location Recorded,6:00 p.m.,02:07,"REBOUND OFF by DARST,DANIEL",92,118,,26,2,,,101,40,0.455,0.3,,,100,7,0.64,0.286,02,127
7,Rhodes,Wisconsin-Eau Claire,94-120,94,120,4-3,5-0,12/02/16,Win,187,No Location Recorded,6:00 p.m.,02:01,"MISS LAYUP by GEE,TYLER",92,118,,26,2,layup,miss,102,40,0.451,0.3,,,100,7,0.64,0.286,02,121
7,Rhodes,Wisconsin-Eau Claire,94-120,94,120,4-3,5-0,12/02/16,Win,187,No Location Recorded,6:00 p.m.,02:01,,92,118,"REBOUND DEF by LUCAS,DEONDRE",26,2,,,102,40,0.451,0.3,,,100,7,0.64,0.286,02,121
7,Rhodes,Wisconsin-Eau Claire,94-120,94,120,4-3,5-0,12/02/16,Win,187,No Location Recorded,6:00 p.m.,01:42,,92,118,"TURNOVER  by LUCAS,DEONDRE",26,2,,,102,40,0.451,0.3,,,100,7,0.64,0.286,01,102
7,Rhodes,Wisconsin-Eau Claire,94-120,94,120,4-3,5-0,12/02/16,Win,187,No Location Recorded,6:00 p.m.,01:42,"SUB IN by GIROUX,PRESTON",92,118,,26,2,,,102,40,0.451,0.3,,,100,7,0.64,0.286,01,102
7,Rhodes,Wisconsin-Eau Claire,94-120,94,120,4-3,5-0,12/02/16,Win,187,No Location Recorded,6:00 p.m.,01:42,"SUB IN by LOVE,KERRY",92,118,,26,2,,,102,40,0.451,0.3,,,100,7,0.64,0.286,01,102
7,Rhodes,Wisconsin-Eau Claire,94-120,94,120,4-3,5-0,12/02/16,Win,187,No Location Recorded,6:00 p.m.,01:42,"SUB OUT by GEE,TYLER",92,118,,26,2,,,102,40,0.451,0.3,,,100,7,0.64,0.286,01,102
7,Rhodes,Wisconsin-Eau Claire,94-120,94,120,4-3,5-0,12/02/16,Win,187,No Location Recorded,6:00 p.m.,01:42,"SUB OUT by DARST,DANIEL",92,118,,26,2,,,102,40,0.451,0.3,,,100,7,0.64,0.286,01,102
7,Rhodes,Wisconsin-Eau Claire,94-120,94,120,4-3,5-0,12/02/16,Win,187,No Location Recorded,6:00 p.m.,01:42,,92,118,"SUB IN by OLIVER,MONTRELL",26,2,,,102,40,0.451,0.3,,,100,7,0.64,0.286,01,102
7,Rhodes,Wisconsin-Eau Claire,94-120,94,120,4-3,5-0,12/02/16,Win,187,No Location Recorded,6:00 p.m.,01:42,,92,118,"SUB IN by CHRISTIANSEN,STEVE",26,2,,,102,40,0.451,0.3,,,100,7,0.64,0.286,01,102
7,Rhodes,Wisconsin-Eau Claire,94-120,94,120,4-3,5-0,12/02/16,Win,187,No Location Recorded,6:00 p.m.,01:42,,92,118,"SUB OUT by LUCAS,DEONDRE",26,2,,,102,40,0.451,0.3,,,100,7,0.64,0.286,01,102
7,Rhodes,Wisconsin-Eau Claire,94-120,94,120,4-3,5-0,12/02/16,Win,187,No Location Recorded,6:00 p.m.,01:42,,92,118,"SUB OUT by WEIX,JOSH",26,2,,,102,40,0.451,0.3,,,100,7,0.64,0.286,01,102
7,Rhodes,Wisconsin-Eau Claire,94-120,94,120,4-3,5-0,12/02/16,Win,187,No Location Recorded,6:00 p.m.,01:27,,92,118,"FOUL  by MILLER,SEAN",26,2,,,102,40,0.451,0.3,foul,,100,7,0.64,0.286,01,87
7,Rhodes,Wisconsin-Eau Claire,94-120,94,120,4-3,5-0,12/02/16,Win,187,No Location Recorded,6:00 p.m.,01:27,"MISS FT by LOVE,KERRY",92,118,,26,2,ft,miss,103,40,0.447,0.3,,,100,7,0.64,0.286,01,87
7,Rhodes,Wisconsin-Eau Claire,94-120,94,120,4-3,5-0,12/02/16,Win,187,No Location Recorded,6:00 p.m.,01:27,REBOUND DEADB by TEAM,92,118,,26,2,,,103,40,0.447,0.3,,,100,7,0.64,0.286,01,87
7,Rhodes,Wisconsin-Eau Claire,94-120,94,120,4-3,5-0,12/02/16,Win,187,No Location Recorded,6:00 p.m.,01:27,"GOOD FT by LOVE,KERRY",93,118,,25,2,ft,good,104,40,0.452,0.3,,,100,7,0.64,0.286,01,87
7,Rhodes,Wisconsin-Eau Claire,94-120,94,120,4-3,5-0,12/02/16,Win,187,No Location Recorded,6:00 p.m.,01:09,,93,118,"TURNOVER  by LACY,JACK",25,2,,,104,40,0.452,0.3,,,100,7,0.64,0.286,01,69
7,Rhodes,Wisconsin-Eau Claire,94-120,94,120,4-3,5-0,12/02/16,Win,187,No Location Recorded,6:00 p.m.,00:52,"TURNOVER  by LOVE,KERRY",93,118,,25,2,,,104,40,0.452,0.3,,,100,7,0.64,0.286,00,52
7,Rhodes,Wisconsin-Eau Claire,94-120,94,120,4-3,5-0,12/02/16,Win,187,No Location Recorded,6:00 p.m.,00:52,,93,118,"SUB IN by LINK,ADAM",25,2,,,104,40,0.452,0.3,,,100,7,0.64,0.286,00,52
7,Rhodes,Wisconsin-Eau Claire,94-120,94,120,4-3,5-0,12/02/16,Win,187,No Location Recorded,6:00 p.m.,00:52,,93,118,"SUB OUT by MILLER,SEAN",25,2,,,104,40,0.452,0.3,,,100,7,0.64,0.286,00,52
7,Rhodes,Wisconsin-Eau Claire,94-120,94,120,4-3,5-0,12/02/16,Win,187,No Location Recorded,6:00 p.m.,00:37,,93,118,"TURNOVER  by CHRISTIANSEN,STEVE",25,2,,,104,40,0.452,0.3,,,100,7,0.64,0.286,00,37
7,Rhodes,Wisconsin-Eau Claire,94-120,94,120,4-3,5-0,12/02/16,Win,187,No Location Recorded,6:00 p.m.,00:36,"STEAL  by GALVIN,OWEN",93,118,,25,2,,,104,40,0.452,0.3,,,100,7,0.64,0.286,00,36
7,Rhodes,Wisconsin-Eau Claire,94-120,94,120,4-3,5-0,12/02/16,Win,187,No Location Recorded,6:00 p.m.,00:28,"TURNOVER  by GIROUX,PRESTON",93,118,,25,2,,,104,40,0.452,0.3,,,100,7,0.64,0.286,00,28
7,Rhodes,Wisconsin-Eau Claire,94-120,94,120,4-3,5-0,12/02/16,Win,187,No Location Recorded,6:00 p.m.,00:27,,93,118,"STEAL  by OLIVER,MONTRELL",25,2,,,104,40,0.452,0.3,,,100,7,0.64,0.286,00,27
7,Rhodes,Wisconsin-Eau Claire,94-120,94,120,4-3,5-0,12/02/16,Win,187,No Location Recorded,6:00 p.m.,00:25,,93,120,"GOOD LAYUP by OLIVER,MONTRELL(fastbreak)(in the paint)",27,2,,,104,40,0.452,0.3,layup,good,101,7,0.644,0.286,00,25
7,Rhodes,Wisconsin-Eau Claire,94-120,94,120,4-3,5-0,12/02/16,Win,187,No Location Recorded,6:00 p.m.,00:13,"MISS 3PTR by DE FERIA,NICK",93,120,,27,2,3ptr,miss,105,41,0.448,0.293,,,101,7,0.644,0.286,00,13
7,Rhodes,Wisconsin-Eau Claire,94-120,94,120,4-3,5-0,12/02/16,Win,187,No Location Recorded,6:00 p.m.,00:13,"REBOUND OFF by GALVIN,OWEN",93,120,,27,2,,,105,41,0.448,0.293,,,101,7,0.644,0.286,00,13
7,Rhodes,Wisconsin-Eau Claire,94-120,94,120,4-3,5-0,12/02/16,Win,187,No Location Recorded,6:00 p.m.,00:06,,93,120,"FOUL  by LACY,JACK",27,2,,,105,41,0.448,0.293,foul,,101,7,0.644,0.286,00,6
7,Rhodes,Wisconsin-Eau Claire,94-120,94,120,4-3,5-0,12/02/16,Win,187,No Location Recorded,6:00 p.m.,00:06,"MISS FT by GALVIN,OWEN",93,120,,27,2,ft,miss,106,41,0.443,0.293,,,101,7,0.644,0.286,00,6
7,Rhodes,Wisconsin-Eau Claire,94-120,94,120,4-3,5-0,12/02/16,Win,187,No Location Recorded,6:00 p.m.,00:06,REBOUND DEADB by TEAM,93,120,,27,2,,,106,41,0.443,0.293,,,101,7,0.644,0.286,00,6
7,Rhodes,Wisconsin-Eau Claire,94-120,94,120,4-3,5-0,12/02/16,Win,187,No Location Recorded,6:00 p.m.,00:06,"GOOD FT by GALVIN,OWEN",94,120,,26,2,ft,good,107,41,0.449,0.293,,,101,7,0.644,0.286,00,6
