,gameID,homeTeam,awayTeam,saaGame,finalScore,homeScoreByPeriod,awayScoreByPeriod,homeRecord,awayRecord,homeConfRecord,awayConfRecord,gameDate,startTime,gameLength,gameLocation,homeWin,numPeriods,isOvertime,attendance,isNeutral,Time Remaining,away_play,Away Team Score,Play Team Indicator,Home Team Score,home_play,Game Score,Team Indicator,Play,Period,Play Type,Shot Outcome,Team,Player,Points Earned,Away Lineup,Home Lineup,Time(seconds)
0,1222,Hendrix,SEWANE~1,1,68-70,"29,41","36,32",9-12,16-5,5-5,5-5,02/01/19,8:00 PM,N/A,"Conway, Ark. (Grove Gymnasium)",Win,2,False,413,False,19:34,,,,,"MISS 3PTR by FITCH,CARL",,,"MISS 3PTR by FITCH,CARL",1,three pointer,missed,hendrix,"fitch,carl",,[],[],1174
1,1222,Hendrix,SEWANE~1,1,68-70,"29,41","36,32",9-12,16-5,5-5,5-5,02/01/19,8:00 PM,N/A,"Conway, Ark. (Grove Gymnasium)",Win,2,False,413,False,--,"REBOUND DEF by WARLICK,JORDAN",,,,,,,"REBOUND DEF by WARLICK,JORDAN",1,defensive rebound,,sewane~1,"warlick,jordan",,[],[],
2,1222,Hendrix,SEWANE~1,1,68-70,"29,41","36,32",9-12,16-5,5-5,5-5,02/01/19,8:00 PM,N/A,"Conway, Ark. (Grove Gymnasium)",Win,2,False,413,False,19:10,"MISS JUMPER by CALDWELL,CAM",,,,,,,"MISS JUMPER by CALDWELL,CAM",1,jumper,missed,sewane~1,"caldwell,cam",,[],[],1150
3,1222,Hendrix,SEWANE~1,1,68-70,"29,41","36,32",9-12,16-5,5-5,5-5,02/01/19,8:00 PM,N/A,"Conway, Ark. (Grove Gymnasium)",Win,2,False,413,False,--,"REBOUND OFF by CALDWELL,CAM",,,,,,,"REBOUND OFF by CALDWELL,CAM",1,offensive rebound,,sewane~1,"caldwell,cam",,[],[],
4,1222,Hendrix,SEWANE~1,1,68-70,"29,41","36,32",9-12,16-5,5-5,5-5,02/01/19,8:00 PM,N/A,"Conway, Ark. (Grove Gymnasium)",Win,2,False,413,False,19:07,"GOOD JUMPER by CALDWELL,CAM",2 (+2),,0,,SEWANE~1 2-0 (+2),,"GOOD JUMPER by CALDWELL,CAM",1,jumper,good,sewane~1,"caldwell,cam",2,[],[],1147
5,1222,Hendrix,SEWANE~1,1,68-70,"29,41","36,32",9-12,16-5,5-5,5-5,02/01/19,8:00 PM,N/A,"Conway, Ark. (Grove Gymnasium)",Win,2,False,413,False,18:43,,2,,2,"GOOD LAYUP by FITCH,CARL(in the paint)",HENDRIX 2-2 (0),,"GOOD LAYUP by FITCH,CARL(in the paint)",1,layup,good,hendrix,"fitch,carl",2,[],[],1123
6,1222,Hendrix,SEWANE~1,1,68-70,"29,41","36,32",9-12,16-5,5-5,5-5,02/01/19,8:00 PM,N/A,"Conway, Ark. (Grove Gymnasium)",Win,2,False,413,False,18:23,"GOOD 3PTR by BUESCHER,HUNTER",5 (+3),,2,,SEWANE~1 5-2 (+3),,"GOOD 3PTR by BUESCHER,HUNTER",1,three pointer,good,sewane~1,"buescher,hunter",3,[],[],1103
7,1222,Hendrix,SEWANE~1,1,68-70,"29,41","36,32",9-12,16-5,5-5,5-5,02/01/19,8:00 PM,N/A,"Conway, Ark. (Grove Gymnasium)",Win,2,False,413,False,--,"ASSIST  by SMITH,LUKE",,,,,,,"ASSIST  by SMITH,LUKE",1,assist,,sewane~1,"smith,luke",,[],[],
8,1222,Hendrix,SEWANE~1,1,68-70,"29,41","36,32",9-12,16-5,5-5,5-5,02/01/19,8:00 PM,N/A,"Conway, Ark. (Grove Gymnasium)",Win,2,False,413,False,17:54,,,,,"MISS 3PTR by COMAN,SEAN",,,"MISS 3PTR by COMAN,SEAN",1,three pointer,missed,hendrix,"coman,sean",,[],[],1074
9,1222,Hendrix,SEWANE~1,1,68-70,"29,41","36,32",9-12,16-5,5-5,5-5,02/01/19,8:00 PM,N/A,"Conway, Ark. (Grove Gymnasium)",Win,2,False,413,False,--,"REBOUND DEF by WARLICK,JORDAN",,,,,,,"REBOUND DEF by WARLICK,JORDAN",1,defensive rebound,,sewane~1,"warlick,jordan",,[],[],
10,1222,Hendrix,SEWANE~1,1,68-70,"29,41","36,32",9-12,16-5,5-5,5-5,02/01/19,8:00 PM,N/A,"Conway, Ark. (Grove Gymnasium)",Win,2,False,413,False,17:41,"MISS LAYUP by WARLICK,JORDAN",,,,,,,"MISS LAYUP by WARLICK,JORDAN",1,layup,missed,sewane~1,"warlick,jordan",,[],[],1061
11,1222,Hendrix,SEWANE~1,1,68-70,"29,41","36,32",9-12,16-5,5-5,5-5,02/01/19,8:00 PM,N/A,"Conway, Ark. (Grove Gymnasium)",Win,2,False,413,False,--,,,,,"REBOUND DEF by COMAN,SEAN",,,"REBOUND DEF by COMAN,SEAN",1,defensive rebound,,hendrix,"coman,sean",,[],[],
12,1222,Hendrix,SEWANE~1,1,68-70,"29,41","36,32",9-12,16-5,5-5,5-5,02/01/19,8:00 PM,N/A,"Conway, Ark. (Grove Gymnasium)",Win,2,False,413,False,17:27,FOUL  by TEAM,,,,,,,FOUL  by TEAM,1,foul,,sewane~1,,,[],[],1047
13,1222,Hendrix,SEWANE~1,1,68-70,"29,41","36,32",9-12,16-5,5-5,5-5,02/01/19,8:00 PM,N/A,"Conway, Ark. (Grove Gymnasium)",Win,2,False,413,False,17:27,,,,,"MISS 3PTR by COMAN,SEAN",,,"MISS 3PTR by COMAN,SEAN",1,three pointer,missed,hendrix,"coman,sean",,[],[],1047
14,1222,Hendrix,SEWANE~1,1,68-70,"29,41","36,32",9-12,16-5,5-5,5-5,02/01/19,8:00 PM,N/A,"Conway, Ark. (Grove Gymnasium)",Win,2,False,413,False,--,"REBOUND DEF by WARLICK,JORDAN",,,,,,,"REBOUND DEF by WARLICK,JORDAN",1,defensive rebound,,sewane~1,"warlick,jordan",,[],[],
15,1222,Hendrix,SEWANE~1,1,68-70,"29,41","36,32",9-12,16-5,5-5,5-5,02/01/19,8:00 PM,N/A,"Conway, Ark. (Grove Gymnasium)",Win,2,False,413,False,17:27,"MISS 3PTR by CALDWELL,CAM",,,,,,,"MISS 3PTR by CALDWELL,CAM",1,three pointer,missed,sewane~1,"caldwell,cam",,[],[],1047
16,1222,Hendrix,SEWANE~1,1,68-70,"29,41","36,32",9-12,16-5,5-5,5-5,02/01/19,8:00 PM,N/A,"Conway, Ark. (Grove Gymnasium)",Win,2,False,413,False,--,,,,,"REBOUND DEF by LINK,JACOB",,,"REBOUND DEF by LINK,JACOB",1,defensive rebound,,hendrix,"link,jacob",,[],[],
17,1222,Hendrix,SEWANE~1,1,68-70,"29,41","36,32",9-12,16-5,5-5,5-5,02/01/19,8:00 PM,N/A,"Conway, Ark. (Grove Gymnasium)",Win,2,False,413,False,17:27,,5,,5,"GOOD 3PTR by STANLEY,SETH",HENDRIX 5-5 (0),,"GOOD 3PTR by STANLEY,SETH",1,three pointer,good,hendrix,"stanley,seth",3,[],[],1047
18,1222,Hendrix,SEWANE~1,1,68-70,"29,41","36,32",9-12,16-5,5-5,5-5,02/01/19,8:00 PM,N/A,"Conway, Ark. (Grove Gymnasium)",Win,2,False,413,False,17:26,,,,,"FOUL  by COMAN,SEAN",,,"FOUL  by COMAN,SEAN",1,foul,,hendrix,"coman,sean",,[],[],1046
19,1222,Hendrix,SEWANE~1,1,68-70,"29,41","36,32",9-12,16-5,5-5,5-5,02/01/19,8:00 PM,N/A,"Conway, Ark. (Grove Gymnasium)",Win,2,False,413,False,17:06,"MISS FT by WARLICK,JORDAN",,,,,,,"MISS FT by WARLICK,JORDAN",1,free throw,missed,sewane~1,"warlick,jordan",,[],[],1026
20,1222,Hendrix,SEWANE~1,1,68-70,"29,41","36,32",9-12,16-5,5-5,5-5,02/01/19,8:00 PM,N/A,"Conway, Ark. (Grove Gymnasium)",Win,2,False,413,False,--,REBOUND DEADB by TEAM,,,,,,,REBOUND DEADB by TEAM,1,deadball rebound,,sewane~1,,,[],[],
21,1222,Hendrix,SEWANE~1,1,68-70,"29,41","36,32",9-12,16-5,5-5,5-5,02/01/19,8:00 PM,N/A,"Conway, Ark. (Grove Gymnasium)",Win,2,False,413,False,17:03,"MISS FT by WARLICK,JORDAN",,,,,,,"MISS FT by WARLICK,JORDAN",1,free throw,missed,sewane~1,"warlick,jordan",,[],[],1023
22,1222,Hendrix,SEWANE~1,1,68-70,"29,41","36,32",9-12,16-5,5-5,5-5,02/01/19,8:00 PM,N/A,"Conway, Ark. (Grove Gymnasium)",Win,2,False,413,False,--,,,,,"REBOUND DEF by STANLEY,SETH",,,"REBOUND DEF by STANLEY,SETH",1,defensive rebound,,hendrix,"stanley,seth",,[],[],
23,1222,Hendrix,SEWANE~1,1,68-70,"29,41","36,32",9-12,16-5,5-5,5-5,02/01/19,8:00 PM,N/A,"Conway, Ark. (Grove Gymnasium)",Win,2,False,413,False,16:53,,,,,"MISS JUMPER by STANLEY,SETH",,,"MISS JUMPER by STANLEY,SETH",1,jumper,missed,hendrix,"stanley,seth",,[],[],1013
24,1222,Hendrix,SEWANE~1,1,68-70,"29,41","36,32",9-12,16-5,5-5,5-5,02/01/19,8:00 PM,N/A,"Conway, Ark. (Grove Gymnasium)",Win,2,False,413,False,--,"REBOUND DEF by CALDWELL,CAM",,,,,,,"REBOUND DEF by CALDWELL,CAM",1,defensive rebound,,sewane~1,"caldwell,cam",,[],[],
25,1222,Hendrix,SEWANE~1,1,68-70,"29,41","36,32",9-12,16-5,5-5,5-5,02/01/19,8:00 PM,N/A,"Conway, Ark. (Grove Gymnasium)",Win,2,False,413,False,16:03,"MISS JUMPER by SMITH,LUKE",,,,,,,"MISS JUMPER by SMITH,LUKE",1,jumper,missed,sewane~1,"smith,luke",,[],[],963
26,1222,Hendrix,SEWANE~1,1,68-70,"29,41","36,32",9-12,16-5,5-5,5-5,02/01/19,8:00 PM,N/A,"Conway, Ark. (Grove Gymnasium)",Win,2,False,413,False,--,,,,,"REBOUND DEF by FITCH,CARL",,,"REBOUND DEF by FITCH,CARL",1,defensive rebound,,hendrix,"fitch,carl",,[],[],
27,1222,Hendrix,SEWANE~1,1,68-70,"29,41","36,32",9-12,16-5,5-5,5-5,02/01/19,8:00 PM,N/A,"Conway, Ark. (Grove Gymnasium)",Win,2,False,413,False,16:03,"FOUL  by LEE,MATT",,,,,,,"FOUL  by LEE,MATT",1,foul,,sewane~1,"lee,matt",,[],[],963
28,1222,Hendrix,SEWANE~1,1,68-70,"29,41","36,32",9-12,16-5,5-5,5-5,02/01/19,8:00 PM,N/A,"Conway, Ark. (Grove Gymnasium)",Win,2,False,413,False,16:03,,,,,TIMEOUT TEAM by TEAM,,,TIMEOUT TEAM by TEAM,1,timeout,,hendrix,,,[],[],963
29,1222,Hendrix,SEWANE~1,1,68-70,"29,41","36,32",9-12,16-5,5-5,5-5,02/01/19,8:00 PM,N/A,"Conway, Ark. (Grove Gymnasium)",Win,2,False,413,False,16:03,,5,,6 (+1),"GOOD FT by SMITH,PRESTON",HENDRIX 5-6 (-1),,"GOOD FT by SMITH,PRESTON",1,free throw,good,hendrix,"smith,preston",1,[],[],963
30,1222,Hendrix,SEWANE~1,1,68-70,"29,41","36,32",9-12,16-5,5-5,5-5,02/01/19,8:00 PM,N/A,"Conway, Ark. (Grove Gymnasium)",Win,2,False,413,False,16:03,"MISS JUMPER by CALDWELL,CAM",,,,,,,"MISS JUMPER by CALDWELL,CAM",1,jumper,missed,sewane~1,"caldwell,cam",,[],[],963
31,1222,Hendrix,SEWANE~1,1,68-70,"29,41","36,32",9-12,16-5,5-5,5-5,02/01/19,8:00 PM,N/A,"Conway, Ark. (Grove Gymnasium)",Win,2,False,413,False,--,,,,,"REBOUND DEF by EATON,JACK",,,"REBOUND DEF by EATON,JACK",1,defensive rebound,,hendrix,"eaton,jack",,[],[],
32,1222,Hendrix,SEWANE~1,1,68-70,"29,41","36,32",9-12,16-5,5-5,5-5,02/01/19,8:00 PM,N/A,"Conway, Ark. (Grove Gymnasium)",Win,2,False,413,False,16:03,,,,,"MISS 3PTR by SMITH,PRESTON",,,"MISS 3PTR by SMITH,PRESTON",1,three pointer,missed,hendrix,"smith,preston",,[],[],963
33,1222,Hendrix,SEWANE~1,1,68-70,"29,41","36,32",9-12,16-5,5-5,5-5,02/01/19,8:00 PM,N/A,"Conway, Ark. (Grove Gymnasium)",Win,2,False,413,False,--,"REBOUND DEF by WARLICK,JORDAN",,,,,,,"REBOUND DEF by WARLICK,JORDAN",1,defensive rebound,,sewane~1,"warlick,jordan",,[],[],
34,1222,Hendrix,SEWANE~1,1,68-70,"29,41","36,32",9-12,16-5,5-5,5-5,02/01/19,8:00 PM,N/A,"Conway, Ark. (Grove Gymnasium)",Win,2,False,413,False,15:58,"MISS JUMPER by CALDWELL,CAM",,,,,,,"MISS JUMPER by CALDWELL,CAM",1,jumper,missed,sewane~1,"caldwell,cam",,[],[],958
35,1222,Hendrix,SEWANE~1,1,68-70,"29,41","36,32",9-12,16-5,5-5,5-5,02/01/19,8:00 PM,N/A,"Conway, Ark. (Grove Gymnasium)",Win,2,False,413,False,--,"REBOUND OFF by CALDWELL,CAM",,,,,,,"REBOUND OFF by CALDWELL,CAM",1,offensive rebound,,sewane~1,"caldwell,cam",,[],[],
36,1222,Hendrix,SEWANE~1,1,68-70,"29,41","36,32",9-12,16-5,5-5,5-5,02/01/19,8:00 PM,N/A,"Conway, Ark. (Grove Gymnasium)",Win,2,False,413,False,15:52,,,,,"FOUL  by COMAN,SEAN",,,"FOUL  by COMAN,SEAN",1,foul,,hendrix,"coman,sean",,[],[],952
37,1222,Hendrix,SEWANE~1,1,68-70,"29,41","36,32",9-12,16-5,5-5,5-5,02/01/19,8:00 PM,N/A,"Conway, Ark. (Grove Gymnasium)",Win,2,False,413,False,15:49,"GOOD JUMPER by SMITH,LUKE",7 (+1),,6,,SEWANE~1 7-6 (+1),,"GOOD JUMPER by SMITH,LUKE",1,jumper,good,sewane~1,"smith,luke",2,[],[],949
38,1222,Hendrix,SEWANE~1,1,68-70,"29,41","36,32",9-12,16-5,5-5,5-5,02/01/19,8:00 PM,N/A,"Conway, Ark. (Grove Gymnasium)",Win,2,False,413,False,--,,,,,"ASSIST  by LINK,JACOB",,,"ASSIST  by LINK,JACOB",1,assist,,hendrix,"link,jacob",,[],[],
39,1222,Hendrix,SEWANE~1,1,68-70,"29,41","36,32",9-12,16-5,5-5,5-5,02/01/19,8:00 PM,N/A,"Conway, Ark. (Grove Gymnasium)",Win,2,False,413,False,15:39,"GOOD FT by SMITH,LUKE",8 (+2),,6,,SEWANE~1 8-6 (+2),,"GOOD FT by SMITH,LUKE",1,free throw,good,sewane~1,"smith,luke",1,[],[],939
40,1222,Hendrix,SEWANE~1,1,68-70,"29,41","36,32",9-12,16-5,5-5,5-5,02/01/19,8:00 PM,N/A,"Conway, Ark. (Grove Gymnasium)",Win,2,False,413,False,15:35,,,,,"TURNOVER  by EATON,JACK",,,"TURNOVER  by EATON,JACK",1,turnover,,hendrix,"eaton,jack",,[],[],935
41,1222,Hendrix,SEWANE~1,1,68-70,"29,41","36,32",9-12,16-5,5-5,5-5,02/01/19,8:00 PM,N/A,"Conway, Ark. (Grove Gymnasium)",Win,2,False,413,False,15:30,"STEAL  by CALDWELL,CAM",,,,,,,"STEAL  by CALDWELL,CAM",1,steal,,sewane~1,,,[],[],930
42,1222,Hendrix,SEWANE~1,1,68-70,"29,41","36,32",9-12,16-5,5-5,5-5,02/01/19,8:00 PM,N/A,"Conway, Ark. (Grove Gymnasium)",Win,2,False,413,False,15:27,"MISS JUMPER by SMITH,LUKE",,,,,,,"MISS JUMPER by SMITH,LUKE",1,jumper,missed,sewane~1,"smith,luke",,[],[],927
43,1222,Hendrix,SEWANE~1,1,68-70,"29,41","36,32",9-12,16-5,5-5,5-5,02/01/19,8:00 PM,N/A,"Conway, Ark. (Grove Gymnasium)",Win,2,False,413,False,--,,,,,"REBOUND DEF by STANLEY,SETH",,,"REBOUND DEF by STANLEY,SETH",1,defensive rebound,,hendrix,"stanley,seth",,[],[],
44,1222,Hendrix,SEWANE~1,1,68-70,"29,41","36,32",9-12,16-5,5-5,5-5,02/01/19,8:00 PM,N/A,"Conway, Ark. (Grove Gymnasium)",Win,2,False,413,False,15:20,,8,,8,"GOOD LAYUP by RIDING,JAKE(in the paint)",HENDRIX 8-8 (0),,"GOOD LAYUP by RIDING,JAKE(in the paint)",1,layup,good,hendrix,"riding,jake",2,[],[],920
45,1222,Hendrix,SEWANE~1,1,68-70,"29,41","36,32",9-12,16-5,5-5,5-5,02/01/19,8:00 PM,N/A,"Conway, Ark. (Grove Gymnasium)",Win,2,False,413,False,--,,,,,"ASSIST  by STANLEY,SETH",,,"ASSIST  by STANLEY,SETH",1,assist,,hendrix,"stanley,seth",,[],[],
46,1222,Hendrix,SEWANE~1,1,68-70,"29,41","36,32",9-12,16-5,5-5,5-5,02/01/19,8:00 PM,N/A,"Conway, Ark. (Grove Gymnasium)",Win,2,False,413,False,15:05,"GOOD JUMPER by CALDWELL,CAM",10 (+2),,8,,SEWANE~1 10-8 (+2),,"GOOD JUMPER by CALDWELL,CAM",1,jumper,good,sewane~1,"caldwell,cam",2,[],[],905
47,1222,Hendrix,SEWANE~1,1,68-70,"29,41","36,32",9-12,16-5,5-5,5-5,02/01/19,8:00 PM,N/A,"Conway, Ark. (Grove Gymnasium)",Win,2,False,413,False,14:50,,10 (+1),,9,"GOOD FT by SMITH,PRESTON",HENDRIX 10-9 (+1),,"GOOD FT by SMITH,PRESTON",1,free throw,good,hendrix,"smith,preston",1,[],[],890
48,1222,Hendrix,SEWANE~1,1,68-70,"29,41","36,32",9-12,16-5,5-5,5-5,02/01/19,8:00 PM,N/A,"Conway, Ark. (Grove Gymnasium)",Win,2,False,413,False,14:47,,,,,"MISS 3PTR by STANLEY,SETH",,,"MISS 3PTR by STANLEY,SETH",1,three pointer,missed,hendrix,"stanley,seth",,[],[],887
49,1222,Hendrix,SEWANE~1,1,68-70,"29,41","36,32",9-12,16-5,5-5,5-5,02/01/19,8:00 PM,N/A,"Conway, Ark. (Grove Gymnasium)",Win,2,False,413,False,--,,,,,REBOUND OFF by TEAM,,,REBOUND OFF by TEAM,1,offensive rebound,,hendrix,,,[],[],
50,1222,Hendrix,SEWANE~1,1,68-70,"29,41","36,32",9-12,16-5,5-5,5-5,02/01/19,8:00 PM,N/A,"Conway, Ark. (Grove Gymnasium)",Win,2,False,413,False,14:43,,,,,"MISS 3PTR by STANLEY,SETH",,,"MISS 3PTR by STANLEY,SETH",1,three pointer,missed,hendrix,"stanley,seth",,[],[],883
51,1222,Hendrix,SEWANE~1,1,68-70,"29,41","36,32",9-12,16-5,5-5,5-5,02/01/19,8:00 PM,N/A,"Conway, Ark. (Grove Gymnasium)",Win,2,False,413,False,--,"REBOUND DEF by BARRY,MICHAEL",,,,,,,"REBOUND DEF by BARRY,MICHAEL",1,defensive rebound,,sewane~1,"barry,michael",,[],[],
52,1222,Hendrix,SEWANE~1,1,68-70,"29,41","36,32",9-12,16-5,5-5,5-5,02/01/19,8:00 PM,N/A,"Conway, Ark. (Grove Gymnasium)",Win,2,False,413,False,14:26,"FOUL  by BARRY,MICHAEL",,,,,,,"FOUL  by BARRY,MICHAEL",1,foul,,sewane~1,"barry,michael",,[],[],866
53,1222,Hendrix,SEWANE~1,1,68-70,"29,41","36,32",9-12,16-5,5-5,5-5,02/01/19,8:00 PM,N/A,"Conway, Ark. (Grove Gymnasium)",Win,2,False,413,False,14:23,,,,,"SUB IN by ROUSE,TREY",,,"SUB IN by ROUSE,TREY",1,subbing in,,hendrix,"rouse,trey",,[],"['rouse,trey']",863
54,1222,Hendrix,SEWANE~1,1,68-70,"29,41","36,32",9-12,16-5,5-5,5-5,02/01/19,8:00 PM,N/A,"Conway, Ark. (Grove Gymnasium)",Win,2,False,413,False,14:23,,,,,"SUB OUT by SMITH,PRESTON",,,"SUB OUT by SMITH,PRESTON",1,subbing out,,hendrix,"smith,preston",,[],"['rouse,trey']",863
55,1222,Hendrix,SEWANE~1,1,68-70,"29,41","36,32",9-12,16-5,5-5,5-5,02/01/19,8:00 PM,N/A,"Conway, Ark. (Grove Gymnasium)",Win,2,False,413,False,13:51,,,,,"TURNOVER  by EATON,JACK",,,"TURNOVER  by EATON,JACK",1,turnover,,hendrix,"eaton,jack",,[],"['rouse,trey']",831
56,1222,Hendrix,SEWANE~1,1,68-70,"29,41","36,32",9-12,16-5,5-5,5-5,02/01/19,8:00 PM,N/A,"Conway, Ark. (Grove Gymnasium)",Win,2,False,413,False,13:51,,,,,"SUB IN by CALAMESE,MICHAEL",,,"SUB IN by CALAMESE,MICHAEL",1,subbing in,,hendrix,"calamese,michael",,[],"['rouse,trey']",831
57,1222,Hendrix,SEWANE~1,1,68-70,"29,41","36,32",9-12,16-5,5-5,5-5,02/01/19,8:00 PM,N/A,"Conway, Ark. (Grove Gymnasium)",Win,2,False,413,False,13:51,,,,,"SUB OUT by LINK,JACOB",,,"SUB OUT by LINK,JACOB",1,subbing out,,hendrix,"link,jacob",,[],"['rouse,trey']",831
58,1222,Hendrix,SEWANE~1,1,68-70,"29,41","36,32",9-12,16-5,5-5,5-5,02/01/19,8:00 PM,N/A,"Conway, Ark. (Grove Gymnasium)",Win,2,False,413,False,13:36,,,,,"FOUL  by RIDING,JAKE",,,"FOUL  by RIDING,JAKE",1,foul,,hendrix,"riding,jake",,[],"['rouse,trey']",816
59,1222,Hendrix,SEWANE~1,1,68-70,"29,41","36,32",9-12,16-5,5-5,5-5,02/01/19,8:00 PM,N/A,"Conway, Ark. (Grove Gymnasium)",Win,2,False,413,False,13:36,TIMEOUT TEAM by TEAM,,,,,,,TIMEOUT TEAM by TEAM,1,timeout,,sewane~1,,,[],"['rouse,trey']",816
60,1222,Hendrix,SEWANE~1,1,68-70,"29,41","36,32",9-12,16-5,5-5,5-5,02/01/19,8:00 PM,N/A,"Conway, Ark. (Grove Gymnasium)",Win,2,False,413,False,13:19,"GOOD FT by CALDWELL,CAM",11 (+2),,9,,SEWANE~1 11-9 (+2),,"GOOD FT by CALDWELL,CAM",1,free throw,good,sewane~1,"caldwell,cam",1,[],"['rouse,trey']",799
61,1222,Hendrix,SEWANE~1,1,68-70,"29,41","36,32",9-12,16-5,5-5,5-5,02/01/19,8:00 PM,N/A,"Conway, Ark. (Grove Gymnasium)",Win,2,False,413,False,13:17,"GOOD FT by CALDWELL,CAM",12 (+3),,9,,SEWANE~1 12-9 (+3),,"GOOD FT by CALDWELL,CAM",1,free throw,good,sewane~1,"caldwell,cam",1,[],"['rouse,trey']",797
62,1222,Hendrix,SEWANE~1,1,68-70,"29,41","36,32",9-12,16-5,5-5,5-5,02/01/19,8:00 PM,N/A,"Conway, Ark. (Grove Gymnasium)",Win,2,False,413,False,12:40,,,,,"TURNOVER  by FITCH,CARL",,,"TURNOVER  by FITCH,CARL",1,turnover,,hendrix,"fitch,carl",,[],"['rouse,trey']",760
63,1222,Hendrix,SEWANE~1,1,68-70,"29,41","36,32",9-12,16-5,5-5,5-5,02/01/19,8:00 PM,N/A,"Conway, Ark. (Grove Gymnasium)",Win,2,False,413,False,12:39,"STEAL  by CALDWELL,CAM",,,,,,,"STEAL  by CALDWELL,CAM",1,steal,,sewane~1,,,[],"['rouse,trey']",759
64,1222,Hendrix,SEWANE~1,1,68-70,"29,41","36,32",9-12,16-5,5-5,5-5,02/01/19,8:00 PM,N/A,"Conway, Ark. (Grove Gymnasium)",Win,2,False,413,False,12:25,"TURNOVER  by CALDWELL,CAM",,,,,,,"TURNOVER  by CALDWELL,CAM",1,turnover,,sewane~1,"caldwell,cam",,[],"['rouse,trey']",745
65,1222,Hendrix,SEWANE~1,1,68-70,"29,41","36,32",9-12,16-5,5-5,5-5,02/01/19,8:00 PM,N/A,"Conway, Ark. (Grove Gymnasium)",Win,2,False,413,False,12:00,,,,,"MISS 3PTR by ROUSE,TREY",,,"MISS 3PTR by ROUSE,TREY",1,three pointer,missed,hendrix,"rouse,trey",,[],"['rouse,trey']",720
66,1222,Hendrix,SEWANE~1,1,68-70,"29,41","36,32",9-12,16-5,5-5,5-5,02/01/19,8:00 PM,N/A,"Conway, Ark. (Grove Gymnasium)",Win,2,False,413,False,--,"REBOUND DEF by BARRY,MICHAEL",,,,,,,"REBOUND DEF by BARRY,MICHAEL",1,defensive rebound,,sewane~1,"barry,michael",,[],"['rouse,trey']",
67,1222,Hendrix,SEWANE~1,1,68-70,"29,41","36,32",9-12,16-5,5-5,5-5,02/01/19,8:00 PM,N/A,"Conway, Ark. (Grove Gymnasium)",Win,2,False,413,False,11:38,"GOOD LAYUP by CALDWELL,CAM(in the paint)",14 (+5),,9,,SEWANE~1 14-9 (+5),,"GOOD LAYUP by CALDWELL,CAM(in the paint)",1,layup,good,sewane~1,"caldwell,cam",2,[],"['rouse,trey']",698
68,1222,Hendrix,SEWANE~1,1,68-70,"29,41","36,32",9-12,16-5,5-5,5-5,02/01/19,8:00 PM,N/A,"Conway, Ark. (Grove Gymnasium)",Win,2,False,413,False,10:58,,14 (+2),,12,"GOOD 3PTR by STANLEY,SETH",HENDRIX 14-12 (+2),,"GOOD 3PTR by STANLEY,SETH",1,three pointer,good,hendrix,"stanley,seth",3,[],"['rouse,trey']",658
69,1222,Hendrix,SEWANE~1,1,68-70,"29,41","36,32",9-12,16-5,5-5,5-5,02/01/19,8:00 PM,N/A,"Conway, Ark. (Grove Gymnasium)",Win,2,False,413,False,--,,,,,"ASSIST  by FITCH,CARL",,,"ASSIST  by FITCH,CARL",1,assist,,hendrix,"fitch,carl",,[],"['rouse,trey']",
70,1222,Hendrix,SEWANE~1,1,68-70,"29,41","36,32",9-12,16-5,5-5,5-5,02/01/19,8:00 PM,N/A,"Conway, Ark. (Grove Gymnasium)",Win,2,False,413,False,10:58,,,,,"SUB IN by EATON,JACK",,,"SUB IN by EATON,JACK",1,subbing in,,hendrix,"eaton,jack",,[],"['rouse,trey']",658
71,1222,Hendrix,SEWANE~1,1,68-70,"29,41","36,32",9-12,16-5,5-5,5-5,02/01/19,8:00 PM,N/A,"Conway, Ark. (Grove Gymnasium)",Win,2,False,413,False,10:58,,,,,"SUB OUT by STANLEY,SETH",,,"SUB OUT by STANLEY,SETH",1,subbing out,,hendrix,"stanley,seth",,[],"['rouse,trey']",658
72,1222,Hendrix,SEWANE~1,1,68-70,"29,41","36,32",9-12,16-5,5-5,5-5,02/01/19,8:00 PM,N/A,"Conway, Ark. (Grove Gymnasium)",Win,2,False,413,False,10:47,"FOUL  by KNOX,JOEY",,,,,,,"FOUL  by KNOX,JOEY",1,foul,,sewane~1,"knox,joey",,[],"['rouse,trey']",647
73,1222,Hendrix,SEWANE~1,1,68-70,"29,41","36,32",9-12,16-5,5-5,5-5,02/01/19,8:00 PM,N/A,"Conway, Ark. (Grove Gymnasium)",Win,2,False,413,False,10:41,,14 (+1),,13,"GOOD FT by STANLEY,SETH",HENDRIX 14-13 (+1),,"GOOD FT by STANLEY,SETH",1,free throw,good,hendrix,"stanley,seth",1,[],"['rouse,trey']",641
74,1222,Hendrix,SEWANE~1,1,68-70,"29,41","36,32",9-12,16-5,5-5,5-5,02/01/19,8:00 PM,N/A,"Conway, Ark. (Grove Gymnasium)",Win,2,False,413,False,10:41,,,,,"SUB IN by STANLEY,SETH",,,"SUB IN by STANLEY,SETH",1,subbing in,,hendrix,"stanley,seth",,[],"['rouse,trey']",641
75,1222,Hendrix,SEWANE~1,1,68-70,"29,41","36,32",9-12,16-5,5-5,5-5,02/01/19,8:00 PM,N/A,"Conway, Ark. (Grove Gymnasium)",Win,2,False,413,False,10:41,,,,,"SUB OUT by ROUSE,TREY",,,"SUB OUT by ROUSE,TREY",1,subbing out,,hendrix,"rouse,trey",,[],[],641
76,1222,Hendrix,SEWANE~1,1,68-70,"29,41","36,32",9-12,16-5,5-5,5-5,02/01/19,8:00 PM,N/A,"Conway, Ark. (Grove Gymnasium)",Win,2,False,413,False,10:41,,,,,"SUB OUT by COMAN,SEAN",,,"SUB OUT by COMAN,SEAN",1,subbing out,,hendrix,"coman,sean",,[],[],641
77,1222,Hendrix,SEWANE~1,1,68-70,"29,41","36,32",9-12,16-5,5-5,5-5,02/01/19,8:00 PM,N/A,"Conway, Ark. (Grove Gymnasium)",Win,2,False,413,False,10:34,,,,,"SUB IN by WEAKLEY,CARTER",,,"SUB IN by WEAKLEY,CARTER",1,subbing in,,hendrix,"weakley,carter",,[],[],634
78,1222,Hendrix,SEWANE~1,1,68-70,"29,41","36,32",9-12,16-5,5-5,5-5,02/01/19,8:00 PM,N/A,"Conway, Ark. (Grove Gymnasium)",Win,2,False,413,False,10:34,,,,,"SUB IN by ROUSE,TREY",,,"SUB IN by ROUSE,TREY",1,subbing in,,hendrix,"rouse,trey",,[],"['rouse,trey']",634
79,1222,Hendrix,SEWANE~1,1,68-70,"29,41","36,32",9-12,16-5,5-5,5-5,02/01/19,8:00 PM,N/A,"Conway, Ark. (Grove Gymnasium)",Win,2,False,413,False,10:29,,,,,"SUB OUT by EATON,JACK",,,"SUB OUT by EATON,JACK",1,subbing out,,hendrix,"eaton,jack",,[],"['rouse,trey']",629
80,1222,Hendrix,SEWANE~1,1,68-70,"29,41","36,32",9-12,16-5,5-5,5-5,02/01/19,8:00 PM,N/A,"Conway, Ark. (Grove Gymnasium)",Win,2,False,413,False,10:24,,,,,"SUB IN by EATON,JACK",,,"SUB IN by EATON,JACK",1,subbing in,,hendrix,"eaton,jack",,[],"['rouse,trey']",624
81,1222,Hendrix,SEWANE~1,1,68-70,"29,41","36,32",9-12,16-5,5-5,5-5,02/01/19,8:00 PM,N/A,"Conway, Ark. (Grove Gymnasium)",Win,2,False,413,False,10:24,,,,,"SUB OUT by FITCH,CARL",,,"SUB OUT by FITCH,CARL",1,subbing out,,hendrix,"fitch,carl",,[],"['rouse,trey']",624
82,1222,Hendrix,SEWANE~1,1,68-70,"29,41","36,32",9-12,16-5,5-5,5-5,02/01/19,8:00 PM,N/A,"Conway, Ark. (Grove Gymnasium)",Win,2,False,413,False,09:56,"MISS 3PTR by CALDWELL,CAM",,,,,,,"MISS 3PTR by CALDWELL,CAM",1,three pointer,missed,sewane~1,"caldwell,cam",,[],"['rouse,trey']",596
83,1222,Hendrix,SEWANE~1,1,68-70,"29,41","36,32",9-12,16-5,5-5,5-5,02/01/19,8:00 PM,N/A,"Conway, Ark. (Grove Gymnasium)",Win,2,False,413,False,--,,,,,"REBOUND DEF by STANLEY,SETH",,,"REBOUND DEF by STANLEY,SETH",1,defensive rebound,,hendrix,"stanley,seth",,[],"['rouse,trey']",
84,1222,Hendrix,SEWANE~1,1,68-70,"29,41","36,32",9-12,16-5,5-5,5-5,02/01/19,8:00 PM,N/A,"Conway, Ark. (Grove Gymnasium)",Win,2,False,413,False,09:46,,,,,"MISS 3PTR by STANLEY,SETH",,,"MISS 3PTR by STANLEY,SETH",1,three pointer,missed,hendrix,"stanley,seth",,[],"['rouse,trey']",586
85,1222,Hendrix,SEWANE~1,1,68-70,"29,41","36,32",9-12,16-5,5-5,5-5,02/01/19,8:00 PM,N/A,"Conway, Ark. (Grove Gymnasium)",Win,2,False,413,False,--,"REBOUND DEF by LEE,MATT",,,,,,,"REBOUND DEF by LEE,MATT",1,defensive rebound,,sewane~1,"lee,matt",,[],"['rouse,trey']",
86,1222,Hendrix,SEWANE~1,1,68-70,"29,41","36,32",9-12,16-5,5-5,5-5,02/01/19,8:00 PM,N/A,"Conway, Ark. (Grove Gymnasium)",Win,2,False,413,False,09:31,"MISS LAYUP by CALDWELL,CAM",,,,,,,"MISS LAYUP by CALDWELL,CAM",1,layup,missed,sewane~1,"caldwell,cam",,[],"['rouse,trey']",571
87,1222,Hendrix,SEWANE~1,1,68-70,"29,41","36,32",9-12,16-5,5-5,5-5,02/01/19,8:00 PM,N/A,"Conway, Ark. (Grove Gymnasium)",Win,2,False,413,False,09:31,,,,,"BLOCK  by EATON,JACK",,,"BLOCK  by EATON,JACK",1,block,,hendrix,"eaton,jack",,[],"['rouse,trey']",571
88,1222,Hendrix,SEWANE~1,1,68-70,"29,41","36,32",9-12,16-5,5-5,5-5,02/01/19,8:00 PM,N/A,"Conway, Ark. (Grove Gymnasium)",Win,2,False,413,False,--,REBOUND OFF by TEAM,,,,,,,REBOUND OFF by TEAM,1,offensive rebound,,sewane~1,,,[],"['rouse,trey']",
89,1222,Hendrix,SEWANE~1,1,68-70,"29,41","36,32",9-12,16-5,5-5,5-5,02/01/19,8:00 PM,N/A,"Conway, Ark. (Grove Gymnasium)",Win,2,False,413,False,09:22,,,,,"FOUL  by EATON,JACK",,,"FOUL  by EATON,JACK",1,foul,,hendrix,"eaton,jack",,[],"['rouse,trey']",562
90,1222,Hendrix,SEWANE~1,1,68-70,"29,41","36,32",9-12,16-5,5-5,5-5,02/01/19,8:00 PM,N/A,"Conway, Ark. (Grove Gymnasium)",Win,2,False,413,False,09:16,"GOOD FT by CALDWELL,CAM",15 (+2),,13,,SEWANE~1 15-13 (+2),,"GOOD FT by CALDWELL,CAM",1,free throw,good,sewane~1,"caldwell,cam",1,[],"['rouse,trey']",556
91,1222,Hendrix,SEWANE~1,1,68-70,"29,41","36,32",9-12,16-5,5-5,5-5,02/01/19,8:00 PM,N/A,"Conway, Ark. (Grove Gymnasium)",Win,2,False,413,False,09:06,"GOOD FT by CALDWELL,CAM",16 (+3),,13,,SEWANE~1 16-13 (+3),,"GOOD FT by CALDWELL,CAM",1,free throw,good,sewane~1,"caldwell,cam",1,[],"['rouse,trey']",546
92,1222,Hendrix,SEWANE~1,1,68-70,"29,41","36,32",9-12,16-5,5-5,5-5,02/01/19,8:00 PM,N/A,"Conway, Ark. (Grove Gymnasium)",Win,2,False,413,False,09:01,,,,,"MISS JUMPER by ROUSE,TREY",,,"MISS JUMPER by ROUSE,TREY",1,jumper,missed,hendrix,"rouse,trey",,[],"['rouse,trey']",541
93,1222,Hendrix,SEWANE~1,1,68-70,"29,41","36,32",9-12,16-5,5-5,5-5,02/01/19,8:00 PM,N/A,"Conway, Ark. (Grove Gymnasium)",Win,2,False,413,False,09:01,"BLOCK  by LEE,MATT",,,,,,,"BLOCK  by LEE,MATT",1,block,,sewane~1,"lee,matt",,[],"['rouse,trey']",541
94,1222,Hendrix,SEWANE~1,1,68-70,"29,41","36,32",9-12,16-5,5-5,5-5,02/01/19,8:00 PM,N/A,"Conway, Ark. (Grove Gymnasium)",Win,2,False,413,False,--,,,,,"REBOUND OFF by ROUSE,TREY",,,"REBOUND OFF by ROUSE,TREY",1,offensive rebound,,hendrix,"rouse,trey",,[],"['rouse,trey']",
95,1222,Hendrix,SEWANE~1,1,68-70,"29,41","36,32",9-12,16-5,5-5,5-5,02/01/19,8:00 PM,N/A,"Conway, Ark. (Grove Gymnasium)",Win,2,False,413,False,08:52,"FOUL  by LEE,MATT",,,,,,,"FOUL  by LEE,MATT",1,foul,,sewane~1,"lee,matt",,[],"['rouse,trey']",532
96,1222,Hendrix,SEWANE~1,1,68-70,"29,41","36,32",9-12,16-5,5-5,5-5,02/01/19,8:00 PM,N/A,"Conway, Ark. (Grove Gymnasium)",Win,2,False,413,False,08:45,,,,,"MISS FT by ROUSE,TREY",,,"MISS FT by ROUSE,TREY",1,free throw,missed,hendrix,"rouse,trey",,[],"['rouse,trey']",525
97,1222,Hendrix,SEWANE~1,1,68-70,"29,41","36,32",9-12,16-5,5-5,5-5,02/01/19,8:00 PM,N/A,"Conway, Ark. (Grove Gymnasium)",Win,2,False,413,False,--,,,,,REBOUND DEADB by TEAM,,,REBOUND DEADB by TEAM,1,deadball rebound,,hendrix,,,[],"['rouse,trey']",
98,1222,Hendrix,SEWANE~1,1,68-70,"29,41","36,32",9-12,16-5,5-5,5-5,02/01/19,8:00 PM,N/A,"Conway, Ark. (Grove Gymnasium)",Win,2,False,413,False,08:44,,16 (+2),,14,"GOOD FT by ROUSE,TREY",HENDRIX 16-14 (+2),,"GOOD FT by ROUSE,TREY",1,free throw,good,hendrix,"rouse,trey",1,[],"['rouse,trey']",524
99,1222,Hendrix,SEWANE~1,1,68-70,"29,41","36,32",9-12,16-5,5-5,5-5,02/01/19,8:00 PM,N/A,"Conway, Ark. (Grove Gymnasium)",Win,2,False,413,False,08:44,"SUB IN by CRUMLY,JONNY",,,,,,,"SUB IN by CRUMLY,JONNY",1,subbing in,,sewane~1,"crumly,jonny",,[],"['rouse,trey']",524
100,1222,Hendrix,SEWANE~1,1,68-70,"29,41","36,32",9-12,16-5,5-5,5-5,02/01/19,8:00 PM,N/A,"Conway, Ark. (Grove Gymnasium)",Win,2,False,413,False,08:44,"SUB OUT by CALDWELL,CAM",,,,,,,"SUB OUT by CALDWELL,CAM",1,subbing out,,sewane~1,"caldwell,cam",,[],"['rouse,trey']",524
101,1222,Hendrix,SEWANE~1,1,68-70,"29,41","36,32",9-12,16-5,5-5,5-5,02/01/19,8:00 PM,N/A,"Conway, Ark. (Grove Gymnasium)",Win,2,False,413,False,08:35,"MISS 3PTR by BUESCHER,HUNTER",,,,,,,"MISS 3PTR by BUESCHER,HUNTER",1,three pointer,missed,sewane~1,"buescher,hunter",,[],"['rouse,trey']",515
102,1222,Hendrix,SEWANE~1,1,68-70,"29,41","36,32",9-12,16-5,5-5,5-5,02/01/19,8:00 PM,N/A,"Conway, Ark. (Grove Gymnasium)",Win,2,False,413,False,--,"REBOUND OFF by CRUMLY,JONNY",,,,,,,"REBOUND OFF by CRUMLY,JONNY",1,offensive rebound,,sewane~1,"crumly,jonny",,[],"['rouse,trey']",
103,1222,Hendrix,SEWANE~1,1,68-70,"29,41","36,32",9-12,16-5,5-5,5-5,02/01/19,8:00 PM,N/A,"Conway, Ark. (Grove Gymnasium)",Win,2,False,413,False,08:17,"GOOD 3PTR by BUESCHER,HUNTER",19 (+5),,14,,SEWANE~1 19-14 (+5),,"GOOD 3PTR by BUESCHER,HUNTER",1,three pointer,good,sewane~1,"buescher,hunter",3,[],"['rouse,trey']",497
104,1222,Hendrix,SEWANE~1,1,68-70,"29,41","36,32",9-12,16-5,5-5,5-5,02/01/19,8:00 PM,N/A,"Conway, Ark. (Grove Gymnasium)",Win,2,False,413,False,08:05,,19 (+3),,16,"GOOD JUMPER by STANLEY,SETH",HENDRIX 19-16 (+3),,"GOOD JUMPER by STANLEY,SETH",1,jumper,good,hendrix,"stanley,seth",2,[],"['rouse,trey']",485
105,1222,Hendrix,SEWANE~1,1,68-70,"29,41","36,32",9-12,16-5,5-5,5-5,02/01/19,8:00 PM,N/A,"Conway, Ark. (Grove Gymnasium)",Win,2,False,413,False,07:53,"MISS 3PTR by CALDWELL,CAM",,,,,,,"MISS 3PTR by CALDWELL,CAM",1,three pointer,missed,sewane~1,"caldwell,cam",,[],"['rouse,trey']",473
106,1222,Hendrix,SEWANE~1,1,68-70,"29,41","36,32",9-12,16-5,5-5,5-5,02/01/19,8:00 PM,N/A,"Conway, Ark. (Grove Gymnasium)",Win,2,False,413,False,--,,,,,"REBOUND DEF by ROUSE,TREY",,,"REBOUND DEF by ROUSE,TREY",1,defensive rebound,,hendrix,"rouse,trey",,[],"['rouse,trey']",
107,1222,Hendrix,SEWANE~1,1,68-70,"29,41","36,32",9-12,16-5,5-5,5-5,02/01/19,8:00 PM,N/A,"Conway, Ark. (Grove Gymnasium)",Win,2,False,413,False,07:38,,19 (+1),,18,"GOOD JUMPER by FITCH,CARL(in the paint)",HENDRIX 19-18 (+1),,"GOOD JUMPER by FITCH,CARL(in the paint)",1,jumper,good,hendrix,"fitch,carl",2,[],"['rouse,trey']",458
108,1222,Hendrix,SEWANE~1,1,68-70,"29,41","36,32",9-12,16-5,5-5,5-5,02/01/19,8:00 PM,N/A,"Conway, Ark. (Grove Gymnasium)",Win,2,False,413,False,--,,,,,"ASSIST  by CALAMESE,MICHAEL",,,"ASSIST  by CALAMESE,MICHAEL",1,assist,,hendrix,"calamese,michael",,[],"['rouse,trey']",
109,1222,Hendrix,SEWANE~1,1,68-70,"29,41","36,32",9-12,16-5,5-5,5-5,02/01/19,8:00 PM,N/A,"Conway, Ark. (Grove Gymnasium)",Win,2,False,413,False,07:38,"FOUL  by BUESCHER,HUNTER",,,,,,,"FOUL  by BUESCHER,HUNTER",1,foul,,sewane~1,"buescher,hunter",,[],"['rouse,trey']",458
110,1222,Hendrix,SEWANE~1,1,68-70,"29,41","36,32",9-12,16-5,5-5,5-5,02/01/19,8:00 PM,N/A,"Conway, Ark. (Grove Gymnasium)",Win,2,False,413,False,07:38,,,,,TIMEOUT TEAM by TEAM,,,TIMEOUT TEAM by TEAM,1,timeout,,hendrix,,,[],"['rouse,trey']",458
111,1222,Hendrix,SEWANE~1,1,68-70,"29,41","36,32",9-12,16-5,5-5,5-5,02/01/19,8:00 PM,N/A,"Conway, Ark. (Grove Gymnasium)",Win,2,False,413,False,07:38,,19,,19,"GOOD FT by FITCH,CARL",HENDRIX 19-19 (0),,"GOOD FT by FITCH,CARL",1,free throw,good,hendrix,"fitch,carl",1,[],"['rouse,trey']",458
112,1222,Hendrix,SEWANE~1,1,68-70,"29,41","36,32",9-12,16-5,5-5,5-5,02/01/19,8:00 PM,N/A,"Conway, Ark. (Grove Gymnasium)",Win,2,False,413,False,07:32,"FOUL  by CALDWELL,CAM",,,,,,,"FOUL  by CALDWELL,CAM",1,foul,,sewane~1,"caldwell,cam",,[],"['rouse,trey']",452
113,1222,Hendrix,SEWANE~1,1,68-70,"29,41","36,32",9-12,16-5,5-5,5-5,02/01/19,8:00 PM,N/A,"Conway, Ark. (Grove Gymnasium)",Win,2,False,413,False,07:21,,,,,"SUB IN by COMAN,SEAN",,,"SUB IN by COMAN,SEAN",1,subbing in,,hendrix,"coman,sean",,[],"['rouse,trey']",441
114,1222,Hendrix,SEWANE~1,1,68-70,"29,41","36,32",9-12,16-5,5-5,5-5,02/01/19,8:00 PM,N/A,"Conway, Ark. (Grove Gymnasium)",Win,2,False,413,False,07:21,,,,,"SUB OUT by EATON,JACK",,,"SUB OUT by EATON,JACK",1,subbing out,,hendrix,"eaton,jack",,[],"['rouse,trey']",441
115,1222,Hendrix,SEWANE~1,1,68-70,"29,41","36,32",9-12,16-5,5-5,5-5,02/01/19,8:00 PM,N/A,"Conway, Ark. (Grove Gymnasium)",Win,2,False,413,False,07:13,,,,,"MISS LAYUP by STANLEY,SETH",,,"MISS LAYUP by STANLEY,SETH",1,layup,missed,hendrix,"stanley,seth",,[],"['rouse,trey']",433
116,1222,Hendrix,SEWANE~1,1,68-70,"29,41","36,32",9-12,16-5,5-5,5-5,02/01/19,8:00 PM,N/A,"Conway, Ark. (Grove Gymnasium)",Win,2,False,413,False,07:13,"BLOCK  by CALDWELL,CAM",,,,,,,"BLOCK  by CALDWELL,CAM",1,block,,sewane~1,"caldwell,cam",,[],"['rouse,trey']",433
117,1222,Hendrix,SEWANE~1,1,68-70,"29,41","36,32",9-12,16-5,5-5,5-5,02/01/19,8:00 PM,N/A,"Conway, Ark. (Grove Gymnasium)",Win,2,False,413,False,--,,,,,REBOUND OFF by TEAM,,,REBOUND OFF by TEAM,1,offensive rebound,,hendrix,,,[],"['rouse,trey']",
118,1222,Hendrix,SEWANE~1,1,68-70,"29,41","36,32",9-12,16-5,5-5,5-5,02/01/19,8:00 PM,N/A,"Conway, Ark. (Grove Gymnasium)",Win,2,False,413,False,06:51,,,,,"MISS JUMPER by LINK,JACOB",,,"MISS JUMPER by LINK,JACOB",1,jumper,missed,hendrix,"link,jacob",,[],"['rouse,trey']",411
119,1222,Hendrix,SEWANE~1,1,68-70,"29,41","36,32",9-12,16-5,5-5,5-5,02/01/19,8:00 PM,N/A,"Conway, Ark. (Grove Gymnasium)",Win,2,False,413,False,--,,,,,"REBOUND OFF by LINK,JACOB",,,"REBOUND OFF by LINK,JACOB",1,offensive rebound,,hendrix,"link,jacob",,[],"['rouse,trey']",
120,1222,Hendrix,SEWANE~1,1,68-70,"29,41","36,32",9-12,16-5,5-5,5-5,02/01/19,8:00 PM,N/A,"Conway, Ark. (Grove Gymnasium)",Win,2,False,413,False,06:47,,,,,"MISS JUMPER by LINK,JACOB",,,"MISS JUMPER by LINK,JACOB",1,jumper,missed,hendrix,"link,jacob",,[],"['rouse,trey']",407
121,1222,Hendrix,SEWANE~1,1,68-70,"29,41","36,32",9-12,16-5,5-5,5-5,02/01/19,8:00 PM,N/A,"Conway, Ark. (Grove Gymnasium)",Win,2,False,413,False,06:47,"BLOCK  by CALDWELL,CAM",,,,,,,"BLOCK  by CALDWELL,CAM",1,block,,sewane~1,"caldwell,cam",,[],"['rouse,trey']",407
122,1222,Hendrix,SEWANE~1,1,68-70,"29,41","36,32",9-12,16-5,5-5,5-5,02/01/19,8:00 PM,N/A,"Conway, Ark. (Grove Gymnasium)",Win,2,False,413,False,--,,,,,"REBOUND OFF by COMAN,SEAN",,,"REBOUND OFF by COMAN,SEAN",1,offensive rebound,,hendrix,"coman,sean",,[],"['rouse,trey']",
123,1222,Hendrix,SEWANE~1,1,68-70,"29,41","36,32",9-12,16-5,5-5,5-5,02/01/19,8:00 PM,N/A,"Conway, Ark. (Grove Gymnasium)",Win,2,False,413,False,06:36,,,,,"TURNOVER  by LINK,JACOB",,,"TURNOVER  by LINK,JACOB",1,turnover,,hendrix,"link,jacob",,[],"['rouse,trey']",396
124,1222,Hendrix,SEWANE~1,1,68-70,"29,41","36,32",9-12,16-5,5-5,5-5,02/01/19,8:00 PM,N/A,"Conway, Ark. (Grove Gymnasium)",Win,2,False,413,False,06:15,"GOOD 3PTR by SMITH,LUKE",22 (+3),,19,,SEWANE~1 22-19 (+3),,"GOOD 3PTR by SMITH,LUKE",1,three pointer,good,sewane~1,"smith,luke",3,[],"['rouse,trey']",375
125,1222,Hendrix,SEWANE~1,1,68-70,"29,41","36,32",9-12,16-5,5-5,5-5,02/01/19,8:00 PM,N/A,"Conway, Ark. (Grove Gymnasium)",Win,2,False,413,False,05:43,,22 (+1),,21,"GOOD JUMPER by FITCH,CARL",HENDRIX 22-21 (+1),,"GOOD JUMPER by FITCH,CARL",1,jumper,good,hendrix,"fitch,carl",2,[],"['rouse,trey']",343
126,1222,Hendrix,SEWANE~1,1,68-70,"29,41","36,32",9-12,16-5,5-5,5-5,02/01/19,8:00 PM,N/A,"Conway, Ark. (Grove Gymnasium)",Win,2,False,413,False,05:38,"MISS 3PTR by WARLICK,JORDAN",,,,,,,"MISS 3PTR by WARLICK,JORDAN",1,three pointer,missed,sewane~1,"warlick,jordan",,[],"['rouse,trey']",338
127,1222,Hendrix,SEWANE~1,1,68-70,"29,41","36,32",9-12,16-5,5-5,5-5,02/01/19,8:00 PM,N/A,"Conway, Ark. (Grove Gymnasium)",Win,2,False,413,False,--,,,,,REBOUND DEF by TEAM,,,REBOUND DEF by TEAM,1,defensive rebound,,hendrix,,,[],"['rouse,trey']",
128,1222,Hendrix,SEWANE~1,1,68-70,"29,41","36,32",9-12,16-5,5-5,5-5,02/01/19,8:00 PM,N/A,"Conway, Ark. (Grove Gymnasium)",Win,2,False,413,False,05:28,,,,,"MISS JUMPER by LINK,JACOB",,,"MISS JUMPER by LINK,JACOB",1,jumper,missed,hendrix,"link,jacob",,[],"['rouse,trey']",328
129,1222,Hendrix,SEWANE~1,1,68-70,"29,41","36,32",9-12,16-5,5-5,5-5,02/01/19,8:00 PM,N/A,"Conway, Ark. (Grove Gymnasium)",Win,2,False,413,False,--,REBOUND DEF by TEAM,,,,,,,REBOUND DEF by TEAM,1,defensive rebound,,sewane~1,,,[],"['rouse,trey']",
130,1222,Hendrix,SEWANE~1,1,68-70,"29,41","36,32",9-12,16-5,5-5,5-5,02/01/19,8:00 PM,N/A,"Conway, Ark. (Grove Gymnasium)",Win,2,False,413,False,05:12,"GOOD JUMPER by CALDWELL,CAM",24 (+3),,21,,SEWANE~1 24-21 (+3),,"GOOD JUMPER by CALDWELL,CAM",1,jumper,good,sewane~1,"caldwell,cam",2,[],"['rouse,trey']",312
131,1222,Hendrix,SEWANE~1,1,68-70,"29,41","36,32",9-12,16-5,5-5,5-5,02/01/19,8:00 PM,N/A,"Conway, Ark. (Grove Gymnasium)",Win,2,False,413,False,04:53,,24 (+1),,23,"GOOD LAYUP by COMAN,SEAN(in the paint)",HENDRIX 24-23 (+1),,"GOOD LAYUP by COMAN,SEAN(in the paint)",1,layup,good,hendrix,"coman,sean",2,[],"['rouse,trey']",293
132,1222,Hendrix,SEWANE~1,1,68-70,"29,41","36,32",9-12,16-5,5-5,5-5,02/01/19,8:00 PM,N/A,"Conway, Ark. (Grove Gymnasium)",Win,2,False,413,False,--,,,,,"ASSIST  by FITCH,CARL",,,"ASSIST  by FITCH,CARL",1,assist,,hendrix,"fitch,carl",,[],"['rouse,trey']",
133,1222,Hendrix,SEWANE~1,1,68-70,"29,41","36,32",9-12,16-5,5-5,5-5,02/01/19,8:00 PM,N/A,"Conway, Ark. (Grove Gymnasium)",Win,2,False,413,False,04:37,"GOOD 3PTR by CRUMLY,JONNY",27 (+4),,23,,SEWANE~1 27-23 (+4),,"GOOD 3PTR by CRUMLY,JONNY",1,three pointer,good,sewane~1,"crumly,jonny",3,[],"['rouse,trey']",277
134,1222,Hendrix,SEWANE~1,1,68-70,"29,41","36,32",9-12,16-5,5-5,5-5,02/01/19,8:00 PM,N/A,"Conway, Ark. (Grove Gymnasium)",Win,2,False,413,False,--,"ASSIST  by SMITH,LUKE",,,,,,,"ASSIST  by SMITH,LUKE",1,assist,,sewane~1,"smith,luke",,[],"['rouse,trey']",
135,1222,Hendrix,SEWANE~1,1,68-70,"29,41","36,32",9-12,16-5,5-5,5-5,02/01/19,8:00 PM,N/A,"Conway, Ark. (Grove Gymnasium)",Win,2,False,413,False,04:19,,,,,"MISS JUMPER by FITCH,CARL",,,"MISS JUMPER by FITCH,CARL",1,jumper,missed,hendrix,"fitch,carl",,[],"['rouse,trey']",259
136,1222,Hendrix,SEWANE~1,1,68-70,"29,41","36,32",9-12,16-5,5-5,5-5,02/01/19,8:00 PM,N/A,"Conway, Ark. (Grove Gymnasium)",Win,2,False,413,False,--,"REBOUND DEF by SMITH,LUKE",,,,,,,"REBOUND DEF by SMITH,LUKE",1,defensive rebound,,sewane~1,"smith,luke",,[],"['rouse,trey']",
137,1222,Hendrix,SEWANE~1,1,68-70,"29,41","36,32",9-12,16-5,5-5,5-5,02/01/19,8:00 PM,N/A,"Conway, Ark. (Grove Gymnasium)",Win,2,False,413,False,04:06,"MISS 3PTR by CRUMLY,JONNY",,,,,,,"MISS 3PTR by CRUMLY,JONNY",1,three pointer,missed,sewane~1,"crumly,jonny",,[],"['rouse,trey']",246
138,1222,Hendrix,SEWANE~1,1,68-70,"29,41","36,32",9-12,16-5,5-5,5-5,02/01/19,8:00 PM,N/A,"Conway, Ark. (Grove Gymnasium)",Win,2,False,413,False,--,"REBOUND OFF by CRUMLY,JONNY",,,,,,,"REBOUND OFF by CRUMLY,JONNY",1,offensive rebound,,sewane~1,"crumly,jonny",,[],"['rouse,trey']",
139,1222,Hendrix,SEWANE~1,1,68-70,"29,41","36,32",9-12,16-5,5-5,5-5,02/01/19,8:00 PM,N/A,"Conway, Ark. (Grove Gymnasium)",Win,2,False,413,False,04:03,"GOOD 3PTR by SMITH,LUKE",30 (+7),,23,,SEWANE~1 30-23 (+7),,"GOOD 3PTR by SMITH,LUKE",1,three pointer,good,sewane~1,"smith,luke",3,[],"['rouse,trey']",243
140,1222,Hendrix,SEWANE~1,1,68-70,"29,41","36,32",9-12,16-5,5-5,5-5,02/01/19,8:00 PM,N/A,"Conway, Ark. (Grove Gymnasium)",Win,2,False,413,False,--,"ASSIST  by CRUMLY,JONNY",,,,,,,"ASSIST  by CRUMLY,JONNY",1,assist,,sewane~1,"crumly,jonny",,[],"['rouse,trey']",
141,1222,Hendrix,SEWANE~1,1,68-70,"29,41","36,32",9-12,16-5,5-5,5-5,02/01/19,8:00 PM,N/A,"Conway, Ark. (Grove Gymnasium)",Win,2,False,413,False,03:43,,,,,"MISS 3PTR by SMITH,PRESTON",,,"MISS 3PTR by SMITH,PRESTON",1,three pointer,missed,hendrix,"smith,preston",,[],"['rouse,trey']",223
142,1222,Hendrix,SEWANE~1,1,68-70,"29,41","36,32",9-12,16-5,5-5,5-5,02/01/19,8:00 PM,N/A,"Conway, Ark. (Grove Gymnasium)",Win,2,False,413,False,--,,,,,"REBOUND OFF by FITCH,CARL",,,"REBOUND OFF by FITCH,CARL",1,offensive rebound,,hendrix,"fitch,carl",,[],"['rouse,trey']",
143,1222,Hendrix,SEWANE~1,1,68-70,"29,41","36,32",9-12,16-5,5-5,5-5,02/01/19,8:00 PM,N/A,"Conway, Ark. (Grove Gymnasium)",Win,2,False,413,False,03:38,,,,,"MISS 3PTR by COMAN,SEAN",,,"MISS 3PTR by COMAN,SEAN",1,three pointer,missed,hendrix,"coman,sean",,[],"['rouse,trey']",218
144,1222,Hendrix,SEWANE~1,1,68-70,"29,41","36,32",9-12,16-5,5-5,5-5,02/01/19,8:00 PM,N/A,"Conway, Ark. (Grove Gymnasium)",Win,2,False,413,False,--,,,,,"REBOUND OFF by STANLEY,SETH",,,"REBOUND OFF by STANLEY,SETH",1,offensive rebound,,hendrix,"stanley,seth",,[],"['rouse,trey']",
145,1222,Hendrix,SEWANE~1,1,68-70,"29,41","36,32",9-12,16-5,5-5,5-5,02/01/19,8:00 PM,N/A,"Conway, Ark. (Grove Gymnasium)",Win,2,False,413,False,03:33,,30 (+4),,26,"GOOD 3PTR by COMAN,SEAN",HENDRIX 30-26 (+4),,"GOOD 3PTR by COMAN,SEAN",1,three pointer,good,hendrix,"coman,sean",3,[],"['rouse,trey']",213
146,1222,Hendrix,SEWANE~1,1,68-70,"29,41","36,32",9-12,16-5,5-5,5-5,02/01/19,8:00 PM,N/A,"Conway, Ark. (Grove Gymnasium)",Win,2,False,413,False,--,,,,,"ASSIST  by LINK,JACOB",,,"ASSIST  by LINK,JACOB",1,assist,,hendrix,"link,jacob",,[],"['rouse,trey']",
147,1222,Hendrix,SEWANE~1,1,68-70,"29,41","36,32",9-12,16-5,5-5,5-5,02/01/19,8:00 PM,N/A,"Conway, Ark. (Grove Gymnasium)",Win,2,False,413,False,03:06,,,,,"FOUL  by STANLEY,SETH",,,"FOUL  by STANLEY,SETH",1,foul,,hendrix,"stanley,seth",,[],"['rouse,trey']",186
148,1222,Hendrix,SEWANE~1,1,68-70,"29,41","36,32",9-12,16-5,5-5,5-5,02/01/19,8:00 PM,N/A,"Conway, Ark. (Grove Gymnasium)",Win,2,False,413,False,03:06,TIMEOUT TEAM by TEAM,,,,,,,TIMEOUT TEAM by TEAM,1,timeout,,sewane~1,,,[],"['rouse,trey']",186
149,1222,Hendrix,SEWANE~1,1,68-70,"29,41","36,32",9-12,16-5,5-5,5-5,02/01/19,8:00 PM,N/A,"Conway, Ark. (Grove Gymnasium)",Win,2,False,413,False,03:06,"GOOD FT by CALDWELL,CAM",31 (+5),,26,,SEWANE~1 31-26 (+5),,"GOOD FT by CALDWELL,CAM",1,free throw,good,sewane~1,"caldwell,cam",1,[],"['rouse,trey']",186
150,1222,Hendrix,SEWANE~1,1,68-70,"29,41","36,32",9-12,16-5,5-5,5-5,02/01/19,8:00 PM,N/A,"Conway, Ark. (Grove Gymnasium)",Win,2,False,413,False,03:06,"GOOD FT by CALDWELL,CAM",32 (+6),,26,,SEWANE~1 32-26 (+6),,"GOOD FT by CALDWELL,CAM",1,free throw,good,sewane~1,"caldwell,cam",1,[],"['rouse,trey']",186
151,1222,Hendrix,SEWANE~1,1,68-70,"29,41","36,32",9-12,16-5,5-5,5-5,02/01/19,8:00 PM,N/A,"Conway, Ark. (Grove Gymnasium)",Win,2,False,413,False,03:06,"SUB IN by KNOX,JOEY",,,,,,,"SUB IN by KNOX,JOEY",1,subbing in,,sewane~1,"knox,joey",,[],"['rouse,trey']",186
152,1222,Hendrix,SEWANE~1,1,68-70,"29,41","36,32",9-12,16-5,5-5,5-5,02/01/19,8:00 PM,N/A,"Conway, Ark. (Grove Gymnasium)",Win,2,False,413,False,03:06,"SUB IN by CALDWELL,CAM",,,,,,,"SUB IN by CALDWELL,CAM",1,subbing in,,sewane~1,"caldwell,cam",,"['caldwell,cam']","['rouse,trey']",186
153,1222,Hendrix,SEWANE~1,1,68-70,"29,41","36,32",9-12,16-5,5-5,5-5,02/01/19,8:00 PM,N/A,"Conway, Ark. (Grove Gymnasium)",Win,2,False,413,False,03:06,"SUB IN by BARRY,MICHAEL",,,,,,,"SUB IN by BARRY,MICHAEL",1,subbing in,,sewane~1,"barry,michael",,"['caldwell,cam', 'barry,michael']","['rouse,trey']",186
154,1222,Hendrix,SEWANE~1,1,68-70,"29,41","36,32",9-12,16-5,5-5,5-5,02/01/19,8:00 PM,N/A,"Conway, Ark. (Grove Gymnasium)",Win,2,False,413,False,03:06,"SUB OUT by LEE,MATT",,,,,,,"SUB OUT by LEE,MATT",1,subbing out,,sewane~1,"lee,matt",,"['caldwell,cam', 'barry,michael']","['rouse,trey']",186
155,1222,Hendrix,SEWANE~1,1,68-70,"29,41","36,32",9-12,16-5,5-5,5-5,02/01/19,8:00 PM,N/A,"Conway, Ark. (Grove Gymnasium)",Win,2,False,413,False,03:06,"SUB OUT by CRUMLY,JONNY",,,,,,,"SUB OUT by CRUMLY,JONNY",1,subbing out,,sewane~1,"crumly,jonny",,"['caldwell,cam', 'barry,michael']","['rouse,trey']",186
156,1222,Hendrix,SEWANE~1,1,68-70,"29,41","36,32",9-12,16-5,5-5,5-5,02/01/19,8:00 PM,N/A,"Conway, Ark. (Grove Gymnasium)",Win,2,False,413,False,03:06,,,,,"SUB IN by RIDING,JAKE",,,"SUB IN by RIDING,JAKE",1,subbing in,,hendrix,"riding,jake",,"['caldwell,cam', 'barry,michael']","['rouse,trey', 'riding,jake']",186
157,1222,Hendrix,SEWANE~1,1,68-70,"29,41","36,32",9-12,16-5,5-5,5-5,02/01/19,8:00 PM,N/A,"Conway, Ark. (Grove Gymnasium)",Win,2,False,413,False,03:06,,,,,"SUB IN by LINK,JACOB",,,"SUB IN by LINK,JACOB",1,subbing in,,hendrix,"link,jacob",,"['caldwell,cam', 'barry,michael']","['rouse,trey', 'riding,jake', 'link,jacob']",186
158,1222,Hendrix,SEWANE~1,1,68-70,"29,41","36,32",9-12,16-5,5-5,5-5,02/01/19,8:00 PM,N/A,"Conway, Ark. (Grove Gymnasium)",Win,2,False,413,False,03:06,,,,,"SUB IN by SMITH,PRESTON",,,"SUB IN by SMITH,PRESTON",1,subbing in,,hendrix,"smith,preston",,"['caldwell,cam', 'barry,michael']","['rouse,trey', 'riding,jake', 'link,jacob', 'smith,preston']",186
159,1222,Hendrix,SEWANE~1,1,68-70,"29,41","36,32",9-12,16-5,5-5,5-5,02/01/19,8:00 PM,N/A,"Conway, Ark. (Grove Gymnasium)",Win,2,False,413,False,03:06,,,,,"SUB OUT by CALAMESE,MICHAEL",,,"SUB OUT by CALAMESE,MICHAEL",1,subbing out,,hendrix,"calamese,michael",,"['caldwell,cam', 'barry,michael']","['rouse,trey', 'riding,jake', 'link,jacob', 'smith,preston']",186
160,1222,Hendrix,SEWANE~1,1,68-70,"29,41","36,32",9-12,16-5,5-5,5-5,02/01/19,8:00 PM,N/A,"Conway, Ark. (Grove Gymnasium)",Win,2,False,413,False,03:06,,,,,"SUB OUT by WEAKLEY,CARTER",,,"SUB OUT by WEAKLEY,CARTER",1,subbing out,,hendrix,"weakley,carter",,"['caldwell,cam', 'barry,michael']","['rouse,trey', 'riding,jake', 'link,jacob', 'smith,preston']",186
161,1222,Hendrix,SEWANE~1,1,68-70,"29,41","36,32",9-12,16-5,5-5,5-5,02/01/19,8:00 PM,N/A,"Conway, Ark. (Grove Gymnasium)",Win,2,False,413,False,03:06,,,,,"SUB OUT by ROUSE,TREY",,,"SUB OUT by ROUSE,TREY",1,subbing out,,hendrix,"rouse,trey",,"['caldwell,cam', 'barry,michael']","['riding,jake', 'link,jacob', 'smith,preston']",186
162,1222,Hendrix,SEWANE~1,1,68-70,"29,41","36,32",9-12,16-5,5-5,5-5,02/01/19,8:00 PM,N/A,"Conway, Ark. (Grove Gymnasium)",Win,2,False,413,False,02:50,,,,,"MISS JUMPER by COMAN,SEAN",,,"MISS JUMPER by COMAN,SEAN",1,jumper,missed,hendrix,"coman,sean",,"['caldwell,cam', 'barry,michael']","['riding,jake', 'link,jacob', 'smith,preston']",170
163,1222,Hendrix,SEWANE~1,1,68-70,"29,41","36,32",9-12,16-5,5-5,5-5,02/01/19,8:00 PM,N/A,"Conway, Ark. (Grove Gymnasium)",Win,2,False,413,False,--,"REBOUND DEF by KNOX,JOEY",,,,,,,"REBOUND DEF by KNOX,JOEY",1,defensive rebound,,sewane~1,"knox,joey",,"['caldwell,cam', 'barry,michael']","['riding,jake', 'link,jacob', 'smith,preston']",
164,1222,Hendrix,SEWANE~1,1,68-70,"29,41","36,32",9-12,16-5,5-5,5-5,02/01/19,8:00 PM,N/A,"Conway, Ark. (Grove Gymnasium)",Win,2,False,413,False,02:27,"GOOD LAYUP by CRUMLY,JONNY(in the paint)",34 (+8),,26,,SEWANE~1 34-26 (+8),,"GOOD LAYUP by CRUMLY,JONNY(in the paint)",1,layup,good,sewane~1,"crumly,jonny",2,"['caldwell,cam', 'barry,michael']","['riding,jake', 'link,jacob', 'smith,preston']",147
165,1222,Hendrix,SEWANE~1,1,68-70,"29,41","36,32",9-12,16-5,5-5,5-5,02/01/19,8:00 PM,N/A,"Conway, Ark. (Grove Gymnasium)",Win,2,False,413,False,--,"ASSIST  by SMITH,LUKE",,,,,,,"ASSIST  by SMITH,LUKE",1,assist,,sewane~1,"smith,luke",,"['caldwell,cam', 'barry,michael']","['riding,jake', 'link,jacob', 'smith,preston']",
166,1222,Hendrix,SEWANE~1,1,68-70,"29,41","36,32",9-12,16-5,5-5,5-5,02/01/19,8:00 PM,N/A,"Conway, Ark. (Grove Gymnasium)",Win,2,False,413,False,02:04,,,,,"MISS LAYUP by RIDING,JAKE",,,"MISS LAYUP by RIDING,JAKE",1,layup,missed,hendrix,"riding,jake",,"['caldwell,cam', 'barry,michael']","['riding,jake', 'link,jacob', 'smith,preston']",124
167,1222,Hendrix,SEWANE~1,1,68-70,"29,41","36,32",9-12,16-5,5-5,5-5,02/01/19,8:00 PM,N/A,"Conway, Ark. (Grove Gymnasium)",Win,2,False,413,False,--,REBOUND DEF by TEAM,,,,,,,REBOUND DEF by TEAM,1,defensive rebound,,sewane~1,,,"['caldwell,cam', 'barry,michael']","['riding,jake', 'link,jacob', 'smith,preston']",
168,1222,Hendrix,SEWANE~1,1,68-70,"29,41","36,32",9-12,16-5,5-5,5-5,02/01/19,8:00 PM,N/A,"Conway, Ark. (Grove Gymnasium)",Win,2,False,413,False,01:38,"MISS LAYUP by WARLICK,JORDAN",,,,,,,"MISS LAYUP by WARLICK,JORDAN",1,layup,missed,sewane~1,"warlick,jordan",,"['caldwell,cam', 'barry,michael']","['riding,jake', 'link,jacob', 'smith,preston']",98
169,1222,Hendrix,SEWANE~1,1,68-70,"29,41","36,32",9-12,16-5,5-5,5-5,02/01/19,8:00 PM,N/A,"Conway, Ark. (Grove Gymnasium)",Win,2,False,413,False,--,,,,,"REBOUND DEF by RIDING,JAKE",,,"REBOUND DEF by RIDING,JAKE",1,defensive rebound,,hendrix,"riding,jake",,"['caldwell,cam', 'barry,michael']","['riding,jake', 'link,jacob', 'smith,preston']",
170,1222,Hendrix,SEWANE~1,1,68-70,"29,41","36,32",9-12,16-5,5-5,5-5,02/01/19,8:00 PM,N/A,"Conway, Ark. (Grove Gymnasium)",Win,2,False,413,False,01:16,,34 (+5),,29,"GOOD 3PTR by STANLEY,SETH",HENDRIX 34-29 (+5),,"GOOD 3PTR by STANLEY,SETH",1,three pointer,good,hendrix,"stanley,seth",3,"['caldwell,cam', 'barry,michael']","['riding,jake', 'link,jacob', 'smith,preston']",76
171,1222,Hendrix,SEWANE~1,1,68-70,"29,41","36,32",9-12,16-5,5-5,5-5,02/01/19,8:00 PM,N/A,"Conway, Ark. (Grove Gymnasium)",Win,2,False,413,False,--,,,,,"ASSIST  by RIDING,JAKE",,,"ASSIST  by RIDING,JAKE",1,assist,,hendrix,"riding,jake",,"['caldwell,cam', 'barry,michael']","['riding,jake', 'link,jacob', 'smith,preston']",
172,1222,Hendrix,SEWANE~1,1,68-70,"29,41","36,32",9-12,16-5,5-5,5-5,02/01/19,8:00 PM,N/A,"Conway, Ark. (Grove Gymnasium)",Win,2,False,413,False,00:37,"FOUL  by BARRY,MICHAEL",,,,,,,"FOUL  by BARRY,MICHAEL",1,foul,,sewane~1,"barry,michael",,"['caldwell,cam', 'barry,michael']","['riding,jake', 'link,jacob', 'smith,preston']",37
173,1222,Hendrix,SEWANE~1,1,68-70,"29,41","36,32",9-12,16-5,5-5,5-5,02/01/19,8:00 PM,N/A,"Conway, Ark. (Grove Gymnasium)",Win,2,False,413,False,00:37,,,,,"MISS FT by SMITH,PRESTON",,,"MISS FT by SMITH,PRESTON",1,free throw,missed,hendrix,"smith,preston",,"['caldwell,cam', 'barry,michael']","['riding,jake', 'link,jacob', 'smith,preston']",37
174,1222,Hendrix,SEWANE~1,1,68-70,"29,41","36,32",9-12,16-5,5-5,5-5,02/01/19,8:00 PM,N/A,"Conway, Ark. (Grove Gymnasium)",Win,2,False,413,False,--,"REBOUND DEF by WARLICK,JORDAN",,,,,,,"REBOUND DEF by WARLICK,JORDAN",1,defensive rebound,,sewane~1,"warlick,jordan",,"['caldwell,cam', 'barry,michael']","['riding,jake', 'link,jacob', 'smith,preston']",
175,1222,Hendrix,SEWANE~1,1,68-70,"29,41","36,32",9-12,16-5,5-5,5-5,02/01/19,8:00 PM,N/A,"Conway, Ark. (Grove Gymnasium)",Win,2,False,413,False,00:37,"SUB IN by CRUMLY,JONNY",,,,,,,"SUB IN by CRUMLY,JONNY",1,subbing in,,sewane~1,"crumly,jonny",,"['caldwell,cam', 'barry,michael', 'crumly,jonny']","['riding,jake', 'link,jacob', 'smith,preston']",37
176,1222,Hendrix,SEWANE~1,1,68-70,"29,41","36,32",9-12,16-5,5-5,5-5,02/01/19,8:00 PM,N/A,"Conway, Ark. (Grove Gymnasium)",Win,2,False,413,False,00:37,"SUB OUT by BARRY,MICHAEL",,,,,,,"SUB OUT by BARRY,MICHAEL",1,subbing out,,sewane~1,"barry,michael",,"['caldwell,cam', 'crumly,jonny']","['riding,jake', 'link,jacob', 'smith,preston']",37
177,1222,Hendrix,SEWANE~1,1,68-70,"29,41","36,32",9-12,16-5,5-5,5-5,02/01/19,8:00 PM,N/A,"Conway, Ark. (Grove Gymnasium)",Win,2,False,413,False,00:17,"GOOD JUMPER by BUESCHER,HUNTER",36 (+7),,29,,SEWANE~1 36-29 (+7),,"GOOD JUMPER by BUESCHER,HUNTER",1,jumper,good,sewane~1,"buescher,hunter",2,"['caldwell,cam', 'crumly,jonny']","['riding,jake', 'link,jacob', 'smith,preston']",17
178,1222,Hendrix,SEWANE~1,1,68-70,"29,41","36,32",9-12,16-5,5-5,5-5,02/01/19,8:00 PM,N/A,"Conway, Ark. (Grove Gymnasium)",Win,2,False,413,False,00:17,"SUB OUT by KNOX,JOEY",,,,,,,"SUB OUT by KNOX,JOEY",1,subbing out,,sewane~1,"knox,joey",,"['caldwell,cam', 'crumly,jonny']","['riding,jake', 'link,jacob', 'smith,preston']",17
179,1222,Hendrix,SEWANE~1,1,68-70,"29,41","36,32",9-12,16-5,5-5,5-5,02/01/19,8:00 PM,N/A,"Conway, Ark. (Grove Gymnasium)",Win,2,False,413,False,00:12,,,,,TIMEOUT 30SEC by TEAM,,,TIMEOUT 30SEC by TEAM,1,timeout,,hendrix,,,"['caldwell,cam', 'crumly,jonny']","['riding,jake', 'link,jacob', 'smith,preston']",12
180,1222,Hendrix,SEWANE~1,1,68-70,"29,41","36,32",9-12,16-5,5-5,5-5,02/01/19,8:00 PM,N/A,"Conway, Ark. (Grove Gymnasium)",Win,2,False,413,False,00:01,,,,,"MISS 3PTR by COMAN,SEAN",,,"MISS 3PTR by COMAN,SEAN",1,three pointer,missed,hendrix,"coman,sean",,"['caldwell,cam', 'crumly,jonny']","['riding,jake', 'link,jacob', 'smith,preston']",1
181,1222,Hendrix,SEWANE~1,1,68-70,"29,41","36,32",9-12,16-5,5-5,5-5,02/01/19,8:00 PM,N/A,"Conway, Ark. (Grove Gymnasium)",Win,2,False,413,False,--,"REBOUND DEF by BUESCHER,HUNTER",,,,,,,"REBOUND DEF by BUESCHER,HUNTER",1,defensive rebound,,sewane~1,"buescher,hunter",,"['caldwell,cam', 'crumly,jonny']","['riding,jake', 'link,jacob', 'smith,preston']",
182,1222,Hendrix,SEWANE~1,1,68-70,"29,41","36,32",9-12,16-5,5-5,5-5,02/01/19,8:00 PM,N/A,"Conway, Ark. (Grove Gymnasium)",Win,2,False,413,False,19:48,,36 (+5),,31,"GOOD LAYUP by LINK,JACOB(in the paint)",HENDRIX 36-31 (+5),,"GOOD LAYUP by LINK,JACOB(in the paint)",2,layup,good,hendrix,"link,jacob",2,"['caldwell,cam', 'crumly,jonny']","['riding,jake', 'link,jacob', 'smith,preston']",1188
183,1222,Hendrix,SEWANE~1,1,68-70,"29,41","36,32",9-12,16-5,5-5,5-5,02/01/19,8:00 PM,N/A,"Conway, Ark. (Grove Gymnasium)",Win,2,False,413,False,19:10,"TURNOVER  by CALDWELL,CAM",,,,,,,"TURNOVER  by CALDWELL,CAM",2,turnover,,sewane~1,"caldwell,cam",,"['caldwell,cam', 'crumly,jonny']","['riding,jake', 'link,jacob', 'smith,preston']",1150
184,1222,Hendrix,SEWANE~1,1,68-70,"29,41","36,32",9-12,16-5,5-5,5-5,02/01/19,8:00 PM,N/A,"Conway, Ark. (Grove Gymnasium)",Win,2,False,413,False,18:47,,36 (+2),,34,"GOOD 3PTR by SMITH,PRESTON",HENDRIX 36-34 (+2),,"GOOD 3PTR by SMITH,PRESTON",2,three pointer,good,hendrix,"smith,preston",3,"['caldwell,cam', 'crumly,jonny']","['riding,jake', 'link,jacob', 'smith,preston']",1127
185,1222,Hendrix,SEWANE~1,1,68-70,"29,41","36,32",9-12,16-5,5-5,5-5,02/01/19,8:00 PM,N/A,"Conway, Ark. (Grove Gymnasium)",Win,2,False,413,False,--,,,,,"ASSIST  by LINK,JACOB",,,"ASSIST  by LINK,JACOB",2,assist,,hendrix,"link,jacob",,"['caldwell,cam', 'crumly,jonny']","['riding,jake', 'link,jacob', 'smith,preston']",
186,1222,Hendrix,SEWANE~1,1,68-70,"29,41","36,32",9-12,16-5,5-5,5-5,02/01/19,8:00 PM,N/A,"Conway, Ark. (Grove Gymnasium)",Win,2,False,413,False,18:24,"MISS JUMPER by WARLICK,JORDAN",,,,,,,"MISS JUMPER by WARLICK,JORDAN",2,jumper,missed,sewane~1,"warlick,jordan",,"['caldwell,cam', 'crumly,jonny']","['riding,jake', 'link,jacob', 'smith,preston']",1104
187,1222,Hendrix,SEWANE~1,1,68-70,"29,41","36,32",9-12,16-5,5-5,5-5,02/01/19,8:00 PM,N/A,"Conway, Ark. (Grove Gymnasium)",Win,2,False,413,False,--,"REBOUND OFF by WARLICK,JORDAN",,,,,,,"REBOUND OFF by WARLICK,JORDAN",2,offensive rebound,,sewane~1,"warlick,jordan",,"['caldwell,cam', 'crumly,jonny']","['riding,jake', 'link,jacob', 'smith,preston']",
188,1222,Hendrix,SEWANE~1,1,68-70,"29,41","36,32",9-12,16-5,5-5,5-5,02/01/19,8:00 PM,N/A,"Conway, Ark. (Grove Gymnasium)",Win,2,False,413,False,18:17,,,,,"FOUL  by LINK,JACOB",,,"FOUL  by LINK,JACOB",2,foul,,hendrix,"link,jacob",,"['caldwell,cam', 'crumly,jonny']","['riding,jake', 'link,jacob', 'smith,preston']",1097
189,1222,Hendrix,SEWANE~1,1,68-70,"29,41","36,32",9-12,16-5,5-5,5-5,02/01/19,8:00 PM,N/A,"Conway, Ark. (Grove Gymnasium)",Win,2,False,413,False,18:17,"GOOD JUMPER by CALDWELL,CAM",38 (+4),,34,,SEWANE~1 38-34 (+4),,"GOOD JUMPER by CALDWELL,CAM",2,jumper,good,sewane~1,"caldwell,cam",2,"['caldwell,cam', 'crumly,jonny']","['riding,jake', 'link,jacob', 'smith,preston']",1097
190,1222,Hendrix,SEWANE~1,1,68-70,"29,41","36,32",9-12,16-5,5-5,5-5,02/01/19,8:00 PM,N/A,"Conway, Ark. (Grove Gymnasium)",Win,2,False,413,False,18:17,,38 (+2),,36,"GOOD LAYUP by LINK,JACOB(in the paint)",HENDRIX 38-36 (+2),,"GOOD LAYUP by LINK,JACOB(in the paint)",2,layup,good,hendrix,"link,jacob",2,"['caldwell,cam', 'crumly,jonny']","['riding,jake', 'link,jacob', 'smith,preston']",1097
191,1222,Hendrix,SEWANE~1,1,68-70,"29,41","36,32",9-12,16-5,5-5,5-5,02/01/19,8:00 PM,N/A,"Conway, Ark. (Grove Gymnasium)",Win,2,False,413,False,18:17,"MISS LAYUP by SMITH,LUKE",,,,,,,"MISS LAYUP by SMITH,LUKE",2,layup,missed,sewane~1,"smith,luke",,"['caldwell,cam', 'crumly,jonny']","['riding,jake', 'link,jacob', 'smith,preston']",1097
192,1222,Hendrix,SEWANE~1,1,68-70,"29,41","36,32",9-12,16-5,5-5,5-5,02/01/19,8:00 PM,N/A,"Conway, Ark. (Grove Gymnasium)",Win,2,False,413,False,--,"REBOUND OFF by CALDWELL,CAM",,,,,,,"REBOUND OFF by CALDWELL,CAM",2,offensive rebound,,sewane~1,"caldwell,cam",,"['caldwell,cam', 'crumly,jonny']","['riding,jake', 'link,jacob', 'smith,preston']",
193,1222,Hendrix,SEWANE~1,1,68-70,"29,41","36,32",9-12,16-5,5-5,5-5,02/01/19,8:00 PM,N/A,"Conway, Ark. (Grove Gymnasium)",Win,2,False,413,False,18:17,"TURNOVER  by LEE,MATT",,,,,,,"TURNOVER  by LEE,MATT",2,turnover,,sewane~1,"lee,matt",,"['caldwell,cam', 'crumly,jonny']","['riding,jake', 'link,jacob', 'smith,preston']",1097
194,1222,Hendrix,SEWANE~1,1,68-70,"29,41","36,32",9-12,16-5,5-5,5-5,02/01/19,8:00 PM,N/A,"Conway, Ark. (Grove Gymnasium)",Win,2,False,413,False,18:17,,,,,"STEAL  by STANLEY,SETH",,,"STEAL  by STANLEY,SETH",2,steal,,hendrix,,,"['caldwell,cam', 'crumly,jonny']","['riding,jake', 'link,jacob', 'smith,preston']",1097
195,1222,Hendrix,SEWANE~1,1,68-70,"29,41","36,32",9-12,16-5,5-5,5-5,02/01/19,8:00 PM,N/A,"Conway, Ark. (Grove Gymnasium)",Win,2,False,413,False,18:11,"FOUL  by WARLICK,JORDAN",,,,,,,"FOUL  by WARLICK,JORDAN",2,foul,,sewane~1,"warlick,jordan",,"['caldwell,cam', 'crumly,jonny']","['riding,jake', 'link,jacob', 'smith,preston']",1091
196,1222,Hendrix,SEWANE~1,1,68-70,"29,41","36,32",9-12,16-5,5-5,5-5,02/01/19,8:00 PM,N/A,"Conway, Ark. (Grove Gymnasium)",Win,2,False,413,False,17:43,"FOUL  by SMITH,LUKE",,,,,,,"FOUL  by SMITH,LUKE",2,foul,,sewane~1,"smith,luke",,"['caldwell,cam', 'crumly,jonny']","['riding,jake', 'link,jacob', 'smith,preston']",1063
197,1222,Hendrix,SEWANE~1,1,68-70,"29,41","36,32",9-12,16-5,5-5,5-5,02/01/19,8:00 PM,N/A,"Conway, Ark. (Grove Gymnasium)",Win,2,False,413,False,17:17,,,,,"TURNOVER  by SMITH,PRESTON",,,"TURNOVER  by SMITH,PRESTON",2,turnover,,hendrix,"smith,preston",,"['caldwell,cam', 'crumly,jonny']","['riding,jake', 'link,jacob', 'smith,preston']",1037
198,1222,Hendrix,SEWANE~1,1,68-70,"29,41","36,32",9-12,16-5,5-5,5-5,02/01/19,8:00 PM,N/A,"Conway, Ark. (Grove Gymnasium)",Win,2,False,413,False,17:15,"STEAL  by BUESCHER,HUNTER",,,,,,,"STEAL  by BUESCHER,HUNTER",2,steal,,sewane~1,,,"['caldwell,cam', 'crumly,jonny']","['riding,jake', 'link,jacob', 'smith,preston']",1035
199,1222,Hendrix,SEWANE~1,1,68-70,"29,41","36,32",9-12,16-5,5-5,5-5,02/01/19,8:00 PM,N/A,"Conway, Ark. (Grove Gymnasium)",Win,2,False,413,False,17:13,"GOOD LAYUP by BUESCHER,HUNTER(fastbreak)(in the paint)",40 (+4),,36,,SEWANE~1 40-36 (+4),,"GOOD LAYUP by BUESCHER,HUNTER(fastbreak)(in the paint)",2,layup,good,sewane~1,"buescher,hunter(fastbreak)",2,"['caldwell,cam', 'crumly,jonny']","['riding,jake', 'link,jacob', 'smith,preston']",1033
200,1222,Hendrix,SEWANE~1,1,68-70,"29,41","36,32",9-12,16-5,5-5,5-5,02/01/19,8:00 PM,N/A,"Conway, Ark. (Grove Gymnasium)",Win,2,False,413,False,16:59,,,,,"MISS 3PTR by LINK,JACOB",,,"MISS 3PTR by LINK,JACOB",2,three pointer,missed,hendrix,"link,jacob",,"['caldwell,cam', 'crumly,jonny']","['riding,jake', 'link,jacob', 'smith,preston']",1019
201,1222,Hendrix,SEWANE~1,1,68-70,"29,41","36,32",9-12,16-5,5-5,5-5,02/01/19,8:00 PM,N/A,"Conway, Ark. (Grove Gymnasium)",Win,2,False,413,False,--,"REBOUND DEF by BUESCHER,HUNTER",,,,,,,"REBOUND DEF by BUESCHER,HUNTER",2,defensive rebound,,sewane~1,"buescher,hunter",,"['caldwell,cam', 'crumly,jonny']","['riding,jake', 'link,jacob', 'smith,preston']",
202,1222,Hendrix,SEWANE~1,1,68-70,"29,41","36,32",9-12,16-5,5-5,5-5,02/01/19,8:00 PM,N/A,"Conway, Ark. (Grove Gymnasium)",Win,2,False,413,False,16:53,"MISS JUMPER by BUESCHER,HUNTER",,,,,,,"MISS JUMPER by BUESCHER,HUNTER",2,jumper,missed,sewane~1,"buescher,hunter",,"['caldwell,cam', 'crumly,jonny']","['riding,jake', 'link,jacob', 'smith,preston']",1013
203,1222,Hendrix,SEWANE~1,1,68-70,"29,41","36,32",9-12,16-5,5-5,5-5,02/01/19,8:00 PM,N/A,"Conway, Ark. (Grove Gymnasium)",Win,2,False,413,False,--,,,,,"REBOUND DEF by FITCH,CARL",,,"REBOUND DEF by FITCH,CARL",2,defensive rebound,,hendrix,"fitch,carl",,"['caldwell,cam', 'crumly,jonny']","['riding,jake', 'link,jacob', 'smith,preston']",
204,1222,Hendrix,SEWANE~1,1,68-70,"29,41","36,32",9-12,16-5,5-5,5-5,02/01/19,8:00 PM,N/A,"Conway, Ark. (Grove Gymnasium)",Win,2,False,413,False,16:23,"FOUL  by BUESCHER,HUNTER",,,,,,,"FOUL  by BUESCHER,HUNTER",2,foul,,sewane~1,"buescher,hunter",,"['caldwell,cam', 'crumly,jonny']","['riding,jake', 'link,jacob', 'smith,preston']",983
205,1222,Hendrix,SEWANE~1,1,68-70,"29,41","36,32",9-12,16-5,5-5,5-5,02/01/19,8:00 PM,N/A,"Conway, Ark. (Grove Gymnasium)",Win,2,False,413,False,16:17,,,,,TIMEOUT TEAM by TEAM,,,TIMEOUT TEAM by TEAM,2,timeout,,hendrix,,,"['caldwell,cam', 'crumly,jonny']","['riding,jake', 'link,jacob', 'smith,preston']",977
206,1222,Hendrix,SEWANE~1,1,68-70,"29,41","36,32",9-12,16-5,5-5,5-5,02/01/19,8:00 PM,N/A,"Conway, Ark. (Grove Gymnasium)",Win,2,False,413,False,15:58,,40 (+3),,37,"GOOD FT by COMAN,SEAN",HENDRIX 40-37 (+3),,"GOOD FT by COMAN,SEAN",2,free throw,good,hendrix,"coman,sean",1,"['caldwell,cam', 'crumly,jonny']","['riding,jake', 'link,jacob', 'smith,preston']",958
207,1222,Hendrix,SEWANE~1,1,68-70,"29,41","36,32",9-12,16-5,5-5,5-5,02/01/19,8:00 PM,N/A,"Conway, Ark. (Grove Gymnasium)",Win,2,False,413,False,15:58,,40 (+2),,38,"GOOD FT by COMAN,SEAN",HENDRIX 40-38 (+2),,"GOOD FT by COMAN,SEAN",2,free throw,good,hendrix,"coman,sean",1,"['caldwell,cam', 'crumly,jonny']","['riding,jake', 'link,jacob', 'smith,preston']",958
208,1222,Hendrix,SEWANE~1,1,68-70,"29,41","36,32",9-12,16-5,5-5,5-5,02/01/19,8:00 PM,N/A,"Conway, Ark. (Grove Gymnasium)",Win,2,False,413,False,15:58,,,,,"FOUL  by STANLEY,SETH",,,"FOUL  by STANLEY,SETH",2,foul,,hendrix,"stanley,seth",,"['caldwell,cam', 'crumly,jonny']","['riding,jake', 'link,jacob', 'smith,preston']",958
209,1222,Hendrix,SEWANE~1,1,68-70,"29,41","36,32",9-12,16-5,5-5,5-5,02/01/19,8:00 PM,N/A,"Conway, Ark. (Grove Gymnasium)",Win,2,False,413,False,15:58,"MISS FT by WARLICK,JORDAN",,,,,,,"MISS FT by WARLICK,JORDAN",2,free throw,missed,sewane~1,"warlick,jordan",,"['caldwell,cam', 'crumly,jonny']","['riding,jake', 'link,jacob', 'smith,preston']",958
210,1222,Hendrix,SEWANE~1,1,68-70,"29,41","36,32",9-12,16-5,5-5,5-5,02/01/19,8:00 PM,N/A,"Conway, Ark. (Grove Gymnasium)",Win,2,False,413,False,--,REBOUND DEADB by TEAM,,,,,,,REBOUND DEADB by TEAM,2,deadball rebound,,sewane~1,,,"['caldwell,cam', 'crumly,jonny']","['riding,jake', 'link,jacob', 'smith,preston']",
211,1222,Hendrix,SEWANE~1,1,68-70,"29,41","36,32",9-12,16-5,5-5,5-5,02/01/19,8:00 PM,N/A,"Conway, Ark. (Grove Gymnasium)",Win,2,False,413,False,15:58,"GOOD FT by WARLICK,JORDAN",41 (+3),,38,,SEWANE~1 41-38 (+3),,"GOOD FT by WARLICK,JORDAN",2,free throw,good,sewane~1,"warlick,jordan",1,"['caldwell,cam', 'crumly,jonny']","['riding,jake', 'link,jacob', 'smith,preston']",958
212,1222,Hendrix,SEWANE~1,1,68-70,"29,41","36,32",9-12,16-5,5-5,5-5,02/01/19,8:00 PM,N/A,"Conway, Ark. (Grove Gymnasium)",Win,2,False,413,False,15:58,"SUB IN by BARRY,MICHAEL",,,,,,,"SUB IN by BARRY,MICHAEL",2,subbing in,,sewane~1,"barry,michael",,"['caldwell,cam', 'crumly,jonny']","['riding,jake', 'link,jacob', 'smith,preston']",958
213,1222,Hendrix,SEWANE~1,1,68-70,"29,41","36,32",9-12,16-5,5-5,5-5,02/01/19,8:00 PM,N/A,"Conway, Ark. (Grove Gymnasium)",Win,2,False,413,False,15:58,"SUB OUT by BUESCHER,HUNTER",,,,,,,"SUB OUT by BUESCHER,HUNTER",2,subbing out,,sewane~1,"buescher,hunter",,"['caldwell,cam', 'crumly,jonny']","['riding,jake', 'link,jacob', 'smith,preston']",958
214,1222,Hendrix,SEWANE~1,1,68-70,"29,41","36,32",9-12,16-5,5-5,5-5,02/01/19,8:00 PM,N/A,"Conway, Ark. (Grove Gymnasium)",Win,2,False,413,False,15:43,,41,,41,"GOOD 3PTR by STANLEY,SETH",HENDRIX 41-41 (0),,"GOOD 3PTR by STANLEY,SETH",2,three pointer,good,hendrix,"stanley,seth",3,"['caldwell,cam', 'crumly,jonny']","['riding,jake', 'link,jacob', 'smith,preston']",943
215,1222,Hendrix,SEWANE~1,1,68-70,"29,41","36,32",9-12,16-5,5-5,5-5,02/01/19,8:00 PM,N/A,"Conway, Ark. (Grove Gymnasium)",Win,2,False,413,False,15:22,"GOOD LAYUP by CALDWELL,CAM(in the paint)",43 (+2),,41,,SEWANE~1 43-41 (+2),,"GOOD LAYUP by CALDWELL,CAM(in the paint)",2,layup,good,sewane~1,"caldwell,cam",2,"['caldwell,cam', 'crumly,jonny']","['riding,jake', 'link,jacob', 'smith,preston']",922
216,1222,Hendrix,SEWANE~1,1,68-70,"29,41","36,32",9-12,16-5,5-5,5-5,02/01/19,8:00 PM,N/A,"Conway, Ark. (Grove Gymnasium)",Win,2,False,413,False,15:00,,43,,43,"GOOD JUMPER by SMITH,PRESTON",HENDRIX 43-43 (0),,"GOOD JUMPER by SMITH,PRESTON",2,jumper,good,hendrix,"smith,preston",2,"['caldwell,cam', 'crumly,jonny']","['riding,jake', 'link,jacob', 'smith,preston']",900
217,1222,Hendrix,SEWANE~1,1,68-70,"29,41","36,32",9-12,16-5,5-5,5-5,02/01/19,8:00 PM,N/A,"Conway, Ark. (Grove Gymnasium)",Win,2,False,413,False,--,,,,,"ASSIST  by LINK,JACOB",,,"ASSIST  by LINK,JACOB",2,assist,,hendrix,"link,jacob",,"['caldwell,cam', 'crumly,jonny']","['riding,jake', 'link,jacob', 'smith,preston']",
218,1222,Hendrix,SEWANE~1,1,68-70,"29,41","36,32",9-12,16-5,5-5,5-5,02/01/19,8:00 PM,N/A,"Conway, Ark. (Grove Gymnasium)",Win,2,False,413,False,14:37,,,,,"FOUL  by STANLEY,SETH",,,"FOUL  by STANLEY,SETH",2,foul,,hendrix,"stanley,seth",,"['caldwell,cam', 'crumly,jonny']","['riding,jake', 'link,jacob', 'smith,preston']",877
219,1222,Hendrix,SEWANE~1,1,68-70,"29,41","36,32",9-12,16-5,5-5,5-5,02/01/19,8:00 PM,N/A,"Conway, Ark. (Grove Gymnasium)",Win,2,False,413,False,14:36,,,,,"FOUL  by LINK,JACOB",,,"FOUL  by LINK,JACOB",2,foul,,hendrix,"link,jacob",,"['caldwell,cam', 'crumly,jonny']","['riding,jake', 'link,jacob', 'smith,preston']",876
220,1222,Hendrix,SEWANE~1,1,68-70,"29,41","36,32",9-12,16-5,5-5,5-5,02/01/19,8:00 PM,N/A,"Conway, Ark. (Grove Gymnasium)",Win,2,False,413,False,14:36,,,,,"SUB IN by EATON,JACK",,,"SUB IN by EATON,JACK",2,subbing in,,hendrix,"eaton,jack",,"['caldwell,cam', 'crumly,jonny']","['riding,jake', 'link,jacob', 'smith,preston']",876
221,1222,Hendrix,SEWANE~1,1,68-70,"29,41","36,32",9-12,16-5,5-5,5-5,02/01/19,8:00 PM,N/A,"Conway, Ark. (Grove Gymnasium)",Win,2,False,413,False,14:36,,,,,"SUB IN by RIDING,JAKE",,,"SUB IN by RIDING,JAKE",2,subbing in,,hendrix,"riding,jake",,"['caldwell,cam', 'crumly,jonny']","['riding,jake', 'link,jacob', 'smith,preston']",876
222,1222,Hendrix,SEWANE~1,1,68-70,"29,41","36,32",9-12,16-5,5-5,5-5,02/01/19,8:00 PM,N/A,"Conway, Ark. (Grove Gymnasium)",Win,2,False,413,False,14:36,,,,,"SUB IN by CALAMESE,MICHAEL",,,"SUB IN by CALAMESE,MICHAEL",2,subbing in,,hendrix,"calamese,michael",,"['caldwell,cam', 'crumly,jonny']","['riding,jake', 'link,jacob', 'smith,preston']",876
223,1222,Hendrix,SEWANE~1,1,68-70,"29,41","36,32",9-12,16-5,5-5,5-5,02/01/19,8:00 PM,N/A,"Conway, Ark. (Grove Gymnasium)",Win,2,False,413,False,14:36,,,,,"SUB OUT by LINK,JACOB",,,"SUB OUT by LINK,JACOB",2,subbing out,,hendrix,"link,jacob",,"['caldwell,cam', 'crumly,jonny']","['riding,jake', 'smith,preston']",876
224,1222,Hendrix,SEWANE~1,1,68-70,"29,41","36,32",9-12,16-5,5-5,5-5,02/01/19,8:00 PM,N/A,"Conway, Ark. (Grove Gymnasium)",Win,2,False,413,False,14:36,,,,,"SUB OUT by COMAN,SEAN",,,"SUB OUT by COMAN,SEAN",2,subbing out,,hendrix,"coman,sean",,"['caldwell,cam', 'crumly,jonny']","['riding,jake', 'smith,preston']",876
225,1222,Hendrix,SEWANE~1,1,68-70,"29,41","36,32",9-12,16-5,5-5,5-5,02/01/19,8:00 PM,N/A,"Conway, Ark. (Grove Gymnasium)",Win,2,False,413,False,14:36,,,,,"SUB OUT by STANLEY,SETH",,,"SUB OUT by STANLEY,SETH",2,subbing out,,hendrix,"stanley,seth",,"['caldwell,cam', 'crumly,jonny']","['riding,jake', 'smith,preston']",876
226,1222,Hendrix,SEWANE~1,1,68-70,"29,41","36,32",9-12,16-5,5-5,5-5,02/01/19,8:00 PM,N/A,"Conway, Ark. (Grove Gymnasium)",Win,2,False,413,False,14:26,"MISS JUMPER by LEE,MATT",,,,,,,"MISS JUMPER by LEE,MATT",2,jumper,missed,sewane~1,"lee,matt",,"['caldwell,cam', 'crumly,jonny']","['riding,jake', 'smith,preston']",866
227,1222,Hendrix,SEWANE~1,1,68-70,"29,41","36,32",9-12,16-5,5-5,5-5,02/01/19,8:00 PM,N/A,"Conway, Ark. (Grove Gymnasium)",Win,2,False,413,False,14:26,,,,,"BLOCK  by FITCH,CARL",,,"BLOCK  by FITCH,CARL",2,block,,hendrix,"fitch,carl",,"['caldwell,cam', 'crumly,jonny']","['riding,jake', 'smith,preston']",866
228,1222,Hendrix,SEWANE~1,1,68-70,"29,41","36,32",9-12,16-5,5-5,5-5,02/01/19,8:00 PM,N/A,"Conway, Ark. (Grove Gymnasium)",Win,2,False,413,False,--,,,,,"REBOUND DEF by EATON,JACK",,,"REBOUND DEF by EATON,JACK",2,defensive rebound,,hendrix,"eaton,jack",,"['caldwell,cam', 'crumly,jonny']","['riding,jake', 'smith,preston']",
229,1222,Hendrix,SEWANE~1,1,68-70,"29,41","36,32",9-12,16-5,5-5,5-5,02/01/19,8:00 PM,N/A,"Conway, Ark. (Grove Gymnasium)",Win,2,False,413,False,14:04,,,,,"MISS 3PTR by CALAMESE,MICHAEL",,,"MISS 3PTR by CALAMESE,MICHAEL",2,three pointer,missed,hendrix,"calamese,michael",,"['caldwell,cam', 'crumly,jonny']","['riding,jake', 'smith,preston']",844
230,1222,Hendrix,SEWANE~1,1,68-70,"29,41","36,32",9-12,16-5,5-5,5-5,02/01/19,8:00 PM,N/A,"Conway, Ark. (Grove Gymnasium)",Win,2,False,413,False,--,"REBOUND OFF by CALDWELL,CAM",,,,,,,"REBOUND OFF by CALDWELL,CAM",2,offensive rebound,,sewane~1,"caldwell,cam",,"['caldwell,cam', 'crumly,jonny']","['riding,jake', 'smith,preston']",
231,1222,Hendrix,SEWANE~1,1,68-70,"29,41","36,32",9-12,16-5,5-5,5-5,02/01/19,8:00 PM,N/A,"Conway, Ark. (Grove Gymnasium)",Win,2,False,413,False,13:55,,,,,"FOUL  by FITCH,CARL",,,"FOUL  by FITCH,CARL",2,foul,,hendrix,"fitch,carl",,"['caldwell,cam', 'crumly,jonny']","['riding,jake', 'smith,preston']",835
232,1222,Hendrix,SEWANE~1,1,68-70,"29,41","36,32",9-12,16-5,5-5,5-5,02/01/19,8:00 PM,N/A,"Conway, Ark. (Grove Gymnasium)",Win,2,False,413,False,13:42,"GOOD LAYUP by SMITH,LUKE(in the paint)",45 (+2),,43,,SEWANE~1 45-43 (+2),,"GOOD LAYUP by SMITH,LUKE(in the paint)",2,layup,good,sewane~1,"smith,luke",2,"['caldwell,cam', 'crumly,jonny']","['riding,jake', 'smith,preston']",822
233,1222,Hendrix,SEWANE~1,1,68-70,"29,41","36,32",9-12,16-5,5-5,5-5,02/01/19,8:00 PM,N/A,"Conway, Ark. (Grove Gymnasium)",Win,2,False,413,False,13:21,,45,,45,"GOOD LAYUP by RIDING,JAKE(in the paint)",HENDRIX 45-45 (0),,"GOOD LAYUP by RIDING,JAKE(in the paint)",2,layup,good,hendrix,"riding,jake",2,"['caldwell,cam', 'crumly,jonny']","['riding,jake', 'smith,preston']",801
234,1222,Hendrix,SEWANE~1,1,68-70,"29,41","36,32",9-12,16-5,5-5,5-5,02/01/19,8:00 PM,N/A,"Conway, Ark. (Grove Gymnasium)",Win,2,False,413,False,13:01,"GOOD 3PTR by SMITH,LUKE",48 (+3),,45,,SEWANE~1 48-45 (+3),,"GOOD 3PTR by SMITH,LUKE",2,three pointer,good,sewane~1,"smith,luke",3,"['caldwell,cam', 'crumly,jonny']","['riding,jake', 'smith,preston']",781
235,1222,Hendrix,SEWANE~1,1,68-70,"29,41","36,32",9-12,16-5,5-5,5-5,02/01/19,8:00 PM,N/A,"Conway, Ark. (Grove Gymnasium)",Win,2,False,413,False,12:49,,48 (+1),,47,"GOOD LAYUP by CALAMESE,MICHAEL(in the paint)",HENDRIX 48-47 (+1),,"GOOD LAYUP by CALAMESE,MICHAEL(in the paint)",2,layup,good,hendrix,"calamese,michael",2,"['caldwell,cam', 'crumly,jonny']","['riding,jake', 'smith,preston']",769
236,1222,Hendrix,SEWANE~1,1,68-70,"29,41","36,32",9-12,16-5,5-5,5-5,02/01/19,8:00 PM,N/A,"Conway, Ark. (Grove Gymnasium)",Win,2,False,413,False,12:31,"MISS 3PTR by SMITH,LUKE",,,,,,,"MISS 3PTR by SMITH,LUKE",2,three pointer,missed,sewane~1,"smith,luke",,"['caldwell,cam', 'crumly,jonny']","['riding,jake', 'smith,preston']",751
237,1222,Hendrix,SEWANE~1,1,68-70,"29,41","36,32",9-12,16-5,5-5,5-5,02/01/19,8:00 PM,N/A,"Conway, Ark. (Grove Gymnasium)",Win,2,False,413,False,--,"REBOUND OFF by MCDONOUGH,SEAN",,,,,,,"REBOUND OFF by MCDONOUGH,SEAN",2,offensive rebound,,sewane~1,"mcdonough,sean",,"['caldwell,cam', 'crumly,jonny']","['riding,jake', 'smith,preston']",
238,1222,Hendrix,SEWANE~1,1,68-70,"29,41","36,32",9-12,16-5,5-5,5-5,02/01/19,8:00 PM,N/A,"Conway, Ark. (Grove Gymnasium)",Win,2,False,413,False,12:13,"GOOD JUMPER by LEE,MATT(in the paint)",50 (+3),,47,,SEWANE~1 50-47 (+3),,"GOOD JUMPER by LEE,MATT(in the paint)",2,jumper,good,sewane~1,"lee,matt",2,"['caldwell,cam', 'crumly,jonny']","['riding,jake', 'smith,preston']",733
239,1222,Hendrix,SEWANE~1,1,68-70,"29,41","36,32",9-12,16-5,5-5,5-5,02/01/19,8:00 PM,N/A,"Conway, Ark. (Grove Gymnasium)",Win,2,False,413,False,11:56,,,,,"TURNOVER  by RIDING,JAKE",,,"TURNOVER  by RIDING,JAKE",2,turnover,,hendrix,"riding,jake",,"['caldwell,cam', 'crumly,jonny']","['riding,jake', 'smith,preston']",716
240,1222,Hendrix,SEWANE~1,1,68-70,"29,41","36,32",9-12,16-5,5-5,5-5,02/01/19,8:00 PM,N/A,"Conway, Ark. (Grove Gymnasium)",Win,2,False,413,False,11:54,"STEAL  by BARRY,MICHAEL",,,,,,,"STEAL  by BARRY,MICHAEL",2,steal,,sewane~1,,,"['caldwell,cam', 'crumly,jonny']","['riding,jake', 'smith,preston']",714
241,1222,Hendrix,SEWANE~1,1,68-70,"29,41","36,32",9-12,16-5,5-5,5-5,02/01/19,8:00 PM,N/A,"Conway, Ark. (Grove Gymnasium)",Win,2,False,413,False,11:39,"GOOD 3PTR by BARRY,MICHAEL",53 (+6),,47,,SEWANE~1 53-47 (+6),,"GOOD 3PTR by BARRY,MICHAEL",2,three pointer,good,sewane~1,"barry,michael",3,"['caldwell,cam', 'crumly,jonny']","['riding,jake', 'smith,preston']",699
242,1222,Hendrix,SEWANE~1,1,68-70,"29,41","36,32",9-12,16-5,5-5,5-5,02/01/19,8:00 PM,N/A,"Conway, Ark. (Grove Gymnasium)",Win,2,False,413,False,--,"ASSIST  by CALDWELL,CAM",,,,,,,"ASSIST  by CALDWELL,CAM",2,assist,,sewane~1,"caldwell,cam",,"['caldwell,cam', 'crumly,jonny']","['riding,jake', 'smith,preston']",
243,1222,Hendrix,SEWANE~1,1,68-70,"29,41","36,32",9-12,16-5,5-5,5-5,02/01/19,8:00 PM,N/A,"Conway, Ark. (Grove Gymnasium)",Win,2,False,413,False,11:11,,,,,"MISS JUMPER by FITCH,CARL",,,"MISS JUMPER by FITCH,CARL",2,jumper,missed,hendrix,"fitch,carl",,"['caldwell,cam', 'crumly,jonny']","['riding,jake', 'smith,preston']",671
244,1222,Hendrix,SEWANE~1,1,68-70,"29,41","36,32",9-12,16-5,5-5,5-5,02/01/19,8:00 PM,N/A,"Conway, Ark. (Grove Gymnasium)",Win,2,False,413,False,--,"REBOUND DEF by CALDWELL,CAM",,,,,,,"REBOUND DEF by CALDWELL,CAM",2,defensive rebound,,sewane~1,"caldwell,cam",,"['caldwell,cam', 'crumly,jonny']","['riding,jake', 'smith,preston']",
245,1222,Hendrix,SEWANE~1,1,68-70,"29,41","36,32",9-12,16-5,5-5,5-5,02/01/19,8:00 PM,N/A,"Conway, Ark. (Grove Gymnasium)",Win,2,False,413,False,10:52,"TURNOVER  by SMITH,LUKE",,,,,,,"TURNOVER  by SMITH,LUKE",2,turnover,,sewane~1,"smith,luke",,"['caldwell,cam', 'crumly,jonny']","['riding,jake', 'smith,preston']",652
246,1222,Hendrix,SEWANE~1,1,68-70,"29,41","36,32",9-12,16-5,5-5,5-5,02/01/19,8:00 PM,N/A,"Conway, Ark. (Grove Gymnasium)",Win,2,False,413,False,10:50,,,,,"STEAL  by FITCH,CARL",,,"STEAL  by FITCH,CARL",2,steal,,hendrix,,,"['caldwell,cam', 'crumly,jonny']","['riding,jake', 'smith,preston']",650
247,1222,Hendrix,SEWANE~1,1,68-70,"29,41","36,32",9-12,16-5,5-5,5-5,02/01/19,8:00 PM,N/A,"Conway, Ark. (Grove Gymnasium)",Win,2,False,413,False,10:44,"FOUL  by BARRY,MICHAEL",,,,,,,"FOUL  by BARRY,MICHAEL",2,foul,,sewane~1,"barry,michael",,"['caldwell,cam', 'crumly,jonny']","['riding,jake', 'smith,preston']",644
248,1222,Hendrix,SEWANE~1,1,68-70,"29,41","36,32",9-12,16-5,5-5,5-5,02/01/19,8:00 PM,N/A,"Conway, Ark. (Grove Gymnasium)",Win,2,False,413,False,10:44,,,,,TIMEOUT TEAM by TEAM,,,TIMEOUT TEAM by TEAM,2,timeout,,hendrix,,,"['caldwell,cam', 'crumly,jonny']","['riding,jake', 'smith,preston']",644
249,1222,Hendrix,SEWANE~1,1,68-70,"29,41","36,32",9-12,16-5,5-5,5-5,02/01/19,8:00 PM,N/A,"Conway, Ark. (Grove Gymnasium)",Win,2,False,413,False,10:28,"SUB IN by MCDONOUGH,SEAN",,,,,,,"SUB IN by MCDONOUGH,SEAN",2,subbing in,,sewane~1,"mcdonough,sean",,"['caldwell,cam', 'crumly,jonny', 'mcdonough,sean']","['riding,jake', 'smith,preston']",628
250,1222,Hendrix,SEWANE~1,1,68-70,"29,41","36,32",9-12,16-5,5-5,5-5,02/01/19,8:00 PM,N/A,"Conway, Ark. (Grove Gymnasium)",Win,2,False,413,False,10:28,"SUB IN by CRUMLY,JONNY",,,,,,,"SUB IN by CRUMLY,JONNY",2,subbing in,,sewane~1,"crumly,jonny",,"['caldwell,cam', 'crumly,jonny', 'mcdonough,sean']","['riding,jake', 'smith,preston']",628
251,1222,Hendrix,SEWANE~1,1,68-70,"29,41","36,32",9-12,16-5,5-5,5-5,02/01/19,8:00 PM,N/A,"Conway, Ark. (Grove Gymnasium)",Win,2,False,413,False,10:28,"SUB IN by BUESCHER,HUNTER",,,,,,,"SUB IN by BUESCHER,HUNTER",2,subbing in,,sewane~1,"buescher,hunter",,"['caldwell,cam', 'crumly,jonny', 'mcdonough,sean']","['riding,jake', 'smith,preston']",628
252,1222,Hendrix,SEWANE~1,1,68-70,"29,41","36,32",9-12,16-5,5-5,5-5,02/01/19,8:00 PM,N/A,"Conway, Ark. (Grove Gymnasium)",Win,2,False,413,False,10:28,"SUB OUT by LEE,MATT",,,,,,,"SUB OUT by LEE,MATT",2,subbing out,,sewane~1,"lee,matt",,"['caldwell,cam', 'crumly,jonny', 'mcdonough,sean']","['riding,jake', 'smith,preston']",628
253,1222,Hendrix,SEWANE~1,1,68-70,"29,41","36,32",9-12,16-5,5-5,5-5,02/01/19,8:00 PM,N/A,"Conway, Ark. (Grove Gymnasium)",Win,2,False,413,False,10:28,"SUB OUT by CALDWELL,CAM",,,,,,,"SUB OUT by CALDWELL,CAM",2,subbing out,,sewane~1,"caldwell,cam",,"['caldwell,cam', 'crumly,jonny', 'mcdonough,sean']","['riding,jake', 'smith,preston']",628
254,1222,Hendrix,SEWANE~1,1,68-70,"29,41","36,32",9-12,16-5,5-5,5-5,02/01/19,8:00 PM,N/A,"Conway, Ark. (Grove Gymnasium)",Win,2,False,413,False,10:28,"SUB OUT by BARRY,MICHAEL",,,,,,,"SUB OUT by BARRY,MICHAEL",2,subbing out,,sewane~1,"barry,michael",,"['caldwell,cam', 'crumly,jonny', 'mcdonough,sean']","['riding,jake', 'smith,preston']",628
255,1222,Hendrix,SEWANE~1,1,68-70,"29,41","36,32",9-12,16-5,5-5,5-5,02/01/19,8:00 PM,N/A,"Conway, Ark. (Grove Gymnasium)",Win,2,False,413,False,10:28,,,,,"SUB IN by STANLEY,SETH",,,"SUB IN by STANLEY,SETH",2,subbing in,,hendrix,"stanley,seth",,"['caldwell,cam', 'crumly,jonny', 'mcdonough,sean']","['riding,jake', 'smith,preston']",628
256,1222,Hendrix,SEWANE~1,1,68-70,"29,41","36,32",9-12,16-5,5-5,5-5,02/01/19,8:00 PM,N/A,"Conway, Ark. (Grove Gymnasium)",Win,2,False,413,False,10:28,,,,,"SUB IN by ROUSE,TREY",,,"SUB IN by ROUSE,TREY",2,subbing in,,hendrix,"rouse,trey",,"['caldwell,cam', 'crumly,jonny', 'mcdonough,sean']","['riding,jake', 'smith,preston', 'rouse,trey']",628
257,1222,Hendrix,SEWANE~1,1,68-70,"29,41","36,32",9-12,16-5,5-5,5-5,02/01/19,8:00 PM,N/A,"Conway, Ark. (Grove Gymnasium)",Win,2,False,413,False,10:28,,,,,"SUB IN by LINK,JACOB",,,"SUB IN by LINK,JACOB",2,subbing in,,hendrix,"link,jacob",,"['caldwell,cam', 'crumly,jonny', 'mcdonough,sean']","['riding,jake', 'smith,preston', 'rouse,trey', 'link,jacob']",628
258,1222,Hendrix,SEWANE~1,1,68-70,"29,41","36,32",9-12,16-5,5-5,5-5,02/01/19,8:00 PM,N/A,"Conway, Ark. (Grove Gymnasium)",Win,2,False,413,False,10:28,,,,,"SUB OUT by SMITH,PRESTON",,,"SUB OUT by SMITH,PRESTON",2,subbing out,,hendrix,"smith,preston",,"['caldwell,cam', 'crumly,jonny', 'mcdonough,sean']","['riding,jake', 'rouse,trey', 'link,jacob']",628
259,1222,Hendrix,SEWANE~1,1,68-70,"29,41","36,32",9-12,16-5,5-5,5-5,02/01/19,8:00 PM,N/A,"Conway, Ark. (Grove Gymnasium)",Win,2,False,413,False,10:28,,,,,"SUB OUT by RIDING,JAKE",,,"SUB OUT by RIDING,JAKE",2,subbing out,,hendrix,"riding,jake",,"['caldwell,cam', 'crumly,jonny', 'mcdonough,sean']","['rouse,trey', 'link,jacob']",628
260,1222,Hendrix,SEWANE~1,1,68-70,"29,41","36,32",9-12,16-5,5-5,5-5,02/01/19,8:00 PM,N/A,"Conway, Ark. (Grove Gymnasium)",Win,2,False,413,False,10:28,,,,,"SUB OUT by FITCH,CARL",,,"SUB OUT by FITCH,CARL",2,subbing out,,hendrix,"fitch,carl",,"['caldwell,cam', 'crumly,jonny', 'mcdonough,sean']","['rouse,trey', 'link,jacob']",628
261,1222,Hendrix,SEWANE~1,1,68-70,"29,41","36,32",9-12,16-5,5-5,5-5,02/01/19,8:00 PM,N/A,"Conway, Ark. (Grove Gymnasium)",Win,2,False,413,False,10:21,,53 (+4),,49,"GOOD LAYUP by LINK,JACOB(in the paint)",HENDRIX 53-49 (+4),,"GOOD LAYUP by LINK,JACOB(in the paint)",2,layup,good,hendrix,"link,jacob",2,"['caldwell,cam', 'crumly,jonny', 'mcdonough,sean']","['rouse,trey', 'link,jacob']",621
262,1222,Hendrix,SEWANE~1,1,68-70,"29,41","36,32",9-12,16-5,5-5,5-5,02/01/19,8:00 PM,N/A,"Conway, Ark. (Grove Gymnasium)",Win,2,False,413,False,10:16,"FOUL  by MCDONOUGH,SEAN",,,,,,,"FOUL  by MCDONOUGH,SEAN",2,foul,,sewane~1,"mcdonough,sean",,"['caldwell,cam', 'crumly,jonny', 'mcdonough,sean']","['rouse,trey', 'link,jacob']",616
263,1222,Hendrix,SEWANE~1,1,68-70,"29,41","36,32",9-12,16-5,5-5,5-5,02/01/19,8:00 PM,N/A,"Conway, Ark. (Grove Gymnasium)",Win,2,False,413,False,10:14,,53 (+3),,50,"GOOD FT by LINK,JACOB",HENDRIX 53-50 (+3),,"GOOD FT by LINK,JACOB",2,free throw,good,hendrix,"link,jacob",1,"['caldwell,cam', 'crumly,jonny', 'mcdonough,sean']","['rouse,trey', 'link,jacob']",614
264,1222,Hendrix,SEWANE~1,1,68-70,"29,41","36,32",9-12,16-5,5-5,5-5,02/01/19,8:00 PM,N/A,"Conway, Ark. (Grove Gymnasium)",Win,2,False,413,False,10:01,"GOOD LAYUP by SMITH,LUKE(in the paint)",55 (+5),,50,,SEWANE~1 55-50 (+5),,"GOOD LAYUP by SMITH,LUKE(in the paint)",2,layup,good,sewane~1,"smith,luke",2,"['caldwell,cam', 'crumly,jonny', 'mcdonough,sean']","['rouse,trey', 'link,jacob']",601
265,1222,Hendrix,SEWANE~1,1,68-70,"29,41","36,32",9-12,16-5,5-5,5-5,02/01/19,8:00 PM,N/A,"Conway, Ark. (Grove Gymnasium)",Win,2,False,413,False,09:56,,,,,"MISS 3PTR by LINK,JACOB",,,"MISS 3PTR by LINK,JACOB",2,three pointer,missed,hendrix,"link,jacob",,"['caldwell,cam', 'crumly,jonny', 'mcdonough,sean']","['rouse,trey', 'link,jacob']",596
266,1222,Hendrix,SEWANE~1,1,68-70,"29,41","36,32",9-12,16-5,5-5,5-5,02/01/19,8:00 PM,N/A,"Conway, Ark. (Grove Gymnasium)",Win,2,False,413,False,--,"REBOUND DEF by SMITH,LUKE",,,,,,,"REBOUND DEF by SMITH,LUKE",2,defensive rebound,,sewane~1,"smith,luke",,"['caldwell,cam', 'crumly,jonny', 'mcdonough,sean']","['rouse,trey', 'link,jacob']",
267,1222,Hendrix,SEWANE~1,1,68-70,"29,41","36,32",9-12,16-5,5-5,5-5,02/01/19,8:00 PM,N/A,"Conway, Ark. (Grove Gymnasium)",Win,2,False,413,False,09:48,"MISS 3PTR by WARLICK,JORDAN",,,,,,,"MISS 3PTR by WARLICK,JORDAN",2,three pointer,missed,sewane~1,"warlick,jordan",,"['caldwell,cam', 'crumly,jonny', 'mcdonough,sean']","['rouse,trey', 'link,jacob']",588
268,1222,Hendrix,SEWANE~1,1,68-70,"29,41","36,32",9-12,16-5,5-5,5-5,02/01/19,8:00 PM,N/A,"Conway, Ark. (Grove Gymnasium)",Win,2,False,413,False,--,,,,,"REBOUND OFF by CALAMESE,MICHAEL",,,"REBOUND OFF by CALAMESE,MICHAEL",2,offensive rebound,,hendrix,"calamese,michael",,"['caldwell,cam', 'crumly,jonny', 'mcdonough,sean']","['rouse,trey', 'link,jacob']",
269,1222,Hendrix,SEWANE~1,1,68-70,"29,41","36,32",9-12,16-5,5-5,5-5,02/01/19,8:00 PM,N/A,"Conway, Ark. (Grove Gymnasium)",Win,2,False,413,False,09:32,,,,,"FOUL  by EATON,JACK",,,"FOUL  by EATON,JACK",2,foul,,hendrix,"eaton,jack",,"['caldwell,cam', 'crumly,jonny', 'mcdonough,sean']","['rouse,trey', 'link,jacob']",572
270,1222,Hendrix,SEWANE~1,1,68-70,"29,41","36,32",9-12,16-5,5-5,5-5,02/01/19,8:00 PM,N/A,"Conway, Ark. (Grove Gymnasium)",Win,2,False,413,False,09:29,"TURNOVER  by SMITH,LUKE",,,,,,,"TURNOVER  by SMITH,LUKE",2,turnover,,sewane~1,"smith,luke",,"['caldwell,cam', 'crumly,jonny', 'mcdonough,sean']","['rouse,trey', 'link,jacob']",569
271,1222,Hendrix,SEWANE~1,1,68-70,"29,41","36,32",9-12,16-5,5-5,5-5,02/01/19,8:00 PM,N/A,"Conway, Ark. (Grove Gymnasium)",Win,2,False,413,False,09:29,"SUB IN by LEE,MATT",,,,,,,"SUB IN by LEE,MATT",2,subbing in,,sewane~1,"lee,matt",,"['caldwell,cam', 'crumly,jonny', 'mcdonough,sean']","['rouse,trey', 'link,jacob']",569
272,1222,Hendrix,SEWANE~1,1,68-70,"29,41","36,32",9-12,16-5,5-5,5-5,02/01/19,8:00 PM,N/A,"Conway, Ark. (Grove Gymnasium)",Win,2,False,413,False,09:29,"SUB IN by CALDWELL,CAM",,,,,,,"SUB IN by CALDWELL,CAM",2,subbing in,,sewane~1,"caldwell,cam",,"['caldwell,cam', 'crumly,jonny', 'mcdonough,sean']","['rouse,trey', 'link,jacob']",569
273,1222,Hendrix,SEWANE~1,1,68-70,"29,41","36,32",9-12,16-5,5-5,5-5,02/01/19,8:00 PM,N/A,"Conway, Ark. (Grove Gymnasium)",Win,2,False,413,False,09:29,"SUB OUT by CRUMLY,JONNY",,,,,,,"SUB OUT by CRUMLY,JONNY",2,subbing out,,sewane~1,"crumly,jonny",,"['caldwell,cam', 'crumly,jonny', 'mcdonough,sean']","['rouse,trey', 'link,jacob']",569
274,1222,Hendrix,SEWANE~1,1,68-70,"29,41","36,32",9-12,16-5,5-5,5-5,02/01/19,8:00 PM,N/A,"Conway, Ark. (Grove Gymnasium)",Win,2,False,413,False,09:29,"SUB OUT by BUESCHER,HUNTER",,,,,,,"SUB OUT by BUESCHER,HUNTER",2,subbing out,,sewane~1,"buescher,hunter",,"['caldwell,cam', 'crumly,jonny', 'mcdonough,sean']","['rouse,trey', 'link,jacob']",569
275,1222,Hendrix,SEWANE~1,1,68-70,"29,41","36,32",9-12,16-5,5-5,5-5,02/01/19,8:00 PM,N/A,"Conway, Ark. (Grove Gymnasium)",Win,2,False,413,False,09:29,,,,,"SUB IN by SMITH,PRESTON",,,"SUB IN by SMITH,PRESTON",2,subbing in,,hendrix,"smith,preston",,"['caldwell,cam', 'crumly,jonny', 'mcdonough,sean']","['rouse,trey', 'link,jacob']",569
276,1222,Hendrix,SEWANE~1,1,68-70,"29,41","36,32",9-12,16-5,5-5,5-5,02/01/19,8:00 PM,N/A,"Conway, Ark. (Grove Gymnasium)",Win,2,False,413,False,09:29,,,,,"SUB IN by COMAN,SEAN",,,"SUB IN by COMAN,SEAN",2,subbing in,,hendrix,"coman,sean",,"['caldwell,cam', 'crumly,jonny', 'mcdonough,sean']","['rouse,trey', 'link,jacob', 'coman,sean']",569
277,1222,Hendrix,SEWANE~1,1,68-70,"29,41","36,32",9-12,16-5,5-5,5-5,02/01/19,8:00 PM,N/A,"Conway, Ark. (Grove Gymnasium)",Win,2,False,413,False,09:29,,,,,"SUB OUT by EATON,JACK",,,"SUB OUT by EATON,JACK",2,subbing out,,hendrix,"eaton,jack",,"['caldwell,cam', 'crumly,jonny', 'mcdonough,sean']","['rouse,trey', 'link,jacob', 'coman,sean']",569
278,1222,Hendrix,SEWANE~1,1,68-70,"29,41","36,32",9-12,16-5,5-5,5-5,02/01/19,8:00 PM,N/A,"Conway, Ark. (Grove Gymnasium)",Win,2,False,413,False,09:29,,,,,"SUB OUT by CALAMESE,MICHAEL",,,"SUB OUT by CALAMESE,MICHAEL",2,subbing out,,hendrix,"calamese,michael",,"['caldwell,cam', 'crumly,jonny', 'mcdonough,sean']","['rouse,trey', 'link,jacob', 'coman,sean']",569
279,1222,Hendrix,SEWANE~1,1,68-70,"29,41","36,32",9-12,16-5,5-5,5-5,02/01/19,8:00 PM,N/A,"Conway, Ark. (Grove Gymnasium)",Win,2,False,413,False,09:25,"FOUL  by WARLICK,JORDAN",,,,,,,"FOUL  by WARLICK,JORDAN",2,foul,,sewane~1,"warlick,jordan",,"['caldwell,cam', 'crumly,jonny', 'mcdonough,sean']","['rouse,trey', 'link,jacob', 'coman,sean']",565
280,1222,Hendrix,SEWANE~1,1,68-70,"29,41","36,32",9-12,16-5,5-5,5-5,02/01/19,8:00 PM,N/A,"Conway, Ark. (Grove Gymnasium)",Win,2,False,413,False,09:20,,55 (+4),,51,"GOOD FT by ROUSE,TREY",HENDRIX 55-51 (+4),,"GOOD FT by ROUSE,TREY",2,free throw,good,hendrix,"rouse,trey",1,"['caldwell,cam', 'crumly,jonny', 'mcdonough,sean']","['rouse,trey', 'link,jacob', 'coman,sean']",560
281,1222,Hendrix,SEWANE~1,1,68-70,"29,41","36,32",9-12,16-5,5-5,5-5,02/01/19,8:00 PM,N/A,"Conway, Ark. (Grove Gymnasium)",Win,2,False,413,False,09:18,,55 (+3),,52,"GOOD FT by ROUSE,TREY",HENDRIX 55-52 (+3),,"GOOD FT by ROUSE,TREY",2,free throw,good,hendrix,"rouse,trey",1,"['caldwell,cam', 'crumly,jonny', 'mcdonough,sean']","['rouse,trey', 'link,jacob', 'coman,sean']",558
282,1222,Hendrix,SEWANE~1,1,68-70,"29,41","36,32",9-12,16-5,5-5,5-5,02/01/19,8:00 PM,N/A,"Conway, Ark. (Grove Gymnasium)",Win,2,False,413,False,09:08,"FOUL  by WARLICK,JORDAN",,,,,,,"FOUL  by WARLICK,JORDAN",2,foul,,sewane~1,"warlick,jordan",,"['caldwell,cam', 'crumly,jonny', 'mcdonough,sean']","['rouse,trey', 'link,jacob', 'coman,sean']",548
283,1222,Hendrix,SEWANE~1,1,68-70,"29,41","36,32",9-12,16-5,5-5,5-5,02/01/19,8:00 PM,N/A,"Conway, Ark. (Grove Gymnasium)",Win,2,False,413,False,08:51,,,,,"MISS JUMPER by COMAN,SEAN",,,"MISS JUMPER by COMAN,SEAN",2,jumper,missed,hendrix,"coman,sean",,"['caldwell,cam', 'crumly,jonny', 'mcdonough,sean']","['rouse,trey', 'link,jacob', 'coman,sean']",531
284,1222,Hendrix,SEWANE~1,1,68-70,"29,41","36,32",9-12,16-5,5-5,5-5,02/01/19,8:00 PM,N/A,"Conway, Ark. (Grove Gymnasium)",Win,2,False,413,False,--,"REBOUND DEF by CALDWELL,CAM",,,,,,,"REBOUND DEF by CALDWELL,CAM",2,defensive rebound,,sewane~1,"caldwell,cam",,"['caldwell,cam', 'crumly,jonny', 'mcdonough,sean']","['rouse,trey', 'link,jacob', 'coman,sean']",
285,1222,Hendrix,SEWANE~1,1,68-70,"29,41","36,32",9-12,16-5,5-5,5-5,02/01/19,8:00 PM,N/A,"Conway, Ark. (Grove Gymnasium)",Win,2,False,413,False,08:43,"FOUL  by LEE,MATT",,,,,,,"FOUL  by LEE,MATT",2,foul,,sewane~1,"lee,matt",,"['caldwell,cam', 'crumly,jonny', 'mcdonough,sean']","['rouse,trey', 'link,jacob', 'coman,sean']",523
286,1222,Hendrix,SEWANE~1,1,68-70,"29,41","36,32",9-12,16-5,5-5,5-5,02/01/19,8:00 PM,N/A,"Conway, Ark. (Grove Gymnasium)",Win,2,False,413,False,08:43,"TURNOVER  by LEE,MATT",,,,,,,"TURNOVER  by LEE,MATT",2,turnover,,sewane~1,"lee,matt",,"['caldwell,cam', 'crumly,jonny', 'mcdonough,sean']","['rouse,trey', 'link,jacob', 'coman,sean']",523
287,1222,Hendrix,SEWANE~1,1,68-70,"29,41","36,32",9-12,16-5,5-5,5-5,02/01/19,8:00 PM,N/A,"Conway, Ark. (Grove Gymnasium)",Win,2,False,413,False,08:43,"SUB IN by BARRY,MICHAEL",,,,,,,"SUB IN by BARRY,MICHAEL",2,subbing in,,sewane~1,"barry,michael",,"['caldwell,cam', 'crumly,jonny', 'mcdonough,sean', 'barry,michael']","['rouse,trey', 'link,jacob', 'coman,sean']",523
288,1222,Hendrix,SEWANE~1,1,68-70,"29,41","36,32",9-12,16-5,5-5,5-5,02/01/19,8:00 PM,N/A,"Conway, Ark. (Grove Gymnasium)",Win,2,False,413,False,08:43,"SUB OUT by WARLICK,JORDAN",,,,,,,"SUB OUT by WARLICK,JORDAN",2,subbing out,,sewane~1,"warlick,jordan",,"['caldwell,cam', 'crumly,jonny', 'mcdonough,sean', 'barry,michael']","['rouse,trey', 'link,jacob', 'coman,sean']",523
289,1222,Hendrix,SEWANE~1,1,68-70,"29,41","36,32",9-12,16-5,5-5,5-5,02/01/19,8:00 PM,N/A,"Conway, Ark. (Grove Gymnasium)",Win,2,False,413,False,08:37,,,,,"MISS 3PTR by SMITH,PRESTON",,,"MISS 3PTR by SMITH,PRESTON",2,three pointer,missed,hendrix,"smith,preston",,"['caldwell,cam', 'crumly,jonny', 'mcdonough,sean', 'barry,michael']","['rouse,trey', 'link,jacob', 'coman,sean']",517
290,1222,Hendrix,SEWANE~1,1,68-70,"29,41","36,32",9-12,16-5,5-5,5-5,02/01/19,8:00 PM,N/A,"Conway, Ark. (Grove Gymnasium)",Win,2,False,413,False,--,"REBOUND DEF by BUESCHER,HUNTER",,,,,,,"REBOUND DEF by BUESCHER,HUNTER",2,defensive rebound,,sewane~1,"buescher,hunter",,"['caldwell,cam', 'crumly,jonny', 'mcdonough,sean', 'barry,michael']","['rouse,trey', 'link,jacob', 'coman,sean']",
291,1222,Hendrix,SEWANE~1,1,68-70,"29,41","36,32",9-12,16-5,5-5,5-5,02/01/19,8:00 PM,N/A,"Conway, Ark. (Grove Gymnasium)",Win,2,False,413,False,08:16,"GOOD JUMPER by LEE,MATT",57 (+5),,52,,SEWANE~1 57-52 (+5),,"GOOD JUMPER by LEE,MATT",2,jumper,good,sewane~1,"lee,matt",2,"['caldwell,cam', 'crumly,jonny', 'mcdonough,sean', 'barry,michael']","['rouse,trey', 'link,jacob', 'coman,sean']",496
292,1222,Hendrix,SEWANE~1,1,68-70,"29,41","36,32",9-12,16-5,5-5,5-5,02/01/19,8:00 PM,N/A,"Conway, Ark. (Grove Gymnasium)",Win,2,False,413,False,--,"ASSIST  by CALDWELL,CAM",,,,,,,"ASSIST  by CALDWELL,CAM",2,assist,,sewane~1,"caldwell,cam",,"['caldwell,cam', 'crumly,jonny', 'mcdonough,sean', 'barry,michael']","['rouse,trey', 'link,jacob', 'coman,sean']",
293,1222,Hendrix,SEWANE~1,1,68-70,"29,41","36,32",9-12,16-5,5-5,5-5,02/01/19,8:00 PM,N/A,"Conway, Ark. (Grove Gymnasium)",Win,2,False,413,False,08:01,,,,,"MISS 3PTR by STANLEY,SETH",,,"MISS 3PTR by STANLEY,SETH",2,three pointer,missed,hendrix,"stanley,seth",,"['caldwell,cam', 'crumly,jonny', 'mcdonough,sean', 'barry,michael']","['rouse,trey', 'link,jacob', 'coman,sean']",481
294,1222,Hendrix,SEWANE~1,1,68-70,"29,41","36,32",9-12,16-5,5-5,5-5,02/01/19,8:00 PM,N/A,"Conway, Ark. (Grove Gymnasium)",Win,2,False,413,False,--,"REBOUND DEF by LEE,MATT",,,,,,,"REBOUND DEF by LEE,MATT",2,defensive rebound,,sewane~1,"lee,matt",,"['caldwell,cam', 'crumly,jonny', 'mcdonough,sean', 'barry,michael']","['rouse,trey', 'link,jacob', 'coman,sean']",
295,1222,Hendrix,SEWANE~1,1,68-70,"29,41","36,32",9-12,16-5,5-5,5-5,02/01/19,8:00 PM,N/A,"Conway, Ark. (Grove Gymnasium)",Win,2,False,413,False,07:48,"MISS 3PTR by BARRY,MICHAEL",,,,,,,"MISS 3PTR by BARRY,MICHAEL",2,three pointer,missed,sewane~1,"barry,michael",,"['caldwell,cam', 'crumly,jonny', 'mcdonough,sean', 'barry,michael']","['rouse,trey', 'link,jacob', 'coman,sean']",468
296,1222,Hendrix,SEWANE~1,1,68-70,"29,41","36,32",9-12,16-5,5-5,5-5,02/01/19,8:00 PM,N/A,"Conway, Ark. (Grove Gymnasium)",Win,2,False,413,False,--,,,,,"REBOUND OFF by ROUSE,TREY",,,"REBOUND OFF by ROUSE,TREY",2,offensive rebound,,hendrix,"rouse,trey",,"['caldwell,cam', 'crumly,jonny', 'mcdonough,sean', 'barry,michael']","['rouse,trey', 'link,jacob', 'coman,sean']",
297,1222,Hendrix,SEWANE~1,1,68-70,"29,41","36,32",9-12,16-5,5-5,5-5,02/01/19,8:00 PM,N/A,"Conway, Ark. (Grove Gymnasium)",Win,2,False,413,False,07:27,"TURNOVER  by CALDWELL,CAM",,,,,,,"TURNOVER  by CALDWELL,CAM",2,turnover,,sewane~1,"caldwell,cam",,"['caldwell,cam', 'crumly,jonny', 'mcdonough,sean', 'barry,michael']","['rouse,trey', 'link,jacob', 'coman,sean']",447
298,1222,Hendrix,SEWANE~1,1,68-70,"29,41","36,32",9-12,16-5,5-5,5-5,02/01/19,8:00 PM,N/A,"Conway, Ark. (Grove Gymnasium)",Win,2,False,413,False,07:25,,,,,"STEAL  by SMITH,PRESTON",,,"STEAL  by SMITH,PRESTON",2,steal,,hendrix,,,"['caldwell,cam', 'crumly,jonny', 'mcdonough,sean', 'barry,michael']","['rouse,trey', 'link,jacob', 'coman,sean']",445
299,1222,Hendrix,SEWANE~1,1,68-70,"29,41","36,32",9-12,16-5,5-5,5-5,02/01/19,8:00 PM,N/A,"Conway, Ark. (Grove Gymnasium)",Win,2,False,413,False,07:23,,57 (+3),,54,"GOOD LAYUP by SMITH,PRESTON(fastbreak)(in the paint)",HENDRIX 57-54 (+3),,"GOOD LAYUP by SMITH,PRESTON(fastbreak)(in the paint)",2,layup,good,hendrix,"smith,preston(fastbreak)",2,"['caldwell,cam', 'crumly,jonny', 'mcdonough,sean', 'barry,michael']","['rouse,trey', 'link,jacob', 'coman,sean']",443
300,1222,Hendrix,SEWANE~1,1,68-70,"29,41","36,32",9-12,16-5,5-5,5-5,02/01/19,8:00 PM,N/A,"Conway, Ark. (Grove Gymnasium)",Win,2,False,413,False,07:04,"MISS LAYUP by BUESCHER,HUNTER",,,,,,,"MISS LAYUP by BUESCHER,HUNTER",2,layup,missed,sewane~1,"buescher,hunter",,"['caldwell,cam', 'crumly,jonny', 'mcdonough,sean', 'barry,michael']","['rouse,trey', 'link,jacob', 'coman,sean']",424
301,1222,Hendrix,SEWANE~1,1,68-70,"29,41","36,32",9-12,16-5,5-5,5-5,02/01/19,8:00 PM,N/A,"Conway, Ark. (Grove Gymnasium)",Win,2,False,413,False,--,,,,,"REBOUND DEF by ROUSE,TREY",,,"REBOUND DEF by ROUSE,TREY",2,defensive rebound,,hendrix,"rouse,trey",,"['caldwell,cam', 'crumly,jonny', 'mcdonough,sean', 'barry,michael']","['rouse,trey', 'link,jacob', 'coman,sean']",
302,1222,Hendrix,SEWANE~1,1,68-70,"29,41","36,32",9-12,16-5,5-5,5-5,02/01/19,8:00 PM,N/A,"Conway, Ark. (Grove Gymnasium)",Win,2,False,413,False,06:55,"FOUL  by BARRY,MICHAEL",,,,,,,"FOUL  by BARRY,MICHAEL",2,foul,,sewane~1,"barry,michael",,"['caldwell,cam', 'crumly,jonny', 'mcdonough,sean', 'barry,michael']","['rouse,trey', 'link,jacob', 'coman,sean']",415
303,1222,Hendrix,SEWANE~1,1,68-70,"29,41","36,32",9-12,16-5,5-5,5-5,02/01/19,8:00 PM,N/A,"Conway, Ark. (Grove Gymnasium)",Win,2,False,413,False,06:53,,,,,TIMEOUT TEAM by TEAM,,,TIMEOUT TEAM by TEAM,2,timeout,,hendrix,,,"['caldwell,cam', 'crumly,jonny', 'mcdonough,sean', 'barry,michael']","['rouse,trey', 'link,jacob', 'coman,sean']",413
304,1222,Hendrix,SEWANE~1,1,68-70,"29,41","36,32",9-12,16-5,5-5,5-5,02/01/19,8:00 PM,N/A,"Conway, Ark. (Grove Gymnasium)",Win,2,False,413,False,06:53,,57 (+2),,55,"GOOD FT by ROUSE,TREY",HENDRIX 57-55 (+2),,"GOOD FT by ROUSE,TREY",2,free throw,good,hendrix,"rouse,trey",1,"['caldwell,cam', 'crumly,jonny', 'mcdonough,sean', 'barry,michael']","['rouse,trey', 'link,jacob', 'coman,sean']",413
305,1222,Hendrix,SEWANE~1,1,68-70,"29,41","36,32",9-12,16-5,5-5,5-5,02/01/19,8:00 PM,N/A,"Conway, Ark. (Grove Gymnasium)",Win,2,False,413,False,06:53,,,,,"MISS FT by ROUSE,TREY",,,"MISS FT by ROUSE,TREY",2,free throw,missed,hendrix,"rouse,trey",,"['caldwell,cam', 'crumly,jonny', 'mcdonough,sean', 'barry,michael']","['rouse,trey', 'link,jacob', 'coman,sean']",413
306,1222,Hendrix,SEWANE~1,1,68-70,"29,41","36,32",9-12,16-5,5-5,5-5,02/01/19,8:00 PM,N/A,"Conway, Ark. (Grove Gymnasium)",Win,2,False,413,False,--,"REBOUND DEF by LEE,MATT",,,,,,,"REBOUND DEF by LEE,MATT",2,defensive rebound,,sewane~1,"lee,matt",,"['caldwell,cam', 'crumly,jonny', 'mcdonough,sean', 'barry,michael']","['rouse,trey', 'link,jacob', 'coman,sean']",
307,1222,Hendrix,SEWANE~1,1,68-70,"29,41","36,32",9-12,16-5,5-5,5-5,02/01/19,8:00 PM,N/A,"Conway, Ark. (Grove Gymnasium)",Win,2,False,413,False,06:53,"MISS LAYUP by SMITH,LUKE",,,,,,,"MISS LAYUP by SMITH,LUKE",2,layup,missed,sewane~1,"smith,luke",,"['caldwell,cam', 'crumly,jonny', 'mcdonough,sean', 'barry,michael']","['rouse,trey', 'link,jacob', 'coman,sean']",413
308,1222,Hendrix,SEWANE~1,1,68-70,"29,41","36,32",9-12,16-5,5-5,5-5,02/01/19,8:00 PM,N/A,"Conway, Ark. (Grove Gymnasium)",Win,2,False,413,False,--,"REBOUND OFF by SMITH,LUKE",,,,,,,"REBOUND OFF by SMITH,LUKE",2,offensive rebound,,sewane~1,"smith,luke",,"['caldwell,cam', 'crumly,jonny', 'mcdonough,sean', 'barry,michael']","['rouse,trey', 'link,jacob', 'coman,sean']",
309,1222,Hendrix,SEWANE~1,1,68-70,"29,41","36,32",9-12,16-5,5-5,5-5,02/01/19,8:00 PM,N/A,"Conway, Ark. (Grove Gymnasium)",Win,2,False,413,False,06:53,"MISS 3PTR by WARLICK,JORDAN",,,,,,,"MISS 3PTR by WARLICK,JORDAN",2,three pointer,missed,sewane~1,"warlick,jordan",,"['caldwell,cam', 'crumly,jonny', 'mcdonough,sean', 'barry,michael']","['rouse,trey', 'link,jacob', 'coman,sean']",413
310,1222,Hendrix,SEWANE~1,1,68-70,"29,41","36,32",9-12,16-5,5-5,5-5,02/01/19,8:00 PM,N/A,"Conway, Ark. (Grove Gymnasium)",Win,2,False,413,False,--,"REBOUND OFF by WARLICK,JORDAN",,,,,,,"REBOUND OFF by WARLICK,JORDAN",2,offensive rebound,,sewane~1,"warlick,jordan",,"['caldwell,cam', 'crumly,jonny', 'mcdonough,sean', 'barry,michael']","['rouse,trey', 'link,jacob', 'coman,sean']",
311,1222,Hendrix,SEWANE~1,1,68-70,"29,41","36,32",9-12,16-5,5-5,5-5,02/01/19,8:00 PM,N/A,"Conway, Ark. (Grove Gymnasium)",Win,2,False,413,False,06:49,,,,,"FOUL  by ROUSE,TREY",,,"FOUL  by ROUSE,TREY",2,foul,,hendrix,"rouse,trey",,"['caldwell,cam', 'crumly,jonny', 'mcdonough,sean', 'barry,michael']","['rouse,trey', 'link,jacob', 'coman,sean']",409
312,1222,Hendrix,SEWANE~1,1,68-70,"29,41","36,32",9-12,16-5,5-5,5-5,02/01/19,8:00 PM,N/A,"Conway, Ark. (Grove Gymnasium)",Win,2,False,413,False,06:35,"GOOD FT by WARLICK,JORDAN",58 (+3),,55,,SEWANE~1 58-55 (+3),,"GOOD FT by WARLICK,JORDAN",2,free throw,good,sewane~1,"warlick,jordan",1,"['caldwell,cam', 'crumly,jonny', 'mcdonough,sean', 'barry,michael']","['rouse,trey', 'link,jacob', 'coman,sean']",395
313,1222,Hendrix,SEWANE~1,1,68-70,"29,41","36,32",9-12,16-5,5-5,5-5,02/01/19,8:00 PM,N/A,"Conway, Ark. (Grove Gymnasium)",Win,2,False,413,False,06:10,"FOUL  by CALDWELL,CAM",,,,,,,"FOUL  by CALDWELL,CAM",2,foul,,sewane~1,"caldwell,cam",,"['caldwell,cam', 'crumly,jonny', 'mcdonough,sean', 'barry,michael']","['rouse,trey', 'link,jacob', 'coman,sean']",370
314,1222,Hendrix,SEWANE~1,1,68-70,"29,41","36,32",9-12,16-5,5-5,5-5,02/01/19,8:00 PM,N/A,"Conway, Ark. (Grove Gymnasium)",Win,2,False,413,False,06:10,,,,,"MISS FT by LINK,JACOB",,,"MISS FT by LINK,JACOB",2,free throw,missed,hendrix,"link,jacob",,"['caldwell,cam', 'crumly,jonny', 'mcdonough,sean', 'barry,michael']","['rouse,trey', 'link,jacob', 'coman,sean']",370
315,1222,Hendrix,SEWANE~1,1,68-70,"29,41","36,32",9-12,16-5,5-5,5-5,02/01/19,8:00 PM,N/A,"Conway, Ark. (Grove Gymnasium)",Win,2,False,413,False,--,,,,,REBOUND DEADB by TEAM,,,REBOUND DEADB by TEAM,2,deadball rebound,,hendrix,,,"['caldwell,cam', 'crumly,jonny', 'mcdonough,sean', 'barry,michael']","['rouse,trey', 'link,jacob', 'coman,sean']",
316,1222,Hendrix,SEWANE~1,1,68-70,"29,41","36,32",9-12,16-5,5-5,5-5,02/01/19,8:00 PM,N/A,"Conway, Ark. (Grove Gymnasium)",Win,2,False,413,False,06:10,,58 (+2),,56,"GOOD FT by LINK,JACOB",HENDRIX 58-56 (+2),,"GOOD FT by LINK,JACOB",2,free throw,good,hendrix,"link,jacob",1,"['caldwell,cam', 'crumly,jonny', 'mcdonough,sean', 'barry,michael']","['rouse,trey', 'link,jacob', 'coman,sean']",370
317,1222,Hendrix,SEWANE~1,1,68-70,"29,41","36,32",9-12,16-5,5-5,5-5,02/01/19,8:00 PM,N/A,"Conway, Ark. (Grove Gymnasium)",Win,2,False,413,False,06:10,"GOOD LAYUP by CALDWELL,CAM(in the paint)",60 (+4),,56,,SEWANE~1 60-56 (+4),,"GOOD LAYUP by CALDWELL,CAM(in the paint)",2,layup,good,sewane~1,"caldwell,cam",2,"['caldwell,cam', 'crumly,jonny', 'mcdonough,sean', 'barry,michael']","['rouse,trey', 'link,jacob', 'coman,sean']",370
318,1222,Hendrix,SEWANE~1,1,68-70,"29,41","36,32",9-12,16-5,5-5,5-5,02/01/19,8:00 PM,N/A,"Conway, Ark. (Grove Gymnasium)",Win,2,False,413,False,06:10,,60 (+2),,58,"GOOD LAYUP by COMAN,SEAN(in the paint)",HENDRIX 60-58 (+2),,"GOOD LAYUP by COMAN,SEAN(in the paint)",2,layup,good,hendrix,"coman,sean",2,"['caldwell,cam', 'crumly,jonny', 'mcdonough,sean', 'barry,michael']","['rouse,trey', 'link,jacob', 'coman,sean']",370
319,1222,Hendrix,SEWANE~1,1,68-70,"29,41","36,32",9-12,16-5,5-5,5-5,02/01/19,8:00 PM,N/A,"Conway, Ark. (Grove Gymnasium)",Win,2,False,413,False,--,,,,,"ASSIST  by SMITH,PRESTON",,,"ASSIST  by SMITH,PRESTON",2,assist,,hendrix,"smith,preston",,"['caldwell,cam', 'crumly,jonny', 'mcdonough,sean', 'barry,michael']","['rouse,trey', 'link,jacob', 'coman,sean']",
320,1222,Hendrix,SEWANE~1,1,68-70,"29,41","36,32",9-12,16-5,5-5,5-5,02/01/19,8:00 PM,N/A,"Conway, Ark. (Grove Gymnasium)",Win,2,False,413,False,06:10,TURNOVER  by TEAM,,,,,,,TURNOVER  by TEAM,2,turnover,,sewane~1,,,"['caldwell,cam', 'crumly,jonny', 'mcdonough,sean', 'barry,michael']","['rouse,trey', 'link,jacob', 'coman,sean']",370
321,1222,Hendrix,SEWANE~1,1,68-70,"29,41","36,32",9-12,16-5,5-5,5-5,02/01/19,8:00 PM,N/A,"Conway, Ark. (Grove Gymnasium)",Win,2,False,413,False,06:10,"TURNOVER  by SMITH,LUKE",,,,,,,"TURNOVER  by SMITH,LUKE",2,turnover,,sewane~1,"smith,luke",,"['caldwell,cam', 'crumly,jonny', 'mcdonough,sean', 'barry,michael']","['rouse,trey', 'link,jacob', 'coman,sean']",370
322,1222,Hendrix,SEWANE~1,1,68-70,"29,41","36,32",9-12,16-5,5-5,5-5,02/01/19,8:00 PM,N/A,"Conway, Ark. (Grove Gymnasium)",Win,2,False,413,False,06:10,,60,,60,"GOOD LAYUP by STANLEY,SETH(in the paint)",HENDRIX 60-60 (0),,"GOOD LAYUP by STANLEY,SETH(in the paint)",2,layup,good,hendrix,"stanley,seth",2,"['caldwell,cam', 'crumly,jonny', 'mcdonough,sean', 'barry,michael']","['rouse,trey', 'link,jacob', 'coman,sean']",370
323,1222,Hendrix,SEWANE~1,1,68-70,"29,41","36,32",9-12,16-5,5-5,5-5,02/01/19,8:00 PM,N/A,"Conway, Ark. (Grove Gymnasium)",Win,2,False,413,False,05:51,TURNOVER  by TEAM,,,,,,,TURNOVER  by TEAM,2,turnover,,sewane~1,,,"['caldwell,cam', 'crumly,jonny', 'mcdonough,sean', 'barry,michael']","['rouse,trey', 'link,jacob', 'coman,sean']",351
324,1222,Hendrix,SEWANE~1,1,68-70,"29,41","36,32",9-12,16-5,5-5,5-5,02/01/19,8:00 PM,N/A,"Conway, Ark. (Grove Gymnasium)",Win,2,False,413,False,05:43,,,,,"TURNOVER  by COMAN,SEAN",,,"TURNOVER  by COMAN,SEAN",2,turnover,,hendrix,"coman,sean",,"['caldwell,cam', 'crumly,jonny', 'mcdonough,sean', 'barry,michael']","['rouse,trey', 'link,jacob', 'coman,sean']",343
325,1222,Hendrix,SEWANE~1,1,68-70,"29,41","36,32",9-12,16-5,5-5,5-5,02/01/19,8:00 PM,N/A,"Conway, Ark. (Grove Gymnasium)",Win,2,False,413,False,05:37,"GOOD JUMPER by WARLICK,JORDAN",62 (+2),,60,,SEWANE~1 62-60 (+2),,"GOOD JUMPER by WARLICK,JORDAN",2,jumper,good,sewane~1,"warlick,jordan",2,"['caldwell,cam', 'crumly,jonny', 'mcdonough,sean', 'barry,michael']","['rouse,trey', 'link,jacob', 'coman,sean']",337
326,1222,Hendrix,SEWANE~1,1,68-70,"29,41","36,32",9-12,16-5,5-5,5-5,02/01/19,8:00 PM,N/A,"Conway, Ark. (Grove Gymnasium)",Win,2,False,413,False,--,"ASSIST  by WARLICK,JORDAN",,,,,,,"ASSIST  by WARLICK,JORDAN",2,assist,,sewane~1,"warlick,jordan",,"['caldwell,cam', 'crumly,jonny', 'mcdonough,sean', 'barry,michael']","['rouse,trey', 'link,jacob', 'coman,sean']",
327,1222,Hendrix,SEWANE~1,1,68-70,"29,41","36,32",9-12,16-5,5-5,5-5,02/01/19,8:00 PM,N/A,"Conway, Ark. (Grove Gymnasium)",Win,2,False,413,False,05:22,"GOOD JUMPER by CALDWELL,CAM",64 (+4),,60,,SEWANE~1 64-60 (+4),,"GOOD JUMPER by CALDWELL,CAM",2,jumper,good,sewane~1,"caldwell,cam",2,"['caldwell,cam', 'crumly,jonny', 'mcdonough,sean', 'barry,michael']","['rouse,trey', 'link,jacob', 'coman,sean']",322
328,1222,Hendrix,SEWANE~1,1,68-70,"29,41","36,32",9-12,16-5,5-5,5-5,02/01/19,8:00 PM,N/A,"Conway, Ark. (Grove Gymnasium)",Win,2,False,413,False,05:06,"MISS 3PTR by CALDWELL,CAM",,,,,,,"MISS 3PTR by CALDWELL,CAM",2,three pointer,missed,sewane~1,"caldwell,cam",,"['caldwell,cam', 'crumly,jonny', 'mcdonough,sean', 'barry,michael']","['rouse,trey', 'link,jacob', 'coman,sean']",306
329,1222,Hendrix,SEWANE~1,1,68-70,"29,41","36,32",9-12,16-5,5-5,5-5,02/01/19,8:00 PM,N/A,"Conway, Ark. (Grove Gymnasium)",Win,2,False,413,False,--,,,,,"REBOUND DEF by LINK,JACOB",,,"REBOUND DEF by LINK,JACOB",2,defensive rebound,,hendrix,"link,jacob",,"['caldwell,cam', 'crumly,jonny', 'mcdonough,sean', 'barry,michael']","['rouse,trey', 'link,jacob', 'coman,sean']",
330,1222,Hendrix,SEWANE~1,1,68-70,"29,41","36,32",9-12,16-5,5-5,5-5,02/01/19,8:00 PM,N/A,"Conway, Ark. (Grove Gymnasium)",Win,2,False,413,False,04:51,,64 (+2),,62,"GOOD JUMPER by ROUSE,TREY",HENDRIX 64-62 (+2),,"GOOD JUMPER by ROUSE,TREY",2,jumper,good,hendrix,"rouse,trey",2,"['caldwell,cam', 'crumly,jonny', 'mcdonough,sean', 'barry,michael']","['rouse,trey', 'link,jacob', 'coman,sean']",291
331,1222,Hendrix,SEWANE~1,1,68-70,"29,41","36,32",9-12,16-5,5-5,5-5,02/01/19,8:00 PM,N/A,"Conway, Ark. (Grove Gymnasium)",Win,2,False,413,False,04:39,,,,,"FOUL  by ROUSE,TREY",,,"FOUL  by ROUSE,TREY",2,foul,,hendrix,"rouse,trey",,"['caldwell,cam', 'crumly,jonny', 'mcdonough,sean', 'barry,michael']","['rouse,trey', 'link,jacob', 'coman,sean']",279
332,1222,Hendrix,SEWANE~1,1,68-70,"29,41","36,32",9-12,16-5,5-5,5-5,02/01/19,8:00 PM,N/A,"Conway, Ark. (Grove Gymnasium)",Win,2,False,413,False,04:35,TIMEOUT TEAM by TEAM,,,,,,,TIMEOUT TEAM by TEAM,2,timeout,,sewane~1,,,"['caldwell,cam', 'crumly,jonny', 'mcdonough,sean', 'barry,michael']","['rouse,trey', 'link,jacob', 'coman,sean']",275
333,1222,Hendrix,SEWANE~1,1,68-70,"29,41","36,32",9-12,16-5,5-5,5-5,02/01/19,8:00 PM,N/A,"Conway, Ark. (Grove Gymnasium)",Win,2,False,413,False,03:31,"GOOD FT by WARLICK,JORDAN",65 (+3),,62,,SEWANE~1 65-62 (+3),,"GOOD FT by WARLICK,JORDAN",2,free throw,good,sewane~1,"warlick,jordan",1,"['caldwell,cam', 'crumly,jonny', 'mcdonough,sean', 'barry,michael']","['rouse,trey', 'link,jacob', 'coman,sean']",211
334,1222,Hendrix,SEWANE~1,1,68-70,"29,41","36,32",9-12,16-5,5-5,5-5,02/01/19,8:00 PM,N/A,"Conway, Ark. (Grove Gymnasium)",Win,2,False,413,False,03:31,"GOOD FT by WARLICK,JORDAN",66 (+4),,62,,SEWANE~1 66-62 (+4),,"GOOD FT by WARLICK,JORDAN",2,free throw,good,sewane~1,"warlick,jordan",1,"['caldwell,cam', 'crumly,jonny', 'mcdonough,sean', 'barry,michael']","['rouse,trey', 'link,jacob', 'coman,sean']",211
335,1222,Hendrix,SEWANE~1,1,68-70,"29,41","36,32",9-12,16-5,5-5,5-5,02/01/19,8:00 PM,N/A,"Conway, Ark. (Grove Gymnasium)",Win,2,False,413,False,03:31,"MISS LAYUP by LEE,MATT",,,,,,,"MISS LAYUP by LEE,MATT",2,layup,missed,sewane~1,"lee,matt",,"['caldwell,cam', 'crumly,jonny', 'mcdonough,sean', 'barry,michael']","['rouse,trey', 'link,jacob', 'coman,sean']",211
336,1222,Hendrix,SEWANE~1,1,68-70,"29,41","36,32",9-12,16-5,5-5,5-5,02/01/19,8:00 PM,N/A,"Conway, Ark. (Grove Gymnasium)",Win,2,False,413,False,--,,,,,"REBOUND OFF by LINK,JACOB",,,"REBOUND OFF by LINK,JACOB",2,offensive rebound,,hendrix,"link,jacob",,"['caldwell,cam', 'crumly,jonny', 'mcdonough,sean', 'barry,michael']","['rouse,trey', 'link,jacob', 'coman,sean']",
337,1222,Hendrix,SEWANE~1,1,68-70,"29,41","36,32",9-12,16-5,5-5,5-5,02/01/19,8:00 PM,N/A,"Conway, Ark. (Grove Gymnasium)",Win,2,False,413,False,03:31,,66 (+1),,65,"GOOD 3PTR by STANLEY,SETH",HENDRIX 66-65 (+1),,"GOOD 3PTR by STANLEY,SETH",2,three pointer,good,hendrix,"stanley,seth",3,"['caldwell,cam', 'crumly,jonny', 'mcdonough,sean', 'barry,michael']","['rouse,trey', 'link,jacob', 'coman,sean']",211
338,1222,Hendrix,SEWANE~1,1,68-70,"29,41","36,32",9-12,16-5,5-5,5-5,02/01/19,8:00 PM,N/A,"Conway, Ark. (Grove Gymnasium)",Win,2,False,413,False,--,,,,,"ASSIST  by LINK,JACOB",,,"ASSIST  by LINK,JACOB",2,assist,,hendrix,"link,jacob",,"['caldwell,cam', 'crumly,jonny', 'mcdonough,sean', 'barry,michael']","['rouse,trey', 'link,jacob', 'coman,sean']",
339,1222,Hendrix,SEWANE~1,1,68-70,"29,41","36,32",9-12,16-5,5-5,5-5,02/01/19,8:00 PM,N/A,"Conway, Ark. (Grove Gymnasium)",Win,2,False,413,False,03:31,"MISS JUMPER by LEE,MATT",,,,,,,"MISS JUMPER by LEE,MATT",2,jumper,missed,sewane~1,"lee,matt",,"['caldwell,cam', 'crumly,jonny', 'mcdonough,sean', 'barry,michael']","['rouse,trey', 'link,jacob', 'coman,sean']",211
340,1222,Hendrix,SEWANE~1,1,68-70,"29,41","36,32",9-12,16-5,5-5,5-5,02/01/19,8:00 PM,N/A,"Conway, Ark. (Grove Gymnasium)",Win,2,False,413,False,--,,,,,"REBOUND DEF by COMAN,SEAN",,,"REBOUND DEF by COMAN,SEAN",2,defensive rebound,,hendrix,"coman,sean",,"['caldwell,cam', 'crumly,jonny', 'mcdonough,sean', 'barry,michael']","['rouse,trey', 'link,jacob', 'coman,sean']",
341,1222,Hendrix,SEWANE~1,1,68-70,"29,41","36,32",9-12,16-5,5-5,5-5,02/01/19,8:00 PM,N/A,"Conway, Ark. (Grove Gymnasium)",Win,2,False,413,False,03:31,,,,,"MISS 3PTR by LINK,JACOB",,,"MISS 3PTR by LINK,JACOB",2,three pointer,missed,hendrix,"link,jacob",,"['caldwell,cam', 'crumly,jonny', 'mcdonough,sean', 'barry,michael']","['rouse,trey', 'link,jacob', 'coman,sean']",211
342,1222,Hendrix,SEWANE~1,1,68-70,"29,41","36,32",9-12,16-5,5-5,5-5,02/01/19,8:00 PM,N/A,"Conway, Ark. (Grove Gymnasium)",Win,2,False,413,False,--,"REBOUND DEF by SMITH,LUKE",,,,,,,"REBOUND DEF by SMITH,LUKE",2,defensive rebound,,sewane~1,"smith,luke",,"['caldwell,cam', 'crumly,jonny', 'mcdonough,sean', 'barry,michael']","['rouse,trey', 'link,jacob', 'coman,sean']",
343,1222,Hendrix,SEWANE~1,1,68-70,"29,41","36,32",9-12,16-5,5-5,5-5,02/01/19,8:00 PM,N/A,"Conway, Ark. (Grove Gymnasium)",Win,2,False,413,False,03:31,"SUB IN by BUESCHER,HUNTER",,,,,,,"SUB IN by BUESCHER,HUNTER",2,subbing in,,sewane~1,"buescher,hunter",,"['caldwell,cam', 'crumly,jonny', 'mcdonough,sean', 'barry,michael']","['rouse,trey', 'link,jacob', 'coman,sean']",211
344,1222,Hendrix,SEWANE~1,1,68-70,"29,41","36,32",9-12,16-5,5-5,5-5,02/01/19,8:00 PM,N/A,"Conway, Ark. (Grove Gymnasium)",Win,2,False,413,False,03:31,"SUB IN by WARLICK,JORDAN",,,,,,,"SUB IN by WARLICK,JORDAN",2,subbing in,,sewane~1,"warlick,jordan",,"['caldwell,cam', 'crumly,jonny', 'mcdonough,sean', 'barry,michael', 'warlick,jordan']","['rouse,trey', 'link,jacob', 'coman,sean']",211
345,1222,Hendrix,SEWANE~1,1,68-70,"29,41","36,32",9-12,16-5,5-5,5-5,02/01/19,8:00 PM,N/A,"Conway, Ark. (Grove Gymnasium)",Win,2,False,413,False,03:31,"SUB OUT by MCDONOUGH,SEAN",,,,,,,"SUB OUT by MCDONOUGH,SEAN",2,subbing out,,sewane~1,"mcdonough,sean",,"['caldwell,cam', 'crumly,jonny', 'barry,michael', 'warlick,jordan']","['rouse,trey', 'link,jacob', 'coman,sean']",211
346,1222,Hendrix,SEWANE~1,1,68-70,"29,41","36,32",9-12,16-5,5-5,5-5,02/01/19,8:00 PM,N/A,"Conway, Ark. (Grove Gymnasium)",Win,2,False,413,False,03:31,"SUB OUT by BARRY,MICHAEL",,,,,,,"SUB OUT by BARRY,MICHAEL",2,subbing out,,sewane~1,"barry,michael",,"['caldwell,cam', 'crumly,jonny', 'warlick,jordan']","['rouse,trey', 'link,jacob', 'coman,sean']",211
347,1222,Hendrix,SEWANE~1,1,68-70,"29,41","36,32",9-12,16-5,5-5,5-5,02/01/19,8:00 PM,N/A,"Conway, Ark. (Grove Gymnasium)",Win,2,False,413,False,03:25,TURNOVER  by TEAM,,,,,,,TURNOVER  by TEAM,2,turnover,,sewane~1,,,"['caldwell,cam', 'crumly,jonny', 'warlick,jordan']","['rouse,trey', 'link,jacob', 'coman,sean']",205
348,1222,Hendrix,SEWANE~1,1,68-70,"29,41","36,32",9-12,16-5,5-5,5-5,02/01/19,8:00 PM,N/A,"Conway, Ark. (Grove Gymnasium)",Win,2,False,413,False,03:18,,,,,TIMEOUT 30SEC by TEAM,,,TIMEOUT 30SEC by TEAM,2,timeout,,hendrix,,,"['caldwell,cam', 'crumly,jonny', 'warlick,jordan']","['rouse,trey', 'link,jacob', 'coman,sean']",198
349,1222,Hendrix,SEWANE~1,1,68-70,"29,41","36,32",9-12,16-5,5-5,5-5,02/01/19,8:00 PM,N/A,"Conway, Ark. (Grove Gymnasium)",Win,2,False,413,False,02:27,,,,,"MISS LAYUP by SMITH,PRESTON",,,"MISS LAYUP by SMITH,PRESTON",2,layup,missed,hendrix,"smith,preston",,"['caldwell,cam', 'crumly,jonny', 'warlick,jordan']","['rouse,trey', 'link,jacob', 'coman,sean']",147
350,1222,Hendrix,SEWANE~1,1,68-70,"29,41","36,32",9-12,16-5,5-5,5-5,02/01/19,8:00 PM,N/A,"Conway, Ark. (Grove Gymnasium)",Win,2,False,413,False,02:27,"BLOCK  by CALDWELL,CAM",,,,,,,"BLOCK  by CALDWELL,CAM",2,block,,sewane~1,"caldwell,cam",,"['caldwell,cam', 'crumly,jonny', 'warlick,jordan']","['rouse,trey', 'link,jacob', 'coman,sean']",147
351,1222,Hendrix,SEWANE~1,1,68-70,"29,41","36,32",9-12,16-5,5-5,5-5,02/01/19,8:00 PM,N/A,"Conway, Ark. (Grove Gymnasium)",Win,2,False,413,False,--,,,,,"REBOUND OFF by STANLEY,SETH",,,"REBOUND OFF by STANLEY,SETH",2,offensive rebound,,hendrix,"stanley,seth",,"['caldwell,cam', 'crumly,jonny', 'warlick,jordan']","['rouse,trey', 'link,jacob', 'coman,sean']",
352,1222,Hendrix,SEWANE~1,1,68-70,"29,41","36,32",9-12,16-5,5-5,5-5,02/01/19,8:00 PM,N/A,"Conway, Ark. (Grove Gymnasium)",Win,2,False,413,False,02:18,,,,,"MISS 3PTR by STANLEY,SETH",,,"MISS 3PTR by STANLEY,SETH",2,three pointer,missed,hendrix,"stanley,seth",,"['caldwell,cam', 'crumly,jonny', 'warlick,jordan']","['rouse,trey', 'link,jacob', 'coman,sean']",138
353,1222,Hendrix,SEWANE~1,1,68-70,"29,41","36,32",9-12,16-5,5-5,5-5,02/01/19,8:00 PM,N/A,"Conway, Ark. (Grove Gymnasium)",Win,2,False,413,False,--,,,,,"REBOUND OFF by SMITH,PRESTON",,,"REBOUND OFF by SMITH,PRESTON",2,offensive rebound,,hendrix,"smith,preston",,"['caldwell,cam', 'crumly,jonny', 'warlick,jordan']","['rouse,trey', 'link,jacob', 'coman,sean']",
354,1222,Hendrix,SEWANE~1,1,68-70,"29,41","36,32",9-12,16-5,5-5,5-5,02/01/19,8:00 PM,N/A,"Conway, Ark. (Grove Gymnasium)",Win,2,False,413,False,02:03,,,,,"MISS 3PTR by SMITH,PRESTON",,,"MISS 3PTR by SMITH,PRESTON",2,three pointer,missed,hendrix,"smith,preston",,"['caldwell,cam', 'crumly,jonny', 'warlick,jordan']","['rouse,trey', 'link,jacob', 'coman,sean']",123
355,1222,Hendrix,SEWANE~1,1,68-70,"29,41","36,32",9-12,16-5,5-5,5-5,02/01/19,8:00 PM,N/A,"Conway, Ark. (Grove Gymnasium)",Win,2,False,413,False,--,"REBOUND DEF by WARLICK,JORDAN",,,,,,,"REBOUND DEF by WARLICK,JORDAN",2,defensive rebound,,sewane~1,"warlick,jordan",,"['caldwell,cam', 'crumly,jonny', 'warlick,jordan']","['rouse,trey', 'link,jacob', 'coman,sean']",
356,1222,Hendrix,SEWANE~1,1,68-70,"29,41","36,32",9-12,16-5,5-5,5-5,02/01/19,8:00 PM,N/A,"Conway, Ark. (Grove Gymnasium)",Win,2,False,413,False,01:48,"FOUL  by LEE,MATT",,,,,,,"FOUL  by LEE,MATT",2,foul,,sewane~1,"lee,matt",,"['caldwell,cam', 'crumly,jonny', 'warlick,jordan']","['rouse,trey', 'link,jacob', 'coman,sean']",108
357,1222,Hendrix,SEWANE~1,1,68-70,"29,41","36,32",9-12,16-5,5-5,5-5,02/01/19,8:00 PM,N/A,"Conway, Ark. (Grove Gymnasium)",Win,2,False,413,False,01:48,,66,,67 (+1),"GOOD JUMPER by ROUSE,TREY(in the paint)",HENDRIX 66-67 (-1),,"GOOD JUMPER by ROUSE,TREY(in the paint)",2,jumper,good,hendrix,"rouse,trey",2,"['caldwell,cam', 'crumly,jonny', 'warlick,jordan']","['rouse,trey', 'link,jacob', 'coman,sean']",108
358,1222,Hendrix,SEWANE~1,1,68-70,"29,41","36,32",9-12,16-5,5-5,5-5,02/01/19,8:00 PM,N/A,"Conway, Ark. (Grove Gymnasium)",Win,2,False,413,False,01:48,TIMEOUT 30SEC by TEAM,,,,,,,TIMEOUT 30SEC by TEAM,2,timeout,,sewane~1,,,"['caldwell,cam', 'crumly,jonny', 'warlick,jordan']","['rouse,trey', 'link,jacob', 'coman,sean']",108
359,1222,Hendrix,SEWANE~1,1,68-70,"29,41","36,32",9-12,16-5,5-5,5-5,02/01/19,8:00 PM,N/A,"Conway, Ark. (Grove Gymnasium)",Win,2,False,413,False,01:30,,,,,"SUB IN by FITCH,CARL",,,"SUB IN by FITCH,CARL",2,subbing in,,hendrix,"fitch,carl",,"['caldwell,cam', 'crumly,jonny', 'warlick,jordan']","['rouse,trey', 'link,jacob', 'coman,sean', 'fitch,carl']",90
360,1222,Hendrix,SEWANE~1,1,68-70,"29,41","36,32",9-12,16-5,5-5,5-5,02/01/19,8:00 PM,N/A,"Conway, Ark. (Grove Gymnasium)",Win,2,False,413,False,01:30,,,,,"SUB OUT by COMAN,SEAN",,,"SUB OUT by COMAN,SEAN",2,subbing out,,hendrix,"coman,sean",,"['caldwell,cam', 'crumly,jonny', 'warlick,jordan']","['rouse,trey', 'link,jacob', 'fitch,carl']",90
361,1222,Hendrix,SEWANE~1,1,68-70,"29,41","36,32",9-12,16-5,5-5,5-5,02/01/19,8:00 PM,N/A,"Conway, Ark. (Grove Gymnasium)",Win,2,False,413,False,01:21,"GOOD JUMPER by BUESCHER,HUNTER",68 (+1),,67,,SEWANE~1 68-67 (+1),,"GOOD JUMPER by BUESCHER,HUNTER",2,jumper,good,sewane~1,"buescher,hunter",2,"['caldwell,cam', 'crumly,jonny', 'warlick,jordan']","['rouse,trey', 'link,jacob', 'fitch,carl']",81
362,1222,Hendrix,SEWANE~1,1,68-70,"29,41","36,32",9-12,16-5,5-5,5-5,02/01/19,8:00 PM,N/A,"Conway, Ark. (Grove Gymnasium)",Win,2,False,413,False,--,,,,,"ASSIST  by SMITH,PRESTON",,,"ASSIST  by SMITH,PRESTON",2,assist,,hendrix,"smith,preston",,"['caldwell,cam', 'crumly,jonny', 'warlick,jordan']","['rouse,trey', 'link,jacob', 'fitch,carl']",
363,1222,Hendrix,SEWANE~1,1,68-70,"29,41","36,32",9-12,16-5,5-5,5-5,02/01/19,8:00 PM,N/A,"Conway, Ark. (Grove Gymnasium)",Win,2,False,413,False,01:21,"MISS FT by BUESCHER,HUNTER",,,,,,,"MISS FT by BUESCHER,HUNTER",2,free throw,missed,sewane~1,"buescher,hunter",,"['caldwell,cam', 'crumly,jonny', 'warlick,jordan']","['rouse,trey', 'link,jacob', 'fitch,carl']",81
364,1222,Hendrix,SEWANE~1,1,68-70,"29,41","36,32",9-12,16-5,5-5,5-5,02/01/19,8:00 PM,N/A,"Conway, Ark. (Grove Gymnasium)",Win,2,False,413,False,--,,,,,"REBOUND DEF by LINK,JACOB",,,"REBOUND DEF by LINK,JACOB",2,defensive rebound,,hendrix,"link,jacob",,"['caldwell,cam', 'crumly,jonny', 'warlick,jordan']","['rouse,trey', 'link,jacob', 'fitch,carl']",
365,1222,Hendrix,SEWANE~1,1,68-70,"29,41","36,32",9-12,16-5,5-5,5-5,02/01/19,8:00 PM,N/A,"Conway, Ark. (Grove Gymnasium)",Win,2,False,413,False,01:21,,,,,"SUB IN by COMAN,SEAN",,,"SUB IN by COMAN,SEAN",2,subbing in,,hendrix,"coman,sean",,"['caldwell,cam', 'crumly,jonny', 'warlick,jordan']","['rouse,trey', 'link,jacob', 'fitch,carl', 'coman,sean']",81
366,1222,Hendrix,SEWANE~1,1,68-70,"29,41","36,32",9-12,16-5,5-5,5-5,02/01/19,8:00 PM,N/A,"Conway, Ark. (Grove Gymnasium)",Win,2,False,413,False,01:21,,,,,"SUB OUT by FITCH,CARL",,,"SUB OUT by FITCH,CARL",2,subbing out,,hendrix,"fitch,carl",,"['caldwell,cam', 'crumly,jonny', 'warlick,jordan']","['rouse,trey', 'link,jacob', 'coman,sean']",81
367,1222,Hendrix,SEWANE~1,1,68-70,"29,41","36,32",9-12,16-5,5-5,5-5,02/01/19,8:00 PM,N/A,"Conway, Ark. (Grove Gymnasium)",Win,2,False,413,False,01:07,"FOUL  by LEE,MATT",,,,,,,"FOUL  by LEE,MATT",2,foul,,sewane~1,"lee,matt",,"['caldwell,cam', 'crumly,jonny', 'warlick,jordan']","['rouse,trey', 'link,jacob', 'coman,sean']",67
368,1222,Hendrix,SEWANE~1,1,68-70,"29,41","36,32",9-12,16-5,5-5,5-5,02/01/19,8:00 PM,N/A,"Conway, Ark. (Grove Gymnasium)",Win,2,False,413,False,00:55,"SUB IN by BARRY,MICHAEL",,,,,,,"SUB IN by BARRY,MICHAEL",2,subbing in,,sewane~1,"barry,michael",,"['caldwell,cam', 'crumly,jonny', 'warlick,jordan', 'barry,michael']","['rouse,trey', 'link,jacob', 'coman,sean']",55
369,1222,Hendrix,SEWANE~1,1,68-70,"29,41","36,32",9-12,16-5,5-5,5-5,02/01/19,8:00 PM,N/A,"Conway, Ark. (Grove Gymnasium)",Win,2,False,413,False,00:55,"SUB OUT by LEE,MATT",,,,,,,"SUB OUT by LEE,MATT",2,subbing out,,sewane~1,"lee,matt",,"['caldwell,cam', 'crumly,jonny', 'warlick,jordan', 'barry,michael']","['rouse,trey', 'link,jacob', 'coman,sean']",55
370,1222,Hendrix,SEWANE~1,1,68-70,"29,41","36,32",9-12,16-5,5-5,5-5,02/01/19,8:00 PM,N/A,"Conway, Ark. (Grove Gymnasium)",Win,2,False,413,False,00:52,,68,,68,"GOOD FT by COMAN,SEAN",HENDRIX 68-68 (0),,"GOOD FT by COMAN,SEAN",2,free throw,good,hendrix,"coman,sean",1,"['caldwell,cam', 'crumly,jonny', 'warlick,jordan', 'barry,michael']","['rouse,trey', 'link,jacob', 'coman,sean']",52
371,1222,Hendrix,SEWANE~1,1,68-70,"29,41","36,32",9-12,16-5,5-5,5-5,02/01/19,8:00 PM,N/A,"Conway, Ark. (Grove Gymnasium)",Win,2,False,413,False,00:52,,,,,"MISS FT by COMAN,SEAN",,,"MISS FT by COMAN,SEAN",2,free throw,missed,hendrix,"coman,sean",,"['caldwell,cam', 'crumly,jonny', 'warlick,jordan', 'barry,michael']","['rouse,trey', 'link,jacob', 'coman,sean']",52
372,1222,Hendrix,SEWANE~1,1,68-70,"29,41","36,32",9-12,16-5,5-5,5-5,02/01/19,8:00 PM,N/A,"Conway, Ark. (Grove Gymnasium)",Win,2,False,413,False,--,"REBOUND DEF by BARRY,MICHAEL",,,,,,,"REBOUND DEF by BARRY,MICHAEL",2,defensive rebound,,sewane~1,"barry,michael",,"['caldwell,cam', 'crumly,jonny', 'warlick,jordan', 'barry,michael']","['rouse,trey', 'link,jacob', 'coman,sean']",
373,1222,Hendrix,SEWANE~1,1,68-70,"29,41","36,32",9-12,16-5,5-5,5-5,02/01/19,8:00 PM,N/A,"Conway, Ark. (Grove Gymnasium)",Win,2,False,413,False,00:52,"MISS 3PTR by BARRY,MICHAEL",,,,,,,"MISS 3PTR by BARRY,MICHAEL",2,three pointer,missed,sewane~1,"barry,michael",,"['caldwell,cam', 'crumly,jonny', 'warlick,jordan', 'barry,michael']","['rouse,trey', 'link,jacob', 'coman,sean']",52
374,1222,Hendrix,SEWANE~1,1,68-70,"29,41","36,32",9-12,16-5,5-5,5-5,02/01/19,8:00 PM,N/A,"Conway, Ark. (Grove Gymnasium)",Win,2,False,413,False,--,,,,,"REBOUND DEF by LINK,JACOB",,,"REBOUND DEF by LINK,JACOB",2,defensive rebound,,hendrix,"link,jacob",,"['caldwell,cam', 'crumly,jonny', 'warlick,jordan', 'barry,michael']","['rouse,trey', 'link,jacob', 'coman,sean']",
375,1222,Hendrix,SEWANE~1,1,68-70,"29,41","36,32",9-12,16-5,5-5,5-5,02/01/19,8:00 PM,N/A,"Conway, Ark. (Grove Gymnasium)",Win,2,False,413,False,00:52,,,,,"SUB IN by FITCH,CARL",,,"SUB IN by FITCH,CARL",2,subbing in,,hendrix,"fitch,carl",,"['caldwell,cam', 'crumly,jonny', 'warlick,jordan', 'barry,michael']","['rouse,trey', 'link,jacob', 'coman,sean']",52
376,1222,Hendrix,SEWANE~1,1,68-70,"29,41","36,32",9-12,16-5,5-5,5-5,02/01/19,8:00 PM,N/A,"Conway, Ark. (Grove Gymnasium)",Win,2,False,413,False,00:52,,,,,"SUB OUT by ROUSE,TREY",,,"SUB OUT by ROUSE,TREY",2,subbing out,,hendrix,"rouse,trey",,"['caldwell,cam', 'crumly,jonny', 'warlick,jordan', 'barry,michael']","['link,jacob', 'coman,sean']",52
377,1222,Hendrix,SEWANE~1,1,68-70,"29,41","36,32",9-12,16-5,5-5,5-5,02/01/19,8:00 PM,N/A,"Conway, Ark. (Grove Gymnasium)",Win,2,False,413,False,00:51,,,,,TIMEOUT 30SEC by TEAM,,,TIMEOUT 30SEC by TEAM,2,timeout,,hendrix,,,"['caldwell,cam', 'crumly,jonny', 'warlick,jordan', 'barry,michael']","['link,jacob', 'coman,sean']",51
378,1222,Hendrix,SEWANE~1,1,68-70,"29,41","36,32",9-12,16-5,5-5,5-5,02/01/19,8:00 PM,N/A,"Conway, Ark. (Grove Gymnasium)",Win,2,False,413,False,00:00,,68,,70 (+2),"GOOD LAYUP by LINK,JACOB(in the paint)",HENDRIX 68-70 (-2),,"GOOD LAYUP by LINK,JACOB(in the paint)",2,layup,good,hendrix,"link,jacob",2,"['caldwell,cam', 'crumly,jonny', 'warlick,jordan', 'barry,michael']","['link,jacob', 'coman,sean']",0
379,1222,Hendrix,SEWANE~1,1,68-70,"29,41","36,32",9-12,16-5,5-5,5-5,02/01/19,8:00 PM,N/A,"Conway, Ark. (Grove Gymnasium)",Win,2,False,413,False,00:00,TIMEOUT 30SEC by TEAM,,,,,,,TIMEOUT 30SEC by TEAM,2,timeout,,sewane~1,,,"['caldwell,cam', 'crumly,jonny', 'warlick,jordan', 'barry,michael']","['link,jacob', 'coman,sean']",0
380,1222,Hendrix,SEWANE~1,1,68-70,"29,41","36,32",9-12,16-5,5-5,5-5,02/01/19,8:00 PM,N/A,"Conway, Ark. (Grove Gymnasium)",Win,2,False,413,False,00:00,TIMEOUT 30SEC by TEAM,,,,,,,TIMEOUT 30SEC by TEAM,2,timeout,,sewane~1,,,"['caldwell,cam', 'crumly,jonny', 'warlick,jordan', 'barry,michael']","['link,jacob', 'coman,sean']",0
381,1222,Hendrix,SEWANE~1,1,68-70,"29,41","36,32",9-12,16-5,5-5,5-5,02/01/19,8:00 PM,N/A,"Conway, Ark. (Grove Gymnasium)",Win,2,False,413,False,00:00,"TURNOVER  by WARLICK,JORDAN",,,,,,,"TURNOVER  by WARLICK,JORDAN",2,turnover,,sewane~1,"warlick,jordan",,"['caldwell,cam', 'crumly,jonny', 'warlick,jordan', 'barry,michael']","['link,jacob', 'coman,sean']",0
382,1222,Hendrix,SEWANE~1,1,68-70,"29,41","36,32",9-12,16-5,5-5,5-5,02/01/19,8:00 PM,N/A,"Conway, Ark. (Grove Gymnasium)",Win,2,False,413,False,00:00,,,,,"STEAL  by LINK,JACOB",,,"STEAL  by LINK,JACOB",2,steal,,hendrix,,,"['caldwell,cam', 'crumly,jonny', 'warlick,jordan', 'barry,michael']","['link,jacob', 'coman,sean']",0
383,1222,Hendrix,SEWANE~1,1,68-70,"29,41","36,32",9-12,16-5,5-5,5-5,02/01/19,8:00 PM,N/A,"Conway, Ark. (Grove Gymnasium)",Win,2,False,413,False,00:00,"SUB IN by MCDONOUGH,SEAN",,,,,,,"SUB IN by MCDONOUGH,SEAN",2,subbing in,,sewane~1,"mcdonough,sean",,"['caldwell,cam', 'crumly,jonny', 'warlick,jordan', 'barry,michael', 'mcdonough,sean']","['link,jacob', 'coman,sean']",0
384,1222,Hendrix,SEWANE~1,1,68-70,"29,41","36,32",9-12,16-5,5-5,5-5,02/01/19,8:00 PM,N/A,"Conway, Ark. (Grove Gymnasium)",Win,2,False,413,False,00:00,"SUB OUT by BARRY,MICHAEL",,,,,,,"SUB OUT by BARRY,MICHAEL",2,subbing out,,sewane~1,"barry,michael",,"['caldwell,cam', 'crumly,jonny', 'warlick,jordan', 'mcdonough,sean']","['link,jacob', 'coman,sean']",0
