,gameID,homeTeam,awayTeam,saaGame,finalScore,homeScoreByPeriod,awayScoreByPeriod,homeRecord,awayRecord,homeConfRecord,awayConfRecord,gameDate,startTime,gameLength,gameLocation,homeWin,numPeriods,isOvertime,attendance,isNeutral,timeRemaining,awayPlay,awayTeamScore,playTeamIndicator,homeTeamScore,homePlay,gameScore,teamIndicator,Play,Period,playType,shotOutcome,Team,Player,pointsEarned,awayLineup,homeLineup,timeSeconds
0,1167,Covenant,Sewanee,0,56-73,"35,38","28,28",10-10,12-8,N/A,N/A,01/31/17,5:30 AM,N/A,"Lookout Mountain, Ga. - Barnes PE Center",Win,2,False,287,False,19:35,"GOOD LAYUP by BORN,LEO(in the paint)",2 ,,0,,SEWANEE 2-0 (+2),,"GOOD LAYUP by BORN,LEO(in the paint)",1,layup,good,sewanee,"born,leo",2,"['williams,jorden', 'stone,brody', 'thomas,adrian', 'born,leo', 'born,clay']","['arima,z', 'haynes,caleb', 'spragg,bailey', 'twagirayezu,patjo', 'dryden,berto']",1175
1,1167,Covenant,Sewanee,0,56-73,"35,38","28,28",10-10,12-8,N/A,N/A,01/31/17,5:30 AM,N/A,"Lookout Mountain, Ga. - Barnes PE Center",Win,2,False,287,False,19:04,,2,,3 ,"GOOD 3PTR by SPRAGG,BAILEY",CCM 2-3 (-1),,"GOOD 3PTR by SPRAGG,BAILEY",1,three pointer,good,covenant,"spragg,bailey",3,"['williams,jorden', 'stone,brody', 'thomas,adrian', 'born,leo', 'born,clay']","['arima,z', 'haynes,caleb', 'spragg,bailey', 'twagirayezu,patjo', 'dryden,berto']",1144
2,1167,Covenant,Sewanee,0,56-73,"35,38","28,28",10-10,12-8,N/A,N/A,01/31/17,5:30 AM,N/A,"Lookout Mountain, Ga. - Barnes PE Center",Win,2,False,287,False,18:50,,2,,3 ,"FOUL  by DRYDEN,BERTO",,,"FOUL  by DRYDEN,BERTO",1,foul,,covenant,"dryden,berto",,"['williams,jorden', 'stone,brody', 'thomas,adrian', 'born,leo', 'born,clay']","['arima,z', 'haynes,caleb', 'spragg,bailey', 'twagirayezu,patjo', 'dryden,berto']",1130
3,1167,Covenant,Sewanee,0,56-73,"35,38","28,28",10-10,12-8,N/A,N/A,01/31/17,5:30 AM,N/A,"Lookout Mountain, Ga. - Barnes PE Center",Win,2,False,287,False,18:40,"GOOD 3PTR by WILLIAMS,JORDEN",5 ,,3,,SEWANEE 5-3 (+2),,"GOOD 3PTR by WILLIAMS,JORDEN",1,three pointer,good,sewanee,"williams,jorden",3,"['williams,jorden', 'stone,brody', 'thomas,adrian', 'born,leo', 'born,clay']","['arima,z', 'haynes,caleb', 'spragg,bailey', 'twagirayezu,patjo', 'dryden,berto']",1120
4,1167,Covenant,Sewanee,0,56-73,"35,38","28,28",10-10,12-8,N/A,N/A,01/31/17,5:30 AM,N/A,"Lookout Mountain, Ga. - Barnes PE Center",Win,2,False,287,False,--,"ASSIST  by THOMAS,ADRIAN",5 ,,3,,,,"ASSIST  by THOMAS,ADRIAN",1,assist,,sewanee,"thomas,adrian",,"['williams,jorden', 'stone,brody', 'thomas,adrian', 'born,leo', 'born,clay']","['arima,z', 'haynes,caleb', 'spragg,bailey', 'twagirayezu,patjo', 'dryden,berto']",
5,1167,Covenant,Sewanee,0,56-73,"35,38","28,28",10-10,12-8,N/A,N/A,01/31/17,5:30 AM,N/A,"Lookout Mountain, Ga. - Barnes PE Center",Win,2,False,287,False,18:27,,5,,6 ,"GOOD 3PTR by SPRAGG,BAILEY",CCM 5-6 (-1),,"GOOD 3PTR by SPRAGG,BAILEY",1,three pointer,good,covenant,"spragg,bailey",3,"['williams,jorden', 'stone,brody', 'thomas,adrian', 'born,leo', 'born,clay']","['arima,z', 'haynes,caleb', 'spragg,bailey', 'twagirayezu,patjo', 'dryden,berto']",1107
6,1167,Covenant,Sewanee,0,56-73,"35,38","28,28",10-10,12-8,N/A,N/A,01/31/17,5:30 AM,N/A,"Lookout Mountain, Ga. - Barnes PE Center",Win,2,False,287,False,--,,5,,6 ,"ASSIST  by ARIMA,Z",,,"ASSIST  by ARIMA,Z",1,assist,,covenant,"arima,z",,"['williams,jorden', 'stone,brody', 'thomas,adrian', 'born,leo', 'born,clay']","['arima,z', 'haynes,caleb', 'spragg,bailey', 'twagirayezu,patjo', 'dryden,berto']",
7,1167,Covenant,Sewanee,0,56-73,"35,38","28,28",10-10,12-8,N/A,N/A,01/31/17,5:30 AM,N/A,"Lookout Mountain, Ga. - Barnes PE Center",Win,2,False,287,False,18:12,"TURNOVER  by BORN,CLAY",5,,6 ,,,,"TURNOVER  by BORN,CLAY",1,turnover,,sewanee,"born,clay",,"['williams,jorden', 'stone,brody', 'thomas,adrian', 'born,leo', 'born,clay']","['arima,z', 'haynes,caleb', 'spragg,bailey', 'twagirayezu,patjo', 'dryden,berto']",1092
8,1167,Covenant,Sewanee,0,56-73,"35,38","28,28",10-10,12-8,N/A,N/A,01/31/17,5:30 AM,N/A,"Lookout Mountain, Ga. - Barnes PE Center",Win,2,False,287,False,18:09,,5,,6 ,"STEAL  by TWAGIRAYEZU,PATJO",,,"STEAL  by TWAGIRAYEZU,PATJO",1,steal,,covenant,,,"['williams,jorden', 'stone,brody', 'thomas,adrian', 'born,leo', 'born,clay']","['arima,z', 'haynes,caleb', 'spragg,bailey', 'twagirayezu,patjo', 'dryden,berto']",1089
9,1167,Covenant,Sewanee,0,56-73,"35,38","28,28",10-10,12-8,N/A,N/A,01/31/17,5:30 AM,N/A,"Lookout Mountain, Ga. - Barnes PE Center",Win,2,False,287,False,18:03,,5,,8 ,"GOOD JUMPER by ARIMA,Z(in the paint)",CCM 5-8 (-3),,"GOOD JUMPER by ARIMA,Z(in the paint)",1,jumper,good,covenant,"arima,z",2,"['williams,jorden', 'stone,brody', 'thomas,adrian', 'born,leo', 'born,clay']","['arima,z', 'haynes,caleb', 'spragg,bailey', 'twagirayezu,patjo', 'dryden,berto']",1083
10,1167,Covenant,Sewanee,0,56-73,"35,38","28,28",10-10,12-8,N/A,N/A,01/31/17,5:30 AM,N/A,"Lookout Mountain, Ga. - Barnes PE Center",Win,2,False,287,False,17:43,"MISS JUMPER by BORN,LEO",5,,8 ,,,,"MISS JUMPER by BORN,LEO",1,jumper,missed,sewanee,"born,leo",,"['williams,jorden', 'stone,brody', 'thomas,adrian', 'born,leo', 'born,clay']","['arima,z', 'haynes,caleb', 'spragg,bailey', 'twagirayezu,patjo', 'dryden,berto']",1063
11,1167,Covenant,Sewanee,0,56-73,"35,38","28,28",10-10,12-8,N/A,N/A,01/31/17,5:30 AM,N/A,"Lookout Mountain, Ga. - Barnes PE Center",Win,2,False,287,False,--,,5,,8 ,"REBOUND DEF by TWAGIRAYEZU,PATJO",,,"REBOUND DEF by TWAGIRAYEZU,PATJO",1,defensive rebound,,covenant,"twagirayezu,patjo",,"['williams,jorden', 'stone,brody', 'thomas,adrian', 'born,leo', 'born,clay']","['arima,z', 'haynes,caleb', 'spragg,bailey', 'twagirayezu,patjo', 'dryden,berto']",
12,1167,Covenant,Sewanee,0,56-73,"35,38","28,28",10-10,12-8,N/A,N/A,01/31/17,5:30 AM,N/A,"Lookout Mountain, Ga. - Barnes PE Center",Win,2,False,287,False,17:34,,5,,8 ,"MISS LAYUP by DRYDEN,BERTO",,,"MISS LAYUP by DRYDEN,BERTO",1,layup,missed,covenant,"dryden,berto",,"['williams,jorden', 'stone,brody', 'thomas,adrian', 'born,leo', 'born,clay']","['arima,z', 'haynes,caleb', 'spragg,bailey', 'twagirayezu,patjo', 'dryden,berto']",1054
13,1167,Covenant,Sewanee,0,56-73,"35,38","28,28",10-10,12-8,N/A,N/A,01/31/17,5:30 AM,N/A,"Lookout Mountain, Ga. - Barnes PE Center",Win,2,False,287,False,--,"REBOUND DEF by THOMAS,ADRIAN",5,,8 ,,,,"REBOUND DEF by THOMAS,ADRIAN",1,defensive rebound,,sewanee,"thomas,adrian",,"['williams,jorden', 'stone,brody', 'thomas,adrian', 'born,leo', 'born,clay']","['arima,z', 'haynes,caleb', 'spragg,bailey', 'twagirayezu,patjo', 'dryden,berto']",
14,1167,Covenant,Sewanee,0,56-73,"35,38","28,28",10-10,12-8,N/A,N/A,01/31/17,5:30 AM,N/A,"Lookout Mountain, Ga. - Barnes PE Center",Win,2,False,287,False,17:21,"TURNOVER  by WILLIAMS,JORDEN",5,,8 ,,,,"TURNOVER  by WILLIAMS,JORDEN",1,turnover,,sewanee,"williams,jorden",,"['williams,jorden', 'stone,brody', 'thomas,adrian', 'born,leo', 'born,clay']","['arima,z', 'haynes,caleb', 'spragg,bailey', 'twagirayezu,patjo', 'dryden,berto']",1041
15,1167,Covenant,Sewanee,0,56-73,"35,38","28,28",10-10,12-8,N/A,N/A,01/31/17,5:30 AM,N/A,"Lookout Mountain, Ga. - Barnes PE Center",Win,2,False,287,False,17:05,,5,,8 ,"MISS JUMPER by TWAGIRAYEZU,PATJO",,,"MISS JUMPER by TWAGIRAYEZU,PATJO",1,jumper,missed,covenant,"twagirayezu,patjo",,"['williams,jorden', 'stone,brody', 'thomas,adrian', 'born,leo', 'born,clay']","['arima,z', 'haynes,caleb', 'spragg,bailey', 'twagirayezu,patjo', 'dryden,berto']",1025
16,1167,Covenant,Sewanee,0,56-73,"35,38","28,28",10-10,12-8,N/A,N/A,01/31/17,5:30 AM,N/A,"Lookout Mountain, Ga. - Barnes PE Center",Win,2,False,287,False,--,"REBOUND DEF by STONE,BRODY",5,,8 ,,,,"REBOUND DEF by STONE,BRODY",1,defensive rebound,,sewanee,"stone,brody",,"['williams,jorden', 'stone,brody', 'thomas,adrian', 'born,leo', 'born,clay']","['arima,z', 'haynes,caleb', 'spragg,bailey', 'twagirayezu,patjo', 'dryden,berto']",
17,1167,Covenant,Sewanee,0,56-73,"35,38","28,28",10-10,12-8,N/A,N/A,01/31/17,5:30 AM,N/A,"Lookout Mountain, Ga. - Barnes PE Center",Win,2,False,287,False,16:49,"TURNOVER  by BORN,LEO",5,,8 ,,,,"TURNOVER  by BORN,LEO",1,turnover,,sewanee,"born,leo",,"['williams,jorden', 'stone,brody', 'thomas,adrian', 'born,leo', 'born,clay']","['arima,z', 'haynes,caleb', 'spragg,bailey', 'twagirayezu,patjo', 'dryden,berto']",1009
18,1167,Covenant,Sewanee,0,56-73,"35,38","28,28",10-10,12-8,N/A,N/A,01/31/17,5:30 AM,N/A,"Lookout Mountain, Ga. - Barnes PE Center",Win,2,False,287,False,16:47,,5,,8 ,"STEAL  by DRYDEN,BERTO",,,"STEAL  by DRYDEN,BERTO",1,steal,,covenant,,,"['williams,jorden', 'stone,brody', 'thomas,adrian', 'born,leo', 'born,clay']","['arima,z', 'haynes,caleb', 'spragg,bailey', 'twagirayezu,patjo', 'dryden,berto']",1007
19,1167,Covenant,Sewanee,0,56-73,"35,38","28,28",10-10,12-8,N/A,N/A,01/31/17,5:30 AM,N/A,"Lookout Mountain, Ga. - Barnes PE Center",Win,2,False,287,False,16:44,,5,,10 ,"GOOD LAYUP by ARIMA,Z(fastbreak)(in the paint)",CCM 5-10 (-5),,"GOOD LAYUP by ARIMA,Z(fastbreak)(in the paint)",1,layup,good,covenant,"arima,z(fastbreak)",2,"['williams,jorden', 'stone,brody', 'thomas,adrian', 'born,leo', 'born,clay']","['arima,z', 'haynes,caleb', 'spragg,bailey', 'twagirayezu,patjo', 'dryden,berto']",1004
20,1167,Covenant,Sewanee,0,56-73,"35,38","28,28",10-10,12-8,N/A,N/A,01/31/17,5:30 AM,N/A,"Lookout Mountain, Ga. - Barnes PE Center",Win,2,False,287,False,16:26,"MISS JUMPER by BORN,CLAY",5,,10 ,,,,"MISS JUMPER by BORN,CLAY",1,jumper,missed,sewanee,"born,clay",,"['williams,jorden', 'stone,brody', 'thomas,adrian', 'born,leo', 'born,clay']","['arima,z', 'haynes,caleb', 'spragg,bailey', 'twagirayezu,patjo', 'dryden,berto']",986
21,1167,Covenant,Sewanee,0,56-73,"35,38","28,28",10-10,12-8,N/A,N/A,01/31/17,5:30 AM,N/A,"Lookout Mountain, Ga. - Barnes PE Center",Win,2,False,287,False,--,,5,,10 ,REBOUND DEADB by TEAM,,,REBOUND DEADB by TEAM,1,deadball rebound,,covenant,,,"['williams,jorden', 'stone,brody', 'thomas,adrian', 'born,leo', 'born,clay']","['arima,z', 'haynes,caleb', 'spragg,bailey', 'twagirayezu,patjo', 'dryden,berto']",
22,1167,Covenant,Sewanee,0,56-73,"35,38","28,28",10-10,12-8,N/A,N/A,01/31/17,5:30 AM,N/A,"Lookout Mountain, Ga. - Barnes PE Center",Win,2,False,287,False,16:24,"FOUL  by BORN,LEO",5,,10 ,,,,"FOUL  by BORN,LEO",1,foul,,sewanee,"born,leo",,"['williams,jorden', 'stone,brody', 'thomas,adrian', 'born,leo', 'born,clay']","['arima,z', 'haynes,caleb', 'spragg,bailey', 'twagirayezu,patjo', 'dryden,berto']",984
23,1167,Covenant,Sewanee,0,56-73,"35,38","28,28",10-10,12-8,N/A,N/A,01/31/17,5:30 AM,N/A,"Lookout Mountain, Ga. - Barnes PE Center",Win,2,False,287,False,16:12,,5,,12 ,"GOOD LAYUP by HAYNES,CALEB(in the paint)",CCM 5-12 (-7),,"GOOD LAYUP by HAYNES,CALEB(in the paint)",1,layup,good,covenant,"haynes,caleb",2,"['williams,jorden', 'stone,brody', 'thomas,adrian', 'born,leo', 'born,clay']","['arima,z', 'haynes,caleb', 'spragg,bailey', 'twagirayezu,patjo', 'dryden,berto']",972
24,1167,Covenant,Sewanee,0,56-73,"35,38","28,28",10-10,12-8,N/A,N/A,01/31/17,5:30 AM,N/A,"Lookout Mountain, Ga. - Barnes PE Center",Win,2,False,287,False,--,,5,,12 ,"ASSIST  by DRYDEN,BERTO",,,"ASSIST  by DRYDEN,BERTO",1,assist,,covenant,"dryden,berto",,"['williams,jorden', 'stone,brody', 'thomas,adrian', 'born,leo', 'born,clay']","['arima,z', 'haynes,caleb', 'spragg,bailey', 'twagirayezu,patjo', 'dryden,berto']",
25,1167,Covenant,Sewanee,0,56-73,"35,38","28,28",10-10,12-8,N/A,N/A,01/31/17,5:30 AM,N/A,"Lookout Mountain, Ga. - Barnes PE Center",Win,2,False,287,False,16:11,"FOUL  by THOMAS,ADRIAN",5,,12 ,,,,"FOUL  by THOMAS,ADRIAN",1,foul,,sewanee,"thomas,adrian",,"['williams,jorden', 'stone,brody', 'thomas,adrian', 'born,leo', 'born,clay']","['arima,z', 'haynes,caleb', 'spragg,bailey', 'twagirayezu,patjo', 'dryden,berto']",971
26,1167,Covenant,Sewanee,0,56-73,"35,38","28,28",10-10,12-8,N/A,N/A,01/31/17,5:30 AM,N/A,"Lookout Mountain, Ga. - Barnes PE Center",Win,2,False,287,False,16:11,,5,,13 ,"GOOD FT by HAYNES,CALEB",CCM 5-13 (-8),,"GOOD FT by HAYNES,CALEB",1,free throw,good,covenant,"haynes,caleb",1,"['williams,jorden', 'stone,brody', 'thomas,adrian', 'born,leo', 'born,clay']","['arima,z', 'haynes,caleb', 'spragg,bailey', 'twagirayezu,patjo', 'dryden,berto']",971
27,1167,Covenant,Sewanee,0,56-73,"35,38","28,28",10-10,12-8,N/A,N/A,01/31/17,5:30 AM,N/A,"Lookout Mountain, Ga. - Barnes PE Center",Win,2,False,287,False,16:11,"SUB IN by CALDWELL,CAM",5,,13 ,,,,"SUB IN by CALDWELL,CAM",1,subbing in,,sewanee,"caldwell,cam",,"['williams,jorden', 'stone,brody', 'thomas,adrian', 'born,leo', 'born,clay', 'caldwell,cam']","['arima,z', 'haynes,caleb', 'spragg,bailey', 'twagirayezu,patjo', 'dryden,berto']",971
28,1167,Covenant,Sewanee,0,56-73,"35,38","28,28",10-10,12-8,N/A,N/A,01/31/17,5:30 AM,N/A,"Lookout Mountain, Ga. - Barnes PE Center",Win,2,False,287,False,16:11,"SUB OUT by THOMAS,ADRIAN",5,,13 ,,,,"SUB OUT by THOMAS,ADRIAN",1,subbing out,,sewanee,"thomas,adrian",,"['williams,jorden', 'stone,brody', 'born,leo', 'born,clay', 'caldwell,cam']","['arima,z', 'haynes,caleb', 'spragg,bailey', 'twagirayezu,patjo', 'dryden,berto']",971
29,1167,Covenant,Sewanee,0,56-73,"35,38","28,28",10-10,12-8,N/A,N/A,01/31/17,5:30 AM,N/A,"Lookout Mountain, Ga. - Barnes PE Center",Win,2,False,287,False,15:48,"TURNOVER  by STONE,BRODY",5,,13 ,,,,"TURNOVER  by STONE,BRODY",1,turnover,,sewanee,"stone,brody",,"['williams,jorden', 'stone,brody', 'born,leo', 'born,clay', 'caldwell,cam']","['arima,z', 'haynes,caleb', 'spragg,bailey', 'twagirayezu,patjo', 'dryden,berto']",948
30,1167,Covenant,Sewanee,0,56-73,"35,38","28,28",10-10,12-8,N/A,N/A,01/31/17,5:30 AM,N/A,"Lookout Mountain, Ga. - Barnes PE Center",Win,2,False,287,False,15:48,,5,,13 ,"STEAL  by DRYDEN,BERTO",,,"STEAL  by DRYDEN,BERTO",1,steal,,covenant,,,"['williams,jorden', 'stone,brody', 'born,leo', 'born,clay', 'caldwell,cam']","['arima,z', 'haynes,caleb', 'spragg,bailey', 'twagirayezu,patjo', 'dryden,berto']",948
31,1167,Covenant,Sewanee,0,56-73,"35,38","28,28",10-10,12-8,N/A,N/A,01/31/17,5:30 AM,N/A,"Lookout Mountain, Ga. - Barnes PE Center",Win,2,False,287,False,15:36,,5,,13 ,"MISS 3PTR by ARIMA,Z",,,"MISS 3PTR by ARIMA,Z",1,three pointer,missed,covenant,"arima,z",,"['williams,jorden', 'stone,brody', 'born,leo', 'born,clay', 'caldwell,cam']","['arima,z', 'haynes,caleb', 'spragg,bailey', 'twagirayezu,patjo', 'dryden,berto']",936
32,1167,Covenant,Sewanee,0,56-73,"35,38","28,28",10-10,12-8,N/A,N/A,01/31/17,5:30 AM,N/A,"Lookout Mountain, Ga. - Barnes PE Center",Win,2,False,287,False,--,"REBOUND DEF by BORN,CLAY",5,,13 ,,,,"REBOUND DEF by BORN,CLAY",1,defensive rebound,,sewanee,"born,clay",,"['williams,jorden', 'stone,brody', 'born,leo', 'born,clay', 'caldwell,cam']","['arima,z', 'haynes,caleb', 'spragg,bailey', 'twagirayezu,patjo', 'dryden,berto']",
33,1167,Covenant,Sewanee,0,56-73,"35,38","28,28",10-10,12-8,N/A,N/A,01/31/17,5:30 AM,N/A,"Lookout Mountain, Ga. - Barnes PE Center",Win,2,False,287,False,15:25,TIMEOUT 20SEC by TEAM,5,,13 ,,,,TIMEOUT 20SEC by TEAM,1,timeout,,sewanee,,,"['williams,jorden', 'stone,brody', 'born,leo', 'born,clay', 'caldwell,cam']","['arima,z', 'haynes,caleb', 'spragg,bailey', 'twagirayezu,patjo', 'dryden,berto']",925
34,1167,Covenant,Sewanee,0,56-73,"35,38","28,28",10-10,12-8,N/A,N/A,01/31/17,5:30 AM,N/A,"Lookout Mountain, Ga. - Barnes PE Center",Win,2,False,287,False,15:25,"SUB IN by BUESCHER,HUNTER",5,,13 ,,,,"SUB IN by BUESCHER,HUNTER",1,subbing in,,sewanee,"buescher,hunter",,"['williams,jorden', 'stone,brody', 'born,leo', 'born,clay', 'caldwell,cam', 'buescher,hunter']","['arima,z', 'haynes,caleb', 'spragg,bailey', 'twagirayezu,patjo', 'dryden,berto']",925
35,1167,Covenant,Sewanee,0,56-73,"35,38","28,28",10-10,12-8,N/A,N/A,01/31/17,5:30 AM,N/A,"Lookout Mountain, Ga. - Barnes PE Center",Win,2,False,287,False,15:25,"SUB OUT by BORN,LEO",5,,13 ,,,,"SUB OUT by BORN,LEO",1,subbing out,,sewanee,"born,leo",,"['williams,jorden', 'stone,brody', 'born,clay', 'caldwell,cam', 'buescher,hunter']","['arima,z', 'haynes,caleb', 'spragg,bailey', 'twagirayezu,patjo', 'dryden,berto']",925
36,1167,Covenant,Sewanee,0,56-73,"35,38","28,28",10-10,12-8,N/A,N/A,01/31/17,5:30 AM,N/A,"Lookout Mountain, Ga. - Barnes PE Center",Win,2,False,287,False,15:25,,5,,13 ,"SUB IN by PORTLOCK,WILL",,,"SUB IN by PORTLOCK,WILL",1,subbing in,,covenant,"portlock,will",,"['williams,jorden', 'stone,brody', 'born,clay', 'caldwell,cam', 'buescher,hunter']","['arima,z', 'haynes,caleb', 'spragg,bailey', 'twagirayezu,patjo', 'dryden,berto', 'portlock,will']",925
37,1167,Covenant,Sewanee,0,56-73,"35,38","28,28",10-10,12-8,N/A,N/A,01/31/17,5:30 AM,N/A,"Lookout Mountain, Ga. - Barnes PE Center",Win,2,False,287,False,15:25,,5,,13 ,"SUB IN by ALLEN,ZACK",,,"SUB IN by ALLEN,ZACK",1,subbing in,,covenant,"allen,zack",,"['williams,jorden', 'stone,brody', 'born,clay', 'caldwell,cam', 'buescher,hunter']","['arima,z', 'haynes,caleb', 'spragg,bailey', 'twagirayezu,patjo', 'dryden,berto', 'portlock,will', 'allen,zack']",925
38,1167,Covenant,Sewanee,0,56-73,"35,38","28,28",10-10,12-8,N/A,N/A,01/31/17,5:30 AM,N/A,"Lookout Mountain, Ga. - Barnes PE Center",Win,2,False,287,False,15:25,,5,,13 ,"SUB OUT by DRYDEN,BERTO",,,"SUB OUT by DRYDEN,BERTO",1,subbing out,,covenant,"dryden,berto",,"['williams,jorden', 'stone,brody', 'born,clay', 'caldwell,cam', 'buescher,hunter']","['arima,z', 'haynes,caleb', 'spragg,bailey', 'twagirayezu,patjo', 'portlock,will', 'allen,zack']",925
39,1167,Covenant,Sewanee,0,56-73,"35,38","28,28",10-10,12-8,N/A,N/A,01/31/17,5:30 AM,N/A,"Lookout Mountain, Ga. - Barnes PE Center",Win,2,False,287,False,15:25,,5,,13 ,"SUB OUT by ARIMA,Z",,,"SUB OUT by ARIMA,Z",1,subbing out,,covenant,"arima,z",,"['williams,jorden', 'stone,brody', 'born,clay', 'caldwell,cam', 'buescher,hunter']","['haynes,caleb', 'spragg,bailey', 'twagirayezu,patjo', 'portlock,will', 'allen,zack']",925
40,1167,Covenant,Sewanee,0,56-73,"35,38","28,28",10-10,12-8,N/A,N/A,01/31/17,5:30 AM,N/A,"Lookout Mountain, Ga. - Barnes PE Center",Win,2,False,287,False,15:10,"MISS JUMPER by WILLIAMS,JORDEN",5,,13 ,,,,"MISS JUMPER by WILLIAMS,JORDEN",1,jumper,missed,sewanee,"williams,jorden",,"['williams,jorden', 'stone,brody', 'born,clay', 'caldwell,cam', 'buescher,hunter']","['haynes,caleb', 'spragg,bailey', 'twagirayezu,patjo', 'portlock,will', 'allen,zack']",910
41,1167,Covenant,Sewanee,0,56-73,"35,38","28,28",10-10,12-8,N/A,N/A,01/31/17,5:30 AM,N/A,"Lookout Mountain, Ga. - Barnes PE Center",Win,2,False,287,False,--,,5,,13 ,"REBOUND DEF by HAYNES,CALEB",,,"REBOUND DEF by HAYNES,CALEB",1,defensive rebound,,covenant,"haynes,caleb",,"['williams,jorden', 'stone,brody', 'born,clay', 'caldwell,cam', 'buescher,hunter']","['haynes,caleb', 'spragg,bailey', 'twagirayezu,patjo', 'portlock,will', 'allen,zack']",
42,1167,Covenant,Sewanee,0,56-73,"35,38","28,28",10-10,12-8,N/A,N/A,01/31/17,5:30 AM,N/A,"Lookout Mountain, Ga. - Barnes PE Center",Win,2,False,287,False,14:43,,5,,15 ,"GOOD JUMPER by PORTLOCK,WILL",CCM 5-15 (-10),,"GOOD JUMPER by PORTLOCK,WILL",1,jumper,good,covenant,"portlock,will",2,"['williams,jorden', 'stone,brody', 'born,clay', 'caldwell,cam', 'buescher,hunter']","['haynes,caleb', 'spragg,bailey', 'twagirayezu,patjo', 'portlock,will', 'allen,zack']",883
43,1167,Covenant,Sewanee,0,56-73,"35,38","28,28",10-10,12-8,N/A,N/A,01/31/17,5:30 AM,N/A,"Lookout Mountain, Ga. - Barnes PE Center",Win,2,False,287,False,14:27,,5,,15 ,"FOUL  by ALLEN,ZACK",,,"FOUL  by ALLEN,ZACK",1,foul,,covenant,"allen,zack",,"['williams,jorden', 'stone,brody', 'born,clay', 'caldwell,cam', 'buescher,hunter']","['haynes,caleb', 'spragg,bailey', 'twagirayezu,patjo', 'portlock,will', 'allen,zack']",867
44,1167,Covenant,Sewanee,0,56-73,"35,38","28,28",10-10,12-8,N/A,N/A,01/31/17,5:30 AM,N/A,"Lookout Mountain, Ga. - Barnes PE Center",Win,2,False,287,False,14:27,"GOOD FT by BUESCHER,HUNTER",6,,15 ,,SEWANEE 6-15 (-9),,"GOOD FT by BUESCHER,HUNTER",1,free throw,good,sewanee,"buescher,hunter",1,"['williams,jorden', 'stone,brody', 'born,clay', 'caldwell,cam', 'buescher,hunter']","['haynes,caleb', 'spragg,bailey', 'twagirayezu,patjo', 'portlock,will', 'allen,zack']",867
45,1167,Covenant,Sewanee,0,56-73,"35,38","28,28",10-10,12-8,N/A,N/A,01/31/17,5:30 AM,N/A,"Lookout Mountain, Ga. - Barnes PE Center",Win,2,False,287,False,14:27,"MISS FT by BUESCHER,HUNTER",6,,15 ,,,,"MISS FT by BUESCHER,HUNTER",1,free throw,missed,sewanee,"buescher,hunter",,"['williams,jorden', 'stone,brody', 'born,clay', 'caldwell,cam', 'buescher,hunter']","['haynes,caleb', 'spragg,bailey', 'twagirayezu,patjo', 'portlock,will', 'allen,zack']",867
46,1167,Covenant,Sewanee,0,56-73,"35,38","28,28",10-10,12-8,N/A,N/A,01/31/17,5:30 AM,N/A,"Lookout Mountain, Ga. - Barnes PE Center",Win,2,False,287,False,--,REBOUND DEADB by TEAM,6,,15 ,,,,REBOUND DEADB by TEAM,1,deadball rebound,,sewanee,,,"['williams,jorden', 'stone,brody', 'born,clay', 'caldwell,cam', 'buescher,hunter']","['haynes,caleb', 'spragg,bailey', 'twagirayezu,patjo', 'portlock,will', 'allen,zack']",
47,1167,Covenant,Sewanee,0,56-73,"35,38","28,28",10-10,12-8,N/A,N/A,01/31/17,5:30 AM,N/A,"Lookout Mountain, Ga. - Barnes PE Center",Win,2,False,287,False,14:27,"MISS FT by BUESCHER,HUNTER",6,,15 ,,,,"MISS FT by BUESCHER,HUNTER",1,free throw,missed,sewanee,"buescher,hunter",,"['williams,jorden', 'stone,brody', 'born,clay', 'caldwell,cam', 'buescher,hunter']","['haynes,caleb', 'spragg,bailey', 'twagirayezu,patjo', 'portlock,will', 'allen,zack']",867
48,1167,Covenant,Sewanee,0,56-73,"35,38","28,28",10-10,12-8,N/A,N/A,01/31/17,5:30 AM,N/A,"Lookout Mountain, Ga. - Barnes PE Center",Win,2,False,287,False,--,,6,,15 ,"REBOUND DEF by SPRAGG,BAILEY",,,"REBOUND DEF by SPRAGG,BAILEY",1,defensive rebound,,covenant,"spragg,bailey",,"['williams,jorden', 'stone,brody', 'born,clay', 'caldwell,cam', 'buescher,hunter']","['haynes,caleb', 'spragg,bailey', 'twagirayezu,patjo', 'portlock,will', 'allen,zack']",
49,1167,Covenant,Sewanee,0,56-73,"35,38","28,28",10-10,12-8,N/A,N/A,01/31/17,5:30 AM,N/A,"Lookout Mountain, Ga. - Barnes PE Center",Win,2,False,287,False,14:13,,6,,17 ,"GOOD LAYUP by PORTLOCK,WILL(in the paint)",CCM 6-17 (-11),,"GOOD LAYUP by PORTLOCK,WILL(in the paint)",1,layup,good,covenant,"portlock,will",2,"['williams,jorden', 'stone,brody', 'born,clay', 'caldwell,cam', 'buescher,hunter']","['haynes,caleb', 'spragg,bailey', 'twagirayezu,patjo', 'portlock,will', 'allen,zack']",853
50,1167,Covenant,Sewanee,0,56-73,"35,38","28,28",10-10,12-8,N/A,N/A,01/31/17,5:30 AM,N/A,"Lookout Mountain, Ga. - Barnes PE Center",Win,2,False,287,False,--,,6,,17 ,"ASSIST  by TWAGIRAYEZU,PATJO",,,"ASSIST  by TWAGIRAYEZU,PATJO",1,assist,,covenant,"twagirayezu,patjo",,"['williams,jorden', 'stone,brody', 'born,clay', 'caldwell,cam', 'buescher,hunter']","['haynes,caleb', 'spragg,bailey', 'twagirayezu,patjo', 'portlock,will', 'allen,zack']",
51,1167,Covenant,Sewanee,0,56-73,"35,38","28,28",10-10,12-8,N/A,N/A,01/31/17,5:30 AM,N/A,"Lookout Mountain, Ga. - Barnes PE Center",Win,2,False,287,False,13:57,"TURNOVER  by CALDWELL,CAM",6,,17 ,,,,"TURNOVER  by CALDWELL,CAM",1,turnover,,sewanee,"caldwell,cam",,"['williams,jorden', 'stone,brody', 'born,clay', 'caldwell,cam', 'buescher,hunter']","['haynes,caleb', 'spragg,bailey', 'twagirayezu,patjo', 'portlock,will', 'allen,zack']",837
52,1167,Covenant,Sewanee,0,56-73,"35,38","28,28",10-10,12-8,N/A,N/A,01/31/17,5:30 AM,N/A,"Lookout Mountain, Ga. - Barnes PE Center",Win,2,False,287,False,13:56,,6,,17 ,"STEAL  by PORTLOCK,WILL",,,"STEAL  by PORTLOCK,WILL",1,steal,,covenant,,,"['williams,jorden', 'stone,brody', 'born,clay', 'caldwell,cam', 'buescher,hunter']","['haynes,caleb', 'spragg,bailey', 'twagirayezu,patjo', 'portlock,will', 'allen,zack']",836
53,1167,Covenant,Sewanee,0,56-73,"35,38","28,28",10-10,12-8,N/A,N/A,01/31/17,5:30 AM,N/A,"Lookout Mountain, Ga. - Barnes PE Center",Win,2,False,287,False,13:42,,6,,19 ,"GOOD JUMPER by PORTLOCK,WILL",CCM 6-19 (-13),,"GOOD JUMPER by PORTLOCK,WILL",1,jumper,good,covenant,"portlock,will",2,"['williams,jorden', 'stone,brody', 'born,clay', 'caldwell,cam', 'buescher,hunter']","['haynes,caleb', 'spragg,bailey', 'twagirayezu,patjo', 'portlock,will', 'allen,zack']",822
54,1167,Covenant,Sewanee,0,56-73,"35,38","28,28",10-10,12-8,N/A,N/A,01/31/17,5:30 AM,N/A,"Lookout Mountain, Ga. - Barnes PE Center",Win,2,False,287,False,13:16,,6,,19 ,"FOUL  by SPRAGG,BAILEY",,,"FOUL  by SPRAGG,BAILEY",1,foul,,covenant,"spragg,bailey",,"['williams,jorden', 'stone,brody', 'born,clay', 'caldwell,cam', 'buescher,hunter']","['haynes,caleb', 'spragg,bailey', 'twagirayezu,patjo', 'portlock,will', 'allen,zack']",796
55,1167,Covenant,Sewanee,0,56-73,"35,38","28,28",10-10,12-8,N/A,N/A,01/31/17,5:30 AM,N/A,"Lookout Mountain, Ga. - Barnes PE Center",Win,2,False,287,False,13:16,"SUB IN by SPENCER,JC",6,,19 ,,,,"SUB IN by SPENCER,JC",1,subbing in,,sewanee,"spencer,jc",,"['williams,jorden', 'stone,brody', 'born,clay', 'caldwell,cam', 'buescher,hunter', 'spencer,jc']","['haynes,caleb', 'spragg,bailey', 'twagirayezu,patjo', 'portlock,will', 'allen,zack']",796
56,1167,Covenant,Sewanee,0,56-73,"35,38","28,28",10-10,12-8,N/A,N/A,01/31/17,5:30 AM,N/A,"Lookout Mountain, Ga. - Barnes PE Center",Win,2,False,287,False,13:16,"SUB IN by BORN,LEO",6,,19 ,,,,"SUB IN by BORN,LEO",1,subbing in,,sewanee,"born,leo",,"['williams,jorden', 'stone,brody', 'born,clay', 'caldwell,cam', 'buescher,hunter', 'spencer,jc', 'born,leo']","['haynes,caleb', 'spragg,bailey', 'twagirayezu,patjo', 'portlock,will', 'allen,zack']",796
57,1167,Covenant,Sewanee,0,56-73,"35,38","28,28",10-10,12-8,N/A,N/A,01/31/17,5:30 AM,N/A,"Lookout Mountain, Ga. - Barnes PE Center",Win,2,False,287,False,13:16,"SUB IN by THOMAS,ADRIAN",6,,19 ,,,,"SUB IN by THOMAS,ADRIAN",1,subbing in,,sewanee,"thomas,adrian",,"['williams,jorden', 'stone,brody', 'born,clay', 'caldwell,cam', 'buescher,hunter', 'spencer,jc', 'born,leo', 'thomas,adrian']","['haynes,caleb', 'spragg,bailey', 'twagirayezu,patjo', 'portlock,will', 'allen,zack']",796
58,1167,Covenant,Sewanee,0,56-73,"35,38","28,28",10-10,12-8,N/A,N/A,01/31/17,5:30 AM,N/A,"Lookout Mountain, Ga. - Barnes PE Center",Win,2,False,287,False,13:16,"SUB IN by HOWELL,TAYLOR",6,,19 ,,,,"SUB IN by HOWELL,TAYLOR",1,subbing in,,sewanee,"howell,taylor",,"['williams,jorden', 'stone,brody', 'born,clay', 'caldwell,cam', 'buescher,hunter', 'spencer,jc', 'born,leo', 'thomas,adrian', 'howell,taylor']","['haynes,caleb', 'spragg,bailey', 'twagirayezu,patjo', 'portlock,will', 'allen,zack']",796
59,1167,Covenant,Sewanee,0,56-73,"35,38","28,28",10-10,12-8,N/A,N/A,01/31/17,5:30 AM,N/A,"Lookout Mountain, Ga. - Barnes PE Center",Win,2,False,287,False,13:16,"SUB IN by LEE,MATTHEW",6,,19 ,,,,"SUB IN by LEE,MATTHEW",1,subbing in,,sewanee,"lee,matthew",,"['williams,jorden', 'stone,brody', 'born,clay', 'caldwell,cam', 'buescher,hunter', 'spencer,jc', 'born,leo', 'thomas,adrian', 'howell,taylor', 'lee,matthew']","['haynes,caleb', 'spragg,bailey', 'twagirayezu,patjo', 'portlock,will', 'allen,zack']",796
60,1167,Covenant,Sewanee,0,56-73,"35,38","28,28",10-10,12-8,N/A,N/A,01/31/17,5:30 AM,N/A,"Lookout Mountain, Ga. - Barnes PE Center",Win,2,False,287,False,13:16,"SUB OUT by BUESCHER,HUNTER",6,,19 ,,,,"SUB OUT by BUESCHER,HUNTER",1,subbing out,,sewanee,"buescher,hunter",,"['williams,jorden', 'stone,brody', 'born,clay', 'caldwell,cam', 'spencer,jc', 'born,leo', 'thomas,adrian', 'howell,taylor', 'lee,matthew']","['haynes,caleb', 'spragg,bailey', 'twagirayezu,patjo', 'portlock,will', 'allen,zack']",796
61,1167,Covenant,Sewanee,0,56-73,"35,38","28,28",10-10,12-8,N/A,N/A,01/31/17,5:30 AM,N/A,"Lookout Mountain, Ga. - Barnes PE Center",Win,2,False,287,False,13:16,"SUB OUT by CALDWELL,CAM",6,,19 ,,,,"SUB OUT by CALDWELL,CAM",1,subbing out,,sewanee,"caldwell,cam",,"['williams,jorden', 'stone,brody', 'born,clay', 'spencer,jc', 'born,leo', 'thomas,adrian', 'howell,taylor', 'lee,matthew']","['haynes,caleb', 'spragg,bailey', 'twagirayezu,patjo', 'portlock,will', 'allen,zack']",796
62,1167,Covenant,Sewanee,0,56-73,"35,38","28,28",10-10,12-8,N/A,N/A,01/31/17,5:30 AM,N/A,"Lookout Mountain, Ga. - Barnes PE Center",Win,2,False,287,False,13:16,"SUB OUT by STONE,BRODY",6,,19 ,,,,"SUB OUT by STONE,BRODY",1,subbing out,,sewanee,"stone,brody",,"['williams,jorden', 'born,clay', 'spencer,jc', 'born,leo', 'thomas,adrian', 'howell,taylor', 'lee,matthew']","['haynes,caleb', 'spragg,bailey', 'twagirayezu,patjo', 'portlock,will', 'allen,zack']",796
63,1167,Covenant,Sewanee,0,56-73,"35,38","28,28",10-10,12-8,N/A,N/A,01/31/17,5:30 AM,N/A,"Lookout Mountain, Ga. - Barnes PE Center",Win,2,False,287,False,13:16,"SUB OUT by BORN,CLAY",6,,19 ,,,,"SUB OUT by BORN,CLAY",1,subbing out,,sewanee,"born,clay",,"['williams,jorden', 'spencer,jc', 'born,leo', 'thomas,adrian', 'howell,taylor', 'lee,matthew']","['haynes,caleb', 'spragg,bailey', 'twagirayezu,patjo', 'portlock,will', 'allen,zack']",796
64,1167,Covenant,Sewanee,0,56-73,"35,38","28,28",10-10,12-8,N/A,N/A,01/31/17,5:30 AM,N/A,"Lookout Mountain, Ga. - Barnes PE Center",Win,2,False,287,False,13:16,"SUB OUT by WILLIAMS,JORDEN",6,,19 ,,,,"SUB OUT by WILLIAMS,JORDEN",1,subbing out,,sewanee,"williams,jorden",,"['spencer,jc', 'born,leo', 'thomas,adrian', 'howell,taylor', 'lee,matthew']","['haynes,caleb', 'spragg,bailey', 'twagirayezu,patjo', 'portlock,will', 'allen,zack']",796
65,1167,Covenant,Sewanee,0,56-73,"35,38","28,28",10-10,12-8,N/A,N/A,01/31/17,5:30 AM,N/A,"Lookout Mountain, Ga. - Barnes PE Center",Win,2,False,287,False,13:16,,6,,19 ,"SUB IN by ARIMA,Z",,,"SUB IN by ARIMA,Z",1,subbing in,,covenant,"arima,z",,"['spencer,jc', 'born,leo', 'thomas,adrian', 'howell,taylor', 'lee,matthew']","['haynes,caleb', 'spragg,bailey', 'twagirayezu,patjo', 'portlock,will', 'allen,zack', 'arima,z']",796
66,1167,Covenant,Sewanee,0,56-73,"35,38","28,28",10-10,12-8,N/A,N/A,01/31/17,5:30 AM,N/A,"Lookout Mountain, Ga. - Barnes PE Center",Win,2,False,287,False,13:16,,6,,19 ,"SUB OUT by SPRAGG,BAILEY",,,"SUB OUT by SPRAGG,BAILEY",1,subbing out,,covenant,"spragg,bailey",,"['spencer,jc', 'born,leo', 'thomas,adrian', 'howell,taylor', 'lee,matthew']","['haynes,caleb', 'twagirayezu,patjo', 'portlock,will', 'allen,zack', 'arima,z']",796
67,1167,Covenant,Sewanee,0,56-73,"35,38","28,28",10-10,12-8,N/A,N/A,01/31/17,5:30 AM,N/A,"Lookout Mountain, Ga. - Barnes PE Center",Win,2,False,287,False,13:06,,6,,19 ,"FOUL  by ARIMA,Z",,,"FOUL  by ARIMA,Z",1,foul,,covenant,"arima,z",,"['spencer,jc', 'born,leo', 'thomas,adrian', 'howell,taylor', 'lee,matthew']","['haynes,caleb', 'twagirayezu,patjo', 'portlock,will', 'allen,zack', 'arima,z']",786
68,1167,Covenant,Sewanee,0,56-73,"35,38","28,28",10-10,12-8,N/A,N/A,01/31/17,5:30 AM,N/A,"Lookout Mountain, Ga. - Barnes PE Center",Win,2,False,287,False,13:06,,6,,19 ,"SUB IN by BRYAN,WILLIAM",,,"SUB IN by BRYAN,WILLIAM",1,subbing in,,covenant,"bryan,william",,"['spencer,jc', 'born,leo', 'thomas,adrian', 'howell,taylor', 'lee,matthew']","['haynes,caleb', 'twagirayezu,patjo', 'portlock,will', 'allen,zack', 'arima,z', 'bryan,william']",786
69,1167,Covenant,Sewanee,0,56-73,"35,38","28,28",10-10,12-8,N/A,N/A,01/31/17,5:30 AM,N/A,"Lookout Mountain, Ga. - Barnes PE Center",Win,2,False,287,False,13:06,,6,,19 ,"SUB OUT by HAYNES,CALEB",,,"SUB OUT by HAYNES,CALEB",1,subbing out,,covenant,"haynes,caleb",,"['spencer,jc', 'born,leo', 'thomas,adrian', 'howell,taylor', 'lee,matthew']","['twagirayezu,patjo', 'portlock,will', 'allen,zack', 'arima,z', 'bryan,william']",786
70,1167,Covenant,Sewanee,0,56-73,"35,38","28,28",10-10,12-8,N/A,N/A,01/31/17,5:30 AM,N/A,"Lookout Mountain, Ga. - Barnes PE Center",Win,2,False,287,False,13:03,"GOOD JUMPER by HOWELL,TAYLOR",8,,19 ,,SEWANEE 8-19 (-11),,"GOOD JUMPER by HOWELL,TAYLOR",1,jumper,good,sewanee,"howell,taylor",2,"['spencer,jc', 'born,leo', 'thomas,adrian', 'howell,taylor', 'lee,matthew']","['twagirayezu,patjo', 'portlock,will', 'allen,zack', 'arima,z', 'bryan,william']",783
71,1167,Covenant,Sewanee,0,56-73,"35,38","28,28",10-10,12-8,N/A,N/A,01/31/17,5:30 AM,N/A,"Lookout Mountain, Ga. - Barnes PE Center",Win,2,False,287,False,12:45,,8,,21 ,"GOOD JUMPER by TWAGIRAYEZU,PATJO",CCM 8-21 (-13),,"GOOD JUMPER by TWAGIRAYEZU,PATJO",1,jumper,good,covenant,"twagirayezu,patjo",2,"['spencer,jc', 'born,leo', 'thomas,adrian', 'howell,taylor', 'lee,matthew']","['twagirayezu,patjo', 'portlock,will', 'allen,zack', 'arima,z', 'bryan,william']",765
72,1167,Covenant,Sewanee,0,56-73,"35,38","28,28",10-10,12-8,N/A,N/A,01/31/17,5:30 AM,N/A,"Lookout Mountain, Ga. - Barnes PE Center",Win,2,False,287,False,12:24,"MISS 3PTR by HOWELL,TAYLOR",8,,21 ,,,,"MISS 3PTR by HOWELL,TAYLOR",1,three pointer,missed,sewanee,"howell,taylor",,"['spencer,jc', 'born,leo', 'thomas,adrian', 'howell,taylor', 'lee,matthew']","['twagirayezu,patjo', 'portlock,will', 'allen,zack', 'arima,z', 'bryan,william']",744
73,1167,Covenant,Sewanee,0,56-73,"35,38","28,28",10-10,12-8,N/A,N/A,01/31/17,5:30 AM,N/A,"Lookout Mountain, Ga. - Barnes PE Center",Win,2,False,287,False,--,,8,,21 ,REBOUND DEF by TEAM,,,REBOUND DEF by TEAM,1,defensive rebound,,covenant,,,"['spencer,jc', 'born,leo', 'thomas,adrian', 'howell,taylor', 'lee,matthew']","['twagirayezu,patjo', 'portlock,will', 'allen,zack', 'arima,z', 'bryan,william']",
74,1167,Covenant,Sewanee,0,56-73,"35,38","28,28",10-10,12-8,N/A,N/A,01/31/17,5:30 AM,N/A,"Lookout Mountain, Ga. - Barnes PE Center",Win,2,False,287,False,11:53,,8,,21 ,"MISS 3PTR by ALLEN,ZACK",,,"MISS 3PTR by ALLEN,ZACK",1,three pointer,missed,covenant,"allen,zack",,"['spencer,jc', 'born,leo', 'thomas,adrian', 'howell,taylor', 'lee,matthew']","['twagirayezu,patjo', 'portlock,will', 'allen,zack', 'arima,z', 'bryan,william']",713
75,1167,Covenant,Sewanee,0,56-73,"35,38","28,28",10-10,12-8,N/A,N/A,01/31/17,5:30 AM,N/A,"Lookout Mountain, Ga. - Barnes PE Center",Win,2,False,287,False,--,,8,,21 ,"REBOUND OFF by ARIMA,Z",,,"REBOUND OFF by ARIMA,Z",1,offensive rebound,,covenant,"arima,z",,"['spencer,jc', 'born,leo', 'thomas,adrian', 'howell,taylor', 'lee,matthew']","['twagirayezu,patjo', 'portlock,will', 'allen,zack', 'arima,z', 'bryan,william']",
76,1167,Covenant,Sewanee,0,56-73,"35,38","28,28",10-10,12-8,N/A,N/A,01/31/17,5:30 AM,N/A,"Lookout Mountain, Ga. - Barnes PE Center",Win,2,False,287,False,11:49,,8,,21 ,TIMEOUT 20SEC by TEAM,,,TIMEOUT 20SEC by TEAM,1,timeout,,covenant,,,"['spencer,jc', 'born,leo', 'thomas,adrian', 'howell,taylor', 'lee,matthew']","['twagirayezu,patjo', 'portlock,will', 'allen,zack', 'arima,z', 'bryan,william']",709
77,1167,Covenant,Sewanee,0,56-73,"35,38","28,28",10-10,12-8,N/A,N/A,01/31/17,5:30 AM,N/A,"Lookout Mountain, Ga. - Barnes PE Center",Win,2,False,287,False,11:49,,8,,21 ,"SUB IN by PALMER,NICK",,,"SUB IN by PALMER,NICK",1,subbing in,,covenant,"palmer,nick",,"['spencer,jc', 'born,leo', 'thomas,adrian', 'howell,taylor', 'lee,matthew']","['twagirayezu,patjo', 'portlock,will', 'allen,zack', 'arima,z', 'bryan,william', 'palmer,nick']",709
78,1167,Covenant,Sewanee,0,56-73,"35,38","28,28",10-10,12-8,N/A,N/A,01/31/17,5:30 AM,N/A,"Lookout Mountain, Ga. - Barnes PE Center",Win,2,False,287,False,11:49,,8,,21 ,"SUB IN by DRYDEN,BERTO",,,"SUB IN by DRYDEN,BERTO",1,subbing in,,covenant,"dryden,berto",,"['spencer,jc', 'born,leo', 'thomas,adrian', 'howell,taylor', 'lee,matthew']","['twagirayezu,patjo', 'portlock,will', 'allen,zack', 'arima,z', 'bryan,william', 'palmer,nick', 'dryden,berto']",709
79,1167,Covenant,Sewanee,0,56-73,"35,38","28,28",10-10,12-8,N/A,N/A,01/31/17,5:30 AM,N/A,"Lookout Mountain, Ga. - Barnes PE Center",Win,2,False,287,False,11:49,,8,,21 ,"SUB OUT by ARIMA,Z",,,"SUB OUT by ARIMA,Z",1,subbing out,,covenant,"arima,z",,"['spencer,jc', 'born,leo', 'thomas,adrian', 'howell,taylor', 'lee,matthew']","['twagirayezu,patjo', 'portlock,will', 'allen,zack', 'bryan,william', 'palmer,nick', 'dryden,berto']",709
80,1167,Covenant,Sewanee,0,56-73,"35,38","28,28",10-10,12-8,N/A,N/A,01/31/17,5:30 AM,N/A,"Lookout Mountain, Ga. - Barnes PE Center",Win,2,False,287,False,11:49,,8,,21 ,"SUB OUT by PORTLOCK,WILL",,,"SUB OUT by PORTLOCK,WILL",1,subbing out,,covenant,"portlock,will",,"['spencer,jc', 'born,leo', 'thomas,adrian', 'howell,taylor', 'lee,matthew']","['twagirayezu,patjo', 'allen,zack', 'bryan,william', 'palmer,nick', 'dryden,berto']",709
81,1167,Covenant,Sewanee,0,56-73,"35,38","28,28",10-10,12-8,N/A,N/A,01/31/17,5:30 AM,N/A,"Lookout Mountain, Ga. - Barnes PE Center",Win,2,False,287,False,11:33,,8,,24 ,"GOOD 3PTR by ALLEN,ZACK",CCM 8-24 (-16),,"GOOD 3PTR by ALLEN,ZACK",1,three pointer,good,covenant,"allen,zack",3,"['spencer,jc', 'born,leo', 'thomas,adrian', 'howell,taylor', 'lee,matthew']","['twagirayezu,patjo', 'allen,zack', 'bryan,william', 'palmer,nick', 'dryden,berto']",693
82,1167,Covenant,Sewanee,0,56-73,"35,38","28,28",10-10,12-8,N/A,N/A,01/31/17,5:30 AM,N/A,"Lookout Mountain, Ga. - Barnes PE Center",Win,2,False,287,False,--,,8,,24 ,"ASSIST  by DRYDEN,BERTO",,,"ASSIST  by DRYDEN,BERTO",1,assist,,covenant,"dryden,berto",,"['spencer,jc', 'born,leo', 'thomas,adrian', 'howell,taylor', 'lee,matthew']","['twagirayezu,patjo', 'allen,zack', 'bryan,william', 'palmer,nick', 'dryden,berto']",
83,1167,Covenant,Sewanee,0,56-73,"35,38","28,28",10-10,12-8,N/A,N/A,01/31/17,5:30 AM,N/A,"Lookout Mountain, Ga. - Barnes PE Center",Win,2,False,287,False,11:11,"MISS LAYUP by BORN,LEO",8,,24 ,,,,"MISS LAYUP by BORN,LEO",1,layup,missed,sewanee,"born,leo",,"['spencer,jc', 'born,leo', 'thomas,adrian', 'howell,taylor', 'lee,matthew']","['twagirayezu,patjo', 'allen,zack', 'bryan,william', 'palmer,nick', 'dryden,berto']",671
84,1167,Covenant,Sewanee,0,56-73,"35,38","28,28",10-10,12-8,N/A,N/A,01/31/17,5:30 AM,N/A,"Lookout Mountain, Ga. - Barnes PE Center",Win,2,False,287,False,11:11,,8,,24 ,"BLOCK  by ALLEN,ZACK",,,"BLOCK  by ALLEN,ZACK",1,block,,covenant,"allen,zack",,"['spencer,jc', 'born,leo', 'thomas,adrian', 'howell,taylor', 'lee,matthew']","['twagirayezu,patjo', 'allen,zack', 'bryan,william', 'palmer,nick', 'dryden,berto']",671
85,1167,Covenant,Sewanee,0,56-73,"35,38","28,28",10-10,12-8,N/A,N/A,01/31/17,5:30 AM,N/A,"Lookout Mountain, Ga. - Barnes PE Center",Win,2,False,287,False,--,,8,,24 ,"REBOUND DEF by DRYDEN,BERTO",,,"REBOUND DEF by DRYDEN,BERTO",1,defensive rebound,,covenant,"dryden,berto",,"['spencer,jc', 'born,leo', 'thomas,adrian', 'howell,taylor', 'lee,matthew']","['twagirayezu,patjo', 'allen,zack', 'bryan,william', 'palmer,nick', 'dryden,berto']",
86,1167,Covenant,Sewanee,0,56-73,"35,38","28,28",10-10,12-8,N/A,N/A,01/31/17,5:30 AM,N/A,"Lookout Mountain, Ga. - Barnes PE Center",Win,2,False,287,False,11:03,"FOUL  by BORN,LEO",8,,24 ,,,,"FOUL  by BORN,LEO",1,foul,,sewanee,"born,leo",,"['spencer,jc', 'born,leo', 'thomas,adrian', 'howell,taylor', 'lee,matthew']","['twagirayezu,patjo', 'allen,zack', 'bryan,william', 'palmer,nick', 'dryden,berto']",663
87,1167,Covenant,Sewanee,0,56-73,"35,38","28,28",10-10,12-8,N/A,N/A,01/31/17,5:30 AM,N/A,"Lookout Mountain, Ga. - Barnes PE Center",Win,2,False,287,False,11:03,,8,,24 ,"TURNOVER  by DRYDEN,BERTO",,,"TURNOVER  by DRYDEN,BERTO",1,turnover,,covenant,"dryden,berto",,"['spencer,jc', 'born,leo', 'thomas,adrian', 'howell,taylor', 'lee,matthew']","['twagirayezu,patjo', 'allen,zack', 'bryan,william', 'palmer,nick', 'dryden,berto']",663
88,1167,Covenant,Sewanee,0,56-73,"35,38","28,28",10-10,12-8,N/A,N/A,01/31/17,5:30 AM,N/A,"Lookout Mountain, Ga. - Barnes PE Center",Win,2,False,287,False,11:03,"SUB IN by CALDWELL,CAM",8,,24 ,,,,"SUB IN by CALDWELL,CAM",1,subbing in,,sewanee,"caldwell,cam",,"['spencer,jc', 'born,leo', 'thomas,adrian', 'howell,taylor', 'lee,matthew', 'caldwell,cam']","['twagirayezu,patjo', 'allen,zack', 'bryan,william', 'palmer,nick', 'dryden,berto']",663
89,1167,Covenant,Sewanee,0,56-73,"35,38","28,28",10-10,12-8,N/A,N/A,01/31/17,5:30 AM,N/A,"Lookout Mountain, Ga. - Barnes PE Center",Win,2,False,287,False,11:03,"SUB IN by STONE,BRODY",8,,24 ,,,,"SUB IN by STONE,BRODY",1,subbing in,,sewanee,"stone,brody",,"['spencer,jc', 'born,leo', 'thomas,adrian', 'howell,taylor', 'lee,matthew', 'caldwell,cam', 'stone,brody']","['twagirayezu,patjo', 'allen,zack', 'bryan,william', 'palmer,nick', 'dryden,berto']",663
90,1167,Covenant,Sewanee,0,56-73,"35,38","28,28",10-10,12-8,N/A,N/A,01/31/17,5:30 AM,N/A,"Lookout Mountain, Ga. - Barnes PE Center",Win,2,False,287,False,11:03,"SUB IN by BORN,CLAY",8,,24 ,,,,"SUB IN by BORN,CLAY",1,subbing in,,sewanee,"born,clay",,"['spencer,jc', 'born,leo', 'thomas,adrian', 'howell,taylor', 'lee,matthew', 'caldwell,cam', 'stone,brody', 'born,clay']","['twagirayezu,patjo', 'allen,zack', 'bryan,william', 'palmer,nick', 'dryden,berto']",663
91,1167,Covenant,Sewanee,0,56-73,"35,38","28,28",10-10,12-8,N/A,N/A,01/31/17,5:30 AM,N/A,"Lookout Mountain, Ga. - Barnes PE Center",Win,2,False,287,False,11:03,"SUB IN by WILLIAMS,JORDEN",8,,24 ,,,,"SUB IN by WILLIAMS,JORDEN",1,subbing in,,sewanee,"williams,jorden",,"['spencer,jc', 'born,leo', 'thomas,adrian', 'howell,taylor', 'lee,matthew', 'caldwell,cam', 'stone,brody', 'born,clay', 'williams,jorden']","['twagirayezu,patjo', 'allen,zack', 'bryan,william', 'palmer,nick', 'dryden,berto']",663
92,1167,Covenant,Sewanee,0,56-73,"35,38","28,28",10-10,12-8,N/A,N/A,01/31/17,5:30 AM,N/A,"Lookout Mountain, Ga. - Barnes PE Center",Win,2,False,287,False,11:03,"SUB OUT by SPENCER,JC",8,,24 ,,,,"SUB OUT by SPENCER,JC",1,subbing out,,sewanee,"spencer,jc",,"['born,leo', 'thomas,adrian', 'howell,taylor', 'lee,matthew', 'caldwell,cam', 'stone,brody', 'born,clay', 'williams,jorden']","['twagirayezu,patjo', 'allen,zack', 'bryan,william', 'palmer,nick', 'dryden,berto']",663
93,1167,Covenant,Sewanee,0,56-73,"35,38","28,28",10-10,12-8,N/A,N/A,01/31/17,5:30 AM,N/A,"Lookout Mountain, Ga. - Barnes PE Center",Win,2,False,287,False,11:03,"SUB OUT by BORN,LEO",8,,24 ,,,,"SUB OUT by BORN,LEO",1,subbing out,,sewanee,"born,leo",,"['thomas,adrian', 'howell,taylor', 'lee,matthew', 'caldwell,cam', 'stone,brody', 'born,clay', 'williams,jorden']","['twagirayezu,patjo', 'allen,zack', 'bryan,william', 'palmer,nick', 'dryden,berto']",663
94,1167,Covenant,Sewanee,0,56-73,"35,38","28,28",10-10,12-8,N/A,N/A,01/31/17,5:30 AM,N/A,"Lookout Mountain, Ga. - Barnes PE Center",Win,2,False,287,False,11:03,"SUB OUT by HOWELL,TAYLOR",8,,24 ,,,,"SUB OUT by HOWELL,TAYLOR",1,subbing out,,sewanee,"howell,taylor",,"['thomas,adrian', 'lee,matthew', 'caldwell,cam', 'stone,brody', 'born,clay', 'williams,jorden']","['twagirayezu,patjo', 'allen,zack', 'bryan,william', 'palmer,nick', 'dryden,berto']",663
95,1167,Covenant,Sewanee,0,56-73,"35,38","28,28",10-10,12-8,N/A,N/A,01/31/17,5:30 AM,N/A,"Lookout Mountain, Ga. - Barnes PE Center",Win,2,False,287,False,11:03,"SUB OUT by LEE,MATTHEW",8,,24 ,,,,"SUB OUT by LEE,MATTHEW",1,subbing out,,sewanee,"lee,matthew",,"['thomas,adrian', 'caldwell,cam', 'stone,brody', 'born,clay', 'williams,jorden']","['twagirayezu,patjo', 'allen,zack', 'bryan,william', 'palmer,nick', 'dryden,berto']",663
96,1167,Covenant,Sewanee,0,56-73,"35,38","28,28",10-10,12-8,N/A,N/A,01/31/17,5:30 AM,N/A,"Lookout Mountain, Ga. - Barnes PE Center",Win,2,False,287,False,11:03,,8,,24 ,"SUB IN by HAYNES,CALEB",,,"SUB IN by HAYNES,CALEB",1,subbing in,,covenant,"haynes,caleb",,"['thomas,adrian', 'caldwell,cam', 'stone,brody', 'born,clay', 'williams,jorden']","['twagirayezu,patjo', 'allen,zack', 'bryan,william', 'palmer,nick', 'dryden,berto', 'haynes,caleb']",663
97,1167,Covenant,Sewanee,0,56-73,"35,38","28,28",10-10,12-8,N/A,N/A,01/31/17,5:30 AM,N/A,"Lookout Mountain, Ga. - Barnes PE Center",Win,2,False,287,False,11:03,,8,,24 ,"SUB IN by PORTLOCK,WILL",,,"SUB IN by PORTLOCK,WILL",1,subbing in,,covenant,"portlock,will",,"['thomas,adrian', 'caldwell,cam', 'stone,brody', 'born,clay', 'williams,jorden']","['twagirayezu,patjo', 'allen,zack', 'bryan,william', 'palmer,nick', 'dryden,berto', 'haynes,caleb', 'portlock,will']",663
98,1167,Covenant,Sewanee,0,56-73,"35,38","28,28",10-10,12-8,N/A,N/A,01/31/17,5:30 AM,N/A,"Lookout Mountain, Ga. - Barnes PE Center",Win,2,False,287,False,11:03,,8,,24 ,"SUB OUT by TWAGIRAYEZU,PATJO",,,"SUB OUT by TWAGIRAYEZU,PATJO",1,subbing out,,covenant,"twagirayezu,patjo",,"['thomas,adrian', 'caldwell,cam', 'stone,brody', 'born,clay', 'williams,jorden']","['allen,zack', 'bryan,william', 'palmer,nick', 'dryden,berto', 'haynes,caleb', 'portlock,will']",663
99,1167,Covenant,Sewanee,0,56-73,"35,38","28,28",10-10,12-8,N/A,N/A,01/31/17,5:30 AM,N/A,"Lookout Mountain, Ga. - Barnes PE Center",Win,2,False,287,False,11:03,,8,,24 ,"SUB OUT by BRYAN,WILLIAM",,,"SUB OUT by BRYAN,WILLIAM",1,subbing out,,covenant,"bryan,william",,"['thomas,adrian', 'caldwell,cam', 'stone,brody', 'born,clay', 'williams,jorden']","['allen,zack', 'palmer,nick', 'dryden,berto', 'haynes,caleb', 'portlock,will']",663
100,1167,Covenant,Sewanee,0,56-73,"35,38","28,28",10-10,12-8,N/A,N/A,01/31/17,5:30 AM,N/A,"Lookout Mountain, Ga. - Barnes PE Center",Win,2,False,287,False,10:43,"MISS JUMPER by STONE,BRODY",8,,24 ,,,,"MISS JUMPER by STONE,BRODY",1,jumper,missed,sewanee,"stone,brody",,"['thomas,adrian', 'caldwell,cam', 'stone,brody', 'born,clay', 'williams,jorden']","['allen,zack', 'palmer,nick', 'dryden,berto', 'haynes,caleb', 'portlock,will']",643
101,1167,Covenant,Sewanee,0,56-73,"35,38","28,28",10-10,12-8,N/A,N/A,01/31/17,5:30 AM,N/A,"Lookout Mountain, Ga. - Barnes PE Center",Win,2,False,287,False,--,"REBOUND OFF by THOMAS,ADRIAN",8,,24 ,,,,"REBOUND OFF by THOMAS,ADRIAN",1,offensive rebound,,sewanee,"thomas,adrian",,"['thomas,adrian', 'caldwell,cam', 'stone,brody', 'born,clay', 'williams,jorden']","['allen,zack', 'palmer,nick', 'dryden,berto', 'haynes,caleb', 'portlock,will']",
102,1167,Covenant,Sewanee,0,56-73,"35,38","28,28",10-10,12-8,N/A,N/A,01/31/17,5:30 AM,N/A,"Lookout Mountain, Ga. - Barnes PE Center",Win,2,False,287,False,10:36,"GOOD TIPIN by THOMAS,ADRIAN(in the paint)",10,,24 ,,SEWANEE 10-24 (-14),,"GOOD TIPIN by THOMAS,ADRIAN(in the paint)",1,tipin,good,sewanee,"thomas,adrian",2,"['thomas,adrian', 'caldwell,cam', 'stone,brody', 'born,clay', 'williams,jorden']","['allen,zack', 'palmer,nick', 'dryden,berto', 'haynes,caleb', 'portlock,will']",636
103,1167,Covenant,Sewanee,0,56-73,"35,38","28,28",10-10,12-8,N/A,N/A,01/31/17,5:30 AM,N/A,"Lookout Mountain, Ga. - Barnes PE Center",Win,2,False,287,False,10:14,,10,,26 ,"GOOD JUMPER by PORTLOCK,WILL",CCM 10-26 (-16),,"GOOD JUMPER by PORTLOCK,WILL",1,jumper,good,covenant,"portlock,will",2,"['thomas,adrian', 'caldwell,cam', 'stone,brody', 'born,clay', 'williams,jorden']","['allen,zack', 'palmer,nick', 'dryden,berto', 'haynes,caleb', 'portlock,will']",614
104,1167,Covenant,Sewanee,0,56-73,"35,38","28,28",10-10,12-8,N/A,N/A,01/31/17,5:30 AM,N/A,"Lookout Mountain, Ga. - Barnes PE Center",Win,2,False,287,False,09:58,"MISS JUMPER by WILLIAMS,JORDEN",10,,26 ,,,,"MISS JUMPER by WILLIAMS,JORDEN",1,jumper,missed,sewanee,"williams,jorden",,"['thomas,adrian', 'caldwell,cam', 'stone,brody', 'born,clay', 'williams,jorden']","['allen,zack', 'palmer,nick', 'dryden,berto', 'haynes,caleb', 'portlock,will']",598
105,1167,Covenant,Sewanee,0,56-73,"35,38","28,28",10-10,12-8,N/A,N/A,01/31/17,5:30 AM,N/A,"Lookout Mountain, Ga. - Barnes PE Center",Win,2,False,287,False,--,,10,,26 ,"REBOUND DEF by ALLEN,ZACK",,,"REBOUND DEF by ALLEN,ZACK",1,defensive rebound,,covenant,"allen,zack",,"['thomas,adrian', 'caldwell,cam', 'stone,brody', 'born,clay', 'williams,jorden']","['allen,zack', 'palmer,nick', 'dryden,berto', 'haynes,caleb', 'portlock,will']",
106,1167,Covenant,Sewanee,0,56-73,"35,38","28,28",10-10,12-8,N/A,N/A,01/31/17,5:30 AM,N/A,"Lookout Mountain, Ga. - Barnes PE Center",Win,2,False,287,False,09:47,,10,,26 ,"MISS JUMPER by PORTLOCK,WILL",,,"MISS JUMPER by PORTLOCK,WILL",1,jumper,missed,covenant,"portlock,will",,"['thomas,adrian', 'caldwell,cam', 'stone,brody', 'born,clay', 'williams,jorden']","['allen,zack', 'palmer,nick', 'dryden,berto', 'haynes,caleb', 'portlock,will']",587
107,1167,Covenant,Sewanee,0,56-73,"35,38","28,28",10-10,12-8,N/A,N/A,01/31/17,5:30 AM,N/A,"Lookout Mountain, Ga. - Barnes PE Center",Win,2,False,287,False,--,"REBOUND DEF by BORN,CLAY",10,,26 ,,,,"REBOUND DEF by BORN,CLAY",1,defensive rebound,,sewanee,"born,clay",,"['thomas,adrian', 'caldwell,cam', 'stone,brody', 'born,clay', 'williams,jorden']","['allen,zack', 'palmer,nick', 'dryden,berto', 'haynes,caleb', 'portlock,will']",
108,1167,Covenant,Sewanee,0,56-73,"35,38","28,28",10-10,12-8,N/A,N/A,01/31/17,5:30 AM,N/A,"Lookout Mountain, Ga. - Barnes PE Center",Win,2,False,287,False,09:41,,10,,26 ,"FOUL  by ALLEN,ZACK",,,"FOUL  by ALLEN,ZACK",1,foul,,covenant,"allen,zack",,"['thomas,adrian', 'caldwell,cam', 'stone,brody', 'born,clay', 'williams,jorden']","['allen,zack', 'palmer,nick', 'dryden,berto', 'haynes,caleb', 'portlock,will']",581
109,1167,Covenant,Sewanee,0,56-73,"35,38","28,28",10-10,12-8,N/A,N/A,01/31/17,5:30 AM,N/A,"Lookout Mountain, Ga. - Barnes PE Center",Win,2,False,287,False,09:41,,10,,26 ,"SUB IN by SPRAGG,BAILEY",,,"SUB IN by SPRAGG,BAILEY",1,subbing in,,covenant,"spragg,bailey",,"['thomas,adrian', 'caldwell,cam', 'stone,brody', 'born,clay', 'williams,jorden']","['allen,zack', 'palmer,nick', 'dryden,berto', 'haynes,caleb', 'portlock,will', 'spragg,bailey']",581
110,1167,Covenant,Sewanee,0,56-73,"35,38","28,28",10-10,12-8,N/A,N/A,01/31/17,5:30 AM,N/A,"Lookout Mountain, Ga. - Barnes PE Center",Win,2,False,287,False,09:41,,10,,26 ,"SUB OUT by ALLEN,ZACK",,,"SUB OUT by ALLEN,ZACK",1,subbing out,,covenant,"allen,zack",,"['thomas,adrian', 'caldwell,cam', 'stone,brody', 'born,clay', 'williams,jorden']","['palmer,nick', 'dryden,berto', 'haynes,caleb', 'portlock,will', 'spragg,bailey']",581
111,1167,Covenant,Sewanee,0,56-73,"35,38","28,28",10-10,12-8,N/A,N/A,01/31/17,5:30 AM,N/A,"Lookout Mountain, Ga. - Barnes PE Center",Win,2,False,287,False,09:35,"GOOD JUMPER by STONE,BRODY",12,,26 ,,SEWANEE 12-26 (-14),,"GOOD JUMPER by STONE,BRODY",1,jumper,good,sewanee,"stone,brody",2,"['thomas,adrian', 'caldwell,cam', 'stone,brody', 'born,clay', 'williams,jorden']","['palmer,nick', 'dryden,berto', 'haynes,caleb', 'portlock,will', 'spragg,bailey']",575
112,1167,Covenant,Sewanee,0,56-73,"35,38","28,28",10-10,12-8,N/A,N/A,01/31/17,5:30 AM,N/A,"Lookout Mountain, Ga. - Barnes PE Center",Win,2,False,287,False,09:12,,12,,26 ,"TURNOVER  by SPRAGG,BAILEY",,,"TURNOVER  by SPRAGG,BAILEY",1,turnover,,covenant,"spragg,bailey",,"['thomas,adrian', 'caldwell,cam', 'stone,brody', 'born,clay', 'williams,jorden']","['palmer,nick', 'dryden,berto', 'haynes,caleb', 'portlock,will', 'spragg,bailey']",552
113,1167,Covenant,Sewanee,0,56-73,"35,38","28,28",10-10,12-8,N/A,N/A,01/31/17,5:30 AM,N/A,"Lookout Mountain, Ga. - Barnes PE Center",Win,2,False,287,False,09:11,"STEAL  by BORN,CLAY",12,,26 ,,,,"STEAL  by BORN,CLAY",1,steal,,sewanee,,,"['thomas,adrian', 'caldwell,cam', 'stone,brody', 'born,clay', 'williams,jorden']","['palmer,nick', 'dryden,berto', 'haynes,caleb', 'portlock,will', 'spragg,bailey']",551
114,1167,Covenant,Sewanee,0,56-73,"35,38","28,28",10-10,12-8,N/A,N/A,01/31/17,5:30 AM,N/A,"Lookout Mountain, Ga. - Barnes PE Center",Win,2,False,287,False,09:03,"GOOD LAYUP by THOMAS,ADRIAN(in the paint)",14,,26 ,,SEWANEE 14-26 (-12),,"GOOD LAYUP by THOMAS,ADRIAN(in the paint)",1,layup,good,sewanee,"thomas,adrian",2,"['thomas,adrian', 'caldwell,cam', 'stone,brody', 'born,clay', 'williams,jorden']","['palmer,nick', 'dryden,berto', 'haynes,caleb', 'portlock,will', 'spragg,bailey']",543
115,1167,Covenant,Sewanee,0,56-73,"35,38","28,28",10-10,12-8,N/A,N/A,01/31/17,5:30 AM,N/A,"Lookout Mountain, Ga. - Barnes PE Center",Win,2,False,287,False,08:39,,14,,28 ,"GOOD LAYUP by HAYNES,CALEB(in the paint)",CCM 14-28 (-14),,"GOOD LAYUP by HAYNES,CALEB(in the paint)",1,layup,good,covenant,"haynes,caleb",2,"['thomas,adrian', 'caldwell,cam', 'stone,brody', 'born,clay', 'williams,jorden']","['palmer,nick', 'dryden,berto', 'haynes,caleb', 'portlock,will', 'spragg,bailey']",519
116,1167,Covenant,Sewanee,0,56-73,"35,38","28,28",10-10,12-8,N/A,N/A,01/31/17,5:30 AM,N/A,"Lookout Mountain, Ga. - Barnes PE Center",Win,2,False,287,False,--,,14,,28 ,"ASSIST  by PORTLOCK,WILL",,,"ASSIST  by PORTLOCK,WILL",1,assist,,covenant,"portlock,will",,"['thomas,adrian', 'caldwell,cam', 'stone,brody', 'born,clay', 'williams,jorden']","['palmer,nick', 'dryden,berto', 'haynes,caleb', 'portlock,will', 'spragg,bailey']",
117,1167,Covenant,Sewanee,0,56-73,"35,38","28,28",10-10,12-8,N/A,N/A,01/31/17,5:30 AM,N/A,"Lookout Mountain, Ga. - Barnes PE Center",Win,2,False,287,False,08:08,"MISS LAYUP by STONE,BRODY",14,,28 ,,,,"MISS LAYUP by STONE,BRODY",1,layup,missed,sewanee,"stone,brody",,"['thomas,adrian', 'caldwell,cam', 'stone,brody', 'born,clay', 'williams,jorden']","['palmer,nick', 'dryden,berto', 'haynes,caleb', 'portlock,will', 'spragg,bailey']",488
118,1167,Covenant,Sewanee,0,56-73,"35,38","28,28",10-10,12-8,N/A,N/A,01/31/17,5:30 AM,N/A,"Lookout Mountain, Ga. - Barnes PE Center",Win,2,False,287,False,08:08,,14,,28 ,"BLOCK  by HAYNES,CALEB",,,"BLOCK  by HAYNES,CALEB",1,block,,covenant,"haynes,caleb",,"['thomas,adrian', 'caldwell,cam', 'stone,brody', 'born,clay', 'williams,jorden']","['palmer,nick', 'dryden,berto', 'haynes,caleb', 'portlock,will', 'spragg,bailey']",488
119,1167,Covenant,Sewanee,0,56-73,"35,38","28,28",10-10,12-8,N/A,N/A,01/31/17,5:30 AM,N/A,"Lookout Mountain, Ga. - Barnes PE Center",Win,2,False,287,False,--,,14,,28 ,"REBOUND DEF by PORTLOCK,WILL",,,"REBOUND DEF by PORTLOCK,WILL",1,defensive rebound,,covenant,"portlock,will",,"['thomas,adrian', 'caldwell,cam', 'stone,brody', 'born,clay', 'williams,jorden']","['palmer,nick', 'dryden,berto', 'haynes,caleb', 'portlock,will', 'spragg,bailey']",
120,1167,Covenant,Sewanee,0,56-73,"35,38","28,28",10-10,12-8,N/A,N/A,01/31/17,5:30 AM,N/A,"Lookout Mountain, Ga. - Barnes PE Center",Win,2,False,287,False,08:02,,14,,28 ,"MISS 3PTR by DRYDEN,BERTO",,,"MISS 3PTR by DRYDEN,BERTO",1,three pointer,missed,covenant,"dryden,berto",,"['thomas,adrian', 'caldwell,cam', 'stone,brody', 'born,clay', 'williams,jorden']","['palmer,nick', 'dryden,berto', 'haynes,caleb', 'portlock,will', 'spragg,bailey']",482
121,1167,Covenant,Sewanee,0,56-73,"35,38","28,28",10-10,12-8,N/A,N/A,01/31/17,5:30 AM,N/A,"Lookout Mountain, Ga. - Barnes PE Center",Win,2,False,287,False,--,"REBOUND DEF by THOMAS,ADRIAN",14,,28 ,,,,"REBOUND DEF by THOMAS,ADRIAN",1,defensive rebound,,sewanee,"thomas,adrian",,"['thomas,adrian', 'caldwell,cam', 'stone,brody', 'born,clay', 'williams,jorden']","['palmer,nick', 'dryden,berto', 'haynes,caleb', 'portlock,will', 'spragg,bailey']",
122,1167,Covenant,Sewanee,0,56-73,"35,38","28,28",10-10,12-8,N/A,N/A,01/31/17,5:30 AM,N/A,"Lookout Mountain, Ga. - Barnes PE Center",Win,2,False,287,False,07:58,,14,,28 ,"FOUL  by PALMER,NICK",,,"FOUL  by PALMER,NICK",1,foul,,covenant,"palmer,nick",,"['thomas,adrian', 'caldwell,cam', 'stone,brody', 'born,clay', 'williams,jorden']","['palmer,nick', 'dryden,berto', 'haynes,caleb', 'portlock,will', 'spragg,bailey']",478
123,1167,Covenant,Sewanee,0,56-73,"35,38","28,28",10-10,12-8,N/A,N/A,01/31/17,5:30 AM,N/A,"Lookout Mountain, Ga. - Barnes PE Center",Win,2,False,287,False,07:58,,14,,28 ,"SUB IN by TWAGIRAYEZU,PATJO",,,"SUB IN by TWAGIRAYEZU,PATJO",1,subbing in,,covenant,"twagirayezu,patjo",,"['thomas,adrian', 'caldwell,cam', 'stone,brody', 'born,clay', 'williams,jorden']","['palmer,nick', 'dryden,berto', 'haynes,caleb', 'portlock,will', 'spragg,bailey', 'twagirayezu,patjo']",478
124,1167,Covenant,Sewanee,0,56-73,"35,38","28,28",10-10,12-8,N/A,N/A,01/31/17,5:30 AM,N/A,"Lookout Mountain, Ga. - Barnes PE Center",Win,2,False,287,False,07:58,,14,,28 ,"SUB IN by ARIMA,Z",,,"SUB IN by ARIMA,Z",1,subbing in,,covenant,"arima,z",,"['thomas,adrian', 'caldwell,cam', 'stone,brody', 'born,clay', 'williams,jorden']","['palmer,nick', 'dryden,berto', 'haynes,caleb', 'portlock,will', 'spragg,bailey', 'twagirayezu,patjo', 'arima,z']",478
125,1167,Covenant,Sewanee,0,56-73,"35,38","28,28",10-10,12-8,N/A,N/A,01/31/17,5:30 AM,N/A,"Lookout Mountain, Ga. - Barnes PE Center",Win,2,False,287,False,07:58,,14,,28 ,"SUB IN by JAUCH,JARED",,,"SUB IN by JAUCH,JARED",1,subbing in,,covenant,"jauch,jared",,"['thomas,adrian', 'caldwell,cam', 'stone,brody', 'born,clay', 'williams,jorden']","['palmer,nick', 'dryden,berto', 'haynes,caleb', 'portlock,will', 'spragg,bailey', 'twagirayezu,patjo', 'arima,z', 'jauch,jared']",478
126,1167,Covenant,Sewanee,0,56-73,"35,38","28,28",10-10,12-8,N/A,N/A,01/31/17,5:30 AM,N/A,"Lookout Mountain, Ga. - Barnes PE Center",Win,2,False,287,False,07:58,,14,,28 ,"SUB OUT by PORTLOCK,WILL",,,"SUB OUT by PORTLOCK,WILL",1,subbing out,,covenant,"portlock,will",,"['thomas,adrian', 'caldwell,cam', 'stone,brody', 'born,clay', 'williams,jorden']","['palmer,nick', 'dryden,berto', 'haynes,caleb', 'spragg,bailey', 'twagirayezu,patjo', 'arima,z', 'jauch,jared']",478
127,1167,Covenant,Sewanee,0,56-73,"35,38","28,28",10-10,12-8,N/A,N/A,01/31/17,5:30 AM,N/A,"Lookout Mountain, Ga. - Barnes PE Center",Win,2,False,287,False,07:58,,14,,28 ,"SUB OUT by PALMER,NICK",,,"SUB OUT by PALMER,NICK",1,subbing out,,covenant,"palmer,nick",,"['thomas,adrian', 'caldwell,cam', 'stone,brody', 'born,clay', 'williams,jorden']","['dryden,berto', 'haynes,caleb', 'spragg,bailey', 'twagirayezu,patjo', 'arima,z', 'jauch,jared']",478
128,1167,Covenant,Sewanee,0,56-73,"35,38","28,28",10-10,12-8,N/A,N/A,01/31/17,5:30 AM,N/A,"Lookout Mountain, Ga. - Barnes PE Center",Win,2,False,287,False,07:58,,14,,28 ,"SUB OUT by DRYDEN,BERTO",,,"SUB OUT by DRYDEN,BERTO",1,subbing out,,covenant,"dryden,berto",,"['thomas,adrian', 'caldwell,cam', 'stone,brody', 'born,clay', 'williams,jorden']","['haynes,caleb', 'spragg,bailey', 'twagirayezu,patjo', 'arima,z', 'jauch,jared']",478
129,1167,Covenant,Sewanee,0,56-73,"35,38","28,28",10-10,12-8,N/A,N/A,01/31/17,5:30 AM,N/A,"Lookout Mountain, Ga. - Barnes PE Center",Win,2,False,287,False,07:46,,14,,28 ,"FOUL  by HAYNES,CALEB",,,"FOUL  by HAYNES,CALEB",1,foul,,covenant,"haynes,caleb",,"['thomas,adrian', 'caldwell,cam', 'stone,brody', 'born,clay', 'williams,jorden']","['haynes,caleb', 'spragg,bailey', 'twagirayezu,patjo', 'arima,z', 'jauch,jared']",466
130,1167,Covenant,Sewanee,0,56-73,"35,38","28,28",10-10,12-8,N/A,N/A,01/31/17,5:30 AM,N/A,"Lookout Mountain, Ga. - Barnes PE Center",Win,2,False,287,False,07:46,TIMEOUT 20SEC by TEAM,14,,28 ,,,,TIMEOUT 20SEC by TEAM,1,timeout,,sewanee,,,"['thomas,adrian', 'caldwell,cam', 'stone,brody', 'born,clay', 'williams,jorden']","['haynes,caleb', 'spragg,bailey', 'twagirayezu,patjo', 'arima,z', 'jauch,jared']",466
131,1167,Covenant,Sewanee,0,56-73,"35,38","28,28",10-10,12-8,N/A,N/A,01/31/17,5:30 AM,N/A,"Lookout Mountain, Ga. - Barnes PE Center",Win,2,False,287,False,07:46,"GOOD FT by STONE,BRODY",15,,28 ,,SEWANEE 15-28 (-13),,"GOOD FT by STONE,BRODY",1,free throw,good,sewanee,"stone,brody",1,"['thomas,adrian', 'caldwell,cam', 'stone,brody', 'born,clay', 'williams,jorden']","['haynes,caleb', 'spragg,bailey', 'twagirayezu,patjo', 'arima,z', 'jauch,jared']",466
132,1167,Covenant,Sewanee,0,56-73,"35,38","28,28",10-10,12-8,N/A,N/A,01/31/17,5:30 AM,N/A,"Lookout Mountain, Ga. - Barnes PE Center",Win,2,False,287,False,07:46,"GOOD FT by STONE,BRODY",16,,28 ,,SEWANEE 16-28 (-12),,"GOOD FT by STONE,BRODY",1,free throw,good,sewanee,"stone,brody",1,"['thomas,adrian', 'caldwell,cam', 'stone,brody', 'born,clay', 'williams,jorden']","['haynes,caleb', 'spragg,bailey', 'twagirayezu,patjo', 'arima,z', 'jauch,jared']",466
133,1167,Covenant,Sewanee,0,56-73,"35,38","28,28",10-10,12-8,N/A,N/A,01/31/17,5:30 AM,N/A,"Lookout Mountain, Ga. - Barnes PE Center",Win,2,False,287,False,07:35,,16,,28 ,"TURNOVER  by TWAGIRAYEZU,PATJO",,,"TURNOVER  by TWAGIRAYEZU,PATJO",1,turnover,,covenant,"twagirayezu,patjo",,"['thomas,adrian', 'caldwell,cam', 'stone,brody', 'born,clay', 'williams,jorden']","['haynes,caleb', 'spragg,bailey', 'twagirayezu,patjo', 'arima,z', 'jauch,jared']",455
134,1167,Covenant,Sewanee,0,56-73,"35,38","28,28",10-10,12-8,N/A,N/A,01/31/17,5:30 AM,N/A,"Lookout Mountain, Ga. - Barnes PE Center",Win,2,False,287,False,07:22,,16,,28 ,"FOUL  by ARIMA,Z",,,"FOUL  by ARIMA,Z",1,foul,,covenant,"arima,z",,"['thomas,adrian', 'caldwell,cam', 'stone,brody', 'born,clay', 'williams,jorden']","['haynes,caleb', 'spragg,bailey', 'twagirayezu,patjo', 'arima,z', 'jauch,jared']",442
135,1167,Covenant,Sewanee,0,56-73,"35,38","28,28",10-10,12-8,N/A,N/A,01/31/17,5:30 AM,N/A,"Lookout Mountain, Ga. - Barnes PE Center",Win,2,False,287,False,07:22,"GOOD FT by WILLIAMS,JORDEN",17,,28 ,,SEWANEE 17-28 (-11),,"GOOD FT by WILLIAMS,JORDEN",1,free throw,good,sewanee,"williams,jorden",1,"['thomas,adrian', 'caldwell,cam', 'stone,brody', 'born,clay', 'williams,jorden']","['haynes,caleb', 'spragg,bailey', 'twagirayezu,patjo', 'arima,z', 'jauch,jared']",442
136,1167,Covenant,Sewanee,0,56-73,"35,38","28,28",10-10,12-8,N/A,N/A,01/31/17,5:30 AM,N/A,"Lookout Mountain, Ga. - Barnes PE Center",Win,2,False,287,False,07:22,"GOOD FT by WILLIAMS,JORDEN",18,,28 ,,SEWANEE 18-28 (-10),,"GOOD FT by WILLIAMS,JORDEN",1,free throw,good,sewanee,"williams,jorden",1,"['thomas,adrian', 'caldwell,cam', 'stone,brody', 'born,clay', 'williams,jorden']","['haynes,caleb', 'spragg,bailey', 'twagirayezu,patjo', 'arima,z', 'jauch,jared']",442
137,1167,Covenant,Sewanee,0,56-73,"35,38","28,28",10-10,12-8,N/A,N/A,01/31/17,5:30 AM,N/A,"Lookout Mountain, Ga. - Barnes PE Center",Win,2,False,287,False,07:22,,18,,28 ,"SUB IN by PORTLOCK,WILL",,,"SUB IN by PORTLOCK,WILL",1,subbing in,,covenant,"portlock,will",,"['thomas,adrian', 'caldwell,cam', 'stone,brody', 'born,clay', 'williams,jorden']","['haynes,caleb', 'spragg,bailey', 'twagirayezu,patjo', 'arima,z', 'jauch,jared', 'portlock,will']",442
138,1167,Covenant,Sewanee,0,56-73,"35,38","28,28",10-10,12-8,N/A,N/A,01/31/17,5:30 AM,N/A,"Lookout Mountain, Ga. - Barnes PE Center",Win,2,False,287,False,07:22,,18,,28 ,"SUB OUT by ARIMA,Z",,,"SUB OUT by ARIMA,Z",1,subbing out,,covenant,"arima,z",,"['thomas,adrian', 'caldwell,cam', 'stone,brody', 'born,clay', 'williams,jorden']","['haynes,caleb', 'spragg,bailey', 'twagirayezu,patjo', 'jauch,jared', 'portlock,will']",442
139,1167,Covenant,Sewanee,0,56-73,"35,38","28,28",10-10,12-8,N/A,N/A,01/31/17,5:30 AM,N/A,"Lookout Mountain, Ga. - Barnes PE Center",Win,2,False,287,False,07:03,,18,,28 ,"MISS JUMPER by SPRAGG,BAILEY",,,"MISS JUMPER by SPRAGG,BAILEY",1,jumper,missed,covenant,"spragg,bailey",,"['thomas,adrian', 'caldwell,cam', 'stone,brody', 'born,clay', 'williams,jorden']","['haynes,caleb', 'spragg,bailey', 'twagirayezu,patjo', 'jauch,jared', 'portlock,will']",423
140,1167,Covenant,Sewanee,0,56-73,"35,38","28,28",10-10,12-8,N/A,N/A,01/31/17,5:30 AM,N/A,"Lookout Mountain, Ga. - Barnes PE Center",Win,2,False,287,False,--,"REBOUND DEF by THOMAS,ADRIAN",18,,28 ,,,,"REBOUND DEF by THOMAS,ADRIAN",1,defensive rebound,,sewanee,"thomas,adrian",,"['thomas,adrian', 'caldwell,cam', 'stone,brody', 'born,clay', 'williams,jorden']","['haynes,caleb', 'spragg,bailey', 'twagirayezu,patjo', 'jauch,jared', 'portlock,will']",
141,1167,Covenant,Sewanee,0,56-73,"35,38","28,28",10-10,12-8,N/A,N/A,01/31/17,5:30 AM,N/A,"Lookout Mountain, Ga. - Barnes PE Center",Win,2,False,287,False,06:53,,18,,28 ,"FOUL  by HAYNES,CALEB",,,"FOUL  by HAYNES,CALEB",1,foul,,covenant,"haynes,caleb",,"['thomas,adrian', 'caldwell,cam', 'stone,brody', 'born,clay', 'williams,jorden']","['haynes,caleb', 'spragg,bailey', 'twagirayezu,patjo', 'jauch,jared', 'portlock,will']",413
142,1167,Covenant,Sewanee,0,56-73,"35,38","28,28",10-10,12-8,N/A,N/A,01/31/17,5:30 AM,N/A,"Lookout Mountain, Ga. - Barnes PE Center",Win,2,False,287,False,06:53,"GOOD FT by CALDWELL,CAM",19,,28 ,,SEWANEE 19-28 (-9),,"GOOD FT by CALDWELL,CAM",1,free throw,good,sewanee,"caldwell,cam",1,"['thomas,adrian', 'caldwell,cam', 'stone,brody', 'born,clay', 'williams,jorden']","['haynes,caleb', 'spragg,bailey', 'twagirayezu,patjo', 'jauch,jared', 'portlock,will']",413
143,1167,Covenant,Sewanee,0,56-73,"35,38","28,28",10-10,12-8,N/A,N/A,01/31/17,5:30 AM,N/A,"Lookout Mountain, Ga. - Barnes PE Center",Win,2,False,287,False,06:53,"MISS FT by CALDWELL,CAM",19,,28 ,,,,"MISS FT by CALDWELL,CAM",1,free throw,missed,sewanee,"caldwell,cam",,"['thomas,adrian', 'caldwell,cam', 'stone,brody', 'born,clay', 'williams,jorden']","['haynes,caleb', 'spragg,bailey', 'twagirayezu,patjo', 'jauch,jared', 'portlock,will']",413
144,1167,Covenant,Sewanee,0,56-73,"35,38","28,28",10-10,12-8,N/A,N/A,01/31/17,5:30 AM,N/A,"Lookout Mountain, Ga. - Barnes PE Center",Win,2,False,287,False,--,,19,,28 ,"REBOUND DEF by TWAGIRAYEZU,PATJO",,,"REBOUND DEF by TWAGIRAYEZU,PATJO",1,defensive rebound,,covenant,"twagirayezu,patjo",,"['thomas,adrian', 'caldwell,cam', 'stone,brody', 'born,clay', 'williams,jorden']","['haynes,caleb', 'spragg,bailey', 'twagirayezu,patjo', 'jauch,jared', 'portlock,will']",
145,1167,Covenant,Sewanee,0,56-73,"35,38","28,28",10-10,12-8,N/A,N/A,01/31/17,5:30 AM,N/A,"Lookout Mountain, Ga. - Barnes PE Center",Win,2,False,287,False,06:53,,19,,28 ,"SUB IN by BRYAN,WILLIAM",,,"SUB IN by BRYAN,WILLIAM",1,subbing in,,covenant,"bryan,william",,"['thomas,adrian', 'caldwell,cam', 'stone,brody', 'born,clay', 'williams,jorden']","['haynes,caleb', 'spragg,bailey', 'twagirayezu,patjo', 'jauch,jared', 'portlock,will', 'bryan,william']",413
146,1167,Covenant,Sewanee,0,56-73,"35,38","28,28",10-10,12-8,N/A,N/A,01/31/17,5:30 AM,N/A,"Lookout Mountain, Ga. - Barnes PE Center",Win,2,False,287,False,06:53,,19,,28 ,"SUB IN by DRYDEN,BERTO",,,"SUB IN by DRYDEN,BERTO",1,subbing in,,covenant,"dryden,berto",,"['thomas,adrian', 'caldwell,cam', 'stone,brody', 'born,clay', 'williams,jorden']","['haynes,caleb', 'spragg,bailey', 'twagirayezu,patjo', 'jauch,jared', 'portlock,will', 'bryan,william', 'dryden,berto']",413
147,1167,Covenant,Sewanee,0,56-73,"35,38","28,28",10-10,12-8,N/A,N/A,01/31/17,5:30 AM,N/A,"Lookout Mountain, Ga. - Barnes PE Center",Win,2,False,287,False,06:53,,19,,28 ,"SUB OUT by HAYNES,CALEB",,,"SUB OUT by HAYNES,CALEB",1,subbing out,,covenant,"haynes,caleb",,"['thomas,adrian', 'caldwell,cam', 'stone,brody', 'born,clay', 'williams,jorden']","['spragg,bailey', 'twagirayezu,patjo', 'jauch,jared', 'portlock,will', 'bryan,william', 'dryden,berto']",413
148,1167,Covenant,Sewanee,0,56-73,"35,38","28,28",10-10,12-8,N/A,N/A,01/31/17,5:30 AM,N/A,"Lookout Mountain, Ga. - Barnes PE Center",Win,2,False,287,False,06:53,,19,,28 ,"SUB OUT by JAUCH,JARED",,,"SUB OUT by JAUCH,JARED",1,subbing out,,covenant,"jauch,jared",,"['thomas,adrian', 'caldwell,cam', 'stone,brody', 'born,clay', 'williams,jorden']","['spragg,bailey', 'twagirayezu,patjo', 'portlock,will', 'bryan,william', 'dryden,berto']",413
149,1167,Covenant,Sewanee,0,56-73,"35,38","28,28",10-10,12-8,N/A,N/A,01/31/17,5:30 AM,N/A,"Lookout Mountain, Ga. - Barnes PE Center",Win,2,False,287,False,06:34,,19,,28 ,"MISS 3PTR by SPRAGG,BAILEY",,,"MISS 3PTR by SPRAGG,BAILEY",1,three pointer,missed,covenant,"spragg,bailey",,"['thomas,adrian', 'caldwell,cam', 'stone,brody', 'born,clay', 'williams,jorden']","['spragg,bailey', 'twagirayezu,patjo', 'portlock,will', 'bryan,william', 'dryden,berto']",394
150,1167,Covenant,Sewanee,0,56-73,"35,38","28,28",10-10,12-8,N/A,N/A,01/31/17,5:30 AM,N/A,"Lookout Mountain, Ga. - Barnes PE Center",Win,2,False,287,False,--,,19,,28 ,"REBOUND OFF by DRYDEN,BERTO",,,"REBOUND OFF by DRYDEN,BERTO",1,offensive rebound,,covenant,"dryden,berto",,"['thomas,adrian', 'caldwell,cam', 'stone,brody', 'born,clay', 'williams,jorden']","['spragg,bailey', 'twagirayezu,patjo', 'portlock,will', 'bryan,william', 'dryden,berto']",
151,1167,Covenant,Sewanee,0,56-73,"35,38","28,28",10-10,12-8,N/A,N/A,01/31/17,5:30 AM,N/A,"Lookout Mountain, Ga. - Barnes PE Center",Win,2,False,287,False,06:22,,19,,28 ,"MISS 3PTR by DRYDEN,BERTO",,,"MISS 3PTR by DRYDEN,BERTO",1,three pointer,missed,covenant,"dryden,berto",,"['thomas,adrian', 'caldwell,cam', 'stone,brody', 'born,clay', 'williams,jorden']","['spragg,bailey', 'twagirayezu,patjo', 'portlock,will', 'bryan,william', 'dryden,berto']",382
152,1167,Covenant,Sewanee,0,56-73,"35,38","28,28",10-10,12-8,N/A,N/A,01/31/17,5:30 AM,N/A,"Lookout Mountain, Ga. - Barnes PE Center",Win,2,False,287,False,--,"REBOUND DEF by BORN,CLAY",19,,28 ,,,,"REBOUND DEF by BORN,CLAY",1,defensive rebound,,sewanee,"born,clay",,"['thomas,adrian', 'caldwell,cam', 'stone,brody', 'born,clay', 'williams,jorden']","['spragg,bailey', 'twagirayezu,patjo', 'portlock,will', 'bryan,william', 'dryden,berto']",
153,1167,Covenant,Sewanee,0,56-73,"35,38","28,28",10-10,12-8,N/A,N/A,01/31/17,5:30 AM,N/A,"Lookout Mountain, Ga. - Barnes PE Center",Win,2,False,287,False,06:04,"MISS 3PTR by BORN,CLAY",19,,28 ,,,,"MISS 3PTR by BORN,CLAY",1,three pointer,missed,sewanee,"born,clay",,"['thomas,adrian', 'caldwell,cam', 'stone,brody', 'born,clay', 'williams,jorden']","['spragg,bailey', 'twagirayezu,patjo', 'portlock,will', 'bryan,william', 'dryden,berto']",364
154,1167,Covenant,Sewanee,0,56-73,"35,38","28,28",10-10,12-8,N/A,N/A,01/31/17,5:30 AM,N/A,"Lookout Mountain, Ga. - Barnes PE Center",Win,2,False,287,False,--,,19,,28 ,"REBOUND DEF by BRYAN,WILLIAM",,,"REBOUND DEF by BRYAN,WILLIAM",1,defensive rebound,,covenant,"bryan,william",,"['thomas,adrian', 'caldwell,cam', 'stone,brody', 'born,clay', 'williams,jorden']","['spragg,bailey', 'twagirayezu,patjo', 'portlock,will', 'bryan,william', 'dryden,berto']",
155,1167,Covenant,Sewanee,0,56-73,"35,38","28,28",10-10,12-8,N/A,N/A,01/31/17,5:30 AM,N/A,"Lookout Mountain, Ga. - Barnes PE Center",Win,2,False,287,False,05:53,,19,,30 ,"GOOD LAYUP by TWAGIRAYEZU,PATJO(in the paint)",CCM 19-30 (-11),,"GOOD LAYUP by TWAGIRAYEZU,PATJO(in the paint)",1,layup,good,covenant,"twagirayezu,patjo",2,"['thomas,adrian', 'caldwell,cam', 'stone,brody', 'born,clay', 'williams,jorden']","['spragg,bailey', 'twagirayezu,patjo', 'portlock,will', 'bryan,william', 'dryden,berto']",353
156,1167,Covenant,Sewanee,0,56-73,"35,38","28,28",10-10,12-8,N/A,N/A,01/31/17,5:30 AM,N/A,"Lookout Mountain, Ga. - Barnes PE Center",Win,2,False,287,False,05:31,"MISS 3PTR by BORN,CLAY",19,,30 ,,,,"MISS 3PTR by BORN,CLAY",1,three pointer,missed,sewanee,"born,clay",,"['thomas,adrian', 'caldwell,cam', 'stone,brody', 'born,clay', 'williams,jorden']","['spragg,bailey', 'twagirayezu,patjo', 'portlock,will', 'bryan,william', 'dryden,berto']",331
157,1167,Covenant,Sewanee,0,56-73,"35,38","28,28",10-10,12-8,N/A,N/A,01/31/17,5:30 AM,N/A,"Lookout Mountain, Ga. - Barnes PE Center",Win,2,False,287,False,--,,19,,30 ,"REBOUND DEF by PORTLOCK,WILL",,,"REBOUND DEF by PORTLOCK,WILL",1,defensive rebound,,covenant,"portlock,will",,"['thomas,adrian', 'caldwell,cam', 'stone,brody', 'born,clay', 'williams,jorden']","['spragg,bailey', 'twagirayezu,patjo', 'portlock,will', 'bryan,william', 'dryden,berto']",
158,1167,Covenant,Sewanee,0,56-73,"35,38","28,28",10-10,12-8,N/A,N/A,01/31/17,5:30 AM,N/A,"Lookout Mountain, Ga. - Barnes PE Center",Win,2,False,287,False,05:23,,19,,30 ,"TURNOVER  by SPRAGG,BAILEY",,,"TURNOVER  by SPRAGG,BAILEY",1,turnover,,covenant,"spragg,bailey",,"['thomas,adrian', 'caldwell,cam', 'stone,brody', 'born,clay', 'williams,jorden']","['spragg,bailey', 'twagirayezu,patjo', 'portlock,will', 'bryan,william', 'dryden,berto']",323
159,1167,Covenant,Sewanee,0,56-73,"35,38","28,28",10-10,12-8,N/A,N/A,01/31/17,5:30 AM,N/A,"Lookout Mountain, Ga. - Barnes PE Center",Win,2,False,287,False,05:23,,19,,30 ,"SUB IN by ALLEN,ZACK",,,"SUB IN by ALLEN,ZACK",1,subbing in,,covenant,"allen,zack",,"['thomas,adrian', 'caldwell,cam', 'stone,brody', 'born,clay', 'williams,jorden']","['spragg,bailey', 'twagirayezu,patjo', 'portlock,will', 'bryan,william', 'dryden,berto', 'allen,zack']",323
160,1167,Covenant,Sewanee,0,56-73,"35,38","28,28",10-10,12-8,N/A,N/A,01/31/17,5:30 AM,N/A,"Lookout Mountain, Ga. - Barnes PE Center",Win,2,False,287,False,05:23,,19,,30 ,"SUB IN by WALKER,J",,,"SUB IN by WALKER,J",1,subbing in,,covenant,"walker,j",,"['thomas,adrian', 'caldwell,cam', 'stone,brody', 'born,clay', 'williams,jorden']","['spragg,bailey', 'twagirayezu,patjo', 'portlock,will', 'bryan,william', 'dryden,berto', 'allen,zack', 'walker,j']",323
161,1167,Covenant,Sewanee,0,56-73,"35,38","28,28",10-10,12-8,N/A,N/A,01/31/17,5:30 AM,N/A,"Lookout Mountain, Ga. - Barnes PE Center",Win,2,False,287,False,05:23,,19,,30 ,"SUB IN by BRIGHT,STEFON",,,"SUB IN by BRIGHT,STEFON",1,subbing in,,covenant,"bright,stefon",,"['thomas,adrian', 'caldwell,cam', 'stone,brody', 'born,clay', 'williams,jorden']","['spragg,bailey', 'twagirayezu,patjo', 'portlock,will', 'bryan,william', 'dryden,berto', 'allen,zack', 'walker,j', 'bright,stefon']",323
162,1167,Covenant,Sewanee,0,56-73,"35,38","28,28",10-10,12-8,N/A,N/A,01/31/17,5:30 AM,N/A,"Lookout Mountain, Ga. - Barnes PE Center",Win,2,False,287,False,05:23,,19,,30 ,"SUB OUT by BRYAN,WILLIAM",,,"SUB OUT by BRYAN,WILLIAM",1,subbing out,,covenant,"bryan,william",,"['thomas,adrian', 'caldwell,cam', 'stone,brody', 'born,clay', 'williams,jorden']","['spragg,bailey', 'twagirayezu,patjo', 'portlock,will', 'dryden,berto', 'allen,zack', 'walker,j', 'bright,stefon']",323
163,1167,Covenant,Sewanee,0,56-73,"35,38","28,28",10-10,12-8,N/A,N/A,01/31/17,5:30 AM,N/A,"Lookout Mountain, Ga. - Barnes PE Center",Win,2,False,287,False,05:23,,19,,30 ,"SUB OUT by PORTLOCK,WILL",,,"SUB OUT by PORTLOCK,WILL",1,subbing out,,covenant,"portlock,will",,"['thomas,adrian', 'caldwell,cam', 'stone,brody', 'born,clay', 'williams,jorden']","['spragg,bailey', 'twagirayezu,patjo', 'dryden,berto', 'allen,zack', 'walker,j', 'bright,stefon']",323
164,1167,Covenant,Sewanee,0,56-73,"35,38","28,28",10-10,12-8,N/A,N/A,01/31/17,5:30 AM,N/A,"Lookout Mountain, Ga. - Barnes PE Center",Win,2,False,287,False,05:23,,19,,30 ,"SUB OUT by DRYDEN,BERTO",,,"SUB OUT by DRYDEN,BERTO",1,subbing out,,covenant,"dryden,berto",,"['thomas,adrian', 'caldwell,cam', 'stone,brody', 'born,clay', 'williams,jorden']","['spragg,bailey', 'twagirayezu,patjo', 'allen,zack', 'walker,j', 'bright,stefon']",323
165,1167,Covenant,Sewanee,0,56-73,"35,38","28,28",10-10,12-8,N/A,N/A,01/31/17,5:30 AM,N/A,"Lookout Mountain, Ga. - Barnes PE Center",Win,2,False,287,False,05:14,"TURNOVER  by BUESCHER,HUNTER",19,,30 ,,,,"TURNOVER  by BUESCHER,HUNTER",1,turnover,,sewanee,"buescher,hunter",,"['thomas,adrian', 'caldwell,cam', 'stone,brody', 'born,clay', 'williams,jorden']","['spragg,bailey', 'twagirayezu,patjo', 'allen,zack', 'walker,j', 'bright,stefon']",314
166,1167,Covenant,Sewanee,0,56-73,"35,38","28,28",10-10,12-8,N/A,N/A,01/31/17,5:30 AM,N/A,"Lookout Mountain, Ga. - Barnes PE Center",Win,2,False,287,False,05:14,"SUB IN by BUESCHER,HUNTER",19,,30 ,,,,"SUB IN by BUESCHER,HUNTER",1,subbing in,,sewanee,"buescher,hunter",,"['thomas,adrian', 'caldwell,cam', 'stone,brody', 'born,clay', 'williams,jorden', 'buescher,hunter']","['spragg,bailey', 'twagirayezu,patjo', 'allen,zack', 'walker,j', 'bright,stefon']",314
167,1167,Covenant,Sewanee,0,56-73,"35,38","28,28",10-10,12-8,N/A,N/A,01/31/17,5:30 AM,N/A,"Lookout Mountain, Ga. - Barnes PE Center",Win,2,False,287,False,05:14,"SUB IN by BARRY,MICHAEL",19,,30 ,,,,"SUB IN by BARRY,MICHAEL",1,subbing in,,sewanee,"barry,michael",,"['thomas,adrian', 'caldwell,cam', 'stone,brody', 'born,clay', 'williams,jorden', 'buescher,hunter', 'barry,michael']","['spragg,bailey', 'twagirayezu,patjo', 'allen,zack', 'walker,j', 'bright,stefon']",314
168,1167,Covenant,Sewanee,0,56-73,"35,38","28,28",10-10,12-8,N/A,N/A,01/31/17,5:30 AM,N/A,"Lookout Mountain, Ga. - Barnes PE Center",Win,2,False,287,False,05:14,,19,,30 ,"SUB IN by PORTLOCK,WILL",,,"SUB IN by PORTLOCK,WILL",1,subbing in,,covenant,"portlock,will",,"['thomas,adrian', 'caldwell,cam', 'stone,brody', 'born,clay', 'williams,jorden', 'buescher,hunter', 'barry,michael']","['spragg,bailey', 'twagirayezu,patjo', 'allen,zack', 'walker,j', 'bright,stefon', 'portlock,will']",314
169,1167,Covenant,Sewanee,0,56-73,"35,38","28,28",10-10,12-8,N/A,N/A,01/31/17,5:30 AM,N/A,"Lookout Mountain, Ga. - Barnes PE Center",Win,2,False,287,False,05:14,,19,,30 ,"SUB IN by DRYDEN,BERTO",,,"SUB IN by DRYDEN,BERTO",1,subbing in,,covenant,"dryden,berto",,"['thomas,adrian', 'caldwell,cam', 'stone,brody', 'born,clay', 'williams,jorden', 'buescher,hunter', 'barry,michael']","['spragg,bailey', 'twagirayezu,patjo', 'allen,zack', 'walker,j', 'bright,stefon', 'portlock,will', 'dryden,berto']",314
170,1167,Covenant,Sewanee,0,56-73,"35,38","28,28",10-10,12-8,N/A,N/A,01/31/17,5:30 AM,N/A,"Lookout Mountain, Ga. - Barnes PE Center",Win,2,False,287,False,05:14,,19,,30 ,"SUB OUT by WALKER,J",,,"SUB OUT by WALKER,J",1,subbing out,,covenant,"walker,j",,"['thomas,adrian', 'caldwell,cam', 'stone,brody', 'born,clay', 'williams,jorden', 'buescher,hunter', 'barry,michael']","['spragg,bailey', 'twagirayezu,patjo', 'allen,zack', 'bright,stefon', 'portlock,will', 'dryden,berto']",314
171,1167,Covenant,Sewanee,0,56-73,"35,38","28,28",10-10,12-8,N/A,N/A,01/31/17,5:30 AM,N/A,"Lookout Mountain, Ga. - Barnes PE Center",Win,2,False,287,False,05:14,,19,,30 ,"SUB OUT by BRIGHT,STEFON",,,"SUB OUT by BRIGHT,STEFON",1,subbing out,,covenant,"bright,stefon",,"['thomas,adrian', 'caldwell,cam', 'stone,brody', 'born,clay', 'williams,jorden', 'buescher,hunter', 'barry,michael']","['spragg,bailey', 'twagirayezu,patjo', 'allen,zack', 'portlock,will', 'dryden,berto']",314
172,1167,Covenant,Sewanee,0,56-73,"35,38","28,28",10-10,12-8,N/A,N/A,01/31/17,5:30 AM,N/A,"Lookout Mountain, Ga. - Barnes PE Center",Win,2,False,287,False,05:13,,19,,30 ,"TURNOVER  by ALLEN,ZACK",,,"TURNOVER  by ALLEN,ZACK",1,turnover,,covenant,"allen,zack",,"['thomas,adrian', 'caldwell,cam', 'stone,brody', 'born,clay', 'williams,jorden', 'buescher,hunter', 'barry,michael']","['spragg,bailey', 'twagirayezu,patjo', 'allen,zack', 'portlock,will', 'dryden,berto']",313
173,1167,Covenant,Sewanee,0,56-73,"35,38","28,28",10-10,12-8,N/A,N/A,01/31/17,5:30 AM,N/A,"Lookout Mountain, Ga. - Barnes PE Center",Win,2,False,287,False,05:12,"STEAL  by WILLIAMS,JORDEN",19,,30 ,,,,"STEAL  by WILLIAMS,JORDEN",1,steal,,sewanee,,,"['thomas,adrian', 'caldwell,cam', 'stone,brody', 'born,clay', 'williams,jorden', 'buescher,hunter', 'barry,michael']","['spragg,bailey', 'twagirayezu,patjo', 'allen,zack', 'portlock,will', 'dryden,berto']",312
174,1167,Covenant,Sewanee,0,56-73,"35,38","28,28",10-10,12-8,N/A,N/A,01/31/17,5:30 AM,N/A,"Lookout Mountain, Ga. - Barnes PE Center",Win,2,False,287,False,05:10,"MISS LAYUP by LEE,MATTHEW",19,,30 ,,,,"MISS LAYUP by LEE,MATTHEW",1,layup,missed,sewanee,"lee,matthew",,"['thomas,adrian', 'caldwell,cam', 'stone,brody', 'born,clay', 'williams,jorden', 'buescher,hunter', 'barry,michael']","['spragg,bailey', 'twagirayezu,patjo', 'allen,zack', 'portlock,will', 'dryden,berto']",310
175,1167,Covenant,Sewanee,0,56-73,"35,38","28,28",10-10,12-8,N/A,N/A,01/31/17,5:30 AM,N/A,"Lookout Mountain, Ga. - Barnes PE Center",Win,2,False,287,False,--,"REBOUND OFF by BARRY,MICHAEL",19,,30 ,,,,"REBOUND OFF by BARRY,MICHAEL",1,offensive rebound,,sewanee,"barry,michael",,"['thomas,adrian', 'caldwell,cam', 'stone,brody', 'born,clay', 'williams,jorden', 'buescher,hunter', 'barry,michael']","['spragg,bailey', 'twagirayezu,patjo', 'allen,zack', 'portlock,will', 'dryden,berto']",
176,1167,Covenant,Sewanee,0,56-73,"35,38","28,28",10-10,12-8,N/A,N/A,01/31/17,5:30 AM,N/A,"Lookout Mountain, Ga. - Barnes PE Center",Win,2,False,287,False,04:55,"MISS 3PTR by CRUMLY,JONNY",19,,30 ,,,,"MISS 3PTR by CRUMLY,JONNY",1,three pointer,missed,sewanee,"crumly,jonny",,"['thomas,adrian', 'caldwell,cam', 'stone,brody', 'born,clay', 'williams,jorden', 'buescher,hunter', 'barry,michael']","['spragg,bailey', 'twagirayezu,patjo', 'allen,zack', 'portlock,will', 'dryden,berto']",295
177,1167,Covenant,Sewanee,0,56-73,"35,38","28,28",10-10,12-8,N/A,N/A,01/31/17,5:30 AM,N/A,"Lookout Mountain, Ga. - Barnes PE Center",Win,2,False,287,False,--,,19,,30 ,"REBOUND DEF by DRYDEN,BERTO",,,"REBOUND DEF by DRYDEN,BERTO",1,defensive rebound,,covenant,"dryden,berto",,"['thomas,adrian', 'caldwell,cam', 'stone,brody', 'born,clay', 'williams,jorden', 'buescher,hunter', 'barry,michael']","['spragg,bailey', 'twagirayezu,patjo', 'allen,zack', 'portlock,will', 'dryden,berto']",
178,1167,Covenant,Sewanee,0,56-73,"35,38","28,28",10-10,12-8,N/A,N/A,01/31/17,5:30 AM,N/A,"Lookout Mountain, Ga. - Barnes PE Center",Win,2,False,287,False,04:32,,19,,33 ,"GOOD 3PTR by SPRAGG,BAILEY",CCM 19-33 (-14),,"GOOD 3PTR by SPRAGG,BAILEY",1,three pointer,good,covenant,"spragg,bailey",3,"['thomas,adrian', 'caldwell,cam', 'stone,brody', 'born,clay', 'williams,jorden', 'buescher,hunter', 'barry,michael']","['spragg,bailey', 'twagirayezu,patjo', 'allen,zack', 'portlock,will', 'dryden,berto']",272
179,1167,Covenant,Sewanee,0,56-73,"35,38","28,28",10-10,12-8,N/A,N/A,01/31/17,5:30 AM,N/A,"Lookout Mountain, Ga. - Barnes PE Center",Win,2,False,287,False,--,,19,,33 ,"ASSIST  by PORTLOCK,WILL",,,"ASSIST  by PORTLOCK,WILL",1,assist,,covenant,"portlock,will",,"['thomas,adrian', 'caldwell,cam', 'stone,brody', 'born,clay', 'williams,jorden', 'buescher,hunter', 'barry,michael']","['spragg,bailey', 'twagirayezu,patjo', 'allen,zack', 'portlock,will', 'dryden,berto']",
180,1167,Covenant,Sewanee,0,56-73,"35,38","28,28",10-10,12-8,N/A,N/A,01/31/17,5:30 AM,N/A,"Lookout Mountain, Ga. - Barnes PE Center",Win,2,False,287,False,04:01,"GOOD LAYUP by LEE,MATTHEW(in the paint)",21,,33 ,,SEWANEE 21-33 (-12),,"GOOD LAYUP by LEE,MATTHEW(in the paint)",1,layup,good,sewanee,"lee,matthew",2,"['thomas,adrian', 'caldwell,cam', 'stone,brody', 'born,clay', 'williams,jorden', 'buescher,hunter', 'barry,michael']","['spragg,bailey', 'twagirayezu,patjo', 'allen,zack', 'portlock,will', 'dryden,berto']",241
181,1167,Covenant,Sewanee,0,56-73,"35,38","28,28",10-10,12-8,N/A,N/A,01/31/17,5:30 AM,N/A,"Lookout Mountain, Ga. - Barnes PE Center",Win,2,False,287,False,04:01,,21,,33 ,"FOUL  by TWAGIRAYEZU,PATJO",,,"FOUL  by TWAGIRAYEZU,PATJO",1,foul,,covenant,"twagirayezu,patjo",,"['thomas,adrian', 'caldwell,cam', 'stone,brody', 'born,clay', 'williams,jorden', 'buescher,hunter', 'barry,michael']","['spragg,bailey', 'twagirayezu,patjo', 'allen,zack', 'portlock,will', 'dryden,berto']",241
182,1167,Covenant,Sewanee,0,56-73,"35,38","28,28",10-10,12-8,N/A,N/A,01/31/17,5:30 AM,N/A,"Lookout Mountain, Ga. - Barnes PE Center",Win,2,False,287,False,04:01,"GOOD FT by LEE,MATTHEW",22,,33 ,,SEWANEE 22-33 (-11),,"GOOD FT by LEE,MATTHEW",1,free throw,good,sewanee,"lee,matthew",1,"['thomas,adrian', 'caldwell,cam', 'stone,brody', 'born,clay', 'williams,jorden', 'buescher,hunter', 'barry,michael']","['spragg,bailey', 'twagirayezu,patjo', 'allen,zack', 'portlock,will', 'dryden,berto']",241
183,1167,Covenant,Sewanee,0,56-73,"35,38","28,28",10-10,12-8,N/A,N/A,01/31/17,5:30 AM,N/A,"Lookout Mountain, Ga. - Barnes PE Center",Win,2,False,287,False,04:01,"SUB IN by BORN,LEO",22,,33 ,,,,"SUB IN by BORN,LEO",1,subbing in,,sewanee,"born,leo",,"['thomas,adrian', 'caldwell,cam', 'stone,brody', 'born,clay', 'williams,jorden', 'buescher,hunter', 'barry,michael', 'born,leo']","['spragg,bailey', 'twagirayezu,patjo', 'allen,zack', 'portlock,will', 'dryden,berto']",241
184,1167,Covenant,Sewanee,0,56-73,"35,38","28,28",10-10,12-8,N/A,N/A,01/31/17,5:30 AM,N/A,"Lookout Mountain, Ga. - Barnes PE Center",Win,2,False,287,False,04:01,"SUB IN by LEE,MATTHEW",22,,33 ,,,,"SUB IN by LEE,MATTHEW",1,subbing in,,sewanee,"lee,matthew",,"['thomas,adrian', 'caldwell,cam', 'stone,brody', 'born,clay', 'williams,jorden', 'buescher,hunter', 'barry,michael', 'born,leo', 'lee,matthew']","['spragg,bailey', 'twagirayezu,patjo', 'allen,zack', 'portlock,will', 'dryden,berto']",241
185,1167,Covenant,Sewanee,0,56-73,"35,38","28,28",10-10,12-8,N/A,N/A,01/31/17,5:30 AM,N/A,"Lookout Mountain, Ga. - Barnes PE Center",Win,2,False,287,False,04:01,"SUB OUT by BUESCHER,HUNTER",22,,33 ,,,,"SUB OUT by BUESCHER,HUNTER",1,subbing out,,sewanee,"buescher,hunter",,"['thomas,adrian', 'caldwell,cam', 'stone,brody', 'born,clay', 'williams,jorden', 'barry,michael', 'born,leo', 'lee,matthew']","['spragg,bailey', 'twagirayezu,patjo', 'allen,zack', 'portlock,will', 'dryden,berto']",241
186,1167,Covenant,Sewanee,0,56-73,"35,38","28,28",10-10,12-8,N/A,N/A,01/31/17,5:30 AM,N/A,"Lookout Mountain, Ga. - Barnes PE Center",Win,2,False,287,False,04:01,"SUB OUT by CALDWELL,CAM",22,,33 ,,,,"SUB OUT by CALDWELL,CAM",1,subbing out,,sewanee,"caldwell,cam",,"['thomas,adrian', 'stone,brody', 'born,clay', 'williams,jorden', 'barry,michael', 'born,leo', 'lee,matthew']","['spragg,bailey', 'twagirayezu,patjo', 'allen,zack', 'portlock,will', 'dryden,berto']",241
187,1167,Covenant,Sewanee,0,56-73,"35,38","28,28",10-10,12-8,N/A,N/A,01/31/17,5:30 AM,N/A,"Lookout Mountain, Ga. - Barnes PE Center",Win,2,False,287,False,04:01,"SUB OUT by THOMAS,ADRIAN",22,,33 ,,,,"SUB OUT by THOMAS,ADRIAN",1,subbing out,,sewanee,"thomas,adrian",,"['stone,brody', 'born,clay', 'williams,jorden', 'barry,michael', 'born,leo', 'lee,matthew']","['spragg,bailey', 'twagirayezu,patjo', 'allen,zack', 'portlock,will', 'dryden,berto']",241
188,1167,Covenant,Sewanee,0,56-73,"35,38","28,28",10-10,12-8,N/A,N/A,01/31/17,5:30 AM,N/A,"Lookout Mountain, Ga. - Barnes PE Center",Win,2,False,287,False,04:01,"SUB OUT by BORN,CLAY",22,,33 ,,,,"SUB OUT by BORN,CLAY",1,subbing out,,sewanee,"born,clay",,"['stone,brody', 'williams,jorden', 'barry,michael', 'born,leo', 'lee,matthew']","['spragg,bailey', 'twagirayezu,patjo', 'allen,zack', 'portlock,will', 'dryden,berto']",241
189,1167,Covenant,Sewanee,0,56-73,"35,38","28,28",10-10,12-8,N/A,N/A,01/31/17,5:30 AM,N/A,"Lookout Mountain, Ga. - Barnes PE Center",Win,2,False,287,False,03:52,,22,,33 ,"MISS LAYUP by ALLEN,ZACK",,,"MISS LAYUP by ALLEN,ZACK",1,layup,missed,covenant,"allen,zack",,"['stone,brody', 'williams,jorden', 'barry,michael', 'born,leo', 'lee,matthew']","['spragg,bailey', 'twagirayezu,patjo', 'allen,zack', 'portlock,will', 'dryden,berto']",232
190,1167,Covenant,Sewanee,0,56-73,"35,38","28,28",10-10,12-8,N/A,N/A,01/31/17,5:30 AM,N/A,"Lookout Mountain, Ga. - Barnes PE Center",Win,2,False,287,False,--,"REBOUND DEF by LEE,MATTHEW",22,,33 ,,,,"REBOUND DEF by LEE,MATTHEW",1,defensive rebound,,sewanee,"lee,matthew",,"['stone,brody', 'williams,jorden', 'barry,michael', 'born,leo', 'lee,matthew']","['spragg,bailey', 'twagirayezu,patjo', 'allen,zack', 'portlock,will', 'dryden,berto']",
191,1167,Covenant,Sewanee,0,56-73,"35,38","28,28",10-10,12-8,N/A,N/A,01/31/17,5:30 AM,N/A,"Lookout Mountain, Ga. - Barnes PE Center",Win,2,False,287,False,03:43,"MISS JUMPER by WILLIAMS,JORDEN",22,,33 ,,,,"MISS JUMPER by WILLIAMS,JORDEN",1,jumper,missed,sewanee,"williams,jorden",,"['stone,brody', 'williams,jorden', 'barry,michael', 'born,leo', 'lee,matthew']","['spragg,bailey', 'twagirayezu,patjo', 'allen,zack', 'portlock,will', 'dryden,berto']",223
192,1167,Covenant,Sewanee,0,56-73,"35,38","28,28",10-10,12-8,N/A,N/A,01/31/17,5:30 AM,N/A,"Lookout Mountain, Ga. - Barnes PE Center",Win,2,False,287,False,--,,22,,33 ,"REBOUND DEF by TWAGIRAYEZU,PATJO",,,"REBOUND DEF by TWAGIRAYEZU,PATJO",1,defensive rebound,,covenant,"twagirayezu,patjo",,"['stone,brody', 'williams,jorden', 'barry,michael', 'born,leo', 'lee,matthew']","['spragg,bailey', 'twagirayezu,patjo', 'allen,zack', 'portlock,will', 'dryden,berto']",
193,1167,Covenant,Sewanee,0,56-73,"35,38","28,28",10-10,12-8,N/A,N/A,01/31/17,5:30 AM,N/A,"Lookout Mountain, Ga. - Barnes PE Center",Win,2,False,287,False,03:26,,22,,33 ,"TURNOVER  by TWAGIRAYEZU,PATJO",,,"TURNOVER  by TWAGIRAYEZU,PATJO",1,turnover,,covenant,"twagirayezu,patjo",,"['stone,brody', 'williams,jorden', 'barry,michael', 'born,leo', 'lee,matthew']","['spragg,bailey', 'twagirayezu,patjo', 'allen,zack', 'portlock,will', 'dryden,berto']",206
194,1167,Covenant,Sewanee,0,56-73,"35,38","28,28",10-10,12-8,N/A,N/A,01/31/17,5:30 AM,N/A,"Lookout Mountain, Ga. - Barnes PE Center",Win,2,False,287,False,03:26,,22,,33 ,"SUB IN by BRYAN,WILLIAM",,,"SUB IN by BRYAN,WILLIAM",1,subbing in,,covenant,"bryan,william",,"['stone,brody', 'williams,jorden', 'barry,michael', 'born,leo', 'lee,matthew']","['spragg,bailey', 'twagirayezu,patjo', 'allen,zack', 'portlock,will', 'dryden,berto', 'bryan,william']",206
195,1167,Covenant,Sewanee,0,56-73,"35,38","28,28",10-10,12-8,N/A,N/A,01/31/17,5:30 AM,N/A,"Lookout Mountain, Ga. - Barnes PE Center",Win,2,False,287,False,03:26,,22,,33 ,"SUB IN by PALMER,NICK",,,"SUB IN by PALMER,NICK",1,subbing in,,covenant,"palmer,nick",,"['stone,brody', 'williams,jorden', 'barry,michael', 'born,leo', 'lee,matthew']","['spragg,bailey', 'twagirayezu,patjo', 'allen,zack', 'portlock,will', 'dryden,berto', 'bryan,william', 'palmer,nick']",206
196,1167,Covenant,Sewanee,0,56-73,"35,38","28,28",10-10,12-8,N/A,N/A,01/31/17,5:30 AM,N/A,"Lookout Mountain, Ga. - Barnes PE Center",Win,2,False,287,False,03:26,,22,,33 ,"SUB OUT by TWAGIRAYEZU,PATJO",,,"SUB OUT by TWAGIRAYEZU,PATJO",1,subbing out,,covenant,"twagirayezu,patjo",,"['stone,brody', 'williams,jorden', 'barry,michael', 'born,leo', 'lee,matthew']","['spragg,bailey', 'allen,zack', 'portlock,will', 'dryden,berto', 'bryan,william', 'palmer,nick']",206
197,1167,Covenant,Sewanee,0,56-73,"35,38","28,28",10-10,12-8,N/A,N/A,01/31/17,5:30 AM,N/A,"Lookout Mountain, Ga. - Barnes PE Center",Win,2,False,287,False,03:26,,22,,33 ,"SUB OUT by ALLEN,ZACK",,,"SUB OUT by ALLEN,ZACK",1,subbing out,,covenant,"allen,zack",,"['stone,brody', 'williams,jorden', 'barry,michael', 'born,leo', 'lee,matthew']","['spragg,bailey', 'portlock,will', 'dryden,berto', 'bryan,william', 'palmer,nick']",206
198,1167,Covenant,Sewanee,0,56-73,"35,38","28,28",10-10,12-8,N/A,N/A,01/31/17,5:30 AM,N/A,"Lookout Mountain, Ga. - Barnes PE Center",Win,2,False,287,False,02:56,"MISS 3PTR by BORN,LEO",22,,33 ,,,,"MISS 3PTR by BORN,LEO",1,three pointer,missed,sewanee,"born,leo",,"['stone,brody', 'williams,jorden', 'barry,michael', 'born,leo', 'lee,matthew']","['spragg,bailey', 'portlock,will', 'dryden,berto', 'bryan,william', 'palmer,nick']",176
199,1167,Covenant,Sewanee,0,56-73,"35,38","28,28",10-10,12-8,N/A,N/A,01/31/17,5:30 AM,N/A,"Lookout Mountain, Ga. - Barnes PE Center",Win,2,False,287,False,--,,22,,33 ,REBOUND DEF by TEAM,,,REBOUND DEF by TEAM,1,defensive rebound,,covenant,,,"['stone,brody', 'williams,jorden', 'barry,michael', 'born,leo', 'lee,matthew']","['spragg,bailey', 'portlock,will', 'dryden,berto', 'bryan,william', 'palmer,nick']",
200,1167,Covenant,Sewanee,0,56-73,"35,38","28,28",10-10,12-8,N/A,N/A,01/31/17,5:30 AM,N/A,"Lookout Mountain, Ga. - Barnes PE Center",Win,2,False,287,False,02:45,,22,,33 ,"MISS 3PTR by DRYDEN,BERTO",,,"MISS 3PTR by DRYDEN,BERTO",1,three pointer,missed,covenant,"dryden,berto",,"['stone,brody', 'williams,jorden', 'barry,michael', 'born,leo', 'lee,matthew']","['spragg,bailey', 'portlock,will', 'dryden,berto', 'bryan,william', 'palmer,nick']",165
201,1167,Covenant,Sewanee,0,56-73,"35,38","28,28",10-10,12-8,N/A,N/A,01/31/17,5:30 AM,N/A,"Lookout Mountain, Ga. - Barnes PE Center",Win,2,False,287,False,--,"REBOUND DEF by BARRY,MICHAEL",22,,33 ,,,,"REBOUND DEF by BARRY,MICHAEL",1,defensive rebound,,sewanee,"barry,michael",,"['stone,brody', 'williams,jorden', 'barry,michael', 'born,leo', 'lee,matthew']","['spragg,bailey', 'portlock,will', 'dryden,berto', 'bryan,william', 'palmer,nick']",
202,1167,Covenant,Sewanee,0,56-73,"35,38","28,28",10-10,12-8,N/A,N/A,01/31/17,5:30 AM,N/A,"Lookout Mountain, Ga. - Barnes PE Center",Win,2,False,287,False,02:35,"MISS JUMPER by LEE,MATTHEW",22,,33 ,,,,"MISS JUMPER by LEE,MATTHEW",1,jumper,missed,sewanee,"lee,matthew",,"['stone,brody', 'williams,jorden', 'barry,michael', 'born,leo', 'lee,matthew']","['spragg,bailey', 'portlock,will', 'dryden,berto', 'bryan,william', 'palmer,nick']",155
203,1167,Covenant,Sewanee,0,56-73,"35,38","28,28",10-10,12-8,N/A,N/A,01/31/17,5:30 AM,N/A,"Lookout Mountain, Ga. - Barnes PE Center",Win,2,False,287,False,--,,22,,33 ,"REBOUND DEF by PORTLOCK,WILL",,,"REBOUND DEF by PORTLOCK,WILL",1,defensive rebound,,covenant,"portlock,will",,"['stone,brody', 'williams,jorden', 'barry,michael', 'born,leo', 'lee,matthew']","['spragg,bailey', 'portlock,will', 'dryden,berto', 'bryan,william', 'palmer,nick']",
204,1167,Covenant,Sewanee,0,56-73,"35,38","28,28",10-10,12-8,N/A,N/A,01/31/17,5:30 AM,N/A,"Lookout Mountain, Ga. - Barnes PE Center",Win,2,False,287,False,02:26,,22,,33 ,TIMEOUT 30SEC by TEAM,,,TIMEOUT 30SEC by TEAM,1,timeout,,covenant,,,"['stone,brody', 'williams,jorden', 'barry,michael', 'born,leo', 'lee,matthew']","['spragg,bailey', 'portlock,will', 'dryden,berto', 'bryan,william', 'palmer,nick']",146
205,1167,Covenant,Sewanee,0,56-73,"35,38","28,28",10-10,12-8,N/A,N/A,01/31/17,5:30 AM,N/A,"Lookout Mountain, Ga. - Barnes PE Center",Win,2,False,287,False,02:26,"SUB IN by THOMAS,ADRIAN",22,,33 ,,,,"SUB IN by THOMAS,ADRIAN",1,subbing in,,sewanee,"thomas,adrian",,"['stone,brody', 'williams,jorden', 'barry,michael', 'born,leo', 'lee,matthew', 'thomas,adrian']","['spragg,bailey', 'portlock,will', 'dryden,berto', 'bryan,william', 'palmer,nick']",146
206,1167,Covenant,Sewanee,0,56-73,"35,38","28,28",10-10,12-8,N/A,N/A,01/31/17,5:30 AM,N/A,"Lookout Mountain, Ga. - Barnes PE Center",Win,2,False,287,False,02:26,"SUB OUT by BORN,LEO",22,,33 ,,,,"SUB OUT by BORN,LEO",1,subbing out,,sewanee,"born,leo",,"['stone,brody', 'williams,jorden', 'barry,michael', 'lee,matthew', 'thomas,adrian']","['spragg,bailey', 'portlock,will', 'dryden,berto', 'bryan,william', 'palmer,nick']",146
207,1167,Covenant,Sewanee,0,56-73,"35,38","28,28",10-10,12-8,N/A,N/A,01/31/17,5:30 AM,N/A,"Lookout Mountain, Ga. - Barnes PE Center",Win,2,False,287,False,02:09,,22,,33 ,"MISS JUMPER by DRYDEN,BERTO",,,"MISS JUMPER by DRYDEN,BERTO",1,jumper,missed,covenant,"dryden,berto",,"['stone,brody', 'williams,jorden', 'barry,michael', 'lee,matthew', 'thomas,adrian']","['spragg,bailey', 'portlock,will', 'dryden,berto', 'bryan,william', 'palmer,nick']",129
208,1167,Covenant,Sewanee,0,56-73,"35,38","28,28",10-10,12-8,N/A,N/A,01/31/17,5:30 AM,N/A,"Lookout Mountain, Ga. - Barnes PE Center",Win,2,False,287,False,--,"REBOUND DEF by STONE,BRODY",22,,33 ,,,,"REBOUND DEF by STONE,BRODY",1,defensive rebound,,sewanee,"stone,brody",,"['stone,brody', 'williams,jorden', 'barry,michael', 'lee,matthew', 'thomas,adrian']","['spragg,bailey', 'portlock,will', 'dryden,berto', 'bryan,william', 'palmer,nick']",
209,1167,Covenant,Sewanee,0,56-73,"35,38","28,28",10-10,12-8,N/A,N/A,01/31/17,5:30 AM,N/A,"Lookout Mountain, Ga. - Barnes PE Center",Win,2,False,287,False,01:55,"TURNOVER  by LEE,MATTHEW",22,,33 ,,,,"TURNOVER  by LEE,MATTHEW",1,turnover,,sewanee,"lee,matthew",,"['stone,brody', 'williams,jorden', 'barry,michael', 'lee,matthew', 'thomas,adrian']","['spragg,bailey', 'portlock,will', 'dryden,berto', 'bryan,william', 'palmer,nick']",115
210,1167,Covenant,Sewanee,0,56-73,"35,38","28,28",10-10,12-8,N/A,N/A,01/31/17,5:30 AM,N/A,"Lookout Mountain, Ga. - Barnes PE Center",Win,2,False,287,False,01:54,,22,,33 ,"STEAL  by SPRAGG,BAILEY",,,"STEAL  by SPRAGG,BAILEY",1,steal,,covenant,,,"['stone,brody', 'williams,jorden', 'barry,michael', 'lee,matthew', 'thomas,adrian']","['spragg,bailey', 'portlock,will', 'dryden,berto', 'bryan,william', 'palmer,nick']",114
211,1167,Covenant,Sewanee,0,56-73,"35,38","28,28",10-10,12-8,N/A,N/A,01/31/17,5:30 AM,N/A,"Lookout Mountain, Ga. - Barnes PE Center",Win,2,False,287,False,01:51,,22,,33 ,"MISS JUMPER by PORTLOCK,WILL",,,"MISS JUMPER by PORTLOCK,WILL",1,jumper,missed,covenant,"portlock,will",,"['stone,brody', 'williams,jorden', 'barry,michael', 'lee,matthew', 'thomas,adrian']","['spragg,bailey', 'portlock,will', 'dryden,berto', 'bryan,william', 'palmer,nick']",111
212,1167,Covenant,Sewanee,0,56-73,"35,38","28,28",10-10,12-8,N/A,N/A,01/31/17,5:30 AM,N/A,"Lookout Mountain, Ga. - Barnes PE Center",Win,2,False,287,False,--,"REBOUND DEF by THOMAS,ADRIAN",22,,33 ,,,,"REBOUND DEF by THOMAS,ADRIAN",1,defensive rebound,,sewanee,"thomas,adrian",,"['stone,brody', 'williams,jorden', 'barry,michael', 'lee,matthew', 'thomas,adrian']","['spragg,bailey', 'portlock,will', 'dryden,berto', 'bryan,william', 'palmer,nick']",
213,1167,Covenant,Sewanee,0,56-73,"35,38","28,28",10-10,12-8,N/A,N/A,01/31/17,5:30 AM,N/A,"Lookout Mountain, Ga. - Barnes PE Center",Win,2,False,287,False,01:37,"MISS 3PTR by WILLIAMS,JORDEN",22,,33 ,,,,"MISS 3PTR by WILLIAMS,JORDEN",1,three pointer,missed,sewanee,"williams,jorden",,"['stone,brody', 'williams,jorden', 'barry,michael', 'lee,matthew', 'thomas,adrian']","['spragg,bailey', 'portlock,will', 'dryden,berto', 'bryan,william', 'palmer,nick']",97
214,1167,Covenant,Sewanee,0,56-73,"35,38","28,28",10-10,12-8,N/A,N/A,01/31/17,5:30 AM,N/A,"Lookout Mountain, Ga. - Barnes PE Center",Win,2,False,287,False,--,"REBOUND OFF by STONE,BRODY",22,,33 ,,,,"REBOUND OFF by STONE,BRODY",1,offensive rebound,,sewanee,"stone,brody",,"['stone,brody', 'williams,jorden', 'barry,michael', 'lee,matthew', 'thomas,adrian']","['spragg,bailey', 'portlock,will', 'dryden,berto', 'bryan,william', 'palmer,nick']",
215,1167,Covenant,Sewanee,0,56-73,"35,38","28,28",10-10,12-8,N/A,N/A,01/31/17,5:30 AM,N/A,"Lookout Mountain, Ga. - Barnes PE Center",Win,2,False,287,False,01:34,"GOOD LAYUP by STONE,BRODY(in the paint)",24,,33 ,,SEWANEE 24-33 (-9),,"GOOD LAYUP by STONE,BRODY(in the paint)",1,layup,good,sewanee,"stone,brody",2,"['stone,brody', 'williams,jorden', 'barry,michael', 'lee,matthew', 'thomas,adrian']","['spragg,bailey', 'portlock,will', 'dryden,berto', 'bryan,william', 'palmer,nick']",94
216,1167,Covenant,Sewanee,0,56-73,"35,38","28,28",10-10,12-8,N/A,N/A,01/31/17,5:30 AM,N/A,"Lookout Mountain, Ga. - Barnes PE Center",Win,2,False,287,False,01:34,,24,,33 ,"FOUL  by PORTLOCK,WILL",,,"FOUL  by PORTLOCK,WILL",1,foul,,covenant,"portlock,will",,"['stone,brody', 'williams,jorden', 'barry,michael', 'lee,matthew', 'thomas,adrian']","['spragg,bailey', 'portlock,will', 'dryden,berto', 'bryan,william', 'palmer,nick']",94
217,1167,Covenant,Sewanee,0,56-73,"35,38","28,28",10-10,12-8,N/A,N/A,01/31/17,5:30 AM,N/A,"Lookout Mountain, Ga. - Barnes PE Center",Win,2,False,287,False,01:34,"MISS FT by STONE,BRODY",24,,33 ,,,,"MISS FT by STONE,BRODY",1,free throw,missed,sewanee,"stone,brody",,"['stone,brody', 'williams,jorden', 'barry,michael', 'lee,matthew', 'thomas,adrian']","['spragg,bailey', 'portlock,will', 'dryden,berto', 'bryan,william', 'palmer,nick']",94
218,1167,Covenant,Sewanee,0,56-73,"35,38","28,28",10-10,12-8,N/A,N/A,01/31/17,5:30 AM,N/A,"Lookout Mountain, Ga. - Barnes PE Center",Win,2,False,287,False,--,,24,,33 ,"REBOUND DEF by TWAGIRAYEZU,PATJO",,,"REBOUND DEF by TWAGIRAYEZU,PATJO",1,defensive rebound,,covenant,"twagirayezu,patjo",,"['stone,brody', 'williams,jorden', 'barry,michael', 'lee,matthew', 'thomas,adrian']","['spragg,bailey', 'portlock,will', 'dryden,berto', 'bryan,william', 'palmer,nick']",
219,1167,Covenant,Sewanee,0,56-73,"35,38","28,28",10-10,12-8,N/A,N/A,01/31/17,5:30 AM,N/A,"Lookout Mountain, Ga. - Barnes PE Center",Win,2,False,287,False,01:34,"SUB IN by CALDWELL,CAM",24,,33 ,,,,"SUB IN by CALDWELL,CAM",1,subbing in,,sewanee,"caldwell,cam",,"['stone,brody', 'williams,jorden', 'barry,michael', 'lee,matthew', 'thomas,adrian', 'caldwell,cam']","['spragg,bailey', 'portlock,will', 'dryden,berto', 'bryan,william', 'palmer,nick']",94
220,1167,Covenant,Sewanee,0,56-73,"35,38","28,28",10-10,12-8,N/A,N/A,01/31/17,5:30 AM,N/A,"Lookout Mountain, Ga. - Barnes PE Center",Win,2,False,287,False,01:34,"SUB IN by BORN,CLAY",24,,33 ,,,,"SUB IN by BORN,CLAY",1,subbing in,,sewanee,"born,clay",,"['stone,brody', 'williams,jorden', 'barry,michael', 'lee,matthew', 'thomas,adrian', 'caldwell,cam', 'born,clay']","['spragg,bailey', 'portlock,will', 'dryden,berto', 'bryan,william', 'palmer,nick']",94
221,1167,Covenant,Sewanee,0,56-73,"35,38","28,28",10-10,12-8,N/A,N/A,01/31/17,5:30 AM,N/A,"Lookout Mountain, Ga. - Barnes PE Center",Win,2,False,287,False,01:34,"SUB OUT by BARRY,MICHAEL",24,,33 ,,,,"SUB OUT by BARRY,MICHAEL",1,subbing out,,sewanee,"barry,michael",,"['stone,brody', 'williams,jorden', 'lee,matthew', 'thomas,adrian', 'caldwell,cam', 'born,clay']","['spragg,bailey', 'portlock,will', 'dryden,berto', 'bryan,william', 'palmer,nick']",94
222,1167,Covenant,Sewanee,0,56-73,"35,38","28,28",10-10,12-8,N/A,N/A,01/31/17,5:30 AM,N/A,"Lookout Mountain, Ga. - Barnes PE Center",Win,2,False,287,False,01:34,"SUB OUT by LEE,MATTHEW",24,,33 ,,,,"SUB OUT by LEE,MATTHEW",1,subbing out,,sewanee,"lee,matthew",,"['stone,brody', 'williams,jorden', 'thomas,adrian', 'caldwell,cam', 'born,clay']","['spragg,bailey', 'portlock,will', 'dryden,berto', 'bryan,william', 'palmer,nick']",94
223,1167,Covenant,Sewanee,0,56-73,"35,38","28,28",10-10,12-8,N/A,N/A,01/31/17,5:30 AM,N/A,"Lookout Mountain, Ga. - Barnes PE Center",Win,2,False,287,False,01:34,,24,,33 ,"SUB IN by TWAGIRAYEZU,PATJO",,,"SUB IN by TWAGIRAYEZU,PATJO",1,subbing in,,covenant,"twagirayezu,patjo",,"['stone,brody', 'williams,jorden', 'thomas,adrian', 'caldwell,cam', 'born,clay']","['spragg,bailey', 'portlock,will', 'dryden,berto', 'bryan,william', 'palmer,nick', 'twagirayezu,patjo']",94
224,1167,Covenant,Sewanee,0,56-73,"35,38","28,28",10-10,12-8,N/A,N/A,01/31/17,5:30 AM,N/A,"Lookout Mountain, Ga. - Barnes PE Center",Win,2,False,287,False,01:34,,24,,33 ,"SUB OUT by PORTLOCK,WILL",,,"SUB OUT by PORTLOCK,WILL",1,subbing out,,covenant,"portlock,will",,"['stone,brody', 'williams,jorden', 'thomas,adrian', 'caldwell,cam', 'born,clay']","['spragg,bailey', 'dryden,berto', 'bryan,william', 'palmer,nick', 'twagirayezu,patjo']",94
225,1167,Covenant,Sewanee,0,56-73,"35,38","28,28",10-10,12-8,N/A,N/A,01/31/17,5:30 AM,N/A,"Lookout Mountain, Ga. - Barnes PE Center",Win,2,False,287,False,01:09,,24,,33 ,"MISS 3PTR by SPRAGG,BAILEY",,,"MISS 3PTR by SPRAGG,BAILEY",1,three pointer,missed,covenant,"spragg,bailey",,"['stone,brody', 'williams,jorden', 'thomas,adrian', 'caldwell,cam', 'born,clay']","['spragg,bailey', 'dryden,berto', 'bryan,william', 'palmer,nick', 'twagirayezu,patjo']",69
226,1167,Covenant,Sewanee,0,56-73,"35,38","28,28",10-10,12-8,N/A,N/A,01/31/17,5:30 AM,N/A,"Lookout Mountain, Ga. - Barnes PE Center",Win,2,False,287,False,--,"REBOUND DEF by CALDWELL,CAM",24,,33 ,,,,"REBOUND DEF by CALDWELL,CAM",1,defensive rebound,,sewanee,"caldwell,cam",,"['stone,brody', 'williams,jorden', 'thomas,adrian', 'caldwell,cam', 'born,clay']","['spragg,bailey', 'dryden,berto', 'bryan,william', 'palmer,nick', 'twagirayezu,patjo']",
227,1167,Covenant,Sewanee,0,56-73,"35,38","28,28",10-10,12-8,N/A,N/A,01/31/17,5:30 AM,N/A,"Lookout Mountain, Ga. - Barnes PE Center",Win,2,False,287,False,00:47,"GOOD JUMPER by WILLIAMS,JORDEN",26,,33 ,,SEWANEE 26-33 (-7),,"GOOD JUMPER by WILLIAMS,JORDEN",1,jumper,good,sewanee,"williams,jorden",2,"['stone,brody', 'williams,jorden', 'thomas,adrian', 'caldwell,cam', 'born,clay']","['spragg,bailey', 'dryden,berto', 'bryan,william', 'palmer,nick', 'twagirayezu,patjo']",47
228,1167,Covenant,Sewanee,0,56-73,"35,38","28,28",10-10,12-8,N/A,N/A,01/31/17,5:30 AM,N/A,"Lookout Mountain, Ga. - Barnes PE Center",Win,2,False,287,False,00:23,,26,,35 ,"GOOD LAYUP by DRYDEN,BERTO(in the paint)",CCM 26-35 (-9),,"GOOD LAYUP by DRYDEN,BERTO(in the paint)",1,layup,good,covenant,"dryden,berto",2,"['stone,brody', 'williams,jorden', 'thomas,adrian', 'caldwell,cam', 'born,clay']","['spragg,bailey', 'dryden,berto', 'bryan,william', 'palmer,nick', 'twagirayezu,patjo']",23
229,1167,Covenant,Sewanee,0,56-73,"35,38","28,28",10-10,12-8,N/A,N/A,01/31/17,5:30 AM,N/A,"Lookout Mountain, Ga. - Barnes PE Center",Win,2,False,287,False,00:13,TIMEOUT 30SEC by TEAM,26,,35 ,,,,TIMEOUT 30SEC by TEAM,1,timeout,,sewanee,,,"['stone,brody', 'williams,jorden', 'thomas,adrian', 'caldwell,cam', 'born,clay']","['spragg,bailey', 'dryden,berto', 'bryan,william', 'palmer,nick', 'twagirayezu,patjo']",13
230,1167,Covenant,Sewanee,0,56-73,"35,38","28,28",10-10,12-8,N/A,N/A,01/31/17,5:30 AM,N/A,"Lookout Mountain, Ga. - Barnes PE Center",Win,2,False,287,False,00:05,"GOOD LAYUP by THOMAS,ADRIAN(in the paint)",28,,35 ,,SEWANEE 28-35 (-7),,"GOOD LAYUP by THOMAS,ADRIAN(in the paint)",1,layup,good,sewanee,"thomas,adrian",2,"['stone,brody', 'williams,jorden', 'thomas,adrian', 'caldwell,cam', 'born,clay']","['spragg,bailey', 'dryden,berto', 'bryan,william', 'palmer,nick', 'twagirayezu,patjo']",5
231,1167,Covenant,Sewanee,0,56-73,"35,38","28,28",10-10,12-8,N/A,N/A,01/31/17,5:30 AM,N/A,"Lookout Mountain, Ga. - Barnes PE Center",Win,2,False,287,False,--,"ASSIST  by STONE,BRODY",28,,35 ,,,,"ASSIST  by STONE,BRODY",1,assist,,sewanee,"stone,brody",,"['stone,brody', 'williams,jorden', 'thomas,adrian', 'caldwell,cam', 'born,clay']","['spragg,bailey', 'dryden,berto', 'bryan,william', 'palmer,nick', 'twagirayezu,patjo']",
232,1167,Covenant,Sewanee,0,56-73,"35,38","28,28",10-10,12-8,N/A,N/A,01/31/17,5:30 AM,N/A,"Lookout Mountain, Ga. - Barnes PE Center",Win,2,False,287,False,19:49,"TURNOVER  by STONE,BRODY",28,,35 ,,,,"TURNOVER  by STONE,BRODY",2,turnover,,sewanee,"stone,brody",,"['stone,brody', 'williams,jorden', 'thomas,adrian', 'caldwell,cam', 'born,clay']","['spragg,bailey', 'dryden,berto', 'bryan,william', 'palmer,nick', 'twagirayezu,patjo']",1189
233,1167,Covenant,Sewanee,0,56-73,"35,38","28,28",10-10,12-8,N/A,N/A,01/31/17,5:30 AM,N/A,"Lookout Mountain, Ga. - Barnes PE Center",Win,2,False,287,False,19:47,,28,,35 ,"STEAL  by ARIMA,Z",,,"STEAL  by ARIMA,Z",2,steal,,covenant,,,"['stone,brody', 'williams,jorden', 'thomas,adrian', 'caldwell,cam', 'born,clay']","['spragg,bailey', 'dryden,berto', 'bryan,william', 'palmer,nick', 'twagirayezu,patjo']",1187
234,1167,Covenant,Sewanee,0,56-73,"35,38","28,28",10-10,12-8,N/A,N/A,01/31/17,5:30 AM,N/A,"Lookout Mountain, Ga. - Barnes PE Center",Win,2,False,287,False,19:40,,28,,37 ,"GOOD LAYUP by HAYNES,CALEB(in the paint)",CCM 28-37 (-9),,"GOOD LAYUP by HAYNES,CALEB(in the paint)",2,layup,good,covenant,"haynes,caleb",2,"['stone,brody', 'williams,jorden', 'thomas,adrian', 'caldwell,cam', 'born,clay']","['spragg,bailey', 'dryden,berto', 'bryan,william', 'palmer,nick', 'twagirayezu,patjo']",1180
235,1167,Covenant,Sewanee,0,56-73,"35,38","28,28",10-10,12-8,N/A,N/A,01/31/17,5:30 AM,N/A,"Lookout Mountain, Ga. - Barnes PE Center",Win,2,False,287,False,--,,28,,37 ,"ASSIST  by DRYDEN,BERTO",,,"ASSIST  by DRYDEN,BERTO",2,assist,,covenant,"dryden,berto",,"['stone,brody', 'williams,jorden', 'thomas,adrian', 'caldwell,cam', 'born,clay']","['spragg,bailey', 'dryden,berto', 'bryan,william', 'palmer,nick', 'twagirayezu,patjo']",
236,1167,Covenant,Sewanee,0,56-73,"35,38","28,28",10-10,12-8,N/A,N/A,01/31/17,5:30 AM,N/A,"Lookout Mountain, Ga. - Barnes PE Center",Win,2,False,287,False,19:40,"FOUL  by THOMAS,ADRIAN",28,,37 ,,,,"FOUL  by THOMAS,ADRIAN",2,foul,,sewanee,"thomas,adrian",,"['stone,brody', 'williams,jorden', 'thomas,adrian', 'caldwell,cam', 'born,clay']","['spragg,bailey', 'dryden,berto', 'bryan,william', 'palmer,nick', 'twagirayezu,patjo']",1180
237,1167,Covenant,Sewanee,0,56-73,"35,38","28,28",10-10,12-8,N/A,N/A,01/31/17,5:30 AM,N/A,"Lookout Mountain, Ga. - Barnes PE Center",Win,2,False,287,False,19:40,,28,,37 ,"MISS FT by HAYNES,CALEB",,,"MISS FT by HAYNES,CALEB",2,free throw,missed,covenant,"haynes,caleb",,"['stone,brody', 'williams,jorden', 'thomas,adrian', 'caldwell,cam', 'born,clay']","['spragg,bailey', 'dryden,berto', 'bryan,william', 'palmer,nick', 'twagirayezu,patjo']",1180
238,1167,Covenant,Sewanee,0,56-73,"35,38","28,28",10-10,12-8,N/A,N/A,01/31/17,5:30 AM,N/A,"Lookout Mountain, Ga. - Barnes PE Center",Win,2,False,287,False,--,"REBOUND DEF by BORN,CLAY",28,,37 ,,,,"REBOUND DEF by BORN,CLAY",2,defensive rebound,,sewanee,"born,clay",,"['stone,brody', 'williams,jorden', 'thomas,adrian', 'caldwell,cam', 'born,clay']","['spragg,bailey', 'dryden,berto', 'bryan,william', 'palmer,nick', 'twagirayezu,patjo']",
239,1167,Covenant,Sewanee,0,56-73,"35,38","28,28",10-10,12-8,N/A,N/A,01/31/17,5:30 AM,N/A,"Lookout Mountain, Ga. - Barnes PE Center",Win,2,False,287,False,19:24,"MISS LAYUP by BORN,LEO",28,,37 ,,,,"MISS LAYUP by BORN,LEO",2,layup,missed,sewanee,"born,leo",,"['stone,brody', 'williams,jorden', 'thomas,adrian', 'caldwell,cam', 'born,clay']","['spragg,bailey', 'dryden,berto', 'bryan,william', 'palmer,nick', 'twagirayezu,patjo']",1164
240,1167,Covenant,Sewanee,0,56-73,"35,38","28,28",10-10,12-8,N/A,N/A,01/31/17,5:30 AM,N/A,"Lookout Mountain, Ga. - Barnes PE Center",Win,2,False,287,False,19:24,,28,,37 ,"BLOCK  by HAYNES,CALEB",,,"BLOCK  by HAYNES,CALEB",2,block,,covenant,"haynes,caleb",,"['stone,brody', 'williams,jorden', 'thomas,adrian', 'caldwell,cam', 'born,clay']","['spragg,bailey', 'dryden,berto', 'bryan,william', 'palmer,nick', 'twagirayezu,patjo']",1164
241,1167,Covenant,Sewanee,0,56-73,"35,38","28,28",10-10,12-8,N/A,N/A,01/31/17,5:30 AM,N/A,"Lookout Mountain, Ga. - Barnes PE Center",Win,2,False,287,False,--,,28,,37 ,"REBOUND DEF by SPRAGG,BAILEY",,,"REBOUND DEF by SPRAGG,BAILEY",2,defensive rebound,,covenant,"spragg,bailey",,"['stone,brody', 'williams,jorden', 'thomas,adrian', 'caldwell,cam', 'born,clay']","['spragg,bailey', 'dryden,berto', 'bryan,william', 'palmer,nick', 'twagirayezu,patjo']",
242,1167,Covenant,Sewanee,0,56-73,"35,38","28,28",10-10,12-8,N/A,N/A,01/31/17,5:30 AM,N/A,"Lookout Mountain, Ga. - Barnes PE Center",Win,2,False,287,False,19:12,,28,,37 ,"TURNOVER  by DRYDEN,BERTO",,,"TURNOVER  by DRYDEN,BERTO",2,turnover,,covenant,"dryden,berto",,"['stone,brody', 'williams,jorden', 'thomas,adrian', 'caldwell,cam', 'born,clay']","['spragg,bailey', 'dryden,berto', 'bryan,william', 'palmer,nick', 'twagirayezu,patjo']",1152
243,1167,Covenant,Sewanee,0,56-73,"35,38","28,28",10-10,12-8,N/A,N/A,01/31/17,5:30 AM,N/A,"Lookout Mountain, Ga. - Barnes PE Center",Win,2,False,287,False,19:11,"STEAL  by BORN,LEO",28,,37 ,,,,"STEAL  by BORN,LEO",2,steal,,sewanee,,,"['stone,brody', 'williams,jorden', 'thomas,adrian', 'caldwell,cam', 'born,clay']","['spragg,bailey', 'dryden,berto', 'bryan,william', 'palmer,nick', 'twagirayezu,patjo']",1151
244,1167,Covenant,Sewanee,0,56-73,"35,38","28,28",10-10,12-8,N/A,N/A,01/31/17,5:30 AM,N/A,"Lookout Mountain, Ga. - Barnes PE Center",Win,2,False,287,False,19:03,"MISS JUMPER by WILLIAMS,JORDEN",28,,37 ,,,,"MISS JUMPER by WILLIAMS,JORDEN",2,jumper,missed,sewanee,"williams,jorden",,"['stone,brody', 'williams,jorden', 'thomas,adrian', 'caldwell,cam', 'born,clay']","['spragg,bailey', 'dryden,berto', 'bryan,william', 'palmer,nick', 'twagirayezu,patjo']",1143
245,1167,Covenant,Sewanee,0,56-73,"35,38","28,28",10-10,12-8,N/A,N/A,01/31/17,5:30 AM,N/A,"Lookout Mountain, Ga. - Barnes PE Center",Win,2,False,287,False,--,"REBOUND OFF by THOMAS,ADRIAN",28,,37 ,,,,"REBOUND OFF by THOMAS,ADRIAN",2,offensive rebound,,sewanee,"thomas,adrian",,"['stone,brody', 'williams,jorden', 'thomas,adrian', 'caldwell,cam', 'born,clay']","['spragg,bailey', 'dryden,berto', 'bryan,william', 'palmer,nick', 'twagirayezu,patjo']",
246,1167,Covenant,Sewanee,0,56-73,"35,38","28,28",10-10,12-8,N/A,N/A,01/31/17,5:30 AM,N/A,"Lookout Mountain, Ga. - Barnes PE Center",Win,2,False,287,False,18:59,"MISS LAYUP by THOMAS,ADRIAN",28,,37 ,,,,"MISS LAYUP by THOMAS,ADRIAN",2,layup,missed,sewanee,"thomas,adrian",,"['stone,brody', 'williams,jorden', 'thomas,adrian', 'caldwell,cam', 'born,clay']","['spragg,bailey', 'dryden,berto', 'bryan,william', 'palmer,nick', 'twagirayezu,patjo']",1139
247,1167,Covenant,Sewanee,0,56-73,"35,38","28,28",10-10,12-8,N/A,N/A,01/31/17,5:30 AM,N/A,"Lookout Mountain, Ga. - Barnes PE Center",Win,2,False,287,False,--,,28,,37 ,"REBOUND DEF by HAYNES,CALEB",,,"REBOUND DEF by HAYNES,CALEB",2,defensive rebound,,covenant,"haynes,caleb",,"['stone,brody', 'williams,jorden', 'thomas,adrian', 'caldwell,cam', 'born,clay']","['spragg,bailey', 'dryden,berto', 'bryan,william', 'palmer,nick', 'twagirayezu,patjo']",
248,1167,Covenant,Sewanee,0,56-73,"35,38","28,28",10-10,12-8,N/A,N/A,01/31/17,5:30 AM,N/A,"Lookout Mountain, Ga. - Barnes PE Center",Win,2,False,287,False,18:35,,28,,39 ,"GOOD LAYUP by ARIMA,Z(in the paint)",CCM 28-39 (-11),,"GOOD LAYUP by ARIMA,Z(in the paint)",2,layup,good,covenant,"arima,z",2,"['stone,brody', 'williams,jorden', 'thomas,adrian', 'caldwell,cam', 'born,clay']","['spragg,bailey', 'dryden,berto', 'bryan,william', 'palmer,nick', 'twagirayezu,patjo']",1115
249,1167,Covenant,Sewanee,0,56-73,"35,38","28,28",10-10,12-8,N/A,N/A,01/31/17,5:30 AM,N/A,"Lookout Mountain, Ga. - Barnes PE Center",Win,2,False,287,False,--,,28,,39 ,"ASSIST  by HAYNES,CALEB",,,"ASSIST  by HAYNES,CALEB",2,assist,,covenant,"haynes,caleb",,"['stone,brody', 'williams,jorden', 'thomas,adrian', 'caldwell,cam', 'born,clay']","['spragg,bailey', 'dryden,berto', 'bryan,william', 'palmer,nick', 'twagirayezu,patjo']",
250,1167,Covenant,Sewanee,0,56-73,"35,38","28,28",10-10,12-8,N/A,N/A,01/31/17,5:30 AM,N/A,"Lookout Mountain, Ga. - Barnes PE Center",Win,2,False,287,False,18:04,"GOOD 3PTR by STONE,BRODY",31,,39 ,,SEWANEE 31-39 (-8),,"GOOD 3PTR by STONE,BRODY",2,three pointer,good,sewanee,"stone,brody",3,"['stone,brody', 'williams,jorden', 'thomas,adrian', 'caldwell,cam', 'born,clay']","['spragg,bailey', 'dryden,berto', 'bryan,william', 'palmer,nick', 'twagirayezu,patjo']",1084
251,1167,Covenant,Sewanee,0,56-73,"35,38","28,28",10-10,12-8,N/A,N/A,01/31/17,5:30 AM,N/A,"Lookout Mountain, Ga. - Barnes PE Center",Win,2,False,287,False,--,"ASSIST  by BORN,CLAY",31,,39 ,,,,"ASSIST  by BORN,CLAY",2,assist,,sewanee,"born,clay",,"['stone,brody', 'williams,jorden', 'thomas,adrian', 'caldwell,cam', 'born,clay']","['spragg,bailey', 'dryden,berto', 'bryan,william', 'palmer,nick', 'twagirayezu,patjo']",
252,1167,Covenant,Sewanee,0,56-73,"35,38","28,28",10-10,12-8,N/A,N/A,01/31/17,5:30 AM,N/A,"Lookout Mountain, Ga. - Barnes PE Center",Win,2,False,287,False,17:56,,31,,39 ,"FOUL  by SPRAGG,BAILEY",,,"FOUL  by SPRAGG,BAILEY",2,foul,,covenant,"spragg,bailey",,"['stone,brody', 'williams,jorden', 'thomas,adrian', 'caldwell,cam', 'born,clay']","['spragg,bailey', 'dryden,berto', 'bryan,william', 'palmer,nick', 'twagirayezu,patjo']",1076
253,1167,Covenant,Sewanee,0,56-73,"35,38","28,28",10-10,12-8,N/A,N/A,01/31/17,5:30 AM,N/A,"Lookout Mountain, Ga. - Barnes PE Center",Win,2,False,287,False,17:56,,31,,39 ,"TURNOVER  by SPRAGG,BAILEY",,,"TURNOVER  by SPRAGG,BAILEY",2,turnover,,covenant,"spragg,bailey",,"['stone,brody', 'williams,jorden', 'thomas,adrian', 'caldwell,cam', 'born,clay']","['spragg,bailey', 'dryden,berto', 'bryan,william', 'palmer,nick', 'twagirayezu,patjo']",1076
254,1167,Covenant,Sewanee,0,56-73,"35,38","28,28",10-10,12-8,N/A,N/A,01/31/17,5:30 AM,N/A,"Lookout Mountain, Ga. - Barnes PE Center",Win,2,False,287,False,17:47,"MISS 3PTR by WILLIAMS,JORDEN",31,,39 ,,,,"MISS 3PTR by WILLIAMS,JORDEN",2,three pointer,missed,sewanee,"williams,jorden",,"['stone,brody', 'williams,jorden', 'thomas,adrian', 'caldwell,cam', 'born,clay']","['spragg,bailey', 'dryden,berto', 'bryan,william', 'palmer,nick', 'twagirayezu,patjo']",1067
255,1167,Covenant,Sewanee,0,56-73,"35,38","28,28",10-10,12-8,N/A,N/A,01/31/17,5:30 AM,N/A,"Lookout Mountain, Ga. - Barnes PE Center",Win,2,False,287,False,--,,31,,39 ,"REBOUND DEF by HAYNES,CALEB",,,"REBOUND DEF by HAYNES,CALEB",2,defensive rebound,,covenant,"haynes,caleb",,"['stone,brody', 'williams,jorden', 'thomas,adrian', 'caldwell,cam', 'born,clay']","['spragg,bailey', 'dryden,berto', 'bryan,william', 'palmer,nick', 'twagirayezu,patjo']",
256,1167,Covenant,Sewanee,0,56-73,"35,38","28,28",10-10,12-8,N/A,N/A,01/31/17,5:30 AM,N/A,"Lookout Mountain, Ga. - Barnes PE Center",Win,2,False,287,False,17:25,,31,,41 ,"GOOD LAYUP by ARIMA,Z(in the paint)",CCM 31-41 (-10),,"GOOD LAYUP by ARIMA,Z(in the paint)",2,layup,good,covenant,"arima,z",2,"['stone,brody', 'williams,jorden', 'thomas,adrian', 'caldwell,cam', 'born,clay']","['spragg,bailey', 'dryden,berto', 'bryan,william', 'palmer,nick', 'twagirayezu,patjo']",1045
257,1167,Covenant,Sewanee,0,56-73,"35,38","28,28",10-10,12-8,N/A,N/A,01/31/17,5:30 AM,N/A,"Lookout Mountain, Ga. - Barnes PE Center",Win,2,False,287,False,16:54,"MISS 3PTR by WILLIAMS,JORDEN",31,,41 ,,,,"MISS 3PTR by WILLIAMS,JORDEN",2,three pointer,missed,sewanee,"williams,jorden",,"['stone,brody', 'williams,jorden', 'thomas,adrian', 'caldwell,cam', 'born,clay']","['spragg,bailey', 'dryden,berto', 'bryan,william', 'palmer,nick', 'twagirayezu,patjo']",1014
258,1167,Covenant,Sewanee,0,56-73,"35,38","28,28",10-10,12-8,N/A,N/A,01/31/17,5:30 AM,N/A,"Lookout Mountain, Ga. - Barnes PE Center",Win,2,False,287,False,--,,31,,41 ,"REBOUND DEF by HAYNES,CALEB",,,"REBOUND DEF by HAYNES,CALEB",2,defensive rebound,,covenant,"haynes,caleb",,"['stone,brody', 'williams,jorden', 'thomas,adrian', 'caldwell,cam', 'born,clay']","['spragg,bailey', 'dryden,berto', 'bryan,william', 'palmer,nick', 'twagirayezu,patjo']",
259,1167,Covenant,Sewanee,0,56-73,"35,38","28,28",10-10,12-8,N/A,N/A,01/31/17,5:30 AM,N/A,"Lookout Mountain, Ga. - Barnes PE Center",Win,2,False,287,False,16:48,,31,,41 ,"TURNOVER  by HAYNES,CALEB",,,"TURNOVER  by HAYNES,CALEB",2,turnover,,covenant,"haynes,caleb",,"['stone,brody', 'williams,jorden', 'thomas,adrian', 'caldwell,cam', 'born,clay']","['spragg,bailey', 'dryden,berto', 'bryan,william', 'palmer,nick', 'twagirayezu,patjo']",1008
260,1167,Covenant,Sewanee,0,56-73,"35,38","28,28",10-10,12-8,N/A,N/A,01/31/17,5:30 AM,N/A,"Lookout Mountain, Ga. - Barnes PE Center",Win,2,False,287,False,16:48,,31,,41 ,"SUB IN by PORTLOCK,WILL",,,"SUB IN by PORTLOCK,WILL",2,subbing in,,covenant,"portlock,will",,"['stone,brody', 'williams,jorden', 'thomas,adrian', 'caldwell,cam', 'born,clay']","['spragg,bailey', 'dryden,berto', 'bryan,william', 'palmer,nick', 'twagirayezu,patjo', 'portlock,will']",1008
261,1167,Covenant,Sewanee,0,56-73,"35,38","28,28",10-10,12-8,N/A,N/A,01/31/17,5:30 AM,N/A,"Lookout Mountain, Ga. - Barnes PE Center",Win,2,False,287,False,16:48,,31,,41 ,"SUB OUT by TWAGIRAYEZU,PATJO",,,"SUB OUT by TWAGIRAYEZU,PATJO",2,subbing out,,covenant,"twagirayezu,patjo",,"['stone,brody', 'williams,jorden', 'thomas,adrian', 'caldwell,cam', 'born,clay']","['spragg,bailey', 'dryden,berto', 'bryan,william', 'palmer,nick', 'portlock,will']",1008
262,1167,Covenant,Sewanee,0,56-73,"35,38","28,28",10-10,12-8,N/A,N/A,01/31/17,5:30 AM,N/A,"Lookout Mountain, Ga. - Barnes PE Center",Win,2,False,287,False,16:32,"TURNOVER  by STONE,BRODY",31,,41 ,,,,"TURNOVER  by STONE,BRODY",2,turnover,,sewanee,"stone,brody",,"['stone,brody', 'williams,jorden', 'thomas,adrian', 'caldwell,cam', 'born,clay']","['spragg,bailey', 'dryden,berto', 'bryan,william', 'palmer,nick', 'portlock,will']",992
263,1167,Covenant,Sewanee,0,56-73,"35,38","28,28",10-10,12-8,N/A,N/A,01/31/17,5:30 AM,N/A,"Lookout Mountain, Ga. - Barnes PE Center",Win,2,False,287,False,16:31,,31,,41 ,"STEAL  by DRYDEN,BERTO",,,"STEAL  by DRYDEN,BERTO",2,steal,,covenant,,,"['stone,brody', 'williams,jorden', 'thomas,adrian', 'caldwell,cam', 'born,clay']","['spragg,bailey', 'dryden,berto', 'bryan,william', 'palmer,nick', 'portlock,will']",991
264,1167,Covenant,Sewanee,0,56-73,"35,38","28,28",10-10,12-8,N/A,N/A,01/31/17,5:30 AM,N/A,"Lookout Mountain, Ga. - Barnes PE Center",Win,2,False,287,False,16:24,,31,,43 ,"GOOD LAYUP by HAYNES,CALEB(in the paint)",CCM 31-43 (-12),,"GOOD LAYUP by HAYNES,CALEB(in the paint)",2,layup,good,covenant,"haynes,caleb",2,"['stone,brody', 'williams,jorden', 'thomas,adrian', 'caldwell,cam', 'born,clay']","['spragg,bailey', 'dryden,berto', 'bryan,william', 'palmer,nick', 'portlock,will']",984
265,1167,Covenant,Sewanee,0,56-73,"35,38","28,28",10-10,12-8,N/A,N/A,01/31/17,5:30 AM,N/A,"Lookout Mountain, Ga. - Barnes PE Center",Win,2,False,287,False,--,,31,,43 ,"ASSIST  by SPRAGG,BAILEY",,,"ASSIST  by SPRAGG,BAILEY",2,assist,,covenant,"spragg,bailey",,"['stone,brody', 'williams,jorden', 'thomas,adrian', 'caldwell,cam', 'born,clay']","['spragg,bailey', 'dryden,berto', 'bryan,william', 'palmer,nick', 'portlock,will']",
266,1167,Covenant,Sewanee,0,56-73,"35,38","28,28",10-10,12-8,N/A,N/A,01/31/17,5:30 AM,N/A,"Lookout Mountain, Ga. - Barnes PE Center",Win,2,False,287,False,16:15,TIMEOUT 30SEC by TEAM,31,,43 ,,,,TIMEOUT 30SEC by TEAM,2,timeout,,sewanee,,,"['stone,brody', 'williams,jorden', 'thomas,adrian', 'caldwell,cam', 'born,clay']","['spragg,bailey', 'dryden,berto', 'bryan,william', 'palmer,nick', 'portlock,will']",975
267,1167,Covenant,Sewanee,0,56-73,"35,38","28,28",10-10,12-8,N/A,N/A,01/31/17,5:30 AM,N/A,"Lookout Mountain, Ga. - Barnes PE Center",Win,2,False,287,False,16:15,TIMEOUT 20SEC by TEAM,31,,43 ,,,,TIMEOUT 20SEC by TEAM,2,timeout,,sewanee,,,"['stone,brody', 'williams,jorden', 'thomas,adrian', 'caldwell,cam', 'born,clay']","['spragg,bailey', 'dryden,berto', 'bryan,william', 'palmer,nick', 'portlock,will']",975
268,1167,Covenant,Sewanee,0,56-73,"35,38","28,28",10-10,12-8,N/A,N/A,01/31/17,5:30 AM,N/A,"Lookout Mountain, Ga. - Barnes PE Center",Win,2,False,287,False,16:15,"SUB IN by CALDWELL,CAM",31,,43 ,,,,"SUB IN by CALDWELL,CAM",2,subbing in,,sewanee,"caldwell,cam",,"['stone,brody', 'williams,jorden', 'thomas,adrian', 'caldwell,cam', 'born,clay']","['spragg,bailey', 'dryden,berto', 'bryan,william', 'palmer,nick', 'portlock,will']",975
269,1167,Covenant,Sewanee,0,56-73,"35,38","28,28",10-10,12-8,N/A,N/A,01/31/17,5:30 AM,N/A,"Lookout Mountain, Ga. - Barnes PE Center",Win,2,False,287,False,16:15,"SUB OUT by THOMAS,ADRIAN",31,,43 ,,,,"SUB OUT by THOMAS,ADRIAN",2,subbing out,,sewanee,"thomas,adrian",,"['stone,brody', 'williams,jorden', 'thomas,adrian', 'caldwell,cam', 'born,clay']","['spragg,bailey', 'dryden,berto', 'bryan,william', 'palmer,nick', 'portlock,will']",975
270,1167,Covenant,Sewanee,0,56-73,"35,38","28,28",10-10,12-8,N/A,N/A,01/31/17,5:30 AM,N/A,"Lookout Mountain, Ga. - Barnes PE Center",Win,2,False,287,False,15:57,"MISS LAYUP by STONE,BRODY",31,,43 ,,,,"MISS LAYUP by STONE,BRODY",2,layup,missed,sewanee,"stone,brody",,"['stone,brody', 'williams,jorden', 'thomas,adrian', 'caldwell,cam', 'born,clay']","['spragg,bailey', 'dryden,berto', 'bryan,william', 'palmer,nick', 'portlock,will']",957
271,1167,Covenant,Sewanee,0,56-73,"35,38","28,28",10-10,12-8,N/A,N/A,01/31/17,5:30 AM,N/A,"Lookout Mountain, Ga. - Barnes PE Center",Win,2,False,287,False,--,"REBOUND OFF by STONE,BRODY",31,,43 ,,,,"REBOUND OFF by STONE,BRODY",2,offensive rebound,,sewanee,"stone,brody",,"['stone,brody', 'williams,jorden', 'thomas,adrian', 'caldwell,cam', 'born,clay']","['spragg,bailey', 'dryden,berto', 'bryan,william', 'palmer,nick', 'portlock,will']",
272,1167,Covenant,Sewanee,0,56-73,"35,38","28,28",10-10,12-8,N/A,N/A,01/31/17,5:30 AM,N/A,"Lookout Mountain, Ga. - Barnes PE Center",Win,2,False,287,False,15:51,"GOOD LAYUP by BORN,LEO(in the paint)",33,,43 ,,SEWANEE 33-43 (-10),,"GOOD LAYUP by BORN,LEO(in the paint)",2,layup,good,sewanee,"born,leo",2,"['stone,brody', 'williams,jorden', 'thomas,adrian', 'caldwell,cam', 'born,clay']","['spragg,bailey', 'dryden,berto', 'bryan,william', 'palmer,nick', 'portlock,will']",951
273,1167,Covenant,Sewanee,0,56-73,"35,38","28,28",10-10,12-8,N/A,N/A,01/31/17,5:30 AM,N/A,"Lookout Mountain, Ga. - Barnes PE Center",Win,2,False,287,False,--,"ASSIST  by STONE,BRODY",33,,43 ,,,,"ASSIST  by STONE,BRODY",2,assist,,sewanee,"stone,brody",,"['stone,brody', 'williams,jorden', 'thomas,adrian', 'caldwell,cam', 'born,clay']","['spragg,bailey', 'dryden,berto', 'bryan,william', 'palmer,nick', 'portlock,will']",
274,1167,Covenant,Sewanee,0,56-73,"35,38","28,28",10-10,12-8,N/A,N/A,01/31/17,5:30 AM,N/A,"Lookout Mountain, Ga. - Barnes PE Center",Win,2,False,287,False,15:51,,33,,43 ,"FOUL  by DRYDEN,BERTO",,,"FOUL  by DRYDEN,BERTO",2,foul,,covenant,"dryden,berto",,"['stone,brody', 'williams,jorden', 'thomas,adrian', 'caldwell,cam', 'born,clay']","['spragg,bailey', 'dryden,berto', 'bryan,william', 'palmer,nick', 'portlock,will']",951
275,1167,Covenant,Sewanee,0,56-73,"35,38","28,28",10-10,12-8,N/A,N/A,01/31/17,5:30 AM,N/A,"Lookout Mountain, Ga. - Barnes PE Center",Win,2,False,287,False,15:51,TIMEOUT 20SEC by TEAM,33,,43 ,,,,TIMEOUT 20SEC by TEAM,2,timeout,,sewanee,,,"['stone,brody', 'williams,jorden', 'thomas,adrian', 'caldwell,cam', 'born,clay']","['spragg,bailey', 'dryden,berto', 'bryan,william', 'palmer,nick', 'portlock,will']",951
276,1167,Covenant,Sewanee,0,56-73,"35,38","28,28",10-10,12-8,N/A,N/A,01/31/17,5:30 AM,N/A,"Lookout Mountain, Ga. - Barnes PE Center",Win,2,False,287,False,15:51,"GOOD FT by BORN,LEO",34,,43 ,,SEWANEE 34-43 (-9),,"GOOD FT by BORN,LEO",2,free throw,good,sewanee,"born,leo",1,"['stone,brody', 'williams,jorden', 'thomas,adrian', 'caldwell,cam', 'born,clay']","['spragg,bailey', 'dryden,berto', 'bryan,william', 'palmer,nick', 'portlock,will']",951
277,1167,Covenant,Sewanee,0,56-73,"35,38","28,28",10-10,12-8,N/A,N/A,01/31/17,5:30 AM,N/A,"Lookout Mountain, Ga. - Barnes PE Center",Win,2,False,287,False,15:25,,34,,46 ,"GOOD 3PTR by ARIMA,Z",CCM 34-46 (-12),,"GOOD 3PTR by ARIMA,Z",2,three pointer,good,covenant,"arima,z",3,"['stone,brody', 'williams,jorden', 'thomas,adrian', 'caldwell,cam', 'born,clay']","['spragg,bailey', 'dryden,berto', 'bryan,william', 'palmer,nick', 'portlock,will']",925
278,1167,Covenant,Sewanee,0,56-73,"35,38","28,28",10-10,12-8,N/A,N/A,01/31/17,5:30 AM,N/A,"Lookout Mountain, Ga. - Barnes PE Center",Win,2,False,287,False,--,,34,,46 ,"ASSIST  by DRYDEN,BERTO",,,"ASSIST  by DRYDEN,BERTO",2,assist,,covenant,"dryden,berto",,"['stone,brody', 'williams,jorden', 'thomas,adrian', 'caldwell,cam', 'born,clay']","['spragg,bailey', 'dryden,berto', 'bryan,william', 'palmer,nick', 'portlock,will']",
279,1167,Covenant,Sewanee,0,56-73,"35,38","28,28",10-10,12-8,N/A,N/A,01/31/17,5:30 AM,N/A,"Lookout Mountain, Ga. - Barnes PE Center",Win,2,False,287,False,14:49,"TURNOVER  by CALDWELL,CAM",34,,46 ,,,,"TURNOVER  by CALDWELL,CAM",2,turnover,,sewanee,"caldwell,cam",,"['stone,brody', 'williams,jorden', 'thomas,adrian', 'caldwell,cam', 'born,clay']","['spragg,bailey', 'dryden,berto', 'bryan,william', 'palmer,nick', 'portlock,will']",889
280,1167,Covenant,Sewanee,0,56-73,"35,38","28,28",10-10,12-8,N/A,N/A,01/31/17,5:30 AM,N/A,"Lookout Mountain, Ga. - Barnes PE Center",Win,2,False,287,False,14:46,,34,,46 ,"STEAL  by SPRAGG,BAILEY",,,"STEAL  by SPRAGG,BAILEY",2,steal,,covenant,,,"['stone,brody', 'williams,jorden', 'thomas,adrian', 'caldwell,cam', 'born,clay']","['spragg,bailey', 'dryden,berto', 'bryan,william', 'palmer,nick', 'portlock,will']",886
281,1167,Covenant,Sewanee,0,56-73,"35,38","28,28",10-10,12-8,N/A,N/A,01/31/17,5:30 AM,N/A,"Lookout Mountain, Ga. - Barnes PE Center",Win,2,False,287,False,14:43,,34,,46 ,"MISS LAYUP by PORTLOCK,WILL",,,"MISS LAYUP by PORTLOCK,WILL",2,layup,missed,covenant,"portlock,will",,"['stone,brody', 'williams,jorden', 'thomas,adrian', 'caldwell,cam', 'born,clay']","['spragg,bailey', 'dryden,berto', 'bryan,william', 'palmer,nick', 'portlock,will']",883
282,1167,Covenant,Sewanee,0,56-73,"35,38","28,28",10-10,12-8,N/A,N/A,01/31/17,5:30 AM,N/A,"Lookout Mountain, Ga. - Barnes PE Center",Win,2,False,287,False,--,"REBOUND DEF by STONE,BRODY",34,,46 ,,,,"REBOUND DEF by STONE,BRODY",2,defensive rebound,,sewanee,"stone,brody",,"['stone,brody', 'williams,jorden', 'thomas,adrian', 'caldwell,cam', 'born,clay']","['spragg,bailey', 'dryden,berto', 'bryan,william', 'palmer,nick', 'portlock,will']",
283,1167,Covenant,Sewanee,0,56-73,"35,38","28,28",10-10,12-8,N/A,N/A,01/31/17,5:30 AM,N/A,"Lookout Mountain, Ga. - Barnes PE Center",Win,2,False,287,False,14:25,"MISS LAYUP by BORN,LEO",34,,46 ,,,,"MISS LAYUP by BORN,LEO",2,layup,missed,sewanee,"born,leo",,"['stone,brody', 'williams,jorden', 'thomas,adrian', 'caldwell,cam', 'born,clay']","['spragg,bailey', 'dryden,berto', 'bryan,william', 'palmer,nick', 'portlock,will']",865
284,1167,Covenant,Sewanee,0,56-73,"35,38","28,28",10-10,12-8,N/A,N/A,01/31/17,5:30 AM,N/A,"Lookout Mountain, Ga. - Barnes PE Center",Win,2,False,287,False,14:25,,34,,46 ,"BLOCK  by HAYNES,CALEB",,,"BLOCK  by HAYNES,CALEB",2,block,,covenant,"haynes,caleb",,"['stone,brody', 'williams,jorden', 'thomas,adrian', 'caldwell,cam', 'born,clay']","['spragg,bailey', 'dryden,berto', 'bryan,william', 'palmer,nick', 'portlock,will']",865
285,1167,Covenant,Sewanee,0,56-73,"35,38","28,28",10-10,12-8,N/A,N/A,01/31/17,5:30 AM,N/A,"Lookout Mountain, Ga. - Barnes PE Center",Win,2,False,287,False,--,,34,,46 ,"REBOUND DEF by ARIMA,Z",,,"REBOUND DEF by ARIMA,Z",2,defensive rebound,,covenant,"arima,z",,"['stone,brody', 'williams,jorden', 'thomas,adrian', 'caldwell,cam', 'born,clay']","['spragg,bailey', 'dryden,berto', 'bryan,william', 'palmer,nick', 'portlock,will']",
286,1167,Covenant,Sewanee,0,56-73,"35,38","28,28",10-10,12-8,N/A,N/A,01/31/17,5:30 AM,N/A,"Lookout Mountain, Ga. - Barnes PE Center",Win,2,False,287,False,14:18,,34,,46 ,"MISS 3PTR by SPRAGG,BAILEY",,,"MISS 3PTR by SPRAGG,BAILEY",2,three pointer,missed,covenant,"spragg,bailey",,"['stone,brody', 'williams,jorden', 'thomas,adrian', 'caldwell,cam', 'born,clay']","['spragg,bailey', 'dryden,berto', 'bryan,william', 'palmer,nick', 'portlock,will']",858
287,1167,Covenant,Sewanee,0,56-73,"35,38","28,28",10-10,12-8,N/A,N/A,01/31/17,5:30 AM,N/A,"Lookout Mountain, Ga. - Barnes PE Center",Win,2,False,287,False,--,"REBOUND DEF by BORN,CLAY",34,,46 ,,,,"REBOUND DEF by BORN,CLAY",2,defensive rebound,,sewanee,"born,clay",,"['stone,brody', 'williams,jorden', 'thomas,adrian', 'caldwell,cam', 'born,clay']","['spragg,bailey', 'dryden,berto', 'bryan,william', 'palmer,nick', 'portlock,will']",
288,1167,Covenant,Sewanee,0,56-73,"35,38","28,28",10-10,12-8,N/A,N/A,01/31/17,5:30 AM,N/A,"Lookout Mountain, Ga. - Barnes PE Center",Win,2,False,287,False,14:08,"MISS LAYUP by BORN,CLAY",34,,46 ,,,,"MISS LAYUP by BORN,CLAY",2,layup,missed,sewanee,"born,clay",,"['stone,brody', 'williams,jorden', 'thomas,adrian', 'caldwell,cam', 'born,clay']","['spragg,bailey', 'dryden,berto', 'bryan,william', 'palmer,nick', 'portlock,will']",848
289,1167,Covenant,Sewanee,0,56-73,"35,38","28,28",10-10,12-8,N/A,N/A,01/31/17,5:30 AM,N/A,"Lookout Mountain, Ga. - Barnes PE Center",Win,2,False,287,False,--,,34,,46 ,"REBOUND DEF by HAYNES,CALEB",,,"REBOUND DEF by HAYNES,CALEB",2,defensive rebound,,covenant,"haynes,caleb",,"['stone,brody', 'williams,jorden', 'thomas,adrian', 'caldwell,cam', 'born,clay']","['spragg,bailey', 'dryden,berto', 'bryan,william', 'palmer,nick', 'portlock,will']",
290,1167,Covenant,Sewanee,0,56-73,"35,38","28,28",10-10,12-8,N/A,N/A,01/31/17,5:30 AM,N/A,"Lookout Mountain, Ga. - Barnes PE Center",Win,2,False,287,False,13:48,,34,,46 ,"TURNOVER  by DRYDEN,BERTO",,,"TURNOVER  by DRYDEN,BERTO",2,turnover,,covenant,"dryden,berto",,"['stone,brody', 'williams,jorden', 'thomas,adrian', 'caldwell,cam', 'born,clay']","['spragg,bailey', 'dryden,berto', 'bryan,william', 'palmer,nick', 'portlock,will']",828
291,1167,Covenant,Sewanee,0,56-73,"35,38","28,28",10-10,12-8,N/A,N/A,01/31/17,5:30 AM,N/A,"Lookout Mountain, Ga. - Barnes PE Center",Win,2,False,287,False,13:48,"STEAL  by BORN,LEO",34,,46 ,,,,"STEAL  by BORN,LEO",2,steal,,sewanee,,,"['stone,brody', 'williams,jorden', 'thomas,adrian', 'caldwell,cam', 'born,clay']","['spragg,bailey', 'dryden,berto', 'bryan,william', 'palmer,nick', 'portlock,will']",828
292,1167,Covenant,Sewanee,0,56-73,"35,38","28,28",10-10,12-8,N/A,N/A,01/31/17,5:30 AM,N/A,"Lookout Mountain, Ga. - Barnes PE Center",Win,2,False,287,False,13:45,"MISS LAYUP by BORN,CLAY",34,,46 ,,,,"MISS LAYUP by BORN,CLAY",2,layup,missed,sewanee,"born,clay",,"['stone,brody', 'williams,jorden', 'thomas,adrian', 'caldwell,cam', 'born,clay']","['spragg,bailey', 'dryden,berto', 'bryan,william', 'palmer,nick', 'portlock,will']",825
293,1167,Covenant,Sewanee,0,56-73,"35,38","28,28",10-10,12-8,N/A,N/A,01/31/17,5:30 AM,N/A,"Lookout Mountain, Ga. - Barnes PE Center",Win,2,False,287,False,--,,34,,46 ,"REBOUND DEF by PORTLOCK,WILL",,,"REBOUND DEF by PORTLOCK,WILL",2,defensive rebound,,covenant,"portlock,will",,"['stone,brody', 'williams,jorden', 'thomas,adrian', 'caldwell,cam', 'born,clay']","['spragg,bailey', 'dryden,berto', 'bryan,william', 'palmer,nick', 'portlock,will']",
294,1167,Covenant,Sewanee,0,56-73,"35,38","28,28",10-10,12-8,N/A,N/A,01/31/17,5:30 AM,N/A,"Lookout Mountain, Ga. - Barnes PE Center",Win,2,False,287,False,13:39,,34,,46 ,"TURNOVER  by DRYDEN,BERTO",,,"TURNOVER  by DRYDEN,BERTO",2,turnover,,covenant,"dryden,berto",,"['stone,brody', 'williams,jorden', 'thomas,adrian', 'caldwell,cam', 'born,clay']","['spragg,bailey', 'dryden,berto', 'bryan,william', 'palmer,nick', 'portlock,will']",819
295,1167,Covenant,Sewanee,0,56-73,"35,38","28,28",10-10,12-8,N/A,N/A,01/31/17,5:30 AM,N/A,"Lookout Mountain, Ga. - Barnes PE Center",Win,2,False,287,False,13:39,"SUB IN by SPENCER,JC",34,,46 ,,,,"SUB IN by SPENCER,JC",2,subbing in,,sewanee,"spencer,jc",,"['stone,brody', 'williams,jorden', 'thomas,adrian', 'caldwell,cam', 'born,clay', 'spencer,jc']","['spragg,bailey', 'dryden,berto', 'bryan,william', 'palmer,nick', 'portlock,will']",819
296,1167,Covenant,Sewanee,0,56-73,"35,38","28,28",10-10,12-8,N/A,N/A,01/31/17,5:30 AM,N/A,"Lookout Mountain, Ga. - Barnes PE Center",Win,2,False,287,False,13:39,"SUB IN by BUESCHER,HUNTER",34,,46 ,,,,"SUB IN by BUESCHER,HUNTER",2,subbing in,,sewanee,"buescher,hunter",,"['stone,brody', 'williams,jorden', 'thomas,adrian', 'caldwell,cam', 'born,clay', 'spencer,jc', 'buescher,hunter']","['spragg,bailey', 'dryden,berto', 'bryan,william', 'palmer,nick', 'portlock,will']",819
297,1167,Covenant,Sewanee,0,56-73,"35,38","28,28",10-10,12-8,N/A,N/A,01/31/17,5:30 AM,N/A,"Lookout Mountain, Ga. - Barnes PE Center",Win,2,False,287,False,13:39,"SUB IN by LEE,MATTHEW",34,,46 ,,,,"SUB IN by LEE,MATTHEW",2,subbing in,,sewanee,"lee,matthew",,"['stone,brody', 'williams,jorden', 'thomas,adrian', 'caldwell,cam', 'born,clay', 'spencer,jc', 'buescher,hunter', 'lee,matthew']","['spragg,bailey', 'dryden,berto', 'bryan,william', 'palmer,nick', 'portlock,will']",819
298,1167,Covenant,Sewanee,0,56-73,"35,38","28,28",10-10,12-8,N/A,N/A,01/31/17,5:30 AM,N/A,"Lookout Mountain, Ga. - Barnes PE Center",Win,2,False,287,False,13:39,"SUB OUT by CALDWELL,CAM",34,,46 ,,,,"SUB OUT by CALDWELL,CAM",2,subbing out,,sewanee,"caldwell,cam",,"['stone,brody', 'williams,jorden', 'thomas,adrian', 'born,clay', 'spencer,jc', 'buescher,hunter', 'lee,matthew']","['spragg,bailey', 'dryden,berto', 'bryan,william', 'palmer,nick', 'portlock,will']",819
299,1167,Covenant,Sewanee,0,56-73,"35,38","28,28",10-10,12-8,N/A,N/A,01/31/17,5:30 AM,N/A,"Lookout Mountain, Ga. - Barnes PE Center",Win,2,False,287,False,13:39,"SUB OUT by STONE,BRODY",34,,46 ,,,,"SUB OUT by STONE,BRODY",2,subbing out,,sewanee,"stone,brody",,"['williams,jorden', 'thomas,adrian', 'born,clay', 'spencer,jc', 'buescher,hunter', 'lee,matthew']","['spragg,bailey', 'dryden,berto', 'bryan,william', 'palmer,nick', 'portlock,will']",819
300,1167,Covenant,Sewanee,0,56-73,"35,38","28,28",10-10,12-8,N/A,N/A,01/31/17,5:30 AM,N/A,"Lookout Mountain, Ga. - Barnes PE Center",Win,2,False,287,False,13:39,"SUB OUT by BORN,CLAY",34,,46 ,,,,"SUB OUT by BORN,CLAY",2,subbing out,,sewanee,"born,clay",,"['williams,jorden', 'thomas,adrian', 'spencer,jc', 'buescher,hunter', 'lee,matthew']","['spragg,bailey', 'dryden,berto', 'bryan,william', 'palmer,nick', 'portlock,will']",819
301,1167,Covenant,Sewanee,0,56-73,"35,38","28,28",10-10,12-8,N/A,N/A,01/31/17,5:30 AM,N/A,"Lookout Mountain, Ga. - Barnes PE Center",Win,2,False,287,False,13:39,,34,,46 ,"SUB IN by TWAGIRAYEZU,PATJO",,,"SUB IN by TWAGIRAYEZU,PATJO",2,subbing in,,covenant,"twagirayezu,patjo",,"['williams,jorden', 'thomas,adrian', 'spencer,jc', 'buescher,hunter', 'lee,matthew']","['spragg,bailey', 'dryden,berto', 'bryan,william', 'palmer,nick', 'portlock,will', 'twagirayezu,patjo']",819
302,1167,Covenant,Sewanee,0,56-73,"35,38","28,28",10-10,12-8,N/A,N/A,01/31/17,5:30 AM,N/A,"Lookout Mountain, Ga. - Barnes PE Center",Win,2,False,287,False,13:39,,34,,46 ,"SUB IN by JAUCH,JARED",,,"SUB IN by JAUCH,JARED",2,subbing in,,covenant,"jauch,jared",,"['williams,jorden', 'thomas,adrian', 'spencer,jc', 'buescher,hunter', 'lee,matthew']","['spragg,bailey', 'dryden,berto', 'bryan,william', 'palmer,nick', 'portlock,will', 'twagirayezu,patjo', 'jauch,jared']",819
303,1167,Covenant,Sewanee,0,56-73,"35,38","28,28",10-10,12-8,N/A,N/A,01/31/17,5:30 AM,N/A,"Lookout Mountain, Ga. - Barnes PE Center",Win,2,False,287,False,13:39,,34,,46 ,"SUB OUT by PORTLOCK,WILL",,,"SUB OUT by PORTLOCK,WILL",2,subbing out,,covenant,"portlock,will",,"['williams,jorden', 'thomas,adrian', 'spencer,jc', 'buescher,hunter', 'lee,matthew']","['spragg,bailey', 'dryden,berto', 'bryan,william', 'palmer,nick', 'twagirayezu,patjo', 'jauch,jared']",819
304,1167,Covenant,Sewanee,0,56-73,"35,38","28,28",10-10,12-8,N/A,N/A,01/31/17,5:30 AM,N/A,"Lookout Mountain, Ga. - Barnes PE Center",Win,2,False,287,False,13:39,,34,,46 ,"SUB OUT by DRYDEN,BERTO",,,"SUB OUT by DRYDEN,BERTO",2,subbing out,,covenant,"dryden,berto",,"['williams,jorden', 'thomas,adrian', 'spencer,jc', 'buescher,hunter', 'lee,matthew']","['spragg,bailey', 'bryan,william', 'palmer,nick', 'twagirayezu,patjo', 'jauch,jared']",819
305,1167,Covenant,Sewanee,0,56-73,"35,38","28,28",10-10,12-8,N/A,N/A,01/31/17,5:30 AM,N/A,"Lookout Mountain, Ga. - Barnes PE Center",Win,2,False,287,False,13:30,"MISS 3PTR by WILLIAMS,JORDEN",34,,46 ,,,,"MISS 3PTR by WILLIAMS,JORDEN",2,three pointer,missed,sewanee,"williams,jorden",,"['williams,jorden', 'thomas,adrian', 'spencer,jc', 'buescher,hunter', 'lee,matthew']","['spragg,bailey', 'bryan,william', 'palmer,nick', 'twagirayezu,patjo', 'jauch,jared']",810
306,1167,Covenant,Sewanee,0,56-73,"35,38","28,28",10-10,12-8,N/A,N/A,01/31/17,5:30 AM,N/A,"Lookout Mountain, Ga. - Barnes PE Center",Win,2,False,287,False,--,,34,,46 ,"REBOUND DEF by ARIMA,Z",,,"REBOUND DEF by ARIMA,Z",2,defensive rebound,,covenant,"arima,z",,"['williams,jorden', 'thomas,adrian', 'spencer,jc', 'buescher,hunter', 'lee,matthew']","['spragg,bailey', 'bryan,william', 'palmer,nick', 'twagirayezu,patjo', 'jauch,jared']",
307,1167,Covenant,Sewanee,0,56-73,"35,38","28,28",10-10,12-8,N/A,N/A,01/31/17,5:30 AM,N/A,"Lookout Mountain, Ga. - Barnes PE Center",Win,2,False,287,False,13:13,"FOUL  by SPENCER,JC",34,,46 ,,,,"FOUL  by SPENCER,JC",2,foul,,sewanee,"spencer,jc",,"['williams,jorden', 'thomas,adrian', 'spencer,jc', 'buescher,hunter', 'lee,matthew']","['spragg,bailey', 'bryan,william', 'palmer,nick', 'twagirayezu,patjo', 'jauch,jared']",793
308,1167,Covenant,Sewanee,0,56-73,"35,38","28,28",10-10,12-8,N/A,N/A,01/31/17,5:30 AM,N/A,"Lookout Mountain, Ga. - Barnes PE Center",Win,2,False,287,False,13:13,"SUB IN by STONE,BRODY",34,,46 ,,,,"SUB IN by STONE,BRODY",2,subbing in,,sewanee,"stone,brody",,"['williams,jorden', 'thomas,adrian', 'spencer,jc', 'buescher,hunter', 'lee,matthew', 'stone,brody']","['spragg,bailey', 'bryan,william', 'palmer,nick', 'twagirayezu,patjo', 'jauch,jared']",793
309,1167,Covenant,Sewanee,0,56-73,"35,38","28,28",10-10,12-8,N/A,N/A,01/31/17,5:30 AM,N/A,"Lookout Mountain, Ga. - Barnes PE Center",Win,2,False,287,False,13:13,"SUB OUT by SPENCER,JC",34,,46 ,,,,"SUB OUT by SPENCER,JC",2,subbing out,,sewanee,"spencer,jc",,"['williams,jorden', 'thomas,adrian', 'buescher,hunter', 'lee,matthew', 'stone,brody']","['spragg,bailey', 'bryan,william', 'palmer,nick', 'twagirayezu,patjo', 'jauch,jared']",793
310,1167,Covenant,Sewanee,0,56-73,"35,38","28,28",10-10,12-8,N/A,N/A,01/31/17,5:30 AM,N/A,"Lookout Mountain, Ga. - Barnes PE Center",Win,2,False,287,False,13:13,,34,,46 ,"SUB IN by ALLEN,ZACK",,,"SUB IN by ALLEN,ZACK",2,subbing in,,covenant,"allen,zack",,"['williams,jorden', 'thomas,adrian', 'buescher,hunter', 'lee,matthew', 'stone,brody']","['spragg,bailey', 'bryan,william', 'palmer,nick', 'twagirayezu,patjo', 'jauch,jared', 'allen,zack']",793
311,1167,Covenant,Sewanee,0,56-73,"35,38","28,28",10-10,12-8,N/A,N/A,01/31/17,5:30 AM,N/A,"Lookout Mountain, Ga. - Barnes PE Center",Win,2,False,287,False,13:13,,34,,46 ,"SUB OUT by SPRAGG,BAILEY",,,"SUB OUT by SPRAGG,BAILEY",2,subbing out,,covenant,"spragg,bailey",,"['williams,jorden', 'thomas,adrian', 'buescher,hunter', 'lee,matthew', 'stone,brody']","['bryan,william', 'palmer,nick', 'twagirayezu,patjo', 'jauch,jared', 'allen,zack']",793
312,1167,Covenant,Sewanee,0,56-73,"35,38","28,28",10-10,12-8,N/A,N/A,01/31/17,5:30 AM,N/A,"Lookout Mountain, Ga. - Barnes PE Center",Win,2,False,287,False,12:55,,34,,46 ,"TURNOVER  by HAYNES,CALEB",,,"TURNOVER  by HAYNES,CALEB",2,turnover,,covenant,"haynes,caleb",,"['williams,jorden', 'thomas,adrian', 'buescher,hunter', 'lee,matthew', 'stone,brody']","['bryan,william', 'palmer,nick', 'twagirayezu,patjo', 'jauch,jared', 'allen,zack']",775
313,1167,Covenant,Sewanee,0,56-73,"35,38","28,28",10-10,12-8,N/A,N/A,01/31/17,5:30 AM,N/A,"Lookout Mountain, Ga. - Barnes PE Center",Win,2,False,287,False,12:53,,34,,46 ,"SUB IN by BRYAN,WILLIAM",,,"SUB IN by BRYAN,WILLIAM",2,subbing in,,covenant,"bryan,william",,"['williams,jorden', 'thomas,adrian', 'buescher,hunter', 'lee,matthew', 'stone,brody']","['bryan,william', 'palmer,nick', 'twagirayezu,patjo', 'jauch,jared', 'allen,zack']",773
314,1167,Covenant,Sewanee,0,56-73,"35,38","28,28",10-10,12-8,N/A,N/A,01/31/17,5:30 AM,N/A,"Lookout Mountain, Ga. - Barnes PE Center",Win,2,False,287,False,12:53,,34,,46 ,"SUB OUT by HAYNES,CALEB",,,"SUB OUT by HAYNES,CALEB",2,subbing out,,covenant,"haynes,caleb",,"['williams,jorden', 'thomas,adrian', 'buescher,hunter', 'lee,matthew', 'stone,brody']","['bryan,william', 'palmer,nick', 'twagirayezu,patjo', 'jauch,jared', 'allen,zack']",773
315,1167,Covenant,Sewanee,0,56-73,"35,38","28,28",10-10,12-8,N/A,N/A,01/31/17,5:30 AM,N/A,"Lookout Mountain, Ga. - Barnes PE Center",Win,2,False,287,False,12:36,"TURNOVER  by LEE,MATTHEW",34,,46 ,,,,"TURNOVER  by LEE,MATTHEW",2,turnover,,sewanee,"lee,matthew",,"['williams,jorden', 'thomas,adrian', 'buescher,hunter', 'lee,matthew', 'stone,brody']","['bryan,william', 'palmer,nick', 'twagirayezu,patjo', 'jauch,jared', 'allen,zack']",756
316,1167,Covenant,Sewanee,0,56-73,"35,38","28,28",10-10,12-8,N/A,N/A,01/31/17,5:30 AM,N/A,"Lookout Mountain, Ga. - Barnes PE Center",Win,2,False,287,False,12:27,"SUB IN by THOMAS,ADRIAN",34,,46 ,,,,"SUB IN by THOMAS,ADRIAN",2,subbing in,,sewanee,"thomas,adrian",,"['williams,jorden', 'thomas,adrian', 'buescher,hunter', 'lee,matthew', 'stone,brody']","['bryan,william', 'palmer,nick', 'twagirayezu,patjo', 'jauch,jared', 'allen,zack']",747
317,1167,Covenant,Sewanee,0,56-73,"35,38","28,28",10-10,12-8,N/A,N/A,01/31/17,5:30 AM,N/A,"Lookout Mountain, Ga. - Barnes PE Center",Win,2,False,287,False,12:27,"SUB OUT by BORN,LEO",34,,46 ,,,,"SUB OUT by BORN,LEO",2,subbing out,,sewanee,"born,leo",,"['williams,jorden', 'thomas,adrian', 'buescher,hunter', 'lee,matthew', 'stone,brody']","['bryan,william', 'palmer,nick', 'twagirayezu,patjo', 'jauch,jared', 'allen,zack']",747
318,1167,Covenant,Sewanee,0,56-73,"35,38","28,28",10-10,12-8,N/A,N/A,01/31/17,5:30 AM,N/A,"Lookout Mountain, Ga. - Barnes PE Center",Win,2,False,287,False,12:23,,34,,46 ,"MISS 3PTR by JAUCH,JARED",,,"MISS 3PTR by JAUCH,JARED",2,three pointer,missed,covenant,"jauch,jared",,"['williams,jorden', 'thomas,adrian', 'buescher,hunter', 'lee,matthew', 'stone,brody']","['bryan,william', 'palmer,nick', 'twagirayezu,patjo', 'jauch,jared', 'allen,zack']",743
319,1167,Covenant,Sewanee,0,56-73,"35,38","28,28",10-10,12-8,N/A,N/A,01/31/17,5:30 AM,N/A,"Lookout Mountain, Ga. - Barnes PE Center",Win,2,False,287,False,--,"REBOUND DEF by STONE,BRODY",34,,46 ,,,,"REBOUND DEF by STONE,BRODY",2,defensive rebound,,sewanee,"stone,brody",,"['williams,jorden', 'thomas,adrian', 'buescher,hunter', 'lee,matthew', 'stone,brody']","['bryan,william', 'palmer,nick', 'twagirayezu,patjo', 'jauch,jared', 'allen,zack']",
320,1167,Covenant,Sewanee,0,56-73,"35,38","28,28",10-10,12-8,N/A,N/A,01/31/17,5:30 AM,N/A,"Lookout Mountain, Ga. - Barnes PE Center",Win,2,False,287,False,12:03,,34,,46 ,"FOUL  by BRYAN,WILLIAM",,,"FOUL  by BRYAN,WILLIAM",2,foul,,covenant,"bryan,william",,"['williams,jorden', 'thomas,adrian', 'buescher,hunter', 'lee,matthew', 'stone,brody']","['bryan,william', 'palmer,nick', 'twagirayezu,patjo', 'jauch,jared', 'allen,zack']",723
321,1167,Covenant,Sewanee,0,56-73,"35,38","28,28",10-10,12-8,N/A,N/A,01/31/17,5:30 AM,N/A,"Lookout Mountain, Ga. - Barnes PE Center",Win,2,False,287,False,11:56,,34,,46 ,"FOUL  by BRYAN,WILLIAM",,,"FOUL  by BRYAN,WILLIAM",2,foul,,covenant,"bryan,william",,"['williams,jorden', 'thomas,adrian', 'buescher,hunter', 'lee,matthew', 'stone,brody']","['bryan,william', 'palmer,nick', 'twagirayezu,patjo', 'jauch,jared', 'allen,zack']",716
322,1167,Covenant,Sewanee,0,56-73,"35,38","28,28",10-10,12-8,N/A,N/A,01/31/17,5:30 AM,N/A,"Lookout Mountain, Ga. - Barnes PE Center",Win,2,False,287,False,11:56,TIMEOUT 20SEC by TEAM,34,,46 ,,,,TIMEOUT 20SEC by TEAM,2,timeout,,sewanee,,,"['williams,jorden', 'thomas,adrian', 'buescher,hunter', 'lee,matthew', 'stone,brody']","['bryan,william', 'palmer,nick', 'twagirayezu,patjo', 'jauch,jared', 'allen,zack']",716
323,1167,Covenant,Sewanee,0,56-73,"35,38","28,28",10-10,12-8,N/A,N/A,01/31/17,5:30 AM,N/A,"Lookout Mountain, Ga. - Barnes PE Center",Win,2,False,287,False,11:56,"SUB IN by BORN,CLAY",34,,46 ,,,,"SUB IN by BORN,CLAY",2,subbing in,,sewanee,"born,clay",,"['williams,jorden', 'thomas,adrian', 'buescher,hunter', 'lee,matthew', 'stone,brody', 'born,clay']","['bryan,william', 'palmer,nick', 'twagirayezu,patjo', 'jauch,jared', 'allen,zack']",716
324,1167,Covenant,Sewanee,0,56-73,"35,38","28,28",10-10,12-8,N/A,N/A,01/31/17,5:30 AM,N/A,"Lookout Mountain, Ga. - Barnes PE Center",Win,2,False,287,False,11:56,"SUB OUT by BUESCHER,HUNTER",34,,46 ,,,,"SUB OUT by BUESCHER,HUNTER",2,subbing out,,sewanee,"buescher,hunter",,"['williams,jorden', 'thomas,adrian', 'lee,matthew', 'stone,brody', 'born,clay']","['bryan,william', 'palmer,nick', 'twagirayezu,patjo', 'jauch,jared', 'allen,zack']",716
325,1167,Covenant,Sewanee,0,56-73,"35,38","28,28",10-10,12-8,N/A,N/A,01/31/17,5:30 AM,N/A,"Lookout Mountain, Ga. - Barnes PE Center",Win,2,False,287,False,11:56,,34,,46 ,"SUB IN by HAYNES,CALEB",,,"SUB IN by HAYNES,CALEB",2,subbing in,,covenant,"haynes,caleb",,"['williams,jorden', 'thomas,adrian', 'lee,matthew', 'stone,brody', 'born,clay']","['bryan,william', 'palmer,nick', 'twagirayezu,patjo', 'jauch,jared', 'allen,zack', 'haynes,caleb']",716
326,1167,Covenant,Sewanee,0,56-73,"35,38","28,28",10-10,12-8,N/A,N/A,01/31/17,5:30 AM,N/A,"Lookout Mountain, Ga. - Barnes PE Center",Win,2,False,287,False,11:56,,34,,46 ,"SUB OUT by BRYAN,WILLIAM",,,"SUB OUT by BRYAN,WILLIAM",2,subbing out,,covenant,"bryan,william",,"['williams,jorden', 'thomas,adrian', 'lee,matthew', 'stone,brody', 'born,clay']","['palmer,nick', 'twagirayezu,patjo', 'jauch,jared', 'allen,zack', 'haynes,caleb']",716
327,1167,Covenant,Sewanee,0,56-73,"35,38","28,28",10-10,12-8,N/A,N/A,01/31/17,5:30 AM,N/A,"Lookout Mountain, Ga. - Barnes PE Center",Win,2,False,287,False,11:48,"TURNOVER  by LEE,MATTHEW",34,,46 ,,,,"TURNOVER  by LEE,MATTHEW",2,turnover,,sewanee,"lee,matthew",,"['williams,jorden', 'thomas,adrian', 'lee,matthew', 'stone,brody', 'born,clay']","['palmer,nick', 'twagirayezu,patjo', 'jauch,jared', 'allen,zack', 'haynes,caleb']",708
328,1167,Covenant,Sewanee,0,56-73,"35,38","28,28",10-10,12-8,N/A,N/A,01/31/17,5:30 AM,N/A,"Lookout Mountain, Ga. - Barnes PE Center",Win,2,False,287,False,11:47,,34,,46 ,"STEAL  by HAYNES,CALEB",,,"STEAL  by HAYNES,CALEB",2,steal,,covenant,,,"['williams,jorden', 'thomas,adrian', 'lee,matthew', 'stone,brody', 'born,clay']","['palmer,nick', 'twagirayezu,patjo', 'jauch,jared', 'allen,zack', 'haynes,caleb']",707
329,1167,Covenant,Sewanee,0,56-73,"35,38","28,28",10-10,12-8,N/A,N/A,01/31/17,5:30 AM,N/A,"Lookout Mountain, Ga. - Barnes PE Center",Win,2,False,287,False,11:33,,34,,46 ,"TURNOVER  by JAUCH,JARED",,,"TURNOVER  by JAUCH,JARED",2,turnover,,covenant,"jauch,jared",,"['williams,jorden', 'thomas,adrian', 'lee,matthew', 'stone,brody', 'born,clay']","['palmer,nick', 'twagirayezu,patjo', 'jauch,jared', 'allen,zack', 'haynes,caleb']",693
330,1167,Covenant,Sewanee,0,56-73,"35,38","28,28",10-10,12-8,N/A,N/A,01/31/17,5:30 AM,N/A,"Lookout Mountain, Ga. - Barnes PE Center",Win,2,False,287,False,11:32,"STEAL  by THOMAS,ADRIAN",34,,46 ,,,,"STEAL  by THOMAS,ADRIAN",2,steal,,sewanee,,,"['williams,jorden', 'thomas,adrian', 'lee,matthew', 'stone,brody', 'born,clay']","['palmer,nick', 'twagirayezu,patjo', 'jauch,jared', 'allen,zack', 'haynes,caleb']",692
331,1167,Covenant,Sewanee,0,56-73,"35,38","28,28",10-10,12-8,N/A,N/A,01/31/17,5:30 AM,N/A,"Lookout Mountain, Ga. - Barnes PE Center",Win,2,False,287,False,11:17,"MISS JUMPER by THOMAS,ADRIAN",34,,46 ,,,,"MISS JUMPER by THOMAS,ADRIAN",2,jumper,missed,sewanee,"thomas,adrian",,"['williams,jorden', 'thomas,adrian', 'lee,matthew', 'stone,brody', 'born,clay']","['palmer,nick', 'twagirayezu,patjo', 'jauch,jared', 'allen,zack', 'haynes,caleb']",677
332,1167,Covenant,Sewanee,0,56-73,"35,38","28,28",10-10,12-8,N/A,N/A,01/31/17,5:30 AM,N/A,"Lookout Mountain, Ga. - Barnes PE Center",Win,2,False,287,False,--,"REBOUND OFF by LEE,MATTHEW",34,,46 ,,,,"REBOUND OFF by LEE,MATTHEW",2,offensive rebound,,sewanee,"lee,matthew",,"['williams,jorden', 'thomas,adrian', 'lee,matthew', 'stone,brody', 'born,clay']","['palmer,nick', 'twagirayezu,patjo', 'jauch,jared', 'allen,zack', 'haynes,caleb']",
333,1167,Covenant,Sewanee,0,56-73,"35,38","28,28",10-10,12-8,N/A,N/A,01/31/17,5:30 AM,N/A,"Lookout Mountain, Ga. - Barnes PE Center",Win,2,False,287,False,11:14,,34,,46 ,"FOUL  by TWAGIRAYEZU,PATJO",,,"FOUL  by TWAGIRAYEZU,PATJO",2,foul,,covenant,"twagirayezu,patjo",,"['williams,jorden', 'thomas,adrian', 'lee,matthew', 'stone,brody', 'born,clay']","['palmer,nick', 'twagirayezu,patjo', 'jauch,jared', 'allen,zack', 'haynes,caleb']",674
334,1167,Covenant,Sewanee,0,56-73,"35,38","28,28",10-10,12-8,N/A,N/A,01/31/17,5:30 AM,N/A,"Lookout Mountain, Ga. - Barnes PE Center",Win,2,False,287,False,11:05,"TURNOVER  by BORN,LEO",34,,46 ,,,,"TURNOVER  by BORN,LEO",2,turnover,,sewanee,"born,leo",,"['williams,jorden', 'thomas,adrian', 'lee,matthew', 'stone,brody', 'born,clay']","['palmer,nick', 'twagirayezu,patjo', 'jauch,jared', 'allen,zack', 'haynes,caleb']",665
335,1167,Covenant,Sewanee,0,56-73,"35,38","28,28",10-10,12-8,N/A,N/A,01/31/17,5:30 AM,N/A,"Lookout Mountain, Ga. - Barnes PE Center",Win,2,False,287,False,11:05,,34,,46 ,"STEAL  by ALLEN,ZACK",,,"STEAL  by ALLEN,ZACK",2,steal,,covenant,,,"['williams,jorden', 'thomas,adrian', 'lee,matthew', 'stone,brody', 'born,clay']","['palmer,nick', 'twagirayezu,patjo', 'jauch,jared', 'allen,zack', 'haynes,caleb']",665
336,1167,Covenant,Sewanee,0,56-73,"35,38","28,28",10-10,12-8,N/A,N/A,01/31/17,5:30 AM,N/A,"Lookout Mountain, Ga. - Barnes PE Center",Win,2,False,287,False,11:05,"SUB IN by BORN,LEO",34,,46 ,,,,"SUB IN by BORN,LEO",2,subbing in,,sewanee,"born,leo",,"['williams,jorden', 'thomas,adrian', 'lee,matthew', 'stone,brody', 'born,clay', 'born,leo']","['palmer,nick', 'twagirayezu,patjo', 'jauch,jared', 'allen,zack', 'haynes,caleb']",665
337,1167,Covenant,Sewanee,0,56-73,"35,38","28,28",10-10,12-8,N/A,N/A,01/31/17,5:30 AM,N/A,"Lookout Mountain, Ga. - Barnes PE Center",Win,2,False,287,False,11:05,"SUB OUT by LEE,MATTHEW",34,,46 ,,,,"SUB OUT by LEE,MATTHEW",2,subbing out,,sewanee,"lee,matthew",,"['williams,jorden', 'thomas,adrian', 'stone,brody', 'born,clay', 'born,leo']","['palmer,nick', 'twagirayezu,patjo', 'jauch,jared', 'allen,zack', 'haynes,caleb']",665
338,1167,Covenant,Sewanee,0,56-73,"35,38","28,28",10-10,12-8,N/A,N/A,01/31/17,5:30 AM,N/A,"Lookout Mountain, Ga. - Barnes PE Center",Win,2,False,287,False,11:05,,34,,46 ,"SUB IN by SPRAGG,BAILEY",,,"SUB IN by SPRAGG,BAILEY",2,subbing in,,covenant,"spragg,bailey",,"['williams,jorden', 'thomas,adrian', 'stone,brody', 'born,clay', 'born,leo']","['palmer,nick', 'twagirayezu,patjo', 'jauch,jared', 'allen,zack', 'haynes,caleb', 'spragg,bailey']",665
339,1167,Covenant,Sewanee,0,56-73,"35,38","28,28",10-10,12-8,N/A,N/A,01/31/17,5:30 AM,N/A,"Lookout Mountain, Ga. - Barnes PE Center",Win,2,False,287,False,11:05,,34,,46 ,"SUB IN by DRYDEN,BERTO",,,"SUB IN by DRYDEN,BERTO",2,subbing in,,covenant,"dryden,berto",,"['williams,jorden', 'thomas,adrian', 'stone,brody', 'born,clay', 'born,leo']","['palmer,nick', 'twagirayezu,patjo', 'jauch,jared', 'allen,zack', 'haynes,caleb', 'spragg,bailey', 'dryden,berto']",665
340,1167,Covenant,Sewanee,0,56-73,"35,38","28,28",10-10,12-8,N/A,N/A,01/31/17,5:30 AM,N/A,"Lookout Mountain, Ga. - Barnes PE Center",Win,2,False,287,False,11:05,,34,,46 ,"SUB OUT by ARIMA,Z",,,"SUB OUT by ARIMA,Z",2,subbing out,,covenant,"arima,z",,"['williams,jorden', 'thomas,adrian', 'stone,brody', 'born,clay', 'born,leo']","['palmer,nick', 'twagirayezu,patjo', 'jauch,jared', 'allen,zack', 'haynes,caleb', 'spragg,bailey', 'dryden,berto']",665
341,1167,Covenant,Sewanee,0,56-73,"35,38","28,28",10-10,12-8,N/A,N/A,01/31/17,5:30 AM,N/A,"Lookout Mountain, Ga. - Barnes PE Center",Win,2,False,287,False,11:05,,34,,46 ,"SUB OUT by JAUCH,JARED",,,"SUB OUT by JAUCH,JARED",2,subbing out,,covenant,"jauch,jared",,"['williams,jorden', 'thomas,adrian', 'stone,brody', 'born,clay', 'born,leo']","['palmer,nick', 'twagirayezu,patjo', 'jauch,jared', 'allen,zack', 'haynes,caleb', 'spragg,bailey', 'dryden,berto']",665
342,1167,Covenant,Sewanee,0,56-73,"35,38","28,28",10-10,12-8,N/A,N/A,01/31/17,5:30 AM,N/A,"Lookout Mountain, Ga. - Barnes PE Center",Win,2,False,287,False,10:54,,34,,46 ,"TURNOVER  by HAYNES,CALEB",,,"TURNOVER  by HAYNES,CALEB",2,turnover,,covenant,"haynes,caleb",,"['williams,jorden', 'thomas,adrian', 'stone,brody', 'born,clay', 'born,leo']","['palmer,nick', 'twagirayezu,patjo', 'jauch,jared', 'allen,zack', 'haynes,caleb', 'spragg,bailey', 'dryden,berto']",654
343,1167,Covenant,Sewanee,0,56-73,"35,38","28,28",10-10,12-8,N/A,N/A,01/31/17,5:30 AM,N/A,"Lookout Mountain, Ga. - Barnes PE Center",Win,2,False,287,False,10:53,"STEAL  by THOMAS,ADRIAN",34,,46 ,,,,"STEAL  by THOMAS,ADRIAN",2,steal,,sewanee,,,"['williams,jorden', 'thomas,adrian', 'stone,brody', 'born,clay', 'born,leo']","['palmer,nick', 'twagirayezu,patjo', 'jauch,jared', 'allen,zack', 'haynes,caleb', 'spragg,bailey', 'dryden,berto']",653
344,1167,Covenant,Sewanee,0,56-73,"35,38","28,28",10-10,12-8,N/A,N/A,01/31/17,5:30 AM,N/A,"Lookout Mountain, Ga. - Barnes PE Center",Win,2,False,287,False,10:48,"GOOD JUMPER by STONE,BRODY",36,,46 ,,SEWANEE 36-46 (-10),,"GOOD JUMPER by STONE,BRODY",2,jumper,good,sewanee,"stone,brody",2,"['williams,jorden', 'thomas,adrian', 'stone,brody', 'born,clay', 'born,leo']","['palmer,nick', 'twagirayezu,patjo', 'jauch,jared', 'allen,zack', 'haynes,caleb', 'spragg,bailey', 'dryden,berto']",648
345,1167,Covenant,Sewanee,0,56-73,"35,38","28,28",10-10,12-8,N/A,N/A,01/31/17,5:30 AM,N/A,"Lookout Mountain, Ga. - Barnes PE Center",Win,2,False,287,False,--,"ASSIST  by BORN,CLAY",36,,46 ,,,,"ASSIST  by BORN,CLAY",2,assist,,sewanee,"born,clay",,"['williams,jorden', 'thomas,adrian', 'stone,brody', 'born,clay', 'born,leo']","['palmer,nick', 'twagirayezu,patjo', 'jauch,jared', 'allen,zack', 'haynes,caleb', 'spragg,bailey', 'dryden,berto']",
346,1167,Covenant,Sewanee,0,56-73,"35,38","28,28",10-10,12-8,N/A,N/A,01/31/17,5:30 AM,N/A,"Lookout Mountain, Ga. - Barnes PE Center",Win,2,False,287,False,10:31,,36,,49 ,"GOOD 3PTR by ALLEN,ZACK",CCM 36-49 (-13),,"GOOD 3PTR by ALLEN,ZACK",2,three pointer,good,covenant,"allen,zack",3,"['williams,jorden', 'thomas,adrian', 'stone,brody', 'born,clay', 'born,leo']","['palmer,nick', 'twagirayezu,patjo', 'jauch,jared', 'allen,zack', 'haynes,caleb', 'spragg,bailey', 'dryden,berto']",631
347,1167,Covenant,Sewanee,0,56-73,"35,38","28,28",10-10,12-8,N/A,N/A,01/31/17,5:30 AM,N/A,"Lookout Mountain, Ga. - Barnes PE Center",Win,2,False,287,False,--,,36,,49 ,"ASSIST  by HAYNES,CALEB",,,"ASSIST  by HAYNES,CALEB",2,assist,,covenant,"haynes,caleb",,"['williams,jorden', 'thomas,adrian', 'stone,brody', 'born,clay', 'born,leo']","['palmer,nick', 'twagirayezu,patjo', 'jauch,jared', 'allen,zack', 'haynes,caleb', 'spragg,bailey', 'dryden,berto']",
348,1167,Covenant,Sewanee,0,56-73,"35,38","28,28",10-10,12-8,N/A,N/A,01/31/17,5:30 AM,N/A,"Lookout Mountain, Ga. - Barnes PE Center",Win,2,False,287,False,10:12,"MISS 3PTR by BORN,CLAY",36,,49 ,,,,"MISS 3PTR by BORN,CLAY",2,three pointer,missed,sewanee,"born,clay",,"['williams,jorden', 'thomas,adrian', 'stone,brody', 'born,clay', 'born,leo']","['palmer,nick', 'twagirayezu,patjo', 'jauch,jared', 'allen,zack', 'haynes,caleb', 'spragg,bailey', 'dryden,berto']",612
349,1167,Covenant,Sewanee,0,56-73,"35,38","28,28",10-10,12-8,N/A,N/A,01/31/17,5:30 AM,N/A,"Lookout Mountain, Ga. - Barnes PE Center",Win,2,False,287,False,--,,36,,49 ,"REBOUND DEF by TWAGIRAYEZU,PATJO",,,"REBOUND DEF by TWAGIRAYEZU,PATJO",2,defensive rebound,,covenant,"twagirayezu,patjo",,"['williams,jorden', 'thomas,adrian', 'stone,brody', 'born,clay', 'born,leo']","['palmer,nick', 'twagirayezu,patjo', 'jauch,jared', 'allen,zack', 'haynes,caleb', 'spragg,bailey', 'dryden,berto']",
350,1167,Covenant,Sewanee,0,56-73,"35,38","28,28",10-10,12-8,N/A,N/A,01/31/17,5:30 AM,N/A,"Lookout Mountain, Ga. - Barnes PE Center",Win,2,False,287,False,09:54,,36,,49 ,"MISS 3PTR by ALLEN,ZACK",,,"MISS 3PTR by ALLEN,ZACK",2,three pointer,missed,covenant,"allen,zack",,"['williams,jorden', 'thomas,adrian', 'stone,brody', 'born,clay', 'born,leo']","['palmer,nick', 'twagirayezu,patjo', 'jauch,jared', 'allen,zack', 'haynes,caleb', 'spragg,bailey', 'dryden,berto']",594
351,1167,Covenant,Sewanee,0,56-73,"35,38","28,28",10-10,12-8,N/A,N/A,01/31/17,5:30 AM,N/A,"Lookout Mountain, Ga. - Barnes PE Center",Win,2,False,287,False,--,,36,,49 ,"REBOUND OFF by HAYNES,CALEB",,,"REBOUND OFF by HAYNES,CALEB",2,offensive rebound,,covenant,"haynes,caleb",,"['williams,jorden', 'thomas,adrian', 'stone,brody', 'born,clay', 'born,leo']","['palmer,nick', 'twagirayezu,patjo', 'jauch,jared', 'allen,zack', 'haynes,caleb', 'spragg,bailey', 'dryden,berto']",
352,1167,Covenant,Sewanee,0,56-73,"35,38","28,28",10-10,12-8,N/A,N/A,01/31/17,5:30 AM,N/A,"Lookout Mountain, Ga. - Barnes PE Center",Win,2,False,287,False,09:49,,36,,51 ,"GOOD LAYUP by HAYNES,CALEB(in the paint)",CCM 36-51 (-15),,"GOOD LAYUP by HAYNES,CALEB(in the paint)",2,layup,good,covenant,"haynes,caleb",2,"['williams,jorden', 'thomas,adrian', 'stone,brody', 'born,clay', 'born,leo']","['palmer,nick', 'twagirayezu,patjo', 'jauch,jared', 'allen,zack', 'haynes,caleb', 'spragg,bailey', 'dryden,berto']",589
353,1167,Covenant,Sewanee,0,56-73,"35,38","28,28",10-10,12-8,N/A,N/A,01/31/17,5:30 AM,N/A,"Lookout Mountain, Ga. - Barnes PE Center",Win,2,False,287,False,09:23,,36,,51 ,"FOUL  by DRYDEN,BERTO",,,"FOUL  by DRYDEN,BERTO",2,foul,,covenant,"dryden,berto",,"['williams,jorden', 'thomas,adrian', 'stone,brody', 'born,clay', 'born,leo']","['palmer,nick', 'twagirayezu,patjo', 'jauch,jared', 'allen,zack', 'haynes,caleb', 'spragg,bailey', 'dryden,berto']",563
354,1167,Covenant,Sewanee,0,56-73,"35,38","28,28",10-10,12-8,N/A,N/A,01/31/17,5:30 AM,N/A,"Lookout Mountain, Ga. - Barnes PE Center",Win,2,False,287,False,09:23,,36,,51 ,"SUB IN by PORTLOCK,WILL",,,"SUB IN by PORTLOCK,WILL",2,subbing in,,covenant,"portlock,will",,"['williams,jorden', 'thomas,adrian', 'stone,brody', 'born,clay', 'born,leo']","['palmer,nick', 'twagirayezu,patjo', 'jauch,jared', 'allen,zack', 'haynes,caleb', 'spragg,bailey', 'dryden,berto', 'portlock,will']",563
355,1167,Covenant,Sewanee,0,56-73,"35,38","28,28",10-10,12-8,N/A,N/A,01/31/17,5:30 AM,N/A,"Lookout Mountain, Ga. - Barnes PE Center",Win,2,False,287,False,09:23,,36,,51 ,"SUB OUT by TWAGIRAYEZU,PATJO",,,"SUB OUT by TWAGIRAYEZU,PATJO",2,subbing out,,covenant,"twagirayezu,patjo",,"['williams,jorden', 'thomas,adrian', 'stone,brody', 'born,clay', 'born,leo']","['palmer,nick', 'jauch,jared', 'allen,zack', 'haynes,caleb', 'spragg,bailey', 'dryden,berto', 'portlock,will']",563
356,1167,Covenant,Sewanee,0,56-73,"35,38","28,28",10-10,12-8,N/A,N/A,01/31/17,5:30 AM,N/A,"Lookout Mountain, Ga. - Barnes PE Center",Win,2,False,287,False,09:17,"MISS 3PTR by BORN,CLAY",36,,51 ,,,,"MISS 3PTR by BORN,CLAY",2,three pointer,missed,sewanee,"born,clay",,"['williams,jorden', 'thomas,adrian', 'stone,brody', 'born,clay', 'born,leo']","['palmer,nick', 'jauch,jared', 'allen,zack', 'haynes,caleb', 'spragg,bailey', 'dryden,berto', 'portlock,will']",557
357,1167,Covenant,Sewanee,0,56-73,"35,38","28,28",10-10,12-8,N/A,N/A,01/31/17,5:30 AM,N/A,"Lookout Mountain, Ga. - Barnes PE Center",Win,2,False,287,False,--,"REBOUND OFF by STONE,BRODY",36,,51 ,,,,"REBOUND OFF by STONE,BRODY",2,offensive rebound,,sewanee,"stone,brody",,"['williams,jorden', 'thomas,adrian', 'stone,brody', 'born,clay', 'born,leo']","['palmer,nick', 'jauch,jared', 'allen,zack', 'haynes,caleb', 'spragg,bailey', 'dryden,berto', 'portlock,will']",
358,1167,Covenant,Sewanee,0,56-73,"35,38","28,28",10-10,12-8,N/A,N/A,01/31/17,5:30 AM,N/A,"Lookout Mountain, Ga. - Barnes PE Center",Win,2,False,287,False,09:13,"SUB IN by CALDWELL,CAM",36,,51 ,,,,"SUB IN by CALDWELL,CAM",2,subbing in,,sewanee,"caldwell,cam",,"['williams,jorden', 'thomas,adrian', 'stone,brody', 'born,clay', 'born,leo', 'caldwell,cam']","['palmer,nick', 'jauch,jared', 'allen,zack', 'haynes,caleb', 'spragg,bailey', 'dryden,berto', 'portlock,will']",553
359,1167,Covenant,Sewanee,0,56-73,"35,38","28,28",10-10,12-8,N/A,N/A,01/31/17,5:30 AM,N/A,"Lookout Mountain, Ga. - Barnes PE Center",Win,2,False,287,False,09:13,"SUB OUT by BORN,CLAY",36,,51 ,,,,"SUB OUT by BORN,CLAY",2,subbing out,,sewanee,"born,clay",,"['williams,jorden', 'thomas,adrian', 'stone,brody', 'born,leo', 'caldwell,cam']","['palmer,nick', 'jauch,jared', 'allen,zack', 'haynes,caleb', 'spragg,bailey', 'dryden,berto', 'portlock,will']",553
360,1167,Covenant,Sewanee,0,56-73,"35,38","28,28",10-10,12-8,N/A,N/A,01/31/17,5:30 AM,N/A,"Lookout Mountain, Ga. - Barnes PE Center",Win,2,False,287,False,09:13,,36,,51 ,"SUB IN by PHELPS,BEN",,,"SUB IN by PHELPS,BEN",2,subbing in,,covenant,"phelps,ben",,"['williams,jorden', 'thomas,adrian', 'stone,brody', 'born,leo', 'caldwell,cam']","['palmer,nick', 'jauch,jared', 'allen,zack', 'haynes,caleb', 'spragg,bailey', 'dryden,berto', 'portlock,will', 'phelps,ben']",553
361,1167,Covenant,Sewanee,0,56-73,"35,38","28,28",10-10,12-8,N/A,N/A,01/31/17,5:30 AM,N/A,"Lookout Mountain, Ga. - Barnes PE Center",Win,2,False,287,False,09:13,,36,,51 ,"SUB OUT by DRYDEN,BERTO",,,"SUB OUT by DRYDEN,BERTO",2,subbing out,,covenant,"dryden,berto",,"['williams,jorden', 'thomas,adrian', 'stone,brody', 'born,leo', 'caldwell,cam']","['palmer,nick', 'jauch,jared', 'allen,zack', 'haynes,caleb', 'spragg,bailey', 'portlock,will', 'phelps,ben']",553
362,1167,Covenant,Sewanee,0,56-73,"35,38","28,28",10-10,12-8,N/A,N/A,01/31/17,5:30 AM,N/A,"Lookout Mountain, Ga. - Barnes PE Center",Win,2,False,287,False,09:08,"GOOD 3PTR by WILLIAMS,JORDEN",39,,51 ,,SEWANEE 39-51 (-12),,"GOOD 3PTR by WILLIAMS,JORDEN",2,three pointer,good,sewanee,"williams,jorden",3,"['williams,jorden', 'thomas,adrian', 'stone,brody', 'born,leo', 'caldwell,cam']","['palmer,nick', 'jauch,jared', 'allen,zack', 'haynes,caleb', 'spragg,bailey', 'portlock,will', 'phelps,ben']",548
363,1167,Covenant,Sewanee,0,56-73,"35,38","28,28",10-10,12-8,N/A,N/A,01/31/17,5:30 AM,N/A,"Lookout Mountain, Ga. - Barnes PE Center",Win,2,False,287,False,09:06,"FOUL  by CALDWELL,CAM",39,,51 ,,,,"FOUL  by CALDWELL,CAM",2,foul,,sewanee,"caldwell,cam",,"['williams,jorden', 'thomas,adrian', 'stone,brody', 'born,leo', 'caldwell,cam']","['palmer,nick', 'jauch,jared', 'allen,zack', 'haynes,caleb', 'spragg,bailey', 'portlock,will', 'phelps,ben']",546
364,1167,Covenant,Sewanee,0,56-73,"35,38","28,28",10-10,12-8,N/A,N/A,01/31/17,5:30 AM,N/A,"Lookout Mountain, Ga. - Barnes PE Center",Win,2,False,287,False,08:44,,39,,51 ,"MISS 3PTR by SPRAGG,BAILEY",,,"MISS 3PTR by SPRAGG,BAILEY",2,three pointer,missed,covenant,"spragg,bailey",,"['williams,jorden', 'thomas,adrian', 'stone,brody', 'born,leo', 'caldwell,cam']","['palmer,nick', 'jauch,jared', 'allen,zack', 'haynes,caleb', 'spragg,bailey', 'portlock,will', 'phelps,ben']",524
365,1167,Covenant,Sewanee,0,56-73,"35,38","28,28",10-10,12-8,N/A,N/A,01/31/17,5:30 AM,N/A,"Lookout Mountain, Ga. - Barnes PE Center",Win,2,False,287,False,--,"REBOUND DEF by BORN,LEO",39,,51 ,,,,"REBOUND DEF by BORN,LEO",2,defensive rebound,,sewanee,"born,leo",,"['williams,jorden', 'thomas,adrian', 'stone,brody', 'born,leo', 'caldwell,cam']","['palmer,nick', 'jauch,jared', 'allen,zack', 'haynes,caleb', 'spragg,bailey', 'portlock,will', 'phelps,ben']",
366,1167,Covenant,Sewanee,0,56-73,"35,38","28,28",10-10,12-8,N/A,N/A,01/31/17,5:30 AM,N/A,"Lookout Mountain, Ga. - Barnes PE Center",Win,2,False,287,False,08:33,"MISS 3PTR by CALDWELL,CAM",39,,51 ,,,,"MISS 3PTR by CALDWELL,CAM",2,three pointer,missed,sewanee,"caldwell,cam",,"['williams,jorden', 'thomas,adrian', 'stone,brody', 'born,leo', 'caldwell,cam']","['palmer,nick', 'jauch,jared', 'allen,zack', 'haynes,caleb', 'spragg,bailey', 'portlock,will', 'phelps,ben']",513
367,1167,Covenant,Sewanee,0,56-73,"35,38","28,28",10-10,12-8,N/A,N/A,01/31/17,5:30 AM,N/A,"Lookout Mountain, Ga. - Barnes PE Center",Win,2,False,287,False,--,,39,,51 ,"REBOUND DEF by ALLEN,ZACK",,,"REBOUND DEF by ALLEN,ZACK",2,defensive rebound,,covenant,"allen,zack",,"['williams,jorden', 'thomas,adrian', 'stone,brody', 'born,leo', 'caldwell,cam']","['palmer,nick', 'jauch,jared', 'allen,zack', 'haynes,caleb', 'spragg,bailey', 'portlock,will', 'phelps,ben']",
368,1167,Covenant,Sewanee,0,56-73,"35,38","28,28",10-10,12-8,N/A,N/A,01/31/17,5:30 AM,N/A,"Lookout Mountain, Ga. - Barnes PE Center",Win,2,False,287,False,08:03,,39,,51 ,"MISS JUMPER by SPRAGG,BAILEY",,,"MISS JUMPER by SPRAGG,BAILEY",2,jumper,missed,covenant,"spragg,bailey",,"['williams,jorden', 'thomas,adrian', 'stone,brody', 'born,leo', 'caldwell,cam']","['palmer,nick', 'jauch,jared', 'allen,zack', 'haynes,caleb', 'spragg,bailey', 'portlock,will', 'phelps,ben']",483
369,1167,Covenant,Sewanee,0,56-73,"35,38","28,28",10-10,12-8,N/A,N/A,01/31/17,5:30 AM,N/A,"Lookout Mountain, Ga. - Barnes PE Center",Win,2,False,287,False,--,"REBOUND DEF by STONE,BRODY",39,,51 ,,,,"REBOUND DEF by STONE,BRODY",2,defensive rebound,,sewanee,"stone,brody",,"['williams,jorden', 'thomas,adrian', 'stone,brody', 'born,leo', 'caldwell,cam']","['palmer,nick', 'jauch,jared', 'allen,zack', 'haynes,caleb', 'spragg,bailey', 'portlock,will', 'phelps,ben']",
370,1167,Covenant,Sewanee,0,56-73,"35,38","28,28",10-10,12-8,N/A,N/A,01/31/17,5:30 AM,N/A,"Lookout Mountain, Ga. - Barnes PE Center",Win,2,False,287,False,07:54,"MISS 3PTR by STONE,BRODY",39,,51 ,,,,"MISS 3PTR by STONE,BRODY",2,three pointer,missed,sewanee,"stone,brody",,"['williams,jorden', 'thomas,adrian', 'stone,brody', 'born,leo', 'caldwell,cam']","['palmer,nick', 'jauch,jared', 'allen,zack', 'haynes,caleb', 'spragg,bailey', 'portlock,will', 'phelps,ben']",474
371,1167,Covenant,Sewanee,0,56-73,"35,38","28,28",10-10,12-8,N/A,N/A,01/31/17,5:30 AM,N/A,"Lookout Mountain, Ga. - Barnes PE Center",Win,2,False,287,False,--,,39,,51 ,"REBOUND DEF by SPRAGG,BAILEY",,,"REBOUND DEF by SPRAGG,BAILEY",2,defensive rebound,,covenant,"spragg,bailey",,"['williams,jorden', 'thomas,adrian', 'stone,brody', 'born,leo', 'caldwell,cam']","['palmer,nick', 'jauch,jared', 'allen,zack', 'haynes,caleb', 'spragg,bailey', 'portlock,will', 'phelps,ben']",
372,1167,Covenant,Sewanee,0,56-73,"35,38","28,28",10-10,12-8,N/A,N/A,01/31/17,5:30 AM,N/A,"Lookout Mountain, Ga. - Barnes PE Center",Win,2,False,287,False,07:33,"FOUL  by CALDWELL,CAM",39,,51 ,,,,"FOUL  by CALDWELL,CAM",2,foul,,sewanee,"caldwell,cam",,"['williams,jorden', 'thomas,adrian', 'stone,brody', 'born,leo', 'caldwell,cam']","['palmer,nick', 'jauch,jared', 'allen,zack', 'haynes,caleb', 'spragg,bailey', 'portlock,will', 'phelps,ben']",453
373,1167,Covenant,Sewanee,0,56-73,"35,38","28,28",10-10,12-8,N/A,N/A,01/31/17,5:30 AM,N/A,"Lookout Mountain, Ga. - Barnes PE Center",Win,2,False,287,False,07:33,,39,,51 ,TIMEOUT 20SEC by TEAM,,,TIMEOUT 20SEC by TEAM,2,timeout,,covenant,,,"['williams,jorden', 'thomas,adrian', 'stone,brody', 'born,leo', 'caldwell,cam']","['palmer,nick', 'jauch,jared', 'allen,zack', 'haynes,caleb', 'spragg,bailey', 'portlock,will', 'phelps,ben']",453
374,1167,Covenant,Sewanee,0,56-73,"35,38","28,28",10-10,12-8,N/A,N/A,01/31/17,5:30 AM,N/A,"Lookout Mountain, Ga. - Barnes PE Center",Win,2,False,287,False,07:33,,39,,52 ,"GOOD FT by PORTLOCK,WILL",CCM 39-52 (-13),,"GOOD FT by PORTLOCK,WILL",2,free throw,good,covenant,"portlock,will",1,"['williams,jorden', 'thomas,adrian', 'stone,brody', 'born,leo', 'caldwell,cam']","['palmer,nick', 'jauch,jared', 'allen,zack', 'haynes,caleb', 'spragg,bailey', 'portlock,will', 'phelps,ben']",453
375,1167,Covenant,Sewanee,0,56-73,"35,38","28,28",10-10,12-8,N/A,N/A,01/31/17,5:30 AM,N/A,"Lookout Mountain, Ga. - Barnes PE Center",Win,2,False,287,False,07:33,,39,,53 ,"GOOD FT by PORTLOCK,WILL",CCM 39-53 (-14),,"GOOD FT by PORTLOCK,WILL",2,free throw,good,covenant,"portlock,will",1,"['williams,jorden', 'thomas,adrian', 'stone,brody', 'born,leo', 'caldwell,cam']","['palmer,nick', 'jauch,jared', 'allen,zack', 'haynes,caleb', 'spragg,bailey', 'portlock,will', 'phelps,ben']",453
376,1167,Covenant,Sewanee,0,56-73,"35,38","28,28",10-10,12-8,N/A,N/A,01/31/17,5:30 AM,N/A,"Lookout Mountain, Ga. - Barnes PE Center",Win,2,False,287,False,07:33,,39,,53 ,"SUB IN by ARIMA,Z",,,"SUB IN by ARIMA,Z",2,subbing in,,covenant,"arima,z",,"['williams,jorden', 'thomas,adrian', 'stone,brody', 'born,leo', 'caldwell,cam']","['palmer,nick', 'jauch,jared', 'allen,zack', 'haynes,caleb', 'spragg,bailey', 'portlock,will', 'phelps,ben', 'arima,z']",453
377,1167,Covenant,Sewanee,0,56-73,"35,38","28,28",10-10,12-8,N/A,N/A,01/31/17,5:30 AM,N/A,"Lookout Mountain, Ga. - Barnes PE Center",Win,2,False,287,False,07:33,,39,,53 ,"SUB OUT by SPRAGG,BAILEY",,,"SUB OUT by SPRAGG,BAILEY",2,subbing out,,covenant,"spragg,bailey",,"['williams,jorden', 'thomas,adrian', 'stone,brody', 'born,leo', 'caldwell,cam']","['palmer,nick', 'jauch,jared', 'allen,zack', 'haynes,caleb', 'portlock,will', 'phelps,ben', 'arima,z']",453
378,1167,Covenant,Sewanee,0,56-73,"35,38","28,28",10-10,12-8,N/A,N/A,01/31/17,5:30 AM,N/A,"Lookout Mountain, Ga. - Barnes PE Center",Win,2,False,287,False,07:22,"MISS 3PTR by WILLIAMS,JORDEN",39,,53 ,,,,"MISS 3PTR by WILLIAMS,JORDEN",2,three pointer,missed,sewanee,"williams,jorden",,"['williams,jorden', 'thomas,adrian', 'stone,brody', 'born,leo', 'caldwell,cam']","['palmer,nick', 'jauch,jared', 'allen,zack', 'haynes,caleb', 'portlock,will', 'phelps,ben', 'arima,z']",442
379,1167,Covenant,Sewanee,0,56-73,"35,38","28,28",10-10,12-8,N/A,N/A,01/31/17,5:30 AM,N/A,"Lookout Mountain, Ga. - Barnes PE Center",Win,2,False,287,False,--,,39,,53 ,"REBOUND DEF by ARIMA,Z",,,"REBOUND DEF by ARIMA,Z",2,defensive rebound,,covenant,"arima,z",,"['williams,jorden', 'thomas,adrian', 'stone,brody', 'born,leo', 'caldwell,cam']","['palmer,nick', 'jauch,jared', 'allen,zack', 'haynes,caleb', 'portlock,will', 'phelps,ben', 'arima,z']",
380,1167,Covenant,Sewanee,0,56-73,"35,38","28,28",10-10,12-8,N/A,N/A,01/31/17,5:30 AM,N/A,"Lookout Mountain, Ga. - Barnes PE Center",Win,2,False,287,False,07:04,"FOUL  by BORN,LEO",39,,53 ,,,,"FOUL  by BORN,LEO",2,foul,,sewanee,"born,leo",,"['williams,jorden', 'thomas,adrian', 'stone,brody', 'born,leo', 'caldwell,cam']","['palmer,nick', 'jauch,jared', 'allen,zack', 'haynes,caleb', 'portlock,will', 'phelps,ben', 'arima,z']",424
381,1167,Covenant,Sewanee,0,56-73,"35,38","28,28",10-10,12-8,N/A,N/A,01/31/17,5:30 AM,N/A,"Lookout Mountain, Ga. - Barnes PE Center",Win,2,False,287,False,07:04,,39,,53 ,"SUB IN by TWAGIRAYEZU,PATJO",,,"SUB IN by TWAGIRAYEZU,PATJO",2,subbing in,,covenant,"twagirayezu,patjo",,"['williams,jorden', 'thomas,adrian', 'stone,brody', 'born,leo', 'caldwell,cam']","['palmer,nick', 'jauch,jared', 'allen,zack', 'haynes,caleb', 'portlock,will', 'phelps,ben', 'arima,z', 'twagirayezu,patjo']",424
382,1167,Covenant,Sewanee,0,56-73,"35,38","28,28",10-10,12-8,N/A,N/A,01/31/17,5:30 AM,N/A,"Lookout Mountain, Ga. - Barnes PE Center",Win,2,False,287,False,07:04,,39,,53 ,"SUB OUT by HAYNES,CALEB",,,"SUB OUT by HAYNES,CALEB",2,subbing out,,covenant,"haynes,caleb",,"['williams,jorden', 'thomas,adrian', 'stone,brody', 'born,leo', 'caldwell,cam']","['palmer,nick', 'jauch,jared', 'allen,zack', 'portlock,will', 'phelps,ben', 'arima,z', 'twagirayezu,patjo']",424
383,1167,Covenant,Sewanee,0,56-73,"35,38","28,28",10-10,12-8,N/A,N/A,01/31/17,5:30 AM,N/A,"Lookout Mountain, Ga. - Barnes PE Center",Win,2,False,287,False,07:01,,39,,53 ,"MISS JUMPER by TWAGIRAYEZU,PATJO",,,"MISS JUMPER by TWAGIRAYEZU,PATJO",2,jumper,missed,covenant,"twagirayezu,patjo",,"['williams,jorden', 'thomas,adrian', 'stone,brody', 'born,leo', 'caldwell,cam']","['palmer,nick', 'jauch,jared', 'allen,zack', 'portlock,will', 'phelps,ben', 'arima,z', 'twagirayezu,patjo']",421
384,1167,Covenant,Sewanee,0,56-73,"35,38","28,28",10-10,12-8,N/A,N/A,01/31/17,5:30 AM,N/A,"Lookout Mountain, Ga. - Barnes PE Center",Win,2,False,287,False,--,"REBOUND DEF by THOMAS,ADRIAN",39,,53 ,,,,"REBOUND DEF by THOMAS,ADRIAN",2,defensive rebound,,sewanee,"thomas,adrian",,"['williams,jorden', 'thomas,adrian', 'stone,brody', 'born,leo', 'caldwell,cam']","['palmer,nick', 'jauch,jared', 'allen,zack', 'portlock,will', 'phelps,ben', 'arima,z', 'twagirayezu,patjo']",
385,1167,Covenant,Sewanee,0,56-73,"35,38","28,28",10-10,12-8,N/A,N/A,01/31/17,5:30 AM,N/A,"Lookout Mountain, Ga. - Barnes PE Center",Win,2,False,287,False,06:51,,39,,53 ,"FOUL  by ALLEN,ZACK",,,"FOUL  by ALLEN,ZACK",2,foul,,covenant,"allen,zack",,"['williams,jorden', 'thomas,adrian', 'stone,brody', 'born,leo', 'caldwell,cam']","['palmer,nick', 'jauch,jared', 'allen,zack', 'portlock,will', 'phelps,ben', 'arima,z', 'twagirayezu,patjo']",411
386,1167,Covenant,Sewanee,0,56-73,"35,38","28,28",10-10,12-8,N/A,N/A,01/31/17,5:30 AM,N/A,"Lookout Mountain, Ga. - Barnes PE Center",Win,2,False,287,False,06:51,"GOOD FT by THOMAS,ADRIAN",40,,53 ,,SEWANEE 40-53 (-13),,"GOOD FT by THOMAS,ADRIAN",2,free throw,good,sewanee,"thomas,adrian",1,"['williams,jorden', 'thomas,adrian', 'stone,brody', 'born,leo', 'caldwell,cam']","['palmer,nick', 'jauch,jared', 'allen,zack', 'portlock,will', 'phelps,ben', 'arima,z', 'twagirayezu,patjo']",411
387,1167,Covenant,Sewanee,0,56-73,"35,38","28,28",10-10,12-8,N/A,N/A,01/31/17,5:30 AM,N/A,"Lookout Mountain, Ga. - Barnes PE Center",Win,2,False,287,False,06:51,"GOOD FT by THOMAS,ADRIAN",41,,53 ,,SEWANEE 41-53 (-12),,"GOOD FT by THOMAS,ADRIAN",2,free throw,good,sewanee,"thomas,adrian",1,"['williams,jorden', 'thomas,adrian', 'stone,brody', 'born,leo', 'caldwell,cam']","['palmer,nick', 'jauch,jared', 'allen,zack', 'portlock,will', 'phelps,ben', 'arima,z', 'twagirayezu,patjo']",411
388,1167,Covenant,Sewanee,0,56-73,"35,38","28,28",10-10,12-8,N/A,N/A,01/31/17,5:30 AM,N/A,"Lookout Mountain, Ga. - Barnes PE Center",Win,2,False,287,False,06:51,,41,,53 ,"SUB IN by SPRAGG,BAILEY",,,"SUB IN by SPRAGG,BAILEY",2,subbing in,,covenant,"spragg,bailey",,"['williams,jorden', 'thomas,adrian', 'stone,brody', 'born,leo', 'caldwell,cam']","['palmer,nick', 'jauch,jared', 'allen,zack', 'portlock,will', 'phelps,ben', 'arima,z', 'twagirayezu,patjo', 'spragg,bailey']",411
389,1167,Covenant,Sewanee,0,56-73,"35,38","28,28",10-10,12-8,N/A,N/A,01/31/17,5:30 AM,N/A,"Lookout Mountain, Ga. - Barnes PE Center",Win,2,False,287,False,06:51,,41,,53 ,"SUB OUT by ALLEN,ZACK",,,"SUB OUT by ALLEN,ZACK",2,subbing out,,covenant,"allen,zack",,"['williams,jorden', 'thomas,adrian', 'stone,brody', 'born,leo', 'caldwell,cam']","['palmer,nick', 'jauch,jared', 'portlock,will', 'phelps,ben', 'arima,z', 'twagirayezu,patjo', 'spragg,bailey']",411
390,1167,Covenant,Sewanee,0,56-73,"35,38","28,28",10-10,12-8,N/A,N/A,01/31/17,5:30 AM,N/A,"Lookout Mountain, Ga. - Barnes PE Center",Win,2,False,287,False,06:37,,41,,53 ,"MISS 3PTR by PHELPS,BEN",,,"MISS 3PTR by PHELPS,BEN",2,three pointer,missed,covenant,"phelps,ben",,"['williams,jorden', 'thomas,adrian', 'stone,brody', 'born,leo', 'caldwell,cam']","['palmer,nick', 'jauch,jared', 'portlock,will', 'phelps,ben', 'arima,z', 'twagirayezu,patjo', 'spragg,bailey']",397
391,1167,Covenant,Sewanee,0,56-73,"35,38","28,28",10-10,12-8,N/A,N/A,01/31/17,5:30 AM,N/A,"Lookout Mountain, Ga. - Barnes PE Center",Win,2,False,287,False,--,"REBOUND DEF by STONE,BRODY",41,,53 ,,,,"REBOUND DEF by STONE,BRODY",2,defensive rebound,,sewanee,"stone,brody",,"['williams,jorden', 'thomas,adrian', 'stone,brody', 'born,leo', 'caldwell,cam']","['palmer,nick', 'jauch,jared', 'portlock,will', 'phelps,ben', 'arima,z', 'twagirayezu,patjo', 'spragg,bailey']",
392,1167,Covenant,Sewanee,0,56-73,"35,38","28,28",10-10,12-8,N/A,N/A,01/31/17,5:30 AM,N/A,"Lookout Mountain, Ga. - Barnes PE Center",Win,2,False,287,False,06:27,"GOOD LAYUP by BORN,LEO(in the paint)",43,,53 ,,SEWANEE 43-53 (-10),,"GOOD LAYUP by BORN,LEO(in the paint)",2,layup,good,sewanee,"born,leo",2,"['williams,jorden', 'thomas,adrian', 'stone,brody', 'born,leo', 'caldwell,cam']","['palmer,nick', 'jauch,jared', 'portlock,will', 'phelps,ben', 'arima,z', 'twagirayezu,patjo', 'spragg,bailey']",387
393,1167,Covenant,Sewanee,0,56-73,"35,38","28,28",10-10,12-8,N/A,N/A,01/31/17,5:30 AM,N/A,"Lookout Mountain, Ga. - Barnes PE Center",Win,2,False,287,False,--,"ASSIST  by WILLIAMS,JORDEN",43,,53 ,,,,"ASSIST  by WILLIAMS,JORDEN",2,assist,,sewanee,"williams,jorden",,"['williams,jorden', 'thomas,adrian', 'stone,brody', 'born,leo', 'caldwell,cam']","['palmer,nick', 'jauch,jared', 'portlock,will', 'phelps,ben', 'arima,z', 'twagirayezu,patjo', 'spragg,bailey']",
394,1167,Covenant,Sewanee,0,56-73,"35,38","28,28",10-10,12-8,N/A,N/A,01/31/17,5:30 AM,N/A,"Lookout Mountain, Ga. - Barnes PE Center",Win,2,False,287,False,06:18,,43,,53 ,TIMEOUT 30SEC by TEAM,,,TIMEOUT 30SEC by TEAM,2,timeout,,covenant,,,"['williams,jorden', 'thomas,adrian', 'stone,brody', 'born,leo', 'caldwell,cam']","['palmer,nick', 'jauch,jared', 'portlock,will', 'phelps,ben', 'arima,z', 'twagirayezu,patjo', 'spragg,bailey']",378
395,1167,Covenant,Sewanee,0,56-73,"35,38","28,28",10-10,12-8,N/A,N/A,01/31/17,5:30 AM,N/A,"Lookout Mountain, Ga. - Barnes PE Center",Win,2,False,287,False,06:18,,43,,53 ,"SUB IN by DRYDEN,BERTO",,,"SUB IN by DRYDEN,BERTO",2,subbing in,,covenant,"dryden,berto",,"['williams,jorden', 'thomas,adrian', 'stone,brody', 'born,leo', 'caldwell,cam']","['palmer,nick', 'jauch,jared', 'portlock,will', 'phelps,ben', 'arima,z', 'twagirayezu,patjo', 'spragg,bailey', 'dryden,berto']",378
396,1167,Covenant,Sewanee,0,56-73,"35,38","28,28",10-10,12-8,N/A,N/A,01/31/17,5:30 AM,N/A,"Lookout Mountain, Ga. - Barnes PE Center",Win,2,False,287,False,06:18,,43,,53 ,"SUB OUT by PHELPS,BEN",,,"SUB OUT by PHELPS,BEN",2,subbing out,,covenant,"phelps,ben",,"['williams,jorden', 'thomas,adrian', 'stone,brody', 'born,leo', 'caldwell,cam']","['palmer,nick', 'jauch,jared', 'portlock,will', 'arima,z', 'twagirayezu,patjo', 'spragg,bailey', 'dryden,berto']",378
397,1167,Covenant,Sewanee,0,56-73,"35,38","28,28",10-10,12-8,N/A,N/A,01/31/17,5:30 AM,N/A,"Lookout Mountain, Ga. - Barnes PE Center",Win,2,False,287,False,06:05,,43,,53 ,"MISS LAYUP by ARIMA,Z",,,"MISS LAYUP by ARIMA,Z",2,layup,missed,covenant,"arima,z",,"['williams,jorden', 'thomas,adrian', 'stone,brody', 'born,leo', 'caldwell,cam']","['palmer,nick', 'jauch,jared', 'portlock,will', 'arima,z', 'twagirayezu,patjo', 'spragg,bailey', 'dryden,berto']",365
398,1167,Covenant,Sewanee,0,56-73,"35,38","28,28",10-10,12-8,N/A,N/A,01/31/17,5:30 AM,N/A,"Lookout Mountain, Ga. - Barnes PE Center",Win,2,False,287,False,--,"REBOUND DEF by WILLIAMS,JORDEN",43,,53 ,,,,"REBOUND DEF by WILLIAMS,JORDEN",2,defensive rebound,,sewanee,"williams,jorden",,"['williams,jorden', 'thomas,adrian', 'stone,brody', 'born,leo', 'caldwell,cam']","['palmer,nick', 'jauch,jared', 'portlock,will', 'arima,z', 'twagirayezu,patjo', 'spragg,bailey', 'dryden,berto']",
399,1167,Covenant,Sewanee,0,56-73,"35,38","28,28",10-10,12-8,N/A,N/A,01/31/17,5:30 AM,N/A,"Lookout Mountain, Ga. - Barnes PE Center",Win,2,False,287,False,05:45,,43,,53 ,"FOUL  by PORTLOCK,WILL",,,"FOUL  by PORTLOCK,WILL",2,foul,,covenant,"portlock,will",,"['williams,jorden', 'thomas,adrian', 'stone,brody', 'born,leo', 'caldwell,cam']","['palmer,nick', 'jauch,jared', 'portlock,will', 'arima,z', 'twagirayezu,patjo', 'spragg,bailey', 'dryden,berto']",345
400,1167,Covenant,Sewanee,0,56-73,"35,38","28,28",10-10,12-8,N/A,N/A,01/31/17,5:30 AM,N/A,"Lookout Mountain, Ga. - Barnes PE Center",Win,2,False,287,False,05:45,"MISS FT by THOMAS,ADRIAN",43,,53 ,,,,"MISS FT by THOMAS,ADRIAN",2,free throw,missed,sewanee,"thomas,adrian",,"['williams,jorden', 'thomas,adrian', 'stone,brody', 'born,leo', 'caldwell,cam']","['palmer,nick', 'jauch,jared', 'portlock,will', 'arima,z', 'twagirayezu,patjo', 'spragg,bailey', 'dryden,berto']",345
401,1167,Covenant,Sewanee,0,56-73,"35,38","28,28",10-10,12-8,N/A,N/A,01/31/17,5:30 AM,N/A,"Lookout Mountain, Ga. - Barnes PE Center",Win,2,False,287,False,--,,43,,53 ,"REBOUND DEF by ARIMA,Z",,,"REBOUND DEF by ARIMA,Z",2,defensive rebound,,covenant,"arima,z",,"['williams,jorden', 'thomas,adrian', 'stone,brody', 'born,leo', 'caldwell,cam']","['palmer,nick', 'jauch,jared', 'portlock,will', 'arima,z', 'twagirayezu,patjo', 'spragg,bailey', 'dryden,berto']",
402,1167,Covenant,Sewanee,0,56-73,"35,38","28,28",10-10,12-8,N/A,N/A,01/31/17,5:30 AM,N/A,"Lookout Mountain, Ga. - Barnes PE Center",Win,2,False,287,False,05:45,"SUB IN by BUESCHER,HUNTER",43,,53 ,,,,"SUB IN by BUESCHER,HUNTER",2,subbing in,,sewanee,"buescher,hunter",,"['williams,jorden', 'thomas,adrian', 'stone,brody', 'born,leo', 'caldwell,cam', 'buescher,hunter']","['palmer,nick', 'jauch,jared', 'portlock,will', 'arima,z', 'twagirayezu,patjo', 'spragg,bailey', 'dryden,berto']",345
403,1167,Covenant,Sewanee,0,56-73,"35,38","28,28",10-10,12-8,N/A,N/A,01/31/17,5:30 AM,N/A,"Lookout Mountain, Ga. - Barnes PE Center",Win,2,False,287,False,05:45,"SUB OUT by BORN,LEO",43,,53 ,,,,"SUB OUT by BORN,LEO",2,subbing out,,sewanee,"born,leo",,"['williams,jorden', 'thomas,adrian', 'stone,brody', 'caldwell,cam', 'buescher,hunter']","['palmer,nick', 'jauch,jared', 'portlock,will', 'arima,z', 'twagirayezu,patjo', 'spragg,bailey', 'dryden,berto']",345
404,1167,Covenant,Sewanee,0,56-73,"35,38","28,28",10-10,12-8,N/A,N/A,01/31/17,5:30 AM,N/A,"Lookout Mountain, Ga. - Barnes PE Center",Win,2,False,287,False,05:45,,43,,53 ,"SUB IN by HAYNES,CALEB",,,"SUB IN by HAYNES,CALEB",2,subbing in,,covenant,"haynes,caleb",,"['williams,jorden', 'thomas,adrian', 'stone,brody', 'caldwell,cam', 'buescher,hunter']","['palmer,nick', 'jauch,jared', 'portlock,will', 'arima,z', 'twagirayezu,patjo', 'spragg,bailey', 'dryden,berto', 'haynes,caleb']",345
405,1167,Covenant,Sewanee,0,56-73,"35,38","28,28",10-10,12-8,N/A,N/A,01/31/17,5:30 AM,N/A,"Lookout Mountain, Ga. - Barnes PE Center",Win,2,False,287,False,05:45,,43,,53 ,"SUB OUT by TWAGIRAYEZU,PATJO",,,"SUB OUT by TWAGIRAYEZU,PATJO",2,subbing out,,covenant,"twagirayezu,patjo",,"['williams,jorden', 'thomas,adrian', 'stone,brody', 'caldwell,cam', 'buescher,hunter']","['palmer,nick', 'jauch,jared', 'portlock,will', 'arima,z', 'spragg,bailey', 'dryden,berto', 'haynes,caleb']",345
406,1167,Covenant,Sewanee,0,56-73,"35,38","28,28",10-10,12-8,N/A,N/A,01/31/17,5:30 AM,N/A,"Lookout Mountain, Ga. - Barnes PE Center",Win,2,False,287,False,05:19,"FOUL  by THOMAS,ADRIAN",43,,53 ,,,,"FOUL  by THOMAS,ADRIAN",2,foul,,sewanee,"thomas,adrian",,"['williams,jorden', 'thomas,adrian', 'stone,brody', 'caldwell,cam', 'buescher,hunter']","['palmer,nick', 'jauch,jared', 'portlock,will', 'arima,z', 'spragg,bailey', 'dryden,berto', 'haynes,caleb']",319
407,1167,Covenant,Sewanee,0,56-73,"35,38","28,28",10-10,12-8,N/A,N/A,01/31/17,5:30 AM,N/A,"Lookout Mountain, Ga. - Barnes PE Center",Win,2,False,287,False,05:15,,43,,56 ,"GOOD 3PTR by SPRAGG,BAILEY",CCM 43-56 (-13),,"GOOD 3PTR by SPRAGG,BAILEY",2,three pointer,good,covenant,"spragg,bailey",3,"['williams,jorden', 'thomas,adrian', 'stone,brody', 'caldwell,cam', 'buescher,hunter']","['palmer,nick', 'jauch,jared', 'portlock,will', 'arima,z', 'spragg,bailey', 'dryden,berto', 'haynes,caleb']",315
408,1167,Covenant,Sewanee,0,56-73,"35,38","28,28",10-10,12-8,N/A,N/A,01/31/17,5:30 AM,N/A,"Lookout Mountain, Ga. - Barnes PE Center",Win,2,False,287,False,--,,43,,56 ,"ASSIST  by DRYDEN,BERTO",,,"ASSIST  by DRYDEN,BERTO",2,assist,,covenant,"dryden,berto",,"['williams,jorden', 'thomas,adrian', 'stone,brody', 'caldwell,cam', 'buescher,hunter']","['palmer,nick', 'jauch,jared', 'portlock,will', 'arima,z', 'spragg,bailey', 'dryden,berto', 'haynes,caleb']",
409,1167,Covenant,Sewanee,0,56-73,"35,38","28,28",10-10,12-8,N/A,N/A,01/31/17,5:30 AM,N/A,"Lookout Mountain, Ga. - Barnes PE Center",Win,2,False,287,False,04:54,"TURNOVER  by CALDWELL,CAM",43,,56 ,,,,"TURNOVER  by CALDWELL,CAM",2,turnover,,sewanee,"caldwell,cam",,"['williams,jorden', 'thomas,adrian', 'stone,brody', 'caldwell,cam', 'buescher,hunter']","['palmer,nick', 'jauch,jared', 'portlock,will', 'arima,z', 'spragg,bailey', 'dryden,berto', 'haynes,caleb']",294
410,1167,Covenant,Sewanee,0,56-73,"35,38","28,28",10-10,12-8,N/A,N/A,01/31/17,5:30 AM,N/A,"Lookout Mountain, Ga. - Barnes PE Center",Win,2,False,287,False,04:53,,43,,56 ,"STEAL  by ARIMA,Z",,,"STEAL  by ARIMA,Z",2,steal,,covenant,,,"['williams,jorden', 'thomas,adrian', 'stone,brody', 'caldwell,cam', 'buescher,hunter']","['palmer,nick', 'jauch,jared', 'portlock,will', 'arima,z', 'spragg,bailey', 'dryden,berto', 'haynes,caleb']",293
411,1167,Covenant,Sewanee,0,56-73,"35,38","28,28",10-10,12-8,N/A,N/A,01/31/17,5:30 AM,N/A,"Lookout Mountain, Ga. - Barnes PE Center",Win,2,False,287,False,04:26,,43,,56 ,"MISS JUMPER by PORTLOCK,WILL",,,"MISS JUMPER by PORTLOCK,WILL",2,jumper,missed,covenant,"portlock,will",,"['williams,jorden', 'thomas,adrian', 'stone,brody', 'caldwell,cam', 'buescher,hunter']","['palmer,nick', 'jauch,jared', 'portlock,will', 'arima,z', 'spragg,bailey', 'dryden,berto', 'haynes,caleb']",266
412,1167,Covenant,Sewanee,0,56-73,"35,38","28,28",10-10,12-8,N/A,N/A,01/31/17,5:30 AM,N/A,"Lookout Mountain, Ga. - Barnes PE Center",Win,2,False,287,False,--,"REBOUND DEF by THOMAS,ADRIAN",43,,56 ,,,,"REBOUND DEF by THOMAS,ADRIAN",2,defensive rebound,,sewanee,"thomas,adrian",,"['williams,jorden', 'thomas,adrian', 'stone,brody', 'caldwell,cam', 'buescher,hunter']","['palmer,nick', 'jauch,jared', 'portlock,will', 'arima,z', 'spragg,bailey', 'dryden,berto', 'haynes,caleb']",
413,1167,Covenant,Sewanee,0,56-73,"35,38","28,28",10-10,12-8,N/A,N/A,01/31/17,5:30 AM,N/A,"Lookout Mountain, Ga. - Barnes PE Center",Win,2,False,287,False,04:17,"MISS LAYUP by THOMAS,ADRIAN",43,,56 ,,,,"MISS LAYUP by THOMAS,ADRIAN",2,layup,missed,sewanee,"thomas,adrian",,"['williams,jorden', 'thomas,adrian', 'stone,brody', 'caldwell,cam', 'buescher,hunter']","['palmer,nick', 'jauch,jared', 'portlock,will', 'arima,z', 'spragg,bailey', 'dryden,berto', 'haynes,caleb']",257
414,1167,Covenant,Sewanee,0,56-73,"35,38","28,28",10-10,12-8,N/A,N/A,01/31/17,5:30 AM,N/A,"Lookout Mountain, Ga. - Barnes PE Center",Win,2,False,287,False,--,"REBOUND OFF by THOMAS,ADRIAN",43,,56 ,,,,"REBOUND OFF by THOMAS,ADRIAN",2,offensive rebound,,sewanee,"thomas,adrian",,"['williams,jorden', 'thomas,adrian', 'stone,brody', 'caldwell,cam', 'buescher,hunter']","['palmer,nick', 'jauch,jared', 'portlock,will', 'arima,z', 'spragg,bailey', 'dryden,berto', 'haynes,caleb']",
415,1167,Covenant,Sewanee,0,56-73,"35,38","28,28",10-10,12-8,N/A,N/A,01/31/17,5:30 AM,N/A,"Lookout Mountain, Ga. - Barnes PE Center",Win,2,False,287,False,04:13,"GOOD TIPIN by THOMAS,ADRIAN(in the paint)",45,,56 ,,SEWANEE 45-56 (-11),,"GOOD TIPIN by THOMAS,ADRIAN(in the paint)",2,tipin,good,sewanee,"thomas,adrian",2,"['williams,jorden', 'thomas,adrian', 'stone,brody', 'caldwell,cam', 'buescher,hunter']","['palmer,nick', 'jauch,jared', 'portlock,will', 'arima,z', 'spragg,bailey', 'dryden,berto', 'haynes,caleb']",253
416,1167,Covenant,Sewanee,0,56-73,"35,38","28,28",10-10,12-8,N/A,N/A,01/31/17,5:30 AM,N/A,"Lookout Mountain, Ga. - Barnes PE Center",Win,2,False,287,False,04:06,"FOUL  by BUESCHER,HUNTER",45,,56 ,,,,"FOUL  by BUESCHER,HUNTER",2,foul,,sewanee,"buescher,hunter",,"['williams,jorden', 'thomas,adrian', 'stone,brody', 'caldwell,cam', 'buescher,hunter']","['palmer,nick', 'jauch,jared', 'portlock,will', 'arima,z', 'spragg,bailey', 'dryden,berto', 'haynes,caleb']",246
417,1167,Covenant,Sewanee,0,56-73,"35,38","28,28",10-10,12-8,N/A,N/A,01/31/17,5:30 AM,N/A,"Lookout Mountain, Ga. - Barnes PE Center",Win,2,False,287,False,04:06,,45,,56 ,"MISS FT by DRYDEN,BERTO",,,"MISS FT by DRYDEN,BERTO",2,free throw,missed,covenant,"dryden,berto",,"['williams,jorden', 'thomas,adrian', 'stone,brody', 'caldwell,cam', 'buescher,hunter']","['palmer,nick', 'jauch,jared', 'portlock,will', 'arima,z', 'spragg,bailey', 'dryden,berto', 'haynes,caleb']",246
418,1167,Covenant,Sewanee,0,56-73,"35,38","28,28",10-10,12-8,N/A,N/A,01/31/17,5:30 AM,N/A,"Lookout Mountain, Ga. - Barnes PE Center",Win,2,False,287,False,--,"REBOUND DEF by BORN,CLAY",45,,56 ,,,,"REBOUND DEF by BORN,CLAY",2,defensive rebound,,sewanee,"born,clay",,"['williams,jorden', 'thomas,adrian', 'stone,brody', 'caldwell,cam', 'buescher,hunter']","['palmer,nick', 'jauch,jared', 'portlock,will', 'arima,z', 'spragg,bailey', 'dryden,berto', 'haynes,caleb']",
419,1167,Covenant,Sewanee,0,56-73,"35,38","28,28",10-10,12-8,N/A,N/A,01/31/17,5:30 AM,N/A,"Lookout Mountain, Ga. - Barnes PE Center",Win,2,False,287,False,04:06,"SUB IN by BORN,CLAY",45,,56 ,,,,"SUB IN by BORN,CLAY",2,subbing in,,sewanee,"born,clay",,"['williams,jorden', 'thomas,adrian', 'stone,brody', 'caldwell,cam', 'buescher,hunter', 'born,clay']","['palmer,nick', 'jauch,jared', 'portlock,will', 'arima,z', 'spragg,bailey', 'dryden,berto', 'haynes,caleb']",246
420,1167,Covenant,Sewanee,0,56-73,"35,38","28,28",10-10,12-8,N/A,N/A,01/31/17,5:30 AM,N/A,"Lookout Mountain, Ga. - Barnes PE Center",Win,2,False,287,False,04:06,"SUB IN by LEE,MATTHEW",45,,56 ,,,,"SUB IN by LEE,MATTHEW",2,subbing in,,sewanee,"lee,matthew",,"['williams,jorden', 'thomas,adrian', 'stone,brody', 'caldwell,cam', 'buescher,hunter', 'born,clay', 'lee,matthew']","['palmer,nick', 'jauch,jared', 'portlock,will', 'arima,z', 'spragg,bailey', 'dryden,berto', 'haynes,caleb']",246
421,1167,Covenant,Sewanee,0,56-73,"35,38","28,28",10-10,12-8,N/A,N/A,01/31/17,5:30 AM,N/A,"Lookout Mountain, Ga. - Barnes PE Center",Win,2,False,287,False,04:06,"SUB OUT by CALDWELL,CAM",45,,56 ,,,,"SUB OUT by CALDWELL,CAM",2,subbing out,,sewanee,"caldwell,cam",,"['williams,jorden', 'thomas,adrian', 'stone,brody', 'buescher,hunter', 'born,clay', 'lee,matthew']","['palmer,nick', 'jauch,jared', 'portlock,will', 'arima,z', 'spragg,bailey', 'dryden,berto', 'haynes,caleb']",246
422,1167,Covenant,Sewanee,0,56-73,"35,38","28,28",10-10,12-8,N/A,N/A,01/31/17,5:30 AM,N/A,"Lookout Mountain, Ga. - Barnes PE Center",Win,2,False,287,False,04:06,"SUB OUT by WILLIAMS,JORDEN",45,,56 ,,,,"SUB OUT by WILLIAMS,JORDEN",2,subbing out,,sewanee,"williams,jorden",,"['thomas,adrian', 'stone,brody', 'buescher,hunter', 'born,clay', 'lee,matthew']","['palmer,nick', 'jauch,jared', 'portlock,will', 'arima,z', 'spragg,bailey', 'dryden,berto', 'haynes,caleb']",246
423,1167,Covenant,Sewanee,0,56-73,"35,38","28,28",10-10,12-8,N/A,N/A,01/31/17,5:30 AM,N/A,"Lookout Mountain, Ga. - Barnes PE Center",Win,2,False,287,False,04:06,,45,,56 ,"SUB IN by TWAGIRAYEZU,PATJO",,,"SUB IN by TWAGIRAYEZU,PATJO",2,subbing in,,covenant,"twagirayezu,patjo",,"['thomas,adrian', 'stone,brody', 'buescher,hunter', 'born,clay', 'lee,matthew']","['palmer,nick', 'jauch,jared', 'portlock,will', 'arima,z', 'spragg,bailey', 'dryden,berto', 'haynes,caleb', 'twagirayezu,patjo']",246
424,1167,Covenant,Sewanee,0,56-73,"35,38","28,28",10-10,12-8,N/A,N/A,01/31/17,5:30 AM,N/A,"Lookout Mountain, Ga. - Barnes PE Center",Win,2,False,287,False,04:06,,45,,56 ,"SUB OUT by PORTLOCK,WILL",,,"SUB OUT by PORTLOCK,WILL",2,subbing out,,covenant,"portlock,will",,"['thomas,adrian', 'stone,brody', 'buescher,hunter', 'born,clay', 'lee,matthew']","['palmer,nick', 'jauch,jared', 'arima,z', 'spragg,bailey', 'dryden,berto', 'haynes,caleb', 'twagirayezu,patjo']",246
425,1167,Covenant,Sewanee,0,56-73,"35,38","28,28",10-10,12-8,N/A,N/A,01/31/17,5:30 AM,N/A,"Lookout Mountain, Ga. - Barnes PE Center",Win,2,False,287,False,03:57,"GOOD LAYUP by BORN,CLAY(in the paint)",47,,56 ,,SEWANEE 47-56 (-9),,"GOOD LAYUP by BORN,CLAY(in the paint)",2,layup,good,sewanee,"born,clay",2,"['thomas,adrian', 'stone,brody', 'buescher,hunter', 'born,clay', 'lee,matthew']","['palmer,nick', 'jauch,jared', 'arima,z', 'spragg,bailey', 'dryden,berto', 'haynes,caleb', 'twagirayezu,patjo']",237
426,1167,Covenant,Sewanee,0,56-73,"35,38","28,28",10-10,12-8,N/A,N/A,01/31/17,5:30 AM,N/A,"Lookout Mountain, Ga. - Barnes PE Center",Win,2,False,287,False,--,"ASSIST  by BUESCHER,HUNTER",47,,56 ,,,,"ASSIST  by BUESCHER,HUNTER",2,assist,,sewanee,"buescher,hunter",,"['thomas,adrian', 'stone,brody', 'buescher,hunter', 'born,clay', 'lee,matthew']","['palmer,nick', 'jauch,jared', 'arima,z', 'spragg,bailey', 'dryden,berto', 'haynes,caleb', 'twagirayezu,patjo']",
427,1167,Covenant,Sewanee,0,56-73,"35,38","28,28",10-10,12-8,N/A,N/A,01/31/17,5:30 AM,N/A,"Lookout Mountain, Ga. - Barnes PE Center",Win,2,False,287,False,03:25,,47,,58 ,"GOOD LAYUP by ARIMA,Z(in the paint)",CCM 47-58 (-11),,"GOOD LAYUP by ARIMA,Z(in the paint)",2,layup,good,covenant,"arima,z",2,"['thomas,adrian', 'stone,brody', 'buescher,hunter', 'born,clay', 'lee,matthew']","['palmer,nick', 'jauch,jared', 'arima,z', 'spragg,bailey', 'dryden,berto', 'haynes,caleb', 'twagirayezu,patjo']",205
428,1167,Covenant,Sewanee,0,56-73,"35,38","28,28",10-10,12-8,N/A,N/A,01/31/17,5:30 AM,N/A,"Lookout Mountain, Ga. - Barnes PE Center",Win,2,False,287,False,03:06,"TURNOVER  by BUESCHER,HUNTER",47,,58 ,,,,"TURNOVER  by BUESCHER,HUNTER",2,turnover,,sewanee,"buescher,hunter",,"['thomas,adrian', 'stone,brody', 'buescher,hunter', 'born,clay', 'lee,matthew']","['palmer,nick', 'jauch,jared', 'arima,z', 'spragg,bailey', 'dryden,berto', 'haynes,caleb', 'twagirayezu,patjo']",186
429,1167,Covenant,Sewanee,0,56-73,"35,38","28,28",10-10,12-8,N/A,N/A,01/31/17,5:30 AM,N/A,"Lookout Mountain, Ga. - Barnes PE Center",Win,2,False,287,False,03:06,,47,,58 ,TIMEOUT 20SEC by TEAM,,,TIMEOUT 20SEC by TEAM,2,timeout,,covenant,,,"['thomas,adrian', 'stone,brody', 'buescher,hunter', 'born,clay', 'lee,matthew']","['palmer,nick', 'jauch,jared', 'arima,z', 'spragg,bailey', 'dryden,berto', 'haynes,caleb', 'twagirayezu,patjo']",186
430,1167,Covenant,Sewanee,0,56-73,"35,38","28,28",10-10,12-8,N/A,N/A,01/31/17,5:30 AM,N/A,"Lookout Mountain, Ga. - Barnes PE Center",Win,2,False,287,False,03:06,"SUB IN by BORN,LEO",47,,58 ,,,,"SUB IN by BORN,LEO",2,subbing in,,sewanee,"born,leo",,"['thomas,adrian', 'stone,brody', 'buescher,hunter', 'born,clay', 'lee,matthew', 'born,leo']","['palmer,nick', 'jauch,jared', 'arima,z', 'spragg,bailey', 'dryden,berto', 'haynes,caleb', 'twagirayezu,patjo']",186
431,1167,Covenant,Sewanee,0,56-73,"35,38","28,28",10-10,12-8,N/A,N/A,01/31/17,5:30 AM,N/A,"Lookout Mountain, Ga. - Barnes PE Center",Win,2,False,287,False,03:06,"SUB OUT by THOMAS,ADRIAN",47,,58 ,,,,"SUB OUT by THOMAS,ADRIAN",2,subbing out,,sewanee,"thomas,adrian",,"['stone,brody', 'buescher,hunter', 'born,clay', 'lee,matthew', 'born,leo']","['palmer,nick', 'jauch,jared', 'arima,z', 'spragg,bailey', 'dryden,berto', 'haynes,caleb', 'twagirayezu,patjo']",186
432,1167,Covenant,Sewanee,0,56-73,"35,38","28,28",10-10,12-8,N/A,N/A,01/31/17,5:30 AM,N/A,"Lookout Mountain, Ga. - Barnes PE Center",Win,2,False,287,False,03:06,,47,,58 ,"SUB IN by PALMER,NICK",,,"SUB IN by PALMER,NICK",2,subbing in,,covenant,"palmer,nick",,"['stone,brody', 'buescher,hunter', 'born,clay', 'lee,matthew', 'born,leo']","['palmer,nick', 'jauch,jared', 'arima,z', 'spragg,bailey', 'dryden,berto', 'haynes,caleb', 'twagirayezu,patjo']",186
433,1167,Covenant,Sewanee,0,56-73,"35,38","28,28",10-10,12-8,N/A,N/A,01/31/17,5:30 AM,N/A,"Lookout Mountain, Ga. - Barnes PE Center",Win,2,False,287,False,03:06,,47,,58 ,"SUB OUT by SPRAGG,BAILEY",,,"SUB OUT by SPRAGG,BAILEY",2,subbing out,,covenant,"spragg,bailey",,"['stone,brody', 'buescher,hunter', 'born,clay', 'lee,matthew', 'born,leo']","['palmer,nick', 'jauch,jared', 'arima,z', 'spragg,bailey', 'dryden,berto', 'haynes,caleb', 'twagirayezu,patjo']",186
434,1167,Covenant,Sewanee,0,56-73,"35,38","28,28",10-10,12-8,N/A,N/A,01/31/17,5:30 AM,N/A,"Lookout Mountain, Ga. - Barnes PE Center",Win,2,False,287,False,02:56,"FOUL  by LEE,MATTHEW",47,,58 ,,,,"FOUL  by LEE,MATTHEW",2,foul,,sewanee,"lee,matthew",,"['stone,brody', 'buescher,hunter', 'born,clay', 'lee,matthew', 'born,leo']","['palmer,nick', 'jauch,jared', 'arima,z', 'spragg,bailey', 'dryden,berto', 'haynes,caleb', 'twagirayezu,patjo']",176
435,1167,Covenant,Sewanee,0,56-73,"35,38","28,28",10-10,12-8,N/A,N/A,01/31/17,5:30 AM,N/A,"Lookout Mountain, Ga. - Barnes PE Center",Win,2,False,287,False,02:56,,47,,59 ,"GOOD FT by ARIMA,Z",CCM 47-59 (-12),,"GOOD FT by ARIMA,Z",2,free throw,good,covenant,"arima,z",1,"['stone,brody', 'buescher,hunter', 'born,clay', 'lee,matthew', 'born,leo']","['palmer,nick', 'jauch,jared', 'arima,z', 'spragg,bailey', 'dryden,berto', 'haynes,caleb', 'twagirayezu,patjo']",176
436,1167,Covenant,Sewanee,0,56-73,"35,38","28,28",10-10,12-8,N/A,N/A,01/31/17,5:30 AM,N/A,"Lookout Mountain, Ga. - Barnes PE Center",Win,2,False,287,False,02:56,,47,,60 ,"GOOD FT by ARIMA,Z",CCM 47-60 (-13),,"GOOD FT by ARIMA,Z",2,free throw,good,covenant,"arima,z",1,"['stone,brody', 'buescher,hunter', 'born,clay', 'lee,matthew', 'born,leo']","['palmer,nick', 'jauch,jared', 'arima,z', 'spragg,bailey', 'dryden,berto', 'haynes,caleb', 'twagirayezu,patjo']",176
437,1167,Covenant,Sewanee,0,56-73,"35,38","28,28",10-10,12-8,N/A,N/A,01/31/17,5:30 AM,N/A,"Lookout Mountain, Ga. - Barnes PE Center",Win,2,False,287,False,02:56,"SUB IN by WILLIAMS,JORDEN",47,,60 ,,,,"SUB IN by WILLIAMS,JORDEN",2,subbing in,,sewanee,"williams,jorden",,"['stone,brody', 'buescher,hunter', 'born,clay', 'lee,matthew', 'born,leo', 'williams,jorden']","['palmer,nick', 'jauch,jared', 'arima,z', 'spragg,bailey', 'dryden,berto', 'haynes,caleb', 'twagirayezu,patjo']",176
438,1167,Covenant,Sewanee,0,56-73,"35,38","28,28",10-10,12-8,N/A,N/A,01/31/17,5:30 AM,N/A,"Lookout Mountain, Ga. - Barnes PE Center",Win,2,False,287,False,02:56,"SUB OUT by LEE,MATTHEW",47,,60 ,,,,"SUB OUT by LEE,MATTHEW",2,subbing out,,sewanee,"lee,matthew",,"['stone,brody', 'buescher,hunter', 'born,clay', 'born,leo', 'williams,jorden']","['palmer,nick', 'jauch,jared', 'arima,z', 'spragg,bailey', 'dryden,berto', 'haynes,caleb', 'twagirayezu,patjo']",176
439,1167,Covenant,Sewanee,0,56-73,"35,38","28,28",10-10,12-8,N/A,N/A,01/31/17,5:30 AM,N/A,"Lookout Mountain, Ga. - Barnes PE Center",Win,2,False,287,False,02:48,"MISS JUMPER by BORN,LEO",47,,60 ,,,,"MISS JUMPER by BORN,LEO",2,jumper,missed,sewanee,"born,leo",,"['stone,brody', 'buescher,hunter', 'born,clay', 'born,leo', 'williams,jorden']","['palmer,nick', 'jauch,jared', 'arima,z', 'spragg,bailey', 'dryden,berto', 'haynes,caleb', 'twagirayezu,patjo']",168
440,1167,Covenant,Sewanee,0,56-73,"35,38","28,28",10-10,12-8,N/A,N/A,01/31/17,5:30 AM,N/A,"Lookout Mountain, Ga. - Barnes PE Center",Win,2,False,287,False,--,,47,,60 ,"REBOUND DEF by TWAGIRAYEZU,PATJO",,,"REBOUND DEF by TWAGIRAYEZU,PATJO",2,defensive rebound,,covenant,"twagirayezu,patjo",,"['stone,brody', 'buescher,hunter', 'born,clay', 'born,leo', 'williams,jorden']","['palmer,nick', 'jauch,jared', 'arima,z', 'spragg,bailey', 'dryden,berto', 'haynes,caleb', 'twagirayezu,patjo']",
441,1167,Covenant,Sewanee,0,56-73,"35,38","28,28",10-10,12-8,N/A,N/A,01/31/17,5:30 AM,N/A,"Lookout Mountain, Ga. - Barnes PE Center",Win,2,False,287,False,02:45,"FOUL  by WILLIAMS,JORDEN",47,,60 ,,,,"FOUL  by WILLIAMS,JORDEN",2,foul,,sewanee,"williams,jorden",,"['stone,brody', 'buescher,hunter', 'born,clay', 'born,leo', 'williams,jorden']","['palmer,nick', 'jauch,jared', 'arima,z', 'spragg,bailey', 'dryden,berto', 'haynes,caleb', 'twagirayezu,patjo']",165
442,1167,Covenant,Sewanee,0,56-73,"35,38","28,28",10-10,12-8,N/A,N/A,01/31/17,5:30 AM,N/A,"Lookout Mountain, Ga. - Barnes PE Center",Win,2,False,287,False,02:45,,47,,61 ,"GOOD FT by TWAGIRAYEZU,PATJO",CCM 47-61 (-14),,"GOOD FT by TWAGIRAYEZU,PATJO",2,free throw,good,covenant,"twagirayezu,patjo",1,"['stone,brody', 'buescher,hunter', 'born,clay', 'born,leo', 'williams,jorden']","['palmer,nick', 'jauch,jared', 'arima,z', 'spragg,bailey', 'dryden,berto', 'haynes,caleb', 'twagirayezu,patjo']",165
443,1167,Covenant,Sewanee,0,56-73,"35,38","28,28",10-10,12-8,N/A,N/A,01/31/17,5:30 AM,N/A,"Lookout Mountain, Ga. - Barnes PE Center",Win,2,False,287,False,02:45,,47,,62 ,"GOOD FT by TWAGIRAYEZU,PATJO",CCM 47-62 (-15),,"GOOD FT by TWAGIRAYEZU,PATJO",2,free throw,good,covenant,"twagirayezu,patjo",1,"['stone,brody', 'buescher,hunter', 'born,clay', 'born,leo', 'williams,jorden']","['palmer,nick', 'jauch,jared', 'arima,z', 'spragg,bailey', 'dryden,berto', 'haynes,caleb', 'twagirayezu,patjo']",165
444,1167,Covenant,Sewanee,0,56-73,"35,38","28,28",10-10,12-8,N/A,N/A,01/31/17,5:30 AM,N/A,"Lookout Mountain, Ga. - Barnes PE Center",Win,2,False,287,False,02:45,,47,,62 ,"SUB IN by SPRAGG,BAILEY",,,"SUB IN by SPRAGG,BAILEY",2,subbing in,,covenant,"spragg,bailey",,"['stone,brody', 'buescher,hunter', 'born,clay', 'born,leo', 'williams,jorden']","['palmer,nick', 'jauch,jared', 'arima,z', 'spragg,bailey', 'dryden,berto', 'haynes,caleb', 'twagirayezu,patjo']",165
445,1167,Covenant,Sewanee,0,56-73,"35,38","28,28",10-10,12-8,N/A,N/A,01/31/17,5:30 AM,N/A,"Lookout Mountain, Ga. - Barnes PE Center",Win,2,False,287,False,02:45,,47,,62 ,"SUB OUT by ARIMA,Z",,,"SUB OUT by ARIMA,Z",2,subbing out,,covenant,"arima,z",,"['stone,brody', 'buescher,hunter', 'born,clay', 'born,leo', 'williams,jorden']","['palmer,nick', 'jauch,jared', 'arima,z', 'spragg,bailey', 'dryden,berto', 'haynes,caleb', 'twagirayezu,patjo']",165
446,1167,Covenant,Sewanee,0,56-73,"35,38","28,28",10-10,12-8,N/A,N/A,01/31/17,5:30 AM,N/A,"Lookout Mountain, Ga. - Barnes PE Center",Win,2,False,287,False,02:38,,47,,62 ,"FOUL  by PALMER,NICK",,,"FOUL  by PALMER,NICK",2,foul,,covenant,"palmer,nick",,"['stone,brody', 'buescher,hunter', 'born,clay', 'born,leo', 'williams,jorden']","['palmer,nick', 'jauch,jared', 'arima,z', 'spragg,bailey', 'dryden,berto', 'haynes,caleb', 'twagirayezu,patjo']",158
447,1167,Covenant,Sewanee,0,56-73,"35,38","28,28",10-10,12-8,N/A,N/A,01/31/17,5:30 AM,N/A,"Lookout Mountain, Ga. - Barnes PE Center",Win,2,False,287,False,02:38,"GOOD FT by BUESCHER,HUNTER",48,,62 ,,SEWANEE 48-62 (-14),,"GOOD FT by BUESCHER,HUNTER",2,free throw,good,sewanee,"buescher,hunter",1,"['stone,brody', 'buescher,hunter', 'born,clay', 'born,leo', 'williams,jorden']","['palmer,nick', 'jauch,jared', 'arima,z', 'spragg,bailey', 'dryden,berto', 'haynes,caleb', 'twagirayezu,patjo']",158
448,1167,Covenant,Sewanee,0,56-73,"35,38","28,28",10-10,12-8,N/A,N/A,01/31/17,5:30 AM,N/A,"Lookout Mountain, Ga. - Barnes PE Center",Win,2,False,287,False,02:38,"MISS FT by BUESCHER,HUNTER",48,,62 ,,,,"MISS FT by BUESCHER,HUNTER",2,free throw,missed,sewanee,"buescher,hunter",,"['stone,brody', 'buescher,hunter', 'born,clay', 'born,leo', 'williams,jorden']","['palmer,nick', 'jauch,jared', 'arima,z', 'spragg,bailey', 'dryden,berto', 'haynes,caleb', 'twagirayezu,patjo']",158
449,1167,Covenant,Sewanee,0,56-73,"35,38","28,28",10-10,12-8,N/A,N/A,01/31/17,5:30 AM,N/A,"Lookout Mountain, Ga. - Barnes PE Center",Win,2,False,287,False,--,,48,,62 ,REBOUND DEADB by TEAM,,,REBOUND DEADB by TEAM,2,deadball rebound,,covenant,,,"['stone,brody', 'buescher,hunter', 'born,clay', 'born,leo', 'williams,jorden']","['palmer,nick', 'jauch,jared', 'arima,z', 'spragg,bailey', 'dryden,berto', 'haynes,caleb', 'twagirayezu,patjo']",
450,1167,Covenant,Sewanee,0,56-73,"35,38","28,28",10-10,12-8,N/A,N/A,01/31/17,5:30 AM,N/A,"Lookout Mountain, Ga. - Barnes PE Center",Win,2,False,287,False,02:37,"FOUL  by STONE,BRODY",48,,62 ,,,,"FOUL  by STONE,BRODY",2,foul,,sewanee,"stone,brody",,"['stone,brody', 'buescher,hunter', 'born,clay', 'born,leo', 'williams,jorden']","['palmer,nick', 'jauch,jared', 'arima,z', 'spragg,bailey', 'dryden,berto', 'haynes,caleb', 'twagirayezu,patjo']",157
451,1167,Covenant,Sewanee,0,56-73,"35,38","28,28",10-10,12-8,N/A,N/A,01/31/17,5:30 AM,N/A,"Lookout Mountain, Ga. - Barnes PE Center",Win,2,False,287,False,02:37,,48,,63 ,"GOOD FT by HAYNES,CALEB",CCM 48-63 (-15),,"GOOD FT by HAYNES,CALEB",2,free throw,good,covenant,"haynes,caleb",1,"['stone,brody', 'buescher,hunter', 'born,clay', 'born,leo', 'williams,jorden']","['palmer,nick', 'jauch,jared', 'arima,z', 'spragg,bailey', 'dryden,berto', 'haynes,caleb', 'twagirayezu,patjo']",157
452,1167,Covenant,Sewanee,0,56-73,"35,38","28,28",10-10,12-8,N/A,N/A,01/31/17,5:30 AM,N/A,"Lookout Mountain, Ga. - Barnes PE Center",Win,2,False,287,False,02:37,,48,,64 ,"GOOD FT by HAYNES,CALEB",CCM 48-64 (-16),,"GOOD FT by HAYNES,CALEB",2,free throw,good,covenant,"haynes,caleb",1,"['stone,brody', 'buescher,hunter', 'born,clay', 'born,leo', 'williams,jorden']","['palmer,nick', 'jauch,jared', 'arima,z', 'spragg,bailey', 'dryden,berto', 'haynes,caleb', 'twagirayezu,patjo']",157
453,1167,Covenant,Sewanee,0,56-73,"35,38","28,28",10-10,12-8,N/A,N/A,01/31/17,5:30 AM,N/A,"Lookout Mountain, Ga. - Barnes PE Center",Win,2,False,287,False,02:29,"MISS 3PTR by WILLIAMS,JORDEN",48,,64 ,,,,"MISS 3PTR by WILLIAMS,JORDEN",2,three pointer,missed,sewanee,"williams,jorden",,"['stone,brody', 'buescher,hunter', 'born,clay', 'born,leo', 'williams,jorden']","['palmer,nick', 'jauch,jared', 'arima,z', 'spragg,bailey', 'dryden,berto', 'haynes,caleb', 'twagirayezu,patjo']",149
454,1167,Covenant,Sewanee,0,56-73,"35,38","28,28",10-10,12-8,N/A,N/A,01/31/17,5:30 AM,N/A,"Lookout Mountain, Ga. - Barnes PE Center",Win,2,False,287,False,--,"REBOUND OFF by BORN,LEO",48,,64 ,,,,"REBOUND OFF by BORN,LEO",2,offensive rebound,,sewanee,"born,leo",,"['stone,brody', 'buescher,hunter', 'born,clay', 'born,leo', 'williams,jorden']","['palmer,nick', 'jauch,jared', 'arima,z', 'spragg,bailey', 'dryden,berto', 'haynes,caleb', 'twagirayezu,patjo']",
455,1167,Covenant,Sewanee,0,56-73,"35,38","28,28",10-10,12-8,N/A,N/A,01/31/17,5:30 AM,N/A,"Lookout Mountain, Ga. - Barnes PE Center",Win,2,False,287,False,02:25,"GOOD LAYUP by BORN,LEO(in the paint)",50,,64 ,,SEWANEE 50-64 (-14),,"GOOD LAYUP by BORN,LEO(in the paint)",2,layup,good,sewanee,"born,leo",2,"['stone,brody', 'buescher,hunter', 'born,clay', 'born,leo', 'williams,jorden']","['palmer,nick', 'jauch,jared', 'arima,z', 'spragg,bailey', 'dryden,berto', 'haynes,caleb', 'twagirayezu,patjo']",145
456,1167,Covenant,Sewanee,0,56-73,"35,38","28,28",10-10,12-8,N/A,N/A,01/31/17,5:30 AM,N/A,"Lookout Mountain, Ga. - Barnes PE Center",Win,2,False,287,False,02:18,"FOUL  by BUESCHER,HUNTER",50,,64 ,,,,"FOUL  by BUESCHER,HUNTER",2,foul,,sewanee,"buescher,hunter",,"['stone,brody', 'buescher,hunter', 'born,clay', 'born,leo', 'williams,jorden']","['palmer,nick', 'jauch,jared', 'arima,z', 'spragg,bailey', 'dryden,berto', 'haynes,caleb', 'twagirayezu,patjo']",138
457,1167,Covenant,Sewanee,0,56-73,"35,38","28,28",10-10,12-8,N/A,N/A,01/31/17,5:30 AM,N/A,"Lookout Mountain, Ga. - Barnes PE Center",Win,2,False,287,False,02:18,,50,,65 ,"GOOD FT by DRYDEN,BERTO",CCM 50-65 (-15),,"GOOD FT by DRYDEN,BERTO",2,free throw,good,covenant,"dryden,berto",1,"['stone,brody', 'buescher,hunter', 'born,clay', 'born,leo', 'williams,jorden']","['palmer,nick', 'jauch,jared', 'arima,z', 'spragg,bailey', 'dryden,berto', 'haynes,caleb', 'twagirayezu,patjo']",138
458,1167,Covenant,Sewanee,0,56-73,"35,38","28,28",10-10,12-8,N/A,N/A,01/31/17,5:30 AM,N/A,"Lookout Mountain, Ga. - Barnes PE Center",Win,2,False,287,False,02:18,,50,,66 ,"GOOD FT by DRYDEN,BERTO",CCM 50-66 (-16),,"GOOD FT by DRYDEN,BERTO",2,free throw,good,covenant,"dryden,berto",1,"['stone,brody', 'buescher,hunter', 'born,clay', 'born,leo', 'williams,jorden']","['palmer,nick', 'jauch,jared', 'arima,z', 'spragg,bailey', 'dryden,berto', 'haynes,caleb', 'twagirayezu,patjo']",138
459,1167,Covenant,Sewanee,0,56-73,"35,38","28,28",10-10,12-8,N/A,N/A,01/31/17,5:30 AM,N/A,"Lookout Mountain, Ga. - Barnes PE Center",Win,2,False,287,False,02:06,"GOOD LAYUP by WILLIAMS,JORDEN(in the paint)",52,,66 ,,SEWANEE 52-66 (-14),,"GOOD LAYUP by WILLIAMS,JORDEN(in the paint)",2,layup,good,sewanee,"williams,jorden",2,"['stone,brody', 'buescher,hunter', 'born,clay', 'born,leo', 'williams,jorden']","['palmer,nick', 'jauch,jared', 'arima,z', 'spragg,bailey', 'dryden,berto', 'haynes,caleb', 'twagirayezu,patjo']",126
460,1167,Covenant,Sewanee,0,56-73,"35,38","28,28",10-10,12-8,N/A,N/A,01/31/17,5:30 AM,N/A,"Lookout Mountain, Ga. - Barnes PE Center",Win,2,False,287,False,01:59,"FOUL  by STONE,BRODY",52,,66 ,,,,"FOUL  by STONE,BRODY",2,foul,,sewanee,"stone,brody",,"['stone,brody', 'buescher,hunter', 'born,clay', 'born,leo', 'williams,jorden']","['palmer,nick', 'jauch,jared', 'arima,z', 'spragg,bailey', 'dryden,berto', 'haynes,caleb', 'twagirayezu,patjo']",119
461,1167,Covenant,Sewanee,0,56-73,"35,38","28,28",10-10,12-8,N/A,N/A,01/31/17,5:30 AM,N/A,"Lookout Mountain, Ga. - Barnes PE Center",Win,2,False,287,False,01:59,,52,,66 ,"MISS FT by PALMER,NICK",,,"MISS FT by PALMER,NICK",2,free throw,missed,covenant,"palmer,nick",,"['stone,brody', 'buescher,hunter', 'born,clay', 'born,leo', 'williams,jorden']","['palmer,nick', 'jauch,jared', 'arima,z', 'spragg,bailey', 'dryden,berto', 'haynes,caleb', 'twagirayezu,patjo']",119
462,1167,Covenant,Sewanee,0,56-73,"35,38","28,28",10-10,12-8,N/A,N/A,01/31/17,5:30 AM,N/A,"Lookout Mountain, Ga. - Barnes PE Center",Win,2,False,287,False,--,,52,,66 ,REBOUND DEADB by TEAM,,,REBOUND DEADB by TEAM,2,deadball rebound,,covenant,,,"['stone,brody', 'buescher,hunter', 'born,clay', 'born,leo', 'williams,jorden']","['palmer,nick', 'jauch,jared', 'arima,z', 'spragg,bailey', 'dryden,berto', 'haynes,caleb', 'twagirayezu,patjo']",
463,1167,Covenant,Sewanee,0,56-73,"35,38","28,28",10-10,12-8,N/A,N/A,01/31/17,5:30 AM,N/A,"Lookout Mountain, Ga. - Barnes PE Center",Win,2,False,287,False,01:59,,52,,67 ,"GOOD FT by PALMER,NICK",CCM 52-67 (-15),,"GOOD FT by PALMER,NICK",2,free throw,good,covenant,"palmer,nick",1,"['stone,brody', 'buescher,hunter', 'born,clay', 'born,leo', 'williams,jorden']","['palmer,nick', 'jauch,jared', 'arima,z', 'spragg,bailey', 'dryden,berto', 'haynes,caleb', 'twagirayezu,patjo']",119
464,1167,Covenant,Sewanee,0,56-73,"35,38","28,28",10-10,12-8,N/A,N/A,01/31/17,5:30 AM,N/A,"Lookout Mountain, Ga. - Barnes PE Center",Win,2,False,287,False,01:52,"MISS 3PTR by BORN,LEO",52,,67 ,,,,"MISS 3PTR by BORN,LEO",2,three pointer,missed,sewanee,"born,leo",,"['stone,brody', 'buescher,hunter', 'born,clay', 'born,leo', 'williams,jorden']","['palmer,nick', 'jauch,jared', 'arima,z', 'spragg,bailey', 'dryden,berto', 'haynes,caleb', 'twagirayezu,patjo']",112
465,1167,Covenant,Sewanee,0,56-73,"35,38","28,28",10-10,12-8,N/A,N/A,01/31/17,5:30 AM,N/A,"Lookout Mountain, Ga. - Barnes PE Center",Win,2,False,287,False,--,,52,,67 ,REBOUND DEF by TEAM,,,REBOUND DEF by TEAM,2,defensive rebound,,covenant,,,"['stone,brody', 'buescher,hunter', 'born,clay', 'born,leo', 'williams,jorden']","['palmer,nick', 'jauch,jared', 'arima,z', 'spragg,bailey', 'dryden,berto', 'haynes,caleb', 'twagirayezu,patjo']",
466,1167,Covenant,Sewanee,0,56-73,"35,38","28,28",10-10,12-8,N/A,N/A,01/31/17,5:30 AM,N/A,"Lookout Mountain, Ga. - Barnes PE Center",Win,2,False,287,False,01:40,"FOUL  by BUESCHER,HUNTER",52,,67 ,,,,"FOUL  by BUESCHER,HUNTER",2,foul,,sewanee,"buescher,hunter",,"['stone,brody', 'buescher,hunter', 'born,clay', 'born,leo', 'williams,jorden']","['palmer,nick', 'jauch,jared', 'arima,z', 'spragg,bailey', 'dryden,berto', 'haynes,caleb', 'twagirayezu,patjo']",100
467,1167,Covenant,Sewanee,0,56-73,"35,38","28,28",10-10,12-8,N/A,N/A,01/31/17,5:30 AM,N/A,"Lookout Mountain, Ga. - Barnes PE Center",Win,2,False,287,False,01:40,,52,,68 ,"GOOD FT by PALMER,NICK",CCM 52-68 (-16),,"GOOD FT by PALMER,NICK",2,free throw,good,covenant,"palmer,nick",1,"['stone,brody', 'buescher,hunter', 'born,clay', 'born,leo', 'williams,jorden']","['palmer,nick', 'jauch,jared', 'arima,z', 'spragg,bailey', 'dryden,berto', 'haynes,caleb', 'twagirayezu,patjo']",100
468,1167,Covenant,Sewanee,0,56-73,"35,38","28,28",10-10,12-8,N/A,N/A,01/31/17,5:30 AM,N/A,"Lookout Mountain, Ga. - Barnes PE Center",Win,2,False,287,False,01:40,,52,,69 ,"GOOD FT by PALMER,NICK",CCM 52-69 (-17),,"GOOD FT by PALMER,NICK",2,free throw,good,covenant,"palmer,nick",1,"['stone,brody', 'buescher,hunter', 'born,clay', 'born,leo', 'williams,jorden']","['palmer,nick', 'jauch,jared', 'arima,z', 'spragg,bailey', 'dryden,berto', 'haynes,caleb', 'twagirayezu,patjo']",100
469,1167,Covenant,Sewanee,0,56-73,"35,38","28,28",10-10,12-8,N/A,N/A,01/31/17,5:30 AM,N/A,"Lookout Mountain, Ga. - Barnes PE Center",Win,2,False,287,False,01:40,"SUB IN by SPENCER,JC",52,,69 ,,,,"SUB IN by SPENCER,JC",2,subbing in,,sewanee,"spencer,jc",,"['stone,brody', 'buescher,hunter', 'born,clay', 'born,leo', 'williams,jorden', 'spencer,jc']","['palmer,nick', 'jauch,jared', 'arima,z', 'spragg,bailey', 'dryden,berto', 'haynes,caleb', 'twagirayezu,patjo']",100
470,1167,Covenant,Sewanee,0,56-73,"35,38","28,28",10-10,12-8,N/A,N/A,01/31/17,5:30 AM,N/A,"Lookout Mountain, Ga. - Barnes PE Center",Win,2,False,287,False,01:40,"SUB IN by JOHNSON,DAVID",52,,69 ,,,,"SUB IN by JOHNSON,DAVID",2,subbing in,,sewanee,"johnson,david",,"['stone,brody', 'buescher,hunter', 'born,clay', 'born,leo', 'williams,jorden', 'spencer,jc', 'johnson,david']","['palmer,nick', 'jauch,jared', 'arima,z', 'spragg,bailey', 'dryden,berto', 'haynes,caleb', 'twagirayezu,patjo']",100
471,1167,Covenant,Sewanee,0,56-73,"35,38","28,28",10-10,12-8,N/A,N/A,01/31/17,5:30 AM,N/A,"Lookout Mountain, Ga. - Barnes PE Center",Win,2,False,287,False,01:40,"SUB IN by BRADEN,WILL",52,,69 ,,,,"SUB IN by BRADEN,WILL",2,subbing in,,sewanee,"braden,will",,"['stone,brody', 'buescher,hunter', 'born,clay', 'born,leo', 'williams,jorden', 'spencer,jc', 'johnson,david', 'braden,will']","['palmer,nick', 'jauch,jared', 'arima,z', 'spragg,bailey', 'dryden,berto', 'haynes,caleb', 'twagirayezu,patjo']",100
472,1167,Covenant,Sewanee,0,56-73,"35,38","28,28",10-10,12-8,N/A,N/A,01/31/17,5:30 AM,N/A,"Lookout Mountain, Ga. - Barnes PE Center",Win,2,False,287,False,01:40,"SUB IN by BARRY,MICHAEL",52,,69 ,,,,"SUB IN by BARRY,MICHAEL",2,subbing in,,sewanee,"barry,michael",,"['stone,brody', 'buescher,hunter', 'born,clay', 'born,leo', 'williams,jorden', 'spencer,jc', 'johnson,david', 'braden,will', 'barry,michael']","['palmer,nick', 'jauch,jared', 'arima,z', 'spragg,bailey', 'dryden,berto', 'haynes,caleb', 'twagirayezu,patjo']",100
473,1167,Covenant,Sewanee,0,56-73,"35,38","28,28",10-10,12-8,N/A,N/A,01/31/17,5:30 AM,N/A,"Lookout Mountain, Ga. - Barnes PE Center",Win,2,False,287,False,01:40,"SUB IN by HOWELL,TAYLOR",52,,69 ,,,,"SUB IN by HOWELL,TAYLOR",2,subbing in,,sewanee,"howell,taylor",,"['stone,brody', 'buescher,hunter', 'born,clay', 'born,leo', 'williams,jorden', 'spencer,jc', 'johnson,david', 'braden,will', 'barry,michael', 'howell,taylor']","['palmer,nick', 'jauch,jared', 'arima,z', 'spragg,bailey', 'dryden,berto', 'haynes,caleb', 'twagirayezu,patjo']",100
474,1167,Covenant,Sewanee,0,56-73,"35,38","28,28",10-10,12-8,N/A,N/A,01/31/17,5:30 AM,N/A,"Lookout Mountain, Ga. - Barnes PE Center",Win,2,False,287,False,01:40,"SUB OUT by BORN,LEO",52,,69 ,,,,"SUB OUT by BORN,LEO",2,subbing out,,sewanee,"born,leo",,"['stone,brody', 'buescher,hunter', 'born,clay', 'williams,jorden', 'spencer,jc', 'johnson,david', 'braden,will', 'barry,michael', 'howell,taylor']","['palmer,nick', 'jauch,jared', 'arima,z', 'spragg,bailey', 'dryden,berto', 'haynes,caleb', 'twagirayezu,patjo']",100
475,1167,Covenant,Sewanee,0,56-73,"35,38","28,28",10-10,12-8,N/A,N/A,01/31/17,5:30 AM,N/A,"Lookout Mountain, Ga. - Barnes PE Center",Win,2,False,287,False,01:40,"SUB OUT by BUESCHER,HUNTER",52,,69 ,,,,"SUB OUT by BUESCHER,HUNTER",2,subbing out,,sewanee,"buescher,hunter",,"['stone,brody', 'born,clay', 'williams,jorden', 'spencer,jc', 'johnson,david', 'braden,will', 'barry,michael', 'howell,taylor']","['palmer,nick', 'jauch,jared', 'arima,z', 'spragg,bailey', 'dryden,berto', 'haynes,caleb', 'twagirayezu,patjo']",100
476,1167,Covenant,Sewanee,0,56-73,"35,38","28,28",10-10,12-8,N/A,N/A,01/31/17,5:30 AM,N/A,"Lookout Mountain, Ga. - Barnes PE Center",Win,2,False,287,False,01:40,"SUB OUT by STONE,BRODY",52,,69 ,,,,"SUB OUT by STONE,BRODY",2,subbing out,,sewanee,"stone,brody",,"['born,clay', 'williams,jorden', 'spencer,jc', 'johnson,david', 'braden,will', 'barry,michael', 'howell,taylor']","['palmer,nick', 'jauch,jared', 'arima,z', 'spragg,bailey', 'dryden,berto', 'haynes,caleb', 'twagirayezu,patjo']",100
477,1167,Covenant,Sewanee,0,56-73,"35,38","28,28",10-10,12-8,N/A,N/A,01/31/17,5:30 AM,N/A,"Lookout Mountain, Ga. - Barnes PE Center",Win,2,False,287,False,01:40,"SUB OUT by BORN,CLAY",52,,69 ,,,,"SUB OUT by BORN,CLAY",2,subbing out,,sewanee,"born,clay",,"['williams,jorden', 'spencer,jc', 'johnson,david', 'braden,will', 'barry,michael', 'howell,taylor']","['palmer,nick', 'jauch,jared', 'arima,z', 'spragg,bailey', 'dryden,berto', 'haynes,caleb', 'twagirayezu,patjo']",100
478,1167,Covenant,Sewanee,0,56-73,"35,38","28,28",10-10,12-8,N/A,N/A,01/31/17,5:30 AM,N/A,"Lookout Mountain, Ga. - Barnes PE Center",Win,2,False,287,False,01:40,"SUB OUT by WILLIAMS,JORDEN",52,,69 ,,,,"SUB OUT by WILLIAMS,JORDEN",2,subbing out,,sewanee,"williams,jorden",,"['spencer,jc', 'johnson,david', 'braden,will', 'barry,michael', 'howell,taylor']","['palmer,nick', 'jauch,jared', 'arima,z', 'spragg,bailey', 'dryden,berto', 'haynes,caleb', 'twagirayezu,patjo']",100
479,1167,Covenant,Sewanee,0,56-73,"35,38","28,28",10-10,12-8,N/A,N/A,01/31/17,5:30 AM,N/A,"Lookout Mountain, Ga. - Barnes PE Center",Win,2,False,287,False,01:40,,52,,69 ,"SUB IN by BRIGHT,STEFON",,,"SUB IN by BRIGHT,STEFON",2,subbing in,,covenant,"bright,stefon",,"['spencer,jc', 'johnson,david', 'braden,will', 'barry,michael', 'howell,taylor']","['palmer,nick', 'jauch,jared', 'arima,z', 'spragg,bailey', 'dryden,berto', 'haynes,caleb', 'twagirayezu,patjo', 'bright,stefon']",100
480,1167,Covenant,Sewanee,0,56-73,"35,38","28,28",10-10,12-8,N/A,N/A,01/31/17,5:30 AM,N/A,"Lookout Mountain, Ga. - Barnes PE Center",Win,2,False,287,False,01:40,,52,,69 ,"SUB IN by WALKER,J",,,"SUB IN by WALKER,J",2,subbing in,,covenant,"walker,j",,"['spencer,jc', 'johnson,david', 'braden,will', 'barry,michael', 'howell,taylor']","['palmer,nick', 'jauch,jared', 'arima,z', 'spragg,bailey', 'dryden,berto', 'haynes,caleb', 'twagirayezu,patjo', 'bright,stefon', 'walker,j']",100
481,1167,Covenant,Sewanee,0,56-73,"35,38","28,28",10-10,12-8,N/A,N/A,01/31/17,5:30 AM,N/A,"Lookout Mountain, Ga. - Barnes PE Center",Win,2,False,287,False,01:40,,52,,69 ,"SUB IN by BRYAN,WILLIAM",,,"SUB IN by BRYAN,WILLIAM",2,subbing in,,covenant,"bryan,william",,"['spencer,jc', 'johnson,david', 'braden,will', 'barry,michael', 'howell,taylor']","['palmer,nick', 'jauch,jared', 'arima,z', 'spragg,bailey', 'dryden,berto', 'haynes,caleb', 'twagirayezu,patjo', 'bright,stefon', 'walker,j', 'bryan,william']",100
482,1167,Covenant,Sewanee,0,56-73,"35,38","28,28",10-10,12-8,N/A,N/A,01/31/17,5:30 AM,N/A,"Lookout Mountain, Ga. - Barnes PE Center",Win,2,False,287,False,01:40,,52,,69 ,"SUB IN by HOLLIS,MITCHELL",,,"SUB IN by HOLLIS,MITCHELL",2,subbing in,,covenant,"hollis,mitchell",,"['spencer,jc', 'johnson,david', 'braden,will', 'barry,michael', 'howell,taylor']","['palmer,nick', 'jauch,jared', 'arima,z', 'spragg,bailey', 'dryden,berto', 'haynes,caleb', 'twagirayezu,patjo', 'bright,stefon', 'walker,j', 'bryan,william', 'hollis,mitchell']",100
483,1167,Covenant,Sewanee,0,56-73,"35,38","28,28",10-10,12-8,N/A,N/A,01/31/17,5:30 AM,N/A,"Lookout Mountain, Ga. - Barnes PE Center",Win,2,False,287,False,01:40,,52,,69 ,"SUB IN by JAUCH,JARED",,,"SUB IN by JAUCH,JARED",2,subbing in,,covenant,"jauch,jared",,"['spencer,jc', 'johnson,david', 'braden,will', 'barry,michael', 'howell,taylor']","['palmer,nick', 'jauch,jared', 'arima,z', 'spragg,bailey', 'dryden,berto', 'haynes,caleb', 'twagirayezu,patjo', 'bright,stefon', 'walker,j', 'bryan,william', 'hollis,mitchell']",100
484,1167,Covenant,Sewanee,0,56-73,"35,38","28,28",10-10,12-8,N/A,N/A,01/31/17,5:30 AM,N/A,"Lookout Mountain, Ga. - Barnes PE Center",Win,2,False,287,False,01:40,,52,,69 ,"SUB OUT by PALMER,NICK",,,"SUB OUT by PALMER,NICK",2,subbing out,,covenant,"palmer,nick",,"['spencer,jc', 'johnson,david', 'braden,will', 'barry,michael', 'howell,taylor']","['palmer,nick', 'jauch,jared', 'arima,z', 'spragg,bailey', 'dryden,berto', 'haynes,caleb', 'twagirayezu,patjo', 'bright,stefon', 'walker,j', 'bryan,william', 'hollis,mitchell']",100
485,1167,Covenant,Sewanee,0,56-73,"35,38","28,28",10-10,12-8,N/A,N/A,01/31/17,5:30 AM,N/A,"Lookout Mountain, Ga. - Barnes PE Center",Win,2,False,287,False,01:40,,52,,69 ,"SUB OUT by TWAGIRAYEZU,PATJO",,,"SUB OUT by TWAGIRAYEZU,PATJO",2,subbing out,,covenant,"twagirayezu,patjo",,"['spencer,jc', 'johnson,david', 'braden,will', 'barry,michael', 'howell,taylor']","['palmer,nick', 'jauch,jared', 'arima,z', 'spragg,bailey', 'dryden,berto', 'haynes,caleb', 'bright,stefon', 'walker,j', 'bryan,william', 'hollis,mitchell']",100
486,1167,Covenant,Sewanee,0,56-73,"35,38","28,28",10-10,12-8,N/A,N/A,01/31/17,5:30 AM,N/A,"Lookout Mountain, Ga. - Barnes PE Center",Win,2,False,287,False,01:40,,52,,69 ,"SUB OUT by HAYNES,CALEB",,,"SUB OUT by HAYNES,CALEB",2,subbing out,,covenant,"haynes,caleb",,"['spencer,jc', 'johnson,david', 'braden,will', 'barry,michael', 'howell,taylor']","['palmer,nick', 'jauch,jared', 'arima,z', 'spragg,bailey', 'dryden,berto', 'bright,stefon', 'walker,j', 'bryan,william', 'hollis,mitchell']",100
487,1167,Covenant,Sewanee,0,56-73,"35,38","28,28",10-10,12-8,N/A,N/A,01/31/17,5:30 AM,N/A,"Lookout Mountain, Ga. - Barnes PE Center",Win,2,False,287,False,01:40,,52,,69 ,"SUB OUT by SPRAGG,BAILEY",,,"SUB OUT by SPRAGG,BAILEY",2,subbing out,,covenant,"spragg,bailey",,"['spencer,jc', 'johnson,david', 'braden,will', 'barry,michael', 'howell,taylor']","['palmer,nick', 'jauch,jared', 'arima,z', 'dryden,berto', 'bright,stefon', 'walker,j', 'bryan,william', 'hollis,mitchell']",100
488,1167,Covenant,Sewanee,0,56-73,"35,38","28,28",10-10,12-8,N/A,N/A,01/31/17,5:30 AM,N/A,"Lookout Mountain, Ga. - Barnes PE Center",Win,2,False,287,False,01:40,,52,,69 ,"SUB OUT by DRYDEN,BERTO",,,"SUB OUT by DRYDEN,BERTO",2,subbing out,,covenant,"dryden,berto",,"['spencer,jc', 'johnson,david', 'braden,will', 'barry,michael', 'howell,taylor']","['palmer,nick', 'jauch,jared', 'arima,z', 'bright,stefon', 'walker,j', 'bryan,william', 'hollis,mitchell']",100
489,1167,Covenant,Sewanee,0,56-73,"35,38","28,28",10-10,12-8,N/A,N/A,01/31/17,5:30 AM,N/A,"Lookout Mountain, Ga. - Barnes PE Center",Win,2,False,287,False,01:31,"MISS JUMPER by SPENCER,JC",52,,69 ,,,,"MISS JUMPER by SPENCER,JC",2,jumper,missed,sewanee,"spencer,jc",,"['spencer,jc', 'johnson,david', 'braden,will', 'barry,michael', 'howell,taylor']","['palmer,nick', 'jauch,jared', 'arima,z', 'bright,stefon', 'walker,j', 'bryan,william', 'hollis,mitchell']",91
490,1167,Covenant,Sewanee,0,56-73,"35,38","28,28",10-10,12-8,N/A,N/A,01/31/17,5:30 AM,N/A,"Lookout Mountain, Ga. - Barnes PE Center",Win,2,False,287,False,--,"REBOUND OFF by JOHNSON,DAVID",52,,69 ,,,,"REBOUND OFF by JOHNSON,DAVID",2,offensive rebound,,sewanee,"johnson,david",,"['spencer,jc', 'johnson,david', 'braden,will', 'barry,michael', 'howell,taylor']","['palmer,nick', 'jauch,jared', 'arima,z', 'bright,stefon', 'walker,j', 'bryan,william', 'hollis,mitchell']",
491,1167,Covenant,Sewanee,0,56-73,"35,38","28,28",10-10,12-8,N/A,N/A,01/31/17,5:30 AM,N/A,"Lookout Mountain, Ga. - Barnes PE Center",Win,2,False,287,False,01:23,"GOOD LAYUP by JOHNSON,DAVID(in the paint)",54,,69 ,,SEWANEE 54-69 (-15),,"GOOD LAYUP by JOHNSON,DAVID(in the paint)",2,layup,good,sewanee,"johnson,david",2,"['spencer,jc', 'johnson,david', 'braden,will', 'barry,michael', 'howell,taylor']","['palmer,nick', 'jauch,jared', 'arima,z', 'bright,stefon', 'walker,j', 'bryan,william', 'hollis,mitchell']",83
492,1167,Covenant,Sewanee,0,56-73,"35,38","28,28",10-10,12-8,N/A,N/A,01/31/17,5:30 AM,N/A,"Lookout Mountain, Ga. - Barnes PE Center",Win,2,False,287,False,00:52,,54,,71 ,"GOOD JUMPER by JAUCH,JARED",CCM 54-71 (-17),,"GOOD JUMPER by JAUCH,JARED",2,jumper,good,covenant,"jauch,jared",2,"['spencer,jc', 'johnson,david', 'braden,will', 'barry,michael', 'howell,taylor']","['palmer,nick', 'jauch,jared', 'arima,z', 'bright,stefon', 'walker,j', 'bryan,william', 'hollis,mitchell']",52
493,1167,Covenant,Sewanee,0,56-73,"35,38","28,28",10-10,12-8,N/A,N/A,01/31/17,5:30 AM,N/A,"Lookout Mountain, Ga. - Barnes PE Center",Win,2,False,287,False,00:35,"GOOD LAYUP by SPENCER,JC(in the paint)",56,,71 ,,SEWANEE 56-71 (-15),,"GOOD LAYUP by SPENCER,JC(in the paint)",2,layup,good,sewanee,"spencer,jc",2,"['spencer,jc', 'johnson,david', 'braden,will', 'barry,michael', 'howell,taylor']","['palmer,nick', 'jauch,jared', 'arima,z', 'bright,stefon', 'walker,j', 'bryan,william', 'hollis,mitchell']",35
494,1167,Covenant,Sewanee,0,56-73,"35,38","28,28",10-10,12-8,N/A,N/A,01/31/17,5:30 AM,N/A,"Lookout Mountain, Ga. - Barnes PE Center",Win,2,False,287,False,00:08,,56,,73 ,"GOOD LAYUP by BRIGHT,STEFON(in the paint)",CCM 56-73 (-17),,"GOOD LAYUP by BRIGHT,STEFON(in the paint)",2,layup,good,covenant,"bright,stefon",2,"['spencer,jc', 'johnson,david', 'braden,will', 'barry,michael', 'howell,taylor']","['palmer,nick', 'jauch,jared', 'arima,z', 'bright,stefon', 'walker,j', 'bryan,william', 'hollis,mitchell']",8
