game,boxscore_visitor_name,boxscore_home_name,final score,visitorFinalScore,homeFinalScore,visitorRecord,homeRecord,gameDate,outcome,attendance,gameLocation,gameTime,Time Remaining,Away Team,Away Team Score,Home Team Score,Home Team,Point Differential,Period,Home Play Type,Home Shot Good,Home Shots Taken,Home 3PTRs Taken,Home Shooting PCT,Home 3PTRs PCT,Away Play Type,Away Shot Good,Away Shots Taken,Away 3PTRs Taken,Away Shooting PCT,Away 3PTRs PCT,Time Remaining Mins,Time Remaining Secs
1,CENTRE,Maryville College,70-74,70,74,0-1,1-0,11/16/16,Win,1089,No Location Recorded,7:30 p.m.,19:43,"TURNOVER  by GUMP,MATT",0,0,,0,1,,,0,0,,,,,0,0,,,39,2383
1,CENTRE,Maryville College,70-74,70,74,0-1,1-0,11/16/16,Win,1089,No Location Recorded,7:30 p.m.,19:26,,0,2,"GOOD JUMPER by NOKES,COLT(in the paint)",2,1,,,0,0,,,jumper,good,1,0,1.0,,39,2366
1,CENTRE,Maryville College,70-74,70,74,0-1,1-0,11/16/16,Win,1089,No Location Recorded,7:30 p.m.,19:26,,0,2,"ASSIST  by SPICER,TYLER",2,1,,,0,0,,,,,1,0,1.0,,39,2366
1,CENTRE,Maryville College,70-74,70,74,0-1,1-0,11/16/16,Win,1089,No Location Recorded,7:30 p.m.,19:26,"FOUL  by SPITZER,JAKOB",0,2,,2,1,foul,,0,0,,,,,1,0,1.0,,39,2366
1,CENTRE,Maryville College,70-74,70,74,0-1,1-0,11/16/16,Win,1089,No Location Recorded,7:30 p.m.,19:26,,0,2,"MISS FT by NOKES,COLT",2,1,,,0,0,,,ft,miss,2,0,0.5,,39,2366
1,CENTRE,Maryville College,70-74,70,74,0-1,1-0,11/16/16,Win,1089,No Location Recorded,7:30 p.m.,19:26,"REBOUND DEF by AYERS,PERRY",0,2,,2,1,,,0,0,,,,,2,0,0.5,,39,2366
1,CENTRE,Maryville College,70-74,70,74,0-1,1-0,11/16/16,Win,1089,No Location Recorded,7:30 p.m.,19:25,,0,2,"FOUL  by SPICER,TYLER",2,1,,,0,0,,,foul,,2,0,0.5,,39,2365
1,CENTRE,Maryville College,70-74,70,74,0-1,1-0,11/16/16,Win,1089,No Location Recorded,7:30 p.m.,19:14,"TURNOVER  by AYERS,PERRY",0,2,,2,1,,,0,0,,,,,2,0,0.5,,39,2354
1,CENTRE,Maryville College,70-74,70,74,0-1,1-0,11/16/16,Win,1089,No Location Recorded,7:30 p.m.,19:00,,0,2,"MISS 3PTR by BOWYER,JAY",2,1,,,0,0,,,3ptr,miss,3,1,0.333,0.0,39,2340
1,CENTRE,Maryville College,70-74,70,74,0-1,1-0,11/16/16,Win,1089,No Location Recorded,7:30 p.m.,19:00,"REBOUND DEF by GRIFFIN,JAROD",0,2,,2,1,,,0,0,,,,,3,1,0.333,0.0,39,2340
1,CENTRE,Maryville College,70-74,70,74,0-1,1-0,11/16/16,Win,1089,No Location Recorded,7:30 p.m.,18:45,"GOOD JUMPER by GUMP,MATT",2,2,,0,1,jumper,good,1,0,1.0,,,,3,1,0.333,0.0,38,2325
1,CENTRE,Maryville College,70-74,70,74,0-1,1-0,11/16/16,Win,1089,No Location Recorded,7:30 p.m.,18:33,,2,2,"MISS JUMPER by GARCIA,EMANUELLE",0,1,,,1,0,1.0,,jumper,miss,4,1,0.25,0.0,38,2313
1,CENTRE,Maryville College,70-74,70,74,0-1,1-0,11/16/16,Win,1089,No Location Recorded,7:30 p.m.,18:33,"REBOUND DEF by SINE,TUCKER",2,2,,0,1,,,1,0,1.0,,,,4,1,0.25,0.0,38,2313
1,CENTRE,Maryville College,70-74,70,74,0-1,1-0,11/16/16,Win,1089,No Location Recorded,7:30 p.m.,18:22,"GOOD LAYUP by AYERS,PERRY(in the paint)",4,2,,-2,1,layup,good,2,0,1.0,,,,4,1,0.25,0.0,38,2302
1,CENTRE,Maryville College,70-74,70,74,0-1,1-0,11/16/16,Win,1089,No Location Recorded,7:30 p.m.,18:07,,4,2,"MISS 3PTR by BOWYER,JAY",-2,1,,,2,0,1.0,,3ptr,miss,5,2,0.2,0.0,38,2287
1,CENTRE,Maryville College,70-74,70,74,0-1,1-0,11/16/16,Win,1089,No Location Recorded,7:30 p.m.,18:07,"REBOUND DEF by SINE,TUCKER",4,2,,-2,1,,,2,0,1.0,,,,5,2,0.2,0.0,38,2287
1,CENTRE,Maryville College,70-74,70,74,0-1,1-0,11/16/16,Win,1089,No Location Recorded,7:30 p.m.,17:54,"MISS JUMPER by GUMP,MATT",4,2,,-2,1,jumper,miss,3,0,0.667,,,,5,2,0.2,0.0,37,2274
1,CENTRE,Maryville College,70-74,70,74,0-1,1-0,11/16/16,Win,1089,No Location Recorded,7:30 p.m.,17:54,,4,2,"REBOUND DEF by BOWYER,JAY",-2,1,,,3,0,0.667,,,,5,2,0.2,0.0,37,2274
1,CENTRE,Maryville College,70-74,70,74,0-1,1-0,11/16/16,Win,1089,No Location Recorded,7:30 p.m.,17:46,,4,5,"GOOD 3PTR by SPICER,TYLER",1,1,,,3,0,0.667,,3ptr,good,6,3,0.333,0.333,37,2266
1,CENTRE,Maryville College,70-74,70,74,0-1,1-0,11/16/16,Win,1089,No Location Recorded,7:30 p.m.,17:46,,4,5,"ASSIST  by BOWYER,JAY",1,1,,,3,0,0.667,,,,6,3,0.333,0.333,37,2266
1,CENTRE,Maryville College,70-74,70,74,0-1,1-0,11/16/16,Win,1089,No Location Recorded,7:30 p.m.,17:12,"TURNOVER  by SINE,TUCKER",4,5,,1,1,,,3,0,0.667,,,,6,3,0.333,0.333,37,2232
1,CENTRE,Maryville College,70-74,70,74,0-1,1-0,11/16/16,Win,1089,No Location Recorded,7:30 p.m.,17:11,,4,5,"STEAL  by BOWYER,JAY",1,1,,,3,0,0.667,,,,6,3,0.333,0.333,37,2231
1,CENTRE,Maryville College,70-74,70,74,0-1,1-0,11/16/16,Win,1089,No Location Recorded,7:30 p.m.,17:05,,4,7,"GOOD LAYUP by NOKES,COLT(in the paint)",3,1,,,3,0,0.667,,layup,good,7,3,0.429,0.333,37,2225
1,CENTRE,Maryville College,70-74,70,74,0-1,1-0,11/16/16,Win,1089,No Location Recorded,7:30 p.m.,17:05,,4,7,"ASSIST  by SONGSTER,CALVIN",3,1,,,3,0,0.667,,,,7,3,0.429,0.333,37,2225
1,CENTRE,Maryville College,70-74,70,74,0-1,1-0,11/16/16,Win,1089,No Location Recorded,7:30 p.m.,16:47,"GOOD LAYUP by AYERS,PERRY(in the paint)",6,7,,1,1,layup,good,4,0,0.75,,,,7,3,0.429,0.333,36,2207
1,CENTRE,Maryville College,70-74,70,74,0-1,1-0,11/16/16,Win,1089,No Location Recorded,7:30 p.m.,16:29,,6,7,"MISS 3PTR by GARCIA,EMANUELLE",1,1,,,4,0,0.75,,3ptr,miss,8,4,0.375,0.25,36,2189
1,CENTRE,Maryville College,70-74,70,74,0-1,1-0,11/16/16,Win,1089,No Location Recorded,7:30 p.m.,16:29,"REBOUND DEF by GRIFFIN,JAROD",6,7,,1,1,,,4,0,0.75,,,,8,4,0.375,0.25,36,2189
1,CENTRE,Maryville College,70-74,70,74,0-1,1-0,11/16/16,Win,1089,No Location Recorded,7:30 p.m.,16:20,"SUB IN by BATES,JACOB",6,7,,1,1,,,4,0,0.75,,,,8,4,0.375,0.25,36,2180
1,CENTRE,Maryville College,70-74,70,74,0-1,1-0,11/16/16,Win,1089,No Location Recorded,7:30 p.m.,16:20,"SUB OUT by SPITZER,JAKOB",6,7,,1,1,,,4,0,0.75,,,,8,4,0.375,0.25,36,2180
1,CENTRE,Maryville College,70-74,70,74,0-1,1-0,11/16/16,Win,1089,No Location Recorded,7:30 p.m.,16:09,"MISS LAYUP by BATES,JACOB",6,7,,1,1,layup,miss,5,0,0.6,,,,8,4,0.375,0.25,36,2169
1,CENTRE,Maryville College,70-74,70,74,0-1,1-0,11/16/16,Win,1089,No Location Recorded,7:30 p.m.,16:09,,6,7,"REBOUND DEF by SPICER,TYLER",1,1,,,5,0,0.6,,,,8,4,0.375,0.25,36,2169
1,CENTRE,Maryville College,70-74,70,74,0-1,1-0,11/16/16,Win,1089,No Location Recorded,7:30 p.m.,15:57,,6,7,"TURNOVER  by SPICER,TYLER",1,1,,,5,0,0.6,,,,8,4,0.375,0.25,35,2157
1,CENTRE,Maryville College,70-74,70,74,0-1,1-0,11/16/16,Win,1089,No Location Recorded,7:30 p.m.,15:56,"STEAL  by BATES,JACOB",6,7,,1,1,,,5,0,0.6,,,,8,4,0.375,0.25,35,2156
1,CENTRE,Maryville College,70-74,70,74,0-1,1-0,11/16/16,Win,1089,No Location Recorded,7:30 p.m.,15:52,"MISS LAYUP by SINE,TUCKER",6,7,,1,1,layup,miss,6,0,0.5,,,,8,4,0.375,0.25,35,2152
1,CENTRE,Maryville College,70-74,70,74,0-1,1-0,11/16/16,Win,1089,No Location Recorded,7:30 p.m.,15:52,,6,7,"REBOUND DEF by SPICER,TYLER",1,1,,,6,0,0.5,,,,8,4,0.375,0.25,35,2152
1,CENTRE,Maryville College,70-74,70,74,0-1,1-0,11/16/16,Win,1089,No Location Recorded,7:30 p.m.,15:45,,6,9,"GOOD LAYUP by BOWYER,JAY(fastbreak)(in the paint)",3,1,,,6,0,0.5,,layup,good,9,4,0.444,0.25,35,2145
1,CENTRE,Maryville College,70-74,70,74,0-1,1-0,11/16/16,Win,1089,No Location Recorded,7:30 p.m.,15:26,"MISS 3PTR by AYERS,PERRY",6,9,,3,1,3ptr,miss,7,1,0.429,0.0,,,9,4,0.444,0.25,35,2126
1,CENTRE,Maryville College,70-74,70,74,0-1,1-0,11/16/16,Win,1089,No Location Recorded,7:30 p.m.,15:26,"REBOUND OFF by SINE,TUCKER",6,9,,3,1,,,7,1,0.429,0.0,,,9,4,0.444,0.25,35,2126
1,CENTRE,Maryville College,70-74,70,74,0-1,1-0,11/16/16,Win,1089,No Location Recorded,7:30 p.m.,15:23,"GOOD LAYUP by SINE,TUCKER(in the paint)",8,9,,1,1,layup,good,8,1,0.5,0.0,,,9,4,0.444,0.25,35,2123
1,CENTRE,Maryville College,70-74,70,74,0-1,1-0,11/16/16,Win,1089,No Location Recorded,7:30 p.m.,15:06,,8,9,"MISS 3PTR by GARCIA,EMANUELLE",1,1,,,8,1,0.5,0.0,3ptr,miss,10,5,0.4,0.2,35,2106
1,CENTRE,Maryville College,70-74,70,74,0-1,1-0,11/16/16,Win,1089,No Location Recorded,7:30 p.m.,15:06,REBOUND DEF by TEAM,8,9,,1,1,,,8,1,0.5,0.0,,,10,5,0.4,0.2,35,2106
1,CENTRE,Maryville College,70-74,70,74,0-1,1-0,11/16/16,Win,1089,No Location Recorded,7:30 p.m.,15:04,TIMEOUT 20SEC by TEAM,8,9,,1,1,,,8,1,0.5,0.0,,,10,5,0.4,0.2,35,2104
1,CENTRE,Maryville College,70-74,70,74,0-1,1-0,11/16/16,Win,1089,No Location Recorded,7:30 p.m.,15:04,"SUB IN by WALKER,ART",8,9,,1,1,,,8,1,0.5,0.0,,,10,5,0.4,0.2,35,2104
1,CENTRE,Maryville College,70-74,70,74,0-1,1-0,11/16/16,Win,1089,No Location Recorded,7:30 p.m.,15:04,"SUB IN by SCHMUCKER,ZACH",8,9,,1,1,,,8,1,0.5,0.0,,,10,5,0.4,0.2,35,2104
1,CENTRE,Maryville College,70-74,70,74,0-1,1-0,11/16/16,Win,1089,No Location Recorded,7:30 p.m.,15:04,"SUB IN by GRUBER,SAM",8,9,,1,1,,,8,1,0.5,0.0,,,10,5,0.4,0.2,35,2104
1,CENTRE,Maryville College,70-74,70,74,0-1,1-0,11/16/16,Win,1089,No Location Recorded,7:30 p.m.,15:04,"SUB OUT by SINE,TUCKER",8,9,,1,1,,,8,1,0.5,0.0,,,10,5,0.4,0.2,35,2104
1,CENTRE,Maryville College,70-74,70,74,0-1,1-0,11/16/16,Win,1089,No Location Recorded,7:30 p.m.,15:04,"SUB OUT by GUMP,MATT",8,9,,1,1,,,8,1,0.5,0.0,,,10,5,0.4,0.2,35,2104
1,CENTRE,Maryville College,70-74,70,74,0-1,1-0,11/16/16,Win,1089,No Location Recorded,7:30 p.m.,15:04,"SUB OUT by GRIFFIN,JAROD",8,9,,1,1,,,8,1,0.5,0.0,,,10,5,0.4,0.2,35,2104
1,CENTRE,Maryville College,70-74,70,74,0-1,1-0,11/16/16,Win,1089,No Location Recorded,7:30 p.m.,15:04,,8,9,"SUB IN by BOWMAN,EMIER",1,1,,,8,1,0.5,0.0,,,10,5,0.4,0.2,35,2104
1,CENTRE,Maryville College,70-74,70,74,0-1,1-0,11/16/16,Win,1089,No Location Recorded,7:30 p.m.,15:04,,8,9,"SUB IN by HOPPA,DANTE",1,1,,,8,1,0.5,0.0,,,10,5,0.4,0.2,35,2104
1,CENTRE,Maryville College,70-74,70,74,0-1,1-0,11/16/16,Win,1089,No Location Recorded,7:30 p.m.,15:04,,8,9,"SUB OUT by SPICER,TYLER",1,1,,,8,1,0.5,0.0,,,10,5,0.4,0.2,35,2104
1,CENTRE,Maryville College,70-74,70,74,0-1,1-0,11/16/16,Win,1089,No Location Recorded,7:30 p.m.,15:04,,8,9,"SUB OUT by GARCIA,EMANUELLE",1,1,,,8,1,0.5,0.0,,,10,5,0.4,0.2,35,2104
1,CENTRE,Maryville College,70-74,70,74,0-1,1-0,11/16/16,Win,1089,No Location Recorded,7:30 p.m.,14:51,"MISS LAYUP by SCHMUCKER,ZACH",8,9,,1,1,layup,miss,9,1,0.444,0.0,,,10,5,0.4,0.2,34,2091
1,CENTRE,Maryville College,70-74,70,74,0-1,1-0,11/16/16,Win,1089,No Location Recorded,7:30 p.m.,14:51,,8,9,"BLOCK  by NOKES,COLT",1,1,,,9,1,0.444,0.0,,,10,5,0.4,0.2,34,2091
1,CENTRE,Maryville College,70-74,70,74,0-1,1-0,11/16/16,Win,1089,No Location Recorded,7:30 p.m.,14:51,,8,9,"REBOUND DEF by BOWMAN,EMIER",1,1,,,9,1,0.444,0.0,,,10,5,0.4,0.2,34,2091
1,CENTRE,Maryville College,70-74,70,74,0-1,1-0,11/16/16,Win,1089,No Location Recorded,7:30 p.m.,14:39,,8,9,"MISS JUMPER by NOKES,COLT",1,1,,,9,1,0.444,0.0,jumper,miss,11,5,0.364,0.2,34,2079
1,CENTRE,Maryville College,70-74,70,74,0-1,1-0,11/16/16,Win,1089,No Location Recorded,7:30 p.m.,14:39,"BLOCK  by WALKER,ART",8,9,,1,1,,,9,1,0.444,0.0,,,11,5,0.364,0.2,34,2079
1,CENTRE,Maryville College,70-74,70,74,0-1,1-0,11/16/16,Win,1089,No Location Recorded,7:30 p.m.,14:39,,8,9,"REBOUND OFF by HOPPA,DANTE",1,1,,,9,1,0.444,0.0,,,11,5,0.364,0.2,34,2079
1,CENTRE,Maryville College,70-74,70,74,0-1,1-0,11/16/16,Win,1089,No Location Recorded,7:30 p.m.,14:33,,8,12,"GOOD 3PTR by SONGSTER,CALVIN",4,1,,,9,1,0.444,0.0,3ptr,good,12,6,0.417,0.333,34,2073
1,CENTRE,Maryville College,70-74,70,74,0-1,1-0,11/16/16,Win,1089,No Location Recorded,7:30 p.m.,14:33,,8,12,"ASSIST  by BOWYER,JAY",4,1,,,9,1,0.444,0.0,,,12,6,0.417,0.333,34,2073
1,CENTRE,Maryville College,70-74,70,74,0-1,1-0,11/16/16,Win,1089,No Location Recorded,7:30 p.m.,14:10,"TURNOVER  by AYERS,PERRY",8,12,,4,1,,,9,1,0.444,0.0,,,12,6,0.417,0.333,34,2050
1,CENTRE,Maryville College,70-74,70,74,0-1,1-0,11/16/16,Win,1089,No Location Recorded,7:30 p.m.,14:09,,8,12,"STEAL  by BOWYER,JAY",4,1,,,9,1,0.444,0.0,,,12,6,0.417,0.333,34,2049
1,CENTRE,Maryville College,70-74,70,74,0-1,1-0,11/16/16,Win,1089,No Location Recorded,7:30 p.m.,13:57,,8,12,"TURNOVER  by HOPPA,DANTE",4,1,,,9,1,0.444,0.0,,,12,6,0.417,0.333,33,2037
1,CENTRE,Maryville College,70-74,70,74,0-1,1-0,11/16/16,Win,1089,No Location Recorded,7:30 p.m.,13:56,"STEAL  by WALKER,ART",8,12,,4,1,,,9,1,0.444,0.0,,,12,6,0.417,0.333,33,2036
1,CENTRE,Maryville College,70-74,70,74,0-1,1-0,11/16/16,Win,1089,No Location Recorded,7:30 p.m.,13:42,"GOOD LAYUP by AYERS,PERRY(in the paint)",10,12,,2,1,layup,good,10,1,0.5,0.0,,,12,6,0.417,0.333,33,2022
1,CENTRE,Maryville College,70-74,70,74,0-1,1-0,11/16/16,Win,1089,No Location Recorded,7:30 p.m.,13:42,,10,12,"FOUL  by BOWYER,JAY",2,1,,,10,1,0.5,0.0,foul,,12,6,0.417,0.333,33,2022
1,CENTRE,Maryville College,70-74,70,74,0-1,1-0,11/16/16,Win,1089,No Location Recorded,7:30 p.m.,13:42,"GOOD FT by AYERS,PERRY",11,12,,1,1,ft,good,11,1,0.545,0.0,,,12,6,0.417,0.333,33,2022
1,CENTRE,Maryville College,70-74,70,74,0-1,1-0,11/16/16,Win,1089,No Location Recorded,7:30 p.m.,13:42,"SUB IN by RAKES,BAILEY",11,12,,1,1,,,11,1,0.545,0.0,,,12,6,0.417,0.333,33,2022
1,CENTRE,Maryville College,70-74,70,74,0-1,1-0,11/16/16,Win,1089,No Location Recorded,7:30 p.m.,13:42,"SUB OUT by AYERS,PERRY",11,12,,1,1,,,11,1,0.545,0.0,,,12,6,0.417,0.333,33,2022
1,CENTRE,Maryville College,70-74,70,74,0-1,1-0,11/16/16,Win,1089,No Location Recorded,7:30 p.m.,13:42,,11,12,"SUB IN by BROOKS,JOSHUA",1,1,,,11,1,0.545,0.0,,,12,6,0.417,0.333,33,2022
1,CENTRE,Maryville College,70-74,70,74,0-1,1-0,11/16/16,Win,1089,No Location Recorded,7:30 p.m.,13:42,,11,12,"SUB IN by ESTES,KALEB",1,1,,,11,1,0.545,0.0,,,12,6,0.417,0.333,33,2022
1,CENTRE,Maryville College,70-74,70,74,0-1,1-0,11/16/16,Win,1089,No Location Recorded,7:30 p.m.,13:42,,11,12,"SUB OUT by SONGSTER,CALVIN",1,1,,,11,1,0.545,0.0,,,12,6,0.417,0.333,33,2022
1,CENTRE,Maryville College,70-74,70,74,0-1,1-0,11/16/16,Win,1089,No Location Recorded,7:30 p.m.,13:42,,11,12,"SUB OUT by BOWYER,JAY",1,1,,,11,1,0.545,0.0,,,12,6,0.417,0.333,33,2022
1,CENTRE,Maryville College,70-74,70,74,0-1,1-0,11/16/16,Win,1089,No Location Recorded,7:30 p.m.,13:32,,11,12,"MISS 3PTR by BOWMAN,EMIER",1,1,,,11,1,0.545,0.0,3ptr,miss,13,7,0.385,0.286,33,2012
1,CENTRE,Maryville College,70-74,70,74,0-1,1-0,11/16/16,Win,1089,No Location Recorded,7:30 p.m.,13:32,"REBOUND DEF by RAKES,BAILEY",11,12,,1,1,,,11,1,0.545,0.0,,,13,7,0.385,0.286,33,2012
1,CENTRE,Maryville College,70-74,70,74,0-1,1-0,11/16/16,Win,1089,No Location Recorded,7:30 p.m.,13:21,,11,12,"FOUL  by NOKES,COLT",1,1,,,11,1,0.545,0.0,foul,,13,7,0.385,0.286,33,2001
1,CENTRE,Maryville College,70-74,70,74,0-1,1-0,11/16/16,Win,1089,No Location Recorded,7:30 p.m.,13:21,,11,12,"SUB IN by WATSON,CHRIS",1,1,,,11,1,0.545,0.0,,,13,7,0.385,0.286,33,2001
1,CENTRE,Maryville College,70-74,70,74,0-1,1-0,11/16/16,Win,1089,No Location Recorded,7:30 p.m.,13:21,,11,12,"SUB OUT by NOKES,COLT",1,1,,,11,1,0.545,0.0,,,13,7,0.385,0.286,33,2001
1,CENTRE,Maryville College,70-74,70,74,0-1,1-0,11/16/16,Win,1089,No Location Recorded,7:30 p.m.,13:04,"MISS LAYUP by BATES,JACOB",11,12,,1,1,layup,miss,12,1,0.5,0.0,,,13,7,0.385,0.286,33,1984
1,CENTRE,Maryville College,70-74,70,74,0-1,1-0,11/16/16,Win,1089,No Location Recorded,7:30 p.m.,13:04,,11,12,"REBOUND DEF by BOWMAN,EMIER",1,1,,,12,1,0.5,0.0,,,13,7,0.385,0.286,33,1984
1,CENTRE,Maryville College,70-74,70,74,0-1,1-0,11/16/16,Win,1089,No Location Recorded,7:30 p.m.,12:51,"FOUL  by GRUBER,SAM",11,12,,1,1,foul,,12,1,0.5,0.0,,,13,7,0.385,0.286,32,1971
1,CENTRE,Maryville College,70-74,70,74,0-1,1-0,11/16/16,Win,1089,No Location Recorded,7:30 p.m.,12:35,,11,14,"GOOD JUMPER by ESTES,KALEB",3,1,,,12,1,0.5,0.0,jumper,good,14,7,0.429,0.286,32,1955
1,CENTRE,Maryville College,70-74,70,74,0-1,1-0,11/16/16,Win,1089,No Location Recorded,7:30 p.m.,12:15,"GOOD 3PTR by WALKER,ART",14,14,,0,1,3ptr,good,13,2,0.538,0.5,,,14,7,0.429,0.286,32,1935
1,CENTRE,Maryville College,70-74,70,74,0-1,1-0,11/16/16,Win,1089,No Location Recorded,7:30 p.m.,12:00,"FOUL  by BATES,JACOB",14,14,,0,1,foul,,13,2,0.538,0.5,,,14,7,0.429,0.286,32,1920
1,CENTRE,Maryville College,70-74,70,74,0-1,1-0,11/16/16,Win,1089,No Location Recorded,7:30 p.m.,12:00,,14,14,"MISS FT by BROOKS,JOSHUA",0,1,,,13,2,0.538,0.5,ft,miss,15,7,0.4,0.286,32,1920
1,CENTRE,Maryville College,70-74,70,74,0-1,1-0,11/16/16,Win,1089,No Location Recorded,7:30 p.m.,12:00,REBOUND DEADB by TEAM,14,14,,0,1,,,13,2,0.538,0.5,,,15,7,0.4,0.286,32,1920
1,CENTRE,Maryville College,70-74,70,74,0-1,1-0,11/16/16,Win,1089,No Location Recorded,7:30 p.m.,12:00,,14,15,"GOOD FT by BROOKS,JOSHUA",1,1,,,13,2,0.538,0.5,ft,good,16,7,0.438,0.286,32,1920
1,CENTRE,Maryville College,70-74,70,74,0-1,1-0,11/16/16,Win,1089,No Location Recorded,7:30 p.m.,12:00,"SUB IN by GUMP,MATT",14,15,,1,1,,,13,2,0.538,0.5,,,16,7,0.438,0.286,32,1920
1,CENTRE,Maryville College,70-74,70,74,0-1,1-0,11/16/16,Win,1089,No Location Recorded,7:30 p.m.,12:00,"SUB OUT by SCHMUCKER,ZACH",14,15,,1,1,,,13,2,0.538,0.5,,,16,7,0.438,0.286,32,1920
1,CENTRE,Maryville College,70-74,70,74,0-1,1-0,11/16/16,Win,1089,No Location Recorded,7:30 p.m.,11:48,,14,15,"FOUL  by ESTES,KALEB",1,1,,,13,2,0.538,0.5,foul,,16,7,0.438,0.286,31,1908
1,CENTRE,Maryville College,70-74,70,74,0-1,1-0,11/16/16,Win,1089,No Location Recorded,7:30 p.m.,11:48,TIMEOUT 20SEC by TEAM,14,15,,1,1,,,13,2,0.538,0.5,,,16,7,0.438,0.286,31,1908
1,CENTRE,Maryville College,70-74,70,74,0-1,1-0,11/16/16,Win,1089,No Location Recorded,7:30 p.m.,11:36,"GOOD LAYUP by BATES,JACOB(in the paint)",16,15,,-1,1,layup,good,14,2,0.571,0.5,,,16,7,0.438,0.286,31,1896
1,CENTRE,Maryville College,70-74,70,74,0-1,1-0,11/16/16,Win,1089,No Location Recorded,7:30 p.m.,11:23,,16,15,"MISS JUMPER by WATSON,CHRIS",-1,1,,,14,2,0.571,0.5,jumper,miss,17,7,0.412,0.286,31,1883
1,CENTRE,Maryville College,70-74,70,74,0-1,1-0,11/16/16,Win,1089,No Location Recorded,7:30 p.m.,11:23,"REBOUND DEF by WALKER,ART",16,15,,-1,1,,,14,2,0.571,0.5,,,17,7,0.412,0.286,31,1883
1,CENTRE,Maryville College,70-74,70,74,0-1,1-0,11/16/16,Win,1089,No Location Recorded,7:30 p.m.,10:58,"FOUL  by RAKES,BAILEY",16,15,,-1,1,foul,,14,2,0.571,0.5,,,17,7,0.412,0.286,30,1858
1,CENTRE,Maryville College,70-74,70,74,0-1,1-0,11/16/16,Win,1089,No Location Recorded,7:30 p.m.,10:58,"TURNOVER  by RAKES,BAILEY",16,15,,-1,1,,,14,2,0.571,0.5,,,17,7,0.412,0.286,30,1858
1,CENTRE,Maryville College,70-74,70,74,0-1,1-0,11/16/16,Win,1089,No Location Recorded,7:30 p.m.,10:58,,16,15,"STEAL  by ESTES,KALEB",-1,1,,,14,2,0.571,0.5,,,17,7,0.412,0.286,30,1858
1,CENTRE,Maryville College,70-74,70,74,0-1,1-0,11/16/16,Win,1089,No Location Recorded,7:30 p.m.,10:58,"SUB IN by AYERS,PERRY",16,15,,-1,1,,,14,2,0.571,0.5,,,17,7,0.412,0.286,30,1858
1,CENTRE,Maryville College,70-74,70,74,0-1,1-0,11/16/16,Win,1089,No Location Recorded,7:30 p.m.,10:58,"SUB IN by SPITZER,JAKOB",16,15,,-1,1,,,14,2,0.571,0.5,,,17,7,0.412,0.286,30,1858
1,CENTRE,Maryville College,70-74,70,74,0-1,1-0,11/16/16,Win,1089,No Location Recorded,7:30 p.m.,10:58,"SUB IN by SINE,TUCKER",16,15,,-1,1,,,14,2,0.571,0.5,,,17,7,0.412,0.286,30,1858
1,CENTRE,Maryville College,70-74,70,74,0-1,1-0,11/16/16,Win,1089,No Location Recorded,7:30 p.m.,10:58,"SUB IN by GRIFFIN,JAROD",16,15,,-1,1,,,14,2,0.571,0.5,,,17,7,0.412,0.286,30,1858
1,CENTRE,Maryville College,70-74,70,74,0-1,1-0,11/16/16,Win,1089,No Location Recorded,7:30 p.m.,10:58,"SUB OUT by WALKER,ART",16,15,,-1,1,,,14,2,0.571,0.5,,,17,7,0.412,0.286,30,1858
1,CENTRE,Maryville College,70-74,70,74,0-1,1-0,11/16/16,Win,1089,No Location Recorded,7:30 p.m.,10:58,"SUB OUT by BATES,JACOB",16,15,,-1,1,,,14,2,0.571,0.5,,,17,7,0.412,0.286,30,1858
1,CENTRE,Maryville College,70-74,70,74,0-1,1-0,11/16/16,Win,1089,No Location Recorded,7:30 p.m.,10:58,"SUB OUT by GRUBER,SAM",16,15,,-1,1,,,14,2,0.571,0.5,,,17,7,0.412,0.286,30,1858
1,CENTRE,Maryville College,70-74,70,74,0-1,1-0,11/16/16,Win,1089,No Location Recorded,7:30 p.m.,10:58,"SUB OUT by RAKES,BAILEY",16,15,,-1,1,,,14,2,0.571,0.5,,,17,7,0.412,0.286,30,1858
1,CENTRE,Maryville College,70-74,70,74,0-1,1-0,11/16/16,Win,1089,No Location Recorded,7:30 p.m.,10:58,,16,15,"SUB IN by NOKES,COLT",-1,1,,,14,2,0.571,0.5,,,17,7,0.412,0.286,30,1858
1,CENTRE,Maryville College,70-74,70,74,0-1,1-0,11/16/16,Win,1089,No Location Recorded,7:30 p.m.,10:58,,16,15,"SUB IN by SPICER,TYLER",-1,1,,,14,2,0.571,0.5,,,17,7,0.412,0.286,30,1858
1,CENTRE,Maryville College,70-74,70,74,0-1,1-0,11/16/16,Win,1089,No Location Recorded,7:30 p.m.,10:58,,16,15,"SUB IN by SONGSTER,CALVIN",-1,1,,,14,2,0.571,0.5,,,17,7,0.412,0.286,30,1858
1,CENTRE,Maryville College,70-74,70,74,0-1,1-0,11/16/16,Win,1089,No Location Recorded,7:30 p.m.,10:58,,16,15,"SUB IN by BOWYER,JAY",-1,1,,,14,2,0.571,0.5,,,17,7,0.412,0.286,30,1858
1,CENTRE,Maryville College,70-74,70,74,0-1,1-0,11/16/16,Win,1089,No Location Recorded,7:30 p.m.,10:58,,16,15,"SUB OUT by BOWMAN,EMIER",-1,1,,,14,2,0.571,0.5,,,17,7,0.412,0.286,30,1858
1,CENTRE,Maryville College,70-74,70,74,0-1,1-0,11/16/16,Win,1089,No Location Recorded,7:30 p.m.,10:58,,16,15,"SUB OUT by HOPPA,DANTE",-1,1,,,14,2,0.571,0.5,,,17,7,0.412,0.286,30,1858
1,CENTRE,Maryville College,70-74,70,74,0-1,1-0,11/16/16,Win,1089,No Location Recorded,7:30 p.m.,10:58,,16,15,"SUB OUT by WATSON,CHRIS",-1,1,,,14,2,0.571,0.5,,,17,7,0.412,0.286,30,1858
1,CENTRE,Maryville College,70-74,70,74,0-1,1-0,11/16/16,Win,1089,No Location Recorded,7:30 p.m.,10:58,,16,15,"SUB OUT by ESTES,KALEB",-1,1,,,14,2,0.571,0.5,,,17,7,0.412,0.286,30,1858
1,CENTRE,Maryville College,70-74,70,74,0-1,1-0,11/16/16,Win,1089,No Location Recorded,7:30 p.m.,10:48,,16,15,"MISS JUMPER by SONGSTER,CALVIN",-1,1,,,14,2,0.571,0.5,jumper,miss,18,7,0.389,0.286,30,1848
1,CENTRE,Maryville College,70-74,70,74,0-1,1-0,11/16/16,Win,1089,No Location Recorded,7:30 p.m.,10:48,,16,15,REBOUND OFF by TEAM,-1,1,,,14,2,0.571,0.5,,,18,7,0.389,0.286,30,1848
1,CENTRE,Maryville College,70-74,70,74,0-1,1-0,11/16/16,Win,1089,No Location Recorded,7:30 p.m.,10:28,,16,15,"MISS 3PTR by BOWYER,JAY",-1,1,,,14,2,0.571,0.5,3ptr,miss,19,8,0.368,0.25,30,1828
1,CENTRE,Maryville College,70-74,70,74,0-1,1-0,11/16/16,Win,1089,No Location Recorded,7:30 p.m.,10:28,"REBOUND DEF by SINE,TUCKER",16,15,,-1,1,,,14,2,0.571,0.5,,,19,8,0.368,0.25,30,1828
1,CENTRE,Maryville College,70-74,70,74,0-1,1-0,11/16/16,Win,1089,No Location Recorded,7:30 p.m.,10:05,"GOOD JUMPER by SPITZER,JAKOB",18,15,,-3,1,jumper,good,15,2,0.6,0.5,,,19,8,0.368,0.25,30,1805
1,CENTRE,Maryville College,70-74,70,74,0-1,1-0,11/16/16,Win,1089,No Location Recorded,7:30 p.m.,10:05,"ASSIST  by AYERS,PERRY",18,15,,-3,1,,,15,2,0.6,0.5,,,19,8,0.368,0.25,30,1805
1,CENTRE,Maryville College,70-74,70,74,0-1,1-0,11/16/16,Win,1089,No Location Recorded,7:30 p.m.,09:50,,18,15,"TURNOVER  by NOKES,COLT",-3,1,,,15,2,0.6,0.5,,,19,8,0.368,0.25,29,1790
1,CENTRE,Maryville College,70-74,70,74,0-1,1-0,11/16/16,Win,1089,No Location Recorded,7:30 p.m.,09:48,"STEAL  by GRIFFIN,JAROD",18,15,,-3,1,,,15,2,0.6,0.5,,,19,8,0.368,0.25,29,1788
1,CENTRE,Maryville College,70-74,70,74,0-1,1-0,11/16/16,Win,1089,No Location Recorded,7:30 p.m.,09:43,"MISS LAYUP by GRIFFIN,JAROD",18,15,,-3,1,layup,miss,16,2,0.562,0.5,,,19,8,0.368,0.25,29,1783
1,CENTRE,Maryville College,70-74,70,74,0-1,1-0,11/16/16,Win,1089,No Location Recorded,7:30 p.m.,09:43,"REBOUND OFF by SPITZER,JAKOB",18,15,,-3,1,,,16,2,0.562,0.5,,,19,8,0.368,0.25,29,1783
1,CENTRE,Maryville College,70-74,70,74,0-1,1-0,11/16/16,Win,1089,No Location Recorded,7:30 p.m.,09:39,"GOOD TIPIN by SPITZER,JAKOB(in the paint)",20,15,,-5,1,,good,17,2,0.588,0.5,,,19,8,0.368,0.25,29,1779
1,CENTRE,Maryville College,70-74,70,74,0-1,1-0,11/16/16,Win,1089,No Location Recorded,7:30 p.m.,09:25,,20,15,"MISS JUMPER by BROOKS,JOSHUA",-5,1,,,17,2,0.588,0.5,jumper,miss,20,8,0.35,0.25,29,1765
1,CENTRE,Maryville College,70-74,70,74,0-1,1-0,11/16/16,Win,1089,No Location Recorded,7:30 p.m.,09:25,"REBOUND DEF by SINE,TUCKER",20,15,,-5,1,,,17,2,0.588,0.5,,,20,8,0.35,0.25,29,1765
1,CENTRE,Maryville College,70-74,70,74,0-1,1-0,11/16/16,Win,1089,No Location Recorded,7:30 p.m.,09:13,"GOOD 3PTR by GUMP,MATT",23,15,,-8,1,3ptr,good,18,3,0.611,0.667,,,20,8,0.35,0.25,29,1753
1,CENTRE,Maryville College,70-74,70,74,0-1,1-0,11/16/16,Win,1089,No Location Recorded,7:30 p.m.,09:13,"ASSIST  by SINE,TUCKER",23,15,,-8,1,,,18,3,0.611,0.667,,,20,8,0.35,0.25,29,1753
1,CENTRE,Maryville College,70-74,70,74,0-1,1-0,11/16/16,Win,1089,No Location Recorded,7:30 p.m.,09:07,,23,15,TIMEOUT 30SEC by TEAM,-8,1,,,18,3,0.611,0.667,,,20,8,0.35,0.25,29,1747
1,CENTRE,Maryville College,70-74,70,74,0-1,1-0,11/16/16,Win,1089,No Location Recorded,7:30 p.m.,09:07,,23,15,"SUB IN by GARCIA,EMANUELLE",-8,1,,,18,3,0.611,0.667,,,20,8,0.35,0.25,29,1747
1,CENTRE,Maryville College,70-74,70,74,0-1,1-0,11/16/16,Win,1089,No Location Recorded,7:30 p.m.,09:07,,23,15,"SUB OUT by BROOKS,JOSHUA",-8,1,,,18,3,0.611,0.667,,,20,8,0.35,0.25,29,1747
1,CENTRE,Maryville College,70-74,70,74,0-1,1-0,11/16/16,Win,1089,No Location Recorded,7:30 p.m.,08:54,,23,18,"GOOD 3PTR by GARCIA,EMANUELLE",-5,1,,,18,3,0.611,0.667,3ptr,good,21,9,0.381,0.333,28,1734
1,CENTRE,Maryville College,70-74,70,74,0-1,1-0,11/16/16,Win,1089,No Location Recorded,7:30 p.m.,08:54,,23,18,"ASSIST  by BOWYER,JAY",-5,1,,,18,3,0.611,0.667,,,21,9,0.381,0.333,28,1734
1,CENTRE,Maryville College,70-74,70,74,0-1,1-0,11/16/16,Win,1089,No Location Recorded,7:30 p.m.,08:29,"MISS JUMPER by GRIFFIN,JAROD",23,18,,-5,1,jumper,miss,19,3,0.579,0.667,,,21,9,0.381,0.333,28,1709
1,CENTRE,Maryville College,70-74,70,74,0-1,1-0,11/16/16,Win,1089,No Location Recorded,7:30 p.m.,08:29,,23,18,"REBOUND DEF by NOKES,COLT",-5,1,,,19,3,0.579,0.667,,,21,9,0.381,0.333,28,1709
1,CENTRE,Maryville College,70-74,70,74,0-1,1-0,11/16/16,Win,1089,No Location Recorded,7:30 p.m.,08:15,,23,18,"TURNOVER  by NOKES,COLT",-5,1,,,19,3,0.579,0.667,,,21,9,0.381,0.333,28,1695
1,CENTRE,Maryville College,70-74,70,74,0-1,1-0,11/16/16,Win,1089,No Location Recorded,7:30 p.m.,08:04,"GOOD LAYUP by AYERS,PERRY(in the paint)",25,18,,-7,1,layup,good,20,3,0.6,0.667,,,21,9,0.381,0.333,28,1684
1,CENTRE,Maryville College,70-74,70,74,0-1,1-0,11/16/16,Win,1089,No Location Recorded,7:30 p.m.,08:04,"ASSIST  by GUMP,MATT",25,18,,-7,1,,,20,3,0.6,0.667,,,21,9,0.381,0.333,28,1684
1,CENTRE,Maryville College,70-74,70,74,0-1,1-0,11/16/16,Win,1089,No Location Recorded,7:30 p.m.,07:54,"FOUL  by AYERS,PERRY",25,18,,-7,1,foul,,20,3,0.6,0.667,,,21,9,0.381,0.333,27,1674
1,CENTRE,Maryville College,70-74,70,74,0-1,1-0,11/16/16,Win,1089,No Location Recorded,7:30 p.m.,07:54,,25,18,TIMEOUT 20SEC by TEAM,-7,1,,,20,3,0.6,0.667,,,21,9,0.381,0.333,27,1674
1,CENTRE,Maryville College,70-74,70,74,0-1,1-0,11/16/16,Win,1089,No Location Recorded,7:30 p.m.,07:54,"SUB IN by RAKES,BAILEY",25,18,,-7,1,,,20,3,0.6,0.667,,,21,9,0.381,0.333,27,1674
1,CENTRE,Maryville College,70-74,70,74,0-1,1-0,11/16/16,Win,1089,No Location Recorded,7:30 p.m.,07:54,"SUB OUT by AYERS,PERRY",25,18,,-7,1,,,20,3,0.6,0.667,,,21,9,0.381,0.333,27,1674
1,CENTRE,Maryville College,70-74,70,74,0-1,1-0,11/16/16,Win,1089,No Location Recorded,7:30 p.m.,07:41,,25,18,"TURNOVER  by NOKES,COLT",-7,1,,,20,3,0.6,0.667,,,21,9,0.381,0.333,27,1661
1,CENTRE,Maryville College,70-74,70,74,0-1,1-0,11/16/16,Win,1089,No Location Recorded,7:30 p.m.,07:25,"GOOD JUMPER by SPITZER,JAKOB(in the paint)",27,18,,-9,1,jumper,good,21,3,0.619,0.667,,,21,9,0.381,0.333,27,1645
1,CENTRE,Maryville College,70-74,70,74,0-1,1-0,11/16/16,Win,1089,No Location Recorded,7:30 p.m.,07:25,"ASSIST  by SINE,TUCKER",27,18,,-9,1,,,21,3,0.619,0.667,,,21,9,0.381,0.333,27,1645
1,CENTRE,Maryville College,70-74,70,74,0-1,1-0,11/16/16,Win,1089,No Location Recorded,7:30 p.m.,07:25,,27,18,"SUB IN by ESTES,KALEB",-9,1,,,21,3,0.619,0.667,,,21,9,0.381,0.333,27,1645
1,CENTRE,Maryville College,70-74,70,74,0-1,1-0,11/16/16,Win,1089,No Location Recorded,7:30 p.m.,07:25,,27,18,"SUB OUT by BOWYER,JAY",-9,1,,,21,3,0.619,0.667,,,21,9,0.381,0.333,27,1645
1,CENTRE,Maryville College,70-74,70,74,0-1,1-0,11/16/16,Win,1089,No Location Recorded,7:30 p.m.,07:08,,27,18,"MISS JUMPER by SONGSTER,CALVIN",-9,1,,,21,3,0.619,0.667,jumper,miss,22,9,0.364,0.333,27,1628
1,CENTRE,Maryville College,70-74,70,74,0-1,1-0,11/16/16,Win,1089,No Location Recorded,7:30 p.m.,07:08,"REBOUND DEF by GUMP,MATT",27,18,,-9,1,,,21,3,0.619,0.667,,,22,9,0.364,0.333,27,1628
1,CENTRE,Maryville College,70-74,70,74,0-1,1-0,11/16/16,Win,1089,No Location Recorded,7:30 p.m.,06:59,"MISS 3PTR by GUMP,MATT",27,18,,-9,1,3ptr,miss,22,4,0.591,0.5,,,22,9,0.364,0.333,26,1619
1,CENTRE,Maryville College,70-74,70,74,0-1,1-0,11/16/16,Win,1089,No Location Recorded,7:30 p.m.,06:59,,27,18,"REBOUND DEF by SONGSTER,CALVIN",-9,1,,,22,4,0.591,0.5,,,22,9,0.364,0.333,26,1619
1,CENTRE,Maryville College,70-74,70,74,0-1,1-0,11/16/16,Win,1089,No Location Recorded,7:30 p.m.,06:49,"FOUL  by SPITZER,JAKOB",27,18,,-9,1,foul,,22,4,0.591,0.5,,,22,9,0.364,0.333,26,1609
1,CENTRE,Maryville College,70-74,70,74,0-1,1-0,11/16/16,Win,1089,No Location Recorded,7:30 p.m.,06:49,"SUB IN by SCHMUCKER,ZACH",27,18,,-9,1,,,22,4,0.591,0.5,,,22,9,0.364,0.333,26,1609
1,CENTRE,Maryville College,70-74,70,74,0-1,1-0,11/16/16,Win,1089,No Location Recorded,7:30 p.m.,06:49,"SUB IN by BATES,JACOB",27,18,,-9,1,,,22,4,0.591,0.5,,,22,9,0.364,0.333,26,1609
1,CENTRE,Maryville College,70-74,70,74,0-1,1-0,11/16/16,Win,1089,No Location Recorded,7:30 p.m.,06:49,"SUB OUT by SPITZER,JAKOB",27,18,,-9,1,,,22,4,0.591,0.5,,,22,9,0.364,0.333,26,1609
1,CENTRE,Maryville College,70-74,70,74,0-1,1-0,11/16/16,Win,1089,No Location Recorded,7:30 p.m.,06:49,"SUB OUT by GUMP,MATT",27,18,,-9,1,,,22,4,0.591,0.5,,,22,9,0.364,0.333,26,1609
1,CENTRE,Maryville College,70-74,70,74,0-1,1-0,11/16/16,Win,1089,No Location Recorded,7:30 p.m.,06:49,,27,18,"SUB IN by HOPPA,DANTE",-9,1,,,22,4,0.591,0.5,,,22,9,0.364,0.333,26,1609
1,CENTRE,Maryville College,70-74,70,74,0-1,1-0,11/16/16,Win,1089,No Location Recorded,7:30 p.m.,06:49,,27,18,"SUB OUT by SONGSTER,CALVIN",-9,1,,,22,4,0.591,0.5,,,22,9,0.364,0.333,26,1609
1,CENTRE,Maryville College,70-74,70,74,0-1,1-0,11/16/16,Win,1089,No Location Recorded,7:30 p.m.,06:47,,27,18,"TURNOVER  by HOPPA,DANTE",-9,1,,,22,4,0.591,0.5,,,22,9,0.364,0.333,26,1607
1,CENTRE,Maryville College,70-74,70,74,0-1,1-0,11/16/16,Win,1089,No Location Recorded,7:30 p.m.,06:45,"STEAL  by RAKES,BAILEY",27,18,,-9,1,,,22,4,0.591,0.5,,,22,9,0.364,0.333,26,1605
1,CENTRE,Maryville College,70-74,70,74,0-1,1-0,11/16/16,Win,1089,No Location Recorded,7:30 p.m.,06:41,"MISS LAYUP by SINE,TUCKER",27,18,,-9,1,layup,miss,23,4,0.565,0.5,,,22,9,0.364,0.333,26,1601
1,CENTRE,Maryville College,70-74,70,74,0-1,1-0,11/16/16,Win,1089,No Location Recorded,7:30 p.m.,06:41,,27,18,"BLOCK  by SPICER,TYLER",-9,1,,,23,4,0.565,0.5,,,22,9,0.364,0.333,26,1601
1,CENTRE,Maryville College,70-74,70,74,0-1,1-0,11/16/16,Win,1089,No Location Recorded,7:30 p.m.,06:41,"REBOUND OFF by BATES,JACOB",27,18,,-9,1,,,23,4,0.565,0.5,,,22,9,0.364,0.333,26,1601
1,CENTRE,Maryville College,70-74,70,74,0-1,1-0,11/16/16,Win,1089,No Location Recorded,7:30 p.m.,06:37,"GOOD JUMPER by BATES,JACOB(in the paint)",29,18,,-11,1,jumper,good,24,4,0.583,0.5,,,22,9,0.364,0.333,26,1597
1,CENTRE,Maryville College,70-74,70,74,0-1,1-0,11/16/16,Win,1089,No Location Recorded,7:30 p.m.,06:26,,29,18,"MISS JUMPER by SPICER,TYLER",-11,1,,,24,4,0.583,0.5,jumper,miss,23,9,0.348,0.333,26,1586
1,CENTRE,Maryville College,70-74,70,74,0-1,1-0,11/16/16,Win,1089,No Location Recorded,7:30 p.m.,06:26,,29,18,"REBOUND OFF by NOKES,COLT",-11,1,,,24,4,0.583,0.5,,,23,9,0.348,0.333,26,1586
1,CENTRE,Maryville College,70-74,70,74,0-1,1-0,11/16/16,Win,1089,No Location Recorded,7:30 p.m.,06:23,,29,20,"GOOD JUMPER by NOKES,COLT(in the paint)",-9,1,,,24,4,0.583,0.5,jumper,good,24,9,0.375,0.333,26,1583
1,CENTRE,Maryville College,70-74,70,74,0-1,1-0,11/16/16,Win,1089,No Location Recorded,7:30 p.m.,06:03,"MISS JUMPER by RAKES,BAILEY",29,20,,-9,1,jumper,miss,25,4,0.56,0.5,,,24,9,0.375,0.333,26,1563
1,CENTRE,Maryville College,70-74,70,74,0-1,1-0,11/16/16,Win,1089,No Location Recorded,7:30 p.m.,06:03,,29,20,"REBOUND DEF by HOPPA,DANTE",-9,1,,,25,4,0.56,0.5,,,24,9,0.375,0.333,26,1563
1,CENTRE,Maryville College,70-74,70,74,0-1,1-0,11/16/16,Win,1089,No Location Recorded,7:30 p.m.,05:51,,29,20,"TURNOVER  by HOPPA,DANTE",-9,1,,,25,4,0.56,0.5,,,24,9,0.375,0.333,25,1551
1,CENTRE,Maryville College,70-74,70,74,0-1,1-0,11/16/16,Win,1089,No Location Recorded,7:30 p.m.,05:50,"STEAL  by BATES,JACOB",29,20,,-9,1,,,25,4,0.56,0.5,,,24,9,0.375,0.333,25,1550
1,CENTRE,Maryville College,70-74,70,74,0-1,1-0,11/16/16,Win,1089,No Location Recorded,7:30 p.m.,05:48,"MISS LAYUP by BATES,JACOB",29,20,,-9,1,layup,miss,26,4,0.538,0.5,,,24,9,0.375,0.333,25,1548
1,CENTRE,Maryville College,70-74,70,74,0-1,1-0,11/16/16,Win,1089,No Location Recorded,7:30 p.m.,05:48,,29,20,"REBOUND DEF by HOPPA,DANTE",-9,1,,,26,4,0.538,0.5,,,24,9,0.375,0.333,25,1548
1,CENTRE,Maryville College,70-74,70,74,0-1,1-0,11/16/16,Win,1089,No Location Recorded,7:30 p.m.,05:39,,29,23,"GOOD 3PTR by GARCIA,EMANUELLE(fastbreak)",-6,1,,,26,4,0.538,0.5,3ptr,good,25,10,0.4,0.4,25,1539
1,CENTRE,Maryville College,70-74,70,74,0-1,1-0,11/16/16,Win,1089,No Location Recorded,7:30 p.m.,05:39,,29,23,"ASSIST  by ESTES,KALEB",-6,1,,,26,4,0.538,0.5,,,25,10,0.4,0.4,25,1539
1,CENTRE,Maryville College,70-74,70,74,0-1,1-0,11/16/16,Win,1089,No Location Recorded,7:30 p.m.,05:20,"FOUL  by SCHMUCKER,ZACH",29,23,,-6,1,foul,,26,4,0.538,0.5,,,25,10,0.4,0.4,25,1520
1,CENTRE,Maryville College,70-74,70,74,0-1,1-0,11/16/16,Win,1089,No Location Recorded,7:30 p.m.,05:20,"TURNOVER  by SCHMUCKER,ZACH",29,23,,-6,1,,,26,4,0.538,0.5,,,25,10,0.4,0.4,25,1520
1,CENTRE,Maryville College,70-74,70,74,0-1,1-0,11/16/16,Win,1089,No Location Recorded,7:30 p.m.,05:20,,29,23,"MISS 3PTR by GARCIA,EMANUELLE",-6,1,,,26,4,0.538,0.5,3ptr,miss,26,11,0.385,0.364,25,1520
1,CENTRE,Maryville College,70-74,70,74,0-1,1-0,11/16/16,Win,1089,No Location Recorded,7:30 p.m.,05:20,,29,23,"REBOUND OFF by WATSON,CHRIS",-6,1,,,26,4,0.538,0.5,,,26,11,0.385,0.364,25,1520
1,CENTRE,Maryville College,70-74,70,74,0-1,1-0,11/16/16,Win,1089,No Location Recorded,7:30 p.m.,05:20,,29,25,"GOOD JUMPER by WATSON,CHRIS(in the paint)",-4,1,,,26,4,0.538,0.5,jumper,good,27,11,0.407,0.364,25,1520
1,CENTRE,Maryville College,70-74,70,74,0-1,1-0,11/16/16,Win,1089,No Location Recorded,7:30 p.m.,05:20,"TURNOVER  by BATES,JACOB",29,25,,-4,1,,,26,4,0.538,0.5,,,27,11,0.407,0.364,25,1520
1,CENTRE,Maryville College,70-74,70,74,0-1,1-0,11/16/16,Win,1089,No Location Recorded,7:30 p.m.,05:20,,29,25,"STEAL  by GARCIA,EMANUELLE",-4,1,,,26,4,0.538,0.5,,,27,11,0.407,0.364,25,1520
1,CENTRE,Maryville College,70-74,70,74,0-1,1-0,11/16/16,Win,1089,No Location Recorded,7:30 p.m.,05:20,"SUB IN by WALKER,ART",29,25,,-4,1,,,26,4,0.538,0.5,,,27,11,0.407,0.364,25,1520
1,CENTRE,Maryville College,70-74,70,74,0-1,1-0,11/16/16,Win,1089,No Location Recorded,7:30 p.m.,05:20,"SUB IN by GRUBER,SAM",29,25,,-4,1,,,26,4,0.538,0.5,,,27,11,0.407,0.364,25,1520
1,CENTRE,Maryville College,70-74,70,74,0-1,1-0,11/16/16,Win,1089,No Location Recorded,7:30 p.m.,05:20,"SUB OUT by SINE,TUCKER",29,25,,-4,1,,,26,4,0.538,0.5,,,27,11,0.407,0.364,25,1520
1,CENTRE,Maryville College,70-74,70,74,0-1,1-0,11/16/16,Win,1089,No Location Recorded,7:30 p.m.,05:20,"SUB OUT by GRIFFIN,JAROD",29,25,,-4,1,,,26,4,0.538,0.5,,,27,11,0.407,0.364,25,1520
1,CENTRE,Maryville College,70-74,70,74,0-1,1-0,11/16/16,Win,1089,No Location Recorded,7:30 p.m.,05:20,,29,25,"SUB IN by SONGSTER,CALVIN",-4,1,,,26,4,0.538,0.5,,,27,11,0.407,0.364,25,1520
1,CENTRE,Maryville College,70-74,70,74,0-1,1-0,11/16/16,Win,1089,No Location Recorded,7:30 p.m.,05:20,,29,25,"SUB IN by WATSON,CHRIS",-4,1,,,26,4,0.538,0.5,,,27,11,0.407,0.364,25,1520
1,CENTRE,Maryville College,70-74,70,74,0-1,1-0,11/16/16,Win,1089,No Location Recorded,7:30 p.m.,05:20,,29,25,"SUB IN by BROOKS,JOSHUA",-4,1,,,26,4,0.538,0.5,,,27,11,0.407,0.364,25,1520
1,CENTRE,Maryville College,70-74,70,74,0-1,1-0,11/16/16,Win,1089,No Location Recorded,7:30 p.m.,05:20,,29,25,"SUB OUT by SONGSTER,CALVIN",-4,1,,,26,4,0.538,0.5,,,27,11,0.407,0.364,25,1520
1,CENTRE,Maryville College,70-74,70,74,0-1,1-0,11/16/16,Win,1089,No Location Recorded,7:30 p.m.,05:20,,29,25,"SUB OUT by HOPPA,DANTE",-4,1,,,26,4,0.538,0.5,,,27,11,0.407,0.364,25,1520
1,CENTRE,Maryville College,70-74,70,74,0-1,1-0,11/16/16,Win,1089,No Location Recorded,7:30 p.m.,05:20,,29,25,"SUB OUT by NOKES,COLT",-4,1,,,26,4,0.538,0.5,,,27,11,0.407,0.364,25,1520
1,CENTRE,Maryville College,70-74,70,74,0-1,1-0,11/16/16,Win,1089,No Location Recorded,7:30 p.m.,05:17,,29,25,"TURNOVER  by ESTES,KALEB",-4,1,,,26,4,0.538,0.5,,,27,11,0.407,0.364,25,1517
1,CENTRE,Maryville College,70-74,70,74,0-1,1-0,11/16/16,Win,1089,No Location Recorded,7:30 p.m.,05:17,"SUB IN by AYERS,PERRY",29,25,,-4,1,,,26,4,0.538,0.5,,,27,11,0.407,0.364,25,1517
1,CENTRE,Maryville College,70-74,70,74,0-1,1-0,11/16/16,Win,1089,No Location Recorded,7:30 p.m.,05:17,"SUB IN by GUMP,MATT",29,25,,-4,1,,,26,4,0.538,0.5,,,27,11,0.407,0.364,25,1517
1,CENTRE,Maryville College,70-74,70,74,0-1,1-0,11/16/16,Win,1089,No Location Recorded,7:30 p.m.,05:17,"SUB OUT by BATES,JACOB",29,25,,-4,1,,,26,4,0.538,0.5,,,27,11,0.407,0.364,25,1517
1,CENTRE,Maryville College,70-74,70,74,0-1,1-0,11/16/16,Win,1089,No Location Recorded,7:30 p.m.,05:17,"SUB OUT by RAKES,BAILEY",29,25,,-4,1,,,26,4,0.538,0.5,,,27,11,0.407,0.364,25,1517
1,CENTRE,Maryville College,70-74,70,74,0-1,1-0,11/16/16,Win,1089,No Location Recorded,7:30 p.m.,05:17,,29,25,"SUB IN by BOWMAN,EMIER",-4,1,,,26,4,0.538,0.5,,,27,11,0.407,0.364,25,1517
1,CENTRE,Maryville College,70-74,70,74,0-1,1-0,11/16/16,Win,1089,No Location Recorded,7:30 p.m.,05:17,,29,25,"SUB IN by BOWYER,JAY",-4,1,,,26,4,0.538,0.5,,,27,11,0.407,0.364,25,1517
1,CENTRE,Maryville College,70-74,70,74,0-1,1-0,11/16/16,Win,1089,No Location Recorded,7:30 p.m.,05:17,,29,25,"SUB OUT by SPICER,TYLER",-4,1,,,26,4,0.538,0.5,,,27,11,0.407,0.364,25,1517
1,CENTRE,Maryville College,70-74,70,74,0-1,1-0,11/16/16,Win,1089,No Location Recorded,7:30 p.m.,05:17,,29,25,"SUB OUT by ESTES,KALEB",-4,1,,,26,4,0.538,0.5,,,27,11,0.407,0.364,25,1517
1,CENTRE,Maryville College,70-74,70,74,0-1,1-0,11/16/16,Win,1089,No Location Recorded,7:30 p.m.,03:55,TIMEOUT 20SEC by TEAM,29,25,,-4,1,,,26,4,0.538,0.5,,,27,11,0.407,0.364,23,1435
1,CENTRE,Maryville College,70-74,70,74,0-1,1-0,11/16/16,Win,1089,No Location Recorded,7:30 p.m.,03:52,"MISS 3PTR by WALKER,ART",29,25,,-4,1,3ptr,miss,27,5,0.519,0.4,,,27,11,0.407,0.364,23,1432
1,CENTRE,Maryville College,70-74,70,74,0-1,1-0,11/16/16,Win,1089,No Location Recorded,7:30 p.m.,03:52,,29,25,"REBOUND DEF by BOWMAN,EMIER",-4,1,,,27,5,0.519,0.4,,,27,11,0.407,0.364,23,1432
1,CENTRE,Maryville College,70-74,70,74,0-1,1-0,11/16/16,Win,1089,No Location Recorded,7:30 p.m.,03:36,,29,27,"GOOD DUNK by WATSON,CHRIS(in the paint)",-2,1,,,27,5,0.519,0.4,,good,28,11,0.429,0.364,23,1416
1,CENTRE,Maryville College,70-74,70,74,0-1,1-0,11/16/16,Win,1089,No Location Recorded,7:30 p.m.,03:23,"TURNOVER  by GUMP,MATT",29,27,,-2,1,,,27,5,0.519,0.4,,,28,11,0.429,0.364,23,1403
1,CENTRE,Maryville College,70-74,70,74,0-1,1-0,11/16/16,Win,1089,No Location Recorded,7:30 p.m.,03:22,,29,27,"STEAL  by GARCIA,EMANUELLE",-2,1,,,27,5,0.519,0.4,,,28,11,0.429,0.364,23,1402
1,CENTRE,Maryville College,70-74,70,74,0-1,1-0,11/16/16,Win,1089,No Location Recorded,7:30 p.m.,03:19,,29,27,"MISS DUNK by BOWMAN,EMIER",-2,1,,,27,5,0.519,0.4,,miss,29,11,0.414,0.364,23,1399
1,CENTRE,Maryville College,70-74,70,74,0-1,1-0,11/16/16,Win,1089,No Location Recorded,7:30 p.m.,03:19,"REBOUND DEF by SCHMUCKER,ZACH",29,27,,-2,1,,,27,5,0.519,0.4,,,29,11,0.414,0.364,23,1399
1,CENTRE,Maryville College,70-74,70,74,0-1,1-0,11/16/16,Win,1089,No Location Recorded,7:30 p.m.,03:05,TIMEOUT 30SEC by TEAM,29,27,,-2,1,,,27,5,0.519,0.4,,,29,11,0.414,0.364,23,1385
1,CENTRE,Maryville College,70-74,70,74,0-1,1-0,11/16/16,Win,1089,No Location Recorded,7:30 p.m.,03:05,,29,27,"SUB IN by SONGSTER,CALVIN",-2,1,,,27,5,0.519,0.4,,,29,11,0.414,0.364,23,1385
1,CENTRE,Maryville College,70-74,70,74,0-1,1-0,11/16/16,Win,1089,No Location Recorded,7:30 p.m.,03:05,,29,27,"SUB OUT by GARCIA,EMANUELLE",-2,1,,,27,5,0.519,0.4,,,29,11,0.414,0.364,23,1385
1,CENTRE,Maryville College,70-74,70,74,0-1,1-0,11/16/16,Win,1089,No Location Recorded,7:30 p.m.,02:50,"TURNOVER  by GUMP,MATT",29,27,,-2,1,,,27,5,0.519,0.4,,,29,11,0.414,0.364,22,1370
1,CENTRE,Maryville College,70-74,70,74,0-1,1-0,11/16/16,Win,1089,No Location Recorded,7:30 p.m.,02:49,,29,27,"STEAL  by BROOKS,JOSHUA",-2,1,,,27,5,0.519,0.4,,,29,11,0.414,0.364,22,1369
1,CENTRE,Maryville College,70-74,70,74,0-1,1-0,11/16/16,Win,1089,No Location Recorded,7:30 p.m.,02:45,"FOUL  by GUMP,MATT",29,27,,-2,1,foul,,27,5,0.519,0.4,,,29,11,0.414,0.364,22,1365
1,CENTRE,Maryville College,70-74,70,74,0-1,1-0,11/16/16,Win,1089,No Location Recorded,7:30 p.m.,02:45,,29,27,"MISS FT by BROOKS,JOSHUA",-2,1,,,27,5,0.519,0.4,ft,miss,30,11,0.4,0.364,22,1365
1,CENTRE,Maryville College,70-74,70,74,0-1,1-0,11/16/16,Win,1089,No Location Recorded,7:30 p.m.,02:45,REBOUND DEADB by TEAM,29,27,,-2,1,,,27,5,0.519,0.4,,,30,11,0.4,0.364,22,1365
1,CENTRE,Maryville College,70-74,70,74,0-1,1-0,11/16/16,Win,1089,No Location Recorded,7:30 p.m.,02:45,,29,27,"MISS FT by BROOKS,JOSHUA",-2,1,,,27,5,0.519,0.4,ft,miss,31,11,0.387,0.364,22,1365
1,CENTRE,Maryville College,70-74,70,74,0-1,1-0,11/16/16,Win,1089,No Location Recorded,7:30 p.m.,02:45,"REBOUND DEF by SCHMUCKER,ZACH",29,27,,-2,1,,,27,5,0.519,0.4,,,31,11,0.387,0.364,22,1365
1,CENTRE,Maryville College,70-74,70,74,0-1,1-0,11/16/16,Win,1089,No Location Recorded,7:30 p.m.,02:45,"SUB IN by SINE,TUCKER",29,27,,-2,1,,,27,5,0.519,0.4,,,31,11,0.387,0.364,22,1365
1,CENTRE,Maryville College,70-74,70,74,0-1,1-0,11/16/16,Win,1089,No Location Recorded,7:30 p.m.,02:45,"SUB IN by GRIFFIN,JAROD",29,27,,-2,1,,,27,5,0.519,0.4,,,31,11,0.387,0.364,22,1365
1,CENTRE,Maryville College,70-74,70,74,0-1,1-0,11/16/16,Win,1089,No Location Recorded,7:30 p.m.,02:45,"SUB OUT by WALKER,ART",29,27,,-2,1,,,27,5,0.519,0.4,,,31,11,0.387,0.364,22,1365
1,CENTRE,Maryville College,70-74,70,74,0-1,1-0,11/16/16,Win,1089,No Location Recorded,7:30 p.m.,02:45,"SUB OUT by GRUBER,SAM",29,27,,-2,1,,,27,5,0.519,0.4,,,31,11,0.387,0.364,22,1365
1,CENTRE,Maryville College,70-74,70,74,0-1,1-0,11/16/16,Win,1089,No Location Recorded,7:30 p.m.,02:39,,29,27,"FOUL  by SONGSTER,CALVIN",-2,1,,,27,5,0.519,0.4,foul,,31,11,0.387,0.364,22,1359
1,CENTRE,Maryville College,70-74,70,74,0-1,1-0,11/16/16,Win,1089,No Location Recorded,7:30 p.m.,02:15,"MISS LAYUP by AYERS,PERRY",29,27,,-2,1,layup,miss,28,5,0.5,0.4,,,31,11,0.387,0.364,22,1335
1,CENTRE,Maryville College,70-74,70,74,0-1,1-0,11/16/16,Win,1089,No Location Recorded,7:30 p.m.,02:15,,29,27,"REBOUND DEF by BOWMAN,EMIER",-2,1,,,28,5,0.5,0.4,,,31,11,0.387,0.364,22,1335
1,CENTRE,Maryville College,70-74,70,74,0-1,1-0,11/16/16,Win,1089,No Location Recorded,7:30 p.m.,02:10,,29,30,"GOOD 3PTR by SONGSTER,CALVIN(fastbreak)",1,1,,,28,5,0.5,0.4,3ptr,good,32,12,0.406,0.417,22,1330
1,CENTRE,Maryville College,70-74,70,74,0-1,1-0,11/16/16,Win,1089,No Location Recorded,7:30 p.m.,02:10,,29,30,"ASSIST  by BROOKS,JOSHUA",1,1,,,28,5,0.5,0.4,,,32,12,0.406,0.417,22,1330
1,CENTRE,Maryville College,70-74,70,74,0-1,1-0,11/16/16,Win,1089,No Location Recorded,7:30 p.m.,01:49,"MISS LAYUP by GRIFFIN,JAROD",29,30,,1,1,layup,miss,29,5,0.483,0.4,,,32,12,0.406,0.417,21,1309
1,CENTRE,Maryville College,70-74,70,74,0-1,1-0,11/16/16,Win,1089,No Location Recorded,7:30 p.m.,01:49,,29,30,"BLOCK  by BOWMAN,EMIER",1,1,,,29,5,0.483,0.4,,,32,12,0.406,0.417,21,1309
1,CENTRE,Maryville College,70-74,70,74,0-1,1-0,11/16/16,Win,1089,No Location Recorded,7:30 p.m.,01:49,,29,30,"REBOUND DEF by BOWYER,JAY",1,1,,,29,5,0.483,0.4,,,32,12,0.406,0.417,21,1309
1,CENTRE,Maryville College,70-74,70,74,0-1,1-0,11/16/16,Win,1089,No Location Recorded,7:30 p.m.,01:42,,29,32,"GOOD LAYUP by BOWYER,JAY(fastbreak)(in the paint)",3,1,,,29,5,0.483,0.4,layup,good,33,12,0.424,0.417,21,1302
1,CENTRE,Maryville College,70-74,70,74,0-1,1-0,11/16/16,Win,1089,No Location Recorded,7:30 p.m.,01:42,"FOUL  by SINE,TUCKER",29,32,,3,1,foul,,29,5,0.483,0.4,,,33,12,0.424,0.417,21,1302
1,CENTRE,Maryville College,70-74,70,74,0-1,1-0,11/16/16,Win,1089,No Location Recorded,7:30 p.m.,01:42,,29,32,"MISS FT by BOWYER,JAY",3,1,,,29,5,0.483,0.4,ft,miss,34,12,0.412,0.417,21,1302
1,CENTRE,Maryville College,70-74,70,74,0-1,1-0,11/16/16,Win,1089,No Location Recorded,7:30 p.m.,01:42,"REBOUND DEF by SCHMUCKER,ZACH",29,32,,3,1,,,29,5,0.483,0.4,,,34,12,0.412,0.417,21,1302
1,CENTRE,Maryville College,70-74,70,74,0-1,1-0,11/16/16,Win,1089,No Location Recorded,7:30 p.m.,01:28,,29,32,"FOUL  by BOWYER,JAY",3,1,,,29,5,0.483,0.4,foul,,34,12,0.412,0.417,21,1288
1,CENTRE,Maryville College,70-74,70,74,0-1,1-0,11/16/16,Win,1089,No Location Recorded,7:30 p.m.,01:28,"GOOD FT by AYERS,PERRY",30,32,,2,1,ft,good,30,5,0.5,0.4,,,34,12,0.412,0.417,21,1288
1,CENTRE,Maryville College,70-74,70,74,0-1,1-0,11/16/16,Win,1089,No Location Recorded,7:30 p.m.,01:28,"GOOD FT by AYERS,PERRY",31,32,,1,1,ft,good,31,5,0.516,0.4,,,34,12,0.412,0.417,21,1288
1,CENTRE,Maryville College,70-74,70,74,0-1,1-0,11/16/16,Win,1089,No Location Recorded,7:30 p.m.,01:28,"SUB IN by RAKES,BAILEY",31,32,,1,1,,,31,5,0.516,0.4,,,34,12,0.412,0.417,21,1288
1,CENTRE,Maryville College,70-74,70,74,0-1,1-0,11/16/16,Win,1089,No Location Recorded,7:30 p.m.,01:28,"SUB IN by BATES,JACOB",31,32,,1,1,,,31,5,0.516,0.4,,,34,12,0.412,0.417,21,1288
1,CENTRE,Maryville College,70-74,70,74,0-1,1-0,11/16/16,Win,1089,No Location Recorded,7:30 p.m.,01:28,"SUB OUT by AYERS,PERRY",31,32,,1,1,,,31,5,0.516,0.4,,,34,12,0.412,0.417,21,1288
1,CENTRE,Maryville College,70-74,70,74,0-1,1-0,11/16/16,Win,1089,No Location Recorded,7:30 p.m.,01:28,"SUB OUT by SCHMUCKER,ZACH",31,32,,1,1,,,31,5,0.516,0.4,,,34,12,0.412,0.417,21,1288
1,CENTRE,Maryville College,70-74,70,74,0-1,1-0,11/16/16,Win,1089,No Location Recorded,7:30 p.m.,01:28,,31,32,"SUB IN by GARCIA,EMANUELLE",1,1,,,31,5,0.516,0.4,,,34,12,0.412,0.417,21,1288
1,CENTRE,Maryville College,70-74,70,74,0-1,1-0,11/16/16,Win,1089,No Location Recorded,7:30 p.m.,01:28,,31,32,"SUB IN by ESTES,KALEB",1,1,,,31,5,0.516,0.4,,,34,12,0.412,0.417,21,1288
1,CENTRE,Maryville College,70-74,70,74,0-1,1-0,11/16/16,Win,1089,No Location Recorded,7:30 p.m.,01:28,,31,32,"SUB OUT by BROOKS,JOSHUA",1,1,,,31,5,0.516,0.4,,,34,12,0.412,0.417,21,1288
1,CENTRE,Maryville College,70-74,70,74,0-1,1-0,11/16/16,Win,1089,No Location Recorded,7:30 p.m.,01:28,,31,32,"SUB OUT by BOWYER,JAY",1,1,,,31,5,0.516,0.4,,,34,12,0.412,0.417,21,1288
1,CENTRE,Maryville College,70-74,70,74,0-1,1-0,11/16/16,Win,1089,No Location Recorded,7:30 p.m.,01:03,,31,35,"GOOD 3PTR by GARCIA,EMANUELLE",4,1,,,31,5,0.516,0.4,3ptr,good,35,13,0.429,0.462,21,1263
1,CENTRE,Maryville College,70-74,70,74,0-1,1-0,11/16/16,Win,1089,No Location Recorded,7:30 p.m.,01:03,,31,35,"ASSIST  by BOWMAN,EMIER",4,1,,,31,5,0.516,0.4,,,35,13,0.429,0.462,21,1263
1,CENTRE,Maryville College,70-74,70,74,0-1,1-0,11/16/16,Win,1089,No Location Recorded,7:30 p.m.,00:36,,31,35,"FOUL  by GARCIA,EMANUELLE",4,1,,,31,5,0.516,0.4,foul,,35,13,0.429,0.462,20,1236
1,CENTRE,Maryville College,70-74,70,74,0-1,1-0,11/16/16,Win,1089,No Location Recorded,7:30 p.m.,00:36,"GOOD FT by BATES,JACOB",32,35,,3,1,ft,good,32,5,0.531,0.4,,,35,13,0.429,0.462,20,1236
1,CENTRE,Maryville College,70-74,70,74,0-1,1-0,11/16/16,Win,1089,No Location Recorded,7:30 p.m.,00:36,"MISS FT by BATES,JACOB",32,35,,3,1,ft,miss,33,5,0.515,0.4,,,35,13,0.429,0.462,20,1236
1,CENTRE,Maryville College,70-74,70,74,0-1,1-0,11/16/16,Win,1089,No Location Recorded,7:30 p.m.,00:36,,32,35,"REBOUND DEF by SONGSTER,CALVIN",3,1,,,33,5,0.515,0.4,,,35,13,0.429,0.462,20,1236
1,CENTRE,Maryville College,70-74,70,74,0-1,1-0,11/16/16,Win,1089,No Location Recorded,7:30 p.m.,00:36,,32,35,"SUB IN by SPICER,TYLER",3,1,,,33,5,0.515,0.4,,,35,13,0.429,0.462,20,1236
1,CENTRE,Maryville College,70-74,70,74,0-1,1-0,11/16/16,Win,1089,No Location Recorded,7:30 p.m.,00:36,,32,35,"SUB OUT by BOWMAN,EMIER",3,1,,,33,5,0.515,0.4,,,35,13,0.429,0.462,20,1236
1,CENTRE,Maryville College,70-74,70,74,0-1,1-0,11/16/16,Win,1089,No Location Recorded,7:30 p.m.,00:21,"FOUL  by RAKES,BAILEY",32,35,,3,1,foul,,33,5,0.515,0.4,,,35,13,0.429,0.462,20,1221
1,CENTRE,Maryville College,70-74,70,74,0-1,1-0,11/16/16,Win,1089,No Location Recorded,7:30 p.m.,00:21,,32,35,"MISS FT by ESTES,KALEB",3,1,,,33,5,0.515,0.4,ft,miss,36,13,0.417,0.462,20,1221
1,CENTRE,Maryville College,70-74,70,74,0-1,1-0,11/16/16,Win,1089,No Location Recorded,7:30 p.m.,00:21,REBOUND DEADB by TEAM,32,35,,3,1,,,33,5,0.515,0.4,,,36,13,0.417,0.462,20,1221
1,CENTRE,Maryville College,70-74,70,74,0-1,1-0,11/16/16,Win,1089,No Location Recorded,7:30 p.m.,00:21,,32,36,"GOOD FT by ESTES,KALEB",4,1,,,33,5,0.515,0.4,ft,good,37,13,0.432,0.462,20,1221
1,CENTRE,Maryville College,70-74,70,74,0-1,1-0,11/16/16,Win,1089,No Location Recorded,7:30 p.m.,00:21,"SUB IN by AYERS,PERRY",32,36,,4,1,,,33,5,0.515,0.4,,,37,13,0.432,0.462,20,1221
1,CENTRE,Maryville College,70-74,70,74,0-1,1-0,11/16/16,Win,1089,No Location Recorded,7:30 p.m.,00:21,"SUB OUT by GRIFFIN,JAROD",32,36,,4,1,,,33,5,0.515,0.4,,,37,13,0.432,0.462,20,1221
1,CENTRE,Maryville College,70-74,70,74,0-1,1-0,11/16/16,Win,1089,No Location Recorded,7:30 p.m.,00:21,,32,36,"SUB IN by BROOKS,JOSHUA",4,1,,,33,5,0.515,0.4,,,37,13,0.432,0.462,20,1221
1,CENTRE,Maryville College,70-74,70,74,0-1,1-0,11/16/16,Win,1089,No Location Recorded,7:30 p.m.,00:21,,32,36,"SUB OUT by GARCIA,EMANUELLE",4,1,,,33,5,0.515,0.4,,,37,13,0.432,0.462,20,1221
1,CENTRE,Maryville College,70-74,70,74,0-1,1-0,11/16/16,Win,1089,No Location Recorded,7:30 p.m.,00:03,"TURNOVER  by AYERS,PERRY",32,36,,4,1,,,33,5,0.515,0.4,,,37,13,0.432,0.462,20,1203
1,CENTRE,Maryville College,70-74,70,74,0-1,1-0,11/16/16,Win,1089,No Location Recorded,7:30 p.m.,00:03,"SUB IN by SCHMUCKER,ZACH",32,36,,4,1,,,33,5,0.515,0.4,,,37,13,0.432,0.462,20,1203
1,CENTRE,Maryville College,70-74,70,74,0-1,1-0,11/16/16,Win,1089,No Location Recorded,7:30 p.m.,00:03,"SUB IN by GRIFFIN,JAROD",32,36,,4,1,,,33,5,0.515,0.4,,,37,13,0.432,0.462,20,1203
1,CENTRE,Maryville College,70-74,70,74,0-1,1-0,11/16/16,Win,1089,No Location Recorded,7:30 p.m.,00:03,"SUB OUT by AYERS,PERRY",32,36,,4,1,,,33,5,0.515,0.4,,,37,13,0.432,0.462,20,1203
1,CENTRE,Maryville College,70-74,70,74,0-1,1-0,11/16/16,Win,1089,No Location Recorded,7:30 p.m.,00:03,"SUB OUT by BATES,JACOB",32,36,,4,1,,,33,5,0.515,0.4,,,37,13,0.432,0.462,20,1203
1,CENTRE,Maryville College,70-74,70,74,0-1,1-0,11/16/16,Win,1089,No Location Recorded,7:30 p.m.,00:03,,32,36,"SUB IN by GARCIA,EMANUELLE",4,1,,,33,5,0.515,0.4,,,37,13,0.432,0.462,20,1203
1,CENTRE,Maryville College,70-74,70,74,0-1,1-0,11/16/16,Win,1089,No Location Recorded,7:30 p.m.,00:03,,32,36,"SUB OUT by BROOKS,JOSHUA",4,1,,,33,5,0.515,0.4,,,37,13,0.432,0.462,20,1203
1,CENTRE,Maryville College,70-74,70,74,0-1,1-0,11/16/16,Win,1089,No Location Recorded,7:30 p.m.,00:01,,32,36,"MISS 3PTR by GARCIA,EMANUELLE",4,1,,,33,5,0.515,0.4,3ptr,miss,38,14,0.421,0.429,20,1201
1,CENTRE,Maryville College,70-74,70,74,0-1,1-0,11/16/16,Win,1089,No Location Recorded,7:30 p.m.,00:01,REBOUND DEF by TEAM,32,36,,4,1,,,33,5,0.515,0.4,,,38,14,0.421,0.429,20,1201
1,CENTRE,Maryville College,70-74,70,74,0-1,1-0,11/16/16,Win,1089,No Location Recorded,7:30 p.m.,20:00,"SUB IN by BATES,JACOB",32,36,,4,2,,,33,5,0.515,0.4,,,38,14,0.421,0.429,20,1200
1,CENTRE,Maryville College,70-74,70,74,0-1,1-0,11/16/16,Win,1089,No Location Recorded,7:30 p.m.,20:00,"SUB OUT by SPITZER,JAKOB",32,36,,4,2,,,33,5,0.515,0.4,,,38,14,0.421,0.429,20,1200
1,CENTRE,Maryville College,70-74,70,74,0-1,1-0,11/16/16,Win,1089,No Location Recorded,7:30 p.m.,19:41,,32,36,"MISS 3PTR by BOWYER,JAY",4,2,,,33,5,0.515,0.4,3ptr,miss,39,15,0.41,0.4,19,1181
1,CENTRE,Maryville College,70-74,70,74,0-1,1-0,11/16/16,Win,1089,No Location Recorded,7:30 p.m.,19:41,"REBOUND DEF by BATES,JACOB",32,36,,4,2,,,33,5,0.515,0.4,,,39,15,0.41,0.4,19,1181
1,CENTRE,Maryville College,70-74,70,74,0-1,1-0,11/16/16,Win,1089,No Location Recorded,7:30 p.m.,19:38,,32,36,"FOUL  by NOKES,COLT",4,2,,,33,5,0.515,0.4,foul,,39,15,0.41,0.4,19,1178
1,CENTRE,Maryville College,70-74,70,74,0-1,1-0,11/16/16,Win,1089,No Location Recorded,7:30 p.m.,19:37,"GOOD LAYUP by BATES,JACOB(in the paint)",34,36,,2,2,layup,good,34,5,0.529,0.4,,,39,15,0.41,0.4,19,1177
1,CENTRE,Maryville College,70-74,70,74,0-1,1-0,11/16/16,Win,1089,No Location Recorded,7:30 p.m.,19:34,,34,36,"FOUL  by SPICER,TYLER",2,2,,,34,5,0.529,0.4,foul,,39,15,0.41,0.4,19,1174
1,CENTRE,Maryville College,70-74,70,74,0-1,1-0,11/16/16,Win,1089,No Location Recorded,7:30 p.m.,19:25,"GOOD FT by BATES,JACOB",35,36,,1,2,ft,good,35,5,0.543,0.4,,,39,15,0.41,0.4,19,1165
1,CENTRE,Maryville College,70-74,70,74,0-1,1-0,11/16/16,Win,1089,No Location Recorded,7:30 p.m.,19:19,,35,38,"GOOD JUMPER by SONGSTER,CALVIN",3,2,,,35,5,0.543,0.4,jumper,good,40,15,0.425,0.4,19,1159
1,CENTRE,Maryville College,70-74,70,74,0-1,1-0,11/16/16,Win,1089,No Location Recorded,7:30 p.m.,19:19,,35,38,"ASSIST  by GARCIA,EMANUELLE",3,2,,,35,5,0.543,0.4,,,40,15,0.425,0.4,19,1159
1,CENTRE,Maryville College,70-74,70,74,0-1,1-0,11/16/16,Win,1089,No Location Recorded,7:30 p.m.,18:58,"MISS 3PTR by SINE,TUCKER",35,38,,3,2,3ptr,miss,36,6,0.528,0.333,,,40,15,0.425,0.4,18,1138
1,CENTRE,Maryville College,70-74,70,74,0-1,1-0,11/16/16,Win,1089,No Location Recorded,7:30 p.m.,18:58,,35,38,"REBOUND DEF by NOKES,COLT",3,2,,,36,6,0.528,0.333,,,40,15,0.425,0.4,18,1138
1,CENTRE,Maryville College,70-74,70,74,0-1,1-0,11/16/16,Win,1089,No Location Recorded,7:30 p.m.,18:43,,35,38,"TURNOVER  by BOWYER,JAY",3,2,,,36,6,0.528,0.333,,,40,15,0.425,0.4,18,1123
1,CENTRE,Maryville College,70-74,70,74,0-1,1-0,11/16/16,Win,1089,No Location Recorded,7:30 p.m.,18:43,"STEAL  by AYERS,PERRY",35,38,,3,2,,,36,6,0.528,0.333,,,40,15,0.425,0.4,18,1123
1,CENTRE,Maryville College,70-74,70,74,0-1,1-0,11/16/16,Win,1089,No Location Recorded,7:30 p.m.,18:43,,35,38,"FOUL  by GARCIA,EMANUELLE",3,2,,,36,6,0.528,0.333,foul,,40,15,0.425,0.4,18,1123
1,CENTRE,Maryville College,70-74,70,74,0-1,1-0,11/16/16,Win,1089,No Location Recorded,7:30 p.m.,18:43,"GOOD FT by SINE,TUCKER",36,38,,2,2,ft,good,37,6,0.541,0.333,,,40,15,0.425,0.4,18,1123
1,CENTRE,Maryville College,70-74,70,74,0-1,1-0,11/16/16,Win,1089,No Location Recorded,7:30 p.m.,18:43,"GOOD FT by SINE,TUCKER",37,38,,1,2,ft,good,38,6,0.553,0.333,,,40,15,0.425,0.4,18,1123
1,CENTRE,Maryville College,70-74,70,74,0-1,1-0,11/16/16,Win,1089,No Location Recorded,7:30 p.m.,18:28,"FOUL  by SINE,TUCKER",37,38,,1,2,foul,,38,6,0.553,0.333,,,40,15,0.425,0.4,18,1108
1,CENTRE,Maryville College,70-74,70,74,0-1,1-0,11/16/16,Win,1089,No Location Recorded,7:30 p.m.,18:16,,37,38,"TURNOVER  by BOWYER,JAY",1,2,,,38,6,0.553,0.333,,,40,15,0.425,0.4,18,1096
1,CENTRE,Maryville College,70-74,70,74,0-1,1-0,11/16/16,Win,1089,No Location Recorded,7:30 p.m.,18:16,"STEAL  by BATES,JACOB",37,38,,1,2,,,38,6,0.553,0.333,,,40,15,0.425,0.4,18,1096
1,CENTRE,Maryville College,70-74,70,74,0-1,1-0,11/16/16,Win,1089,No Location Recorded,7:30 p.m.,18:05,"MISS 3PTR by GRIFFIN,JAROD",37,38,,1,2,3ptr,miss,39,7,0.538,0.286,,,40,15,0.425,0.4,18,1085
1,CENTRE,Maryville College,70-74,70,74,0-1,1-0,11/16/16,Win,1089,No Location Recorded,7:30 p.m.,18:05,,37,38,"REBOUND DEF by GARCIA,EMANUELLE",1,2,,,39,7,0.538,0.286,,,40,15,0.425,0.4,18,1085
1,CENTRE,Maryville College,70-74,70,74,0-1,1-0,11/16/16,Win,1089,No Location Recorded,7:30 p.m.,17:55,,37,38,"MISS 3PTR by BOWYER,JAY",1,2,,,39,7,0.538,0.286,3ptr,miss,41,16,0.415,0.375,17,1075
1,CENTRE,Maryville College,70-74,70,74,0-1,1-0,11/16/16,Win,1089,No Location Recorded,7:30 p.m.,17:55,"REBOUND DEF by GUMP,MATT",37,38,,1,2,,,39,7,0.538,0.286,,,41,16,0.415,0.375,17,1075
1,CENTRE,Maryville College,70-74,70,74,0-1,1-0,11/16/16,Win,1089,No Location Recorded,7:30 p.m.,17:32,"MISS JUMPER by AYERS,PERRY",37,38,,1,2,jumper,miss,40,7,0.525,0.286,,,41,16,0.415,0.375,17,1052
1,CENTRE,Maryville College,70-74,70,74,0-1,1-0,11/16/16,Win,1089,No Location Recorded,7:30 p.m.,17:32,,37,38,"REBOUND DEF by NOKES,COLT",1,2,,,40,7,0.525,0.286,,,41,16,0.415,0.375,17,1052
1,CENTRE,Maryville College,70-74,70,74,0-1,1-0,11/16/16,Win,1089,No Location Recorded,7:30 p.m.,17:16,,37,38,"MISS LAYUP by GARCIA,EMANUELLE",1,2,,,40,7,0.525,0.286,layup,miss,42,16,0.405,0.375,17,1036
1,CENTRE,Maryville College,70-74,70,74,0-1,1-0,11/16/16,Win,1089,No Location Recorded,7:30 p.m.,17:16,"REBOUND DEF by BATES,JACOB",37,38,,1,2,,,40,7,0.525,0.286,,,42,16,0.405,0.375,17,1036
1,CENTRE,Maryville College,70-74,70,74,0-1,1-0,11/16/16,Win,1089,No Location Recorded,7:30 p.m.,17:08,"MISS JUMPER by GRIFFIN,JAROD",37,38,,1,2,jumper,miss,41,7,0.512,0.286,,,42,16,0.405,0.375,17,1028
1,CENTRE,Maryville College,70-74,70,74,0-1,1-0,11/16/16,Win,1089,No Location Recorded,7:30 p.m.,17:08,,37,38,"BLOCK  by NOKES,COLT",1,2,,,41,7,0.512,0.286,,,42,16,0.405,0.375,17,1028
1,CENTRE,Maryville College,70-74,70,74,0-1,1-0,11/16/16,Win,1089,No Location Recorded,7:30 p.m.,17:08,"REBOUND OFF by SINE,TUCKER",37,38,,1,2,,,41,7,0.512,0.286,,,42,16,0.405,0.375,17,1028
1,CENTRE,Maryville College,70-74,70,74,0-1,1-0,11/16/16,Win,1089,No Location Recorded,7:30 p.m.,17:05,"MISS 3PTR by BATES,JACOB",37,38,,1,2,3ptr,miss,42,8,0.5,0.25,,,42,16,0.405,0.375,17,1025
1,CENTRE,Maryville College,70-74,70,74,0-1,1-0,11/16/16,Win,1089,No Location Recorded,7:30 p.m.,17:05,,37,38,"REBOUND DEF by SONGSTER,CALVIN",1,2,,,42,8,0.5,0.25,,,42,16,0.405,0.375,17,1025
1,CENTRE,Maryville College,70-74,70,74,0-1,1-0,11/16/16,Win,1089,No Location Recorded,7:30 p.m.,16:53,,37,38,"TURNOVER  by BOWYER,JAY",1,2,,,42,8,0.5,0.25,,,42,16,0.405,0.375,16,1013
1,CENTRE,Maryville College,70-74,70,74,0-1,1-0,11/16/16,Win,1089,No Location Recorded,7:30 p.m.,16:53,"SUB IN by WALKER,ART",37,38,,1,2,,,42,8,0.5,0.25,,,42,16,0.405,0.375,16,1013
1,CENTRE,Maryville College,70-74,70,74,0-1,1-0,11/16/16,Win,1089,No Location Recorded,7:30 p.m.,16:53,"SUB IN by SPITZER,JAKOB",37,38,,1,2,,,42,8,0.5,0.25,,,42,16,0.405,0.375,16,1013
1,CENTRE,Maryville College,70-74,70,74,0-1,1-0,11/16/16,Win,1089,No Location Recorded,7:30 p.m.,16:53,"SUB IN by GRUBER,SAM",37,38,,1,2,,,42,8,0.5,0.25,,,42,16,0.405,0.375,16,1013
1,CENTRE,Maryville College,70-74,70,74,0-1,1-0,11/16/16,Win,1089,No Location Recorded,7:30 p.m.,16:53,"SUB OUT by BATES,JACOB",37,38,,1,2,,,42,8,0.5,0.25,,,42,16,0.405,0.375,16,1013
1,CENTRE,Maryville College,70-74,70,74,0-1,1-0,11/16/16,Win,1089,No Location Recorded,7:30 p.m.,16:53,"SUB OUT by SINE,TUCKER",37,38,,1,2,,,42,8,0.5,0.25,,,42,16,0.405,0.375,16,1013
1,CENTRE,Maryville College,70-74,70,74,0-1,1-0,11/16/16,Win,1089,No Location Recorded,7:30 p.m.,16:53,"SUB OUT by GRIFFIN,JAROD",37,38,,1,2,,,42,8,0.5,0.25,,,42,16,0.405,0.375,16,1013
1,CENTRE,Maryville College,70-74,70,74,0-1,1-0,11/16/16,Win,1089,No Location Recorded,7:30 p.m.,16:53,,37,38,"SUB IN by BROOKS,JOSHUA",1,2,,,42,8,0.5,0.25,,,42,16,0.405,0.375,16,1013
1,CENTRE,Maryville College,70-74,70,74,0-1,1-0,11/16/16,Win,1089,No Location Recorded,7:30 p.m.,16:53,,37,38,"SUB OUT by BOWYER,JAY",1,2,,,42,8,0.5,0.25,,,42,16,0.405,0.375,16,1013
1,CENTRE,Maryville College,70-74,70,74,0-1,1-0,11/16/16,Win,1089,No Location Recorded,7:30 p.m.,16:46,"GOOD 3PTR by GRUBER,SAM",40,38,,-2,2,3ptr,good,43,9,0.512,0.333,,,42,16,0.405,0.375,16,1006
1,CENTRE,Maryville College,70-74,70,74,0-1,1-0,11/16/16,Win,1089,No Location Recorded,7:30 p.m.,16:46,"ASSIST  by GUMP,MATT",40,38,,-2,2,,,43,9,0.512,0.333,,,42,16,0.405,0.375,16,1006
1,CENTRE,Maryville College,70-74,70,74,0-1,1-0,11/16/16,Win,1089,No Location Recorded,7:30 p.m.,16:31,,40,38,"MISS 3PTR by SPICER,TYLER",-2,2,,,43,9,0.512,0.333,3ptr,miss,43,17,0.395,0.353,16,991
1,CENTRE,Maryville College,70-74,70,74,0-1,1-0,11/16/16,Win,1089,No Location Recorded,7:30 p.m.,16:31,"REBOUND DEF by AYERS,PERRY",40,38,,-2,2,,,43,9,0.512,0.333,,,43,17,0.395,0.353,16,991
1,CENTRE,Maryville College,70-74,70,74,0-1,1-0,11/16/16,Win,1089,No Location Recorded,7:30 p.m.,16:22,,40,38,"FOUL  by BROOKS,JOSHUA",-2,2,,,43,9,0.512,0.333,foul,,43,17,0.395,0.353,16,982
1,CENTRE,Maryville College,70-74,70,74,0-1,1-0,11/16/16,Win,1089,No Location Recorded,7:30 p.m.,16:22,"MISS FT by AYERS,PERRY",40,38,,-2,2,ft,miss,44,9,0.5,0.333,,,43,17,0.395,0.353,16,982
1,CENTRE,Maryville College,70-74,70,74,0-1,1-0,11/16/16,Win,1089,No Location Recorded,7:30 p.m.,16:22,,40,38,REBOUND DEADB by TEAM,-2,2,,,44,9,0.5,0.333,,,43,17,0.395,0.353,16,982
1,CENTRE,Maryville College,70-74,70,74,0-1,1-0,11/16/16,Win,1089,No Location Recorded,7:30 p.m.,16:22,"MISS FT by AYERS,PERRY",40,38,,-2,2,ft,miss,45,9,0.489,0.333,,,43,17,0.395,0.353,16,982
1,CENTRE,Maryville College,70-74,70,74,0-1,1-0,11/16/16,Win,1089,No Location Recorded,7:30 p.m.,16:22,,40,38,"REBOUND DEF by SPICER,TYLER",-2,2,,,45,9,0.489,0.333,,,43,17,0.395,0.353,16,982
1,CENTRE,Maryville College,70-74,70,74,0-1,1-0,11/16/16,Win,1089,No Location Recorded,7:30 p.m.,16:22,,40,38,"SUB IN by HOPPA,DANTE",-2,2,,,45,9,0.489,0.333,,,43,17,0.395,0.353,16,982
1,CENTRE,Maryville College,70-74,70,74,0-1,1-0,11/16/16,Win,1089,No Location Recorded,7:30 p.m.,16:22,,40,38,"SUB IN by WATSON,CHRIS",-2,2,,,45,9,0.489,0.333,,,43,17,0.395,0.353,16,982
1,CENTRE,Maryville College,70-74,70,74,0-1,1-0,11/16/16,Win,1089,No Location Recorded,7:30 p.m.,16:22,,40,38,"SUB OUT by NOKES,COLT",-2,2,,,45,9,0.489,0.333,,,43,17,0.395,0.353,16,982
1,CENTRE,Maryville College,70-74,70,74,0-1,1-0,11/16/16,Win,1089,No Location Recorded,7:30 p.m.,16:22,,40,38,"SUB OUT by GARCIA,EMANUELLE",-2,2,,,45,9,0.489,0.333,,,43,17,0.395,0.353,16,982
1,CENTRE,Maryville College,70-74,70,74,0-1,1-0,11/16/16,Win,1089,No Location Recorded,7:30 p.m.,16:21,"FOUL  by SPITZER,JAKOB",40,38,,-2,2,foul,,45,9,0.489,0.333,,,43,17,0.395,0.353,16,981
1,CENTRE,Maryville College,70-74,70,74,0-1,1-0,11/16/16,Win,1089,No Location Recorded,7:30 p.m.,16:21,"SUB IN by BATES,JACOB",40,38,,-2,2,,,45,9,0.489,0.333,,,43,17,0.395,0.353,16,981
1,CENTRE,Maryville College,70-74,70,74,0-1,1-0,11/16/16,Win,1089,No Location Recorded,7:30 p.m.,16:21,"SUB OUT by SPITZER,JAKOB",40,38,,-2,2,,,45,9,0.489,0.333,,,43,17,0.395,0.353,16,981
1,CENTRE,Maryville College,70-74,70,74,0-1,1-0,11/16/16,Win,1089,No Location Recorded,7:30 p.m.,16:02,,40,38,"MISS JUMPER by SONGSTER,CALVIN",-2,2,,,45,9,0.489,0.333,jumper,miss,44,17,0.386,0.353,16,962
1,CENTRE,Maryville College,70-74,70,74,0-1,1-0,11/16/16,Win,1089,No Location Recorded,7:30 p.m.,16:02,"REBOUND DEF by GUMP,MATT",40,38,,-2,2,,,45,9,0.489,0.333,,,44,17,0.386,0.353,16,962
1,CENTRE,Maryville College,70-74,70,74,0-1,1-0,11/16/16,Win,1089,No Location Recorded,7:30 p.m.,15:34,"MISS 3PTR by GUMP,MATT",40,38,,-2,2,3ptr,miss,46,10,0.478,0.3,,,44,17,0.386,0.353,15,934
1,CENTRE,Maryville College,70-74,70,74,0-1,1-0,11/16/16,Win,1089,No Location Recorded,7:30 p.m.,15:34,,40,38,"REBOUND DEF by WATSON,CHRIS",-2,2,,,46,10,0.478,0.3,,,44,17,0.386,0.353,15,934
1,CENTRE,Maryville College,70-74,70,74,0-1,1-0,11/16/16,Win,1089,No Location Recorded,7:30 p.m.,15:22,"FOUL  by AYERS,PERRY",40,38,,-2,2,foul,,46,10,0.478,0.3,,,44,17,0.386,0.353,15,922
1,CENTRE,Maryville College,70-74,70,74,0-1,1-0,11/16/16,Win,1089,No Location Recorded,7:30 p.m.,15:22,,40,38,TIMEOUT 20SEC by TEAM,-2,2,,,46,10,0.478,0.3,,,44,17,0.386,0.353,15,922
1,CENTRE,Maryville College,70-74,70,74,0-1,1-0,11/16/16,Win,1089,No Location Recorded,7:30 p.m.,15:22,"SUB IN by SCHMUCKER,ZACH",40,38,,-2,2,,,46,10,0.478,0.3,,,44,17,0.386,0.353,15,922
1,CENTRE,Maryville College,70-74,70,74,0-1,1-0,11/16/16,Win,1089,No Location Recorded,7:30 p.m.,15:22,"SUB IN by RAKES,BAILEY",40,38,,-2,2,,,46,10,0.478,0.3,,,44,17,0.386,0.353,15,922
1,CENTRE,Maryville College,70-74,70,74,0-1,1-0,11/16/16,Win,1089,No Location Recorded,7:30 p.m.,15:22,"SUB OUT by AYERS,PERRY",40,38,,-2,2,,,46,10,0.478,0.3,,,44,17,0.386,0.353,15,922
1,CENTRE,Maryville College,70-74,70,74,0-1,1-0,11/16/16,Win,1089,No Location Recorded,7:30 p.m.,15:22,"SUB OUT by GUMP,MATT",40,38,,-2,2,,,46,10,0.478,0.3,,,44,17,0.386,0.353,15,922
1,CENTRE,Maryville College,70-74,70,74,0-1,1-0,11/16/16,Win,1089,No Location Recorded,7:30 p.m.,15:22,,40,38,"SUB IN by BOWMAN,EMIER",-2,2,,,46,10,0.478,0.3,,,44,17,0.386,0.353,15,922
1,CENTRE,Maryville College,70-74,70,74,0-1,1-0,11/16/16,Win,1089,No Location Recorded,7:30 p.m.,15:22,,40,38,"SUB IN by ESTES,KALEB",-2,2,,,46,10,0.478,0.3,,,44,17,0.386,0.353,15,922
1,CENTRE,Maryville College,70-74,70,74,0-1,1-0,11/16/16,Win,1089,No Location Recorded,7:30 p.m.,15:22,,40,38,"SUB OUT by SPICER,TYLER",-2,2,,,46,10,0.478,0.3,,,44,17,0.386,0.353,15,922
1,CENTRE,Maryville College,70-74,70,74,0-1,1-0,11/16/16,Win,1089,No Location Recorded,7:30 p.m.,15:22,,40,38,"SUB OUT by SONGSTER,CALVIN",-2,2,,,46,10,0.478,0.3,,,44,17,0.386,0.353,15,922
1,CENTRE,Maryville College,70-74,70,74,0-1,1-0,11/16/16,Win,1089,No Location Recorded,7:30 p.m.,15:18,,40,38,"MISS 3PTR by ESTES,KALEB",-2,2,,,46,10,0.478,0.3,3ptr,miss,45,18,0.378,0.333,15,918
1,CENTRE,Maryville College,70-74,70,74,0-1,1-0,11/16/16,Win,1089,No Location Recorded,7:30 p.m.,15:18,,40,38,"REBOUND OFF by WATSON,CHRIS",-2,2,,,46,10,0.478,0.3,,,45,18,0.378,0.333,15,918
1,CENTRE,Maryville College,70-74,70,74,0-1,1-0,11/16/16,Win,1089,No Location Recorded,7:30 p.m.,15:12,"FOUL  by BATES,JACOB",40,38,,-2,2,foul,,46,10,0.478,0.3,,,45,18,0.378,0.333,15,912
1,CENTRE,Maryville College,70-74,70,74,0-1,1-0,11/16/16,Win,1089,No Location Recorded,7:30 p.m.,15:12,,40,39,"GOOD FT by WATSON,CHRIS",-1,2,,,46,10,0.478,0.3,ft,good,46,18,0.391,0.333,15,912
1,CENTRE,Maryville College,70-74,70,74,0-1,1-0,11/16/16,Win,1089,No Location Recorded,7:30 p.m.,15:12,,40,40,"GOOD FT by WATSON,CHRIS",0,2,,,46,10,0.478,0.3,ft,good,47,18,0.404,0.333,15,912
1,CENTRE,Maryville College,70-74,70,74,0-1,1-0,11/16/16,Win,1089,No Location Recorded,7:30 p.m.,14:43,"MISS LAYUP by BATES,JACOB",40,40,,0,2,layup,miss,47,10,0.468,0.3,,,47,18,0.404,0.333,14,883
1,CENTRE,Maryville College,70-74,70,74,0-1,1-0,11/16/16,Win,1089,No Location Recorded,7:30 p.m.,14:43,,40,40,"REBOUND DEF by WATSON,CHRIS",0,2,,,47,10,0.468,0.3,,,47,18,0.404,0.333,14,883
1,CENTRE,Maryville College,70-74,70,74,0-1,1-0,11/16/16,Win,1089,No Location Recorded,7:30 p.m.,14:32,,40,42,"GOOD JUMPER by WATSON,CHRIS(in the paint)",2,2,,,47,10,0.468,0.3,jumper,good,48,18,0.417,0.333,14,872
1,CENTRE,Maryville College,70-74,70,74,0-1,1-0,11/16/16,Win,1089,No Location Recorded,7:30 p.m.,14:32,,40,42,"ASSIST  by BROOKS,JOSHUA",2,2,,,47,10,0.468,0.3,,,48,18,0.417,0.333,14,872
1,CENTRE,Maryville College,70-74,70,74,0-1,1-0,11/16/16,Win,1089,No Location Recorded,7:30 p.m.,14:09,,40,42,"FOUL  by WATSON,CHRIS",2,2,,,47,10,0.468,0.3,foul,,48,18,0.417,0.333,14,849
1,CENTRE,Maryville College,70-74,70,74,0-1,1-0,11/16/16,Win,1089,No Location Recorded,7:30 p.m.,14:09,"GOOD FT by SCHMUCKER,ZACH",41,42,,1,2,ft,good,48,10,0.479,0.3,,,48,18,0.417,0.333,14,849
1,CENTRE,Maryville College,70-74,70,74,0-1,1-0,11/16/16,Win,1089,No Location Recorded,7:30 p.m.,14:09,"MISS FT by SCHMUCKER,ZACH",41,42,,1,2,ft,miss,49,10,0.469,0.3,,,48,18,0.417,0.333,14,849
1,CENTRE,Maryville College,70-74,70,74,0-1,1-0,11/16/16,Win,1089,No Location Recorded,7:30 p.m.,14:09,,41,42,"REBOUND DEF by BOWMAN,EMIER",1,2,,,49,10,0.469,0.3,,,48,18,0.417,0.333,14,849
1,CENTRE,Maryville College,70-74,70,74,0-1,1-0,11/16/16,Win,1089,No Location Recorded,7:30 p.m.,14:09,"SUB IN by GRIFFIN,JAROD",41,42,,1,2,,,49,10,0.469,0.3,,,48,18,0.417,0.333,14,849
1,CENTRE,Maryville College,70-74,70,74,0-1,1-0,11/16/16,Win,1089,No Location Recorded,7:30 p.m.,14:09,"SUB OUT by GRUBER,SAM",41,42,,1,2,,,49,10,0.469,0.3,,,48,18,0.417,0.333,14,849
1,CENTRE,Maryville College,70-74,70,74,0-1,1-0,11/16/16,Win,1089,No Location Recorded,7:30 p.m.,13:56,,41,42,"MISS LAYUP by BROOKS,JOSHUA",1,2,,,49,10,0.469,0.3,layup,miss,49,18,0.408,0.333,13,836
1,CENTRE,Maryville College,70-74,70,74,0-1,1-0,11/16/16,Win,1089,No Location Recorded,7:30 p.m.,13:56,"REBOUND DEF by SCHMUCKER,ZACH",41,42,,1,2,,,49,10,0.469,0.3,,,49,18,0.408,0.333,13,836
1,CENTRE,Maryville College,70-74,70,74,0-1,1-0,11/16/16,Win,1089,No Location Recorded,7:30 p.m.,13:38,"TURNOVER  by GRIFFIN,JAROD",41,42,,1,2,,,49,10,0.469,0.3,,,49,18,0.408,0.333,13,818
1,CENTRE,Maryville College,70-74,70,74,0-1,1-0,11/16/16,Win,1089,No Location Recorded,7:30 p.m.,13:38,"SUB IN by SINE,TUCKER",41,42,,1,2,,,49,10,0.469,0.3,,,49,18,0.408,0.333,13,818
1,CENTRE,Maryville College,70-74,70,74,0-1,1-0,11/16/16,Win,1089,No Location Recorded,7:30 p.m.,13:38,"SUB OUT by SCHMUCKER,ZACH",41,42,,1,2,,,49,10,0.469,0.3,,,49,18,0.408,0.333,13,818
1,CENTRE,Maryville College,70-74,70,74,0-1,1-0,11/16/16,Win,1089,No Location Recorded,7:30 p.m.,13:27,"FOUL  by GRIFFIN,JAROD",41,42,,1,2,foul,,49,10,0.469,0.3,,,49,18,0.408,0.333,13,807
1,CENTRE,Maryville College,70-74,70,74,0-1,1-0,11/16/16,Win,1089,No Location Recorded,7:30 p.m.,13:27,,41,42,"MISS FT by BOWMAN,EMIER",1,2,,,49,10,0.469,0.3,ft,miss,50,18,0.4,0.333,13,807
1,CENTRE,Maryville College,70-74,70,74,0-1,1-0,11/16/16,Win,1089,No Location Recorded,7:30 p.m.,13:27,REBOUND DEADB by TEAM,41,42,,1,2,,,49,10,0.469,0.3,,,50,18,0.4,0.333,13,807
1,CENTRE,Maryville College,70-74,70,74,0-1,1-0,11/16/16,Win,1089,No Location Recorded,7:30 p.m.,13:27,,41,42,"SUB IN by SONGSTER,CALVIN",1,2,,,49,10,0.469,0.3,,,50,18,0.4,0.333,13,807
1,CENTRE,Maryville College,70-74,70,74,0-1,1-0,11/16/16,Win,1089,No Location Recorded,7:30 p.m.,13:27,,41,42,"SUB OUT by BROOKS,JOSHUA",1,2,,,49,10,0.469,0.3,,,50,18,0.4,0.333,13,807
1,CENTRE,Maryville College,70-74,70,74,0-1,1-0,11/16/16,Win,1089,No Location Recorded,7:30 p.m.,13:23,,41,42,"TURNOVER  by WATSON,CHRIS",1,2,,,49,10,0.469,0.3,,,50,18,0.4,0.333,13,803
1,CENTRE,Maryville College,70-74,70,74,0-1,1-0,11/16/16,Win,1089,No Location Recorded,7:30 p.m.,13:03,"GOOD LAYUP by BATES,JACOB(in the paint)",43,42,,-1,2,layup,good,50,10,0.48,0.3,,,50,18,0.4,0.333,13,783
1,CENTRE,Maryville College,70-74,70,74,0-1,1-0,11/16/16,Win,1089,No Location Recorded,7:30 p.m.,12:55,,43,44,"GOOD LAYUP by WATSON,CHRIS(in the paint)",1,2,,,50,10,0.48,0.3,layup,good,51,18,0.412,0.333,12,775
1,CENTRE,Maryville College,70-74,70,74,0-1,1-0,11/16/16,Win,1089,No Location Recorded,7:30 p.m.,12:55,,43,44,"ASSIST  by SONGSTER,CALVIN",1,2,,,50,10,0.48,0.3,,,51,18,0.412,0.333,12,775
1,CENTRE,Maryville College,70-74,70,74,0-1,1-0,11/16/16,Win,1089,No Location Recorded,7:30 p.m.,12:52,"SUB IN by GUMP,MATT",43,44,,1,2,,,50,10,0.48,0.3,,,51,18,0.412,0.333,12,772
1,CENTRE,Maryville College,70-74,70,74,0-1,1-0,11/16/16,Win,1089,No Location Recorded,7:30 p.m.,12:52,"SUB OUT by WALKER,ART",43,44,,1,2,,,50,10,0.48,0.3,,,51,18,0.412,0.333,12,772
1,CENTRE,Maryville College,70-74,70,74,0-1,1-0,11/16/16,Win,1089,No Location Recorded,7:30 p.m.,12:52,,43,44,"SUB IN by BOWYER,JAY",1,2,,,50,10,0.48,0.3,,,51,18,0.412,0.333,12,772
1,CENTRE,Maryville College,70-74,70,74,0-1,1-0,11/16/16,Win,1089,No Location Recorded,7:30 p.m.,12:52,,43,44,"SUB OUT by ESTES,KALEB",1,2,,,50,10,0.48,0.3,,,51,18,0.412,0.333,12,772
1,CENTRE,Maryville College,70-74,70,74,0-1,1-0,11/16/16,Win,1089,No Location Recorded,7:30 p.m.,12:43,"GOOD 3PTR by RAKES,BAILEY",46,44,,-2,2,3ptr,good,51,11,0.49,0.364,,,51,18,0.412,0.333,12,763
1,CENTRE,Maryville College,70-74,70,74,0-1,1-0,11/16/16,Win,1089,No Location Recorded,7:30 p.m.,12:43,"ASSIST  by GUMP,MATT",46,44,,-2,2,,,51,11,0.49,0.364,,,51,18,0.412,0.333,12,763
1,CENTRE,Maryville College,70-74,70,74,0-1,1-0,11/16/16,Win,1089,No Location Recorded,7:30 p.m.,12:27,,46,46,"GOOD JUMPER by BOWMAN,EMIER",0,2,,,51,11,0.49,0.364,jumper,good,52,18,0.423,0.333,12,747
1,CENTRE,Maryville College,70-74,70,74,0-1,1-0,11/16/16,Win,1089,No Location Recorded,7:30 p.m.,12:27,,46,46,"ASSIST  by SONGSTER,CALVIN",0,2,,,51,11,0.49,0.364,,,52,18,0.423,0.333,12,747
1,CENTRE,Maryville College,70-74,70,74,0-1,1-0,11/16/16,Win,1089,No Location Recorded,7:30 p.m.,12:10,"MISS 3PTR by SINE,TUCKER",46,46,,0,2,3ptr,miss,52,12,0.481,0.333,,,52,18,0.423,0.333,12,730
1,CENTRE,Maryville College,70-74,70,74,0-1,1-0,11/16/16,Win,1089,No Location Recorded,7:30 p.m.,12:10,,46,46,"REBOUND DEF by WATSON,CHRIS",0,2,,,52,12,0.481,0.333,,,52,18,0.423,0.333,12,730
1,CENTRE,Maryville College,70-74,70,74,0-1,1-0,11/16/16,Win,1089,No Location Recorded,7:30 p.m.,12:00,,46,49,"GOOD 3PTR by BOWMAN,EMIER",3,2,,,52,12,0.481,0.333,3ptr,good,53,19,0.434,0.368,12,720
1,CENTRE,Maryville College,70-74,70,74,0-1,1-0,11/16/16,Win,1089,No Location Recorded,7:30 p.m.,12:00,,46,49,"ASSIST  by HOPPA,DANTE",3,2,,,52,12,0.481,0.333,,,53,19,0.434,0.368,12,720
1,CENTRE,Maryville College,70-74,70,74,0-1,1-0,11/16/16,Win,1089,No Location Recorded,7:30 p.m.,11:40,"MISS 3PTR by RAKES,BAILEY",46,49,,3,2,3ptr,miss,53,13,0.472,0.308,,,53,19,0.434,0.368,11,700
1,CENTRE,Maryville College,70-74,70,74,0-1,1-0,11/16/16,Win,1089,No Location Recorded,7:30 p.m.,11:40,,46,49,"REBOUND DEF by WATSON,CHRIS",3,2,,,53,13,0.472,0.308,,,53,19,0.434,0.368,11,700
1,CENTRE,Maryville College,70-74,70,74,0-1,1-0,11/16/16,Win,1089,No Location Recorded,7:30 p.m.,11:18,,46,49,"TURNOVER  by BOWYER,JAY",3,2,,,53,13,0.472,0.308,,,53,19,0.434,0.368,11,678
1,CENTRE,Maryville College,70-74,70,74,0-1,1-0,11/16/16,Win,1089,No Location Recorded,7:30 p.m.,11:16,"STEAL  by BATES,JACOB",46,49,,3,2,,,53,13,0.472,0.308,,,53,19,0.434,0.368,11,676
1,CENTRE,Maryville College,70-74,70,74,0-1,1-0,11/16/16,Win,1089,No Location Recorded,7:30 p.m.,11:13,"MISS LAYUP by GUMP,MATT",46,49,,3,2,layup,miss,54,13,0.463,0.308,,,53,19,0.434,0.368,11,673
1,CENTRE,Maryville College,70-74,70,74,0-1,1-0,11/16/16,Win,1089,No Location Recorded,7:30 p.m.,11:13,,46,49,"BLOCK  by BOWMAN,EMIER",3,2,,,54,13,0.463,0.308,,,53,19,0.434,0.368,11,673
1,CENTRE,Maryville College,70-74,70,74,0-1,1-0,11/16/16,Win,1089,No Location Recorded,7:30 p.m.,11:13,,46,49,"REBOUND DEF by SONGSTER,CALVIN",3,2,,,54,13,0.463,0.308,,,53,19,0.434,0.368,11,673
1,CENTRE,Maryville College,70-74,70,74,0-1,1-0,11/16/16,Win,1089,No Location Recorded,7:30 p.m.,11:07,,46,51,"GOOD LAYUP by BOWYER,JAY(fastbreak)(in the paint)",5,2,,,54,13,0.463,0.308,layup,good,54,19,0.444,0.368,11,667
1,CENTRE,Maryville College,70-74,70,74,0-1,1-0,11/16/16,Win,1089,No Location Recorded,7:30 p.m.,11:07,,46,51,"ASSIST  by SONGSTER,CALVIN",5,2,,,54,13,0.463,0.308,,,54,19,0.444,0.368,11,667
1,CENTRE,Maryville College,70-74,70,74,0-1,1-0,11/16/16,Win,1089,No Location Recorded,7:30 p.m.,10:49,"GOOD JUMPER by SINE,TUCKER",48,51,,3,2,jumper,good,55,13,0.473,0.308,,,54,19,0.444,0.368,10,649
1,CENTRE,Maryville College,70-74,70,74,0-1,1-0,11/16/16,Win,1089,No Location Recorded,7:30 p.m.,10:31,,48,54,"GOOD 3PTR by BOWYER,JAY",6,2,,,55,13,0.473,0.308,3ptr,good,55,20,0.455,0.4,10,631
1,CENTRE,Maryville College,70-74,70,74,0-1,1-0,11/16/16,Win,1089,No Location Recorded,7:30 p.m.,10:31,,48,54,"ASSIST  by HOPPA,DANTE",6,2,,,55,13,0.473,0.308,,,55,20,0.455,0.4,10,631
1,CENTRE,Maryville College,70-74,70,74,0-1,1-0,11/16/16,Win,1089,No Location Recorded,7:30 p.m.,10:03,"GOOD 3PTR by RAKES,BAILEY",51,54,,3,2,3ptr,good,56,14,0.482,0.357,,,55,20,0.455,0.4,10,603
1,CENTRE,Maryville College,70-74,70,74,0-1,1-0,11/16/16,Win,1089,No Location Recorded,7:30 p.m.,10:03,"ASSIST  by GUMP,MATT",51,54,,3,2,,,56,14,0.482,0.357,,,55,20,0.455,0.4,10,603
1,CENTRE,Maryville College,70-74,70,74,0-1,1-0,11/16/16,Win,1089,No Location Recorded,7:30 p.m.,09:53,"FOUL  by SINE,TUCKER",51,54,,3,2,foul,,56,14,0.482,0.357,,,55,20,0.455,0.4,09,593
1,CENTRE,Maryville College,70-74,70,74,0-1,1-0,11/16/16,Win,1089,No Location Recorded,7:30 p.m.,09:50,,51,54,TIMEOUT 20SEC by TEAM,3,2,,,56,14,0.482,0.357,,,55,20,0.455,0.4,09,590
1,CENTRE,Maryville College,70-74,70,74,0-1,1-0,11/16/16,Win,1089,No Location Recorded,7:30 p.m.,09:50,"SUB IN by WALKER,ART",51,54,,3,2,,,56,14,0.482,0.357,,,55,20,0.455,0.4,09,590
1,CENTRE,Maryville College,70-74,70,74,0-1,1-0,11/16/16,Win,1089,No Location Recorded,7:30 p.m.,09:50,"SUB IN by SCHMUCKER,ZACH",51,54,,3,2,,,56,14,0.482,0.357,,,55,20,0.455,0.4,09,590
1,CENTRE,Maryville College,70-74,70,74,0-1,1-0,11/16/16,Win,1089,No Location Recorded,7:30 p.m.,09:50,"SUB IN by AYERS,PERRY",51,54,,3,2,,,56,14,0.482,0.357,,,55,20,0.455,0.4,09,590
1,CENTRE,Maryville College,70-74,70,74,0-1,1-0,11/16/16,Win,1089,No Location Recorded,7:30 p.m.,09:50,"SUB IN by SPITZER,JAKOB",51,54,,3,2,,,56,14,0.482,0.357,,,55,20,0.455,0.4,09,590
1,CENTRE,Maryville College,70-74,70,74,0-1,1-0,11/16/16,Win,1089,No Location Recorded,7:30 p.m.,09:50,"SUB IN by GRUBER,SAM",51,54,,3,2,,,56,14,0.482,0.357,,,55,20,0.455,0.4,09,590
1,CENTRE,Maryville College,70-74,70,74,0-1,1-0,11/16/16,Win,1089,No Location Recorded,7:30 p.m.,09:50,"SUB OUT by BATES,JACOB",51,54,,3,2,,,56,14,0.482,0.357,,,55,20,0.455,0.4,09,590
1,CENTRE,Maryville College,70-74,70,74,0-1,1-0,11/16/16,Win,1089,No Location Recorded,7:30 p.m.,09:50,"SUB OUT by SINE,TUCKER",51,54,,3,2,,,56,14,0.482,0.357,,,55,20,0.455,0.4,09,590
1,CENTRE,Maryville College,70-74,70,74,0-1,1-0,11/16/16,Win,1089,No Location Recorded,7:30 p.m.,09:50,"SUB OUT by GUMP,MATT",51,54,,3,2,,,56,14,0.482,0.357,,,55,20,0.455,0.4,09,590
1,CENTRE,Maryville College,70-74,70,74,0-1,1-0,11/16/16,Win,1089,No Location Recorded,7:30 p.m.,09:50,"SUB OUT by GRIFFIN,JAROD",51,54,,3,2,,,56,14,0.482,0.357,,,55,20,0.455,0.4,09,590
1,CENTRE,Maryville College,70-74,70,74,0-1,1-0,11/16/16,Win,1089,No Location Recorded,7:30 p.m.,09:50,"SUB OUT by RAKES,BAILEY",51,54,,3,2,,,56,14,0.482,0.357,,,55,20,0.455,0.4,09,590
1,CENTRE,Maryville College,70-74,70,74,0-1,1-0,11/16/16,Win,1089,No Location Recorded,7:30 p.m.,09:50,,51,54,"SUB IN by NOKES,COLT",3,2,,,56,14,0.482,0.357,,,55,20,0.455,0.4,09,590
1,CENTRE,Maryville College,70-74,70,74,0-1,1-0,11/16/16,Win,1089,No Location Recorded,7:30 p.m.,09:50,,51,54,"SUB IN by SPICER,TYLER",3,2,,,56,14,0.482,0.357,,,55,20,0.455,0.4,09,590
1,CENTRE,Maryville College,70-74,70,74,0-1,1-0,11/16/16,Win,1089,No Location Recorded,7:30 p.m.,09:50,,51,54,"SUB OUT by BOWMAN,EMIER",3,2,,,56,14,0.482,0.357,,,55,20,0.455,0.4,09,590
1,CENTRE,Maryville College,70-74,70,74,0-1,1-0,11/16/16,Win,1089,No Location Recorded,7:30 p.m.,09:50,,51,54,"SUB OUT by WATSON,CHRIS",3,2,,,56,14,0.482,0.357,,,55,20,0.455,0.4,09,590
1,CENTRE,Maryville College,70-74,70,74,0-1,1-0,11/16/16,Win,1089,No Location Recorded,7:30 p.m.,09:49,,51,54,"MISS 3PTR by HOPPA,DANTE",3,2,,,56,14,0.482,0.357,3ptr,miss,56,21,0.446,0.381,09,589
1,CENTRE,Maryville College,70-74,70,74,0-1,1-0,11/16/16,Win,1089,No Location Recorded,7:30 p.m.,09:49,"REBOUND DEF by SCHMUCKER,ZACH",51,54,,3,2,,,56,14,0.482,0.357,,,56,21,0.446,0.381,09,589
1,CENTRE,Maryville College,70-74,70,74,0-1,1-0,11/16/16,Win,1089,No Location Recorded,7:30 p.m.,09:47,,51,54,"FOUL  by SPICER,TYLER",3,2,,,56,14,0.482,0.357,foul,,56,21,0.446,0.381,09,587
1,CENTRE,Maryville College,70-74,70,74,0-1,1-0,11/16/16,Win,1089,No Location Recorded,7:30 p.m.,09:18,"MISS LAYUP by AYERS,PERRY",51,54,,3,2,layup,miss,57,14,0.474,0.357,,,56,21,0.446,0.381,09,558
1,CENTRE,Maryville College,70-74,70,74,0-1,1-0,11/16/16,Win,1089,No Location Recorded,7:30 p.m.,09:18,,51,54,"REBOUND DEF by BOWYER,JAY",3,2,,,57,14,0.474,0.357,,,56,21,0.446,0.381,09,558
1,CENTRE,Maryville College,70-74,70,74,0-1,1-0,11/16/16,Win,1089,No Location Recorded,7:30 p.m.,09:11,"FOUL  by SPITZER,JAKOB",51,54,,3,2,foul,,57,14,0.474,0.357,,,56,21,0.446,0.381,09,551
1,CENTRE,Maryville College,70-74,70,74,0-1,1-0,11/16/16,Win,1089,No Location Recorded,7:30 p.m.,09:11,,51,54,"MISS FT by SONGSTER,CALVIN",3,2,,,57,14,0.474,0.357,ft,miss,57,21,0.439,0.381,09,551
1,CENTRE,Maryville College,70-74,70,74,0-1,1-0,11/16/16,Win,1089,No Location Recorded,7:30 p.m.,09:11,"REBOUND DEF by BATES,JACOB",51,54,,3,2,,,57,14,0.474,0.357,,,57,21,0.439,0.381,09,551
1,CENTRE,Maryville College,70-74,70,74,0-1,1-0,11/16/16,Win,1089,No Location Recorded,7:30 p.m.,09:11,"SUB IN by BATES,JACOB",51,54,,3,2,,,57,14,0.474,0.357,,,57,21,0.439,0.381,09,551
1,CENTRE,Maryville College,70-74,70,74,0-1,1-0,11/16/16,Win,1089,No Location Recorded,7:30 p.m.,09:11,"SUB OUT by SPITZER,JAKOB",51,54,,3,2,,,57,14,0.474,0.357,,,57,21,0.439,0.381,09,551
1,CENTRE,Maryville College,70-74,70,74,0-1,1-0,11/16/16,Win,1089,No Location Recorded,7:30 p.m.,09:11,,51,54,"SUB IN by GARCIA,EMANUELLE",3,2,,,57,14,0.474,0.357,,,57,21,0.439,0.381,09,551
1,CENTRE,Maryville College,70-74,70,74,0-1,1-0,11/16/16,Win,1089,No Location Recorded,7:30 p.m.,09:11,,51,54,"SUB OUT by HOPPA,DANTE",3,2,,,57,14,0.474,0.357,,,57,21,0.439,0.381,09,551
1,CENTRE,Maryville College,70-74,70,74,0-1,1-0,11/16/16,Win,1089,No Location Recorded,7:30 p.m.,08:45,"MISS JUMPER by WALKER,ART",51,54,,3,2,jumper,miss,58,14,0.466,0.357,,,57,21,0.439,0.381,08,525
1,CENTRE,Maryville College,70-74,70,74,0-1,1-0,11/16/16,Win,1089,No Location Recorded,7:30 p.m.,08:45,"REBOUND OFF by WALKER,ART",51,54,,3,2,,,58,14,0.466,0.357,,,57,21,0.439,0.381,08,525
1,CENTRE,Maryville College,70-74,70,74,0-1,1-0,11/16/16,Win,1089,No Location Recorded,7:30 p.m.,08:42,"TURNOVER  by WALKER,ART",51,54,,3,2,,,58,14,0.466,0.357,,,57,21,0.439,0.381,08,522
1,CENTRE,Maryville College,70-74,70,74,0-1,1-0,11/16/16,Win,1089,No Location Recorded,7:30 p.m.,08:40,,51,54,"STEAL  by SPICER,TYLER",3,2,,,58,14,0.466,0.357,,,57,21,0.439,0.381,08,520
1,CENTRE,Maryville College,70-74,70,74,0-1,1-0,11/16/16,Win,1089,No Location Recorded,7:30 p.m.,08:33,,51,54,"MISS JUMPER by NOKES,COLT",3,2,,,58,14,0.466,0.357,jumper,miss,58,21,0.431,0.381,08,513
1,CENTRE,Maryville College,70-74,70,74,0-1,1-0,11/16/16,Win,1089,No Location Recorded,7:30 p.m.,08:33,"REBOUND DEF by BATES,JACOB",51,54,,3,2,,,58,14,0.466,0.357,,,58,21,0.431,0.381,08,513
1,CENTRE,Maryville College,70-74,70,74,0-1,1-0,11/16/16,Win,1089,No Location Recorded,7:30 p.m.,08:12,"GOOD JUMPER by AYERS,PERRY(in the paint)",53,54,,1,2,jumper,good,59,14,0.475,0.357,,,58,21,0.431,0.381,08,492
1,CENTRE,Maryville College,70-74,70,74,0-1,1-0,11/16/16,Win,1089,No Location Recorded,7:30 p.m.,08:06,,53,54,"MISS 3PTR by GARCIA,EMANUELLE",1,2,,,59,14,0.475,0.357,3ptr,miss,59,22,0.424,0.364,08,486
1,CENTRE,Maryville College,70-74,70,74,0-1,1-0,11/16/16,Win,1089,No Location Recorded,7:30 p.m.,08:06,,53,54,"REBOUND OFF by SONGSTER,CALVIN",1,2,,,59,14,0.475,0.357,,,59,22,0.424,0.364,08,486
1,CENTRE,Maryville College,70-74,70,74,0-1,1-0,11/16/16,Win,1089,No Location Recorded,7:30 p.m.,08:00,,53,54,"MISS 3PTR by SPICER,TYLER",1,2,,,59,14,0.475,0.357,3ptr,miss,60,23,0.417,0.348,08,480
1,CENTRE,Maryville College,70-74,70,74,0-1,1-0,11/16/16,Win,1089,No Location Recorded,7:30 p.m.,08:00,"REBOUND DEF by BATES,JACOB",53,54,,1,2,,,59,14,0.475,0.357,,,60,23,0.417,0.348,08,480
1,CENTRE,Maryville College,70-74,70,74,0-1,1-0,11/16/16,Win,1089,No Location Recorded,7:30 p.m.,07:51,"GOOD JUMPER by AYERS,PERRY(fastbreak)",55,54,,-1,2,jumper,good,60,14,0.483,0.357,,,60,23,0.417,0.348,07,471
1,CENTRE,Maryville College,70-74,70,74,0-1,1-0,11/16/16,Win,1089,No Location Recorded,7:30 p.m.,07:34,,55,54,"MISS LAYUP by BOWYER,JAY",-1,2,,,60,14,0.483,0.357,layup,miss,61,23,0.41,0.348,07,454
1,CENTRE,Maryville College,70-74,70,74,0-1,1-0,11/16/16,Win,1089,No Location Recorded,7:30 p.m.,07:34,"BLOCK  by BATES,JACOB",55,54,,-1,2,,,60,14,0.483,0.357,,,61,23,0.41,0.348,07,454
1,CENTRE,Maryville College,70-74,70,74,0-1,1-0,11/16/16,Win,1089,No Location Recorded,7:30 p.m.,07:34,,55,54,REBOUND OFF by TEAM,-1,2,,,60,14,0.483,0.357,,,61,23,0.41,0.348,07,454
1,CENTRE,Maryville College,70-74,70,74,0-1,1-0,11/16/16,Win,1089,No Location Recorded,7:30 p.m.,07:34,,55,54,TIMEOUT 20SEC by TEAM,-1,2,,,60,14,0.483,0.357,,,61,23,0.41,0.348,07,454
1,CENTRE,Maryville College,70-74,70,74,0-1,1-0,11/16/16,Win,1089,No Location Recorded,7:30 p.m.,07:34,"SUB IN by GUMP,MATT",55,54,,-1,2,,,60,14,0.483,0.357,,,61,23,0.41,0.348,07,454
1,CENTRE,Maryville College,70-74,70,74,0-1,1-0,11/16/16,Win,1089,No Location Recorded,7:30 p.m.,07:34,"SUB OUT by SCHMUCKER,ZACH",55,54,,-1,2,,,60,14,0.483,0.357,,,61,23,0.41,0.348,07,454
1,CENTRE,Maryville College,70-74,70,74,0-1,1-0,11/16/16,Win,1089,No Location Recorded,7:30 p.m.,07:34,,55,54,"SUB IN by WATSON,CHRIS",-1,2,,,60,14,0.483,0.357,,,61,23,0.41,0.348,07,454
1,CENTRE,Maryville College,70-74,70,74,0-1,1-0,11/16/16,Win,1089,No Location Recorded,7:30 p.m.,07:34,,55,54,"SUB OUT by NOKES,COLT",-1,2,,,60,14,0.483,0.357,,,61,23,0.41,0.348,07,454
1,CENTRE,Maryville College,70-74,70,74,0-1,1-0,11/16/16,Win,1089,No Location Recorded,7:30 p.m.,07:28,,55,54,"MISS JUMPER by BOWYER,JAY",-1,2,,,60,14,0.483,0.357,jumper,miss,62,23,0.403,0.348,07,448
1,CENTRE,Maryville College,70-74,70,74,0-1,1-0,11/16/16,Win,1089,No Location Recorded,7:30 p.m.,07:28,,55,54,"REBOUND OFF by BOWYER,JAY",-1,2,,,60,14,0.483,0.357,,,62,23,0.403,0.348,07,448
1,CENTRE,Maryville College,70-74,70,74,0-1,1-0,11/16/16,Win,1089,No Location Recorded,7:30 p.m.,07:26,,55,54,"MISS JUMPER by BOWYER,JAY",-1,2,,,60,14,0.483,0.357,jumper,miss,63,23,0.397,0.348,07,446
1,CENTRE,Maryville College,70-74,70,74,0-1,1-0,11/16/16,Win,1089,No Location Recorded,7:30 p.m.,07:26,,55,54,"REBOUND OFF by SONGSTER,CALVIN",-1,2,,,60,14,0.483,0.357,,,63,23,0.397,0.348,07,446
1,CENTRE,Maryville College,70-74,70,74,0-1,1-0,11/16/16,Win,1089,No Location Recorded,7:30 p.m.,07:22,,55,57,"GOOD 3PTR by GARCIA,EMANUELLE",2,2,,,60,14,0.483,0.357,3ptr,good,64,24,0.406,0.375,07,442
1,CENTRE,Maryville College,70-74,70,74,0-1,1-0,11/16/16,Win,1089,No Location Recorded,7:30 p.m.,07:22,,55,57,"ASSIST  by SONGSTER,CALVIN",2,2,,,60,14,0.483,0.357,,,64,24,0.406,0.375,07,442
1,CENTRE,Maryville College,70-74,70,74,0-1,1-0,11/16/16,Win,1089,No Location Recorded,7:30 p.m.,07:12,"MISS 3PTR by WALKER,ART",55,57,,2,2,3ptr,miss,61,15,0.475,0.333,,,64,24,0.406,0.375,07,432
1,CENTRE,Maryville College,70-74,70,74,0-1,1-0,11/16/16,Win,1089,No Location Recorded,7:30 p.m.,07:12,,55,57,"REBOUND DEF by GARCIA,EMANUELLE",2,2,,,61,15,0.475,0.333,,,64,24,0.406,0.375,07,432
1,CENTRE,Maryville College,70-74,70,74,0-1,1-0,11/16/16,Win,1089,No Location Recorded,7:30 p.m.,07:06,,55,57,"MISS 3PTR by SONGSTER,CALVIN",2,2,,,61,15,0.475,0.333,3ptr,miss,65,25,0.4,0.36,07,426
1,CENTRE,Maryville College,70-74,70,74,0-1,1-0,11/16/16,Win,1089,No Location Recorded,7:30 p.m.,07:06,"REBOUND DEF by AYERS,PERRY",55,57,,2,2,,,61,15,0.475,0.333,,,65,25,0.4,0.36,07,426
1,CENTRE,Maryville College,70-74,70,74,0-1,1-0,11/16/16,Win,1089,No Location Recorded,7:30 p.m.,06:43,"TURNOVER  by GRUBER,SAM",55,57,,2,2,,,61,15,0.475,0.333,,,65,25,0.4,0.36,06,403
1,CENTRE,Maryville College,70-74,70,74,0-1,1-0,11/16/16,Win,1089,No Location Recorded,7:30 p.m.,06:41,,55,57,"STEAL  by GARCIA,EMANUELLE",2,2,,,61,15,0.475,0.333,,,65,25,0.4,0.36,06,401
1,CENTRE,Maryville College,70-74,70,74,0-1,1-0,11/16/16,Win,1089,No Location Recorded,7:30 p.m.,06:31,,55,60,"GOOD 3PTR by SPICER,TYLER",5,2,,,61,15,0.475,0.333,3ptr,good,66,26,0.409,0.385,06,391
1,CENTRE,Maryville College,70-74,70,74,0-1,1-0,11/16/16,Win,1089,No Location Recorded,7:30 p.m.,06:31,,55,60,"ASSIST  by GARCIA,EMANUELLE",5,2,,,61,15,0.475,0.333,,,66,26,0.409,0.385,06,391
1,CENTRE,Maryville College,70-74,70,74,0-1,1-0,11/16/16,Win,1089,No Location Recorded,7:30 p.m.,06:15,TIMEOUT 30SEC by TEAM,55,60,,5,2,,,61,15,0.475,0.333,,,66,26,0.409,0.385,06,375
1,CENTRE,Maryville College,70-74,70,74,0-1,1-0,11/16/16,Win,1089,No Location Recorded,7:30 p.m.,06:15,TIMEOUT 20SEC by TEAM,55,60,,5,2,,,61,15,0.475,0.333,,,66,26,0.409,0.385,06,375
1,CENTRE,Maryville College,70-74,70,74,0-1,1-0,11/16/16,Win,1089,No Location Recorded,7:30 p.m.,06:15,"SUB IN by SPITZER,JAKOB",55,60,,5,2,,,61,15,0.475,0.333,,,66,26,0.409,0.385,06,375
1,CENTRE,Maryville College,70-74,70,74,0-1,1-0,11/16/16,Win,1089,No Location Recorded,7:30 p.m.,06:15,"SUB IN by SINE,TUCKER",55,60,,5,2,,,61,15,0.475,0.333,,,66,26,0.409,0.385,06,375
1,CENTRE,Maryville College,70-74,70,74,0-1,1-0,11/16/16,Win,1089,No Location Recorded,7:30 p.m.,06:15,"SUB IN by GRIFFIN,JAROD",55,60,,5,2,,,61,15,0.475,0.333,,,66,26,0.409,0.385,06,375
1,CENTRE,Maryville College,70-74,70,74,0-1,1-0,11/16/16,Win,1089,No Location Recorded,7:30 p.m.,06:15,"SUB OUT by WALKER,ART",55,60,,5,2,,,61,15,0.475,0.333,,,66,26,0.409,0.385,06,375
1,CENTRE,Maryville College,70-74,70,74,0-1,1-0,11/16/16,Win,1089,No Location Recorded,7:30 p.m.,06:15,"SUB OUT by BATES,JACOB",55,60,,5,2,,,61,15,0.475,0.333,,,66,26,0.409,0.385,06,375
1,CENTRE,Maryville College,70-74,70,74,0-1,1-0,11/16/16,Win,1089,No Location Recorded,7:30 p.m.,06:15,"SUB OUT by GRUBER,SAM",55,60,,5,2,,,61,15,0.475,0.333,,,66,26,0.409,0.385,06,375
1,CENTRE,Maryville College,70-74,70,74,0-1,1-0,11/16/16,Win,1089,No Location Recorded,7:30 p.m.,06:15,,55,60,"SUB IN by BROOKS,JOSHUA",5,2,,,61,15,0.475,0.333,,,66,26,0.409,0.385,06,375
1,CENTRE,Maryville College,70-74,70,74,0-1,1-0,11/16/16,Win,1089,No Location Recorded,7:30 p.m.,06:15,,55,60,"SUB OUT by BOWYER,JAY",5,2,,,61,15,0.475,0.333,,,66,26,0.409,0.385,06,375
1,CENTRE,Maryville College,70-74,70,74,0-1,1-0,11/16/16,Win,1089,No Location Recorded,7:30 p.m.,05:54,"FOUL  by GRIFFIN,JAROD",55,60,,5,2,foul,,61,15,0.475,0.333,,,66,26,0.409,0.385,05,354
1,CENTRE,Maryville College,70-74,70,74,0-1,1-0,11/16/16,Win,1089,No Location Recorded,7:30 p.m.,05:54,"TURNOVER  by GRIFFIN,JAROD",55,60,,5,2,,,61,15,0.475,0.333,,,66,26,0.409,0.385,05,354
1,CENTRE,Maryville College,70-74,70,74,0-1,1-0,11/16/16,Win,1089,No Location Recorded,7:30 p.m.,05:54,,55,60,"STEAL  by BROOKS,JOSHUA",5,2,,,61,15,0.475,0.333,,,66,26,0.409,0.385,05,354
1,CENTRE,Maryville College,70-74,70,74,0-1,1-0,11/16/16,Win,1089,No Location Recorded,7:30 p.m.,05:54,"SUB IN by BATES,JACOB",55,60,,5,2,,,61,15,0.475,0.333,,,66,26,0.409,0.385,05,354
1,CENTRE,Maryville College,70-74,70,74,0-1,1-0,11/16/16,Win,1089,No Location Recorded,7:30 p.m.,05:54,"SUB OUT by SPITZER,JAKOB",55,60,,5,2,,,61,15,0.475,0.333,,,66,26,0.409,0.385,05,354
1,CENTRE,Maryville College,70-74,70,74,0-1,1-0,11/16/16,Win,1089,No Location Recorded,7:30 p.m.,05:39,,55,60,"MISS LAYUP by SONGSTER,CALVIN",5,2,,,61,15,0.475,0.333,layup,miss,67,26,0.403,0.385,05,339
1,CENTRE,Maryville College,70-74,70,74,0-1,1-0,11/16/16,Win,1089,No Location Recorded,7:30 p.m.,05:39,,55,60,"REBOUND OFF by WATSON,CHRIS",5,2,,,61,15,0.475,0.333,,,67,26,0.403,0.385,05,339
1,CENTRE,Maryville College,70-74,70,74,0-1,1-0,11/16/16,Win,1089,No Location Recorded,7:30 p.m.,05:30,,55,60,"MISS 3PTR by GARCIA,EMANUELLE",5,2,,,61,15,0.475,0.333,3ptr,miss,68,27,0.397,0.37,05,330
1,CENTRE,Maryville College,70-74,70,74,0-1,1-0,11/16/16,Win,1089,No Location Recorded,7:30 p.m.,05:30,"REBOUND DEF by GUMP,MATT",55,60,,5,2,,,61,15,0.475,0.333,,,68,27,0.397,0.37,05,330
1,CENTRE,Maryville College,70-74,70,74,0-1,1-0,11/16/16,Win,1089,No Location Recorded,7:30 p.m.,05:09,"MISS LAYUP by BATES,JACOB",55,60,,5,2,layup,miss,62,15,0.468,0.333,,,68,27,0.397,0.37,05,309
1,CENTRE,Maryville College,70-74,70,74,0-1,1-0,11/16/16,Win,1089,No Location Recorded,7:30 p.m.,05:09,"REBOUND OFF by GUMP,MATT",55,60,,5,2,,,62,15,0.468,0.333,,,68,27,0.397,0.37,05,309
1,CENTRE,Maryville College,70-74,70,74,0-1,1-0,11/16/16,Win,1089,No Location Recorded,7:30 p.m.,05:08,"SUB IN by WALKER,ART",55,60,,5,2,,,62,15,0.468,0.333,,,68,27,0.397,0.37,05,308
1,CENTRE,Maryville College,70-74,70,74,0-1,1-0,11/16/16,Win,1089,No Location Recorded,7:30 p.m.,05:08,"SUB OUT by SINE,TUCKER",55,60,,5,2,,,62,15,0.468,0.333,,,68,27,0.397,0.37,05,308
1,CENTRE,Maryville College,70-74,70,74,0-1,1-0,11/16/16,Win,1089,No Location Recorded,7:30 p.m.,05:03,"MISS 3PTR by GRIFFIN,JAROD",55,60,,5,2,3ptr,miss,63,16,0.46,0.312,,,68,27,0.397,0.37,05,303
1,CENTRE,Maryville College,70-74,70,74,0-1,1-0,11/16/16,Win,1089,No Location Recorded,7:30 p.m.,05:03,,55,60,"BLOCK  by GARCIA,EMANUELLE",5,2,,,63,16,0.46,0.312,,,68,27,0.397,0.37,05,303
1,CENTRE,Maryville College,70-74,70,74,0-1,1-0,11/16/16,Win,1089,No Location Recorded,7:30 p.m.,05:03,,55,60,"REBOUND DEF by SPICER,TYLER",5,2,,,63,16,0.46,0.312,,,68,27,0.397,0.37,05,303
1,CENTRE,Maryville College,70-74,70,74,0-1,1-0,11/16/16,Win,1089,No Location Recorded,7:30 p.m.,04:55,,55,60,"TURNOVER  by BROOKS,JOSHUA",5,2,,,63,16,0.46,0.312,,,68,27,0.397,0.37,04,295
1,CENTRE,Maryville College,70-74,70,74,0-1,1-0,11/16/16,Win,1089,No Location Recorded,7:30 p.m.,04:54,"STEAL  by GUMP,MATT",55,60,,5,2,,,63,16,0.46,0.312,,,68,27,0.397,0.37,04,294
1,CENTRE,Maryville College,70-74,70,74,0-1,1-0,11/16/16,Win,1089,No Location Recorded,7:30 p.m.,04:49,"GOOD LAYUP by WALKER,ART(fastbreak)(in the paint)",57,60,,3,2,layup,good,64,16,0.469,0.312,,,68,27,0.397,0.37,04,289
1,CENTRE,Maryville College,70-74,70,74,0-1,1-0,11/16/16,Win,1089,No Location Recorded,7:30 p.m.,04:35,,57,60,"MISS 3PTR by GARCIA,EMANUELLE",3,2,,,64,16,0.469,0.312,3ptr,miss,69,28,0.391,0.357,04,275
1,CENTRE,Maryville College,70-74,70,74,0-1,1-0,11/16/16,Win,1089,No Location Recorded,7:30 p.m.,04:35,"REBOUND DEF by BATES,JACOB",57,60,,3,2,,,64,16,0.469,0.312,,,69,28,0.391,0.357,04,275
1,CENTRE,Maryville College,70-74,70,74,0-1,1-0,11/16/16,Win,1089,No Location Recorded,7:30 p.m.,04:28,"TURNOVER  by BATES,JACOB",57,60,,3,2,,,64,16,0.469,0.312,,,69,28,0.391,0.357,04,268
1,CENTRE,Maryville College,70-74,70,74,0-1,1-0,11/16/16,Win,1089,No Location Recorded,7:30 p.m.,04:27,,57,60,"STEAL  by GARCIA,EMANUELLE",3,2,,,64,16,0.469,0.312,,,69,28,0.391,0.357,04,267
1,CENTRE,Maryville College,70-74,70,74,0-1,1-0,11/16/16,Win,1089,No Location Recorded,7:30 p.m.,04:18,,57,60,TIMEOUT 30SEC by TEAM,3,2,,,64,16,0.469,0.312,,,69,28,0.391,0.357,04,258
1,CENTRE,Maryville College,70-74,70,74,0-1,1-0,11/16/16,Win,1089,No Location Recorded,7:30 p.m.,04:18,"SUB IN by SINE,TUCKER",57,60,,3,2,,,64,16,0.469,0.312,,,69,28,0.391,0.357,04,258
1,CENTRE,Maryville College,70-74,70,74,0-1,1-0,11/16/16,Win,1089,No Location Recorded,7:30 p.m.,04:18,"SUB IN by RAKES,BAILEY",57,60,,3,2,,,64,16,0.469,0.312,,,69,28,0.391,0.357,04,258
1,CENTRE,Maryville College,70-74,70,74,0-1,1-0,11/16/16,Win,1089,No Location Recorded,7:30 p.m.,04:18,"SUB OUT by WALKER,ART",57,60,,3,2,,,64,16,0.469,0.312,,,69,28,0.391,0.357,04,258
1,CENTRE,Maryville College,70-74,70,74,0-1,1-0,11/16/16,Win,1089,No Location Recorded,7:30 p.m.,04:18,"SUB OUT by GRIFFIN,JAROD",57,60,,3,2,,,64,16,0.469,0.312,,,69,28,0.391,0.357,04,258
1,CENTRE,Maryville College,70-74,70,74,0-1,1-0,11/16/16,Win,1089,No Location Recorded,7:30 p.m.,04:18,,57,60,"SUB IN by BOWYER,JAY",3,2,,,64,16,0.469,0.312,,,69,28,0.391,0.357,04,258
1,CENTRE,Maryville College,70-74,70,74,0-1,1-0,11/16/16,Win,1089,No Location Recorded,7:30 p.m.,04:18,,57,60,"SUB OUT by GARCIA,EMANUELLE",3,2,,,64,16,0.469,0.312,,,69,28,0.391,0.357,04,258
1,CENTRE,Maryville College,70-74,70,74,0-1,1-0,11/16/16,Win,1089,No Location Recorded,7:30 p.m.,04:02,,57,62,"GOOD JUMPER by BOWYER,JAY(in the paint)",5,2,,,64,16,0.469,0.312,jumper,good,70,28,0.4,0.357,04,242
1,CENTRE,Maryville College,70-74,70,74,0-1,1-0,11/16/16,Win,1089,No Location Recorded,7:30 p.m.,04:02,,57,62,"FOUL  by BOWYER,JAY",5,2,,,64,16,0.469,0.312,foul,,70,28,0.4,0.357,04,242
1,CENTRE,Maryville College,70-74,70,74,0-1,1-0,11/16/16,Win,1089,No Location Recorded,7:30 p.m.,04:02,,57,63,"GOOD FT by BOWYER,JAY",6,2,,,64,16,0.469,0.312,ft,good,71,28,0.408,0.357,04,242
1,CENTRE,Maryville College,70-74,70,74,0-1,1-0,11/16/16,Win,1089,No Location Recorded,7:30 p.m.,03:48,,57,63,"FOUL  by SPICER,TYLER",6,2,,,64,16,0.469,0.312,foul,,71,28,0.408,0.357,03,228
1,CENTRE,Maryville College,70-74,70,74,0-1,1-0,11/16/16,Win,1089,No Location Recorded,7:30 p.m.,03:40,TIMEOUT 20SEC by TEAM,57,63,,6,2,,,64,16,0.469,0.312,,,71,28,0.408,0.357,03,220
1,CENTRE,Maryville College,70-74,70,74,0-1,1-0,11/16/16,Win,1089,No Location Recorded,7:30 p.m.,03:40,"GOOD FT by AYERS,PERRY",58,63,,5,2,ft,good,65,16,0.477,0.312,,,71,28,0.408,0.357,03,220
1,CENTRE,Maryville College,70-74,70,74,0-1,1-0,11/16/16,Win,1089,No Location Recorded,7:30 p.m.,03:40,"GOOD FT by AYERS,PERRY",59,63,,4,2,ft,good,66,16,0.485,0.312,,,71,28,0.408,0.357,03,220
1,CENTRE,Maryville College,70-74,70,74,0-1,1-0,11/16/16,Win,1089,No Location Recorded,7:30 p.m.,03:29,,59,66,"GOOD 3PTR by SPICER,TYLER",7,2,,,66,16,0.485,0.312,3ptr,good,72,29,0.417,0.379,03,209
1,CENTRE,Maryville College,70-74,70,74,0-1,1-0,11/16/16,Win,1089,No Location Recorded,7:30 p.m.,03:29,,59,66,"ASSIST  by BOWYER,JAY",7,2,,,66,16,0.485,0.312,,,72,29,0.417,0.379,03,209
1,CENTRE,Maryville College,70-74,70,74,0-1,1-0,11/16/16,Win,1089,No Location Recorded,7:30 p.m.,03:10,"GOOD LAYUP by SPITZER,JAKOB(in the paint)",61,66,,5,2,layup,good,67,16,0.493,0.312,,,72,29,0.417,0.379,03,190
1,CENTRE,Maryville College,70-74,70,74,0-1,1-0,11/16/16,Win,1089,No Location Recorded,7:30 p.m.,03:10,"ASSIST  by SINE,TUCKER",61,66,,5,2,,,67,16,0.493,0.312,,,72,29,0.417,0.379,03,190
1,CENTRE,Maryville College,70-74,70,74,0-1,1-0,11/16/16,Win,1089,No Location Recorded,7:30 p.m.,02:50,,61,69,"GOOD 3PTR by SONGSTER,CALVIN",8,2,,,67,16,0.493,0.312,3ptr,good,73,30,0.425,0.4,02,170
1,CENTRE,Maryville College,70-74,70,74,0-1,1-0,11/16/16,Win,1089,No Location Recorded,7:30 p.m.,02:50,,61,69,"ASSIST  by BOWYER,JAY",8,2,,,67,16,0.493,0.312,,,73,30,0.425,0.4,02,170
1,CENTRE,Maryville College,70-74,70,74,0-1,1-0,11/16/16,Win,1089,No Location Recorded,7:30 p.m.,02:35,"GOOD 3PTR by SINE,TUCKER",64,69,,5,2,3ptr,good,68,17,0.5,0.353,,,73,30,0.425,0.4,02,155
1,CENTRE,Maryville College,70-74,70,74,0-1,1-0,11/16/16,Win,1089,No Location Recorded,7:30 p.m.,02:35,"ASSIST  by RAKES,BAILEY",64,69,,5,2,,,68,17,0.5,0.353,,,73,30,0.425,0.4,02,155
1,CENTRE,Maryville College,70-74,70,74,0-1,1-0,11/16/16,Win,1089,No Location Recorded,7:30 p.m.,02:18,,64,69,"MISS LAYUP by BOWYER,JAY",5,2,,,68,17,0.5,0.353,layup,miss,74,30,0.419,0.4,02,138
1,CENTRE,Maryville College,70-74,70,74,0-1,1-0,11/16/16,Win,1089,No Location Recorded,7:30 p.m.,02:18,"REBOUND DEF by SPITZER,JAKOB",64,69,,5,2,,,68,17,0.5,0.353,,,74,30,0.419,0.4,02,138
1,CENTRE,Maryville College,70-74,70,74,0-1,1-0,11/16/16,Win,1089,No Location Recorded,7:30 p.m.,02:14,"MISS JUMPER by RAKES,BAILEY",64,69,,5,2,jumper,miss,69,17,0.493,0.353,,,74,30,0.419,0.4,02,134
1,CENTRE,Maryville College,70-74,70,74,0-1,1-0,11/16/16,Win,1089,No Location Recorded,7:30 p.m.,02:14,,64,69,"REBOUND DEF by BOWYER,JAY",5,2,,,69,17,0.493,0.353,,,74,30,0.419,0.4,02,134
1,CENTRE,Maryville College,70-74,70,74,0-1,1-0,11/16/16,Win,1089,No Location Recorded,7:30 p.m.,02:01,"FOUL  by SINE,TUCKER",64,69,,5,2,foul,,69,17,0.493,0.353,,,74,30,0.419,0.4,02,121
1,CENTRE,Maryville College,70-74,70,74,0-1,1-0,11/16/16,Win,1089,No Location Recorded,7:30 p.m.,02:01,,64,70,"GOOD FT by BROOKS,JOSHUA",6,2,,,69,17,0.493,0.353,ft,good,75,30,0.427,0.4,02,121
1,CENTRE,Maryville College,70-74,70,74,0-1,1-0,11/16/16,Win,1089,No Location Recorded,7:30 p.m.,02:01,,64,71,"GOOD FT by BROOKS,JOSHUA",7,2,,,69,17,0.493,0.353,ft,good,76,30,0.434,0.4,02,121
1,CENTRE,Maryville College,70-74,70,74,0-1,1-0,11/16/16,Win,1089,No Location Recorded,7:30 p.m.,01:54,TIMEOUT TEAM by TEAM,64,71,,7,2,,,69,17,0.493,0.353,,,76,30,0.434,0.4,01,114
1,CENTRE,Maryville College,70-74,70,74,0-1,1-0,11/16/16,Win,1089,No Location Recorded,7:30 p.m.,01:54,"SUB IN by WALKER,ART",64,71,,7,2,,,69,17,0.493,0.353,,,76,30,0.434,0.4,01,114
1,CENTRE,Maryville College,70-74,70,74,0-1,1-0,11/16/16,Win,1089,No Location Recorded,7:30 p.m.,01:54,"SUB OUT by BATES,JACOB",64,71,,7,2,,,69,17,0.493,0.353,,,76,30,0.434,0.4,01,114
1,CENTRE,Maryville College,70-74,70,74,0-1,1-0,11/16/16,Win,1089,No Location Recorded,7:30 p.m.,01:45,"MISS LAYUP by GUMP,MATT",64,71,,7,2,layup,miss,70,17,0.486,0.353,,,76,30,0.434,0.4,01,105
1,CENTRE,Maryville College,70-74,70,74,0-1,1-0,11/16/16,Win,1089,No Location Recorded,7:30 p.m.,01:45,,64,71,"REBOUND DEF by BOWYER,JAY",7,2,,,70,17,0.486,0.353,,,76,30,0.434,0.4,01,105
1,CENTRE,Maryville College,70-74,70,74,0-1,1-0,11/16/16,Win,1089,No Location Recorded,7:30 p.m.,01:34,,64,71,"MISS LAYUP by SONGSTER,CALVIN",7,2,,,70,17,0.486,0.353,layup,miss,77,30,0.429,0.4,01,94
1,CENTRE,Maryville College,70-74,70,74,0-1,1-0,11/16/16,Win,1089,No Location Recorded,7:30 p.m.,01:34,"BLOCK  by RAKES,BAILEY",64,71,,7,2,,,70,17,0.486,0.353,,,77,30,0.429,0.4,01,94
1,CENTRE,Maryville College,70-74,70,74,0-1,1-0,11/16/16,Win,1089,No Location Recorded,7:30 p.m.,01:34,"REBOUND DEF by RAKES,BAILEY",64,71,,7,2,,,70,17,0.486,0.353,,,77,30,0.429,0.4,01,94
1,CENTRE,Maryville College,70-74,70,74,0-1,1-0,11/16/16,Win,1089,No Location Recorded,7:30 p.m.,01:27,"GOOD 3PTR by SINE,TUCKER",67,71,,4,2,3ptr,good,71,18,0.493,0.389,,,77,30,0.429,0.4,01,87
1,CENTRE,Maryville College,70-74,70,74,0-1,1-0,11/16/16,Win,1089,No Location Recorded,7:30 p.m.,01:27,"ASSIST  by AYERS,PERRY",67,71,,4,2,,,71,18,0.493,0.389,,,77,30,0.429,0.4,01,87
1,CENTRE,Maryville College,70-74,70,74,0-1,1-0,11/16/16,Win,1089,No Location Recorded,7:30 p.m.,01:04,,67,71,TIMEOUT 30SEC by TEAM,4,2,,,71,18,0.493,0.389,,,77,30,0.429,0.4,01,64
1,CENTRE,Maryville College,70-74,70,74,0-1,1-0,11/16/16,Win,1089,No Location Recorded,7:30 p.m.,00:55,,67,71,"MISS JUMPER by BOWYER,JAY",4,2,,,71,18,0.493,0.389,jumper,miss,78,30,0.423,0.4,00,55
1,CENTRE,Maryville College,70-74,70,74,0-1,1-0,11/16/16,Win,1089,No Location Recorded,7:30 p.m.,00:55,"REBOUND DEF by RAKES,BAILEY",67,71,,4,2,,,71,18,0.493,0.389,,,78,30,0.423,0.4,00,55
1,CENTRE,Maryville College,70-74,70,74,0-1,1-0,11/16/16,Win,1089,No Location Recorded,7:30 p.m.,00:44,"MISS 3PTR by GUMP,MATT",67,71,,4,2,3ptr,miss,72,19,0.486,0.368,,,78,30,0.423,0.4,00,44
1,CENTRE,Maryville College,70-74,70,74,0-1,1-0,11/16/16,Win,1089,No Location Recorded,7:30 p.m.,00:44,"REBOUND OFF by SINE,TUCKER",67,71,,4,2,,,72,19,0.486,0.368,,,78,30,0.423,0.4,00,44
1,CENTRE,Maryville College,70-74,70,74,0-1,1-0,11/16/16,Win,1089,No Location Recorded,7:30 p.m.,00:29,"MISS LAYUP by SINE,TUCKER",67,71,,4,2,layup,miss,73,19,0.479,0.368,,,78,30,0.423,0.4,00,29
1,CENTRE,Maryville College,70-74,70,74,0-1,1-0,11/16/16,Win,1089,No Location Recorded,7:30 p.m.,00:29,,67,71,"REBOUND DEF by SPICER,TYLER",4,2,,,73,19,0.479,0.368,,,78,30,0.423,0.4,00,29
1,CENTRE,Maryville College,70-74,70,74,0-1,1-0,11/16/16,Win,1089,No Location Recorded,7:30 p.m.,00:23,"FOUL  by AYERS,PERRY",67,71,,4,2,foul,,73,19,0.479,0.368,,,78,30,0.423,0.4,00,23
1,CENTRE,Maryville College,70-74,70,74,0-1,1-0,11/16/16,Win,1089,No Location Recorded,7:30 p.m.,00:23,,67,71,"MISS FT by BOWYER,JAY",4,2,,,73,19,0.479,0.368,ft,miss,79,30,0.418,0.4,00,23
1,CENTRE,Maryville College,70-74,70,74,0-1,1-0,11/16/16,Win,1089,No Location Recorded,7:30 p.m.,00:23,REBOUND DEADB by TEAM,67,71,,4,2,,,73,19,0.479,0.368,,,79,30,0.418,0.4,00,23
1,CENTRE,Maryville College,70-74,70,74,0-1,1-0,11/16/16,Win,1089,No Location Recorded,7:30 p.m.,00:23,,67,72,"GOOD FT by BOWYER,JAY",5,2,,,73,19,0.479,0.368,ft,good,80,30,0.425,0.4,00,23
1,CENTRE,Maryville College,70-74,70,74,0-1,1-0,11/16/16,Win,1089,No Location Recorded,7:30 p.m.,00:23,"SUB IN by GRUBER,SAM",67,72,,5,2,,,73,19,0.479,0.368,,,80,30,0.425,0.4,00,23
1,CENTRE,Maryville College,70-74,70,74,0-1,1-0,11/16/16,Win,1089,No Location Recorded,7:30 p.m.,00:23,"SUB OUT by SINE,TUCKER",67,72,,5,2,,,73,19,0.479,0.368,,,80,30,0.425,0.4,00,23
1,CENTRE,Maryville College,70-74,70,74,0-1,1-0,11/16/16,Win,1089,No Location Recorded,7:30 p.m.,00:14,"GOOD 3PTR by RAKES,BAILEY",70,72,,2,2,3ptr,good,74,20,0.486,0.4,,,80,30,0.425,0.4,00,14
1,CENTRE,Maryville College,70-74,70,74,0-1,1-0,11/16/16,Win,1089,No Location Recorded,7:30 p.m.,00:14,"ASSIST  by WALKER,ART",70,72,,2,2,,,74,20,0.486,0.4,,,80,30,0.425,0.4,00,14
1,CENTRE,Maryville College,70-74,70,74,0-1,1-0,11/16/16,Win,1089,No Location Recorded,7:30 p.m.,00:11,TIMEOUT 30SEC by TEAM,70,72,,2,2,,,74,20,0.486,0.4,,,80,30,0.425,0.4,00,11
1,CENTRE,Maryville College,70-74,70,74,0-1,1-0,11/16/16,Win,1089,No Location Recorded,7:30 p.m.,00:11,"SUB IN by BATES,JACOB",70,72,,2,2,,,74,20,0.486,0.4,,,80,30,0.425,0.4,00,11
1,CENTRE,Maryville College,70-74,70,74,0-1,1-0,11/16/16,Win,1089,No Location Recorded,7:30 p.m.,00:11,"SUB IN by SINE,TUCKER",70,72,,2,2,,,74,20,0.486,0.4,,,80,30,0.425,0.4,00,11
1,CENTRE,Maryville College,70-74,70,74,0-1,1-0,11/16/16,Win,1089,No Location Recorded,7:30 p.m.,00:11,"SUB OUT by WALKER,ART",70,72,,2,2,,,74,20,0.486,0.4,,,80,30,0.425,0.4,00,11
1,CENTRE,Maryville College,70-74,70,74,0-1,1-0,11/16/16,Win,1089,No Location Recorded,7:30 p.m.,00:11,"SUB OUT by GRUBER,SAM",70,72,,2,2,,,74,20,0.486,0.4,,,80,30,0.425,0.4,00,11
1,CENTRE,Maryville College,70-74,70,74,0-1,1-0,11/16/16,Win,1089,No Location Recorded,7:30 p.m.,00:09,"FOUL  by AYERS,PERRY",70,72,,2,2,foul,,74,20,0.486,0.4,,,80,30,0.425,0.4,00,9
1,CENTRE,Maryville College,70-74,70,74,0-1,1-0,11/16/16,Win,1089,No Location Recorded,7:30 p.m.,00:09,,70,73,"GOOD FT by BOWYER,JAY",3,2,,,74,20,0.486,0.4,ft,good,81,30,0.432,0.4,00,9
1,CENTRE,Maryville College,70-74,70,74,0-1,1-0,11/16/16,Win,1089,No Location Recorded,7:30 p.m.,00:09,,70,74,"GOOD FT by BOWYER,JAY",4,2,,,74,20,0.486,0.4,ft,good,82,30,0.439,0.4,00,9
1,CENTRE,Maryville College,70-74,70,74,0-1,1-0,11/16/16,Win,1089,No Location Recorded,7:30 p.m.,00:09,"SUB IN by WALKER,ART",70,74,,4,2,,,74,20,0.486,0.4,,,82,30,0.439,0.4,00,9
1,CENTRE,Maryville College,70-74,70,74,0-1,1-0,11/16/16,Win,1089,No Location Recorded,7:30 p.m.,00:09,"SUB OUT by BATES,JACOB",70,74,,4,2,,,74,20,0.486,0.4,,,82,30,0.439,0.4,00,9
1,CENTRE,Maryville College,70-74,70,74,0-1,1-0,11/16/16,Win,1089,No Location Recorded,7:30 p.m.,00:05,"MISS 3PTR by AYERS,PERRY",70,74,,4,2,3ptr,miss,75,21,0.48,0.381,,,82,30,0.439,0.4,00,5
1,CENTRE,Maryville College,70-74,70,74,0-1,1-0,11/16/16,Win,1089,No Location Recorded,7:30 p.m.,00:05,"REBOUND OFF by SINE,TUCKER",70,74,,4,2,,,75,21,0.48,0.381,,,82,30,0.439,0.4,00,5
