,gameID,homeTeam,awayTeam,saaGame,finalScore,homeScoreByPeriod,awayScoreByPeriod,homeRecord,awayRecord,homeConfRecord,awayConfRecord,gameDate,startTime,gameLength,gameLocation,homeWin,numPeriods,isOvertime,attendance,isNeutral,timeRemaining,awayPlay,awayTeamScore,playTeamIndicator,homeTeamScore,homePlay,gameScore,teamIndicator,Play,Period,playType,shotOutcome,Team,Player,pointsEarned,awayLineup,homeLineup,timeSeconds
0,5100,Oglethorpe,Millsaps,0,107-114,"38,37,9,13,17","37,38,9,13,10",9-7,11-5,3-2,3-2,01/17/20,8:00 PM,N/A,Dorough Field House,Win,5,True,N/A,False,19:49,,0,,3 ,"GOOD 3PTR by JENEI,RYAN",OU 0-3 (-3),,"GOOD 3PTR by JENEI,RYAN",1,three pointer,good,oglethorpe,"jenei,ryan",3,"['hughes,anthony', 'mclaurin,ryan', 'spikes,kalvin', 'jenkins,kaleb', 'blanz,buck']","['chambers,dimetri', 'cammon,josh', 'sone,carlos', 'foster,lane', 'jenei,ryan']",1189
1,5100,Oglethorpe,Millsaps,0,107-114,"38,37,9,13,17","37,38,9,13,10",9-7,11-5,3-2,3-2,01/17/20,8:00 PM,N/A,Dorough Field House,Win,5,True,N/A,False,--,,0,,3 ,"ASSIST  by FOSTER,LANE",,,"ASSIST  by FOSTER,LANE",1,assist,,oglethorpe,"foster,lane",,"['hughes,anthony', 'mclaurin,ryan', 'spikes,kalvin', 'jenkins,kaleb', 'blanz,buck']","['chambers,dimetri', 'cammon,josh', 'sone,carlos', 'foster,lane', 'jenei,ryan']",
2,5100,Oglethorpe,Millsaps,0,107-114,"38,37,9,13,17","37,38,9,13,10",9-7,11-5,3-2,3-2,01/17/20,8:00 PM,N/A,Dorough Field House,Win,5,True,N/A,False,19:27,"TURNOVER  by JENKINS,KALEB",0,,3 ,,,,"TURNOVER  by JENKINS,KALEB",1,turnover,,millsaps,"jenkins,kaleb",,"['hughes,anthony', 'mclaurin,ryan', 'spikes,kalvin', 'jenkins,kaleb', 'blanz,buck']","['chambers,dimetri', 'cammon,josh', 'sone,carlos', 'foster,lane', 'jenei,ryan']",1167
3,5100,Oglethorpe,Millsaps,0,107-114,"38,37,9,13,17","37,38,9,13,10",9-7,11-5,3-2,3-2,01/17/20,8:00 PM,N/A,Dorough Field House,Win,5,True,N/A,False,19:12,,0,,3 ,"MISS JUMPER by CHAMBERS,DIMETRI",,,"MISS JUMPER by CHAMBERS,DIMETRI",1,jumper,missed,oglethorpe,"chambers,dimetri",,"['hughes,anthony', 'mclaurin,ryan', 'spikes,kalvin', 'jenkins,kaleb', 'blanz,buck']","['chambers,dimetri', 'cammon,josh', 'sone,carlos', 'foster,lane', 'jenei,ryan']",1152
4,5100,Oglethorpe,Millsaps,0,107-114,"38,37,9,13,17","37,38,9,13,10",9-7,11-5,3-2,3-2,01/17/20,8:00 PM,N/A,Dorough Field House,Win,5,True,N/A,False,--,"REBOUND DEF by JENKINS,KALEB",0,,3 ,,,,"REBOUND DEF by JENKINS,KALEB",1,defensive rebound,,millsaps,"jenkins,kaleb",,"['hughes,anthony', 'mclaurin,ryan', 'spikes,kalvin', 'jenkins,kaleb', 'blanz,buck']","['chambers,dimetri', 'cammon,josh', 'sone,carlos', 'foster,lane', 'jenei,ryan']",
5,5100,Oglethorpe,Millsaps,0,107-114,"38,37,9,13,17","37,38,9,13,10",9-7,11-5,3-2,3-2,01/17/20,8:00 PM,N/A,Dorough Field House,Win,5,True,N/A,False,19:01,"MISS 3PTR by MCLAURIN,RYAN",0,,3 ,,,,"MISS 3PTR by MCLAURIN,RYAN",1,three pointer,missed,millsaps,"mclaurin,ryan",,"['hughes,anthony', 'mclaurin,ryan', 'spikes,kalvin', 'jenkins,kaleb', 'blanz,buck']","['chambers,dimetri', 'cammon,josh', 'sone,carlos', 'foster,lane', 'jenei,ryan']",1141
6,5100,Oglethorpe,Millsaps,0,107-114,"38,37,9,13,17","37,38,9,13,10",9-7,11-5,3-2,3-2,01/17/20,8:00 PM,N/A,Dorough Field House,Win,5,True,N/A,False,--,,0,,3 ,"REBOUND DEF by FOSTER,LANE",,,"REBOUND DEF by FOSTER,LANE",1,defensive rebound,,oglethorpe,"foster,lane",,"['hughes,anthony', 'mclaurin,ryan', 'spikes,kalvin', 'jenkins,kaleb', 'blanz,buck']","['chambers,dimetri', 'cammon,josh', 'sone,carlos', 'foster,lane', 'jenei,ryan']",
7,5100,Oglethorpe,Millsaps,0,107-114,"38,37,9,13,17","37,38,9,13,10",9-7,11-5,3-2,3-2,01/17/20,8:00 PM,N/A,Dorough Field House,Win,5,True,N/A,False,18:53,,0,,5 ,"GOOD LAYUP by FOSTER,LANE(fastbreak)(in the paint)",OU 0-5 (-5),,"GOOD LAYUP by FOSTER,LANE(fastbreak)(in the paint)",1,layup,good,oglethorpe,"foster,lane(fastbreak)",2,"['hughes,anthony', 'mclaurin,ryan', 'spikes,kalvin', 'jenkins,kaleb', 'blanz,buck']","['chambers,dimetri', 'cammon,josh', 'sone,carlos', 'foster,lane', 'jenei,ryan']",1133
8,5100,Oglethorpe,Millsaps,0,107-114,"38,37,9,13,17","37,38,9,13,10",9-7,11-5,3-2,3-2,01/17/20,8:00 PM,N/A,Dorough Field House,Win,5,True,N/A,False,18:41,"GOOD JUMPER by HUGHES,ANTHONY",2,,5 ,,MC 2-5 (-3),,"GOOD JUMPER by HUGHES,ANTHONY",1,jumper,good,millsaps,"hughes,anthony",2,"['hughes,anthony', 'mclaurin,ryan', 'spikes,kalvin', 'jenkins,kaleb', 'blanz,buck']","['chambers,dimetri', 'cammon,josh', 'sone,carlos', 'foster,lane', 'jenei,ryan']",1121
9,5100,Oglethorpe,Millsaps,0,107-114,"38,37,9,13,17","37,38,9,13,10",9-7,11-5,3-2,3-2,01/17/20,8:00 PM,N/A,Dorough Field House,Win,5,True,N/A,False,18:25,,2,,8 ,"GOOD 3PTR by CHAMBERS,DIMETRI",OU 2-8 (-6),,"GOOD 3PTR by CHAMBERS,DIMETRI",1,three pointer,good,oglethorpe,"chambers,dimetri",3,"['hughes,anthony', 'mclaurin,ryan', 'spikes,kalvin', 'jenkins,kaleb', 'blanz,buck']","['chambers,dimetri', 'cammon,josh', 'sone,carlos', 'foster,lane', 'jenei,ryan']",1105
10,5100,Oglethorpe,Millsaps,0,107-114,"38,37,9,13,17","37,38,9,13,10",9-7,11-5,3-2,3-2,01/17/20,8:00 PM,N/A,Dorough Field House,Win,5,True,N/A,False,--,,2,,8 ,"ASSIST  by JENEI,RYAN",,,"ASSIST  by JENEI,RYAN",1,assist,,oglethorpe,"jenei,ryan",,"['hughes,anthony', 'mclaurin,ryan', 'spikes,kalvin', 'jenkins,kaleb', 'blanz,buck']","['chambers,dimetri', 'cammon,josh', 'sone,carlos', 'foster,lane', 'jenei,ryan']",
11,5100,Oglethorpe,Millsaps,0,107-114,"38,37,9,13,17","37,38,9,13,10",9-7,11-5,3-2,3-2,01/17/20,8:00 PM,N/A,Dorough Field House,Win,5,True,N/A,False,18:06,"GOOD LAYUP by JENKINS,KALEB(in the paint)",4,,8 ,,MC 4-8 (-4),,"GOOD LAYUP by JENKINS,KALEB(in the paint)",1,layup,good,millsaps,"jenkins,kaleb",2,"['hughes,anthony', 'mclaurin,ryan', 'spikes,kalvin', 'jenkins,kaleb', 'blanz,buck']","['chambers,dimetri', 'cammon,josh', 'sone,carlos', 'foster,lane', 'jenei,ryan']",1086
12,5100,Oglethorpe,Millsaps,0,107-114,"38,37,9,13,17","37,38,9,13,10",9-7,11-5,3-2,3-2,01/17/20,8:00 PM,N/A,Dorough Field House,Win,5,True,N/A,False,17:49,,4,,8 ,"TURNOVER  by CHAMBERS,DIMETRI",,,"TURNOVER  by CHAMBERS,DIMETRI",1,turnover,,oglethorpe,"chambers,dimetri",,"['hughes,anthony', 'mclaurin,ryan', 'spikes,kalvin', 'jenkins,kaleb', 'blanz,buck']","['chambers,dimetri', 'cammon,josh', 'sone,carlos', 'foster,lane', 'jenei,ryan']",1069
13,5100,Oglethorpe,Millsaps,0,107-114,"38,37,9,13,17","37,38,9,13,10",9-7,11-5,3-2,3-2,01/17/20,8:00 PM,N/A,Dorough Field House,Win,5,True,N/A,False,17:35,"GOOD JUMPER by HUGHES,ANTHONY",6,,8 ,,MC 6-8 (-2),,"GOOD JUMPER by HUGHES,ANTHONY",1,jumper,good,millsaps,"hughes,anthony",2,"['hughes,anthony', 'mclaurin,ryan', 'spikes,kalvin', 'jenkins,kaleb', 'blanz,buck']","['chambers,dimetri', 'cammon,josh', 'sone,carlos', 'foster,lane', 'jenei,ryan']",1055
14,5100,Oglethorpe,Millsaps,0,107-114,"38,37,9,13,17","37,38,9,13,10",9-7,11-5,3-2,3-2,01/17/20,8:00 PM,N/A,Dorough Field House,Win,5,True,N/A,False,--,"ASSIST  by BLANZ,BUCK",6,,8 ,,,,"ASSIST  by BLANZ,BUCK",1,assist,,millsaps,"blanz,buck",,"['hughes,anthony', 'mclaurin,ryan', 'spikes,kalvin', 'jenkins,kaleb', 'blanz,buck']","['chambers,dimetri', 'cammon,josh', 'sone,carlos', 'foster,lane', 'jenei,ryan']",
15,5100,Oglethorpe,Millsaps,0,107-114,"38,37,9,13,17","37,38,9,13,10",9-7,11-5,3-2,3-2,01/17/20,8:00 PM,N/A,Dorough Field House,Win,5,True,N/A,False,17:11,"FOUL  by JENKINS,KALEB",6,,8 ,,,,"FOUL  by JENKINS,KALEB",1,foul,,millsaps,"jenkins,kaleb",,"['hughes,anthony', 'mclaurin,ryan', 'spikes,kalvin', 'jenkins,kaleb', 'blanz,buck']","['chambers,dimetri', 'cammon,josh', 'sone,carlos', 'foster,lane', 'jenei,ryan']",1031
16,5100,Oglethorpe,Millsaps,0,107-114,"38,37,9,13,17","37,38,9,13,10",9-7,11-5,3-2,3-2,01/17/20,8:00 PM,N/A,Dorough Field House,Win,5,True,N/A,False,16:58,"FOUL  by MCLAURIN,RYAN",6,,8 ,,,,"FOUL  by MCLAURIN,RYAN",1,foul,,millsaps,"mclaurin,ryan",,"['hughes,anthony', 'mclaurin,ryan', 'spikes,kalvin', 'jenkins,kaleb', 'blanz,buck']","['chambers,dimetri', 'cammon,josh', 'sone,carlos', 'foster,lane', 'jenei,ryan']",1018
17,5100,Oglethorpe,Millsaps,0,107-114,"38,37,9,13,17","37,38,9,13,10",9-7,11-5,3-2,3-2,01/17/20,8:00 PM,N/A,Dorough Field House,Win,5,True,N/A,False,16:58,,6,,9 ,"GOOD FT by CHAMBERS,DIMETRI",OU 6-9 (-3),,"GOOD FT by CHAMBERS,DIMETRI",1,free throw,good,oglethorpe,"chambers,dimetri",1,"['hughes,anthony', 'mclaurin,ryan', 'spikes,kalvin', 'jenkins,kaleb', 'blanz,buck']","['chambers,dimetri', 'cammon,josh', 'sone,carlos', 'foster,lane', 'jenei,ryan']",1018
18,5100,Oglethorpe,Millsaps,0,107-114,"38,37,9,13,17","37,38,9,13,10",9-7,11-5,3-2,3-2,01/17/20,8:00 PM,N/A,Dorough Field House,Win,5,True,N/A,False,16:58,,6,,9 ,"MISS FT by CHAMBERS,DIMETRI",,,"MISS FT by CHAMBERS,DIMETRI",1,free throw,missed,oglethorpe,"chambers,dimetri",,"['hughes,anthony', 'mclaurin,ryan', 'spikes,kalvin', 'jenkins,kaleb', 'blanz,buck']","['chambers,dimetri', 'cammon,josh', 'sone,carlos', 'foster,lane', 'jenei,ryan']",1018
19,5100,Oglethorpe,Millsaps,0,107-114,"38,37,9,13,17","37,38,9,13,10",9-7,11-5,3-2,3-2,01/17/20,8:00 PM,N/A,Dorough Field House,Win,5,True,N/A,False,--,"REBOUND DEF by SPIKES,KALVIN",6,,9 ,,,,"REBOUND DEF by SPIKES,KALVIN",1,defensive rebound,,millsaps,"spikes,kalvin",,"['hughes,anthony', 'mclaurin,ryan', 'spikes,kalvin', 'jenkins,kaleb', 'blanz,buck']","['chambers,dimetri', 'cammon,josh', 'sone,carlos', 'foster,lane', 'jenei,ryan']",
20,5100,Oglethorpe,Millsaps,0,107-114,"38,37,9,13,17","37,38,9,13,10",9-7,11-5,3-2,3-2,01/17/20,8:00 PM,N/A,Dorough Field House,Win,5,True,N/A,False,16:44,"MISS LAYUP by SPIKES,KALVIN",6,,9 ,,,,"MISS LAYUP by SPIKES,KALVIN",1,layup,missed,millsaps,"spikes,kalvin",,"['hughes,anthony', 'mclaurin,ryan', 'spikes,kalvin', 'jenkins,kaleb', 'blanz,buck']","['chambers,dimetri', 'cammon,josh', 'sone,carlos', 'foster,lane', 'jenei,ryan']",1004
21,5100,Oglethorpe,Millsaps,0,107-114,"38,37,9,13,17","37,38,9,13,10",9-7,11-5,3-2,3-2,01/17/20,8:00 PM,N/A,Dorough Field House,Win,5,True,N/A,False,--,"REBOUND OFF by SPIKES,KALVIN",6,,9 ,,,,"REBOUND OFF by SPIKES,KALVIN",1,offensive rebound,,millsaps,"spikes,kalvin",,"['hughes,anthony', 'mclaurin,ryan', 'spikes,kalvin', 'jenkins,kaleb', 'blanz,buck']","['chambers,dimetri', 'cammon,josh', 'sone,carlos', 'foster,lane', 'jenei,ryan']",
22,5100,Oglethorpe,Millsaps,0,107-114,"38,37,9,13,17","37,38,9,13,10",9-7,11-5,3-2,3-2,01/17/20,8:00 PM,N/A,Dorough Field House,Win,5,True,N/A,False,16:41,"GOOD LAYUP by SPIKES,KALVIN(in the paint)",8,,9 ,,MC 8-9 (-1),,"GOOD LAYUP by SPIKES,KALVIN(in the paint)",1,layup,good,millsaps,"spikes,kalvin",2,"['hughes,anthony', 'mclaurin,ryan', 'spikes,kalvin', 'jenkins,kaleb', 'blanz,buck']","['chambers,dimetri', 'cammon,josh', 'sone,carlos', 'foster,lane', 'jenei,ryan']",1001
23,5100,Oglethorpe,Millsaps,0,107-114,"38,37,9,13,17","37,38,9,13,10",9-7,11-5,3-2,3-2,01/17/20,8:00 PM,N/A,Dorough Field House,Win,5,True,N/A,False,16:30,,8,,9 ,"MISS 3PTR by CAMMON,JOSH",,,"MISS 3PTR by CAMMON,JOSH",1,three pointer,missed,oglethorpe,"cammon,josh",,"['hughes,anthony', 'mclaurin,ryan', 'spikes,kalvin', 'jenkins,kaleb', 'blanz,buck']","['chambers,dimetri', 'cammon,josh', 'sone,carlos', 'foster,lane', 'jenei,ryan']",990
24,5100,Oglethorpe,Millsaps,0,107-114,"38,37,9,13,17","37,38,9,13,10",9-7,11-5,3-2,3-2,01/17/20,8:00 PM,N/A,Dorough Field House,Win,5,True,N/A,False,--,REBOUND DEADB by TEAM,8,,9 ,,,,REBOUND DEADB by TEAM,1,deadball rebound,,millsaps,,,"['hughes,anthony', 'mclaurin,ryan', 'spikes,kalvin', 'jenkins,kaleb', 'blanz,buck']","['chambers,dimetri', 'cammon,josh', 'sone,carlos', 'foster,lane', 'jenei,ryan']",
25,5100,Oglethorpe,Millsaps,0,107-114,"38,37,9,13,17","37,38,9,13,10",9-7,11-5,3-2,3-2,01/17/20,8:00 PM,N/A,Dorough Field House,Win,5,True,N/A,False,16:06,,8,,9 ,"FOUL  by JENEI,RYAN",,,"FOUL  by JENEI,RYAN",1,foul,,oglethorpe,"jenei,ryan",,"['hughes,anthony', 'mclaurin,ryan', 'spikes,kalvin', 'jenkins,kaleb', 'blanz,buck']","['chambers,dimetri', 'cammon,josh', 'sone,carlos', 'foster,lane', 'jenei,ryan']",966
26,5100,Oglethorpe,Millsaps,0,107-114,"38,37,9,13,17","37,38,9,13,10",9-7,11-5,3-2,3-2,01/17/20,8:00 PM,N/A,Dorough Field House,Win,5,True,N/A,False,16:06,"GOOD FT by SPIKES,KALVIN",9,,9,,MC 9-9 (0),,"GOOD FT by SPIKES,KALVIN",1,free throw,good,millsaps,"spikes,kalvin",1,"['hughes,anthony', 'mclaurin,ryan', 'spikes,kalvin', 'jenkins,kaleb', 'blanz,buck']","['chambers,dimetri', 'cammon,josh', 'sone,carlos', 'foster,lane', 'jenei,ryan']",966
27,5100,Oglethorpe,Millsaps,0,107-114,"38,37,9,13,17","37,38,9,13,10",9-7,11-5,3-2,3-2,01/17/20,8:00 PM,N/A,Dorough Field House,Win,5,True,N/A,False,16:06,"GOOD FT by SPIKES,KALVIN",10 ,,9,,MC 10-9 (+1),,"GOOD FT by SPIKES,KALVIN",1,free throw,good,millsaps,"spikes,kalvin",1,"['hughes,anthony', 'mclaurin,ryan', 'spikes,kalvin', 'jenkins,kaleb', 'blanz,buck']","['chambers,dimetri', 'cammon,josh', 'sone,carlos', 'foster,lane', 'jenei,ryan']",966
28,5100,Oglethorpe,Millsaps,0,107-114,"38,37,9,13,17","37,38,9,13,10",9-7,11-5,3-2,3-2,01/17/20,8:00 PM,N/A,Dorough Field House,Win,5,True,N/A,False,15:48,,10 ,,9,"MISS 3PTR by FOSTER,LANE",,,"MISS 3PTR by FOSTER,LANE",1,three pointer,missed,oglethorpe,"foster,lane",,"['hughes,anthony', 'mclaurin,ryan', 'spikes,kalvin', 'jenkins,kaleb', 'blanz,buck']","['chambers,dimetri', 'cammon,josh', 'sone,carlos', 'foster,lane', 'jenei,ryan']",948
29,5100,Oglethorpe,Millsaps,0,107-114,"38,37,9,13,17","37,38,9,13,10",9-7,11-5,3-2,3-2,01/17/20,8:00 PM,N/A,Dorough Field House,Win,5,True,N/A,False,--,"REBOUND DEF by BLANZ,BUCK",10 ,,9,,,,"REBOUND DEF by BLANZ,BUCK",1,defensive rebound,,millsaps,"blanz,buck",,"['hughes,anthony', 'mclaurin,ryan', 'spikes,kalvin', 'jenkins,kaleb', 'blanz,buck']","['chambers,dimetri', 'cammon,josh', 'sone,carlos', 'foster,lane', 'jenei,ryan']",
30,5100,Oglethorpe,Millsaps,0,107-114,"38,37,9,13,17","37,38,9,13,10",9-7,11-5,3-2,3-2,01/17/20,8:00 PM,N/A,Dorough Field House,Win,5,True,N/A,False,15:33,"GOOD LAYUP by HUGHES,ANTHONY(in the paint)",12 ,,9,,MC 12-9 (+3),,"GOOD LAYUP by HUGHES,ANTHONY(in the paint)",1,layup,good,millsaps,"hughes,anthony",2,"['hughes,anthony', 'mclaurin,ryan', 'spikes,kalvin', 'jenkins,kaleb', 'blanz,buck']","['chambers,dimetri', 'cammon,josh', 'sone,carlos', 'foster,lane', 'jenei,ryan']",933
31,5100,Oglethorpe,Millsaps,0,107-114,"38,37,9,13,17","37,38,9,13,10",9-7,11-5,3-2,3-2,01/17/20,8:00 PM,N/A,Dorough Field House,Win,5,True,N/A,False,--,"ASSIST  by SPIKES,KALVIN",12 ,,9,,,,"ASSIST  by SPIKES,KALVIN",1,assist,,millsaps,"spikes,kalvin",,"['hughes,anthony', 'mclaurin,ryan', 'spikes,kalvin', 'jenkins,kaleb', 'blanz,buck']","['chambers,dimetri', 'cammon,josh', 'sone,carlos', 'foster,lane', 'jenei,ryan']",
32,5100,Oglethorpe,Millsaps,0,107-114,"38,37,9,13,17","37,38,9,13,10",9-7,11-5,3-2,3-2,01/17/20,8:00 PM,N/A,Dorough Field House,Win,5,True,N/A,False,15:33,,12 ,,9,"FOUL  by FOSTER,LANE",,,"FOUL  by FOSTER,LANE",1,foul,,oglethorpe,"foster,lane",,"['hughes,anthony', 'mclaurin,ryan', 'spikes,kalvin', 'jenkins,kaleb', 'blanz,buck']","['chambers,dimetri', 'cammon,josh', 'sone,carlos', 'foster,lane', 'jenei,ryan']",933
33,5100,Oglethorpe,Millsaps,0,107-114,"38,37,9,13,17","37,38,9,13,10",9-7,11-5,3-2,3-2,01/17/20,8:00 PM,N/A,Dorough Field House,Win,5,True,N/A,False,15:33,,12 ,,9,TIMEOUT TEAM by TEAM,,,TIMEOUT TEAM by TEAM,1,timeout,,oglethorpe,,,"['hughes,anthony', 'mclaurin,ryan', 'spikes,kalvin', 'jenkins,kaleb', 'blanz,buck']","['chambers,dimetri', 'cammon,josh', 'sone,carlos', 'foster,lane', 'jenei,ryan']",933
34,5100,Oglethorpe,Millsaps,0,107-114,"38,37,9,13,17","37,38,9,13,10",9-7,11-5,3-2,3-2,01/17/20,8:00 PM,N/A,Dorough Field House,Win,5,True,N/A,False,15:33,"GOOD FT by HUGHES,ANTHONY",13 ,,9,,MC 13-9 (+4),,"GOOD FT by HUGHES,ANTHONY",1,free throw,good,millsaps,"hughes,anthony",1,"['hughes,anthony', 'mclaurin,ryan', 'spikes,kalvin', 'jenkins,kaleb', 'blanz,buck']","['chambers,dimetri', 'cammon,josh', 'sone,carlos', 'foster,lane', 'jenei,ryan']",933
35,5100,Oglethorpe,Millsaps,0,107-114,"38,37,9,13,17","37,38,9,13,10",9-7,11-5,3-2,3-2,01/17/20,8:00 PM,N/A,Dorough Field House,Win,5,True,N/A,False,15:20,,13 ,,11,"GOOD JUMPER by CAMMON,JOSH",OU 13-11 (+2),,"GOOD JUMPER by CAMMON,JOSH",1,jumper,good,oglethorpe,"cammon,josh",2,"['hughes,anthony', 'mclaurin,ryan', 'spikes,kalvin', 'jenkins,kaleb', 'blanz,buck']","['chambers,dimetri', 'cammon,josh', 'sone,carlos', 'foster,lane', 'jenei,ryan']",920
36,5100,Oglethorpe,Millsaps,0,107-114,"38,37,9,13,17","37,38,9,13,10",9-7,11-5,3-2,3-2,01/17/20,8:00 PM,N/A,Dorough Field House,Win,5,True,N/A,False,15:04,,13 ,,11,"MISS JUMPER by EZIGBO,UBA",,,"MISS JUMPER by EZIGBO,UBA",1,jumper,missed,oglethorpe,"ezigbo,uba",,"['hughes,anthony', 'mclaurin,ryan', 'spikes,kalvin', 'jenkins,kaleb', 'blanz,buck']","['chambers,dimetri', 'cammon,josh', 'sone,carlos', 'foster,lane', 'jenei,ryan']",904
37,5100,Oglethorpe,Millsaps,0,107-114,"38,37,9,13,17","37,38,9,13,10",9-7,11-5,3-2,3-2,01/17/20,8:00 PM,N/A,Dorough Field House,Win,5,True,N/A,False,--,REBOUND DEADB by TEAM,13 ,,11,,,,REBOUND DEADB by TEAM,1,deadball rebound,,millsaps,,,"['hughes,anthony', 'mclaurin,ryan', 'spikes,kalvin', 'jenkins,kaleb', 'blanz,buck']","['chambers,dimetri', 'cammon,josh', 'sone,carlos', 'foster,lane', 'jenei,ryan']",
38,5100,Oglethorpe,Millsaps,0,107-114,"38,37,9,13,17","37,38,9,13,10",9-7,11-5,3-2,3-2,01/17/20,8:00 PM,N/A,Dorough Field House,Win,5,True,N/A,False,15:02,"FOUL  by SPIKES,KALVIN",13 ,,11,,,,"FOUL  by SPIKES,KALVIN",1,foul,,millsaps,"spikes,kalvin",,"['hughes,anthony', 'mclaurin,ryan', 'spikes,kalvin', 'jenkins,kaleb', 'blanz,buck']","['chambers,dimetri', 'cammon,josh', 'sone,carlos', 'foster,lane', 'jenei,ryan']",902
39,5100,Oglethorpe,Millsaps,0,107-114,"38,37,9,13,17","37,38,9,13,10",9-7,11-5,3-2,3-2,01/17/20,8:00 PM,N/A,Dorough Field House,Win,5,True,N/A,False,14:51,,13,,14 ,"GOOD 3PTR by SONE,CARLOS",OU 13-14 (-1),,"GOOD 3PTR by SONE,CARLOS",1,three pointer,good,oglethorpe,"sone,carlos",3,"['hughes,anthony', 'mclaurin,ryan', 'spikes,kalvin', 'jenkins,kaleb', 'blanz,buck']","['chambers,dimetri', 'cammon,josh', 'sone,carlos', 'foster,lane', 'jenei,ryan']",891
40,5100,Oglethorpe,Millsaps,0,107-114,"38,37,9,13,17","37,38,9,13,10",9-7,11-5,3-2,3-2,01/17/20,8:00 PM,N/A,Dorough Field House,Win,5,True,N/A,False,--,,13,,14 ,"ASSIST  by FOSTER,LANE",,,"ASSIST  by FOSTER,LANE",1,assist,,oglethorpe,"foster,lane",,"['hughes,anthony', 'mclaurin,ryan', 'spikes,kalvin', 'jenkins,kaleb', 'blanz,buck']","['chambers,dimetri', 'cammon,josh', 'sone,carlos', 'foster,lane', 'jenei,ryan']",
41,5100,Oglethorpe,Millsaps,0,107-114,"38,37,9,13,17","37,38,9,13,10",9-7,11-5,3-2,3-2,01/17/20,8:00 PM,N/A,Dorough Field House,Win,5,True,N/A,False,14:27,"MISS 3PTR by BLANZ,BUCK",13,,14 ,,,,"MISS 3PTR by BLANZ,BUCK",1,three pointer,missed,millsaps,"blanz,buck",,"['hughes,anthony', 'mclaurin,ryan', 'spikes,kalvin', 'jenkins,kaleb', 'blanz,buck']","['chambers,dimetri', 'cammon,josh', 'sone,carlos', 'foster,lane', 'jenei,ryan']",867
42,5100,Oglethorpe,Millsaps,0,107-114,"38,37,9,13,17","37,38,9,13,10",9-7,11-5,3-2,3-2,01/17/20,8:00 PM,N/A,Dorough Field House,Win,5,True,N/A,False,--,,13,,14 ,"REBOUND DEF by CHAMBERS,DIMETRI",,,"REBOUND DEF by CHAMBERS,DIMETRI",1,defensive rebound,,oglethorpe,"chambers,dimetri",,"['hughes,anthony', 'mclaurin,ryan', 'spikes,kalvin', 'jenkins,kaleb', 'blanz,buck']","['chambers,dimetri', 'cammon,josh', 'sone,carlos', 'foster,lane', 'jenei,ryan']",
43,5100,Oglethorpe,Millsaps,0,107-114,"38,37,9,13,17","37,38,9,13,10",9-7,11-5,3-2,3-2,01/17/20,8:00 PM,N/A,Dorough Field House,Win,5,True,N/A,False,14:20,"FOUL  by JENKINS,KALEB",13,,14 ,,,,"FOUL  by JENKINS,KALEB",1,foul,,millsaps,"jenkins,kaleb",,"['hughes,anthony', 'mclaurin,ryan', 'spikes,kalvin', 'jenkins,kaleb', 'blanz,buck']","['chambers,dimetri', 'cammon,josh', 'sone,carlos', 'foster,lane', 'jenei,ryan']",860
44,5100,Oglethorpe,Millsaps,0,107-114,"38,37,9,13,17","37,38,9,13,10",9-7,11-5,3-2,3-2,01/17/20,8:00 PM,N/A,Dorough Field House,Win,5,True,N/A,False,14:20,,13,,15 ,"GOOD FT by CHAMBERS,DIMETRI",OU 13-15 (-2),,"GOOD FT by CHAMBERS,DIMETRI",1,free throw,good,oglethorpe,"chambers,dimetri",1,"['hughes,anthony', 'mclaurin,ryan', 'spikes,kalvin', 'jenkins,kaleb', 'blanz,buck']","['chambers,dimetri', 'cammon,josh', 'sone,carlos', 'foster,lane', 'jenei,ryan']",860
45,5100,Oglethorpe,Millsaps,0,107-114,"38,37,9,13,17","37,38,9,13,10",9-7,11-5,3-2,3-2,01/17/20,8:00 PM,N/A,Dorough Field House,Win,5,True,N/A,False,14:20,"SUB IN by GILLIHAN,NEWLON",13,,15 ,,,,"SUB IN by GILLIHAN,NEWLON",1,subbing in,,millsaps,"gillihan,newlon",,"['hughes,anthony', 'mclaurin,ryan', 'spikes,kalvin', 'jenkins,kaleb', 'blanz,buck', 'gillihan,newlon']","['chambers,dimetri', 'cammon,josh', 'sone,carlos', 'foster,lane', 'jenei,ryan']",860
46,5100,Oglethorpe,Millsaps,0,107-114,"38,37,9,13,17","37,38,9,13,10",9-7,11-5,3-2,3-2,01/17/20,8:00 PM,N/A,Dorough Field House,Win,5,True,N/A,False,14:20,"SUB IN by MILLER,JOSHUA",13,,15 ,,,,"SUB IN by MILLER,JOSHUA",1,subbing in,,millsaps,"miller,joshua",,"['hughes,anthony', 'mclaurin,ryan', 'spikes,kalvin', 'jenkins,kaleb', 'blanz,buck', 'gillihan,newlon', 'miller,joshua']","['chambers,dimetri', 'cammon,josh', 'sone,carlos', 'foster,lane', 'jenei,ryan']",860
47,5100,Oglethorpe,Millsaps,0,107-114,"38,37,9,13,17","37,38,9,13,10",9-7,11-5,3-2,3-2,01/17/20,8:00 PM,N/A,Dorough Field House,Win,5,True,N/A,False,14:20,"SUB IN by PELT,JUSTIN VAN",13,,15 ,,,,"SUB IN by PELT,JUSTIN VAN",1,subbing in,,millsaps,"pelt,justin van",,"['hughes,anthony', 'mclaurin,ryan', 'spikes,kalvin', 'jenkins,kaleb', 'blanz,buck', 'gillihan,newlon', 'miller,joshua', 'pelt,justin van']","['chambers,dimetri', 'cammon,josh', 'sone,carlos', 'foster,lane', 'jenei,ryan']",860
48,5100,Oglethorpe,Millsaps,0,107-114,"38,37,9,13,17","37,38,9,13,10",9-7,11-5,3-2,3-2,01/17/20,8:00 PM,N/A,Dorough Field House,Win,5,True,N/A,False,14:20,"SUB OUT by BLANZ,BUCK",13,,15 ,,,,"SUB OUT by BLANZ,BUCK",1,subbing out,,millsaps,"blanz,buck",,"['hughes,anthony', 'mclaurin,ryan', 'spikes,kalvin', 'jenkins,kaleb', 'gillihan,newlon', 'miller,joshua', 'pelt,justin van']","['chambers,dimetri', 'cammon,josh', 'sone,carlos', 'foster,lane', 'jenei,ryan']",860
49,5100,Oglethorpe,Millsaps,0,107-114,"38,37,9,13,17","37,38,9,13,10",9-7,11-5,3-2,3-2,01/17/20,8:00 PM,N/A,Dorough Field House,Win,5,True,N/A,False,14:20,"SUB OUT by JENKINS,KALEB",13,,15 ,,,,"SUB OUT by JENKINS,KALEB",1,subbing out,,millsaps,"jenkins,kaleb",,"['hughes,anthony', 'mclaurin,ryan', 'spikes,kalvin', 'gillihan,newlon', 'miller,joshua', 'pelt,justin van']","['chambers,dimetri', 'cammon,josh', 'sone,carlos', 'foster,lane', 'jenei,ryan']",860
50,5100,Oglethorpe,Millsaps,0,107-114,"38,37,9,13,17","37,38,9,13,10",9-7,11-5,3-2,3-2,01/17/20,8:00 PM,N/A,Dorough Field House,Win,5,True,N/A,False,14:20,"SUB OUT by SPIKES,KALVIN",13,,15 ,,,,"SUB OUT by SPIKES,KALVIN",1,subbing out,,millsaps,"spikes,kalvin",,"['hughes,anthony', 'mclaurin,ryan', 'gillihan,newlon', 'miller,joshua', 'pelt,justin van']","['chambers,dimetri', 'cammon,josh', 'sone,carlos', 'foster,lane', 'jenei,ryan']",860
51,5100,Oglethorpe,Millsaps,0,107-114,"38,37,9,13,17","37,38,9,13,10",9-7,11-5,3-2,3-2,01/17/20,8:00 PM,N/A,Dorough Field House,Win,5,True,N/A,False,14:20,,13,,15 ,"SUB IN by ETIWE,TOJU",,,"SUB IN by ETIWE,TOJU",1,subbing in,,oglethorpe,"etiwe,toju",,"['hughes,anthony', 'mclaurin,ryan', 'gillihan,newlon', 'miller,joshua', 'pelt,justin van']","['chambers,dimetri', 'cammon,josh', 'sone,carlos', 'foster,lane', 'jenei,ryan', 'etiwe,toju']",860
52,5100,Oglethorpe,Millsaps,0,107-114,"38,37,9,13,17","37,38,9,13,10",9-7,11-5,3-2,3-2,01/17/20,8:00 PM,N/A,Dorough Field House,Win,5,True,N/A,False,14:20,,13,,15 ,"SUB IN by DAY,JUSTIN",,,"SUB IN by DAY,JUSTIN",1,subbing in,,oglethorpe,"day,justin",,"['hughes,anthony', 'mclaurin,ryan', 'gillihan,newlon', 'miller,joshua', 'pelt,justin van']","['chambers,dimetri', 'cammon,josh', 'sone,carlos', 'foster,lane', 'jenei,ryan', 'etiwe,toju', 'day,justin']",860
53,5100,Oglethorpe,Millsaps,0,107-114,"38,37,9,13,17","37,38,9,13,10",9-7,11-5,3-2,3-2,01/17/20,8:00 PM,N/A,Dorough Field House,Win,5,True,N/A,False,14:20,,13,,15 ,"SUB OUT by JENEI,RYAN",,,"SUB OUT by JENEI,RYAN",1,subbing out,,oglethorpe,"jenei,ryan",,"['hughes,anthony', 'mclaurin,ryan', 'gillihan,newlon', 'miller,joshua', 'pelt,justin van']","['chambers,dimetri', 'cammon,josh', 'sone,carlos', 'foster,lane', 'etiwe,toju', 'day,justin']",860
54,5100,Oglethorpe,Millsaps,0,107-114,"38,37,9,13,17","37,38,9,13,10",9-7,11-5,3-2,3-2,01/17/20,8:00 PM,N/A,Dorough Field House,Win,5,True,N/A,False,14:20,,13,,15 ,"SUB OUT by CAMMON,JOSH",,,"SUB OUT by CAMMON,JOSH",1,subbing out,,oglethorpe,"cammon,josh",,"['hughes,anthony', 'mclaurin,ryan', 'gillihan,newlon', 'miller,joshua', 'pelt,justin van']","['chambers,dimetri', 'sone,carlos', 'foster,lane', 'etiwe,toju', 'day,justin']",860
55,5100,Oglethorpe,Millsaps,0,107-114,"38,37,9,13,17","37,38,9,13,10",9-7,11-5,3-2,3-2,01/17/20,8:00 PM,N/A,Dorough Field House,Win,5,True,N/A,False,14:19,,13,,15 ,"MISS FT by CHAMBERS,DIMETRI",,,"MISS FT by CHAMBERS,DIMETRI",1,free throw,missed,oglethorpe,"chambers,dimetri",,"['hughes,anthony', 'mclaurin,ryan', 'gillihan,newlon', 'miller,joshua', 'pelt,justin van']","['chambers,dimetri', 'sone,carlos', 'foster,lane', 'etiwe,toju', 'day,justin']",859
56,5100,Oglethorpe,Millsaps,0,107-114,"38,37,9,13,17","37,38,9,13,10",9-7,11-5,3-2,3-2,01/17/20,8:00 PM,N/A,Dorough Field House,Win,5,True,N/A,False,--,"REBOUND DEF by GILLIHAN,NEWLON",13,,15 ,,,,"REBOUND DEF by GILLIHAN,NEWLON",1,defensive rebound,,millsaps,"gillihan,newlon",,"['hughes,anthony', 'mclaurin,ryan', 'gillihan,newlon', 'miller,joshua', 'pelt,justin van']","['chambers,dimetri', 'sone,carlos', 'foster,lane', 'etiwe,toju', 'day,justin']",
57,5100,Oglethorpe,Millsaps,0,107-114,"38,37,9,13,17","37,38,9,13,10",9-7,11-5,3-2,3-2,01/17/20,8:00 PM,N/A,Dorough Field House,Win,5,True,N/A,False,13:56,"MISS 3PTR by HUGHES,ANTHONY",13,,15 ,,,,"MISS 3PTR by HUGHES,ANTHONY",1,three pointer,missed,millsaps,"hughes,anthony",,"['hughes,anthony', 'mclaurin,ryan', 'gillihan,newlon', 'miller,joshua', 'pelt,justin van']","['chambers,dimetri', 'sone,carlos', 'foster,lane', 'etiwe,toju', 'day,justin']",836
58,5100,Oglethorpe,Millsaps,0,107-114,"38,37,9,13,17","37,38,9,13,10",9-7,11-5,3-2,3-2,01/17/20,8:00 PM,N/A,Dorough Field House,Win,5,True,N/A,False,--,,13,,15 ,"REBOUND DEF by FOSTER,LANE",,,"REBOUND DEF by FOSTER,LANE",1,defensive rebound,,oglethorpe,"foster,lane",,"['hughes,anthony', 'mclaurin,ryan', 'gillihan,newlon', 'miller,joshua', 'pelt,justin van']","['chambers,dimetri', 'sone,carlos', 'foster,lane', 'etiwe,toju', 'day,justin']",
59,5100,Oglethorpe,Millsaps,0,107-114,"38,37,9,13,17","37,38,9,13,10",9-7,11-5,3-2,3-2,01/17/20,8:00 PM,N/A,Dorough Field House,Win,5,True,N/A,False,13:50,,13,,15 ,"TURNOVER  by CHAMBERS,DIMETRI",,,"TURNOVER  by CHAMBERS,DIMETRI",1,turnover,,oglethorpe,"chambers,dimetri",,"['hughes,anthony', 'mclaurin,ryan', 'gillihan,newlon', 'miller,joshua', 'pelt,justin van']","['chambers,dimetri', 'sone,carlos', 'foster,lane', 'etiwe,toju', 'day,justin']",830
60,5100,Oglethorpe,Millsaps,0,107-114,"38,37,9,13,17","37,38,9,13,10",9-7,11-5,3-2,3-2,01/17/20,8:00 PM,N/A,Dorough Field House,Win,5,True,N/A,False,13:23,"MISS 3PTR by MCLAURIN,RYAN",13,,15 ,,,,"MISS 3PTR by MCLAURIN,RYAN",1,three pointer,missed,millsaps,"mclaurin,ryan",,"['hughes,anthony', 'mclaurin,ryan', 'gillihan,newlon', 'miller,joshua', 'pelt,justin van']","['chambers,dimetri', 'sone,carlos', 'foster,lane', 'etiwe,toju', 'day,justin']",803
61,5100,Oglethorpe,Millsaps,0,107-114,"38,37,9,13,17","37,38,9,13,10",9-7,11-5,3-2,3-2,01/17/20,8:00 PM,N/A,Dorough Field House,Win,5,True,N/A,False,--,,13,,15 ,REBOUND DEF by TEAM,,,REBOUND DEF by TEAM,1,defensive rebound,,oglethorpe,,,"['hughes,anthony', 'mclaurin,ryan', 'gillihan,newlon', 'miller,joshua', 'pelt,justin van']","['chambers,dimetri', 'sone,carlos', 'foster,lane', 'etiwe,toju', 'day,justin']",
62,5100,Oglethorpe,Millsaps,0,107-114,"38,37,9,13,17","37,38,9,13,10",9-7,11-5,3-2,3-2,01/17/20,8:00 PM,N/A,Dorough Field House,Win,5,True,N/A,False,13:21,"FOUL  by GILLIHAN,NEWLON",13,,15 ,,,,"FOUL  by GILLIHAN,NEWLON",1,foul,,millsaps,"gillihan,newlon",,"['hughes,anthony', 'mclaurin,ryan', 'gillihan,newlon', 'miller,joshua', 'pelt,justin van']","['chambers,dimetri', 'sone,carlos', 'foster,lane', 'etiwe,toju', 'day,justin']",801
63,5100,Oglethorpe,Millsaps,0,107-114,"38,37,9,13,17","37,38,9,13,10",9-7,11-5,3-2,3-2,01/17/20,8:00 PM,N/A,Dorough Field House,Win,5,True,N/A,False,13:05,,13,,17 ,"GOOD JUMPER by DAY,JUSTIN",OU 13-17 (-4),,"GOOD JUMPER by DAY,JUSTIN",1,jumper,good,oglethorpe,"day,justin",2,"['hughes,anthony', 'mclaurin,ryan', 'gillihan,newlon', 'miller,joshua', 'pelt,justin van']","['chambers,dimetri', 'sone,carlos', 'foster,lane', 'etiwe,toju', 'day,justin']",785
64,5100,Oglethorpe,Millsaps,0,107-114,"38,37,9,13,17","37,38,9,13,10",9-7,11-5,3-2,3-2,01/17/20,8:00 PM,N/A,Dorough Field House,Win,5,True,N/A,False,12:50,"TURNOVER  by HUGHES,ANTHONY",13,,17 ,,,,"TURNOVER  by HUGHES,ANTHONY",1,turnover,,millsaps,"hughes,anthony",,"['hughes,anthony', 'mclaurin,ryan', 'gillihan,newlon', 'miller,joshua', 'pelt,justin van']","['chambers,dimetri', 'sone,carlos', 'foster,lane', 'etiwe,toju', 'day,justin']",770
65,5100,Oglethorpe,Millsaps,0,107-114,"38,37,9,13,17","37,38,9,13,10",9-7,11-5,3-2,3-2,01/17/20,8:00 PM,N/A,Dorough Field House,Win,5,True,N/A,False,12:50,"SUB IN by YOUNG,DILLON",13,,17 ,,,,"SUB IN by YOUNG,DILLON",1,subbing in,,millsaps,"young,dillon",,"['hughes,anthony', 'mclaurin,ryan', 'gillihan,newlon', 'miller,joshua', 'pelt,justin van', 'young,dillon']","['chambers,dimetri', 'sone,carlos', 'foster,lane', 'etiwe,toju', 'day,justin']",770
66,5100,Oglethorpe,Millsaps,0,107-114,"38,37,9,13,17","37,38,9,13,10",9-7,11-5,3-2,3-2,01/17/20,8:00 PM,N/A,Dorough Field House,Win,5,True,N/A,False,12:50,"SUB OUT by MCLAURIN,RYAN",13,,17 ,,,,"SUB OUT by MCLAURIN,RYAN",1,subbing out,,millsaps,"mclaurin,ryan",,"['hughes,anthony', 'gillihan,newlon', 'miller,joshua', 'pelt,justin van', 'young,dillon']","['chambers,dimetri', 'sone,carlos', 'foster,lane', 'etiwe,toju', 'day,justin']",770
67,5100,Oglethorpe,Millsaps,0,107-114,"38,37,9,13,17","37,38,9,13,10",9-7,11-5,3-2,3-2,01/17/20,8:00 PM,N/A,Dorough Field House,Win,5,True,N/A,False,12:50,,13,,17 ,"SUB IN by KRIVITZKIN,TYLER",,,"SUB IN by KRIVITZKIN,TYLER",1,subbing in,,oglethorpe,"krivitzkin,tyler",,"['hughes,anthony', 'gillihan,newlon', 'miller,joshua', 'pelt,justin van', 'young,dillon']","['chambers,dimetri', 'sone,carlos', 'foster,lane', 'etiwe,toju', 'day,justin', 'krivitzkin,tyler']",770
68,5100,Oglethorpe,Millsaps,0,107-114,"38,37,9,13,17","37,38,9,13,10",9-7,11-5,3-2,3-2,01/17/20,8:00 PM,N/A,Dorough Field House,Win,5,True,N/A,False,12:50,,13,,17 ,"SUB OUT by CHAMBERS,DIMETRI",,,"SUB OUT by CHAMBERS,DIMETRI",1,subbing out,,oglethorpe,"chambers,dimetri",,"['hughes,anthony', 'gillihan,newlon', 'miller,joshua', 'pelt,justin van', 'young,dillon']","['sone,carlos', 'foster,lane', 'etiwe,toju', 'day,justin', 'krivitzkin,tyler']",770
69,5100,Oglethorpe,Millsaps,0,107-114,"38,37,9,13,17","37,38,9,13,10",9-7,11-5,3-2,3-2,01/17/20,8:00 PM,N/A,Dorough Field House,Win,5,True,N/A,False,12:31,,13,,17 ,"MISS LAYUP by SONE,CARLOS",,,"MISS LAYUP by SONE,CARLOS",1,layup,missed,oglethorpe,"sone,carlos",,"['hughes,anthony', 'gillihan,newlon', 'miller,joshua', 'pelt,justin van', 'young,dillon']","['sone,carlos', 'foster,lane', 'etiwe,toju', 'day,justin', 'krivitzkin,tyler']",751
70,5100,Oglethorpe,Millsaps,0,107-114,"38,37,9,13,17","37,38,9,13,10",9-7,11-5,3-2,3-2,01/17/20,8:00 PM,N/A,Dorough Field House,Win,5,True,N/A,False,--,"REBOUND DEF by PELT,JUSTIN VAN",13,,17 ,,,,"REBOUND DEF by PELT,JUSTIN VAN",1,defensive rebound,,millsaps,"pelt,justin van",,"['hughes,anthony', 'gillihan,newlon', 'miller,joshua', 'pelt,justin van', 'young,dillon']","['sone,carlos', 'foster,lane', 'etiwe,toju', 'day,justin', 'krivitzkin,tyler']",
71,5100,Oglethorpe,Millsaps,0,107-114,"38,37,9,13,17","37,38,9,13,10",9-7,11-5,3-2,3-2,01/17/20,8:00 PM,N/A,Dorough Field House,Win,5,True,N/A,False,12:24,"TURNOVER  by HUGHES,ANTHONY",13,,17 ,,,,"TURNOVER  by HUGHES,ANTHONY",1,turnover,,millsaps,"hughes,anthony",,"['hughes,anthony', 'gillihan,newlon', 'miller,joshua', 'pelt,justin van', 'young,dillon']","['sone,carlos', 'foster,lane', 'etiwe,toju', 'day,justin', 'krivitzkin,tyler']",744
72,5100,Oglethorpe,Millsaps,0,107-114,"38,37,9,13,17","37,38,9,13,10",9-7,11-5,3-2,3-2,01/17/20,8:00 PM,N/A,Dorough Field House,Win,5,True,N/A,False,12:24,"FOUL  by HUGHES,ANTHONY",13,,17 ,,,,"FOUL  by HUGHES,ANTHONY",1,foul,,millsaps,"hughes,anthony",,"['hughes,anthony', 'gillihan,newlon', 'miller,joshua', 'pelt,justin van', 'young,dillon']","['sone,carlos', 'foster,lane', 'etiwe,toju', 'day,justin', 'krivitzkin,tyler']",744
73,5100,Oglethorpe,Millsaps,0,107-114,"38,37,9,13,17","37,38,9,13,10",9-7,11-5,3-2,3-2,01/17/20,8:00 PM,N/A,Dorough Field House,Win,5,True,N/A,False,12:13,,13,,17 ,"MISS LAYUP by DAY,JUSTIN",,,"MISS LAYUP by DAY,JUSTIN",1,layup,missed,oglethorpe,"day,justin",,"['hughes,anthony', 'gillihan,newlon', 'miller,joshua', 'pelt,justin van', 'young,dillon']","['sone,carlos', 'foster,lane', 'etiwe,toju', 'day,justin', 'krivitzkin,tyler']",733
74,5100,Oglethorpe,Millsaps,0,107-114,"38,37,9,13,17","37,38,9,13,10",9-7,11-5,3-2,3-2,01/17/20,8:00 PM,N/A,Dorough Field House,Win,5,True,N/A,False,--,"REBOUND DEF by PELT,JUSTIN VAN",13,,17 ,,,,"REBOUND DEF by PELT,JUSTIN VAN",1,defensive rebound,,millsaps,"pelt,justin van",,"['hughes,anthony', 'gillihan,newlon', 'miller,joshua', 'pelt,justin van', 'young,dillon']","['sone,carlos', 'foster,lane', 'etiwe,toju', 'day,justin', 'krivitzkin,tyler']",
75,5100,Oglethorpe,Millsaps,0,107-114,"38,37,9,13,17","37,38,9,13,10",9-7,11-5,3-2,3-2,01/17/20,8:00 PM,N/A,Dorough Field House,Win,5,True,N/A,False,11:56,"MISS 3PTR by MILLER,JOSHUA",13,,17 ,,,,"MISS 3PTR by MILLER,JOSHUA",1,three pointer,missed,millsaps,"miller,joshua",,"['hughes,anthony', 'gillihan,newlon', 'miller,joshua', 'pelt,justin van', 'young,dillon']","['sone,carlos', 'foster,lane', 'etiwe,toju', 'day,justin', 'krivitzkin,tyler']",716
76,5100,Oglethorpe,Millsaps,0,107-114,"38,37,9,13,17","37,38,9,13,10",9-7,11-5,3-2,3-2,01/17/20,8:00 PM,N/A,Dorough Field House,Win,5,True,N/A,False,--,,13,,17 ,"REBOUND DEF by DAY,JUSTIN",,,"REBOUND DEF by DAY,JUSTIN",1,defensive rebound,,oglethorpe,"day,justin",,"['hughes,anthony', 'gillihan,newlon', 'miller,joshua', 'pelt,justin van', 'young,dillon']","['sone,carlos', 'foster,lane', 'etiwe,toju', 'day,justin', 'krivitzkin,tyler']",
77,5100,Oglethorpe,Millsaps,0,107-114,"38,37,9,13,17","37,38,9,13,10",9-7,11-5,3-2,3-2,01/17/20,8:00 PM,N/A,Dorough Field House,Win,5,True,N/A,False,11:47,,13,,17 ,"MISS LAYUP by FOSTER,LANE",,,"MISS LAYUP by FOSTER,LANE",1,layup,missed,oglethorpe,"foster,lane",,"['hughes,anthony', 'gillihan,newlon', 'miller,joshua', 'pelt,justin van', 'young,dillon']","['sone,carlos', 'foster,lane', 'etiwe,toju', 'day,justin', 'krivitzkin,tyler']",707
78,5100,Oglethorpe,Millsaps,0,107-114,"38,37,9,13,17","37,38,9,13,10",9-7,11-5,3-2,3-2,01/17/20,8:00 PM,N/A,Dorough Field House,Win,5,True,N/A,False,--,"REBOUND DEF by PELT,JUSTIN VAN",13,,17 ,,,,"REBOUND DEF by PELT,JUSTIN VAN",1,defensive rebound,,millsaps,"pelt,justin van",,"['hughes,anthony', 'gillihan,newlon', 'miller,joshua', 'pelt,justin van', 'young,dillon']","['sone,carlos', 'foster,lane', 'etiwe,toju', 'day,justin', 'krivitzkin,tyler']",
79,5100,Oglethorpe,Millsaps,0,107-114,"38,37,9,13,17","37,38,9,13,10",9-7,11-5,3-2,3-2,01/17/20,8:00 PM,N/A,Dorough Field House,Win,5,True,N/A,False,11:40,"MISS 3PTR by YOUNG,DILLON",13,,17 ,,,,"MISS 3PTR by YOUNG,DILLON",1,three pointer,missed,millsaps,"young,dillon",,"['hughes,anthony', 'gillihan,newlon', 'miller,joshua', 'pelt,justin van', 'young,dillon']","['sone,carlos', 'foster,lane', 'etiwe,toju', 'day,justin', 'krivitzkin,tyler']",700
80,5100,Oglethorpe,Millsaps,0,107-114,"38,37,9,13,17","37,38,9,13,10",9-7,11-5,3-2,3-2,01/17/20,8:00 PM,N/A,Dorough Field House,Win,5,True,N/A,False,--,"REBOUND OFF by HUGHES,ANTHONY",13,,17 ,,,,"REBOUND OFF by HUGHES,ANTHONY",1,offensive rebound,,millsaps,"hughes,anthony",,"['hughes,anthony', 'gillihan,newlon', 'miller,joshua', 'pelt,justin van', 'young,dillon']","['sone,carlos', 'foster,lane', 'etiwe,toju', 'day,justin', 'krivitzkin,tyler']",
81,5100,Oglethorpe,Millsaps,0,107-114,"38,37,9,13,17","37,38,9,13,10",9-7,11-5,3-2,3-2,01/17/20,8:00 PM,N/A,Dorough Field House,Win,5,True,N/A,False,11:33,"GOOD LAYUP by HUGHES,ANTHONY(in the paint)",15,,17 ,,MC 15-17 (-2),,"GOOD LAYUP by HUGHES,ANTHONY(in the paint)",1,layup,good,millsaps,"hughes,anthony",2,"['hughes,anthony', 'gillihan,newlon', 'miller,joshua', 'pelt,justin van', 'young,dillon']","['sone,carlos', 'foster,lane', 'etiwe,toju', 'day,justin', 'krivitzkin,tyler']",693
82,5100,Oglethorpe,Millsaps,0,107-114,"38,37,9,13,17","37,38,9,13,10",9-7,11-5,3-2,3-2,01/17/20,8:00 PM,N/A,Dorough Field House,Win,5,True,N/A,False,11:01,"MISS JUMPER by PELT,JUSTIN VAN",15,,17 ,,,,"MISS JUMPER by PELT,JUSTIN VAN",1,jumper,missed,millsaps,"pelt,justin van",,"['hughes,anthony', 'gillihan,newlon', 'miller,joshua', 'pelt,justin van', 'young,dillon']","['sone,carlos', 'foster,lane', 'etiwe,toju', 'day,justin', 'krivitzkin,tyler']",661
83,5100,Oglethorpe,Millsaps,0,107-114,"38,37,9,13,17","37,38,9,13,10",9-7,11-5,3-2,3-2,01/17/20,8:00 PM,N/A,Dorough Field House,Win,5,True,N/A,False,--,,15,,17 ,"REBOUND DEF by CAMMON,JOSH",,,"REBOUND DEF by CAMMON,JOSH",1,defensive rebound,,oglethorpe,"cammon,josh",,"['hughes,anthony', 'gillihan,newlon', 'miller,joshua', 'pelt,justin van', 'young,dillon']","['sone,carlos', 'foster,lane', 'etiwe,toju', 'day,justin', 'krivitzkin,tyler']",
84,5100,Oglethorpe,Millsaps,0,107-114,"38,37,9,13,17","37,38,9,13,10",9-7,11-5,3-2,3-2,01/17/20,8:00 PM,N/A,Dorough Field House,Win,5,True,N/A,False,10:48,,15,,17 ,"TURNOVER  by JENEI,RYAN",,,"TURNOVER  by JENEI,RYAN",1,turnover,,oglethorpe,"jenei,ryan",,"['hughes,anthony', 'gillihan,newlon', 'miller,joshua', 'pelt,justin van', 'young,dillon']","['sone,carlos', 'foster,lane', 'etiwe,toju', 'day,justin', 'krivitzkin,tyler']",648
85,5100,Oglethorpe,Millsaps,0,107-114,"38,37,9,13,17","37,38,9,13,10",9-7,11-5,3-2,3-2,01/17/20,8:00 PM,N/A,Dorough Field House,Win,5,True,N/A,False,10:39,"SUB IN by GRANT,SHE'CHEM",15,,17 ,,,,"SUB IN by GRANT,SHE'CHEM",1,subbing in,,millsaps,"grant,she'chem",,"['hughes,anthony', 'gillihan,newlon', 'miller,joshua', 'pelt,justin van', 'young,dillon', ""grant,she'chem""]","['sone,carlos', 'foster,lane', 'etiwe,toju', 'day,justin', 'krivitzkin,tyler']",639
86,5100,Oglethorpe,Millsaps,0,107-114,"38,37,9,13,17","37,38,9,13,10",9-7,11-5,3-2,3-2,01/17/20,8:00 PM,N/A,Dorough Field House,Win,5,True,N/A,False,10:39,"SUB OUT by HUGHES,ANTHONY",15,,17 ,,,,"SUB OUT by HUGHES,ANTHONY",1,subbing out,,millsaps,"hughes,anthony",,"['gillihan,newlon', 'miller,joshua', 'pelt,justin van', 'young,dillon', ""grant,she'chem""]","['sone,carlos', 'foster,lane', 'etiwe,toju', 'day,justin', 'krivitzkin,tyler']",639
87,5100,Oglethorpe,Millsaps,0,107-114,"38,37,9,13,17","37,38,9,13,10",9-7,11-5,3-2,3-2,01/17/20,8:00 PM,N/A,Dorough Field House,Win,5,True,N/A,False,10:39,,15,,17 ,"SUB IN by CHAMBERS,DIMETRI",,,"SUB IN by CHAMBERS,DIMETRI",1,subbing in,,oglethorpe,"chambers,dimetri",,"['gillihan,newlon', 'miller,joshua', 'pelt,justin van', 'young,dillon', ""grant,she'chem""]","['sone,carlos', 'foster,lane', 'etiwe,toju', 'day,justin', 'krivitzkin,tyler', 'chambers,dimetri']",639
88,5100,Oglethorpe,Millsaps,0,107-114,"38,37,9,13,17","37,38,9,13,10",9-7,11-5,3-2,3-2,01/17/20,8:00 PM,N/A,Dorough Field House,Win,5,True,N/A,False,10:39,,15,,17 ,"SUB IN by CAMMON,JOSH",,,"SUB IN by CAMMON,JOSH",1,subbing in,,oglethorpe,"cammon,josh",,"['gillihan,newlon', 'miller,joshua', 'pelt,justin van', 'young,dillon', ""grant,she'chem""]","['sone,carlos', 'foster,lane', 'etiwe,toju', 'day,justin', 'krivitzkin,tyler', 'chambers,dimetri', 'cammon,josh']",639
89,5100,Oglethorpe,Millsaps,0,107-114,"38,37,9,13,17","37,38,9,13,10",9-7,11-5,3-2,3-2,01/17/20,8:00 PM,N/A,Dorough Field House,Win,5,True,N/A,False,10:39,,15,,17 ,"SUB IN by JENEI,RYAN",,,"SUB IN by JENEI,RYAN",1,subbing in,,oglethorpe,"jenei,ryan",,"['gillihan,newlon', 'miller,joshua', 'pelt,justin van', 'young,dillon', ""grant,she'chem""]","['sone,carlos', 'foster,lane', 'etiwe,toju', 'day,justin', 'krivitzkin,tyler', 'chambers,dimetri', 'cammon,josh', 'jenei,ryan']",639
90,5100,Oglethorpe,Millsaps,0,107-114,"38,37,9,13,17","37,38,9,13,10",9-7,11-5,3-2,3-2,01/17/20,8:00 PM,N/A,Dorough Field House,Win,5,True,N/A,False,10:39,,15,,17 ,"SUB OUT by ETIWE,TOJU",,,"SUB OUT by ETIWE,TOJU",1,subbing out,,oglethorpe,"etiwe,toju",,"['gillihan,newlon', 'miller,joshua', 'pelt,justin van', 'young,dillon', ""grant,she'chem""]","['sone,carlos', 'foster,lane', 'day,justin', 'krivitzkin,tyler', 'chambers,dimetri', 'cammon,josh', 'jenei,ryan']",639
91,5100,Oglethorpe,Millsaps,0,107-114,"38,37,9,13,17","37,38,9,13,10",9-7,11-5,3-2,3-2,01/17/20,8:00 PM,N/A,Dorough Field House,Win,5,True,N/A,False,10:39,,15,,17 ,"SUB OUT by DAY,JUSTIN",,,"SUB OUT by DAY,JUSTIN",1,subbing out,,oglethorpe,"day,justin",,"['gillihan,newlon', 'miller,joshua', 'pelt,justin van', 'young,dillon', ""grant,she'chem""]","['sone,carlos', 'foster,lane', 'krivitzkin,tyler', 'chambers,dimetri', 'cammon,josh', 'jenei,ryan']",639
92,5100,Oglethorpe,Millsaps,0,107-114,"38,37,9,13,17","37,38,9,13,10",9-7,11-5,3-2,3-2,01/17/20,8:00 PM,N/A,Dorough Field House,Win,5,True,N/A,False,10:39,,15,,17 ,"SUB OUT by KRIVITZKIN,TYLER",,,"SUB OUT by KRIVITZKIN,TYLER",1,subbing out,,oglethorpe,"krivitzkin,tyler",,"['gillihan,newlon', 'miller,joshua', 'pelt,justin van', 'young,dillon', ""grant,she'chem""]","['sone,carlos', 'foster,lane', 'chambers,dimetri', 'cammon,josh', 'jenei,ryan']",639
93,5100,Oglethorpe,Millsaps,0,107-114,"38,37,9,13,17","37,38,9,13,10",9-7,11-5,3-2,3-2,01/17/20,8:00 PM,N/A,Dorough Field House,Win,5,True,N/A,False,10:11,"GOOD 3PTR by GRANT,SHE'CHEM",18 ,,17,,MC 18-17 (+1),,"GOOD 3PTR by GRANT,SHE'CHEM",1,three pointer,good,millsaps,"grant,she'chem",3,"['gillihan,newlon', 'miller,joshua', 'pelt,justin van', 'young,dillon', ""grant,she'chem""]","['sone,carlos', 'foster,lane', 'chambers,dimetri', 'cammon,josh', 'jenei,ryan']",611
94,5100,Oglethorpe,Millsaps,0,107-114,"38,37,9,13,17","37,38,9,13,10",9-7,11-5,3-2,3-2,01/17/20,8:00 PM,N/A,Dorough Field House,Win,5,True,N/A,False,--,"ASSIST  by MILLER,JOSHUA",18 ,,17,,,,"ASSIST  by MILLER,JOSHUA",1,assist,,millsaps,"miller,joshua",,"['gillihan,newlon', 'miller,joshua', 'pelt,justin van', 'young,dillon', ""grant,she'chem""]","['sone,carlos', 'foster,lane', 'chambers,dimetri', 'cammon,josh', 'jenei,ryan']",
95,5100,Oglethorpe,Millsaps,0,107-114,"38,37,9,13,17","37,38,9,13,10",9-7,11-5,3-2,3-2,01/17/20,8:00 PM,N/A,Dorough Field House,Win,5,True,N/A,False,09:53,,18 ,,17,"MISS LAYUP by CAMMON,JOSH",,,"MISS LAYUP by CAMMON,JOSH",1,layup,missed,oglethorpe,"cammon,josh",,"['gillihan,newlon', 'miller,joshua', 'pelt,justin van', 'young,dillon', ""grant,she'chem""]","['sone,carlos', 'foster,lane', 'chambers,dimetri', 'cammon,josh', 'jenei,ryan']",593
96,5100,Oglethorpe,Millsaps,0,107-114,"38,37,9,13,17","37,38,9,13,10",9-7,11-5,3-2,3-2,01/17/20,8:00 PM,N/A,Dorough Field House,Win,5,True,N/A,False,--,,18 ,,17,"REBOUND OFF by CAMMON,JOSH",,,"REBOUND OFF by CAMMON,JOSH",1,offensive rebound,,oglethorpe,"cammon,josh",,"['gillihan,newlon', 'miller,joshua', 'pelt,justin van', 'young,dillon', ""grant,she'chem""]","['sone,carlos', 'foster,lane', 'chambers,dimetri', 'cammon,josh', 'jenei,ryan']",
97,5100,Oglethorpe,Millsaps,0,107-114,"38,37,9,13,17","37,38,9,13,10",9-7,11-5,3-2,3-2,01/17/20,8:00 PM,N/A,Dorough Field House,Win,5,True,N/A,False,09:53,"FOUL  by PELT,JUSTIN VAN",18 ,,17,,,,"FOUL  by PELT,JUSTIN VAN",1,foul,,millsaps,"pelt,justin van",,"['gillihan,newlon', 'miller,joshua', 'pelt,justin van', 'young,dillon', ""grant,she'chem""]","['sone,carlos', 'foster,lane', 'chambers,dimetri', 'cammon,josh', 'jenei,ryan']",593
98,5100,Oglethorpe,Millsaps,0,107-114,"38,37,9,13,17","37,38,9,13,10",9-7,11-5,3-2,3-2,01/17/20,8:00 PM,N/A,Dorough Field House,Win,5,True,N/A,False,09:53,,18 ,,17,"MISS FT by CAMMON,JOSH",,,"MISS FT by CAMMON,JOSH",1,free throw,missed,oglethorpe,"cammon,josh",,"['gillihan,newlon', 'miller,joshua', 'pelt,justin van', 'young,dillon', ""grant,she'chem""]","['sone,carlos', 'foster,lane', 'chambers,dimetri', 'cammon,josh', 'jenei,ryan']",593
99,5100,Oglethorpe,Millsaps,0,107-114,"38,37,9,13,17","37,38,9,13,10",9-7,11-5,3-2,3-2,01/17/20,8:00 PM,N/A,Dorough Field House,Win,5,True,N/A,False,--,,18 ,,17,REBOUND DEADB by TEAM,,,REBOUND DEADB by TEAM,1,deadball rebound,,oglethorpe,,,"['gillihan,newlon', 'miller,joshua', 'pelt,justin van', 'young,dillon', ""grant,she'chem""]","['sone,carlos', 'foster,lane', 'chambers,dimetri', 'cammon,josh', 'jenei,ryan']",
100,5100,Oglethorpe,Millsaps,0,107-114,"38,37,9,13,17","37,38,9,13,10",9-7,11-5,3-2,3-2,01/17/20,8:00 PM,N/A,Dorough Field House,Win,5,True,N/A,False,09:53,,18 ,,17,"MISS FT by CAMMON,JOSH",,,"MISS FT by CAMMON,JOSH",1,free throw,missed,oglethorpe,"cammon,josh",,"['gillihan,newlon', 'miller,joshua', 'pelt,justin van', 'young,dillon', ""grant,she'chem""]","['sone,carlos', 'foster,lane', 'chambers,dimetri', 'cammon,josh', 'jenei,ryan']",593
101,5100,Oglethorpe,Millsaps,0,107-114,"38,37,9,13,17","37,38,9,13,10",9-7,11-5,3-2,3-2,01/17/20,8:00 PM,N/A,Dorough Field House,Win,5,True,N/A,False,--,,18 ,,17,"REBOUND OFF by SONE,CARLOS",,,"REBOUND OFF by SONE,CARLOS",1,offensive rebound,,oglethorpe,"sone,carlos",,"['gillihan,newlon', 'miller,joshua', 'pelt,justin van', 'young,dillon', ""grant,she'chem""]","['sone,carlos', 'foster,lane', 'chambers,dimetri', 'cammon,josh', 'jenei,ryan']",
102,5100,Oglethorpe,Millsaps,0,107-114,"38,37,9,13,17","37,38,9,13,10",9-7,11-5,3-2,3-2,01/17/20,8:00 PM,N/A,Dorough Field House,Win,5,True,N/A,False,09:31,,18 ,,17,"TURNOVER  by FOSTER,LANE",,,"TURNOVER  by FOSTER,LANE",1,turnover,,oglethorpe,"foster,lane",,"['gillihan,newlon', 'miller,joshua', 'pelt,justin van', 'young,dillon', ""grant,she'chem""]","['sone,carlos', 'foster,lane', 'chambers,dimetri', 'cammon,josh', 'jenei,ryan']",571
103,5100,Oglethorpe,Millsaps,0,107-114,"38,37,9,13,17","37,38,9,13,10",9-7,11-5,3-2,3-2,01/17/20,8:00 PM,N/A,Dorough Field House,Win,5,True,N/A,False,09:31,,18 ,,17,"FOUL  by FOSTER,LANE",,,"FOUL  by FOSTER,LANE",1,foul,,oglethorpe,"foster,lane",,"['gillihan,newlon', 'miller,joshua', 'pelt,justin van', 'young,dillon', ""grant,she'chem""]","['sone,carlos', 'foster,lane', 'chambers,dimetri', 'cammon,josh', 'jenei,ryan']",571
104,5100,Oglethorpe,Millsaps,0,107-114,"38,37,9,13,17","37,38,9,13,10",9-7,11-5,3-2,3-2,01/17/20,8:00 PM,N/A,Dorough Field House,Win,5,True,N/A,False,09:09,,18 ,,17,"FOUL  by CAMMON,JOSH",,,"FOUL  by CAMMON,JOSH",1,foul,,oglethorpe,"cammon,josh",,"['gillihan,newlon', 'miller,joshua', 'pelt,justin van', 'young,dillon', ""grant,she'chem""]","['sone,carlos', 'foster,lane', 'chambers,dimetri', 'cammon,josh', 'jenei,ryan']",549
105,5100,Oglethorpe,Millsaps,0,107-114,"38,37,9,13,17","37,38,9,13,10",9-7,11-5,3-2,3-2,01/17/20,8:00 PM,N/A,Dorough Field House,Win,5,True,N/A,False,09:09,"GOOD FT by MILLER,JOSHUA",19 ,,17,,MC 19-17 (+2),,"GOOD FT by MILLER,JOSHUA",1,free throw,good,millsaps,"miller,joshua",1,"['gillihan,newlon', 'miller,joshua', 'pelt,justin van', 'young,dillon', ""grant,she'chem""]","['sone,carlos', 'foster,lane', 'chambers,dimetri', 'cammon,josh', 'jenei,ryan']",549
106,5100,Oglethorpe,Millsaps,0,107-114,"38,37,9,13,17","37,38,9,13,10",9-7,11-5,3-2,3-2,01/17/20,8:00 PM,N/A,Dorough Field House,Win,5,True,N/A,False,09:09,"MISS FT by MILLER,JOSHUA",19 ,,17,,,,"MISS FT by MILLER,JOSHUA",1,free throw,missed,millsaps,"miller,joshua",,"['gillihan,newlon', 'miller,joshua', 'pelt,justin van', 'young,dillon', ""grant,she'chem""]","['sone,carlos', 'foster,lane', 'chambers,dimetri', 'cammon,josh', 'jenei,ryan']",549
107,5100,Oglethorpe,Millsaps,0,107-114,"38,37,9,13,17","37,38,9,13,10",9-7,11-5,3-2,3-2,01/17/20,8:00 PM,N/A,Dorough Field House,Win,5,True,N/A,False,--,,19 ,,17,"REBOUND DEF by CAMMON,JOSH",,,"REBOUND DEF by CAMMON,JOSH",1,defensive rebound,,oglethorpe,"cammon,josh",,"['gillihan,newlon', 'miller,joshua', 'pelt,justin van', 'young,dillon', ""grant,she'chem""]","['sone,carlos', 'foster,lane', 'chambers,dimetri', 'cammon,josh', 'jenei,ryan']",
108,5100,Oglethorpe,Millsaps,0,107-114,"38,37,9,13,17","37,38,9,13,10",9-7,11-5,3-2,3-2,01/17/20,8:00 PM,N/A,Dorough Field House,Win,5,True,N/A,False,09:09,,19 ,,17,"SUB IN by DAY,JUSTIN",,,"SUB IN by DAY,JUSTIN",1,subbing in,,oglethorpe,"day,justin",,"['gillihan,newlon', 'miller,joshua', 'pelt,justin van', 'young,dillon', ""grant,she'chem""]","['sone,carlos', 'foster,lane', 'chambers,dimetri', 'cammon,josh', 'jenei,ryan', 'day,justin']",549
109,5100,Oglethorpe,Millsaps,0,107-114,"38,37,9,13,17","37,38,9,13,10",9-7,11-5,3-2,3-2,01/17/20,8:00 PM,N/A,Dorough Field House,Win,5,True,N/A,False,09:09,,19 ,,17,"SUB OUT by FOSTER,LANE",,,"SUB OUT by FOSTER,LANE",1,subbing out,,oglethorpe,"foster,lane",,"['gillihan,newlon', 'miller,joshua', 'pelt,justin van', 'young,dillon', ""grant,she'chem""]","['sone,carlos', 'chambers,dimetri', 'cammon,josh', 'jenei,ryan', 'day,justin']",549
110,5100,Oglethorpe,Millsaps,0,107-114,"38,37,9,13,17","37,38,9,13,10",9-7,11-5,3-2,3-2,01/17/20,8:00 PM,N/A,Dorough Field House,Win,5,True,N/A,False,09:01,,19 ,,17,"MISS JUMPER by CAMMON,JOSH",,,"MISS JUMPER by CAMMON,JOSH",1,jumper,missed,oglethorpe,"cammon,josh",,"['gillihan,newlon', 'miller,joshua', 'pelt,justin van', 'young,dillon', ""grant,she'chem""]","['sone,carlos', 'chambers,dimetri', 'cammon,josh', 'jenei,ryan', 'day,justin']",541
111,5100,Oglethorpe,Millsaps,0,107-114,"38,37,9,13,17","37,38,9,13,10",9-7,11-5,3-2,3-2,01/17/20,8:00 PM,N/A,Dorough Field House,Win,5,True,N/A,False,--,"REBOUND DEF by PELT,JUSTIN VAN",19 ,,17,,,,"REBOUND DEF by PELT,JUSTIN VAN",1,defensive rebound,,millsaps,"pelt,justin van",,"['gillihan,newlon', 'miller,joshua', 'pelt,justin van', 'young,dillon', ""grant,she'chem""]","['sone,carlos', 'chambers,dimetri', 'cammon,josh', 'jenei,ryan', 'day,justin']",
112,5100,Oglethorpe,Millsaps,0,107-114,"38,37,9,13,17","37,38,9,13,10",9-7,11-5,3-2,3-2,01/17/20,8:00 PM,N/A,Dorough Field House,Win,5,True,N/A,False,08:41,"TURNOVER  by MILLER,JOSHUA",19 ,,17,,,,"TURNOVER  by MILLER,JOSHUA",1,turnover,,millsaps,"miller,joshua",,"['gillihan,newlon', 'miller,joshua', 'pelt,justin van', 'young,dillon', ""grant,she'chem""]","['sone,carlos', 'chambers,dimetri', 'cammon,josh', 'jenei,ryan', 'day,justin']",521
113,5100,Oglethorpe,Millsaps,0,107-114,"38,37,9,13,17","37,38,9,13,10",9-7,11-5,3-2,3-2,01/17/20,8:00 PM,N/A,Dorough Field House,Win,5,True,N/A,False,08:39,,19 ,,17,"STEAL  by CHAMBERS,DIMETRI",,,"STEAL  by CHAMBERS,DIMETRI",1,steal,,oglethorpe,,,"['gillihan,newlon', 'miller,joshua', 'pelt,justin van', 'young,dillon', ""grant,she'chem""]","['sone,carlos', 'chambers,dimetri', 'cammon,josh', 'jenei,ryan', 'day,justin']",519
114,5100,Oglethorpe,Millsaps,0,107-114,"38,37,9,13,17","37,38,9,13,10",9-7,11-5,3-2,3-2,01/17/20,8:00 PM,N/A,Dorough Field House,Win,5,True,N/A,False,08:25,,19 ,,17,"TURNOVER  by CHAMBERS,DIMETRI",,,"TURNOVER  by CHAMBERS,DIMETRI",1,turnover,,oglethorpe,"chambers,dimetri",,"['gillihan,newlon', 'miller,joshua', 'pelt,justin van', 'young,dillon', ""grant,she'chem""]","['sone,carlos', 'chambers,dimetri', 'cammon,josh', 'jenei,ryan', 'day,justin']",505
115,5100,Oglethorpe,Millsaps,0,107-114,"38,37,9,13,17","37,38,9,13,10",9-7,11-5,3-2,3-2,01/17/20,8:00 PM,N/A,Dorough Field House,Win,5,True,N/A,False,08:24,"STEAL  by MILLER,JOSHUA",19 ,,17,,,,"STEAL  by MILLER,JOSHUA",1,steal,,millsaps,,,"['gillihan,newlon', 'miller,joshua', 'pelt,justin van', 'young,dillon', ""grant,she'chem""]","['sone,carlos', 'chambers,dimetri', 'cammon,josh', 'jenei,ryan', 'day,justin']",504
116,5100,Oglethorpe,Millsaps,0,107-114,"38,37,9,13,17","37,38,9,13,10",9-7,11-5,3-2,3-2,01/17/20,8:00 PM,N/A,Dorough Field House,Win,5,True,N/A,False,08:12,"MISS 3PTR by YOUNG,DILLON",19 ,,17,,,,"MISS 3PTR by YOUNG,DILLON",1,three pointer,missed,millsaps,"young,dillon",,"['gillihan,newlon', 'miller,joshua', 'pelt,justin van', 'young,dillon', ""grant,she'chem""]","['sone,carlos', 'chambers,dimetri', 'cammon,josh', 'jenei,ryan', 'day,justin']",492
117,5100,Oglethorpe,Millsaps,0,107-114,"38,37,9,13,17","37,38,9,13,10",9-7,11-5,3-2,3-2,01/17/20,8:00 PM,N/A,Dorough Field House,Win,5,True,N/A,False,--,"REBOUND OFF by PELT,JUSTIN VAN",19 ,,17,,,,"REBOUND OFF by PELT,JUSTIN VAN",1,offensive rebound,,millsaps,"pelt,justin van",,"['gillihan,newlon', 'miller,joshua', 'pelt,justin van', 'young,dillon', ""grant,she'chem""]","['sone,carlos', 'chambers,dimetri', 'cammon,josh', 'jenei,ryan', 'day,justin']",
118,5100,Oglethorpe,Millsaps,0,107-114,"38,37,9,13,17","37,38,9,13,10",9-7,11-5,3-2,3-2,01/17/20,8:00 PM,N/A,Dorough Field House,Win,5,True,N/A,False,08:08,"MISS LAYUP by PELT,JUSTIN VAN",19 ,,17,,,,"MISS LAYUP by PELT,JUSTIN VAN",1,layup,missed,millsaps,"pelt,justin van",,"['gillihan,newlon', 'miller,joshua', 'pelt,justin van', 'young,dillon', ""grant,she'chem""]","['sone,carlos', 'chambers,dimetri', 'cammon,josh', 'jenei,ryan', 'day,justin']",488
119,5100,Oglethorpe,Millsaps,0,107-114,"38,37,9,13,17","37,38,9,13,10",9-7,11-5,3-2,3-2,01/17/20,8:00 PM,N/A,Dorough Field House,Win,5,True,N/A,False,--,,19 ,,17,"REBOUND DEF by SONE,CARLOS",,,"REBOUND DEF by SONE,CARLOS",1,defensive rebound,,oglethorpe,"sone,carlos",,"['gillihan,newlon', 'miller,joshua', 'pelt,justin van', 'young,dillon', ""grant,she'chem""]","['sone,carlos', 'chambers,dimetri', 'cammon,josh', 'jenei,ryan', 'day,justin']",
120,5100,Oglethorpe,Millsaps,0,107-114,"38,37,9,13,17","37,38,9,13,10",9-7,11-5,3-2,3-2,01/17/20,8:00 PM,N/A,Dorough Field House,Win,5,True,N/A,False,08:01,,19 ,,17,"TURNOVER  by SONE,CARLOS",,,"TURNOVER  by SONE,CARLOS",1,turnover,,oglethorpe,"sone,carlos",,"['gillihan,newlon', 'miller,joshua', 'pelt,justin van', 'young,dillon', ""grant,she'chem""]","['sone,carlos', 'chambers,dimetri', 'cammon,josh', 'jenei,ryan', 'day,justin']",481
121,5100,Oglethorpe,Millsaps,0,107-114,"38,37,9,13,17","37,38,9,13,10",9-7,11-5,3-2,3-2,01/17/20,8:00 PM,N/A,Dorough Field House,Win,5,True,N/A,False,07:59,"STEAL  by GRANT,SHE'CHEM",19 ,,17,,,,"STEAL  by GRANT,SHE'CHEM",1,steal,,millsaps,,,"['gillihan,newlon', 'miller,joshua', 'pelt,justin van', 'young,dillon', ""grant,she'chem""]","['sone,carlos', 'chambers,dimetri', 'cammon,josh', 'jenei,ryan', 'day,justin']",479
122,5100,Oglethorpe,Millsaps,0,107-114,"38,37,9,13,17","37,38,9,13,10",9-7,11-5,3-2,3-2,01/17/20,8:00 PM,N/A,Dorough Field House,Win,5,True,N/A,False,07:47,"MISS 3PTR by GRANT,SHE'CHEM",19 ,,17,,,,"MISS 3PTR by GRANT,SHE'CHEM",1,three pointer,missed,millsaps,"grant,she'chem",,"['gillihan,newlon', 'miller,joshua', 'pelt,justin van', 'young,dillon', ""grant,she'chem""]","['sone,carlos', 'chambers,dimetri', 'cammon,josh', 'jenei,ryan', 'day,justin']",467
123,5100,Oglethorpe,Millsaps,0,107-114,"38,37,9,13,17","37,38,9,13,10",9-7,11-5,3-2,3-2,01/17/20,8:00 PM,N/A,Dorough Field House,Win,5,True,N/A,False,--,,19 ,,17,"REBOUND DEF by CAMMON,JOSH",,,"REBOUND DEF by CAMMON,JOSH",1,defensive rebound,,oglethorpe,"cammon,josh",,"['gillihan,newlon', 'miller,joshua', 'pelt,justin van', 'young,dillon', ""grant,she'chem""]","['sone,carlos', 'chambers,dimetri', 'cammon,josh', 'jenei,ryan', 'day,justin']",
124,5100,Oglethorpe,Millsaps,0,107-114,"38,37,9,13,17","37,38,9,13,10",9-7,11-5,3-2,3-2,01/17/20,8:00 PM,N/A,Dorough Field House,Win,5,True,N/A,False,07:32,,19 ,,17,"MISS 3PTR by CHAMBERS,DIMETRI",,,"MISS 3PTR by CHAMBERS,DIMETRI",1,three pointer,missed,oglethorpe,"chambers,dimetri",,"['gillihan,newlon', 'miller,joshua', 'pelt,justin van', 'young,dillon', ""grant,she'chem""]","['sone,carlos', 'chambers,dimetri', 'cammon,josh', 'jenei,ryan', 'day,justin']",452
125,5100,Oglethorpe,Millsaps,0,107-114,"38,37,9,13,17","37,38,9,13,10",9-7,11-5,3-2,3-2,01/17/20,8:00 PM,N/A,Dorough Field House,Win,5,True,N/A,False,--,"REBOUND DEF by GILLIHAN,NEWLON",19 ,,17,,,,"REBOUND DEF by GILLIHAN,NEWLON",1,defensive rebound,,millsaps,"gillihan,newlon",,"['gillihan,newlon', 'miller,joshua', 'pelt,justin van', 'young,dillon', ""grant,she'chem""]","['sone,carlos', 'chambers,dimetri', 'cammon,josh', 'jenei,ryan', 'day,justin']",
126,5100,Oglethorpe,Millsaps,0,107-114,"38,37,9,13,17","37,38,9,13,10",9-7,11-5,3-2,3-2,01/17/20,8:00 PM,N/A,Dorough Field House,Win,5,True,N/A,False,07:13,"GOOD JUMPER by PELT,JUSTIN VAN(in the paint)",21 ,,17,,MC 21-17 (+4),,"GOOD JUMPER by PELT,JUSTIN VAN(in the paint)",1,jumper,good,millsaps,"pelt,justin van",2,"['gillihan,newlon', 'miller,joshua', 'pelt,justin van', 'young,dillon', ""grant,she'chem""]","['sone,carlos', 'chambers,dimetri', 'cammon,josh', 'jenei,ryan', 'day,justin']",433
127,5100,Oglethorpe,Millsaps,0,107-114,"38,37,9,13,17","37,38,9,13,10",9-7,11-5,3-2,3-2,01/17/20,8:00 PM,N/A,Dorough Field House,Win,5,True,N/A,False,--,"ASSIST  by GRANT,SHE'CHEM",21 ,,17,,,,"ASSIST  by GRANT,SHE'CHEM",1,assist,,millsaps,"grant,she'chem",,"['gillihan,newlon', 'miller,joshua', 'pelt,justin van', 'young,dillon', ""grant,she'chem""]","['sone,carlos', 'chambers,dimetri', 'cammon,josh', 'jenei,ryan', 'day,justin']",
128,5100,Oglethorpe,Millsaps,0,107-114,"38,37,9,13,17","37,38,9,13,10",9-7,11-5,3-2,3-2,01/17/20,8:00 PM,N/A,Dorough Field House,Win,5,True,N/A,False,06:57,,21 ,,17,"MISS 3PTR by JENEI,RYAN",,,"MISS 3PTR by JENEI,RYAN",1,three pointer,missed,oglethorpe,"jenei,ryan",,"['gillihan,newlon', 'miller,joshua', 'pelt,justin van', 'young,dillon', ""grant,she'chem""]","['sone,carlos', 'chambers,dimetri', 'cammon,josh', 'jenei,ryan', 'day,justin']",417
129,5100,Oglethorpe,Millsaps,0,107-114,"38,37,9,13,17","37,38,9,13,10",9-7,11-5,3-2,3-2,01/17/20,8:00 PM,N/A,Dorough Field House,Win,5,True,N/A,False,--,"REBOUND DEF by MILLER,JOSHUA",21 ,,17,,,,"REBOUND DEF by MILLER,JOSHUA",1,defensive rebound,,millsaps,"miller,joshua",,"['gillihan,newlon', 'miller,joshua', 'pelt,justin van', 'young,dillon', ""grant,she'chem""]","['sone,carlos', 'chambers,dimetri', 'cammon,josh', 'jenei,ryan', 'day,justin']",
130,5100,Oglethorpe,Millsaps,0,107-114,"38,37,9,13,17","37,38,9,13,10",9-7,11-5,3-2,3-2,01/17/20,8:00 PM,N/A,Dorough Field House,Win,5,True,N/A,False,06:39,"TURNOVER  by YOUNG,DILLON",21 ,,17,,,,"TURNOVER  by YOUNG,DILLON",1,turnover,,millsaps,"young,dillon",,"['gillihan,newlon', 'miller,joshua', 'pelt,justin van', 'young,dillon', ""grant,she'chem""]","['sone,carlos', 'chambers,dimetri', 'cammon,josh', 'jenei,ryan', 'day,justin']",399
131,5100,Oglethorpe,Millsaps,0,107-114,"38,37,9,13,17","37,38,9,13,10",9-7,11-5,3-2,3-2,01/17/20,8:00 PM,N/A,Dorough Field House,Win,5,True,N/A,False,06:38,,21 ,,17,"STEAL  by JENEI,RYAN",,,"STEAL  by JENEI,RYAN",1,steal,,oglethorpe,,,"['gillihan,newlon', 'miller,joshua', 'pelt,justin van', 'young,dillon', ""grant,she'chem""]","['sone,carlos', 'chambers,dimetri', 'cammon,josh', 'jenei,ryan', 'day,justin']",398
132,5100,Oglethorpe,Millsaps,0,107-114,"38,37,9,13,17","37,38,9,13,10",9-7,11-5,3-2,3-2,01/17/20,8:00 PM,N/A,Dorough Field House,Win,5,True,N/A,False,06:34,,21 ,,17,"MISS LAYUP by CHAMBERS,DIMETRI",,,"MISS LAYUP by CHAMBERS,DIMETRI",1,layup,missed,oglethorpe,"chambers,dimetri",,"['gillihan,newlon', 'miller,joshua', 'pelt,justin van', 'young,dillon', ""grant,she'chem""]","['sone,carlos', 'chambers,dimetri', 'cammon,josh', 'jenei,ryan', 'day,justin']",394
133,5100,Oglethorpe,Millsaps,0,107-114,"38,37,9,13,17","37,38,9,13,10",9-7,11-5,3-2,3-2,01/17/20,8:00 PM,N/A,Dorough Field House,Win,5,True,N/A,False,06:34,"BLOCK  by PELT,JUSTIN VAN",21 ,,17,,,,"BLOCK  by PELT,JUSTIN VAN",1,block,,millsaps,"pelt,justin van",,"['gillihan,newlon', 'miller,joshua', 'pelt,justin van', 'young,dillon', ""grant,she'chem""]","['sone,carlos', 'chambers,dimetri', 'cammon,josh', 'jenei,ryan', 'day,justin']",394
134,5100,Oglethorpe,Millsaps,0,107-114,"38,37,9,13,17","37,38,9,13,10",9-7,11-5,3-2,3-2,01/17/20,8:00 PM,N/A,Dorough Field House,Win,5,True,N/A,False,--,,21 ,,17,REBOUND OFF by TEAM,,,REBOUND OFF by TEAM,1,offensive rebound,,oglethorpe,,,"['gillihan,newlon', 'miller,joshua', 'pelt,justin van', 'young,dillon', ""grant,she'chem""]","['sone,carlos', 'chambers,dimetri', 'cammon,josh', 'jenei,ryan', 'day,justin']",
135,5100,Oglethorpe,Millsaps,0,107-114,"38,37,9,13,17","37,38,9,13,10",9-7,11-5,3-2,3-2,01/17/20,8:00 PM,N/A,Dorough Field House,Win,5,True,N/A,False,06:34,,21 ,,17,TIMEOUT TEAM by TEAM,,,TIMEOUT TEAM by TEAM,1,timeout,,oglethorpe,,,"['gillihan,newlon', 'miller,joshua', 'pelt,justin van', 'young,dillon', ""grant,she'chem""]","['sone,carlos', 'chambers,dimetri', 'cammon,josh', 'jenei,ryan', 'day,justin']",394
136,5100,Oglethorpe,Millsaps,0,107-114,"38,37,9,13,17","37,38,9,13,10",9-7,11-5,3-2,3-2,01/17/20,8:00 PM,N/A,Dorough Field House,Win,5,True,N/A,False,06:30,"SUB IN by BECKER,SAXTON",21 ,,17,,,,"SUB IN by BECKER,SAXTON",1,subbing in,,millsaps,"becker,saxton",,"['gillihan,newlon', 'miller,joshua', 'pelt,justin van', 'young,dillon', ""grant,she'chem"", 'becker,saxton']","['sone,carlos', 'chambers,dimetri', 'cammon,josh', 'jenei,ryan', 'day,justin']",390
137,5100,Oglethorpe,Millsaps,0,107-114,"38,37,9,13,17","37,38,9,13,10",9-7,11-5,3-2,3-2,01/17/20,8:00 PM,N/A,Dorough Field House,Win,5,True,N/A,False,06:30,"SUB IN by BURNETT,DREW",21 ,,17,,,,"SUB IN by BURNETT,DREW",1,subbing in,,millsaps,"burnett,drew",,"['gillihan,newlon', 'miller,joshua', 'pelt,justin van', 'young,dillon', ""grant,she'chem"", 'becker,saxton', 'burnett,drew']","['sone,carlos', 'chambers,dimetri', 'cammon,josh', 'jenei,ryan', 'day,justin']",390
138,5100,Oglethorpe,Millsaps,0,107-114,"38,37,9,13,17","37,38,9,13,10",9-7,11-5,3-2,3-2,01/17/20,8:00 PM,N/A,Dorough Field House,Win,5,True,N/A,False,06:30,"SUB IN by TULLOS,ZACHARY",21 ,,17,,,,"SUB IN by TULLOS,ZACHARY",1,subbing in,,millsaps,"tullos,zachary",,"['gillihan,newlon', 'miller,joshua', 'pelt,justin van', 'young,dillon', ""grant,she'chem"", 'becker,saxton', 'burnett,drew', 'tullos,zachary']","['sone,carlos', 'chambers,dimetri', 'cammon,josh', 'jenei,ryan', 'day,justin']",390
139,5100,Oglethorpe,Millsaps,0,107-114,"38,37,9,13,17","37,38,9,13,10",9-7,11-5,3-2,3-2,01/17/20,8:00 PM,N/A,Dorough Field House,Win,5,True,N/A,False,06:30,"SUB OUT by PELT,JUSTIN VAN",21 ,,17,,,,"SUB OUT by PELT,JUSTIN VAN",1,subbing out,,millsaps,"pelt,justin van",,"['gillihan,newlon', 'miller,joshua', 'young,dillon', ""grant,she'chem"", 'becker,saxton', 'burnett,drew', 'tullos,zachary']","['sone,carlos', 'chambers,dimetri', 'cammon,josh', 'jenei,ryan', 'day,justin']",390
140,5100,Oglethorpe,Millsaps,0,107-114,"38,37,9,13,17","37,38,9,13,10",9-7,11-5,3-2,3-2,01/17/20,8:00 PM,N/A,Dorough Field House,Win,5,True,N/A,False,06:30,"SUB OUT by GILLIHAN,NEWLON",21 ,,17,,,,"SUB OUT by GILLIHAN,NEWLON",1,subbing out,,millsaps,"gillihan,newlon",,"['miller,joshua', 'young,dillon', ""grant,she'chem"", 'becker,saxton', 'burnett,drew', 'tullos,zachary']","['sone,carlos', 'chambers,dimetri', 'cammon,josh', 'jenei,ryan', 'day,justin']",390
141,5100,Oglethorpe,Millsaps,0,107-114,"38,37,9,13,17","37,38,9,13,10",9-7,11-5,3-2,3-2,01/17/20,8:00 PM,N/A,Dorough Field House,Win,5,True,N/A,False,06:30,"SUB OUT by YOUNG,DILLON",21 ,,17,,,,"SUB OUT by YOUNG,DILLON",1,subbing out,,millsaps,"young,dillon",,"['miller,joshua', ""grant,she'chem"", 'becker,saxton', 'burnett,drew', 'tullos,zachary']","['sone,carlos', 'chambers,dimetri', 'cammon,josh', 'jenei,ryan', 'day,justin']",390
142,5100,Oglethorpe,Millsaps,0,107-114,"38,37,9,13,17","37,38,9,13,10",9-7,11-5,3-2,3-2,01/17/20,8:00 PM,N/A,Dorough Field House,Win,5,True,N/A,False,06:30,,21 ,,17,"SUB IN by ETIWE,TOJU",,,"SUB IN by ETIWE,TOJU",1,subbing in,,oglethorpe,"etiwe,toju",,"['miller,joshua', ""grant,she'chem"", 'becker,saxton', 'burnett,drew', 'tullos,zachary']","['sone,carlos', 'chambers,dimetri', 'cammon,josh', 'jenei,ryan', 'day,justin', 'etiwe,toju']",390
143,5100,Oglethorpe,Millsaps,0,107-114,"38,37,9,13,17","37,38,9,13,10",9-7,11-5,3-2,3-2,01/17/20,8:00 PM,N/A,Dorough Field House,Win,5,True,N/A,False,06:30,,21 ,,17,"SUB OUT by CAMMON,JOSH",,,"SUB OUT by CAMMON,JOSH",1,subbing out,,oglethorpe,"cammon,josh",,"['miller,joshua', ""grant,she'chem"", 'becker,saxton', 'burnett,drew', 'tullos,zachary']","['sone,carlos', 'chambers,dimetri', 'jenei,ryan', 'day,justin', 'etiwe,toju']",390
144,5100,Oglethorpe,Millsaps,0,107-114,"38,37,9,13,17","37,38,9,13,10",9-7,11-5,3-2,3-2,01/17/20,8:00 PM,N/A,Dorough Field House,Win,5,True,N/A,False,06:21,,21 ,,19,"GOOD JUMPER by DAY,JUSTIN",OU 21-19 (+2),,"GOOD JUMPER by DAY,JUSTIN",1,jumper,good,oglethorpe,"day,justin",2,"['miller,joshua', ""grant,she'chem"", 'becker,saxton', 'burnett,drew', 'tullos,zachary']","['sone,carlos', 'chambers,dimetri', 'jenei,ryan', 'day,justin', 'etiwe,toju']",381
145,5100,Oglethorpe,Millsaps,0,107-114,"38,37,9,13,17","37,38,9,13,10",9-7,11-5,3-2,3-2,01/17/20,8:00 PM,N/A,Dorough Field House,Win,5,True,N/A,False,06:00,,21 ,,19,"FOUL  by JENEI,RYAN",,,"FOUL  by JENEI,RYAN",1,foul,,oglethorpe,"jenei,ryan",,"['miller,joshua', ""grant,she'chem"", 'becker,saxton', 'burnett,drew', 'tullos,zachary']","['sone,carlos', 'chambers,dimetri', 'jenei,ryan', 'day,justin', 'etiwe,toju']",360
146,5100,Oglethorpe,Millsaps,0,107-114,"38,37,9,13,17","37,38,9,13,10",9-7,11-5,3-2,3-2,01/17/20,8:00 PM,N/A,Dorough Field House,Win,5,True,N/A,False,06:00,"GOOD FT by BECKER,SAXTON",22 ,,19,,MC 22-19 (+3),,"GOOD FT by BECKER,SAXTON",1,free throw,good,millsaps,"becker,saxton",1,"['miller,joshua', ""grant,she'chem"", 'becker,saxton', 'burnett,drew', 'tullos,zachary']","['sone,carlos', 'chambers,dimetri', 'jenei,ryan', 'day,justin', 'etiwe,toju']",360
147,5100,Oglethorpe,Millsaps,0,107-114,"38,37,9,13,17","37,38,9,13,10",9-7,11-5,3-2,3-2,01/17/20,8:00 PM,N/A,Dorough Field House,Win,5,True,N/A,False,06:00,"GOOD FT by BECKER,SAXTON",23 ,,19,,MC 23-19 (+4),,"GOOD FT by BECKER,SAXTON",1,free throw,good,millsaps,"becker,saxton",1,"['miller,joshua', ""grant,she'chem"", 'becker,saxton', 'burnett,drew', 'tullos,zachary']","['sone,carlos', 'chambers,dimetri', 'jenei,ryan', 'day,justin', 'etiwe,toju']",360
148,5100,Oglethorpe,Millsaps,0,107-114,"38,37,9,13,17","37,38,9,13,10",9-7,11-5,3-2,3-2,01/17/20,8:00 PM,N/A,Dorough Field House,Win,5,True,N/A,False,06:00,"GOOD FT by BECKER,SAXTON",24 ,,19,,MC 24-19 (+5),,"GOOD FT by BECKER,SAXTON",1,free throw,good,millsaps,"becker,saxton",1,"['miller,joshua', ""grant,she'chem"", 'becker,saxton', 'burnett,drew', 'tullos,zachary']","['sone,carlos', 'chambers,dimetri', 'jenei,ryan', 'day,justin', 'etiwe,toju']",360
149,5100,Oglethorpe,Millsaps,0,107-114,"38,37,9,13,17","37,38,9,13,10",9-7,11-5,3-2,3-2,01/17/20,8:00 PM,N/A,Dorough Field House,Win,5,True,N/A,False,05:41,"FOUL  by MILLER,JOSHUA",24 ,,19,,,,"FOUL  by MILLER,JOSHUA",1,foul,,millsaps,"miller,joshua",,"['miller,joshua', ""grant,she'chem"", 'becker,saxton', 'burnett,drew', 'tullos,zachary']","['sone,carlos', 'chambers,dimetri', 'jenei,ryan', 'day,justin', 'etiwe,toju']",341
150,5100,Oglethorpe,Millsaps,0,107-114,"38,37,9,13,17","37,38,9,13,10",9-7,11-5,3-2,3-2,01/17/20,8:00 PM,N/A,Dorough Field House,Win,5,True,N/A,False,05:41,,24 ,,20,"GOOD FT by CHAMBERS,DIMETRI",OU 24-20 (+4),,"GOOD FT by CHAMBERS,DIMETRI",1,free throw,good,oglethorpe,"chambers,dimetri",1,"['miller,joshua', ""grant,she'chem"", 'becker,saxton', 'burnett,drew', 'tullos,zachary']","['sone,carlos', 'chambers,dimetri', 'jenei,ryan', 'day,justin', 'etiwe,toju']",341
151,5100,Oglethorpe,Millsaps,0,107-114,"38,37,9,13,17","37,38,9,13,10",9-7,11-5,3-2,3-2,01/17/20,8:00 PM,N/A,Dorough Field House,Win,5,True,N/A,False,05:41,,24 ,,21,"GOOD FT by CHAMBERS,DIMETRI",OU 24-21 (+3),,"GOOD FT by CHAMBERS,DIMETRI",1,free throw,good,oglethorpe,"chambers,dimetri",1,"['miller,joshua', ""grant,she'chem"", 'becker,saxton', 'burnett,drew', 'tullos,zachary']","['sone,carlos', 'chambers,dimetri', 'jenei,ryan', 'day,justin', 'etiwe,toju']",341
152,5100,Oglethorpe,Millsaps,0,107-114,"38,37,9,13,17","37,38,9,13,10",9-7,11-5,3-2,3-2,01/17/20,8:00 PM,N/A,Dorough Field House,Win,5,True,N/A,False,05:31,"GOOD LAYUP by GRANT,SHE'CHEM(fastbreak)(in the paint)",26 ,,21,,MC 26-21 (+5),,"GOOD LAYUP by GRANT,SHE'CHEM(fastbreak)(in the paint)",1,layup,good,millsaps,"grant,she'chem(fastbreak)",2,"['miller,joshua', ""grant,she'chem"", 'becker,saxton', 'burnett,drew', 'tullos,zachary']","['sone,carlos', 'chambers,dimetri', 'jenei,ryan', 'day,justin', 'etiwe,toju']",331
153,5100,Oglethorpe,Millsaps,0,107-114,"38,37,9,13,17","37,38,9,13,10",9-7,11-5,3-2,3-2,01/17/20,8:00 PM,N/A,Dorough Field House,Win,5,True,N/A,False,05:13,,26 ,,21,"TURNOVER  by JENEI,RYAN",,,"TURNOVER  by JENEI,RYAN",1,turnover,,oglethorpe,"jenei,ryan",,"['miller,joshua', ""grant,she'chem"", 'becker,saxton', 'burnett,drew', 'tullos,zachary']","['sone,carlos', 'chambers,dimetri', 'jenei,ryan', 'day,justin', 'etiwe,toju']",313
154,5100,Oglethorpe,Millsaps,0,107-114,"38,37,9,13,17","37,38,9,13,10",9-7,11-5,3-2,3-2,01/17/20,8:00 PM,N/A,Dorough Field House,Win,5,True,N/A,False,04:58,,26 ,,21,"FOUL  by DAY,JUSTIN",,,"FOUL  by DAY,JUSTIN",1,foul,,oglethorpe,"day,justin",,"['miller,joshua', ""grant,she'chem"", 'becker,saxton', 'burnett,drew', 'tullos,zachary']","['sone,carlos', 'chambers,dimetri', 'jenei,ryan', 'day,justin', 'etiwe,toju']",298
155,5100,Oglethorpe,Millsaps,0,107-114,"38,37,9,13,17","37,38,9,13,10",9-7,11-5,3-2,3-2,01/17/20,8:00 PM,N/A,Dorough Field House,Win,5,True,N/A,False,04:58,,26 ,,21,"SUB IN by CAMMON,JOSH",,,"SUB IN by CAMMON,JOSH",1,subbing in,,oglethorpe,"cammon,josh",,"['miller,joshua', ""grant,she'chem"", 'becker,saxton', 'burnett,drew', 'tullos,zachary']","['sone,carlos', 'chambers,dimetri', 'jenei,ryan', 'day,justin', 'etiwe,toju', 'cammon,josh']",298
156,5100,Oglethorpe,Millsaps,0,107-114,"38,37,9,13,17","37,38,9,13,10",9-7,11-5,3-2,3-2,01/17/20,8:00 PM,N/A,Dorough Field House,Win,5,True,N/A,False,04:58,,26 ,,21,"SUB OUT by JENEI,RYAN",,,"SUB OUT by JENEI,RYAN",1,subbing out,,oglethorpe,"jenei,ryan",,"['miller,joshua', ""grant,she'chem"", 'becker,saxton', 'burnett,drew', 'tullos,zachary']","['sone,carlos', 'chambers,dimetri', 'day,justin', 'etiwe,toju', 'cammon,josh']",298
157,5100,Oglethorpe,Millsaps,0,107-114,"38,37,9,13,17","37,38,9,13,10",9-7,11-5,3-2,3-2,01/17/20,8:00 PM,N/A,Dorough Field House,Win,5,True,N/A,False,04:57,"MISS 3PTR by BURNETT,DREW",26 ,,21,,,,"MISS 3PTR by BURNETT,DREW",1,three pointer,missed,millsaps,"burnett,drew",,"['miller,joshua', ""grant,she'chem"", 'becker,saxton', 'burnett,drew', 'tullos,zachary']","['sone,carlos', 'chambers,dimetri', 'day,justin', 'etiwe,toju', 'cammon,josh']",297
158,5100,Oglethorpe,Millsaps,0,107-114,"38,37,9,13,17","37,38,9,13,10",9-7,11-5,3-2,3-2,01/17/20,8:00 PM,N/A,Dorough Field House,Win,5,True,N/A,False,--,,26 ,,21,"REBOUND DEF by DAY,JUSTIN",,,"REBOUND DEF by DAY,JUSTIN",1,defensive rebound,,oglethorpe,"day,justin",,"['miller,joshua', ""grant,she'chem"", 'becker,saxton', 'burnett,drew', 'tullos,zachary']","['sone,carlos', 'chambers,dimetri', 'day,justin', 'etiwe,toju', 'cammon,josh']",
159,5100,Oglethorpe,Millsaps,0,107-114,"38,37,9,13,17","37,38,9,13,10",9-7,11-5,3-2,3-2,01/17/20,8:00 PM,N/A,Dorough Field House,Win,5,True,N/A,False,04:37,,26 ,,23,"GOOD LAYUP by SONE,CARLOS(in the paint)",OU 26-23 (+3),,"GOOD LAYUP by SONE,CARLOS(in the paint)",1,layup,good,oglethorpe,"sone,carlos",2,"['miller,joshua', ""grant,she'chem"", 'becker,saxton', 'burnett,drew', 'tullos,zachary']","['sone,carlos', 'chambers,dimetri', 'day,justin', 'etiwe,toju', 'cammon,josh']",277
160,5100,Oglethorpe,Millsaps,0,107-114,"38,37,9,13,17","37,38,9,13,10",9-7,11-5,3-2,3-2,01/17/20,8:00 PM,N/A,Dorough Field House,Win,5,True,N/A,False,04:13,"MISS JUMPER by BURNETT,DREW",26 ,,23,,,,"MISS JUMPER by BURNETT,DREW",1,jumper,missed,millsaps,"burnett,drew",,"['miller,joshua', ""grant,she'chem"", 'becker,saxton', 'burnett,drew', 'tullos,zachary']","['sone,carlos', 'chambers,dimetri', 'day,justin', 'etiwe,toju', 'cammon,josh']",253
161,5100,Oglethorpe,Millsaps,0,107-114,"38,37,9,13,17","37,38,9,13,10",9-7,11-5,3-2,3-2,01/17/20,8:00 PM,N/A,Dorough Field House,Win,5,True,N/A,False,--,"REBOUND OFF by BURNETT,DREW",26 ,,23,,,,"REBOUND OFF by BURNETT,DREW",1,offensive rebound,,millsaps,"burnett,drew",,"['miller,joshua', ""grant,she'chem"", 'becker,saxton', 'burnett,drew', 'tullos,zachary']","['sone,carlos', 'chambers,dimetri', 'day,justin', 'etiwe,toju', 'cammon,josh']",
162,5100,Oglethorpe,Millsaps,0,107-114,"38,37,9,13,17","37,38,9,13,10",9-7,11-5,3-2,3-2,01/17/20,8:00 PM,N/A,Dorough Field House,Win,5,True,N/A,False,04:04,"MISS 3PTR by GRANT,SHE'CHEM",26 ,,23,,,,"MISS 3PTR by GRANT,SHE'CHEM",1,three pointer,missed,millsaps,"grant,she'chem",,"['miller,joshua', ""grant,she'chem"", 'becker,saxton', 'burnett,drew', 'tullos,zachary']","['sone,carlos', 'chambers,dimetri', 'day,justin', 'etiwe,toju', 'cammon,josh']",244
163,5100,Oglethorpe,Millsaps,0,107-114,"38,37,9,13,17","37,38,9,13,10",9-7,11-5,3-2,3-2,01/17/20,8:00 PM,N/A,Dorough Field House,Win,5,True,N/A,False,--,REBOUND OFF by TEAM,26 ,,23,,,,REBOUND OFF by TEAM,1,offensive rebound,,millsaps,,,"['miller,joshua', ""grant,she'chem"", 'becker,saxton', 'burnett,drew', 'tullos,zachary']","['sone,carlos', 'chambers,dimetri', 'day,justin', 'etiwe,toju', 'cammon,josh']",
164,5100,Oglethorpe,Millsaps,0,107-114,"38,37,9,13,17","37,38,9,13,10",9-7,11-5,3-2,3-2,01/17/20,8:00 PM,N/A,Dorough Field House,Win,5,True,N/A,False,03:41,TURNOVER  by TEAM,26 ,,23,,,,TURNOVER  by TEAM,1,turnover,,millsaps,,,"['miller,joshua', ""grant,she'chem"", 'becker,saxton', 'burnett,drew', 'tullos,zachary']","['sone,carlos', 'chambers,dimetri', 'day,justin', 'etiwe,toju', 'cammon,josh']",221
165,5100,Oglethorpe,Millsaps,0,107-114,"38,37,9,13,17","37,38,9,13,10",9-7,11-5,3-2,3-2,01/17/20,8:00 PM,N/A,Dorough Field House,Win,5,True,N/A,False,03:33,,26,,26,"GOOD 3PTR by DAY,JUSTIN",OU 26-26 (0),,"GOOD 3PTR by DAY,JUSTIN",1,three pointer,good,oglethorpe,"day,justin",3,"['miller,joshua', ""grant,she'chem"", 'becker,saxton', 'burnett,drew', 'tullos,zachary']","['sone,carlos', 'chambers,dimetri', 'day,justin', 'etiwe,toju', 'cammon,josh']",213
166,5100,Oglethorpe,Millsaps,0,107-114,"38,37,9,13,17","37,38,9,13,10",9-7,11-5,3-2,3-2,01/17/20,8:00 PM,N/A,Dorough Field House,Win,5,True,N/A,False,--,,26,,26,"ASSIST  by CHAMBERS,DIMETRI",,,"ASSIST  by CHAMBERS,DIMETRI",1,assist,,oglethorpe,"chambers,dimetri",,"['miller,joshua', ""grant,she'chem"", 'becker,saxton', 'burnett,drew', 'tullos,zachary']","['sone,carlos', 'chambers,dimetri', 'day,justin', 'etiwe,toju', 'cammon,josh']",
167,5100,Oglethorpe,Millsaps,0,107-114,"38,37,9,13,17","37,38,9,13,10",9-7,11-5,3-2,3-2,01/17/20,8:00 PM,N/A,Dorough Field House,Win,5,True,N/A,False,03:15,"GOOD 3PTR by BURNETT,DREW",29 ,,26,,MC 29-26 (+3),,"GOOD 3PTR by BURNETT,DREW",1,three pointer,good,millsaps,"burnett,drew",3,"['miller,joshua', ""grant,she'chem"", 'becker,saxton', 'burnett,drew', 'tullos,zachary']","['sone,carlos', 'chambers,dimetri', 'day,justin', 'etiwe,toju', 'cammon,josh']",195
168,5100,Oglethorpe,Millsaps,0,107-114,"38,37,9,13,17","37,38,9,13,10",9-7,11-5,3-2,3-2,01/17/20,8:00 PM,N/A,Dorough Field House,Win,5,True,N/A,False,--,"ASSIST  by BECKER,SAXTON",29 ,,26,,,,"ASSIST  by BECKER,SAXTON",1,assist,,millsaps,"becker,saxton",,"['miller,joshua', ""grant,she'chem"", 'becker,saxton', 'burnett,drew', 'tullos,zachary']","['sone,carlos', 'chambers,dimetri', 'day,justin', 'etiwe,toju', 'cammon,josh']",
169,5100,Oglethorpe,Millsaps,0,107-114,"38,37,9,13,17","37,38,9,13,10",9-7,11-5,3-2,3-2,01/17/20,8:00 PM,N/A,Dorough Field House,Win,5,True,N/A,False,03:07,,29 ,,28,"GOOD JUMPER by DAY,JUSTIN",OU 29-28 (+1),,"GOOD JUMPER by DAY,JUSTIN",1,jumper,good,oglethorpe,"day,justin",2,"['miller,joshua', ""grant,she'chem"", 'becker,saxton', 'burnett,drew', 'tullos,zachary']","['sone,carlos', 'chambers,dimetri', 'day,justin', 'etiwe,toju', 'cammon,josh']",187
170,5100,Oglethorpe,Millsaps,0,107-114,"38,37,9,13,17","37,38,9,13,10",9-7,11-5,3-2,3-2,01/17/20,8:00 PM,N/A,Dorough Field House,Win,5,True,N/A,False,02:51,"GOOD 3PTR by BURNETT,DREW",32 ,,28,,MC 32-28 (+4),,"GOOD 3PTR by BURNETT,DREW",1,three pointer,good,millsaps,"burnett,drew",3,"['miller,joshua', ""grant,she'chem"", 'becker,saxton', 'burnett,drew', 'tullos,zachary']","['sone,carlos', 'chambers,dimetri', 'day,justin', 'etiwe,toju', 'cammon,josh']",171
171,5100,Oglethorpe,Millsaps,0,107-114,"38,37,9,13,17","37,38,9,13,10",9-7,11-5,3-2,3-2,01/17/20,8:00 PM,N/A,Dorough Field House,Win,5,True,N/A,False,--,"ASSIST  by BECKER,SAXTON",32 ,,28,,,,"ASSIST  by BECKER,SAXTON",1,assist,,millsaps,"becker,saxton",,"['miller,joshua', ""grant,she'chem"", 'becker,saxton', 'burnett,drew', 'tullos,zachary']","['sone,carlos', 'chambers,dimetri', 'day,justin', 'etiwe,toju', 'cammon,josh']",
172,5100,Oglethorpe,Millsaps,0,107-114,"38,37,9,13,17","37,38,9,13,10",9-7,11-5,3-2,3-2,01/17/20,8:00 PM,N/A,Dorough Field House,Win,5,True,N/A,False,02:48,,32 ,,28,TIMEOUT 30SEC by TEAM,,,TIMEOUT 30SEC by TEAM,1,timeout,,oglethorpe,,,"['miller,joshua', ""grant,she'chem"", 'becker,saxton', 'burnett,drew', 'tullos,zachary']","['sone,carlos', 'chambers,dimetri', 'day,justin', 'etiwe,toju', 'cammon,josh']",168
173,5100,Oglethorpe,Millsaps,0,107-114,"38,37,9,13,17","37,38,9,13,10",9-7,11-5,3-2,3-2,01/17/20,8:00 PM,N/A,Dorough Field House,Win,5,True,N/A,False,02:41,"SUB IN by MCLAURIN,RYAN",32 ,,28,,,,"SUB IN by MCLAURIN,RYAN",1,subbing in,,millsaps,"mclaurin,ryan",,"['miller,joshua', ""grant,she'chem"", 'becker,saxton', 'burnett,drew', 'tullos,zachary', 'mclaurin,ryan']","['sone,carlos', 'chambers,dimetri', 'day,justin', 'etiwe,toju', 'cammon,josh']",161
174,5100,Oglethorpe,Millsaps,0,107-114,"38,37,9,13,17","37,38,9,13,10",9-7,11-5,3-2,3-2,01/17/20,8:00 PM,N/A,Dorough Field House,Win,5,True,N/A,False,02:41,"SUB IN by HUGHES,ANTHONY",32 ,,28,,,,"SUB IN by HUGHES,ANTHONY",1,subbing in,,millsaps,"hughes,anthony",,"['miller,joshua', ""grant,she'chem"", 'becker,saxton', 'burnett,drew', 'tullos,zachary', 'mclaurin,ryan', 'hughes,anthony']","['sone,carlos', 'chambers,dimetri', 'day,justin', 'etiwe,toju', 'cammon,josh']",161
175,5100,Oglethorpe,Millsaps,0,107-114,"38,37,9,13,17","37,38,9,13,10",9-7,11-5,3-2,3-2,01/17/20,8:00 PM,N/A,Dorough Field House,Win,5,True,N/A,False,02:41,"SUB OUT by MILLER,JOSHUA",32 ,,28,,,,"SUB OUT by MILLER,JOSHUA",1,subbing out,,millsaps,"miller,joshua",,"[""grant,she'chem"", 'becker,saxton', 'burnett,drew', 'tullos,zachary', 'mclaurin,ryan', 'hughes,anthony']","['sone,carlos', 'chambers,dimetri', 'day,justin', 'etiwe,toju', 'cammon,josh']",161
176,5100,Oglethorpe,Millsaps,0,107-114,"38,37,9,13,17","37,38,9,13,10",9-7,11-5,3-2,3-2,01/17/20,8:00 PM,N/A,Dorough Field House,Win,5,True,N/A,False,02:41,"SUB OUT by BECKER,SAXTON",32 ,,28,,,,"SUB OUT by BECKER,SAXTON",1,subbing out,,millsaps,"becker,saxton",,"[""grant,she'chem"", 'burnett,drew', 'tullos,zachary', 'mclaurin,ryan', 'hughes,anthony']","['sone,carlos', 'chambers,dimetri', 'day,justin', 'etiwe,toju', 'cammon,josh']",161
177,5100,Oglethorpe,Millsaps,0,107-114,"38,37,9,13,17","37,38,9,13,10",9-7,11-5,3-2,3-2,01/17/20,8:00 PM,N/A,Dorough Field House,Win,5,True,N/A,False,02:37,,32 ,,30,"GOOD JUMPER by CAMMON,JOSH(in the paint)",OU 32-30 (+2),,"GOOD JUMPER by CAMMON,JOSH(in the paint)",1,jumper,good,oglethorpe,"cammon,josh",2,"[""grant,she'chem"", 'burnett,drew', 'tullos,zachary', 'mclaurin,ryan', 'hughes,anthony']","['sone,carlos', 'chambers,dimetri', 'day,justin', 'etiwe,toju', 'cammon,josh']",157
178,5100,Oglethorpe,Millsaps,0,107-114,"38,37,9,13,17","37,38,9,13,10",9-7,11-5,3-2,3-2,01/17/20,8:00 PM,N/A,Dorough Field House,Win,5,True,N/A,False,02:23,,32 ,,30,"SUB IN by FOSTER,LANE",,,"SUB IN by FOSTER,LANE",1,subbing in,,oglethorpe,"foster,lane",,"[""grant,she'chem"", 'burnett,drew', 'tullos,zachary', 'mclaurin,ryan', 'hughes,anthony']","['sone,carlos', 'chambers,dimetri', 'day,justin', 'etiwe,toju', 'cammon,josh', 'foster,lane']",143
179,5100,Oglethorpe,Millsaps,0,107-114,"38,37,9,13,17","37,38,9,13,10",9-7,11-5,3-2,3-2,01/17/20,8:00 PM,N/A,Dorough Field House,Win,5,True,N/A,False,02:23,,32 ,,30,"SUB OUT by ETIWE,TOJU",,,"SUB OUT by ETIWE,TOJU",1,subbing out,,oglethorpe,"etiwe,toju",,"[""grant,she'chem"", 'burnett,drew', 'tullos,zachary', 'mclaurin,ryan', 'hughes,anthony']","['sone,carlos', 'chambers,dimetri', 'day,justin', 'cammon,josh', 'foster,lane']",143
180,5100,Oglethorpe,Millsaps,0,107-114,"38,37,9,13,17","37,38,9,13,10",9-7,11-5,3-2,3-2,01/17/20,8:00 PM,N/A,Dorough Field House,Win,5,True,N/A,False,02:22,"MISS JUMPER by GRANT,SHE'CHEM",32 ,,30,,,,"MISS JUMPER by GRANT,SHE'CHEM",1,jumper,missed,millsaps,"grant,she'chem",,"[""grant,she'chem"", 'burnett,drew', 'tullos,zachary', 'mclaurin,ryan', 'hughes,anthony']","['sone,carlos', 'chambers,dimetri', 'day,justin', 'cammon,josh', 'foster,lane']",142
181,5100,Oglethorpe,Millsaps,0,107-114,"38,37,9,13,17","37,38,9,13,10",9-7,11-5,3-2,3-2,01/17/20,8:00 PM,N/A,Dorough Field House,Win,5,True,N/A,False,--,,32 ,,30,"REBOUND DEF by CHAMBERS,DIMETRI",,,"REBOUND DEF by CHAMBERS,DIMETRI",1,defensive rebound,,oglethorpe,"chambers,dimetri",,"[""grant,she'chem"", 'burnett,drew', 'tullos,zachary', 'mclaurin,ryan', 'hughes,anthony']","['sone,carlos', 'chambers,dimetri', 'day,justin', 'cammon,josh', 'foster,lane']",
182,5100,Oglethorpe,Millsaps,0,107-114,"38,37,9,13,17","37,38,9,13,10",9-7,11-5,3-2,3-2,01/17/20,8:00 PM,N/A,Dorough Field House,Win,5,True,N/A,False,02:16,,32,,32,"GOOD LAYUP by CAMMON,JOSH(fastbreak)(in the paint)",OU 32-32 (0),,"GOOD LAYUP by CAMMON,JOSH(fastbreak)(in the paint)",1,layup,good,oglethorpe,"cammon,josh(fastbreak)",2,"[""grant,she'chem"", 'burnett,drew', 'tullos,zachary', 'mclaurin,ryan', 'hughes,anthony']","['sone,carlos', 'chambers,dimetri', 'day,justin', 'cammon,josh', 'foster,lane']",136
183,5100,Oglethorpe,Millsaps,0,107-114,"38,37,9,13,17","37,38,9,13,10",9-7,11-5,3-2,3-2,01/17/20,8:00 PM,N/A,Dorough Field House,Win,5,True,N/A,False,01:58,"TURNOVER  by HUGHES,ANTHONY",32,,32,,,,"TURNOVER  by HUGHES,ANTHONY",1,turnover,,millsaps,"hughes,anthony",,"[""grant,she'chem"", 'burnett,drew', 'tullos,zachary', 'mclaurin,ryan', 'hughes,anthony']","['sone,carlos', 'chambers,dimetri', 'day,justin', 'cammon,josh', 'foster,lane']",118
184,5100,Oglethorpe,Millsaps,0,107-114,"38,37,9,13,17","37,38,9,13,10",9-7,11-5,3-2,3-2,01/17/20,8:00 PM,N/A,Dorough Field House,Win,5,True,N/A,False,01:58,"SUB IN by SPIKES,KALVIN",32,,32,,,,"SUB IN by SPIKES,KALVIN",1,subbing in,,millsaps,"spikes,kalvin",,"[""grant,she'chem"", 'burnett,drew', 'tullos,zachary', 'mclaurin,ryan', 'hughes,anthony', 'spikes,kalvin']","['sone,carlos', 'chambers,dimetri', 'day,justin', 'cammon,josh', 'foster,lane']",118
185,5100,Oglethorpe,Millsaps,0,107-114,"38,37,9,13,17","37,38,9,13,10",9-7,11-5,3-2,3-2,01/17/20,8:00 PM,N/A,Dorough Field House,Win,5,True,N/A,False,01:58,"SUB OUT by BURNETT,DREW",32,,32,,,,"SUB OUT by BURNETT,DREW",1,subbing out,,millsaps,"burnett,drew",,"[""grant,she'chem"", 'tullos,zachary', 'mclaurin,ryan', 'hughes,anthony', 'spikes,kalvin']","['sone,carlos', 'chambers,dimetri', 'day,justin', 'cammon,josh', 'foster,lane']",118
186,5100,Oglethorpe,Millsaps,0,107-114,"38,37,9,13,17","37,38,9,13,10",9-7,11-5,3-2,3-2,01/17/20,8:00 PM,N/A,Dorough Field House,Win,5,True,N/A,False,01:36,"FOUL  by SPIKES,KALVIN",32,,32,,,,"FOUL  by SPIKES,KALVIN",1,foul,,millsaps,"spikes,kalvin",,"[""grant,she'chem"", 'tullos,zachary', 'mclaurin,ryan', 'hughes,anthony', 'spikes,kalvin']","['sone,carlos', 'chambers,dimetri', 'day,justin', 'cammon,josh', 'foster,lane']",96
187,5100,Oglethorpe,Millsaps,0,107-114,"38,37,9,13,17","37,38,9,13,10",9-7,11-5,3-2,3-2,01/17/20,8:00 PM,N/A,Dorough Field House,Win,5,True,N/A,False,01:36,,32,,33 ,"GOOD FT by CHAMBERS,DIMETRI",OU 32-33 (-1),,"GOOD FT by CHAMBERS,DIMETRI",1,free throw,good,oglethorpe,"chambers,dimetri",1,"[""grant,she'chem"", 'tullos,zachary', 'mclaurin,ryan', 'hughes,anthony', 'spikes,kalvin']","['sone,carlos', 'chambers,dimetri', 'day,justin', 'cammon,josh', 'foster,lane']",96
188,5100,Oglethorpe,Millsaps,0,107-114,"38,37,9,13,17","37,38,9,13,10",9-7,11-5,3-2,3-2,01/17/20,8:00 PM,N/A,Dorough Field House,Win,5,True,N/A,False,01:36,,32,,34 ,"GOOD FT by CHAMBERS,DIMETRI",OU 32-34 (-2),,"GOOD FT by CHAMBERS,DIMETRI",1,free throw,good,oglethorpe,"chambers,dimetri",1,"[""grant,she'chem"", 'tullos,zachary', 'mclaurin,ryan', 'hughes,anthony', 'spikes,kalvin']","['sone,carlos', 'chambers,dimetri', 'day,justin', 'cammon,josh', 'foster,lane']",96
189,5100,Oglethorpe,Millsaps,0,107-114,"38,37,9,13,17","37,38,9,13,10",9-7,11-5,3-2,3-2,01/17/20,8:00 PM,N/A,Dorough Field House,Win,5,True,N/A,False,01:36,,32,,34 ,"SUB IN by ETIWE,TOJU",,,"SUB IN by ETIWE,TOJU",1,subbing in,,oglethorpe,"etiwe,toju",,"[""grant,she'chem"", 'tullos,zachary', 'mclaurin,ryan', 'hughes,anthony', 'spikes,kalvin']","['sone,carlos', 'chambers,dimetri', 'day,justin', 'cammon,josh', 'foster,lane', 'etiwe,toju']",96
190,5100,Oglethorpe,Millsaps,0,107-114,"38,37,9,13,17","37,38,9,13,10",9-7,11-5,3-2,3-2,01/17/20,8:00 PM,N/A,Dorough Field House,Win,5,True,N/A,False,01:36,,32,,34 ,"SUB OUT by FOSTER,LANE",,,"SUB OUT by FOSTER,LANE",1,subbing out,,oglethorpe,"foster,lane",,"[""grant,she'chem"", 'tullos,zachary', 'mclaurin,ryan', 'hughes,anthony', 'spikes,kalvin']","['sone,carlos', 'chambers,dimetri', 'day,justin', 'cammon,josh', 'etiwe,toju']",96
191,5100,Oglethorpe,Millsaps,0,107-114,"38,37,9,13,17","37,38,9,13,10",9-7,11-5,3-2,3-2,01/17/20,8:00 PM,N/A,Dorough Field House,Win,5,True,N/A,False,01:22,"TURNOVER  by HUGHES,ANTHONY",32,,34 ,,,,"TURNOVER  by HUGHES,ANTHONY",1,turnover,,millsaps,"hughes,anthony",,"[""grant,she'chem"", 'tullos,zachary', 'mclaurin,ryan', 'hughes,anthony', 'spikes,kalvin']","['sone,carlos', 'chambers,dimetri', 'day,justin', 'cammon,josh', 'etiwe,toju']",82
192,5100,Oglethorpe,Millsaps,0,107-114,"38,37,9,13,17","37,38,9,13,10",9-7,11-5,3-2,3-2,01/17/20,8:00 PM,N/A,Dorough Field House,Win,5,True,N/A,False,01:20,,32,,34 ,"STEAL  by CAMMON,JOSH",,,"STEAL  by CAMMON,JOSH",1,steal,,oglethorpe,,,"[""grant,she'chem"", 'tullos,zachary', 'mclaurin,ryan', 'hughes,anthony', 'spikes,kalvin']","['sone,carlos', 'chambers,dimetri', 'day,justin', 'cammon,josh', 'etiwe,toju']",80
193,5100,Oglethorpe,Millsaps,0,107-114,"38,37,9,13,17","37,38,9,13,10",9-7,11-5,3-2,3-2,01/17/20,8:00 PM,N/A,Dorough Field House,Win,5,True,N/A,False,01:17,"FOUL  by GRANT,SHE'CHEM",32,,34 ,,,,"FOUL  by GRANT,SHE'CHEM",1,foul,,millsaps,"grant,she'chem",,"[""grant,she'chem"", 'tullos,zachary', 'mclaurin,ryan', 'hughes,anthony', 'spikes,kalvin']","['sone,carlos', 'chambers,dimetri', 'day,justin', 'cammon,josh', 'etiwe,toju']",77
194,5100,Oglethorpe,Millsaps,0,107-114,"38,37,9,13,17","37,38,9,13,10",9-7,11-5,3-2,3-2,01/17/20,8:00 PM,N/A,Dorough Field House,Win,5,True,N/A,False,01:17,,32,,34 ,"MISS FT by CAMMON,JOSH",,,"MISS FT by CAMMON,JOSH",1,free throw,missed,oglethorpe,"cammon,josh",,"[""grant,she'chem"", 'tullos,zachary', 'mclaurin,ryan', 'hughes,anthony', 'spikes,kalvin']","['sone,carlos', 'chambers,dimetri', 'day,justin', 'cammon,josh', 'etiwe,toju']",77
195,5100,Oglethorpe,Millsaps,0,107-114,"38,37,9,13,17","37,38,9,13,10",9-7,11-5,3-2,3-2,01/17/20,8:00 PM,N/A,Dorough Field House,Win,5,True,N/A,False,--,,32,,34 ,REBOUND DEADB by TEAM,,,REBOUND DEADB by TEAM,1,deadball rebound,,oglethorpe,,,"[""grant,she'chem"", 'tullos,zachary', 'mclaurin,ryan', 'hughes,anthony', 'spikes,kalvin']","['sone,carlos', 'chambers,dimetri', 'day,justin', 'cammon,josh', 'etiwe,toju']",
196,5100,Oglethorpe,Millsaps,0,107-114,"38,37,9,13,17","37,38,9,13,10",9-7,11-5,3-2,3-2,01/17/20,8:00 PM,N/A,Dorough Field House,Win,5,True,N/A,False,01:17,,32,,35 ,"GOOD FT by CAMMON,JOSH",OU 32-35 (-3),,"GOOD FT by CAMMON,JOSH",1,free throw,good,oglethorpe,"cammon,josh",1,"[""grant,she'chem"", 'tullos,zachary', 'mclaurin,ryan', 'hughes,anthony', 'spikes,kalvin']","['sone,carlos', 'chambers,dimetri', 'day,justin', 'cammon,josh', 'etiwe,toju']",77
197,5100,Oglethorpe,Millsaps,0,107-114,"38,37,9,13,17","37,38,9,13,10",9-7,11-5,3-2,3-2,01/17/20,8:00 PM,N/A,Dorough Field House,Win,5,True,N/A,False,01:11,"TURNOVER  by MCLAURIN,RYAN",32,,35 ,,,,"TURNOVER  by MCLAURIN,RYAN",1,turnover,,millsaps,"mclaurin,ryan",,"[""grant,she'chem"", 'tullos,zachary', 'mclaurin,ryan', 'hughes,anthony', 'spikes,kalvin']","['sone,carlos', 'chambers,dimetri', 'day,justin', 'cammon,josh', 'etiwe,toju']",71
198,5100,Oglethorpe,Millsaps,0,107-114,"38,37,9,13,17","37,38,9,13,10",9-7,11-5,3-2,3-2,01/17/20,8:00 PM,N/A,Dorough Field House,Win,5,True,N/A,False,01:10,,32,,35 ,"STEAL  by CAMMON,JOSH",,,"STEAL  by CAMMON,JOSH",1,steal,,oglethorpe,,,"[""grant,she'chem"", 'tullos,zachary', 'mclaurin,ryan', 'hughes,anthony', 'spikes,kalvin']","['sone,carlos', 'chambers,dimetri', 'day,justin', 'cammon,josh', 'etiwe,toju']",70
199,5100,Oglethorpe,Millsaps,0,107-114,"38,37,9,13,17","37,38,9,13,10",9-7,11-5,3-2,3-2,01/17/20,8:00 PM,N/A,Dorough Field House,Win,5,True,N/A,False,01:08,,32,,35 ,"MISS LAYUP by CAMMON,JOSH",,,"MISS LAYUP by CAMMON,JOSH",1,layup,missed,oglethorpe,"cammon,josh",,"[""grant,she'chem"", 'tullos,zachary', 'mclaurin,ryan', 'hughes,anthony', 'spikes,kalvin']","['sone,carlos', 'chambers,dimetri', 'day,justin', 'cammon,josh', 'etiwe,toju']",68
200,5100,Oglethorpe,Millsaps,0,107-114,"38,37,9,13,17","37,38,9,13,10",9-7,11-5,3-2,3-2,01/17/20,8:00 PM,N/A,Dorough Field House,Win,5,True,N/A,False,--,"REBOUND DEF by GRANT,SHE'CHEM",32,,35 ,,,,"REBOUND DEF by GRANT,SHE'CHEM",1,defensive rebound,,millsaps,"grant,she'chem",,"[""grant,she'chem"", 'tullos,zachary', 'mclaurin,ryan', 'hughes,anthony', 'spikes,kalvin']","['sone,carlos', 'chambers,dimetri', 'day,justin', 'cammon,josh', 'etiwe,toju']",
201,5100,Oglethorpe,Millsaps,0,107-114,"38,37,9,13,17","37,38,9,13,10",9-7,11-5,3-2,3-2,01/17/20,8:00 PM,N/A,Dorough Field House,Win,5,True,N/A,False,--,"ASSIST  by MCLAURIN,RYAN",32,,35 ,,,,"ASSIST  by MCLAURIN,RYAN",1,assist,,millsaps,"mclaurin,ryan",,"[""grant,she'chem"", 'tullos,zachary', 'mclaurin,ryan', 'hughes,anthony', 'spikes,kalvin']","['sone,carlos', 'chambers,dimetri', 'day,justin', 'cammon,josh', 'etiwe,toju']",
202,5100,Oglethorpe,Millsaps,0,107-114,"38,37,9,13,17","37,38,9,13,10",9-7,11-5,3-2,3-2,01/17/20,8:00 PM,N/A,Dorough Field House,Win,5,True,N/A,False,00:57,"GOOD 3PTR by GRANT,SHE'CHEM",35,,35,,MC 35-35 (0),,"GOOD 3PTR by GRANT,SHE'CHEM",1,three pointer,good,millsaps,"grant,she'chem",3,"[""grant,she'chem"", 'tullos,zachary', 'mclaurin,ryan', 'hughes,anthony', 'spikes,kalvin']","['sone,carlos', 'chambers,dimetri', 'day,justin', 'cammon,josh', 'etiwe,toju']",57
203,5100,Oglethorpe,Millsaps,0,107-114,"38,37,9,13,17","37,38,9,13,10",9-7,11-5,3-2,3-2,01/17/20,8:00 PM,N/A,Dorough Field House,Win,5,True,N/A,False,00:44,,35,,38 ,"GOOD 3PTR by DAY,JUSTIN",OU 35-38 (-3),,"GOOD 3PTR by DAY,JUSTIN",1,three pointer,good,oglethorpe,"day,justin",3,"[""grant,she'chem"", 'tullos,zachary', 'mclaurin,ryan', 'hughes,anthony', 'spikes,kalvin']","['sone,carlos', 'chambers,dimetri', 'day,justin', 'cammon,josh', 'etiwe,toju']",44
204,5100,Oglethorpe,Millsaps,0,107-114,"38,37,9,13,17","37,38,9,13,10",9-7,11-5,3-2,3-2,01/17/20,8:00 PM,N/A,Dorough Field House,Win,5,True,N/A,False,--,,35,,38 ,"ASSIST  by CAMMON,JOSH",,,"ASSIST  by CAMMON,JOSH",1,assist,,oglethorpe,"cammon,josh",,"[""grant,she'chem"", 'tullos,zachary', 'mclaurin,ryan', 'hughes,anthony', 'spikes,kalvin']","['sone,carlos', 'chambers,dimetri', 'day,justin', 'cammon,josh', 'etiwe,toju']",
205,5100,Oglethorpe,Millsaps,0,107-114,"38,37,9,13,17","37,38,9,13,10",9-7,11-5,3-2,3-2,01/17/20,8:00 PM,N/A,Dorough Field House,Win,5,True,N/A,False,00:20,,35,,38 ,"FOUL  by CAMMON,JOSH",,,"FOUL  by CAMMON,JOSH",1,foul,,oglethorpe,"cammon,josh",,"[""grant,she'chem"", 'tullos,zachary', 'mclaurin,ryan', 'hughes,anthony', 'spikes,kalvin']","['sone,carlos', 'chambers,dimetri', 'day,justin', 'cammon,josh', 'etiwe,toju']",20
206,5100,Oglethorpe,Millsaps,0,107-114,"38,37,9,13,17","37,38,9,13,10",9-7,11-5,3-2,3-2,01/17/20,8:00 PM,N/A,Dorough Field House,Win,5,True,N/A,False,00:20,"GOOD FT by SPIKES,KALVIN",36,,38 ,,MC 36-38 (-2),,"GOOD FT by SPIKES,KALVIN",1,free throw,good,millsaps,"spikes,kalvin",1,"[""grant,she'chem"", 'tullos,zachary', 'mclaurin,ryan', 'hughes,anthony', 'spikes,kalvin']","['sone,carlos', 'chambers,dimetri', 'day,justin', 'cammon,josh', 'etiwe,toju']",20
207,5100,Oglethorpe,Millsaps,0,107-114,"38,37,9,13,17","37,38,9,13,10",9-7,11-5,3-2,3-2,01/17/20,8:00 PM,N/A,Dorough Field House,Win,5,True,N/A,False,00:20,"GOOD FT by SPIKES,KALVIN",37,,38 ,,MC 37-38 (-1),,"GOOD FT by SPIKES,KALVIN",1,free throw,good,millsaps,"spikes,kalvin",1,"[""grant,she'chem"", 'tullos,zachary', 'mclaurin,ryan', 'hughes,anthony', 'spikes,kalvin']","['sone,carlos', 'chambers,dimetri', 'day,justin', 'cammon,josh', 'etiwe,toju']",20
208,5100,Oglethorpe,Millsaps,0,107-114,"38,37,9,13,17","37,38,9,13,10",9-7,11-5,3-2,3-2,01/17/20,8:00 PM,N/A,Dorough Field House,Win,5,True,N/A,False,00:20,,37,,38 ,"MISS 3PTR by GULLEY,TREVOR",,,"MISS 3PTR by GULLEY,TREVOR",1,three pointer,missed,oglethorpe,"gulley,trevor",,"[""grant,she'chem"", 'tullos,zachary', 'mclaurin,ryan', 'hughes,anthony', 'spikes,kalvin']","['sone,carlos', 'chambers,dimetri', 'day,justin', 'cammon,josh', 'etiwe,toju']",20
209,5100,Oglethorpe,Millsaps,0,107-114,"38,37,9,13,17","37,38,9,13,10",9-7,11-5,3-2,3-2,01/17/20,8:00 PM,N/A,Dorough Field House,Win,5,True,N/A,False,--,"REBOUND DEF by HUGHES,ANTHONY",37,,38 ,,,,"REBOUND DEF by HUGHES,ANTHONY",1,defensive rebound,,millsaps,"hughes,anthony",,"[""grant,she'chem"", 'tullos,zachary', 'mclaurin,ryan', 'hughes,anthony', 'spikes,kalvin']","['sone,carlos', 'chambers,dimetri', 'day,justin', 'cammon,josh', 'etiwe,toju']",
210,5100,Oglethorpe,Millsaps,0,107-114,"38,37,9,13,17","37,38,9,13,10",9-7,11-5,3-2,3-2,01/17/20,8:00 PM,N/A,Dorough Field House,Win,5,True,N/A,False,00:20,"SUB IN by BUSH,RODREEKAS",37,,38 ,,,,"SUB IN by BUSH,RODREEKAS",1,subbing in,,millsaps,"bush,rodreekas",,"[""grant,she'chem"", 'tullos,zachary', 'mclaurin,ryan', 'hughes,anthony', 'spikes,kalvin', 'bush,rodreekas']","['sone,carlos', 'chambers,dimetri', 'day,justin', 'cammon,josh', 'etiwe,toju']",20
211,5100,Oglethorpe,Millsaps,0,107-114,"38,37,9,13,17","37,38,9,13,10",9-7,11-5,3-2,3-2,01/17/20,8:00 PM,N/A,Dorough Field House,Win,5,True,N/A,False,00:20,"SUB OUT by SPIKES,KALVIN",37,,38 ,,,,"SUB OUT by SPIKES,KALVIN",1,subbing out,,millsaps,"spikes,kalvin",,"[""grant,she'chem"", 'tullos,zachary', 'mclaurin,ryan', 'hughes,anthony', 'bush,rodreekas']","['sone,carlos', 'chambers,dimetri', 'day,justin', 'cammon,josh', 'etiwe,toju']",20
212,5100,Oglethorpe,Millsaps,0,107-114,"38,37,9,13,17","37,38,9,13,10",9-7,11-5,3-2,3-2,01/17/20,8:00 PM,N/A,Dorough Field House,Win,5,True,N/A,False,00:20,,37,,38 ,"SUB IN by FOSTER,LANE",,,"SUB IN by FOSTER,LANE",1,subbing in,,oglethorpe,"foster,lane",,"[""grant,she'chem"", 'tullos,zachary', 'mclaurin,ryan', 'hughes,anthony', 'bush,rodreekas']","['sone,carlos', 'chambers,dimetri', 'day,justin', 'cammon,josh', 'etiwe,toju', 'foster,lane']",20
213,5100,Oglethorpe,Millsaps,0,107-114,"38,37,9,13,17","37,38,9,13,10",9-7,11-5,3-2,3-2,01/17/20,8:00 PM,N/A,Dorough Field House,Win,5,True,N/A,False,00:20,,37,,38 ,"SUB IN by GULLEY,TREVOR",,,"SUB IN by GULLEY,TREVOR",1,subbing in,,oglethorpe,"gulley,trevor",,"[""grant,she'chem"", 'tullos,zachary', 'mclaurin,ryan', 'hughes,anthony', 'bush,rodreekas']","['sone,carlos', 'chambers,dimetri', 'day,justin', 'cammon,josh', 'etiwe,toju', 'foster,lane', 'gulley,trevor']",20
214,5100,Oglethorpe,Millsaps,0,107-114,"38,37,9,13,17","37,38,9,13,10",9-7,11-5,3-2,3-2,01/17/20,8:00 PM,N/A,Dorough Field House,Win,5,True,N/A,False,00:20,,37,,38 ,"SUB OUT by ETIWE,TOJU",,,"SUB OUT by ETIWE,TOJU",1,subbing out,,oglethorpe,"etiwe,toju",,"[""grant,she'chem"", 'tullos,zachary', 'mclaurin,ryan', 'hughes,anthony', 'bush,rodreekas']","['sone,carlos', 'chambers,dimetri', 'day,justin', 'cammon,josh', 'foster,lane', 'gulley,trevor']",20
215,5100,Oglethorpe,Millsaps,0,107-114,"38,37,9,13,17","37,38,9,13,10",9-7,11-5,3-2,3-2,01/17/20,8:00 PM,N/A,Dorough Field House,Win,5,True,N/A,False,00:20,,37,,38 ,"SUB OUT by CAMMON,JOSH",,,"SUB OUT by CAMMON,JOSH",1,subbing out,,oglethorpe,"cammon,josh",,"[""grant,she'chem"", 'tullos,zachary', 'mclaurin,ryan', 'hughes,anthony', 'bush,rodreekas']","['sone,carlos', 'chambers,dimetri', 'day,justin', 'foster,lane', 'gulley,trevor']",20
216,5100,Oglethorpe,Millsaps,0,107-114,"38,37,9,13,17","37,38,9,13,10",9-7,11-5,3-2,3-2,01/17/20,8:00 PM,N/A,Dorough Field House,Win,5,True,N/A,False,19:51,"TURNOVER  by SPIKES,KALVIN",37,,38 ,,,,"TURNOVER  by SPIKES,KALVIN",2,turnover,,millsaps,"spikes,kalvin",,"[""grant,she'chem"", 'tullos,zachary', 'mclaurin,ryan', 'hughes,anthony', 'bush,rodreekas']","['sone,carlos', 'chambers,dimetri', 'day,justin', 'foster,lane', 'gulley,trevor']",1191
217,5100,Oglethorpe,Millsaps,0,107-114,"38,37,9,13,17","37,38,9,13,10",9-7,11-5,3-2,3-2,01/17/20,8:00 PM,N/A,Dorough Field House,Win,5,True,N/A,False,19:51,,37,,38 ,"STEAL  by CAMMON,JOSH",,,"STEAL  by CAMMON,JOSH",2,steal,,oglethorpe,,,"[""grant,she'chem"", 'tullos,zachary', 'mclaurin,ryan', 'hughes,anthony', 'bush,rodreekas']","['sone,carlos', 'chambers,dimetri', 'day,justin', 'foster,lane', 'gulley,trevor']",1191
218,5100,Oglethorpe,Millsaps,0,107-114,"38,37,9,13,17","37,38,9,13,10",9-7,11-5,3-2,3-2,01/17/20,8:00 PM,N/A,Dorough Field House,Win,5,True,N/A,False,19:47,,37,,40 ,"GOOD JUMPER by CHAMBERS,DIMETRI(in the paint)",OU 37-40 (-3),,"GOOD JUMPER by CHAMBERS,DIMETRI(in the paint)",2,jumper,good,oglethorpe,"chambers,dimetri",2,"[""grant,she'chem"", 'tullos,zachary', 'mclaurin,ryan', 'hughes,anthony', 'bush,rodreekas']","['sone,carlos', 'chambers,dimetri', 'day,justin', 'foster,lane', 'gulley,trevor']",1187
219,5100,Oglethorpe,Millsaps,0,107-114,"38,37,9,13,17","37,38,9,13,10",9-7,11-5,3-2,3-2,01/17/20,8:00 PM,N/A,Dorough Field House,Win,5,True,N/A,False,19:11,"GOOD JUMPER by JENKINS,KALEB(in the paint)",39,,40 ,,MC 39-40 (-1),,"GOOD JUMPER by JENKINS,KALEB(in the paint)",2,jumper,good,millsaps,"jenkins,kaleb",2,"[""grant,she'chem"", 'tullos,zachary', 'mclaurin,ryan', 'hughes,anthony', 'bush,rodreekas']","['sone,carlos', 'chambers,dimetri', 'day,justin', 'foster,lane', 'gulley,trevor']",1151
220,5100,Oglethorpe,Millsaps,0,107-114,"38,37,9,13,17","37,38,9,13,10",9-7,11-5,3-2,3-2,01/17/20,8:00 PM,N/A,Dorough Field House,Win,5,True,N/A,False,18:52,,39,,42 ,"GOOD LAYUP by CHAMBERS,DIMETRI(in the paint)",OU 39-42 (-3),,"GOOD LAYUP by CHAMBERS,DIMETRI(in the paint)",2,layup,good,oglethorpe,"chambers,dimetri",2,"[""grant,she'chem"", 'tullos,zachary', 'mclaurin,ryan', 'hughes,anthony', 'bush,rodreekas']","['sone,carlos', 'chambers,dimetri', 'day,justin', 'foster,lane', 'gulley,trevor']",1132
221,5100,Oglethorpe,Millsaps,0,107-114,"38,37,9,13,17","37,38,9,13,10",9-7,11-5,3-2,3-2,01/17/20,8:00 PM,N/A,Dorough Field House,Win,5,True,N/A,False,18:38,"TURNOVER  by JENKINS,KALEB",39,,42 ,,,,"TURNOVER  by JENKINS,KALEB",2,turnover,,millsaps,"jenkins,kaleb",,"[""grant,she'chem"", 'tullos,zachary', 'mclaurin,ryan', 'hughes,anthony', 'bush,rodreekas']","['sone,carlos', 'chambers,dimetri', 'day,justin', 'foster,lane', 'gulley,trevor']",1118
222,5100,Oglethorpe,Millsaps,0,107-114,"38,37,9,13,17","37,38,9,13,10",9-7,11-5,3-2,3-2,01/17/20,8:00 PM,N/A,Dorough Field House,Win,5,True,N/A,False,18:38,,39,,42 ,"STEAL  by CAMMON,JOSH",,,"STEAL  by CAMMON,JOSH",2,steal,,oglethorpe,,,"[""grant,she'chem"", 'tullos,zachary', 'mclaurin,ryan', 'hughes,anthony', 'bush,rodreekas']","['sone,carlos', 'chambers,dimetri', 'day,justin', 'foster,lane', 'gulley,trevor']",1118
223,5100,Oglethorpe,Millsaps,0,107-114,"38,37,9,13,17","37,38,9,13,10",9-7,11-5,3-2,3-2,01/17/20,8:00 PM,N/A,Dorough Field House,Win,5,True,N/A,False,18:36,,39,,42 ,"TURNOVER  by CHAMBERS,DIMETRI",,,"TURNOVER  by CHAMBERS,DIMETRI",2,turnover,,oglethorpe,"chambers,dimetri",,"[""grant,she'chem"", 'tullos,zachary', 'mclaurin,ryan', 'hughes,anthony', 'bush,rodreekas']","['sone,carlos', 'chambers,dimetri', 'day,justin', 'foster,lane', 'gulley,trevor']",1116
224,5100,Oglethorpe,Millsaps,0,107-114,"38,37,9,13,17","37,38,9,13,10",9-7,11-5,3-2,3-2,01/17/20,8:00 PM,N/A,Dorough Field House,Win,5,True,N/A,False,18:36,,39,,42 ,"FOUL  by CHAMBERS,DIMETRI",,,"FOUL  by CHAMBERS,DIMETRI",2,foul,,oglethorpe,"chambers,dimetri",,"[""grant,she'chem"", 'tullos,zachary', 'mclaurin,ryan', 'hughes,anthony', 'bush,rodreekas']","['sone,carlos', 'chambers,dimetri', 'day,justin', 'foster,lane', 'gulley,trevor']",1116
225,5100,Oglethorpe,Millsaps,0,107-114,"38,37,9,13,17","37,38,9,13,10",9-7,11-5,3-2,3-2,01/17/20,8:00 PM,N/A,Dorough Field House,Win,5,True,N/A,False,18:09,"GOOD JUMPER by HUGHES,ANTHONY(in the paint)",41,,42 ,,MC 41-42 (-1),,"GOOD JUMPER by HUGHES,ANTHONY(in the paint)",2,jumper,good,millsaps,"hughes,anthony",2,"[""grant,she'chem"", 'tullos,zachary', 'mclaurin,ryan', 'hughes,anthony', 'bush,rodreekas']","['sone,carlos', 'chambers,dimetri', 'day,justin', 'foster,lane', 'gulley,trevor']",1089
226,5100,Oglethorpe,Millsaps,0,107-114,"38,37,9,13,17","37,38,9,13,10",9-7,11-5,3-2,3-2,01/17/20,8:00 PM,N/A,Dorough Field House,Win,5,True,N/A,False,--,"ASSIST  by MCLAURIN,RYAN",41,,42 ,,,,"ASSIST  by MCLAURIN,RYAN",2,assist,,millsaps,"mclaurin,ryan",,"[""grant,she'chem"", 'tullos,zachary', 'mclaurin,ryan', 'hughes,anthony', 'bush,rodreekas']","['sone,carlos', 'chambers,dimetri', 'day,justin', 'foster,lane', 'gulley,trevor']",
227,5100,Oglethorpe,Millsaps,0,107-114,"38,37,9,13,17","37,38,9,13,10",9-7,11-5,3-2,3-2,01/17/20,8:00 PM,N/A,Dorough Field House,Win,5,True,N/A,False,18:04,,41,,42 ,"TURNOVER  by CHAMBERS,DIMETRI",,,"TURNOVER  by CHAMBERS,DIMETRI",2,turnover,,oglethorpe,"chambers,dimetri",,"[""grant,she'chem"", 'tullos,zachary', 'mclaurin,ryan', 'hughes,anthony', 'bush,rodreekas']","['sone,carlos', 'chambers,dimetri', 'day,justin', 'foster,lane', 'gulley,trevor']",1084
228,5100,Oglethorpe,Millsaps,0,107-114,"38,37,9,13,17","37,38,9,13,10",9-7,11-5,3-2,3-2,01/17/20,8:00 PM,N/A,Dorough Field House,Win,5,True,N/A,False,17:55,"GOOD 3PTR by SPIKES,KALVIN",44 ,,42,,MC 44-42 (+2),,"GOOD 3PTR by SPIKES,KALVIN",2,three pointer,good,millsaps,"spikes,kalvin",3,"[""grant,she'chem"", 'tullos,zachary', 'mclaurin,ryan', 'hughes,anthony', 'bush,rodreekas']","['sone,carlos', 'chambers,dimetri', 'day,justin', 'foster,lane', 'gulley,trevor']",1075
229,5100,Oglethorpe,Millsaps,0,107-114,"38,37,9,13,17","37,38,9,13,10",9-7,11-5,3-2,3-2,01/17/20,8:00 PM,N/A,Dorough Field House,Win,5,True,N/A,False,--,"ASSIST  by BLANZ,BUCK",44 ,,42,,,,"ASSIST  by BLANZ,BUCK",2,assist,,millsaps,"blanz,buck",,"[""grant,she'chem"", 'tullos,zachary', 'mclaurin,ryan', 'hughes,anthony', 'bush,rodreekas']","['sone,carlos', 'chambers,dimetri', 'day,justin', 'foster,lane', 'gulley,trevor']",
230,5100,Oglethorpe,Millsaps,0,107-114,"38,37,9,13,17","37,38,9,13,10",9-7,11-5,3-2,3-2,01/17/20,8:00 PM,N/A,Dorough Field House,Win,5,True,N/A,False,17:36,,44 ,,42,"TURNOVER  by CHAMBERS,DIMETRI",,,"TURNOVER  by CHAMBERS,DIMETRI",2,turnover,,oglethorpe,"chambers,dimetri",,"[""grant,she'chem"", 'tullos,zachary', 'mclaurin,ryan', 'hughes,anthony', 'bush,rodreekas']","['sone,carlos', 'chambers,dimetri', 'day,justin', 'foster,lane', 'gulley,trevor']",1056
231,5100,Oglethorpe,Millsaps,0,107-114,"38,37,9,13,17","37,38,9,13,10",9-7,11-5,3-2,3-2,01/17/20,8:00 PM,N/A,Dorough Field House,Win,5,True,N/A,False,17:33,,44 ,,42,"SUB IN by DAY,JUSTIN",,,"SUB IN by DAY,JUSTIN",2,subbing in,,oglethorpe,"day,justin",,"[""grant,she'chem"", 'tullos,zachary', 'mclaurin,ryan', 'hughes,anthony', 'bush,rodreekas']","['sone,carlos', 'chambers,dimetri', 'day,justin', 'foster,lane', 'gulley,trevor']",1053
232,5100,Oglethorpe,Millsaps,0,107-114,"38,37,9,13,17","37,38,9,13,10",9-7,11-5,3-2,3-2,01/17/20,8:00 PM,N/A,Dorough Field House,Win,5,True,N/A,False,17:33,,44 ,,42,"SUB OUT by CHAMBERS,DIMETRI",,,"SUB OUT by CHAMBERS,DIMETRI",2,subbing out,,oglethorpe,"chambers,dimetri",,"[""grant,she'chem"", 'tullos,zachary', 'mclaurin,ryan', 'hughes,anthony', 'bush,rodreekas']","['sone,carlos', 'chambers,dimetri', 'day,justin', 'foster,lane', 'gulley,trevor']",1053
233,5100,Oglethorpe,Millsaps,0,107-114,"38,37,9,13,17","37,38,9,13,10",9-7,11-5,3-2,3-2,01/17/20,8:00 PM,N/A,Dorough Field House,Win,5,True,N/A,False,17:24,"GOOD JUMPER by HUGHES,ANTHONY(in the paint)",46 ,,42,,MC 46-42 (+4),,"GOOD JUMPER by HUGHES,ANTHONY(in the paint)",2,jumper,good,millsaps,"hughes,anthony",2,"[""grant,she'chem"", 'tullos,zachary', 'mclaurin,ryan', 'hughes,anthony', 'bush,rodreekas']","['sone,carlos', 'chambers,dimetri', 'day,justin', 'foster,lane', 'gulley,trevor']",1044
234,5100,Oglethorpe,Millsaps,0,107-114,"38,37,9,13,17","37,38,9,13,10",9-7,11-5,3-2,3-2,01/17/20,8:00 PM,N/A,Dorough Field House,Win,5,True,N/A,False,--,"ASSIST  by JENKINS,KALEB",46 ,,42,,,,"ASSIST  by JENKINS,KALEB",2,assist,,millsaps,"jenkins,kaleb",,"[""grant,she'chem"", 'tullos,zachary', 'mclaurin,ryan', 'hughes,anthony', 'bush,rodreekas']","['sone,carlos', 'chambers,dimetri', 'day,justin', 'foster,lane', 'gulley,trevor']",
235,5100,Oglethorpe,Millsaps,0,107-114,"38,37,9,13,17","37,38,9,13,10",9-7,11-5,3-2,3-2,01/17/20,8:00 PM,N/A,Dorough Field House,Win,5,True,N/A,False,17:09,,46 ,,42,"MISS LAYUP by DAY,JUSTIN",,,"MISS LAYUP by DAY,JUSTIN",2,layup,missed,oglethorpe,"day,justin",,"[""grant,she'chem"", 'tullos,zachary', 'mclaurin,ryan', 'hughes,anthony', 'bush,rodreekas']","['sone,carlos', 'chambers,dimetri', 'day,justin', 'foster,lane', 'gulley,trevor']",1029
236,5100,Oglethorpe,Millsaps,0,107-114,"38,37,9,13,17","37,38,9,13,10",9-7,11-5,3-2,3-2,01/17/20,8:00 PM,N/A,Dorough Field House,Win,5,True,N/A,False,17:09,"BLOCK  by MCLAURIN,RYAN",46 ,,42,,,,"BLOCK  by MCLAURIN,RYAN",2,block,,millsaps,"mclaurin,ryan",,"[""grant,she'chem"", 'tullos,zachary', 'mclaurin,ryan', 'hughes,anthony', 'bush,rodreekas']","['sone,carlos', 'chambers,dimetri', 'day,justin', 'foster,lane', 'gulley,trevor']",1029
237,5100,Oglethorpe,Millsaps,0,107-114,"38,37,9,13,17","37,38,9,13,10",9-7,11-5,3-2,3-2,01/17/20,8:00 PM,N/A,Dorough Field House,Win,5,True,N/A,False,--,"REBOUND DEF by JENKINS,KALEB",46 ,,42,,,,"REBOUND DEF by JENKINS,KALEB",2,defensive rebound,,millsaps,"jenkins,kaleb",,"[""grant,she'chem"", 'tullos,zachary', 'mclaurin,ryan', 'hughes,anthony', 'bush,rodreekas']","['sone,carlos', 'chambers,dimetri', 'day,justin', 'foster,lane', 'gulley,trevor']",
238,5100,Oglethorpe,Millsaps,0,107-114,"38,37,9,13,17","37,38,9,13,10",9-7,11-5,3-2,3-2,01/17/20,8:00 PM,N/A,Dorough Field House,Win,5,True,N/A,False,17:01,"MISS 3PTR by BLANZ,BUCK",46 ,,42,,,,"MISS 3PTR by BLANZ,BUCK",2,three pointer,missed,millsaps,"blanz,buck",,"[""grant,she'chem"", 'tullos,zachary', 'mclaurin,ryan', 'hughes,anthony', 'bush,rodreekas']","['sone,carlos', 'chambers,dimetri', 'day,justin', 'foster,lane', 'gulley,trevor']",1021
239,5100,Oglethorpe,Millsaps,0,107-114,"38,37,9,13,17","37,38,9,13,10",9-7,11-5,3-2,3-2,01/17/20,8:00 PM,N/A,Dorough Field House,Win,5,True,N/A,False,--,,46 ,,42,"REBOUND DEF by FOSTER,LANE",,,"REBOUND DEF by FOSTER,LANE",2,defensive rebound,,oglethorpe,"foster,lane",,"[""grant,she'chem"", 'tullos,zachary', 'mclaurin,ryan', 'hughes,anthony', 'bush,rodreekas']","['sone,carlos', 'chambers,dimetri', 'day,justin', 'foster,lane', 'gulley,trevor']",
240,5100,Oglethorpe,Millsaps,0,107-114,"38,37,9,13,17","37,38,9,13,10",9-7,11-5,3-2,3-2,01/17/20,8:00 PM,N/A,Dorough Field House,Win,5,True,N/A,False,16:51,,46 ,,42,"MISS JUMPER by CAMMON,JOSH",,,"MISS JUMPER by CAMMON,JOSH",2,jumper,missed,oglethorpe,"cammon,josh",,"[""grant,she'chem"", 'tullos,zachary', 'mclaurin,ryan', 'hughes,anthony', 'bush,rodreekas']","['sone,carlos', 'chambers,dimetri', 'day,justin', 'foster,lane', 'gulley,trevor']",1011
241,5100,Oglethorpe,Millsaps,0,107-114,"38,37,9,13,17","37,38,9,13,10",9-7,11-5,3-2,3-2,01/17/20,8:00 PM,N/A,Dorough Field House,Win,5,True,N/A,False,--,"REBOUND DEF by HUGHES,ANTHONY",46 ,,42,,,,"REBOUND DEF by HUGHES,ANTHONY",2,defensive rebound,,millsaps,"hughes,anthony",,"[""grant,she'chem"", 'tullos,zachary', 'mclaurin,ryan', 'hughes,anthony', 'bush,rodreekas']","['sone,carlos', 'chambers,dimetri', 'day,justin', 'foster,lane', 'gulley,trevor']",
242,5100,Oglethorpe,Millsaps,0,107-114,"38,37,9,13,17","37,38,9,13,10",9-7,11-5,3-2,3-2,01/17/20,8:00 PM,N/A,Dorough Field House,Win,5,True,N/A,False,16:40,"MISS LAYUP by JENKINS,KALEB",46 ,,42,,,,"MISS LAYUP by JENKINS,KALEB",2,layup,missed,millsaps,"jenkins,kaleb",,"[""grant,she'chem"", 'tullos,zachary', 'mclaurin,ryan', 'hughes,anthony', 'bush,rodreekas']","['sone,carlos', 'chambers,dimetri', 'day,justin', 'foster,lane', 'gulley,trevor']",1000
243,5100,Oglethorpe,Millsaps,0,107-114,"38,37,9,13,17","37,38,9,13,10",9-7,11-5,3-2,3-2,01/17/20,8:00 PM,N/A,Dorough Field House,Win,5,True,N/A,False,--,REBOUND OFF by TEAM,46 ,,42,,,,REBOUND OFF by TEAM,2,offensive rebound,,millsaps,,,"[""grant,she'chem"", 'tullos,zachary', 'mclaurin,ryan', 'hughes,anthony', 'bush,rodreekas']","['sone,carlos', 'chambers,dimetri', 'day,justin', 'foster,lane', 'gulley,trevor']",
244,5100,Oglethorpe,Millsaps,0,107-114,"38,37,9,13,17","37,38,9,13,10",9-7,11-5,3-2,3-2,01/17/20,8:00 PM,N/A,Dorough Field House,Win,5,True,N/A,False,16:37,"TURNOVER  by JENKINS,KALEB",46 ,,42,,,,"TURNOVER  by JENKINS,KALEB",2,turnover,,millsaps,"jenkins,kaleb",,"[""grant,she'chem"", 'tullos,zachary', 'mclaurin,ryan', 'hughes,anthony', 'bush,rodreekas']","['sone,carlos', 'chambers,dimetri', 'day,justin', 'foster,lane', 'gulley,trevor']",997
245,5100,Oglethorpe,Millsaps,0,107-114,"38,37,9,13,17","37,38,9,13,10",9-7,11-5,3-2,3-2,01/17/20,8:00 PM,N/A,Dorough Field House,Win,5,True,N/A,False,16:37,,46 ,,42,"STEAL  by FOSTER,LANE",,,"STEAL  by FOSTER,LANE",2,steal,,oglethorpe,,,"[""grant,she'chem"", 'tullos,zachary', 'mclaurin,ryan', 'hughes,anthony', 'bush,rodreekas']","['sone,carlos', 'chambers,dimetri', 'day,justin', 'foster,lane', 'gulley,trevor']",997
246,5100,Oglethorpe,Millsaps,0,107-114,"38,37,9,13,17","37,38,9,13,10",9-7,11-5,3-2,3-2,01/17/20,8:00 PM,N/A,Dorough Field House,Win,5,True,N/A,False,16:15,,46 ,,42,"TURNOVER  by DAY,JUSTIN",,,"TURNOVER  by DAY,JUSTIN",2,turnover,,oglethorpe,"day,justin",,"[""grant,she'chem"", 'tullos,zachary', 'mclaurin,ryan', 'hughes,anthony', 'bush,rodreekas']","['sone,carlos', 'chambers,dimetri', 'day,justin', 'foster,lane', 'gulley,trevor']",975
247,5100,Oglethorpe,Millsaps,0,107-114,"38,37,9,13,17","37,38,9,13,10",9-7,11-5,3-2,3-2,01/17/20,8:00 PM,N/A,Dorough Field House,Win,5,True,N/A,False,16:14,"STEAL  by MCLAURIN,RYAN",46 ,,42,,,,"STEAL  by MCLAURIN,RYAN",2,steal,,millsaps,,,"[""grant,she'chem"", 'tullos,zachary', 'mclaurin,ryan', 'hughes,anthony', 'bush,rodreekas']","['sone,carlos', 'chambers,dimetri', 'day,justin', 'foster,lane', 'gulley,trevor']",974
248,5100,Oglethorpe,Millsaps,0,107-114,"38,37,9,13,17","37,38,9,13,10",9-7,11-5,3-2,3-2,01/17/20,8:00 PM,N/A,Dorough Field House,Win,5,True,N/A,False,16:08,"GOOD LAYUP by SPIKES,KALVIN(in the paint)",48 ,,42,,MC 48-42 (+6),,"GOOD LAYUP by SPIKES,KALVIN(in the paint)",2,layup,good,millsaps,"spikes,kalvin",2,"[""grant,she'chem"", 'tullos,zachary', 'mclaurin,ryan', 'hughes,anthony', 'bush,rodreekas']","['sone,carlos', 'chambers,dimetri', 'day,justin', 'foster,lane', 'gulley,trevor']",968
249,5100,Oglethorpe,Millsaps,0,107-114,"38,37,9,13,17","37,38,9,13,10",9-7,11-5,3-2,3-2,01/17/20,8:00 PM,N/A,Dorough Field House,Win,5,True,N/A,False,--,"ASSIST  by BLANZ,BUCK",48 ,,42,,,,"ASSIST  by BLANZ,BUCK",2,assist,,millsaps,"blanz,buck",,"[""grant,she'chem"", 'tullos,zachary', 'mclaurin,ryan', 'hughes,anthony', 'bush,rodreekas']","['sone,carlos', 'chambers,dimetri', 'day,justin', 'foster,lane', 'gulley,trevor']",
250,5100,Oglethorpe,Millsaps,0,107-114,"38,37,9,13,17","37,38,9,13,10",9-7,11-5,3-2,3-2,01/17/20,8:00 PM,N/A,Dorough Field House,Win,5,True,N/A,False,15:41,"FOUL  by SPIKES,KALVIN",48 ,,42,,,,"FOUL  by SPIKES,KALVIN",2,foul,,millsaps,"spikes,kalvin",,"[""grant,she'chem"", 'tullos,zachary', 'mclaurin,ryan', 'hughes,anthony', 'bush,rodreekas']","['sone,carlos', 'chambers,dimetri', 'day,justin', 'foster,lane', 'gulley,trevor']",941
251,5100,Oglethorpe,Millsaps,0,107-114,"38,37,9,13,17","37,38,9,13,10",9-7,11-5,3-2,3-2,01/17/20,8:00 PM,N/A,Dorough Field House,Win,5,True,N/A,False,15:41,,48 ,,42,TIMEOUT TEAM by TEAM,,,TIMEOUT TEAM by TEAM,2,timeout,,oglethorpe,,,"[""grant,she'chem"", 'tullos,zachary', 'mclaurin,ryan', 'hughes,anthony', 'bush,rodreekas']","['sone,carlos', 'chambers,dimetri', 'day,justin', 'foster,lane', 'gulley,trevor']",941
252,5100,Oglethorpe,Millsaps,0,107-114,"38,37,9,13,17","37,38,9,13,10",9-7,11-5,3-2,3-2,01/17/20,8:00 PM,N/A,Dorough Field House,Win,5,True,N/A,False,15:41,,48 ,,42,"MISS FT by DAY,JUSTIN",,,"MISS FT by DAY,JUSTIN",2,free throw,missed,oglethorpe,"day,justin",,"[""grant,she'chem"", 'tullos,zachary', 'mclaurin,ryan', 'hughes,anthony', 'bush,rodreekas']","['sone,carlos', 'chambers,dimetri', 'day,justin', 'foster,lane', 'gulley,trevor']",941
253,5100,Oglethorpe,Millsaps,0,107-114,"38,37,9,13,17","37,38,9,13,10",9-7,11-5,3-2,3-2,01/17/20,8:00 PM,N/A,Dorough Field House,Win,5,True,N/A,False,--,,48 ,,42,REBOUND DEADB by TEAM,,,REBOUND DEADB by TEAM,2,deadball rebound,,oglethorpe,,,"[""grant,she'chem"", 'tullos,zachary', 'mclaurin,ryan', 'hughes,anthony', 'bush,rodreekas']","['sone,carlos', 'chambers,dimetri', 'day,justin', 'foster,lane', 'gulley,trevor']",
254,5100,Oglethorpe,Millsaps,0,107-114,"38,37,9,13,17","37,38,9,13,10",9-7,11-5,3-2,3-2,01/17/20,8:00 PM,N/A,Dorough Field House,Win,5,True,N/A,False,15:41,,48 ,,43,"GOOD FT by DAY,JUSTIN",OU 48-43 (+5),,"GOOD FT by DAY,JUSTIN",2,free throw,good,oglethorpe,"day,justin",1,"[""grant,she'chem"", 'tullos,zachary', 'mclaurin,ryan', 'hughes,anthony', 'bush,rodreekas']","['sone,carlos', 'chambers,dimetri', 'day,justin', 'foster,lane', 'gulley,trevor']",941
255,5100,Oglethorpe,Millsaps,0,107-114,"38,37,9,13,17","37,38,9,13,10",9-7,11-5,3-2,3-2,01/17/20,8:00 PM,N/A,Dorough Field House,Win,5,True,N/A,False,15:41,"SUB IN by PELT,JUSTIN VAN",48 ,,43,,,,"SUB IN by PELT,JUSTIN VAN",2,subbing in,,millsaps,"pelt,justin van",,"[""grant,she'chem"", 'tullos,zachary', 'mclaurin,ryan', 'hughes,anthony', 'bush,rodreekas', 'pelt,justin van']","['sone,carlos', 'chambers,dimetri', 'day,justin', 'foster,lane', 'gulley,trevor']",941
256,5100,Oglethorpe,Millsaps,0,107-114,"38,37,9,13,17","37,38,9,13,10",9-7,11-5,3-2,3-2,01/17/20,8:00 PM,N/A,Dorough Field House,Win,5,True,N/A,False,15:41,"SUB OUT by SPIKES,KALVIN",48 ,,43,,,,"SUB OUT by SPIKES,KALVIN",2,subbing out,,millsaps,"spikes,kalvin",,"[""grant,she'chem"", 'tullos,zachary', 'mclaurin,ryan', 'hughes,anthony', 'bush,rodreekas', 'pelt,justin van']","['sone,carlos', 'chambers,dimetri', 'day,justin', 'foster,lane', 'gulley,trevor']",941
257,5100,Oglethorpe,Millsaps,0,107-114,"38,37,9,13,17","37,38,9,13,10",9-7,11-5,3-2,3-2,01/17/20,8:00 PM,N/A,Dorough Field House,Win,5,True,N/A,False,15:41,,48 ,,43,"SUB IN by CHAMBERS,DIMETRI",,,"SUB IN by CHAMBERS,DIMETRI",2,subbing in,,oglethorpe,"chambers,dimetri",,"[""grant,she'chem"", 'tullos,zachary', 'mclaurin,ryan', 'hughes,anthony', 'bush,rodreekas', 'pelt,justin van']","['sone,carlos', 'chambers,dimetri', 'day,justin', 'foster,lane', 'gulley,trevor']",941
258,5100,Oglethorpe,Millsaps,0,107-114,"38,37,9,13,17","37,38,9,13,10",9-7,11-5,3-2,3-2,01/17/20,8:00 PM,N/A,Dorough Field House,Win,5,True,N/A,False,15:41,,48 ,,43,"SUB OUT by JENEI,RYAN",,,"SUB OUT by JENEI,RYAN",2,subbing out,,oglethorpe,"jenei,ryan",,"[""grant,she'chem"", 'tullos,zachary', 'mclaurin,ryan', 'hughes,anthony', 'bush,rodreekas', 'pelt,justin van']","['sone,carlos', 'chambers,dimetri', 'day,justin', 'foster,lane', 'gulley,trevor']",941
259,5100,Oglethorpe,Millsaps,0,107-114,"38,37,9,13,17","37,38,9,13,10",9-7,11-5,3-2,3-2,01/17/20,8:00 PM,N/A,Dorough Field House,Win,5,True,N/A,False,15:23,"TURNOVER  by JENKINS,KALEB",48 ,,43,,,,"TURNOVER  by JENKINS,KALEB",2,turnover,,millsaps,"jenkins,kaleb",,"[""grant,she'chem"", 'tullos,zachary', 'mclaurin,ryan', 'hughes,anthony', 'bush,rodreekas', 'pelt,justin van']","['sone,carlos', 'chambers,dimetri', 'day,justin', 'foster,lane', 'gulley,trevor']",923
260,5100,Oglethorpe,Millsaps,0,107-114,"38,37,9,13,17","37,38,9,13,10",9-7,11-5,3-2,3-2,01/17/20,8:00 PM,N/A,Dorough Field House,Win,5,True,N/A,False,15:10,"FOUL  by PELT,JUSTIN VAN",48 ,,43,,,,"FOUL  by PELT,JUSTIN VAN",2,foul,,millsaps,"pelt,justin van",,"[""grant,she'chem"", 'tullos,zachary', 'mclaurin,ryan', 'hughes,anthony', 'bush,rodreekas', 'pelt,justin van']","['sone,carlos', 'chambers,dimetri', 'day,justin', 'foster,lane', 'gulley,trevor']",910
261,5100,Oglethorpe,Millsaps,0,107-114,"38,37,9,13,17","37,38,9,13,10",9-7,11-5,3-2,3-2,01/17/20,8:00 PM,N/A,Dorough Field House,Win,5,True,N/A,False,15:10,,48 ,,44,"GOOD FT by FOSTER,LANE",OU 48-44 (+4),,"GOOD FT by FOSTER,LANE",2,free throw,good,oglethorpe,"foster,lane",1,"[""grant,she'chem"", 'tullos,zachary', 'mclaurin,ryan', 'hughes,anthony', 'bush,rodreekas', 'pelt,justin van']","['sone,carlos', 'chambers,dimetri', 'day,justin', 'foster,lane', 'gulley,trevor']",910
262,5100,Oglethorpe,Millsaps,0,107-114,"38,37,9,13,17","37,38,9,13,10",9-7,11-5,3-2,3-2,01/17/20,8:00 PM,N/A,Dorough Field House,Win,5,True,N/A,False,15:10,,48 ,,45,"GOOD FT by FOSTER,LANE",OU 48-45 (+3),,"GOOD FT by FOSTER,LANE",2,free throw,good,oglethorpe,"foster,lane",1,"[""grant,she'chem"", 'tullos,zachary', 'mclaurin,ryan', 'hughes,anthony', 'bush,rodreekas', 'pelt,justin van']","['sone,carlos', 'chambers,dimetri', 'day,justin', 'foster,lane', 'gulley,trevor']",910
263,5100,Oglethorpe,Millsaps,0,107-114,"38,37,9,13,17","37,38,9,13,10",9-7,11-5,3-2,3-2,01/17/20,8:00 PM,N/A,Dorough Field House,Win,5,True,N/A,False,14:55,"MISS JUMPER by HUGHES,ANTHONY",48 ,,45,,,,"MISS JUMPER by HUGHES,ANTHONY",2,jumper,missed,millsaps,"hughes,anthony",,"[""grant,she'chem"", 'tullos,zachary', 'mclaurin,ryan', 'hughes,anthony', 'bush,rodreekas', 'pelt,justin van']","['sone,carlos', 'chambers,dimetri', 'day,justin', 'foster,lane', 'gulley,trevor']",895
264,5100,Oglethorpe,Millsaps,0,107-114,"38,37,9,13,17","37,38,9,13,10",9-7,11-5,3-2,3-2,01/17/20,8:00 PM,N/A,Dorough Field House,Win,5,True,N/A,False,--,"REBOUND OFF by PELT,JUSTIN VAN",48 ,,45,,,,"REBOUND OFF by PELT,JUSTIN VAN",2,offensive rebound,,millsaps,"pelt,justin van",,"[""grant,she'chem"", 'tullos,zachary', 'mclaurin,ryan', 'hughes,anthony', 'bush,rodreekas', 'pelt,justin van']","['sone,carlos', 'chambers,dimetri', 'day,justin', 'foster,lane', 'gulley,trevor']",
265,5100,Oglethorpe,Millsaps,0,107-114,"38,37,9,13,17","37,38,9,13,10",9-7,11-5,3-2,3-2,01/17/20,8:00 PM,N/A,Dorough Field House,Win,5,True,N/A,False,14:50,"MISS LAYUP by PELT,JUSTIN VAN",48 ,,45,,,,"MISS LAYUP by PELT,JUSTIN VAN",2,layup,missed,millsaps,"pelt,justin van",,"[""grant,she'chem"", 'tullos,zachary', 'mclaurin,ryan', 'hughes,anthony', 'bush,rodreekas', 'pelt,justin van']","['sone,carlos', 'chambers,dimetri', 'day,justin', 'foster,lane', 'gulley,trevor']",890
266,5100,Oglethorpe,Millsaps,0,107-114,"38,37,9,13,17","37,38,9,13,10",9-7,11-5,3-2,3-2,01/17/20,8:00 PM,N/A,Dorough Field House,Win,5,True,N/A,False,--,"REBOUND OFF by HUGHES,ANTHONY",48 ,,45,,,,"REBOUND OFF by HUGHES,ANTHONY",2,offensive rebound,,millsaps,"hughes,anthony",,"[""grant,she'chem"", 'tullos,zachary', 'mclaurin,ryan', 'hughes,anthony', 'bush,rodreekas', 'pelt,justin van']","['sone,carlos', 'chambers,dimetri', 'day,justin', 'foster,lane', 'gulley,trevor']",
267,5100,Oglethorpe,Millsaps,0,107-114,"38,37,9,13,17","37,38,9,13,10",9-7,11-5,3-2,3-2,01/17/20,8:00 PM,N/A,Dorough Field House,Win,5,True,N/A,False,14:47,"GOOD 3PTR by JENKINS,KALEB",51 ,,45,,MC 51-45 (+6),,"GOOD 3PTR by JENKINS,KALEB",2,three pointer,good,millsaps,"jenkins,kaleb",3,"[""grant,she'chem"", 'tullos,zachary', 'mclaurin,ryan', 'hughes,anthony', 'bush,rodreekas', 'pelt,justin van']","['sone,carlos', 'chambers,dimetri', 'day,justin', 'foster,lane', 'gulley,trevor']",887
268,5100,Oglethorpe,Millsaps,0,107-114,"38,37,9,13,17","37,38,9,13,10",9-7,11-5,3-2,3-2,01/17/20,8:00 PM,N/A,Dorough Field House,Win,5,True,N/A,False,14:30,,51 ,,45,"MISS 3PTR by DAY,JUSTIN",,,"MISS 3PTR by DAY,JUSTIN",2,three pointer,missed,oglethorpe,"day,justin",,"[""grant,she'chem"", 'tullos,zachary', 'mclaurin,ryan', 'hughes,anthony', 'bush,rodreekas', 'pelt,justin van']","['sone,carlos', 'chambers,dimetri', 'day,justin', 'foster,lane', 'gulley,trevor']",870
269,5100,Oglethorpe,Millsaps,0,107-114,"38,37,9,13,17","37,38,9,13,10",9-7,11-5,3-2,3-2,01/17/20,8:00 PM,N/A,Dorough Field House,Win,5,True,N/A,False,--,"REBOUND DEF by HUGHES,ANTHONY",51 ,,45,,,,"REBOUND DEF by HUGHES,ANTHONY",2,defensive rebound,,millsaps,"hughes,anthony",,"[""grant,she'chem"", 'tullos,zachary', 'mclaurin,ryan', 'hughes,anthony', 'bush,rodreekas', 'pelt,justin van']","['sone,carlos', 'chambers,dimetri', 'day,justin', 'foster,lane', 'gulley,trevor']",
270,5100,Oglethorpe,Millsaps,0,107-114,"38,37,9,13,17","37,38,9,13,10",9-7,11-5,3-2,3-2,01/17/20,8:00 PM,N/A,Dorough Field House,Win,5,True,N/A,False,14:17,"GOOD JUMPER by PELT,JUSTIN VAN(in the paint)",53 ,,45,,MC 53-45 (+8),,"GOOD JUMPER by PELT,JUSTIN VAN(in the paint)",2,jumper,good,millsaps,"pelt,justin van",2,"[""grant,she'chem"", 'tullos,zachary', 'mclaurin,ryan', 'hughes,anthony', 'bush,rodreekas', 'pelt,justin van']","['sone,carlos', 'chambers,dimetri', 'day,justin', 'foster,lane', 'gulley,trevor']",857
271,5100,Oglethorpe,Millsaps,0,107-114,"38,37,9,13,17","37,38,9,13,10",9-7,11-5,3-2,3-2,01/17/20,8:00 PM,N/A,Dorough Field House,Win,5,True,N/A,False,13:55,,53 ,,47,"GOOD LAYUP by DAY,JUSTIN(in the paint)",OU 53-47 (+6),,"GOOD LAYUP by DAY,JUSTIN(in the paint)",2,layup,good,oglethorpe,"day,justin",2,"[""grant,she'chem"", 'tullos,zachary', 'mclaurin,ryan', 'hughes,anthony', 'bush,rodreekas', 'pelt,justin van']","['sone,carlos', 'chambers,dimetri', 'day,justin', 'foster,lane', 'gulley,trevor']",835
272,5100,Oglethorpe,Millsaps,0,107-114,"38,37,9,13,17","37,38,9,13,10",9-7,11-5,3-2,3-2,01/17/20,8:00 PM,N/A,Dorough Field House,Win,5,True,N/A,False,13:41,"GOOD JUMPER by HUGHES,ANTHONY(in the paint)",55 ,,47,,MC 55-47 (+8),,"GOOD JUMPER by HUGHES,ANTHONY(in the paint)",2,jumper,good,millsaps,"hughes,anthony",2,"[""grant,she'chem"", 'tullos,zachary', 'mclaurin,ryan', 'hughes,anthony', 'bush,rodreekas', 'pelt,justin van']","['sone,carlos', 'chambers,dimetri', 'day,justin', 'foster,lane', 'gulley,trevor']",821
273,5100,Oglethorpe,Millsaps,0,107-114,"38,37,9,13,17","37,38,9,13,10",9-7,11-5,3-2,3-2,01/17/20,8:00 PM,N/A,Dorough Field House,Win,5,True,N/A,False,--,"ASSIST  by JENKINS,KALEB",55 ,,47,,,,"ASSIST  by JENKINS,KALEB",2,assist,,millsaps,"jenkins,kaleb",,"[""grant,she'chem"", 'tullos,zachary', 'mclaurin,ryan', 'hughes,anthony', 'bush,rodreekas', 'pelt,justin van']","['sone,carlos', 'chambers,dimetri', 'day,justin', 'foster,lane', 'gulley,trevor']",
274,5100,Oglethorpe,Millsaps,0,107-114,"38,37,9,13,17","37,38,9,13,10",9-7,11-5,3-2,3-2,01/17/20,8:00 PM,N/A,Dorough Field House,Win,5,True,N/A,False,13:24,,55 ,,47,"MISS 3PTR by DAY,JUSTIN",,,"MISS 3PTR by DAY,JUSTIN",2,three pointer,missed,oglethorpe,"day,justin",,"[""grant,she'chem"", 'tullos,zachary', 'mclaurin,ryan', 'hughes,anthony', 'bush,rodreekas', 'pelt,justin van']","['sone,carlos', 'chambers,dimetri', 'day,justin', 'foster,lane', 'gulley,trevor']",804
275,5100,Oglethorpe,Millsaps,0,107-114,"38,37,9,13,17","37,38,9,13,10",9-7,11-5,3-2,3-2,01/17/20,8:00 PM,N/A,Dorough Field House,Win,5,True,N/A,False,--,REBOUND DEADB by TEAM,55 ,,47,,,,REBOUND DEADB by TEAM,2,deadball rebound,,millsaps,,,"[""grant,she'chem"", 'tullos,zachary', 'mclaurin,ryan', 'hughes,anthony', 'bush,rodreekas', 'pelt,justin van']","['sone,carlos', 'chambers,dimetri', 'day,justin', 'foster,lane', 'gulley,trevor']",
276,5100,Oglethorpe,Millsaps,0,107-114,"38,37,9,13,17","37,38,9,13,10",9-7,11-5,3-2,3-2,01/17/20,8:00 PM,N/A,Dorough Field House,Win,5,True,N/A,False,13:22,"SUB IN by GRANT,SHE'CHEM",55 ,,47,,,,"SUB IN by GRANT,SHE'CHEM",2,subbing in,,millsaps,"grant,she'chem",,"[""grant,she'chem"", 'tullos,zachary', 'mclaurin,ryan', 'hughes,anthony', 'bush,rodreekas', 'pelt,justin van']","['sone,carlos', 'chambers,dimetri', 'day,justin', 'foster,lane', 'gulley,trevor']",802
277,5100,Oglethorpe,Millsaps,0,107-114,"38,37,9,13,17","37,38,9,13,10",9-7,11-5,3-2,3-2,01/17/20,8:00 PM,N/A,Dorough Field House,Win,5,True,N/A,False,13:22,"SUB OUT by MCLAURIN,RYAN",55 ,,47,,,,"SUB OUT by MCLAURIN,RYAN",2,subbing out,,millsaps,"mclaurin,ryan",,"[""grant,she'chem"", 'tullos,zachary', 'hughes,anthony', 'bush,rodreekas', 'pelt,justin van']","['sone,carlos', 'chambers,dimetri', 'day,justin', 'foster,lane', 'gulley,trevor']",802
278,5100,Oglethorpe,Millsaps,0,107-114,"38,37,9,13,17","37,38,9,13,10",9-7,11-5,3-2,3-2,01/17/20,8:00 PM,N/A,Dorough Field House,Win,5,True,N/A,False,13:22,,55 ,,47,"SUB IN by ETIWE,TOJU",,,"SUB IN by ETIWE,TOJU",2,subbing in,,oglethorpe,"etiwe,toju",,"[""grant,she'chem"", 'tullos,zachary', 'hughes,anthony', 'bush,rodreekas', 'pelt,justin van']","['sone,carlos', 'chambers,dimetri', 'day,justin', 'foster,lane', 'gulley,trevor', 'etiwe,toju']",802
279,5100,Oglethorpe,Millsaps,0,107-114,"38,37,9,13,17","37,38,9,13,10",9-7,11-5,3-2,3-2,01/17/20,8:00 PM,N/A,Dorough Field House,Win,5,True,N/A,False,13:22,,55 ,,47,"SUB OUT by CAMMON,JOSH",,,"SUB OUT by CAMMON,JOSH",2,subbing out,,oglethorpe,"cammon,josh",,"[""grant,she'chem"", 'tullos,zachary', 'hughes,anthony', 'bush,rodreekas', 'pelt,justin van']","['sone,carlos', 'chambers,dimetri', 'day,justin', 'foster,lane', 'gulley,trevor', 'etiwe,toju']",802
280,5100,Oglethorpe,Millsaps,0,107-114,"38,37,9,13,17","37,38,9,13,10",9-7,11-5,3-2,3-2,01/17/20,8:00 PM,N/A,Dorough Field House,Win,5,True,N/A,False,13:09,"TURNOVER  by GRANT,SHE'CHEM",55 ,,47,,,,"TURNOVER  by GRANT,SHE'CHEM",2,turnover,,millsaps,"grant,she'chem",,"[""grant,she'chem"", 'tullos,zachary', 'hughes,anthony', 'bush,rodreekas', 'pelt,justin van']","['sone,carlos', 'chambers,dimetri', 'day,justin', 'foster,lane', 'gulley,trevor', 'etiwe,toju']",789
281,5100,Oglethorpe,Millsaps,0,107-114,"38,37,9,13,17","37,38,9,13,10",9-7,11-5,3-2,3-2,01/17/20,8:00 PM,N/A,Dorough Field House,Win,5,True,N/A,False,13:07,,55 ,,47,"STEAL  by ETIWE,TOJU",,,"STEAL  by ETIWE,TOJU",2,steal,,oglethorpe,,,"[""grant,she'chem"", 'tullos,zachary', 'hughes,anthony', 'bush,rodreekas', 'pelt,justin van']","['sone,carlos', 'chambers,dimetri', 'day,justin', 'foster,lane', 'gulley,trevor', 'etiwe,toju']",787
282,5100,Oglethorpe,Millsaps,0,107-114,"38,37,9,13,17","37,38,9,13,10",9-7,11-5,3-2,3-2,01/17/20,8:00 PM,N/A,Dorough Field House,Win,5,True,N/A,False,12:54,,55 ,,47,"MISS 3PTR by JENEI,RYAN",,,"MISS 3PTR by JENEI,RYAN",2,three pointer,missed,oglethorpe,"jenei,ryan",,"[""grant,she'chem"", 'tullos,zachary', 'hughes,anthony', 'bush,rodreekas', 'pelt,justin van']","['sone,carlos', 'chambers,dimetri', 'day,justin', 'foster,lane', 'gulley,trevor', 'etiwe,toju']",774
283,5100,Oglethorpe,Millsaps,0,107-114,"38,37,9,13,17","37,38,9,13,10",9-7,11-5,3-2,3-2,01/17/20,8:00 PM,N/A,Dorough Field House,Win,5,True,N/A,False,--,REBOUND DEADB by TEAM,55 ,,47,,,,REBOUND DEADB by TEAM,2,deadball rebound,,millsaps,,,"[""grant,she'chem"", 'tullos,zachary', 'hughes,anthony', 'bush,rodreekas', 'pelt,justin van']","['sone,carlos', 'chambers,dimetri', 'day,justin', 'foster,lane', 'gulley,trevor', 'etiwe,toju']",
284,5100,Oglethorpe,Millsaps,0,107-114,"38,37,9,13,17","37,38,9,13,10",9-7,11-5,3-2,3-2,01/17/20,8:00 PM,N/A,Dorough Field House,Win,5,True,N/A,False,12:29,"MISS 3PTR by GRANT,SHE'CHEM",55 ,,47,,,,"MISS 3PTR by GRANT,SHE'CHEM",2,three pointer,missed,millsaps,"grant,she'chem",,"[""grant,she'chem"", 'tullos,zachary', 'hughes,anthony', 'bush,rodreekas', 'pelt,justin van']","['sone,carlos', 'chambers,dimetri', 'day,justin', 'foster,lane', 'gulley,trevor', 'etiwe,toju']",749
285,5100,Oglethorpe,Millsaps,0,107-114,"38,37,9,13,17","37,38,9,13,10",9-7,11-5,3-2,3-2,01/17/20,8:00 PM,N/A,Dorough Field House,Win,5,True,N/A,False,--,,55 ,,47,"REBOUND DEF by SONE,CARLOS",,,"REBOUND DEF by SONE,CARLOS",2,defensive rebound,,oglethorpe,"sone,carlos",,"[""grant,she'chem"", 'tullos,zachary', 'hughes,anthony', 'bush,rodreekas', 'pelt,justin van']","['sone,carlos', 'chambers,dimetri', 'day,justin', 'foster,lane', 'gulley,trevor', 'etiwe,toju']",
286,5100,Oglethorpe,Millsaps,0,107-114,"38,37,9,13,17","37,38,9,13,10",9-7,11-5,3-2,3-2,01/17/20,8:00 PM,N/A,Dorough Field House,Win,5,True,N/A,False,12:17,,55 ,,47,"TURNOVER  by FOSTER,LANE",,,"TURNOVER  by FOSTER,LANE",2,turnover,,oglethorpe,"foster,lane",,"[""grant,she'chem"", 'tullos,zachary', 'hughes,anthony', 'bush,rodreekas', 'pelt,justin van']","['sone,carlos', 'chambers,dimetri', 'day,justin', 'foster,lane', 'gulley,trevor', 'etiwe,toju']",737
287,5100,Oglethorpe,Millsaps,0,107-114,"38,37,9,13,17","37,38,9,13,10",9-7,11-5,3-2,3-2,01/17/20,8:00 PM,N/A,Dorough Field House,Win,5,True,N/A,False,12:17,,55 ,,47,"FOUL  by FOSTER,LANE",,,"FOUL  by FOSTER,LANE",2,foul,,oglethorpe,"foster,lane",,"[""grant,she'chem"", 'tullos,zachary', 'hughes,anthony', 'bush,rodreekas', 'pelt,justin van']","['sone,carlos', 'chambers,dimetri', 'day,justin', 'foster,lane', 'gulley,trevor', 'etiwe,toju']",737
288,5100,Oglethorpe,Millsaps,0,107-114,"38,37,9,13,17","37,38,9,13,10",9-7,11-5,3-2,3-2,01/17/20,8:00 PM,N/A,Dorough Field House,Win,5,True,N/A,False,12:17,"SUB IN by GILLIHAN,NEWLON",55 ,,47,,,,"SUB IN by GILLIHAN,NEWLON",2,subbing in,,millsaps,"gillihan,newlon",,"[""grant,she'chem"", 'tullos,zachary', 'hughes,anthony', 'bush,rodreekas', 'pelt,justin van']","['sone,carlos', 'chambers,dimetri', 'day,justin', 'foster,lane', 'gulley,trevor', 'etiwe,toju']",737
289,5100,Oglethorpe,Millsaps,0,107-114,"38,37,9,13,17","37,38,9,13,10",9-7,11-5,3-2,3-2,01/17/20,8:00 PM,N/A,Dorough Field House,Win,5,True,N/A,False,12:17,"SUB OUT by PELT,JUSTIN VAN",55 ,,47,,,,"SUB OUT by PELT,JUSTIN VAN",2,subbing out,,millsaps,"pelt,justin van",,"[""grant,she'chem"", 'tullos,zachary', 'hughes,anthony', 'bush,rodreekas']","['sone,carlos', 'chambers,dimetri', 'day,justin', 'foster,lane', 'gulley,trevor', 'etiwe,toju']",737
290,5100,Oglethorpe,Millsaps,0,107-114,"38,37,9,13,17","37,38,9,13,10",9-7,11-5,3-2,3-2,01/17/20,8:00 PM,N/A,Dorough Field House,Win,5,True,N/A,False,12:07,"GOOD JUMPER by HUGHES,ANTHONY(in the paint)",57 ,,47,,MC 57-47 (+10),,"GOOD JUMPER by HUGHES,ANTHONY(in the paint)",2,jumper,good,millsaps,"hughes,anthony",2,"[""grant,she'chem"", 'tullos,zachary', 'hughes,anthony', 'bush,rodreekas']","['sone,carlos', 'chambers,dimetri', 'day,justin', 'foster,lane', 'gulley,trevor', 'etiwe,toju']",727
291,5100,Oglethorpe,Millsaps,0,107-114,"38,37,9,13,17","37,38,9,13,10",9-7,11-5,3-2,3-2,01/17/20,8:00 PM,N/A,Dorough Field House,Win,5,True,N/A,False,--,"ASSIST  by JENKINS,KALEB",57 ,,47,,,,"ASSIST  by JENKINS,KALEB",2,assist,,millsaps,"jenkins,kaleb",,"[""grant,she'chem"", 'tullos,zachary', 'hughes,anthony', 'bush,rodreekas']","['sone,carlos', 'chambers,dimetri', 'day,justin', 'foster,lane', 'gulley,trevor', 'etiwe,toju']",
292,5100,Oglethorpe,Millsaps,0,107-114,"38,37,9,13,17","37,38,9,13,10",9-7,11-5,3-2,3-2,01/17/20,8:00 PM,N/A,Dorough Field House,Win,5,True,N/A,False,11:44,,57 ,,49,"GOOD JUMPER by CHAMBERS,DIMETRI(in the paint)",OU 57-49 (+8),,"GOOD JUMPER by CHAMBERS,DIMETRI(in the paint)",2,jumper,good,oglethorpe,"chambers,dimetri",2,"[""grant,she'chem"", 'tullos,zachary', 'hughes,anthony', 'bush,rodreekas']","['sone,carlos', 'chambers,dimetri', 'day,justin', 'foster,lane', 'gulley,trevor', 'etiwe,toju']",704
293,5100,Oglethorpe,Millsaps,0,107-114,"38,37,9,13,17","37,38,9,13,10",9-7,11-5,3-2,3-2,01/17/20,8:00 PM,N/A,Dorough Field House,Win,5,True,N/A,False,11:44,"FOUL  by JENKINS,KALEB",57 ,,49,,,,"FOUL  by JENKINS,KALEB",2,foul,,millsaps,"jenkins,kaleb",,"[""grant,she'chem"", 'tullos,zachary', 'hughes,anthony', 'bush,rodreekas']","['sone,carlos', 'chambers,dimetri', 'day,justin', 'foster,lane', 'gulley,trevor', 'etiwe,toju']",704
294,5100,Oglethorpe,Millsaps,0,107-114,"38,37,9,13,17","37,38,9,13,10",9-7,11-5,3-2,3-2,01/17/20,8:00 PM,N/A,Dorough Field House,Win,5,True,N/A,False,11:43,,57 ,,49,"MISS FT by CHAMBERS,DIMETRI",,,"MISS FT by CHAMBERS,DIMETRI",2,free throw,missed,oglethorpe,"chambers,dimetri",,"[""grant,she'chem"", 'tullos,zachary', 'hughes,anthony', 'bush,rodreekas']","['sone,carlos', 'chambers,dimetri', 'day,justin', 'foster,lane', 'gulley,trevor', 'etiwe,toju']",703
295,5100,Oglethorpe,Millsaps,0,107-114,"38,37,9,13,17","37,38,9,13,10",9-7,11-5,3-2,3-2,01/17/20,8:00 PM,N/A,Dorough Field House,Win,5,True,N/A,False,--,"REBOUND DEF by HUGHES,ANTHONY",57 ,,49,,,,"REBOUND DEF by HUGHES,ANTHONY",2,defensive rebound,,millsaps,"hughes,anthony",,"[""grant,she'chem"", 'tullos,zachary', 'hughes,anthony', 'bush,rodreekas']","['sone,carlos', 'chambers,dimetri', 'day,justin', 'foster,lane', 'gulley,trevor', 'etiwe,toju']",
296,5100,Oglethorpe,Millsaps,0,107-114,"38,37,9,13,17","37,38,9,13,10",9-7,11-5,3-2,3-2,01/17/20,8:00 PM,N/A,Dorough Field House,Win,5,True,N/A,False,11:25,"MISS 3PTR by HUGHES,ANTHONY",57 ,,49,,,,"MISS 3PTR by HUGHES,ANTHONY",2,three pointer,missed,millsaps,"hughes,anthony",,"[""grant,she'chem"", 'tullos,zachary', 'hughes,anthony', 'bush,rodreekas']","['sone,carlos', 'chambers,dimetri', 'day,justin', 'foster,lane', 'gulley,trevor', 'etiwe,toju']",685
297,5100,Oglethorpe,Millsaps,0,107-114,"38,37,9,13,17","37,38,9,13,10",9-7,11-5,3-2,3-2,01/17/20,8:00 PM,N/A,Dorough Field House,Win,5,True,N/A,False,--,,57 ,,49,"REBOUND DEF by CAMMON,JOSH",,,"REBOUND DEF by CAMMON,JOSH",2,defensive rebound,,oglethorpe,"cammon,josh",,"[""grant,she'chem"", 'tullos,zachary', 'hughes,anthony', 'bush,rodreekas']","['sone,carlos', 'chambers,dimetri', 'day,justin', 'foster,lane', 'gulley,trevor', 'etiwe,toju']",
298,5100,Oglethorpe,Millsaps,0,107-114,"38,37,9,13,17","37,38,9,13,10",9-7,11-5,3-2,3-2,01/17/20,8:00 PM,N/A,Dorough Field House,Win,5,True,N/A,False,11:18,,57 ,,49,"TURNOVER  by CHAMBERS,DIMETRI",,,"TURNOVER  by CHAMBERS,DIMETRI",2,turnover,,oglethorpe,"chambers,dimetri",,"[""grant,she'chem"", 'tullos,zachary', 'hughes,anthony', 'bush,rodreekas']","['sone,carlos', 'chambers,dimetri', 'day,justin', 'foster,lane', 'gulley,trevor', 'etiwe,toju']",678
299,5100,Oglethorpe,Millsaps,0,107-114,"38,37,9,13,17","37,38,9,13,10",9-7,11-5,3-2,3-2,01/17/20,8:00 PM,N/A,Dorough Field House,Win,5,True,N/A,False,11:17,"STEAL  by JENKINS,KALEB",57 ,,49,,,,"STEAL  by JENKINS,KALEB",2,steal,,millsaps,,,"[""grant,she'chem"", 'tullos,zachary', 'hughes,anthony', 'bush,rodreekas']","['sone,carlos', 'chambers,dimetri', 'day,justin', 'foster,lane', 'gulley,trevor', 'etiwe,toju']",677
300,5100,Oglethorpe,Millsaps,0,107-114,"38,37,9,13,17","37,38,9,13,10",9-7,11-5,3-2,3-2,01/17/20,8:00 PM,N/A,Dorough Field House,Win,5,True,N/A,False,11:13,"TURNOVER  by JENKINS,KALEB",57 ,,49,,,,"TURNOVER  by JENKINS,KALEB",2,turnover,,millsaps,"jenkins,kaleb",,"[""grant,she'chem"", 'tullos,zachary', 'hughes,anthony', 'bush,rodreekas']","['sone,carlos', 'chambers,dimetri', 'day,justin', 'foster,lane', 'gulley,trevor', 'etiwe,toju']",673
301,5100,Oglethorpe,Millsaps,0,107-114,"38,37,9,13,17","37,38,9,13,10",9-7,11-5,3-2,3-2,01/17/20,8:00 PM,N/A,Dorough Field House,Win,5,True,N/A,False,11:13,"FOUL  by JENKINS,KALEB",57 ,,49,,,,"FOUL  by JENKINS,KALEB",2,foul,,millsaps,"jenkins,kaleb",,"[""grant,she'chem"", 'tullos,zachary', 'hughes,anthony', 'bush,rodreekas']","['sone,carlos', 'chambers,dimetri', 'day,justin', 'foster,lane', 'gulley,trevor', 'etiwe,toju']",673
302,5100,Oglethorpe,Millsaps,0,107-114,"38,37,9,13,17","37,38,9,13,10",9-7,11-5,3-2,3-2,01/17/20,8:00 PM,N/A,Dorough Field House,Win,5,True,N/A,False,11:13,"SUB IN by MILLER,JOSHUA",57 ,,49,,,,"SUB IN by MILLER,JOSHUA",2,subbing in,,millsaps,"miller,joshua",,"[""grant,she'chem"", 'tullos,zachary', 'hughes,anthony', 'bush,rodreekas', 'miller,joshua']","['sone,carlos', 'chambers,dimetri', 'day,justin', 'foster,lane', 'gulley,trevor', 'etiwe,toju']",673
303,5100,Oglethorpe,Millsaps,0,107-114,"38,37,9,13,17","37,38,9,13,10",9-7,11-5,3-2,3-2,01/17/20,8:00 PM,N/A,Dorough Field House,Win,5,True,N/A,False,11:13,"SUB OUT by JENKINS,KALEB",57 ,,49,,,,"SUB OUT by JENKINS,KALEB",2,subbing out,,millsaps,"jenkins,kaleb",,"[""grant,she'chem"", 'tullos,zachary', 'hughes,anthony', 'bush,rodreekas', 'miller,joshua']","['sone,carlos', 'chambers,dimetri', 'day,justin', 'foster,lane', 'gulley,trevor', 'etiwe,toju']",673
304,5100,Oglethorpe,Millsaps,0,107-114,"38,37,9,13,17","37,38,9,13,10",9-7,11-5,3-2,3-2,01/17/20,8:00 PM,N/A,Dorough Field House,Win,5,True,N/A,False,10:56,,57 ,,51,"GOOD LAYUP by CAMMON,JOSH(in the paint)",OU 57-51 (+6),,"GOOD LAYUP by CAMMON,JOSH(in the paint)",2,layup,good,oglethorpe,"cammon,josh",2,"[""grant,she'chem"", 'tullos,zachary', 'hughes,anthony', 'bush,rodreekas', 'miller,joshua']","['sone,carlos', 'chambers,dimetri', 'day,justin', 'foster,lane', 'gulley,trevor', 'etiwe,toju']",656
305,5100,Oglethorpe,Millsaps,0,107-114,"38,37,9,13,17","37,38,9,13,10",9-7,11-5,3-2,3-2,01/17/20,8:00 PM,N/A,Dorough Field House,Win,5,True,N/A,False,10:42,"MISS JUMPER by HUGHES,ANTHONY",57 ,,51,,,,"MISS JUMPER by HUGHES,ANTHONY",2,jumper,missed,millsaps,"hughes,anthony",,"[""grant,she'chem"", 'tullos,zachary', 'hughes,anthony', 'bush,rodreekas', 'miller,joshua']","['sone,carlos', 'chambers,dimetri', 'day,justin', 'foster,lane', 'gulley,trevor', 'etiwe,toju']",642
306,5100,Oglethorpe,Millsaps,0,107-114,"38,37,9,13,17","37,38,9,13,10",9-7,11-5,3-2,3-2,01/17/20,8:00 PM,N/A,Dorough Field House,Win,5,True,N/A,False,--,,57 ,,51,"REBOUND DEF by JENEI,RYAN",,,"REBOUND DEF by JENEI,RYAN",2,defensive rebound,,oglethorpe,"jenei,ryan",,"[""grant,she'chem"", 'tullos,zachary', 'hughes,anthony', 'bush,rodreekas', 'miller,joshua']","['sone,carlos', 'chambers,dimetri', 'day,justin', 'foster,lane', 'gulley,trevor', 'etiwe,toju']",
307,5100,Oglethorpe,Millsaps,0,107-114,"38,37,9,13,17","37,38,9,13,10",9-7,11-5,3-2,3-2,01/17/20,8:00 PM,N/A,Dorough Field House,Win,5,True,N/A,False,10:29,,57 ,,51,"SUB IN by JENEI,RYAN",,,"SUB IN by JENEI,RYAN",2,subbing in,,oglethorpe,"jenei,ryan",,"[""grant,she'chem"", 'tullos,zachary', 'hughes,anthony', 'bush,rodreekas', 'miller,joshua']","['sone,carlos', 'chambers,dimetri', 'day,justin', 'foster,lane', 'gulley,trevor', 'etiwe,toju']",629
308,5100,Oglethorpe,Millsaps,0,107-114,"38,37,9,13,17","37,38,9,13,10",9-7,11-5,3-2,3-2,01/17/20,8:00 PM,N/A,Dorough Field House,Win,5,True,N/A,False,10:29,,57 ,,51,"SUB OUT by DAY,JUSTIN",,,"SUB OUT by DAY,JUSTIN",2,subbing out,,oglethorpe,"day,justin",,"[""grant,she'chem"", 'tullos,zachary', 'hughes,anthony', 'bush,rodreekas', 'miller,joshua']","['sone,carlos', 'chambers,dimetri', 'foster,lane', 'gulley,trevor', 'etiwe,toju']",629
309,5100,Oglethorpe,Millsaps,0,107-114,"38,37,9,13,17","37,38,9,13,10",9-7,11-5,3-2,3-2,01/17/20,8:00 PM,N/A,Dorough Field House,Win,5,True,N/A,False,10:24,,57 ,,53,"GOOD JUMPER by CAMMON,JOSH",OU 57-53 (+4),,"GOOD JUMPER by CAMMON,JOSH",2,jumper,good,oglethorpe,"cammon,josh",2,"[""grant,she'chem"", 'tullos,zachary', 'hughes,anthony', 'bush,rodreekas', 'miller,joshua']","['sone,carlos', 'chambers,dimetri', 'foster,lane', 'gulley,trevor', 'etiwe,toju']",624
310,5100,Oglethorpe,Millsaps,0,107-114,"38,37,9,13,17","37,38,9,13,10",9-7,11-5,3-2,3-2,01/17/20,8:00 PM,N/A,Dorough Field House,Win,5,True,N/A,False,--,,57 ,,53,"ASSIST  by SONE,CARLOS",,,"ASSIST  by SONE,CARLOS",2,assist,,oglethorpe,"sone,carlos",,"[""grant,she'chem"", 'tullos,zachary', 'hughes,anthony', 'bush,rodreekas', 'miller,joshua']","['sone,carlos', 'chambers,dimetri', 'foster,lane', 'gulley,trevor', 'etiwe,toju']",
311,5100,Oglethorpe,Millsaps,0,107-114,"38,37,9,13,17","37,38,9,13,10",9-7,11-5,3-2,3-2,01/17/20,8:00 PM,N/A,Dorough Field House,Win,5,True,N/A,False,09:57,,57 ,,53,"FOUL  by CHAMBERS,DIMETRI",,,"FOUL  by CHAMBERS,DIMETRI",2,foul,,oglethorpe,"chambers,dimetri",,"[""grant,she'chem"", 'tullos,zachary', 'hughes,anthony', 'bush,rodreekas', 'miller,joshua']","['sone,carlos', 'chambers,dimetri', 'foster,lane', 'gulley,trevor', 'etiwe,toju']",597
312,5100,Oglethorpe,Millsaps,0,107-114,"38,37,9,13,17","37,38,9,13,10",9-7,11-5,3-2,3-2,01/17/20,8:00 PM,N/A,Dorough Field House,Win,5,True,N/A,False,09:57,"MISS FT by MILLER,JOSHUA",57 ,,53,,,,"MISS FT by MILLER,JOSHUA",2,free throw,missed,millsaps,"miller,joshua",,"[""grant,she'chem"", 'tullos,zachary', 'hughes,anthony', 'bush,rodreekas', 'miller,joshua']","['sone,carlos', 'chambers,dimetri', 'foster,lane', 'gulley,trevor', 'etiwe,toju']",597
313,5100,Oglethorpe,Millsaps,0,107-114,"38,37,9,13,17","37,38,9,13,10",9-7,11-5,3-2,3-2,01/17/20,8:00 PM,N/A,Dorough Field House,Win,5,True,N/A,False,--,REBOUND DEADB by TEAM,57 ,,53,,,,REBOUND DEADB by TEAM,2,deadball rebound,,millsaps,,,"[""grant,she'chem"", 'tullos,zachary', 'hughes,anthony', 'bush,rodreekas', 'miller,joshua']","['sone,carlos', 'chambers,dimetri', 'foster,lane', 'gulley,trevor', 'etiwe,toju']",
314,5100,Oglethorpe,Millsaps,0,107-114,"38,37,9,13,17","37,38,9,13,10",9-7,11-5,3-2,3-2,01/17/20,8:00 PM,N/A,Dorough Field House,Win,5,True,N/A,False,09:57,"GOOD FT by MILLER,JOSHUA",58 ,,53,,MC 58-53 (+5),,"GOOD FT by MILLER,JOSHUA",2,free throw,good,millsaps,"miller,joshua",1,"[""grant,she'chem"", 'tullos,zachary', 'hughes,anthony', 'bush,rodreekas', 'miller,joshua']","['sone,carlos', 'chambers,dimetri', 'foster,lane', 'gulley,trevor', 'etiwe,toju']",597
315,5100,Oglethorpe,Millsaps,0,107-114,"38,37,9,13,17","37,38,9,13,10",9-7,11-5,3-2,3-2,01/17/20,8:00 PM,N/A,Dorough Field House,Win,5,True,N/A,False,09:57,"SUB IN by PELT,JUSTIN VAN",58 ,,53,,,,"SUB IN by PELT,JUSTIN VAN",2,subbing in,,millsaps,"pelt,justin van",,"[""grant,she'chem"", 'tullos,zachary', 'hughes,anthony', 'bush,rodreekas', 'miller,joshua', 'pelt,justin van']","['sone,carlos', 'chambers,dimetri', 'foster,lane', 'gulley,trevor', 'etiwe,toju']",597
316,5100,Oglethorpe,Millsaps,0,107-114,"38,37,9,13,17","37,38,9,13,10",9-7,11-5,3-2,3-2,01/17/20,8:00 PM,N/A,Dorough Field House,Win,5,True,N/A,False,09:57,"SUB OUT by BLANZ,BUCK",58 ,,53,,,,"SUB OUT by BLANZ,BUCK",2,subbing out,,millsaps,"blanz,buck",,"[""grant,she'chem"", 'tullos,zachary', 'hughes,anthony', 'bush,rodreekas', 'miller,joshua', 'pelt,justin van']","['sone,carlos', 'chambers,dimetri', 'foster,lane', 'gulley,trevor', 'etiwe,toju']",597
317,5100,Oglethorpe,Millsaps,0,107-114,"38,37,9,13,17","37,38,9,13,10",9-7,11-5,3-2,3-2,01/17/20,8:00 PM,N/A,Dorough Field House,Win,5,True,N/A,False,09:57,,58 ,,53,"SUB IN by FOSTER,LANE",,,"SUB IN by FOSTER,LANE",2,subbing in,,oglethorpe,"foster,lane",,"[""grant,she'chem"", 'tullos,zachary', 'hughes,anthony', 'bush,rodreekas', 'miller,joshua', 'pelt,justin van']","['sone,carlos', 'chambers,dimetri', 'foster,lane', 'gulley,trevor', 'etiwe,toju']",597
318,5100,Oglethorpe,Millsaps,0,107-114,"38,37,9,13,17","37,38,9,13,10",9-7,11-5,3-2,3-2,01/17/20,8:00 PM,N/A,Dorough Field House,Win,5,True,N/A,False,09:57,,58 ,,53,"SUB IN by CAMMON,JOSH",,,"SUB IN by CAMMON,JOSH",2,subbing in,,oglethorpe,"cammon,josh",,"[""grant,she'chem"", 'tullos,zachary', 'hughes,anthony', 'bush,rodreekas', 'miller,joshua', 'pelt,justin van']","['sone,carlos', 'chambers,dimetri', 'foster,lane', 'gulley,trevor', 'etiwe,toju', 'cammon,josh']",597
319,5100,Oglethorpe,Millsaps,0,107-114,"38,37,9,13,17","37,38,9,13,10",9-7,11-5,3-2,3-2,01/17/20,8:00 PM,N/A,Dorough Field House,Win,5,True,N/A,False,09:57,,58 ,,53,"SUB OUT by ETIWE,TOJU",,,"SUB OUT by ETIWE,TOJU",2,subbing out,,oglethorpe,"etiwe,toju",,"[""grant,she'chem"", 'tullos,zachary', 'hughes,anthony', 'bush,rodreekas', 'miller,joshua', 'pelt,justin van']","['sone,carlos', 'chambers,dimetri', 'foster,lane', 'gulley,trevor', 'cammon,josh']",597
320,5100,Oglethorpe,Millsaps,0,107-114,"38,37,9,13,17","37,38,9,13,10",9-7,11-5,3-2,3-2,01/17/20,8:00 PM,N/A,Dorough Field House,Win,5,True,N/A,False,09:57,,58 ,,53,"SUB OUT by FOSTER,LANE",,,"SUB OUT by FOSTER,LANE",2,subbing out,,oglethorpe,"foster,lane",,"[""grant,she'chem"", 'tullos,zachary', 'hughes,anthony', 'bush,rodreekas', 'miller,joshua', 'pelt,justin van']","['sone,carlos', 'chambers,dimetri', 'gulley,trevor', 'cammon,josh']",597
321,5100,Oglethorpe,Millsaps,0,107-114,"38,37,9,13,17","37,38,9,13,10",9-7,11-5,3-2,3-2,01/17/20,8:00 PM,N/A,Dorough Field House,Win,5,True,N/A,False,09:46,,58 ,,53,"MISS 3PTR by CAMMON,JOSH",,,"MISS 3PTR by CAMMON,JOSH",2,three pointer,missed,oglethorpe,"cammon,josh",,"[""grant,she'chem"", 'tullos,zachary', 'hughes,anthony', 'bush,rodreekas', 'miller,joshua', 'pelt,justin van']","['sone,carlos', 'chambers,dimetri', 'gulley,trevor', 'cammon,josh']",586
322,5100,Oglethorpe,Millsaps,0,107-114,"38,37,9,13,17","37,38,9,13,10",9-7,11-5,3-2,3-2,01/17/20,8:00 PM,N/A,Dorough Field House,Win,5,True,N/A,False,--,,58 ,,53,"REBOUND OFF by FOSTER,LANE",,,"REBOUND OFF by FOSTER,LANE",2,offensive rebound,,oglethorpe,"foster,lane",,"[""grant,she'chem"", 'tullos,zachary', 'hughes,anthony', 'bush,rodreekas', 'miller,joshua', 'pelt,justin van']","['sone,carlos', 'chambers,dimetri', 'gulley,trevor', 'cammon,josh']",
323,5100,Oglethorpe,Millsaps,0,107-114,"38,37,9,13,17","37,38,9,13,10",9-7,11-5,3-2,3-2,01/17/20,8:00 PM,N/A,Dorough Field House,Win,5,True,N/A,False,09:35,"MISS 3PTR by BURNETT,DREW",58 ,,53,,,,"MISS 3PTR by BURNETT,DREW",2,three pointer,missed,millsaps,"burnett,drew",,"[""grant,she'chem"", 'tullos,zachary', 'hughes,anthony', 'bush,rodreekas', 'miller,joshua', 'pelt,justin van']","['sone,carlos', 'chambers,dimetri', 'gulley,trevor', 'cammon,josh']",575
324,5100,Oglethorpe,Millsaps,0,107-114,"38,37,9,13,17","37,38,9,13,10",9-7,11-5,3-2,3-2,01/17/20,8:00 PM,N/A,Dorough Field House,Win,5,True,N/A,False,--,,58 ,,53,"REBOUND DEF by EZIGBO,UBA",,,"REBOUND DEF by EZIGBO,UBA",2,defensive rebound,,oglethorpe,"ezigbo,uba",,"[""grant,she'chem"", 'tullos,zachary', 'hughes,anthony', 'bush,rodreekas', 'miller,joshua', 'pelt,justin van']","['sone,carlos', 'chambers,dimetri', 'gulley,trevor', 'cammon,josh']",
325,5100,Oglethorpe,Millsaps,0,107-114,"38,37,9,13,17","37,38,9,13,10",9-7,11-5,3-2,3-2,01/17/20,8:00 PM,N/A,Dorough Field House,Win,5,True,N/A,False,08:48,,58 ,,55,"GOOD JUMPER by FOSTER,LANE(in the paint)",OU 58-55 (+3),,"GOOD JUMPER by FOSTER,LANE(in the paint)",2,jumper,good,oglethorpe,"foster,lane",2,"[""grant,she'chem"", 'tullos,zachary', 'hughes,anthony', 'bush,rodreekas', 'miller,joshua', 'pelt,justin van']","['sone,carlos', 'chambers,dimetri', 'gulley,trevor', 'cammon,josh']",528
326,5100,Oglethorpe,Millsaps,0,107-114,"38,37,9,13,17","37,38,9,13,10",9-7,11-5,3-2,3-2,01/17/20,8:00 PM,N/A,Dorough Field House,Win,5,True,N/A,False,08:48,"FOUL  by GRANT,SHE'CHEM",58 ,,55,,,,"FOUL  by GRANT,SHE'CHEM",2,foul,,millsaps,"grant,she'chem",,"[""grant,she'chem"", 'tullos,zachary', 'hughes,anthony', 'bush,rodreekas', 'miller,joshua', 'pelt,justin van']","['sone,carlos', 'chambers,dimetri', 'gulley,trevor', 'cammon,josh']",528
327,5100,Oglethorpe,Millsaps,0,107-114,"38,37,9,13,17","37,38,9,13,10",9-7,11-5,3-2,3-2,01/17/20,8:00 PM,N/A,Dorough Field House,Win,5,True,N/A,False,08:48,,58 ,,56,"GOOD FT by FOSTER,LANE",OU 58-56 (+2),,"GOOD FT by FOSTER,LANE",2,free throw,good,oglethorpe,"foster,lane",1,"[""grant,she'chem"", 'tullos,zachary', 'hughes,anthony', 'bush,rodreekas', 'miller,joshua', 'pelt,justin van']","['sone,carlos', 'chambers,dimetri', 'gulley,trevor', 'cammon,josh']",528
328,5100,Oglethorpe,Millsaps,0,107-114,"38,37,9,13,17","37,38,9,13,10",9-7,11-5,3-2,3-2,01/17/20,8:00 PM,N/A,Dorough Field House,Win,5,True,N/A,False,08:43,"MISS LAYUP by GILLIHAN,NEWLON",58 ,,56,,,,"MISS LAYUP by GILLIHAN,NEWLON",2,layup,missed,millsaps,"gillihan,newlon",,"[""grant,she'chem"", 'tullos,zachary', 'hughes,anthony', 'bush,rodreekas', 'miller,joshua', 'pelt,justin van']","['sone,carlos', 'chambers,dimetri', 'gulley,trevor', 'cammon,josh']",523
329,5100,Oglethorpe,Millsaps,0,107-114,"38,37,9,13,17","37,38,9,13,10",9-7,11-5,3-2,3-2,01/17/20,8:00 PM,N/A,Dorough Field House,Win,5,True,N/A,False,--,"REBOUND OFF by HUGHES,ANTHONY",58 ,,56,,,,"REBOUND OFF by HUGHES,ANTHONY",2,offensive rebound,,millsaps,"hughes,anthony",,"[""grant,she'chem"", 'tullos,zachary', 'hughes,anthony', 'bush,rodreekas', 'miller,joshua', 'pelt,justin van']","['sone,carlos', 'chambers,dimetri', 'gulley,trevor', 'cammon,josh']",
330,5100,Oglethorpe,Millsaps,0,107-114,"38,37,9,13,17","37,38,9,13,10",9-7,11-5,3-2,3-2,01/17/20,8:00 PM,N/A,Dorough Field House,Win,5,True,N/A,False,08:43,"GOOD TIPIN by HUGHES,ANTHONY(in the paint)",60 ,,56,,MC 60-56 (+4),,"GOOD TIPIN by HUGHES,ANTHONY(in the paint)",2,tipin,good,millsaps,"hughes,anthony",2,"[""grant,she'chem"", 'tullos,zachary', 'hughes,anthony', 'bush,rodreekas', 'miller,joshua', 'pelt,justin van']","['sone,carlos', 'chambers,dimetri', 'gulley,trevor', 'cammon,josh']",523
331,5100,Oglethorpe,Millsaps,0,107-114,"38,37,9,13,17","37,38,9,13,10",9-7,11-5,3-2,3-2,01/17/20,8:00 PM,N/A,Dorough Field House,Win,5,True,N/A,False,08:20,,60 ,,59,"GOOD 3PTR by SONE,CARLOS",OU 60-59 (+1),,"GOOD 3PTR by SONE,CARLOS",2,three pointer,good,oglethorpe,"sone,carlos",3,"[""grant,she'chem"", 'tullos,zachary', 'hughes,anthony', 'bush,rodreekas', 'miller,joshua', 'pelt,justin van']","['sone,carlos', 'chambers,dimetri', 'gulley,trevor', 'cammon,josh']",500
332,5100,Oglethorpe,Millsaps,0,107-114,"38,37,9,13,17","37,38,9,13,10",9-7,11-5,3-2,3-2,01/17/20,8:00 PM,N/A,Dorough Field House,Win,5,True,N/A,False,--,,60 ,,59,"ASSIST  by JENEI,RYAN",,,"ASSIST  by JENEI,RYAN",2,assist,,oglethorpe,"jenei,ryan",,"[""grant,she'chem"", 'tullos,zachary', 'hughes,anthony', 'bush,rodreekas', 'miller,joshua', 'pelt,justin van']","['sone,carlos', 'chambers,dimetri', 'gulley,trevor', 'cammon,josh']",
333,5100,Oglethorpe,Millsaps,0,107-114,"38,37,9,13,17","37,38,9,13,10",9-7,11-5,3-2,3-2,01/17/20,8:00 PM,N/A,Dorough Field House,Win,5,True,N/A,False,08:05,"MISS 3PTR by GRANT,SHE'CHEM",60 ,,59,,,,"MISS 3PTR by GRANT,SHE'CHEM",2,three pointer,missed,millsaps,"grant,she'chem",,"[""grant,she'chem"", 'tullos,zachary', 'hughes,anthony', 'bush,rodreekas', 'miller,joshua', 'pelt,justin van']","['sone,carlos', 'chambers,dimetri', 'gulley,trevor', 'cammon,josh']",485
334,5100,Oglethorpe,Millsaps,0,107-114,"38,37,9,13,17","37,38,9,13,10",9-7,11-5,3-2,3-2,01/17/20,8:00 PM,N/A,Dorough Field House,Win,5,True,N/A,False,--,,60 ,,59,"REBOUND DEF by JENEI,RYAN",,,"REBOUND DEF by JENEI,RYAN",2,defensive rebound,,oglethorpe,"jenei,ryan",,"[""grant,she'chem"", 'tullos,zachary', 'hughes,anthony', 'bush,rodreekas', 'miller,joshua', 'pelt,justin van']","['sone,carlos', 'chambers,dimetri', 'gulley,trevor', 'cammon,josh']",
335,5100,Oglethorpe,Millsaps,0,107-114,"38,37,9,13,17","37,38,9,13,10",9-7,11-5,3-2,3-2,01/17/20,8:00 PM,N/A,Dorough Field House,Win,5,True,N/A,False,07:50,,60 ,,59,"MISS LAYUP by CAMMON,JOSH",,,"MISS LAYUP by CAMMON,JOSH",2,layup,missed,oglethorpe,"cammon,josh",,"[""grant,she'chem"", 'tullos,zachary', 'hughes,anthony', 'bush,rodreekas', 'miller,joshua', 'pelt,justin van']","['sone,carlos', 'chambers,dimetri', 'gulley,trevor', 'cammon,josh']",470
336,5100,Oglethorpe,Millsaps,0,107-114,"38,37,9,13,17","37,38,9,13,10",9-7,11-5,3-2,3-2,01/17/20,8:00 PM,N/A,Dorough Field House,Win,5,True,N/A,False,--,"REBOUND DEF by PELT,JUSTIN VAN",60 ,,59,,,,"REBOUND DEF by PELT,JUSTIN VAN",2,defensive rebound,,millsaps,"pelt,justin van",,"[""grant,she'chem"", 'tullos,zachary', 'hughes,anthony', 'bush,rodreekas', 'miller,joshua', 'pelt,justin van']","['sone,carlos', 'chambers,dimetri', 'gulley,trevor', 'cammon,josh']",
337,5100,Oglethorpe,Millsaps,0,107-114,"38,37,9,13,17","37,38,9,13,10",9-7,11-5,3-2,3-2,01/17/20,8:00 PM,N/A,Dorough Field House,Win,5,True,N/A,False,07:25,"GOOD LAYUP by MILLER,JOSHUA(in the paint)",62 ,,59,,MC 62-59 (+3),,"GOOD LAYUP by MILLER,JOSHUA(in the paint)",2,layup,good,millsaps,"miller,joshua",2,"[""grant,she'chem"", 'tullos,zachary', 'hughes,anthony', 'bush,rodreekas', 'miller,joshua', 'pelt,justin van']","['sone,carlos', 'chambers,dimetri', 'gulley,trevor', 'cammon,josh']",445
338,5100,Oglethorpe,Millsaps,0,107-114,"38,37,9,13,17","37,38,9,13,10",9-7,11-5,3-2,3-2,01/17/20,8:00 PM,N/A,Dorough Field House,Win,5,True,N/A,False,07:20,TIMEOUT 30SEC by TEAM,62 ,,59,,,,TIMEOUT 30SEC by TEAM,2,timeout,,millsaps,,,"[""grant,she'chem"", 'tullos,zachary', 'hughes,anthony', 'bush,rodreekas', 'miller,joshua', 'pelt,justin van']","['sone,carlos', 'chambers,dimetri', 'gulley,trevor', 'cammon,josh']",440
339,5100,Oglethorpe,Millsaps,0,107-114,"38,37,9,13,17","37,38,9,13,10",9-7,11-5,3-2,3-2,01/17/20,8:00 PM,N/A,Dorough Field House,Win,5,True,N/A,False,07:10,"FOUL  by HUGHES,ANTHONY",62 ,,59,,,,"FOUL  by HUGHES,ANTHONY",2,foul,,millsaps,"hughes,anthony",,"[""grant,she'chem"", 'tullos,zachary', 'hughes,anthony', 'bush,rodreekas', 'miller,joshua', 'pelt,justin van']","['sone,carlos', 'chambers,dimetri', 'gulley,trevor', 'cammon,josh']",430
340,5100,Oglethorpe,Millsaps,0,107-114,"38,37,9,13,17","37,38,9,13,10",9-7,11-5,3-2,3-2,01/17/20,8:00 PM,N/A,Dorough Field House,Win,5,True,N/A,False,07:10,,62 ,,59,TIMEOUT TEAM by TEAM,,,TIMEOUT TEAM by TEAM,2,timeout,,oglethorpe,,,"[""grant,she'chem"", 'tullos,zachary', 'hughes,anthony', 'bush,rodreekas', 'miller,joshua', 'pelt,justin van']","['sone,carlos', 'chambers,dimetri', 'gulley,trevor', 'cammon,josh']",430
341,5100,Oglethorpe,Millsaps,0,107-114,"38,37,9,13,17","37,38,9,13,10",9-7,11-5,3-2,3-2,01/17/20,8:00 PM,N/A,Dorough Field House,Win,5,True,N/A,False,06:55,,62 ,,59,"MISS LAYUP by FOSTER,LANE",,,"MISS LAYUP by FOSTER,LANE",2,layup,missed,oglethorpe,"foster,lane",,"[""grant,she'chem"", 'tullos,zachary', 'hughes,anthony', 'bush,rodreekas', 'miller,joshua', 'pelt,justin van']","['sone,carlos', 'chambers,dimetri', 'gulley,trevor', 'cammon,josh']",415
342,5100,Oglethorpe,Millsaps,0,107-114,"38,37,9,13,17","37,38,9,13,10",9-7,11-5,3-2,3-2,01/17/20,8:00 PM,N/A,Dorough Field House,Win,5,True,N/A,False,06:55,"BLOCK  by PELT,JUSTIN VAN",62 ,,59,,,,"BLOCK  by PELT,JUSTIN VAN",2,block,,millsaps,"pelt,justin van",,"[""grant,she'chem"", 'tullos,zachary', 'hughes,anthony', 'bush,rodreekas', 'miller,joshua', 'pelt,justin van']","['sone,carlos', 'chambers,dimetri', 'gulley,trevor', 'cammon,josh']",415
343,5100,Oglethorpe,Millsaps,0,107-114,"38,37,9,13,17","37,38,9,13,10",9-7,11-5,3-2,3-2,01/17/20,8:00 PM,N/A,Dorough Field House,Win,5,True,N/A,False,--,,62 ,,59,"REBOUND OFF by FOSTER,LANE",,,"REBOUND OFF by FOSTER,LANE",2,offensive rebound,,oglethorpe,"foster,lane",,"[""grant,she'chem"", 'tullos,zachary', 'hughes,anthony', 'bush,rodreekas', 'miller,joshua', 'pelt,justin van']","['sone,carlos', 'chambers,dimetri', 'gulley,trevor', 'cammon,josh']",
344,5100,Oglethorpe,Millsaps,0,107-114,"38,37,9,13,17","37,38,9,13,10",9-7,11-5,3-2,3-2,01/17/20,8:00 PM,N/A,Dorough Field House,Win,5,True,N/A,False,06:49,,62 ,,59,"MISS 3PTR by SONE,CARLOS",,,"MISS 3PTR by SONE,CARLOS",2,three pointer,missed,oglethorpe,"sone,carlos",,"[""grant,she'chem"", 'tullos,zachary', 'hughes,anthony', 'bush,rodreekas', 'miller,joshua', 'pelt,justin van']","['sone,carlos', 'chambers,dimetri', 'gulley,trevor', 'cammon,josh']",409
345,5100,Oglethorpe,Millsaps,0,107-114,"38,37,9,13,17","37,38,9,13,10",9-7,11-5,3-2,3-2,01/17/20,8:00 PM,N/A,Dorough Field House,Win,5,True,N/A,False,--,"REBOUND DEF by MILLER,JOSHUA",62 ,,59,,,,"REBOUND DEF by MILLER,JOSHUA",2,defensive rebound,,millsaps,"miller,joshua",,"[""grant,she'chem"", 'tullos,zachary', 'hughes,anthony', 'bush,rodreekas', 'miller,joshua', 'pelt,justin van']","['sone,carlos', 'chambers,dimetri', 'gulley,trevor', 'cammon,josh']",
346,5100,Oglethorpe,Millsaps,0,107-114,"38,37,9,13,17","37,38,9,13,10",9-7,11-5,3-2,3-2,01/17/20,8:00 PM,N/A,Dorough Field House,Win,5,True,N/A,False,06:36,,62 ,,59,"FOUL  by SONE,CARLOS",,,"FOUL  by SONE,CARLOS",2,foul,,oglethorpe,"sone,carlos",,"[""grant,she'chem"", 'tullos,zachary', 'hughes,anthony', 'bush,rodreekas', 'miller,joshua', 'pelt,justin van']","['sone,carlos', 'chambers,dimetri', 'gulley,trevor', 'cammon,josh']",396
347,5100,Oglethorpe,Millsaps,0,107-114,"38,37,9,13,17","37,38,9,13,10",9-7,11-5,3-2,3-2,01/17/20,8:00 PM,N/A,Dorough Field House,Win,5,True,N/A,False,06:32,"GOOD LAYUP by GRANT,SHE'CHEM(in the paint)",64 ,,59,,MC 64-59 (+5),,"GOOD LAYUP by GRANT,SHE'CHEM(in the paint)",2,layup,good,millsaps,"grant,she'chem",2,"[""grant,she'chem"", 'tullos,zachary', 'hughes,anthony', 'bush,rodreekas', 'miller,joshua', 'pelt,justin van']","['sone,carlos', 'chambers,dimetri', 'gulley,trevor', 'cammon,josh']",392
348,5100,Oglethorpe,Millsaps,0,107-114,"38,37,9,13,17","37,38,9,13,10",9-7,11-5,3-2,3-2,01/17/20,8:00 PM,N/A,Dorough Field House,Win,5,True,N/A,False,--,"ASSIST  by MILLER,JOSHUA",64 ,,59,,,,"ASSIST  by MILLER,JOSHUA",2,assist,,millsaps,"miller,joshua",,"[""grant,she'chem"", 'tullos,zachary', 'hughes,anthony', 'bush,rodreekas', 'miller,joshua', 'pelt,justin van']","['sone,carlos', 'chambers,dimetri', 'gulley,trevor', 'cammon,josh']",
349,5100,Oglethorpe,Millsaps,0,107-114,"38,37,9,13,17","37,38,9,13,10",9-7,11-5,3-2,3-2,01/17/20,8:00 PM,N/A,Dorough Field House,Win,5,True,N/A,False,06:17,,64 ,,59,"MISS LAYUP by CHAMBERS,DIMETRI",,,"MISS LAYUP by CHAMBERS,DIMETRI",2,layup,missed,oglethorpe,"chambers,dimetri",,"[""grant,she'chem"", 'tullos,zachary', 'hughes,anthony', 'bush,rodreekas', 'miller,joshua', 'pelt,justin van']","['sone,carlos', 'chambers,dimetri', 'gulley,trevor', 'cammon,josh']",377
350,5100,Oglethorpe,Millsaps,0,107-114,"38,37,9,13,17","37,38,9,13,10",9-7,11-5,3-2,3-2,01/17/20,8:00 PM,N/A,Dorough Field House,Win,5,True,N/A,False,06:17,"BLOCK  by PELT,JUSTIN VAN",64 ,,59,,,,"BLOCK  by PELT,JUSTIN VAN",2,block,,millsaps,"pelt,justin van",,"[""grant,she'chem"", 'tullos,zachary', 'hughes,anthony', 'bush,rodreekas', 'miller,joshua', 'pelt,justin van']","['sone,carlos', 'chambers,dimetri', 'gulley,trevor', 'cammon,josh']",377
351,5100,Oglethorpe,Millsaps,0,107-114,"38,37,9,13,17","37,38,9,13,10",9-7,11-5,3-2,3-2,01/17/20,8:00 PM,N/A,Dorough Field House,Win,5,True,N/A,False,--,,64 ,,59,"REBOUND OFF by CAMMON,JOSH",,,"REBOUND OFF by CAMMON,JOSH",2,offensive rebound,,oglethorpe,"cammon,josh",,"[""grant,she'chem"", 'tullos,zachary', 'hughes,anthony', 'bush,rodreekas', 'miller,joshua', 'pelt,justin van']","['sone,carlos', 'chambers,dimetri', 'gulley,trevor', 'cammon,josh']",
352,5100,Oglethorpe,Millsaps,0,107-114,"38,37,9,13,17","37,38,9,13,10",9-7,11-5,3-2,3-2,01/17/20,8:00 PM,N/A,Dorough Field House,Win,5,True,N/A,False,06:06,,64 ,,59,"MISS 3PTR by FOSTER,LANE",,,"MISS 3PTR by FOSTER,LANE",2,three pointer,missed,oglethorpe,"foster,lane",,"[""grant,she'chem"", 'tullos,zachary', 'hughes,anthony', 'bush,rodreekas', 'miller,joshua', 'pelt,justin van']","['sone,carlos', 'chambers,dimetri', 'gulley,trevor', 'cammon,josh']",366
353,5100,Oglethorpe,Millsaps,0,107-114,"38,37,9,13,17","37,38,9,13,10",9-7,11-5,3-2,3-2,01/17/20,8:00 PM,N/A,Dorough Field House,Win,5,True,N/A,False,--,"REBOUND DEF by PELT,JUSTIN VAN",64 ,,59,,,,"REBOUND DEF by PELT,JUSTIN VAN",2,defensive rebound,,millsaps,"pelt,justin van",,"[""grant,she'chem"", 'tullos,zachary', 'hughes,anthony', 'bush,rodreekas', 'miller,joshua', 'pelt,justin van']","['sone,carlos', 'chambers,dimetri', 'gulley,trevor', 'cammon,josh']",
354,5100,Oglethorpe,Millsaps,0,107-114,"38,37,9,13,17","37,38,9,13,10",9-7,11-5,3-2,3-2,01/17/20,8:00 PM,N/A,Dorough Field House,Win,5,True,N/A,False,05:47,"TURNOVER  by GILLIHAN,NEWLON",64 ,,59,,,,"TURNOVER  by GILLIHAN,NEWLON",2,turnover,,millsaps,"gillihan,newlon",,"[""grant,she'chem"", 'tullos,zachary', 'hughes,anthony', 'bush,rodreekas', 'miller,joshua', 'pelt,justin van']","['sone,carlos', 'chambers,dimetri', 'gulley,trevor', 'cammon,josh']",347
355,5100,Oglethorpe,Millsaps,0,107-114,"38,37,9,13,17","37,38,9,13,10",9-7,11-5,3-2,3-2,01/17/20,8:00 PM,N/A,Dorough Field House,Win,5,True,N/A,False,05:47,"FOUL  by GILLIHAN,NEWLON",64 ,,59,,,,"FOUL  by GILLIHAN,NEWLON",2,foul,,millsaps,"gillihan,newlon",,"[""grant,she'chem"", 'tullos,zachary', 'hughes,anthony', 'bush,rodreekas', 'miller,joshua', 'pelt,justin van']","['sone,carlos', 'chambers,dimetri', 'gulley,trevor', 'cammon,josh']",347
356,5100,Oglethorpe,Millsaps,0,107-114,"38,37,9,13,17","37,38,9,13,10",9-7,11-5,3-2,3-2,01/17/20,8:00 PM,N/A,Dorough Field House,Win,5,True,N/A,False,05:35,,64 ,,61,"GOOD LAYUP by CHAMBERS,DIMETRI(in the paint)",OU 64-61 (+3),,"GOOD LAYUP by CHAMBERS,DIMETRI(in the paint)",2,layup,good,oglethorpe,"chambers,dimetri",2,"[""grant,she'chem"", 'tullos,zachary', 'hughes,anthony', 'bush,rodreekas', 'miller,joshua', 'pelt,justin van']","['sone,carlos', 'chambers,dimetri', 'gulley,trevor', 'cammon,josh']",335
357,5100,Oglethorpe,Millsaps,0,107-114,"38,37,9,13,17","37,38,9,13,10",9-7,11-5,3-2,3-2,01/17/20,8:00 PM,N/A,Dorough Field House,Win,5,True,N/A,False,--,,64 ,,61,"ASSIST  by CAMMON,JOSH",,,"ASSIST  by CAMMON,JOSH",2,assist,,oglethorpe,"cammon,josh",,"[""grant,she'chem"", 'tullos,zachary', 'hughes,anthony', 'bush,rodreekas', 'miller,joshua', 'pelt,justin van']","['sone,carlos', 'chambers,dimetri', 'gulley,trevor', 'cammon,josh']",
358,5100,Oglethorpe,Millsaps,0,107-114,"38,37,9,13,17","37,38,9,13,10",9-7,11-5,3-2,3-2,01/17/20,8:00 PM,N/A,Dorough Field House,Win,5,True,N/A,False,05:18,"MISS LAYUP by HUGHES,ANTHONY",64 ,,61,,,,"MISS LAYUP by HUGHES,ANTHONY",2,layup,missed,millsaps,"hughes,anthony",,"[""grant,she'chem"", 'tullos,zachary', 'hughes,anthony', 'bush,rodreekas', 'miller,joshua', 'pelt,justin van']","['sone,carlos', 'chambers,dimetri', 'gulley,trevor', 'cammon,josh']",318
359,5100,Oglethorpe,Millsaps,0,107-114,"38,37,9,13,17","37,38,9,13,10",9-7,11-5,3-2,3-2,01/17/20,8:00 PM,N/A,Dorough Field House,Win,5,True,N/A,False,--,"REBOUND OFF by PELT,JUSTIN VAN",64 ,,61,,,,"REBOUND OFF by PELT,JUSTIN VAN",2,offensive rebound,,millsaps,"pelt,justin van",,"[""grant,she'chem"", 'tullos,zachary', 'hughes,anthony', 'bush,rodreekas', 'miller,joshua', 'pelt,justin van']","['sone,carlos', 'chambers,dimetri', 'gulley,trevor', 'cammon,josh']",
360,5100,Oglethorpe,Millsaps,0,107-114,"38,37,9,13,17","37,38,9,13,10",9-7,11-5,3-2,3-2,01/17/20,8:00 PM,N/A,Dorough Field House,Win,5,True,N/A,False,05:14,"GOOD TIPIN by PELT,JUSTIN VAN(in the paint)",66 ,,61,,MC 66-61 (+5),,"GOOD TIPIN by PELT,JUSTIN VAN(in the paint)",2,tipin,good,millsaps,"pelt,justin van",2,"[""grant,she'chem"", 'tullos,zachary', 'hughes,anthony', 'bush,rodreekas', 'miller,joshua', 'pelt,justin van']","['sone,carlos', 'chambers,dimetri', 'gulley,trevor', 'cammon,josh']",314
361,5100,Oglethorpe,Millsaps,0,107-114,"38,37,9,13,17","37,38,9,13,10",9-7,11-5,3-2,3-2,01/17/20,8:00 PM,N/A,Dorough Field House,Win,5,True,N/A,False,04:53,,66 ,,61,"MISS LAYUP by CAMMON,JOSH",,,"MISS LAYUP by CAMMON,JOSH",2,layup,missed,oglethorpe,"cammon,josh",,"[""grant,she'chem"", 'tullos,zachary', 'hughes,anthony', 'bush,rodreekas', 'miller,joshua', 'pelt,justin van']","['sone,carlos', 'chambers,dimetri', 'gulley,trevor', 'cammon,josh']",293
362,5100,Oglethorpe,Millsaps,0,107-114,"38,37,9,13,17","37,38,9,13,10",9-7,11-5,3-2,3-2,01/17/20,8:00 PM,N/A,Dorough Field House,Win,5,True,N/A,False,--,,66 ,,61,"REBOUND OFF by CAMMON,JOSH",,,"REBOUND OFF by CAMMON,JOSH",2,offensive rebound,,oglethorpe,"cammon,josh",,"[""grant,she'chem"", 'tullos,zachary', 'hughes,anthony', 'bush,rodreekas', 'miller,joshua', 'pelt,justin van']","['sone,carlos', 'chambers,dimetri', 'gulley,trevor', 'cammon,josh']",
363,5100,Oglethorpe,Millsaps,0,107-114,"38,37,9,13,17","37,38,9,13,10",9-7,11-5,3-2,3-2,01/17/20,8:00 PM,N/A,Dorough Field House,Win,5,True,N/A,False,04:43,,66 ,,63,"GOOD LAYUP by SONE,CARLOS(in the paint)",OU 66-63 (+3),,"GOOD LAYUP by SONE,CARLOS(in the paint)",2,layup,good,oglethorpe,"sone,carlos",2,"[""grant,she'chem"", 'tullos,zachary', 'hughes,anthony', 'bush,rodreekas', 'miller,joshua', 'pelt,justin van']","['sone,carlos', 'chambers,dimetri', 'gulley,trevor', 'cammon,josh']",283
364,5100,Oglethorpe,Millsaps,0,107-114,"38,37,9,13,17","37,38,9,13,10",9-7,11-5,3-2,3-2,01/17/20,8:00 PM,N/A,Dorough Field House,Win,5,True,N/A,False,04:23,"TURNOVER  by PELT,JUSTIN VAN",66 ,,63,,,,"TURNOVER  by PELT,JUSTIN VAN",2,turnover,,millsaps,"pelt,justin van",,"[""grant,she'chem"", 'tullos,zachary', 'hughes,anthony', 'bush,rodreekas', 'miller,joshua', 'pelt,justin van']","['sone,carlos', 'chambers,dimetri', 'gulley,trevor', 'cammon,josh']",263
365,5100,Oglethorpe,Millsaps,0,107-114,"38,37,9,13,17","37,38,9,13,10",9-7,11-5,3-2,3-2,01/17/20,8:00 PM,N/A,Dorough Field House,Win,5,True,N/A,False,04:21,,66 ,,63,"STEAL  by JENEI,RYAN",,,"STEAL  by JENEI,RYAN",2,steal,,oglethorpe,,,"[""grant,she'chem"", 'tullos,zachary', 'hughes,anthony', 'bush,rodreekas', 'miller,joshua', 'pelt,justin van']","['sone,carlos', 'chambers,dimetri', 'gulley,trevor', 'cammon,josh']",261
366,5100,Oglethorpe,Millsaps,0,107-114,"38,37,9,13,17","37,38,9,13,10",9-7,11-5,3-2,3-2,01/17/20,8:00 PM,N/A,Dorough Field House,Win,5,True,N/A,False,04:18,,66 ,,65,"GOOD LAYUP by JENEI,RYAN(fastbreak)(in the paint)",OU 66-65 (+1),,"GOOD LAYUP by JENEI,RYAN(fastbreak)(in the paint)",2,layup,good,oglethorpe,"jenei,ryan(fastbreak)",2,"[""grant,she'chem"", 'tullos,zachary', 'hughes,anthony', 'bush,rodreekas', 'miller,joshua', 'pelt,justin van']","['sone,carlos', 'chambers,dimetri', 'gulley,trevor', 'cammon,josh']",258
367,5100,Oglethorpe,Millsaps,0,107-114,"38,37,9,13,17","37,38,9,13,10",9-7,11-5,3-2,3-2,01/17/20,8:00 PM,N/A,Dorough Field House,Win,5,True,N/A,False,03:53,,66 ,,65,TIMEOUT TEAM by TEAM,,,TIMEOUT TEAM by TEAM,2,timeout,,oglethorpe,,,"[""grant,she'chem"", 'tullos,zachary', 'hughes,anthony', 'bush,rodreekas', 'miller,joshua', 'pelt,justin van']","['sone,carlos', 'chambers,dimetri', 'gulley,trevor', 'cammon,josh']",233
368,5100,Oglethorpe,Millsaps,0,107-114,"38,37,9,13,17","37,38,9,13,10",9-7,11-5,3-2,3-2,01/17/20,8:00 PM,N/A,Dorough Field House,Win,5,True,N/A,False,03:53,TURNOVER  by TEAM,66 ,,65,,,,TURNOVER  by TEAM,2,turnover,,millsaps,,,"[""grant,she'chem"", 'tullos,zachary', 'hughes,anthony', 'bush,rodreekas', 'miller,joshua', 'pelt,justin van']","['sone,carlos', 'chambers,dimetri', 'gulley,trevor', 'cammon,josh']",233
369,5100,Oglethorpe,Millsaps,0,107-114,"38,37,9,13,17","37,38,9,13,10",9-7,11-5,3-2,3-2,01/17/20,8:00 PM,N/A,Dorough Field House,Win,5,True,N/A,False,03:53,"SUB IN by JENKINS,KALEB",66 ,,65,,,,"SUB IN by JENKINS,KALEB",2,subbing in,,millsaps,"jenkins,kaleb",,"[""grant,she'chem"", 'tullos,zachary', 'hughes,anthony', 'bush,rodreekas', 'miller,joshua', 'pelt,justin van', 'jenkins,kaleb']","['sone,carlos', 'chambers,dimetri', 'gulley,trevor', 'cammon,josh']",233
370,5100,Oglethorpe,Millsaps,0,107-114,"38,37,9,13,17","37,38,9,13,10",9-7,11-5,3-2,3-2,01/17/20,8:00 PM,N/A,Dorough Field House,Win,5,True,N/A,False,03:53,"SUB IN by MCLAURIN,RYAN",66 ,,65,,,,"SUB IN by MCLAURIN,RYAN",2,subbing in,,millsaps,"mclaurin,ryan",,"[""grant,she'chem"", 'tullos,zachary', 'hughes,anthony', 'bush,rodreekas', 'miller,joshua', 'pelt,justin van', 'jenkins,kaleb', 'mclaurin,ryan']","['sone,carlos', 'chambers,dimetri', 'gulley,trevor', 'cammon,josh']",233
371,5100,Oglethorpe,Millsaps,0,107-114,"38,37,9,13,17","37,38,9,13,10",9-7,11-5,3-2,3-2,01/17/20,8:00 PM,N/A,Dorough Field House,Win,5,True,N/A,False,03:53,"SUB OUT by GILLIHAN,NEWLON",66 ,,65,,,,"SUB OUT by GILLIHAN,NEWLON",2,subbing out,,millsaps,"gillihan,newlon",,"[""grant,she'chem"", 'tullos,zachary', 'hughes,anthony', 'bush,rodreekas', 'miller,joshua', 'pelt,justin van', 'jenkins,kaleb', 'mclaurin,ryan']","['sone,carlos', 'chambers,dimetri', 'gulley,trevor', 'cammon,josh']",233
372,5100,Oglethorpe,Millsaps,0,107-114,"38,37,9,13,17","37,38,9,13,10",9-7,11-5,3-2,3-2,01/17/20,8:00 PM,N/A,Dorough Field House,Win,5,True,N/A,False,03:53,"SUB OUT by MILLER,JOSHUA",66 ,,65,,,,"SUB OUT by MILLER,JOSHUA",2,subbing out,,millsaps,"miller,joshua",,"[""grant,she'chem"", 'tullos,zachary', 'hughes,anthony', 'bush,rodreekas', 'miller,joshua', 'pelt,justin van', 'jenkins,kaleb', 'mclaurin,ryan']","['sone,carlos', 'chambers,dimetri', 'gulley,trevor', 'cammon,josh']",233
373,5100,Oglethorpe,Millsaps,0,107-114,"38,37,9,13,17","37,38,9,13,10",9-7,11-5,3-2,3-2,01/17/20,8:00 PM,N/A,Dorough Field House,Win,5,True,N/A,False,03:47,,66 ,,65,"MISS JUMPER by FOSTER,LANE",,,"MISS JUMPER by FOSTER,LANE",2,jumper,missed,oglethorpe,"foster,lane",,"[""grant,she'chem"", 'tullos,zachary', 'hughes,anthony', 'bush,rodreekas', 'miller,joshua', 'pelt,justin van', 'jenkins,kaleb', 'mclaurin,ryan']","['sone,carlos', 'chambers,dimetri', 'gulley,trevor', 'cammon,josh']",227
374,5100,Oglethorpe,Millsaps,0,107-114,"38,37,9,13,17","37,38,9,13,10",9-7,11-5,3-2,3-2,01/17/20,8:00 PM,N/A,Dorough Field House,Win,5,True,N/A,False,--,"REBOUND DEF by PELT,JUSTIN VAN",66 ,,65,,,,"REBOUND DEF by PELT,JUSTIN VAN",2,defensive rebound,,millsaps,"pelt,justin van",,"[""grant,she'chem"", 'tullos,zachary', 'hughes,anthony', 'bush,rodreekas', 'miller,joshua', 'pelt,justin van', 'jenkins,kaleb', 'mclaurin,ryan']","['sone,carlos', 'chambers,dimetri', 'gulley,trevor', 'cammon,josh']",
375,5100,Oglethorpe,Millsaps,0,107-114,"38,37,9,13,17","37,38,9,13,10",9-7,11-5,3-2,3-2,01/17/20,8:00 PM,N/A,Dorough Field House,Win,5,True,N/A,False,03:36,"TURNOVER  by GRANT,SHE'CHEM",66 ,,65,,,,"TURNOVER  by GRANT,SHE'CHEM",2,turnover,,millsaps,"grant,she'chem",,"[""grant,she'chem"", 'tullos,zachary', 'hughes,anthony', 'bush,rodreekas', 'miller,joshua', 'pelt,justin van', 'jenkins,kaleb', 'mclaurin,ryan']","['sone,carlos', 'chambers,dimetri', 'gulley,trevor', 'cammon,josh']",216
376,5100,Oglethorpe,Millsaps,0,107-114,"38,37,9,13,17","37,38,9,13,10",9-7,11-5,3-2,3-2,01/17/20,8:00 PM,N/A,Dorough Field House,Win,5,True,N/A,False,03:34,,66 ,,65,"STEAL  by CHAMBERS,DIMETRI",,,"STEAL  by CHAMBERS,DIMETRI",2,steal,,oglethorpe,,,"[""grant,she'chem"", 'tullos,zachary', 'hughes,anthony', 'bush,rodreekas', 'miller,joshua', 'pelt,justin van', 'jenkins,kaleb', 'mclaurin,ryan']","['sone,carlos', 'chambers,dimetri', 'gulley,trevor', 'cammon,josh']",214
377,5100,Oglethorpe,Millsaps,0,107-114,"38,37,9,13,17","37,38,9,13,10",9-7,11-5,3-2,3-2,01/17/20,8:00 PM,N/A,Dorough Field House,Win,5,True,N/A,False,03:19,,66 ,,65,"MISS JUMPER by CHAMBERS,DIMETRI",,,"MISS JUMPER by CHAMBERS,DIMETRI",2,jumper,missed,oglethorpe,"chambers,dimetri",,"[""grant,she'chem"", 'tullos,zachary', 'hughes,anthony', 'bush,rodreekas', 'miller,joshua', 'pelt,justin van', 'jenkins,kaleb', 'mclaurin,ryan']","['sone,carlos', 'chambers,dimetri', 'gulley,trevor', 'cammon,josh']",199
378,5100,Oglethorpe,Millsaps,0,107-114,"38,37,9,13,17","37,38,9,13,10",9-7,11-5,3-2,3-2,01/17/20,8:00 PM,N/A,Dorough Field House,Win,5,True,N/A,False,--,"REBOUND DEF by PELT,JUSTIN VAN",66 ,,65,,,,"REBOUND DEF by PELT,JUSTIN VAN",2,defensive rebound,,millsaps,"pelt,justin van",,"[""grant,she'chem"", 'tullos,zachary', 'hughes,anthony', 'bush,rodreekas', 'miller,joshua', 'pelt,justin van', 'jenkins,kaleb', 'mclaurin,ryan']","['sone,carlos', 'chambers,dimetri', 'gulley,trevor', 'cammon,josh']",
379,5100,Oglethorpe,Millsaps,0,107-114,"38,37,9,13,17","37,38,9,13,10",9-7,11-5,3-2,3-2,01/17/20,8:00 PM,N/A,Dorough Field House,Win,5,True,N/A,False,03:14,,66 ,,65,"FOUL  by CHAMBERS,DIMETRI",,,"FOUL  by CHAMBERS,DIMETRI",2,foul,,oglethorpe,"chambers,dimetri",,"[""grant,she'chem"", 'tullos,zachary', 'hughes,anthony', 'bush,rodreekas', 'miller,joshua', 'pelt,justin van', 'jenkins,kaleb', 'mclaurin,ryan']","['sone,carlos', 'chambers,dimetri', 'gulley,trevor', 'cammon,josh']",194
380,5100,Oglethorpe,Millsaps,0,107-114,"38,37,9,13,17","37,38,9,13,10",9-7,11-5,3-2,3-2,01/17/20,8:00 PM,N/A,Dorough Field House,Win,5,True,N/A,False,02:57,"GOOD LAYUP by PELT,JUSTIN VAN(in the paint)",68 ,,65,,MC 68-65 (+3),,"GOOD LAYUP by PELT,JUSTIN VAN(in the paint)",2,layup,good,millsaps,"pelt,justin van",2,"[""grant,she'chem"", 'tullos,zachary', 'hughes,anthony', 'bush,rodreekas', 'miller,joshua', 'pelt,justin van', 'jenkins,kaleb', 'mclaurin,ryan']","['sone,carlos', 'chambers,dimetri', 'gulley,trevor', 'cammon,josh']",177
381,5100,Oglethorpe,Millsaps,0,107-114,"38,37,9,13,17","37,38,9,13,10",9-7,11-5,3-2,3-2,01/17/20,8:00 PM,N/A,Dorough Field House,Win,5,True,N/A,False,--,"ASSIST  by HUGHES,ANTHONY",68 ,,65,,,,"ASSIST  by HUGHES,ANTHONY",2,assist,,millsaps,"hughes,anthony",,"[""grant,she'chem"", 'tullos,zachary', 'hughes,anthony', 'bush,rodreekas', 'miller,joshua', 'pelt,justin van', 'jenkins,kaleb', 'mclaurin,ryan']","['sone,carlos', 'chambers,dimetri', 'gulley,trevor', 'cammon,josh']",
382,5100,Oglethorpe,Millsaps,0,107-114,"38,37,9,13,17","37,38,9,13,10",9-7,11-5,3-2,3-2,01/17/20,8:00 PM,N/A,Dorough Field House,Win,5,True,N/A,False,02:37,,68 ,,65,"TURNOVER  by CAMMON,JOSH",,,"TURNOVER  by CAMMON,JOSH",2,turnover,,oglethorpe,"cammon,josh",,"[""grant,she'chem"", 'tullos,zachary', 'hughes,anthony', 'bush,rodreekas', 'miller,joshua', 'pelt,justin van', 'jenkins,kaleb', 'mclaurin,ryan']","['sone,carlos', 'chambers,dimetri', 'gulley,trevor', 'cammon,josh']",157
383,5100,Oglethorpe,Millsaps,0,107-114,"38,37,9,13,17","37,38,9,13,10",9-7,11-5,3-2,3-2,01/17/20,8:00 PM,N/A,Dorough Field House,Win,5,True,N/A,False,02:32,"STEAL  by MCLAURIN,RYAN",68 ,,65,,,,"STEAL  by MCLAURIN,RYAN",2,steal,,millsaps,,,"[""grant,she'chem"", 'tullos,zachary', 'hughes,anthony', 'bush,rodreekas', 'miller,joshua', 'pelt,justin van', 'jenkins,kaleb', 'mclaurin,ryan']","['sone,carlos', 'chambers,dimetri', 'gulley,trevor', 'cammon,josh']",152
384,5100,Oglethorpe,Millsaps,0,107-114,"38,37,9,13,17","37,38,9,13,10",9-7,11-5,3-2,3-2,01/17/20,8:00 PM,N/A,Dorough Field House,Win,5,True,N/A,False,02:18,"MISS 3PTR by JENKINS,KALEB",68 ,,65,,,,"MISS 3PTR by JENKINS,KALEB",2,three pointer,missed,millsaps,"jenkins,kaleb",,"[""grant,she'chem"", 'tullos,zachary', 'hughes,anthony', 'bush,rodreekas', 'miller,joshua', 'pelt,justin van', 'jenkins,kaleb', 'mclaurin,ryan']","['sone,carlos', 'chambers,dimetri', 'gulley,trevor', 'cammon,josh']",138
385,5100,Oglethorpe,Millsaps,0,107-114,"38,37,9,13,17","37,38,9,13,10",9-7,11-5,3-2,3-2,01/17/20,8:00 PM,N/A,Dorough Field House,Win,5,True,N/A,False,--,,68 ,,65,"REBOUND DEF by CAMMON,JOSH",,,"REBOUND DEF by CAMMON,JOSH",2,defensive rebound,,oglethorpe,"cammon,josh",,"[""grant,she'chem"", 'tullos,zachary', 'hughes,anthony', 'bush,rodreekas', 'miller,joshua', 'pelt,justin van', 'jenkins,kaleb', 'mclaurin,ryan']","['sone,carlos', 'chambers,dimetri', 'gulley,trevor', 'cammon,josh']",
386,5100,Oglethorpe,Millsaps,0,107-114,"38,37,9,13,17","37,38,9,13,10",9-7,11-5,3-2,3-2,01/17/20,8:00 PM,N/A,Dorough Field House,Win,5,True,N/A,False,02:03,,68 ,,67,"GOOD JUMPER by CAMMON,JOSH(in the paint)",OU 68-67 (+1),,"GOOD JUMPER by CAMMON,JOSH(in the paint)",2,jumper,good,oglethorpe,"cammon,josh",2,"[""grant,she'chem"", 'tullos,zachary', 'hughes,anthony', 'bush,rodreekas', 'miller,joshua', 'pelt,justin van', 'jenkins,kaleb', 'mclaurin,ryan']","['sone,carlos', 'chambers,dimetri', 'gulley,trevor', 'cammon,josh']",123
387,5100,Oglethorpe,Millsaps,0,107-114,"38,37,9,13,17","37,38,9,13,10",9-7,11-5,3-2,3-2,01/17/20,8:00 PM,N/A,Dorough Field House,Win,5,True,N/A,False,01:43,"MISS LAYUP by PELT,JUSTIN VAN",68 ,,67,,,,"MISS LAYUP by PELT,JUSTIN VAN",2,layup,missed,millsaps,"pelt,justin van",,"[""grant,she'chem"", 'tullos,zachary', 'hughes,anthony', 'bush,rodreekas', 'miller,joshua', 'pelt,justin van', 'jenkins,kaleb', 'mclaurin,ryan']","['sone,carlos', 'chambers,dimetri', 'gulley,trevor', 'cammon,josh']",103
388,5100,Oglethorpe,Millsaps,0,107-114,"38,37,9,13,17","37,38,9,13,10",9-7,11-5,3-2,3-2,01/17/20,8:00 PM,N/A,Dorough Field House,Win,5,True,N/A,False,--,"REBOUND OFF by PELT,JUSTIN VAN",68 ,,67,,,,"REBOUND OFF by PELT,JUSTIN VAN",2,offensive rebound,,millsaps,"pelt,justin van",,"[""grant,she'chem"", 'tullos,zachary', 'hughes,anthony', 'bush,rodreekas', 'miller,joshua', 'pelt,justin van', 'jenkins,kaleb', 'mclaurin,ryan']","['sone,carlos', 'chambers,dimetri', 'gulley,trevor', 'cammon,josh']",
389,5100,Oglethorpe,Millsaps,0,107-114,"38,37,9,13,17","37,38,9,13,10",9-7,11-5,3-2,3-2,01/17/20,8:00 PM,N/A,Dorough Field House,Win,5,True,N/A,False,01:40,"MISS LAYUP by PELT,JUSTIN VAN",68 ,,67,,,,"MISS LAYUP by PELT,JUSTIN VAN",2,layup,missed,millsaps,"pelt,justin van",,"[""grant,she'chem"", 'tullos,zachary', 'hughes,anthony', 'bush,rodreekas', 'miller,joshua', 'pelt,justin van', 'jenkins,kaleb', 'mclaurin,ryan']","['sone,carlos', 'chambers,dimetri', 'gulley,trevor', 'cammon,josh']",100
390,5100,Oglethorpe,Millsaps,0,107-114,"38,37,9,13,17","37,38,9,13,10",9-7,11-5,3-2,3-2,01/17/20,8:00 PM,N/A,Dorough Field House,Win,5,True,N/A,False,--,"REBOUND OFF by PELT,JUSTIN VAN",68 ,,67,,,,"REBOUND OFF by PELT,JUSTIN VAN",2,offensive rebound,,millsaps,"pelt,justin van",,"[""grant,she'chem"", 'tullos,zachary', 'hughes,anthony', 'bush,rodreekas', 'miller,joshua', 'pelt,justin van', 'jenkins,kaleb', 'mclaurin,ryan']","['sone,carlos', 'chambers,dimetri', 'gulley,trevor', 'cammon,josh']",
391,5100,Oglethorpe,Millsaps,0,107-114,"38,37,9,13,17","37,38,9,13,10",9-7,11-5,3-2,3-2,01/17/20,8:00 PM,N/A,Dorough Field House,Win,5,True,N/A,False,01:40,,68 ,,67,"FOUL  by FOSTER,LANE",,,"FOUL  by FOSTER,LANE",2,foul,,oglethorpe,"foster,lane",,"[""grant,she'chem"", 'tullos,zachary', 'hughes,anthony', 'bush,rodreekas', 'miller,joshua', 'pelt,justin van', 'jenkins,kaleb', 'mclaurin,ryan']","['sone,carlos', 'chambers,dimetri', 'gulley,trevor', 'cammon,josh']",100
392,5100,Oglethorpe,Millsaps,0,107-114,"38,37,9,13,17","37,38,9,13,10",9-7,11-5,3-2,3-2,01/17/20,8:00 PM,N/A,Dorough Field House,Win,5,True,N/A,False,01:39,TIMEOUT FULL by TEAM,68 ,,67,,,,TIMEOUT FULL by TEAM,2,timeout,,millsaps,,,"[""grant,she'chem"", 'tullos,zachary', 'hughes,anthony', 'bush,rodreekas', 'miller,joshua', 'pelt,justin van', 'jenkins,kaleb', 'mclaurin,ryan']","['sone,carlos', 'chambers,dimetri', 'gulley,trevor', 'cammon,josh']",99
393,5100,Oglethorpe,Millsaps,0,107-114,"38,37,9,13,17","37,38,9,13,10",9-7,11-5,3-2,3-2,01/17/20,8:00 PM,N/A,Dorough Field House,Win,5,True,N/A,False,01:39,"MISS FT by PELT,JUSTIN VAN",68 ,,67,,,,"MISS FT by PELT,JUSTIN VAN",2,free throw,missed,millsaps,"pelt,justin van",,"[""grant,she'chem"", 'tullos,zachary', 'hughes,anthony', 'bush,rodreekas', 'miller,joshua', 'pelt,justin van', 'jenkins,kaleb', 'mclaurin,ryan']","['sone,carlos', 'chambers,dimetri', 'gulley,trevor', 'cammon,josh']",99
394,5100,Oglethorpe,Millsaps,0,107-114,"38,37,9,13,17","37,38,9,13,10",9-7,11-5,3-2,3-2,01/17/20,8:00 PM,N/A,Dorough Field House,Win,5,True,N/A,False,--,REBOUND DEADB by TEAM,68 ,,67,,,,REBOUND DEADB by TEAM,2,deadball rebound,,millsaps,,,"[""grant,she'chem"", 'tullos,zachary', 'hughes,anthony', 'bush,rodreekas', 'miller,joshua', 'pelt,justin van', 'jenkins,kaleb', 'mclaurin,ryan']","['sone,carlos', 'chambers,dimetri', 'gulley,trevor', 'cammon,josh']",
395,5100,Oglethorpe,Millsaps,0,107-114,"38,37,9,13,17","37,38,9,13,10",9-7,11-5,3-2,3-2,01/17/20,8:00 PM,N/A,Dorough Field House,Win,5,True,N/A,False,01:39,"GOOD FT by PELT,JUSTIN VAN",69 ,,67,,MC 69-67 (+2),,"GOOD FT by PELT,JUSTIN VAN",2,free throw,good,millsaps,"pelt,justin van",1,"[""grant,she'chem"", 'tullos,zachary', 'hughes,anthony', 'bush,rodreekas', 'miller,joshua', 'pelt,justin van', 'jenkins,kaleb', 'mclaurin,ryan']","['sone,carlos', 'chambers,dimetri', 'gulley,trevor', 'cammon,josh']",99
396,5100,Oglethorpe,Millsaps,0,107-114,"38,37,9,13,17","37,38,9,13,10",9-7,11-5,3-2,3-2,01/17/20,8:00 PM,N/A,Dorough Field House,Win,5,True,N/A,False,01:30,"FOUL  by PELT,JUSTIN VAN",69 ,,67,,,,"FOUL  by PELT,JUSTIN VAN",2,foul,,millsaps,"pelt,justin van",,"[""grant,she'chem"", 'tullos,zachary', 'hughes,anthony', 'bush,rodreekas', 'miller,joshua', 'pelt,justin van', 'jenkins,kaleb', 'mclaurin,ryan']","['sone,carlos', 'chambers,dimetri', 'gulley,trevor', 'cammon,josh']",90
397,5100,Oglethorpe,Millsaps,0,107-114,"38,37,9,13,17","37,38,9,13,10",9-7,11-5,3-2,3-2,01/17/20,8:00 PM,N/A,Dorough Field House,Win,5,True,N/A,False,01:30,,69 ,,67,"MISS FT by CAMMON,JOSH",,,"MISS FT by CAMMON,JOSH",2,free throw,missed,oglethorpe,"cammon,josh",,"[""grant,she'chem"", 'tullos,zachary', 'hughes,anthony', 'bush,rodreekas', 'miller,joshua', 'pelt,justin van', 'jenkins,kaleb', 'mclaurin,ryan']","['sone,carlos', 'chambers,dimetri', 'gulley,trevor', 'cammon,josh']",90
398,5100,Oglethorpe,Millsaps,0,107-114,"38,37,9,13,17","37,38,9,13,10",9-7,11-5,3-2,3-2,01/17/20,8:00 PM,N/A,Dorough Field House,Win,5,True,N/A,False,--,,69 ,,67,REBOUND DEADB by TEAM,,,REBOUND DEADB by TEAM,2,deadball rebound,,oglethorpe,,,"[""grant,she'chem"", 'tullos,zachary', 'hughes,anthony', 'bush,rodreekas', 'miller,joshua', 'pelt,justin van', 'jenkins,kaleb', 'mclaurin,ryan']","['sone,carlos', 'chambers,dimetri', 'gulley,trevor', 'cammon,josh']",
399,5100,Oglethorpe,Millsaps,0,107-114,"38,37,9,13,17","37,38,9,13,10",9-7,11-5,3-2,3-2,01/17/20,8:00 PM,N/A,Dorough Field House,Win,5,True,N/A,False,01:30,,69 ,,68,"GOOD FT by CAMMON,JOSH",OU 69-68 (+1),,"GOOD FT by CAMMON,JOSH",2,free throw,good,oglethorpe,"cammon,josh",1,"[""grant,she'chem"", 'tullos,zachary', 'hughes,anthony', 'bush,rodreekas', 'miller,joshua', 'pelt,justin van', 'jenkins,kaleb', 'mclaurin,ryan']","['sone,carlos', 'chambers,dimetri', 'gulley,trevor', 'cammon,josh']",90
400,5100,Oglethorpe,Millsaps,0,107-114,"38,37,9,13,17","37,38,9,13,10",9-7,11-5,3-2,3-2,01/17/20,8:00 PM,N/A,Dorough Field House,Win,5,True,N/A,False,01:30,,69 ,,68,"SUB IN by ETIWE,TOJU",,,"SUB IN by ETIWE,TOJU",2,subbing in,,oglethorpe,"etiwe,toju",,"[""grant,she'chem"", 'tullos,zachary', 'hughes,anthony', 'bush,rodreekas', 'miller,joshua', 'pelt,justin van', 'jenkins,kaleb', 'mclaurin,ryan']","['sone,carlos', 'chambers,dimetri', 'gulley,trevor', 'cammon,josh', 'etiwe,toju']",90
401,5100,Oglethorpe,Millsaps,0,107-114,"38,37,9,13,17","37,38,9,13,10",9-7,11-5,3-2,3-2,01/17/20,8:00 PM,N/A,Dorough Field House,Win,5,True,N/A,False,01:30,,69 ,,68,"SUB OUT by JENEI,RYAN",,,"SUB OUT by JENEI,RYAN",2,subbing out,,oglethorpe,"jenei,ryan",,"[""grant,she'chem"", 'tullos,zachary', 'hughes,anthony', 'bush,rodreekas', 'miller,joshua', 'pelt,justin van', 'jenkins,kaleb', 'mclaurin,ryan']","['sone,carlos', 'chambers,dimetri', 'gulley,trevor', 'cammon,josh', 'etiwe,toju']",90
402,5100,Oglethorpe,Millsaps,0,107-114,"38,37,9,13,17","37,38,9,13,10",9-7,11-5,3-2,3-2,01/17/20,8:00 PM,N/A,Dorough Field House,Win,5,True,N/A,False,01:19,"GOOD 3PTR by MCLAURIN,RYAN",72 ,,68,,MC 72-68 (+4),,"GOOD 3PTR by MCLAURIN,RYAN",2,three pointer,good,millsaps,"mclaurin,ryan",3,"[""grant,she'chem"", 'tullos,zachary', 'hughes,anthony', 'bush,rodreekas', 'miller,joshua', 'pelt,justin van', 'jenkins,kaleb', 'mclaurin,ryan']","['sone,carlos', 'chambers,dimetri', 'gulley,trevor', 'cammon,josh', 'etiwe,toju']",79
403,5100,Oglethorpe,Millsaps,0,107-114,"38,37,9,13,17","37,38,9,13,10",9-7,11-5,3-2,3-2,01/17/20,8:00 PM,N/A,Dorough Field House,Win,5,True,N/A,False,--,"ASSIST  by JENKINS,KALEB",72 ,,68,,,,"ASSIST  by JENKINS,KALEB",2,assist,,millsaps,"jenkins,kaleb",,"[""grant,she'chem"", 'tullos,zachary', 'hughes,anthony', 'bush,rodreekas', 'miller,joshua', 'pelt,justin van', 'jenkins,kaleb', 'mclaurin,ryan']","['sone,carlos', 'chambers,dimetri', 'gulley,trevor', 'cammon,josh', 'etiwe,toju']",
404,5100,Oglethorpe,Millsaps,0,107-114,"38,37,9,13,17","37,38,9,13,10",9-7,11-5,3-2,3-2,01/17/20,8:00 PM,N/A,Dorough Field House,Win,5,True,N/A,False,01:14,,72 ,,68,TIMEOUT FULL by TEAM,,,TIMEOUT FULL by TEAM,2,timeout,,oglethorpe,,,"[""grant,she'chem"", 'tullos,zachary', 'hughes,anthony', 'bush,rodreekas', 'miller,joshua', 'pelt,justin van', 'jenkins,kaleb', 'mclaurin,ryan']","['sone,carlos', 'chambers,dimetri', 'gulley,trevor', 'cammon,josh', 'etiwe,toju']",74
405,5100,Oglethorpe,Millsaps,0,107-114,"38,37,9,13,17","37,38,9,13,10",9-7,11-5,3-2,3-2,01/17/20,8:00 PM,N/A,Dorough Field House,Win,5,True,N/A,False,01:14,,72 ,,68,"SUB IN by JENEI,RYAN",,,"SUB IN by JENEI,RYAN",2,subbing in,,oglethorpe,"jenei,ryan",,"[""grant,she'chem"", 'tullos,zachary', 'hughes,anthony', 'bush,rodreekas', 'miller,joshua', 'pelt,justin van', 'jenkins,kaleb', 'mclaurin,ryan']","['sone,carlos', 'chambers,dimetri', 'gulley,trevor', 'cammon,josh', 'etiwe,toju']",74
406,5100,Oglethorpe,Millsaps,0,107-114,"38,37,9,13,17","37,38,9,13,10",9-7,11-5,3-2,3-2,01/17/20,8:00 PM,N/A,Dorough Field House,Win,5,True,N/A,False,01:14,,72 ,,68,"SUB OUT by ETIWE,TOJU",,,"SUB OUT by ETIWE,TOJU",2,subbing out,,oglethorpe,"etiwe,toju",,"[""grant,she'chem"", 'tullos,zachary', 'hughes,anthony', 'bush,rodreekas', 'miller,joshua', 'pelt,justin van', 'jenkins,kaleb', 'mclaurin,ryan']","['sone,carlos', 'chambers,dimetri', 'gulley,trevor', 'cammon,josh']",74
407,5100,Oglethorpe,Millsaps,0,107-114,"38,37,9,13,17","37,38,9,13,10",9-7,11-5,3-2,3-2,01/17/20,8:00 PM,N/A,Dorough Field House,Win,5,True,N/A,False,01:02,,72 ,,68,"MISS LAYUP by CAMMON,JOSH",,,"MISS LAYUP by CAMMON,JOSH",2,layup,missed,oglethorpe,"cammon,josh",,"[""grant,she'chem"", 'tullos,zachary', 'hughes,anthony', 'bush,rodreekas', 'miller,joshua', 'pelt,justin van', 'jenkins,kaleb', 'mclaurin,ryan']","['sone,carlos', 'chambers,dimetri', 'gulley,trevor', 'cammon,josh']",62
408,5100,Oglethorpe,Millsaps,0,107-114,"38,37,9,13,17","37,38,9,13,10",9-7,11-5,3-2,3-2,01/17/20,8:00 PM,N/A,Dorough Field House,Win,5,True,N/A,False,--,,72 ,,68,"REBOUND OFF by CAMMON,JOSH",,,"REBOUND OFF by CAMMON,JOSH",2,offensive rebound,,oglethorpe,"cammon,josh",,"[""grant,she'chem"", 'tullos,zachary', 'hughes,anthony', 'bush,rodreekas', 'miller,joshua', 'pelt,justin van', 'jenkins,kaleb', 'mclaurin,ryan']","['sone,carlos', 'chambers,dimetri', 'gulley,trevor', 'cammon,josh']",
409,5100,Oglethorpe,Millsaps,0,107-114,"38,37,9,13,17","37,38,9,13,10",9-7,11-5,3-2,3-2,01/17/20,8:00 PM,N/A,Dorough Field House,Win,5,True,N/A,False,00:59,,72 ,,70,"GOOD LAYUP by CAMMON,JOSH(in the paint)",OU 72-70 (+2),,"GOOD LAYUP by CAMMON,JOSH(in the paint)",2,layup,good,oglethorpe,"cammon,josh",2,"[""grant,she'chem"", 'tullos,zachary', 'hughes,anthony', 'bush,rodreekas', 'miller,joshua', 'pelt,justin van', 'jenkins,kaleb', 'mclaurin,ryan']","['sone,carlos', 'chambers,dimetri', 'gulley,trevor', 'cammon,josh']",59
410,5100,Oglethorpe,Millsaps,0,107-114,"38,37,9,13,17","37,38,9,13,10",9-7,11-5,3-2,3-2,01/17/20,8:00 PM,N/A,Dorough Field House,Win,5,True,N/A,False,00:39,"MISS 3PTR by MCLAURIN,RYAN",72 ,,70,,,,"MISS 3PTR by MCLAURIN,RYAN",2,three pointer,missed,millsaps,"mclaurin,ryan",,"[""grant,she'chem"", 'tullos,zachary', 'hughes,anthony', 'bush,rodreekas', 'miller,joshua', 'pelt,justin van', 'jenkins,kaleb', 'mclaurin,ryan']","['sone,carlos', 'chambers,dimetri', 'gulley,trevor', 'cammon,josh']",39
411,5100,Oglethorpe,Millsaps,0,107-114,"38,37,9,13,17","37,38,9,13,10",9-7,11-5,3-2,3-2,01/17/20,8:00 PM,N/A,Dorough Field House,Win,5,True,N/A,False,--,"REBOUND OFF by PELT,JUSTIN VAN",72 ,,70,,,,"REBOUND OFF by PELT,JUSTIN VAN",2,offensive rebound,,millsaps,"pelt,justin van",,"[""grant,she'chem"", 'tullos,zachary', 'hughes,anthony', 'bush,rodreekas', 'miller,joshua', 'pelt,justin van', 'jenkins,kaleb', 'mclaurin,ryan']","['sone,carlos', 'chambers,dimetri', 'gulley,trevor', 'cammon,josh']",
412,5100,Oglethorpe,Millsaps,0,107-114,"38,37,9,13,17","37,38,9,13,10",9-7,11-5,3-2,3-2,01/17/20,8:00 PM,N/A,Dorough Field House,Win,5,True,N/A,False,00:33,"GOOD LAYUP by PELT,JUSTIN VAN(in the paint)",74 ,,70,,MC 74-70 (+4),,"GOOD LAYUP by PELT,JUSTIN VAN(in the paint)",2,layup,good,millsaps,"pelt,justin van",2,"[""grant,she'chem"", 'tullos,zachary', 'hughes,anthony', 'bush,rodreekas', 'miller,joshua', 'pelt,justin van', 'jenkins,kaleb', 'mclaurin,ryan']","['sone,carlos', 'chambers,dimetri', 'gulley,trevor', 'cammon,josh']",33
413,5100,Oglethorpe,Millsaps,0,107-114,"38,37,9,13,17","37,38,9,13,10",9-7,11-5,3-2,3-2,01/17/20,8:00 PM,N/A,Dorough Field House,Win,5,True,N/A,False,00:28,,74 ,,73,"GOOD 3PTR by CHAMBERS,DIMETRI",OU 74-73 (+1),,"GOOD 3PTR by CHAMBERS,DIMETRI",2,three pointer,good,oglethorpe,"chambers,dimetri",3,"[""grant,she'chem"", 'tullos,zachary', 'hughes,anthony', 'bush,rodreekas', 'miller,joshua', 'pelt,justin van', 'jenkins,kaleb', 'mclaurin,ryan']","['sone,carlos', 'chambers,dimetri', 'gulley,trevor', 'cammon,josh']",28
414,5100,Oglethorpe,Millsaps,0,107-114,"38,37,9,13,17","37,38,9,13,10",9-7,11-5,3-2,3-2,01/17/20,8:00 PM,N/A,Dorough Field House,Win,5,True,N/A,False,00:27,,74 ,,73,TIMEOUT 30SEC by TEAM,,,TIMEOUT 30SEC by TEAM,2,timeout,,oglethorpe,,,"[""grant,she'chem"", 'tullos,zachary', 'hughes,anthony', 'bush,rodreekas', 'miller,joshua', 'pelt,justin van', 'jenkins,kaleb', 'mclaurin,ryan']","['sone,carlos', 'chambers,dimetri', 'gulley,trevor', 'cammon,josh']",27
415,5100,Oglethorpe,Millsaps,0,107-114,"38,37,9,13,17","37,38,9,13,10",9-7,11-5,3-2,3-2,01/17/20,8:00 PM,N/A,Dorough Field House,Win,5,True,N/A,False,00:27,"SUB IN by BECKER,SAXTON",74 ,,73,,,,"SUB IN by BECKER,SAXTON",2,subbing in,,millsaps,"becker,saxton",,"[""grant,she'chem"", 'tullos,zachary', 'hughes,anthony', 'bush,rodreekas', 'miller,joshua', 'pelt,justin van', 'jenkins,kaleb', 'mclaurin,ryan', 'becker,saxton']","['sone,carlos', 'chambers,dimetri', 'gulley,trevor', 'cammon,josh']",27
416,5100,Oglethorpe,Millsaps,0,107-114,"38,37,9,13,17","37,38,9,13,10",9-7,11-5,3-2,3-2,01/17/20,8:00 PM,N/A,Dorough Field House,Win,5,True,N/A,False,00:27,"SUB OUT by PELT,JUSTIN VAN",74 ,,73,,,,"SUB OUT by PELT,JUSTIN VAN",2,subbing out,,millsaps,"pelt,justin van",,"[""grant,she'chem"", 'tullos,zachary', 'hughes,anthony', 'bush,rodreekas', 'miller,joshua', 'jenkins,kaleb', 'mclaurin,ryan', 'becker,saxton']","['sone,carlos', 'chambers,dimetri', 'gulley,trevor', 'cammon,josh']",27
417,5100,Oglethorpe,Millsaps,0,107-114,"38,37,9,13,17","37,38,9,13,10",9-7,11-5,3-2,3-2,01/17/20,8:00 PM,N/A,Dorough Field House,Win,5,True,N/A,False,00:27,,74 ,,73,"SUB IN by ETIWE,TOJU",,,"SUB IN by ETIWE,TOJU",2,subbing in,,oglethorpe,"etiwe,toju",,"[""grant,she'chem"", 'tullos,zachary', 'hughes,anthony', 'bush,rodreekas', 'miller,joshua', 'jenkins,kaleb', 'mclaurin,ryan', 'becker,saxton']","['sone,carlos', 'chambers,dimetri', 'gulley,trevor', 'cammon,josh', 'etiwe,toju']",27
418,5100,Oglethorpe,Millsaps,0,107-114,"38,37,9,13,17","37,38,9,13,10",9-7,11-5,3-2,3-2,01/17/20,8:00 PM,N/A,Dorough Field House,Win,5,True,N/A,False,00:27,,74 ,,73,"SUB OUT by JENEI,RYAN",,,"SUB OUT by JENEI,RYAN",2,subbing out,,oglethorpe,"jenei,ryan",,"[""grant,she'chem"", 'tullos,zachary', 'hughes,anthony', 'bush,rodreekas', 'miller,joshua', 'jenkins,kaleb', 'mclaurin,ryan', 'becker,saxton']","['sone,carlos', 'chambers,dimetri', 'gulley,trevor', 'cammon,josh', 'etiwe,toju']",27
419,5100,Oglethorpe,Millsaps,0,107-114,"38,37,9,13,17","37,38,9,13,10",9-7,11-5,3-2,3-2,01/17/20,8:00 PM,N/A,Dorough Field House,Win,5,True,N/A,False,00:26,,74 ,,73,"FOUL  by FOSTER,LANE",,,"FOUL  by FOSTER,LANE",2,foul,,oglethorpe,"foster,lane",,"[""grant,she'chem"", 'tullos,zachary', 'hughes,anthony', 'bush,rodreekas', 'miller,joshua', 'jenkins,kaleb', 'mclaurin,ryan', 'becker,saxton']","['sone,carlos', 'chambers,dimetri', 'gulley,trevor', 'cammon,josh', 'etiwe,toju']",26
420,5100,Oglethorpe,Millsaps,0,107-114,"38,37,9,13,17","37,38,9,13,10",9-7,11-5,3-2,3-2,01/17/20,8:00 PM,N/A,Dorough Field House,Win,5,True,N/A,False,00:26,"GOOD FT by JENKINS,KALEB",75 ,,73,,MC 75-73 (+2),,"GOOD FT by JENKINS,KALEB",2,free throw,good,millsaps,"jenkins,kaleb",1,"[""grant,she'chem"", 'tullos,zachary', 'hughes,anthony', 'bush,rodreekas', 'miller,joshua', 'jenkins,kaleb', 'mclaurin,ryan', 'becker,saxton']","['sone,carlos', 'chambers,dimetri', 'gulley,trevor', 'cammon,josh', 'etiwe,toju']",26
421,5100,Oglethorpe,Millsaps,0,107-114,"38,37,9,13,17","37,38,9,13,10",9-7,11-5,3-2,3-2,01/17/20,8:00 PM,N/A,Dorough Field House,Win,5,True,N/A,False,00:26,"MISS FT by JENKINS,KALEB",75 ,,73,,,,"MISS FT by JENKINS,KALEB",2,free throw,missed,millsaps,"jenkins,kaleb",,"[""grant,she'chem"", 'tullos,zachary', 'hughes,anthony', 'bush,rodreekas', 'miller,joshua', 'jenkins,kaleb', 'mclaurin,ryan', 'becker,saxton']","['sone,carlos', 'chambers,dimetri', 'gulley,trevor', 'cammon,josh', 'etiwe,toju']",26
422,5100,Oglethorpe,Millsaps,0,107-114,"38,37,9,13,17","37,38,9,13,10",9-7,11-5,3-2,3-2,01/17/20,8:00 PM,N/A,Dorough Field House,Win,5,True,N/A,False,--,,75 ,,73,"REBOUND DEF by CAMMON,JOSH",,,"REBOUND DEF by CAMMON,JOSH",2,defensive rebound,,oglethorpe,"cammon,josh",,"[""grant,she'chem"", 'tullos,zachary', 'hughes,anthony', 'bush,rodreekas', 'miller,joshua', 'jenkins,kaleb', 'mclaurin,ryan', 'becker,saxton']","['sone,carlos', 'chambers,dimetri', 'gulley,trevor', 'cammon,josh', 'etiwe,toju']",
423,5100,Oglethorpe,Millsaps,0,107-114,"38,37,9,13,17","37,38,9,13,10",9-7,11-5,3-2,3-2,01/17/20,8:00 PM,N/A,Dorough Field House,Win,5,True,N/A,False,00:26,"SUB IN by MILLER,JOSHUA",75 ,,73,,,,"SUB IN by MILLER,JOSHUA",2,subbing in,,millsaps,"miller,joshua",,"[""grant,she'chem"", 'tullos,zachary', 'hughes,anthony', 'bush,rodreekas', 'miller,joshua', 'jenkins,kaleb', 'mclaurin,ryan', 'becker,saxton']","['sone,carlos', 'chambers,dimetri', 'gulley,trevor', 'cammon,josh', 'etiwe,toju']",26
424,5100,Oglethorpe,Millsaps,0,107-114,"38,37,9,13,17","37,38,9,13,10",9-7,11-5,3-2,3-2,01/17/20,8:00 PM,N/A,Dorough Field House,Win,5,True,N/A,False,00:26,"SUB OUT by BECKER,SAXTON",75 ,,73,,,,"SUB OUT by BECKER,SAXTON",2,subbing out,,millsaps,"becker,saxton",,"[""grant,she'chem"", 'tullos,zachary', 'hughes,anthony', 'bush,rodreekas', 'miller,joshua', 'jenkins,kaleb', 'mclaurin,ryan']","['sone,carlos', 'chambers,dimetri', 'gulley,trevor', 'cammon,josh', 'etiwe,toju']",26
425,5100,Oglethorpe,Millsaps,0,107-114,"38,37,9,13,17","37,38,9,13,10",9-7,11-5,3-2,3-2,01/17/20,8:00 PM,N/A,Dorough Field House,Win,5,True,N/A,False,00:26,,75 ,,73,"SUB IN by DAY,JUSTIN",,,"SUB IN by DAY,JUSTIN",2,subbing in,,oglethorpe,"day,justin",,"[""grant,she'chem"", 'tullos,zachary', 'hughes,anthony', 'bush,rodreekas', 'miller,joshua', 'jenkins,kaleb', 'mclaurin,ryan']","['sone,carlos', 'chambers,dimetri', 'gulley,trevor', 'cammon,josh', 'etiwe,toju', 'day,justin']",26
426,5100,Oglethorpe,Millsaps,0,107-114,"38,37,9,13,17","37,38,9,13,10",9-7,11-5,3-2,3-2,01/17/20,8:00 PM,N/A,Dorough Field House,Win,5,True,N/A,False,00:26,,75 ,,73,"SUB IN by JENEI,RYAN",,,"SUB IN by JENEI,RYAN",2,subbing in,,oglethorpe,"jenei,ryan",,"[""grant,she'chem"", 'tullos,zachary', 'hughes,anthony', 'bush,rodreekas', 'miller,joshua', 'jenkins,kaleb', 'mclaurin,ryan']","['sone,carlos', 'chambers,dimetri', 'gulley,trevor', 'cammon,josh', 'etiwe,toju', 'day,justin', 'jenei,ryan']",26
427,5100,Oglethorpe,Millsaps,0,107-114,"38,37,9,13,17","37,38,9,13,10",9-7,11-5,3-2,3-2,01/17/20,8:00 PM,N/A,Dorough Field House,Win,5,True,N/A,False,00:26,,75 ,,73,"SUB OUT by ETIWE,TOJU",,,"SUB OUT by ETIWE,TOJU",2,subbing out,,oglethorpe,"etiwe,toju",,"[""grant,she'chem"", 'tullos,zachary', 'hughes,anthony', 'bush,rodreekas', 'miller,joshua', 'jenkins,kaleb', 'mclaurin,ryan']","['sone,carlos', 'chambers,dimetri', 'gulley,trevor', 'cammon,josh', 'day,justin', 'jenei,ryan']",26
428,5100,Oglethorpe,Millsaps,0,107-114,"38,37,9,13,17","37,38,9,13,10",9-7,11-5,3-2,3-2,01/17/20,8:00 PM,N/A,Dorough Field House,Win,5,True,N/A,False,00:26,,75 ,,73,"SUB OUT by FOSTER,LANE",,,"SUB OUT by FOSTER,LANE",2,subbing out,,oglethorpe,"foster,lane",,"[""grant,she'chem"", 'tullos,zachary', 'hughes,anthony', 'bush,rodreekas', 'miller,joshua', 'jenkins,kaleb', 'mclaurin,ryan']","['sone,carlos', 'chambers,dimetri', 'gulley,trevor', 'cammon,josh', 'day,justin', 'jenei,ryan']",26
429,5100,Oglethorpe,Millsaps,0,107-114,"38,37,9,13,17","37,38,9,13,10",9-7,11-5,3-2,3-2,01/17/20,8:00 PM,N/A,Dorough Field House,Win,5,True,N/A,False,00:15,,75 ,,73,"MISS LAYUP by CHAMBERS,DIMETRI",,,"MISS LAYUP by CHAMBERS,DIMETRI",2,layup,missed,oglethorpe,"chambers,dimetri",,"[""grant,she'chem"", 'tullos,zachary', 'hughes,anthony', 'bush,rodreekas', 'miller,joshua', 'jenkins,kaleb', 'mclaurin,ryan']","['sone,carlos', 'chambers,dimetri', 'gulley,trevor', 'cammon,josh', 'day,justin', 'jenei,ryan']",15
430,5100,Oglethorpe,Millsaps,0,107-114,"38,37,9,13,17","37,38,9,13,10",9-7,11-5,3-2,3-2,01/17/20,8:00 PM,N/A,Dorough Field House,Win,5,True,N/A,False,--,,75 ,,73,"REBOUND OFF by CAMMON,JOSH",,,"REBOUND OFF by CAMMON,JOSH",2,offensive rebound,,oglethorpe,"cammon,josh",,"[""grant,she'chem"", 'tullos,zachary', 'hughes,anthony', 'bush,rodreekas', 'miller,joshua', 'jenkins,kaleb', 'mclaurin,ryan']","['sone,carlos', 'chambers,dimetri', 'gulley,trevor', 'cammon,josh', 'day,justin', 'jenei,ryan']",
431,5100,Oglethorpe,Millsaps,0,107-114,"38,37,9,13,17","37,38,9,13,10",9-7,11-5,3-2,3-2,01/17/20,8:00 PM,N/A,Dorough Field House,Win,5,True,N/A,False,00:12,,75,,75,"GOOD LAYUP by CAMMON,JOSH(in the paint)",OU 75-75 (0),,"GOOD LAYUP by CAMMON,JOSH(in the paint)",2,layup,good,oglethorpe,"cammon,josh",2,"[""grant,she'chem"", 'tullos,zachary', 'hughes,anthony', 'bush,rodreekas', 'miller,joshua', 'jenkins,kaleb', 'mclaurin,ryan']","['sone,carlos', 'chambers,dimetri', 'gulley,trevor', 'cammon,josh', 'day,justin', 'jenei,ryan']",12
432,5100,Oglethorpe,Millsaps,0,107-114,"38,37,9,13,17","37,38,9,13,10",9-7,11-5,3-2,3-2,01/17/20,8:00 PM,N/A,Dorough Field House,Win,5,True,N/A,False,00:06,TIMEOUT 30SEC by TEAM,75,,75,,,,TIMEOUT 30SEC by TEAM,2,timeout,,millsaps,,,"[""grant,she'chem"", 'tullos,zachary', 'hughes,anthony', 'bush,rodreekas', 'miller,joshua', 'jenkins,kaleb', 'mclaurin,ryan']","['sone,carlos', 'chambers,dimetri', 'gulley,trevor', 'cammon,josh', 'day,justin', 'jenei,ryan']",6
433,5100,Oglethorpe,Millsaps,0,107-114,"38,37,9,13,17","37,38,9,13,10",9-7,11-5,3-2,3-2,01/17/20,8:00 PM,N/A,Dorough Field House,Win,5,True,N/A,False,00:06,"SUB IN by PELT,JUSTIN VAN",75,,75,,,,"SUB IN by PELT,JUSTIN VAN",2,subbing in,,millsaps,"pelt,justin van",,"[""grant,she'chem"", 'tullos,zachary', 'hughes,anthony', 'bush,rodreekas', 'miller,joshua', 'jenkins,kaleb', 'mclaurin,ryan']","['sone,carlos', 'chambers,dimetri', 'gulley,trevor', 'cammon,josh', 'day,justin', 'jenei,ryan']",6
434,5100,Oglethorpe,Millsaps,0,107-114,"38,37,9,13,17","37,38,9,13,10",9-7,11-5,3-2,3-2,01/17/20,8:00 PM,N/A,Dorough Field House,Win,5,True,N/A,False,00:06,"SUB OUT by MILLER,JOSHUA",75,,75,,,,"SUB OUT by MILLER,JOSHUA",2,subbing out,,millsaps,"miller,joshua",,"[""grant,she'chem"", 'tullos,zachary', 'hughes,anthony', 'bush,rodreekas', 'jenkins,kaleb', 'mclaurin,ryan']","['sone,carlos', 'chambers,dimetri', 'gulley,trevor', 'cammon,josh', 'day,justin', 'jenei,ryan']",6
435,5100,Oglethorpe,Millsaps,0,107-114,"38,37,9,13,17","37,38,9,13,10",9-7,11-5,3-2,3-2,01/17/20,8:00 PM,N/A,Dorough Field House,Win,5,True,N/A,False,00:01,"MISS JUMPER by GRANT,SHE'CHEM",75,,75,,,,"MISS JUMPER by GRANT,SHE'CHEM",2,jumper,missed,millsaps,"grant,she'chem",,"[""grant,she'chem"", 'tullos,zachary', 'hughes,anthony', 'bush,rodreekas', 'jenkins,kaleb', 'mclaurin,ryan']","['sone,carlos', 'chambers,dimetri', 'gulley,trevor', 'cammon,josh', 'day,justin', 'jenei,ryan']",1
436,5100,Oglethorpe,Millsaps,0,107-114,"38,37,9,13,17","37,38,9,13,10",9-7,11-5,3-2,3-2,01/17/20,8:00 PM,N/A,Dorough Field House,Win,5,True,N/A,False,--,,75,,75,"REBOUND DEF by DAY,JUSTIN",,,"REBOUND DEF by DAY,JUSTIN",2,defensive rebound,,oglethorpe,"day,justin",,"[""grant,she'chem"", 'tullos,zachary', 'hughes,anthony', 'bush,rodreekas', 'jenkins,kaleb', 'mclaurin,ryan']","['sone,carlos', 'chambers,dimetri', 'gulley,trevor', 'cammon,josh', 'day,justin', 'jenei,ryan']",
437,5100,Oglethorpe,Millsaps,0,107-114,"38,37,9,13,17","37,38,9,13,10",9-7,11-5,3-2,3-2,01/17/20,8:00 PM,N/A,Dorough Field House,Win,5,True,N/A,False,00:01,,75,,75,TIMEOUT 30SEC by TEAM,,,TIMEOUT 30SEC by TEAM,2,timeout,,oglethorpe,,,"[""grant,she'chem"", 'tullos,zachary', 'hughes,anthony', 'bush,rodreekas', 'jenkins,kaleb', 'mclaurin,ryan']","['sone,carlos', 'chambers,dimetri', 'gulley,trevor', 'cammon,josh', 'day,justin', 'jenei,ryan']",1
438,5100,Oglethorpe,Millsaps,0,107-114,"38,37,9,13,17","37,38,9,13,10",9-7,11-5,3-2,3-2,01/17/20,8:00 PM,N/A,Dorough Field House,Win,5,True,N/A,False,00:01,,75,,75,"SUB IN by ETIWE,TOJU",,,"SUB IN by ETIWE,TOJU",2,subbing in,,oglethorpe,"etiwe,toju",,"[""grant,she'chem"", 'tullos,zachary', 'hughes,anthony', 'bush,rodreekas', 'jenkins,kaleb', 'mclaurin,ryan']","['sone,carlos', 'chambers,dimetri', 'gulley,trevor', 'cammon,josh', 'day,justin', 'jenei,ryan', 'etiwe,toju']",1
439,5100,Oglethorpe,Millsaps,0,107-114,"38,37,9,13,17","37,38,9,13,10",9-7,11-5,3-2,3-2,01/17/20,8:00 PM,N/A,Dorough Field House,Win,5,True,N/A,False,00:01,,75,,75,"SUB OUT by JENEI,RYAN",,,"SUB OUT by JENEI,RYAN",2,subbing out,,oglethorpe,"jenei,ryan",,"[""grant,she'chem"", 'tullos,zachary', 'hughes,anthony', 'bush,rodreekas', 'jenkins,kaleb', 'mclaurin,ryan']","['sone,carlos', 'chambers,dimetri', 'gulley,trevor', 'cammon,josh', 'day,justin', 'etiwe,toju']",1
440,5100,Oglethorpe,Millsaps,0,107-114,"38,37,9,13,17","37,38,9,13,10",9-7,11-5,3-2,3-2,01/17/20,8:00 PM,N/A,Dorough Field House,Win,5,True,N/A,False,05:00,"SUB IN by GRANT,SHE'CHEM",75,,75,,,,"SUB IN by GRANT,SHE'CHEM",3,subbing in,,millsaps,"grant,she'chem",,"[""grant,she'chem"", 'tullos,zachary', 'hughes,anthony', 'bush,rodreekas', 'jenkins,kaleb', 'mclaurin,ryan']","['sone,carlos', 'chambers,dimetri', 'gulley,trevor', 'cammon,josh', 'day,justin', 'etiwe,toju']",300
441,5100,Oglethorpe,Millsaps,0,107-114,"38,37,9,13,17","37,38,9,13,10",9-7,11-5,3-2,3-2,01/17/20,8:00 PM,N/A,Dorough Field House,Win,5,True,N/A,False,05:00,"SUB IN by PELT,JUSTIN VAN",75,,75,,,,"SUB IN by PELT,JUSTIN VAN",3,subbing in,,millsaps,"pelt,justin van",,"[""grant,she'chem"", 'tullos,zachary', 'hughes,anthony', 'bush,rodreekas', 'jenkins,kaleb', 'mclaurin,ryan']","['sone,carlos', 'chambers,dimetri', 'gulley,trevor', 'cammon,josh', 'day,justin', 'etiwe,toju']",300
442,5100,Oglethorpe,Millsaps,0,107-114,"38,37,9,13,17","37,38,9,13,10",9-7,11-5,3-2,3-2,01/17/20,8:00 PM,N/A,Dorough Field House,Win,5,True,N/A,False,05:00,"SUB OUT by BLANZ,BUCK",75,,75,,,,"SUB OUT by BLANZ,BUCK",3,subbing out,,millsaps,"blanz,buck",,"[""grant,she'chem"", 'tullos,zachary', 'hughes,anthony', 'bush,rodreekas', 'jenkins,kaleb', 'mclaurin,ryan']","['sone,carlos', 'chambers,dimetri', 'gulley,trevor', 'cammon,josh', 'day,justin', 'etiwe,toju']",300
443,5100,Oglethorpe,Millsaps,0,107-114,"38,37,9,13,17","37,38,9,13,10",9-7,11-5,3-2,3-2,01/17/20,8:00 PM,N/A,Dorough Field House,Win,5,True,N/A,False,05:00,"SUB OUT by SPIKES,KALVIN",75,,75,,,,"SUB OUT by SPIKES,KALVIN",3,subbing out,,millsaps,"spikes,kalvin",,"[""grant,she'chem"", 'tullos,zachary', 'hughes,anthony', 'bush,rodreekas', 'jenkins,kaleb', 'mclaurin,ryan']","['sone,carlos', 'chambers,dimetri', 'gulley,trevor', 'cammon,josh', 'day,justin', 'etiwe,toju']",300
444,5100,Oglethorpe,Millsaps,0,107-114,"38,37,9,13,17","37,38,9,13,10",9-7,11-5,3-2,3-2,01/17/20,8:00 PM,N/A,Dorough Field House,Win,5,True,N/A,False,05:00,,75,,75,"SUB IN by DAY,JUSTIN",,,"SUB IN by DAY,JUSTIN",3,subbing in,,oglethorpe,"day,justin",,"[""grant,she'chem"", 'tullos,zachary', 'hughes,anthony', 'bush,rodreekas', 'jenkins,kaleb', 'mclaurin,ryan']","['sone,carlos', 'chambers,dimetri', 'gulley,trevor', 'cammon,josh', 'day,justin', 'etiwe,toju']",300
445,5100,Oglethorpe,Millsaps,0,107-114,"38,37,9,13,17","37,38,9,13,10",9-7,11-5,3-2,3-2,01/17/20,8:00 PM,N/A,Dorough Field House,Win,5,True,N/A,False,05:00,,75,,75,"SUB OUT by FOSTER,LANE",,,"SUB OUT by FOSTER,LANE",3,subbing out,,oglethorpe,"foster,lane",,"[""grant,she'chem"", 'tullos,zachary', 'hughes,anthony', 'bush,rodreekas', 'jenkins,kaleb', 'mclaurin,ryan']","['sone,carlos', 'chambers,dimetri', 'gulley,trevor', 'cammon,josh', 'day,justin', 'etiwe,toju']",300
446,5100,Oglethorpe,Millsaps,0,107-114,"38,37,9,13,17","37,38,9,13,10",9-7,11-5,3-2,3-2,01/17/20,8:00 PM,N/A,Dorough Field House,Win,5,True,N/A,False,04:48,"MISS 3PTR by JENKINS,KALEB",75,,75,,,,"MISS 3PTR by JENKINS,KALEB",3,three pointer,missed,millsaps,"jenkins,kaleb",,"[""grant,she'chem"", 'tullos,zachary', 'hughes,anthony', 'bush,rodreekas', 'jenkins,kaleb', 'mclaurin,ryan']","['sone,carlos', 'chambers,dimetri', 'gulley,trevor', 'cammon,josh', 'day,justin', 'etiwe,toju']",288
447,5100,Oglethorpe,Millsaps,0,107-114,"38,37,9,13,17","37,38,9,13,10",9-7,11-5,3-2,3-2,01/17/20,8:00 PM,N/A,Dorough Field House,Win,5,True,N/A,False,04:48,,75,,75,"BLOCK  by CAMMON,JOSH",,,"BLOCK  by CAMMON,JOSH",3,block,,oglethorpe,"cammon,josh",,"[""grant,she'chem"", 'tullos,zachary', 'hughes,anthony', 'bush,rodreekas', 'jenkins,kaleb', 'mclaurin,ryan']","['sone,carlos', 'chambers,dimetri', 'gulley,trevor', 'cammon,josh', 'day,justin', 'etiwe,toju']",288
448,5100,Oglethorpe,Millsaps,0,107-114,"38,37,9,13,17","37,38,9,13,10",9-7,11-5,3-2,3-2,01/17/20,8:00 PM,N/A,Dorough Field House,Win,5,True,N/A,False,--,REBOUND DEADB by TEAM,75,,75,,,,REBOUND DEADB by TEAM,3,deadball rebound,,millsaps,,,"[""grant,she'chem"", 'tullos,zachary', 'hughes,anthony', 'bush,rodreekas', 'jenkins,kaleb', 'mclaurin,ryan']","['sone,carlos', 'chambers,dimetri', 'gulley,trevor', 'cammon,josh', 'day,justin', 'etiwe,toju']",
449,5100,Oglethorpe,Millsaps,0,107-114,"38,37,9,13,17","37,38,9,13,10",9-7,11-5,3-2,3-2,01/17/20,8:00 PM,N/A,Dorough Field House,Win,5,True,N/A,False,04:45,"TURNOVER  by GRANT,SHE'CHEM",75,,75,,,,"TURNOVER  by GRANT,SHE'CHEM",3,turnover,,millsaps,"grant,she'chem",,"[""grant,she'chem"", 'tullos,zachary', 'hughes,anthony', 'bush,rodreekas', 'jenkins,kaleb', 'mclaurin,ryan']","['sone,carlos', 'chambers,dimetri', 'gulley,trevor', 'cammon,josh', 'day,justin', 'etiwe,toju']",285
450,5100,Oglethorpe,Millsaps,0,107-114,"38,37,9,13,17","37,38,9,13,10",9-7,11-5,3-2,3-2,01/17/20,8:00 PM,N/A,Dorough Field House,Win,5,True,N/A,False,04:45,,75,,75,"STEAL  by CHAMBERS,DIMETRI",,,"STEAL  by CHAMBERS,DIMETRI",3,steal,,oglethorpe,,,"[""grant,she'chem"", 'tullos,zachary', 'hughes,anthony', 'bush,rodreekas', 'jenkins,kaleb', 'mclaurin,ryan']","['sone,carlos', 'chambers,dimetri', 'gulley,trevor', 'cammon,josh', 'day,justin', 'etiwe,toju']",285
451,5100,Oglethorpe,Millsaps,0,107-114,"38,37,9,13,17","37,38,9,13,10",9-7,11-5,3-2,3-2,01/17/20,8:00 PM,N/A,Dorough Field House,Win,5,True,N/A,False,04:38,,75,,75,"MISS 3PTR by CHAMBERS,DIMETRI",,,"MISS 3PTR by CHAMBERS,DIMETRI",3,three pointer,missed,oglethorpe,"chambers,dimetri",,"[""grant,she'chem"", 'tullos,zachary', 'hughes,anthony', 'bush,rodreekas', 'jenkins,kaleb', 'mclaurin,ryan']","['sone,carlos', 'chambers,dimetri', 'gulley,trevor', 'cammon,josh', 'day,justin', 'etiwe,toju']",278
452,5100,Oglethorpe,Millsaps,0,107-114,"38,37,9,13,17","37,38,9,13,10",9-7,11-5,3-2,3-2,01/17/20,8:00 PM,N/A,Dorough Field House,Win,5,True,N/A,False,--,"REBOUND DEF by PELT,JUSTIN VAN",75,,75,,,,"REBOUND DEF by PELT,JUSTIN VAN",3,defensive rebound,,millsaps,"pelt,justin van",,"[""grant,she'chem"", 'tullos,zachary', 'hughes,anthony', 'bush,rodreekas', 'jenkins,kaleb', 'mclaurin,ryan']","['sone,carlos', 'chambers,dimetri', 'gulley,trevor', 'cammon,josh', 'day,justin', 'etiwe,toju']",
453,5100,Oglethorpe,Millsaps,0,107-114,"38,37,9,13,17","37,38,9,13,10",9-7,11-5,3-2,3-2,01/17/20,8:00 PM,N/A,Dorough Field House,Win,5,True,N/A,False,04:27,"TURNOVER  by HUGHES,ANTHONY",75,,75,,,,"TURNOVER  by HUGHES,ANTHONY",3,turnover,,millsaps,"hughes,anthony",,"[""grant,she'chem"", 'tullos,zachary', 'hughes,anthony', 'bush,rodreekas', 'jenkins,kaleb', 'mclaurin,ryan']","['sone,carlos', 'chambers,dimetri', 'gulley,trevor', 'cammon,josh', 'day,justin', 'etiwe,toju']",267
454,5100,Oglethorpe,Millsaps,0,107-114,"38,37,9,13,17","37,38,9,13,10",9-7,11-5,3-2,3-2,01/17/20,8:00 PM,N/A,Dorough Field House,Win,5,True,N/A,False,04:23,,75,,75,"STEAL  by JENEI,RYAN",,,"STEAL  by JENEI,RYAN",3,steal,,oglethorpe,,,"[""grant,she'chem"", 'tullos,zachary', 'hughes,anthony', 'bush,rodreekas', 'jenkins,kaleb', 'mclaurin,ryan']","['sone,carlos', 'chambers,dimetri', 'gulley,trevor', 'cammon,josh', 'day,justin', 'etiwe,toju']",263
455,5100,Oglethorpe,Millsaps,0,107-114,"38,37,9,13,17","37,38,9,13,10",9-7,11-5,3-2,3-2,01/17/20,8:00 PM,N/A,Dorough Field House,Win,5,True,N/A,False,04:12,,75,,75,"MISS LAYUP by SONE,CARLOS",,,"MISS LAYUP by SONE,CARLOS",3,layup,missed,oglethorpe,"sone,carlos",,"[""grant,she'chem"", 'tullos,zachary', 'hughes,anthony', 'bush,rodreekas', 'jenkins,kaleb', 'mclaurin,ryan']","['sone,carlos', 'chambers,dimetri', 'gulley,trevor', 'cammon,josh', 'day,justin', 'etiwe,toju']",252
456,5100,Oglethorpe,Millsaps,0,107-114,"38,37,9,13,17","37,38,9,13,10",9-7,11-5,3-2,3-2,01/17/20,8:00 PM,N/A,Dorough Field House,Win,5,True,N/A,False,--,,75,,75,"REBOUND OFF by CAMMON,JOSH",,,"REBOUND OFF by CAMMON,JOSH",3,offensive rebound,,oglethorpe,"cammon,josh",,"[""grant,she'chem"", 'tullos,zachary', 'hughes,anthony', 'bush,rodreekas', 'jenkins,kaleb', 'mclaurin,ryan']","['sone,carlos', 'chambers,dimetri', 'gulley,trevor', 'cammon,josh', 'day,justin', 'etiwe,toju']",
457,5100,Oglethorpe,Millsaps,0,107-114,"38,37,9,13,17","37,38,9,13,10",9-7,11-5,3-2,3-2,01/17/20,8:00 PM,N/A,Dorough Field House,Win,5,True,N/A,False,04:08,,75,,77 ,"GOOD TIPIN by CAMMON,JOSH(in the paint)",OU 75-77 (-2),,"GOOD TIPIN by CAMMON,JOSH(in the paint)",3,tipin,good,oglethorpe,"cammon,josh",2,"[""grant,she'chem"", 'tullos,zachary', 'hughes,anthony', 'bush,rodreekas', 'jenkins,kaleb', 'mclaurin,ryan']","['sone,carlos', 'chambers,dimetri', 'gulley,trevor', 'cammon,josh', 'day,justin', 'etiwe,toju']",248
458,5100,Oglethorpe,Millsaps,0,107-114,"38,37,9,13,17","37,38,9,13,10",9-7,11-5,3-2,3-2,01/17/20,8:00 PM,N/A,Dorough Field House,Win,5,True,N/A,False,03:54,"GOOD 3PTR by MCLAURIN,RYAN",78 ,,77,,MC 78-77 (+1),,"GOOD 3PTR by MCLAURIN,RYAN",3,three pointer,good,millsaps,"mclaurin,ryan",3,"[""grant,she'chem"", 'tullos,zachary', 'hughes,anthony', 'bush,rodreekas', 'jenkins,kaleb', 'mclaurin,ryan']","['sone,carlos', 'chambers,dimetri', 'gulley,trevor', 'cammon,josh', 'day,justin', 'etiwe,toju']",234
459,5100,Oglethorpe,Millsaps,0,107-114,"38,37,9,13,17","37,38,9,13,10",9-7,11-5,3-2,3-2,01/17/20,8:00 PM,N/A,Dorough Field House,Win,5,True,N/A,False,--,"ASSIST  by GRANT,SHE'CHEM",78 ,,77,,,,"ASSIST  by GRANT,SHE'CHEM",3,assist,,millsaps,"grant,she'chem",,"[""grant,she'chem"", 'tullos,zachary', 'hughes,anthony', 'bush,rodreekas', 'jenkins,kaleb', 'mclaurin,ryan']","['sone,carlos', 'chambers,dimetri', 'gulley,trevor', 'cammon,josh', 'day,justin', 'etiwe,toju']",
460,5100,Oglethorpe,Millsaps,0,107-114,"38,37,9,13,17","37,38,9,13,10",9-7,11-5,3-2,3-2,01/17/20,8:00 PM,N/A,Dorough Field House,Win,5,True,N/A,False,03:34,,78 ,,77,"MISS JUMPER by DAY,JUSTIN",,,"MISS JUMPER by DAY,JUSTIN",3,jumper,missed,oglethorpe,"day,justin",,"[""grant,she'chem"", 'tullos,zachary', 'hughes,anthony', 'bush,rodreekas', 'jenkins,kaleb', 'mclaurin,ryan']","['sone,carlos', 'chambers,dimetri', 'gulley,trevor', 'cammon,josh', 'day,justin', 'etiwe,toju']",214
461,5100,Oglethorpe,Millsaps,0,107-114,"38,37,9,13,17","37,38,9,13,10",9-7,11-5,3-2,3-2,01/17/20,8:00 PM,N/A,Dorough Field House,Win,5,True,N/A,False,--,"REBOUND DEF by PELT,JUSTIN VAN",78 ,,77,,,,"REBOUND DEF by PELT,JUSTIN VAN",3,defensive rebound,,millsaps,"pelt,justin van",,"[""grant,she'chem"", 'tullos,zachary', 'hughes,anthony', 'bush,rodreekas', 'jenkins,kaleb', 'mclaurin,ryan']","['sone,carlos', 'chambers,dimetri', 'gulley,trevor', 'cammon,josh', 'day,justin', 'etiwe,toju']",
462,5100,Oglethorpe,Millsaps,0,107-114,"38,37,9,13,17","37,38,9,13,10",9-7,11-5,3-2,3-2,01/17/20,8:00 PM,N/A,Dorough Field House,Win,5,True,N/A,False,03:12,"MISS 3PTR by MCLAURIN,RYAN",78 ,,77,,,,"MISS 3PTR by MCLAURIN,RYAN",3,three pointer,missed,millsaps,"mclaurin,ryan",,"[""grant,she'chem"", 'tullos,zachary', 'hughes,anthony', 'bush,rodreekas', 'jenkins,kaleb', 'mclaurin,ryan']","['sone,carlos', 'chambers,dimetri', 'gulley,trevor', 'cammon,josh', 'day,justin', 'etiwe,toju']",192
463,5100,Oglethorpe,Millsaps,0,107-114,"38,37,9,13,17","37,38,9,13,10",9-7,11-5,3-2,3-2,01/17/20,8:00 PM,N/A,Dorough Field House,Win,5,True,N/A,False,03:12,,78 ,,77,"BLOCK  by SONE,CARLOS",,,"BLOCK  by SONE,CARLOS",3,block,,oglethorpe,"sone,carlos",,"[""grant,she'chem"", 'tullos,zachary', 'hughes,anthony', 'bush,rodreekas', 'jenkins,kaleb', 'mclaurin,ryan']","['sone,carlos', 'chambers,dimetri', 'gulley,trevor', 'cammon,josh', 'day,justin', 'etiwe,toju']",192
464,5100,Oglethorpe,Millsaps,0,107-114,"38,37,9,13,17","37,38,9,13,10",9-7,11-5,3-2,3-2,01/17/20,8:00 PM,N/A,Dorough Field House,Win,5,True,N/A,False,--,,78 ,,77,"REBOUND DEF by CAMMON,JOSH",,,"REBOUND DEF by CAMMON,JOSH",3,defensive rebound,,oglethorpe,"cammon,josh",,"[""grant,she'chem"", 'tullos,zachary', 'hughes,anthony', 'bush,rodreekas', 'jenkins,kaleb', 'mclaurin,ryan']","['sone,carlos', 'chambers,dimetri', 'gulley,trevor', 'cammon,josh', 'day,justin', 'etiwe,toju']",
465,5100,Oglethorpe,Millsaps,0,107-114,"38,37,9,13,17","37,38,9,13,10",9-7,11-5,3-2,3-2,01/17/20,8:00 PM,N/A,Dorough Field House,Win,5,True,N/A,False,02:58,"FOUL  by PELT,JUSTIN VAN",78 ,,77,,,,"FOUL  by PELT,JUSTIN VAN",3,foul,,millsaps,"pelt,justin van",,"[""grant,she'chem"", 'tullos,zachary', 'hughes,anthony', 'bush,rodreekas', 'jenkins,kaleb', 'mclaurin,ryan']","['sone,carlos', 'chambers,dimetri', 'gulley,trevor', 'cammon,josh', 'day,justin', 'etiwe,toju']",178
466,5100,Oglethorpe,Millsaps,0,107-114,"38,37,9,13,17","37,38,9,13,10",9-7,11-5,3-2,3-2,01/17/20,8:00 PM,N/A,Dorough Field House,Win,5,True,N/A,False,02:58,,78,,78,"GOOD FT by DAY,JUSTIN",OU 78-78 (0),,"GOOD FT by DAY,JUSTIN",3,free throw,good,oglethorpe,"day,justin",1,"[""grant,she'chem"", 'tullos,zachary', 'hughes,anthony', 'bush,rodreekas', 'jenkins,kaleb', 'mclaurin,ryan']","['sone,carlos', 'chambers,dimetri', 'gulley,trevor', 'cammon,josh', 'day,justin', 'etiwe,toju']",178
467,5100,Oglethorpe,Millsaps,0,107-114,"38,37,9,13,17","37,38,9,13,10",9-7,11-5,3-2,3-2,01/17/20,8:00 PM,N/A,Dorough Field House,Win,5,True,N/A,False,02:58,,78,,79 ,"GOOD FT by DAY,JUSTIN",OU 78-79 (-1),,"GOOD FT by DAY,JUSTIN",3,free throw,good,oglethorpe,"day,justin",1,"[""grant,she'chem"", 'tullos,zachary', 'hughes,anthony', 'bush,rodreekas', 'jenkins,kaleb', 'mclaurin,ryan']","['sone,carlos', 'chambers,dimetri', 'gulley,trevor', 'cammon,josh', 'day,justin', 'etiwe,toju']",178
468,5100,Oglethorpe,Millsaps,0,107-114,"38,37,9,13,17","37,38,9,13,10",9-7,11-5,3-2,3-2,01/17/20,8:00 PM,N/A,Dorough Field House,Win,5,True,N/A,False,02:45,"GOOD LAYUP by MCLAURIN,RYAN(in the paint)",80 ,,79,,MC 80-79 (+1),,"GOOD LAYUP by MCLAURIN,RYAN(in the paint)",3,layup,good,millsaps,"mclaurin,ryan",2,"[""grant,she'chem"", 'tullos,zachary', 'hughes,anthony', 'bush,rodreekas', 'jenkins,kaleb', 'mclaurin,ryan']","['sone,carlos', 'chambers,dimetri', 'gulley,trevor', 'cammon,josh', 'day,justin', 'etiwe,toju']",165
469,5100,Oglethorpe,Millsaps,0,107-114,"38,37,9,13,17","37,38,9,13,10",9-7,11-5,3-2,3-2,01/17/20,8:00 PM,N/A,Dorough Field House,Win,5,True,N/A,False,02:29,,80 ,,79,"MISS JUMPER by DAY,JUSTIN",,,"MISS JUMPER by DAY,JUSTIN",3,jumper,missed,oglethorpe,"day,justin",,"[""grant,she'chem"", 'tullos,zachary', 'hughes,anthony', 'bush,rodreekas', 'jenkins,kaleb', 'mclaurin,ryan']","['sone,carlos', 'chambers,dimetri', 'gulley,trevor', 'cammon,josh', 'day,justin', 'etiwe,toju']",149
470,5100,Oglethorpe,Millsaps,0,107-114,"38,37,9,13,17","37,38,9,13,10",9-7,11-5,3-2,3-2,01/17/20,8:00 PM,N/A,Dorough Field House,Win,5,True,N/A,False,--,,80 ,,79,"REBOUND OFF by CAMMON,JOSH",,,"REBOUND OFF by CAMMON,JOSH",3,offensive rebound,,oglethorpe,"cammon,josh",,"[""grant,she'chem"", 'tullos,zachary', 'hughes,anthony', 'bush,rodreekas', 'jenkins,kaleb', 'mclaurin,ryan']","['sone,carlos', 'chambers,dimetri', 'gulley,trevor', 'cammon,josh', 'day,justin', 'etiwe,toju']",
471,5100,Oglethorpe,Millsaps,0,107-114,"38,37,9,13,17","37,38,9,13,10",9-7,11-5,3-2,3-2,01/17/20,8:00 PM,N/A,Dorough Field House,Win,5,True,N/A,False,02:22,,80 ,,79,"MISS JUMPER by CAMMON,JOSH",,,"MISS JUMPER by CAMMON,JOSH",3,jumper,missed,oglethorpe,"cammon,josh",,"[""grant,she'chem"", 'tullos,zachary', 'hughes,anthony', 'bush,rodreekas', 'jenkins,kaleb', 'mclaurin,ryan']","['sone,carlos', 'chambers,dimetri', 'gulley,trevor', 'cammon,josh', 'day,justin', 'etiwe,toju']",142
472,5100,Oglethorpe,Millsaps,0,107-114,"38,37,9,13,17","37,38,9,13,10",9-7,11-5,3-2,3-2,01/17/20,8:00 PM,N/A,Dorough Field House,Win,5,True,N/A,False,--,"REBOUND DEF by PELT,JUSTIN VAN",80 ,,79,,,,"REBOUND DEF by PELT,JUSTIN VAN",3,defensive rebound,,millsaps,"pelt,justin van",,"[""grant,she'chem"", 'tullos,zachary', 'hughes,anthony', 'bush,rodreekas', 'jenkins,kaleb', 'mclaurin,ryan']","['sone,carlos', 'chambers,dimetri', 'gulley,trevor', 'cammon,josh', 'day,justin', 'etiwe,toju']",
473,5100,Oglethorpe,Millsaps,0,107-114,"38,37,9,13,17","37,38,9,13,10",9-7,11-5,3-2,3-2,01/17/20,8:00 PM,N/A,Dorough Field House,Win,5,True,N/A,False,02:07,"GOOD LAYUP by HUGHES,ANTHONY(in the paint)",82 ,,79,,MC 82-79 (+3),,"GOOD LAYUP by HUGHES,ANTHONY(in the paint)",3,layup,good,millsaps,"hughes,anthony",2,"[""grant,she'chem"", 'tullos,zachary', 'hughes,anthony', 'bush,rodreekas', 'jenkins,kaleb', 'mclaurin,ryan']","['sone,carlos', 'chambers,dimetri', 'gulley,trevor', 'cammon,josh', 'day,justin', 'etiwe,toju']",127
474,5100,Oglethorpe,Millsaps,0,107-114,"38,37,9,13,17","37,38,9,13,10",9-7,11-5,3-2,3-2,01/17/20,8:00 PM,N/A,Dorough Field House,Win,5,True,N/A,False,--,"ASSIST  by GRANT,SHE'CHEM",82 ,,79,,,,"ASSIST  by GRANT,SHE'CHEM",3,assist,,millsaps,"grant,she'chem",,"[""grant,she'chem"", 'tullos,zachary', 'hughes,anthony', 'bush,rodreekas', 'jenkins,kaleb', 'mclaurin,ryan']","['sone,carlos', 'chambers,dimetri', 'gulley,trevor', 'cammon,josh', 'day,justin', 'etiwe,toju']",
475,5100,Oglethorpe,Millsaps,0,107-114,"38,37,9,13,17","37,38,9,13,10",9-7,11-5,3-2,3-2,01/17/20,8:00 PM,N/A,Dorough Field House,Win,5,True,N/A,False,02:00,,82,,82,"GOOD 3PTR by CHAMBERS,DIMETRI",OU 82-82 (0),,"GOOD 3PTR by CHAMBERS,DIMETRI",3,three pointer,good,oglethorpe,"chambers,dimetri",3,"[""grant,she'chem"", 'tullos,zachary', 'hughes,anthony', 'bush,rodreekas', 'jenkins,kaleb', 'mclaurin,ryan']","['sone,carlos', 'chambers,dimetri', 'gulley,trevor', 'cammon,josh', 'day,justin', 'etiwe,toju']",120
476,5100,Oglethorpe,Millsaps,0,107-114,"38,37,9,13,17","37,38,9,13,10",9-7,11-5,3-2,3-2,01/17/20,8:00 PM,N/A,Dorough Field House,Win,5,True,N/A,False,--,,82,,82,"ASSIST  by DAY,JUSTIN",,,"ASSIST  by DAY,JUSTIN",3,assist,,oglethorpe,"day,justin",,"[""grant,she'chem"", 'tullos,zachary', 'hughes,anthony', 'bush,rodreekas', 'jenkins,kaleb', 'mclaurin,ryan']","['sone,carlos', 'chambers,dimetri', 'gulley,trevor', 'cammon,josh', 'day,justin', 'etiwe,toju']",
477,5100,Oglethorpe,Millsaps,0,107-114,"38,37,9,13,17","37,38,9,13,10",9-7,11-5,3-2,3-2,01/17/20,8:00 PM,N/A,Dorough Field House,Win,5,True,N/A,False,01:36,"MISS JUMPER by HUGHES,ANTHONY",82,,82,,,,"MISS JUMPER by HUGHES,ANTHONY",3,jumper,missed,millsaps,"hughes,anthony",,"[""grant,she'chem"", 'tullos,zachary', 'hughes,anthony', 'bush,rodreekas', 'jenkins,kaleb', 'mclaurin,ryan']","['sone,carlos', 'chambers,dimetri', 'gulley,trevor', 'cammon,josh', 'day,justin', 'etiwe,toju']",96
478,5100,Oglethorpe,Millsaps,0,107-114,"38,37,9,13,17","37,38,9,13,10",9-7,11-5,3-2,3-2,01/17/20,8:00 PM,N/A,Dorough Field House,Win,5,True,N/A,False,--,"REBOUND OFF by PELT,JUSTIN VAN",82,,82,,,,"REBOUND OFF by PELT,JUSTIN VAN",3,offensive rebound,,millsaps,"pelt,justin van",,"[""grant,she'chem"", 'tullos,zachary', 'hughes,anthony', 'bush,rodreekas', 'jenkins,kaleb', 'mclaurin,ryan']","['sone,carlos', 'chambers,dimetri', 'gulley,trevor', 'cammon,josh', 'day,justin', 'etiwe,toju']",
479,5100,Oglethorpe,Millsaps,0,107-114,"38,37,9,13,17","37,38,9,13,10",9-7,11-5,3-2,3-2,01/17/20,8:00 PM,N/A,Dorough Field House,Win,5,True,N/A,False,01:17,"MISS 3PTR by JENKINS,KALEB",82,,82,,,,"MISS 3PTR by JENKINS,KALEB",3,three pointer,missed,millsaps,"jenkins,kaleb",,"[""grant,she'chem"", 'tullos,zachary', 'hughes,anthony', 'bush,rodreekas', 'jenkins,kaleb', 'mclaurin,ryan']","['sone,carlos', 'chambers,dimetri', 'gulley,trevor', 'cammon,josh', 'day,justin', 'etiwe,toju']",77
480,5100,Oglethorpe,Millsaps,0,107-114,"38,37,9,13,17","37,38,9,13,10",9-7,11-5,3-2,3-2,01/17/20,8:00 PM,N/A,Dorough Field House,Win,5,True,N/A,False,--,,82,,82,"REBOUND DEF by CAMMON,JOSH",,,"REBOUND DEF by CAMMON,JOSH",3,defensive rebound,,oglethorpe,"cammon,josh",,"[""grant,she'chem"", 'tullos,zachary', 'hughes,anthony', 'bush,rodreekas', 'jenkins,kaleb', 'mclaurin,ryan']","['sone,carlos', 'chambers,dimetri', 'gulley,trevor', 'cammon,josh', 'day,justin', 'etiwe,toju']",
481,5100,Oglethorpe,Millsaps,0,107-114,"38,37,9,13,17","37,38,9,13,10",9-7,11-5,3-2,3-2,01/17/20,8:00 PM,N/A,Dorough Field House,Win,5,True,N/A,False,00:58,,82,,82,"MISS 3PTR by DAY,JUSTIN",,,"MISS 3PTR by DAY,JUSTIN",3,three pointer,missed,oglethorpe,"day,justin",,"[""grant,she'chem"", 'tullos,zachary', 'hughes,anthony', 'bush,rodreekas', 'jenkins,kaleb', 'mclaurin,ryan']","['sone,carlos', 'chambers,dimetri', 'gulley,trevor', 'cammon,josh', 'day,justin', 'etiwe,toju']",58
482,5100,Oglethorpe,Millsaps,0,107-114,"38,37,9,13,17","37,38,9,13,10",9-7,11-5,3-2,3-2,01/17/20,8:00 PM,N/A,Dorough Field House,Win,5,True,N/A,False,--,"REBOUND DEF by HUGHES,ANTHONY",82,,82,,,,"REBOUND DEF by HUGHES,ANTHONY",3,defensive rebound,,millsaps,"hughes,anthony",,"[""grant,she'chem"", 'tullos,zachary', 'hughes,anthony', 'bush,rodreekas', 'jenkins,kaleb', 'mclaurin,ryan']","['sone,carlos', 'chambers,dimetri', 'gulley,trevor', 'cammon,josh', 'day,justin', 'etiwe,toju']",
483,5100,Oglethorpe,Millsaps,0,107-114,"38,37,9,13,17","37,38,9,13,10",9-7,11-5,3-2,3-2,01/17/20,8:00 PM,N/A,Dorough Field House,Win,5,True,N/A,False,00:41,"MISS LAYUP by MCLAURIN,RYAN",82,,82,,,,"MISS LAYUP by MCLAURIN,RYAN",3,layup,missed,millsaps,"mclaurin,ryan",,"[""grant,she'chem"", 'tullos,zachary', 'hughes,anthony', 'bush,rodreekas', 'jenkins,kaleb', 'mclaurin,ryan']","['sone,carlos', 'chambers,dimetri', 'gulley,trevor', 'cammon,josh', 'day,justin', 'etiwe,toju']",41
484,5100,Oglethorpe,Millsaps,0,107-114,"38,37,9,13,17","37,38,9,13,10",9-7,11-5,3-2,3-2,01/17/20,8:00 PM,N/A,Dorough Field House,Win,5,True,N/A,False,--,"REBOUND OFF by PELT,JUSTIN VAN",82,,82,,,,"REBOUND OFF by PELT,JUSTIN VAN",3,offensive rebound,,millsaps,"pelt,justin van",,"[""grant,she'chem"", 'tullos,zachary', 'hughes,anthony', 'bush,rodreekas', 'jenkins,kaleb', 'mclaurin,ryan']","['sone,carlos', 'chambers,dimetri', 'gulley,trevor', 'cammon,josh', 'day,justin', 'etiwe,toju']",
485,5100,Oglethorpe,Millsaps,0,107-114,"38,37,9,13,17","37,38,9,13,10",9-7,11-5,3-2,3-2,01/17/20,8:00 PM,N/A,Dorough Field House,Win,5,True,N/A,False,00:37,"GOOD TIPIN by PELT,JUSTIN VAN(in the paint)",84 ,,82,,MC 84-82 (+2),,"GOOD TIPIN by PELT,JUSTIN VAN(in the paint)",3,tipin,good,millsaps,"pelt,justin van",2,"[""grant,she'chem"", 'tullos,zachary', 'hughes,anthony', 'bush,rodreekas', 'jenkins,kaleb', 'mclaurin,ryan']","['sone,carlos', 'chambers,dimetri', 'gulley,trevor', 'cammon,josh', 'day,justin', 'etiwe,toju']",37
486,5100,Oglethorpe,Millsaps,0,107-114,"38,37,9,13,17","37,38,9,13,10",9-7,11-5,3-2,3-2,01/17/20,8:00 PM,N/A,Dorough Field House,Win,5,True,N/A,False,00:28,,84 ,,82,"MISS LAYUP by CHAMBERS,DIMETRI",,,"MISS LAYUP by CHAMBERS,DIMETRI",3,layup,missed,oglethorpe,"chambers,dimetri",,"[""grant,she'chem"", 'tullos,zachary', 'hughes,anthony', 'bush,rodreekas', 'jenkins,kaleb', 'mclaurin,ryan']","['sone,carlos', 'chambers,dimetri', 'gulley,trevor', 'cammon,josh', 'day,justin', 'etiwe,toju']",28
487,5100,Oglethorpe,Millsaps,0,107-114,"38,37,9,13,17","37,38,9,13,10",9-7,11-5,3-2,3-2,01/17/20,8:00 PM,N/A,Dorough Field House,Win,5,True,N/A,False,--,,84 ,,82,"REBOUND OFF by CAMMON,JOSH",,,"REBOUND OFF by CAMMON,JOSH",3,offensive rebound,,oglethorpe,"cammon,josh",,"[""grant,she'chem"", 'tullos,zachary', 'hughes,anthony', 'bush,rodreekas', 'jenkins,kaleb', 'mclaurin,ryan']","['sone,carlos', 'chambers,dimetri', 'gulley,trevor', 'cammon,josh', 'day,justin', 'etiwe,toju']",
488,5100,Oglethorpe,Millsaps,0,107-114,"38,37,9,13,17","37,38,9,13,10",9-7,11-5,3-2,3-2,01/17/20,8:00 PM,N/A,Dorough Field House,Win,5,True,N/A,False,00:25,,84,,84,"GOOD TIPIN by CAMMON,JOSH(in the paint)",OU 84-84 (0),,"GOOD TIPIN by CAMMON,JOSH(in the paint)",3,tipin,good,oglethorpe,"cammon,josh",2,"[""grant,she'chem"", 'tullos,zachary', 'hughes,anthony', 'bush,rodreekas', 'jenkins,kaleb', 'mclaurin,ryan']","['sone,carlos', 'chambers,dimetri', 'gulley,trevor', 'cammon,josh', 'day,justin', 'etiwe,toju']",25
489,5100,Oglethorpe,Millsaps,0,107-114,"38,37,9,13,17","37,38,9,13,10",9-7,11-5,3-2,3-2,01/17/20,8:00 PM,N/A,Dorough Field House,Win,5,True,N/A,False,00:01,"MISS 3PTR by GRANT,SHE'CHEM",84,,84,,,,"MISS 3PTR by GRANT,SHE'CHEM",3,three pointer,missed,millsaps,"grant,she'chem",,"[""grant,she'chem"", 'tullos,zachary', 'hughes,anthony', 'bush,rodreekas', 'jenkins,kaleb', 'mclaurin,ryan']","['sone,carlos', 'chambers,dimetri', 'gulley,trevor', 'cammon,josh', 'day,justin', 'etiwe,toju']",1
490,5100,Oglethorpe,Millsaps,0,107-114,"38,37,9,13,17","37,38,9,13,10",9-7,11-5,3-2,3-2,01/17/20,8:00 PM,N/A,Dorough Field House,Win,5,True,N/A,False,--,,84,,84,REBOUND DEADB by TEAM,,,REBOUND DEADB by TEAM,3,deadball rebound,,oglethorpe,,,"[""grant,she'chem"", 'tullos,zachary', 'hughes,anthony', 'bush,rodreekas', 'jenkins,kaleb', 'mclaurin,ryan']","['sone,carlos', 'chambers,dimetri', 'gulley,trevor', 'cammon,josh', 'day,justin', 'etiwe,toju']",
491,5100,Oglethorpe,Millsaps,0,107-114,"38,37,9,13,17","37,38,9,13,10",9-7,11-5,3-2,3-2,01/17/20,8:00 PM,N/A,Dorough Field House,Win,5,True,N/A,False,05:00,"SUB IN by PELT,JUSTIN VAN",84,,84,,,,"SUB IN by PELT,JUSTIN VAN",4,subbing in,,millsaps,"pelt,justin van",,"[""grant,she'chem"", 'tullos,zachary', 'hughes,anthony', 'bush,rodreekas', 'jenkins,kaleb', 'mclaurin,ryan', 'pelt,justin van']","['sone,carlos', 'chambers,dimetri', 'gulley,trevor', 'cammon,josh', 'day,justin', 'etiwe,toju']",300
492,5100,Oglethorpe,Millsaps,0,107-114,"38,37,9,13,17","37,38,9,13,10",9-7,11-5,3-2,3-2,01/17/20,8:00 PM,N/A,Dorough Field House,Win,5,True,N/A,False,05:00,"SUB IN by GRANT,SHE'CHEM",84,,84,,,,"SUB IN by GRANT,SHE'CHEM",4,subbing in,,millsaps,"grant,she'chem",,"[""grant,she'chem"", 'tullos,zachary', 'hughes,anthony', 'bush,rodreekas', 'jenkins,kaleb', 'mclaurin,ryan', 'pelt,justin van']","['sone,carlos', 'chambers,dimetri', 'gulley,trevor', 'cammon,josh', 'day,justin', 'etiwe,toju']",300
493,5100,Oglethorpe,Millsaps,0,107-114,"38,37,9,13,17","37,38,9,13,10",9-7,11-5,3-2,3-2,01/17/20,8:00 PM,N/A,Dorough Field House,Win,5,True,N/A,False,05:00,"SUB OUT by BLANZ,BUCK",84,,84,,,,"SUB OUT by BLANZ,BUCK",4,subbing out,,millsaps,"blanz,buck",,"[""grant,she'chem"", 'tullos,zachary', 'hughes,anthony', 'bush,rodreekas', 'jenkins,kaleb', 'mclaurin,ryan', 'pelt,justin van']","['sone,carlos', 'chambers,dimetri', 'gulley,trevor', 'cammon,josh', 'day,justin', 'etiwe,toju']",300
494,5100,Oglethorpe,Millsaps,0,107-114,"38,37,9,13,17","37,38,9,13,10",9-7,11-5,3-2,3-2,01/17/20,8:00 PM,N/A,Dorough Field House,Win,5,True,N/A,False,05:00,"SUB OUT by SPIKES,KALVIN",84,,84,,,,"SUB OUT by SPIKES,KALVIN",4,subbing out,,millsaps,"spikes,kalvin",,"[""grant,she'chem"", 'tullos,zachary', 'hughes,anthony', 'bush,rodreekas', 'jenkins,kaleb', 'mclaurin,ryan', 'pelt,justin van']","['sone,carlos', 'chambers,dimetri', 'gulley,trevor', 'cammon,josh', 'day,justin', 'etiwe,toju']",300
495,5100,Oglethorpe,Millsaps,0,107-114,"38,37,9,13,17","37,38,9,13,10",9-7,11-5,3-2,3-2,01/17/20,8:00 PM,N/A,Dorough Field House,Win,5,True,N/A,False,05:00,,84,,84,"SUB IN by DAY,JUSTIN",,,"SUB IN by DAY,JUSTIN",4,subbing in,,oglethorpe,"day,justin",,"[""grant,she'chem"", 'tullos,zachary', 'hughes,anthony', 'bush,rodreekas', 'jenkins,kaleb', 'mclaurin,ryan', 'pelt,justin van']","['sone,carlos', 'chambers,dimetri', 'gulley,trevor', 'cammon,josh', 'day,justin', 'etiwe,toju']",300
496,5100,Oglethorpe,Millsaps,0,107-114,"38,37,9,13,17","37,38,9,13,10",9-7,11-5,3-2,3-2,01/17/20,8:00 PM,N/A,Dorough Field House,Win,5,True,N/A,False,05:00,,84,,84,"SUB OUT by FOSTER,LANE",,,"SUB OUT by FOSTER,LANE",4,subbing out,,oglethorpe,"foster,lane",,"[""grant,she'chem"", 'tullos,zachary', 'hughes,anthony', 'bush,rodreekas', 'jenkins,kaleb', 'mclaurin,ryan', 'pelt,justin van']","['sone,carlos', 'chambers,dimetri', 'gulley,trevor', 'cammon,josh', 'day,justin', 'etiwe,toju']",300
497,5100,Oglethorpe,Millsaps,0,107-114,"38,37,9,13,17","37,38,9,13,10",9-7,11-5,3-2,3-2,01/17/20,8:00 PM,N/A,Dorough Field House,Win,5,True,N/A,False,04:47,"GOOD 3PTR by MCLAURIN,RYAN",87 ,,84,,MC 87-84 (+3),,"GOOD 3PTR by MCLAURIN,RYAN",4,three pointer,good,millsaps,"mclaurin,ryan",3,"[""grant,she'chem"", 'tullos,zachary', 'hughes,anthony', 'bush,rodreekas', 'jenkins,kaleb', 'mclaurin,ryan', 'pelt,justin van']","['sone,carlos', 'chambers,dimetri', 'gulley,trevor', 'cammon,josh', 'day,justin', 'etiwe,toju']",287
498,5100,Oglethorpe,Millsaps,0,107-114,"38,37,9,13,17","37,38,9,13,10",9-7,11-5,3-2,3-2,01/17/20,8:00 PM,N/A,Dorough Field House,Win,5,True,N/A,False,--,"ASSIST  by GRANT,SHE'CHEM",87 ,,84,,,,"ASSIST  by GRANT,SHE'CHEM",4,assist,,millsaps,"grant,she'chem",,"[""grant,she'chem"", 'tullos,zachary', 'hughes,anthony', 'bush,rodreekas', 'jenkins,kaleb', 'mclaurin,ryan', 'pelt,justin van']","['sone,carlos', 'chambers,dimetri', 'gulley,trevor', 'cammon,josh', 'day,justin', 'etiwe,toju']",
499,5100,Oglethorpe,Millsaps,0,107-114,"38,37,9,13,17","37,38,9,13,10",9-7,11-5,3-2,3-2,01/17/20,8:00 PM,N/A,Dorough Field House,Win,5,True,N/A,False,04:24,,87 ,,84,"MISS 3PTR by CHAMBERS,DIMETRI",,,"MISS 3PTR by CHAMBERS,DIMETRI",4,three pointer,missed,oglethorpe,"chambers,dimetri",,"[""grant,she'chem"", 'tullos,zachary', 'hughes,anthony', 'bush,rodreekas', 'jenkins,kaleb', 'mclaurin,ryan', 'pelt,justin van']","['sone,carlos', 'chambers,dimetri', 'gulley,trevor', 'cammon,josh', 'day,justin', 'etiwe,toju']",264
500,5100,Oglethorpe,Millsaps,0,107-114,"38,37,9,13,17","37,38,9,13,10",9-7,11-5,3-2,3-2,01/17/20,8:00 PM,N/A,Dorough Field House,Win,5,True,N/A,False,--,"REBOUND DEF by PELT,JUSTIN VAN",87 ,,84,,,,"REBOUND DEF by PELT,JUSTIN VAN",4,defensive rebound,,millsaps,"pelt,justin van",,"[""grant,she'chem"", 'tullos,zachary', 'hughes,anthony', 'bush,rodreekas', 'jenkins,kaleb', 'mclaurin,ryan', 'pelt,justin van']","['sone,carlos', 'chambers,dimetri', 'gulley,trevor', 'cammon,josh', 'day,justin', 'etiwe,toju']",
501,5100,Oglethorpe,Millsaps,0,107-114,"38,37,9,13,17","37,38,9,13,10",9-7,11-5,3-2,3-2,01/17/20,8:00 PM,N/A,Dorough Field House,Win,5,True,N/A,False,04:07,"GOOD JUMPER by MCLAURIN,RYAN",89 ,,84,,MC 89-84 (+5),,"GOOD JUMPER by MCLAURIN,RYAN",4,jumper,good,millsaps,"mclaurin,ryan",2,"[""grant,she'chem"", 'tullos,zachary', 'hughes,anthony', 'bush,rodreekas', 'jenkins,kaleb', 'mclaurin,ryan', 'pelt,justin van']","['sone,carlos', 'chambers,dimetri', 'gulley,trevor', 'cammon,josh', 'day,justin', 'etiwe,toju']",247
502,5100,Oglethorpe,Millsaps,0,107-114,"38,37,9,13,17","37,38,9,13,10",9-7,11-5,3-2,3-2,01/17/20,8:00 PM,N/A,Dorough Field House,Win,5,True,N/A,False,03:52,,89 ,,84,"MISS LAYUP by SONE,CARLOS",,,"MISS LAYUP by SONE,CARLOS",4,layup,missed,oglethorpe,"sone,carlos",,"[""grant,she'chem"", 'tullos,zachary', 'hughes,anthony', 'bush,rodreekas', 'jenkins,kaleb', 'mclaurin,ryan', 'pelt,justin van']","['sone,carlos', 'chambers,dimetri', 'gulley,trevor', 'cammon,josh', 'day,justin', 'etiwe,toju']",232
503,5100,Oglethorpe,Millsaps,0,107-114,"38,37,9,13,17","37,38,9,13,10",9-7,11-5,3-2,3-2,01/17/20,8:00 PM,N/A,Dorough Field House,Win,5,True,N/A,False,03:52,"BLOCK  by PELT,JUSTIN VAN",89 ,,84,,,,"BLOCK  by PELT,JUSTIN VAN",4,block,,millsaps,"pelt,justin van",,"[""grant,she'chem"", 'tullos,zachary', 'hughes,anthony', 'bush,rodreekas', 'jenkins,kaleb', 'mclaurin,ryan', 'pelt,justin van']","['sone,carlos', 'chambers,dimetri', 'gulley,trevor', 'cammon,josh', 'day,justin', 'etiwe,toju']",232
504,5100,Oglethorpe,Millsaps,0,107-114,"38,37,9,13,17","37,38,9,13,10",9-7,11-5,3-2,3-2,01/17/20,8:00 PM,N/A,Dorough Field House,Win,5,True,N/A,False,--,,89 ,,84,"REBOUND OFF by CAMMON,JOSH",,,"REBOUND OFF by CAMMON,JOSH",4,offensive rebound,,oglethorpe,"cammon,josh",,"[""grant,she'chem"", 'tullos,zachary', 'hughes,anthony', 'bush,rodreekas', 'jenkins,kaleb', 'mclaurin,ryan', 'pelt,justin van']","['sone,carlos', 'chambers,dimetri', 'gulley,trevor', 'cammon,josh', 'day,justin', 'etiwe,toju']",
505,5100,Oglethorpe,Millsaps,0,107-114,"38,37,9,13,17","37,38,9,13,10",9-7,11-5,3-2,3-2,01/17/20,8:00 PM,N/A,Dorough Field House,Win,5,True,N/A,False,03:50,,89 ,,84,"TURNOVER  by CAMMON,JOSH",,,"TURNOVER  by CAMMON,JOSH",4,turnover,,oglethorpe,"cammon,josh",,"[""grant,she'chem"", 'tullos,zachary', 'hughes,anthony', 'bush,rodreekas', 'jenkins,kaleb', 'mclaurin,ryan', 'pelt,justin van']","['sone,carlos', 'chambers,dimetri', 'gulley,trevor', 'cammon,josh', 'day,justin', 'etiwe,toju']",230
506,5100,Oglethorpe,Millsaps,0,107-114,"38,37,9,13,17","37,38,9,13,10",9-7,11-5,3-2,3-2,01/17/20,8:00 PM,N/A,Dorough Field House,Win,5,True,N/A,False,03:30,,89 ,,84,"FOUL  by JENEI,RYAN",,,"FOUL  by JENEI,RYAN",4,foul,,oglethorpe,"jenei,ryan",,"[""grant,she'chem"", 'tullos,zachary', 'hughes,anthony', 'bush,rodreekas', 'jenkins,kaleb', 'mclaurin,ryan', 'pelt,justin van']","['sone,carlos', 'chambers,dimetri', 'gulley,trevor', 'cammon,josh', 'day,justin', 'etiwe,toju']",210
507,5100,Oglethorpe,Millsaps,0,107-114,"38,37,9,13,17","37,38,9,13,10",9-7,11-5,3-2,3-2,01/17/20,8:00 PM,N/A,Dorough Field House,Win,5,True,N/A,False,03:30,"GOOD FT by PELT,JUSTIN VAN",90 ,,84,,MC 90-84 (+6),,"GOOD FT by PELT,JUSTIN VAN",4,free throw,good,millsaps,"pelt,justin van",1,"[""grant,she'chem"", 'tullos,zachary', 'hughes,anthony', 'bush,rodreekas', 'jenkins,kaleb', 'mclaurin,ryan', 'pelt,justin van']","['sone,carlos', 'chambers,dimetri', 'gulley,trevor', 'cammon,josh', 'day,justin', 'etiwe,toju']",210
508,5100,Oglethorpe,Millsaps,0,107-114,"38,37,9,13,17","37,38,9,13,10",9-7,11-5,3-2,3-2,01/17/20,8:00 PM,N/A,Dorough Field House,Win,5,True,N/A,False,03:30,"GOOD FT by PELT,JUSTIN VAN",91 ,,84,,MC 91-84 (+7),,"GOOD FT by PELT,JUSTIN VAN",4,free throw,good,millsaps,"pelt,justin van",1,"[""grant,she'chem"", 'tullos,zachary', 'hughes,anthony', 'bush,rodreekas', 'jenkins,kaleb', 'mclaurin,ryan', 'pelt,justin van']","['sone,carlos', 'chambers,dimetri', 'gulley,trevor', 'cammon,josh', 'day,justin', 'etiwe,toju']",210
509,5100,Oglethorpe,Millsaps,0,107-114,"38,37,9,13,17","37,38,9,13,10",9-7,11-5,3-2,3-2,01/17/20,8:00 PM,N/A,Dorough Field House,Win,5,True,N/A,False,03:21,,91 ,,84,"MISS JUMPER by CHAMBERS,DIMETRI",,,"MISS JUMPER by CHAMBERS,DIMETRI",4,jumper,missed,oglethorpe,"chambers,dimetri",,"[""grant,she'chem"", 'tullos,zachary', 'hughes,anthony', 'bush,rodreekas', 'jenkins,kaleb', 'mclaurin,ryan', 'pelt,justin van']","['sone,carlos', 'chambers,dimetri', 'gulley,trevor', 'cammon,josh', 'day,justin', 'etiwe,toju']",201
510,5100,Oglethorpe,Millsaps,0,107-114,"38,37,9,13,17","37,38,9,13,10",9-7,11-5,3-2,3-2,01/17/20,8:00 PM,N/A,Dorough Field House,Win,5,True,N/A,False,--,,91 ,,84,"REBOUND OFF by CAMMON,JOSH",,,"REBOUND OFF by CAMMON,JOSH",4,offensive rebound,,oglethorpe,"cammon,josh",,"[""grant,she'chem"", 'tullos,zachary', 'hughes,anthony', 'bush,rodreekas', 'jenkins,kaleb', 'mclaurin,ryan', 'pelt,justin van']","['sone,carlos', 'chambers,dimetri', 'gulley,trevor', 'cammon,josh', 'day,justin', 'etiwe,toju']",
511,5100,Oglethorpe,Millsaps,0,107-114,"38,37,9,13,17","37,38,9,13,10",9-7,11-5,3-2,3-2,01/17/20,8:00 PM,N/A,Dorough Field House,Win,5,True,N/A,False,03:17,,91 ,,84,"MISS JUMPER by CAMMON,JOSH",,,"MISS JUMPER by CAMMON,JOSH",4,jumper,missed,oglethorpe,"cammon,josh",,"[""grant,she'chem"", 'tullos,zachary', 'hughes,anthony', 'bush,rodreekas', 'jenkins,kaleb', 'mclaurin,ryan', 'pelt,justin van']","['sone,carlos', 'chambers,dimetri', 'gulley,trevor', 'cammon,josh', 'day,justin', 'etiwe,toju']",197
512,5100,Oglethorpe,Millsaps,0,107-114,"38,37,9,13,17","37,38,9,13,10",9-7,11-5,3-2,3-2,01/17/20,8:00 PM,N/A,Dorough Field House,Win,5,True,N/A,False,--,"REBOUND DEF by JENKINS,KALEB",91 ,,84,,,,"REBOUND DEF by JENKINS,KALEB",4,defensive rebound,,millsaps,"jenkins,kaleb",,"[""grant,she'chem"", 'tullos,zachary', 'hughes,anthony', 'bush,rodreekas', 'jenkins,kaleb', 'mclaurin,ryan', 'pelt,justin van']","['sone,carlos', 'chambers,dimetri', 'gulley,trevor', 'cammon,josh', 'day,justin', 'etiwe,toju']",
513,5100,Oglethorpe,Millsaps,0,107-114,"38,37,9,13,17","37,38,9,13,10",9-7,11-5,3-2,3-2,01/17/20,8:00 PM,N/A,Dorough Field House,Win,5,True,N/A,False,03:00,"MISS JUMPER by HUGHES,ANTHONY",91 ,,84,,,,"MISS JUMPER by HUGHES,ANTHONY",4,jumper,missed,millsaps,"hughes,anthony",,"[""grant,she'chem"", 'tullos,zachary', 'hughes,anthony', 'bush,rodreekas', 'jenkins,kaleb', 'mclaurin,ryan', 'pelt,justin van']","['sone,carlos', 'chambers,dimetri', 'gulley,trevor', 'cammon,josh', 'day,justin', 'etiwe,toju']",180
514,5100,Oglethorpe,Millsaps,0,107-114,"38,37,9,13,17","37,38,9,13,10",9-7,11-5,3-2,3-2,01/17/20,8:00 PM,N/A,Dorough Field House,Win,5,True,N/A,False,--,,91 ,,84,"REBOUND DEF by CHAMBERS,DIMETRI",,,"REBOUND DEF by CHAMBERS,DIMETRI",4,defensive rebound,,oglethorpe,"chambers,dimetri",,"[""grant,she'chem"", 'tullos,zachary', 'hughes,anthony', 'bush,rodreekas', 'jenkins,kaleb', 'mclaurin,ryan', 'pelt,justin van']","['sone,carlos', 'chambers,dimetri', 'gulley,trevor', 'cammon,josh', 'day,justin', 'etiwe,toju']",
515,5100,Oglethorpe,Millsaps,0,107-114,"38,37,9,13,17","37,38,9,13,10",9-7,11-5,3-2,3-2,01/17/20,8:00 PM,N/A,Dorough Field House,Win,5,True,N/A,False,02:52,,91 ,,84,"MISS LAYUP by CHAMBERS,DIMETRI",,,"MISS LAYUP by CHAMBERS,DIMETRI",4,layup,missed,oglethorpe,"chambers,dimetri",,"[""grant,she'chem"", 'tullos,zachary', 'hughes,anthony', 'bush,rodreekas', 'jenkins,kaleb', 'mclaurin,ryan', 'pelt,justin van']","['sone,carlos', 'chambers,dimetri', 'gulley,trevor', 'cammon,josh', 'day,justin', 'etiwe,toju']",172
516,5100,Oglethorpe,Millsaps,0,107-114,"38,37,9,13,17","37,38,9,13,10",9-7,11-5,3-2,3-2,01/17/20,8:00 PM,N/A,Dorough Field House,Win,5,True,N/A,False,02:52,"BLOCK  by PELT,JUSTIN VAN",91 ,,84,,,,"BLOCK  by PELT,JUSTIN VAN",4,block,,millsaps,"pelt,justin van",,"[""grant,she'chem"", 'tullos,zachary', 'hughes,anthony', 'bush,rodreekas', 'jenkins,kaleb', 'mclaurin,ryan', 'pelt,justin van']","['sone,carlos', 'chambers,dimetri', 'gulley,trevor', 'cammon,josh', 'day,justin', 'etiwe,toju']",172
517,5100,Oglethorpe,Millsaps,0,107-114,"38,37,9,13,17","37,38,9,13,10",9-7,11-5,3-2,3-2,01/17/20,8:00 PM,N/A,Dorough Field House,Win,5,True,N/A,False,--,"REBOUND DEF by HUGHES,ANTHONY",91 ,,84,,,,"REBOUND DEF by HUGHES,ANTHONY",4,defensive rebound,,millsaps,"hughes,anthony",,"[""grant,she'chem"", 'tullos,zachary', 'hughes,anthony', 'bush,rodreekas', 'jenkins,kaleb', 'mclaurin,ryan', 'pelt,justin van']","['sone,carlos', 'chambers,dimetri', 'gulley,trevor', 'cammon,josh', 'day,justin', 'etiwe,toju']",
518,5100,Oglethorpe,Millsaps,0,107-114,"38,37,9,13,17","37,38,9,13,10",9-7,11-5,3-2,3-2,01/17/20,8:00 PM,N/A,Dorough Field House,Win,5,True,N/A,False,02:28,"GOOD 3PTR by MCLAURIN,RYAN",94 ,,84,,MC 94-84 (+10),,"GOOD 3PTR by MCLAURIN,RYAN",4,three pointer,good,millsaps,"mclaurin,ryan",3,"[""grant,she'chem"", 'tullos,zachary', 'hughes,anthony', 'bush,rodreekas', 'jenkins,kaleb', 'mclaurin,ryan', 'pelt,justin van']","['sone,carlos', 'chambers,dimetri', 'gulley,trevor', 'cammon,josh', 'day,justin', 'etiwe,toju']",148
519,5100,Oglethorpe,Millsaps,0,107-114,"38,37,9,13,17","37,38,9,13,10",9-7,11-5,3-2,3-2,01/17/20,8:00 PM,N/A,Dorough Field House,Win,5,True,N/A,False,02:14,,94 ,,84,TIMEOUT FULL by TEAM,,,TIMEOUT FULL by TEAM,4,timeout,,oglethorpe,,,"[""grant,she'chem"", 'tullos,zachary', 'hughes,anthony', 'bush,rodreekas', 'jenkins,kaleb', 'mclaurin,ryan', 'pelt,justin van']","['sone,carlos', 'chambers,dimetri', 'gulley,trevor', 'cammon,josh', 'day,justin', 'etiwe,toju']",134
520,5100,Oglethorpe,Millsaps,0,107-114,"38,37,9,13,17","37,38,9,13,10",9-7,11-5,3-2,3-2,01/17/20,8:00 PM,N/A,Dorough Field House,Win,5,True,N/A,False,02:07,,94 ,,86,"GOOD JUMPER by CHAMBERS,DIMETRI",OU 94-86 (+8),,"GOOD JUMPER by CHAMBERS,DIMETRI",4,jumper,good,oglethorpe,"chambers,dimetri",2,"[""grant,she'chem"", 'tullos,zachary', 'hughes,anthony', 'bush,rodreekas', 'jenkins,kaleb', 'mclaurin,ryan', 'pelt,justin van']","['sone,carlos', 'chambers,dimetri', 'gulley,trevor', 'cammon,josh', 'day,justin', 'etiwe,toju']",127
521,5100,Oglethorpe,Millsaps,0,107-114,"38,37,9,13,17","37,38,9,13,10",9-7,11-5,3-2,3-2,01/17/20,8:00 PM,N/A,Dorough Field House,Win,5,True,N/A,False,01:39,,94 ,,86,"FOUL  by JENEI,RYAN",,,"FOUL  by JENEI,RYAN",4,foul,,oglethorpe,"jenei,ryan",,"[""grant,she'chem"", 'tullos,zachary', 'hughes,anthony', 'bush,rodreekas', 'jenkins,kaleb', 'mclaurin,ryan', 'pelt,justin van']","['sone,carlos', 'chambers,dimetri', 'gulley,trevor', 'cammon,josh', 'day,justin', 'etiwe,toju']",99
522,5100,Oglethorpe,Millsaps,0,107-114,"38,37,9,13,17","37,38,9,13,10",9-7,11-5,3-2,3-2,01/17/20,8:00 PM,N/A,Dorough Field House,Win,5,True,N/A,False,01:39,"GOOD FT by PELT,JUSTIN VAN",95 ,,86,,MC 95-86 (+9),,"GOOD FT by PELT,JUSTIN VAN",4,free throw,good,millsaps,"pelt,justin van",1,"[""grant,she'chem"", 'tullos,zachary', 'hughes,anthony', 'bush,rodreekas', 'jenkins,kaleb', 'mclaurin,ryan', 'pelt,justin van']","['sone,carlos', 'chambers,dimetri', 'gulley,trevor', 'cammon,josh', 'day,justin', 'etiwe,toju']",99
523,5100,Oglethorpe,Millsaps,0,107-114,"38,37,9,13,17","37,38,9,13,10",9-7,11-5,3-2,3-2,01/17/20,8:00 PM,N/A,Dorough Field House,Win,5,True,N/A,False,01:39,"GOOD FT by PELT,JUSTIN VAN",96 ,,86,,MC 96-86 (+10),,"GOOD FT by PELT,JUSTIN VAN",4,free throw,good,millsaps,"pelt,justin van",1,"[""grant,she'chem"", 'tullos,zachary', 'hughes,anthony', 'bush,rodreekas', 'jenkins,kaleb', 'mclaurin,ryan', 'pelt,justin van']","['sone,carlos', 'chambers,dimetri', 'gulley,trevor', 'cammon,josh', 'day,justin', 'etiwe,toju']",99
524,5100,Oglethorpe,Millsaps,0,107-114,"38,37,9,13,17","37,38,9,13,10",9-7,11-5,3-2,3-2,01/17/20,8:00 PM,N/A,Dorough Field House,Win,5,True,N/A,False,01:34,,96 ,,88,"GOOD JUMPER by CHAMBERS,DIMETRI",OU 96-88 (+8),,"GOOD JUMPER by CHAMBERS,DIMETRI",4,jumper,good,oglethorpe,"chambers,dimetri",2,"[""grant,she'chem"", 'tullos,zachary', 'hughes,anthony', 'bush,rodreekas', 'jenkins,kaleb', 'mclaurin,ryan', 'pelt,justin van']","['sone,carlos', 'chambers,dimetri', 'gulley,trevor', 'cammon,josh', 'day,justin', 'etiwe,toju']",94
525,5100,Oglethorpe,Millsaps,0,107-114,"38,37,9,13,17","37,38,9,13,10",9-7,11-5,3-2,3-2,01/17/20,8:00 PM,N/A,Dorough Field House,Win,5,True,N/A,False,01:34,"FOUL  by JENKINS,KALEB",96 ,,88,,,,"FOUL  by JENKINS,KALEB",4,foul,,millsaps,"jenkins,kaleb",,"[""grant,she'chem"", 'tullos,zachary', 'hughes,anthony', 'bush,rodreekas', 'jenkins,kaleb', 'mclaurin,ryan', 'pelt,justin van']","['sone,carlos', 'chambers,dimetri', 'gulley,trevor', 'cammon,josh', 'day,justin', 'etiwe,toju']",94
526,5100,Oglethorpe,Millsaps,0,107-114,"38,37,9,13,17","37,38,9,13,10",9-7,11-5,3-2,3-2,01/17/20,8:00 PM,N/A,Dorough Field House,Win,5,True,N/A,False,01:34,,96 ,,89,"GOOD FT by CHAMBERS,DIMETRI",OU 96-89 (+7),,"GOOD FT by CHAMBERS,DIMETRI",4,free throw,good,oglethorpe,"chambers,dimetri",1,"[""grant,she'chem"", 'tullos,zachary', 'hughes,anthony', 'bush,rodreekas', 'jenkins,kaleb', 'mclaurin,ryan', 'pelt,justin van']","['sone,carlos', 'chambers,dimetri', 'gulley,trevor', 'cammon,josh', 'day,justin', 'etiwe,toju']",94
527,5100,Oglethorpe,Millsaps,0,107-114,"38,37,9,13,17","37,38,9,13,10",9-7,11-5,3-2,3-2,01/17/20,8:00 PM,N/A,Dorough Field House,Win,5,True,N/A,False,01:33,,96 ,,92,"GOOD 3PTR by CHAMBERS,DIMETRI",OU 96-92 (+4),,"GOOD 3PTR by CHAMBERS,DIMETRI",4,three pointer,good,oglethorpe,"chambers,dimetri",3,"[""grant,she'chem"", 'tullos,zachary', 'hughes,anthony', 'bush,rodreekas', 'jenkins,kaleb', 'mclaurin,ryan', 'pelt,justin van']","['sone,carlos', 'chambers,dimetri', 'gulley,trevor', 'cammon,josh', 'day,justin', 'etiwe,toju']",93
528,5100,Oglethorpe,Millsaps,0,107-114,"38,37,9,13,17","37,38,9,13,10",9-7,11-5,3-2,3-2,01/17/20,8:00 PM,N/A,Dorough Field House,Win,5,True,N/A,False,--,,96 ,,92,"ASSIST  by SONE,CARLOS",,,"ASSIST  by SONE,CARLOS",4,assist,,oglethorpe,"sone,carlos",,"[""grant,she'chem"", 'tullos,zachary', 'hughes,anthony', 'bush,rodreekas', 'jenkins,kaleb', 'mclaurin,ryan', 'pelt,justin van']","['sone,carlos', 'chambers,dimetri', 'gulley,trevor', 'cammon,josh', 'day,justin', 'etiwe,toju']",
529,5100,Oglethorpe,Millsaps,0,107-114,"38,37,9,13,17","37,38,9,13,10",9-7,11-5,3-2,3-2,01/17/20,8:00 PM,N/A,Dorough Field House,Win,5,True,N/A,False,00:49,"TURNOVER  by HUGHES,ANTHONY",96 ,,92,,,,"TURNOVER  by HUGHES,ANTHONY",4,turnover,,millsaps,"hughes,anthony",,"[""grant,she'chem"", 'tullos,zachary', 'hughes,anthony', 'bush,rodreekas', 'jenkins,kaleb', 'mclaurin,ryan', 'pelt,justin van']","['sone,carlos', 'chambers,dimetri', 'gulley,trevor', 'cammon,josh', 'day,justin', 'etiwe,toju']",49
530,5100,Oglethorpe,Millsaps,0,107-114,"38,37,9,13,17","37,38,9,13,10",9-7,11-5,3-2,3-2,01/17/20,8:00 PM,N/A,Dorough Field House,Win,5,True,N/A,False,00:49,,96 ,,92,"STEAL  by CAMMON,JOSH",,,"STEAL  by CAMMON,JOSH",4,steal,,oglethorpe,,,"[""grant,she'chem"", 'tullos,zachary', 'hughes,anthony', 'bush,rodreekas', 'jenkins,kaleb', 'mclaurin,ryan', 'pelt,justin van']","['sone,carlos', 'chambers,dimetri', 'gulley,trevor', 'cammon,josh', 'day,justin', 'etiwe,toju']",49
531,5100,Oglethorpe,Millsaps,0,107-114,"38,37,9,13,17","37,38,9,13,10",9-7,11-5,3-2,3-2,01/17/20,8:00 PM,N/A,Dorough Field House,Win,5,True,N/A,False,00:48,,96 ,,94,"GOOD LAYUP by CAMMON,JOSH(in the paint)",OU 96-94 (+2),,"GOOD LAYUP by CAMMON,JOSH(in the paint)",4,layup,good,oglethorpe,"cammon,josh",2,"[""grant,she'chem"", 'tullos,zachary', 'hughes,anthony', 'bush,rodreekas', 'jenkins,kaleb', 'mclaurin,ryan', 'pelt,justin van']","['sone,carlos', 'chambers,dimetri', 'gulley,trevor', 'cammon,josh', 'day,justin', 'etiwe,toju']",48
532,5100,Oglethorpe,Millsaps,0,107-114,"38,37,9,13,17","37,38,9,13,10",9-7,11-5,3-2,3-2,01/17/20,8:00 PM,N/A,Dorough Field House,Win,5,True,N/A,False,00:43,,96 ,,94,TIMEOUT 30SEC by TEAM,,,TIMEOUT 30SEC by TEAM,4,timeout,,oglethorpe,,,"[""grant,she'chem"", 'tullos,zachary', 'hughes,anthony', 'bush,rodreekas', 'jenkins,kaleb', 'mclaurin,ryan', 'pelt,justin van']","['sone,carlos', 'chambers,dimetri', 'gulley,trevor', 'cammon,josh', 'day,justin', 'etiwe,toju']",43
533,5100,Oglethorpe,Millsaps,0,107-114,"38,37,9,13,17","37,38,9,13,10",9-7,11-5,3-2,3-2,01/17/20,8:00 PM,N/A,Dorough Field House,Win,5,True,N/A,False,00:43,"SUB IN by GILLIHAN,NEWLON",96 ,,94,,,,"SUB IN by GILLIHAN,NEWLON",4,subbing in,,millsaps,"gillihan,newlon",,"[""grant,she'chem"", 'tullos,zachary', 'hughes,anthony', 'bush,rodreekas', 'jenkins,kaleb', 'mclaurin,ryan', 'pelt,justin van']","['sone,carlos', 'chambers,dimetri', 'gulley,trevor', 'cammon,josh', 'day,justin', 'etiwe,toju']",43
534,5100,Oglethorpe,Millsaps,0,107-114,"38,37,9,13,17","37,38,9,13,10",9-7,11-5,3-2,3-2,01/17/20,8:00 PM,N/A,Dorough Field House,Win,5,True,N/A,False,00:43,"SUB OUT by PELT,JUSTIN VAN",96 ,,94,,,,"SUB OUT by PELT,JUSTIN VAN",4,subbing out,,millsaps,"pelt,justin van",,"[""grant,she'chem"", 'tullos,zachary', 'hughes,anthony', 'bush,rodreekas', 'jenkins,kaleb', 'mclaurin,ryan']","['sone,carlos', 'chambers,dimetri', 'gulley,trevor', 'cammon,josh', 'day,justin', 'etiwe,toju']",43
535,5100,Oglethorpe,Millsaps,0,107-114,"38,37,9,13,17","37,38,9,13,10",9-7,11-5,3-2,3-2,01/17/20,8:00 PM,N/A,Dorough Field House,Win,5,True,N/A,False,00:43,,96 ,,94,"SUB IN by ETIWE,TOJU",,,"SUB IN by ETIWE,TOJU",4,subbing in,,oglethorpe,"etiwe,toju",,"[""grant,she'chem"", 'tullos,zachary', 'hughes,anthony', 'bush,rodreekas', 'jenkins,kaleb', 'mclaurin,ryan']","['sone,carlos', 'chambers,dimetri', 'gulley,trevor', 'cammon,josh', 'day,justin', 'etiwe,toju']",43
536,5100,Oglethorpe,Millsaps,0,107-114,"38,37,9,13,17","37,38,9,13,10",9-7,11-5,3-2,3-2,01/17/20,8:00 PM,N/A,Dorough Field House,Win,5,True,N/A,False,00:43,,96 ,,94,"SUB OUT by JENEI,RYAN",,,"SUB OUT by JENEI,RYAN",4,subbing out,,oglethorpe,"jenei,ryan",,"[""grant,she'chem"", 'tullos,zachary', 'hughes,anthony', 'bush,rodreekas', 'jenkins,kaleb', 'mclaurin,ryan']","['sone,carlos', 'chambers,dimetri', 'gulley,trevor', 'cammon,josh', 'day,justin', 'etiwe,toju']",43
537,5100,Oglethorpe,Millsaps,0,107-114,"38,37,9,13,17","37,38,9,13,10",9-7,11-5,3-2,3-2,01/17/20,8:00 PM,N/A,Dorough Field House,Win,5,True,N/A,False,00:41,"TURNOVER  by MILLER,JOSHUA",96 ,,94,,,,"TURNOVER  by MILLER,JOSHUA",4,turnover,,millsaps,"miller,joshua",,"[""grant,she'chem"", 'tullos,zachary', 'hughes,anthony', 'bush,rodreekas', 'jenkins,kaleb', 'mclaurin,ryan']","['sone,carlos', 'chambers,dimetri', 'gulley,trevor', 'cammon,josh', 'day,justin', 'etiwe,toju']",41
538,5100,Oglethorpe,Millsaps,0,107-114,"38,37,9,13,17","37,38,9,13,10",9-7,11-5,3-2,3-2,01/17/20,8:00 PM,N/A,Dorough Field House,Win,5,True,N/A,False,00:38,,96 ,,94,"SUB IN by JENEI,RYAN",,,"SUB IN by JENEI,RYAN",4,subbing in,,oglethorpe,"jenei,ryan",,"[""grant,she'chem"", 'tullos,zachary', 'hughes,anthony', 'bush,rodreekas', 'jenkins,kaleb', 'mclaurin,ryan']","['sone,carlos', 'chambers,dimetri', 'gulley,trevor', 'cammon,josh', 'day,justin', 'etiwe,toju', 'jenei,ryan']",38
539,5100,Oglethorpe,Millsaps,0,107-114,"38,37,9,13,17","37,38,9,13,10",9-7,11-5,3-2,3-2,01/17/20,8:00 PM,N/A,Dorough Field House,Win,5,True,N/A,False,00:38,,96 ,,94,"SUB OUT by ETIWE,TOJU",,,"SUB OUT by ETIWE,TOJU",4,subbing out,,oglethorpe,"etiwe,toju",,"[""grant,she'chem"", 'tullos,zachary', 'hughes,anthony', 'bush,rodreekas', 'jenkins,kaleb', 'mclaurin,ryan']","['sone,carlos', 'chambers,dimetri', 'gulley,trevor', 'cammon,josh', 'day,justin', 'jenei,ryan']",38
540,5100,Oglethorpe,Millsaps,0,107-114,"38,37,9,13,17","37,38,9,13,10",9-7,11-5,3-2,3-2,01/17/20,8:00 PM,N/A,Dorough Field House,Win,5,True,N/A,False,00:28,"BLOCK  by PELT,JUSTIN VAN",96 ,,94,,,,"BLOCK  by PELT,JUSTIN VAN",4,block,,millsaps,"pelt,justin van",,"[""grant,she'chem"", 'tullos,zachary', 'hughes,anthony', 'bush,rodreekas', 'jenkins,kaleb', 'mclaurin,ryan']","['sone,carlos', 'chambers,dimetri', 'gulley,trevor', 'cammon,josh', 'day,justin', 'jenei,ryan']",28
541,5100,Oglethorpe,Millsaps,0,107-114,"38,37,9,13,17","37,38,9,13,10",9-7,11-5,3-2,3-2,01/17/20,8:00 PM,N/A,Dorough Field House,Win,5,True,N/A,False,00:28,,96 ,,94,"MISS LAYUP by CAMMON,JOSH",,,"MISS LAYUP by CAMMON,JOSH",4,layup,missed,oglethorpe,"cammon,josh",,"[""grant,she'chem"", 'tullos,zachary', 'hughes,anthony', 'bush,rodreekas', 'jenkins,kaleb', 'mclaurin,ryan']","['sone,carlos', 'chambers,dimetri', 'gulley,trevor', 'cammon,josh', 'day,justin', 'jenei,ryan']",28
542,5100,Oglethorpe,Millsaps,0,107-114,"38,37,9,13,17","37,38,9,13,10",9-7,11-5,3-2,3-2,01/17/20,8:00 PM,N/A,Dorough Field House,Win,5,True,N/A,False,--,,96 ,,94,REBOUND DEADB by TEAM,,,REBOUND DEADB by TEAM,4,deadball rebound,,oglethorpe,,,"[""grant,she'chem"", 'tullos,zachary', 'hughes,anthony', 'bush,rodreekas', 'jenkins,kaleb', 'mclaurin,ryan']","['sone,carlos', 'chambers,dimetri', 'gulley,trevor', 'cammon,josh', 'day,justin', 'jenei,ryan']",
543,5100,Oglethorpe,Millsaps,0,107-114,"38,37,9,13,17","37,38,9,13,10",9-7,11-5,3-2,3-2,01/17/20,8:00 PM,N/A,Dorough Field House,Win,5,True,N/A,False,00:16,,96 ,,94,"MISS JUMPER by DAY,JUSTIN",,,"MISS JUMPER by DAY,JUSTIN",4,jumper,missed,oglethorpe,"day,justin",,"[""grant,she'chem"", 'tullos,zachary', 'hughes,anthony', 'bush,rodreekas', 'jenkins,kaleb', 'mclaurin,ryan']","['sone,carlos', 'chambers,dimetri', 'gulley,trevor', 'cammon,josh', 'day,justin', 'jenei,ryan']",16
544,5100,Oglethorpe,Millsaps,0,107-114,"38,37,9,13,17","37,38,9,13,10",9-7,11-5,3-2,3-2,01/17/20,8:00 PM,N/A,Dorough Field House,Win,5,True,N/A,False,--,"REBOUND DEF by MILLER,JOSHUA",96 ,,94,,,,"REBOUND DEF by MILLER,JOSHUA",4,defensive rebound,,millsaps,"miller,joshua",,"[""grant,she'chem"", 'tullos,zachary', 'hughes,anthony', 'bush,rodreekas', 'jenkins,kaleb', 'mclaurin,ryan']","['sone,carlos', 'chambers,dimetri', 'gulley,trevor', 'cammon,josh', 'day,justin', 'jenei,ryan']",
545,5100,Oglethorpe,Millsaps,0,107-114,"38,37,9,13,17","37,38,9,13,10",9-7,11-5,3-2,3-2,01/17/20,8:00 PM,N/A,Dorough Field House,Win,5,True,N/A,False,00:13,"SUB IN by MILLER,JOSHUA",96 ,,94,,,,"SUB IN by MILLER,JOSHUA",4,subbing in,,millsaps,"miller,joshua",,"[""grant,she'chem"", 'tullos,zachary', 'hughes,anthony', 'bush,rodreekas', 'jenkins,kaleb', 'mclaurin,ryan', 'miller,joshua']","['sone,carlos', 'chambers,dimetri', 'gulley,trevor', 'cammon,josh', 'day,justin', 'jenei,ryan']",13
546,5100,Oglethorpe,Millsaps,0,107-114,"38,37,9,13,17","37,38,9,13,10",9-7,11-5,3-2,3-2,01/17/20,8:00 PM,N/A,Dorough Field House,Win,5,True,N/A,False,00:13,"SUB IN by PELT,JUSTIN VAN",96 ,,94,,,,"SUB IN by PELT,JUSTIN VAN",4,subbing in,,millsaps,"pelt,justin van",,"[""grant,she'chem"", 'tullos,zachary', 'hughes,anthony', 'bush,rodreekas', 'jenkins,kaleb', 'mclaurin,ryan', 'miller,joshua', 'pelt,justin van']","['sone,carlos', 'chambers,dimetri', 'gulley,trevor', 'cammon,josh', 'day,justin', 'jenei,ryan']",13
547,5100,Oglethorpe,Millsaps,0,107-114,"38,37,9,13,17","37,38,9,13,10",9-7,11-5,3-2,3-2,01/17/20,8:00 PM,N/A,Dorough Field House,Win,5,True,N/A,False,00:13,"SUB OUT by GILLIHAN,NEWLON",96 ,,94,,,,"SUB OUT by GILLIHAN,NEWLON",4,subbing out,,millsaps,"gillihan,newlon",,"[""grant,she'chem"", 'tullos,zachary', 'hughes,anthony', 'bush,rodreekas', 'jenkins,kaleb', 'mclaurin,ryan', 'miller,joshua', 'pelt,justin van']","['sone,carlos', 'chambers,dimetri', 'gulley,trevor', 'cammon,josh', 'day,justin', 'jenei,ryan']",13
548,5100,Oglethorpe,Millsaps,0,107-114,"38,37,9,13,17","37,38,9,13,10",9-7,11-5,3-2,3-2,01/17/20,8:00 PM,N/A,Dorough Field House,Win,5,True,N/A,False,00:13,"SUB OUT by JENKINS,KALEB",96 ,,94,,,,"SUB OUT by JENKINS,KALEB",4,subbing out,,millsaps,"jenkins,kaleb",,"[""grant,she'chem"", 'tullos,zachary', 'hughes,anthony', 'bush,rodreekas', 'jenkins,kaleb', 'mclaurin,ryan', 'miller,joshua', 'pelt,justin van']","['sone,carlos', 'chambers,dimetri', 'gulley,trevor', 'cammon,josh', 'day,justin', 'jenei,ryan']",13
549,5100,Oglethorpe,Millsaps,0,107-114,"38,37,9,13,17","37,38,9,13,10",9-7,11-5,3-2,3-2,01/17/20,8:00 PM,N/A,Dorough Field House,Win,5,True,N/A,False,00:10,,96 ,,94,"FOUL  by JENEI,RYAN",,,"FOUL  by JENEI,RYAN",4,foul,,oglethorpe,"jenei,ryan",,"[""grant,she'chem"", 'tullos,zachary', 'hughes,anthony', 'bush,rodreekas', 'jenkins,kaleb', 'mclaurin,ryan', 'miller,joshua', 'pelt,justin van']","['sone,carlos', 'chambers,dimetri', 'gulley,trevor', 'cammon,josh', 'day,justin', 'jenei,ryan']",10
550,5100,Oglethorpe,Millsaps,0,107-114,"38,37,9,13,17","37,38,9,13,10",9-7,11-5,3-2,3-2,01/17/20,8:00 PM,N/A,Dorough Field House,Win,5,True,N/A,False,00:10,"MISS FT by HUGHES,ANTHONY",96 ,,94,,,,"MISS FT by HUGHES,ANTHONY",4,free throw,missed,millsaps,"hughes,anthony",,"[""grant,she'chem"", 'tullos,zachary', 'hughes,anthony', 'bush,rodreekas', 'jenkins,kaleb', 'mclaurin,ryan', 'miller,joshua', 'pelt,justin van']","['sone,carlos', 'chambers,dimetri', 'gulley,trevor', 'cammon,josh', 'day,justin', 'jenei,ryan']",10
551,5100,Oglethorpe,Millsaps,0,107-114,"38,37,9,13,17","37,38,9,13,10",9-7,11-5,3-2,3-2,01/17/20,8:00 PM,N/A,Dorough Field House,Win,5,True,N/A,False,--,REBOUND DEADB by TEAM,96 ,,94,,,,REBOUND DEADB by TEAM,4,deadball rebound,,millsaps,,,"[""grant,she'chem"", 'tullos,zachary', 'hughes,anthony', 'bush,rodreekas', 'jenkins,kaleb', 'mclaurin,ryan', 'miller,joshua', 'pelt,justin van']","['sone,carlos', 'chambers,dimetri', 'gulley,trevor', 'cammon,josh', 'day,justin', 'jenei,ryan']",
552,5100,Oglethorpe,Millsaps,0,107-114,"38,37,9,13,17","37,38,9,13,10",9-7,11-5,3-2,3-2,01/17/20,8:00 PM,N/A,Dorough Field House,Win,5,True,N/A,False,00:10,"GOOD FT by HUGHES,ANTHONY",97 ,,94,,MC 97-94 (+3),,"GOOD FT by HUGHES,ANTHONY",4,free throw,good,millsaps,"hughes,anthony",1,"[""grant,she'chem"", 'tullos,zachary', 'hughes,anthony', 'bush,rodreekas', 'jenkins,kaleb', 'mclaurin,ryan', 'miller,joshua', 'pelt,justin van']","['sone,carlos', 'chambers,dimetri', 'gulley,trevor', 'cammon,josh', 'day,justin', 'jenei,ryan']",10
553,5100,Oglethorpe,Millsaps,0,107-114,"38,37,9,13,17","37,38,9,13,10",9-7,11-5,3-2,3-2,01/17/20,8:00 PM,N/A,Dorough Field House,Win,5,True,N/A,False,00:10,,97 ,,94,TIMEOUT FULL by TEAM,,,TIMEOUT FULL by TEAM,4,timeout,,oglethorpe,,,"[""grant,she'chem"", 'tullos,zachary', 'hughes,anthony', 'bush,rodreekas', 'jenkins,kaleb', 'mclaurin,ryan', 'miller,joshua', 'pelt,justin van']","['sone,carlos', 'chambers,dimetri', 'gulley,trevor', 'cammon,josh', 'day,justin', 'jenei,ryan']",10
554,5100,Oglethorpe,Millsaps,0,107-114,"38,37,9,13,17","37,38,9,13,10",9-7,11-5,3-2,3-2,01/17/20,8:00 PM,N/A,Dorough Field House,Win,5,True,N/A,False,00:10,"SUB IN by TULLOS,ZACHARY",97 ,,94,,,,"SUB IN by TULLOS,ZACHARY",4,subbing in,,millsaps,"tullos,zachary",,"[""grant,she'chem"", 'tullos,zachary', 'hughes,anthony', 'bush,rodreekas', 'jenkins,kaleb', 'mclaurin,ryan', 'miller,joshua', 'pelt,justin van']","['sone,carlos', 'chambers,dimetri', 'gulley,trevor', 'cammon,josh', 'day,justin', 'jenei,ryan']",10
555,5100,Oglethorpe,Millsaps,0,107-114,"38,37,9,13,17","37,38,9,13,10",9-7,11-5,3-2,3-2,01/17/20,8:00 PM,N/A,Dorough Field House,Win,5,True,N/A,False,00:10,"SUB OUT by MCLAURIN,RYAN",97 ,,94,,,,"SUB OUT by MCLAURIN,RYAN",4,subbing out,,millsaps,"mclaurin,ryan",,"[""grant,she'chem"", 'tullos,zachary', 'hughes,anthony', 'bush,rodreekas', 'jenkins,kaleb', 'mclaurin,ryan', 'miller,joshua', 'pelt,justin van']","['sone,carlos', 'chambers,dimetri', 'gulley,trevor', 'cammon,josh', 'day,justin', 'jenei,ryan']",10
556,5100,Oglethorpe,Millsaps,0,107-114,"38,37,9,13,17","37,38,9,13,10",9-7,11-5,3-2,3-2,01/17/20,8:00 PM,N/A,Dorough Field House,Win,5,True,N/A,False,00:10,,97 ,,94,"SUB IN by MURRAH,JACK",,,"SUB IN by MURRAH,JACK",4,subbing in,,oglethorpe,"murrah,jack",,"[""grant,she'chem"", 'tullos,zachary', 'hughes,anthony', 'bush,rodreekas', 'jenkins,kaleb', 'mclaurin,ryan', 'miller,joshua', 'pelt,justin van']","['sone,carlos', 'chambers,dimetri', 'gulley,trevor', 'cammon,josh', 'day,justin', 'jenei,ryan', 'murrah,jack']",10
557,5100,Oglethorpe,Millsaps,0,107-114,"38,37,9,13,17","37,38,9,13,10",9-7,11-5,3-2,3-2,01/17/20,8:00 PM,N/A,Dorough Field House,Win,5,True,N/A,False,00:10,,97 ,,94,"SUB IN by GULLEY,TREVOR",,,"SUB IN by GULLEY,TREVOR",4,subbing in,,oglethorpe,"gulley,trevor",,"[""grant,she'chem"", 'tullos,zachary', 'hughes,anthony', 'bush,rodreekas', 'jenkins,kaleb', 'mclaurin,ryan', 'miller,joshua', 'pelt,justin van']","['sone,carlos', 'chambers,dimetri', 'gulley,trevor', 'cammon,josh', 'day,justin', 'jenei,ryan', 'murrah,jack']",10
558,5100,Oglethorpe,Millsaps,0,107-114,"38,37,9,13,17","37,38,9,13,10",9-7,11-5,3-2,3-2,01/17/20,8:00 PM,N/A,Dorough Field House,Win,5,True,N/A,False,00:10,,97 ,,94,"SUB OUT by CAMMON,JOSH",,,"SUB OUT by CAMMON,JOSH",4,subbing out,,oglethorpe,"cammon,josh",,"[""grant,she'chem"", 'tullos,zachary', 'hughes,anthony', 'bush,rodreekas', 'jenkins,kaleb', 'mclaurin,ryan', 'miller,joshua', 'pelt,justin van']","['sone,carlos', 'chambers,dimetri', 'gulley,trevor', 'cammon,josh', 'day,justin', 'jenei,ryan', 'murrah,jack']",10
559,5100,Oglethorpe,Millsaps,0,107-114,"38,37,9,13,17","37,38,9,13,10",9-7,11-5,3-2,3-2,01/17/20,8:00 PM,N/A,Dorough Field House,Win,5,True,N/A,False,00:10,,97 ,,94,"SUB OUT by JENEI,RYAN",,,"SUB OUT by JENEI,RYAN",4,subbing out,,oglethorpe,"jenei,ryan",,"[""grant,she'chem"", 'tullos,zachary', 'hughes,anthony', 'bush,rodreekas', 'jenkins,kaleb', 'mclaurin,ryan', 'miller,joshua', 'pelt,justin van']","['sone,carlos', 'chambers,dimetri', 'gulley,trevor', 'cammon,josh', 'day,justin', 'murrah,jack']",10
560,5100,Oglethorpe,Millsaps,0,107-114,"38,37,9,13,17","37,38,9,13,10",9-7,11-5,3-2,3-2,01/17/20,8:00 PM,N/A,Dorough Field House,Win,5,True,N/A,False,00:02,,97,,97,"GOOD 3PTR by CHAMBERS,DIMETRI",OU 97-97 (0),,"GOOD 3PTR by CHAMBERS,DIMETRI",4,three pointer,good,oglethorpe,"chambers,dimetri",3,"[""grant,she'chem"", 'tullos,zachary', 'hughes,anthony', 'bush,rodreekas', 'jenkins,kaleb', 'mclaurin,ryan', 'miller,joshua', 'pelt,justin van']","['sone,carlos', 'chambers,dimetri', 'gulley,trevor', 'cammon,josh', 'day,justin', 'murrah,jack']",2
561,5100,Oglethorpe,Millsaps,0,107-114,"38,37,9,13,17","37,38,9,13,10",9-7,11-5,3-2,3-2,01/17/20,8:00 PM,N/A,Dorough Field House,Win,5,True,N/A,False,00:01,TIMEOUT FULL by TEAM,97,,97,,,,TIMEOUT FULL by TEAM,4,timeout,,millsaps,,,"[""grant,she'chem"", 'tullos,zachary', 'hughes,anthony', 'bush,rodreekas', 'jenkins,kaleb', 'mclaurin,ryan', 'miller,joshua', 'pelt,justin van']","['sone,carlos', 'chambers,dimetri', 'gulley,trevor', 'cammon,josh', 'day,justin', 'murrah,jack']",1
562,5100,Oglethorpe,Millsaps,0,107-114,"38,37,9,13,17","37,38,9,13,10",9-7,11-5,3-2,3-2,01/17/20,8:00 PM,N/A,Dorough Field House,Win,5,True,N/A,False,00:01,"MISS JUMPER by PELT,JUSTIN VAN",97,,97,,,,"MISS JUMPER by PELT,JUSTIN VAN",4,jumper,missed,millsaps,"pelt,justin van",,"[""grant,she'chem"", 'tullos,zachary', 'hughes,anthony', 'bush,rodreekas', 'jenkins,kaleb', 'mclaurin,ryan', 'miller,joshua', 'pelt,justin van']","['sone,carlos', 'chambers,dimetri', 'gulley,trevor', 'cammon,josh', 'day,justin', 'murrah,jack']",1
563,5100,Oglethorpe,Millsaps,0,107-114,"38,37,9,13,17","37,38,9,13,10",9-7,11-5,3-2,3-2,01/17/20,8:00 PM,N/A,Dorough Field House,Win,5,True,N/A,False,--,REBOUND DEADB by TEAM,97,,97,,,,REBOUND DEADB by TEAM,4,deadball rebound,,millsaps,,,"[""grant,she'chem"", 'tullos,zachary', 'hughes,anthony', 'bush,rodreekas', 'jenkins,kaleb', 'mclaurin,ryan', 'miller,joshua', 'pelt,justin van']","['sone,carlos', 'chambers,dimetri', 'gulley,trevor', 'cammon,josh', 'day,justin', 'murrah,jack']",
564,5100,Oglethorpe,Millsaps,0,107-114,"38,37,9,13,17","37,38,9,13,10",9-7,11-5,3-2,3-2,01/17/20,8:00 PM,N/A,Dorough Field House,Win,5,True,N/A,False,00:01,"SUB IN by BECKER,SAXTON",97,,97,,,,"SUB IN by BECKER,SAXTON",4,subbing in,,millsaps,"becker,saxton",,"[""grant,she'chem"", 'tullos,zachary', 'hughes,anthony', 'bush,rodreekas', 'jenkins,kaleb', 'mclaurin,ryan', 'miller,joshua', 'pelt,justin van', 'becker,saxton']","['sone,carlos', 'chambers,dimetri', 'gulley,trevor', 'cammon,josh', 'day,justin', 'murrah,jack']",1
565,5100,Oglethorpe,Millsaps,0,107-114,"38,37,9,13,17","37,38,9,13,10",9-7,11-5,3-2,3-2,01/17/20,8:00 PM,N/A,Dorough Field House,Win,5,True,N/A,False,00:01,"SUB IN by MCLAURIN,RYAN",97,,97,,,,"SUB IN by MCLAURIN,RYAN",4,subbing in,,millsaps,"mclaurin,ryan",,"[""grant,she'chem"", 'tullos,zachary', 'hughes,anthony', 'bush,rodreekas', 'jenkins,kaleb', 'mclaurin,ryan', 'miller,joshua', 'pelt,justin van', 'becker,saxton']","['sone,carlos', 'chambers,dimetri', 'gulley,trevor', 'cammon,josh', 'day,justin', 'murrah,jack']",1
566,5100,Oglethorpe,Millsaps,0,107-114,"38,37,9,13,17","37,38,9,13,10",9-7,11-5,3-2,3-2,01/17/20,8:00 PM,N/A,Dorough Field House,Win,5,True,N/A,False,00:01,"SUB OUT by TULLOS,ZACHARY",97,,97,,,,"SUB OUT by TULLOS,ZACHARY",4,subbing out,,millsaps,"tullos,zachary",,"[""grant,she'chem"", 'tullos,zachary', 'hughes,anthony', 'bush,rodreekas', 'jenkins,kaleb', 'mclaurin,ryan', 'miller,joshua', 'pelt,justin van', 'becker,saxton']","['sone,carlos', 'chambers,dimetri', 'gulley,trevor', 'cammon,josh', 'day,justin', 'murrah,jack']",1
567,5100,Oglethorpe,Millsaps,0,107-114,"38,37,9,13,17","37,38,9,13,10",9-7,11-5,3-2,3-2,01/17/20,8:00 PM,N/A,Dorough Field House,Win,5,True,N/A,False,00:01,"SUB OUT by MILLER,JOSHUA",97,,97,,,,"SUB OUT by MILLER,JOSHUA",4,subbing out,,millsaps,"miller,joshua",,"[""grant,she'chem"", 'tullos,zachary', 'hughes,anthony', 'bush,rodreekas', 'jenkins,kaleb', 'mclaurin,ryan', 'pelt,justin van', 'becker,saxton']","['sone,carlos', 'chambers,dimetri', 'gulley,trevor', 'cammon,josh', 'day,justin', 'murrah,jack']",1
568,5100,Oglethorpe,Millsaps,0,107-114,"38,37,9,13,17","37,38,9,13,10",9-7,11-5,3-2,3-2,01/17/20,8:00 PM,N/A,Dorough Field House,Win,5,True,N/A,False,00:01,,97,,97,"SUB IN by CAMMON,JOSH",,,"SUB IN by CAMMON,JOSH",4,subbing in,,oglethorpe,"cammon,josh",,"[""grant,she'chem"", 'tullos,zachary', 'hughes,anthony', 'bush,rodreekas', 'jenkins,kaleb', 'mclaurin,ryan', 'pelt,justin van', 'becker,saxton']","['sone,carlos', 'chambers,dimetri', 'gulley,trevor', 'cammon,josh', 'day,justin', 'murrah,jack']",1
569,5100,Oglethorpe,Millsaps,0,107-114,"38,37,9,13,17","37,38,9,13,10",9-7,11-5,3-2,3-2,01/17/20,8:00 PM,N/A,Dorough Field House,Win,5,True,N/A,False,00:01,,97,,97,"SUB IN by ETIWE,TOJU",,,"SUB IN by ETIWE,TOJU",4,subbing in,,oglethorpe,"etiwe,toju",,"[""grant,she'chem"", 'tullos,zachary', 'hughes,anthony', 'bush,rodreekas', 'jenkins,kaleb', 'mclaurin,ryan', 'pelt,justin van', 'becker,saxton']","['sone,carlos', 'chambers,dimetri', 'gulley,trevor', 'cammon,josh', 'day,justin', 'murrah,jack']",1
570,5100,Oglethorpe,Millsaps,0,107-114,"38,37,9,13,17","37,38,9,13,10",9-7,11-5,3-2,3-2,01/17/20,8:00 PM,N/A,Dorough Field House,Win,5,True,N/A,False,00:01,,97,,97,"SUB OUT by MURRAH,JACK",,,"SUB OUT by MURRAH,JACK",4,subbing out,,oglethorpe,"murrah,jack",,"[""grant,she'chem"", 'tullos,zachary', 'hughes,anthony', 'bush,rodreekas', 'jenkins,kaleb', 'mclaurin,ryan', 'pelt,justin van', 'becker,saxton']","['sone,carlos', 'chambers,dimetri', 'gulley,trevor', 'cammon,josh', 'day,justin']",1
571,5100,Oglethorpe,Millsaps,0,107-114,"38,37,9,13,17","37,38,9,13,10",9-7,11-5,3-2,3-2,01/17/20,8:00 PM,N/A,Dorough Field House,Win,5,True,N/A,False,00:01,,97,,97,"SUB OUT by GULLEY,TREVOR",,,"SUB OUT by GULLEY,TREVOR",4,subbing out,,oglethorpe,"gulley,trevor",,"[""grant,she'chem"", 'tullos,zachary', 'hughes,anthony', 'bush,rodreekas', 'jenkins,kaleb', 'mclaurin,ryan', 'pelt,justin van', 'becker,saxton']","['sone,carlos', 'chambers,dimetri', 'cammon,josh', 'day,justin']",1
572,5100,Oglethorpe,Millsaps,0,107-114,"38,37,9,13,17","37,38,9,13,10",9-7,11-5,3-2,3-2,01/17/20,8:00 PM,N/A,Dorough Field House,Win,5,True,N/A,False,05:00,"SUB IN by GRANT,SHE'CHEM",97,,97,,,,"SUB IN by GRANT,SHE'CHEM",5,subbing in,,millsaps,"grant,she'chem",,"[""grant,she'chem"", 'tullos,zachary', 'hughes,anthony', 'bush,rodreekas', 'jenkins,kaleb', 'mclaurin,ryan', 'pelt,justin van', 'becker,saxton']","['sone,carlos', 'chambers,dimetri', 'cammon,josh', 'day,justin']",300
573,5100,Oglethorpe,Millsaps,0,107-114,"38,37,9,13,17","37,38,9,13,10",9-7,11-5,3-2,3-2,01/17/20,8:00 PM,N/A,Dorough Field House,Win,5,True,N/A,False,05:00,"SUB IN by MILLER,JOSHUA",97,,97,,,,"SUB IN by MILLER,JOSHUA",5,subbing in,,millsaps,"miller,joshua",,"[""grant,she'chem"", 'tullos,zachary', 'hughes,anthony', 'bush,rodreekas', 'jenkins,kaleb', 'mclaurin,ryan', 'pelt,justin van', 'becker,saxton']","['sone,carlos', 'chambers,dimetri', 'cammon,josh', 'day,justin']",300
574,5100,Oglethorpe,Millsaps,0,107-114,"38,37,9,13,17","37,38,9,13,10",9-7,11-5,3-2,3-2,01/17/20,8:00 PM,N/A,Dorough Field House,Win,5,True,N/A,False,05:00,"SUB IN by PELT,JUSTIN VAN",97,,97,,,,"SUB IN by PELT,JUSTIN VAN",5,subbing in,,millsaps,"pelt,justin van",,"[""grant,she'chem"", 'tullos,zachary', 'hughes,anthony', 'bush,rodreekas', 'jenkins,kaleb', 'mclaurin,ryan', 'pelt,justin van', 'becker,saxton']","['sone,carlos', 'chambers,dimetri', 'cammon,josh', 'day,justin']",300
575,5100,Oglethorpe,Millsaps,0,107-114,"38,37,9,13,17","37,38,9,13,10",9-7,11-5,3-2,3-2,01/17/20,8:00 PM,N/A,Dorough Field House,Win,5,True,N/A,False,05:00,"SUB OUT by BLANZ,BUCK",97,,97,,,,"SUB OUT by BLANZ,BUCK",5,subbing out,,millsaps,"blanz,buck",,"[""grant,she'chem"", 'tullos,zachary', 'hughes,anthony', 'bush,rodreekas', 'jenkins,kaleb', 'mclaurin,ryan', 'pelt,justin van', 'becker,saxton']","['sone,carlos', 'chambers,dimetri', 'cammon,josh', 'day,justin']",300
576,5100,Oglethorpe,Millsaps,0,107-114,"38,37,9,13,17","37,38,9,13,10",9-7,11-5,3-2,3-2,01/17/20,8:00 PM,N/A,Dorough Field House,Win,5,True,N/A,False,05:00,"SUB OUT by JENKINS,KALEB",97,,97,,,,"SUB OUT by JENKINS,KALEB",5,subbing out,,millsaps,"jenkins,kaleb",,"[""grant,she'chem"", 'tullos,zachary', 'hughes,anthony', 'bush,rodreekas', 'mclaurin,ryan', 'pelt,justin van', 'becker,saxton']","['sone,carlos', 'chambers,dimetri', 'cammon,josh', 'day,justin']",300
577,5100,Oglethorpe,Millsaps,0,107-114,"38,37,9,13,17","37,38,9,13,10",9-7,11-5,3-2,3-2,01/17/20,8:00 PM,N/A,Dorough Field House,Win,5,True,N/A,False,05:00,"SUB OUT by SPIKES,KALVIN",97,,97,,,,"SUB OUT by SPIKES,KALVIN",5,subbing out,,millsaps,"spikes,kalvin",,"[""grant,she'chem"", 'tullos,zachary', 'hughes,anthony', 'bush,rodreekas', 'mclaurin,ryan', 'pelt,justin van', 'becker,saxton']","['sone,carlos', 'chambers,dimetri', 'cammon,josh', 'day,justin']",300
578,5100,Oglethorpe,Millsaps,0,107-114,"38,37,9,13,17","37,38,9,13,10",9-7,11-5,3-2,3-2,01/17/20,8:00 PM,N/A,Dorough Field House,Win,5,True,N/A,False,05:00,,97,,97,"SUB IN by DAY,JUSTIN",,,"SUB IN by DAY,JUSTIN",5,subbing in,,oglethorpe,"day,justin",,"[""grant,she'chem"", 'tullos,zachary', 'hughes,anthony', 'bush,rodreekas', 'mclaurin,ryan', 'pelt,justin van', 'becker,saxton']","['sone,carlos', 'chambers,dimetri', 'cammon,josh', 'day,justin']",300
579,5100,Oglethorpe,Millsaps,0,107-114,"38,37,9,13,17","37,38,9,13,10",9-7,11-5,3-2,3-2,01/17/20,8:00 PM,N/A,Dorough Field House,Win,5,True,N/A,False,05:00,,97,,97,"SUB IN by ETIWE,TOJU",,,"SUB IN by ETIWE,TOJU",5,subbing in,,oglethorpe,"etiwe,toju",,"[""grant,she'chem"", 'tullos,zachary', 'hughes,anthony', 'bush,rodreekas', 'mclaurin,ryan', 'pelt,justin van', 'becker,saxton']","['sone,carlos', 'chambers,dimetri', 'cammon,josh', 'day,justin', 'etiwe,toju']",300
580,5100,Oglethorpe,Millsaps,0,107-114,"38,37,9,13,17","37,38,9,13,10",9-7,11-5,3-2,3-2,01/17/20,8:00 PM,N/A,Dorough Field House,Win,5,True,N/A,False,05:00,,97,,97,"SUB OUT by JENEI,RYAN",,,"SUB OUT by JENEI,RYAN",5,subbing out,,oglethorpe,"jenei,ryan",,"[""grant,she'chem"", 'tullos,zachary', 'hughes,anthony', 'bush,rodreekas', 'mclaurin,ryan', 'pelt,justin van', 'becker,saxton']","['sone,carlos', 'chambers,dimetri', 'cammon,josh', 'day,justin', 'etiwe,toju']",300
581,5100,Oglethorpe,Millsaps,0,107-114,"38,37,9,13,17","37,38,9,13,10",9-7,11-5,3-2,3-2,01/17/20,8:00 PM,N/A,Dorough Field House,Win,5,True,N/A,False,05:00,,97,,97,"SUB OUT by FOSTER,LANE",,,"SUB OUT by FOSTER,LANE",5,subbing out,,oglethorpe,"foster,lane",,"[""grant,she'chem"", 'tullos,zachary', 'hughes,anthony', 'bush,rodreekas', 'mclaurin,ryan', 'pelt,justin van', 'becker,saxton']","['sone,carlos', 'chambers,dimetri', 'cammon,josh', 'day,justin', 'etiwe,toju']",300
582,5100,Oglethorpe,Millsaps,0,107-114,"38,37,9,13,17","37,38,9,13,10",9-7,11-5,3-2,3-2,01/17/20,8:00 PM,N/A,Dorough Field House,Win,5,True,N/A,False,04:55,,97,,97,"MISS LAYUP by CHAMBERS,DIMETRI",,,"MISS LAYUP by CHAMBERS,DIMETRI",5,layup,missed,oglethorpe,"chambers,dimetri",,"[""grant,she'chem"", 'tullos,zachary', 'hughes,anthony', 'bush,rodreekas', 'mclaurin,ryan', 'pelt,justin van', 'becker,saxton']","['sone,carlos', 'chambers,dimetri', 'cammon,josh', 'day,justin', 'etiwe,toju']",295
583,5100,Oglethorpe,Millsaps,0,107-114,"38,37,9,13,17","37,38,9,13,10",9-7,11-5,3-2,3-2,01/17/20,8:00 PM,N/A,Dorough Field House,Win,5,True,N/A,False,04:55,"BLOCK  by PELT,JUSTIN VAN",97,,97,,,,"BLOCK  by PELT,JUSTIN VAN",5,block,,millsaps,"pelt,justin van",,"[""grant,she'chem"", 'tullos,zachary', 'hughes,anthony', 'bush,rodreekas', 'mclaurin,ryan', 'pelt,justin van', 'becker,saxton']","['sone,carlos', 'chambers,dimetri', 'cammon,josh', 'day,justin', 'etiwe,toju']",295
584,5100,Oglethorpe,Millsaps,0,107-114,"38,37,9,13,17","37,38,9,13,10",9-7,11-5,3-2,3-2,01/17/20,8:00 PM,N/A,Dorough Field House,Win,5,True,N/A,False,--,"REBOUND DEF by MILLER,JOSHUA",97,,97,,,,"REBOUND DEF by MILLER,JOSHUA",5,defensive rebound,,millsaps,"miller,joshua",,"[""grant,she'chem"", 'tullos,zachary', 'hughes,anthony', 'bush,rodreekas', 'mclaurin,ryan', 'pelt,justin van', 'becker,saxton']","['sone,carlos', 'chambers,dimetri', 'cammon,josh', 'day,justin', 'etiwe,toju']",
585,5100,Oglethorpe,Millsaps,0,107-114,"38,37,9,13,17","37,38,9,13,10",9-7,11-5,3-2,3-2,01/17/20,8:00 PM,N/A,Dorough Field House,Win,5,True,N/A,False,04:29,"MISS LAYUP by HUGHES,ANTHONY",97,,97,,,,"MISS LAYUP by HUGHES,ANTHONY",5,layup,missed,millsaps,"hughes,anthony",,"[""grant,she'chem"", 'tullos,zachary', 'hughes,anthony', 'bush,rodreekas', 'mclaurin,ryan', 'pelt,justin van', 'becker,saxton']","['sone,carlos', 'chambers,dimetri', 'cammon,josh', 'day,justin', 'etiwe,toju']",269
586,5100,Oglethorpe,Millsaps,0,107-114,"38,37,9,13,17","37,38,9,13,10",9-7,11-5,3-2,3-2,01/17/20,8:00 PM,N/A,Dorough Field House,Win,5,True,N/A,False,04:29,,97,,97,"BLOCK  by ETIWE,TOJU",,,"BLOCK  by ETIWE,TOJU",5,block,,oglethorpe,"etiwe,toju",,"[""grant,she'chem"", 'tullos,zachary', 'hughes,anthony', 'bush,rodreekas', 'mclaurin,ryan', 'pelt,justin van', 'becker,saxton']","['sone,carlos', 'chambers,dimetri', 'cammon,josh', 'day,justin', 'etiwe,toju']",269
587,5100,Oglethorpe,Millsaps,0,107-114,"38,37,9,13,17","37,38,9,13,10",9-7,11-5,3-2,3-2,01/17/20,8:00 PM,N/A,Dorough Field House,Win,5,True,N/A,False,--,,97,,97,"REBOUND DEF by DAY,JUSTIN",,,"REBOUND DEF by DAY,JUSTIN",5,defensive rebound,,oglethorpe,"day,justin",,"[""grant,she'chem"", 'tullos,zachary', 'hughes,anthony', 'bush,rodreekas', 'mclaurin,ryan', 'pelt,justin van', 'becker,saxton']","['sone,carlos', 'chambers,dimetri', 'cammon,josh', 'day,justin', 'etiwe,toju']",
588,5100,Oglethorpe,Millsaps,0,107-114,"38,37,9,13,17","37,38,9,13,10",9-7,11-5,3-2,3-2,01/17/20,8:00 PM,N/A,Dorough Field House,Win,5,True,N/A,False,04:25,,97,,99 ,"GOOD JUMPER by DAY,JUSTIN",OU 97-99 (-2),,"GOOD JUMPER by DAY,JUSTIN",5,jumper,good,oglethorpe,"day,justin",2,"[""grant,she'chem"", 'tullos,zachary', 'hughes,anthony', 'bush,rodreekas', 'mclaurin,ryan', 'pelt,justin van', 'becker,saxton']","['sone,carlos', 'chambers,dimetri', 'cammon,josh', 'day,justin', 'etiwe,toju']",265
589,5100,Oglethorpe,Millsaps,0,107-114,"38,37,9,13,17","37,38,9,13,10",9-7,11-5,3-2,3-2,01/17/20,8:00 PM,N/A,Dorough Field House,Win,5,True,N/A,False,04:06,"MISS LAYUP by PELT,JUSTIN VAN",97,,99 ,,,,"MISS LAYUP by PELT,JUSTIN VAN",5,layup,missed,millsaps,"pelt,justin van",,"[""grant,she'chem"", 'tullos,zachary', 'hughes,anthony', 'bush,rodreekas', 'mclaurin,ryan', 'pelt,justin van', 'becker,saxton']","['sone,carlos', 'chambers,dimetri', 'cammon,josh', 'day,justin', 'etiwe,toju']",246
590,5100,Oglethorpe,Millsaps,0,107-114,"38,37,9,13,17","37,38,9,13,10",9-7,11-5,3-2,3-2,01/17/20,8:00 PM,N/A,Dorough Field House,Win,5,True,N/A,False,--,"REBOUND OFF by PELT,JUSTIN VAN",97,,99 ,,,,"REBOUND OFF by PELT,JUSTIN VAN",5,offensive rebound,,millsaps,"pelt,justin van",,"[""grant,she'chem"", 'tullos,zachary', 'hughes,anthony', 'bush,rodreekas', 'mclaurin,ryan', 'pelt,justin van', 'becker,saxton']","['sone,carlos', 'chambers,dimetri', 'cammon,josh', 'day,justin', 'etiwe,toju']",
591,5100,Oglethorpe,Millsaps,0,107-114,"38,37,9,13,17","37,38,9,13,10",9-7,11-5,3-2,3-2,01/17/20,8:00 PM,N/A,Dorough Field House,Win,5,True,N/A,False,04:03,"MISS TIPIN by PELT,JUSTIN VAN",97,,99 ,,,,"MISS TIPIN by PELT,JUSTIN VAN",5,tipin,missed,millsaps,"pelt,justin van",,"[""grant,she'chem"", 'tullos,zachary', 'hughes,anthony', 'bush,rodreekas', 'mclaurin,ryan', 'pelt,justin van', 'becker,saxton']","['sone,carlos', 'chambers,dimetri', 'cammon,josh', 'day,justin', 'etiwe,toju']",243
592,5100,Oglethorpe,Millsaps,0,107-114,"38,37,9,13,17","37,38,9,13,10",9-7,11-5,3-2,3-2,01/17/20,8:00 PM,N/A,Dorough Field House,Win,5,True,N/A,False,--,,97,,99 ,"REBOUND DEF by ETIWE,TOJU",,,"REBOUND DEF by ETIWE,TOJU",5,defensive rebound,,oglethorpe,"etiwe,toju",,"[""grant,she'chem"", 'tullos,zachary', 'hughes,anthony', 'bush,rodreekas', 'mclaurin,ryan', 'pelt,justin van', 'becker,saxton']","['sone,carlos', 'chambers,dimetri', 'cammon,josh', 'day,justin', 'etiwe,toju']",
593,5100,Oglethorpe,Millsaps,0,107-114,"38,37,9,13,17","37,38,9,13,10",9-7,11-5,3-2,3-2,01/17/20,8:00 PM,N/A,Dorough Field House,Win,5,True,N/A,False,03:39,"FOUL  by PELT,JUSTIN VAN",97,,99 ,,,,"FOUL  by PELT,JUSTIN VAN",5,foul,,millsaps,"pelt,justin van",,"[""grant,she'chem"", 'tullos,zachary', 'hughes,anthony', 'bush,rodreekas', 'mclaurin,ryan', 'pelt,justin van', 'becker,saxton']","['sone,carlos', 'chambers,dimetri', 'cammon,josh', 'day,justin', 'etiwe,toju']",219
594,5100,Oglethorpe,Millsaps,0,107-114,"38,37,9,13,17","37,38,9,13,10",9-7,11-5,3-2,3-2,01/17/20,8:00 PM,N/A,Dorough Field House,Win,5,True,N/A,False,03:39,,97,,99 ,"MISS FT by DAY,JUSTIN",,,"MISS FT by DAY,JUSTIN",5,free throw,missed,oglethorpe,"day,justin",,"[""grant,she'chem"", 'tullos,zachary', 'hughes,anthony', 'bush,rodreekas', 'mclaurin,ryan', 'pelt,justin van', 'becker,saxton']","['sone,carlos', 'chambers,dimetri', 'cammon,josh', 'day,justin', 'etiwe,toju']",219
595,5100,Oglethorpe,Millsaps,0,107-114,"38,37,9,13,17","37,38,9,13,10",9-7,11-5,3-2,3-2,01/17/20,8:00 PM,N/A,Dorough Field House,Win,5,True,N/A,False,--,,97,,99 ,REBOUND DEADB by TEAM,,,REBOUND DEADB by TEAM,5,deadball rebound,,oglethorpe,,,"[""grant,she'chem"", 'tullos,zachary', 'hughes,anthony', 'bush,rodreekas', 'mclaurin,ryan', 'pelt,justin van', 'becker,saxton']","['sone,carlos', 'chambers,dimetri', 'cammon,josh', 'day,justin', 'etiwe,toju']",
596,5100,Oglethorpe,Millsaps,0,107-114,"38,37,9,13,17","37,38,9,13,10",9-7,11-5,3-2,3-2,01/17/20,8:00 PM,N/A,Dorough Field House,Win,5,True,N/A,False,03:39,,97,,100 ,"GOOD FT by DAY,JUSTIN",OU 97-100 (-3),,"GOOD FT by DAY,JUSTIN",5,free throw,good,oglethorpe,"day,justin",1,"[""grant,she'chem"", 'tullos,zachary', 'hughes,anthony', 'bush,rodreekas', 'mclaurin,ryan', 'pelt,justin van', 'becker,saxton']","['sone,carlos', 'chambers,dimetri', 'cammon,josh', 'day,justin', 'etiwe,toju']",219
597,5100,Oglethorpe,Millsaps,0,107-114,"38,37,9,13,17","37,38,9,13,10",9-7,11-5,3-2,3-2,01/17/20,8:00 PM,N/A,Dorough Field House,Win,5,True,N/A,False,03:39,"SUB IN by GILLIHAN,NEWLON",97,,100 ,,,,"SUB IN by GILLIHAN,NEWLON",5,subbing in,,millsaps,"gillihan,newlon",,"[""grant,she'chem"", 'tullos,zachary', 'hughes,anthony', 'bush,rodreekas', 'mclaurin,ryan', 'pelt,justin van', 'becker,saxton', 'gillihan,newlon']","['sone,carlos', 'chambers,dimetri', 'cammon,josh', 'day,justin', 'etiwe,toju']",219
598,5100,Oglethorpe,Millsaps,0,107-114,"38,37,9,13,17","37,38,9,13,10",9-7,11-5,3-2,3-2,01/17/20,8:00 PM,N/A,Dorough Field House,Win,5,True,N/A,False,03:39,"SUB IN by BECKER,SAXTON",97,,100 ,,,,"SUB IN by BECKER,SAXTON",5,subbing in,,millsaps,"becker,saxton",,"[""grant,she'chem"", 'tullos,zachary', 'hughes,anthony', 'bush,rodreekas', 'mclaurin,ryan', 'pelt,justin van', 'becker,saxton', 'gillihan,newlon']","['sone,carlos', 'chambers,dimetri', 'cammon,josh', 'day,justin', 'etiwe,toju']",219
599,5100,Oglethorpe,Millsaps,0,107-114,"38,37,9,13,17","37,38,9,13,10",9-7,11-5,3-2,3-2,01/17/20,8:00 PM,N/A,Dorough Field House,Win,5,True,N/A,False,03:39,"SUB OUT by PELT,JUSTIN VAN",97,,100 ,,,,"SUB OUT by PELT,JUSTIN VAN",5,subbing out,,millsaps,"pelt,justin van",,"[""grant,she'chem"", 'tullos,zachary', 'hughes,anthony', 'bush,rodreekas', 'mclaurin,ryan', 'pelt,justin van', 'becker,saxton', 'gillihan,newlon']","['sone,carlos', 'chambers,dimetri', 'cammon,josh', 'day,justin', 'etiwe,toju']",219
600,5100,Oglethorpe,Millsaps,0,107-114,"38,37,9,13,17","37,38,9,13,10",9-7,11-5,3-2,3-2,01/17/20,8:00 PM,N/A,Dorough Field House,Win,5,True,N/A,False,03:39,"SUB OUT by MILLER,JOSHUA",97,,100 ,,,,"SUB OUT by MILLER,JOSHUA",5,subbing out,,millsaps,"miller,joshua",,"[""grant,she'chem"", 'tullos,zachary', 'hughes,anthony', 'bush,rodreekas', 'mclaurin,ryan', 'pelt,justin van', 'becker,saxton', 'gillihan,newlon']","['sone,carlos', 'chambers,dimetri', 'cammon,josh', 'day,justin', 'etiwe,toju']",219
601,5100,Oglethorpe,Millsaps,0,107-114,"38,37,9,13,17","37,38,9,13,10",9-7,11-5,3-2,3-2,01/17/20,8:00 PM,N/A,Dorough Field House,Win,5,True,N/A,False,03:22,,97,,100 ,"MISS JUMPER by FISCHER,DAVID",,,"MISS JUMPER by FISCHER,DAVID",5,jumper,missed,oglethorpe,"fischer,david",,"[""grant,she'chem"", 'tullos,zachary', 'hughes,anthony', 'bush,rodreekas', 'mclaurin,ryan', 'pelt,justin van', 'becker,saxton', 'gillihan,newlon']","['sone,carlos', 'chambers,dimetri', 'cammon,josh', 'day,justin', 'etiwe,toju']",202
602,5100,Oglethorpe,Millsaps,0,107-114,"38,37,9,13,17","37,38,9,13,10",9-7,11-5,3-2,3-2,01/17/20,8:00 PM,N/A,Dorough Field House,Win,5,True,N/A,False,--,"REBOUND DEF by SPIKES,KALVIN",97,,100 ,,,,"REBOUND DEF by SPIKES,KALVIN",5,defensive rebound,,millsaps,"spikes,kalvin",,"[""grant,she'chem"", 'tullos,zachary', 'hughes,anthony', 'bush,rodreekas', 'mclaurin,ryan', 'pelt,justin van', 'becker,saxton', 'gillihan,newlon']","['sone,carlos', 'chambers,dimetri', 'cammon,josh', 'day,justin', 'etiwe,toju']",
603,5100,Oglethorpe,Millsaps,0,107-114,"38,37,9,13,17","37,38,9,13,10",9-7,11-5,3-2,3-2,01/17/20,8:00 PM,N/A,Dorough Field House,Win,5,True,N/A,False,03:00,"GOOD JUMPER by SPIKES,KALVIN",99,,100 ,,MC 99-100 (-1),,"GOOD JUMPER by SPIKES,KALVIN",5,jumper,good,millsaps,"spikes,kalvin",2,"[""grant,she'chem"", 'tullos,zachary', 'hughes,anthony', 'bush,rodreekas', 'mclaurin,ryan', 'pelt,justin van', 'becker,saxton', 'gillihan,newlon']","['sone,carlos', 'chambers,dimetri', 'cammon,josh', 'day,justin', 'etiwe,toju']",180
604,5100,Oglethorpe,Millsaps,0,107-114,"38,37,9,13,17","37,38,9,13,10",9-7,11-5,3-2,3-2,01/17/20,8:00 PM,N/A,Dorough Field House,Win,5,True,N/A,False,02:40,,99,,100 ,"MISS JUMPER by EZIGBO,UBA",,,"MISS JUMPER by EZIGBO,UBA",5,jumper,missed,oglethorpe,"ezigbo,uba",,"[""grant,she'chem"", 'tullos,zachary', 'hughes,anthony', 'bush,rodreekas', 'mclaurin,ryan', 'pelt,justin van', 'becker,saxton', 'gillihan,newlon']","['sone,carlos', 'chambers,dimetri', 'cammon,josh', 'day,justin', 'etiwe,toju']",160
605,5100,Oglethorpe,Millsaps,0,107-114,"38,37,9,13,17","37,38,9,13,10",9-7,11-5,3-2,3-2,01/17/20,8:00 PM,N/A,Dorough Field House,Win,5,True,N/A,False,--,"REBOUND DEF by SPIKES,KALVIN",99,,100 ,,,,"REBOUND DEF by SPIKES,KALVIN",5,defensive rebound,,millsaps,"spikes,kalvin",,"[""grant,she'chem"", 'tullos,zachary', 'hughes,anthony', 'bush,rodreekas', 'mclaurin,ryan', 'pelt,justin van', 'becker,saxton', 'gillihan,newlon']","['sone,carlos', 'chambers,dimetri', 'cammon,josh', 'day,justin', 'etiwe,toju']",
606,5100,Oglethorpe,Millsaps,0,107-114,"38,37,9,13,17","37,38,9,13,10",9-7,11-5,3-2,3-2,01/17/20,8:00 PM,N/A,Dorough Field House,Win,5,True,N/A,False,02:36,"FOUL  by GILLIHAN,NEWLON",99,,100 ,,,,"FOUL  by GILLIHAN,NEWLON",5,foul,,millsaps,"gillihan,newlon",,"[""grant,she'chem"", 'tullos,zachary', 'hughes,anthony', 'bush,rodreekas', 'mclaurin,ryan', 'pelt,justin van', 'becker,saxton', 'gillihan,newlon']","['sone,carlos', 'chambers,dimetri', 'cammon,josh', 'day,justin', 'etiwe,toju']",156
607,5100,Oglethorpe,Millsaps,0,107-114,"38,37,9,13,17","37,38,9,13,10",9-7,11-5,3-2,3-2,01/17/20,8:00 PM,N/A,Dorough Field House,Win,5,True,N/A,False,02:36,,99,,101 ,"GOOD FT by CAMMON,JOSH",OU 99-101 (-2),,"GOOD FT by CAMMON,JOSH",5,free throw,good,oglethorpe,"cammon,josh",1,"[""grant,she'chem"", 'tullos,zachary', 'hughes,anthony', 'bush,rodreekas', 'mclaurin,ryan', 'pelt,justin van', 'becker,saxton', 'gillihan,newlon']","['sone,carlos', 'chambers,dimetri', 'cammon,josh', 'day,justin', 'etiwe,toju']",156
608,5100,Oglethorpe,Millsaps,0,107-114,"38,37,9,13,17","37,38,9,13,10",9-7,11-5,3-2,3-2,01/17/20,8:00 PM,N/A,Dorough Field House,Win,5,True,N/A,False,02:36,,99,,102 ,"GOOD FT by CHAMBERS,DIMETRI",OU 99-102 (-3),,"GOOD FT by CHAMBERS,DIMETRI",5,free throw,good,oglethorpe,"chambers,dimetri",1,"[""grant,she'chem"", 'tullos,zachary', 'hughes,anthony', 'bush,rodreekas', 'mclaurin,ryan', 'pelt,justin van', 'becker,saxton', 'gillihan,newlon']","['sone,carlos', 'chambers,dimetri', 'cammon,josh', 'day,justin', 'etiwe,toju']",156
609,5100,Oglethorpe,Millsaps,0,107-114,"38,37,9,13,17","37,38,9,13,10",9-7,11-5,3-2,3-2,01/17/20,8:00 PM,N/A,Dorough Field House,Win,5,True,N/A,False,02:26,"SUB IN by SPIKES,KALVIN",99,,102 ,,,,"SUB IN by SPIKES,KALVIN",5,subbing in,,millsaps,"spikes,kalvin",,"[""grant,she'chem"", 'tullos,zachary', 'hughes,anthony', 'bush,rodreekas', 'mclaurin,ryan', 'pelt,justin van', 'becker,saxton', 'gillihan,newlon']","['sone,carlos', 'chambers,dimetri', 'cammon,josh', 'day,justin', 'etiwe,toju']",146
610,5100,Oglethorpe,Millsaps,0,107-114,"38,37,9,13,17","37,38,9,13,10",9-7,11-5,3-2,3-2,01/17/20,8:00 PM,N/A,Dorough Field House,Win,5,True,N/A,False,02:26,"SUB OUT by GILLIHAN,NEWLON",99,,102 ,,,,"SUB OUT by GILLIHAN,NEWLON",5,subbing out,,millsaps,"gillihan,newlon",,"[""grant,she'chem"", 'tullos,zachary', 'hughes,anthony', 'bush,rodreekas', 'mclaurin,ryan', 'pelt,justin van', 'becker,saxton']","['sone,carlos', 'chambers,dimetri', 'cammon,josh', 'day,justin', 'etiwe,toju']",146
611,5100,Oglethorpe,Millsaps,0,107-114,"38,37,9,13,17","37,38,9,13,10",9-7,11-5,3-2,3-2,01/17/20,8:00 PM,N/A,Dorough Field House,Win,5,True,N/A,False,02:20,,99,,102 ,"MISS LAYUP by CHAMBERS,DIMETRI",,,"MISS LAYUP by CHAMBERS,DIMETRI",5,layup,missed,oglethorpe,"chambers,dimetri",,"[""grant,she'chem"", 'tullos,zachary', 'hughes,anthony', 'bush,rodreekas', 'mclaurin,ryan', 'pelt,justin van', 'becker,saxton']","['sone,carlos', 'chambers,dimetri', 'cammon,josh', 'day,justin', 'etiwe,toju']",140
612,5100,Oglethorpe,Millsaps,0,107-114,"38,37,9,13,17","37,38,9,13,10",9-7,11-5,3-2,3-2,01/17/20,8:00 PM,N/A,Dorough Field House,Win,5,True,N/A,False,02:20,"BLOCK  by SPIKES,KALVIN",99,,102 ,,,,"BLOCK  by SPIKES,KALVIN",5,block,,millsaps,"spikes,kalvin",,"[""grant,she'chem"", 'tullos,zachary', 'hughes,anthony', 'bush,rodreekas', 'mclaurin,ryan', 'pelt,justin van', 'becker,saxton']","['sone,carlos', 'chambers,dimetri', 'cammon,josh', 'day,justin', 'etiwe,toju']",140
613,5100,Oglethorpe,Millsaps,0,107-114,"38,37,9,13,17","37,38,9,13,10",9-7,11-5,3-2,3-2,01/17/20,8:00 PM,N/A,Dorough Field House,Win,5,True,N/A,False,--,"REBOUND DEF by SPIKES,KALVIN",99,,102 ,,,,"REBOUND DEF by SPIKES,KALVIN",5,defensive rebound,,millsaps,"spikes,kalvin",,"[""grant,she'chem"", 'tullos,zachary', 'hughes,anthony', 'bush,rodreekas', 'mclaurin,ryan', 'pelt,justin van', 'becker,saxton']","['sone,carlos', 'chambers,dimetri', 'cammon,josh', 'day,justin', 'etiwe,toju']",
614,5100,Oglethorpe,Millsaps,0,107-114,"38,37,9,13,17","37,38,9,13,10",9-7,11-5,3-2,3-2,01/17/20,8:00 PM,N/A,Dorough Field House,Win,5,True,N/A,False,02:07,"GOOD 3PTR by GRANT,SHE'CHEM",102,,102,,MC 102-102 (0),,"GOOD 3PTR by GRANT,SHE'CHEM",5,three pointer,good,millsaps,"grant,she'chem",3,"[""grant,she'chem"", 'tullos,zachary', 'hughes,anthony', 'bush,rodreekas', 'mclaurin,ryan', 'pelt,justin van', 'becker,saxton']","['sone,carlos', 'chambers,dimetri', 'cammon,josh', 'day,justin', 'etiwe,toju']",127
615,5100,Oglethorpe,Millsaps,0,107-114,"38,37,9,13,17","37,38,9,13,10",9-7,11-5,3-2,3-2,01/17/20,8:00 PM,N/A,Dorough Field House,Win,5,True,N/A,False,01:51,,102,,104 ,"GOOD LAYUP by CAMMON,JOSH(in the paint)",OU 102-104 (-2),,"GOOD LAYUP by CAMMON,JOSH(in the paint)",5,layup,good,oglethorpe,"cammon,josh",2,"[""grant,she'chem"", 'tullos,zachary', 'hughes,anthony', 'bush,rodreekas', 'mclaurin,ryan', 'pelt,justin van', 'becker,saxton']","['sone,carlos', 'chambers,dimetri', 'cammon,josh', 'day,justin', 'etiwe,toju']",111
616,5100,Oglethorpe,Millsaps,0,107-114,"38,37,9,13,17","37,38,9,13,10",9-7,11-5,3-2,3-2,01/17/20,8:00 PM,N/A,Dorough Field House,Win,5,True,N/A,False,01:38,"MISS FT by HUGHES,ANTHONY",102,,104 ,,,,"MISS FT by HUGHES,ANTHONY",5,free throw,missed,millsaps,"hughes,anthony",,"[""grant,she'chem"", 'tullos,zachary', 'hughes,anthony', 'bush,rodreekas', 'mclaurin,ryan', 'pelt,justin van', 'becker,saxton']","['sone,carlos', 'chambers,dimetri', 'cammon,josh', 'day,justin', 'etiwe,toju']",98
617,5100,Oglethorpe,Millsaps,0,107-114,"38,37,9,13,17","37,38,9,13,10",9-7,11-5,3-2,3-2,01/17/20,8:00 PM,N/A,Dorough Field House,Win,5,True,N/A,False,--,REBOUND DEADB by TEAM,102,,104 ,,,,REBOUND DEADB by TEAM,5,deadball rebound,,millsaps,,,"[""grant,she'chem"", 'tullos,zachary', 'hughes,anthony', 'bush,rodreekas', 'mclaurin,ryan', 'pelt,justin van', 'becker,saxton']","['sone,carlos', 'chambers,dimetri', 'cammon,josh', 'day,justin', 'etiwe,toju']",
618,5100,Oglethorpe,Millsaps,0,107-114,"38,37,9,13,17","37,38,9,13,10",9-7,11-5,3-2,3-2,01/17/20,8:00 PM,N/A,Dorough Field House,Win,5,True,N/A,False,01:38,"GOOD FT by HUGHES,ANTHONY",103,,104 ,,MC 103-104 (-1),,"GOOD FT by HUGHES,ANTHONY",5,free throw,good,millsaps,"hughes,anthony",1,"[""grant,she'chem"", 'tullos,zachary', 'hughes,anthony', 'bush,rodreekas', 'mclaurin,ryan', 'pelt,justin van', 'becker,saxton']","['sone,carlos', 'chambers,dimetri', 'cammon,josh', 'day,justin', 'etiwe,toju']",98
619,5100,Oglethorpe,Millsaps,0,107-114,"38,37,9,13,17","37,38,9,13,10",9-7,11-5,3-2,3-2,01/17/20,8:00 PM,N/A,Dorough Field House,Win,5,True,N/A,False,01:38,"SUB IN by TULLOS,ZACHARY",103,,104 ,,,,"SUB IN by TULLOS,ZACHARY",5,subbing in,,millsaps,"tullos,zachary",,"[""grant,she'chem"", 'tullos,zachary', 'hughes,anthony', 'bush,rodreekas', 'mclaurin,ryan', 'pelt,justin van', 'becker,saxton']","['sone,carlos', 'chambers,dimetri', 'cammon,josh', 'day,justin', 'etiwe,toju']",98
620,5100,Oglethorpe,Millsaps,0,107-114,"38,37,9,13,17","37,38,9,13,10",9-7,11-5,3-2,3-2,01/17/20,8:00 PM,N/A,Dorough Field House,Win,5,True,N/A,False,01:38,"SUB OUT by BECKER,SAXTON",103,,104 ,,,,"SUB OUT by BECKER,SAXTON",5,subbing out,,millsaps,"becker,saxton",,"[""grant,she'chem"", 'tullos,zachary', 'hughes,anthony', 'bush,rodreekas', 'mclaurin,ryan', 'pelt,justin van', 'becker,saxton']","['sone,carlos', 'chambers,dimetri', 'cammon,josh', 'day,justin', 'etiwe,toju']",98
621,5100,Oglethorpe,Millsaps,0,107-114,"38,37,9,13,17","37,38,9,13,10",9-7,11-5,3-2,3-2,01/17/20,8:00 PM,N/A,Dorough Field House,Win,5,True,N/A,False,01:07,"FOUL  by MCLAURIN,RYAN",103,,104 ,,,,"FOUL  by MCLAURIN,RYAN",5,foul,,millsaps,"mclaurin,ryan",,"[""grant,she'chem"", 'tullos,zachary', 'hughes,anthony', 'bush,rodreekas', 'mclaurin,ryan', 'pelt,justin van', 'becker,saxton']","['sone,carlos', 'chambers,dimetri', 'cammon,josh', 'day,justin', 'etiwe,toju']",67
622,5100,Oglethorpe,Millsaps,0,107-114,"38,37,9,13,17","37,38,9,13,10",9-7,11-5,3-2,3-2,01/17/20,8:00 PM,N/A,Dorough Field House,Win,5,True,N/A,False,01:07,,103,,105 ,"GOOD FT by DAY,JUSTIN",OU 103-105 (-2),,"GOOD FT by DAY,JUSTIN",5,free throw,good,oglethorpe,"day,justin",1,"[""grant,she'chem"", 'tullos,zachary', 'hughes,anthony', 'bush,rodreekas', 'mclaurin,ryan', 'pelt,justin van', 'becker,saxton']","['sone,carlos', 'chambers,dimetri', 'cammon,josh', 'day,justin', 'etiwe,toju']",67
623,5100,Oglethorpe,Millsaps,0,107-114,"38,37,9,13,17","37,38,9,13,10",9-7,11-5,3-2,3-2,01/17/20,8:00 PM,N/A,Dorough Field House,Win,5,True,N/A,False,01:07,,103,,106 ,"GOOD FT by DAY,JUSTIN",OU 103-106 (-3),,"GOOD FT by DAY,JUSTIN",5,free throw,good,oglethorpe,"day,justin",1,"[""grant,she'chem"", 'tullos,zachary', 'hughes,anthony', 'bush,rodreekas', 'mclaurin,ryan', 'pelt,justin van', 'becker,saxton']","['sone,carlos', 'chambers,dimetri', 'cammon,josh', 'day,justin', 'etiwe,toju']",67
624,5100,Oglethorpe,Millsaps,0,107-114,"38,37,9,13,17","37,38,9,13,10",9-7,11-5,3-2,3-2,01/17/20,8:00 PM,N/A,Dorough Field House,Win,5,True,N/A,False,01:07,"SUB IN by BECKER,SAXTON",103,,106 ,,,,"SUB IN by BECKER,SAXTON",5,subbing in,,millsaps,"becker,saxton",,"[""grant,she'chem"", 'tullos,zachary', 'hughes,anthony', 'bush,rodreekas', 'mclaurin,ryan', 'pelt,justin van', 'becker,saxton']","['sone,carlos', 'chambers,dimetri', 'cammon,josh', 'day,justin', 'etiwe,toju']",67
625,5100,Oglethorpe,Millsaps,0,107-114,"38,37,9,13,17","37,38,9,13,10",9-7,11-5,3-2,3-2,01/17/20,8:00 PM,N/A,Dorough Field House,Win,5,True,N/A,False,01:07,"SUB OUT by TULLOS,ZACHARY",103,,106 ,,,,"SUB OUT by TULLOS,ZACHARY",5,subbing out,,millsaps,"tullos,zachary",,"[""grant,she'chem"", 'tullos,zachary', 'hughes,anthony', 'bush,rodreekas', 'mclaurin,ryan', 'pelt,justin van', 'becker,saxton']","['sone,carlos', 'chambers,dimetri', 'cammon,josh', 'day,justin', 'etiwe,toju']",67
626,5100,Oglethorpe,Millsaps,0,107-114,"38,37,9,13,17","37,38,9,13,10",9-7,11-5,3-2,3-2,01/17/20,8:00 PM,N/A,Dorough Field House,Win,5,True,N/A,False,00:59,"GOOD LAYUP by MCLAURIN,RYAN(in the paint)",105,,106 ,,MC 105-106 (-1),,"GOOD LAYUP by MCLAURIN,RYAN(in the paint)",5,layup,good,millsaps,"mclaurin,ryan",2,"[""grant,she'chem"", 'tullos,zachary', 'hughes,anthony', 'bush,rodreekas', 'mclaurin,ryan', 'pelt,justin van', 'becker,saxton']","['sone,carlos', 'chambers,dimetri', 'cammon,josh', 'day,justin', 'etiwe,toju']",59
627,5100,Oglethorpe,Millsaps,0,107-114,"38,37,9,13,17","37,38,9,13,10",9-7,11-5,3-2,3-2,01/17/20,8:00 PM,N/A,Dorough Field House,Win,5,True,N/A,False,00:39,,105,,108 ,"GOOD JUMPER by CAMMON,JOSH",OU 105-108 (-3),,"GOOD JUMPER by CAMMON,JOSH",5,jumper,good,oglethorpe,"cammon,josh",2,"[""grant,she'chem"", 'tullos,zachary', 'hughes,anthony', 'bush,rodreekas', 'mclaurin,ryan', 'pelt,justin van', 'becker,saxton']","['sone,carlos', 'chambers,dimetri', 'cammon,josh', 'day,justin', 'etiwe,toju']",39
628,5100,Oglethorpe,Millsaps,0,107-114,"38,37,9,13,17","37,38,9,13,10",9-7,11-5,3-2,3-2,01/17/20,8:00 PM,N/A,Dorough Field House,Win,5,True,N/A,False,00:26,"MISS 3PTR by MCLAURIN,RYAN",105,,108 ,,,,"MISS 3PTR by MCLAURIN,RYAN",5,three pointer,missed,millsaps,"mclaurin,ryan",,"[""grant,she'chem"", 'tullos,zachary', 'hughes,anthony', 'bush,rodreekas', 'mclaurin,ryan', 'pelt,justin van', 'becker,saxton']","['sone,carlos', 'chambers,dimetri', 'cammon,josh', 'day,justin', 'etiwe,toju']",26
629,5100,Oglethorpe,Millsaps,0,107-114,"38,37,9,13,17","37,38,9,13,10",9-7,11-5,3-2,3-2,01/17/20,8:00 PM,N/A,Dorough Field House,Win,5,True,N/A,False,--,,105,,108 ,"REBOUND DEF by CHAMBERS,DIMETRI",,,"REBOUND DEF by CHAMBERS,DIMETRI",5,defensive rebound,,oglethorpe,"chambers,dimetri",,"[""grant,she'chem"", 'tullos,zachary', 'hughes,anthony', 'bush,rodreekas', 'mclaurin,ryan', 'pelt,justin van', 'becker,saxton']","['sone,carlos', 'chambers,dimetri', 'cammon,josh', 'day,justin', 'etiwe,toju']",
630,5100,Oglethorpe,Millsaps,0,107-114,"38,37,9,13,17","37,38,9,13,10",9-7,11-5,3-2,3-2,01/17/20,8:00 PM,N/A,Dorough Field House,Win,5,True,N/A,False,00:26,"FOUL  by HUGHES,ANTHONY",105,,108 ,,,,"FOUL  by HUGHES,ANTHONY",5,foul,,millsaps,"hughes,anthony",,"[""grant,she'chem"", 'tullos,zachary', 'hughes,anthony', 'bush,rodreekas', 'mclaurin,ryan', 'pelt,justin van', 'becker,saxton']","['sone,carlos', 'chambers,dimetri', 'cammon,josh', 'day,justin', 'etiwe,toju']",26
631,5100,Oglethorpe,Millsaps,0,107-114,"38,37,9,13,17","37,38,9,13,10",9-7,11-5,3-2,3-2,01/17/20,8:00 PM,N/A,Dorough Field House,Win,5,True,N/A,False,00:26,,105,,109 ,"GOOD FT by CHAMBERS,DIMETRI",OU 105-109 (-4),,"GOOD FT by CHAMBERS,DIMETRI",5,free throw,good,oglethorpe,"chambers,dimetri",1,"[""grant,she'chem"", 'tullos,zachary', 'hughes,anthony', 'bush,rodreekas', 'mclaurin,ryan', 'pelt,justin van', 'becker,saxton']","['sone,carlos', 'chambers,dimetri', 'cammon,josh', 'day,justin', 'etiwe,toju']",26
632,5100,Oglethorpe,Millsaps,0,107-114,"38,37,9,13,17","37,38,9,13,10",9-7,11-5,3-2,3-2,01/17/20,8:00 PM,N/A,Dorough Field House,Win,5,True,N/A,False,00:26,,105,,110 ,"GOOD FT by CHAMBERS,DIMETRI",OU 105-110 (-5),,"GOOD FT by CHAMBERS,DIMETRI",5,free throw,good,oglethorpe,"chambers,dimetri",1,"[""grant,she'chem"", 'tullos,zachary', 'hughes,anthony', 'bush,rodreekas', 'mclaurin,ryan', 'pelt,justin van', 'becker,saxton']","['sone,carlos', 'chambers,dimetri', 'cammon,josh', 'day,justin', 'etiwe,toju']",26
633,5100,Oglethorpe,Millsaps,0,107-114,"38,37,9,13,17","37,38,9,13,10",9-7,11-5,3-2,3-2,01/17/20,8:00 PM,N/A,Dorough Field House,Win,5,True,N/A,False,00:26,"SUB IN by YOUNG,DILLON",105,,110 ,,,,"SUB IN by YOUNG,DILLON",5,subbing in,,millsaps,"young,dillon",,"[""grant,she'chem"", 'tullos,zachary', 'hughes,anthony', 'bush,rodreekas', 'mclaurin,ryan', 'pelt,justin van', 'becker,saxton', 'young,dillon']","['sone,carlos', 'chambers,dimetri', 'cammon,josh', 'day,justin', 'etiwe,toju']",26
634,5100,Oglethorpe,Millsaps,0,107-114,"38,37,9,13,17","37,38,9,13,10",9-7,11-5,3-2,3-2,01/17/20,8:00 PM,N/A,Dorough Field House,Win,5,True,N/A,False,00:26,"SUB OUT by SPIKES,KALVIN",105,,110 ,,,,"SUB OUT by SPIKES,KALVIN",5,subbing out,,millsaps,"spikes,kalvin",,"[""grant,she'chem"", 'tullos,zachary', 'hughes,anthony', 'bush,rodreekas', 'mclaurin,ryan', 'pelt,justin van', 'becker,saxton', 'young,dillon']","['sone,carlos', 'chambers,dimetri', 'cammon,josh', 'day,justin', 'etiwe,toju']",26
635,5100,Oglethorpe,Millsaps,0,107-114,"38,37,9,13,17","37,38,9,13,10",9-7,11-5,3-2,3-2,01/17/20,8:00 PM,N/A,Dorough Field House,Win,5,True,N/A,False,00:16,"MISS 3PTR by BECKER,SAXTON",105,,110 ,,,,"MISS 3PTR by BECKER,SAXTON",5,three pointer,missed,millsaps,"becker,saxton",,"[""grant,she'chem"", 'tullos,zachary', 'hughes,anthony', 'bush,rodreekas', 'mclaurin,ryan', 'pelt,justin van', 'becker,saxton', 'young,dillon']","['sone,carlos', 'chambers,dimetri', 'cammon,josh', 'day,justin', 'etiwe,toju']",16
636,5100,Oglethorpe,Millsaps,0,107-114,"38,37,9,13,17","37,38,9,13,10",9-7,11-5,3-2,3-2,01/17/20,8:00 PM,N/A,Dorough Field House,Win,5,True,N/A,False,--,"REBOUND OFF by GRANT,SHE'CHEM",105,,110 ,,,,"REBOUND OFF by GRANT,SHE'CHEM",5,offensive rebound,,millsaps,"grant,she'chem",,"[""grant,she'chem"", 'tullos,zachary', 'hughes,anthony', 'bush,rodreekas', 'mclaurin,ryan', 'pelt,justin van', 'becker,saxton', 'young,dillon']","['sone,carlos', 'chambers,dimetri', 'cammon,josh', 'day,justin', 'etiwe,toju']",
637,5100,Oglethorpe,Millsaps,0,107-114,"38,37,9,13,17","37,38,9,13,10",9-7,11-5,3-2,3-2,01/17/20,8:00 PM,N/A,Dorough Field House,Win,5,True,N/A,False,00:13,"GOOD LAYUP by GRANT,SHE'CHEM(in the paint)",107,,110 ,,MC 107-110 (-3),,"GOOD LAYUP by GRANT,SHE'CHEM(in the paint)",5,layup,good,millsaps,"grant,she'chem",2,"[""grant,she'chem"", 'tullos,zachary', 'hughes,anthony', 'bush,rodreekas', 'mclaurin,ryan', 'pelt,justin van', 'becker,saxton', 'young,dillon']","['sone,carlos', 'chambers,dimetri', 'cammon,josh', 'day,justin', 'etiwe,toju']",13
638,5100,Oglethorpe,Millsaps,0,107-114,"38,37,9,13,17","37,38,9,13,10",9-7,11-5,3-2,3-2,01/17/20,8:00 PM,N/A,Dorough Field House,Win,5,True,N/A,False,00:13,,107,,110 ,TIMEOUT 30SEC by TEAM,,,TIMEOUT 30SEC by TEAM,5,timeout,,oglethorpe,,,"[""grant,she'chem"", 'tullos,zachary', 'hughes,anthony', 'bush,rodreekas', 'mclaurin,ryan', 'pelt,justin van', 'becker,saxton', 'young,dillon']","['sone,carlos', 'chambers,dimetri', 'cammon,josh', 'day,justin', 'etiwe,toju']",13
639,5100,Oglethorpe,Millsaps,0,107-114,"38,37,9,13,17","37,38,9,13,10",9-7,11-5,3-2,3-2,01/17/20,8:00 PM,N/A,Dorough Field House,Win,5,True,N/A,False,00:11,"FOUL  by TULLOS,ZACHARY",107,,110 ,,,,"FOUL  by TULLOS,ZACHARY",5,foul,,millsaps,"tullos,zachary",,"[""grant,she'chem"", 'tullos,zachary', 'hughes,anthony', 'bush,rodreekas', 'mclaurin,ryan', 'pelt,justin van', 'becker,saxton', 'young,dillon']","['sone,carlos', 'chambers,dimetri', 'cammon,josh', 'day,justin', 'etiwe,toju']",11
640,5100,Oglethorpe,Millsaps,0,107-114,"38,37,9,13,17","37,38,9,13,10",9-7,11-5,3-2,3-2,01/17/20,8:00 PM,N/A,Dorough Field House,Win,5,True,N/A,False,00:11,,107,,111 ,"GOOD FT by CHAMBERS,DIMETRI",OU 107-111 (-4),,"GOOD FT by CHAMBERS,DIMETRI",5,free throw,good,oglethorpe,"chambers,dimetri",1,"[""grant,she'chem"", 'tullos,zachary', 'hughes,anthony', 'bush,rodreekas', 'mclaurin,ryan', 'pelt,justin van', 'becker,saxton', 'young,dillon']","['sone,carlos', 'chambers,dimetri', 'cammon,josh', 'day,justin', 'etiwe,toju']",11
641,5100,Oglethorpe,Millsaps,0,107-114,"38,37,9,13,17","37,38,9,13,10",9-7,11-5,3-2,3-2,01/17/20,8:00 PM,N/A,Dorough Field House,Win,5,True,N/A,False,00:11,,107,,112 ,"GOOD FT by CHAMBERS,DIMETRI",OU 107-112 (-5),,"GOOD FT by CHAMBERS,DIMETRI",5,free throw,good,oglethorpe,"chambers,dimetri",1,"[""grant,she'chem"", 'tullos,zachary', 'hughes,anthony', 'bush,rodreekas', 'mclaurin,ryan', 'pelt,justin van', 'becker,saxton', 'young,dillon']","['sone,carlos', 'chambers,dimetri', 'cammon,josh', 'day,justin', 'etiwe,toju']",11
642,5100,Oglethorpe,Millsaps,0,107-114,"38,37,9,13,17","37,38,9,13,10",9-7,11-5,3-2,3-2,01/17/20,8:00 PM,N/A,Dorough Field House,Win,5,True,N/A,False,00:11,"SUB IN by YOUNG,DILLON",107,,112 ,,,,"SUB IN by YOUNG,DILLON",5,subbing in,,millsaps,"young,dillon",,"[""grant,she'chem"", 'tullos,zachary', 'hughes,anthony', 'bush,rodreekas', 'mclaurin,ryan', 'pelt,justin van', 'becker,saxton', 'young,dillon']","['sone,carlos', 'chambers,dimetri', 'cammon,josh', 'day,justin', 'etiwe,toju']",11
643,5100,Oglethorpe,Millsaps,0,107-114,"38,37,9,13,17","37,38,9,13,10",9-7,11-5,3-2,3-2,01/17/20,8:00 PM,N/A,Dorough Field House,Win,5,True,N/A,False,00:11,"SUB IN by BECKER,SAXTON",107,,112 ,,,,"SUB IN by BECKER,SAXTON",5,subbing in,,millsaps,"becker,saxton",,"[""grant,she'chem"", 'tullos,zachary', 'hughes,anthony', 'bush,rodreekas', 'mclaurin,ryan', 'pelt,justin van', 'becker,saxton', 'young,dillon']","['sone,carlos', 'chambers,dimetri', 'cammon,josh', 'day,justin', 'etiwe,toju']",11
644,5100,Oglethorpe,Millsaps,0,107-114,"38,37,9,13,17","37,38,9,13,10",9-7,11-5,3-2,3-2,01/17/20,8:00 PM,N/A,Dorough Field House,Win,5,True,N/A,False,00:11,"SUB IN by TULLOS,ZACHARY",107,,112 ,,,,"SUB IN by TULLOS,ZACHARY",5,subbing in,,millsaps,"tullos,zachary",,"[""grant,she'chem"", 'tullos,zachary', 'hughes,anthony', 'bush,rodreekas', 'mclaurin,ryan', 'pelt,justin van', 'becker,saxton', 'young,dillon']","['sone,carlos', 'chambers,dimetri', 'cammon,josh', 'day,justin', 'etiwe,toju']",11
645,5100,Oglethorpe,Millsaps,0,107-114,"38,37,9,13,17","37,38,9,13,10",9-7,11-5,3-2,3-2,01/17/20,8:00 PM,N/A,Dorough Field House,Win,5,True,N/A,False,00:11,"SUB IN by MILLER,JOSHUA",107,,112 ,,,,"SUB IN by MILLER,JOSHUA",5,subbing in,,millsaps,"miller,joshua",,"[""grant,she'chem"", 'tullos,zachary', 'hughes,anthony', 'bush,rodreekas', 'mclaurin,ryan', 'pelt,justin van', 'becker,saxton', 'young,dillon', 'miller,joshua']","['sone,carlos', 'chambers,dimetri', 'cammon,josh', 'day,justin', 'etiwe,toju']",11
646,5100,Oglethorpe,Millsaps,0,107-114,"38,37,9,13,17","37,38,9,13,10",9-7,11-5,3-2,3-2,01/17/20,8:00 PM,N/A,Dorough Field House,Win,5,True,N/A,False,00:11,"SUB OUT by TULLOS,ZACHARY",107,,112 ,,,,"SUB OUT by TULLOS,ZACHARY",5,subbing out,,millsaps,"tullos,zachary",,"[""grant,she'chem"", 'hughes,anthony', 'bush,rodreekas', 'mclaurin,ryan', 'pelt,justin van', 'becker,saxton', 'young,dillon', 'miller,joshua']","['sone,carlos', 'chambers,dimetri', 'cammon,josh', 'day,justin', 'etiwe,toju']",11
647,5100,Oglethorpe,Millsaps,0,107-114,"38,37,9,13,17","37,38,9,13,10",9-7,11-5,3-2,3-2,01/17/20,8:00 PM,N/A,Dorough Field House,Win,5,True,N/A,False,00:11,"SUB OUT by MILLER,JOSHUA",107,,112 ,,,,"SUB OUT by MILLER,JOSHUA",5,subbing out,,millsaps,"miller,joshua",,"[""grant,she'chem"", 'hughes,anthony', 'bush,rodreekas', 'mclaurin,ryan', 'pelt,justin van', 'becker,saxton', 'young,dillon']","['sone,carlos', 'chambers,dimetri', 'cammon,josh', 'day,justin', 'etiwe,toju']",11
648,5100,Oglethorpe,Millsaps,0,107-114,"38,37,9,13,17","37,38,9,13,10",9-7,11-5,3-2,3-2,01/17/20,8:00 PM,N/A,Dorough Field House,Win,5,True,N/A,False,00:11,"SUB OUT by BECKER,SAXTON",107,,112 ,,,,"SUB OUT by BECKER,SAXTON",5,subbing out,,millsaps,"becker,saxton",,"[""grant,she'chem"", 'hughes,anthony', 'bush,rodreekas', 'mclaurin,ryan', 'pelt,justin van', 'young,dillon']","['sone,carlos', 'chambers,dimetri', 'cammon,josh', 'day,justin', 'etiwe,toju']",11
649,5100,Oglethorpe,Millsaps,0,107-114,"38,37,9,13,17","37,38,9,13,10",9-7,11-5,3-2,3-2,01/17/20,8:00 PM,N/A,Dorough Field House,Win,5,True,N/A,False,00:11,"SUB OUT by YOUNG,DILLON",107,,112 ,,,,"SUB OUT by YOUNG,DILLON",5,subbing out,,millsaps,"young,dillon",,"[""grant,she'chem"", 'hughes,anthony', 'bush,rodreekas', 'mclaurin,ryan', 'pelt,justin van']","['sone,carlos', 'chambers,dimetri', 'cammon,josh', 'day,justin', 'etiwe,toju']",11
650,5100,Oglethorpe,Millsaps,0,107-114,"38,37,9,13,17","37,38,9,13,10",9-7,11-5,3-2,3-2,01/17/20,8:00 PM,N/A,Dorough Field House,Win,5,True,N/A,False,00:11,,107,,112 ,"SUB IN by ETIWE,TOJU",,,"SUB IN by ETIWE,TOJU",5,subbing in,,oglethorpe,"etiwe,toju",,"[""grant,she'chem"", 'hughes,anthony', 'bush,rodreekas', 'mclaurin,ryan', 'pelt,justin van']","['sone,carlos', 'chambers,dimetri', 'cammon,josh', 'day,justin', 'etiwe,toju']",11
651,5100,Oglethorpe,Millsaps,0,107-114,"38,37,9,13,17","37,38,9,13,10",9-7,11-5,3-2,3-2,01/17/20,8:00 PM,N/A,Dorough Field House,Win,5,True,N/A,False,00:11,,107,,112 ,"SUB IN by GULLEY,TREVOR",,,"SUB IN by GULLEY,TREVOR",5,subbing in,,oglethorpe,"gulley,trevor",,"[""grant,she'chem"", 'hughes,anthony', 'bush,rodreekas', 'mclaurin,ryan', 'pelt,justin van']","['sone,carlos', 'chambers,dimetri', 'cammon,josh', 'day,justin', 'etiwe,toju']",11
652,5100,Oglethorpe,Millsaps,0,107-114,"38,37,9,13,17","37,38,9,13,10",9-7,11-5,3-2,3-2,01/17/20,8:00 PM,N/A,Dorough Field House,Win,5,True,N/A,False,00:11,,107,,112 ,"SUB OUT by GULLEY,TREVOR",,,"SUB OUT by GULLEY,TREVOR",5,subbing out,,oglethorpe,"gulley,trevor",,"[""grant,she'chem"", 'hughes,anthony', 'bush,rodreekas', 'mclaurin,ryan', 'pelt,justin van']","['sone,carlos', 'chambers,dimetri', 'cammon,josh', 'day,justin', 'etiwe,toju']",11
653,5100,Oglethorpe,Millsaps,0,107-114,"38,37,9,13,17","37,38,9,13,10",9-7,11-5,3-2,3-2,01/17/20,8:00 PM,N/A,Dorough Field House,Win,5,True,N/A,False,00:11,,107,,112 ,"SUB OUT by ETIWE,TOJU",,,"SUB OUT by ETIWE,TOJU",5,subbing out,,oglethorpe,"etiwe,toju",,"[""grant,she'chem"", 'hughes,anthony', 'bush,rodreekas', 'mclaurin,ryan', 'pelt,justin van']","['sone,carlos', 'chambers,dimetri', 'cammon,josh', 'day,justin', 'etiwe,toju']",11
654,5100,Oglethorpe,Millsaps,0,107-114,"38,37,9,13,17","37,38,9,13,10",9-7,11-5,3-2,3-2,01/17/20,8:00 PM,N/A,Dorough Field House,Win,5,True,N/A,False,00:07,"MISS 3PTR by GRANT,SHE'CHEM",107,,112 ,,,,"MISS 3PTR by GRANT,SHE'CHEM",5,three pointer,missed,millsaps,"grant,she'chem",,"[""grant,she'chem"", 'hughes,anthony', 'bush,rodreekas', 'mclaurin,ryan', 'pelt,justin van']","['sone,carlos', 'chambers,dimetri', 'cammon,josh', 'day,justin', 'etiwe,toju']",7
655,5100,Oglethorpe,Millsaps,0,107-114,"38,37,9,13,17","37,38,9,13,10",9-7,11-5,3-2,3-2,01/17/20,8:00 PM,N/A,Dorough Field House,Win,5,True,N/A,False,--,,107,,112 ,"REBOUND DEF by DAY,JUSTIN",,,"REBOUND DEF by DAY,JUSTIN",5,defensive rebound,,oglethorpe,"day,justin",,"[""grant,she'chem"", 'hughes,anthony', 'bush,rodreekas', 'mclaurin,ryan', 'pelt,justin van']","['sone,carlos', 'chambers,dimetri', 'cammon,josh', 'day,justin', 'etiwe,toju']",
656,5100,Oglethorpe,Millsaps,0,107-114,"38,37,9,13,17","37,38,9,13,10",9-7,11-5,3-2,3-2,01/17/20,8:00 PM,N/A,Dorough Field House,Win,5,True,N/A,False,00:00,,107,,114 ,"GOOD JUMPER by CAMMON,JOSH",OU 107-114 (-7),,"GOOD JUMPER by CAMMON,JOSH",5,jumper,good,oglethorpe,"cammon,josh",2,"[""grant,she'chem"", 'hughes,anthony', 'bush,rodreekas', 'mclaurin,ryan', 'pelt,justin van']","['sone,carlos', 'chambers,dimetri', 'cammon,josh', 'day,justin', 'etiwe,toju']",0
