,gameID,homeTeam,awayTeam,saaGame,finalScore,homeScoreByPeriod,awayScoreByPeriod,homeRecord,awayRecord,homeConfRecord,awayConfRecord,gameDate,startTime,gameLength,gameLocation,homeWin,numPeriods,isOvertime,attendance,isNeutral,timeRemaining,awayPlay,awayTeamScore,playTeamIndicator,homeTeamScore,homePlay,gameScore,teamIndicator,Play,Period,playType,shotOutcome,Team,Player,pointsEarned,awayLineup,homeLineup,timeSeconds
0,0872,Otterbein,Centre,0,81-79,"34,45","44,37",0-11,4-7,N/A,N/A,12/30/17,3:05 p.m,N/A,"Westerville, Ohio -- Rike Center",Lose,2,False,193,False,19:42,"TURNOVER  by SPITZER,JAKOB",,,,,,,"TURNOVER  by SPITZER,JAKOB",1,turnover,,centre,"spitzer,jakob",,"['ayers,perry', 'rakes,bailey', 'spitzer,jakob', 'sine,tucker', 'schmucker,zach']","['koontz,nick', 'carter,justin', 'hughes,matt', 'dennison,hunter', 'bradley,andre']",1182
1,0872,Otterbein,Centre,0,81-79,"34,45","44,37",0-11,4-7,N/A,N/A,12/30/17,3:05 p.m,N/A,"Westerville, Ohio -- Rike Center",Lose,2,False,193,False,19:20,,,,,"TURNOVER  by DENNISON,HUNTER",,,"TURNOVER  by DENNISON,HUNTER",1,turnover,,otterbein,"dennison,hunter",,"['ayers,perry', 'rakes,bailey', 'spitzer,jakob', 'sine,tucker', 'schmucker,zach']","['koontz,nick', 'carter,justin', 'hughes,matt', 'dennison,hunter', 'bradley,andre']",1160
2,0872,Otterbein,Centre,0,81-79,"34,45","44,37",0-11,4-7,N/A,N/A,12/30/17,3:05 p.m,N/A,"Westerville, Ohio -- Rike Center",Lose,2,False,193,False,19:05,"GOOD JUMPER by SPITZER,JAKOB(in the paint)",2 ,,0,,CENTRE-M 2-0 (+2),,"GOOD JUMPER by SPITZER,JAKOB(in the paint)",1,jumper,good,centre,"spitzer,jakob",2,"['ayers,perry', 'rakes,bailey', 'spitzer,jakob', 'sine,tucker', 'schmucker,zach']","['koontz,nick', 'carter,justin', 'hughes,matt', 'dennison,hunter', 'bradley,andre']",1145
3,0872,Otterbein,Centre,0,81-79,"34,45","44,37",0-11,4-7,N/A,N/A,12/30/17,3:05 p.m,N/A,"Westerville, Ohio -- Rike Center",Lose,2,False,193,False,18:44,,2 ,,0,"MISS JUMPER by BRADLEY,ANDRE",,,"MISS JUMPER by BRADLEY,ANDRE",1,jumper,missed,otterbein,"bradley,andre",,"['ayers,perry', 'rakes,bailey', 'spitzer,jakob', 'sine,tucker', 'schmucker,zach']","['koontz,nick', 'carter,justin', 'hughes,matt', 'dennison,hunter', 'bradley,andre']",1124
4,0872,Otterbein,Centre,0,81-79,"34,45","44,37",0-11,4-7,N/A,N/A,12/30/17,3:05 p.m,N/A,"Westerville, Ohio -- Rike Center",Lose,2,False,193,False,--,"REBOUND DEF by SINE,TUCKER",2 ,,0,,,,"REBOUND DEF by SINE,TUCKER",1,defensive rebound,,centre,"sine,tucker",,"['ayers,perry', 'rakes,bailey', 'spitzer,jakob', 'sine,tucker', 'schmucker,zach']","['koontz,nick', 'carter,justin', 'hughes,matt', 'dennison,hunter', 'bradley,andre']",
5,0872,Otterbein,Centre,0,81-79,"34,45","44,37",0-11,4-7,N/A,N/A,12/30/17,3:05 p.m,N/A,"Westerville, Ohio -- Rike Center",Lose,2,False,193,False,18:33,"MISS 3PTR by SCHMUCKER,ZACH",2 ,,0,,,,"MISS 3PTR by SCHMUCKER,ZACH",1,three pointer,missed,centre,"schmucker,zach",,"['ayers,perry', 'rakes,bailey', 'spitzer,jakob', 'sine,tucker', 'schmucker,zach']","['koontz,nick', 'carter,justin', 'hughes,matt', 'dennison,hunter', 'bradley,andre']",1113
6,0872,Otterbein,Centre,0,81-79,"34,45","44,37",0-11,4-7,N/A,N/A,12/30/17,3:05 p.m,N/A,"Westerville, Ohio -- Rike Center",Lose,2,False,193,False,--,,2 ,,0,"REBOUND DEF by BRADLEY,ANDRE",,,"REBOUND DEF by BRADLEY,ANDRE",1,defensive rebound,,otterbein,"bradley,andre",,"['ayers,perry', 'rakes,bailey', 'spitzer,jakob', 'sine,tucker', 'schmucker,zach']","['koontz,nick', 'carter,justin', 'hughes,matt', 'dennison,hunter', 'bradley,andre']",
7,0872,Otterbein,Centre,0,81-79,"34,45","44,37",0-11,4-7,N/A,N/A,12/30/17,3:05 p.m,N/A,"Westerville, Ohio -- Rike Center",Lose,2,False,193,False,18:17,,2,,2,"GOOD JUMPER by KOONTZ,NICK",OTT 2-2 (0),,"GOOD JUMPER by KOONTZ,NICK",1,jumper,good,otterbein,"koontz,nick",2,"['ayers,perry', 'rakes,bailey', 'spitzer,jakob', 'sine,tucker', 'schmucker,zach']","['koontz,nick', 'carter,justin', 'hughes,matt', 'dennison,hunter', 'bradley,andre']",1097
8,0872,Otterbein,Centre,0,81-79,"34,45","44,37",0-11,4-7,N/A,N/A,12/30/17,3:05 p.m,N/A,"Westerville, Ohio -- Rike Center",Lose,2,False,193,False,--,,2,,2,"ASSIST  by DENNISON,HUNTER",,,"ASSIST  by DENNISON,HUNTER",1,assist,,otterbein,"dennison,hunter",,"['ayers,perry', 'rakes,bailey', 'spitzer,jakob', 'sine,tucker', 'schmucker,zach']","['koontz,nick', 'carter,justin', 'hughes,matt', 'dennison,hunter', 'bradley,andre']",
9,0872,Otterbein,Centre,0,81-79,"34,45","44,37",0-11,4-7,N/A,N/A,12/30/17,3:05 p.m,N/A,"Westerville, Ohio -- Rike Center",Lose,2,False,193,False,17:57,"MISS 3PTR by SCHMUCKER,ZACH",2,,2,,,,"MISS 3PTR by SCHMUCKER,ZACH",1,three pointer,missed,centre,"schmucker,zach",,"['ayers,perry', 'rakes,bailey', 'spitzer,jakob', 'sine,tucker', 'schmucker,zach']","['koontz,nick', 'carter,justin', 'hughes,matt', 'dennison,hunter', 'bradley,andre']",1077
10,0872,Otterbein,Centre,0,81-79,"34,45","44,37",0-11,4-7,N/A,N/A,12/30/17,3:05 p.m,N/A,"Westerville, Ohio -- Rike Center",Lose,2,False,193,False,--,,2,,2,"REBOUND DEF by HUGHES,MATT",,,"REBOUND DEF by HUGHES,MATT",1,defensive rebound,,otterbein,"hughes,matt",,"['ayers,perry', 'rakes,bailey', 'spitzer,jakob', 'sine,tucker', 'schmucker,zach']","['koontz,nick', 'carter,justin', 'hughes,matt', 'dennison,hunter', 'bradley,andre']",
11,0872,Otterbein,Centre,0,81-79,"34,45","44,37",0-11,4-7,N/A,N/A,12/30/17,3:05 p.m,N/A,"Westerville, Ohio -- Rike Center",Lose,2,False,193,False,17:45,,2,,4 ,"GOOD JUMPER by CARTER,JUSTIN(in the paint)",OTT 2-4 (-2),,"GOOD JUMPER by CARTER,JUSTIN(in the paint)",1,jumper,good,otterbein,"carter,justin",2,"['ayers,perry', 'rakes,bailey', 'spitzer,jakob', 'sine,tucker', 'schmucker,zach']","['koontz,nick', 'carter,justin', 'hughes,matt', 'dennison,hunter', 'bradley,andre']",1065
12,0872,Otterbein,Centre,0,81-79,"34,45","44,37",0-11,4-7,N/A,N/A,12/30/17,3:05 p.m,N/A,"Westerville, Ohio -- Rike Center",Lose,2,False,193,False,17:24,"GOOD LAYUP by SCHMUCKER,ZACH(in the paint)",4,,4,,CENTRE-M 4-4 (0),,"GOOD LAYUP by SCHMUCKER,ZACH(in the paint)",1,layup,good,centre,"schmucker,zach",2,"['ayers,perry', 'rakes,bailey', 'spitzer,jakob', 'sine,tucker', 'schmucker,zach']","['koontz,nick', 'carter,justin', 'hughes,matt', 'dennison,hunter', 'bradley,andre']",1044
13,0872,Otterbein,Centre,0,81-79,"34,45","44,37",0-11,4-7,N/A,N/A,12/30/17,3:05 p.m,N/A,"Westerville, Ohio -- Rike Center",Lose,2,False,193,False,--,"ASSIST  by AYERS,PERRY",4,,4,,,,"ASSIST  by AYERS,PERRY",1,assist,,centre,"ayers,perry",,"['ayers,perry', 'rakes,bailey', 'spitzer,jakob', 'sine,tucker', 'schmucker,zach']","['koontz,nick', 'carter,justin', 'hughes,matt', 'dennison,hunter', 'bradley,andre']",
14,0872,Otterbein,Centre,0,81-79,"34,45","44,37",0-11,4-7,N/A,N/A,12/30/17,3:05 p.m,N/A,"Westerville, Ohio -- Rike Center",Lose,2,False,193,False,17:07,,4,,4,"MISS 3PTR by BRADLEY,ANDRE",,,"MISS 3PTR by BRADLEY,ANDRE",1,three pointer,missed,otterbein,"bradley,andre",,"['ayers,perry', 'rakes,bailey', 'spitzer,jakob', 'sine,tucker', 'schmucker,zach']","['koontz,nick', 'carter,justin', 'hughes,matt', 'dennison,hunter', 'bradley,andre']",1027
15,0872,Otterbein,Centre,0,81-79,"34,45","44,37",0-11,4-7,N/A,N/A,12/30/17,3:05 p.m,N/A,"Westerville, Ohio -- Rike Center",Lose,2,False,193,False,--,,4,,4,"REBOUND OFF by HUGHES,MATT",,,"REBOUND OFF by HUGHES,MATT",1,offensive rebound,,otterbein,"hughes,matt",,"['ayers,perry', 'rakes,bailey', 'spitzer,jakob', 'sine,tucker', 'schmucker,zach']","['koontz,nick', 'carter,justin', 'hughes,matt', 'dennison,hunter', 'bradley,andre']",
16,0872,Otterbein,Centre,0,81-79,"34,45","44,37",0-11,4-7,N/A,N/A,12/30/17,3:05 p.m,N/A,"Westerville, Ohio -- Rike Center",Lose,2,False,193,False,17:04,"FOUL  by SPITZER,JAKOB",4,,4,,,,"FOUL  by SPITZER,JAKOB",1,foul,,centre,"spitzer,jakob",,"['ayers,perry', 'rakes,bailey', 'spitzer,jakob', 'sine,tucker', 'schmucker,zach']","['koontz,nick', 'carter,justin', 'hughes,matt', 'dennison,hunter', 'bradley,andre']",1024
17,0872,Otterbein,Centre,0,81-79,"34,45","44,37",0-11,4-7,N/A,N/A,12/30/17,3:05 p.m,N/A,"Westerville, Ohio -- Rike Center",Lose,2,False,193,False,17:04,,4,,5 ,"GOOD FT by HUGHES,MATT",OTT 4-5 (-1),,"GOOD FT by HUGHES,MATT",1,free throw,good,otterbein,"hughes,matt",1,"['ayers,perry', 'rakes,bailey', 'spitzer,jakob', 'sine,tucker', 'schmucker,zach']","['koontz,nick', 'carter,justin', 'hughes,matt', 'dennison,hunter', 'bradley,andre']",1024
18,0872,Otterbein,Centre,0,81-79,"34,45","44,37",0-11,4-7,N/A,N/A,12/30/17,3:05 p.m,N/A,"Westerville, Ohio -- Rike Center",Lose,2,False,193,False,17:04,,4,,5 ,"MISS FT by HUGHES,MATT",,,"MISS FT by HUGHES,MATT",1,free throw,missed,otterbein,"hughes,matt",,"['ayers,perry', 'rakes,bailey', 'spitzer,jakob', 'sine,tucker', 'schmucker,zach']","['koontz,nick', 'carter,justin', 'hughes,matt', 'dennison,hunter', 'bradley,andre']",1024
19,0872,Otterbein,Centre,0,81-79,"34,45","44,37",0-11,4-7,N/A,N/A,12/30/17,3:05 p.m,N/A,"Westerville, Ohio -- Rike Center",Lose,2,False,193,False,--,"REBOUND DEF by AYERS,PERRY",4,,5 ,,,,"REBOUND DEF by AYERS,PERRY",1,defensive rebound,,centre,"ayers,perry",,"['ayers,perry', 'rakes,bailey', 'spitzer,jakob', 'sine,tucker', 'schmucker,zach']","['koontz,nick', 'carter,justin', 'hughes,matt', 'dennison,hunter', 'bradley,andre']",
20,0872,Otterbein,Centre,0,81-79,"34,45","44,37",0-11,4-7,N/A,N/A,12/30/17,3:05 p.m,N/A,"Westerville, Ohio -- Rike Center",Lose,2,False,193,False,16:44,"MISS 3PTR by RAKES,BAILEY",4,,5 ,,,,"MISS 3PTR by RAKES,BAILEY",1,three pointer,missed,centre,"rakes,bailey",,"['ayers,perry', 'rakes,bailey', 'spitzer,jakob', 'sine,tucker', 'schmucker,zach']","['koontz,nick', 'carter,justin', 'hughes,matt', 'dennison,hunter', 'bradley,andre']",1004
21,0872,Otterbein,Centre,0,81-79,"34,45","44,37",0-11,4-7,N/A,N/A,12/30/17,3:05 p.m,N/A,"Westerville, Ohio -- Rike Center",Lose,2,False,193,False,--,,4,,5 ,"REBOUND DEF by CARTER,JUSTIN",,,"REBOUND DEF by CARTER,JUSTIN",1,defensive rebound,,otterbein,"carter,justin",,"['ayers,perry', 'rakes,bailey', 'spitzer,jakob', 'sine,tucker', 'schmucker,zach']","['koontz,nick', 'carter,justin', 'hughes,matt', 'dennison,hunter', 'bradley,andre']",
22,0872,Otterbein,Centre,0,81-79,"34,45","44,37",0-11,4-7,N/A,N/A,12/30/17,3:05 p.m,N/A,"Westerville, Ohio -- Rike Center",Lose,2,False,193,False,16:33,,4,,5 ,"MISS 3PTR by BRADLEY,ANDRE",,,"MISS 3PTR by BRADLEY,ANDRE",1,three pointer,missed,otterbein,"bradley,andre",,"['ayers,perry', 'rakes,bailey', 'spitzer,jakob', 'sine,tucker', 'schmucker,zach']","['koontz,nick', 'carter,justin', 'hughes,matt', 'dennison,hunter', 'bradley,andre']",993
23,0872,Otterbein,Centre,0,81-79,"34,45","44,37",0-11,4-7,N/A,N/A,12/30/17,3:05 p.m,N/A,"Westerville, Ohio -- Rike Center",Lose,2,False,193,False,--,"REBOUND DEF by SPITZER,JAKOB",4,,5 ,,,,"REBOUND DEF by SPITZER,JAKOB",1,defensive rebound,,centre,"spitzer,jakob",,"['ayers,perry', 'rakes,bailey', 'spitzer,jakob', 'sine,tucker', 'schmucker,zach']","['koontz,nick', 'carter,justin', 'hughes,matt', 'dennison,hunter', 'bradley,andre']",
24,0872,Otterbein,Centre,0,81-79,"34,45","44,37",0-11,4-7,N/A,N/A,12/30/17,3:05 p.m,N/A,"Westerville, Ohio -- Rike Center",Lose,2,False,193,False,16:22,"GOOD JUMPER by SINE,TUCKER",6 ,,5,,CENTRE-M 6-5 (+1),,"GOOD JUMPER by SINE,TUCKER",1,jumper,good,centre,"sine,tucker",2,"['ayers,perry', 'rakes,bailey', 'spitzer,jakob', 'sine,tucker', 'schmucker,zach']","['koontz,nick', 'carter,justin', 'hughes,matt', 'dennison,hunter', 'bradley,andre']",982
25,0872,Otterbein,Centre,0,81-79,"34,45","44,37",0-11,4-7,N/A,N/A,12/30/17,3:05 p.m,N/A,"Westerville, Ohio -- Rike Center",Lose,2,False,193,False,16:01,,6,,7 ,"GOOD JUMPER by HUGHES,MATT",OTT 6-7 (-1),,"GOOD JUMPER by HUGHES,MATT",1,jumper,good,otterbein,"hughes,matt",2,"['ayers,perry', 'rakes,bailey', 'spitzer,jakob', 'sine,tucker', 'schmucker,zach']","['koontz,nick', 'carter,justin', 'hughes,matt', 'dennison,hunter', 'bradley,andre']",961
26,0872,Otterbein,Centre,0,81-79,"34,45","44,37",0-11,4-7,N/A,N/A,12/30/17,3:05 p.m,N/A,"Westerville, Ohio -- Rike Center",Lose,2,False,193,False,15:41,"GOOD JUMPER by SPITZER,JAKOB",8 ,,7,,CENTRE-M 8-7 (+1),,"GOOD JUMPER by SPITZER,JAKOB",1,jumper,good,centre,"spitzer,jakob",2,"['ayers,perry', 'rakes,bailey', 'spitzer,jakob', 'sine,tucker', 'schmucker,zach']","['koontz,nick', 'carter,justin', 'hughes,matt', 'dennison,hunter', 'bradley,andre']",941
27,0872,Otterbein,Centre,0,81-79,"34,45","44,37",0-11,4-7,N/A,N/A,12/30/17,3:05 p.m,N/A,"Westerville, Ohio -- Rike Center",Lose,2,False,193,False,--,"ASSIST  by RAKES,BAILEY",8 ,,7,,,,"ASSIST  by RAKES,BAILEY",1,assist,,centre,"rakes,bailey",,"['ayers,perry', 'rakes,bailey', 'spitzer,jakob', 'sine,tucker', 'schmucker,zach']","['koontz,nick', 'carter,justin', 'hughes,matt', 'dennison,hunter', 'bradley,andre']",
28,0872,Otterbein,Centre,0,81-79,"34,45","44,37",0-11,4-7,N/A,N/A,12/30/17,3:05 p.m,N/A,"Westerville, Ohio -- Rike Center",Lose,2,False,193,False,15:20,,8,,10 ,"GOOD 3PTR by KOONTZ,NICK",OTT 8-10 (-2),,"GOOD 3PTR by KOONTZ,NICK",1,three pointer,good,otterbein,"koontz,nick",3,"['ayers,perry', 'rakes,bailey', 'spitzer,jakob', 'sine,tucker', 'schmucker,zach']","['koontz,nick', 'carter,justin', 'hughes,matt', 'dennison,hunter', 'bradley,andre']",920
29,0872,Otterbein,Centre,0,81-79,"34,45","44,37",0-11,4-7,N/A,N/A,12/30/17,3:05 p.m,N/A,"Westerville, Ohio -- Rike Center",Lose,2,False,193,False,--,,8,,10 ,"ASSIST  by CARTER,JUSTIN",,,"ASSIST  by CARTER,JUSTIN",1,assist,,otterbein,"carter,justin",,"['ayers,perry', 'rakes,bailey', 'spitzer,jakob', 'sine,tucker', 'schmucker,zach']","['koontz,nick', 'carter,justin', 'hughes,matt', 'dennison,hunter', 'bradley,andre']",
30,0872,Otterbein,Centre,0,81-79,"34,45","44,37",0-11,4-7,N/A,N/A,12/30/17,3:05 p.m,N/A,"Westerville, Ohio -- Rike Center",Lose,2,False,193,False,14:56,,8,,10 ,"FOUL  by HUGHES,MATT",,,"FOUL  by HUGHES,MATT",1,foul,,otterbein,"hughes,matt",,"['ayers,perry', 'rakes,bailey', 'spitzer,jakob', 'sine,tucker', 'schmucker,zach']","['koontz,nick', 'carter,justin', 'hughes,matt', 'dennison,hunter', 'bradley,andre']",896
31,0872,Otterbein,Centre,0,81-79,"34,45","44,37",0-11,4-7,N/A,N/A,12/30/17,3:05 p.m,N/A,"Westerville, Ohio -- Rike Center",Lose,2,False,193,False,14:56,"SUB IN by BATES,JACOB",8,,10 ,,,,"SUB IN by BATES,JACOB",1,subbing in,,centre,"bates,jacob",,"['ayers,perry', 'rakes,bailey', 'spitzer,jakob', 'sine,tucker', 'schmucker,zach', 'bates,jacob']","['koontz,nick', 'carter,justin', 'hughes,matt', 'dennison,hunter', 'bradley,andre']",896
32,0872,Otterbein,Centre,0,81-79,"34,45","44,37",0-11,4-7,N/A,N/A,12/30/17,3:05 p.m,N/A,"Westerville, Ohio -- Rike Center",Lose,2,False,193,False,14:56,"SUB IN by WALKER,ART",8,,10 ,,,,"SUB IN by WALKER,ART",1,subbing in,,centre,"walker,art",,"['ayers,perry', 'rakes,bailey', 'spitzer,jakob', 'sine,tucker', 'schmucker,zach', 'bates,jacob', 'walker,art']","['koontz,nick', 'carter,justin', 'hughes,matt', 'dennison,hunter', 'bradley,andre']",896
33,0872,Otterbein,Centre,0,81-79,"34,45","44,37",0-11,4-7,N/A,N/A,12/30/17,3:05 p.m,N/A,"Westerville, Ohio -- Rike Center",Lose,2,False,193,False,14:56,"SUB IN by GRIFFIN,JAROD",8,,10 ,,,,"SUB IN by GRIFFIN,JAROD",1,subbing in,,centre,"griffin,jarod",,"['ayers,perry', 'rakes,bailey', 'spitzer,jakob', 'sine,tucker', 'schmucker,zach', 'bates,jacob', 'walker,art', 'griffin,jarod']","['koontz,nick', 'carter,justin', 'hughes,matt', 'dennison,hunter', 'bradley,andre']",896
34,0872,Otterbein,Centre,0,81-79,"34,45","44,37",0-11,4-7,N/A,N/A,12/30/17,3:05 p.m,N/A,"Westerville, Ohio -- Rike Center",Lose,2,False,193,False,14:56,"SUB OUT by SCHMUCKER,ZACH",8,,10 ,,,,"SUB OUT by SCHMUCKER,ZACH",1,subbing out,,centre,"schmucker,zach",,"['ayers,perry', 'rakes,bailey', 'spitzer,jakob', 'sine,tucker', 'bates,jacob', 'walker,art', 'griffin,jarod']","['koontz,nick', 'carter,justin', 'hughes,matt', 'dennison,hunter', 'bradley,andre']",896
35,0872,Otterbein,Centre,0,81-79,"34,45","44,37",0-11,4-7,N/A,N/A,12/30/17,3:05 p.m,N/A,"Westerville, Ohio -- Rike Center",Lose,2,False,193,False,14:56,"SUB OUT by SPITZER,JAKOB",8,,10 ,,,,"SUB OUT by SPITZER,JAKOB",1,subbing out,,centre,"spitzer,jakob",,"['ayers,perry', 'rakes,bailey', 'sine,tucker', 'bates,jacob', 'walker,art', 'griffin,jarod']","['koontz,nick', 'carter,justin', 'hughes,matt', 'dennison,hunter', 'bradley,andre']",896
36,0872,Otterbein,Centre,0,81-79,"34,45","44,37",0-11,4-7,N/A,N/A,12/30/17,3:05 p.m,N/A,"Westerville, Ohio -- Rike Center",Lose,2,False,193,False,14:56,"SUB OUT by SINE,TUCKER",8,,10 ,,,,"SUB OUT by SINE,TUCKER",1,subbing out,,centre,"sine,tucker",,"['ayers,perry', 'rakes,bailey', 'bates,jacob', 'walker,art', 'griffin,jarod']","['koontz,nick', 'carter,justin', 'hughes,matt', 'dennison,hunter', 'bradley,andre']",896
37,0872,Otterbein,Centre,0,81-79,"34,45","44,37",0-11,4-7,N/A,N/A,12/30/17,3:05 p.m,N/A,"Westerville, Ohio -- Rike Center",Lose,2,False,193,False,14:56,,8,,10 ,"SUB IN by ANDERS,EDDIE",,,"SUB IN by ANDERS,EDDIE",1,subbing in,,otterbein,"anders,eddie",,"['ayers,perry', 'rakes,bailey', 'bates,jacob', 'walker,art', 'griffin,jarod']","['koontz,nick', 'carter,justin', 'hughes,matt', 'dennison,hunter', 'bradley,andre', 'anders,eddie']",896
38,0872,Otterbein,Centre,0,81-79,"34,45","44,37",0-11,4-7,N/A,N/A,12/30/17,3:05 p.m,N/A,"Westerville, Ohio -- Rike Center",Lose,2,False,193,False,14:56,,8,,10 ,"SUB IN by HOWARD,COREY",,,"SUB IN by HOWARD,COREY",1,subbing in,,otterbein,"howard,corey",,"['ayers,perry', 'rakes,bailey', 'bates,jacob', 'walker,art', 'griffin,jarod']","['koontz,nick', 'carter,justin', 'hughes,matt', 'dennison,hunter', 'bradley,andre', 'anders,eddie', 'howard,corey']",896
39,0872,Otterbein,Centre,0,81-79,"34,45","44,37",0-11,4-7,N/A,N/A,12/30/17,3:05 p.m,N/A,"Westerville, Ohio -- Rike Center",Lose,2,False,193,False,14:56,,8,,10 ,"SUB IN by WATSON,GABE",,,"SUB IN by WATSON,GABE",1,subbing in,,otterbein,"watson,gabe",,"['ayers,perry', 'rakes,bailey', 'bates,jacob', 'walker,art', 'griffin,jarod']","['koontz,nick', 'carter,justin', 'hughes,matt', 'dennison,hunter', 'bradley,andre', 'anders,eddie', 'howard,corey', 'watson,gabe']",896
40,0872,Otterbein,Centre,0,81-79,"34,45","44,37",0-11,4-7,N/A,N/A,12/30/17,3:05 p.m,N/A,"Westerville, Ohio -- Rike Center",Lose,2,False,193,False,14:56,,8,,10 ,"SUB OUT by KOONTZ,NICK",,,"SUB OUT by KOONTZ,NICK",1,subbing out,,otterbein,"koontz,nick",,"['ayers,perry', 'rakes,bailey', 'bates,jacob', 'walker,art', 'griffin,jarod']","['carter,justin', 'hughes,matt', 'dennison,hunter', 'bradley,andre', 'anders,eddie', 'howard,corey', 'watson,gabe']",896
41,0872,Otterbein,Centre,0,81-79,"34,45","44,37",0-11,4-7,N/A,N/A,12/30/17,3:05 p.m,N/A,"Westerville, Ohio -- Rike Center",Lose,2,False,193,False,14:56,,8,,10 ,"SUB OUT by DENNISON,HUNTER",,,"SUB OUT by DENNISON,HUNTER",1,subbing out,,otterbein,"dennison,hunter",,"['ayers,perry', 'rakes,bailey', 'bates,jacob', 'walker,art', 'griffin,jarod']","['carter,justin', 'hughes,matt', 'bradley,andre', 'anders,eddie', 'howard,corey', 'watson,gabe']",896
42,0872,Otterbein,Centre,0,81-79,"34,45","44,37",0-11,4-7,N/A,N/A,12/30/17,3:05 p.m,N/A,"Westerville, Ohio -- Rike Center",Lose,2,False,193,False,14:56,,8,,10 ,"SUB OUT by BRADLEY,ANDRE",,,"SUB OUT by BRADLEY,ANDRE",1,subbing out,,otterbein,"bradley,andre",,"['ayers,perry', 'rakes,bailey', 'bates,jacob', 'walker,art', 'griffin,jarod']","['carter,justin', 'hughes,matt', 'anders,eddie', 'howard,corey', 'watson,gabe']",896
43,0872,Otterbein,Centre,0,81-79,"34,45","44,37",0-11,4-7,N/A,N/A,12/30/17,3:05 p.m,N/A,"Westerville, Ohio -- Rike Center",Lose,2,False,193,False,14:48,"GOOD 3PTR by RAKES,BAILEY",11 ,,10,,CENTRE-M 11-10 (+1),,"GOOD 3PTR by RAKES,BAILEY",1,three pointer,good,centre,"rakes,bailey",3,"['ayers,perry', 'rakes,bailey', 'bates,jacob', 'walker,art', 'griffin,jarod']","['carter,justin', 'hughes,matt', 'anders,eddie', 'howard,corey', 'watson,gabe']",888
44,0872,Otterbein,Centre,0,81-79,"34,45","44,37",0-11,4-7,N/A,N/A,12/30/17,3:05 p.m,N/A,"Westerville, Ohio -- Rike Center",Lose,2,False,193,False,--,"ASSIST  by GRIFFIN,JAROD",11 ,,10,,,,"ASSIST  by GRIFFIN,JAROD",1,assist,,centre,"griffin,jarod",,"['ayers,perry', 'rakes,bailey', 'bates,jacob', 'walker,art', 'griffin,jarod']","['carter,justin', 'hughes,matt', 'anders,eddie', 'howard,corey', 'watson,gabe']",
45,0872,Otterbein,Centre,0,81-79,"34,45","44,37",0-11,4-7,N/A,N/A,12/30/17,3:05 p.m,N/A,"Westerville, Ohio -- Rike Center",Lose,2,False,193,False,14:21,,11,,12 ,"GOOD JUMPER by WATSON,GABE(in the paint)",OTT 11-12 (-1),,"GOOD JUMPER by WATSON,GABE(in the paint)",1,jumper,good,otterbein,"watson,gabe",2,"['ayers,perry', 'rakes,bailey', 'bates,jacob', 'walker,art', 'griffin,jarod']","['carter,justin', 'hughes,matt', 'anders,eddie', 'howard,corey', 'watson,gabe']",861
46,0872,Otterbein,Centre,0,81-79,"34,45","44,37",0-11,4-7,N/A,N/A,12/30/17,3:05 p.m,N/A,"Westerville, Ohio -- Rike Center",Lose,2,False,193,False,14:03,"MISS JUMPER by GRIFFIN,JAROD",11,,12 ,,,,"MISS JUMPER by GRIFFIN,JAROD",1,jumper,missed,centre,"griffin,jarod",,"['ayers,perry', 'rakes,bailey', 'bates,jacob', 'walker,art', 'griffin,jarod']","['carter,justin', 'hughes,matt', 'anders,eddie', 'howard,corey', 'watson,gabe']",843
47,0872,Otterbein,Centre,0,81-79,"34,45","44,37",0-11,4-7,N/A,N/A,12/30/17,3:05 p.m,N/A,"Westerville, Ohio -- Rike Center",Lose,2,False,193,False,--,"REBOUND OFF by RAKES,BAILEY",11,,12 ,,,,"REBOUND OFF by RAKES,BAILEY",1,offensive rebound,,centre,"rakes,bailey",,"['ayers,perry', 'rakes,bailey', 'bates,jacob', 'walker,art', 'griffin,jarod']","['carter,justin', 'hughes,matt', 'anders,eddie', 'howard,corey', 'watson,gabe']",
48,0872,Otterbein,Centre,0,81-79,"34,45","44,37",0-11,4-7,N/A,N/A,12/30/17,3:05 p.m,N/A,"Westerville, Ohio -- Rike Center",Lose,2,False,193,False,13:57,"MISS 3PTR by WALKER,ART",11,,12 ,,,,"MISS 3PTR by WALKER,ART",1,three pointer,missed,centre,"walker,art",,"['ayers,perry', 'rakes,bailey', 'bates,jacob', 'walker,art', 'griffin,jarod']","['carter,justin', 'hughes,matt', 'anders,eddie', 'howard,corey', 'watson,gabe']",837
49,0872,Otterbein,Centre,0,81-79,"34,45","44,37",0-11,4-7,N/A,N/A,12/30/17,3:05 p.m,N/A,"Westerville, Ohio -- Rike Center",Lose,2,False,193,False,--,,11,,12 ,"REBOUND DEF by HOWARD,COREY",,,"REBOUND DEF by HOWARD,COREY",1,defensive rebound,,otterbein,"howard,corey",,"['ayers,perry', 'rakes,bailey', 'bates,jacob', 'walker,art', 'griffin,jarod']","['carter,justin', 'hughes,matt', 'anders,eddie', 'howard,corey', 'watson,gabe']",
50,0872,Otterbein,Centre,0,81-79,"34,45","44,37",0-11,4-7,N/A,N/A,12/30/17,3:05 p.m,N/A,"Westerville, Ohio -- Rike Center",Lose,2,False,193,False,13:46,,11,,12 ,"TURNOVER  by WATSON,GABE",,,"TURNOVER  by WATSON,GABE",1,turnover,,otterbein,"watson,gabe",,"['ayers,perry', 'rakes,bailey', 'bates,jacob', 'walker,art', 'griffin,jarod']","['carter,justin', 'hughes,matt', 'anders,eddie', 'howard,corey', 'watson,gabe']",826
51,0872,Otterbein,Centre,0,81-79,"34,45","44,37",0-11,4-7,N/A,N/A,12/30/17,3:05 p.m,N/A,"Westerville, Ohio -- Rike Center",Lose,2,False,193,False,13:44,"STEAL  by GRIFFIN,JAROD",11,,12 ,,,,"STEAL  by GRIFFIN,JAROD",1,steal,,centre,,,"['ayers,perry', 'rakes,bailey', 'bates,jacob', 'walker,art', 'griffin,jarod']","['carter,justin', 'hughes,matt', 'anders,eddie', 'howard,corey', 'watson,gabe']",824
52,0872,Otterbein,Centre,0,81-79,"34,45","44,37",0-11,4-7,N/A,N/A,12/30/17,3:05 p.m,N/A,"Westerville, Ohio -- Rike Center",Lose,2,False,193,False,13:41,"MISS LAYUP by GRIFFIN,JAROD",11,,12 ,,,,"MISS LAYUP by GRIFFIN,JAROD",1,layup,missed,centre,"griffin,jarod",,"['ayers,perry', 'rakes,bailey', 'bates,jacob', 'walker,art', 'griffin,jarod']","['carter,justin', 'hughes,matt', 'anders,eddie', 'howard,corey', 'watson,gabe']",821
53,0872,Otterbein,Centre,0,81-79,"34,45","44,37",0-11,4-7,N/A,N/A,12/30/17,3:05 p.m,N/A,"Westerville, Ohio -- Rike Center",Lose,2,False,193,False,--,"REBOUND OFF by RAKES,BAILEY",11,,12 ,,,,"REBOUND OFF by RAKES,BAILEY",1,offensive rebound,,centre,"rakes,bailey",,"['ayers,perry', 'rakes,bailey', 'bates,jacob', 'walker,art', 'griffin,jarod']","['carter,justin', 'hughes,matt', 'anders,eddie', 'howard,corey', 'watson,gabe']",
54,0872,Otterbein,Centre,0,81-79,"34,45","44,37",0-11,4-7,N/A,N/A,12/30/17,3:05 p.m,N/A,"Westerville, Ohio -- Rike Center",Lose,2,False,193,False,13:39,"GOOD LAYUP by RAKES,BAILEY(in the paint)",13 ,,12,,CENTRE-M 13-12 (+1),,"GOOD LAYUP by RAKES,BAILEY(in the paint)",1,layup,good,centre,"rakes,bailey",2,"['ayers,perry', 'rakes,bailey', 'bates,jacob', 'walker,art', 'griffin,jarod']","['carter,justin', 'hughes,matt', 'anders,eddie', 'howard,corey', 'watson,gabe']",819
55,0872,Otterbein,Centre,0,81-79,"34,45","44,37",0-11,4-7,N/A,N/A,12/30/17,3:05 p.m,N/A,"Westerville, Ohio -- Rike Center",Lose,2,False,193,False,13:24,,13 ,,12,"MISS 3PTR by HOWARD,COREY",,,"MISS 3PTR by HOWARD,COREY",1,three pointer,missed,otterbein,"howard,corey",,"['ayers,perry', 'rakes,bailey', 'bates,jacob', 'walker,art', 'griffin,jarod']","['carter,justin', 'hughes,matt', 'anders,eddie', 'howard,corey', 'watson,gabe']",804
56,0872,Otterbein,Centre,0,81-79,"34,45","44,37",0-11,4-7,N/A,N/A,12/30/17,3:05 p.m,N/A,"Westerville, Ohio -- Rike Center",Lose,2,False,193,False,--,"REBOUND DEF by RAKES,BAILEY",13 ,,12,,,,"REBOUND DEF by RAKES,BAILEY",1,defensive rebound,,centre,"rakes,bailey",,"['ayers,perry', 'rakes,bailey', 'bates,jacob', 'walker,art', 'griffin,jarod']","['carter,justin', 'hughes,matt', 'anders,eddie', 'howard,corey', 'watson,gabe']",
57,0872,Otterbein,Centre,0,81-79,"34,45","44,37",0-11,4-7,N/A,N/A,12/30/17,3:05 p.m,N/A,"Westerville, Ohio -- Rike Center",Lose,2,False,193,False,13:13,"MISS LAYUP by GRIFFIN,JAROD",13 ,,12,,,,"MISS LAYUP by GRIFFIN,JAROD",1,layup,missed,centre,"griffin,jarod",,"['ayers,perry', 'rakes,bailey', 'bates,jacob', 'walker,art', 'griffin,jarod']","['carter,justin', 'hughes,matt', 'anders,eddie', 'howard,corey', 'watson,gabe']",793
58,0872,Otterbein,Centre,0,81-79,"34,45","44,37",0-11,4-7,N/A,N/A,12/30/17,3:05 p.m,N/A,"Westerville, Ohio -- Rike Center",Lose,2,False,193,False,--,,13 ,,12,"REBOUND DEF by ANDERS,EDDIE",,,"REBOUND DEF by ANDERS,EDDIE",1,defensive rebound,,otterbein,"anders,eddie",,"['ayers,perry', 'rakes,bailey', 'bates,jacob', 'walker,art', 'griffin,jarod']","['carter,justin', 'hughes,matt', 'anders,eddie', 'howard,corey', 'watson,gabe']",
59,0872,Otterbein,Centre,0,81-79,"34,45","44,37",0-11,4-7,N/A,N/A,12/30/17,3:05 p.m,N/A,"Westerville, Ohio -- Rike Center",Lose,2,False,193,False,13:05,,13,,15 ,"GOOD 3PTR by HOWARD,COREY",OTT 13-15 (-2),,"GOOD 3PTR by HOWARD,COREY",1,three pointer,good,otterbein,"howard,corey",3,"['ayers,perry', 'rakes,bailey', 'bates,jacob', 'walker,art', 'griffin,jarod']","['carter,justin', 'hughes,matt', 'anders,eddie', 'howard,corey', 'watson,gabe']",785
60,0872,Otterbein,Centre,0,81-79,"34,45","44,37",0-11,4-7,N/A,N/A,12/30/17,3:05 p.m,N/A,"Westerville, Ohio -- Rike Center",Lose,2,False,193,False,--,,13,,15 ,"ASSIST  by CARTER,JUSTIN",,,"ASSIST  by CARTER,JUSTIN",1,assist,,otterbein,"carter,justin",,"['ayers,perry', 'rakes,bailey', 'bates,jacob', 'walker,art', 'griffin,jarod']","['carter,justin', 'hughes,matt', 'anders,eddie', 'howard,corey', 'watson,gabe']",
61,0872,Otterbein,Centre,0,81-79,"34,45","44,37",0-11,4-7,N/A,N/A,12/30/17,3:05 p.m,N/A,"Westerville, Ohio -- Rike Center",Lose,2,False,193,False,12:48,"GOOD LAYUP by AYERS,PERRY(in the paint)",15,,15,,CENTRE-M 15-15 (0),,"GOOD LAYUP by AYERS,PERRY(in the paint)",1,layup,good,centre,"ayers,perry",2,"['ayers,perry', 'rakes,bailey', 'bates,jacob', 'walker,art', 'griffin,jarod']","['carter,justin', 'hughes,matt', 'anders,eddie', 'howard,corey', 'watson,gabe']",768
62,0872,Otterbein,Centre,0,81-79,"34,45","44,37",0-11,4-7,N/A,N/A,12/30/17,3:05 p.m,N/A,"Westerville, Ohio -- Rike Center",Lose,2,False,193,False,--,"ASSIST  by BATES,JACOB",15,,15,,,,"ASSIST  by BATES,JACOB",1,assist,,centre,"bates,jacob",,"['ayers,perry', 'rakes,bailey', 'bates,jacob', 'walker,art', 'griffin,jarod']","['carter,justin', 'hughes,matt', 'anders,eddie', 'howard,corey', 'watson,gabe']",
63,0872,Otterbein,Centre,0,81-79,"34,45","44,37",0-11,4-7,N/A,N/A,12/30/17,3:05 p.m,N/A,"Westerville, Ohio -- Rike Center",Lose,2,False,193,False,12:35,,15,,18 ,"GOOD 3PTR by ANDERS,EDDIE",OTT 15-18 (-3),,"GOOD 3PTR by ANDERS,EDDIE",1,three pointer,good,otterbein,"anders,eddie",3,"['ayers,perry', 'rakes,bailey', 'bates,jacob', 'walker,art', 'griffin,jarod']","['carter,justin', 'hughes,matt', 'anders,eddie', 'howard,corey', 'watson,gabe']",755
64,0872,Otterbein,Centre,0,81-79,"34,45","44,37",0-11,4-7,N/A,N/A,12/30/17,3:05 p.m,N/A,"Westerville, Ohio -- Rike Center",Lose,2,False,193,False,--,,15,,18 ,"ASSIST  by HOWARD,COREY",,,"ASSIST  by HOWARD,COREY",1,assist,,otterbein,"howard,corey",,"['ayers,perry', 'rakes,bailey', 'bates,jacob', 'walker,art', 'griffin,jarod']","['carter,justin', 'hughes,matt', 'anders,eddie', 'howard,corey', 'watson,gabe']",
65,0872,Otterbein,Centre,0,81-79,"34,45","44,37",0-11,4-7,N/A,N/A,12/30/17,3:05 p.m,N/A,"Westerville, Ohio -- Rike Center",Lose,2,False,193,False,12:31,TIMEOUT 30SEC by TEAM,15,,18 ,,,,TIMEOUT 30SEC by TEAM,1,timeout,,centre,,,"['ayers,perry', 'rakes,bailey', 'bates,jacob', 'walker,art', 'griffin,jarod']","['carter,justin', 'hughes,matt', 'anders,eddie', 'howard,corey', 'watson,gabe']",751
66,0872,Otterbein,Centre,0,81-79,"34,45","44,37",0-11,4-7,N/A,N/A,12/30/17,3:05 p.m,N/A,"Westerville, Ohio -- Rike Center",Lose,2,False,193,False,12:28,"SUB IN by SINE,TUCKER",15,,18 ,,,,"SUB IN by SINE,TUCKER",1,subbing in,,centre,"sine,tucker",,"['ayers,perry', 'rakes,bailey', 'bates,jacob', 'walker,art', 'griffin,jarod', 'sine,tucker']","['carter,justin', 'hughes,matt', 'anders,eddie', 'howard,corey', 'watson,gabe']",748
67,0872,Otterbein,Centre,0,81-79,"34,45","44,37",0-11,4-7,N/A,N/A,12/30/17,3:05 p.m,N/A,"Westerville, Ohio -- Rike Center",Lose,2,False,193,False,12:28,"SUB IN by CRUMP,DAWSON",15,,18 ,,,,"SUB IN by CRUMP,DAWSON",1,subbing in,,centre,"crump,dawson",,"['ayers,perry', 'rakes,bailey', 'bates,jacob', 'walker,art', 'griffin,jarod', 'sine,tucker', 'crump,dawson']","['carter,justin', 'hughes,matt', 'anders,eddie', 'howard,corey', 'watson,gabe']",748
68,0872,Otterbein,Centre,0,81-79,"34,45","44,37",0-11,4-7,N/A,N/A,12/30/17,3:05 p.m,N/A,"Westerville, Ohio -- Rike Center",Lose,2,False,193,False,12:28,"SUB OUT by AYERS,PERRY",15,,18 ,,,,"SUB OUT by AYERS,PERRY",1,subbing out,,centre,"ayers,perry",,"['rakes,bailey', 'bates,jacob', 'walker,art', 'griffin,jarod', 'sine,tucker', 'crump,dawson']","['carter,justin', 'hughes,matt', 'anders,eddie', 'howard,corey', 'watson,gabe']",748
69,0872,Otterbein,Centre,0,81-79,"34,45","44,37",0-11,4-7,N/A,N/A,12/30/17,3:05 p.m,N/A,"Westerville, Ohio -- Rike Center",Lose,2,False,193,False,12:28,"SUB OUT by RAKES,BAILEY",15,,18 ,,,,"SUB OUT by RAKES,BAILEY",1,subbing out,,centre,"rakes,bailey",,"['bates,jacob', 'walker,art', 'griffin,jarod', 'sine,tucker', 'crump,dawson']","['carter,justin', 'hughes,matt', 'anders,eddie', 'howard,corey', 'watson,gabe']",748
70,0872,Otterbein,Centre,0,81-79,"34,45","44,37",0-11,4-7,N/A,N/A,12/30/17,3:05 p.m,N/A,"Westerville, Ohio -- Rike Center",Lose,2,False,193,False,12:28,,15,,18 ,"SUB IN by CLARK,CONNOR",,,"SUB IN by CLARK,CONNOR",1,subbing in,,otterbein,"clark,connor",,"['bates,jacob', 'walker,art', 'griffin,jarod', 'sine,tucker', 'crump,dawson']","['carter,justin', 'hughes,matt', 'anders,eddie', 'howard,corey', 'watson,gabe', 'clark,connor']",748
71,0872,Otterbein,Centre,0,81-79,"34,45","44,37",0-11,4-7,N/A,N/A,12/30/17,3:05 p.m,N/A,"Westerville, Ohio -- Rike Center",Lose,2,False,193,False,12:28,,15,,18 ,"SUB IN by BEAVERS,MAURICE",,,"SUB IN by BEAVERS,MAURICE",1,subbing in,,otterbein,"beavers,maurice",,"['bates,jacob', 'walker,art', 'griffin,jarod', 'sine,tucker', 'crump,dawson']","['carter,justin', 'hughes,matt', 'anders,eddie', 'howard,corey', 'watson,gabe', 'clark,connor', 'beavers,maurice']",748
72,0872,Otterbein,Centre,0,81-79,"34,45","44,37",0-11,4-7,N/A,N/A,12/30/17,3:05 p.m,N/A,"Westerville, Ohio -- Rike Center",Lose,2,False,193,False,12:28,,15,,18 ,"SUB OUT by CARTER,JUSTIN",,,"SUB OUT by CARTER,JUSTIN",1,subbing out,,otterbein,"carter,justin",,"['bates,jacob', 'walker,art', 'griffin,jarod', 'sine,tucker', 'crump,dawson']","['hughes,matt', 'anders,eddie', 'howard,corey', 'watson,gabe', 'clark,connor', 'beavers,maurice']",748
73,0872,Otterbein,Centre,0,81-79,"34,45","44,37",0-11,4-7,N/A,N/A,12/30/17,3:05 p.m,N/A,"Westerville, Ohio -- Rike Center",Lose,2,False,193,False,12:28,,15,,18 ,"SUB OUT by HUGHES,MATT",,,"SUB OUT by HUGHES,MATT",1,subbing out,,otterbein,"hughes,matt",,"['bates,jacob', 'walker,art', 'griffin,jarod', 'sine,tucker', 'crump,dawson']","['anders,eddie', 'howard,corey', 'watson,gabe', 'clark,connor', 'beavers,maurice']",748
74,0872,Otterbein,Centre,0,81-79,"34,45","44,37",0-11,4-7,N/A,N/A,12/30/17,3:05 p.m,N/A,"Westerville, Ohio -- Rike Center",Lose,2,False,193,False,12:18,,15,,18 ,"FOUL  by CLARK,CONNOR",,,"FOUL  by CLARK,CONNOR",1,foul,,otterbein,"clark,connor",,"['bates,jacob', 'walker,art', 'griffin,jarod', 'sine,tucker', 'crump,dawson']","['anders,eddie', 'howard,corey', 'watson,gabe', 'clark,connor', 'beavers,maurice']",738
75,0872,Otterbein,Centre,0,81-79,"34,45","44,37",0-11,4-7,N/A,N/A,12/30/17,3:05 p.m,N/A,"Westerville, Ohio -- Rike Center",Lose,2,False,193,False,12:18,"GOOD FT by BATES,JACOB",16,,18 ,,CENTRE-M 16-18 (-2),,"GOOD FT by BATES,JACOB",1,free throw,good,centre,"bates,jacob",1,"['bates,jacob', 'walker,art', 'griffin,jarod', 'sine,tucker', 'crump,dawson']","['anders,eddie', 'howard,corey', 'watson,gabe', 'clark,connor', 'beavers,maurice']",738
76,0872,Otterbein,Centre,0,81-79,"34,45","44,37",0-11,4-7,N/A,N/A,12/30/17,3:05 p.m,N/A,"Westerville, Ohio -- Rike Center",Lose,2,False,193,False,12:18,"GOOD FT by BATES,JACOB",17,,18 ,,CENTRE-M 17-18 (-1),,"GOOD FT by BATES,JACOB",1,free throw,good,centre,"bates,jacob",1,"['bates,jacob', 'walker,art', 'griffin,jarod', 'sine,tucker', 'crump,dawson']","['anders,eddie', 'howard,corey', 'watson,gabe', 'clark,connor', 'beavers,maurice']",738
77,0872,Otterbein,Centre,0,81-79,"34,45","44,37",0-11,4-7,N/A,N/A,12/30/17,3:05 p.m,N/A,"Westerville, Ohio -- Rike Center",Lose,2,False,193,False,12:04,,17,,18 ,"MISS 3PTR by HOWARD,COREY",,,"MISS 3PTR by HOWARD,COREY",1,three pointer,missed,otterbein,"howard,corey",,"['bates,jacob', 'walker,art', 'griffin,jarod', 'sine,tucker', 'crump,dawson']","['anders,eddie', 'howard,corey', 'watson,gabe', 'clark,connor', 'beavers,maurice']",724
78,0872,Otterbein,Centre,0,81-79,"34,45","44,37",0-11,4-7,N/A,N/A,12/30/17,3:05 p.m,N/A,"Westerville, Ohio -- Rike Center",Lose,2,False,193,False,--,"REBOUND DEF by BATES,JACOB",17,,18 ,,,,"REBOUND DEF by BATES,JACOB",1,defensive rebound,,centre,"bates,jacob",,"['bates,jacob', 'walker,art', 'griffin,jarod', 'sine,tucker', 'crump,dawson']","['anders,eddie', 'howard,corey', 'watson,gabe', 'clark,connor', 'beavers,maurice']",
79,0872,Otterbein,Centre,0,81-79,"34,45","44,37",0-11,4-7,N/A,N/A,12/30/17,3:05 p.m,N/A,"Westerville, Ohio -- Rike Center",Lose,2,False,193,False,11:46,"GOOD LAYUP by CRUMP,DAWSON(in the paint)",19 ,,18,,CENTRE-M 19-18 (+1),,"GOOD LAYUP by CRUMP,DAWSON(in the paint)",1,layup,good,centre,"crump,dawson",2,"['bates,jacob', 'walker,art', 'griffin,jarod', 'sine,tucker', 'crump,dawson']","['anders,eddie', 'howard,corey', 'watson,gabe', 'clark,connor', 'beavers,maurice']",706
80,0872,Otterbein,Centre,0,81-79,"34,45","44,37",0-11,4-7,N/A,N/A,12/30/17,3:05 p.m,N/A,"Westerville, Ohio -- Rike Center",Lose,2,False,193,False,11:25,"FOUL  by CRUMP,DAWSON",19 ,,18,,,,"FOUL  by CRUMP,DAWSON",1,foul,,centre,"crump,dawson",,"['bates,jacob', 'walker,art', 'griffin,jarod', 'sine,tucker', 'crump,dawson']","['anders,eddie', 'howard,corey', 'watson,gabe', 'clark,connor', 'beavers,maurice']",685
81,0872,Otterbein,Centre,0,81-79,"34,45","44,37",0-11,4-7,N/A,N/A,12/30/17,3:05 p.m,N/A,"Westerville, Ohio -- Rike Center",Lose,2,False,193,False,11:21,,19 ,,18,"TURNOVER  by HOWARD,COREY",,,"TURNOVER  by HOWARD,COREY",1,turnover,,otterbein,"howard,corey",,"['bates,jacob', 'walker,art', 'griffin,jarod', 'sine,tucker', 'crump,dawson']","['anders,eddie', 'howard,corey', 'watson,gabe', 'clark,connor', 'beavers,maurice']",681
82,0872,Otterbein,Centre,0,81-79,"34,45","44,37",0-11,4-7,N/A,N/A,12/30/17,3:05 p.m,N/A,"Westerville, Ohio -- Rike Center",Lose,2,False,193,False,11:18,"STEAL  by SINE,TUCKER",19 ,,18,,,,"STEAL  by SINE,TUCKER",1,steal,,centre,,,"['bates,jacob', 'walker,art', 'griffin,jarod', 'sine,tucker', 'crump,dawson']","['anders,eddie', 'howard,corey', 'watson,gabe', 'clark,connor', 'beavers,maurice']",678
83,0872,Otterbein,Centre,0,81-79,"34,45","44,37",0-11,4-7,N/A,N/A,12/30/17,3:05 p.m,N/A,"Westerville, Ohio -- Rike Center",Lose,2,False,193,False,10:58,"GOOD 3PTR by WALKER,ART",22 ,,18,,CENTRE-M 22-18 (+4),,"GOOD 3PTR by WALKER,ART",1,three pointer,good,centre,"walker,art",3,"['bates,jacob', 'walker,art', 'griffin,jarod', 'sine,tucker', 'crump,dawson']","['anders,eddie', 'howard,corey', 'watson,gabe', 'clark,connor', 'beavers,maurice']",658
84,0872,Otterbein,Centre,0,81-79,"34,45","44,37",0-11,4-7,N/A,N/A,12/30/17,3:05 p.m,N/A,"Westerville, Ohio -- Rike Center",Lose,2,False,193,False,--,"ASSIST  by CRUMP,DAWSON",22 ,,18,,,,"ASSIST  by CRUMP,DAWSON",1,assist,,centre,"crump,dawson",,"['bates,jacob', 'walker,art', 'griffin,jarod', 'sine,tucker', 'crump,dawson']","['anders,eddie', 'howard,corey', 'watson,gabe', 'clark,connor', 'beavers,maurice']",
85,0872,Otterbein,Centre,0,81-79,"34,45","44,37",0-11,4-7,N/A,N/A,12/30/17,3:05 p.m,N/A,"Westerville, Ohio -- Rike Center",Lose,2,False,193,False,10:46,,22 ,,18,"FOUL  by BEAVERS,MAURICE",,,"FOUL  by BEAVERS,MAURICE",1,foul,,otterbein,"beavers,maurice",,"['bates,jacob', 'walker,art', 'griffin,jarod', 'sine,tucker', 'crump,dawson']","['anders,eddie', 'howard,corey', 'watson,gabe', 'clark,connor', 'beavers,maurice']",646
86,0872,Otterbein,Centre,0,81-79,"34,45","44,37",0-11,4-7,N/A,N/A,12/30/17,3:05 p.m,N/A,"Westerville, Ohio -- Rike Center",Lose,2,False,193,False,10:46,,22 ,,18,"TURNOVER  by BEAVERS,MAURICE",,,"TURNOVER  by BEAVERS,MAURICE",1,turnover,,otterbein,"beavers,maurice",,"['bates,jacob', 'walker,art', 'griffin,jarod', 'sine,tucker', 'crump,dawson']","['anders,eddie', 'howard,corey', 'watson,gabe', 'clark,connor', 'beavers,maurice']",646
87,0872,Otterbein,Centre,0,81-79,"34,45","44,37",0-11,4-7,N/A,N/A,12/30/17,3:05 p.m,N/A,"Westerville, Ohio -- Rike Center",Lose,2,False,193,False,10:28,"GOOD LAYUP by WALKER,ART(in the paint)",24 ,,18,,CENTRE-M 24-18 (+6),,"GOOD LAYUP by WALKER,ART(in the paint)",1,layup,good,centre,"walker,art",2,"['bates,jacob', 'walker,art', 'griffin,jarod', 'sine,tucker', 'crump,dawson']","['anders,eddie', 'howard,corey', 'watson,gabe', 'clark,connor', 'beavers,maurice']",628
88,0872,Otterbein,Centre,0,81-79,"34,45","44,37",0-11,4-7,N/A,N/A,12/30/17,3:05 p.m,N/A,"Westerville, Ohio -- Rike Center",Lose,2,False,193,False,10:14,,24 ,,20,"GOOD JUMPER by WATSON,GABE(in the paint)",OTT 24-20 (+4),,"GOOD JUMPER by WATSON,GABE(in the paint)",1,jumper,good,otterbein,"watson,gabe",2,"['bates,jacob', 'walker,art', 'griffin,jarod', 'sine,tucker', 'crump,dawson']","['anders,eddie', 'howard,corey', 'watson,gabe', 'clark,connor', 'beavers,maurice']",614
89,0872,Otterbein,Centre,0,81-79,"34,45","44,37",0-11,4-7,N/A,N/A,12/30/17,3:05 p.m,N/A,"Westerville, Ohio -- Rike Center",Lose,2,False,193,False,10:08,"MISS 3PTR by SINE,TUCKER",24 ,,20,,,,"MISS 3PTR by SINE,TUCKER",1,three pointer,missed,centre,"sine,tucker",,"['bates,jacob', 'walker,art', 'griffin,jarod', 'sine,tucker', 'crump,dawson']","['anders,eddie', 'howard,corey', 'watson,gabe', 'clark,connor', 'beavers,maurice']",608
90,0872,Otterbein,Centre,0,81-79,"34,45","44,37",0-11,4-7,N/A,N/A,12/30/17,3:05 p.m,N/A,"Westerville, Ohio -- Rike Center",Lose,2,False,193,False,--,,24 ,,20,"REBOUND DEF by WATSON,GABE",,,"REBOUND DEF by WATSON,GABE",1,defensive rebound,,otterbein,"watson,gabe",,"['bates,jacob', 'walker,art', 'griffin,jarod', 'sine,tucker', 'crump,dawson']","['anders,eddie', 'howard,corey', 'watson,gabe', 'clark,connor', 'beavers,maurice']",
91,0872,Otterbein,Centre,0,81-79,"34,45","44,37",0-11,4-7,N/A,N/A,12/30/17,3:05 p.m,N/A,"Westerville, Ohio -- Rike Center",Lose,2,False,193,False,09:46,,24 ,,20,"TURNOVER  by WATSON,GABE",,,"TURNOVER  by WATSON,GABE",1,turnover,,otterbein,"watson,gabe",,"['bates,jacob', 'walker,art', 'griffin,jarod', 'sine,tucker', 'crump,dawson']","['anders,eddie', 'howard,corey', 'watson,gabe', 'clark,connor', 'beavers,maurice']",586
92,0872,Otterbein,Centre,0,81-79,"34,45","44,37",0-11,4-7,N/A,N/A,12/30/17,3:05 p.m,N/A,"Westerville, Ohio -- Rike Center",Lose,2,False,193,False,09:45,"STEAL  by GRIFFIN,JAROD",24 ,,20,,,,"STEAL  by GRIFFIN,JAROD",1,steal,,centre,,,"['bates,jacob', 'walker,art', 'griffin,jarod', 'sine,tucker', 'crump,dawson']","['anders,eddie', 'howard,corey', 'watson,gabe', 'clark,connor', 'beavers,maurice']",585
93,0872,Otterbein,Centre,0,81-79,"34,45","44,37",0-11,4-7,N/A,N/A,12/30/17,3:05 p.m,N/A,"Westerville, Ohio -- Rike Center",Lose,2,False,193,False,09:41,"TURNOVER  by SINE,TUCKER",24 ,,20,,,,"TURNOVER  by SINE,TUCKER",1,turnover,,centre,"sine,tucker",,"['bates,jacob', 'walker,art', 'griffin,jarod', 'sine,tucker', 'crump,dawson']","['anders,eddie', 'howard,corey', 'watson,gabe', 'clark,connor', 'beavers,maurice']",581
94,0872,Otterbein,Centre,0,81-79,"34,45","44,37",0-11,4-7,N/A,N/A,12/30/17,3:05 p.m,N/A,"Westerville, Ohio -- Rike Center",Lose,2,False,193,False,09:41,"SUB IN by AYERS,PERRY",24 ,,20,,,,"SUB IN by AYERS,PERRY",1,subbing in,,centre,"ayers,perry",,"['bates,jacob', 'walker,art', 'griffin,jarod', 'sine,tucker', 'crump,dawson', 'ayers,perry']","['anders,eddie', 'howard,corey', 'watson,gabe', 'clark,connor', 'beavers,maurice']",581
95,0872,Otterbein,Centre,0,81-79,"34,45","44,37",0-11,4-7,N/A,N/A,12/30/17,3:05 p.m,N/A,"Westerville, Ohio -- Rike Center",Lose,2,False,193,False,09:41,"SUB IN by RAKES,BAILEY",24 ,,20,,,,"SUB IN by RAKES,BAILEY",1,subbing in,,centre,"rakes,bailey",,"['bates,jacob', 'walker,art', 'griffin,jarod', 'sine,tucker', 'crump,dawson', 'ayers,perry', 'rakes,bailey']","['anders,eddie', 'howard,corey', 'watson,gabe', 'clark,connor', 'beavers,maurice']",581
96,0872,Otterbein,Centre,0,81-79,"34,45","44,37",0-11,4-7,N/A,N/A,12/30/17,3:05 p.m,N/A,"Westerville, Ohio -- Rike Center",Lose,2,False,193,False,09:41,"SUB OUT by GRIFFIN,JAROD",24 ,,20,,,,"SUB OUT by GRIFFIN,JAROD",1,subbing out,,centre,"griffin,jarod",,"['bates,jacob', 'walker,art', 'sine,tucker', 'crump,dawson', 'ayers,perry', 'rakes,bailey']","['anders,eddie', 'howard,corey', 'watson,gabe', 'clark,connor', 'beavers,maurice']",581
97,0872,Otterbein,Centre,0,81-79,"34,45","44,37",0-11,4-7,N/A,N/A,12/30/17,3:05 p.m,N/A,"Westerville, Ohio -- Rike Center",Lose,2,False,193,False,09:41,"SUB OUT by CRUMP,DAWSON",24 ,,20,,,,"SUB OUT by CRUMP,DAWSON",1,subbing out,,centre,"crump,dawson",,"['bates,jacob', 'walker,art', 'sine,tucker', 'ayers,perry', 'rakes,bailey']","['anders,eddie', 'howard,corey', 'watson,gabe', 'clark,connor', 'beavers,maurice']",581
98,0872,Otterbein,Centre,0,81-79,"34,45","44,37",0-11,4-7,N/A,N/A,12/30/17,3:05 p.m,N/A,"Westerville, Ohio -- Rike Center",Lose,2,False,193,False,09:25,,24 ,,20,"MISS 3PTR by ANDERS,EDDIE",,,"MISS 3PTR by ANDERS,EDDIE",1,three pointer,missed,otterbein,"anders,eddie",,"['bates,jacob', 'walker,art', 'sine,tucker', 'ayers,perry', 'rakes,bailey']","['anders,eddie', 'howard,corey', 'watson,gabe', 'clark,connor', 'beavers,maurice']",565
99,0872,Otterbein,Centre,0,81-79,"34,45","44,37",0-11,4-7,N/A,N/A,12/30/17,3:05 p.m,N/A,"Westerville, Ohio -- Rike Center",Lose,2,False,193,False,--,"REBOUND DEF by BATES,JACOB",24 ,,20,,,,"REBOUND DEF by BATES,JACOB",1,defensive rebound,,centre,"bates,jacob",,"['bates,jacob', 'walker,art', 'sine,tucker', 'ayers,perry', 'rakes,bailey']","['anders,eddie', 'howard,corey', 'watson,gabe', 'clark,connor', 'beavers,maurice']",
100,0872,Otterbein,Centre,0,81-79,"34,45","44,37",0-11,4-7,N/A,N/A,12/30/17,3:05 p.m,N/A,"Westerville, Ohio -- Rike Center",Lose,2,False,193,False,09:25,,24 ,,20,"FOUL  by CLARK,CONNOR",,,"FOUL  by CLARK,CONNOR",1,foul,,otterbein,"clark,connor",,"['bates,jacob', 'walker,art', 'sine,tucker', 'ayers,perry', 'rakes,bailey']","['anders,eddie', 'howard,corey', 'watson,gabe', 'clark,connor', 'beavers,maurice']",565
101,0872,Otterbein,Centre,0,81-79,"34,45","44,37",0-11,4-7,N/A,N/A,12/30/17,3:05 p.m,N/A,"Westerville, Ohio -- Rike Center",Lose,2,False,193,False,09:25,,24 ,,20,"SUB IN by CARTER,JUSTIN",,,"SUB IN by CARTER,JUSTIN",1,subbing in,,otterbein,"carter,justin",,"['bates,jacob', 'walker,art', 'sine,tucker', 'ayers,perry', 'rakes,bailey']","['anders,eddie', 'howard,corey', 'watson,gabe', 'clark,connor', 'beavers,maurice', 'carter,justin']",565
102,0872,Otterbein,Centre,0,81-79,"34,45","44,37",0-11,4-7,N/A,N/A,12/30/17,3:05 p.m,N/A,"Westerville, Ohio -- Rike Center",Lose,2,False,193,False,09:25,,24 ,,20,"SUB OUT by CLARK,CONNOR",,,"SUB OUT by CLARK,CONNOR",1,subbing out,,otterbein,"clark,connor",,"['bates,jacob', 'walker,art', 'sine,tucker', 'ayers,perry', 'rakes,bailey']","['anders,eddie', 'howard,corey', 'watson,gabe', 'beavers,maurice', 'carter,justin']",565
103,0872,Otterbein,Centre,0,81-79,"34,45","44,37",0-11,4-7,N/A,N/A,12/30/17,3:05 p.m,N/A,"Westerville, Ohio -- Rike Center",Lose,2,False,193,False,09:25,,24 ,,20,"SUB OUT by ANDERS,EDDIE",,,"SUB OUT by ANDERS,EDDIE",1,subbing out,,otterbein,"anders,eddie",,"['bates,jacob', 'walker,art', 'sine,tucker', 'ayers,perry', 'rakes,bailey']","['howard,corey', 'watson,gabe', 'beavers,maurice', 'carter,justin']",565
104,0872,Otterbein,Centre,0,81-79,"34,45","44,37",0-11,4-7,N/A,N/A,12/30/17,3:05 p.m,N/A,"Westerville, Ohio -- Rike Center",Lose,2,False,193,False,09:17,,24 ,,20,"SUB IN by NOSSAMAN,NICK",,,"SUB IN by NOSSAMAN,NICK",1,subbing in,,otterbein,"nossaman,nick",,"['bates,jacob', 'walker,art', 'sine,tucker', 'ayers,perry', 'rakes,bailey']","['howard,corey', 'watson,gabe', 'beavers,maurice', 'carter,justin', 'nossaman,nick']",557
105,0872,Otterbein,Centre,0,81-79,"34,45","44,37",0-11,4-7,N/A,N/A,12/30/17,3:05 p.m,N/A,"Westerville, Ohio -- Rike Center",Lose,2,False,193,False,09:14,"MISS LAYUP by SINE,TUCKER",24 ,,20,,,,"MISS LAYUP by SINE,TUCKER",1,layup,missed,centre,"sine,tucker",,"['bates,jacob', 'walker,art', 'sine,tucker', 'ayers,perry', 'rakes,bailey']","['howard,corey', 'watson,gabe', 'beavers,maurice', 'carter,justin', 'nossaman,nick']",554
106,0872,Otterbein,Centre,0,81-79,"34,45","44,37",0-11,4-7,N/A,N/A,12/30/17,3:05 p.m,N/A,"Westerville, Ohio -- Rike Center",Lose,2,False,193,False,--,,24 ,,20,"REBOUND DEF by WATSON,GABE",,,"REBOUND DEF by WATSON,GABE",1,defensive rebound,,otterbein,"watson,gabe",,"['bates,jacob', 'walker,art', 'sine,tucker', 'ayers,perry', 'rakes,bailey']","['howard,corey', 'watson,gabe', 'beavers,maurice', 'carter,justin', 'nossaman,nick']",
107,0872,Otterbein,Centre,0,81-79,"34,45","44,37",0-11,4-7,N/A,N/A,12/30/17,3:05 p.m,N/A,"Westerville, Ohio -- Rike Center",Lose,2,False,193,False,08:53,"FOUL  by RAKES,BAILEY",24 ,,20,,,,"FOUL  by RAKES,BAILEY",1,foul,,centre,"rakes,bailey",,"['bates,jacob', 'walker,art', 'sine,tucker', 'ayers,perry', 'rakes,bailey']","['howard,corey', 'watson,gabe', 'beavers,maurice', 'carter,justin', 'nossaman,nick']",533
108,0872,Otterbein,Centre,0,81-79,"34,45","44,37",0-11,4-7,N/A,N/A,12/30/17,3:05 p.m,N/A,"Westerville, Ohio -- Rike Center",Lose,2,False,193,False,08:49,,24 ,,20,"SUB IN by DENNISON,HUNTER",,,"SUB IN by DENNISON,HUNTER",1,subbing in,,otterbein,"dennison,hunter",,"['bates,jacob', 'walker,art', 'sine,tucker', 'ayers,perry', 'rakes,bailey']","['howard,corey', 'watson,gabe', 'beavers,maurice', 'carter,justin', 'nossaman,nick', 'dennison,hunter']",529
109,0872,Otterbein,Centre,0,81-79,"34,45","44,37",0-11,4-7,N/A,N/A,12/30/17,3:05 p.m,N/A,"Westerville, Ohio -- Rike Center",Lose,2,False,193,False,08:49,,24 ,,20,"SUB OUT by WATSON,GABE",,,"SUB OUT by WATSON,GABE",1,subbing out,,otterbein,"watson,gabe",,"['bates,jacob', 'walker,art', 'sine,tucker', 'ayers,perry', 'rakes,bailey']","['howard,corey', 'beavers,maurice', 'carter,justin', 'nossaman,nick', 'dennison,hunter']",529
110,0872,Otterbein,Centre,0,81-79,"34,45","44,37",0-11,4-7,N/A,N/A,12/30/17,3:05 p.m,N/A,"Westerville, Ohio -- Rike Center",Lose,2,False,193,False,08:43,,24 ,,20,"MISS LAYUP by HOWARD,COREY",,,"MISS LAYUP by HOWARD,COREY",1,layup,missed,otterbein,"howard,corey",,"['bates,jacob', 'walker,art', 'sine,tucker', 'ayers,perry', 'rakes,bailey']","['howard,corey', 'beavers,maurice', 'carter,justin', 'nossaman,nick', 'dennison,hunter']",523
111,0872,Otterbein,Centre,0,81-79,"34,45","44,37",0-11,4-7,N/A,N/A,12/30/17,3:05 p.m,N/A,"Westerville, Ohio -- Rike Center",Lose,2,False,193,False,--,"REBOUND DEF by AYERS,PERRY",24 ,,20,,,,"REBOUND DEF by AYERS,PERRY",1,defensive rebound,,centre,"ayers,perry",,"['bates,jacob', 'walker,art', 'sine,tucker', 'ayers,perry', 'rakes,bailey']","['howard,corey', 'beavers,maurice', 'carter,justin', 'nossaman,nick', 'dennison,hunter']",
112,0872,Otterbein,Centre,0,81-79,"34,45","44,37",0-11,4-7,N/A,N/A,12/30/17,3:05 p.m,N/A,"Westerville, Ohio -- Rike Center",Lose,2,False,193,False,08:21,"GOOD LAYUP by BATES,JACOB(in the paint)",26 ,,20,,CENTRE-M 26-20 (+6),,"GOOD LAYUP by BATES,JACOB(in the paint)",1,layup,good,centre,"bates,jacob",2,"['bates,jacob', 'walker,art', 'sine,tucker', 'ayers,perry', 'rakes,bailey']","['howard,corey', 'beavers,maurice', 'carter,justin', 'nossaman,nick', 'dennison,hunter']",501
113,0872,Otterbein,Centre,0,81-79,"34,45","44,37",0-11,4-7,N/A,N/A,12/30/17,3:05 p.m,N/A,"Westerville, Ohio -- Rike Center",Lose,2,False,193,False,08:21,,26 ,,20,"FOUL  by HOWARD,COREY",,,"FOUL  by HOWARD,COREY",1,foul,,otterbein,"howard,corey",,"['bates,jacob', 'walker,art', 'sine,tucker', 'ayers,perry', 'rakes,bailey']","['howard,corey', 'beavers,maurice', 'carter,justin', 'nossaman,nick', 'dennison,hunter']",501
114,0872,Otterbein,Centre,0,81-79,"34,45","44,37",0-11,4-7,N/A,N/A,12/30/17,3:05 p.m,N/A,"Westerville, Ohio -- Rike Center",Lose,2,False,193,False,08:21,"MISS FT by BATES,JACOB",26 ,,20,,,,"MISS FT by BATES,JACOB",1,free throw,missed,centre,"bates,jacob",,"['bates,jacob', 'walker,art', 'sine,tucker', 'ayers,perry', 'rakes,bailey']","['howard,corey', 'beavers,maurice', 'carter,justin', 'nossaman,nick', 'dennison,hunter']",501
115,0872,Otterbein,Centre,0,81-79,"34,45","44,37",0-11,4-7,N/A,N/A,12/30/17,3:05 p.m,N/A,"Westerville, Ohio -- Rike Center",Lose,2,False,193,False,--,,26 ,,20,"REBOUND DEF by NOSSAMAN,NICK",,,"REBOUND DEF by NOSSAMAN,NICK",1,defensive rebound,,otterbein,"nossaman,nick",,"['bates,jacob', 'walker,art', 'sine,tucker', 'ayers,perry', 'rakes,bailey']","['howard,corey', 'beavers,maurice', 'carter,justin', 'nossaman,nick', 'dennison,hunter']",
116,0872,Otterbein,Centre,0,81-79,"34,45","44,37",0-11,4-7,N/A,N/A,12/30/17,3:05 p.m,N/A,"Westerville, Ohio -- Rike Center",Lose,2,False,193,False,08:21,,26 ,,20,"SUB IN by KOONTZ,NICK",,,"SUB IN by KOONTZ,NICK",1,subbing in,,otterbein,"koontz,nick",,"['bates,jacob', 'walker,art', 'sine,tucker', 'ayers,perry', 'rakes,bailey']","['howard,corey', 'beavers,maurice', 'carter,justin', 'nossaman,nick', 'dennison,hunter', 'koontz,nick']",501
117,0872,Otterbein,Centre,0,81-79,"34,45","44,37",0-11,4-7,N/A,N/A,12/30/17,3:05 p.m,N/A,"Westerville, Ohio -- Rike Center",Lose,2,False,193,False,08:21,,26 ,,20,"SUB OUT by HOWARD,COREY",,,"SUB OUT by HOWARD,COREY",1,subbing out,,otterbein,"howard,corey",,"['bates,jacob', 'walker,art', 'sine,tucker', 'ayers,perry', 'rakes,bailey']","['beavers,maurice', 'carter,justin', 'nossaman,nick', 'dennison,hunter', 'koontz,nick']",501
118,0872,Otterbein,Centre,0,81-79,"34,45","44,37",0-11,4-7,N/A,N/A,12/30/17,3:05 p.m,N/A,"Westerville, Ohio -- Rike Center",Lose,2,False,193,False,07:57,,26 ,,22,"GOOD LAYUP by DENNISON,HUNTER(in the paint)",OTT 26-22 (+4),,"GOOD LAYUP by DENNISON,HUNTER(in the paint)",1,layup,good,otterbein,"dennison,hunter",2,"['bates,jacob', 'walker,art', 'sine,tucker', 'ayers,perry', 'rakes,bailey']","['beavers,maurice', 'carter,justin', 'nossaman,nick', 'dennison,hunter', 'koontz,nick']",477
119,0872,Otterbein,Centre,0,81-79,"34,45","44,37",0-11,4-7,N/A,N/A,12/30/17,3:05 p.m,N/A,"Westerville, Ohio -- Rike Center",Lose,2,False,193,False,07:30,"MISS LAYUP by AYERS,PERRY",26 ,,22,,,,"MISS LAYUP by AYERS,PERRY",1,layup,missed,centre,"ayers,perry",,"['bates,jacob', 'walker,art', 'sine,tucker', 'ayers,perry', 'rakes,bailey']","['beavers,maurice', 'carter,justin', 'nossaman,nick', 'dennison,hunter', 'koontz,nick']",450
120,0872,Otterbein,Centre,0,81-79,"34,45","44,37",0-11,4-7,N/A,N/A,12/30/17,3:05 p.m,N/A,"Westerville, Ohio -- Rike Center",Lose,2,False,193,False,--,"REBOUND OFF by AYERS,PERRY",26 ,,22,,,,"REBOUND OFF by AYERS,PERRY",1,offensive rebound,,centre,"ayers,perry",,"['bates,jacob', 'walker,art', 'sine,tucker', 'ayers,perry', 'rakes,bailey']","['beavers,maurice', 'carter,justin', 'nossaman,nick', 'dennison,hunter', 'koontz,nick']",
121,0872,Otterbein,Centre,0,81-79,"34,45","44,37",0-11,4-7,N/A,N/A,12/30/17,3:05 p.m,N/A,"Westerville, Ohio -- Rike Center",Lose,2,False,193,False,07:27,"GOOD LAYUP by AYERS,PERRY(in the paint)",28 ,,22,,CENTRE-M 28-22 (+6),,"GOOD LAYUP by AYERS,PERRY(in the paint)",1,layup,good,centre,"ayers,perry",2,"['bates,jacob', 'walker,art', 'sine,tucker', 'ayers,perry', 'rakes,bailey']","['beavers,maurice', 'carter,justin', 'nossaman,nick', 'dennison,hunter', 'koontz,nick']",447
122,0872,Otterbein,Centre,0,81-79,"34,45","44,37",0-11,4-7,N/A,N/A,12/30/17,3:05 p.m,N/A,"Westerville, Ohio -- Rike Center",Lose,2,False,193,False,07:19,,28 ,,24,"GOOD LAYUP by DENNISON,HUNTER(in the paint)",OTT 28-24 (+4),,"GOOD LAYUP by DENNISON,HUNTER(in the paint)",1,layup,good,otterbein,"dennison,hunter",2,"['bates,jacob', 'walker,art', 'sine,tucker', 'ayers,perry', 'rakes,bailey']","['beavers,maurice', 'carter,justin', 'nossaman,nick', 'dennison,hunter', 'koontz,nick']",439
123,0872,Otterbein,Centre,0,81-79,"34,45","44,37",0-11,4-7,N/A,N/A,12/30/17,3:05 p.m,N/A,"Westerville, Ohio -- Rike Center",Lose,2,False,193,False,07:06,"GOOD 3PTR by WALKER,ART",31 ,,24,,CENTRE-M 31-24 (+7),,"GOOD 3PTR by WALKER,ART",1,three pointer,good,centre,"walker,art",3,"['bates,jacob', 'walker,art', 'sine,tucker', 'ayers,perry', 'rakes,bailey']","['beavers,maurice', 'carter,justin', 'nossaman,nick', 'dennison,hunter', 'koontz,nick']",426
124,0872,Otterbein,Centre,0,81-79,"34,45","44,37",0-11,4-7,N/A,N/A,12/30/17,3:05 p.m,N/A,"Westerville, Ohio -- Rike Center",Lose,2,False,193,False,06:43,,31 ,,24,"MISS 3PTR by CARTER,JUSTIN",,,"MISS 3PTR by CARTER,JUSTIN",1,three pointer,missed,otterbein,"carter,justin",,"['bates,jacob', 'walker,art', 'sine,tucker', 'ayers,perry', 'rakes,bailey']","['beavers,maurice', 'carter,justin', 'nossaman,nick', 'dennison,hunter', 'koontz,nick']",403
125,0872,Otterbein,Centre,0,81-79,"34,45","44,37",0-11,4-7,N/A,N/A,12/30/17,3:05 p.m,N/A,"Westerville, Ohio -- Rike Center",Lose,2,False,193,False,--,"REBOUND DEF by BATES,JACOB",31 ,,24,,,,"REBOUND DEF by BATES,JACOB",1,defensive rebound,,centre,"bates,jacob",,"['bates,jacob', 'walker,art', 'sine,tucker', 'ayers,perry', 'rakes,bailey']","['beavers,maurice', 'carter,justin', 'nossaman,nick', 'dennison,hunter', 'koontz,nick']",
126,0872,Otterbein,Centre,0,81-79,"34,45","44,37",0-11,4-7,N/A,N/A,12/30/17,3:05 p.m,N/A,"Westerville, Ohio -- Rike Center",Lose,2,False,193,False,06:31,"MISS 3PTR by WALKER,ART",31 ,,24,,,,"MISS 3PTR by WALKER,ART",1,three pointer,missed,centre,"walker,art",,"['bates,jacob', 'walker,art', 'sine,tucker', 'ayers,perry', 'rakes,bailey']","['beavers,maurice', 'carter,justin', 'nossaman,nick', 'dennison,hunter', 'koontz,nick']",391
127,0872,Otterbein,Centre,0,81-79,"34,45","44,37",0-11,4-7,N/A,N/A,12/30/17,3:05 p.m,N/A,"Westerville, Ohio -- Rike Center",Lose,2,False,193,False,--,,31 ,,24,REBOUND DEF by TEAM,,,REBOUND DEF by TEAM,1,defensive rebound,,otterbein,,,"['bates,jacob', 'walker,art', 'sine,tucker', 'ayers,perry', 'rakes,bailey']","['beavers,maurice', 'carter,justin', 'nossaman,nick', 'dennison,hunter', 'koontz,nick']",
128,0872,Otterbein,Centre,0,81-79,"34,45","44,37",0-11,4-7,N/A,N/A,12/30/17,3:05 p.m,N/A,"Westerville, Ohio -- Rike Center",Lose,2,False,193,False,06:27,"FOUL  by AYERS,PERRY",31 ,,24,,,,"FOUL  by AYERS,PERRY",1,foul,,centre,"ayers,perry",,"['bates,jacob', 'walker,art', 'sine,tucker', 'ayers,perry', 'rakes,bailey']","['beavers,maurice', 'carter,justin', 'nossaman,nick', 'dennison,hunter', 'koontz,nick']",387
129,0872,Otterbein,Centre,0,81-79,"34,45","44,37",0-11,4-7,N/A,N/A,12/30/17,3:05 p.m,N/A,"Westerville, Ohio -- Rike Center",Lose,2,False,193,False,06:27,"SUB IN by SPITZER,JAKOB",31 ,,24,,,,"SUB IN by SPITZER,JAKOB",1,subbing in,,centre,"spitzer,jakob",,"['bates,jacob', 'walker,art', 'sine,tucker', 'ayers,perry', 'rakes,bailey', 'spitzer,jakob']","['beavers,maurice', 'carter,justin', 'nossaman,nick', 'dennison,hunter', 'koontz,nick']",387
130,0872,Otterbein,Centre,0,81-79,"34,45","44,37",0-11,4-7,N/A,N/A,12/30/17,3:05 p.m,N/A,"Westerville, Ohio -- Rike Center",Lose,2,False,193,False,06:27,"SUB IN by GRIFFIN,JAROD",31 ,,24,,,,"SUB IN by GRIFFIN,JAROD",1,subbing in,,centre,"griffin,jarod",,"['bates,jacob', 'walker,art', 'sine,tucker', 'ayers,perry', 'rakes,bailey', 'spitzer,jakob', 'griffin,jarod']","['beavers,maurice', 'carter,justin', 'nossaman,nick', 'dennison,hunter', 'koontz,nick']",387
131,0872,Otterbein,Centre,0,81-79,"34,45","44,37",0-11,4-7,N/A,N/A,12/30/17,3:05 p.m,N/A,"Westerville, Ohio -- Rike Center",Lose,2,False,193,False,06:27,"SUB IN by CRUMP,DAWSON",31 ,,24,,,,"SUB IN by CRUMP,DAWSON",1,subbing in,,centre,"crump,dawson",,"['bates,jacob', 'walker,art', 'sine,tucker', 'ayers,perry', 'rakes,bailey', 'spitzer,jakob', 'griffin,jarod', 'crump,dawson']","['beavers,maurice', 'carter,justin', 'nossaman,nick', 'dennison,hunter', 'koontz,nick']",387
132,0872,Otterbein,Centre,0,81-79,"34,45","44,37",0-11,4-7,N/A,N/A,12/30/17,3:05 p.m,N/A,"Westerville, Ohio -- Rike Center",Lose,2,False,193,False,06:27,"SUB OUT by AYERS,PERRY",31 ,,24,,,,"SUB OUT by AYERS,PERRY",1,subbing out,,centre,"ayers,perry",,"['bates,jacob', 'walker,art', 'sine,tucker', 'rakes,bailey', 'spitzer,jakob', 'griffin,jarod', 'crump,dawson']","['beavers,maurice', 'carter,justin', 'nossaman,nick', 'dennison,hunter', 'koontz,nick']",387
133,0872,Otterbein,Centre,0,81-79,"34,45","44,37",0-11,4-7,N/A,N/A,12/30/17,3:05 p.m,N/A,"Westerville, Ohio -- Rike Center",Lose,2,False,193,False,06:27,"SUB OUT by BATES,JACOB",31 ,,24,,,,"SUB OUT by BATES,JACOB",1,subbing out,,centre,"bates,jacob",,"['walker,art', 'sine,tucker', 'rakes,bailey', 'spitzer,jakob', 'griffin,jarod', 'crump,dawson']","['beavers,maurice', 'carter,justin', 'nossaman,nick', 'dennison,hunter', 'koontz,nick']",387
134,0872,Otterbein,Centre,0,81-79,"34,45","44,37",0-11,4-7,N/A,N/A,12/30/17,3:05 p.m,N/A,"Westerville, Ohio -- Rike Center",Lose,2,False,193,False,06:27,"SUB OUT by SINE,TUCKER",31 ,,24,,,,"SUB OUT by SINE,TUCKER",1,subbing out,,centre,"sine,tucker",,"['walker,art', 'rakes,bailey', 'spitzer,jakob', 'griffin,jarod', 'crump,dawson']","['beavers,maurice', 'carter,justin', 'nossaman,nick', 'dennison,hunter', 'koontz,nick']",387
135,0872,Otterbein,Centre,0,81-79,"34,45","44,37",0-11,4-7,N/A,N/A,12/30/17,3:05 p.m,N/A,"Westerville, Ohio -- Rike Center",Lose,2,False,193,False,06:27,,31 ,,24,"SUB IN by HUGHES,MATT",,,"SUB IN by HUGHES,MATT",1,subbing in,,otterbein,"hughes,matt",,"['walker,art', 'rakes,bailey', 'spitzer,jakob', 'griffin,jarod', 'crump,dawson']","['beavers,maurice', 'carter,justin', 'nossaman,nick', 'dennison,hunter', 'koontz,nick', 'hughes,matt']",387
136,0872,Otterbein,Centre,0,81-79,"34,45","44,37",0-11,4-7,N/A,N/A,12/30/17,3:05 p.m,N/A,"Westerville, Ohio -- Rike Center",Lose,2,False,193,False,06:27,,31 ,,24,"SUB OUT by BEAVERS,MAURICE",,,"SUB OUT by BEAVERS,MAURICE",1,subbing out,,otterbein,"beavers,maurice",,"['walker,art', 'rakes,bailey', 'spitzer,jakob', 'griffin,jarod', 'crump,dawson']","['carter,justin', 'nossaman,nick', 'dennison,hunter', 'koontz,nick', 'hughes,matt']",387
137,0872,Otterbein,Centre,0,81-79,"34,45","44,37",0-11,4-7,N/A,N/A,12/30/17,3:05 p.m,N/A,"Westerville, Ohio -- Rike Center",Lose,2,False,193,False,06:09,"FOUL  by SPITZER,JAKOB",31 ,,24,,,,"FOUL  by SPITZER,JAKOB",1,foul,,centre,"spitzer,jakob",,"['walker,art', 'rakes,bailey', 'spitzer,jakob', 'griffin,jarod', 'crump,dawson']","['carter,justin', 'nossaman,nick', 'dennison,hunter', 'koontz,nick', 'hughes,matt']",369
138,0872,Otterbein,Centre,0,81-79,"34,45","44,37",0-11,4-7,N/A,N/A,12/30/17,3:05 p.m,N/A,"Westerville, Ohio -- Rike Center",Lose,2,False,193,False,06:09,,31 ,,25,"GOOD FT by CARTER,JUSTIN",OTT 31-25 (+6),,"GOOD FT by CARTER,JUSTIN",1,free throw,good,otterbein,"carter,justin",1,"['walker,art', 'rakes,bailey', 'spitzer,jakob', 'griffin,jarod', 'crump,dawson']","['carter,justin', 'nossaman,nick', 'dennison,hunter', 'koontz,nick', 'hughes,matt']",369
139,0872,Otterbein,Centre,0,81-79,"34,45","44,37",0-11,4-7,N/A,N/A,12/30/17,3:05 p.m,N/A,"Westerville, Ohio -- Rike Center",Lose,2,False,193,False,06:09,,31 ,,26,"GOOD FT by CARTER,JUSTIN",OTT 31-26 (+5),,"GOOD FT by CARTER,JUSTIN",1,free throw,good,otterbein,"carter,justin",1,"['walker,art', 'rakes,bailey', 'spitzer,jakob', 'griffin,jarod', 'crump,dawson']","['carter,justin', 'nossaman,nick', 'dennison,hunter', 'koontz,nick', 'hughes,matt']",369
140,0872,Otterbein,Centre,0,81-79,"34,45","44,37",0-11,4-7,N/A,N/A,12/30/17,3:05 p.m,N/A,"Westerville, Ohio -- Rike Center",Lose,2,False,193,False,05:57,"FOUL  by PURVIS,KC",31 ,,26,,,,"FOUL  by PURVIS,KC",1,foul,,centre,"purvis,kc",,"['walker,art', 'rakes,bailey', 'spitzer,jakob', 'griffin,jarod', 'crump,dawson']","['carter,justin', 'nossaman,nick', 'dennison,hunter', 'koontz,nick', 'hughes,matt']",357
141,0872,Otterbein,Centre,0,81-79,"34,45","44,37",0-11,4-7,N/A,N/A,12/30/17,3:05 p.m,N/A,"Westerville, Ohio -- Rike Center",Lose,2,False,193,False,05:57,"SUB IN by PURVIS,KC",31 ,,26,,,,"SUB IN by PURVIS,KC",1,subbing in,,centre,"purvis,kc",,"['walker,art', 'rakes,bailey', 'spitzer,jakob', 'griffin,jarod', 'crump,dawson', 'purvis,kc']","['carter,justin', 'nossaman,nick', 'dennison,hunter', 'koontz,nick', 'hughes,matt']",357
142,0872,Otterbein,Centre,0,81-79,"34,45","44,37",0-11,4-7,N/A,N/A,12/30/17,3:05 p.m,N/A,"Westerville, Ohio -- Rike Center",Lose,2,False,193,False,05:57,"SUB OUT by SPITZER,JAKOB",31 ,,26,,,,"SUB OUT by SPITZER,JAKOB",1,subbing out,,centre,"spitzer,jakob",,"['walker,art', 'rakes,bailey', 'griffin,jarod', 'crump,dawson', 'purvis,kc']","['carter,justin', 'nossaman,nick', 'dennison,hunter', 'koontz,nick', 'hughes,matt']",357
143,0872,Otterbein,Centre,0,81-79,"34,45","44,37",0-11,4-7,N/A,N/A,12/30/17,3:05 p.m,N/A,"Westerville, Ohio -- Rike Center",Lose,2,False,193,False,05:48,,31 ,,26,"MISS 3PTR by NOSSAMAN,NICK",,,"MISS 3PTR by NOSSAMAN,NICK",1,three pointer,missed,otterbein,"nossaman,nick",,"['walker,art', 'rakes,bailey', 'griffin,jarod', 'crump,dawson', 'purvis,kc']","['carter,justin', 'nossaman,nick', 'dennison,hunter', 'koontz,nick', 'hughes,matt']",348
144,0872,Otterbein,Centre,0,81-79,"34,45","44,37",0-11,4-7,N/A,N/A,12/30/17,3:05 p.m,N/A,"Westerville, Ohio -- Rike Center",Lose,2,False,193,False,--,"REBOUND DEF by GRIFFIN,JAROD",31 ,,26,,,,"REBOUND DEF by GRIFFIN,JAROD",1,defensive rebound,,centre,"griffin,jarod",,"['walker,art', 'rakes,bailey', 'griffin,jarod', 'crump,dawson', 'purvis,kc']","['carter,justin', 'nossaman,nick', 'dennison,hunter', 'koontz,nick', 'hughes,matt']",
145,0872,Otterbein,Centre,0,81-79,"34,45","44,37",0-11,4-7,N/A,N/A,12/30/17,3:05 p.m,N/A,"Westerville, Ohio -- Rike Center",Lose,2,False,193,False,05:36,"GOOD 3PTR by CRUMP,DAWSON",34 ,,26,,CENTRE-M 34-26 (+8),,"GOOD 3PTR by CRUMP,DAWSON",1,three pointer,good,centre,"crump,dawson",3,"['walker,art', 'rakes,bailey', 'griffin,jarod', 'crump,dawson', 'purvis,kc']","['carter,justin', 'nossaman,nick', 'dennison,hunter', 'koontz,nick', 'hughes,matt']",336
146,0872,Otterbein,Centre,0,81-79,"34,45","44,37",0-11,4-7,N/A,N/A,12/30/17,3:05 p.m,N/A,"Westerville, Ohio -- Rike Center",Lose,2,False,193,False,--,"ASSIST  by PURVIS,KC",34 ,,26,,,,"ASSIST  by PURVIS,KC",1,assist,,centre,"purvis,kc",,"['walker,art', 'rakes,bailey', 'griffin,jarod', 'crump,dawson', 'purvis,kc']","['carter,justin', 'nossaman,nick', 'dennison,hunter', 'koontz,nick', 'hughes,matt']",
147,0872,Otterbein,Centre,0,81-79,"34,45","44,37",0-11,4-7,N/A,N/A,12/30/17,3:05 p.m,N/A,"Westerville, Ohio -- Rike Center",Lose,2,False,193,False,05:12,,34 ,,26,"MISS JUMPER by DENNISON,HUNTER",,,"MISS JUMPER by DENNISON,HUNTER",1,jumper,missed,otterbein,"dennison,hunter",,"['walker,art', 'rakes,bailey', 'griffin,jarod', 'crump,dawson', 'purvis,kc']","['carter,justin', 'nossaman,nick', 'dennison,hunter', 'koontz,nick', 'hughes,matt']",312
148,0872,Otterbein,Centre,0,81-79,"34,45","44,37",0-11,4-7,N/A,N/A,12/30/17,3:05 p.m,N/A,"Westerville, Ohio -- Rike Center",Lose,2,False,193,False,--,"REBOUND DEF by CRUMP,DAWSON",34 ,,26,,,,"REBOUND DEF by CRUMP,DAWSON",1,defensive rebound,,centre,"crump,dawson",,"['walker,art', 'rakes,bailey', 'griffin,jarod', 'crump,dawson', 'purvis,kc']","['carter,justin', 'nossaman,nick', 'dennison,hunter', 'koontz,nick', 'hughes,matt']",
149,0872,Otterbein,Centre,0,81-79,"34,45","44,37",0-11,4-7,N/A,N/A,12/30/17,3:05 p.m,N/A,"Westerville, Ohio -- Rike Center",Lose,2,False,193,False,05:00,"GOOD JUMPER by GRIFFIN,JAROD",36 ,,26,,CENTRE-M 36-26 (+10),,"GOOD JUMPER by GRIFFIN,JAROD",1,jumper,good,centre,"griffin,jarod",2,"['walker,art', 'rakes,bailey', 'griffin,jarod', 'crump,dawson', 'purvis,kc']","['carter,justin', 'nossaman,nick', 'dennison,hunter', 'koontz,nick', 'hughes,matt']",300
150,0872,Otterbein,Centre,0,81-79,"34,45","44,37",0-11,4-7,N/A,N/A,12/30/17,3:05 p.m,N/A,"Westerville, Ohio -- Rike Center",Lose,2,False,193,False,04:59,,36 ,,26,TIMEOUT 20SEC by TEAM,,,TIMEOUT 20SEC by TEAM,1,timeout,,otterbein,,,"['walker,art', 'rakes,bailey', 'griffin,jarod', 'crump,dawson', 'purvis,kc']","['carter,justin', 'nossaman,nick', 'dennison,hunter', 'koontz,nick', 'hughes,matt']",299
151,0872,Otterbein,Centre,0,81-79,"34,45","44,37",0-11,4-7,N/A,N/A,12/30/17,3:05 p.m,N/A,"Westerville, Ohio -- Rike Center",Lose,2,False,193,False,04:57,,36 ,,26,"SUB IN by ANDERS,EDDIE",,,"SUB IN by ANDERS,EDDIE",1,subbing in,,otterbein,"anders,eddie",,"['walker,art', 'rakes,bailey', 'griffin,jarod', 'crump,dawson', 'purvis,kc']","['carter,justin', 'nossaman,nick', 'dennison,hunter', 'koontz,nick', 'hughes,matt', 'anders,eddie']",297
152,0872,Otterbein,Centre,0,81-79,"34,45","44,37",0-11,4-7,N/A,N/A,12/30/17,3:05 p.m,N/A,"Westerville, Ohio -- Rike Center",Lose,2,False,193,False,04:57,,36 ,,26,"SUB IN by BRADLEY,ANDRE",,,"SUB IN by BRADLEY,ANDRE",1,subbing in,,otterbein,"bradley,andre",,"['walker,art', 'rakes,bailey', 'griffin,jarod', 'crump,dawson', 'purvis,kc']","['carter,justin', 'nossaman,nick', 'dennison,hunter', 'koontz,nick', 'hughes,matt', 'anders,eddie', 'bradley,andre']",297
153,0872,Otterbein,Centre,0,81-79,"34,45","44,37",0-11,4-7,N/A,N/A,12/30/17,3:05 p.m,N/A,"Westerville, Ohio -- Rike Center",Lose,2,False,193,False,04:57,,36 ,,26,"SUB OUT by KOONTZ,NICK",,,"SUB OUT by KOONTZ,NICK",1,subbing out,,otterbein,"koontz,nick",,"['walker,art', 'rakes,bailey', 'griffin,jarod', 'crump,dawson', 'purvis,kc']","['carter,justin', 'nossaman,nick', 'dennison,hunter', 'hughes,matt', 'anders,eddie', 'bradley,andre']",297
154,0872,Otterbein,Centre,0,81-79,"34,45","44,37",0-11,4-7,N/A,N/A,12/30/17,3:05 p.m,N/A,"Westerville, Ohio -- Rike Center",Lose,2,False,193,False,04:57,,36 ,,26,"SUB OUT by NOSSAMAN,NICK",,,"SUB OUT by NOSSAMAN,NICK",1,subbing out,,otterbein,"nossaman,nick",,"['walker,art', 'rakes,bailey', 'griffin,jarod', 'crump,dawson', 'purvis,kc']","['carter,justin', 'dennison,hunter', 'hughes,matt', 'anders,eddie', 'bradley,andre']",297
155,0872,Otterbein,Centre,0,81-79,"34,45","44,37",0-11,4-7,N/A,N/A,12/30/17,3:05 p.m,N/A,"Westerville, Ohio -- Rike Center",Lose,2,False,193,False,04:45,,36 ,,28,"GOOD LAYUP by CARTER,JUSTIN(in the paint)",OTT 36-28 (+8),,"GOOD LAYUP by CARTER,JUSTIN(in the paint)",1,layup,good,otterbein,"carter,justin",2,"['walker,art', 'rakes,bailey', 'griffin,jarod', 'crump,dawson', 'purvis,kc']","['carter,justin', 'dennison,hunter', 'hughes,matt', 'anders,eddie', 'bradley,andre']",285
156,0872,Otterbein,Centre,0,81-79,"34,45","44,37",0-11,4-7,N/A,N/A,12/30/17,3:05 p.m,N/A,"Westerville, Ohio -- Rike Center",Lose,2,False,193,False,04:42,"SUB IN by SCHMUCKER,ZACH",36 ,,28,,,,"SUB IN by SCHMUCKER,ZACH",1,subbing in,,centre,"schmucker,zach",,"['walker,art', 'rakes,bailey', 'griffin,jarod', 'crump,dawson', 'purvis,kc', 'schmucker,zach']","['carter,justin', 'dennison,hunter', 'hughes,matt', 'anders,eddie', 'bradley,andre']",282
157,0872,Otterbein,Centre,0,81-79,"34,45","44,37",0-11,4-7,N/A,N/A,12/30/17,3:05 p.m,N/A,"Westerville, Ohio -- Rike Center",Lose,2,False,193,False,04:42,"SUB IN by BATES,JACOB",36 ,,28,,,,"SUB IN by BATES,JACOB",1,subbing in,,centre,"bates,jacob",,"['walker,art', 'rakes,bailey', 'griffin,jarod', 'crump,dawson', 'purvis,kc', 'schmucker,zach', 'bates,jacob']","['carter,justin', 'dennison,hunter', 'hughes,matt', 'anders,eddie', 'bradley,andre']",282
158,0872,Otterbein,Centre,0,81-79,"34,45","44,37",0-11,4-7,N/A,N/A,12/30/17,3:05 p.m,N/A,"Westerville, Ohio -- Rike Center",Lose,2,False,193,False,04:42,"SUB OUT by PURVIS,KC",36 ,,28,,,,"SUB OUT by PURVIS,KC",1,subbing out,,centre,"purvis,kc",,"['walker,art', 'rakes,bailey', 'griffin,jarod', 'crump,dawson', 'schmucker,zach', 'bates,jacob']","['carter,justin', 'dennison,hunter', 'hughes,matt', 'anders,eddie', 'bradley,andre']",282
159,0872,Otterbein,Centre,0,81-79,"34,45","44,37",0-11,4-7,N/A,N/A,12/30/17,3:05 p.m,N/A,"Westerville, Ohio -- Rike Center",Lose,2,False,193,False,04:42,"SUB OUT by WALKER,ART",36 ,,28,,,,"SUB OUT by WALKER,ART",1,subbing out,,centre,"walker,art",,"['rakes,bailey', 'griffin,jarod', 'crump,dawson', 'schmucker,zach', 'bates,jacob']","['carter,justin', 'dennison,hunter', 'hughes,matt', 'anders,eddie', 'bradley,andre']",282
160,0872,Otterbein,Centre,0,81-79,"34,45","44,37",0-11,4-7,N/A,N/A,12/30/17,3:05 p.m,N/A,"Westerville, Ohio -- Rike Center",Lose,2,False,193,False,04:23,"MISS JUMPER by GRIFFIN,JAROD",36 ,,28,,,,"MISS JUMPER by GRIFFIN,JAROD",1,jumper,missed,centre,"griffin,jarod",,"['rakes,bailey', 'griffin,jarod', 'crump,dawson', 'schmucker,zach', 'bates,jacob']","['carter,justin', 'dennison,hunter', 'hughes,matt', 'anders,eddie', 'bradley,andre']",263
161,0872,Otterbein,Centre,0,81-79,"34,45","44,37",0-11,4-7,N/A,N/A,12/30/17,3:05 p.m,N/A,"Westerville, Ohio -- Rike Center",Lose,2,False,193,False,--,,36 ,,28,"REBOUND DEF by BRADLEY,ANDRE",,,"REBOUND DEF by BRADLEY,ANDRE",1,defensive rebound,,otterbein,"bradley,andre",,"['rakes,bailey', 'griffin,jarod', 'crump,dawson', 'schmucker,zach', 'bates,jacob']","['carter,justin', 'dennison,hunter', 'hughes,matt', 'anders,eddie', 'bradley,andre']",
162,0872,Otterbein,Centre,0,81-79,"34,45","44,37",0-11,4-7,N/A,N/A,12/30/17,3:05 p.m,N/A,"Westerville, Ohio -- Rike Center",Lose,2,False,193,False,04:22,"FOUL  by SCHMUCKER,ZACH",36 ,,28,,,,"FOUL  by SCHMUCKER,ZACH",1,foul,,centre,"schmucker,zach",,"['rakes,bailey', 'griffin,jarod', 'crump,dawson', 'schmucker,zach', 'bates,jacob']","['carter,justin', 'dennison,hunter', 'hughes,matt', 'anders,eddie', 'bradley,andre']",262
163,0872,Otterbein,Centre,0,81-79,"34,45","44,37",0-11,4-7,N/A,N/A,12/30/17,3:05 p.m,N/A,"Westerville, Ohio -- Rike Center",Lose,2,False,193,False,04:22,,36 ,,29,"GOOD FT by ANDERS,EDDIE",OTT 36-29 (+7),,"GOOD FT by ANDERS,EDDIE",1,free throw,good,otterbein,"anders,eddie",1,"['rakes,bailey', 'griffin,jarod', 'crump,dawson', 'schmucker,zach', 'bates,jacob']","['carter,justin', 'dennison,hunter', 'hughes,matt', 'anders,eddie', 'bradley,andre']",262
164,0872,Otterbein,Centre,0,81-79,"34,45","44,37",0-11,4-7,N/A,N/A,12/30/17,3:05 p.m,N/A,"Westerville, Ohio -- Rike Center",Lose,2,False,193,False,04:22,,36 ,,30,"GOOD FT by ANDERS,EDDIE",OTT 36-30 (+6),,"GOOD FT by ANDERS,EDDIE",1,free throw,good,otterbein,"anders,eddie",1,"['rakes,bailey', 'griffin,jarod', 'crump,dawson', 'schmucker,zach', 'bates,jacob']","['carter,justin', 'dennison,hunter', 'hughes,matt', 'anders,eddie', 'bradley,andre']",262
165,0872,Otterbein,Centre,0,81-79,"34,45","44,37",0-11,4-7,N/A,N/A,12/30/17,3:05 p.m,N/A,"Westerville, Ohio -- Rike Center",Lose,2,False,193,False,04:06,"TURNOVER  by CRUMP,DAWSON",36 ,,30,,,,"TURNOVER  by CRUMP,DAWSON",1,turnover,,centre,"crump,dawson",,"['rakes,bailey', 'griffin,jarod', 'crump,dawson', 'schmucker,zach', 'bates,jacob']","['carter,justin', 'dennison,hunter', 'hughes,matt', 'anders,eddie', 'bradley,andre']",246
166,0872,Otterbein,Centre,0,81-79,"34,45","44,37",0-11,4-7,N/A,N/A,12/30/17,3:05 p.m,N/A,"Westerville, Ohio -- Rike Center",Lose,2,False,193,False,04:06,"SUB IN by WALKER,ART",36 ,,30,,,,"SUB IN by WALKER,ART",1,subbing in,,centre,"walker,art",,"['rakes,bailey', 'griffin,jarod', 'crump,dawson', 'schmucker,zach', 'bates,jacob', 'walker,art']","['carter,justin', 'dennison,hunter', 'hughes,matt', 'anders,eddie', 'bradley,andre']",246
167,0872,Otterbein,Centre,0,81-79,"34,45","44,37",0-11,4-7,N/A,N/A,12/30/17,3:05 p.m,N/A,"Westerville, Ohio -- Rike Center",Lose,2,False,193,False,04:06,"SUB OUT by SCHMUCKER,ZACH",36 ,,30,,,,"SUB OUT by SCHMUCKER,ZACH",1,subbing out,,centre,"schmucker,zach",,"['rakes,bailey', 'griffin,jarod', 'crump,dawson', 'bates,jacob', 'walker,art']","['carter,justin', 'dennison,hunter', 'hughes,matt', 'anders,eddie', 'bradley,andre']",246
168,0872,Otterbein,Centre,0,81-79,"34,45","44,37",0-11,4-7,N/A,N/A,12/30/17,3:05 p.m,N/A,"Westerville, Ohio -- Rike Center",Lose,2,False,193,False,03:46,,36 ,,32,"GOOD JUMPER by ANDERS,EDDIE(in the paint)",OTT 36-32 (+4),,"GOOD JUMPER by ANDERS,EDDIE(in the paint)",1,jumper,good,otterbein,"anders,eddie",2,"['rakes,bailey', 'griffin,jarod', 'crump,dawson', 'bates,jacob', 'walker,art']","['carter,justin', 'dennison,hunter', 'hughes,matt', 'anders,eddie', 'bradley,andre']",226
169,0872,Otterbein,Centre,0,81-79,"34,45","44,37",0-11,4-7,N/A,N/A,12/30/17,3:05 p.m,N/A,"Westerville, Ohio -- Rike Center",Lose,2,False,193,False,03:23,"MISS JUMPER by BATES,JACOB",36 ,,32,,,,"MISS JUMPER by BATES,JACOB",1,jumper,missed,centre,"bates,jacob",,"['rakes,bailey', 'griffin,jarod', 'crump,dawson', 'bates,jacob', 'walker,art']","['carter,justin', 'dennison,hunter', 'hughes,matt', 'anders,eddie', 'bradley,andre']",203
170,0872,Otterbein,Centre,0,81-79,"34,45","44,37",0-11,4-7,N/A,N/A,12/30/17,3:05 p.m,N/A,"Westerville, Ohio -- Rike Center",Lose,2,False,193,False,--,,36 ,,32,"REBOUND DEF by HUGHES,MATT",,,"REBOUND DEF by HUGHES,MATT",1,defensive rebound,,otterbein,"hughes,matt",,"['rakes,bailey', 'griffin,jarod', 'crump,dawson', 'bates,jacob', 'walker,art']","['carter,justin', 'dennison,hunter', 'hughes,matt', 'anders,eddie', 'bradley,andre']",
171,0872,Otterbein,Centre,0,81-79,"34,45","44,37",0-11,4-7,N/A,N/A,12/30/17,3:05 p.m,N/A,"Westerville, Ohio -- Rike Center",Lose,2,False,193,False,03:09,,36 ,,32,"MISS LAYUP by HUGHES,MATT",,,"MISS LAYUP by HUGHES,MATT",1,layup,missed,otterbein,"hughes,matt",,"['rakes,bailey', 'griffin,jarod', 'crump,dawson', 'bates,jacob', 'walker,art']","['carter,justin', 'dennison,hunter', 'hughes,matt', 'anders,eddie', 'bradley,andre']",189
172,0872,Otterbein,Centre,0,81-79,"34,45","44,37",0-11,4-7,N/A,N/A,12/30/17,3:05 p.m,N/A,"Westerville, Ohio -- Rike Center",Lose,2,False,193,False,--,"REBOUND DEF by CRUMP,DAWSON",36 ,,32,,,,"REBOUND DEF by CRUMP,DAWSON",1,defensive rebound,,centre,"crump,dawson",,"['rakes,bailey', 'griffin,jarod', 'crump,dawson', 'bates,jacob', 'walker,art']","['carter,justin', 'dennison,hunter', 'hughes,matt', 'anders,eddie', 'bradley,andre']",
173,0872,Otterbein,Centre,0,81-79,"34,45","44,37",0-11,4-7,N/A,N/A,12/30/17,3:05 p.m,N/A,"Westerville, Ohio -- Rike Center",Lose,2,False,193,False,03:01,"GOOD LAYUP by BATES,JACOB(in the paint)",38 ,,32,,CENTRE-M 38-32 (+6),,"GOOD LAYUP by BATES,JACOB(in the paint)",1,layup,good,centre,"bates,jacob",2,"['rakes,bailey', 'griffin,jarod', 'crump,dawson', 'bates,jacob', 'walker,art']","['carter,justin', 'dennison,hunter', 'hughes,matt', 'anders,eddie', 'bradley,andre']",181
174,0872,Otterbein,Centre,0,81-79,"34,45","44,37",0-11,4-7,N/A,N/A,12/30/17,3:05 p.m,N/A,"Westerville, Ohio -- Rike Center",Lose,2,False,193,False,--,"ASSIST  by GRIFFIN,JAROD",38 ,,32,,,,"ASSIST  by GRIFFIN,JAROD",1,assist,,centre,"griffin,jarod",,"['rakes,bailey', 'griffin,jarod', 'crump,dawson', 'bates,jacob', 'walker,art']","['carter,justin', 'dennison,hunter', 'hughes,matt', 'anders,eddie', 'bradley,andre']",
175,0872,Otterbein,Centre,0,81-79,"34,45","44,37",0-11,4-7,N/A,N/A,12/30/17,3:05 p.m,N/A,"Westerville, Ohio -- Rike Center",Lose,2,False,193,False,02:48,,38 ,,32,"MISS JUMPER by ANDERS,EDDIE",,,"MISS JUMPER by ANDERS,EDDIE",1,jumper,missed,otterbein,"anders,eddie",,"['rakes,bailey', 'griffin,jarod', 'crump,dawson', 'bates,jacob', 'walker,art']","['carter,justin', 'dennison,hunter', 'hughes,matt', 'anders,eddie', 'bradley,andre']",168
176,0872,Otterbein,Centre,0,81-79,"34,45","44,37",0-11,4-7,N/A,N/A,12/30/17,3:05 p.m,N/A,"Westerville, Ohio -- Rike Center",Lose,2,False,193,False,--,"REBOUND DEF by CRUMP,DAWSON",38 ,,32,,,,"REBOUND DEF by CRUMP,DAWSON",1,defensive rebound,,centre,"crump,dawson",,"['rakes,bailey', 'griffin,jarod', 'crump,dawson', 'bates,jacob', 'walker,art']","['carter,justin', 'dennison,hunter', 'hughes,matt', 'anders,eddie', 'bradley,andre']",
177,0872,Otterbein,Centre,0,81-79,"34,45","44,37",0-11,4-7,N/A,N/A,12/30/17,3:05 p.m,N/A,"Westerville, Ohio -- Rike Center",Lose,2,False,193,False,02:42,"TURNOVER  by CRUMP,DAWSON",38 ,,32,,,,"TURNOVER  by CRUMP,DAWSON",1,turnover,,centre,"crump,dawson",,"['rakes,bailey', 'griffin,jarod', 'crump,dawson', 'bates,jacob', 'walker,art']","['carter,justin', 'dennison,hunter', 'hughes,matt', 'anders,eddie', 'bradley,andre']",162
178,0872,Otterbein,Centre,0,81-79,"34,45","44,37",0-11,4-7,N/A,N/A,12/30/17,3:05 p.m,N/A,"Westerville, Ohio -- Rike Center",Lose,2,False,193,False,02:40,,38 ,,32,"STEAL  by CARTER,JUSTIN",,,"STEAL  by CARTER,JUSTIN",1,steal,,otterbein,,,"['rakes,bailey', 'griffin,jarod', 'crump,dawson', 'bates,jacob', 'walker,art']","['carter,justin', 'dennison,hunter', 'hughes,matt', 'anders,eddie', 'bradley,andre']",160
179,0872,Otterbein,Centre,0,81-79,"34,45","44,37",0-11,4-7,N/A,N/A,12/30/17,3:05 p.m,N/A,"Westerville, Ohio -- Rike Center",Lose,2,False,193,False,02:22,,38 ,,32,"MISS 3PTR by CARTER,JUSTIN",,,"MISS 3PTR by CARTER,JUSTIN",1,three pointer,missed,otterbein,"carter,justin",,"['rakes,bailey', 'griffin,jarod', 'crump,dawson', 'bates,jacob', 'walker,art']","['carter,justin', 'dennison,hunter', 'hughes,matt', 'anders,eddie', 'bradley,andre']",142
180,0872,Otterbein,Centre,0,81-79,"34,45","44,37",0-11,4-7,N/A,N/A,12/30/17,3:05 p.m,N/A,"Westerville, Ohio -- Rike Center",Lose,2,False,193,False,--,,38 ,,32,"REBOUND OFF by BRADLEY,ANDRE",,,"REBOUND OFF by BRADLEY,ANDRE",1,offensive rebound,,otterbein,"bradley,andre",,"['rakes,bailey', 'griffin,jarod', 'crump,dawson', 'bates,jacob', 'walker,art']","['carter,justin', 'dennison,hunter', 'hughes,matt', 'anders,eddie', 'bradley,andre']",
181,0872,Otterbein,Centre,0,81-79,"34,45","44,37",0-11,4-7,N/A,N/A,12/30/17,3:05 p.m,N/A,"Westerville, Ohio -- Rike Center",Lose,2,False,193,False,02:01,,38 ,,32,"TURNOVER  by DENNISON,HUNTER",,,"TURNOVER  by DENNISON,HUNTER",1,turnover,,otterbein,"dennison,hunter",,"['rakes,bailey', 'griffin,jarod', 'crump,dawson', 'bates,jacob', 'walker,art']","['carter,justin', 'dennison,hunter', 'hughes,matt', 'anders,eddie', 'bradley,andre']",121
182,0872,Otterbein,Centre,0,81-79,"34,45","44,37",0-11,4-7,N/A,N/A,12/30/17,3:05 p.m,N/A,"Westerville, Ohio -- Rike Center",Lose,2,False,193,False,02:01,"SUB IN by AYERS,PERRY",38 ,,32,,,,"SUB IN by AYERS,PERRY",1,subbing in,,centre,"ayers,perry",,"['rakes,bailey', 'griffin,jarod', 'crump,dawson', 'bates,jacob', 'walker,art', 'ayers,perry']","['carter,justin', 'dennison,hunter', 'hughes,matt', 'anders,eddie', 'bradley,andre']",121
183,0872,Otterbein,Centre,0,81-79,"34,45","44,37",0-11,4-7,N/A,N/A,12/30/17,3:05 p.m,N/A,"Westerville, Ohio -- Rike Center",Lose,2,False,193,False,02:01,"SUB IN by SINE,TUCKER",38 ,,32,,,,"SUB IN by SINE,TUCKER",1,subbing in,,centre,"sine,tucker",,"['rakes,bailey', 'griffin,jarod', 'crump,dawson', 'bates,jacob', 'walker,art', 'ayers,perry', 'sine,tucker']","['carter,justin', 'dennison,hunter', 'hughes,matt', 'anders,eddie', 'bradley,andre']",121
184,0872,Otterbein,Centre,0,81-79,"34,45","44,37",0-11,4-7,N/A,N/A,12/30/17,3:05 p.m,N/A,"Westerville, Ohio -- Rike Center",Lose,2,False,193,False,02:01,"SUB OUT by CRUMP,DAWSON",38 ,,32,,,,"SUB OUT by CRUMP,DAWSON",1,subbing out,,centre,"crump,dawson",,"['rakes,bailey', 'griffin,jarod', 'bates,jacob', 'walker,art', 'ayers,perry', 'sine,tucker']","['carter,justin', 'dennison,hunter', 'hughes,matt', 'anders,eddie', 'bradley,andre']",121
185,0872,Otterbein,Centre,0,81-79,"34,45","44,37",0-11,4-7,N/A,N/A,12/30/17,3:05 p.m,N/A,"Westerville, Ohio -- Rike Center",Lose,2,False,193,False,02:01,"SUB OUT by RAKES,BAILEY",38 ,,32,,,,"SUB OUT by RAKES,BAILEY",1,subbing out,,centre,"rakes,bailey",,"['griffin,jarod', 'bates,jacob', 'walker,art', 'ayers,perry', 'sine,tucker']","['carter,justin', 'dennison,hunter', 'hughes,matt', 'anders,eddie', 'bradley,andre']",121
186,0872,Otterbein,Centre,0,81-79,"34,45","44,37",0-11,4-7,N/A,N/A,12/30/17,3:05 p.m,N/A,"Westerville, Ohio -- Rike Center",Lose,2,False,193,False,02:01,,38 ,,32,"SUB IN by HOWARD,COREY",,,"SUB IN by HOWARD,COREY",1,subbing in,,otterbein,"howard,corey",,"['griffin,jarod', 'bates,jacob', 'walker,art', 'ayers,perry', 'sine,tucker']","['carter,justin', 'dennison,hunter', 'hughes,matt', 'anders,eddie', 'bradley,andre', 'howard,corey']",121
187,0872,Otterbein,Centre,0,81-79,"34,45","44,37",0-11,4-7,N/A,N/A,12/30/17,3:05 p.m,N/A,"Westerville, Ohio -- Rike Center",Lose,2,False,193,False,02:01,,38 ,,32,"SUB OUT by ANDERS,EDDIE",,,"SUB OUT by ANDERS,EDDIE",1,subbing out,,otterbein,"anders,eddie",,"['griffin,jarod', 'bates,jacob', 'walker,art', 'ayers,perry', 'sine,tucker']","['carter,justin', 'dennison,hunter', 'hughes,matt', 'bradley,andre', 'howard,corey']",121
188,0872,Otterbein,Centre,0,81-79,"34,45","44,37",0-11,4-7,N/A,N/A,12/30/17,3:05 p.m,N/A,"Westerville, Ohio -- Rike Center",Lose,2,False,193,False,01:42,"GOOD LAYUP by BATES,JACOB(in the paint)",40 ,,32,,CENTRE-M 40-32 (+8),,"GOOD LAYUP by BATES,JACOB(in the paint)",1,layup,good,centre,"bates,jacob",2,"['griffin,jarod', 'bates,jacob', 'walker,art', 'ayers,perry', 'sine,tucker']","['carter,justin', 'dennison,hunter', 'hughes,matt', 'bradley,andre', 'howard,corey']",102
189,0872,Otterbein,Centre,0,81-79,"34,45","44,37",0-11,4-7,N/A,N/A,12/30/17,3:05 p.m,N/A,"Westerville, Ohio -- Rike Center",Lose,2,False,193,False,01:27,"FOUL  by BATES,JACOB",40 ,,32,,,,"FOUL  by BATES,JACOB",1,foul,,centre,"bates,jacob",,"['griffin,jarod', 'bates,jacob', 'walker,art', 'ayers,perry', 'sine,tucker']","['carter,justin', 'dennison,hunter', 'hughes,matt', 'bradley,andre', 'howard,corey']",87
190,0872,Otterbein,Centre,0,81-79,"34,45","44,37",0-11,4-7,N/A,N/A,12/30/17,3:05 p.m,N/A,"Westerville, Ohio -- Rike Center",Lose,2,False,193,False,01:27,,40 ,,33,"GOOD FT by HUGHES,MATT",OTT 40-33 (+7),,"GOOD FT by HUGHES,MATT",1,free throw,good,otterbein,"hughes,matt",1,"['griffin,jarod', 'bates,jacob', 'walker,art', 'ayers,perry', 'sine,tucker']","['carter,justin', 'dennison,hunter', 'hughes,matt', 'bradley,andre', 'howard,corey']",87
191,0872,Otterbein,Centre,0,81-79,"34,45","44,37",0-11,4-7,N/A,N/A,12/30/17,3:05 p.m,N/A,"Westerville, Ohio -- Rike Center",Lose,2,False,193,False,01:27,,40 ,,34,"GOOD FT by HUGHES,MATT",OTT 40-34 (+6),,"GOOD FT by HUGHES,MATT",1,free throw,good,otterbein,"hughes,matt",1,"['griffin,jarod', 'bates,jacob', 'walker,art', 'ayers,perry', 'sine,tucker']","['carter,justin', 'dennison,hunter', 'hughes,matt', 'bradley,andre', 'howard,corey']",87
192,0872,Otterbein,Centre,0,81-79,"34,45","44,37",0-11,4-7,N/A,N/A,12/30/17,3:05 p.m,N/A,"Westerville, Ohio -- Rike Center",Lose,2,False,193,False,01:27,,40 ,,34,"SUB IN by HOWARD,MICHAEL",,,"SUB IN by HOWARD,MICHAEL",1,subbing in,,otterbein,"howard,michael",,"['griffin,jarod', 'bates,jacob', 'walker,art', 'ayers,perry', 'sine,tucker']","['carter,justin', 'dennison,hunter', 'hughes,matt', 'bradley,andre', 'howard,corey', 'howard,michael']",87
193,0872,Otterbein,Centre,0,81-79,"34,45","44,37",0-11,4-7,N/A,N/A,12/30/17,3:05 p.m,N/A,"Westerville, Ohio -- Rike Center",Lose,2,False,193,False,01:27,,40 ,,34,"SUB IN by WATSON,GABE",,,"SUB IN by WATSON,GABE",1,subbing in,,otterbein,"watson,gabe",,"['griffin,jarod', 'bates,jacob', 'walker,art', 'ayers,perry', 'sine,tucker']","['carter,justin', 'dennison,hunter', 'hughes,matt', 'bradley,andre', 'howard,corey', 'howard,michael', 'watson,gabe']",87
194,0872,Otterbein,Centre,0,81-79,"34,45","44,37",0-11,4-7,N/A,N/A,12/30/17,3:05 p.m,N/A,"Westerville, Ohio -- Rike Center",Lose,2,False,193,False,01:27,,40 ,,34,"SUB OUT by HUGHES,MATT",,,"SUB OUT by HUGHES,MATT",1,subbing out,,otterbein,"hughes,matt",,"['griffin,jarod', 'bates,jacob', 'walker,art', 'ayers,perry', 'sine,tucker']","['carter,justin', 'dennison,hunter', 'bradley,andre', 'howard,corey', 'howard,michael', 'watson,gabe']",87
195,0872,Otterbein,Centre,0,81-79,"34,45","44,37",0-11,4-7,N/A,N/A,12/30/17,3:05 p.m,N/A,"Westerville, Ohio -- Rike Center",Lose,2,False,193,False,01:27,,40 ,,34,"SUB OUT by DENNISON,HUNTER",,,"SUB OUT by DENNISON,HUNTER",1,subbing out,,otterbein,"dennison,hunter",,"['griffin,jarod', 'bates,jacob', 'walker,art', 'ayers,perry', 'sine,tucker']","['carter,justin', 'bradley,andre', 'howard,corey', 'howard,michael', 'watson,gabe']",87
196,0872,Otterbein,Centre,0,81-79,"34,45","44,37",0-11,4-7,N/A,N/A,12/30/17,3:05 p.m,N/A,"Westerville, Ohio -- Rike Center",Lose,2,False,193,False,01:04,"MISS 3PTR by GRIFFIN,JAROD",40 ,,34,,,,"MISS 3PTR by GRIFFIN,JAROD",1,three pointer,missed,centre,"griffin,jarod",,"['griffin,jarod', 'bates,jacob', 'walker,art', 'ayers,perry', 'sine,tucker']","['carter,justin', 'bradley,andre', 'howard,corey', 'howard,michael', 'watson,gabe']",64
197,0872,Otterbein,Centre,0,81-79,"34,45","44,37",0-11,4-7,N/A,N/A,12/30/17,3:05 p.m,N/A,"Westerville, Ohio -- Rike Center",Lose,2,False,193,False,--,,40 ,,34,"REBOUND DEF by HOWARD,COREY",,,"REBOUND DEF by HOWARD,COREY",1,defensive rebound,,otterbein,"howard,corey",,"['griffin,jarod', 'bates,jacob', 'walker,art', 'ayers,perry', 'sine,tucker']","['carter,justin', 'bradley,andre', 'howard,corey', 'howard,michael', 'watson,gabe']",
198,0872,Otterbein,Centre,0,81-79,"34,45","44,37",0-11,4-7,N/A,N/A,12/30/17,3:05 p.m,N/A,"Westerville, Ohio -- Rike Center",Lose,2,False,193,False,00:52,,40 ,,34,"MISS JUMPER by HOWARD,COREY",,,"MISS JUMPER by HOWARD,COREY",1,jumper,missed,otterbein,"howard,corey",,"['griffin,jarod', 'bates,jacob', 'walker,art', 'ayers,perry', 'sine,tucker']","['carter,justin', 'bradley,andre', 'howard,corey', 'howard,michael', 'watson,gabe']",52
199,0872,Otterbein,Centre,0,81-79,"34,45","44,37",0-11,4-7,N/A,N/A,12/30/17,3:05 p.m,N/A,"Westerville, Ohio -- Rike Center",Lose,2,False,193,False,--,,40 ,,34,"REBOUND OFF by HOWARD,MICHAEL",,,"REBOUND OFF by HOWARD,MICHAEL",1,offensive rebound,,otterbein,"howard,michael",,"['griffin,jarod', 'bates,jacob', 'walker,art', 'ayers,perry', 'sine,tucker']","['carter,justin', 'bradley,andre', 'howard,corey', 'howard,michael', 'watson,gabe']",
200,0872,Otterbein,Centre,0,81-79,"34,45","44,37",0-11,4-7,N/A,N/A,12/30/17,3:05 p.m,N/A,"Westerville, Ohio -- Rike Center",Lose,2,False,193,False,00:44,,40 ,,34,"TURNOVER  by BRADLEY,ANDRE",,,"TURNOVER  by BRADLEY,ANDRE",1,turnover,,otterbein,"bradley,andre",,"['griffin,jarod', 'bates,jacob', 'walker,art', 'ayers,perry', 'sine,tucker']","['carter,justin', 'bradley,andre', 'howard,corey', 'howard,michael', 'watson,gabe']",44
201,0872,Otterbein,Centre,0,81-79,"34,45","44,37",0-11,4-7,N/A,N/A,12/30/17,3:05 p.m,N/A,"Westerville, Ohio -- Rike Center",Lose,2,False,193,False,00:43,"STEAL  by GRIFFIN,JAROD",40 ,,34,,,,"STEAL  by GRIFFIN,JAROD",1,steal,,centre,,,"['griffin,jarod', 'bates,jacob', 'walker,art', 'ayers,perry', 'sine,tucker']","['carter,justin', 'bradley,andre', 'howard,corey', 'howard,michael', 'watson,gabe']",43
202,0872,Otterbein,Centre,0,81-79,"34,45","44,37",0-11,4-7,N/A,N/A,12/30/17,3:05 p.m,N/A,"Westerville, Ohio -- Rike Center",Lose,2,False,193,False,00:37,,40 ,,34,"FOUL  by WATSON,GABE",,,"FOUL  by WATSON,GABE",1,foul,,otterbein,"watson,gabe",,"['griffin,jarod', 'bates,jacob', 'walker,art', 'ayers,perry', 'sine,tucker']","['carter,justin', 'bradley,andre', 'howard,corey', 'howard,michael', 'watson,gabe']",37
203,0872,Otterbein,Centre,0,81-79,"34,45","44,37",0-11,4-7,N/A,N/A,12/30/17,3:05 p.m,N/A,"Westerville, Ohio -- Rike Center",Lose,2,False,193,False,00:37,"GOOD FT by WALKER,ART",41 ,,34,,CENTRE-M 41-34 (+7),,"GOOD FT by WALKER,ART",1,free throw,good,centre,"walker,art",1,"['griffin,jarod', 'bates,jacob', 'walker,art', 'ayers,perry', 'sine,tucker']","['carter,justin', 'bradley,andre', 'howard,corey', 'howard,michael', 'watson,gabe']",37
204,0872,Otterbein,Centre,0,81-79,"34,45","44,37",0-11,4-7,N/A,N/A,12/30/17,3:05 p.m,N/A,"Westerville, Ohio -- Rike Center",Lose,2,False,193,False,00:37,"GOOD FT by WALKER,ART",42 ,,34,,CENTRE-M 42-34 (+8),,"GOOD FT by WALKER,ART",1,free throw,good,centre,"walker,art",1,"['griffin,jarod', 'bates,jacob', 'walker,art', 'ayers,perry', 'sine,tucker']","['carter,justin', 'bradley,andre', 'howard,corey', 'howard,michael', 'watson,gabe']",37
205,0872,Otterbein,Centre,0,81-79,"34,45","44,37",0-11,4-7,N/A,N/A,12/30/17,3:05 p.m,N/A,"Westerville, Ohio -- Rike Center",Lose,2,False,193,False,00:37,"SUB IN by RAKES,BAILEY",42 ,,34,,,,"SUB IN by RAKES,BAILEY",1,subbing in,,centre,"rakes,bailey",,"['griffin,jarod', 'bates,jacob', 'walker,art', 'ayers,perry', 'sine,tucker', 'rakes,bailey']","['carter,justin', 'bradley,andre', 'howard,corey', 'howard,michael', 'watson,gabe']",37
206,0872,Otterbein,Centre,0,81-79,"34,45","44,37",0-11,4-7,N/A,N/A,12/30/17,3:05 p.m,N/A,"Westerville, Ohio -- Rike Center",Lose,2,False,193,False,00:37,"SUB OUT by WALKER,ART",42 ,,34,,,,"SUB OUT by WALKER,ART",1,subbing out,,centre,"walker,art",,"['griffin,jarod', 'bates,jacob', 'ayers,perry', 'sine,tucker', 'rakes,bailey']","['carter,justin', 'bradley,andre', 'howard,corey', 'howard,michael', 'watson,gabe']",37
207,0872,Otterbein,Centre,0,81-79,"34,45","44,37",0-11,4-7,N/A,N/A,12/30/17,3:05 p.m,N/A,"Westerville, Ohio -- Rike Center",Lose,2,False,193,False,00:15,,42 ,,34,"MISS JUMPER by WATSON,GABE",,,"MISS JUMPER by WATSON,GABE",1,jumper,missed,otterbein,"watson,gabe",,"['griffin,jarod', 'bates,jacob', 'ayers,perry', 'sine,tucker', 'rakes,bailey']","['carter,justin', 'bradley,andre', 'howard,corey', 'howard,michael', 'watson,gabe']",15
208,0872,Otterbein,Centre,0,81-79,"34,45","44,37",0-11,4-7,N/A,N/A,12/30/17,3:05 p.m,N/A,"Westerville, Ohio -- Rike Center",Lose,2,False,193,False,--,"REBOUND DEF by AYERS,PERRY",42 ,,34,,,,"REBOUND DEF by AYERS,PERRY",1,defensive rebound,,centre,"ayers,perry",,"['griffin,jarod', 'bates,jacob', 'ayers,perry', 'sine,tucker', 'rakes,bailey']","['carter,justin', 'bradley,andre', 'howard,corey', 'howard,michael', 'watson,gabe']",
209,0872,Otterbein,Centre,0,81-79,"34,45","44,37",0-11,4-7,N/A,N/A,12/30/17,3:05 p.m,N/A,"Westerville, Ohio -- Rike Center",Lose,2,False,193,False,00:02,"GOOD LAYUP by AYERS,PERRY(in the paint)",44 ,,34,,CENTRE-M 44-34 (+10),,"GOOD LAYUP by AYERS,PERRY(in the paint)",1,layup,good,centre,"ayers,perry",2,"['griffin,jarod', 'bates,jacob', 'ayers,perry', 'sine,tucker', 'rakes,bailey']","['carter,justin', 'bradley,andre', 'howard,corey', 'howard,michael', 'watson,gabe']",2
210,0872,Otterbein,Centre,0,81-79,"34,45","44,37",0-11,4-7,N/A,N/A,12/30/17,3:05 p.m,N/A,"Westerville, Ohio -- Rike Center",Lose,2,False,193,False,19:50,"FOUL  by SINE,TUCKER",44 ,,34,,,,"FOUL  by SINE,TUCKER",2,foul,,centre,"sine,tucker",,"['griffin,jarod', 'bates,jacob', 'ayers,perry', 'sine,tucker', 'rakes,bailey']","['carter,justin', 'bradley,andre', 'howard,corey', 'howard,michael', 'watson,gabe']",1190
211,0872,Otterbein,Centre,0,81-79,"34,45","44,37",0-11,4-7,N/A,N/A,12/30/17,3:05 p.m,N/A,"Westerville, Ohio -- Rike Center",Lose,2,False,193,False,19:50,,44 ,,35,"GOOD FT by KOONTZ,NICK",OTT 44-35 (+9),,"GOOD FT by KOONTZ,NICK",2,free throw,good,otterbein,"koontz,nick",1,"['griffin,jarod', 'bates,jacob', 'ayers,perry', 'sine,tucker', 'rakes,bailey']","['carter,justin', 'bradley,andre', 'howard,corey', 'howard,michael', 'watson,gabe']",1190
212,0872,Otterbein,Centre,0,81-79,"34,45","44,37",0-11,4-7,N/A,N/A,12/30/17,3:05 p.m,N/A,"Westerville, Ohio -- Rike Center",Lose,2,False,193,False,19:50,,44 ,,36,"GOOD FT by KOONTZ,NICK",OTT 44-36 (+8),,"GOOD FT by KOONTZ,NICK",2,free throw,good,otterbein,"koontz,nick",1,"['griffin,jarod', 'bates,jacob', 'ayers,perry', 'sine,tucker', 'rakes,bailey']","['carter,justin', 'bradley,andre', 'howard,corey', 'howard,michael', 'watson,gabe']",1190
213,0872,Otterbein,Centre,0,81-79,"34,45","44,37",0-11,4-7,N/A,N/A,12/30/17,3:05 p.m,N/A,"Westerville, Ohio -- Rike Center",Lose,2,False,193,False,19:22,,44 ,,36,"FOUL  by CARTER,JUSTIN",,,"FOUL  by CARTER,JUSTIN",2,foul,,otterbein,"carter,justin",,"['griffin,jarod', 'bates,jacob', 'ayers,perry', 'sine,tucker', 'rakes,bailey']","['carter,justin', 'bradley,andre', 'howard,corey', 'howard,michael', 'watson,gabe']",1162
214,0872,Otterbein,Centre,0,81-79,"34,45","44,37",0-11,4-7,N/A,N/A,12/30/17,3:05 p.m,N/A,"Westerville, Ohio -- Rike Center",Lose,2,False,193,False,19:16,"MISS JUMPER by SPITZER,JAKOB",44 ,,36,,,,"MISS JUMPER by SPITZER,JAKOB",2,jumper,missed,centre,"spitzer,jakob",,"['griffin,jarod', 'bates,jacob', 'ayers,perry', 'sine,tucker', 'rakes,bailey']","['carter,justin', 'bradley,andre', 'howard,corey', 'howard,michael', 'watson,gabe']",1156
215,0872,Otterbein,Centre,0,81-79,"34,45","44,37",0-11,4-7,N/A,N/A,12/30/17,3:05 p.m,N/A,"Westerville, Ohio -- Rike Center",Lose,2,False,193,False,--,,44 ,,36,"REBOUND DEF by KOONTZ,NICK",,,"REBOUND DEF by KOONTZ,NICK",2,defensive rebound,,otterbein,"koontz,nick",,"['griffin,jarod', 'bates,jacob', 'ayers,perry', 'sine,tucker', 'rakes,bailey']","['carter,justin', 'bradley,andre', 'howard,corey', 'howard,michael', 'watson,gabe']",
216,0872,Otterbein,Centre,0,81-79,"34,45","44,37",0-11,4-7,N/A,N/A,12/30/17,3:05 p.m,N/A,"Westerville, Ohio -- Rike Center",Lose,2,False,193,False,19:05,,44 ,,39,"GOOD 3PTR by KOONTZ,NICK",OTT 44-39 (+5),,"GOOD 3PTR by KOONTZ,NICK",2,three pointer,good,otterbein,"koontz,nick",3,"['griffin,jarod', 'bates,jacob', 'ayers,perry', 'sine,tucker', 'rakes,bailey']","['carter,justin', 'bradley,andre', 'howard,corey', 'howard,michael', 'watson,gabe']",1145
217,0872,Otterbein,Centre,0,81-79,"34,45","44,37",0-11,4-7,N/A,N/A,12/30/17,3:05 p.m,N/A,"Westerville, Ohio -- Rike Center",Lose,2,False,193,False,18:42,"GOOD LAYUP by SPITZER,JAKOB(in the paint)",46 ,,39,,CENTRE-M 46-39 (+7),,"GOOD LAYUP by SPITZER,JAKOB(in the paint)",2,layup,good,centre,"spitzer,jakob",2,"['griffin,jarod', 'bates,jacob', 'ayers,perry', 'sine,tucker', 'rakes,bailey']","['carter,justin', 'bradley,andre', 'howard,corey', 'howard,michael', 'watson,gabe']",1122
218,0872,Otterbein,Centre,0,81-79,"34,45","44,37",0-11,4-7,N/A,N/A,12/30/17,3:05 p.m,N/A,"Westerville, Ohio -- Rike Center",Lose,2,False,193,False,18:13,,46 ,,42,"GOOD 3PTR by KOONTZ,NICK",OTT 46-42 (+4),,"GOOD 3PTR by KOONTZ,NICK",2,three pointer,good,otterbein,"koontz,nick",3,"['griffin,jarod', 'bates,jacob', 'ayers,perry', 'sine,tucker', 'rakes,bailey']","['carter,justin', 'bradley,andre', 'howard,corey', 'howard,michael', 'watson,gabe']",1093
219,0872,Otterbein,Centre,0,81-79,"34,45","44,37",0-11,4-7,N/A,N/A,12/30/17,3:05 p.m,N/A,"Westerville, Ohio -- Rike Center",Lose,2,False,193,False,--,,46 ,,42,"ASSIST  by HUGHES,MATT",,,"ASSIST  by HUGHES,MATT",2,assist,,otterbein,"hughes,matt",,"['griffin,jarod', 'bates,jacob', 'ayers,perry', 'sine,tucker', 'rakes,bailey']","['carter,justin', 'bradley,andre', 'howard,corey', 'howard,michael', 'watson,gabe']",
220,0872,Otterbein,Centre,0,81-79,"34,45","44,37",0-11,4-7,N/A,N/A,12/30/17,3:05 p.m,N/A,"Westerville, Ohio -- Rike Center",Lose,2,False,193,False,17:52,TIMEOUT 30SEC by TEAM,46 ,,42,,,,TIMEOUT 30SEC by TEAM,2,timeout,,centre,,,"['griffin,jarod', 'bates,jacob', 'ayers,perry', 'sine,tucker', 'rakes,bailey']","['carter,justin', 'bradley,andre', 'howard,corey', 'howard,michael', 'watson,gabe']",1072
221,0872,Otterbein,Centre,0,81-79,"34,45","44,37",0-11,4-7,N/A,N/A,12/30/17,3:05 p.m,N/A,"Westerville, Ohio -- Rike Center",Lose,2,False,193,False,17:52,"SUB IN by BATES,JACOB",46 ,,42,,,,"SUB IN by BATES,JACOB",2,subbing in,,centre,"bates,jacob",,"['griffin,jarod', 'bates,jacob', 'ayers,perry', 'sine,tucker', 'rakes,bailey']","['carter,justin', 'bradley,andre', 'howard,corey', 'howard,michael', 'watson,gabe']",1072
222,0872,Otterbein,Centre,0,81-79,"34,45","44,37",0-11,4-7,N/A,N/A,12/30/17,3:05 p.m,N/A,"Westerville, Ohio -- Rike Center",Lose,2,False,193,False,17:52,"SUB IN by WALKER,ART",46 ,,42,,,,"SUB IN by WALKER,ART",2,subbing in,,centre,"walker,art",,"['griffin,jarod', 'bates,jacob', 'ayers,perry', 'sine,tucker', 'rakes,bailey']","['carter,justin', 'bradley,andre', 'howard,corey', 'howard,michael', 'watson,gabe']",1072
223,0872,Otterbein,Centre,0,81-79,"34,45","44,37",0-11,4-7,N/A,N/A,12/30/17,3:05 p.m,N/A,"Westerville, Ohio -- Rike Center",Lose,2,False,193,False,17:52,"SUB OUT by SCHMUCKER,ZACH",46 ,,42,,,,"SUB OUT by SCHMUCKER,ZACH",2,subbing out,,centre,"schmucker,zach",,"['griffin,jarod', 'bates,jacob', 'ayers,perry', 'sine,tucker', 'rakes,bailey']","['carter,justin', 'bradley,andre', 'howard,corey', 'howard,michael', 'watson,gabe']",1072
224,0872,Otterbein,Centre,0,81-79,"34,45","44,37",0-11,4-7,N/A,N/A,12/30/17,3:05 p.m,N/A,"Westerville, Ohio -- Rike Center",Lose,2,False,193,False,17:52,"SUB OUT by SPITZER,JAKOB",46 ,,42,,,,"SUB OUT by SPITZER,JAKOB",2,subbing out,,centre,"spitzer,jakob",,"['griffin,jarod', 'bates,jacob', 'ayers,perry', 'sine,tucker', 'rakes,bailey']","['carter,justin', 'bradley,andre', 'howard,corey', 'howard,michael', 'watson,gabe']",1072
225,0872,Otterbein,Centre,0,81-79,"34,45","44,37",0-11,4-7,N/A,N/A,12/30/17,3:05 p.m,N/A,"Westerville, Ohio -- Rike Center",Lose,2,False,193,False,17:45,"GOOD JUMPER by RAKES,BAILEY",48 ,,42,,CENTRE-M 48-42 (+6),,"GOOD JUMPER by RAKES,BAILEY",2,jumper,good,centre,"rakes,bailey",2,"['griffin,jarod', 'bates,jacob', 'ayers,perry', 'sine,tucker', 'rakes,bailey']","['carter,justin', 'bradley,andre', 'howard,corey', 'howard,michael', 'watson,gabe']",1065
226,0872,Otterbein,Centre,0,81-79,"34,45","44,37",0-11,4-7,N/A,N/A,12/30/17,3:05 p.m,N/A,"Westerville, Ohio -- Rike Center",Lose,2,False,193,False,17:24,,48 ,,42,"MISS LAYUP by HUGHES,MATT",,,"MISS LAYUP by HUGHES,MATT",2,layup,missed,otterbein,"hughes,matt",,"['griffin,jarod', 'bates,jacob', 'ayers,perry', 'sine,tucker', 'rakes,bailey']","['carter,justin', 'bradley,andre', 'howard,corey', 'howard,michael', 'watson,gabe']",1044
227,0872,Otterbein,Centre,0,81-79,"34,45","44,37",0-11,4-7,N/A,N/A,12/30/17,3:05 p.m,N/A,"Westerville, Ohio -- Rike Center",Lose,2,False,193,False,--,"REBOUND DEF by BATES,JACOB",48 ,,42,,,,"REBOUND DEF by BATES,JACOB",2,defensive rebound,,centre,"bates,jacob",,"['griffin,jarod', 'bates,jacob', 'ayers,perry', 'sine,tucker', 'rakes,bailey']","['carter,justin', 'bradley,andre', 'howard,corey', 'howard,michael', 'watson,gabe']",
228,0872,Otterbein,Centre,0,81-79,"34,45","44,37",0-11,4-7,N/A,N/A,12/30/17,3:05 p.m,N/A,"Westerville, Ohio -- Rike Center",Lose,2,False,193,False,17:12,,48 ,,42,"FOUL  by BRADLEY,ANDRE",,,"FOUL  by BRADLEY,ANDRE",2,foul,,otterbein,"bradley,andre",,"['griffin,jarod', 'bates,jacob', 'ayers,perry', 'sine,tucker', 'rakes,bailey']","['carter,justin', 'bradley,andre', 'howard,corey', 'howard,michael', 'watson,gabe']",1032
229,0872,Otterbein,Centre,0,81-79,"34,45","44,37",0-11,4-7,N/A,N/A,12/30/17,3:05 p.m,N/A,"Westerville, Ohio -- Rike Center",Lose,2,False,193,False,17:01,"MISS 3PTR by BATES,JACOB",48 ,,42,,,,"MISS 3PTR by BATES,JACOB",2,three pointer,missed,centre,"bates,jacob",,"['griffin,jarod', 'bates,jacob', 'ayers,perry', 'sine,tucker', 'rakes,bailey']","['carter,justin', 'bradley,andre', 'howard,corey', 'howard,michael', 'watson,gabe']",1021
230,0872,Otterbein,Centre,0,81-79,"34,45","44,37",0-11,4-7,N/A,N/A,12/30/17,3:05 p.m,N/A,"Westerville, Ohio -- Rike Center",Lose,2,False,193,False,--,,48 ,,42,"REBOUND DEF by CARTER,JUSTIN",,,"REBOUND DEF by CARTER,JUSTIN",2,defensive rebound,,otterbein,"carter,justin",,"['griffin,jarod', 'bates,jacob', 'ayers,perry', 'sine,tucker', 'rakes,bailey']","['carter,justin', 'bradley,andre', 'howard,corey', 'howard,michael', 'watson,gabe']",
231,0872,Otterbein,Centre,0,81-79,"34,45","44,37",0-11,4-7,N/A,N/A,12/30/17,3:05 p.m,N/A,"Westerville, Ohio -- Rike Center",Lose,2,False,193,False,16:48,,48 ,,44,"GOOD JUMPER by HUGHES,MATT(in the paint)",OTT 48-44 (+4),,"GOOD JUMPER by HUGHES,MATT(in the paint)",2,jumper,good,otterbein,"hughes,matt",2,"['griffin,jarod', 'bates,jacob', 'ayers,perry', 'sine,tucker', 'rakes,bailey']","['carter,justin', 'bradley,andre', 'howard,corey', 'howard,michael', 'watson,gabe']",1008
232,0872,Otterbein,Centre,0,81-79,"34,45","44,37",0-11,4-7,N/A,N/A,12/30/17,3:05 p.m,N/A,"Westerville, Ohio -- Rike Center",Lose,2,False,193,False,16:28,"GOOD LAYUP by BATES,JACOB(in the paint)",50 ,,44,,CENTRE-M 50-44 (+6),,"GOOD LAYUP by BATES,JACOB(in the paint)",2,layup,good,centre,"bates,jacob",2,"['griffin,jarod', 'bates,jacob', 'ayers,perry', 'sine,tucker', 'rakes,bailey']","['carter,justin', 'bradley,andre', 'howard,corey', 'howard,michael', 'watson,gabe']",988
233,0872,Otterbein,Centre,0,81-79,"34,45","44,37",0-11,4-7,N/A,N/A,12/30/17,3:05 p.m,N/A,"Westerville, Ohio -- Rike Center",Lose,2,False,193,False,16:15,,50 ,,44,"TURNOVER  by DENNISON,HUNTER",,,"TURNOVER  by DENNISON,HUNTER",2,turnover,,otterbein,"dennison,hunter",,"['griffin,jarod', 'bates,jacob', 'ayers,perry', 'sine,tucker', 'rakes,bailey']","['carter,justin', 'bradley,andre', 'howard,corey', 'howard,michael', 'watson,gabe']",975
234,0872,Otterbein,Centre,0,81-79,"34,45","44,37",0-11,4-7,N/A,N/A,12/30/17,3:05 p.m,N/A,"Westerville, Ohio -- Rike Center",Lose,2,False,193,False,16:13,"STEAL  by RAKES,BAILEY",50 ,,44,,,,"STEAL  by RAKES,BAILEY",2,steal,,centre,,,"['griffin,jarod', 'bates,jacob', 'ayers,perry', 'sine,tucker', 'rakes,bailey']","['carter,justin', 'bradley,andre', 'howard,corey', 'howard,michael', 'watson,gabe']",973
235,0872,Otterbein,Centre,0,81-79,"34,45","44,37",0-11,4-7,N/A,N/A,12/30/17,3:05 p.m,N/A,"Westerville, Ohio -- Rike Center",Lose,2,False,193,False,16:10,"GOOD LAYUP by WALKER,ART(fastbreak)(in the paint)",52 ,,44,,CENTRE-M 52-44 (+8),,"GOOD LAYUP by WALKER,ART(fastbreak)(in the paint)",2,layup,good,centre,"walker,art(fastbreak)",2,"['griffin,jarod', 'bates,jacob', 'ayers,perry', 'sine,tucker', 'rakes,bailey']","['carter,justin', 'bradley,andre', 'howard,corey', 'howard,michael', 'watson,gabe']",970
236,0872,Otterbein,Centre,0,81-79,"34,45","44,37",0-11,4-7,N/A,N/A,12/30/17,3:05 p.m,N/A,"Westerville, Ohio -- Rike Center",Lose,2,False,193,False,--,"ASSIST  by RAKES,BAILEY",52 ,,44,,,,"ASSIST  by RAKES,BAILEY",2,assist,,centre,"rakes,bailey",,"['griffin,jarod', 'bates,jacob', 'ayers,perry', 'sine,tucker', 'rakes,bailey']","['carter,justin', 'bradley,andre', 'howard,corey', 'howard,michael', 'watson,gabe']",
237,0872,Otterbein,Centre,0,81-79,"34,45","44,37",0-11,4-7,N/A,N/A,12/30/17,3:05 p.m,N/A,"Westerville, Ohio -- Rike Center",Lose,2,False,193,False,16:07,TIMEOUT TEAM by TEAM,52 ,,44,,,,TIMEOUT TEAM by TEAM,2,timeout,,centre,,,"['griffin,jarod', 'bates,jacob', 'ayers,perry', 'sine,tucker', 'rakes,bailey']","['carter,justin', 'bradley,andre', 'howard,corey', 'howard,michael', 'watson,gabe']",967
238,0872,Otterbein,Centre,0,81-79,"34,45","44,37",0-11,4-7,N/A,N/A,12/30/17,3:05 p.m,N/A,"Westerville, Ohio -- Rike Center",Lose,2,False,193,False,15:50,,52 ,,46,"GOOD LAYUP by HUGHES,MATT(in the paint)",OTT 52-46 (+6),,"GOOD LAYUP by HUGHES,MATT(in the paint)",2,layup,good,otterbein,"hughes,matt",2,"['griffin,jarod', 'bates,jacob', 'ayers,perry', 'sine,tucker', 'rakes,bailey']","['carter,justin', 'bradley,andre', 'howard,corey', 'howard,michael', 'watson,gabe']",950
239,0872,Otterbein,Centre,0,81-79,"34,45","44,37",0-11,4-7,N/A,N/A,12/30/17,3:05 p.m,N/A,"Westerville, Ohio -- Rike Center",Lose,2,False,193,False,--,,52 ,,46,"ASSIST  by KOONTZ,NICK",,,"ASSIST  by KOONTZ,NICK",2,assist,,otterbein,"koontz,nick",,"['griffin,jarod', 'bates,jacob', 'ayers,perry', 'sine,tucker', 'rakes,bailey']","['carter,justin', 'bradley,andre', 'howard,corey', 'howard,michael', 'watson,gabe']",
240,0872,Otterbein,Centre,0,81-79,"34,45","44,37",0-11,4-7,N/A,N/A,12/30/17,3:05 p.m,N/A,"Westerville, Ohio -- Rike Center",Lose,2,False,193,False,15:22,"MISS LAYUP by AYERS,PERRY",52 ,,46,,,,"MISS LAYUP by AYERS,PERRY",2,layup,missed,centre,"ayers,perry",,"['griffin,jarod', 'bates,jacob', 'ayers,perry', 'sine,tucker', 'rakes,bailey']","['carter,justin', 'bradley,andre', 'howard,corey', 'howard,michael', 'watson,gabe']",922
241,0872,Otterbein,Centre,0,81-79,"34,45","44,37",0-11,4-7,N/A,N/A,12/30/17,3:05 p.m,N/A,"Westerville, Ohio -- Rike Center",Lose,2,False,193,False,--,,52 ,,46,"REBOUND DEF by BRADLEY,ANDRE",,,"REBOUND DEF by BRADLEY,ANDRE",2,defensive rebound,,otterbein,"bradley,andre",,"['griffin,jarod', 'bates,jacob', 'ayers,perry', 'sine,tucker', 'rakes,bailey']","['carter,justin', 'bradley,andre', 'howard,corey', 'howard,michael', 'watson,gabe']",
242,0872,Otterbein,Centre,0,81-79,"34,45","44,37",0-11,4-7,N/A,N/A,12/30/17,3:05 p.m,N/A,"Westerville, Ohio -- Rike Center",Lose,2,False,193,False,15:10,,52 ,,46,"MISS JUMPER by CARTER,JUSTIN",,,"MISS JUMPER by CARTER,JUSTIN",2,jumper,missed,otterbein,"carter,justin",,"['griffin,jarod', 'bates,jacob', 'ayers,perry', 'sine,tucker', 'rakes,bailey']","['carter,justin', 'bradley,andre', 'howard,corey', 'howard,michael', 'watson,gabe']",910
243,0872,Otterbein,Centre,0,81-79,"34,45","44,37",0-11,4-7,N/A,N/A,12/30/17,3:05 p.m,N/A,"Westerville, Ohio -- Rike Center",Lose,2,False,193,False,15:10,"BLOCK  by BATES,JACOB",52 ,,46,,,,"BLOCK  by BATES,JACOB",2,block,,centre,"bates,jacob",,"['griffin,jarod', 'bates,jacob', 'ayers,perry', 'sine,tucker', 'rakes,bailey']","['carter,justin', 'bradley,andre', 'howard,corey', 'howard,michael', 'watson,gabe']",910
244,0872,Otterbein,Centre,0,81-79,"34,45","44,37",0-11,4-7,N/A,N/A,12/30/17,3:05 p.m,N/A,"Westerville, Ohio -- Rike Center",Lose,2,False,193,False,--,"REBOUND DEF by GRIFFIN,JAROD",52 ,,46,,,,"REBOUND DEF by GRIFFIN,JAROD",2,defensive rebound,,centre,"griffin,jarod",,"['griffin,jarod', 'bates,jacob', 'ayers,perry', 'sine,tucker', 'rakes,bailey']","['carter,justin', 'bradley,andre', 'howard,corey', 'howard,michael', 'watson,gabe']",
245,0872,Otterbein,Centre,0,81-79,"34,45","44,37",0-11,4-7,N/A,N/A,12/30/17,3:05 p.m,N/A,"Westerville, Ohio -- Rike Center",Lose,2,False,193,False,14:47,"MISS 3PTR by BATES,JACOB",52 ,,46,,,,"MISS 3PTR by BATES,JACOB",2,three pointer,missed,centre,"bates,jacob",,"['griffin,jarod', 'bates,jacob', 'ayers,perry', 'sine,tucker', 'rakes,bailey']","['carter,justin', 'bradley,andre', 'howard,corey', 'howard,michael', 'watson,gabe']",887
246,0872,Otterbein,Centre,0,81-79,"34,45","44,37",0-11,4-7,N/A,N/A,12/30/17,3:05 p.m,N/A,"Westerville, Ohio -- Rike Center",Lose,2,False,193,False,--,,52 ,,46,"REBOUND DEF by BRADLEY,ANDRE",,,"REBOUND DEF by BRADLEY,ANDRE",2,defensive rebound,,otterbein,"bradley,andre",,"['griffin,jarod', 'bates,jacob', 'ayers,perry', 'sine,tucker', 'rakes,bailey']","['carter,justin', 'bradley,andre', 'howard,corey', 'howard,michael', 'watson,gabe']",
247,0872,Otterbein,Centre,0,81-79,"34,45","44,37",0-11,4-7,N/A,N/A,12/30/17,3:05 p.m,N/A,"Westerville, Ohio -- Rike Center",Lose,2,False,193,False,14:33,,52 ,,49,"GOOD 3PTR by BRADLEY,ANDRE",OTT 52-49 (+3),,"GOOD 3PTR by BRADLEY,ANDRE",2,three pointer,good,otterbein,"bradley,andre",3,"['griffin,jarod', 'bates,jacob', 'ayers,perry', 'sine,tucker', 'rakes,bailey']","['carter,justin', 'bradley,andre', 'howard,corey', 'howard,michael', 'watson,gabe']",873
248,0872,Otterbein,Centre,0,81-79,"34,45","44,37",0-11,4-7,N/A,N/A,12/30/17,3:05 p.m,N/A,"Westerville, Ohio -- Rike Center",Lose,2,False,193,False,14:08,"GOOD JUMPER by GRIFFIN,JAROD(in the paint)",54 ,,49,,CENTRE-M 54-49 (+5),,"GOOD JUMPER by GRIFFIN,JAROD(in the paint)",2,jumper,good,centre,"griffin,jarod",2,"['griffin,jarod', 'bates,jacob', 'ayers,perry', 'sine,tucker', 'rakes,bailey']","['carter,justin', 'bradley,andre', 'howard,corey', 'howard,michael', 'watson,gabe']",848
249,0872,Otterbein,Centre,0,81-79,"34,45","44,37",0-11,4-7,N/A,N/A,12/30/17,3:05 p.m,N/A,"Westerville, Ohio -- Rike Center",Lose,2,False,193,False,13:42,,54 ,,49,"MISS JUMPER by DENNISON,HUNTER",,,"MISS JUMPER by DENNISON,HUNTER",2,jumper,missed,otterbein,"dennison,hunter",,"['griffin,jarod', 'bates,jacob', 'ayers,perry', 'sine,tucker', 'rakes,bailey']","['carter,justin', 'bradley,andre', 'howard,corey', 'howard,michael', 'watson,gabe']",822
250,0872,Otterbein,Centre,0,81-79,"34,45","44,37",0-11,4-7,N/A,N/A,12/30/17,3:05 p.m,N/A,"Westerville, Ohio -- Rike Center",Lose,2,False,193,False,--,"REBOUND DEF by WALKER,ART",54 ,,49,,,,"REBOUND DEF by WALKER,ART",2,defensive rebound,,centre,"walker,art",,"['griffin,jarod', 'bates,jacob', 'ayers,perry', 'sine,tucker', 'rakes,bailey']","['carter,justin', 'bradley,andre', 'howard,corey', 'howard,michael', 'watson,gabe']",
251,0872,Otterbein,Centre,0,81-79,"34,45","44,37",0-11,4-7,N/A,N/A,12/30/17,3:05 p.m,N/A,"Westerville, Ohio -- Rike Center",Lose,2,False,193,False,13:30,"GOOD JUMPER by RAKES,BAILEY",56 ,,49,,CENTRE-M 56-49 (+7),,"GOOD JUMPER by RAKES,BAILEY",2,jumper,good,centre,"rakes,bailey",2,"['griffin,jarod', 'bates,jacob', 'ayers,perry', 'sine,tucker', 'rakes,bailey']","['carter,justin', 'bradley,andre', 'howard,corey', 'howard,michael', 'watson,gabe']",810
252,0872,Otterbein,Centre,0,81-79,"34,45","44,37",0-11,4-7,N/A,N/A,12/30/17,3:05 p.m,N/A,"Westerville, Ohio -- Rike Center",Lose,2,False,193,False,13:14,,56 ,,51,"GOOD LAYUP by CARTER,JUSTIN(in the paint)",OTT 56-51 (+5),,"GOOD LAYUP by CARTER,JUSTIN(in the paint)",2,layup,good,otterbein,"carter,justin",2,"['griffin,jarod', 'bates,jacob', 'ayers,perry', 'sine,tucker', 'rakes,bailey']","['carter,justin', 'bradley,andre', 'howard,corey', 'howard,michael', 'watson,gabe']",794
253,0872,Otterbein,Centre,0,81-79,"34,45","44,37",0-11,4-7,N/A,N/A,12/30/17,3:05 p.m,N/A,"Westerville, Ohio -- Rike Center",Lose,2,False,193,False,13:14,"FOUL  by BATES,JACOB",56 ,,51,,,,"FOUL  by BATES,JACOB",2,foul,,centre,"bates,jacob",,"['griffin,jarod', 'bates,jacob', 'ayers,perry', 'sine,tucker', 'rakes,bailey']","['carter,justin', 'bradley,andre', 'howard,corey', 'howard,michael', 'watson,gabe']",794
254,0872,Otterbein,Centre,0,81-79,"34,45","44,37",0-11,4-7,N/A,N/A,12/30/17,3:05 p.m,N/A,"Westerville, Ohio -- Rike Center",Lose,2,False,193,False,13:11,,56 ,,52,"GOOD FT by CARTER,JUSTIN",OTT 56-52 (+4),,"GOOD FT by CARTER,JUSTIN",2,free throw,good,otterbein,"carter,justin",1,"['griffin,jarod', 'bates,jacob', 'ayers,perry', 'sine,tucker', 'rakes,bailey']","['carter,justin', 'bradley,andre', 'howard,corey', 'howard,michael', 'watson,gabe']",791
255,0872,Otterbein,Centre,0,81-79,"34,45","44,37",0-11,4-7,N/A,N/A,12/30/17,3:05 p.m,N/A,"Westerville, Ohio -- Rike Center",Lose,2,False,193,False,13:11,"SUB IN by CRUMP,DAWSON",56 ,,52,,,,"SUB IN by CRUMP,DAWSON",2,subbing in,,centre,"crump,dawson",,"['griffin,jarod', 'bates,jacob', 'ayers,perry', 'sine,tucker', 'rakes,bailey', 'crump,dawson']","['carter,justin', 'bradley,andre', 'howard,corey', 'howard,michael', 'watson,gabe']",791
256,0872,Otterbein,Centre,0,81-79,"34,45","44,37",0-11,4-7,N/A,N/A,12/30/17,3:05 p.m,N/A,"Westerville, Ohio -- Rike Center",Lose,2,False,193,False,13:11,"SUB OUT by AYERS,PERRY",56 ,,52,,,,"SUB OUT by AYERS,PERRY",2,subbing out,,centre,"ayers,perry",,"['griffin,jarod', 'bates,jacob', 'sine,tucker', 'rakes,bailey', 'crump,dawson']","['carter,justin', 'bradley,andre', 'howard,corey', 'howard,michael', 'watson,gabe']",791
257,0872,Otterbein,Centre,0,81-79,"34,45","44,37",0-11,4-7,N/A,N/A,12/30/17,3:05 p.m,N/A,"Westerville, Ohio -- Rike Center",Lose,2,False,193,False,13:11,,56 ,,52,"SUB IN by ANDERS,EDDIE",,,"SUB IN by ANDERS,EDDIE",2,subbing in,,otterbein,"anders,eddie",,"['griffin,jarod', 'bates,jacob', 'sine,tucker', 'rakes,bailey', 'crump,dawson']","['carter,justin', 'bradley,andre', 'howard,corey', 'howard,michael', 'watson,gabe', 'anders,eddie']",791
258,0872,Otterbein,Centre,0,81-79,"34,45","44,37",0-11,4-7,N/A,N/A,12/30/17,3:05 p.m,N/A,"Westerville, Ohio -- Rike Center",Lose,2,False,193,False,13:11,,56 ,,52,"SUB IN by HOWARD,COREY",,,"SUB IN by HOWARD,COREY",2,subbing in,,otterbein,"howard,corey",,"['griffin,jarod', 'bates,jacob', 'sine,tucker', 'rakes,bailey', 'crump,dawson']","['carter,justin', 'bradley,andre', 'howard,corey', 'howard,michael', 'watson,gabe', 'anders,eddie']",791
259,0872,Otterbein,Centre,0,81-79,"34,45","44,37",0-11,4-7,N/A,N/A,12/30/17,3:05 p.m,N/A,"Westerville, Ohio -- Rike Center",Lose,2,False,193,False,13:11,,56 ,,52,"SUB IN by WATSON,GABE",,,"SUB IN by WATSON,GABE",2,subbing in,,otterbein,"watson,gabe",,"['griffin,jarod', 'bates,jacob', 'sine,tucker', 'rakes,bailey', 'crump,dawson']","['carter,justin', 'bradley,andre', 'howard,corey', 'howard,michael', 'watson,gabe', 'anders,eddie']",791
260,0872,Otterbein,Centre,0,81-79,"34,45","44,37",0-11,4-7,N/A,N/A,12/30/17,3:05 p.m,N/A,"Westerville, Ohio -- Rike Center",Lose,2,False,193,False,13:11,,56 ,,52,"SUB OUT by KOONTZ,NICK",,,"SUB OUT by KOONTZ,NICK",2,subbing out,,otterbein,"koontz,nick",,"['griffin,jarod', 'bates,jacob', 'sine,tucker', 'rakes,bailey', 'crump,dawson']","['carter,justin', 'bradley,andre', 'howard,corey', 'howard,michael', 'watson,gabe', 'anders,eddie']",791
261,0872,Otterbein,Centre,0,81-79,"34,45","44,37",0-11,4-7,N/A,N/A,12/30/17,3:05 p.m,N/A,"Westerville, Ohio -- Rike Center",Lose,2,False,193,False,13:11,,56 ,,52,"SUB OUT by DENNISON,HUNTER",,,"SUB OUT by DENNISON,HUNTER",2,subbing out,,otterbein,"dennison,hunter",,"['griffin,jarod', 'bates,jacob', 'sine,tucker', 'rakes,bailey', 'crump,dawson']","['carter,justin', 'bradley,andre', 'howard,corey', 'howard,michael', 'watson,gabe', 'anders,eddie']",791
262,0872,Otterbein,Centre,0,81-79,"34,45","44,37",0-11,4-7,N/A,N/A,12/30/17,3:05 p.m,N/A,"Westerville, Ohio -- Rike Center",Lose,2,False,193,False,13:11,,56 ,,52,"SUB OUT by BRADLEY,ANDRE",,,"SUB OUT by BRADLEY,ANDRE",2,subbing out,,otterbein,"bradley,andre",,"['griffin,jarod', 'bates,jacob', 'sine,tucker', 'rakes,bailey', 'crump,dawson']","['carter,justin', 'howard,corey', 'howard,michael', 'watson,gabe', 'anders,eddie']",791
263,0872,Otterbein,Centre,0,81-79,"34,45","44,37",0-11,4-7,N/A,N/A,12/30/17,3:05 p.m,N/A,"Westerville, Ohio -- Rike Center",Lose,2,False,193,False,12:49,"MISS JUMPER by GRIFFIN,JAROD",56 ,,52,,,,"MISS JUMPER by GRIFFIN,JAROD",2,jumper,missed,centre,"griffin,jarod",,"['griffin,jarod', 'bates,jacob', 'sine,tucker', 'rakes,bailey', 'crump,dawson']","['carter,justin', 'howard,corey', 'howard,michael', 'watson,gabe', 'anders,eddie']",769
264,0872,Otterbein,Centre,0,81-79,"34,45","44,37",0-11,4-7,N/A,N/A,12/30/17,3:05 p.m,N/A,"Westerville, Ohio -- Rike Center",Lose,2,False,193,False,--,,56 ,,52,"REBOUND DEF by CARTER,JUSTIN",,,"REBOUND DEF by CARTER,JUSTIN",2,defensive rebound,,otterbein,"carter,justin",,"['griffin,jarod', 'bates,jacob', 'sine,tucker', 'rakes,bailey', 'crump,dawson']","['carter,justin', 'howard,corey', 'howard,michael', 'watson,gabe', 'anders,eddie']",
265,0872,Otterbein,Centre,0,81-79,"34,45","44,37",0-11,4-7,N/A,N/A,12/30/17,3:05 p.m,N/A,"Westerville, Ohio -- Rike Center",Lose,2,False,193,False,12:38,,56 ,,54,"GOOD LAYUP by WATSON,GABE(in the paint)",OTT 56-54 (+2),,"GOOD LAYUP by WATSON,GABE(in the paint)",2,layup,good,otterbein,"watson,gabe",2,"['griffin,jarod', 'bates,jacob', 'sine,tucker', 'rakes,bailey', 'crump,dawson']","['carter,justin', 'howard,corey', 'howard,michael', 'watson,gabe', 'anders,eddie']",758
266,0872,Otterbein,Centre,0,81-79,"34,45","44,37",0-11,4-7,N/A,N/A,12/30/17,3:05 p.m,N/A,"Westerville, Ohio -- Rike Center",Lose,2,False,193,False,11:55,"GOOD 3PTR by BATES,JACOB",59 ,,54,,CENTRE-M 59-54 (+5),,"GOOD 3PTR by BATES,JACOB",2,three pointer,good,centre,"bates,jacob",3,"['griffin,jarod', 'bates,jacob', 'sine,tucker', 'rakes,bailey', 'crump,dawson']","['carter,justin', 'howard,corey', 'howard,michael', 'watson,gabe', 'anders,eddie']",715
267,0872,Otterbein,Centre,0,81-79,"34,45","44,37",0-11,4-7,N/A,N/A,12/30/17,3:05 p.m,N/A,"Westerville, Ohio -- Rike Center",Lose,2,False,193,False,11:42,,59 ,,57,"GOOD 3PTR by HOWARD,COREY",OTT 59-57 (+2),,"GOOD 3PTR by HOWARD,COREY",2,three pointer,good,otterbein,"howard,corey",3,"['griffin,jarod', 'bates,jacob', 'sine,tucker', 'rakes,bailey', 'crump,dawson']","['carter,justin', 'howard,corey', 'howard,michael', 'watson,gabe', 'anders,eddie']",702
268,0872,Otterbein,Centre,0,81-79,"34,45","44,37",0-11,4-7,N/A,N/A,12/30/17,3:05 p.m,N/A,"Westerville, Ohio -- Rike Center",Lose,2,False,193,False,--,,59 ,,57,"ASSIST  by ANDERS,EDDIE",,,"ASSIST  by ANDERS,EDDIE",2,assist,,otterbein,"anders,eddie",,"['griffin,jarod', 'bates,jacob', 'sine,tucker', 'rakes,bailey', 'crump,dawson']","['carter,justin', 'howard,corey', 'howard,michael', 'watson,gabe', 'anders,eddie']",
269,0872,Otterbein,Centre,0,81-79,"34,45","44,37",0-11,4-7,N/A,N/A,12/30/17,3:05 p.m,N/A,"Westerville, Ohio -- Rike Center",Lose,2,False,193,False,11:24,,59 ,,57,"FOUL  by CARTER,JUSTIN",,,"FOUL  by CARTER,JUSTIN",2,foul,,otterbein,"carter,justin",,"['griffin,jarod', 'bates,jacob', 'sine,tucker', 'rakes,bailey', 'crump,dawson']","['carter,justin', 'howard,corey', 'howard,michael', 'watson,gabe', 'anders,eddie']",684
270,0872,Otterbein,Centre,0,81-79,"34,45","44,37",0-11,4-7,N/A,N/A,12/30/17,3:05 p.m,N/A,"Westerville, Ohio -- Rike Center",Lose,2,False,193,False,11:24,"GOOD FT by BATES,JACOB",60 ,,57,,CENTRE-M 60-57 (+3),,"GOOD FT by BATES,JACOB",2,free throw,good,centre,"bates,jacob",1,"['griffin,jarod', 'bates,jacob', 'sine,tucker', 'rakes,bailey', 'crump,dawson']","['carter,justin', 'howard,corey', 'howard,michael', 'watson,gabe', 'anders,eddie']",684
271,0872,Otterbein,Centre,0,81-79,"34,45","44,37",0-11,4-7,N/A,N/A,12/30/17,3:05 p.m,N/A,"Westerville, Ohio -- Rike Center",Lose,2,False,193,False,11:24,"GOOD FT by BATES,JACOB",61 ,,57,,CENTRE-M 61-57 (+4),,"GOOD FT by BATES,JACOB",2,free throw,good,centre,"bates,jacob",1,"['griffin,jarod', 'bates,jacob', 'sine,tucker', 'rakes,bailey', 'crump,dawson']","['carter,justin', 'howard,corey', 'howard,michael', 'watson,gabe', 'anders,eddie']",684
272,0872,Otterbein,Centre,0,81-79,"34,45","44,37",0-11,4-7,N/A,N/A,12/30/17,3:05 p.m,N/A,"Westerville, Ohio -- Rike Center",Lose,2,False,193,False,11:24,"SUB IN by SINE,TUCKER",61 ,,57,,,,"SUB IN by SINE,TUCKER",2,subbing in,,centre,"sine,tucker",,"['griffin,jarod', 'bates,jacob', 'sine,tucker', 'rakes,bailey', 'crump,dawson']","['carter,justin', 'howard,corey', 'howard,michael', 'watson,gabe', 'anders,eddie']",684
273,0872,Otterbein,Centre,0,81-79,"34,45","44,37",0-11,4-7,N/A,N/A,12/30/17,3:05 p.m,N/A,"Westerville, Ohio -- Rike Center",Lose,2,False,193,False,11:24,"SUB IN by GRIFFIN,JAROD",61 ,,57,,,,"SUB IN by GRIFFIN,JAROD",2,subbing in,,centre,"griffin,jarod",,"['griffin,jarod', 'bates,jacob', 'sine,tucker', 'rakes,bailey', 'crump,dawson']","['carter,justin', 'howard,corey', 'howard,michael', 'watson,gabe', 'anders,eddie']",684
274,0872,Otterbein,Centre,0,81-79,"34,45","44,37",0-11,4-7,N/A,N/A,12/30/17,3:05 p.m,N/A,"Westerville, Ohio -- Rike Center",Lose,2,False,193,False,11:24,"SUB OUT by SINE,TUCKER",61 ,,57,,,,"SUB OUT by SINE,TUCKER",2,subbing out,,centre,"sine,tucker",,"['griffin,jarod', 'bates,jacob', 'rakes,bailey', 'crump,dawson']","['carter,justin', 'howard,corey', 'howard,michael', 'watson,gabe', 'anders,eddie']",684
275,0872,Otterbein,Centre,0,81-79,"34,45","44,37",0-11,4-7,N/A,N/A,12/30/17,3:05 p.m,N/A,"Westerville, Ohio -- Rike Center",Lose,2,False,193,False,11:24,"SUB OUT by RAKES,BAILEY",61 ,,57,,,,"SUB OUT by RAKES,BAILEY",2,subbing out,,centre,"rakes,bailey",,"['griffin,jarod', 'bates,jacob', 'crump,dawson']","['carter,justin', 'howard,corey', 'howard,michael', 'watson,gabe', 'anders,eddie']",684
276,0872,Otterbein,Centre,0,81-79,"34,45","44,37",0-11,4-7,N/A,N/A,12/30/17,3:05 p.m,N/A,"Westerville, Ohio -- Rike Center",Lose,2,False,193,False,10:56,,61 ,,57,"MISS 3PTR by WATSON,GABE",,,"MISS 3PTR by WATSON,GABE",2,three pointer,missed,otterbein,"watson,gabe",,"['griffin,jarod', 'bates,jacob', 'crump,dawson']","['carter,justin', 'howard,corey', 'howard,michael', 'watson,gabe', 'anders,eddie']",656
277,0872,Otterbein,Centre,0,81-79,"34,45","44,37",0-11,4-7,N/A,N/A,12/30/17,3:05 p.m,N/A,"Westerville, Ohio -- Rike Center",Lose,2,False,193,False,--,,61 ,,57,"REBOUND OFF by HUGHES,MATT",,,"REBOUND OFF by HUGHES,MATT",2,offensive rebound,,otterbein,"hughes,matt",,"['griffin,jarod', 'bates,jacob', 'crump,dawson']","['carter,justin', 'howard,corey', 'howard,michael', 'watson,gabe', 'anders,eddie']",
278,0872,Otterbein,Centre,0,81-79,"34,45","44,37",0-11,4-7,N/A,N/A,12/30/17,3:05 p.m,N/A,"Westerville, Ohio -- Rike Center",Lose,2,False,193,False,10:52,,61 ,,60,"GOOD 3PTR by ANDERS,EDDIE",OTT 61-60 (+1),,"GOOD 3PTR by ANDERS,EDDIE",2,three pointer,good,otterbein,"anders,eddie",3,"['griffin,jarod', 'bates,jacob', 'crump,dawson']","['carter,justin', 'howard,corey', 'howard,michael', 'watson,gabe', 'anders,eddie']",652
279,0872,Otterbein,Centre,0,81-79,"34,45","44,37",0-11,4-7,N/A,N/A,12/30/17,3:05 p.m,N/A,"Westerville, Ohio -- Rike Center",Lose,2,False,193,False,--,,61 ,,60,"ASSIST  by HUGHES,MATT",,,"ASSIST  by HUGHES,MATT",2,assist,,otterbein,"hughes,matt",,"['griffin,jarod', 'bates,jacob', 'crump,dawson']","['carter,justin', 'howard,corey', 'howard,michael', 'watson,gabe', 'anders,eddie']",
280,0872,Otterbein,Centre,0,81-79,"34,45","44,37",0-11,4-7,N/A,N/A,12/30/17,3:05 p.m,N/A,"Westerville, Ohio -- Rike Center",Lose,2,False,193,False,10:29,"GOOD LAYUP by BATES,JACOB(in the paint)",63 ,,60,,CENTRE-M 63-60 (+3),,"GOOD LAYUP by BATES,JACOB(in the paint)",2,layup,good,centre,"bates,jacob",2,"['griffin,jarod', 'bates,jacob', 'crump,dawson']","['carter,justin', 'howard,corey', 'howard,michael', 'watson,gabe', 'anders,eddie']",629
281,0872,Otterbein,Centre,0,81-79,"34,45","44,37",0-11,4-7,N/A,N/A,12/30/17,3:05 p.m,N/A,"Westerville, Ohio -- Rike Center",Lose,2,False,193,False,10:19,,63,,63,"GOOD 3PTR by ANDERS,EDDIE",OTT 63-63 (0),,"GOOD 3PTR by ANDERS,EDDIE",2,three pointer,good,otterbein,"anders,eddie",3,"['griffin,jarod', 'bates,jacob', 'crump,dawson']","['carter,justin', 'howard,corey', 'howard,michael', 'watson,gabe', 'anders,eddie']",619
282,0872,Otterbein,Centre,0,81-79,"34,45","44,37",0-11,4-7,N/A,N/A,12/30/17,3:05 p.m,N/A,"Westerville, Ohio -- Rike Center",Lose,2,False,193,False,--,,63,,63,"ASSIST  by WATSON,GABE",,,"ASSIST  by WATSON,GABE",2,assist,,otterbein,"watson,gabe",,"['griffin,jarod', 'bates,jacob', 'crump,dawson']","['carter,justin', 'howard,corey', 'howard,michael', 'watson,gabe', 'anders,eddie']",
283,0872,Otterbein,Centre,0,81-79,"34,45","44,37",0-11,4-7,N/A,N/A,12/30/17,3:05 p.m,N/A,"Westerville, Ohio -- Rike Center",Lose,2,False,193,False,10:14,TIMEOUT TEAM by TEAM,63,,63,,,,TIMEOUT TEAM by TEAM,2,timeout,,centre,,,"['griffin,jarod', 'bates,jacob', 'crump,dawson']","['carter,justin', 'howard,corey', 'howard,michael', 'watson,gabe', 'anders,eddie']",614
284,0872,Otterbein,Centre,0,81-79,"34,45","44,37",0-11,4-7,N/A,N/A,12/30/17,3:05 p.m,N/A,"Westerville, Ohio -- Rike Center",Lose,2,False,193,False,09:53,"GOOD 3PTR by SINE,TUCKER",66 ,,63,,CENTRE-M 66-63 (+3),,"GOOD 3PTR by SINE,TUCKER",2,three pointer,good,centre,"sine,tucker",3,"['griffin,jarod', 'bates,jacob', 'crump,dawson']","['carter,justin', 'howard,corey', 'howard,michael', 'watson,gabe', 'anders,eddie']",593
285,0872,Otterbein,Centre,0,81-79,"34,45","44,37",0-11,4-7,N/A,N/A,12/30/17,3:05 p.m,N/A,"Westerville, Ohio -- Rike Center",Lose,2,False,193,False,--,"ASSIST  by GRIFFIN,JAROD",66 ,,63,,,,"ASSIST  by GRIFFIN,JAROD",2,assist,,centre,"griffin,jarod",,"['griffin,jarod', 'bates,jacob', 'crump,dawson']","['carter,justin', 'howard,corey', 'howard,michael', 'watson,gabe', 'anders,eddie']",
286,0872,Otterbein,Centre,0,81-79,"34,45","44,37",0-11,4-7,N/A,N/A,12/30/17,3:05 p.m,N/A,"Westerville, Ohio -- Rike Center",Lose,2,False,193,False,09:33,,66 ,,63,"TURNOVER  by HOWARD,COREY",,,"TURNOVER  by HOWARD,COREY",2,turnover,,otterbein,"howard,corey",,"['griffin,jarod', 'bates,jacob', 'crump,dawson']","['carter,justin', 'howard,corey', 'howard,michael', 'watson,gabe', 'anders,eddie']",573
287,0872,Otterbein,Centre,0,81-79,"34,45","44,37",0-11,4-7,N/A,N/A,12/30/17,3:05 p.m,N/A,"Westerville, Ohio -- Rike Center",Lose,2,False,193,False,09:32,"STEAL  by BATES,JACOB",66 ,,63,,,,"STEAL  by BATES,JACOB",2,steal,,centre,,,"['griffin,jarod', 'bates,jacob', 'crump,dawson']","['carter,justin', 'howard,corey', 'howard,michael', 'watson,gabe', 'anders,eddie']",572
288,0872,Otterbein,Centre,0,81-79,"34,45","44,37",0-11,4-7,N/A,N/A,12/30/17,3:05 p.m,N/A,"Westerville, Ohio -- Rike Center",Lose,2,False,193,False,09:16,"MISS JUMPER by GRIFFIN,JAROD",66 ,,63,,,,"MISS JUMPER by GRIFFIN,JAROD",2,jumper,missed,centre,"griffin,jarod",,"['griffin,jarod', 'bates,jacob', 'crump,dawson']","['carter,justin', 'howard,corey', 'howard,michael', 'watson,gabe', 'anders,eddie']",556
289,0872,Otterbein,Centre,0,81-79,"34,45","44,37",0-11,4-7,N/A,N/A,12/30/17,3:05 p.m,N/A,"Westerville, Ohio -- Rike Center",Lose,2,False,193,False,09:16,,66 ,,63,"BLOCK  by WATSON,GABE",,,"BLOCK  by WATSON,GABE",2,block,,otterbein,"watson,gabe",,"['griffin,jarod', 'bates,jacob', 'crump,dawson']","['carter,justin', 'howard,corey', 'howard,michael', 'watson,gabe', 'anders,eddie']",556
290,0872,Otterbein,Centre,0,81-79,"34,45","44,37",0-11,4-7,N/A,N/A,12/30/17,3:05 p.m,N/A,"Westerville, Ohio -- Rike Center",Lose,2,False,193,False,--,"REBOUND OFF by GRIFFIN,JAROD",66 ,,63,,,,"REBOUND OFF by GRIFFIN,JAROD",2,offensive rebound,,centre,"griffin,jarod",,"['griffin,jarod', 'bates,jacob', 'crump,dawson']","['carter,justin', 'howard,corey', 'howard,michael', 'watson,gabe', 'anders,eddie']",
291,0872,Otterbein,Centre,0,81-79,"34,45","44,37",0-11,4-7,N/A,N/A,12/30/17,3:05 p.m,N/A,"Westerville, Ohio -- Rike Center",Lose,2,False,193,False,09:12,"GOOD LAYUP by GRIFFIN,JAROD(in the paint)",68 ,,63,,CENTRE-M 68-63 (+5),,"GOOD LAYUP by GRIFFIN,JAROD(in the paint)",2,layup,good,centre,"griffin,jarod",2,"['griffin,jarod', 'bates,jacob', 'crump,dawson']","['carter,justin', 'howard,corey', 'howard,michael', 'watson,gabe', 'anders,eddie']",552
292,0872,Otterbein,Centre,0,81-79,"34,45","44,37",0-11,4-7,N/A,N/A,12/30/17,3:05 p.m,N/A,"Westerville, Ohio -- Rike Center",Lose,2,False,193,False,09:01,,68 ,,66,"GOOD 3PTR by HOWARD,COREY",OTT 68-66 (+2),,"GOOD 3PTR by HOWARD,COREY",2,three pointer,good,otterbein,"howard,corey",3,"['griffin,jarod', 'bates,jacob', 'crump,dawson']","['carter,justin', 'howard,corey', 'howard,michael', 'watson,gabe', 'anders,eddie']",541
293,0872,Otterbein,Centre,0,81-79,"34,45","44,37",0-11,4-7,N/A,N/A,12/30/17,3:05 p.m,N/A,"Westerville, Ohio -- Rike Center",Lose,2,False,193,False,--,,68 ,,66,"ASSIST  by WATSON,GABE",,,"ASSIST  by WATSON,GABE",2,assist,,otterbein,"watson,gabe",,"['griffin,jarod', 'bates,jacob', 'crump,dawson']","['carter,justin', 'howard,corey', 'howard,michael', 'watson,gabe', 'anders,eddie']",
294,0872,Otterbein,Centre,0,81-79,"34,45","44,37",0-11,4-7,N/A,N/A,12/30/17,3:05 p.m,N/A,"Westerville, Ohio -- Rike Center",Lose,2,False,193,False,09:00,,68 ,,66,TIMEOUT 30SEC by TEAM,,,TIMEOUT 30SEC by TEAM,2,timeout,,otterbein,,,"['griffin,jarod', 'bates,jacob', 'crump,dawson']","['carter,justin', 'howard,corey', 'howard,michael', 'watson,gabe', 'anders,eddie']",540
295,0872,Otterbein,Centre,0,81-79,"34,45","44,37",0-11,4-7,N/A,N/A,12/30/17,3:05 p.m,N/A,"Westerville, Ohio -- Rike Center",Lose,2,False,193,False,08:39,"GOOD JUMPER by BATES,JACOB(in the paint)",70 ,,66,,CENTRE-M 70-66 (+4),,"GOOD JUMPER by BATES,JACOB(in the paint)",2,jumper,good,centre,"bates,jacob",2,"['griffin,jarod', 'bates,jacob', 'crump,dawson']","['carter,justin', 'howard,corey', 'howard,michael', 'watson,gabe', 'anders,eddie']",519
296,0872,Otterbein,Centre,0,81-79,"34,45","44,37",0-11,4-7,N/A,N/A,12/30/17,3:05 p.m,N/A,"Westerville, Ohio -- Rike Center",Lose,2,False,193,False,08:27,,70 ,,66,"MISS LAYUP by WATSON,GABE",,,"MISS LAYUP by WATSON,GABE",2,layup,missed,otterbein,"watson,gabe",,"['griffin,jarod', 'bates,jacob', 'crump,dawson']","['carter,justin', 'howard,corey', 'howard,michael', 'watson,gabe', 'anders,eddie']",507
297,0872,Otterbein,Centre,0,81-79,"34,45","44,37",0-11,4-7,N/A,N/A,12/30/17,3:05 p.m,N/A,"Westerville, Ohio -- Rike Center",Lose,2,False,193,False,08:27,"BLOCK  by BATES,JACOB",70 ,,66,,,,"BLOCK  by BATES,JACOB",2,block,,centre,"bates,jacob",,"['griffin,jarod', 'bates,jacob', 'crump,dawson']","['carter,justin', 'howard,corey', 'howard,michael', 'watson,gabe', 'anders,eddie']",507
298,0872,Otterbein,Centre,0,81-79,"34,45","44,37",0-11,4-7,N/A,N/A,12/30/17,3:05 p.m,N/A,"Westerville, Ohio -- Rike Center",Lose,2,False,193,False,--,,70 ,,66,REBOUND OFF by TEAM,,,REBOUND OFF by TEAM,2,offensive rebound,,otterbein,,,"['griffin,jarod', 'bates,jacob', 'crump,dawson']","['carter,justin', 'howard,corey', 'howard,michael', 'watson,gabe', 'anders,eddie']",
299,0872,Otterbein,Centre,0,81-79,"34,45","44,37",0-11,4-7,N/A,N/A,12/30/17,3:05 p.m,N/A,"Westerville, Ohio -- Rike Center",Lose,2,False,193,False,08:23,"SUB IN by AYERS,PERRY",70 ,,66,,,,"SUB IN by AYERS,PERRY",2,subbing in,,centre,"ayers,perry",,"['griffin,jarod', 'bates,jacob', 'crump,dawson', 'ayers,perry']","['carter,justin', 'howard,corey', 'howard,michael', 'watson,gabe', 'anders,eddie']",503
300,0872,Otterbein,Centre,0,81-79,"34,45","44,37",0-11,4-7,N/A,N/A,12/30/17,3:05 p.m,N/A,"Westerville, Ohio -- Rike Center",Lose,2,False,193,False,08:23,"SUB IN by SPITZER,JAKOB",70 ,,66,,,,"SUB IN by SPITZER,JAKOB",2,subbing in,,centre,"spitzer,jakob",,"['griffin,jarod', 'bates,jacob', 'crump,dawson', 'ayers,perry', 'spitzer,jakob']","['carter,justin', 'howard,corey', 'howard,michael', 'watson,gabe', 'anders,eddie']",503
301,0872,Otterbein,Centre,0,81-79,"34,45","44,37",0-11,4-7,N/A,N/A,12/30/17,3:05 p.m,N/A,"Westerville, Ohio -- Rike Center",Lose,2,False,193,False,08:23,"SUB OUT by BATES,JACOB",70 ,,66,,,,"SUB OUT by BATES,JACOB",2,subbing out,,centre,"bates,jacob",,"['griffin,jarod', 'crump,dawson', 'ayers,perry', 'spitzer,jakob']","['carter,justin', 'howard,corey', 'howard,michael', 'watson,gabe', 'anders,eddie']",503
302,0872,Otterbein,Centre,0,81-79,"34,45","44,37",0-11,4-7,N/A,N/A,12/30/17,3:05 p.m,N/A,"Westerville, Ohio -- Rike Center",Lose,2,False,193,False,08:23,"SUB OUT by WALKER,ART",70 ,,66,,,,"SUB OUT by WALKER,ART",2,subbing out,,centre,"walker,art",,"['griffin,jarod', 'crump,dawson', 'ayers,perry', 'spitzer,jakob']","['carter,justin', 'howard,corey', 'howard,michael', 'watson,gabe', 'anders,eddie']",503
303,0872,Otterbein,Centre,0,81-79,"34,45","44,37",0-11,4-7,N/A,N/A,12/30/17,3:05 p.m,N/A,"Westerville, Ohio -- Rike Center",Lose,2,False,193,False,08:17,,70 ,,66,"MISS 3PTR by WATSON,GABE",,,"MISS 3PTR by WATSON,GABE",2,three pointer,missed,otterbein,"watson,gabe",,"['griffin,jarod', 'crump,dawson', 'ayers,perry', 'spitzer,jakob']","['carter,justin', 'howard,corey', 'howard,michael', 'watson,gabe', 'anders,eddie']",497
304,0872,Otterbein,Centre,0,81-79,"34,45","44,37",0-11,4-7,N/A,N/A,12/30/17,3:05 p.m,N/A,"Westerville, Ohio -- Rike Center",Lose,2,False,193,False,--,"REBOUND DEF by GRIFFIN,JAROD",70 ,,66,,,,"REBOUND DEF by GRIFFIN,JAROD",2,defensive rebound,,centre,"griffin,jarod",,"['griffin,jarod', 'crump,dawson', 'ayers,perry', 'spitzer,jakob']","['carter,justin', 'howard,corey', 'howard,michael', 'watson,gabe', 'anders,eddie']",
305,0872,Otterbein,Centre,0,81-79,"34,45","44,37",0-11,4-7,N/A,N/A,12/30/17,3:05 p.m,N/A,"Westerville, Ohio -- Rike Center",Lose,2,False,193,False,08:02,"MISS JUMPER by CRUMP,DAWSON",70 ,,66,,,,"MISS JUMPER by CRUMP,DAWSON",2,jumper,missed,centre,"crump,dawson",,"['griffin,jarod', 'crump,dawson', 'ayers,perry', 'spitzer,jakob']","['carter,justin', 'howard,corey', 'howard,michael', 'watson,gabe', 'anders,eddie']",482
306,0872,Otterbein,Centre,0,81-79,"34,45","44,37",0-11,4-7,N/A,N/A,12/30/17,3:05 p.m,N/A,"Westerville, Ohio -- Rike Center",Lose,2,False,193,False,08:01,,70 ,,66,"BLOCK  by WATSON,GABE",,,"BLOCK  by WATSON,GABE",2,block,,otterbein,"watson,gabe",,"['griffin,jarod', 'crump,dawson', 'ayers,perry', 'spitzer,jakob']","['carter,justin', 'howard,corey', 'howard,michael', 'watson,gabe', 'anders,eddie']",481
307,0872,Otterbein,Centre,0,81-79,"34,45","44,37",0-11,4-7,N/A,N/A,12/30/17,3:05 p.m,N/A,"Westerville, Ohio -- Rike Center",Lose,2,False,193,False,--,,70 ,,66,"REBOUND DEF by HOWARD,COREY",,,"REBOUND DEF by HOWARD,COREY",2,defensive rebound,,otterbein,"howard,corey",,"['griffin,jarod', 'crump,dawson', 'ayers,perry', 'spitzer,jakob']","['carter,justin', 'howard,corey', 'howard,michael', 'watson,gabe', 'anders,eddie']",
308,0872,Otterbein,Centre,0,81-79,"34,45","44,37",0-11,4-7,N/A,N/A,12/30/17,3:05 p.m,N/A,"Westerville, Ohio -- Rike Center",Lose,2,False,193,False,07:51,"FOUL  by SPITZER,JAKOB",70 ,,66,,,,"FOUL  by SPITZER,JAKOB",2,foul,,centre,"spitzer,jakob",,"['griffin,jarod', 'crump,dawson', 'ayers,perry', 'spitzer,jakob']","['carter,justin', 'howard,corey', 'howard,michael', 'watson,gabe', 'anders,eddie']",471
309,0872,Otterbein,Centre,0,81-79,"34,45","44,37",0-11,4-7,N/A,N/A,12/30/17,3:05 p.m,N/A,"Westerville, Ohio -- Rike Center",Lose,2,False,193,False,07:50,,70 ,,67,"GOOD FT by HOWARD,COREY",OTT 70-67 (+3),,"GOOD FT by HOWARD,COREY",2,free throw,good,otterbein,"howard,corey",1,"['griffin,jarod', 'crump,dawson', 'ayers,perry', 'spitzer,jakob']","['carter,justin', 'howard,corey', 'howard,michael', 'watson,gabe', 'anders,eddie']",470
310,0872,Otterbein,Centre,0,81-79,"34,45","44,37",0-11,4-7,N/A,N/A,12/30/17,3:05 p.m,N/A,"Westerville, Ohio -- Rike Center",Lose,2,False,193,False,07:50,,70 ,,68,"GOOD FT by HOWARD,COREY",OTT 70-68 (+2),,"GOOD FT by HOWARD,COREY",2,free throw,good,otterbein,"howard,corey",1,"['griffin,jarod', 'crump,dawson', 'ayers,perry', 'spitzer,jakob']","['carter,justin', 'howard,corey', 'howard,michael', 'watson,gabe', 'anders,eddie']",470
311,0872,Otterbein,Centre,0,81-79,"34,45","44,37",0-11,4-7,N/A,N/A,12/30/17,3:05 p.m,N/A,"Westerville, Ohio -- Rike Center",Lose,2,False,193,False,07:50,"SUB IN by RAKES,BAILEY",70 ,,68,,,,"SUB IN by RAKES,BAILEY",2,subbing in,,centre,"rakes,bailey",,"['griffin,jarod', 'crump,dawson', 'ayers,perry', 'spitzer,jakob']","['carter,justin', 'howard,corey', 'howard,michael', 'watson,gabe', 'anders,eddie']",470
312,0872,Otterbein,Centre,0,81-79,"34,45","44,37",0-11,4-7,N/A,N/A,12/30/17,3:05 p.m,N/A,"Westerville, Ohio -- Rike Center",Lose,2,False,193,False,07:50,"SUB OUT by CRUMP,DAWSON",70 ,,68,,,,"SUB OUT by CRUMP,DAWSON",2,subbing out,,centre,"crump,dawson",,"['griffin,jarod', 'ayers,perry', 'spitzer,jakob']","['carter,justin', 'howard,corey', 'howard,michael', 'watson,gabe', 'anders,eddie']",470
313,0872,Otterbein,Centre,0,81-79,"34,45","44,37",0-11,4-7,N/A,N/A,12/30/17,3:05 p.m,N/A,"Westerville, Ohio -- Rike Center",Lose,2,False,193,False,07:50,,70 ,,68,"SUB IN by KOONTZ,NICK",,,"SUB IN by KOONTZ,NICK",2,subbing in,,otterbein,"koontz,nick",,"['griffin,jarod', 'ayers,perry', 'spitzer,jakob']","['carter,justin', 'howard,corey', 'howard,michael', 'watson,gabe', 'anders,eddie', 'koontz,nick']",470
314,0872,Otterbein,Centre,0,81-79,"34,45","44,37",0-11,4-7,N/A,N/A,12/30/17,3:05 p.m,N/A,"Westerville, Ohio -- Rike Center",Lose,2,False,193,False,07:50,,70 ,,68,"SUB OUT by ANDERS,EDDIE",,,"SUB OUT by ANDERS,EDDIE",2,subbing out,,otterbein,"anders,eddie",,"['griffin,jarod', 'ayers,perry', 'spitzer,jakob']","['carter,justin', 'howard,corey', 'howard,michael', 'watson,gabe', 'koontz,nick']",470
315,0872,Otterbein,Centre,0,81-79,"34,45","44,37",0-11,4-7,N/A,N/A,12/30/17,3:05 p.m,N/A,"Westerville, Ohio -- Rike Center",Lose,2,False,193,False,07:38,"MISS LAYUP by GRIFFIN,JAROD",70 ,,68,,,,"MISS LAYUP by GRIFFIN,JAROD",2,layup,missed,centre,"griffin,jarod",,"['griffin,jarod', 'ayers,perry', 'spitzer,jakob']","['carter,justin', 'howard,corey', 'howard,michael', 'watson,gabe', 'koontz,nick']",458
316,0872,Otterbein,Centre,0,81-79,"34,45","44,37",0-11,4-7,N/A,N/A,12/30/17,3:05 p.m,N/A,"Westerville, Ohio -- Rike Center",Lose,2,False,193,False,--,,70 ,,68,"REBOUND DEF by CARTER,JUSTIN",,,"REBOUND DEF by CARTER,JUSTIN",2,defensive rebound,,otterbein,"carter,justin",,"['griffin,jarod', 'ayers,perry', 'spitzer,jakob']","['carter,justin', 'howard,corey', 'howard,michael', 'watson,gabe', 'koontz,nick']",
317,0872,Otterbein,Centre,0,81-79,"34,45","44,37",0-11,4-7,N/A,N/A,12/30/17,3:05 p.m,N/A,"Westerville, Ohio -- Rike Center",Lose,2,False,193,False,07:13,,70 ,,68,"MISS JUMPER by KOONTZ,NICK",,,"MISS JUMPER by KOONTZ,NICK",2,jumper,missed,otterbein,"koontz,nick",,"['griffin,jarod', 'ayers,perry', 'spitzer,jakob']","['carter,justin', 'howard,corey', 'howard,michael', 'watson,gabe', 'koontz,nick']",433
318,0872,Otterbein,Centre,0,81-79,"34,45","44,37",0-11,4-7,N/A,N/A,12/30/17,3:05 p.m,N/A,"Westerville, Ohio -- Rike Center",Lose,2,False,193,False,--,"REBOUND DEF by SINE,TUCKER",70 ,,68,,,,"REBOUND DEF by SINE,TUCKER",2,defensive rebound,,centre,"sine,tucker",,"['griffin,jarod', 'ayers,perry', 'spitzer,jakob']","['carter,justin', 'howard,corey', 'howard,michael', 'watson,gabe', 'koontz,nick']",
319,0872,Otterbein,Centre,0,81-79,"34,45","44,37",0-11,4-7,N/A,N/A,12/30/17,3:05 p.m,N/A,"Westerville, Ohio -- Rike Center",Lose,2,False,193,False,06:52,"MISS 3PTR by SINE,TUCKER",70 ,,68,,,,"MISS 3PTR by SINE,TUCKER",2,three pointer,missed,centre,"sine,tucker",,"['griffin,jarod', 'ayers,perry', 'spitzer,jakob']","['carter,justin', 'howard,corey', 'howard,michael', 'watson,gabe', 'koontz,nick']",412
320,0872,Otterbein,Centre,0,81-79,"34,45","44,37",0-11,4-7,N/A,N/A,12/30/17,3:05 p.m,N/A,"Westerville, Ohio -- Rike Center",Lose,2,False,193,False,--,,70 ,,68,"REBOUND DEF by HOWARD,COREY",,,"REBOUND DEF by HOWARD,COREY",2,defensive rebound,,otterbein,"howard,corey",,"['griffin,jarod', 'ayers,perry', 'spitzer,jakob']","['carter,justin', 'howard,corey', 'howard,michael', 'watson,gabe', 'koontz,nick']",
321,0872,Otterbein,Centre,0,81-79,"34,45","44,37",0-11,4-7,N/A,N/A,12/30/17,3:05 p.m,N/A,"Westerville, Ohio -- Rike Center",Lose,2,False,193,False,06:49,,70 ,,68,"SUB IN by HOWARD,MICHAEL",,,"SUB IN by HOWARD,MICHAEL",2,subbing in,,otterbein,"howard,michael",,"['griffin,jarod', 'ayers,perry', 'spitzer,jakob']","['carter,justin', 'howard,corey', 'howard,michael', 'watson,gabe', 'koontz,nick']",409
322,0872,Otterbein,Centre,0,81-79,"34,45","44,37",0-11,4-7,N/A,N/A,12/30/17,3:05 p.m,N/A,"Westerville, Ohio -- Rike Center",Lose,2,False,193,False,06:49,,70 ,,68,"SUB OUT by HUGHES,MATT",,,"SUB OUT by HUGHES,MATT",2,subbing out,,otterbein,"hughes,matt",,"['griffin,jarod', 'ayers,perry', 'spitzer,jakob']","['carter,justin', 'howard,corey', 'howard,michael', 'watson,gabe', 'koontz,nick']",409
323,0872,Otterbein,Centre,0,81-79,"34,45","44,37",0-11,4-7,N/A,N/A,12/30/17,3:05 p.m,N/A,"Westerville, Ohio -- Rike Center",Lose,2,False,193,False,06:34,,70 ,,68,"FOUL  by HOWARD,MICHAEL",,,"FOUL  by HOWARD,MICHAEL",2,foul,,otterbein,"howard,michael",,"['griffin,jarod', 'ayers,perry', 'spitzer,jakob']","['carter,justin', 'howard,corey', 'howard,michael', 'watson,gabe', 'koontz,nick']",394
324,0872,Otterbein,Centre,0,81-79,"34,45","44,37",0-11,4-7,N/A,N/A,12/30/17,3:05 p.m,N/A,"Westerville, Ohio -- Rike Center",Lose,2,False,193,False,06:17,"FOUL  by SPITZER,JAKOB",70 ,,68,,,,"FOUL  by SPITZER,JAKOB",2,foul,,centre,"spitzer,jakob",,"['griffin,jarod', 'ayers,perry', 'spitzer,jakob']","['carter,justin', 'howard,corey', 'howard,michael', 'watson,gabe', 'koontz,nick']",377
325,0872,Otterbein,Centre,0,81-79,"34,45","44,37",0-11,4-7,N/A,N/A,12/30/17,3:05 p.m,N/A,"Westerville, Ohio -- Rike Center",Lose,2,False,193,False,06:17,"TURNOVER  by SPITZER,JAKOB",70 ,,68,,,,"TURNOVER  by SPITZER,JAKOB",2,turnover,,centre,"spitzer,jakob",,"['griffin,jarod', 'ayers,perry', 'spitzer,jakob']","['carter,justin', 'howard,corey', 'howard,michael', 'watson,gabe', 'koontz,nick']",377
326,0872,Otterbein,Centre,0,81-79,"34,45","44,37",0-11,4-7,N/A,N/A,12/30/17,3:05 p.m,N/A,"Westerville, Ohio -- Rike Center",Lose,2,False,193,False,06:17,"SUB IN by BATES,JACOB",70 ,,68,,,,"SUB IN by BATES,JACOB",2,subbing in,,centre,"bates,jacob",,"['griffin,jarod', 'ayers,perry', 'spitzer,jakob', 'bates,jacob']","['carter,justin', 'howard,corey', 'howard,michael', 'watson,gabe', 'koontz,nick']",377
327,0872,Otterbein,Centre,0,81-79,"34,45","44,37",0-11,4-7,N/A,N/A,12/30/17,3:05 p.m,N/A,"Westerville, Ohio -- Rike Center",Lose,2,False,193,False,06:17,"SUB OUT by SPITZER,JAKOB",70 ,,68,,,,"SUB OUT by SPITZER,JAKOB",2,subbing out,,centre,"spitzer,jakob",,"['griffin,jarod', 'ayers,perry', 'bates,jacob']","['carter,justin', 'howard,corey', 'howard,michael', 'watson,gabe', 'koontz,nick']",377
328,0872,Otterbein,Centre,0,81-79,"34,45","44,37",0-11,4-7,N/A,N/A,12/30/17,3:05 p.m,N/A,"Westerville, Ohio -- Rike Center",Lose,2,False,193,False,05:56,,70,,70,"GOOD JUMPER by HOWARD,COREY",OTT 70-70 (0),,"GOOD JUMPER by HOWARD,COREY",2,jumper,good,otterbein,"howard,corey",2,"['griffin,jarod', 'ayers,perry', 'bates,jacob']","['carter,justin', 'howard,corey', 'howard,michael', 'watson,gabe', 'koontz,nick']",356
329,0872,Otterbein,Centre,0,81-79,"34,45","44,37",0-11,4-7,N/A,N/A,12/30/17,3:05 p.m,N/A,"Westerville, Ohio -- Rike Center",Lose,2,False,193,False,05:31,"MISS 3PTR by RAKES,BAILEY",70,,70,,,,"MISS 3PTR by RAKES,BAILEY",2,three pointer,missed,centre,"rakes,bailey",,"['griffin,jarod', 'ayers,perry', 'bates,jacob']","['carter,justin', 'howard,corey', 'howard,michael', 'watson,gabe', 'koontz,nick']",331
330,0872,Otterbein,Centre,0,81-79,"34,45","44,37",0-11,4-7,N/A,N/A,12/30/17,3:05 p.m,N/A,"Westerville, Ohio -- Rike Center",Lose,2,False,193,False,--,,70,,70,"REBOUND DEF by HOWARD,COREY",,,"REBOUND DEF by HOWARD,COREY",2,defensive rebound,,otterbein,"howard,corey",,"['griffin,jarod', 'ayers,perry', 'bates,jacob']","['carter,justin', 'howard,corey', 'howard,michael', 'watson,gabe', 'koontz,nick']",
331,0872,Otterbein,Centre,0,81-79,"34,45","44,37",0-11,4-7,N/A,N/A,12/30/17,3:05 p.m,N/A,"Westerville, Ohio -- Rike Center",Lose,2,False,193,False,05:17,,70,,70,"MISS LAYUP by HOWARD,MICHAEL",,,"MISS LAYUP by HOWARD,MICHAEL",2,layup,missed,otterbein,"howard,michael",,"['griffin,jarod', 'ayers,perry', 'bates,jacob']","['carter,justin', 'howard,corey', 'howard,michael', 'watson,gabe', 'koontz,nick']",317
332,0872,Otterbein,Centre,0,81-79,"34,45","44,37",0-11,4-7,N/A,N/A,12/30/17,3:05 p.m,N/A,"Westerville, Ohio -- Rike Center",Lose,2,False,193,False,--,,70,,70,"REBOUND OFF by CARTER,JUSTIN",,,"REBOUND OFF by CARTER,JUSTIN",2,offensive rebound,,otterbein,"carter,justin",,"['griffin,jarod', 'ayers,perry', 'bates,jacob']","['carter,justin', 'howard,corey', 'howard,michael', 'watson,gabe', 'koontz,nick']",
333,0872,Otterbein,Centre,0,81-79,"34,45","44,37",0-11,4-7,N/A,N/A,12/30/17,3:05 p.m,N/A,"Westerville, Ohio -- Rike Center",Lose,2,False,193,False,05:14,,70,,70,"MISS JUMPER by CARTER,JUSTIN",,,"MISS JUMPER by CARTER,JUSTIN",2,jumper,missed,otterbein,"carter,justin",,"['griffin,jarod', 'ayers,perry', 'bates,jacob']","['carter,justin', 'howard,corey', 'howard,michael', 'watson,gabe', 'koontz,nick']",314
334,0872,Otterbein,Centre,0,81-79,"34,45","44,37",0-11,4-7,N/A,N/A,12/30/17,3:05 p.m,N/A,"Westerville, Ohio -- Rike Center",Lose,2,False,193,False,--,"REBOUND DEF by AYERS,PERRY",70,,70,,,,"REBOUND DEF by AYERS,PERRY",2,defensive rebound,,centre,"ayers,perry",,"['griffin,jarod', 'ayers,perry', 'bates,jacob']","['carter,justin', 'howard,corey', 'howard,michael', 'watson,gabe', 'koontz,nick']",
335,0872,Otterbein,Centre,0,81-79,"34,45","44,37",0-11,4-7,N/A,N/A,12/30/17,3:05 p.m,N/A,"Westerville, Ohio -- Rike Center",Lose,2,False,193,False,05:02,"MISS JUMPER by AYERS,PERRY",70,,70,,,,"MISS JUMPER by AYERS,PERRY",2,jumper,missed,centre,"ayers,perry",,"['griffin,jarod', 'ayers,perry', 'bates,jacob']","['carter,justin', 'howard,corey', 'howard,michael', 'watson,gabe', 'koontz,nick']",302
336,0872,Otterbein,Centre,0,81-79,"34,45","44,37",0-11,4-7,N/A,N/A,12/30/17,3:05 p.m,N/A,"Westerville, Ohio -- Rike Center",Lose,2,False,193,False,--,,70,,70,"REBOUND DEF by KOONTZ,NICK",,,"REBOUND DEF by KOONTZ,NICK",2,defensive rebound,,otterbein,"koontz,nick",,"['griffin,jarod', 'ayers,perry', 'bates,jacob']","['carter,justin', 'howard,corey', 'howard,michael', 'watson,gabe', 'koontz,nick']",
337,0872,Otterbein,Centre,0,81-79,"34,45","44,37",0-11,4-7,N/A,N/A,12/30/17,3:05 p.m,N/A,"Westerville, Ohio -- Rike Center",Lose,2,False,193,False,04:42,"FOUL  by SINE,TUCKER",70,,70,,,,"FOUL  by SINE,TUCKER",2,foul,,centre,"sine,tucker",,"['griffin,jarod', 'ayers,perry', 'bates,jacob']","['carter,justin', 'howard,corey', 'howard,michael', 'watson,gabe', 'koontz,nick']",282
338,0872,Otterbein,Centre,0,81-79,"34,45","44,37",0-11,4-7,N/A,N/A,12/30/17,3:05 p.m,N/A,"Westerville, Ohio -- Rike Center",Lose,2,False,193,False,04:42,"SUB IN by WALKER,ART",70,,70,,,,"SUB IN by WALKER,ART",2,subbing in,,centre,"walker,art",,"['griffin,jarod', 'ayers,perry', 'bates,jacob', 'walker,art']","['carter,justin', 'howard,corey', 'howard,michael', 'watson,gabe', 'koontz,nick']",282
339,0872,Otterbein,Centre,0,81-79,"34,45","44,37",0-11,4-7,N/A,N/A,12/30/17,3:05 p.m,N/A,"Westerville, Ohio -- Rike Center",Lose,2,False,193,False,04:42,"SUB OUT by AYERS,PERRY",70,,70,,,,"SUB OUT by AYERS,PERRY",2,subbing out,,centre,"ayers,perry",,"['griffin,jarod', 'bates,jacob', 'walker,art']","['carter,justin', 'howard,corey', 'howard,michael', 'watson,gabe', 'koontz,nick']",282
340,0872,Otterbein,Centre,0,81-79,"34,45","44,37",0-11,4-7,N/A,N/A,12/30/17,3:05 p.m,N/A,"Westerville, Ohio -- Rike Center",Lose,2,False,193,False,04:42,,70,,70,"SUB IN by HUGHES,MATT",,,"SUB IN by HUGHES,MATT",2,subbing in,,otterbein,"hughes,matt",,"['griffin,jarod', 'bates,jacob', 'walker,art']","['carter,justin', 'howard,corey', 'howard,michael', 'watson,gabe', 'koontz,nick', 'hughes,matt']",282
341,0872,Otterbein,Centre,0,81-79,"34,45","44,37",0-11,4-7,N/A,N/A,12/30/17,3:05 p.m,N/A,"Westerville, Ohio -- Rike Center",Lose,2,False,193,False,04:42,,70,,70,"SUB OUT by HOWARD,MICHAEL",,,"SUB OUT by HOWARD,MICHAEL",2,subbing out,,otterbein,"howard,michael",,"['griffin,jarod', 'bates,jacob', 'walker,art']","['carter,justin', 'howard,corey', 'watson,gabe', 'koontz,nick', 'hughes,matt']",282
342,0872,Otterbein,Centre,0,81-79,"34,45","44,37",0-11,4-7,N/A,N/A,12/30/17,3:05 p.m,N/A,"Westerville, Ohio -- Rike Center",Lose,2,False,193,False,04:39,,70,,70,"MISS 3PTR by WATSON,GABE",,,"MISS 3PTR by WATSON,GABE",2,three pointer,missed,otterbein,"watson,gabe",,"['griffin,jarod', 'bates,jacob', 'walker,art']","['carter,justin', 'howard,corey', 'watson,gabe', 'koontz,nick', 'hughes,matt']",279
343,0872,Otterbein,Centre,0,81-79,"34,45","44,37",0-11,4-7,N/A,N/A,12/30/17,3:05 p.m,N/A,"Westerville, Ohio -- Rike Center",Lose,2,False,193,False,--,"REBOUND DEF by WALKER,ART",70,,70,,,,"REBOUND DEF by WALKER,ART",2,defensive rebound,,centre,"walker,art",,"['griffin,jarod', 'bates,jacob', 'walker,art']","['carter,justin', 'howard,corey', 'watson,gabe', 'koontz,nick', 'hughes,matt']",
344,0872,Otterbein,Centre,0,81-79,"34,45","44,37",0-11,4-7,N/A,N/A,12/30/17,3:05 p.m,N/A,"Westerville, Ohio -- Rike Center",Lose,2,False,193,False,04:14,"MISS 3PTR by BATES,JACOB",70,,70,,,,"MISS 3PTR by BATES,JACOB",2,three pointer,missed,centre,"bates,jacob",,"['griffin,jarod', 'bates,jacob', 'walker,art']","['carter,justin', 'howard,corey', 'watson,gabe', 'koontz,nick', 'hughes,matt']",254
345,0872,Otterbein,Centre,0,81-79,"34,45","44,37",0-11,4-7,N/A,N/A,12/30/17,3:05 p.m,N/A,"Westerville, Ohio -- Rike Center",Lose,2,False,193,False,--,,70,,70,"REBOUND DEF by KOONTZ,NICK",,,"REBOUND DEF by KOONTZ,NICK",2,defensive rebound,,otterbein,"koontz,nick",,"['griffin,jarod', 'bates,jacob', 'walker,art']","['carter,justin', 'howard,corey', 'watson,gabe', 'koontz,nick', 'hughes,matt']",
346,0872,Otterbein,Centre,0,81-79,"34,45","44,37",0-11,4-7,N/A,N/A,12/30/17,3:05 p.m,N/A,"Westerville, Ohio -- Rike Center",Lose,2,False,193,False,03:48,,70,,70,"MISS 3PTR by HOWARD,COREY",,,"MISS 3PTR by HOWARD,COREY",2,three pointer,missed,otterbein,"howard,corey",,"['griffin,jarod', 'bates,jacob', 'walker,art']","['carter,justin', 'howard,corey', 'watson,gabe', 'koontz,nick', 'hughes,matt']",228
347,0872,Otterbein,Centre,0,81-79,"34,45","44,37",0-11,4-7,N/A,N/A,12/30/17,3:05 p.m,N/A,"Westerville, Ohio -- Rike Center",Lose,2,False,193,False,--,"REBOUND DEF by RAKES,BAILEY",70,,70,,,,"REBOUND DEF by RAKES,BAILEY",2,defensive rebound,,centre,"rakes,bailey",,"['griffin,jarod', 'bates,jacob', 'walker,art']","['carter,justin', 'howard,corey', 'watson,gabe', 'koontz,nick', 'hughes,matt']",
348,0872,Otterbein,Centre,0,81-79,"34,45","44,37",0-11,4-7,N/A,N/A,12/30/17,3:05 p.m,N/A,"Westerville, Ohio -- Rike Center",Lose,2,False,193,False,03:21,"GOOD 3PTR by GRIFFIN,JAROD",73 ,,70,,CENTRE-M 73-70 (+3),,"GOOD 3PTR by GRIFFIN,JAROD",2,three pointer,good,centre,"griffin,jarod",3,"['griffin,jarod', 'bates,jacob', 'walker,art']","['carter,justin', 'howard,corey', 'watson,gabe', 'koontz,nick', 'hughes,matt']",201
349,0872,Otterbein,Centre,0,81-79,"34,45","44,37",0-11,4-7,N/A,N/A,12/30/17,3:05 p.m,N/A,"Westerville, Ohio -- Rike Center",Lose,2,False,193,False,--,"ASSIST  by WALKER,ART",73 ,,70,,,,"ASSIST  by WALKER,ART",2,assist,,centre,"walker,art",,"['griffin,jarod', 'bates,jacob', 'walker,art']","['carter,justin', 'howard,corey', 'watson,gabe', 'koontz,nick', 'hughes,matt']",
350,0872,Otterbein,Centre,0,81-79,"34,45","44,37",0-11,4-7,N/A,N/A,12/30/17,3:05 p.m,N/A,"Westerville, Ohio -- Rike Center",Lose,2,False,193,False,03:20,TIMEOUT TEAM by TEAM,73 ,,70,,,,TIMEOUT TEAM by TEAM,2,timeout,,centre,,,"['griffin,jarod', 'bates,jacob', 'walker,art']","['carter,justin', 'howard,corey', 'watson,gabe', 'koontz,nick', 'hughes,matt']",200
351,0872,Otterbein,Centre,0,81-79,"34,45","44,37",0-11,4-7,N/A,N/A,12/30/17,3:05 p.m,N/A,"Westerville, Ohio -- Rike Center",Lose,2,False,193,False,03:04,,73 ,,72,"GOOD LAYUP by CARTER,JUSTIN(in the paint)",OTT 73-72 (+1),,"GOOD LAYUP by CARTER,JUSTIN(in the paint)",2,layup,good,otterbein,"carter,justin",2,"['griffin,jarod', 'bates,jacob', 'walker,art']","['carter,justin', 'howard,corey', 'watson,gabe', 'koontz,nick', 'hughes,matt']",184
352,0872,Otterbein,Centre,0,81-79,"34,45","44,37",0-11,4-7,N/A,N/A,12/30/17,3:05 p.m,N/A,"Westerville, Ohio -- Rike Center",Lose,2,False,193,False,02:44,"MISS 3PTR by WALKER,ART",73 ,,72,,,,"MISS 3PTR by WALKER,ART",2,three pointer,missed,centre,"walker,art",,"['griffin,jarod', 'bates,jacob', 'walker,art']","['carter,justin', 'howard,corey', 'watson,gabe', 'koontz,nick', 'hughes,matt']",164
353,0872,Otterbein,Centre,0,81-79,"34,45","44,37",0-11,4-7,N/A,N/A,12/30/17,3:05 p.m,N/A,"Westerville, Ohio -- Rike Center",Lose,2,False,193,False,--,,73 ,,72,"REBOUND DEF by HUGHES,MATT",,,"REBOUND DEF by HUGHES,MATT",2,defensive rebound,,otterbein,"hughes,matt",,"['griffin,jarod', 'bates,jacob', 'walker,art']","['carter,justin', 'howard,corey', 'watson,gabe', 'koontz,nick', 'hughes,matt']",
354,0872,Otterbein,Centre,0,81-79,"34,45","44,37",0-11,4-7,N/A,N/A,12/30/17,3:05 p.m,N/A,"Westerville, Ohio -- Rike Center",Lose,2,False,193,False,02:28,,73,,74 ,"GOOD LAYUP by WATSON,GABE(in the paint)",OTT 73-74 (-1),,"GOOD LAYUP by WATSON,GABE(in the paint)",2,layup,good,otterbein,"watson,gabe",2,"['griffin,jarod', 'bates,jacob', 'walker,art']","['carter,justin', 'howard,corey', 'watson,gabe', 'koontz,nick', 'hughes,matt']",148
355,0872,Otterbein,Centre,0,81-79,"34,45","44,37",0-11,4-7,N/A,N/A,12/30/17,3:05 p.m,N/A,"Westerville, Ohio -- Rike Center",Lose,2,False,193,False,02:28,"FOUL  by BATES,JACOB",73,,74 ,,,,"FOUL  by BATES,JACOB",2,foul,,centre,"bates,jacob",,"['griffin,jarod', 'bates,jacob', 'walker,art']","['carter,justin', 'howard,corey', 'watson,gabe', 'koontz,nick', 'hughes,matt']",148
356,0872,Otterbein,Centre,0,81-79,"34,45","44,37",0-11,4-7,N/A,N/A,12/30/17,3:05 p.m,N/A,"Westerville, Ohio -- Rike Center",Lose,2,False,193,False,02:27,,73,,75 ,"GOOD FT by WATSON,GABE",OTT 73-75 (-2),,"GOOD FT by WATSON,GABE",2,free throw,good,otterbein,"watson,gabe",1,"['griffin,jarod', 'bates,jacob', 'walker,art']","['carter,justin', 'howard,corey', 'watson,gabe', 'koontz,nick', 'hughes,matt']",147
357,0872,Otterbein,Centre,0,81-79,"34,45","44,37",0-11,4-7,N/A,N/A,12/30/17,3:05 p.m,N/A,"Westerville, Ohio -- Rike Center",Lose,2,False,193,False,02:27,"SUB IN by AYERS,PERRY",73,,75 ,,,,"SUB IN by AYERS,PERRY",2,subbing in,,centre,"ayers,perry",,"['griffin,jarod', 'bates,jacob', 'walker,art', 'ayers,perry']","['carter,justin', 'howard,corey', 'watson,gabe', 'koontz,nick', 'hughes,matt']",147
358,0872,Otterbein,Centre,0,81-79,"34,45","44,37",0-11,4-7,N/A,N/A,12/30/17,3:05 p.m,N/A,"Westerville, Ohio -- Rike Center",Lose,2,False,193,False,02:27,"SUB OUT by SINE,TUCKER",73,,75 ,,,,"SUB OUT by SINE,TUCKER",2,subbing out,,centre,"sine,tucker",,"['griffin,jarod', 'bates,jacob', 'walker,art', 'ayers,perry']","['carter,justin', 'howard,corey', 'watson,gabe', 'koontz,nick', 'hughes,matt']",147
359,0872,Otterbein,Centre,0,81-79,"34,45","44,37",0-11,4-7,N/A,N/A,12/30/17,3:05 p.m,N/A,"Westerville, Ohio -- Rike Center",Lose,2,False,193,False,02:11,,73,,75 ,"FOUL  by KOONTZ,NICK",,,"FOUL  by KOONTZ,NICK",2,foul,,otterbein,"koontz,nick",,"['griffin,jarod', 'bates,jacob', 'walker,art', 'ayers,perry']","['carter,justin', 'howard,corey', 'watson,gabe', 'koontz,nick', 'hughes,matt']",131
360,0872,Otterbein,Centre,0,81-79,"34,45","44,37",0-11,4-7,N/A,N/A,12/30/17,3:05 p.m,N/A,"Westerville, Ohio -- Rike Center",Lose,2,False,193,False,02:11,"MISS FT by AYERS,PERRY",73,,75 ,,,,"MISS FT by AYERS,PERRY",2,free throw,missed,centre,"ayers,perry",,"['griffin,jarod', 'bates,jacob', 'walker,art', 'ayers,perry']","['carter,justin', 'howard,corey', 'watson,gabe', 'koontz,nick', 'hughes,matt']",131
361,0872,Otterbein,Centre,0,81-79,"34,45","44,37",0-11,4-7,N/A,N/A,12/30/17,3:05 p.m,N/A,"Westerville, Ohio -- Rike Center",Lose,2,False,193,False,--,REBOUND DEADB by TEAM,73,,75 ,,,,REBOUND DEADB by TEAM,2,deadball rebound,,centre,,,"['griffin,jarod', 'bates,jacob', 'walker,art', 'ayers,perry']","['carter,justin', 'howard,corey', 'watson,gabe', 'koontz,nick', 'hughes,matt']",
362,0872,Otterbein,Centre,0,81-79,"34,45","44,37",0-11,4-7,N/A,N/A,12/30/17,3:05 p.m,N/A,"Westerville, Ohio -- Rike Center",Lose,2,False,193,False,02:11,"GOOD FT by AYERS,PERRY",74,,75 ,,CENTRE-M 74-75 (-1),,"GOOD FT by AYERS,PERRY",2,free throw,good,centre,"ayers,perry",1,"['griffin,jarod', 'bates,jacob', 'walker,art', 'ayers,perry']","['carter,justin', 'howard,corey', 'watson,gabe', 'koontz,nick', 'hughes,matt']",131
363,0872,Otterbein,Centre,0,81-79,"34,45","44,37",0-11,4-7,N/A,N/A,12/30/17,3:05 p.m,N/A,"Westerville, Ohio -- Rike Center",Lose,2,False,193,False,01:51,,74,,77 ,"GOOD JUMPER by KOONTZ,NICK",OTT 74-77 (-3),,"GOOD JUMPER by KOONTZ,NICK",2,jumper,good,otterbein,"koontz,nick",2,"['griffin,jarod', 'bates,jacob', 'walker,art', 'ayers,perry']","['carter,justin', 'howard,corey', 'watson,gabe', 'koontz,nick', 'hughes,matt']",111
364,0872,Otterbein,Centre,0,81-79,"34,45","44,37",0-11,4-7,N/A,N/A,12/30/17,3:05 p.m,N/A,"Westerville, Ohio -- Rike Center",Lose,2,False,193,False,--,,74,,77 ,"ASSIST  by HOWARD,COREY",,,"ASSIST  by HOWARD,COREY",2,assist,,otterbein,"howard,corey",,"['griffin,jarod', 'bates,jacob', 'walker,art', 'ayers,perry']","['carter,justin', 'howard,corey', 'watson,gabe', 'koontz,nick', 'hughes,matt']",
365,0872,Otterbein,Centre,0,81-79,"34,45","44,37",0-11,4-7,N/A,N/A,12/30/17,3:05 p.m,N/A,"Westerville, Ohio -- Rike Center",Lose,2,False,193,False,01:22,"GOOD LAYUP by BATES,JACOB(in the paint)",76,,77 ,,CENTRE-M 76-77 (-1),,"GOOD LAYUP by BATES,JACOB(in the paint)",2,layup,good,centre,"bates,jacob",2,"['griffin,jarod', 'bates,jacob', 'walker,art', 'ayers,perry']","['carter,justin', 'howard,corey', 'watson,gabe', 'koontz,nick', 'hughes,matt']",82
366,0872,Otterbein,Centre,0,81-79,"34,45","44,37",0-11,4-7,N/A,N/A,12/30/17,3:05 p.m,N/A,"Westerville, Ohio -- Rike Center",Lose,2,False,193,False,00:52,,76,,79 ,"GOOD LAYUP by CARTER,JUSTIN(in the paint)",OTT 76-79 (-3),,"GOOD LAYUP by CARTER,JUSTIN(in the paint)",2,layup,good,otterbein,"carter,justin",2,"['griffin,jarod', 'bates,jacob', 'walker,art', 'ayers,perry']","['carter,justin', 'howard,corey', 'watson,gabe', 'koontz,nick', 'hughes,matt']",52
367,0872,Otterbein,Centre,0,81-79,"34,45","44,37",0-11,4-7,N/A,N/A,12/30/17,3:05 p.m,N/A,"Westerville, Ohio -- Rike Center",Lose,2,False,193,False,--,,76,,79 ,"ASSIST  by HOWARD,COREY",,,"ASSIST  by HOWARD,COREY",2,assist,,otterbein,"howard,corey",,"['griffin,jarod', 'bates,jacob', 'walker,art', 'ayers,perry']","['carter,justin', 'howard,corey', 'watson,gabe', 'koontz,nick', 'hughes,matt']",
368,0872,Otterbein,Centre,0,81-79,"34,45","44,37",0-11,4-7,N/A,N/A,12/30/17,3:05 p.m,N/A,"Westerville, Ohio -- Rike Center",Lose,2,False,193,False,00:41,"GOOD LAYUP by AYERS,PERRY(in the paint)",78,,79 ,,CENTRE-M 78-79 (-1),,"GOOD LAYUP by AYERS,PERRY(in the paint)",2,layup,good,centre,"ayers,perry",2,"['griffin,jarod', 'bates,jacob', 'walker,art', 'ayers,perry']","['carter,justin', 'howard,corey', 'watson,gabe', 'koontz,nick', 'hughes,matt']",41
369,0872,Otterbein,Centre,0,81-79,"34,45","44,37",0-11,4-7,N/A,N/A,12/30/17,3:05 p.m,N/A,"Westerville, Ohio -- Rike Center",Lose,2,False,193,False,00:41,,78,,79 ,"FOUL  by KOONTZ,NICK",,,"FOUL  by KOONTZ,NICK",2,foul,,otterbein,"koontz,nick",,"['griffin,jarod', 'bates,jacob', 'walker,art', 'ayers,perry']","['carter,justin', 'howard,corey', 'watson,gabe', 'koontz,nick', 'hughes,matt']",41
370,0872,Otterbein,Centre,0,81-79,"34,45","44,37",0-11,4-7,N/A,N/A,12/30/17,3:05 p.m,N/A,"Westerville, Ohio -- Rike Center",Lose,2,False,193,False,00:41,"GOOD FT by AYERS,PERRY",79,,79,,CENTRE-M 79-79 (0),,"GOOD FT by AYERS,PERRY",2,free throw,good,centre,"ayers,perry",1,"['griffin,jarod', 'bates,jacob', 'walker,art', 'ayers,perry']","['carter,justin', 'howard,corey', 'watson,gabe', 'koontz,nick', 'hughes,matt']",41
371,0872,Otterbein,Centre,0,81-79,"34,45","44,37",0-11,4-7,N/A,N/A,12/30/17,3:05 p.m,N/A,"Westerville, Ohio -- Rike Center",Lose,2,False,193,False,00:28,,79,,79,"MISS 3PTR by HOWARD,COREY",,,"MISS 3PTR by HOWARD,COREY",2,three pointer,missed,otterbein,"howard,corey",,"['griffin,jarod', 'bates,jacob', 'walker,art', 'ayers,perry']","['carter,justin', 'howard,corey', 'watson,gabe', 'koontz,nick', 'hughes,matt']",28
372,0872,Otterbein,Centre,0,81-79,"34,45","44,37",0-11,4-7,N/A,N/A,12/30/17,3:05 p.m,N/A,"Westerville, Ohio -- Rike Center",Lose,2,False,193,False,--,"REBOUND DEF by RAKES,BAILEY",79,,79,,,,"REBOUND DEF by RAKES,BAILEY",2,defensive rebound,,centre,"rakes,bailey",,"['griffin,jarod', 'bates,jacob', 'walker,art', 'ayers,perry']","['carter,justin', 'howard,corey', 'watson,gabe', 'koontz,nick', 'hughes,matt']",
373,0872,Otterbein,Centre,0,81-79,"34,45","44,37",0-11,4-7,N/A,N/A,12/30/17,3:05 p.m,N/A,"Westerville, Ohio -- Rike Center",Lose,2,False,193,False,00:16,TIMEOUT TEAM by TEAM,79,,79,,,,TIMEOUT TEAM by TEAM,2,timeout,,centre,,,"['griffin,jarod', 'bates,jacob', 'walker,art', 'ayers,perry']","['carter,justin', 'howard,corey', 'watson,gabe', 'koontz,nick', 'hughes,matt']",16
374,0872,Otterbein,Centre,0,81-79,"34,45","44,37",0-11,4-7,N/A,N/A,12/30/17,3:05 p.m,N/A,"Westerville, Ohio -- Rike Center",Lose,2,False,193,False,00:00,"GOOD JUMPER by BATES,JACOB",81 ,,79,,CENTRE-M 81-79 (+2),,"GOOD JUMPER by BATES,JACOB",2,jumper,good,centre,"bates,jacob",2,"['griffin,jarod', 'bates,jacob', 'walker,art', 'ayers,perry']","['carter,justin', 'howard,corey', 'watson,gabe', 'koontz,nick', 'hughes,matt']",0
