,Unnamed: 0,gameID,homeTeam,awayTeam,saaGame,finalScore,homeScoreByPeriod,awayScoreByPeriod,homeRecord,awayRecord,homeConfRecord,awayConfRecord,gameDate,startTime,gameLength,gameLocation,homeWin,numPeriods,isOvertime,attendance,isNeutral,timeRemaining,awayPlay,awayTeamScore,playTeamIndicator,homeTeamScore,homePlay,gameScore,teamIndicator,Play,Period,playType,shotOutcome,Team,Player,pointsEarned,awayLineup,homeLineup,timeSeconds,Poss,possNum,pppHome,pppAway
0,0,1165,Sewanee,Millsaps,1,50-62,"25,37","31,19",12-6,4-15,5-3,1-7,01/27/17,8:00 PM,,"Sewanee, Tenn.",Win,2,False,658,False,19:35,,0,,3,"GOOD 3PTR by BORN,CLAY",SEWANEE 0-3 (+3),,"GOOD 3PTR by BORN,CLAY",1,three pointer,good,sewanee,"born,clay",3.0,"['blanz,buck', 'gagen,brennan', 'tullos,zachary', 'gardner,robert', 'kohnke,sam']","['stone,brody', 'williams,jorden', 'thomas,adrian', 'born,clay', 'born,leo']",1175.0,millsaps,1,0,0.0
1,1,1165,Sewanee,Millsaps,1,50-62,"25,37","31,19",12-6,4-15,5-3,1-7,01/27/17,8:00 PM,,"Sewanee, Tenn.",Win,2,False,658,False,19:19,"TURNOVER  by GARDNER,ROBERT",0,,3,,,,"TURNOVER  by GARDNER,ROBERT",1,turnover,,millsaps,"gardner,robert",,"['blanz,buck', 'gagen,brennan', 'tullos,zachary', 'gardner,robert', 'kohnke,sam']","['stone,brody', 'williams,jorden', 'thomas,adrian', 'born,clay', 'born,leo']",1159.0,millsaps,1,0,0.0
2,2,1165,Sewanee,Millsaps,1,50-62,"25,37","31,19",12-6,4-15,5-3,1-7,01/27/17,8:00 PM,,"Sewanee, Tenn.",Win,2,False,658,False,18:54,,0,,3,"TURNOVER  by STONE,BRODY",,,"TURNOVER  by STONE,BRODY",1,turnover,,sewanee,"stone,brody",,"['blanz,buck', 'gagen,brennan', 'tullos,zachary', 'gardner,robert', 'kohnke,sam']","['stone,brody', 'williams,jorden', 'thomas,adrian', 'born,clay', 'born,leo']",1134.0,sewanee,2,0,0.0
3,3,1165,Sewanee,Millsaps,1,50-62,"25,37","31,19",12-6,4-15,5-3,1-7,01/27/17,8:00 PM,,"Sewanee, Tenn.",Win,2,False,658,False,18:39,"GOOD 3PTR by GARDNER,ROBERT",3,,3,,MILLSAPS 3-3 (0),,"GOOD 3PTR by GARDNER,ROBERT",1,three pointer,good,millsaps,"gardner,robert",3.0,"['blanz,buck', 'gagen,brennan', 'tullos,zachary', 'gardner,robert', 'kohnke,sam']","['stone,brody', 'williams,jorden', 'thomas,adrian', 'born,clay', 'born,leo']",1119.0,millsaps,3,0,0.0
4,4,1165,Sewanee,Millsaps,1,50-62,"25,37","31,19",12-6,4-15,5-3,1-7,01/27/17,8:00 PM,,"Sewanee, Tenn.",Win,2,False,658,False,--,"ASSIST  by GAGEN,BRENNAN",3,,3,,,,"ASSIST  by GAGEN,BRENNAN",1,assist,,millsaps,"gagen,brennan",,"['blanz,buck', 'gagen,brennan', 'tullos,zachary', 'gardner,robert', 'kohnke,sam']","['stone,brody', 'williams,jorden', 'thomas,adrian', 'born,clay', 'born,leo']",,millsaps,3,0,0.0
5,5,1165,Sewanee,Millsaps,1,50-62,"25,37","31,19",12-6,4-15,5-3,1-7,01/27/17,8:00 PM,,"Sewanee, Tenn.",Win,2,False,658,False,18:24,"FOUL  by GARDNER,ROBERT",3,,3,,,,"FOUL  by GARDNER,ROBERT",1,foul,,millsaps,"gardner,robert",,"['blanz,buck', 'gagen,brennan', 'tullos,zachary', 'gardner,robert', 'kohnke,sam']","['stone,brody', 'williams,jorden', 'thomas,adrian', 'born,clay', 'born,leo']",1104.0,millsaps,3,0,0.0
6,6,1165,Sewanee,Millsaps,1,50-62,"25,37","31,19",12-6,4-15,5-3,1-7,01/27/17,8:00 PM,,"Sewanee, Tenn.",Win,2,False,658,False,18:24,,3,,4,"GOOD FT by WILLIAMS,JORDEN",SEWANEE 3-4 (+1),,"GOOD FT by WILLIAMS,JORDEN",1,free throw,good,sewanee,"williams,jorden",1.0,"['blanz,buck', 'gagen,brennan', 'tullos,zachary', 'gardner,robert', 'kohnke,sam']","['stone,brody', 'williams,jorden', 'thomas,adrian', 'born,clay', 'born,leo']",1104.0,sewanee,4,0,0.0
7,7,1165,Sewanee,Millsaps,1,50-62,"25,37","31,19",12-6,4-15,5-3,1-7,01/27/17,8:00 PM,,"Sewanee, Tenn.",Win,2,False,658,False,18:24,,3,,5,"GOOD FT by WILLIAMS,JORDEN",SEWANEE 3-5 (+2),,"GOOD FT by WILLIAMS,JORDEN",1,free throw,good,sewanee,"williams,jorden",1.0,"['blanz,buck', 'gagen,brennan', 'tullos,zachary', 'gardner,robert', 'kohnke,sam']","['stone,brody', 'williams,jorden', 'thomas,adrian', 'born,clay', 'born,leo']",1104.0,sewanee,4,0,0.0
8,8,1165,Sewanee,Millsaps,1,50-62,"25,37","31,19",12-6,4-15,5-3,1-7,01/27/17,8:00 PM,,"Sewanee, Tenn.",Win,2,False,658,False,18:24,,3,,6,"GOOD FT by WILLIAMS,JORDEN",SEWANEE 3-6 (+3),,"GOOD FT by WILLIAMS,JORDEN",1,free throw,good,sewanee,"williams,jorden",1.0,"['blanz,buck', 'gagen,brennan', 'tullos,zachary', 'gardner,robert', 'kohnke,sam']","['stone,brody', 'williams,jorden', 'thomas,adrian', 'born,clay', 'born,leo']",1104.0,sewanee,4,0,0.0
9,9,1165,Sewanee,Millsaps,1,50-62,"25,37","31,19",12-6,4-15,5-3,1-7,01/27/17,8:00 PM,,"Sewanee, Tenn.",Win,2,False,658,False,18:05,"GOOD JUMPER by TULLOS,ZACHARY",5,,6,,MILLSAPS 5-6 (+1),,"GOOD JUMPER by TULLOS,ZACHARY",1,jumper,good,millsaps,"tullos,zachary",2.0,"['blanz,buck', 'gagen,brennan', 'tullos,zachary', 'gardner,robert', 'kohnke,sam']","['stone,brody', 'williams,jorden', 'thomas,adrian', 'born,clay', 'born,leo']",1085.0,sewanee,4,0,0.0
10,10,1165,Sewanee,Millsaps,1,50-62,"25,37","31,19",12-6,4-15,5-3,1-7,01/27/17,8:00 PM,,"Sewanee, Tenn.",Win,2,False,658,False,--,"ASSIST  by GAGEN,BRENNAN",5,,6,,,,"ASSIST  by GAGEN,BRENNAN",1,assist,,millsaps,"gagen,brennan",,"['blanz,buck', 'gagen,brennan', 'tullos,zachary', 'gardner,robert', 'kohnke,sam']","['stone,brody', 'williams,jorden', 'thomas,adrian', 'born,clay', 'born,leo']",,sewanee,4,0,0.0
11,11,1165,Sewanee,Millsaps,1,50-62,"25,37","31,19",12-6,4-15,5-3,1-7,01/27/17,8:00 PM,,"Sewanee, Tenn.",Win,2,False,658,False,17:44,,5,,6,"MISS 3PTR by BORN,CLAY",,,"MISS 3PTR by BORN,CLAY",1,three pointer,missed,sewanee,"born,clay",,"['blanz,buck', 'gagen,brennan', 'tullos,zachary', 'gardner,robert', 'kohnke,sam']","['stone,brody', 'williams,jorden', 'thomas,adrian', 'born,clay', 'born,leo']",1064.0,sewanee,4,0,0.0
12,12,1165,Sewanee,Millsaps,1,50-62,"25,37","31,19",12-6,4-15,5-3,1-7,01/27/17,8:00 PM,,"Sewanee, Tenn.",Win,2,False,658,False,--,"REBOUND DEF by GAGEN,BRENNAN",5,,6,,,,"REBOUND DEF by GAGEN,BRENNAN",1,defensive rebound,,millsaps,"gagen,brennan",,"['blanz,buck', 'gagen,brennan', 'tullos,zachary', 'gardner,robert', 'kohnke,sam']","['stone,brody', 'williams,jorden', 'thomas,adrian', 'born,clay', 'born,leo']",,sewanee,4,0,0.0
13,13,1165,Sewanee,Millsaps,1,50-62,"25,37","31,19",12-6,4-15,5-3,1-7,01/27/17,8:00 PM,,"Sewanee, Tenn.",Win,2,False,658,False,17:32,"MISS 3PTR by KOHNKE,SAM",5,,6,,,,"MISS 3PTR by KOHNKE,SAM",1,three pointer,missed,millsaps,"kohnke,sam",,"['blanz,buck', 'gagen,brennan', 'tullos,zachary', 'gardner,robert', 'kohnke,sam']","['stone,brody', 'williams,jorden', 'thomas,adrian', 'born,clay', 'born,leo']",1052.0,millsaps,5,0,0.0
14,14,1165,Sewanee,Millsaps,1,50-62,"25,37","31,19",12-6,4-15,5-3,1-7,01/27/17,8:00 PM,,"Sewanee, Tenn.",Win,2,False,658,False,--,,5,,6,REBOUND DEF by TEAM,,,REBOUND DEF by TEAM,1,defensive rebound,,sewanee,,,"['blanz,buck', 'gagen,brennan', 'tullos,zachary', 'gardner,robert', 'kohnke,sam']","['stone,brody', 'williams,jorden', 'thomas,adrian', 'born,clay', 'born,leo']",,sewanee,6,0,0.0
15,15,1165,Sewanee,Millsaps,1,50-62,"25,37","31,19",12-6,4-15,5-3,1-7,01/27/17,8:00 PM,,"Sewanee, Tenn.",Win,2,False,658,False,17:06,,5,,6,"MISS LAYUP by THOMAS,ADRIAN",,,"MISS LAYUP by THOMAS,ADRIAN",1,layup,missed,sewanee,"thomas,adrian",,"['blanz,buck', 'gagen,brennan', 'tullos,zachary', 'gardner,robert', 'kohnke,sam']","['stone,brody', 'williams,jorden', 'thomas,adrian', 'born,clay', 'born,leo']",1026.0,sewanee,6,0,0.0
16,16,1165,Sewanee,Millsaps,1,50-62,"25,37","31,19",12-6,4-15,5-3,1-7,01/27/17,8:00 PM,,"Sewanee, Tenn.",Win,2,False,658,False,--,"REBOUND DEF by BLANZ,BUCK",5,,6,,,,"REBOUND DEF by BLANZ,BUCK",1,defensive rebound,,millsaps,"blanz,buck",,"['blanz,buck', 'gagen,brennan', 'tullos,zachary', 'gardner,robert', 'kohnke,sam']","['stone,brody', 'williams,jorden', 'thomas,adrian', 'born,clay', 'born,leo']",,sewanee,6,0,0.0
17,17,1165,Sewanee,Millsaps,1,50-62,"25,37","31,19",12-6,4-15,5-3,1-7,01/27/17,8:00 PM,,"Sewanee, Tenn.",Win,2,False,658,False,16:59,"MISS 3PTR by GARDNER,ROBERT",5,,6,,,,"MISS 3PTR by GARDNER,ROBERT",1,three pointer,missed,millsaps,"gardner,robert",,"['blanz,buck', 'gagen,brennan', 'tullos,zachary', 'gardner,robert', 'kohnke,sam']","['stone,brody', 'williams,jorden', 'thomas,adrian', 'born,clay', 'born,leo']",1019.0,millsaps,7,0,0.0
18,18,1165,Sewanee,Millsaps,1,50-62,"25,37","31,19",12-6,4-15,5-3,1-7,01/27/17,8:00 PM,,"Sewanee, Tenn.",Win,2,False,658,False,--,"REBOUND OFF by KOHNKE,SAM",5,,6,,,,"REBOUND OFF by KOHNKE,SAM",1,offensive rebound,,millsaps,"kohnke,sam",,"['blanz,buck', 'gagen,brennan', 'tullos,zachary', 'gardner,robert', 'kohnke,sam']","['stone,brody', 'williams,jorden', 'thomas,adrian', 'born,clay', 'born,leo']",,millsaps,7,0,0.0
19,19,1165,Sewanee,Millsaps,1,50-62,"25,37","31,19",12-6,4-15,5-3,1-7,01/27/17,8:00 PM,,"Sewanee, Tenn.",Win,2,False,658,False,16:49,"MISS JUMPER by BLANZ,BUCK",5,,6,,,,"MISS JUMPER by BLANZ,BUCK",1,jumper,missed,millsaps,"blanz,buck",,"['blanz,buck', 'gagen,brennan', 'tullos,zachary', 'gardner,robert', 'kohnke,sam']","['stone,brody', 'williams,jorden', 'thomas,adrian', 'born,clay', 'born,leo']",1009.0,millsaps,7,0,0.0
20,20,1165,Sewanee,Millsaps,1,50-62,"25,37","31,19",12-6,4-15,5-3,1-7,01/27/17,8:00 PM,,"Sewanee, Tenn.",Win,2,False,658,False,--,,5,,6,"REBOUND DEF by THOMAS,ADRIAN",,,"REBOUND DEF by THOMAS,ADRIAN",1,defensive rebound,,sewanee,"thomas,adrian",,"['blanz,buck', 'gagen,brennan', 'tullos,zachary', 'gardner,robert', 'kohnke,sam']","['stone,brody', 'williams,jorden', 'thomas,adrian', 'born,clay', 'born,leo']",,millsaps,7,0,0.0
21,21,1165,Sewanee,Millsaps,1,50-62,"25,37","31,19",12-6,4-15,5-3,1-7,01/27/17,8:00 PM,,"Sewanee, Tenn.",Win,2,False,658,False,16:38,,5,,8,"GOOD JUMPER by WILLIAMS,JORDEN",SEWANEE 5-8 (+3),,"GOOD JUMPER by WILLIAMS,JORDEN",1,jumper,good,sewanee,"williams,jorden",2.0,"['blanz,buck', 'gagen,brennan', 'tullos,zachary', 'gardner,robert', 'kohnke,sam']","['stone,brody', 'williams,jorden', 'thomas,adrian', 'born,clay', 'born,leo']",998.0,sewanee,8,0,0.0
22,22,1165,Sewanee,Millsaps,1,50-62,"25,37","31,19",12-6,4-15,5-3,1-7,01/27/17,8:00 PM,,"Sewanee, Tenn.",Win,2,False,658,False,16:38,"FOUL  by GARDNER,ROBERT",5,,8,,,,"FOUL  by GARDNER,ROBERT",1,foul,,millsaps,"gardner,robert",,"['blanz,buck', 'gagen,brennan', 'tullos,zachary', 'gardner,robert', 'kohnke,sam']","['stone,brody', 'williams,jorden', 'thomas,adrian', 'born,clay', 'born,leo']",998.0,sewanee,8,0,0.0
23,23,1165,Sewanee,Millsaps,1,50-62,"25,37","31,19",12-6,4-15,5-3,1-7,01/27/17,8:00 PM,,"Sewanee, Tenn.",Win,2,False,658,False,16:38,,5,,9,"GOOD FT by WILLIAMS,JORDEN",SEWANEE 5-9 (+4),,"GOOD FT by WILLIAMS,JORDEN",1,free throw,good,sewanee,"williams,jorden",1.0,"['blanz,buck', 'gagen,brennan', 'tullos,zachary', 'gardner,robert', 'kohnke,sam']","['stone,brody', 'williams,jorden', 'thomas,adrian', 'born,clay', 'born,leo']",998.0,sewanee,8,0,0.0
24,24,1165,Sewanee,Millsaps,1,50-62,"25,37","31,19",12-6,4-15,5-3,1-7,01/27/17,8:00 PM,,"Sewanee, Tenn.",Win,2,False,658,False,16:38,"SUB IN by BECKER,SAXTON",5,,9,,,,"SUB IN by BECKER,SAXTON",1,subbing in,,millsaps,"becker,saxton",,"['blanz,buck', 'gagen,brennan', 'tullos,zachary', 'gardner,robert', 'kohnke,sam', 'becker,saxton']","['stone,brody', 'williams,jorden', 'thomas,adrian', 'born,clay', 'born,leo']",998.0,sewanee,8,0,0.0
25,25,1165,Sewanee,Millsaps,1,50-62,"25,37","31,19",12-6,4-15,5-3,1-7,01/27/17,8:00 PM,,"Sewanee, Tenn.",Win,2,False,658,False,16:38,"SUB IN by TURNER,JAMES",5,,9,,,,"SUB IN by TURNER,JAMES",1,subbing in,,millsaps,"turner,james",,"['blanz,buck', 'gagen,brennan', 'tullos,zachary', 'gardner,robert', 'kohnke,sam', 'becker,saxton', 'turner,james']","['stone,brody', 'williams,jorden', 'thomas,adrian', 'born,clay', 'born,leo']",998.0,sewanee,8,0,0.0
26,26,1165,Sewanee,Millsaps,1,50-62,"25,37","31,19",12-6,4-15,5-3,1-7,01/27/17,8:00 PM,,"Sewanee, Tenn.",Win,2,False,658,False,16:38,"SUB OUT by TULLOS,ZACHARY",5,,9,,,,"SUB OUT by TULLOS,ZACHARY",1,subbing out,,millsaps,"tullos,zachary",,"['blanz,buck', 'gagen,brennan', 'gardner,robert', 'kohnke,sam', 'becker,saxton', 'turner,james']","['stone,brody', 'williams,jorden', 'thomas,adrian', 'born,clay', 'born,leo']",998.0,sewanee,8,0,0.0
27,27,1165,Sewanee,Millsaps,1,50-62,"25,37","31,19",12-6,4-15,5-3,1-7,01/27/17,8:00 PM,,"Sewanee, Tenn.",Win,2,False,658,False,16:38,"SUB OUT by GARDNER,ROBERT",5,,9,,,,"SUB OUT by GARDNER,ROBERT",1,subbing out,,millsaps,"gardner,robert",,"['blanz,buck', 'gagen,brennan', 'kohnke,sam', 'becker,saxton', 'turner,james']","['stone,brody', 'williams,jorden', 'thomas,adrian', 'born,clay', 'born,leo']",998.0,sewanee,8,0,0.0
28,28,1165,Sewanee,Millsaps,1,50-62,"25,37","31,19",12-6,4-15,5-3,1-7,01/27/17,8:00 PM,,"Sewanee, Tenn.",Win,2,False,658,False,16:38,,5,,9,"SUB IN by BUESCHER,HUNTER",,,"SUB IN by BUESCHER,HUNTER",1,subbing in,,sewanee,"buescher,hunter",,"['blanz,buck', 'gagen,brennan', 'kohnke,sam', 'becker,saxton', 'turner,james']","['stone,brody', 'williams,jorden', 'thomas,adrian', 'born,clay', 'born,leo', 'buescher,hunter']",998.0,sewanee,8,0,0.0
29,29,1165,Sewanee,Millsaps,1,50-62,"25,37","31,19",12-6,4-15,5-3,1-7,01/27/17,8:00 PM,,"Sewanee, Tenn.",Win,2,False,658,False,16:38,,5,,9,"SUB OUT by THOMAS,ADRIAN",,,"SUB OUT by THOMAS,ADRIAN",1,subbing out,,sewanee,"thomas,adrian",,"['blanz,buck', 'gagen,brennan', 'kohnke,sam', 'becker,saxton', 'turner,james']","['stone,brody', 'williams,jorden', 'born,clay', 'born,leo', 'buescher,hunter']",998.0,sewanee,8,0,0.0
30,30,1165,Sewanee,Millsaps,1,50-62,"25,37","31,19",12-6,4-15,5-3,1-7,01/27/17,8:00 PM,,"Sewanee, Tenn.",Win,2,False,658,False,16:15,"GOOD JUMPER by BLANZ,BUCK(in the paint)",7,,9,,MILLSAPS 7-9 (+2),,"GOOD JUMPER by BLANZ,BUCK(in the paint)",1,jumper,good,millsaps,"blanz,buck",2.0,"['blanz,buck', 'gagen,brennan', 'kohnke,sam', 'becker,saxton', 'turner,james']","['stone,brody', 'williams,jorden', 'born,clay', 'born,leo', 'buescher,hunter']",975.0,sewanee,8,0,0.0
31,31,1165,Sewanee,Millsaps,1,50-62,"25,37","31,19",12-6,4-15,5-3,1-7,01/27/17,8:00 PM,,"Sewanee, Tenn.",Win,2,False,658,False,15:59,,7,,9,"MISS 3PTR by WILLIAMS,JORDEN",,,"MISS 3PTR by WILLIAMS,JORDEN",1,three pointer,missed,sewanee,"williams,jorden",,"['blanz,buck', 'gagen,brennan', 'kohnke,sam', 'becker,saxton', 'turner,james']","['stone,brody', 'williams,jorden', 'born,clay', 'born,leo', 'buescher,hunter']",959.0,sewanee,8,0,0.0
32,32,1165,Sewanee,Millsaps,1,50-62,"25,37","31,19",12-6,4-15,5-3,1-7,01/27/17,8:00 PM,,"Sewanee, Tenn.",Win,2,False,658,False,--,,7,,9,"REBOUND OFF by STONE,BRODY",,,"REBOUND OFF by STONE,BRODY",1,offensive rebound,,sewanee,"stone,brody",,"['blanz,buck', 'gagen,brennan', 'kohnke,sam', 'becker,saxton', 'turner,james']","['stone,brody', 'williams,jorden', 'born,clay', 'born,leo', 'buescher,hunter']",,sewanee,8,0,0.0
33,33,1165,Sewanee,Millsaps,1,50-62,"25,37","31,19",12-6,4-15,5-3,1-7,01/27/17,8:00 PM,,"Sewanee, Tenn.",Win,2,False,658,False,15:41,,7,,9,"MISS LAYUP by STONE,BRODY",,,"MISS LAYUP by STONE,BRODY",1,layup,missed,sewanee,"stone,brody",,"['blanz,buck', 'gagen,brennan', 'kohnke,sam', 'becker,saxton', 'turner,james']","['stone,brody', 'williams,jorden', 'born,clay', 'born,leo', 'buescher,hunter']",941.0,sewanee,8,0,0.0
34,34,1165,Sewanee,Millsaps,1,50-62,"25,37","31,19",12-6,4-15,5-3,1-7,01/27/17,8:00 PM,,"Sewanee, Tenn.",Win,2,False,658,False,15:41,"BLOCK  by GAGEN,BRENNAN",7,,9,,,,"BLOCK  by GAGEN,BRENNAN",1,block,,millsaps,"gagen,brennan",,"['blanz,buck', 'gagen,brennan', 'kohnke,sam', 'becker,saxton', 'turner,james']","['stone,brody', 'williams,jorden', 'born,clay', 'born,leo', 'buescher,hunter']",941.0,sewanee,8,0,0.0
35,35,1165,Sewanee,Millsaps,1,50-62,"25,37","31,19",12-6,4-15,5-3,1-7,01/27/17,8:00 PM,,"Sewanee, Tenn.",Win,2,False,658,False,--,,7,,9,REBOUND OFF by TEAM,,,REBOUND OFF by TEAM,1,offensive rebound,,sewanee,,,"['blanz,buck', 'gagen,brennan', 'kohnke,sam', 'becker,saxton', 'turner,james']","['stone,brody', 'williams,jorden', 'born,clay', 'born,leo', 'buescher,hunter']",,sewanee,8,0,0.0
36,36,1165,Sewanee,Millsaps,1,50-62,"25,37","31,19",12-6,4-15,5-3,1-7,01/27/17,8:00 PM,,"Sewanee, Tenn.",Win,2,False,658,False,15:41,,7,,9,TIMEOUT TEAM by TEAM,,,TIMEOUT TEAM by TEAM,1,timeout,,sewanee,,,"['blanz,buck', 'gagen,brennan', 'kohnke,sam', 'becker,saxton', 'turner,james']","['stone,brody', 'williams,jorden', 'born,clay', 'born,leo', 'buescher,hunter']",941.0,sewanee,8,0,0.0
37,37,1165,Sewanee,Millsaps,1,50-62,"25,37","31,19",12-6,4-15,5-3,1-7,01/27/17,8:00 PM,,"Sewanee, Tenn.",Win,2,False,658,False,15:41,,7,,9,"SUB IN by CALDWELL,CAM",,,"SUB IN by CALDWELL,CAM",1,subbing in,,sewanee,"caldwell,cam",,"['blanz,buck', 'gagen,brennan', 'kohnke,sam', 'becker,saxton', 'turner,james']","['stone,brody', 'williams,jorden', 'born,clay', 'born,leo', 'buescher,hunter', 'caldwell,cam']",941.0,sewanee,8,0,0.0
38,38,1165,Sewanee,Millsaps,1,50-62,"25,37","31,19",12-6,4-15,5-3,1-7,01/27/17,8:00 PM,,"Sewanee, Tenn.",Win,2,False,658,False,15:41,,7,,9,"SUB OUT by BORN,LEO",,,"SUB OUT by BORN,LEO",1,subbing out,,sewanee,"born,leo",,"['blanz,buck', 'gagen,brennan', 'kohnke,sam', 'becker,saxton', 'turner,james']","['stone,brody', 'williams,jorden', 'born,clay', 'buescher,hunter', 'caldwell,cam']",941.0,sewanee,8,0,0.0
39,39,1165,Sewanee,Millsaps,1,50-62,"25,37","31,19",12-6,4-15,5-3,1-7,01/27/17,8:00 PM,,"Sewanee, Tenn.",Win,2,False,658,False,15:29,,7,,9,"MISS 3PTR by BORN,CLAY",,,"MISS 3PTR by BORN,CLAY",1,three pointer,missed,sewanee,"born,clay",,"['blanz,buck', 'gagen,brennan', 'kohnke,sam', 'becker,saxton', 'turner,james']","['stone,brody', 'williams,jorden', 'born,clay', 'buescher,hunter', 'caldwell,cam']",929.0,sewanee,8,0,0.0
40,40,1165,Sewanee,Millsaps,1,50-62,"25,37","31,19",12-6,4-15,5-3,1-7,01/27/17,8:00 PM,,"Sewanee, Tenn.",Win,2,False,658,False,--,"REBOUND DEF by KOHNKE,SAM",7,,9,,,,"REBOUND DEF by KOHNKE,SAM",1,defensive rebound,,millsaps,"kohnke,sam",,"['blanz,buck', 'gagen,brennan', 'kohnke,sam', 'becker,saxton', 'turner,james']","['stone,brody', 'williams,jorden', 'born,clay', 'buescher,hunter', 'caldwell,cam']",,sewanee,8,0,0.0
41,41,1165,Sewanee,Millsaps,1,50-62,"25,37","31,19",12-6,4-15,5-3,1-7,01/27/17,8:00 PM,,"Sewanee, Tenn.",Win,2,False,658,False,15:28,,7,,9,"FOUL  by STONE,BRODY",,,"FOUL  by STONE,BRODY",1,foul,,sewanee,"stone,brody",,"['blanz,buck', 'gagen,brennan', 'kohnke,sam', 'becker,saxton', 'turner,james']","['stone,brody', 'williams,jorden', 'born,clay', 'buescher,hunter', 'caldwell,cam']",928.0,millsaps,9,0,0.0
42,42,1165,Sewanee,Millsaps,1,50-62,"25,37","31,19",12-6,4-15,5-3,1-7,01/27/17,8:00 PM,,"Sewanee, Tenn.",Win,2,False,658,False,15:14,"MISS 3PTR by BECKER,SAXTON",7,,9,,,,"MISS 3PTR by BECKER,SAXTON",1,three pointer,missed,millsaps,"becker,saxton",,"['blanz,buck', 'gagen,brennan', 'kohnke,sam', 'becker,saxton', 'turner,james']","['stone,brody', 'williams,jorden', 'born,clay', 'buescher,hunter', 'caldwell,cam']",914.0,millsaps,9,0,0.0
43,43,1165,Sewanee,Millsaps,1,50-62,"25,37","31,19",12-6,4-15,5-3,1-7,01/27/17,8:00 PM,,"Sewanee, Tenn.",Win,2,False,658,False,--,,7,,9,"REBOUND DEF by BORN,CLAY",,,"REBOUND DEF by BORN,CLAY",1,defensive rebound,,sewanee,"born,clay",,"['blanz,buck', 'gagen,brennan', 'kohnke,sam', 'becker,saxton', 'turner,james']","['stone,brody', 'williams,jorden', 'born,clay', 'buescher,hunter', 'caldwell,cam']",,millsaps,9,0,0.0
44,44,1165,Sewanee,Millsaps,1,50-62,"25,37","31,19",12-6,4-15,5-3,1-7,01/27/17,8:00 PM,,"Sewanee, Tenn.",Win,2,False,658,False,15:04,,7,,9,"MISS JUMPER by STONE,BRODY",,,"MISS JUMPER by STONE,BRODY",1,jumper,missed,sewanee,"stone,brody",,"['blanz,buck', 'gagen,brennan', 'kohnke,sam', 'becker,saxton', 'turner,james']","['stone,brody', 'williams,jorden', 'born,clay', 'buescher,hunter', 'caldwell,cam']",904.0,sewanee,10,0,0.0
45,45,1165,Sewanee,Millsaps,1,50-62,"25,37","31,19",12-6,4-15,5-3,1-7,01/27/17,8:00 PM,,"Sewanee, Tenn.",Win,2,False,658,False,--,"REBOUND DEF by KOHNKE,SAM",7,,9,,,,"REBOUND DEF by KOHNKE,SAM",1,defensive rebound,,millsaps,"kohnke,sam",,"['blanz,buck', 'gagen,brennan', 'kohnke,sam', 'becker,saxton', 'turner,james']","['stone,brody', 'williams,jorden', 'born,clay', 'buescher,hunter', 'caldwell,cam']",,sewanee,10,0,0.0
46,46,1165,Sewanee,Millsaps,1,50-62,"25,37","31,19",12-6,4-15,5-3,1-7,01/27/17,8:00 PM,,"Sewanee, Tenn.",Win,2,False,658,False,14:54,"MISS 3PTR by BLANZ,BUCK",7,,9,,,,"MISS 3PTR by BLANZ,BUCK",1,three pointer,missed,millsaps,"blanz,buck",,"['blanz,buck', 'gagen,brennan', 'kohnke,sam', 'becker,saxton', 'turner,james']","['stone,brody', 'williams,jorden', 'born,clay', 'buescher,hunter', 'caldwell,cam']",894.0,millsaps,11,0,0.0
47,47,1165,Sewanee,Millsaps,1,50-62,"25,37","31,19",12-6,4-15,5-3,1-7,01/27/17,8:00 PM,,"Sewanee, Tenn.",Win,2,False,658,False,--,,7,,9,"REBOUND DEF by CALDWELL,CAM",,,"REBOUND DEF by CALDWELL,CAM",1,defensive rebound,,sewanee,"caldwell,cam",,"['blanz,buck', 'gagen,brennan', 'kohnke,sam', 'becker,saxton', 'turner,james']","['stone,brody', 'williams,jorden', 'born,clay', 'buescher,hunter', 'caldwell,cam']",,millsaps,11,0,0.0
48,48,1165,Sewanee,Millsaps,1,50-62,"25,37","31,19",12-6,4-15,5-3,1-7,01/27/17,8:00 PM,,"Sewanee, Tenn.",Win,2,False,658,False,14:29,,7,,9,"MISS 3PTR by BUESCHER,HUNTER",,,"MISS 3PTR by BUESCHER,HUNTER",1,three pointer,missed,sewanee,"buescher,hunter",,"['blanz,buck', 'gagen,brennan', 'kohnke,sam', 'becker,saxton', 'turner,james']","['stone,brody', 'williams,jorden', 'born,clay', 'buescher,hunter', 'caldwell,cam']",869.0,sewanee,12,0,0.0
49,49,1165,Sewanee,Millsaps,1,50-62,"25,37","31,19",12-6,4-15,5-3,1-7,01/27/17,8:00 PM,,"Sewanee, Tenn.",Win,2,False,658,False,--,"REBOUND DEF by BECKER,SAXTON",7,,9,,,,"REBOUND DEF by BECKER,SAXTON",1,defensive rebound,,millsaps,"becker,saxton",,"['blanz,buck', 'gagen,brennan', 'kohnke,sam', 'becker,saxton', 'turner,james']","['stone,brody', 'williams,jorden', 'born,clay', 'buescher,hunter', 'caldwell,cam']",,sewanee,12,0,0.0
50,50,1165,Sewanee,Millsaps,1,50-62,"25,37","31,19",12-6,4-15,5-3,1-7,01/27/17,8:00 PM,,"Sewanee, Tenn.",Win,2,False,658,False,14:13,"GOOD LAYUP by GAGEN,BRENNAN(in the paint)",9,,9,,MILLSAPS 9-9 (0),,"GOOD LAYUP by GAGEN,BRENNAN(in the paint)",1,layup,good,millsaps,"gagen,brennan",2.0,"['blanz,buck', 'gagen,brennan', 'kohnke,sam', 'becker,saxton', 'turner,james']","['stone,brody', 'williams,jorden', 'born,clay', 'buescher,hunter', 'caldwell,cam']",853.0,millsaps,13,0,0.0
51,51,1165,Sewanee,Millsaps,1,50-62,"25,37","31,19",12-6,4-15,5-3,1-7,01/27/17,8:00 PM,,"Sewanee, Tenn.",Win,2,False,658,False,13:43,,9,,11,"GOOD JUMPER by WILLIAMS,JORDEN(in the paint)",SEWANEE 9-11 (+2),,"GOOD JUMPER by WILLIAMS,JORDEN(in the paint)",1,jumper,good,sewanee,"williams,jorden",2.0,"['blanz,buck', 'gagen,brennan', 'kohnke,sam', 'becker,saxton', 'turner,james']","['stone,brody', 'williams,jorden', 'born,clay', 'buescher,hunter', 'caldwell,cam']",823.0,millsaps,13,0,0.0
52,52,1165,Sewanee,Millsaps,1,50-62,"25,37","31,19",12-6,4-15,5-3,1-7,01/27/17,8:00 PM,,"Sewanee, Tenn.",Win,2,False,658,False,13:21,"GOOD 3PTR by GAGEN,BRENNAN",12,,11,,MILLSAPS 12-11 (-1),,"GOOD 3PTR by GAGEN,BRENNAN",1,three pointer,good,millsaps,"gagen,brennan",3.0,"['blanz,buck', 'gagen,brennan', 'kohnke,sam', 'becker,saxton', 'turner,james']","['stone,brody', 'williams,jorden', 'born,clay', 'buescher,hunter', 'caldwell,cam']",801.0,millsaps,13,0,0.0
53,53,1165,Sewanee,Millsaps,1,50-62,"25,37","31,19",12-6,4-15,5-3,1-7,01/27/17,8:00 PM,,"Sewanee, Tenn.",Win,2,False,658,False,--,"ASSIST  by BLANZ,BUCK",12,,11,,,,"ASSIST  by BLANZ,BUCK",1,assist,,millsaps,"blanz,buck",,"['blanz,buck', 'gagen,brennan', 'kohnke,sam', 'becker,saxton', 'turner,james']","['stone,brody', 'williams,jorden', 'born,clay', 'buescher,hunter', 'caldwell,cam']",,millsaps,13,0,0.0
54,54,1165,Sewanee,Millsaps,1,50-62,"25,37","31,19",12-6,4-15,5-3,1-7,01/27/17,8:00 PM,,"Sewanee, Tenn.",Win,2,False,658,False,12:56,,12,,11,"MISS JUMPER by WILLIAMS,JORDEN",,,"MISS JUMPER by WILLIAMS,JORDEN",1,jumper,missed,sewanee,"williams,jorden",,"['blanz,buck', 'gagen,brennan', 'kohnke,sam', 'becker,saxton', 'turner,james']","['stone,brody', 'williams,jorden', 'born,clay', 'buescher,hunter', 'caldwell,cam']",776.0,millsaps,13,0,0.0
55,55,1165,Sewanee,Millsaps,1,50-62,"25,37","31,19",12-6,4-15,5-3,1-7,01/27/17,8:00 PM,,"Sewanee, Tenn.",Win,2,False,658,False,--,"REBOUND DEF by BLANZ,BUCK",12,,11,,,,"REBOUND DEF by BLANZ,BUCK",1,defensive rebound,,millsaps,"blanz,buck",,"['blanz,buck', 'gagen,brennan', 'kohnke,sam', 'becker,saxton', 'turner,james']","['stone,brody', 'williams,jorden', 'born,clay', 'buescher,hunter', 'caldwell,cam']",,millsaps,13,0,0.0
56,56,1165,Sewanee,Millsaps,1,50-62,"25,37","31,19",12-6,4-15,5-3,1-7,01/27/17,8:00 PM,,"Sewanee, Tenn.",Win,2,False,658,False,12:39,"MISS 3PTR by BLANZ,BUCK",12,,11,,,,"MISS 3PTR by BLANZ,BUCK",1,three pointer,missed,millsaps,"blanz,buck",,"['blanz,buck', 'gagen,brennan', 'kohnke,sam', 'becker,saxton', 'turner,james']","['stone,brody', 'williams,jorden', 'born,clay', 'buescher,hunter', 'caldwell,cam']",759.0,millsaps,13,0,0.0
57,57,1165,Sewanee,Millsaps,1,50-62,"25,37","31,19",12-6,4-15,5-3,1-7,01/27/17,8:00 PM,,"Sewanee, Tenn.",Win,2,False,658,False,--,,12,,11,"REBOUND DEF by BORN,CLAY",,,"REBOUND DEF by BORN,CLAY",1,defensive rebound,,sewanee,"born,clay",,"['blanz,buck', 'gagen,brennan', 'kohnke,sam', 'becker,saxton', 'turner,james']","['stone,brody', 'williams,jorden', 'born,clay', 'buescher,hunter', 'caldwell,cam']",,millsaps,13,0,0.0
58,58,1165,Sewanee,Millsaps,1,50-62,"25,37","31,19",12-6,4-15,5-3,1-7,01/27/17,8:00 PM,,"Sewanee, Tenn.",Win,2,False,658,False,12:33,"FOUL  by GAGEN,BRENNAN",12,,11,,,,"FOUL  by GAGEN,BRENNAN",1,foul,,millsaps,"gagen,brennan",,"['blanz,buck', 'gagen,brennan', 'kohnke,sam', 'becker,saxton', 'turner,james']","['stone,brody', 'williams,jorden', 'born,clay', 'buescher,hunter', 'caldwell,cam']",753.0,sewanee,14,0,0.0
59,59,1165,Sewanee,Millsaps,1,50-62,"25,37","31,19",12-6,4-15,5-3,1-7,01/27/17,8:00 PM,,"Sewanee, Tenn.",Win,2,False,658,False,12:33,,12,,11,"MISS FT by CALDWELL,CAM",,,"MISS FT by CALDWELL,CAM",1,free throw,missed,sewanee,"caldwell,cam",,"['blanz,buck', 'gagen,brennan', 'kohnke,sam', 'becker,saxton', 'turner,james']","['stone,brody', 'williams,jorden', 'born,clay', 'buescher,hunter', 'caldwell,cam']",753.0,sewanee,14,0,0.0
60,60,1165,Sewanee,Millsaps,1,50-62,"25,37","31,19",12-6,4-15,5-3,1-7,01/27/17,8:00 PM,,"Sewanee, Tenn.",Win,2,False,658,False,--,,12,,11,REBOUND DEADB by TEAM,,,REBOUND DEADB by TEAM,1,deadball rebound,,sewanee,,,"['blanz,buck', 'gagen,brennan', 'kohnke,sam', 'becker,saxton', 'turner,james']","['stone,brody', 'williams,jorden', 'born,clay', 'buescher,hunter', 'caldwell,cam']",,sewanee,14,0,0.0
61,61,1165,Sewanee,Millsaps,1,50-62,"25,37","31,19",12-6,4-15,5-3,1-7,01/27/17,8:00 PM,,"Sewanee, Tenn.",Win,2,False,658,False,12:33,,12,,12,"GOOD FT by CALDWELL,CAM",SEWANEE 12-12 (0),,"GOOD FT by CALDWELL,CAM",1,free throw,good,sewanee,"caldwell,cam",1.0,"['blanz,buck', 'gagen,brennan', 'kohnke,sam', 'becker,saxton', 'turner,james']","['stone,brody', 'williams,jorden', 'born,clay', 'buescher,hunter', 'caldwell,cam']",753.0,sewanee,14,0,0.0
62,62,1165,Sewanee,Millsaps,1,50-62,"25,37","31,19",12-6,4-15,5-3,1-7,01/27/17,8:00 PM,,"Sewanee, Tenn.",Win,2,False,658,False,12:33,"SUB IN by MANCUSO,LOGAN",12,,12,,,,"SUB IN by MANCUSO,LOGAN",1,subbing in,,millsaps,"mancuso,logan",,"['blanz,buck', 'gagen,brennan', 'kohnke,sam', 'becker,saxton', 'turner,james', 'mancuso,logan']","['stone,brody', 'williams,jorden', 'born,clay', 'buescher,hunter', 'caldwell,cam']",753.0,sewanee,14,0,0.0
63,63,1165,Sewanee,Millsaps,1,50-62,"25,37","31,19",12-6,4-15,5-3,1-7,01/27/17,8:00 PM,,"Sewanee, Tenn.",Win,2,False,658,False,12:33,"SUB IN by COLEMAN,DANIEL",12,,12,,,,"SUB IN by COLEMAN,DANIEL",1,subbing in,,millsaps,"coleman,daniel",,"['blanz,buck', 'gagen,brennan', 'kohnke,sam', 'becker,saxton', 'turner,james', 'mancuso,logan', 'coleman,daniel']","['stone,brody', 'williams,jorden', 'born,clay', 'buescher,hunter', 'caldwell,cam']",753.0,sewanee,14,0,0.0
64,64,1165,Sewanee,Millsaps,1,50-62,"25,37","31,19",12-6,4-15,5-3,1-7,01/27/17,8:00 PM,,"Sewanee, Tenn.",Win,2,False,658,False,12:33,"SUB OUT by BLANZ,BUCK",12,,12,,,,"SUB OUT by BLANZ,BUCK",1,subbing out,,millsaps,"blanz,buck",,"['gagen,brennan', 'kohnke,sam', 'becker,saxton', 'turner,james', 'mancuso,logan', 'coleman,daniel']","['stone,brody', 'williams,jorden', 'born,clay', 'buescher,hunter', 'caldwell,cam']",753.0,sewanee,14,0,0.0
65,65,1165,Sewanee,Millsaps,1,50-62,"25,37","31,19",12-6,4-15,5-3,1-7,01/27/17,8:00 PM,,"Sewanee, Tenn.",Win,2,False,658,False,12:33,"SUB OUT by GAGEN,BRENNAN",12,,12,,,,"SUB OUT by GAGEN,BRENNAN",1,subbing out,,millsaps,"gagen,brennan",,"['kohnke,sam', 'becker,saxton', 'turner,james', 'mancuso,logan', 'coleman,daniel']","['stone,brody', 'williams,jorden', 'born,clay', 'buescher,hunter', 'caldwell,cam']",753.0,sewanee,14,0,0.0
66,66,1165,Sewanee,Millsaps,1,50-62,"25,37","31,19",12-6,4-15,5-3,1-7,01/27/17,8:00 PM,,"Sewanee, Tenn.",Win,2,False,658,False,12:33,,12,,12,"SUB IN by LEE,MATTHEW",,,"SUB IN by LEE,MATTHEW",1,subbing in,,sewanee,"lee,matthew",,"['kohnke,sam', 'becker,saxton', 'turner,james', 'mancuso,logan', 'coleman,daniel']","['stone,brody', 'williams,jorden', 'born,clay', 'buescher,hunter', 'caldwell,cam', 'lee,matthew']",753.0,sewanee,14,0,0.0
67,67,1165,Sewanee,Millsaps,1,50-62,"25,37","31,19",12-6,4-15,5-3,1-7,01/27/17,8:00 PM,,"Sewanee, Tenn.",Win,2,False,658,False,12:33,,12,,12,"SUB IN by SPENCER,JC",,,"SUB IN by SPENCER,JC",1,subbing in,,sewanee,"spencer,jc",,"['kohnke,sam', 'becker,saxton', 'turner,james', 'mancuso,logan', 'coleman,daniel']","['stone,brody', 'williams,jorden', 'born,clay', 'buescher,hunter', 'caldwell,cam', 'lee,matthew', 'spencer,jc']",753.0,sewanee,14,0,0.0
68,68,1165,Sewanee,Millsaps,1,50-62,"25,37","31,19",12-6,4-15,5-3,1-7,01/27/17,8:00 PM,,"Sewanee, Tenn.",Win,2,False,658,False,12:33,,12,,12,"SUB IN by BARRY,MICHAEL",,,"SUB IN by BARRY,MICHAEL",1,subbing in,,sewanee,"barry,michael",,"['kohnke,sam', 'becker,saxton', 'turner,james', 'mancuso,logan', 'coleman,daniel']","['stone,brody', 'williams,jorden', 'born,clay', 'buescher,hunter', 'caldwell,cam', 'lee,matthew', 'spencer,jc', 'barry,michael']",753.0,sewanee,14,0,0.0
69,69,1165,Sewanee,Millsaps,1,50-62,"25,37","31,19",12-6,4-15,5-3,1-7,01/27/17,8:00 PM,,"Sewanee, Tenn.",Win,2,False,658,False,12:33,,12,,12,"SUB OUT by STONE,BRODY",,,"SUB OUT by STONE,BRODY",1,subbing out,,sewanee,"stone,brody",,"['kohnke,sam', 'becker,saxton', 'turner,james', 'mancuso,logan', 'coleman,daniel']","['williams,jorden', 'born,clay', 'buescher,hunter', 'caldwell,cam', 'lee,matthew', 'spencer,jc', 'barry,michael']",753.0,sewanee,14,0,0.0
70,70,1165,Sewanee,Millsaps,1,50-62,"25,37","31,19",12-6,4-15,5-3,1-7,01/27/17,8:00 PM,,"Sewanee, Tenn.",Win,2,False,658,False,12:33,,12,,12,"SUB OUT by BORN,CLAY",,,"SUB OUT by BORN,CLAY",1,subbing out,,sewanee,"born,clay",,"['kohnke,sam', 'becker,saxton', 'turner,james', 'mancuso,logan', 'coleman,daniel']","['williams,jorden', 'buescher,hunter', 'caldwell,cam', 'lee,matthew', 'spencer,jc', 'barry,michael']",753.0,sewanee,14,0,0.0
71,71,1165,Sewanee,Millsaps,1,50-62,"25,37","31,19",12-6,4-15,5-3,1-7,01/27/17,8:00 PM,,"Sewanee, Tenn.",Win,2,False,658,False,12:33,,12,,12,"SUB OUT by WILLIAMS,JORDEN",,,"SUB OUT by WILLIAMS,JORDEN",1,subbing out,,sewanee,"williams,jorden",,"['kohnke,sam', 'becker,saxton', 'turner,james', 'mancuso,logan', 'coleman,daniel']","['buescher,hunter', 'caldwell,cam', 'lee,matthew', 'spencer,jc', 'barry,michael']",753.0,sewanee,14,0,0.0
72,72,1165,Sewanee,Millsaps,1,50-62,"25,37","31,19",12-6,4-15,5-3,1-7,01/27/17,8:00 PM,,"Sewanee, Tenn.",Win,2,False,658,False,12:15,"FOUL  by MANCUSO,LOGAN",12,,12,,,,"FOUL  by MANCUSO,LOGAN",1,foul,,millsaps,"mancuso,logan",,"['kohnke,sam', 'becker,saxton', 'turner,james', 'mancuso,logan', 'coleman,daniel']","['buescher,hunter', 'caldwell,cam', 'lee,matthew', 'spencer,jc', 'barry,michael']",735.0,sewanee,14,0,0.0
73,73,1165,Sewanee,Millsaps,1,50-62,"25,37","31,19",12-6,4-15,5-3,1-7,01/27/17,8:00 PM,,"Sewanee, Tenn.",Win,2,False,658,False,12:15,"TURNOVER  by MANCUSO,LOGAN",12,,12,,,,"TURNOVER  by MANCUSO,LOGAN",1,turnover,,millsaps,"mancuso,logan",,"['kohnke,sam', 'becker,saxton', 'turner,james', 'mancuso,logan', 'coleman,daniel']","['buescher,hunter', 'caldwell,cam', 'lee,matthew', 'spencer,jc', 'barry,michael']",735.0,sewanee,14,0,0.0
74,74,1165,Sewanee,Millsaps,1,50-62,"25,37","31,19",12-6,4-15,5-3,1-7,01/27/17,8:00 PM,,"Sewanee, Tenn.",Win,2,False,658,False,12:15,,12,,12,"SUB IN by BORN,LEO",,,"SUB IN by BORN,LEO",1,subbing in,,sewanee,"born,leo",,"['kohnke,sam', 'becker,saxton', 'turner,james', 'mancuso,logan', 'coleman,daniel']","['buescher,hunter', 'caldwell,cam', 'lee,matthew', 'spencer,jc', 'barry,michael', 'born,leo']",735.0,sewanee,14,0,0.0
75,75,1165,Sewanee,Millsaps,1,50-62,"25,37","31,19",12-6,4-15,5-3,1-7,01/27/17,8:00 PM,,"Sewanee, Tenn.",Win,2,False,658,False,12:15,,12,,12,"SUB OUT by CALDWELL,CAM",,,"SUB OUT by CALDWELL,CAM",1,subbing out,,sewanee,"caldwell,cam",,"['kohnke,sam', 'becker,saxton', 'turner,james', 'mancuso,logan', 'coleman,daniel']","['buescher,hunter', 'lee,matthew', 'spencer,jc', 'barry,michael', 'born,leo']",735.0,sewanee,14,0,0.0
76,76,1165,Sewanee,Millsaps,1,50-62,"25,37","31,19",12-6,4-15,5-3,1-7,01/27/17,8:00 PM,,"Sewanee, Tenn.",Win,2,False,658,False,12:06,,12,,12,"FOUL  by SPENCER,JC",,,"FOUL  by SPENCER,JC",1,foul,,sewanee,"spencer,jc",,"['kohnke,sam', 'becker,saxton', 'turner,james', 'mancuso,logan', 'coleman,daniel']","['buescher,hunter', 'lee,matthew', 'spencer,jc', 'barry,michael', 'born,leo']",726.0,sewanee,14,0,0.0
77,77,1165,Sewanee,Millsaps,1,50-62,"25,37","31,19",12-6,4-15,5-3,1-7,01/27/17,8:00 PM,,"Sewanee, Tenn.",Win,2,False,658,False,12:06,,12,,12,"TURNOVER  by SPENCER,JC",,,"TURNOVER  by SPENCER,JC",1,turnover,,sewanee,"spencer,jc",,"['kohnke,sam', 'becker,saxton', 'turner,james', 'mancuso,logan', 'coleman,daniel']","['buescher,hunter', 'lee,matthew', 'spencer,jc', 'barry,michael', 'born,leo']",726.0,sewanee,14,0,0.0
78,78,1165,Sewanee,Millsaps,1,50-62,"25,37","31,19",12-6,4-15,5-3,1-7,01/27/17,8:00 PM,,"Sewanee, Tenn.",Win,2,False,658,False,11:45,,12,,12,"FOUL  by BORN,LEO",,,"FOUL  by BORN,LEO",1,foul,,sewanee,"born,leo",,"['kohnke,sam', 'becker,saxton', 'turner,james', 'mancuso,logan', 'coleman,daniel']","['buescher,hunter', 'lee,matthew', 'spencer,jc', 'barry,michael', 'born,leo']",705.0,millsaps,15,0,0.0
79,79,1165,Sewanee,Millsaps,1,50-62,"25,37","31,19",12-6,4-15,5-3,1-7,01/27/17,8:00 PM,,"Sewanee, Tenn.",Win,2,False,658,False,11:45,,12,,12,TIMEOUT TEAM by TEAM,,,TIMEOUT TEAM by TEAM,1,timeout,,sewanee,,,"['kohnke,sam', 'becker,saxton', 'turner,james', 'mancuso,logan', 'coleman,daniel']","['buescher,hunter', 'lee,matthew', 'spencer,jc', 'barry,michael', 'born,leo']",705.0,millsaps,15,0,0.0
80,80,1165,Sewanee,Millsaps,1,50-62,"25,37","31,19",12-6,4-15,5-3,1-7,01/27/17,8:00 PM,,"Sewanee, Tenn.",Win,2,False,658,False,11:45,"SUB IN by GAGEN,BRENNAN",12,,12,,,,"SUB IN by GAGEN,BRENNAN",1,subbing in,,millsaps,"gagen,brennan",,"['kohnke,sam', 'becker,saxton', 'turner,james', 'mancuso,logan', 'coleman,daniel', 'gagen,brennan']","['buescher,hunter', 'lee,matthew', 'spencer,jc', 'barry,michael', 'born,leo']",705.0,millsaps,15,0,0.0
81,81,1165,Sewanee,Millsaps,1,50-62,"25,37","31,19",12-6,4-15,5-3,1-7,01/27/17,8:00 PM,,"Sewanee, Tenn.",Win,2,False,658,False,11:45,"SUB OUT by KOHNKE,SAM",12,,12,,,,"SUB OUT by KOHNKE,SAM",1,subbing out,,millsaps,"kohnke,sam",,"['becker,saxton', 'turner,james', 'mancuso,logan', 'coleman,daniel', 'gagen,brennan']","['buescher,hunter', 'lee,matthew', 'spencer,jc', 'barry,michael', 'born,leo']",705.0,millsaps,15,0,0.0
82,82,1165,Sewanee,Millsaps,1,50-62,"25,37","31,19",12-6,4-15,5-3,1-7,01/27/17,8:00 PM,,"Sewanee, Tenn.",Win,2,False,658,False,11:45,,12,,12,"SUB IN by STONE,BRODY",,,"SUB IN by STONE,BRODY",1,subbing in,,sewanee,"stone,brody",,"['becker,saxton', 'turner,james', 'mancuso,logan', 'coleman,daniel', 'gagen,brennan']","['buescher,hunter', 'lee,matthew', 'spencer,jc', 'barry,michael', 'born,leo', 'stone,brody']",705.0,millsaps,15,0,0.0
83,83,1165,Sewanee,Millsaps,1,50-62,"25,37","31,19",12-6,4-15,5-3,1-7,01/27/17,8:00 PM,,"Sewanee, Tenn.",Win,2,False,658,False,11:45,,12,,12,"SUB IN by WILLIAMS,JORDEN",,,"SUB IN by WILLIAMS,JORDEN",1,subbing in,,sewanee,"williams,jorden",,"['becker,saxton', 'turner,james', 'mancuso,logan', 'coleman,daniel', 'gagen,brennan']","['buescher,hunter', 'lee,matthew', 'spencer,jc', 'barry,michael', 'born,leo', 'stone,brody', 'williams,jorden']",705.0,millsaps,15,0,0.0
84,84,1165,Sewanee,Millsaps,1,50-62,"25,37","31,19",12-6,4-15,5-3,1-7,01/27/17,8:00 PM,,"Sewanee, Tenn.",Win,2,False,658,False,11:45,,12,,12,"SUB IN by BORN,CLAY",,,"SUB IN by BORN,CLAY",1,subbing in,,sewanee,"born,clay",,"['becker,saxton', 'turner,james', 'mancuso,logan', 'coleman,daniel', 'gagen,brennan']","['buescher,hunter', 'lee,matthew', 'spencer,jc', 'barry,michael', 'born,leo', 'stone,brody', 'williams,jorden', 'born,clay']",705.0,millsaps,15,0,0.0
85,85,1165,Sewanee,Millsaps,1,50-62,"25,37","31,19",12-6,4-15,5-3,1-7,01/27/17,8:00 PM,,"Sewanee, Tenn.",Win,2,False,658,False,11:45,,12,,12,"SUB OUT by SPENCER,JC",,,"SUB OUT by SPENCER,JC",1,subbing out,,sewanee,"spencer,jc",,"['becker,saxton', 'turner,james', 'mancuso,logan', 'coleman,daniel', 'gagen,brennan']","['buescher,hunter', 'lee,matthew', 'barry,michael', 'born,leo', 'stone,brody', 'williams,jorden', 'born,clay']",705.0,millsaps,15,0,0.0
86,86,1165,Sewanee,Millsaps,1,50-62,"25,37","31,19",12-6,4-15,5-3,1-7,01/27/17,8:00 PM,,"Sewanee, Tenn.",Win,2,False,658,False,11:45,,12,,12,"SUB OUT by BUESCHER,HUNTER",,,"SUB OUT by BUESCHER,HUNTER",1,subbing out,,sewanee,"buescher,hunter",,"['becker,saxton', 'turner,james', 'mancuso,logan', 'coleman,daniel', 'gagen,brennan']","['lee,matthew', 'barry,michael', 'born,leo', 'stone,brody', 'williams,jorden', 'born,clay']",705.0,millsaps,15,0,0.0
87,87,1165,Sewanee,Millsaps,1,50-62,"25,37","31,19",12-6,4-15,5-3,1-7,01/27/17,8:00 PM,,"Sewanee, Tenn.",Win,2,False,658,False,11:45,,12,,12,"SUB OUT by BARRY,MICHAEL",,,"SUB OUT by BARRY,MICHAEL",1,subbing out,,sewanee,"barry,michael",,"['becker,saxton', 'turner,james', 'mancuso,logan', 'coleman,daniel', 'gagen,brennan']","['lee,matthew', 'born,leo', 'stone,brody', 'williams,jorden', 'born,clay']",705.0,millsaps,15,0,0.0
88,88,1165,Sewanee,Millsaps,1,50-62,"25,37","31,19",12-6,4-15,5-3,1-7,01/27/17,8:00 PM,,"Sewanee, Tenn.",Win,2,False,658,False,11:43,"GOOD JUMPER by BECKER,SAXTON",14,,12,,MILLSAPS 14-12 (-2),,"GOOD JUMPER by BECKER,SAXTON",1,jumper,good,millsaps,"becker,saxton",2.0,"['becker,saxton', 'turner,james', 'mancuso,logan', 'coleman,daniel', 'gagen,brennan']","['lee,matthew', 'born,leo', 'stone,brody', 'williams,jorden', 'born,clay']",703.0,millsaps,15,0,0.0
89,89,1165,Sewanee,Millsaps,1,50-62,"25,37","31,19",12-6,4-15,5-3,1-7,01/27/17,8:00 PM,,"Sewanee, Tenn.",Win,2,False,658,False,--,"ASSIST  by TURNER,JAMES",14,,12,,,,"ASSIST  by TURNER,JAMES",1,assist,,millsaps,"turner,james",,"['becker,saxton', 'turner,james', 'mancuso,logan', 'coleman,daniel', 'gagen,brennan']","['lee,matthew', 'born,leo', 'stone,brody', 'williams,jorden', 'born,clay']",,millsaps,15,0,0.0
90,90,1165,Sewanee,Millsaps,1,50-62,"25,37","31,19",12-6,4-15,5-3,1-7,01/27/17,8:00 PM,,"Sewanee, Tenn.",Win,2,False,658,False,11:12,,14,,12,"MISS JUMPER by WILLIAMS,JORDEN",,,"MISS JUMPER by WILLIAMS,JORDEN",1,jumper,missed,sewanee,"williams,jorden",,"['becker,saxton', 'turner,james', 'mancuso,logan', 'coleman,daniel', 'gagen,brennan']","['lee,matthew', 'born,leo', 'stone,brody', 'williams,jorden', 'born,clay']",672.0,millsaps,15,0,0.0
91,91,1165,Sewanee,Millsaps,1,50-62,"25,37","31,19",12-6,4-15,5-3,1-7,01/27/17,8:00 PM,,"Sewanee, Tenn.",Win,2,False,658,False,--,"REBOUND DEF by GAGEN,BRENNAN",14,,12,,,,"REBOUND DEF by GAGEN,BRENNAN",1,defensive rebound,,millsaps,"gagen,brennan",,"['becker,saxton', 'turner,james', 'mancuso,logan', 'coleman,daniel', 'gagen,brennan']","['lee,matthew', 'born,leo', 'stone,brody', 'williams,jorden', 'born,clay']",,millsaps,15,0,0.0
92,92,1165,Sewanee,Millsaps,1,50-62,"25,37","31,19",12-6,4-15,5-3,1-7,01/27/17,8:00 PM,,"Sewanee, Tenn.",Win,2,False,658,False,11:06,"MISS JUMPER by COLEMAN,DANIEL",14,,12,,,,"MISS JUMPER by COLEMAN,DANIEL",1,jumper,missed,millsaps,"coleman,daniel",,"['becker,saxton', 'turner,james', 'mancuso,logan', 'coleman,daniel', 'gagen,brennan']","['lee,matthew', 'born,leo', 'stone,brody', 'williams,jorden', 'born,clay']",666.0,millsaps,15,0,0.0
93,93,1165,Sewanee,Millsaps,1,50-62,"25,37","31,19",12-6,4-15,5-3,1-7,01/27/17,8:00 PM,,"Sewanee, Tenn.",Win,2,False,658,False,--,,14,,12,REBOUND DEF by TEAM,,,REBOUND DEF by TEAM,1,defensive rebound,,sewanee,,,"['becker,saxton', 'turner,james', 'mancuso,logan', 'coleman,daniel', 'gagen,brennan']","['lee,matthew', 'born,leo', 'stone,brody', 'williams,jorden', 'born,clay']",,sewanee,16,0,0.0
94,94,1165,Sewanee,Millsaps,1,50-62,"25,37","31,19",12-6,4-15,5-3,1-7,01/27/17,8:00 PM,,"Sewanee, Tenn.",Win,2,False,658,False,10:48,,14,,12,"MISS 3PTR by BORN,LEO",,,"MISS 3PTR by BORN,LEO",1,three pointer,missed,sewanee,"born,leo",,"['becker,saxton', 'turner,james', 'mancuso,logan', 'coleman,daniel', 'gagen,brennan']","['lee,matthew', 'born,leo', 'stone,brody', 'williams,jorden', 'born,clay']",648.0,sewanee,16,0,0.0
95,95,1165,Sewanee,Millsaps,1,50-62,"25,37","31,19",12-6,4-15,5-3,1-7,01/27/17,8:00 PM,,"Sewanee, Tenn.",Win,2,False,658,False,--,"REBOUND DEF by COLEMAN,DANIEL",14,,12,,,,"REBOUND DEF by COLEMAN,DANIEL",1,defensive rebound,,millsaps,"coleman,daniel",,"['becker,saxton', 'turner,james', 'mancuso,logan', 'coleman,daniel', 'gagen,brennan']","['lee,matthew', 'born,leo', 'stone,brody', 'williams,jorden', 'born,clay']",,sewanee,16,0,0.0
96,96,1165,Sewanee,Millsaps,1,50-62,"25,37","31,19",12-6,4-15,5-3,1-7,01/27/17,8:00 PM,,"Sewanee, Tenn.",Win,2,False,658,False,10:26,"GOOD LAYUP by TURNER,JAMES(in the paint)",16,,12,,MILLSAPS 16-12 (-4),,"GOOD LAYUP by TURNER,JAMES(in the paint)",1,layup,good,millsaps,"turner,james",2.0,"['becker,saxton', 'turner,james', 'mancuso,logan', 'coleman,daniel', 'gagen,brennan']","['lee,matthew', 'born,leo', 'stone,brody', 'williams,jorden', 'born,clay']",626.0,millsaps,17,0,0.0
97,97,1165,Sewanee,Millsaps,1,50-62,"25,37","31,19",12-6,4-15,5-3,1-7,01/27/17,8:00 PM,,"Sewanee, Tenn.",Win,2,False,658,False,10:08,,16,,12,"MISS 3PTR by WILLIAMS,JORDEN",,,"MISS 3PTR by WILLIAMS,JORDEN",1,three pointer,missed,sewanee,"williams,jorden",,"['becker,saxton', 'turner,james', 'mancuso,logan', 'coleman,daniel', 'gagen,brennan']","['lee,matthew', 'born,leo', 'stone,brody', 'williams,jorden', 'born,clay']",608.0,millsaps,17,0,0.0
98,98,1165,Sewanee,Millsaps,1,50-62,"25,37","31,19",12-6,4-15,5-3,1-7,01/27/17,8:00 PM,,"Sewanee, Tenn.",Win,2,False,658,False,--,,16,,12,"REBOUND OFF by STONE,BRODY",,,"REBOUND OFF by STONE,BRODY",1,offensive rebound,,sewanee,"stone,brody",,"['becker,saxton', 'turner,james', 'mancuso,logan', 'coleman,daniel', 'gagen,brennan']","['lee,matthew', 'born,leo', 'stone,brody', 'williams,jorden', 'born,clay']",,millsaps,17,0,0.0
99,99,1165,Sewanee,Millsaps,1,50-62,"25,37","31,19",12-6,4-15,5-3,1-7,01/27/17,8:00 PM,,"Sewanee, Tenn.",Win,2,False,658,False,10:08,,16,,14,"GOOD LAYUP by STONE,BRODY(in the paint)",SEWANEE 16-14 (-2),,"GOOD LAYUP by STONE,BRODY(in the paint)",1,layup,good,sewanee,"stone,brody",2.0,"['becker,saxton', 'turner,james', 'mancuso,logan', 'coleman,daniel', 'gagen,brennan']","['lee,matthew', 'born,leo', 'stone,brody', 'williams,jorden', 'born,clay']",608.0,millsaps,17,0,0.0
100,100,1165,Sewanee,Millsaps,1,50-62,"25,37","31,19",12-6,4-15,5-3,1-7,01/27/17,8:00 PM,,"Sewanee, Tenn.",Win,2,False,658,False,10:08,"FOUL  by COLEMAN,DANIEL",16,,14,,,,"FOUL  by COLEMAN,DANIEL",1,foul,,millsaps,"coleman,daniel",,"['becker,saxton', 'turner,james', 'mancuso,logan', 'coleman,daniel', 'gagen,brennan']","['lee,matthew', 'born,leo', 'stone,brody', 'williams,jorden', 'born,clay']",608.0,millsaps,17,0,0.0
101,101,1165,Sewanee,Millsaps,1,50-62,"25,37","31,19",12-6,4-15,5-3,1-7,01/27/17,8:00 PM,,"Sewanee, Tenn.",Win,2,False,658,False,10:08,,16,,15,"GOOD FT by STONE,BRODY",SEWANEE 16-15 (-1),,"GOOD FT by STONE,BRODY",1,free throw,good,sewanee,"stone,brody",1.0,"['becker,saxton', 'turner,james', 'mancuso,logan', 'coleman,daniel', 'gagen,brennan']","['lee,matthew', 'born,leo', 'stone,brody', 'williams,jorden', 'born,clay']",608.0,sewanee,18,0,0.0
102,102,1165,Sewanee,Millsaps,1,50-62,"25,37","31,19",12-6,4-15,5-3,1-7,01/27/17,8:00 PM,,"Sewanee, Tenn.",Win,2,False,658,False,10:08,,16,,15,"SUB IN by THOMAS,ADRIAN",,,"SUB IN by THOMAS,ADRIAN",1,subbing in,,sewanee,"thomas,adrian",,"['becker,saxton', 'turner,james', 'mancuso,logan', 'coleman,daniel', 'gagen,brennan']","['lee,matthew', 'born,leo', 'stone,brody', 'williams,jorden', 'born,clay', 'thomas,adrian']",608.0,sewanee,18,0,0.0
103,103,1165,Sewanee,Millsaps,1,50-62,"25,37","31,19",12-6,4-15,5-3,1-7,01/27/17,8:00 PM,,"Sewanee, Tenn.",Win,2,False,658,False,10:08,,16,,15,"SUB OUT by BORN,LEO",,,"SUB OUT by BORN,LEO",1,subbing out,,sewanee,"born,leo",,"['becker,saxton', 'turner,james', 'mancuso,logan', 'coleman,daniel', 'gagen,brennan']","['lee,matthew', 'stone,brody', 'williams,jorden', 'born,clay', 'thomas,adrian']",608.0,sewanee,18,0,0.0
104,104,1165,Sewanee,Millsaps,1,50-62,"25,37","31,19",12-6,4-15,5-3,1-7,01/27/17,8:00 PM,,"Sewanee, Tenn.",Win,2,False,658,False,09:37,"GOOD 3PTR by GAGEN,BRENNAN",19,,15,,MILLSAPS 19-15 (-4),,"GOOD 3PTR by GAGEN,BRENNAN",1,three pointer,good,millsaps,"gagen,brennan",3.0,"['becker,saxton', 'turner,james', 'mancuso,logan', 'coleman,daniel', 'gagen,brennan']","['lee,matthew', 'stone,brody', 'williams,jorden', 'born,clay', 'thomas,adrian']",577.0,sewanee,18,0,0.0
105,105,1165,Sewanee,Millsaps,1,50-62,"25,37","31,19",12-6,4-15,5-3,1-7,01/27/17,8:00 PM,,"Sewanee, Tenn.",Win,2,False,658,False,09:16,,19,,15,"MISS 3PTR by STONE,BRODY",,,"MISS 3PTR by STONE,BRODY",1,three pointer,missed,sewanee,"stone,brody",,"['becker,saxton', 'turner,james', 'mancuso,logan', 'coleman,daniel', 'gagen,brennan']","['lee,matthew', 'stone,brody', 'williams,jorden', 'born,clay', 'thomas,adrian']",556.0,sewanee,18,0,0.0
106,106,1165,Sewanee,Millsaps,1,50-62,"25,37","31,19",12-6,4-15,5-3,1-7,01/27/17,8:00 PM,,"Sewanee, Tenn.",Win,2,False,658,False,--,"REBOUND DEF by TURNER,JAMES",19,,15,,,,"REBOUND DEF by TURNER,JAMES",1,defensive rebound,,millsaps,"turner,james",,"['becker,saxton', 'turner,james', 'mancuso,logan', 'coleman,daniel', 'gagen,brennan']","['lee,matthew', 'stone,brody', 'williams,jorden', 'born,clay', 'thomas,adrian']",,sewanee,18,0,0.0
107,107,1165,Sewanee,Millsaps,1,50-62,"25,37","31,19",12-6,4-15,5-3,1-7,01/27/17,8:00 PM,,"Sewanee, Tenn.",Win,2,False,658,False,09:02,"MISS JUMPER by MANCUSO,LOGAN",19,,15,,,,"MISS JUMPER by MANCUSO,LOGAN",1,jumper,missed,millsaps,"mancuso,logan",,"['becker,saxton', 'turner,james', 'mancuso,logan', 'coleman,daniel', 'gagen,brennan']","['lee,matthew', 'stone,brody', 'williams,jorden', 'born,clay', 'thomas,adrian']",542.0,millsaps,19,0,0.0
108,108,1165,Sewanee,Millsaps,1,50-62,"25,37","31,19",12-6,4-15,5-3,1-7,01/27/17,8:00 PM,,"Sewanee, Tenn.",Win,2,False,658,False,--,,19,,15,"REBOUND DEF by STONE,BRODY",,,"REBOUND DEF by STONE,BRODY",1,defensive rebound,,sewanee,"stone,brody",,"['becker,saxton', 'turner,james', 'mancuso,logan', 'coleman,daniel', 'gagen,brennan']","['lee,matthew', 'stone,brody', 'williams,jorden', 'born,clay', 'thomas,adrian']",,millsaps,19,0,0.0
109,109,1165,Sewanee,Millsaps,1,50-62,"25,37","31,19",12-6,4-15,5-3,1-7,01/27/17,8:00 PM,,"Sewanee, Tenn.",Win,2,False,658,False,08:41,,19,,15,"MISS 3PTR by LEE,MATTHEW",,,"MISS 3PTR by LEE,MATTHEW",1,three pointer,missed,sewanee,"lee,matthew",,"['becker,saxton', 'turner,james', 'mancuso,logan', 'coleman,daniel', 'gagen,brennan']","['lee,matthew', 'stone,brody', 'williams,jorden', 'born,clay', 'thomas,adrian']",521.0,sewanee,20,0,0.0
110,110,1165,Sewanee,Millsaps,1,50-62,"25,37","31,19",12-6,4-15,5-3,1-7,01/27/17,8:00 PM,,"Sewanee, Tenn.",Win,2,False,658,False,--,,19,,15,"REBOUND OFF by STONE,BRODY",,,"REBOUND OFF by STONE,BRODY",1,offensive rebound,,sewanee,"stone,brody",,"['becker,saxton', 'turner,james', 'mancuso,logan', 'coleman,daniel', 'gagen,brennan']","['lee,matthew', 'stone,brody', 'williams,jorden', 'born,clay', 'thomas,adrian']",,sewanee,20,0,0.0
111,111,1165,Sewanee,Millsaps,1,50-62,"25,37","31,19",12-6,4-15,5-3,1-7,01/27/17,8:00 PM,,"Sewanee, Tenn.",Win,2,False,658,False,08:36,,19,,17,"GOOD LAYUP by THOMAS,ADRIAN(in the paint)",SEWANEE 19-17 (-2),,"GOOD LAYUP by THOMAS,ADRIAN(in the paint)",1,layup,good,sewanee,"thomas,adrian",2.0,"['becker,saxton', 'turner,james', 'mancuso,logan', 'coleman,daniel', 'gagen,brennan']","['lee,matthew', 'stone,brody', 'williams,jorden', 'born,clay', 'thomas,adrian']",516.0,sewanee,20,0,0.0
112,112,1165,Sewanee,Millsaps,1,50-62,"25,37","31,19",12-6,4-15,5-3,1-7,01/27/17,8:00 PM,,"Sewanee, Tenn.",Win,2,False,658,False,--,,19,,17,"ASSIST  by STONE,BRODY",,,"ASSIST  by STONE,BRODY",1,assist,,sewanee,"stone,brody",,"['becker,saxton', 'turner,james', 'mancuso,logan', 'coleman,daniel', 'gagen,brennan']","['lee,matthew', 'stone,brody', 'williams,jorden', 'born,clay', 'thomas,adrian']",,sewanee,20,0,0.0
113,113,1165,Sewanee,Millsaps,1,50-62,"25,37","31,19",12-6,4-15,5-3,1-7,01/27/17,8:00 PM,,"Sewanee, Tenn.",Win,2,False,658,False,08:17,,19,,17,"FOUL  by LEE,MATTHEW",,,"FOUL  by LEE,MATTHEW",1,foul,,sewanee,"lee,matthew",,"['becker,saxton', 'turner,james', 'mancuso,logan', 'coleman,daniel', 'gagen,brennan']","['lee,matthew', 'stone,brody', 'williams,jorden', 'born,clay', 'thomas,adrian']",497.0,sewanee,20,0,0.0
114,114,1165,Sewanee,Millsaps,1,50-62,"25,37","31,19",12-6,4-15,5-3,1-7,01/27/17,8:00 PM,,"Sewanee, Tenn.",Win,2,False,658,False,08:17,"SUB IN by KOHNKE,SAM",19,,17,,,,"SUB IN by KOHNKE,SAM",1,subbing in,,millsaps,"kohnke,sam",,"['becker,saxton', 'turner,james', 'mancuso,logan', 'coleman,daniel', 'gagen,brennan', 'kohnke,sam']","['lee,matthew', 'stone,brody', 'williams,jorden', 'born,clay', 'thomas,adrian']",497.0,millsaps,21,0,0.0
115,115,1165,Sewanee,Millsaps,1,50-62,"25,37","31,19",12-6,4-15,5-3,1-7,01/27/17,8:00 PM,,"Sewanee, Tenn.",Win,2,False,658,False,08:17,"SUB IN by MASON,WADE",19,,17,,,,"SUB IN by MASON,WADE",1,subbing in,,millsaps,"mason,wade",,"['becker,saxton', 'turner,james', 'mancuso,logan', 'coleman,daniel', 'gagen,brennan', 'kohnke,sam', 'mason,wade']","['lee,matthew', 'stone,brody', 'williams,jorden', 'born,clay', 'thomas,adrian']",497.0,millsaps,21,0,0.0
116,116,1165,Sewanee,Millsaps,1,50-62,"25,37","31,19",12-6,4-15,5-3,1-7,01/27/17,8:00 PM,,"Sewanee, Tenn.",Win,2,False,658,False,08:17,"SUB IN by BLANZ,BUCK",19,,17,,,,"SUB IN by BLANZ,BUCK",1,subbing in,,millsaps,"blanz,buck",,"['becker,saxton', 'turner,james', 'mancuso,logan', 'coleman,daniel', 'gagen,brennan', 'kohnke,sam', 'mason,wade', 'blanz,buck']","['lee,matthew', 'stone,brody', 'williams,jorden', 'born,clay', 'thomas,adrian']",497.0,millsaps,21,0,0.0
117,117,1165,Sewanee,Millsaps,1,50-62,"25,37","31,19",12-6,4-15,5-3,1-7,01/27/17,8:00 PM,,"Sewanee, Tenn.",Win,2,False,658,False,08:17,"SUB OUT by MANCUSO,LOGAN",19,,17,,,,"SUB OUT by MANCUSO,LOGAN",1,subbing out,,millsaps,"mancuso,logan",,"['becker,saxton', 'turner,james', 'coleman,daniel', 'gagen,brennan', 'kohnke,sam', 'mason,wade', 'blanz,buck']","['lee,matthew', 'stone,brody', 'williams,jorden', 'born,clay', 'thomas,adrian']",497.0,millsaps,21,0,0.0
118,118,1165,Sewanee,Millsaps,1,50-62,"25,37","31,19",12-6,4-15,5-3,1-7,01/27/17,8:00 PM,,"Sewanee, Tenn.",Win,2,False,658,False,08:17,"SUB OUT by BECKER,SAXTON",19,,17,,,,"SUB OUT by BECKER,SAXTON",1,subbing out,,millsaps,"becker,saxton",,"['turner,james', 'coleman,daniel', 'gagen,brennan', 'kohnke,sam', 'mason,wade', 'blanz,buck']","['lee,matthew', 'stone,brody', 'williams,jorden', 'born,clay', 'thomas,adrian']",497.0,millsaps,21,0,0.0
119,119,1165,Sewanee,Millsaps,1,50-62,"25,37","31,19",12-6,4-15,5-3,1-7,01/27/17,8:00 PM,,"Sewanee, Tenn.",Win,2,False,658,False,08:17,"SUB OUT by COLEMAN,DANIEL",19,,17,,,,"SUB OUT by COLEMAN,DANIEL",1,subbing out,,millsaps,"coleman,daniel",,"['turner,james', 'gagen,brennan', 'kohnke,sam', 'mason,wade', 'blanz,buck']","['lee,matthew', 'stone,brody', 'williams,jorden', 'born,clay', 'thomas,adrian']",497.0,millsaps,21,0,0.0
120,120,1165,Sewanee,Millsaps,1,50-62,"25,37","31,19",12-6,4-15,5-3,1-7,01/27/17,8:00 PM,,"Sewanee, Tenn.",Win,2,False,658,False,08:17,,19,,17,"SUB IN by BUESCHER,HUNTER",,,"SUB IN by BUESCHER,HUNTER",1,subbing in,,sewanee,"buescher,hunter",,"['turner,james', 'gagen,brennan', 'kohnke,sam', 'mason,wade', 'blanz,buck']","['lee,matthew', 'stone,brody', 'williams,jorden', 'born,clay', 'thomas,adrian', 'buescher,hunter']",497.0,millsaps,21,0,0.0
121,121,1165,Sewanee,Millsaps,1,50-62,"25,37","31,19",12-6,4-15,5-3,1-7,01/27/17,8:00 PM,,"Sewanee, Tenn.",Win,2,False,658,False,08:17,,19,,17,"SUB OUT by LEE,MATTHEW",,,"SUB OUT by LEE,MATTHEW",1,subbing out,,sewanee,"lee,matthew",,"['turner,james', 'gagen,brennan', 'kohnke,sam', 'mason,wade', 'blanz,buck']","['stone,brody', 'williams,jorden', 'born,clay', 'thomas,adrian', 'buescher,hunter']",497.0,millsaps,21,0,0.0
122,122,1165,Sewanee,Millsaps,1,50-62,"25,37","31,19",12-6,4-15,5-3,1-7,01/27/17,8:00 PM,,"Sewanee, Tenn.",Win,2,False,658,False,07:54,"GOOD JUMPER by BLANZ,BUCK(in the paint)",21,,17,,MILLSAPS 21-17 (-4),,"GOOD JUMPER by BLANZ,BUCK(in the paint)",1,jumper,good,millsaps,"blanz,buck",2.0,"['turner,james', 'gagen,brennan', 'kohnke,sam', 'mason,wade', 'blanz,buck']","['stone,brody', 'williams,jorden', 'born,clay', 'thomas,adrian', 'buescher,hunter']",474.0,millsaps,21,0,0.0
123,123,1165,Sewanee,Millsaps,1,50-62,"25,37","31,19",12-6,4-15,5-3,1-7,01/27/17,8:00 PM,,"Sewanee, Tenn.",Win,2,False,658,False,07:29,,21,,17,"MISS JUMPER by WILLIAMS,JORDEN",,,"MISS JUMPER by WILLIAMS,JORDEN",1,jumper,missed,sewanee,"williams,jorden",,"['turner,james', 'gagen,brennan', 'kohnke,sam', 'mason,wade', 'blanz,buck']","['stone,brody', 'williams,jorden', 'born,clay', 'thomas,adrian', 'buescher,hunter']",449.0,millsaps,21,0,0.0
124,124,1165,Sewanee,Millsaps,1,50-62,"25,37","31,19",12-6,4-15,5-3,1-7,01/27/17,8:00 PM,,"Sewanee, Tenn.",Win,2,False,658,False,--,,21,,17,"REBOUND OFF by BORN,CLAY",,,"REBOUND OFF by BORN,CLAY",1,offensive rebound,,sewanee,"born,clay",,"['turner,james', 'gagen,brennan', 'kohnke,sam', 'mason,wade', 'blanz,buck']","['stone,brody', 'williams,jorden', 'born,clay', 'thomas,adrian', 'buescher,hunter']",,millsaps,21,0,0.0
125,125,1165,Sewanee,Millsaps,1,50-62,"25,37","31,19",12-6,4-15,5-3,1-7,01/27/17,8:00 PM,,"Sewanee, Tenn.",Win,2,False,658,False,07:26,,21,,17,TIMEOUT TEAM by TEAM,,,TIMEOUT TEAM by TEAM,1,timeout,,sewanee,,,"['turner,james', 'gagen,brennan', 'kohnke,sam', 'mason,wade', 'blanz,buck']","['stone,brody', 'williams,jorden', 'born,clay', 'thomas,adrian', 'buescher,hunter']",446.0,millsaps,21,0,0.0
126,126,1165,Sewanee,Millsaps,1,50-62,"25,37","31,19",12-6,4-15,5-3,1-7,01/27/17,8:00 PM,,"Sewanee, Tenn.",Win,2,False,658,False,07:06,,21,,19,"GOOD LAYUP by BORN,CLAY(in the paint)",SEWANEE 21-19 (-2),,"GOOD LAYUP by BORN,CLAY(in the paint)",1,layup,good,sewanee,"born,clay",2.0,"['turner,james', 'gagen,brennan', 'kohnke,sam', 'mason,wade', 'blanz,buck']","['stone,brody', 'williams,jorden', 'born,clay', 'thomas,adrian', 'buescher,hunter']",426.0,millsaps,21,0,0.0
127,127,1165,Sewanee,Millsaps,1,50-62,"25,37","31,19",12-6,4-15,5-3,1-7,01/27/17,8:00 PM,,"Sewanee, Tenn.",Win,2,False,658,False,--,,21,,19,"ASSIST  by STONE,BRODY",,,"ASSIST  by STONE,BRODY",1,assist,,sewanee,"stone,brody",,"['turner,james', 'gagen,brennan', 'kohnke,sam', 'mason,wade', 'blanz,buck']","['stone,brody', 'williams,jorden', 'born,clay', 'thomas,adrian', 'buescher,hunter']",,millsaps,21,0,0.0
128,128,1165,Sewanee,Millsaps,1,50-62,"25,37","31,19",12-6,4-15,5-3,1-7,01/27/17,8:00 PM,,"Sewanee, Tenn.",Win,2,False,658,False,06:37,"GOOD JUMPER by BLANZ,BUCK",23,,19,,MILLSAPS 23-19 (-4),,"GOOD JUMPER by BLANZ,BUCK",1,jumper,good,millsaps,"blanz,buck",2.0,"['turner,james', 'gagen,brennan', 'kohnke,sam', 'mason,wade', 'blanz,buck']","['stone,brody', 'williams,jorden', 'born,clay', 'thomas,adrian', 'buescher,hunter']",397.0,millsaps,21,0,0.0
129,129,1165,Sewanee,Millsaps,1,50-62,"25,37","31,19",12-6,4-15,5-3,1-7,01/27/17,8:00 PM,,"Sewanee, Tenn.",Win,2,False,658,False,--,"ASSIST  by KOHNKE,SAM",23,,19,,,,"ASSIST  by KOHNKE,SAM",1,assist,,millsaps,"kohnke,sam",,"['turner,james', 'gagen,brennan', 'kohnke,sam', 'mason,wade', 'blanz,buck']","['stone,brody', 'williams,jorden', 'born,clay', 'thomas,adrian', 'buescher,hunter']",,millsaps,21,0,0.0
130,130,1165,Sewanee,Millsaps,1,50-62,"25,37","31,19",12-6,4-15,5-3,1-7,01/27/17,8:00 PM,,"Sewanee, Tenn.",Win,2,False,658,False,06:13,"FOUL  by GAGEN,BRENNAN",23,,19,,,,"FOUL  by GAGEN,BRENNAN",1,foul,,millsaps,"gagen,brennan",,"['turner,james', 'gagen,brennan', 'kohnke,sam', 'mason,wade', 'blanz,buck']","['stone,brody', 'williams,jorden', 'born,clay', 'thomas,adrian', 'buescher,hunter']",373.0,millsaps,21,0,0.0
131,131,1165,Sewanee,Millsaps,1,50-62,"25,37","31,19",12-6,4-15,5-3,1-7,01/27/17,8:00 PM,,"Sewanee, Tenn.",Win,2,False,658,False,06:13,,23,,19,"MISS FT by BUESCHER,HUNTER",,,"MISS FT by BUESCHER,HUNTER",1,free throw,missed,sewanee,"buescher,hunter",,"['turner,james', 'gagen,brennan', 'kohnke,sam', 'mason,wade', 'blanz,buck']","['stone,brody', 'williams,jorden', 'born,clay', 'thomas,adrian', 'buescher,hunter']",373.0,sewanee,22,0,0.0
132,132,1165,Sewanee,Millsaps,1,50-62,"25,37","31,19",12-6,4-15,5-3,1-7,01/27/17,8:00 PM,,"Sewanee, Tenn.",Win,2,False,658,False,--,,23,,19,REBOUND DEADB by TEAM,,,REBOUND DEADB by TEAM,1,deadball rebound,,sewanee,,,"['turner,james', 'gagen,brennan', 'kohnke,sam', 'mason,wade', 'blanz,buck']","['stone,brody', 'williams,jorden', 'born,clay', 'thomas,adrian', 'buescher,hunter']",,sewanee,22,0,0.0
133,133,1165,Sewanee,Millsaps,1,50-62,"25,37","31,19",12-6,4-15,5-3,1-7,01/27/17,8:00 PM,,"Sewanee, Tenn.",Win,2,False,658,False,06:13,,23,,19,"MISS FT by BUESCHER,HUNTER",,,"MISS FT by BUESCHER,HUNTER",1,free throw,missed,sewanee,"buescher,hunter",,"['turner,james', 'gagen,brennan', 'kohnke,sam', 'mason,wade', 'blanz,buck']","['stone,brody', 'williams,jorden', 'born,clay', 'thomas,adrian', 'buescher,hunter']",373.0,sewanee,22,0,0.0
134,134,1165,Sewanee,Millsaps,1,50-62,"25,37","31,19",12-6,4-15,5-3,1-7,01/27/17,8:00 PM,,"Sewanee, Tenn.",Win,2,False,658,False,--,,23,,19,"REBOUND OFF by THOMAS,ADRIAN",,,"REBOUND OFF by THOMAS,ADRIAN",1,offensive rebound,,sewanee,"thomas,adrian",,"['turner,james', 'gagen,brennan', 'kohnke,sam', 'mason,wade', 'blanz,buck']","['stone,brody', 'williams,jorden', 'born,clay', 'thomas,adrian', 'buescher,hunter']",,sewanee,22,0,0.0
135,135,1165,Sewanee,Millsaps,1,50-62,"25,37","31,19",12-6,4-15,5-3,1-7,01/27/17,8:00 PM,,"Sewanee, Tenn.",Win,2,False,658,False,06:13,"SUB IN by TULLOS,ZACHARY",23,,19,,,,"SUB IN by TULLOS,ZACHARY",1,subbing in,,millsaps,"tullos,zachary",,"['turner,james', 'gagen,brennan', 'kohnke,sam', 'mason,wade', 'blanz,buck', 'tullos,zachary']","['stone,brody', 'williams,jorden', 'born,clay', 'thomas,adrian', 'buescher,hunter']",373.0,sewanee,22,0,0.0
136,136,1165,Sewanee,Millsaps,1,50-62,"25,37","31,19",12-6,4-15,5-3,1-7,01/27/17,8:00 PM,,"Sewanee, Tenn.",Win,2,False,658,False,06:13,"SUB OUT by MASON,WADE",23,,19,,,,"SUB OUT by MASON,WADE",1,subbing out,,millsaps,"mason,wade",,"['turner,james', 'gagen,brennan', 'kohnke,sam', 'blanz,buck', 'tullos,zachary']","['stone,brody', 'williams,jorden', 'born,clay', 'thomas,adrian', 'buescher,hunter']",373.0,sewanee,22,0,0.0
137,137,1165,Sewanee,Millsaps,1,50-62,"25,37","31,19",12-6,4-15,5-3,1-7,01/27/17,8:00 PM,,"Sewanee, Tenn.",Win,2,False,658,False,06:13,,23,,19,"SUB IN by CRUMLY,JONNY",,,"SUB IN by CRUMLY,JONNY",1,subbing in,,sewanee,"crumly,jonny",,"['turner,james', 'gagen,brennan', 'kohnke,sam', 'blanz,buck', 'tullos,zachary']","['stone,brody', 'williams,jorden', 'born,clay', 'thomas,adrian', 'buescher,hunter', 'crumly,jonny']",373.0,sewanee,22,0,0.0
138,138,1165,Sewanee,Millsaps,1,50-62,"25,37","31,19",12-6,4-15,5-3,1-7,01/27/17,8:00 PM,,"Sewanee, Tenn.",Win,2,False,658,False,06:13,,23,,19,"SUB IN by BORN,LEO",,,"SUB IN by BORN,LEO",1,subbing in,,sewanee,"born,leo",,"['turner,james', 'gagen,brennan', 'kohnke,sam', 'blanz,buck', 'tullos,zachary']","['stone,brody', 'williams,jorden', 'born,clay', 'thomas,adrian', 'buescher,hunter', 'crumly,jonny', 'born,leo']",373.0,sewanee,22,0,0.0
139,139,1165,Sewanee,Millsaps,1,50-62,"25,37","31,19",12-6,4-15,5-3,1-7,01/27/17,8:00 PM,,"Sewanee, Tenn.",Win,2,False,658,False,06:13,,23,,19,"SUB OUT by STONE,BRODY",,,"SUB OUT by STONE,BRODY",1,subbing out,,sewanee,"stone,brody",,"['turner,james', 'gagen,brennan', 'kohnke,sam', 'blanz,buck', 'tullos,zachary']","['williams,jorden', 'born,clay', 'thomas,adrian', 'buescher,hunter', 'crumly,jonny', 'born,leo']",373.0,sewanee,22,0,0.0
140,140,1165,Sewanee,Millsaps,1,50-62,"25,37","31,19",12-6,4-15,5-3,1-7,01/27/17,8:00 PM,,"Sewanee, Tenn.",Win,2,False,658,False,06:13,,23,,19,"SUB OUT by WILLIAMS,JORDEN",,,"SUB OUT by WILLIAMS,JORDEN",1,subbing out,,sewanee,"williams,jorden",,"['turner,james', 'gagen,brennan', 'kohnke,sam', 'blanz,buck', 'tullos,zachary']","['born,clay', 'thomas,adrian', 'buescher,hunter', 'crumly,jonny', 'born,leo']",373.0,sewanee,22,0,0.0
141,141,1165,Sewanee,Millsaps,1,50-62,"25,37","31,19",12-6,4-15,5-3,1-7,01/27/17,8:00 PM,,"Sewanee, Tenn.",Win,2,False,658,False,06:08,,23,,21,"GOOD TIPIN by THOMAS,ADRIAN(in the paint)",SEWANEE 23-21 (-2),,"GOOD TIPIN by THOMAS,ADRIAN(in the paint)",1,tipin,good,sewanee,"thomas,adrian",2.0,"['turner,james', 'gagen,brennan', 'kohnke,sam', 'blanz,buck', 'tullos,zachary']","['born,clay', 'thomas,adrian', 'buescher,hunter', 'crumly,jonny', 'born,leo']",368.0,sewanee,22,0,0.0
142,142,1165,Sewanee,Millsaps,1,50-62,"25,37","31,19",12-6,4-15,5-3,1-7,01/27/17,8:00 PM,,"Sewanee, Tenn.",Win,2,False,658,False,05:53,"GOOD LAYUP by BLANZ,BUCK(in the paint)",25,,21,,MILLSAPS 25-21 (-4),,"GOOD LAYUP by BLANZ,BUCK(in the paint)",1,layup,good,millsaps,"blanz,buck",2.0,"['turner,james', 'gagen,brennan', 'kohnke,sam', 'blanz,buck', 'tullos,zachary']","['born,clay', 'thomas,adrian', 'buescher,hunter', 'crumly,jonny', 'born,leo']",353.0,sewanee,22,0,0.0
143,143,1165,Sewanee,Millsaps,1,50-62,"25,37","31,19",12-6,4-15,5-3,1-7,01/27/17,8:00 PM,,"Sewanee, Tenn.",Win,2,False,658,False,05:41,,25,,23,"GOOD LAYUP by THOMAS,ADRIAN(in the paint)",SEWANEE 25-23 (-2),,"GOOD LAYUP by THOMAS,ADRIAN(in the paint)",1,layup,good,sewanee,"thomas,adrian",2.0,"['turner,james', 'gagen,brennan', 'kohnke,sam', 'blanz,buck', 'tullos,zachary']","['born,clay', 'thomas,adrian', 'buescher,hunter', 'crumly,jonny', 'born,leo']",341.0,sewanee,22,0,0.0
144,144,1165,Sewanee,Millsaps,1,50-62,"25,37","31,19",12-6,4-15,5-3,1-7,01/27/17,8:00 PM,,"Sewanee, Tenn.",Win,2,False,658,False,--,,25,,23,"ASSIST  by BORN,LEO",,,"ASSIST  by BORN,LEO",1,assist,,sewanee,"born,leo",,"['turner,james', 'gagen,brennan', 'kohnke,sam', 'blanz,buck', 'tullos,zachary']","['born,clay', 'thomas,adrian', 'buescher,hunter', 'crumly,jonny', 'born,leo']",,sewanee,22,0,0.0
145,145,1165,Sewanee,Millsaps,1,50-62,"25,37","31,19",12-6,4-15,5-3,1-7,01/27/17,8:00 PM,,"Sewanee, Tenn.",Win,2,False,658,False,05:12,"MISS 3PTR by GAGEN,BRENNAN",25,,23,,,,"MISS 3PTR by GAGEN,BRENNAN",1,three pointer,missed,millsaps,"gagen,brennan",,"['turner,james', 'gagen,brennan', 'kohnke,sam', 'blanz,buck', 'tullos,zachary']","['born,clay', 'thomas,adrian', 'buescher,hunter', 'crumly,jonny', 'born,leo']",312.0,sewanee,22,0,0.0
146,146,1165,Sewanee,Millsaps,1,50-62,"25,37","31,19",12-6,4-15,5-3,1-7,01/27/17,8:00 PM,,"Sewanee, Tenn.",Win,2,False,658,False,--,,25,,23,"REBOUND DEF by BUESCHER,HUNTER",,,"REBOUND DEF by BUESCHER,HUNTER",1,defensive rebound,,sewanee,"buescher,hunter",,"['turner,james', 'gagen,brennan', 'kohnke,sam', 'blanz,buck', 'tullos,zachary']","['born,clay', 'thomas,adrian', 'buescher,hunter', 'crumly,jonny', 'born,leo']",,sewanee,22,0,0.0
147,147,1165,Sewanee,Millsaps,1,50-62,"25,37","31,19",12-6,4-15,5-3,1-7,01/27/17,8:00 PM,,"Sewanee, Tenn.",Win,2,False,658,False,04:57,,25,,23,"TURNOVER  by THOMAS,ADRIAN",,,"TURNOVER  by THOMAS,ADRIAN",1,turnover,,sewanee,"thomas,adrian",,"['turner,james', 'gagen,brennan', 'kohnke,sam', 'blanz,buck', 'tullos,zachary']","['born,clay', 'thomas,adrian', 'buescher,hunter', 'crumly,jonny', 'born,leo']",297.0,sewanee,22,0,0.0
148,148,1165,Sewanee,Millsaps,1,50-62,"25,37","31,19",12-6,4-15,5-3,1-7,01/27/17,8:00 PM,,"Sewanee, Tenn.",Win,2,False,658,False,04:52,"SUB IN by BECKER,SAXTON",25,,23,,,,"SUB IN by BECKER,SAXTON",1,subbing in,,millsaps,"becker,saxton",,"['turner,james', 'gagen,brennan', 'kohnke,sam', 'blanz,buck', 'tullos,zachary', 'becker,saxton']","['born,clay', 'thomas,adrian', 'buescher,hunter', 'crumly,jonny', 'born,leo']",292.0,millsaps,23,0,0.0
149,149,1165,Sewanee,Millsaps,1,50-62,"25,37","31,19",12-6,4-15,5-3,1-7,01/27/17,8:00 PM,,"Sewanee, Tenn.",Win,2,False,658,False,04:52,"SUB OUT by GAGEN,BRENNAN",25,,23,,,,"SUB OUT by GAGEN,BRENNAN",1,subbing out,,millsaps,"gagen,brennan",,"['turner,james', 'kohnke,sam', 'blanz,buck', 'tullos,zachary', 'becker,saxton']","['born,clay', 'thomas,adrian', 'buescher,hunter', 'crumly,jonny', 'born,leo']",292.0,millsaps,23,0,0.0
150,150,1165,Sewanee,Millsaps,1,50-62,"25,37","31,19",12-6,4-15,5-3,1-7,01/27/17,8:00 PM,,"Sewanee, Tenn.",Win,2,False,658,False,04:52,,25,,23,"SUB IN by WILLIAMS,JORDEN",,,"SUB IN by WILLIAMS,JORDEN",1,subbing in,,sewanee,"williams,jorden",,"['turner,james', 'kohnke,sam', 'blanz,buck', 'tullos,zachary', 'becker,saxton']","['born,clay', 'thomas,adrian', 'buescher,hunter', 'crumly,jonny', 'born,leo', 'williams,jorden']",292.0,millsaps,23,0,0.0
151,151,1165,Sewanee,Millsaps,1,50-62,"25,37","31,19",12-6,4-15,5-3,1-7,01/27/17,8:00 PM,,"Sewanee, Tenn.",Win,2,False,658,False,04:52,,25,,23,"SUB IN by STONE,BRODY",,,"SUB IN by STONE,BRODY",1,subbing in,,sewanee,"stone,brody",,"['turner,james', 'kohnke,sam', 'blanz,buck', 'tullos,zachary', 'becker,saxton']","['born,clay', 'thomas,adrian', 'buescher,hunter', 'crumly,jonny', 'born,leo', 'williams,jorden', 'stone,brody']",292.0,millsaps,23,0,0.0
152,152,1165,Sewanee,Millsaps,1,50-62,"25,37","31,19",12-6,4-15,5-3,1-7,01/27/17,8:00 PM,,"Sewanee, Tenn.",Win,2,False,658,False,04:52,,25,,23,"SUB OUT by THOMAS,ADRIAN",,,"SUB OUT by THOMAS,ADRIAN",1,subbing out,,sewanee,"thomas,adrian",,"['turner,james', 'kohnke,sam', 'blanz,buck', 'tullos,zachary', 'becker,saxton']","['born,clay', 'buescher,hunter', 'crumly,jonny', 'born,leo', 'williams,jorden', 'stone,brody']",292.0,millsaps,23,0,0.0
153,153,1165,Sewanee,Millsaps,1,50-62,"25,37","31,19",12-6,4-15,5-3,1-7,01/27/17,8:00 PM,,"Sewanee, Tenn.",Win,2,False,658,False,04:52,,25,,23,"SUB OUT by BORN,CLAY",,,"SUB OUT by BORN,CLAY",1,subbing out,,sewanee,"born,clay",,"['turner,james', 'kohnke,sam', 'blanz,buck', 'tullos,zachary', 'becker,saxton']","['buescher,hunter', 'crumly,jonny', 'born,leo', 'williams,jorden', 'stone,brody']",292.0,millsaps,23,0,0.0
154,154,1165,Sewanee,Millsaps,1,50-62,"25,37","31,19",12-6,4-15,5-3,1-7,01/27/17,8:00 PM,,"Sewanee, Tenn.",Win,2,False,658,False,04:33,"MISS 3PTR by TULLOS,ZACHARY",25,,23,,,,"MISS 3PTR by TULLOS,ZACHARY",1,three pointer,missed,millsaps,"tullos,zachary",,"['turner,james', 'kohnke,sam', 'blanz,buck', 'tullos,zachary', 'becker,saxton']","['buescher,hunter', 'crumly,jonny', 'born,leo', 'williams,jorden', 'stone,brody']",273.0,millsaps,23,0,0.0
155,155,1165,Sewanee,Millsaps,1,50-62,"25,37","31,19",12-6,4-15,5-3,1-7,01/27/17,8:00 PM,,"Sewanee, Tenn.",Win,2,False,658,False,--,,25,,23,"REBOUND DEF by STONE,BRODY",,,"REBOUND DEF by STONE,BRODY",1,defensive rebound,,sewanee,"stone,brody",,"['turner,james', 'kohnke,sam', 'blanz,buck', 'tullos,zachary', 'becker,saxton']","['buescher,hunter', 'crumly,jonny', 'born,leo', 'williams,jorden', 'stone,brody']",,millsaps,23,0,0.0
156,156,1165,Sewanee,Millsaps,1,50-62,"25,37","31,19",12-6,4-15,5-3,1-7,01/27/17,8:00 PM,,"Sewanee, Tenn.",Win,2,False,658,False,04:17,,25,,23,"MISS JUMPER by STONE,BRODY",,,"MISS JUMPER by STONE,BRODY",1,jumper,missed,sewanee,"stone,brody",,"['turner,james', 'kohnke,sam', 'blanz,buck', 'tullos,zachary', 'becker,saxton']","['buescher,hunter', 'crumly,jonny', 'born,leo', 'williams,jorden', 'stone,brody']",257.0,sewanee,24,0,0.0
157,157,1165,Sewanee,Millsaps,1,50-62,"25,37","31,19",12-6,4-15,5-3,1-7,01/27/17,8:00 PM,,"Sewanee, Tenn.",Win,2,False,658,False,--,"REBOUND DEF by BLANZ,BUCK",25,,23,,,,"REBOUND DEF by BLANZ,BUCK",1,defensive rebound,,millsaps,"blanz,buck",,"['turner,james', 'kohnke,sam', 'blanz,buck', 'tullos,zachary', 'becker,saxton']","['buescher,hunter', 'crumly,jonny', 'born,leo', 'williams,jorden', 'stone,brody']",,sewanee,24,0,0.0
158,158,1165,Sewanee,Millsaps,1,50-62,"25,37","31,19",12-6,4-15,5-3,1-7,01/27/17,8:00 PM,,"Sewanee, Tenn.",Win,2,False,658,False,04:07,"GOOD LAYUP by TULLOS,ZACHARY(in the paint)",27,,23,,MILLSAPS 27-23 (-4),,"GOOD LAYUP by TULLOS,ZACHARY(in the paint)",1,layup,good,millsaps,"tullos,zachary",2.0,"['turner,james', 'kohnke,sam', 'blanz,buck', 'tullos,zachary', 'becker,saxton']","['buescher,hunter', 'crumly,jonny', 'born,leo', 'williams,jorden', 'stone,brody']",247.0,millsaps,25,0,0.0
159,159,1165,Sewanee,Millsaps,1,50-62,"25,37","31,19",12-6,4-15,5-3,1-7,01/27/17,8:00 PM,,"Sewanee, Tenn.",Win,2,False,658,False,--,"ASSIST  by KOHNKE,SAM",27,,23,,,,"ASSIST  by KOHNKE,SAM",1,assist,,millsaps,"kohnke,sam",,"['turner,james', 'kohnke,sam', 'blanz,buck', 'tullos,zachary', 'becker,saxton']","['buescher,hunter', 'crumly,jonny', 'born,leo', 'williams,jorden', 'stone,brody']",,millsaps,25,0,0.0
160,160,1165,Sewanee,Millsaps,1,50-62,"25,37","31,19",12-6,4-15,5-3,1-7,01/27/17,8:00 PM,,"Sewanee, Tenn.",Win,2,False,658,False,04:07,,27,,23,"FOUL  by STONE,BRODY",,,"FOUL  by STONE,BRODY",1,foul,,sewanee,"stone,brody",,"['turner,james', 'kohnke,sam', 'blanz,buck', 'tullos,zachary', 'becker,saxton']","['buescher,hunter', 'crumly,jonny', 'born,leo', 'williams,jorden', 'stone,brody']",247.0,millsaps,25,0,0.0
161,161,1165,Sewanee,Millsaps,1,50-62,"25,37","31,19",12-6,4-15,5-3,1-7,01/27/17,8:00 PM,,"Sewanee, Tenn.",Win,2,False,658,False,04:07,"MISS FT by TULLOS,ZACHARY",27,,23,,,,"MISS FT by TULLOS,ZACHARY",1,free throw,missed,millsaps,"tullos,zachary",,"['turner,james', 'kohnke,sam', 'blanz,buck', 'tullos,zachary', 'becker,saxton']","['buescher,hunter', 'crumly,jonny', 'born,leo', 'williams,jorden', 'stone,brody']",247.0,millsaps,25,0,0.0
162,162,1165,Sewanee,Millsaps,1,50-62,"25,37","31,19",12-6,4-15,5-3,1-7,01/27/17,8:00 PM,,"Sewanee, Tenn.",Win,2,False,658,False,--,,27,,23,"REBOUND DEF by STONE,BRODY",,,"REBOUND DEF by STONE,BRODY",1,defensive rebound,,sewanee,"stone,brody",,"['turner,james', 'kohnke,sam', 'blanz,buck', 'tullos,zachary', 'becker,saxton']","['buescher,hunter', 'crumly,jonny', 'born,leo', 'williams,jorden', 'stone,brody']",,millsaps,25,0,0.0
163,163,1165,Sewanee,Millsaps,1,50-62,"25,37","31,19",12-6,4-15,5-3,1-7,01/27/17,8:00 PM,,"Sewanee, Tenn.",Win,2,False,658,False,04:07,"SUB IN by GARDNER,ROBERT",27,,23,,,,"SUB IN by GARDNER,ROBERT",1,subbing in,,millsaps,"gardner,robert",,"['turner,james', 'kohnke,sam', 'blanz,buck', 'tullos,zachary', 'becker,saxton', 'gardner,robert']","['buescher,hunter', 'crumly,jonny', 'born,leo', 'williams,jorden', 'stone,brody']",247.0,sewanee,26,0,0.0
164,164,1165,Sewanee,Millsaps,1,50-62,"25,37","31,19",12-6,4-15,5-3,1-7,01/27/17,8:00 PM,,"Sewanee, Tenn.",Win,2,False,658,False,04:07,"SUB OUT by TURNER,JAMES",27,,23,,,,"SUB OUT by TURNER,JAMES",1,subbing out,,millsaps,"turner,james",,"['kohnke,sam', 'blanz,buck', 'tullos,zachary', 'becker,saxton', 'gardner,robert']","['buescher,hunter', 'crumly,jonny', 'born,leo', 'williams,jorden', 'stone,brody']",247.0,sewanee,26,0,0.0
165,165,1165,Sewanee,Millsaps,1,50-62,"25,37","31,19",12-6,4-15,5-3,1-7,01/27/17,8:00 PM,,"Sewanee, Tenn.",Win,2,False,658,False,04:07,,27,,23,"SUB IN by CALDWELL,CAM",,,"SUB IN by CALDWELL,CAM",1,subbing in,,sewanee,"caldwell,cam",,"['kohnke,sam', 'blanz,buck', 'tullos,zachary', 'becker,saxton', 'gardner,robert']","['buescher,hunter', 'crumly,jonny', 'born,leo', 'williams,jorden', 'stone,brody', 'caldwell,cam']",247.0,sewanee,26,0,0.0
166,166,1165,Sewanee,Millsaps,1,50-62,"25,37","31,19",12-6,4-15,5-3,1-7,01/27/17,8:00 PM,,"Sewanee, Tenn.",Win,2,False,658,False,04:07,,27,,23,"SUB OUT by CRUMLY,JONNY",,,"SUB OUT by CRUMLY,JONNY",1,subbing out,,sewanee,"crumly,jonny",,"['kohnke,sam', 'blanz,buck', 'tullos,zachary', 'becker,saxton', 'gardner,robert']","['buescher,hunter', 'born,leo', 'williams,jorden', 'stone,brody', 'caldwell,cam']",247.0,sewanee,26,0,0.0
167,167,1165,Sewanee,Millsaps,1,50-62,"25,37","31,19",12-6,4-15,5-3,1-7,01/27/17,8:00 PM,,"Sewanee, Tenn.",Win,2,False,658,False,03:42,,27,,25,"GOOD LAYUP by STONE,BRODY(in the paint)",SEWANEE 27-25 (-2),,"GOOD LAYUP by STONE,BRODY(in the paint)",1,layup,good,sewanee,"stone,brody",2.0,"['kohnke,sam', 'blanz,buck', 'tullos,zachary', 'becker,saxton', 'gardner,robert']","['buescher,hunter', 'born,leo', 'williams,jorden', 'stone,brody', 'caldwell,cam']",222.0,sewanee,26,0,0.0
168,168,1165,Sewanee,Millsaps,1,50-62,"25,37","31,19",12-6,4-15,5-3,1-7,01/27/17,8:00 PM,,"Sewanee, Tenn.",Win,2,False,658,False,03:10,"TURNOVER  by BLANZ,BUCK",27,,25,,,,"TURNOVER  by BLANZ,BUCK",1,turnover,,millsaps,"blanz,buck",,"['kohnke,sam', 'blanz,buck', 'tullos,zachary', 'becker,saxton', 'gardner,robert']","['buescher,hunter', 'born,leo', 'williams,jorden', 'stone,brody', 'caldwell,cam']",190.0,sewanee,26,0,0.0
169,169,1165,Sewanee,Millsaps,1,50-62,"25,37","31,19",12-6,4-15,5-3,1-7,01/27/17,8:00 PM,,"Sewanee, Tenn.",Win,2,False,658,False,03:09,,27,,25,"STEAL  by STONE,BRODY",,,"STEAL  by STONE,BRODY",1,steal,,sewanee,,,"['kohnke,sam', 'blanz,buck', 'tullos,zachary', 'becker,saxton', 'gardner,robert']","['buescher,hunter', 'born,leo', 'williams,jorden', 'stone,brody', 'caldwell,cam']",189.0,sewanee,26,0,0.0
170,170,1165,Sewanee,Millsaps,1,50-62,"25,37","31,19",12-6,4-15,5-3,1-7,01/27/17,8:00 PM,,"Sewanee, Tenn.",Win,2,False,658,False,03:03,,27,,25,"TURNOVER  by WILLIAMS,JORDEN",,,"TURNOVER  by WILLIAMS,JORDEN",1,turnover,,sewanee,"williams,jorden",,"['kohnke,sam', 'blanz,buck', 'tullos,zachary', 'becker,saxton', 'gardner,robert']","['buescher,hunter', 'born,leo', 'williams,jorden', 'stone,brody', 'caldwell,cam']",183.0,sewanee,26,0,0.0
171,171,1165,Sewanee,Millsaps,1,50-62,"25,37","31,19",12-6,4-15,5-3,1-7,01/27/17,8:00 PM,,"Sewanee, Tenn.",Win,2,False,658,False,03:02,"STEAL  by TULLOS,ZACHARY",27,,25,,,,"STEAL  by TULLOS,ZACHARY",1,steal,,millsaps,,,"['kohnke,sam', 'blanz,buck', 'tullos,zachary', 'becker,saxton', 'gardner,robert']","['buescher,hunter', 'born,leo', 'williams,jorden', 'stone,brody', 'caldwell,cam']",182.0,sewanee,26,0,0.0
172,172,1165,Sewanee,Millsaps,1,50-62,"25,37","31,19",12-6,4-15,5-3,1-7,01/27/17,8:00 PM,,"Sewanee, Tenn.",Win,2,False,658,False,02:56,"MISS JUMPER by KOHNKE,SAM",27,,25,,,,"MISS JUMPER by KOHNKE,SAM",1,jumper,missed,millsaps,"kohnke,sam",,"['kohnke,sam', 'blanz,buck', 'tullos,zachary', 'becker,saxton', 'gardner,robert']","['buescher,hunter', 'born,leo', 'williams,jorden', 'stone,brody', 'caldwell,cam']",176.0,millsaps,27,0,0.0
173,173,1165,Sewanee,Millsaps,1,50-62,"25,37","31,19",12-6,4-15,5-3,1-7,01/27/17,8:00 PM,,"Sewanee, Tenn.",Win,2,False,658,False,--,"REBOUND OFF by BLANZ,BUCK",27,,25,,,,"REBOUND OFF by BLANZ,BUCK",1,offensive rebound,,millsaps,"blanz,buck",,"['kohnke,sam', 'blanz,buck', 'tullos,zachary', 'becker,saxton', 'gardner,robert']","['buescher,hunter', 'born,leo', 'williams,jorden', 'stone,brody', 'caldwell,cam']",,millsaps,27,0,0.0
174,174,1165,Sewanee,Millsaps,1,50-62,"25,37","31,19",12-6,4-15,5-3,1-7,01/27/17,8:00 PM,,"Sewanee, Tenn.",Win,2,False,658,False,02:51,"GOOD LAYUP by BLANZ,BUCK(in the paint)",29,,25,,MILLSAPS 29-25 (-4),,"GOOD LAYUP by BLANZ,BUCK(in the paint)",1,layup,good,millsaps,"blanz,buck",2.0,"['kohnke,sam', 'blanz,buck', 'tullos,zachary', 'becker,saxton', 'gardner,robert']","['buescher,hunter', 'born,leo', 'williams,jorden', 'stone,brody', 'caldwell,cam']",171.0,millsaps,27,0,0.0
175,175,1165,Sewanee,Millsaps,1,50-62,"25,37","31,19",12-6,4-15,5-3,1-7,01/27/17,8:00 PM,,"Sewanee, Tenn.",Win,2,False,658,False,02:32,,29,,25,"TURNOVER  by BUESCHER,HUNTER",,,"TURNOVER  by BUESCHER,HUNTER",1,turnover,,sewanee,"buescher,hunter",,"['kohnke,sam', 'blanz,buck', 'tullos,zachary', 'becker,saxton', 'gardner,robert']","['buescher,hunter', 'born,leo', 'williams,jorden', 'stone,brody', 'caldwell,cam']",152.0,millsaps,27,0,0.0
176,176,1165,Sewanee,Millsaps,1,50-62,"25,37","31,19",12-6,4-15,5-3,1-7,01/27/17,8:00 PM,,"Sewanee, Tenn.",Win,2,False,658,False,02:31,"STEAL  by KOHNKE,SAM",29,,25,,,,"STEAL  by KOHNKE,SAM",1,steal,,millsaps,,,"['kohnke,sam', 'blanz,buck', 'tullos,zachary', 'becker,saxton', 'gardner,robert']","['buescher,hunter', 'born,leo', 'williams,jorden', 'stone,brody', 'caldwell,cam']",151.0,millsaps,27,0,0.0
177,177,1165,Sewanee,Millsaps,1,50-62,"25,37","31,19",12-6,4-15,5-3,1-7,01/27/17,8:00 PM,,"Sewanee, Tenn.",Win,2,False,658,False,02:24,,29,,25,"FOUL  by BUESCHER,HUNTER",,,"FOUL  by BUESCHER,HUNTER",1,foul,,sewanee,"buescher,hunter",,"['kohnke,sam', 'blanz,buck', 'tullos,zachary', 'becker,saxton', 'gardner,robert']","['buescher,hunter', 'born,leo', 'williams,jorden', 'stone,brody', 'caldwell,cam']",144.0,millsaps,27,0,0.0
178,178,1165,Sewanee,Millsaps,1,50-62,"25,37","31,19",12-6,4-15,5-3,1-7,01/27/17,8:00 PM,,"Sewanee, Tenn.",Win,2,False,658,False,02:24,,29,,25,TIMEOUT TEAM by TEAM,,,TIMEOUT TEAM by TEAM,1,timeout,,sewanee,,,"['kohnke,sam', 'blanz,buck', 'tullos,zachary', 'becker,saxton', 'gardner,robert']","['buescher,hunter', 'born,leo', 'williams,jorden', 'stone,brody', 'caldwell,cam']",144.0,millsaps,27,0,0.0
179,179,1165,Sewanee,Millsaps,1,50-62,"25,37","31,19",12-6,4-15,5-3,1-7,01/27/17,8:00 PM,,"Sewanee, Tenn.",Win,2,False,658,False,02:13,"MISS 3PTR by BECKER,SAXTON",29,,25,,,,"MISS 3PTR by BECKER,SAXTON",1,three pointer,missed,millsaps,"becker,saxton",,"['kohnke,sam', 'blanz,buck', 'tullos,zachary', 'becker,saxton', 'gardner,robert']","['buescher,hunter', 'born,leo', 'williams,jorden', 'stone,brody', 'caldwell,cam']",133.0,millsaps,27,0,0.0
180,180,1165,Sewanee,Millsaps,1,50-62,"25,37","31,19",12-6,4-15,5-3,1-7,01/27/17,8:00 PM,,"Sewanee, Tenn.",Win,2,False,658,False,--,,29,,25,"REBOUND DEF by CALDWELL,CAM",,,"REBOUND DEF by CALDWELL,CAM",1,defensive rebound,,sewanee,"caldwell,cam",,"['kohnke,sam', 'blanz,buck', 'tullos,zachary', 'becker,saxton', 'gardner,robert']","['buescher,hunter', 'born,leo', 'williams,jorden', 'stone,brody', 'caldwell,cam']",,millsaps,27,0,0.0
181,181,1165,Sewanee,Millsaps,1,50-62,"25,37","31,19",12-6,4-15,5-3,1-7,01/27/17,8:00 PM,,"Sewanee, Tenn.",Win,2,False,658,False,01:49,,29,,25,"TURNOVER  by BORN,LEO",,,"TURNOVER  by BORN,LEO",1,turnover,,sewanee,"born,leo",,"['kohnke,sam', 'blanz,buck', 'tullos,zachary', 'becker,saxton', 'gardner,robert']","['buescher,hunter', 'born,leo', 'williams,jorden', 'stone,brody', 'caldwell,cam']",109.0,sewanee,28,0,0.0
182,182,1165,Sewanee,Millsaps,1,50-62,"25,37","31,19",12-6,4-15,5-3,1-7,01/27/17,8:00 PM,,"Sewanee, Tenn.",Win,2,False,658,False,01:49,,29,,25,"SUB IN by BORN,CLAY",,,"SUB IN by BORN,CLAY",1,subbing in,,sewanee,"born,clay",,"['kohnke,sam', 'blanz,buck', 'tullos,zachary', 'becker,saxton', 'gardner,robert']","['buescher,hunter', 'born,leo', 'williams,jorden', 'stone,brody', 'caldwell,cam', 'born,clay']",109.0,millsaps,29,0,0.0
183,183,1165,Sewanee,Millsaps,1,50-62,"25,37","31,19",12-6,4-15,5-3,1-7,01/27/17,8:00 PM,,"Sewanee, Tenn.",Win,2,False,658,False,01:49,,29,,25,"SUB OUT by WILLIAMS,JORDEN",,,"SUB OUT by WILLIAMS,JORDEN",1,subbing out,,sewanee,"williams,jorden",,"['kohnke,sam', 'blanz,buck', 'tullos,zachary', 'becker,saxton', 'gardner,robert']","['buescher,hunter', 'born,leo', 'stone,brody', 'caldwell,cam', 'born,clay']",109.0,millsaps,29,0,0.0
184,184,1165,Sewanee,Millsaps,1,50-62,"25,37","31,19",12-6,4-15,5-3,1-7,01/27/17,8:00 PM,,"Sewanee, Tenn.",Win,2,False,658,False,01:41,"MISS 3PTR by GARDNER,ROBERT",29,,25,,,,"MISS 3PTR by GARDNER,ROBERT",1,three pointer,missed,millsaps,"gardner,robert",,"['kohnke,sam', 'blanz,buck', 'tullos,zachary', 'becker,saxton', 'gardner,robert']","['buescher,hunter', 'born,leo', 'stone,brody', 'caldwell,cam', 'born,clay']",101.0,millsaps,29,0,0.0
185,185,1165,Sewanee,Millsaps,1,50-62,"25,37","31,19",12-6,4-15,5-3,1-7,01/27/17,8:00 PM,,"Sewanee, Tenn.",Win,2,False,658,False,--,,29,,25,"REBOUND DEF by BORN,CLAY",,,"REBOUND DEF by BORN,CLAY",1,defensive rebound,,sewanee,"born,clay",,"['kohnke,sam', 'blanz,buck', 'tullos,zachary', 'becker,saxton', 'gardner,robert']","['buescher,hunter', 'born,leo', 'stone,brody', 'caldwell,cam', 'born,clay']",,millsaps,29,0,0.0
186,186,1165,Sewanee,Millsaps,1,50-62,"25,37","31,19",12-6,4-15,5-3,1-7,01/27/17,8:00 PM,,"Sewanee, Tenn.",Win,2,False,658,False,01:19,"SUB IN by TURNER,JAMES",29,,25,,,,"SUB IN by TURNER,JAMES",1,subbing in,,millsaps,"turner,james",,"['kohnke,sam', 'blanz,buck', 'tullos,zachary', 'becker,saxton', 'gardner,robert', 'turner,james']","['buescher,hunter', 'born,leo', 'stone,brody', 'caldwell,cam', 'born,clay']",79.0,sewanee,30,0,0.0
187,187,1165,Sewanee,Millsaps,1,50-62,"25,37","31,19",12-6,4-15,5-3,1-7,01/27/17,8:00 PM,,"Sewanee, Tenn.",Win,2,False,658,False,01:19,"SUB OUT by BECKER,SAXTON",29,,25,,,,"SUB OUT by BECKER,SAXTON",1,subbing out,,millsaps,"becker,saxton",,"['kohnke,sam', 'blanz,buck', 'tullos,zachary', 'gardner,robert', 'turner,james']","['buescher,hunter', 'born,leo', 'stone,brody', 'caldwell,cam', 'born,clay']",79.0,sewanee,30,0,0.0
188,188,1165,Sewanee,Millsaps,1,50-62,"25,37","31,19",12-6,4-15,5-3,1-7,01/27/17,8:00 PM,,"Sewanee, Tenn.",Win,2,False,658,False,01:08,,29,,25,"MISS 3PTR by BORN,CLAY",,,"MISS 3PTR by BORN,CLAY",1,three pointer,missed,sewanee,"born,clay",,"['kohnke,sam', 'blanz,buck', 'tullos,zachary', 'gardner,robert', 'turner,james']","['buescher,hunter', 'born,leo', 'stone,brody', 'caldwell,cam', 'born,clay']",68.0,sewanee,30,0,0.0
189,189,1165,Sewanee,Millsaps,1,50-62,"25,37","31,19",12-6,4-15,5-3,1-7,01/27/17,8:00 PM,,"Sewanee, Tenn.",Win,2,False,658,False,--,"REBOUND DEF by TULLOS,ZACHARY",29,,25,,,,"REBOUND DEF by TULLOS,ZACHARY",1,defensive rebound,,millsaps,"tullos,zachary",,"['kohnke,sam', 'blanz,buck', 'tullos,zachary', 'gardner,robert', 'turner,james']","['buescher,hunter', 'born,leo', 'stone,brody', 'caldwell,cam', 'born,clay']",,sewanee,30,0,0.0
190,190,1165,Sewanee,Millsaps,1,50-62,"25,37","31,19",12-6,4-15,5-3,1-7,01/27/17,8:00 PM,,"Sewanee, Tenn.",Win,2,False,658,False,00:51,"GOOD JUMPER by TULLOS,ZACHARY",31,,25,,MILLSAPS 31-25 (-6),,"GOOD JUMPER by TULLOS,ZACHARY",1,jumper,good,millsaps,"tullos,zachary",2.0,"['kohnke,sam', 'blanz,buck', 'tullos,zachary', 'gardner,robert', 'turner,james']","['buescher,hunter', 'born,leo', 'stone,brody', 'caldwell,cam', 'born,clay']",51.0,millsaps,31,0,0.0
191,191,1165,Sewanee,Millsaps,1,50-62,"25,37","31,19",12-6,4-15,5-3,1-7,01/27/17,8:00 PM,,"Sewanee, Tenn.",Win,2,False,658,False,--,"ASSIST  by KOHNKE,SAM",31,,25,,,,"ASSIST  by KOHNKE,SAM",1,assist,,millsaps,"kohnke,sam",,"['kohnke,sam', 'blanz,buck', 'tullos,zachary', 'gardner,robert', 'turner,james']","['buescher,hunter', 'born,leo', 'stone,brody', 'caldwell,cam', 'born,clay']",,millsaps,31,0,0.0
192,192,1165,Sewanee,Millsaps,1,50-62,"25,37","31,19",12-6,4-15,5-3,1-7,01/27/17,8:00 PM,,"Sewanee, Tenn.",Win,2,False,658,False,00:39,,31,,25,TIMEOUT 30SEC by TEAM,,,TIMEOUT 30SEC by TEAM,1,timeout,,sewanee,,,"['kohnke,sam', 'blanz,buck', 'tullos,zachary', 'gardner,robert', 'turner,james']","['buescher,hunter', 'born,leo', 'stone,brody', 'caldwell,cam', 'born,clay']",39.0,millsaps,31,0,0.0
193,193,1165,Sewanee,Millsaps,1,50-62,"25,37","31,19",12-6,4-15,5-3,1-7,01/27/17,8:00 PM,,"Sewanee, Tenn.",Win,2,False,658,False,00:39,,31,,25,"SUB IN by WILLIAMS,JORDEN",,,"SUB IN by WILLIAMS,JORDEN",1,subbing in,,sewanee,"williams,jorden",,"['kohnke,sam', 'blanz,buck', 'tullos,zachary', 'gardner,robert', 'turner,james']","['buescher,hunter', 'born,leo', 'stone,brody', 'caldwell,cam', 'born,clay', 'williams,jorden']",39.0,millsaps,31,0,0.0
194,194,1165,Sewanee,Millsaps,1,50-62,"25,37","31,19",12-6,4-15,5-3,1-7,01/27/17,8:00 PM,,"Sewanee, Tenn.",Win,2,False,658,False,00:39,,31,,25,"SUB OUT by CALDWELL,CAM",,,"SUB OUT by CALDWELL,CAM",1,subbing out,,sewanee,"caldwell,cam",,"['kohnke,sam', 'blanz,buck', 'tullos,zachary', 'gardner,robert', 'turner,james']","['buescher,hunter', 'born,leo', 'stone,brody', 'born,clay', 'williams,jorden']",39.0,millsaps,31,0,0.0
195,195,1165,Sewanee,Millsaps,1,50-62,"25,37","31,19",12-6,4-15,5-3,1-7,01/27/17,8:00 PM,,"Sewanee, Tenn.",Win,2,False,658,False,00:21,TIMEOUT 30SEC by TEAM,31,,25,,,,TIMEOUT 30SEC by TEAM,1,timeout,,millsaps,,,"['kohnke,sam', 'blanz,buck', 'tullos,zachary', 'gardner,robert', 'turner,james']","['buescher,hunter', 'born,leo', 'stone,brody', 'born,clay', 'williams,jorden']",21.0,millsaps,31,0,0.0
196,196,1165,Sewanee,Millsaps,1,50-62,"25,37","31,19",12-6,4-15,5-3,1-7,01/27/17,8:00 PM,,"Sewanee, Tenn.",Win,2,False,658,False,00:21,"TURNOVER  by BURT,DERRICK",31,,25,,,,"TURNOVER  by BURT,DERRICK",1,turnover,,millsaps,"burt,derrick",,"['kohnke,sam', 'blanz,buck', 'tullos,zachary', 'gardner,robert', 'turner,james']","['buescher,hunter', 'born,leo', 'stone,brody', 'born,clay', 'williams,jorden']",21.0,millsaps,31,0,0.0
197,197,1165,Sewanee,Millsaps,1,50-62,"25,37","31,19",12-6,4-15,5-3,1-7,01/27/17,8:00 PM,,"Sewanee, Tenn.",Win,2,False,658,False,00:21,,31,,25,"SUB IN by CALDWELL,CAM",,,"SUB IN by CALDWELL,CAM",1,subbing in,,sewanee,"caldwell,cam",,"['kohnke,sam', 'blanz,buck', 'tullos,zachary', 'gardner,robert', 'turner,james']","['buescher,hunter', 'born,leo', 'stone,brody', 'born,clay', 'williams,jorden', 'caldwell,cam']",21.0,sewanee,32,0,0.0
198,198,1165,Sewanee,Millsaps,1,50-62,"25,37","31,19",12-6,4-15,5-3,1-7,01/27/17,8:00 PM,,"Sewanee, Tenn.",Win,2,False,658,False,00:21,,31,,25,"SUB IN by THOMAS,ADRIAN",,,"SUB IN by THOMAS,ADRIAN",1,subbing in,,sewanee,"thomas,adrian",,"['kohnke,sam', 'blanz,buck', 'tullos,zachary', 'gardner,robert', 'turner,james']","['buescher,hunter', 'born,leo', 'stone,brody', 'born,clay', 'williams,jorden', 'caldwell,cam', 'thomas,adrian']",21.0,sewanee,32,0,0.0
199,199,1165,Sewanee,Millsaps,1,50-62,"25,37","31,19",12-6,4-15,5-3,1-7,01/27/17,8:00 PM,,"Sewanee, Tenn.",Win,2,False,658,False,00:21,,31,,25,"SUB OUT by BORN,LEO",,,"SUB OUT by BORN,LEO",1,subbing out,,sewanee,"born,leo",,"['kohnke,sam', 'blanz,buck', 'tullos,zachary', 'gardner,robert', 'turner,james']","['buescher,hunter', 'stone,brody', 'born,clay', 'williams,jorden', 'caldwell,cam', 'thomas,adrian']",21.0,sewanee,32,0,0.0
200,200,1165,Sewanee,Millsaps,1,50-62,"25,37","31,19",12-6,4-15,5-3,1-7,01/27/17,8:00 PM,,"Sewanee, Tenn.",Win,2,False,658,False,00:21,,31,,25,"SUB OUT by STONE,BRODY",,,"SUB OUT by STONE,BRODY",1,subbing out,,sewanee,"stone,brody",,"['kohnke,sam', 'blanz,buck', 'tullos,zachary', 'gardner,robert', 'turner,james']","['buescher,hunter', 'born,clay', 'williams,jorden', 'caldwell,cam', 'thomas,adrian']",21.0,sewanee,32,0,0.0
201,201,1165,Sewanee,Millsaps,1,50-62,"25,37","31,19",12-6,4-15,5-3,1-7,01/27/17,8:00 PM,,"Sewanee, Tenn.",Win,2,False,658,False,00:00,,31,,25,"TURNOVER  by WILLIAMS,JORDEN",,,"TURNOVER  by WILLIAMS,JORDEN",1,turnover,,sewanee,"williams,jorden",,"['kohnke,sam', 'blanz,buck', 'tullos,zachary', 'gardner,robert', 'turner,james']","['buescher,hunter', 'born,clay', 'williams,jorden', 'caldwell,cam', 'thomas,adrian']",0.0,sewanee,32,0,0.0
202,202,1165,Sewanee,Millsaps,1,50-62,"25,37","31,19",12-6,4-15,5-3,1-7,01/27/17,8:00 PM,,"Sewanee, Tenn.",Win,2,False,658,False,19:50,,31,,25,"FOUL  by THOMAS,ADRIAN",,,"FOUL  by THOMAS,ADRIAN",2,foul,,sewanee,"thomas,adrian",,"['kohnke,sam', 'blanz,buck', 'tullos,zachary', 'gardner,robert', 'turner,james']","['buescher,hunter', 'born,clay', 'williams,jorden', 'caldwell,cam', 'thomas,adrian']",1190.0,millsaps,33,0,0.0
203,203,1165,Sewanee,Millsaps,1,50-62,"25,37","31,19",12-6,4-15,5-3,1-7,01/27/17,8:00 PM,,"Sewanee, Tenn.",Win,2,False,658,False,19:34,"GOOD JUMPER by TULLOS,ZACHARY",33,,25,,MILLSAPS 33-25 (-8),,"GOOD JUMPER by TULLOS,ZACHARY",2,jumper,good,millsaps,"tullos,zachary",2.0,"['kohnke,sam', 'blanz,buck', 'tullos,zachary', 'gardner,robert', 'turner,james']","['buescher,hunter', 'born,clay', 'williams,jorden', 'caldwell,cam', 'thomas,adrian']",1174.0,millsaps,33,0,0.0
204,204,1165,Sewanee,Millsaps,1,50-62,"25,37","31,19",12-6,4-15,5-3,1-7,01/27/17,8:00 PM,,"Sewanee, Tenn.",Win,2,False,658,False,--,"ASSIST  by BLANZ,BUCK",33,,25,,,,"ASSIST  by BLANZ,BUCK",2,assist,,millsaps,"blanz,buck",,"['kohnke,sam', 'blanz,buck', 'tullos,zachary', 'gardner,robert', 'turner,james']","['buescher,hunter', 'born,clay', 'williams,jorden', 'caldwell,cam', 'thomas,adrian']",,millsaps,33,0,0.0
205,205,1165,Sewanee,Millsaps,1,50-62,"25,37","31,19",12-6,4-15,5-3,1-7,01/27/17,8:00 PM,,"Sewanee, Tenn.",Win,2,False,658,False,19:18,,33,,27,"GOOD LAYUP by STONE,BRODY(in the paint)",SEWANEE 33-27 (-6),,"GOOD LAYUP by STONE,BRODY(in the paint)",2,layup,good,sewanee,"stone,brody",2.0,"['kohnke,sam', 'blanz,buck', 'tullos,zachary', 'gardner,robert', 'turner,james']","['buescher,hunter', 'born,clay', 'williams,jorden', 'caldwell,cam', 'thomas,adrian']",1158.0,millsaps,33,0,0.0
206,206,1165,Sewanee,Millsaps,1,50-62,"25,37","31,19",12-6,4-15,5-3,1-7,01/27/17,8:00 PM,,"Sewanee, Tenn.",Win,2,False,658,False,--,,33,,27,"ASSIST  by WILLIAMS,JORDEN",,,"ASSIST  by WILLIAMS,JORDEN",2,assist,,sewanee,"williams,jorden",,"['kohnke,sam', 'blanz,buck', 'tullos,zachary', 'gardner,robert', 'turner,james']","['buescher,hunter', 'born,clay', 'williams,jorden', 'caldwell,cam', 'thomas,adrian']",,millsaps,33,0,0.0
207,207,1165,Sewanee,Millsaps,1,50-62,"25,37","31,19",12-6,4-15,5-3,1-7,01/27/17,8:00 PM,,"Sewanee, Tenn.",Win,2,False,658,False,19:05,"MISS LAYUP by GARDNER,ROBERT",33,,27,,,,"MISS LAYUP by GARDNER,ROBERT",2,layup,missed,millsaps,"gardner,robert",,"['kohnke,sam', 'blanz,buck', 'tullos,zachary', 'gardner,robert', 'turner,james']","['buescher,hunter', 'born,clay', 'williams,jorden', 'caldwell,cam', 'thomas,adrian']",1145.0,millsaps,33,0,0.0
208,208,1165,Sewanee,Millsaps,1,50-62,"25,37","31,19",12-6,4-15,5-3,1-7,01/27/17,8:00 PM,,"Sewanee, Tenn.",Win,2,False,658,False,--,,33,,27,"REBOUND DEF by THOMAS,ADRIAN",,,"REBOUND DEF by THOMAS,ADRIAN",2,defensive rebound,,sewanee,"thomas,adrian",,"['kohnke,sam', 'blanz,buck', 'tullos,zachary', 'gardner,robert', 'turner,james']","['buescher,hunter', 'born,clay', 'williams,jorden', 'caldwell,cam', 'thomas,adrian']",,millsaps,33,0,0.0
209,209,1165,Sewanee,Millsaps,1,50-62,"25,37","31,19",12-6,4-15,5-3,1-7,01/27/17,8:00 PM,,"Sewanee, Tenn.",Win,2,False,658,False,18:44,,33,,27,"TURNOVER  by THOMAS,ADRIAN",,,"TURNOVER  by THOMAS,ADRIAN",2,turnover,,sewanee,"thomas,adrian",,"['kohnke,sam', 'blanz,buck', 'tullos,zachary', 'gardner,robert', 'turner,james']","['buescher,hunter', 'born,clay', 'williams,jorden', 'caldwell,cam', 'thomas,adrian']",1124.0,sewanee,34,0,0.0
210,210,1165,Sewanee,Millsaps,1,50-62,"25,37","31,19",12-6,4-15,5-3,1-7,01/27/17,8:00 PM,,"Sewanee, Tenn.",Win,2,False,658,False,18:43,"STEAL  by BLANZ,BUCK",33,,27,,,,"STEAL  by BLANZ,BUCK",2,steal,,millsaps,,,"['kohnke,sam', 'blanz,buck', 'tullos,zachary', 'gardner,robert', 'turner,james']","['buescher,hunter', 'born,clay', 'williams,jorden', 'caldwell,cam', 'thomas,adrian']",1123.0,sewanee,34,0,0.0
211,211,1165,Sewanee,Millsaps,1,50-62,"25,37","31,19",12-6,4-15,5-3,1-7,01/27/17,8:00 PM,,"Sewanee, Tenn.",Win,2,False,658,False,18:37,"MISS 3PTR by KOHNKE,SAM",33,,27,,,,"MISS 3PTR by KOHNKE,SAM",2,three pointer,missed,millsaps,"kohnke,sam",,"['kohnke,sam', 'blanz,buck', 'tullos,zachary', 'gardner,robert', 'turner,james']","['buescher,hunter', 'born,clay', 'williams,jorden', 'caldwell,cam', 'thomas,adrian']",1117.0,millsaps,35,0,0.0
212,212,1165,Sewanee,Millsaps,1,50-62,"25,37","31,19",12-6,4-15,5-3,1-7,01/27/17,8:00 PM,,"Sewanee, Tenn.",Win,2,False,658,False,--,,33,,27,"REBOUND DEF by BORN,LEO",,,"REBOUND DEF by BORN,LEO",2,defensive rebound,,sewanee,"born,leo",,"['kohnke,sam', 'blanz,buck', 'tullos,zachary', 'gardner,robert', 'turner,james']","['buescher,hunter', 'born,clay', 'williams,jorden', 'caldwell,cam', 'thomas,adrian']",,millsaps,35,0,0.0
213,213,1165,Sewanee,Millsaps,1,50-62,"25,37","31,19",12-6,4-15,5-3,1-7,01/27/17,8:00 PM,,"Sewanee, Tenn.",Win,2,False,658,False,18:19,,33,,27,"MISS 3PTR by WILLIAMS,JORDEN",,,"MISS 3PTR by WILLIAMS,JORDEN",2,three pointer,missed,sewanee,"williams,jorden",,"['kohnke,sam', 'blanz,buck', 'tullos,zachary', 'gardner,robert', 'turner,james']","['buescher,hunter', 'born,clay', 'williams,jorden', 'caldwell,cam', 'thomas,adrian']",1099.0,sewanee,36,0,0.0
214,214,1165,Sewanee,Millsaps,1,50-62,"25,37","31,19",12-6,4-15,5-3,1-7,01/27/17,8:00 PM,,"Sewanee, Tenn.",Win,2,False,658,False,--,,33,,27,"REBOUND OFF by BORN,CLAY",,,"REBOUND OFF by BORN,CLAY",2,offensive rebound,,sewanee,"born,clay",,"['kohnke,sam', 'blanz,buck', 'tullos,zachary', 'gardner,robert', 'turner,james']","['buescher,hunter', 'born,clay', 'williams,jorden', 'caldwell,cam', 'thomas,adrian']",,sewanee,36,0,0.0
215,215,1165,Sewanee,Millsaps,1,50-62,"25,37","31,19",12-6,4-15,5-3,1-7,01/27/17,8:00 PM,,"Sewanee, Tenn.",Win,2,False,658,False,18:07,,33,,29,"GOOD LAYUP by STONE,BRODY(in the paint)",SEWANEE 33-29 (-4),,"GOOD LAYUP by STONE,BRODY(in the paint)",2,layup,good,sewanee,"stone,brody",2.0,"['kohnke,sam', 'blanz,buck', 'tullos,zachary', 'gardner,robert', 'turner,james']","['buescher,hunter', 'born,clay', 'williams,jorden', 'caldwell,cam', 'thomas,adrian']",1087.0,sewanee,36,0,0.0
216,216,1165,Sewanee,Millsaps,1,50-62,"25,37","31,19",12-6,4-15,5-3,1-7,01/27/17,8:00 PM,,"Sewanee, Tenn.",Win,2,False,658,False,--,,33,,29,"ASSIST  by THOMAS,ADRIAN",,,"ASSIST  by THOMAS,ADRIAN",2,assist,,sewanee,"thomas,adrian",,"['kohnke,sam', 'blanz,buck', 'tullos,zachary', 'gardner,robert', 'turner,james']","['buescher,hunter', 'born,clay', 'williams,jorden', 'caldwell,cam', 'thomas,adrian']",,sewanee,36,0,0.0
217,217,1165,Sewanee,Millsaps,1,50-62,"25,37","31,19",12-6,4-15,5-3,1-7,01/27/17,8:00 PM,,"Sewanee, Tenn.",Win,2,False,658,False,17:37,"MISS JUMPER by TULLOS,ZACHARY",33,,29,,,,"MISS JUMPER by TULLOS,ZACHARY",2,jumper,missed,millsaps,"tullos,zachary",,"['kohnke,sam', 'blanz,buck', 'tullos,zachary', 'gardner,robert', 'turner,james']","['buescher,hunter', 'born,clay', 'williams,jorden', 'caldwell,cam', 'thomas,adrian']",1057.0,sewanee,36,0,0.0
218,218,1165,Sewanee,Millsaps,1,50-62,"25,37","31,19",12-6,4-15,5-3,1-7,01/27/17,8:00 PM,,"Sewanee, Tenn.",Win,2,False,658,False,--,,33,,29,"REBOUND DEF by STONE,BRODY",,,"REBOUND DEF by STONE,BRODY",2,defensive rebound,,sewanee,"stone,brody",,"['kohnke,sam', 'blanz,buck', 'tullos,zachary', 'gardner,robert', 'turner,james']","['buescher,hunter', 'born,clay', 'williams,jorden', 'caldwell,cam', 'thomas,adrian']",,sewanee,36,0,0.0
219,219,1165,Sewanee,Millsaps,1,50-62,"25,37","31,19",12-6,4-15,5-3,1-7,01/27/17,8:00 PM,,"Sewanee, Tenn.",Win,2,False,658,False,17:21,,33,,29,"TURNOVER  by BORN,LEO",,,"TURNOVER  by BORN,LEO",2,turnover,,sewanee,"born,leo",,"['kohnke,sam', 'blanz,buck', 'tullos,zachary', 'gardner,robert', 'turner,james']","['buescher,hunter', 'born,clay', 'williams,jorden', 'caldwell,cam', 'thomas,adrian']",1041.0,sewanee,36,0,0.0
220,220,1165,Sewanee,Millsaps,1,50-62,"25,37","31,19",12-6,4-15,5-3,1-7,01/27/17,8:00 PM,,"Sewanee, Tenn.",Win,2,False,658,False,17:06,"FOUL  by GARDNER,ROBERT",33,,29,,,,"FOUL  by GARDNER,ROBERT",2,foul,,millsaps,"gardner,robert",,"['kohnke,sam', 'blanz,buck', 'tullos,zachary', 'gardner,robert', 'turner,james']","['buescher,hunter', 'born,clay', 'williams,jorden', 'caldwell,cam', 'thomas,adrian']",1026.0,millsaps,37,0,0.0
221,221,1165,Sewanee,Millsaps,1,50-62,"25,37","31,19",12-6,4-15,5-3,1-7,01/27/17,8:00 PM,,"Sewanee, Tenn.",Win,2,False,658,False,17:06,"TURNOVER  by GARDNER,ROBERT",33,,29,,,,"TURNOVER  by GARDNER,ROBERT",2,turnover,,millsaps,"gardner,robert",,"['kohnke,sam', 'blanz,buck', 'tullos,zachary', 'gardner,robert', 'turner,james']","['buescher,hunter', 'born,clay', 'williams,jorden', 'caldwell,cam', 'thomas,adrian']",1026.0,millsaps,37,0,0.0
222,222,1165,Sewanee,Millsaps,1,50-62,"25,37","31,19",12-6,4-15,5-3,1-7,01/27/17,8:00 PM,,"Sewanee, Tenn.",Win,2,False,658,False,16:48,"FOUL  by BLANZ,BUCK",33,,29,,,,"FOUL  by BLANZ,BUCK",2,foul,,millsaps,"blanz,buck",,"['kohnke,sam', 'blanz,buck', 'tullos,zachary', 'gardner,robert', 'turner,james']","['buescher,hunter', 'born,clay', 'williams,jorden', 'caldwell,cam', 'thomas,adrian']",1008.0,sewanee,38,0,0.0
223,223,1165,Sewanee,Millsaps,1,50-62,"25,37","31,19",12-6,4-15,5-3,1-7,01/27/17,8:00 PM,,"Sewanee, Tenn.",Win,2,False,658,False,16:48,,33,,30,"GOOD FT by THOMAS,ADRIAN",SEWANEE 33-30 (-3),,"GOOD FT by THOMAS,ADRIAN",2,free throw,good,sewanee,"thomas,adrian",1.0,"['kohnke,sam', 'blanz,buck', 'tullos,zachary', 'gardner,robert', 'turner,james']","['buescher,hunter', 'born,clay', 'williams,jorden', 'caldwell,cam', 'thomas,adrian']",1008.0,sewanee,38,0,0.0
224,224,1165,Sewanee,Millsaps,1,50-62,"25,37","31,19",12-6,4-15,5-3,1-7,01/27/17,8:00 PM,,"Sewanee, Tenn.",Win,2,False,658,False,16:48,,33,,31,"GOOD FT by THOMAS,ADRIAN",SEWANEE 33-31 (-2),,"GOOD FT by THOMAS,ADRIAN",2,free throw,good,sewanee,"thomas,adrian",1.0,"['kohnke,sam', 'blanz,buck', 'tullos,zachary', 'gardner,robert', 'turner,james']","['buescher,hunter', 'born,clay', 'williams,jorden', 'caldwell,cam', 'thomas,adrian']",1008.0,sewanee,38,0,0.0
225,225,1165,Sewanee,Millsaps,1,50-62,"25,37","31,19",12-6,4-15,5-3,1-7,01/27/17,8:00 PM,,"Sewanee, Tenn.",Win,2,False,658,False,16:48,"SUB IN by TURNER,JAMES",33,,31,,,,"SUB IN by TURNER,JAMES",2,subbing in,,millsaps,"turner,james",,"['kohnke,sam', 'blanz,buck', 'tullos,zachary', 'gardner,robert', 'turner,james']","['buescher,hunter', 'born,clay', 'williams,jorden', 'caldwell,cam', 'thomas,adrian']",1008.0,sewanee,38,0,0.0
226,226,1165,Sewanee,Millsaps,1,50-62,"25,37","31,19",12-6,4-15,5-3,1-7,01/27/17,8:00 PM,,"Sewanee, Tenn.",Win,2,False,658,False,16:48,"SUB OUT by GARDNER,ROBERT",33,,31,,,,"SUB OUT by GARDNER,ROBERT",2,subbing out,,millsaps,"gardner,robert",,"['kohnke,sam', 'blanz,buck', 'tullos,zachary', 'gardner,robert', 'turner,james']","['buescher,hunter', 'born,clay', 'williams,jorden', 'caldwell,cam', 'thomas,adrian']",1008.0,sewanee,38,0,0.0
227,227,1165,Sewanee,Millsaps,1,50-62,"25,37","31,19",12-6,4-15,5-3,1-7,01/27/17,8:00 PM,,"Sewanee, Tenn.",Win,2,False,658,False,16:31,,33,,31,"FOUL  by THOMAS,ADRIAN",,,"FOUL  by THOMAS,ADRIAN",2,foul,,sewanee,"thomas,adrian",,"['kohnke,sam', 'blanz,buck', 'tullos,zachary', 'gardner,robert', 'turner,james']","['buescher,hunter', 'born,clay', 'williams,jorden', 'caldwell,cam', 'thomas,adrian']",991.0,sewanee,38,0,0.0
228,228,1165,Sewanee,Millsaps,1,50-62,"25,37","31,19",12-6,4-15,5-3,1-7,01/27/17,8:00 PM,,"Sewanee, Tenn.",Win,2,False,658,False,16:26,"MISS JUMPER by TULLOS,ZACHARY",33,,31,,,,"MISS JUMPER by TULLOS,ZACHARY",2,jumper,missed,millsaps,"tullos,zachary",,"['kohnke,sam', 'blanz,buck', 'tullos,zachary', 'gardner,robert', 'turner,james']","['buescher,hunter', 'born,clay', 'williams,jorden', 'caldwell,cam', 'thomas,adrian']",986.0,millsaps,39,0,0.0
229,229,1165,Sewanee,Millsaps,1,50-62,"25,37","31,19",12-6,4-15,5-3,1-7,01/27/17,8:00 PM,,"Sewanee, Tenn.",Win,2,False,658,False,--,,33,,31,"REBOUND DEF by WILLIAMS,JORDEN",,,"REBOUND DEF by WILLIAMS,JORDEN",2,defensive rebound,,sewanee,"williams,jorden",,"['kohnke,sam', 'blanz,buck', 'tullos,zachary', 'gardner,robert', 'turner,james']","['buescher,hunter', 'born,clay', 'williams,jorden', 'caldwell,cam', 'thomas,adrian']",,millsaps,39,0,0.0
230,230,1165,Sewanee,Millsaps,1,50-62,"25,37","31,19",12-6,4-15,5-3,1-7,01/27/17,8:00 PM,,"Sewanee, Tenn.",Win,2,False,658,False,16:10,,33,,31,"TURNOVER  by STONE,BRODY",,,"TURNOVER  by STONE,BRODY",2,turnover,,sewanee,"stone,brody",,"['kohnke,sam', 'blanz,buck', 'tullos,zachary', 'gardner,robert', 'turner,james']","['buescher,hunter', 'born,clay', 'williams,jorden', 'caldwell,cam', 'thomas,adrian']",970.0,sewanee,40,0,0.0
231,231,1165,Sewanee,Millsaps,1,50-62,"25,37","31,19",12-6,4-15,5-3,1-7,01/27/17,8:00 PM,,"Sewanee, Tenn.",Win,2,False,658,False,15:45,"MISS JUMPER by BLANZ,BUCK",33,,31,,,,"MISS JUMPER by BLANZ,BUCK",2,jumper,missed,millsaps,"blanz,buck",,"['kohnke,sam', 'blanz,buck', 'tullos,zachary', 'gardner,robert', 'turner,james']","['buescher,hunter', 'born,clay', 'williams,jorden', 'caldwell,cam', 'thomas,adrian']",945.0,millsaps,41,0,0.0
232,232,1165,Sewanee,Millsaps,1,50-62,"25,37","31,19",12-6,4-15,5-3,1-7,01/27/17,8:00 PM,,"Sewanee, Tenn.",Win,2,False,658,False,--,,33,,31,"REBOUND DEF by STONE,BRODY",,,"REBOUND DEF by STONE,BRODY",2,defensive rebound,,sewanee,"stone,brody",,"['kohnke,sam', 'blanz,buck', 'tullos,zachary', 'gardner,robert', 'turner,james']","['buescher,hunter', 'born,clay', 'williams,jorden', 'caldwell,cam', 'thomas,adrian']",,millsaps,41,0,0.0
233,233,1165,Sewanee,Millsaps,1,50-62,"25,37","31,19",12-6,4-15,5-3,1-7,01/27/17,8:00 PM,,"Sewanee, Tenn.",Win,2,False,658,False,15:34,,33,,31,"MISS LAYUP by THOMAS,ADRIAN",,,"MISS LAYUP by THOMAS,ADRIAN",2,layup,missed,sewanee,"thomas,adrian",,"['kohnke,sam', 'blanz,buck', 'tullos,zachary', 'gardner,robert', 'turner,james']","['buescher,hunter', 'born,clay', 'williams,jorden', 'caldwell,cam', 'thomas,adrian']",934.0,sewanee,42,0,0.0
234,234,1165,Sewanee,Millsaps,1,50-62,"25,37","31,19",12-6,4-15,5-3,1-7,01/27/17,8:00 PM,,"Sewanee, Tenn.",Win,2,False,658,False,--,,33,,31,"REBOUND OFF by THOMAS,ADRIAN",,,"REBOUND OFF by THOMAS,ADRIAN",2,offensive rebound,,sewanee,"thomas,adrian",,"['kohnke,sam', 'blanz,buck', 'tullos,zachary', 'gardner,robert', 'turner,james']","['buescher,hunter', 'born,clay', 'williams,jorden', 'caldwell,cam', 'thomas,adrian']",,sewanee,42,0,0.0
235,235,1165,Sewanee,Millsaps,1,50-62,"25,37","31,19",12-6,4-15,5-3,1-7,01/27/17,8:00 PM,,"Sewanee, Tenn.",Win,2,False,658,False,15:30,,33,,33,"GOOD LAYUP by THOMAS,ADRIAN(in the paint)",SEWANEE 33-33 (0),,"GOOD LAYUP by THOMAS,ADRIAN(in the paint)",2,layup,good,sewanee,"thomas,adrian",2.0,"['kohnke,sam', 'blanz,buck', 'tullos,zachary', 'gardner,robert', 'turner,james']","['buescher,hunter', 'born,clay', 'williams,jorden', 'caldwell,cam', 'thomas,adrian']",930.0,sewanee,42,0,0.0
236,236,1165,Sewanee,Millsaps,1,50-62,"25,37","31,19",12-6,4-15,5-3,1-7,01/27/17,8:00 PM,,"Sewanee, Tenn.",Win,2,False,658,False,15:20,"MISS LAYUP by TURNER,JAMES",33,,33,,,,"MISS LAYUP by TURNER,JAMES",2,layup,missed,millsaps,"turner,james",,"['kohnke,sam', 'blanz,buck', 'tullos,zachary', 'gardner,robert', 'turner,james']","['buescher,hunter', 'born,clay', 'williams,jorden', 'caldwell,cam', 'thomas,adrian']",920.0,sewanee,42,0,0.0
237,237,1165,Sewanee,Millsaps,1,50-62,"25,37","31,19",12-6,4-15,5-3,1-7,01/27/17,8:00 PM,,"Sewanee, Tenn.",Win,2,False,658,False,--,,33,,33,"REBOUND DEF by STONE,BRODY",,,"REBOUND DEF by STONE,BRODY",2,defensive rebound,,sewanee,"stone,brody",,"['kohnke,sam', 'blanz,buck', 'tullos,zachary', 'gardner,robert', 'turner,james']","['buescher,hunter', 'born,clay', 'williams,jorden', 'caldwell,cam', 'thomas,adrian']",,sewanee,42,0,0.0
238,238,1165,Sewanee,Millsaps,1,50-62,"25,37","31,19",12-6,4-15,5-3,1-7,01/27/17,8:00 PM,,"Sewanee, Tenn.",Win,2,False,658,False,15:14,"FOUL  by TURNER,JAMES",33,,33,,,,"FOUL  by TURNER,JAMES",2,foul,,millsaps,"turner,james",,"['kohnke,sam', 'blanz,buck', 'tullos,zachary', 'gardner,robert', 'turner,james']","['buescher,hunter', 'born,clay', 'williams,jorden', 'caldwell,cam', 'thomas,adrian']",914.0,sewanee,42,0,0.0
239,239,1165,Sewanee,Millsaps,1,50-62,"25,37","31,19",12-6,4-15,5-3,1-7,01/27/17,8:00 PM,,"Sewanee, Tenn.",Win,2,False,658,False,15:14,,33,,33,TIMEOUT TEAM by TEAM,,,TIMEOUT TEAM by TEAM,2,timeout,,sewanee,,,"['kohnke,sam', 'blanz,buck', 'tullos,zachary', 'gardner,robert', 'turner,james']","['buescher,hunter', 'born,clay', 'williams,jorden', 'caldwell,cam', 'thomas,adrian']",914.0,sewanee,42,0,0.0
240,240,1165,Sewanee,Millsaps,1,50-62,"25,37","31,19",12-6,4-15,5-3,1-7,01/27/17,8:00 PM,,"Sewanee, Tenn.",Win,2,False,658,False,15:14,"SUB IN by BECKER,SAXTON",33,,33,,,,"SUB IN by BECKER,SAXTON",2,subbing in,,millsaps,"becker,saxton",,"['kohnke,sam', 'blanz,buck', 'tullos,zachary', 'gardner,robert', 'turner,james', 'becker,saxton']","['buescher,hunter', 'born,clay', 'williams,jorden', 'caldwell,cam', 'thomas,adrian']",914.0,sewanee,42,0,0.0
241,241,1165,Sewanee,Millsaps,1,50-62,"25,37","31,19",12-6,4-15,5-3,1-7,01/27/17,8:00 PM,,"Sewanee, Tenn.",Win,2,False,658,False,15:14,"SUB OUT by TULLOS,ZACHARY",33,,33,,,,"SUB OUT by TULLOS,ZACHARY",2,subbing out,,millsaps,"tullos,zachary",,"['kohnke,sam', 'blanz,buck', 'gardner,robert', 'turner,james', 'becker,saxton']","['buescher,hunter', 'born,clay', 'williams,jorden', 'caldwell,cam', 'thomas,adrian']",914.0,sewanee,42,0,0.0
242,242,1165,Sewanee,Millsaps,1,50-62,"25,37","31,19",12-6,4-15,5-3,1-7,01/27/17,8:00 PM,,"Sewanee, Tenn.",Win,2,False,658,False,15:14,,33,,33,"SUB IN by SPENCER,JC",,,"SUB IN by SPENCER,JC",2,subbing in,,sewanee,"spencer,jc",,"['kohnke,sam', 'blanz,buck', 'gardner,robert', 'turner,james', 'becker,saxton']","['buescher,hunter', 'born,clay', 'williams,jorden', 'caldwell,cam', 'thomas,adrian', 'spencer,jc']",914.0,sewanee,42,0,0.0
243,243,1165,Sewanee,Millsaps,1,50-62,"25,37","31,19",12-6,4-15,5-3,1-7,01/27/17,8:00 PM,,"Sewanee, Tenn.",Win,2,False,658,False,15:14,,33,,33,"SUB IN by LEE,MATTHEW",,,"SUB IN by LEE,MATTHEW",2,subbing in,,sewanee,"lee,matthew",,"['kohnke,sam', 'blanz,buck', 'gardner,robert', 'turner,james', 'becker,saxton']","['buescher,hunter', 'born,clay', 'williams,jorden', 'caldwell,cam', 'thomas,adrian', 'spencer,jc', 'lee,matthew']",914.0,sewanee,42,0,0.0
244,244,1165,Sewanee,Millsaps,1,50-62,"25,37","31,19",12-6,4-15,5-3,1-7,01/27/17,8:00 PM,,"Sewanee, Tenn.",Win,2,False,658,False,15:14,,33,,33,"SUB OUT by STONE,BRODY",,,"SUB OUT by STONE,BRODY",2,subbing out,,sewanee,"stone,brody",,"['kohnke,sam', 'blanz,buck', 'gardner,robert', 'turner,james', 'becker,saxton']","['buescher,hunter', 'born,clay', 'williams,jorden', 'caldwell,cam', 'thomas,adrian', 'spencer,jc', 'lee,matthew']",914.0,sewanee,42,0,0.0
245,245,1165,Sewanee,Millsaps,1,50-62,"25,37","31,19",12-6,4-15,5-3,1-7,01/27/17,8:00 PM,,"Sewanee, Tenn.",Win,2,False,658,False,15:14,,33,,33,"SUB OUT by THOMAS,ADRIAN",,,"SUB OUT by THOMAS,ADRIAN",2,subbing out,,sewanee,"thomas,adrian",,"['kohnke,sam', 'blanz,buck', 'gardner,robert', 'turner,james', 'becker,saxton']","['buescher,hunter', 'born,clay', 'williams,jorden', 'caldwell,cam', 'thomas,adrian', 'spencer,jc', 'lee,matthew']",914.0,sewanee,42,0,0.0
246,246,1165,Sewanee,Millsaps,1,50-62,"25,37","31,19",12-6,4-15,5-3,1-7,01/27/17,8:00 PM,,"Sewanee, Tenn.",Win,2,False,658,False,14:50,,33,,35,"GOOD LAYUP by LEE,MATTHEW(in the paint)",SEWANEE 33-35 (+2),,"GOOD LAYUP by LEE,MATTHEW(in the paint)",2,layup,good,sewanee,"lee,matthew",2.0,"['kohnke,sam', 'blanz,buck', 'gardner,robert', 'turner,james', 'becker,saxton']","['buescher,hunter', 'born,clay', 'williams,jorden', 'caldwell,cam', 'thomas,adrian', 'spencer,jc', 'lee,matthew']",890.0,sewanee,42,0,0.0
247,247,1165,Sewanee,Millsaps,1,50-62,"25,37","31,19",12-6,4-15,5-3,1-7,01/27/17,8:00 PM,,"Sewanee, Tenn.",Win,2,False,658,False,14:25,"MISS JUMPER by BECKER,SAXTON",33,,35,,,,"MISS JUMPER by BECKER,SAXTON",2,jumper,missed,millsaps,"becker,saxton",,"['kohnke,sam', 'blanz,buck', 'gardner,robert', 'turner,james', 'becker,saxton']","['buescher,hunter', 'born,clay', 'williams,jorden', 'caldwell,cam', 'thomas,adrian', 'spencer,jc', 'lee,matthew']",865.0,sewanee,42,0,0.0
248,248,1165,Sewanee,Millsaps,1,50-62,"25,37","31,19",12-6,4-15,5-3,1-7,01/27/17,8:00 PM,,"Sewanee, Tenn.",Win,2,False,658,False,--,,33,,35,"REBOUND DEF by BORN,CLAY",,,"REBOUND DEF by BORN,CLAY",2,defensive rebound,,sewanee,"born,clay",,"['kohnke,sam', 'blanz,buck', 'gardner,robert', 'turner,james', 'becker,saxton']","['buescher,hunter', 'born,clay', 'williams,jorden', 'caldwell,cam', 'thomas,adrian', 'spencer,jc', 'lee,matthew']",,sewanee,42,0,0.0
249,249,1165,Sewanee,Millsaps,1,50-62,"25,37","31,19",12-6,4-15,5-3,1-7,01/27/17,8:00 PM,,"Sewanee, Tenn.",Win,2,False,658,False,14:14,"FOUL  by GAGEN,BRENNAN",33,,35,,,,"FOUL  by GAGEN,BRENNAN",2,foul,,millsaps,"gagen,brennan",,"['kohnke,sam', 'blanz,buck', 'gardner,robert', 'turner,james', 'becker,saxton']","['buescher,hunter', 'born,clay', 'williams,jorden', 'caldwell,cam', 'thomas,adrian', 'spencer,jc', 'lee,matthew']",854.0,sewanee,42,0,0.0
250,250,1165,Sewanee,Millsaps,1,50-62,"25,37","31,19",12-6,4-15,5-3,1-7,01/27/17,8:00 PM,,"Sewanee, Tenn.",Win,2,False,658,False,14:14,,33,,35,"SUB IN by BUESCHER,HUNTER",,,"SUB IN by BUESCHER,HUNTER",2,subbing in,,sewanee,"buescher,hunter",,"['kohnke,sam', 'blanz,buck', 'gardner,robert', 'turner,james', 'becker,saxton']","['buescher,hunter', 'born,clay', 'williams,jorden', 'caldwell,cam', 'thomas,adrian', 'spencer,jc', 'lee,matthew']",854.0,sewanee,42,0,0.0
251,251,1165,Sewanee,Millsaps,1,50-62,"25,37","31,19",12-6,4-15,5-3,1-7,01/27/17,8:00 PM,,"Sewanee, Tenn.",Win,2,False,658,False,14:14,,33,,35,"SUB OUT by BORN,CLAY",,,"SUB OUT by BORN,CLAY",2,subbing out,,sewanee,"born,clay",,"['kohnke,sam', 'blanz,buck', 'gardner,robert', 'turner,james', 'becker,saxton']","['buescher,hunter', 'born,clay', 'williams,jorden', 'caldwell,cam', 'thomas,adrian', 'spencer,jc', 'lee,matthew']",854.0,sewanee,42,0,0.0
252,252,1165,Sewanee,Millsaps,1,50-62,"25,37","31,19",12-6,4-15,5-3,1-7,01/27/17,8:00 PM,,"Sewanee, Tenn.",Win,2,False,658,False,13:47,,33,,37,"GOOD LAYUP by BUESCHER,HUNTER(in the paint)",SEWANEE 33-37 (+4),,"GOOD LAYUP by BUESCHER,HUNTER(in the paint)",2,layup,good,sewanee,"buescher,hunter",2.0,"['kohnke,sam', 'blanz,buck', 'gardner,robert', 'turner,james', 'becker,saxton']","['buescher,hunter', 'born,clay', 'williams,jorden', 'caldwell,cam', 'thomas,adrian', 'spencer,jc', 'lee,matthew']",827.0,sewanee,42,0,0.0
253,253,1165,Sewanee,Millsaps,1,50-62,"25,37","31,19",12-6,4-15,5-3,1-7,01/27/17,8:00 PM,,"Sewanee, Tenn.",Win,2,False,658,False,13:27,"MISS JUMPER by TURNER,JAMES",33,,37,,,,"MISS JUMPER by TURNER,JAMES",2,jumper,missed,millsaps,"turner,james",,"['kohnke,sam', 'blanz,buck', 'gardner,robert', 'turner,james', 'becker,saxton']","['buescher,hunter', 'born,clay', 'williams,jorden', 'caldwell,cam', 'thomas,adrian', 'spencer,jc', 'lee,matthew']",807.0,sewanee,42,0,0.0
254,254,1165,Sewanee,Millsaps,1,50-62,"25,37","31,19",12-6,4-15,5-3,1-7,01/27/17,8:00 PM,,"Sewanee, Tenn.",Win,2,False,658,False,--,,33,,37,"REBOUND DEF by SPENCER,JC",,,"REBOUND DEF by SPENCER,JC",2,defensive rebound,,sewanee,"spencer,jc",,"['kohnke,sam', 'blanz,buck', 'gardner,robert', 'turner,james', 'becker,saxton']","['buescher,hunter', 'born,clay', 'williams,jorden', 'caldwell,cam', 'thomas,adrian', 'spencer,jc', 'lee,matthew']",,sewanee,42,0,0.0
255,255,1165,Sewanee,Millsaps,1,50-62,"25,37","31,19",12-6,4-15,5-3,1-7,01/27/17,8:00 PM,,"Sewanee, Tenn.",Win,2,False,658,False,13:04,,33,,39,"GOOD LAYUP by BORN,LEO(in the paint)",SEWANEE 33-39 (+6),,"GOOD LAYUP by BORN,LEO(in the paint)",2,layup,good,sewanee,"born,leo",2.0,"['kohnke,sam', 'blanz,buck', 'gardner,robert', 'turner,james', 'becker,saxton']","['buescher,hunter', 'born,clay', 'williams,jorden', 'caldwell,cam', 'thomas,adrian', 'spencer,jc', 'lee,matthew']",784.0,sewanee,42,0,0.0
256,256,1165,Sewanee,Millsaps,1,50-62,"25,37","31,19",12-6,4-15,5-3,1-7,01/27/17,8:00 PM,,"Sewanee, Tenn.",Win,2,False,658,False,--,,33,,39,"ASSIST  by LEE,MATTHEW",,,"ASSIST  by LEE,MATTHEW",2,assist,,sewanee,"lee,matthew",,"['kohnke,sam', 'blanz,buck', 'gardner,robert', 'turner,james', 'becker,saxton']","['buescher,hunter', 'born,clay', 'williams,jorden', 'caldwell,cam', 'thomas,adrian', 'spencer,jc', 'lee,matthew']",,sewanee,42,0,0.0
257,257,1165,Sewanee,Millsaps,1,50-62,"25,37","31,19",12-6,4-15,5-3,1-7,01/27/17,8:00 PM,,"Sewanee, Tenn.",Win,2,False,658,False,13:04,"FOUL  by GAGEN,BRENNAN",33,,39,,,,"FOUL  by GAGEN,BRENNAN",2,foul,,millsaps,"gagen,brennan",,"['kohnke,sam', 'blanz,buck', 'gardner,robert', 'turner,james', 'becker,saxton']","['buescher,hunter', 'born,clay', 'williams,jorden', 'caldwell,cam', 'thomas,adrian', 'spencer,jc', 'lee,matthew']",784.0,sewanee,42,0,0.0
258,258,1165,Sewanee,Millsaps,1,50-62,"25,37","31,19",12-6,4-15,5-3,1-7,01/27/17,8:00 PM,,"Sewanee, Tenn.",Win,2,False,658,False,13:04,,33,,40,"GOOD FT by BORN,LEO",SEWANEE 33-40 (+7),,"GOOD FT by BORN,LEO",2,free throw,good,sewanee,"born,leo",1.0,"['kohnke,sam', 'blanz,buck', 'gardner,robert', 'turner,james', 'becker,saxton']","['buescher,hunter', 'born,clay', 'williams,jorden', 'caldwell,cam', 'thomas,adrian', 'spencer,jc', 'lee,matthew']",784.0,sewanee,42,0,0.0
259,259,1165,Sewanee,Millsaps,1,50-62,"25,37","31,19",12-6,4-15,5-3,1-7,01/27/17,8:00 PM,,"Sewanee, Tenn.",Win,2,False,658,False,13:04,"SUB IN by COLEMAN,DANIEL",33,,40,,,,"SUB IN by COLEMAN,DANIEL",2,subbing in,,millsaps,"coleman,daniel",,"['kohnke,sam', 'blanz,buck', 'gardner,robert', 'turner,james', 'becker,saxton', 'coleman,daniel']","['buescher,hunter', 'born,clay', 'williams,jorden', 'caldwell,cam', 'thomas,adrian', 'spencer,jc', 'lee,matthew']",784.0,sewanee,42,0,0.0
260,260,1165,Sewanee,Millsaps,1,50-62,"25,37","31,19",12-6,4-15,5-3,1-7,01/27/17,8:00 PM,,"Sewanee, Tenn.",Win,2,False,658,False,13:04,"SUB IN by MANCUSO,LOGAN",33,,40,,,,"SUB IN by MANCUSO,LOGAN",2,subbing in,,millsaps,"mancuso,logan",,"['kohnke,sam', 'blanz,buck', 'gardner,robert', 'turner,james', 'becker,saxton', 'coleman,daniel', 'mancuso,logan']","['buescher,hunter', 'born,clay', 'williams,jorden', 'caldwell,cam', 'thomas,adrian', 'spencer,jc', 'lee,matthew']",784.0,sewanee,42,0,0.0
261,261,1165,Sewanee,Millsaps,1,50-62,"25,37","31,19",12-6,4-15,5-3,1-7,01/27/17,8:00 PM,,"Sewanee, Tenn.",Win,2,False,658,False,13:04,"SUB IN by GARDNER,ROBERT",33,,40,,,,"SUB IN by GARDNER,ROBERT",2,subbing in,,millsaps,"gardner,robert",,"['kohnke,sam', 'blanz,buck', 'gardner,robert', 'turner,james', 'becker,saxton', 'coleman,daniel', 'mancuso,logan']","['buescher,hunter', 'born,clay', 'williams,jorden', 'caldwell,cam', 'thomas,adrian', 'spencer,jc', 'lee,matthew']",784.0,sewanee,42,0,0.0
262,262,1165,Sewanee,Millsaps,1,50-62,"25,37","31,19",12-6,4-15,5-3,1-7,01/27/17,8:00 PM,,"Sewanee, Tenn.",Win,2,False,658,False,13:04,"SUB OUT by BLANZ,BUCK",33,,40,,,,"SUB OUT by BLANZ,BUCK",2,subbing out,,millsaps,"blanz,buck",,"['kohnke,sam', 'blanz,buck', 'gardner,robert', 'turner,james', 'becker,saxton', 'coleman,daniel', 'mancuso,logan']","['buescher,hunter', 'born,clay', 'williams,jorden', 'caldwell,cam', 'thomas,adrian', 'spencer,jc', 'lee,matthew']",784.0,sewanee,42,0,0.0
263,263,1165,Sewanee,Millsaps,1,50-62,"25,37","31,19",12-6,4-15,5-3,1-7,01/27/17,8:00 PM,,"Sewanee, Tenn.",Win,2,False,658,False,13:04,"SUB OUT by TURNER,JAMES",33,,40,,,,"SUB OUT by TURNER,JAMES",2,subbing out,,millsaps,"turner,james",,"['kohnke,sam', 'blanz,buck', 'gardner,robert', 'becker,saxton', 'coleman,daniel', 'mancuso,logan']","['buescher,hunter', 'born,clay', 'williams,jorden', 'caldwell,cam', 'thomas,adrian', 'spencer,jc', 'lee,matthew']",784.0,sewanee,42,0,0.0
264,264,1165,Sewanee,Millsaps,1,50-62,"25,37","31,19",12-6,4-15,5-3,1-7,01/27/17,8:00 PM,,"Sewanee, Tenn.",Win,2,False,658,False,13:04,"SUB OUT by GAGEN,BRENNAN",33,,40,,,,"SUB OUT by GAGEN,BRENNAN",2,subbing out,,millsaps,"gagen,brennan",,"['kohnke,sam', 'blanz,buck', 'gardner,robert', 'becker,saxton', 'coleman,daniel', 'mancuso,logan']","['buescher,hunter', 'born,clay', 'williams,jorden', 'caldwell,cam', 'thomas,adrian', 'spencer,jc', 'lee,matthew']",784.0,sewanee,42,0,0.0
265,265,1165,Sewanee,Millsaps,1,50-62,"25,37","31,19",12-6,4-15,5-3,1-7,01/27/17,8:00 PM,,"Sewanee, Tenn.",Win,2,False,658,False,13:04,,33,,40,"SUB IN by CALDWELL,CAM",,,"SUB IN by CALDWELL,CAM",2,subbing in,,sewanee,"caldwell,cam",,"['kohnke,sam', 'blanz,buck', 'gardner,robert', 'becker,saxton', 'coleman,daniel', 'mancuso,logan']","['buescher,hunter', 'born,clay', 'williams,jorden', 'caldwell,cam', 'thomas,adrian', 'spencer,jc', 'lee,matthew']",784.0,sewanee,42,0,0.0
266,266,1165,Sewanee,Millsaps,1,50-62,"25,37","31,19",12-6,4-15,5-3,1-7,01/27/17,8:00 PM,,"Sewanee, Tenn.",Win,2,False,658,False,13:04,,33,,40,"SUB OUT by BORN,LEO",,,"SUB OUT by BORN,LEO",2,subbing out,,sewanee,"born,leo",,"['kohnke,sam', 'blanz,buck', 'gardner,robert', 'becker,saxton', 'coleman,daniel', 'mancuso,logan']","['buescher,hunter', 'born,clay', 'williams,jorden', 'caldwell,cam', 'thomas,adrian', 'spencer,jc', 'lee,matthew']",784.0,sewanee,42,0,0.0
267,267,1165,Sewanee,Millsaps,1,50-62,"25,37","31,19",12-6,4-15,5-3,1-7,01/27/17,8:00 PM,,"Sewanee, Tenn.",Win,2,False,658,False,12:46,"MISS 3PTR by BECKER,SAXTON",33,,40,,,,"MISS 3PTR by BECKER,SAXTON",2,three pointer,missed,millsaps,"becker,saxton",,"['kohnke,sam', 'blanz,buck', 'gardner,robert', 'becker,saxton', 'coleman,daniel', 'mancuso,logan']","['buescher,hunter', 'born,clay', 'williams,jorden', 'caldwell,cam', 'thomas,adrian', 'spencer,jc', 'lee,matthew']",766.0,sewanee,42,0,0.0
268,268,1165,Sewanee,Millsaps,1,50-62,"25,37","31,19",12-6,4-15,5-3,1-7,01/27/17,8:00 PM,,"Sewanee, Tenn.",Win,2,False,658,False,--,,33,,40,"REBOUND DEF by BUESCHER,HUNTER",,,"REBOUND DEF by BUESCHER,HUNTER",2,defensive rebound,,sewanee,"buescher,hunter",,"['kohnke,sam', 'blanz,buck', 'gardner,robert', 'becker,saxton', 'coleman,daniel', 'mancuso,logan']","['buescher,hunter', 'born,clay', 'williams,jorden', 'caldwell,cam', 'thomas,adrian', 'spencer,jc', 'lee,matthew']",,sewanee,42,0,0.0
269,269,1165,Sewanee,Millsaps,1,50-62,"25,37","31,19",12-6,4-15,5-3,1-7,01/27/17,8:00 PM,,"Sewanee, Tenn.",Win,2,False,658,False,12:38,"FOUL  by BECKER,SAXTON",33,,40,,,,"FOUL  by BECKER,SAXTON",2,foul,,millsaps,"becker,saxton",,"['kohnke,sam', 'blanz,buck', 'gardner,robert', 'becker,saxton', 'coleman,daniel', 'mancuso,logan']","['buescher,hunter', 'born,clay', 'williams,jorden', 'caldwell,cam', 'thomas,adrian', 'spencer,jc', 'lee,matthew']",758.0,sewanee,42,0,0.0
270,270,1165,Sewanee,Millsaps,1,50-62,"25,37","31,19",12-6,4-15,5-3,1-7,01/27/17,8:00 PM,,"Sewanee, Tenn.",Win,2,False,658,False,12:38,,33,,40,"SUB IN by BORN,CLAY",,,"SUB IN by BORN,CLAY",2,subbing in,,sewanee,"born,clay",,"['kohnke,sam', 'blanz,buck', 'gardner,robert', 'becker,saxton', 'coleman,daniel', 'mancuso,logan']","['buescher,hunter', 'born,clay', 'williams,jorden', 'caldwell,cam', 'thomas,adrian', 'spencer,jc', 'lee,matthew']",758.0,sewanee,42,0,0.0
271,271,1165,Sewanee,Millsaps,1,50-62,"25,37","31,19",12-6,4-15,5-3,1-7,01/27/17,8:00 PM,,"Sewanee, Tenn.",Win,2,False,658,False,12:38,,33,,40,"SUB OUT by SPENCER,JC",,,"SUB OUT by SPENCER,JC",2,subbing out,,sewanee,"spencer,jc",,"['kohnke,sam', 'blanz,buck', 'gardner,robert', 'becker,saxton', 'coleman,daniel', 'mancuso,logan']","['buescher,hunter', 'born,clay', 'williams,jorden', 'caldwell,cam', 'thomas,adrian', 'lee,matthew']",758.0,sewanee,42,0,0.0
272,272,1165,Sewanee,Millsaps,1,50-62,"25,37","31,19",12-6,4-15,5-3,1-7,01/27/17,8:00 PM,,"Sewanee, Tenn.",Win,2,False,658,False,12:29,,33,,40,"MISS 3PTR by BUESCHER,HUNTER",,,"MISS 3PTR by BUESCHER,HUNTER",2,three pointer,missed,sewanee,"buescher,hunter",,"['kohnke,sam', 'blanz,buck', 'gardner,robert', 'becker,saxton', 'coleman,daniel', 'mancuso,logan']","['buescher,hunter', 'born,clay', 'williams,jorden', 'caldwell,cam', 'thomas,adrian', 'lee,matthew']",749.0,sewanee,42,0,0.0
273,273,1165,Sewanee,Millsaps,1,50-62,"25,37","31,19",12-6,4-15,5-3,1-7,01/27/17,8:00 PM,,"Sewanee, Tenn.",Win,2,False,658,False,--,,33,,40,"REBOUND OFF by SPENCER,JC",,,"REBOUND OFF by SPENCER,JC",2,offensive rebound,,sewanee,"spencer,jc",,"['kohnke,sam', 'blanz,buck', 'gardner,robert', 'becker,saxton', 'coleman,daniel', 'mancuso,logan']","['buescher,hunter', 'born,clay', 'williams,jorden', 'caldwell,cam', 'thomas,adrian', 'lee,matthew']",,sewanee,42,0,0.0
274,274,1165,Sewanee,Millsaps,1,50-62,"25,37","31,19",12-6,4-15,5-3,1-7,01/27/17,8:00 PM,,"Sewanee, Tenn.",Win,2,False,658,False,12:10,,33,,40,"SUB IN by SPENCER,JC",,,"SUB IN by SPENCER,JC",2,subbing in,,sewanee,"spencer,jc",,"['kohnke,sam', 'blanz,buck', 'gardner,robert', 'becker,saxton', 'coleman,daniel', 'mancuso,logan']","['buescher,hunter', 'born,clay', 'williams,jorden', 'caldwell,cam', 'thomas,adrian', 'lee,matthew', 'spencer,jc']",730.0,sewanee,42,0,0.0
275,275,1165,Sewanee,Millsaps,1,50-62,"25,37","31,19",12-6,4-15,5-3,1-7,01/27/17,8:00 PM,,"Sewanee, Tenn.",Win,2,False,658,False,12:10,,33,,40,"SUB OUT by WILLIAMS,JORDEN",,,"SUB OUT by WILLIAMS,JORDEN",2,subbing out,,sewanee,"williams,jorden",,"['kohnke,sam', 'blanz,buck', 'gardner,robert', 'becker,saxton', 'coleman,daniel', 'mancuso,logan']","['buescher,hunter', 'born,clay', 'caldwell,cam', 'thomas,adrian', 'lee,matthew', 'spencer,jc']",730.0,sewanee,42,0,0.0
276,276,1165,Sewanee,Millsaps,1,50-62,"25,37","31,19",12-6,4-15,5-3,1-7,01/27/17,8:00 PM,,"Sewanee, Tenn.",Win,2,False,658,False,12:01,,33,,40,"MISS JUMPER by SPENCER,JC",,,"MISS JUMPER by SPENCER,JC",2,jumper,missed,sewanee,"spencer,jc",,"['kohnke,sam', 'blanz,buck', 'gardner,robert', 'becker,saxton', 'coleman,daniel', 'mancuso,logan']","['buescher,hunter', 'born,clay', 'caldwell,cam', 'thomas,adrian', 'lee,matthew', 'spencer,jc']",721.0,sewanee,42,0,0.0
277,277,1165,Sewanee,Millsaps,1,50-62,"25,37","31,19",12-6,4-15,5-3,1-7,01/27/17,8:00 PM,,"Sewanee, Tenn.",Win,2,False,658,False,--,"REBOUND DEF by KOHNKE,SAM",33,,40,,,,"REBOUND DEF by KOHNKE,SAM",2,defensive rebound,,millsaps,"kohnke,sam",,"['kohnke,sam', 'blanz,buck', 'gardner,robert', 'becker,saxton', 'coleman,daniel', 'mancuso,logan']","['buescher,hunter', 'born,clay', 'caldwell,cam', 'thomas,adrian', 'lee,matthew', 'spencer,jc']",,sewanee,42,0,0.0
278,278,1165,Sewanee,Millsaps,1,50-62,"25,37","31,19",12-6,4-15,5-3,1-7,01/27/17,8:00 PM,,"Sewanee, Tenn.",Win,2,False,658,False,11:36,"GOOD JUMPER by COLEMAN,DANIEL",35,,40,,MILLSAPS 35-40 (+5),,"GOOD JUMPER by COLEMAN,DANIEL",2,jumper,good,millsaps,"coleman,daniel",2.0,"['kohnke,sam', 'blanz,buck', 'gardner,robert', 'becker,saxton', 'coleman,daniel', 'mancuso,logan']","['buescher,hunter', 'born,clay', 'caldwell,cam', 'thomas,adrian', 'lee,matthew', 'spencer,jc']",696.0,millsaps,43,0,0.0
279,279,1165,Sewanee,Millsaps,1,50-62,"25,37","31,19",12-6,4-15,5-3,1-7,01/27/17,8:00 PM,,"Sewanee, Tenn.",Win,2,False,658,False,11:36,,35,,40,"FOUL  by LEE,MATTHEW",,,"FOUL  by LEE,MATTHEW",2,foul,,sewanee,"lee,matthew",,"['kohnke,sam', 'blanz,buck', 'gardner,robert', 'becker,saxton', 'coleman,daniel', 'mancuso,logan']","['buescher,hunter', 'born,clay', 'caldwell,cam', 'thomas,adrian', 'lee,matthew', 'spencer,jc']",696.0,millsaps,43,0,0.0
280,280,1165,Sewanee,Millsaps,1,50-62,"25,37","31,19",12-6,4-15,5-3,1-7,01/27/17,8:00 PM,,"Sewanee, Tenn.",Win,2,False,658,False,11:36,,35,,40,TIMEOUT TEAM by TEAM,,,TIMEOUT TEAM by TEAM,2,timeout,,sewanee,,,"['kohnke,sam', 'blanz,buck', 'gardner,robert', 'becker,saxton', 'coleman,daniel', 'mancuso,logan']","['buescher,hunter', 'born,clay', 'caldwell,cam', 'thomas,adrian', 'lee,matthew', 'spencer,jc']",696.0,millsaps,43,0,0.0
281,281,1165,Sewanee,Millsaps,1,50-62,"25,37","31,19",12-6,4-15,5-3,1-7,01/27/17,8:00 PM,,"Sewanee, Tenn.",Win,2,False,658,False,11:36,"GOOD FT by COLEMAN,DANIEL",36,,40,,MILLSAPS 36-40 (+4),,"GOOD FT by COLEMAN,DANIEL",2,free throw,good,millsaps,"coleman,daniel",1.0,"['kohnke,sam', 'blanz,buck', 'gardner,robert', 'becker,saxton', 'coleman,daniel', 'mancuso,logan']","['buescher,hunter', 'born,clay', 'caldwell,cam', 'thomas,adrian', 'lee,matthew', 'spencer,jc']",696.0,millsaps,43,0,0.0
282,282,1165,Sewanee,Millsaps,1,50-62,"25,37","31,19",12-6,4-15,5-3,1-7,01/27/17,8:00 PM,,"Sewanee, Tenn.",Win,2,False,658,False,11:36,"SUB IN by TULLOS,ZACHARY",36,,40,,,,"SUB IN by TULLOS,ZACHARY",2,subbing in,,millsaps,"tullos,zachary",,"['kohnke,sam', 'blanz,buck', 'gardner,robert', 'becker,saxton', 'coleman,daniel', 'mancuso,logan', 'tullos,zachary']","['buescher,hunter', 'born,clay', 'caldwell,cam', 'thomas,adrian', 'lee,matthew', 'spencer,jc']",696.0,millsaps,43,0,0.0
283,283,1165,Sewanee,Millsaps,1,50-62,"25,37","31,19",12-6,4-15,5-3,1-7,01/27/17,8:00 PM,,"Sewanee, Tenn.",Win,2,False,658,False,11:36,"SUB OUT by MANCUSO,LOGAN",36,,40,,,,"SUB OUT by MANCUSO,LOGAN",2,subbing out,,millsaps,"mancuso,logan",,"['kohnke,sam', 'blanz,buck', 'gardner,robert', 'becker,saxton', 'coleman,daniel', 'tullos,zachary']","['buescher,hunter', 'born,clay', 'caldwell,cam', 'thomas,adrian', 'lee,matthew', 'spencer,jc']",696.0,millsaps,43,0,0.0
284,284,1165,Sewanee,Millsaps,1,50-62,"25,37","31,19",12-6,4-15,5-3,1-7,01/27/17,8:00 PM,,"Sewanee, Tenn.",Win,2,False,658,False,11:31,,36,,40,"SUB IN by STONE,BRODY",,,"SUB IN by STONE,BRODY",2,subbing in,,sewanee,"stone,brody",,"['kohnke,sam', 'blanz,buck', 'gardner,robert', 'becker,saxton', 'coleman,daniel', 'tullos,zachary']","['buescher,hunter', 'born,clay', 'caldwell,cam', 'thomas,adrian', 'lee,matthew', 'spencer,jc', 'stone,brody']",691.0,millsaps,43,0,0.0
285,285,1165,Sewanee,Millsaps,1,50-62,"25,37","31,19",12-6,4-15,5-3,1-7,01/27/17,8:00 PM,,"Sewanee, Tenn.",Win,2,False,658,False,11:31,,36,,40,"SUB OUT by SPENCER,JC",,,"SUB OUT by SPENCER,JC",2,subbing out,,sewanee,"spencer,jc",,"['kohnke,sam', 'blanz,buck', 'gardner,robert', 'becker,saxton', 'coleman,daniel', 'tullos,zachary']","['buescher,hunter', 'born,clay', 'caldwell,cam', 'thomas,adrian', 'lee,matthew', 'stone,brody']",691.0,millsaps,43,0,0.0
286,286,1165,Sewanee,Millsaps,1,50-62,"25,37","31,19",12-6,4-15,5-3,1-7,01/27/17,8:00 PM,,"Sewanee, Tenn.",Win,2,False,658,False,11:10,,36,,42,"GOOD LAYUP by BORN,CLAY(in the paint)",SEWANEE 36-42 (+6),,"GOOD LAYUP by BORN,CLAY(in the paint)",2,layup,good,sewanee,"born,clay",2.0,"['kohnke,sam', 'blanz,buck', 'gardner,robert', 'becker,saxton', 'coleman,daniel', 'tullos,zachary']","['buescher,hunter', 'born,clay', 'caldwell,cam', 'thomas,adrian', 'lee,matthew', 'stone,brody']",670.0,millsaps,43,0,0.0
287,287,1165,Sewanee,Millsaps,1,50-62,"25,37","31,19",12-6,4-15,5-3,1-7,01/27/17,8:00 PM,,"Sewanee, Tenn.",Win,2,False,658,False,10:56,,36,,42,"SUB IN by BORN,LEO",,,"SUB IN by BORN,LEO",2,subbing in,,sewanee,"born,leo",,"['kohnke,sam', 'blanz,buck', 'gardner,robert', 'becker,saxton', 'coleman,daniel', 'tullos,zachary']","['buescher,hunter', 'born,clay', 'caldwell,cam', 'thomas,adrian', 'lee,matthew', 'stone,brody', 'born,leo']",656.0,millsaps,43,0,0.0
288,288,1165,Sewanee,Millsaps,1,50-62,"25,37","31,19",12-6,4-15,5-3,1-7,01/27/17,8:00 PM,,"Sewanee, Tenn.",Win,2,False,658,False,10:56,,36,,42,"SUB OUT by LEE,MATTHEW",,,"SUB OUT by LEE,MATTHEW",2,subbing out,,sewanee,"lee,matthew",,"['kohnke,sam', 'blanz,buck', 'gardner,robert', 'becker,saxton', 'coleman,daniel', 'tullos,zachary']","['buescher,hunter', 'born,clay', 'caldwell,cam', 'thomas,adrian', 'stone,brody', 'born,leo']",656.0,millsaps,43,0,0.0
289,289,1165,Sewanee,Millsaps,1,50-62,"25,37","31,19",12-6,4-15,5-3,1-7,01/27/17,8:00 PM,,"Sewanee, Tenn.",Win,2,False,658,False,10:38,"MISS JUMPER by TULLOS,ZACHARY",36,,42,,,,"MISS JUMPER by TULLOS,ZACHARY",2,jumper,missed,millsaps,"tullos,zachary",,"['kohnke,sam', 'blanz,buck', 'gardner,robert', 'becker,saxton', 'coleman,daniel', 'tullos,zachary']","['buescher,hunter', 'born,clay', 'caldwell,cam', 'thomas,adrian', 'stone,brody', 'born,leo']",638.0,millsaps,43,0,0.0
290,290,1165,Sewanee,Millsaps,1,50-62,"25,37","31,19",12-6,4-15,5-3,1-7,01/27/17,8:00 PM,,"Sewanee, Tenn.",Win,2,False,658,False,--,,36,,42,"REBOUND DEF by BORN,CLAY",,,"REBOUND DEF by BORN,CLAY",2,defensive rebound,,sewanee,"born,clay",,"['kohnke,sam', 'blanz,buck', 'gardner,robert', 'becker,saxton', 'coleman,daniel', 'tullos,zachary']","['buescher,hunter', 'born,clay', 'caldwell,cam', 'thomas,adrian', 'stone,brody', 'born,leo']",,millsaps,43,0,0.0
291,291,1165,Sewanee,Millsaps,1,50-62,"25,37","31,19",12-6,4-15,5-3,1-7,01/27/17,8:00 PM,,"Sewanee, Tenn.",Win,2,False,658,False,10:29,,36,,42,"MISS 3PTR by BUESCHER,HUNTER",,,"MISS 3PTR by BUESCHER,HUNTER",2,three pointer,missed,sewanee,"buescher,hunter",,"['kohnke,sam', 'blanz,buck', 'gardner,robert', 'becker,saxton', 'coleman,daniel', 'tullos,zachary']","['buescher,hunter', 'born,clay', 'caldwell,cam', 'thomas,adrian', 'stone,brody', 'born,leo']",629.0,sewanee,44,0,0.0
292,292,1165,Sewanee,Millsaps,1,50-62,"25,37","31,19",12-6,4-15,5-3,1-7,01/27/17,8:00 PM,,"Sewanee, Tenn.",Win,2,False,658,False,--,,36,,42,"REBOUND OFF by BORN,CLAY",,,"REBOUND OFF by BORN,CLAY",2,offensive rebound,,sewanee,"born,clay",,"['kohnke,sam', 'blanz,buck', 'gardner,robert', 'becker,saxton', 'coleman,daniel', 'tullos,zachary']","['buescher,hunter', 'born,clay', 'caldwell,cam', 'thomas,adrian', 'stone,brody', 'born,leo']",,sewanee,44,0,0.0
293,293,1165,Sewanee,Millsaps,1,50-62,"25,37","31,19",12-6,4-15,5-3,1-7,01/27/17,8:00 PM,,"Sewanee, Tenn.",Win,2,False,658,False,10:21,"FOUL  by COLEMAN,DANIEL",36,,42,,,,"FOUL  by COLEMAN,DANIEL",2,foul,,millsaps,"coleman,daniel",,"['kohnke,sam', 'blanz,buck', 'gardner,robert', 'becker,saxton', 'coleman,daniel', 'tullos,zachary']","['buescher,hunter', 'born,clay', 'caldwell,cam', 'thomas,adrian', 'stone,brody', 'born,leo']",621.0,sewanee,44,0,0.0
294,294,1165,Sewanee,Millsaps,1,50-62,"25,37","31,19",12-6,4-15,5-3,1-7,01/27/17,8:00 PM,,"Sewanee, Tenn.",Win,2,False,658,False,10:21,,36,,42,"MISS FT by BORN,CLAY",,,"MISS FT by BORN,CLAY",2,free throw,missed,sewanee,"born,clay",,"['kohnke,sam', 'blanz,buck', 'gardner,robert', 'becker,saxton', 'coleman,daniel', 'tullos,zachary']","['buescher,hunter', 'born,clay', 'caldwell,cam', 'thomas,adrian', 'stone,brody', 'born,leo']",621.0,sewanee,44,0,0.0
295,295,1165,Sewanee,Millsaps,1,50-62,"25,37","31,19",12-6,4-15,5-3,1-7,01/27/17,8:00 PM,,"Sewanee, Tenn.",Win,2,False,658,False,--,,36,,42,REBOUND DEADB by TEAM,,,REBOUND DEADB by TEAM,2,deadball rebound,,sewanee,,,"['kohnke,sam', 'blanz,buck', 'gardner,robert', 'becker,saxton', 'coleman,daniel', 'tullos,zachary']","['buescher,hunter', 'born,clay', 'caldwell,cam', 'thomas,adrian', 'stone,brody', 'born,leo']",,sewanee,44,0,0.0
296,296,1165,Sewanee,Millsaps,1,50-62,"25,37","31,19",12-6,4-15,5-3,1-7,01/27/17,8:00 PM,,"Sewanee, Tenn.",Win,2,False,658,False,10:21,,36,,43,"GOOD FT by BORN,CLAY",SEWANEE 36-43 (+7),,"GOOD FT by BORN,CLAY",2,free throw,good,sewanee,"born,clay",1.0,"['kohnke,sam', 'blanz,buck', 'gardner,robert', 'becker,saxton', 'coleman,daniel', 'tullos,zachary']","['buescher,hunter', 'born,clay', 'caldwell,cam', 'thomas,adrian', 'stone,brody', 'born,leo']",621.0,sewanee,44,0,0.0
297,297,1165,Sewanee,Millsaps,1,50-62,"25,37","31,19",12-6,4-15,5-3,1-7,01/27/17,8:00 PM,,"Sewanee, Tenn.",Win,2,False,658,False,10:21,"SUB IN by TURNER,JAMES",36,,43,,,,"SUB IN by TURNER,JAMES",2,subbing in,,millsaps,"turner,james",,"['kohnke,sam', 'blanz,buck', 'gardner,robert', 'becker,saxton', 'coleman,daniel', 'tullos,zachary', 'turner,james']","['buescher,hunter', 'born,clay', 'caldwell,cam', 'thomas,adrian', 'stone,brody', 'born,leo']",621.0,sewanee,44,0,0.0
298,298,1165,Sewanee,Millsaps,1,50-62,"25,37","31,19",12-6,4-15,5-3,1-7,01/27/17,8:00 PM,,"Sewanee, Tenn.",Win,2,False,658,False,10:21,"SUB IN by BLANZ,BUCK",36,,43,,,,"SUB IN by BLANZ,BUCK",2,subbing in,,millsaps,"blanz,buck",,"['kohnke,sam', 'blanz,buck', 'gardner,robert', 'becker,saxton', 'coleman,daniel', 'tullos,zachary', 'turner,james']","['buescher,hunter', 'born,clay', 'caldwell,cam', 'thomas,adrian', 'stone,brody', 'born,leo']",621.0,sewanee,44,0,0.0
299,299,1165,Sewanee,Millsaps,1,50-62,"25,37","31,19",12-6,4-15,5-3,1-7,01/27/17,8:00 PM,,"Sewanee, Tenn.",Win,2,False,658,False,10:21,"SUB OUT by GARDNER,ROBERT",36,,43,,,,"SUB OUT by GARDNER,ROBERT",2,subbing out,,millsaps,"gardner,robert",,"['kohnke,sam', 'blanz,buck', 'gardner,robert', 'becker,saxton', 'coleman,daniel', 'tullos,zachary', 'turner,james']","['buescher,hunter', 'born,clay', 'caldwell,cam', 'thomas,adrian', 'stone,brody', 'born,leo']",621.0,sewanee,44,0,0.0
300,300,1165,Sewanee,Millsaps,1,50-62,"25,37","31,19",12-6,4-15,5-3,1-7,01/27/17,8:00 PM,,"Sewanee, Tenn.",Win,2,False,658,False,10:21,"SUB OUT by BECKER,SAXTON",36,,43,,,,"SUB OUT by BECKER,SAXTON",2,subbing out,,millsaps,"becker,saxton",,"['kohnke,sam', 'blanz,buck', 'gardner,robert', 'coleman,daniel', 'tullos,zachary', 'turner,james']","['buescher,hunter', 'born,clay', 'caldwell,cam', 'thomas,adrian', 'stone,brody', 'born,leo']",621.0,sewanee,44,0,0.0
301,301,1165,Sewanee,Millsaps,1,50-62,"25,37","31,19",12-6,4-15,5-3,1-7,01/27/17,8:00 PM,,"Sewanee, Tenn.",Win,2,False,658,False,10:00,"TURNOVER  by TULLOS,ZACHARY",36,,43,,,,"TURNOVER  by TULLOS,ZACHARY",2,turnover,,millsaps,"tullos,zachary",,"['kohnke,sam', 'blanz,buck', 'gardner,robert', 'coleman,daniel', 'tullos,zachary', 'turner,james']","['buescher,hunter', 'born,clay', 'caldwell,cam', 'thomas,adrian', 'stone,brody', 'born,leo']",600.0,sewanee,44,0,0.0
302,302,1165,Sewanee,Millsaps,1,50-62,"25,37","31,19",12-6,4-15,5-3,1-7,01/27/17,8:00 PM,,"Sewanee, Tenn.",Win,2,False,658,False,09:44,,36,,45,"GOOD LAYUP by STONE,BRODY(in the paint)",SEWANEE 36-45 (+9),,"GOOD LAYUP by STONE,BRODY(in the paint)",2,layup,good,sewanee,"stone,brody",2.0,"['kohnke,sam', 'blanz,buck', 'gardner,robert', 'coleman,daniel', 'tullos,zachary', 'turner,james']","['buescher,hunter', 'born,clay', 'caldwell,cam', 'thomas,adrian', 'stone,brody', 'born,leo']",584.0,sewanee,44,0,0.0
303,303,1165,Sewanee,Millsaps,1,50-62,"25,37","31,19",12-6,4-15,5-3,1-7,01/27/17,8:00 PM,,"Sewanee, Tenn.",Win,2,False,658,False,--,,36,,45,"ASSIST  by BUESCHER,HUNTER",,,"ASSIST  by BUESCHER,HUNTER",2,assist,,sewanee,"buescher,hunter",,"['kohnke,sam', 'blanz,buck', 'gardner,robert', 'coleman,daniel', 'tullos,zachary', 'turner,james']","['buescher,hunter', 'born,clay', 'caldwell,cam', 'thomas,adrian', 'stone,brody', 'born,leo']",,sewanee,44,0,0.0
304,304,1165,Sewanee,Millsaps,1,50-62,"25,37","31,19",12-6,4-15,5-3,1-7,01/27/17,8:00 PM,,"Sewanee, Tenn.",Win,2,False,658,False,09:32,"MISS JUMPER by TULLOS,ZACHARY",36,,45,,,,"MISS JUMPER by TULLOS,ZACHARY",2,jumper,missed,millsaps,"tullos,zachary",,"['kohnke,sam', 'blanz,buck', 'gardner,robert', 'coleman,daniel', 'tullos,zachary', 'turner,james']","['buescher,hunter', 'born,clay', 'caldwell,cam', 'thomas,adrian', 'stone,brody', 'born,leo']",572.0,sewanee,44,0,0.0
305,305,1165,Sewanee,Millsaps,1,50-62,"25,37","31,19",12-6,4-15,5-3,1-7,01/27/17,8:00 PM,,"Sewanee, Tenn.",Win,2,False,658,False,--,,36,,45,"REBOUND DEF by STONE,BRODY",,,"REBOUND DEF by STONE,BRODY",2,defensive rebound,,sewanee,"stone,brody",,"['kohnke,sam', 'blanz,buck', 'gardner,robert', 'coleman,daniel', 'tullos,zachary', 'turner,james']","['buescher,hunter', 'born,clay', 'caldwell,cam', 'thomas,adrian', 'stone,brody', 'born,leo']",,sewanee,44,0,0.0
306,306,1165,Sewanee,Millsaps,1,50-62,"25,37","31,19",12-6,4-15,5-3,1-7,01/27/17,8:00 PM,,"Sewanee, Tenn.",Win,2,False,658,False,09:28,"FOUL  by TURNER,JAMES",36,,45,,,,"FOUL  by TURNER,JAMES",2,foul,,millsaps,"turner,james",,"['kohnke,sam', 'blanz,buck', 'gardner,robert', 'coleman,daniel', 'tullos,zachary', 'turner,james']","['buescher,hunter', 'born,clay', 'caldwell,cam', 'thomas,adrian', 'stone,brody', 'born,leo']",568.0,sewanee,44,0,0.0
307,307,1165,Sewanee,Millsaps,1,50-62,"25,37","31,19",12-6,4-15,5-3,1-7,01/27/17,8:00 PM,,"Sewanee, Tenn.",Win,2,False,658,False,09:28,TIMEOUT 30SEC by TEAM,36,,45,,,,TIMEOUT 30SEC by TEAM,2,timeout,,millsaps,,,"['kohnke,sam', 'blanz,buck', 'gardner,robert', 'coleman,daniel', 'tullos,zachary', 'turner,james']","['buescher,hunter', 'born,clay', 'caldwell,cam', 'thomas,adrian', 'stone,brody', 'born,leo']",568.0,sewanee,44,0,0.0
308,308,1165,Sewanee,Millsaps,1,50-62,"25,37","31,19",12-6,4-15,5-3,1-7,01/27/17,8:00 PM,,"Sewanee, Tenn.",Win,2,False,658,False,09:28,,36,,46,"GOOD FT by STONE,BRODY",SEWANEE 36-46 (+10),,"GOOD FT by STONE,BRODY",2,free throw,good,sewanee,"stone,brody",1.0,"['kohnke,sam', 'blanz,buck', 'gardner,robert', 'coleman,daniel', 'tullos,zachary', 'turner,james']","['buescher,hunter', 'born,clay', 'caldwell,cam', 'thomas,adrian', 'stone,brody', 'born,leo']",568.0,sewanee,44,0,0.0
309,309,1165,Sewanee,Millsaps,1,50-62,"25,37","31,19",12-6,4-15,5-3,1-7,01/27/17,8:00 PM,,"Sewanee, Tenn.",Win,2,False,658,False,09:28,,36,,46,"MISS FT by STONE,BRODY",,,"MISS FT by STONE,BRODY",2,free throw,missed,sewanee,"stone,brody",,"['kohnke,sam', 'blanz,buck', 'gardner,robert', 'coleman,daniel', 'tullos,zachary', 'turner,james']","['buescher,hunter', 'born,clay', 'caldwell,cam', 'thomas,adrian', 'stone,brody', 'born,leo']",568.0,sewanee,44,0,0.0
310,310,1165,Sewanee,Millsaps,1,50-62,"25,37","31,19",12-6,4-15,5-3,1-7,01/27/17,8:00 PM,,"Sewanee, Tenn.",Win,2,False,658,False,--,"REBOUND DEF by TURNER,JAMES",36,,46,,,,"REBOUND DEF by TURNER,JAMES",2,defensive rebound,,millsaps,"turner,james",,"['kohnke,sam', 'blanz,buck', 'gardner,robert', 'coleman,daniel', 'tullos,zachary', 'turner,james']","['buescher,hunter', 'born,clay', 'caldwell,cam', 'thomas,adrian', 'stone,brody', 'born,leo']",,sewanee,44,0,0.0
311,311,1165,Sewanee,Millsaps,1,50-62,"25,37","31,19",12-6,4-15,5-3,1-7,01/27/17,8:00 PM,,"Sewanee, Tenn.",Win,2,False,658,False,09:28,"SUB IN by GAGEN,BRENNAN",36,,46,,,,"SUB IN by GAGEN,BRENNAN",2,subbing in,,millsaps,"gagen,brennan",,"['kohnke,sam', 'blanz,buck', 'gardner,robert', 'coleman,daniel', 'tullos,zachary', 'turner,james', 'gagen,brennan']","['buescher,hunter', 'born,clay', 'caldwell,cam', 'thomas,adrian', 'stone,brody', 'born,leo']",568.0,millsaps,45,0,0.0
312,312,1165,Sewanee,Millsaps,1,50-62,"25,37","31,19",12-6,4-15,5-3,1-7,01/27/17,8:00 PM,,"Sewanee, Tenn.",Win,2,False,658,False,09:28,"SUB OUT by COLEMAN,DANIEL",36,,46,,,,"SUB OUT by COLEMAN,DANIEL",2,subbing out,,millsaps,"coleman,daniel",,"['kohnke,sam', 'blanz,buck', 'gardner,robert', 'tullos,zachary', 'turner,james', 'gagen,brennan']","['buescher,hunter', 'born,clay', 'caldwell,cam', 'thomas,adrian', 'stone,brody', 'born,leo']",568.0,millsaps,45,0,0.0
313,313,1165,Sewanee,Millsaps,1,50-62,"25,37","31,19",12-6,4-15,5-3,1-7,01/27/17,8:00 PM,,"Sewanee, Tenn.",Win,2,False,658,False,09:04,,36,,46,"FOUL  by BORN,LEO",,,"FOUL  by BORN,LEO",2,foul,,sewanee,"born,leo",,"['kohnke,sam', 'blanz,buck', 'gardner,robert', 'tullos,zachary', 'turner,james', 'gagen,brennan']","['buescher,hunter', 'born,clay', 'caldwell,cam', 'thomas,adrian', 'stone,brody', 'born,leo']",544.0,millsaps,45,0,0.0
314,314,1165,Sewanee,Millsaps,1,50-62,"25,37","31,19",12-6,4-15,5-3,1-7,01/27/17,8:00 PM,,"Sewanee, Tenn.",Win,2,False,658,False,08:59,"MISS JUMPER by BLANZ,BUCK",36,,46,,,,"MISS JUMPER by BLANZ,BUCK",2,jumper,missed,millsaps,"blanz,buck",,"['kohnke,sam', 'blanz,buck', 'gardner,robert', 'tullos,zachary', 'turner,james', 'gagen,brennan']","['buescher,hunter', 'born,clay', 'caldwell,cam', 'thomas,adrian', 'stone,brody', 'born,leo']",539.0,millsaps,45,0,0.0
315,315,1165,Sewanee,Millsaps,1,50-62,"25,37","31,19",12-6,4-15,5-3,1-7,01/27/17,8:00 PM,,"Sewanee, Tenn.",Win,2,False,658,False,--,,36,,46,"REBOUND DEF by STONE,BRODY",,,"REBOUND DEF by STONE,BRODY",2,defensive rebound,,sewanee,"stone,brody",,"['kohnke,sam', 'blanz,buck', 'gardner,robert', 'tullos,zachary', 'turner,james', 'gagen,brennan']","['buescher,hunter', 'born,clay', 'caldwell,cam', 'thomas,adrian', 'stone,brody', 'born,leo']",,millsaps,45,0,0.0
316,316,1165,Sewanee,Millsaps,1,50-62,"25,37","31,19",12-6,4-15,5-3,1-7,01/27/17,8:00 PM,,"Sewanee, Tenn.",Win,2,False,658,False,08:43,,36,,46,"MISS 3PTR by BORN,CLAY",,,"MISS 3PTR by BORN,CLAY",2,three pointer,missed,sewanee,"born,clay",,"['kohnke,sam', 'blanz,buck', 'gardner,robert', 'tullos,zachary', 'turner,james', 'gagen,brennan']","['buescher,hunter', 'born,clay', 'caldwell,cam', 'thomas,adrian', 'stone,brody', 'born,leo']",523.0,sewanee,46,0,0.0
317,317,1165,Sewanee,Millsaps,1,50-62,"25,37","31,19",12-6,4-15,5-3,1-7,01/27/17,8:00 PM,,"Sewanee, Tenn.",Win,2,False,658,False,--,,36,,46,"REBOUND OFF by STONE,BRODY",,,"REBOUND OFF by STONE,BRODY",2,offensive rebound,,sewanee,"stone,brody",,"['kohnke,sam', 'blanz,buck', 'gardner,robert', 'tullos,zachary', 'turner,james', 'gagen,brennan']","['buescher,hunter', 'born,clay', 'caldwell,cam', 'thomas,adrian', 'stone,brody', 'born,leo']",,sewanee,46,0,0.0
318,318,1165,Sewanee,Millsaps,1,50-62,"25,37","31,19",12-6,4-15,5-3,1-7,01/27/17,8:00 PM,,"Sewanee, Tenn.",Win,2,False,658,False,08:24,,36,,48,"GOOD LAYUP by STONE,BRODY(in the paint)",SEWANEE 36-48 (+12),,"GOOD LAYUP by STONE,BRODY(in the paint)",2,layup,good,sewanee,"stone,brody",2.0,"['kohnke,sam', 'blanz,buck', 'gardner,robert', 'tullos,zachary', 'turner,james', 'gagen,brennan']","['buescher,hunter', 'born,clay', 'caldwell,cam', 'thomas,adrian', 'stone,brody', 'born,leo']",504.0,sewanee,46,0,0.0
319,319,1165,Sewanee,Millsaps,1,50-62,"25,37","31,19",12-6,4-15,5-3,1-7,01/27/17,8:00 PM,,"Sewanee, Tenn.",Win,2,False,658,False,07:56,"GOOD LAYUP by BLANZ,BUCK(in the paint)",38,,48,,MILLSAPS 38-48 (+10),,"GOOD LAYUP by BLANZ,BUCK(in the paint)",2,layup,good,millsaps,"blanz,buck",2.0,"['kohnke,sam', 'blanz,buck', 'gardner,robert', 'tullos,zachary', 'turner,james', 'gagen,brennan']","['buescher,hunter', 'born,clay', 'caldwell,cam', 'thomas,adrian', 'stone,brody', 'born,leo']",476.0,sewanee,46,0,0.0
320,320,1165,Sewanee,Millsaps,1,50-62,"25,37","31,19",12-6,4-15,5-3,1-7,01/27/17,8:00 PM,,"Sewanee, Tenn.",Win,2,False,658,False,07:25,,38,,48,"MISS 3PTR by BUESCHER,HUNTER",,,"MISS 3PTR by BUESCHER,HUNTER",2,three pointer,missed,sewanee,"buescher,hunter",,"['kohnke,sam', 'blanz,buck', 'gardner,robert', 'tullos,zachary', 'turner,james', 'gagen,brennan']","['buescher,hunter', 'born,clay', 'caldwell,cam', 'thomas,adrian', 'stone,brody', 'born,leo']",445.0,sewanee,46,0,0.0
321,321,1165,Sewanee,Millsaps,1,50-62,"25,37","31,19",12-6,4-15,5-3,1-7,01/27/17,8:00 PM,,"Sewanee, Tenn.",Win,2,False,658,False,--,"REBOUND DEF by TULLOS,ZACHARY",38,,48,,,,"REBOUND DEF by TULLOS,ZACHARY",2,defensive rebound,,millsaps,"tullos,zachary",,"['kohnke,sam', 'blanz,buck', 'gardner,robert', 'tullos,zachary', 'turner,james', 'gagen,brennan']","['buescher,hunter', 'born,clay', 'caldwell,cam', 'thomas,adrian', 'stone,brody', 'born,leo']",,sewanee,46,0,0.0
322,322,1165,Sewanee,Millsaps,1,50-62,"25,37","31,19",12-6,4-15,5-3,1-7,01/27/17,8:00 PM,,"Sewanee, Tenn.",Win,2,False,658,False,07:15,"GOOD LAYUP by TURNER,JAMES(in the paint)",40,,48,,MILLSAPS 40-48 (+8),,"GOOD LAYUP by TURNER,JAMES(in the paint)",2,layup,good,millsaps,"turner,james",2.0,"['kohnke,sam', 'blanz,buck', 'gardner,robert', 'tullos,zachary', 'turner,james', 'gagen,brennan']","['buescher,hunter', 'born,clay', 'caldwell,cam', 'thomas,adrian', 'stone,brody', 'born,leo']",435.0,millsaps,47,0,0.0
323,323,1165,Sewanee,Millsaps,1,50-62,"25,37","31,19",12-6,4-15,5-3,1-7,01/27/17,8:00 PM,,"Sewanee, Tenn.",Win,2,False,658,False,06:50,"FOUL  by KOHNKE,SAM",40,,48,,,,"FOUL  by KOHNKE,SAM",2,foul,,millsaps,"kohnke,sam",,"['kohnke,sam', 'blanz,buck', 'gardner,robert', 'tullos,zachary', 'turner,james', 'gagen,brennan']","['buescher,hunter', 'born,clay', 'caldwell,cam', 'thomas,adrian', 'stone,brody', 'born,leo']",410.0,millsaps,47,0,0.0
324,324,1165,Sewanee,Millsaps,1,50-62,"25,37","31,19",12-6,4-15,5-3,1-7,01/27/17,8:00 PM,,"Sewanee, Tenn.",Win,2,False,658,False,06:50,,40,,48,TIMEOUT TEAM by TEAM,,,TIMEOUT TEAM by TEAM,2,timeout,,sewanee,,,"['kohnke,sam', 'blanz,buck', 'gardner,robert', 'tullos,zachary', 'turner,james', 'gagen,brennan']","['buescher,hunter', 'born,clay', 'caldwell,cam', 'thomas,adrian', 'stone,brody', 'born,leo']",410.0,sewanee,48,0,0.0
325,325,1165,Sewanee,Millsaps,1,50-62,"25,37","31,19",12-6,4-15,5-3,1-7,01/27/17,8:00 PM,,"Sewanee, Tenn.",Win,2,False,658,False,06:50,,40,,49,"GOOD FT by STONE,BRODY",SEWANEE 40-49 (+9),,"GOOD FT by STONE,BRODY",2,free throw,good,sewanee,"stone,brody",1.0,"['kohnke,sam', 'blanz,buck', 'gardner,robert', 'tullos,zachary', 'turner,james', 'gagen,brennan']","['buescher,hunter', 'born,clay', 'caldwell,cam', 'thomas,adrian', 'stone,brody', 'born,leo']",410.0,sewanee,48,0,0.0
326,326,1165,Sewanee,Millsaps,1,50-62,"25,37","31,19",12-6,4-15,5-3,1-7,01/27/17,8:00 PM,,"Sewanee, Tenn.",Win,2,False,658,False,06:50,,40,,49,"MISS FT by STONE,BRODY",,,"MISS FT by STONE,BRODY",2,free throw,missed,sewanee,"stone,brody",,"['kohnke,sam', 'blanz,buck', 'gardner,robert', 'tullos,zachary', 'turner,james', 'gagen,brennan']","['buescher,hunter', 'born,clay', 'caldwell,cam', 'thomas,adrian', 'stone,brody', 'born,leo']",410.0,sewanee,48,0,0.0
327,327,1165,Sewanee,Millsaps,1,50-62,"25,37","31,19",12-6,4-15,5-3,1-7,01/27/17,8:00 PM,,"Sewanee, Tenn.",Win,2,False,658,False,--,"REBOUND DEF by BLANZ,BUCK",40,,49,,,,"REBOUND DEF by BLANZ,BUCK",2,defensive rebound,,millsaps,"blanz,buck",,"['kohnke,sam', 'blanz,buck', 'gardner,robert', 'tullos,zachary', 'turner,james', 'gagen,brennan']","['buescher,hunter', 'born,clay', 'caldwell,cam', 'thomas,adrian', 'stone,brody', 'born,leo']",,sewanee,48,0,0.0
328,328,1165,Sewanee,Millsaps,1,50-62,"25,37","31,19",12-6,4-15,5-3,1-7,01/27/17,8:00 PM,,"Sewanee, Tenn.",Win,2,False,658,False,06:50,"SUB IN by MASON,WADE",40,,49,,,,"SUB IN by MASON,WADE",2,subbing in,,millsaps,"mason,wade",,"['kohnke,sam', 'blanz,buck', 'gardner,robert', 'tullos,zachary', 'turner,james', 'gagen,brennan', 'mason,wade']","['buescher,hunter', 'born,clay', 'caldwell,cam', 'thomas,adrian', 'stone,brody', 'born,leo']",410.0,millsaps,49,0,0.0
329,329,1165,Sewanee,Millsaps,1,50-62,"25,37","31,19",12-6,4-15,5-3,1-7,01/27/17,8:00 PM,,"Sewanee, Tenn.",Win,2,False,658,False,06:50,"SUB OUT by KOHNKE,SAM",40,,49,,,,"SUB OUT by KOHNKE,SAM",2,subbing out,,millsaps,"kohnke,sam",,"['blanz,buck', 'gardner,robert', 'tullos,zachary', 'turner,james', 'gagen,brennan', 'mason,wade']","['buescher,hunter', 'born,clay', 'caldwell,cam', 'thomas,adrian', 'stone,brody', 'born,leo']",410.0,millsaps,49,0,0.0
330,330,1165,Sewanee,Millsaps,1,50-62,"25,37","31,19",12-6,4-15,5-3,1-7,01/27/17,8:00 PM,,"Sewanee, Tenn.",Win,2,False,658,False,06:50,,40,,49,"SUB IN by WILLIAMS,JORDEN",,,"SUB IN by WILLIAMS,JORDEN",2,subbing in,,sewanee,"williams,jorden",,"['blanz,buck', 'gardner,robert', 'tullos,zachary', 'turner,james', 'gagen,brennan', 'mason,wade']","['buescher,hunter', 'born,clay', 'caldwell,cam', 'thomas,adrian', 'stone,brody', 'born,leo', 'williams,jorden']",410.0,millsaps,49,0,0.0
331,331,1165,Sewanee,Millsaps,1,50-62,"25,37","31,19",12-6,4-15,5-3,1-7,01/27/17,8:00 PM,,"Sewanee, Tenn.",Win,2,False,658,False,06:50,,40,,49,"SUB IN by CRUMLY,JONNY",,,"SUB IN by CRUMLY,JONNY",2,subbing in,,sewanee,"crumly,jonny",,"['blanz,buck', 'gardner,robert', 'tullos,zachary', 'turner,james', 'gagen,brennan', 'mason,wade']","['buescher,hunter', 'born,clay', 'caldwell,cam', 'thomas,adrian', 'stone,brody', 'born,leo', 'williams,jorden', 'crumly,jonny']",410.0,millsaps,49,0,0.0
332,332,1165,Sewanee,Millsaps,1,50-62,"25,37","31,19",12-6,4-15,5-3,1-7,01/27/17,8:00 PM,,"Sewanee, Tenn.",Win,2,False,658,False,06:50,,40,,49,"SUB IN by THOMAS,ADRIAN",,,"SUB IN by THOMAS,ADRIAN",2,subbing in,,sewanee,"thomas,adrian",,"['blanz,buck', 'gardner,robert', 'tullos,zachary', 'turner,james', 'gagen,brennan', 'mason,wade']","['buescher,hunter', 'born,clay', 'caldwell,cam', 'thomas,adrian', 'stone,brody', 'born,leo', 'williams,jorden', 'crumly,jonny']",410.0,millsaps,49,0,0.0
333,333,1165,Sewanee,Millsaps,1,50-62,"25,37","31,19",12-6,4-15,5-3,1-7,01/27/17,8:00 PM,,"Sewanee, Tenn.",Win,2,False,658,False,06:50,,40,,49,"SUB OUT by BORN,LEO",,,"SUB OUT by BORN,LEO",2,subbing out,,sewanee,"born,leo",,"['blanz,buck', 'gardner,robert', 'tullos,zachary', 'turner,james', 'gagen,brennan', 'mason,wade']","['buescher,hunter', 'born,clay', 'caldwell,cam', 'thomas,adrian', 'stone,brody', 'born,leo', 'williams,jorden', 'crumly,jonny']",410.0,millsaps,49,0,0.0
334,334,1165,Sewanee,Millsaps,1,50-62,"25,37","31,19",12-6,4-15,5-3,1-7,01/27/17,8:00 PM,,"Sewanee, Tenn.",Win,2,False,658,False,06:50,,40,,49,"SUB OUT by BUESCHER,HUNTER",,,"SUB OUT by BUESCHER,HUNTER",2,subbing out,,sewanee,"buescher,hunter",,"['blanz,buck', 'gardner,robert', 'tullos,zachary', 'turner,james', 'gagen,brennan', 'mason,wade']","['born,clay', 'caldwell,cam', 'thomas,adrian', 'stone,brody', 'born,leo', 'williams,jorden', 'crumly,jonny']",410.0,millsaps,49,0,0.0
335,335,1165,Sewanee,Millsaps,1,50-62,"25,37","31,19",12-6,4-15,5-3,1-7,01/27/17,8:00 PM,,"Sewanee, Tenn.",Win,2,False,658,False,06:50,,40,,49,"SUB OUT by CALDWELL,CAM",,,"SUB OUT by CALDWELL,CAM",2,subbing out,,sewanee,"caldwell,cam",,"['blanz,buck', 'gardner,robert', 'tullos,zachary', 'turner,james', 'gagen,brennan', 'mason,wade']","['born,clay', 'thomas,adrian', 'stone,brody', 'born,leo', 'williams,jorden', 'crumly,jonny']",410.0,millsaps,49,0,0.0
336,336,1165,Sewanee,Millsaps,1,50-62,"25,37","31,19",12-6,4-15,5-3,1-7,01/27/17,8:00 PM,,"Sewanee, Tenn.",Win,2,False,658,False,06:39,,40,,49,"FOUL  by THOMAS,ADRIAN",,,"FOUL  by THOMAS,ADRIAN",2,foul,,sewanee,"thomas,adrian",,"['blanz,buck', 'gardner,robert', 'tullos,zachary', 'turner,james', 'gagen,brennan', 'mason,wade']","['born,clay', 'thomas,adrian', 'stone,brody', 'born,leo', 'williams,jorden', 'crumly,jonny']",399.0,millsaps,49,0,0.0
337,337,1165,Sewanee,Millsaps,1,50-62,"25,37","31,19",12-6,4-15,5-3,1-7,01/27/17,8:00 PM,,"Sewanee, Tenn.",Win,2,False,658,False,06:39,"SUB IN by BECKER,SAXTON",40,,49,,,,"SUB IN by BECKER,SAXTON",2,subbing in,,millsaps,"becker,saxton",,"['blanz,buck', 'gardner,robert', 'tullos,zachary', 'turner,james', 'gagen,brennan', 'mason,wade', 'becker,saxton']","['born,clay', 'thomas,adrian', 'stone,brody', 'born,leo', 'williams,jorden', 'crumly,jonny']",399.0,millsaps,49,0,0.0
338,338,1165,Sewanee,Millsaps,1,50-62,"25,37","31,19",12-6,4-15,5-3,1-7,01/27/17,8:00 PM,,"Sewanee, Tenn.",Win,2,False,658,False,06:39,"SUB OUT by TURNER,JAMES",40,,49,,,,"SUB OUT by TURNER,JAMES",2,subbing out,,millsaps,"turner,james",,"['blanz,buck', 'gardner,robert', 'tullos,zachary', 'gagen,brennan', 'mason,wade', 'becker,saxton']","['born,clay', 'thomas,adrian', 'stone,brody', 'born,leo', 'williams,jorden', 'crumly,jonny']",399.0,millsaps,49,0,0.0
339,339,1165,Sewanee,Millsaps,1,50-62,"25,37","31,19",12-6,4-15,5-3,1-7,01/27/17,8:00 PM,,"Sewanee, Tenn.",Win,2,False,658,False,06:16,"TURNOVER  by TULLOS,ZACHARY",40,,49,,,,"TURNOVER  by TULLOS,ZACHARY",2,turnover,,millsaps,"tullos,zachary",,"['blanz,buck', 'gardner,robert', 'tullos,zachary', 'gagen,brennan', 'mason,wade', 'becker,saxton']","['born,clay', 'thomas,adrian', 'stone,brody', 'born,leo', 'williams,jorden', 'crumly,jonny']",376.0,millsaps,49,0,0.0
340,340,1165,Sewanee,Millsaps,1,50-62,"25,37","31,19",12-6,4-15,5-3,1-7,01/27/17,8:00 PM,,"Sewanee, Tenn.",Win,2,False,658,False,05:53,,40,,51,"GOOD LAYUP by THOMAS,ADRIAN(in the paint)",SEWANEE 40-51 (+11),,"GOOD LAYUP by THOMAS,ADRIAN(in the paint)",2,layup,good,sewanee,"thomas,adrian",2.0,"['blanz,buck', 'gardner,robert', 'tullos,zachary', 'gagen,brennan', 'mason,wade', 'becker,saxton']","['born,clay', 'thomas,adrian', 'stone,brody', 'born,leo', 'williams,jorden', 'crumly,jonny']",353.0,sewanee,50,0,0.0
341,341,1165,Sewanee,Millsaps,1,50-62,"25,37","31,19",12-6,4-15,5-3,1-7,01/27/17,8:00 PM,,"Sewanee, Tenn.",Win,2,False,658,False,--,,40,,51,"ASSIST  by BORN,CLAY",,,"ASSIST  by BORN,CLAY",2,assist,,sewanee,"born,clay",,"['blanz,buck', 'gardner,robert', 'tullos,zachary', 'gagen,brennan', 'mason,wade', 'becker,saxton']","['born,clay', 'thomas,adrian', 'stone,brody', 'born,leo', 'williams,jorden', 'crumly,jonny']",,sewanee,50,0,0.0
342,342,1165,Sewanee,Millsaps,1,50-62,"25,37","31,19",12-6,4-15,5-3,1-7,01/27/17,8:00 PM,,"Sewanee, Tenn.",Win,2,False,658,False,05:28,"MISS JUMPER by MASON,WADE",40,,51,,,,"MISS JUMPER by MASON,WADE",2,jumper,missed,millsaps,"mason,wade",,"['blanz,buck', 'gardner,robert', 'tullos,zachary', 'gagen,brennan', 'mason,wade', 'becker,saxton']","['born,clay', 'thomas,adrian', 'stone,brody', 'born,leo', 'williams,jorden', 'crumly,jonny']",328.0,sewanee,50,0,0.0
343,343,1165,Sewanee,Millsaps,1,50-62,"25,37","31,19",12-6,4-15,5-3,1-7,01/27/17,8:00 PM,,"Sewanee, Tenn.",Win,2,False,658,False,--,,40,,51,"REBOUND DEF by WILLIAMS,JORDEN",,,"REBOUND DEF by WILLIAMS,JORDEN",2,defensive rebound,,sewanee,"williams,jorden",,"['blanz,buck', 'gardner,robert', 'tullos,zachary', 'gagen,brennan', 'mason,wade', 'becker,saxton']","['born,clay', 'thomas,adrian', 'stone,brody', 'born,leo', 'williams,jorden', 'crumly,jonny']",,sewanee,50,0,0.0
344,344,1165,Sewanee,Millsaps,1,50-62,"25,37","31,19",12-6,4-15,5-3,1-7,01/27/17,8:00 PM,,"Sewanee, Tenn.",Win,2,False,658,False,05:19,,40,,54,"GOOD 3PTR by WILLIAMS,JORDEN",SEWANEE 40-54 (+14),,"GOOD 3PTR by WILLIAMS,JORDEN",2,three pointer,good,sewanee,"williams,jorden",3.0,"['blanz,buck', 'gardner,robert', 'tullos,zachary', 'gagen,brennan', 'mason,wade', 'becker,saxton']","['born,clay', 'thomas,adrian', 'stone,brody', 'born,leo', 'williams,jorden', 'crumly,jonny']",319.0,sewanee,50,0,0.0
345,345,1165,Sewanee,Millsaps,1,50-62,"25,37","31,19",12-6,4-15,5-3,1-7,01/27/17,8:00 PM,,"Sewanee, Tenn.",Win,2,False,658,False,05:02,"MISS LAYUP by BLANZ,BUCK",40,,54,,,,"MISS LAYUP by BLANZ,BUCK",2,layup,missed,millsaps,"blanz,buck",,"['blanz,buck', 'gardner,robert', 'tullos,zachary', 'gagen,brennan', 'mason,wade', 'becker,saxton']","['born,clay', 'thomas,adrian', 'stone,brody', 'born,leo', 'williams,jorden', 'crumly,jonny']",302.0,sewanee,50,0,0.0
346,346,1165,Sewanee,Millsaps,1,50-62,"25,37","31,19",12-6,4-15,5-3,1-7,01/27/17,8:00 PM,,"Sewanee, Tenn.",Win,2,False,658,False,--,,40,,54,"REBOUND DEF by STONE,BRODY",,,"REBOUND DEF by STONE,BRODY",2,defensive rebound,,sewanee,"stone,brody",,"['blanz,buck', 'gardner,robert', 'tullos,zachary', 'gagen,brennan', 'mason,wade', 'becker,saxton']","['born,clay', 'thomas,adrian', 'stone,brody', 'born,leo', 'williams,jorden', 'crumly,jonny']",,sewanee,50,0,0.0
347,347,1165,Sewanee,Millsaps,1,50-62,"25,37","31,19",12-6,4-15,5-3,1-7,01/27/17,8:00 PM,,"Sewanee, Tenn.",Win,2,False,658,False,04:49,,40,,56,"GOOD LAYUP by STONE,BRODY(in the paint)",SEWANEE 40-56 (+16),,"GOOD LAYUP by STONE,BRODY(in the paint)",2,layup,good,sewanee,"stone,brody",2.0,"['blanz,buck', 'gardner,robert', 'tullos,zachary', 'gagen,brennan', 'mason,wade', 'becker,saxton']","['born,clay', 'thomas,adrian', 'stone,brody', 'born,leo', 'williams,jorden', 'crumly,jonny']",289.0,sewanee,50,0,0.0
348,348,1165,Sewanee,Millsaps,1,50-62,"25,37","31,19",12-6,4-15,5-3,1-7,01/27/17,8:00 PM,,"Sewanee, Tenn.",Win,2,False,658,False,04:40,TIMEOUT 30SEC by TEAM,40,,56,,,,TIMEOUT 30SEC by TEAM,2,timeout,,millsaps,,,"['blanz,buck', 'gardner,robert', 'tullos,zachary', 'gagen,brennan', 'mason,wade', 'becker,saxton']","['born,clay', 'thomas,adrian', 'stone,brody', 'born,leo', 'williams,jorden', 'crumly,jonny']",280.0,sewanee,50,0,0.0
349,349,1165,Sewanee,Millsaps,1,50-62,"25,37","31,19",12-6,4-15,5-3,1-7,01/27/17,8:00 PM,,"Sewanee, Tenn.",Win,2,False,658,False,04:40,"SUB IN by GARDNER,ROBERT",40,,56,,,,"SUB IN by GARDNER,ROBERT",2,subbing in,,millsaps,"gardner,robert",,"['blanz,buck', 'gardner,robert', 'tullos,zachary', 'gagen,brennan', 'mason,wade', 'becker,saxton']","['born,clay', 'thomas,adrian', 'stone,brody', 'born,leo', 'williams,jorden', 'crumly,jonny']",280.0,sewanee,50,0,0.0
350,350,1165,Sewanee,Millsaps,1,50-62,"25,37","31,19",12-6,4-15,5-3,1-7,01/27/17,8:00 PM,,"Sewanee, Tenn.",Win,2,False,658,False,04:40,"SUB IN by KOHNKE,SAM",40,,56,,,,"SUB IN by KOHNKE,SAM",2,subbing in,,millsaps,"kohnke,sam",,"['blanz,buck', 'gardner,robert', 'tullos,zachary', 'gagen,brennan', 'mason,wade', 'becker,saxton']","['born,clay', 'thomas,adrian', 'stone,brody', 'born,leo', 'williams,jorden', 'crumly,jonny']",280.0,sewanee,50,0,0.0
351,351,1165,Sewanee,Millsaps,1,50-62,"25,37","31,19",12-6,4-15,5-3,1-7,01/27/17,8:00 PM,,"Sewanee, Tenn.",Win,2,False,658,False,04:40,"SUB IN by TURNER,JAMES",40,,56,,,,"SUB IN by TURNER,JAMES",2,subbing in,,millsaps,"turner,james",,"['blanz,buck', 'gardner,robert', 'tullos,zachary', 'gagen,brennan', 'mason,wade', 'becker,saxton', 'turner,james']","['born,clay', 'thomas,adrian', 'stone,brody', 'born,leo', 'williams,jorden', 'crumly,jonny']",280.0,sewanee,50,0,0.0
352,352,1165,Sewanee,Millsaps,1,50-62,"25,37","31,19",12-6,4-15,5-3,1-7,01/27/17,8:00 PM,,"Sewanee, Tenn.",Win,2,False,658,False,04:40,"SUB OUT by TULLOS,ZACHARY",40,,56,,,,"SUB OUT by TULLOS,ZACHARY",2,subbing out,,millsaps,"tullos,zachary",,"['blanz,buck', 'gardner,robert', 'gagen,brennan', 'mason,wade', 'becker,saxton', 'turner,james']","['born,clay', 'thomas,adrian', 'stone,brody', 'born,leo', 'williams,jorden', 'crumly,jonny']",280.0,sewanee,50,0,0.0
353,353,1165,Sewanee,Millsaps,1,50-62,"25,37","31,19",12-6,4-15,5-3,1-7,01/27/17,8:00 PM,,"Sewanee, Tenn.",Win,2,False,658,False,04:40,"SUB OUT by MASON,WADE",40,,56,,,,"SUB OUT by MASON,WADE",2,subbing out,,millsaps,"mason,wade",,"['blanz,buck', 'gardner,robert', 'gagen,brennan', 'becker,saxton', 'turner,james']","['born,clay', 'thomas,adrian', 'stone,brody', 'born,leo', 'williams,jorden', 'crumly,jonny']",280.0,sewanee,50,0,0.0
354,354,1165,Sewanee,Millsaps,1,50-62,"25,37","31,19",12-6,4-15,5-3,1-7,01/27/17,8:00 PM,,"Sewanee, Tenn.",Win,2,False,658,False,04:40,"SUB OUT by BECKER,SAXTON",40,,56,,,,"SUB OUT by BECKER,SAXTON",2,subbing out,,millsaps,"becker,saxton",,"['blanz,buck', 'gardner,robert', 'gagen,brennan', 'turner,james']","['born,clay', 'thomas,adrian', 'stone,brody', 'born,leo', 'williams,jorden', 'crumly,jonny']",280.0,sewanee,50,0,0.0
355,355,1165,Sewanee,Millsaps,1,50-62,"25,37","31,19",12-6,4-15,5-3,1-7,01/27/17,8:00 PM,,"Sewanee, Tenn.",Win,2,False,658,False,04:40,,40,,56,"SUB IN by BORN,LEO",,,"SUB IN by BORN,LEO",2,subbing in,,sewanee,"born,leo",,"['blanz,buck', 'gardner,robert', 'gagen,brennan', 'turner,james']","['born,clay', 'thomas,adrian', 'stone,brody', 'born,leo', 'williams,jorden', 'crumly,jonny']",280.0,sewanee,50,0,0.0
356,356,1165,Sewanee,Millsaps,1,50-62,"25,37","31,19",12-6,4-15,5-3,1-7,01/27/17,8:00 PM,,"Sewanee, Tenn.",Win,2,False,658,False,04:40,,40,,56,"SUB OUT by CRUMLY,JONNY",,,"SUB OUT by CRUMLY,JONNY",2,subbing out,,sewanee,"crumly,jonny",,"['blanz,buck', 'gardner,robert', 'gagen,brennan', 'turner,james']","['born,clay', 'thomas,adrian', 'stone,brody', 'born,leo', 'williams,jorden', 'crumly,jonny']",280.0,sewanee,50,0,0.0
357,357,1165,Sewanee,Millsaps,1,50-62,"25,37","31,19",12-6,4-15,5-3,1-7,01/27/17,8:00 PM,,"Sewanee, Tenn.",Win,2,False,658,False,04:31,"MISS JUMPER by BLANZ,BUCK",40,,56,,,,"MISS JUMPER by BLANZ,BUCK",2,jumper,missed,millsaps,"blanz,buck",,"['blanz,buck', 'gardner,robert', 'gagen,brennan', 'turner,james']","['born,clay', 'thomas,adrian', 'stone,brody', 'born,leo', 'williams,jorden', 'crumly,jonny']",271.0,sewanee,50,0,0.0
358,358,1165,Sewanee,Millsaps,1,50-62,"25,37","31,19",12-6,4-15,5-3,1-7,01/27/17,8:00 PM,,"Sewanee, Tenn.",Win,2,False,658,False,--,,40,,56,"REBOUND DEF by STONE,BRODY",,,"REBOUND DEF by STONE,BRODY",2,defensive rebound,,sewanee,"stone,brody",,"['blanz,buck', 'gardner,robert', 'gagen,brennan', 'turner,james']","['born,clay', 'thomas,adrian', 'stone,brody', 'born,leo', 'williams,jorden', 'crumly,jonny']",,sewanee,50,0,0.0
359,359,1165,Sewanee,Millsaps,1,50-62,"25,37","31,19",12-6,4-15,5-3,1-7,01/27/17,8:00 PM,,"Sewanee, Tenn.",Win,2,False,658,False,04:12,,40,,56,"FOUL  by BORN,CLAY",,,"FOUL  by BORN,CLAY",2,foul,,sewanee,"born,clay",,"['blanz,buck', 'gardner,robert', 'gagen,brennan', 'turner,james']","['born,clay', 'thomas,adrian', 'stone,brody', 'born,leo', 'williams,jorden', 'crumly,jonny']",252.0,sewanee,50,0,0.0
360,360,1165,Sewanee,Millsaps,1,50-62,"25,37","31,19",12-6,4-15,5-3,1-7,01/27/17,8:00 PM,,"Sewanee, Tenn.",Win,2,False,658,False,04:12,,40,,56,"TURNOVER  by BORN,CLAY",,,"TURNOVER  by BORN,CLAY",2,turnover,,sewanee,"born,clay",,"['blanz,buck', 'gardner,robert', 'gagen,brennan', 'turner,james']","['born,clay', 'thomas,adrian', 'stone,brody', 'born,leo', 'williams,jorden', 'crumly,jonny']",252.0,sewanee,50,0,0.0
361,361,1165,Sewanee,Millsaps,1,50-62,"25,37","31,19",12-6,4-15,5-3,1-7,01/27/17,8:00 PM,,"Sewanee, Tenn.",Win,2,False,658,False,03:54,"MISS LAYUP by GAGEN,BRENNAN",40,,56,,,,"MISS LAYUP by GAGEN,BRENNAN",2,layup,missed,millsaps,"gagen,brennan",,"['blanz,buck', 'gardner,robert', 'gagen,brennan', 'turner,james']","['born,clay', 'thomas,adrian', 'stone,brody', 'born,leo', 'williams,jorden', 'crumly,jonny']",234.0,millsaps,51,0,0.0
362,362,1165,Sewanee,Millsaps,1,50-62,"25,37","31,19",12-6,4-15,5-3,1-7,01/27/17,8:00 PM,,"Sewanee, Tenn.",Win,2,False,658,False,03:54,,40,,56,"BLOCK  by STONE,BRODY",,,"BLOCK  by STONE,BRODY",2,block,,sewanee,"stone,brody",,"['blanz,buck', 'gardner,robert', 'gagen,brennan', 'turner,james']","['born,clay', 'thomas,adrian', 'stone,brody', 'born,leo', 'williams,jorden', 'crumly,jonny']",234.0,millsaps,51,0,0.0
363,363,1165,Sewanee,Millsaps,1,50-62,"25,37","31,19",12-6,4-15,5-3,1-7,01/27/17,8:00 PM,,"Sewanee, Tenn.",Win,2,False,658,False,--,,40,,56,"REBOUND DEF by WILLIAMS,JORDEN",,,"REBOUND DEF by WILLIAMS,JORDEN",2,defensive rebound,,sewanee,"williams,jorden",,"['blanz,buck', 'gardner,robert', 'gagen,brennan', 'turner,james']","['born,clay', 'thomas,adrian', 'stone,brody', 'born,leo', 'williams,jorden', 'crumly,jonny']",,millsaps,51,0,0.0
364,364,1165,Sewanee,Millsaps,1,50-62,"25,37","31,19",12-6,4-15,5-3,1-7,01/27/17,8:00 PM,,"Sewanee, Tenn.",Win,2,False,658,False,03:42,,40,,59,"GOOD 3PTR by BORN,LEO",SEWANEE 40-59 (+19),,"GOOD 3PTR by BORN,LEO",2,three pointer,good,sewanee,"born,leo",3.0,"['blanz,buck', 'gardner,robert', 'gagen,brennan', 'turner,james']","['born,clay', 'thomas,adrian', 'stone,brody', 'born,leo', 'williams,jorden', 'crumly,jonny']",222.0,sewanee,52,0,0.0
365,365,1165,Sewanee,Millsaps,1,50-62,"25,37","31,19",12-6,4-15,5-3,1-7,01/27/17,8:00 PM,,"Sewanee, Tenn.",Win,2,False,658,False,--,,40,,59,"ASSIST  by THOMAS,ADRIAN",,,"ASSIST  by THOMAS,ADRIAN",2,assist,,sewanee,"thomas,adrian",,"['blanz,buck', 'gardner,robert', 'gagen,brennan', 'turner,james']","['born,clay', 'thomas,adrian', 'stone,brody', 'born,leo', 'williams,jorden', 'crumly,jonny']",,sewanee,52,0,0.0
366,366,1165,Sewanee,Millsaps,1,50-62,"25,37","31,19",12-6,4-15,5-3,1-7,01/27/17,8:00 PM,,"Sewanee, Tenn.",Win,2,False,658,False,03:33,"MISS 3PTR by BLANZ,BUCK",40,,59,,,,"MISS 3PTR by BLANZ,BUCK",2,three pointer,missed,millsaps,"blanz,buck",,"['blanz,buck', 'gardner,robert', 'gagen,brennan', 'turner,james']","['born,clay', 'thomas,adrian', 'stone,brody', 'born,leo', 'williams,jorden', 'crumly,jonny']",213.0,sewanee,52,0,0.0
367,367,1165,Sewanee,Millsaps,1,50-62,"25,37","31,19",12-6,4-15,5-3,1-7,01/27/17,8:00 PM,,"Sewanee, Tenn.",Win,2,False,658,False,--,,40,,59,"REBOUND DEF by THOMAS,ADRIAN",,,"REBOUND DEF by THOMAS,ADRIAN",2,defensive rebound,,sewanee,"thomas,adrian",,"['blanz,buck', 'gardner,robert', 'gagen,brennan', 'turner,james']","['born,clay', 'thomas,adrian', 'stone,brody', 'born,leo', 'williams,jorden', 'crumly,jonny']",,sewanee,52,0,0.0
368,368,1165,Sewanee,Millsaps,1,50-62,"25,37","31,19",12-6,4-15,5-3,1-7,01/27/17,8:00 PM,,"Sewanee, Tenn.",Win,2,False,658,False,03:14,,40,,59,"MISS 3PTR by WILLIAMS,JORDEN",,,"MISS 3PTR by WILLIAMS,JORDEN",2,three pointer,missed,sewanee,"williams,jorden",,"['blanz,buck', 'gardner,robert', 'gagen,brennan', 'turner,james']","['born,clay', 'thomas,adrian', 'stone,brody', 'born,leo', 'williams,jorden', 'crumly,jonny']",194.0,sewanee,52,0,0.0
369,369,1165,Sewanee,Millsaps,1,50-62,"25,37","31,19",12-6,4-15,5-3,1-7,01/27/17,8:00 PM,,"Sewanee, Tenn.",Win,2,False,658,False,--,"REBOUND DEF by TURNER,JAMES",40,,59,,,,"REBOUND DEF by TURNER,JAMES",2,defensive rebound,,millsaps,"turner,james",,"['blanz,buck', 'gardner,robert', 'gagen,brennan', 'turner,james']","['born,clay', 'thomas,adrian', 'stone,brody', 'born,leo', 'williams,jorden', 'crumly,jonny']",,sewanee,52,0,0.0
370,370,1165,Sewanee,Millsaps,1,50-62,"25,37","31,19",12-6,4-15,5-3,1-7,01/27/17,8:00 PM,,"Sewanee, Tenn.",Win,2,False,658,False,03:04,"MISS LAYUP by GAGEN,BRENNAN",40,,59,,,,"MISS LAYUP by GAGEN,BRENNAN",2,layup,missed,millsaps,"gagen,brennan",,"['blanz,buck', 'gardner,robert', 'gagen,brennan', 'turner,james']","['born,clay', 'thomas,adrian', 'stone,brody', 'born,leo', 'williams,jorden', 'crumly,jonny']",184.0,millsaps,53,0,0.0
371,371,1165,Sewanee,Millsaps,1,50-62,"25,37","31,19",12-6,4-15,5-3,1-7,01/27/17,8:00 PM,,"Sewanee, Tenn.",Win,2,False,658,False,--,,40,,59,"REBOUND DEF by WILLIAMS,JORDEN",,,"REBOUND DEF by WILLIAMS,JORDEN",2,defensive rebound,,sewanee,"williams,jorden",,"['blanz,buck', 'gardner,robert', 'gagen,brennan', 'turner,james']","['born,clay', 'thomas,adrian', 'stone,brody', 'born,leo', 'williams,jorden', 'crumly,jonny']",,millsaps,53,0,0.0
372,372,1165,Sewanee,Millsaps,1,50-62,"25,37","31,19",12-6,4-15,5-3,1-7,01/27/17,8:00 PM,,"Sewanee, Tenn.",Win,2,False,658,False,02:59,,40,,59,"TURNOVER  by WILLIAMS,JORDEN",,,"TURNOVER  by WILLIAMS,JORDEN",2,turnover,,sewanee,"williams,jorden",,"['blanz,buck', 'gardner,robert', 'gagen,brennan', 'turner,james']","['born,clay', 'thomas,adrian', 'stone,brody', 'born,leo', 'williams,jorden', 'crumly,jonny']",179.0,sewanee,54,0,0.0
373,373,1165,Sewanee,Millsaps,1,50-62,"25,37","31,19",12-6,4-15,5-3,1-7,01/27/17,8:00 PM,,"Sewanee, Tenn.",Win,2,False,658,False,02:59,,40,,59,TIMEOUT TEAM by TEAM,,,TIMEOUT TEAM by TEAM,2,timeout,,sewanee,,,"['blanz,buck', 'gardner,robert', 'gagen,brennan', 'turner,james']","['born,clay', 'thomas,adrian', 'stone,brody', 'born,leo', 'williams,jorden', 'crumly,jonny']",179.0,millsaps,55,0,0.0
374,374,1165,Sewanee,Millsaps,1,50-62,"25,37","31,19",12-6,4-15,5-3,1-7,01/27/17,8:00 PM,,"Sewanee, Tenn.",Win,2,False,658,False,02:58,"MISS 3PTR by KOHNKE,SAM",40,,59,,,,"MISS 3PTR by KOHNKE,SAM",2,three pointer,missed,millsaps,"kohnke,sam",,"['blanz,buck', 'gardner,robert', 'gagen,brennan', 'turner,james']","['born,clay', 'thomas,adrian', 'stone,brody', 'born,leo', 'williams,jorden', 'crumly,jonny']",178.0,millsaps,55,0,0.0
375,375,1165,Sewanee,Millsaps,1,50-62,"25,37","31,19",12-6,4-15,5-3,1-7,01/27/17,8:00 PM,,"Sewanee, Tenn.",Win,2,False,658,False,--,"REBOUND OFF by GAGEN,BRENNAN",40,,59,,,,"REBOUND OFF by GAGEN,BRENNAN",2,offensive rebound,,millsaps,"gagen,brennan",,"['blanz,buck', 'gardner,robert', 'gagen,brennan', 'turner,james']","['born,clay', 'thomas,adrian', 'stone,brody', 'born,leo', 'williams,jorden', 'crumly,jonny']",,millsaps,55,0,0.0
376,376,1165,Sewanee,Millsaps,1,50-62,"25,37","31,19",12-6,4-15,5-3,1-7,01/27/17,8:00 PM,,"Sewanee, Tenn.",Win,2,False,658,False,02:52,"MISS 3PTR by GARDNER,ROBERT",40,,59,,,,"MISS 3PTR by GARDNER,ROBERT",2,three pointer,missed,millsaps,"gardner,robert",,"['blanz,buck', 'gardner,robert', 'gagen,brennan', 'turner,james']","['born,clay', 'thomas,adrian', 'stone,brody', 'born,leo', 'williams,jorden', 'crumly,jonny']",172.0,millsaps,55,0,0.0
377,377,1165,Sewanee,Millsaps,1,50-62,"25,37","31,19",12-6,4-15,5-3,1-7,01/27/17,8:00 PM,,"Sewanee, Tenn.",Win,2,False,658,False,--,"REBOUND OFF by BLANZ,BUCK",40,,59,,,,"REBOUND OFF by BLANZ,BUCK",2,offensive rebound,,millsaps,"blanz,buck",,"['blanz,buck', 'gardner,robert', 'gagen,brennan', 'turner,james']","['born,clay', 'thomas,adrian', 'stone,brody', 'born,leo', 'williams,jorden', 'crumly,jonny']",,millsaps,55,0,0.0
378,378,1165,Sewanee,Millsaps,1,50-62,"25,37","31,19",12-6,4-15,5-3,1-7,01/27/17,8:00 PM,,"Sewanee, Tenn.",Win,2,False,658,False,02:49,"GOOD LAYUP by BLANZ,BUCK(in the paint)",42,,59,,MILLSAPS 42-59 (+17),,"GOOD LAYUP by BLANZ,BUCK(in the paint)",2,layup,good,millsaps,"blanz,buck",2.0,"['blanz,buck', 'gardner,robert', 'gagen,brennan', 'turner,james']","['born,clay', 'thomas,adrian', 'stone,brody', 'born,leo', 'williams,jorden', 'crumly,jonny']",169.0,millsaps,55,0,0.0
379,379,1165,Sewanee,Millsaps,1,50-62,"25,37","31,19",12-6,4-15,5-3,1-7,01/27/17,8:00 PM,,"Sewanee, Tenn.",Win,2,False,658,False,02:37,,42,,59,"TURNOVER  by BORN,CLAY",,,"TURNOVER  by BORN,CLAY",2,turnover,,sewanee,"born,clay",,"['blanz,buck', 'gardner,robert', 'gagen,brennan', 'turner,james']","['born,clay', 'thomas,adrian', 'stone,brody', 'born,leo', 'williams,jorden', 'crumly,jonny']",157.0,millsaps,55,0,0.0
380,380,1165,Sewanee,Millsaps,1,50-62,"25,37","31,19",12-6,4-15,5-3,1-7,01/27/17,8:00 PM,,"Sewanee, Tenn.",Win,2,False,658,False,02:37,"STEAL  by KOHNKE,SAM",42,,59,,,,"STEAL  by KOHNKE,SAM",2,steal,,millsaps,,,"['blanz,buck', 'gardner,robert', 'gagen,brennan', 'turner,james']","['born,clay', 'thomas,adrian', 'stone,brody', 'born,leo', 'williams,jorden', 'crumly,jonny']",157.0,millsaps,55,0,0.0
381,381,1165,Sewanee,Millsaps,1,50-62,"25,37","31,19",12-6,4-15,5-3,1-7,01/27/17,8:00 PM,,"Sewanee, Tenn.",Win,2,False,658,False,02:29,,42,,59,"FOUL  by BORN,CLAY",,,"FOUL  by BORN,CLAY",2,foul,,sewanee,"born,clay",,"['blanz,buck', 'gardner,robert', 'gagen,brennan', 'turner,james']","['born,clay', 'thomas,adrian', 'stone,brody', 'born,leo', 'williams,jorden', 'crumly,jonny']",149.0,millsaps,55,0,0.0
382,382,1165,Sewanee,Millsaps,1,50-62,"25,37","31,19",12-6,4-15,5-3,1-7,01/27/17,8:00 PM,,"Sewanee, Tenn.",Win,2,False,658,False,02:29,"GOOD FT by GAGEN,BRENNAN",43,,59,,MILLSAPS 43-59 (+16),,"GOOD FT by GAGEN,BRENNAN",2,free throw,good,millsaps,"gagen,brennan",1.0,"['blanz,buck', 'gardner,robert', 'gagen,brennan', 'turner,james']","['born,clay', 'thomas,adrian', 'stone,brody', 'born,leo', 'williams,jorden', 'crumly,jonny']",149.0,millsaps,55,0,0.0
383,383,1165,Sewanee,Millsaps,1,50-62,"25,37","31,19",12-6,4-15,5-3,1-7,01/27/17,8:00 PM,,"Sewanee, Tenn.",Win,2,False,658,False,02:29,"GOOD FT by GAGEN,BRENNAN",44,,59,,MILLSAPS 44-59 (+15),,"GOOD FT by GAGEN,BRENNAN",2,free throw,good,millsaps,"gagen,brennan",1.0,"['blanz,buck', 'gardner,robert', 'gagen,brennan', 'turner,james']","['born,clay', 'thomas,adrian', 'stone,brody', 'born,leo', 'williams,jorden', 'crumly,jonny']",149.0,millsaps,55,0,0.0
384,384,1165,Sewanee,Millsaps,1,50-62,"25,37","31,19",12-6,4-15,5-3,1-7,01/27/17,8:00 PM,,"Sewanee, Tenn.",Win,2,False,658,False,02:29,,44,,59,TIMEOUT 30SEC by TEAM,,,TIMEOUT 30SEC by TEAM,2,timeout,,sewanee,,,"['blanz,buck', 'gardner,robert', 'gagen,brennan', 'turner,james']","['born,clay', 'thomas,adrian', 'stone,brody', 'born,leo', 'williams,jorden', 'crumly,jonny']",149.0,millsaps,55,0,0.0
385,385,1165,Sewanee,Millsaps,1,50-62,"25,37","31,19",12-6,4-15,5-3,1-7,01/27/17,8:00 PM,,"Sewanee, Tenn.",Win,2,False,658,False,02:11,,44,,62,"GOOD 3PTR by WILLIAMS,JORDEN",SEWANEE 44-62 (+18),,"GOOD 3PTR by WILLIAMS,JORDEN",2,three pointer,good,sewanee,"williams,jorden",3.0,"['blanz,buck', 'gardner,robert', 'gagen,brennan', 'turner,james']","['born,clay', 'thomas,adrian', 'stone,brody', 'born,leo', 'williams,jorden', 'crumly,jonny']",131.0,millsaps,55,0,0.0
386,386,1165,Sewanee,Millsaps,1,50-62,"25,37","31,19",12-6,4-15,5-3,1-7,01/27/17,8:00 PM,,"Sewanee, Tenn.",Win,2,False,658,False,--,,44,,62,"ASSIST  by STONE,BRODY",,,"ASSIST  by STONE,BRODY",2,assist,,sewanee,"stone,brody",,"['blanz,buck', 'gardner,robert', 'gagen,brennan', 'turner,james']","['born,clay', 'thomas,adrian', 'stone,brody', 'born,leo', 'williams,jorden', 'crumly,jonny']",,millsaps,55,0,0.0
387,387,1165,Sewanee,Millsaps,1,50-62,"25,37","31,19",12-6,4-15,5-3,1-7,01/27/17,8:00 PM,,"Sewanee, Tenn.",Win,2,False,658,False,01:59,"MISS 3PTR by BLANZ,BUCK",44,,62,,,,"MISS 3PTR by BLANZ,BUCK",2,three pointer,missed,millsaps,"blanz,buck",,"['blanz,buck', 'gardner,robert', 'gagen,brennan', 'turner,james']","['born,clay', 'thomas,adrian', 'stone,brody', 'born,leo', 'williams,jorden', 'crumly,jonny']",119.0,millsaps,55,0,0.0
388,388,1165,Sewanee,Millsaps,1,50-62,"25,37","31,19",12-6,4-15,5-3,1-7,01/27/17,8:00 PM,,"Sewanee, Tenn.",Win,2,False,658,False,--,,44,,62,REBOUND DEF by TEAM,,,REBOUND DEF by TEAM,2,defensive rebound,,sewanee,,,"['blanz,buck', 'gardner,robert', 'gagen,brennan', 'turner,james']","['born,clay', 'thomas,adrian', 'stone,brody', 'born,leo', 'williams,jorden', 'crumly,jonny']",,sewanee,56,0,0.0
389,389,1165,Sewanee,Millsaps,1,50-62,"25,37","31,19",12-6,4-15,5-3,1-7,01/27/17,8:00 PM,,"Sewanee, Tenn.",Win,2,False,658,False,01:31,,44,,62,"MISS LAYUP by STONE,BRODY",,,"MISS LAYUP by STONE,BRODY",2,layup,missed,sewanee,"stone,brody",,"['blanz,buck', 'gardner,robert', 'gagen,brennan', 'turner,james']","['born,clay', 'thomas,adrian', 'stone,brody', 'born,leo', 'williams,jorden', 'crumly,jonny']",91.0,sewanee,56,0,0.0
390,390,1165,Sewanee,Millsaps,1,50-62,"25,37","31,19",12-6,4-15,5-3,1-7,01/27/17,8:00 PM,,"Sewanee, Tenn.",Win,2,False,658,False,--,"REBOUND DEF by KOHNKE,SAM",44,,62,,,,"REBOUND DEF by KOHNKE,SAM",2,defensive rebound,,millsaps,"kohnke,sam",,"['blanz,buck', 'gardner,robert', 'gagen,brennan', 'turner,james']","['born,clay', 'thomas,adrian', 'stone,brody', 'born,leo', 'williams,jorden', 'crumly,jonny']",,sewanee,56,0,0.0
391,391,1165,Sewanee,Millsaps,1,50-62,"25,37","31,19",12-6,4-15,5-3,1-7,01/27/17,8:00 PM,,"Sewanee, Tenn.",Win,2,False,658,False,01:29,"GOOD LAYUP by GARDNER,ROBERT(fastbreak)(in the paint)",46,,62,,MILLSAPS 46-62 (+16),,"GOOD LAYUP by GARDNER,ROBERT(fastbreak)(in the paint)",2,layup,good,millsaps,"gardner,robert(fastbreak)",2.0,"['blanz,buck', 'gardner,robert', 'gagen,brennan', 'turner,james']","['born,clay', 'thomas,adrian', 'stone,brody', 'born,leo', 'williams,jorden', 'crumly,jonny']",89.0,millsaps,57,0,0.0
392,392,1165,Sewanee,Millsaps,1,50-62,"25,37","31,19",12-6,4-15,5-3,1-7,01/27/17,8:00 PM,,"Sewanee, Tenn.",Win,2,False,658,False,--,"ASSIST  by KOHNKE,SAM",46,,62,,,,"ASSIST  by KOHNKE,SAM",2,assist,,millsaps,"kohnke,sam",,"['blanz,buck', 'gardner,robert', 'gagen,brennan', 'turner,james']","['born,clay', 'thomas,adrian', 'stone,brody', 'born,leo', 'williams,jorden', 'crumly,jonny']",,millsaps,57,0,0.0
393,393,1165,Sewanee,Millsaps,1,50-62,"25,37","31,19",12-6,4-15,5-3,1-7,01/27/17,8:00 PM,,"Sewanee, Tenn.",Win,2,False,658,False,01:26,TIMEOUT FULL by TEAM,46,,62,,,,TIMEOUT FULL by TEAM,2,timeout,,millsaps,,,"['blanz,buck', 'gardner,robert', 'gagen,brennan', 'turner,james']","['born,clay', 'thomas,adrian', 'stone,brody', 'born,leo', 'williams,jorden', 'crumly,jonny']",86.0,millsaps,57,0,0.0
394,394,1165,Sewanee,Millsaps,1,50-62,"25,37","31,19",12-6,4-15,5-3,1-7,01/27/17,8:00 PM,,"Sewanee, Tenn.",Win,2,False,658,False,01:26,,46,,62,"SUB IN by BUESCHER,HUNTER",,,"SUB IN by BUESCHER,HUNTER",2,subbing in,,sewanee,"buescher,hunter",,"['blanz,buck', 'gardner,robert', 'gagen,brennan', 'turner,james']","['born,clay', 'thomas,adrian', 'stone,brody', 'born,leo', 'williams,jorden', 'crumly,jonny', 'buescher,hunter']",86.0,millsaps,57,0,0.0
395,395,1165,Sewanee,Millsaps,1,50-62,"25,37","31,19",12-6,4-15,5-3,1-7,01/27/17,8:00 PM,,"Sewanee, Tenn.",Win,2,False,658,False,01:26,,46,,62,"SUB OUT by THOMAS,ADRIAN",,,"SUB OUT by THOMAS,ADRIAN",2,subbing out,,sewanee,"thomas,adrian",,"['blanz,buck', 'gardner,robert', 'gagen,brennan', 'turner,james']","['born,clay', 'stone,brody', 'born,leo', 'williams,jorden', 'crumly,jonny', 'buescher,hunter']",86.0,millsaps,57,0,0.0
396,396,1165,Sewanee,Millsaps,1,50-62,"25,37","31,19",12-6,4-15,5-3,1-7,01/27/17,8:00 PM,,"Sewanee, Tenn.",Win,2,False,658,False,01:04,,46,,62,"MISS LAYUP by WILLIAMS,JORDEN",,,"MISS LAYUP by WILLIAMS,JORDEN",2,layup,missed,sewanee,"williams,jorden",,"['blanz,buck', 'gardner,robert', 'gagen,brennan', 'turner,james']","['born,clay', 'stone,brody', 'born,leo', 'williams,jorden', 'crumly,jonny', 'buescher,hunter']",64.0,millsaps,57,0,0.0
397,397,1165,Sewanee,Millsaps,1,50-62,"25,37","31,19",12-6,4-15,5-3,1-7,01/27/17,8:00 PM,,"Sewanee, Tenn.",Win,2,False,658,False,--,"REBOUND DEADB by GARDNER,ROBERT",46,,62,,,,"REBOUND DEADB by GARDNER,ROBERT",2,deadball rebound,,millsaps,"gardner,robert",,"['blanz,buck', 'gardner,robert', 'gagen,brennan', 'turner,james']","['born,clay', 'stone,brody', 'born,leo', 'williams,jorden', 'crumly,jonny', 'buescher,hunter']",,millsaps,57,0,0.0
398,398,1165,Sewanee,Millsaps,1,50-62,"25,37","31,19",12-6,4-15,5-3,1-7,01/27/17,8:00 PM,,"Sewanee, Tenn.",Win,2,False,658,False,00:56,,46,,62,"FOUL  by BUESCHER,HUNTER",,,"FOUL  by BUESCHER,HUNTER",2,foul,,sewanee,"buescher,hunter",,"['blanz,buck', 'gardner,robert', 'gagen,brennan', 'turner,james']","['born,clay', 'stone,brody', 'born,leo', 'williams,jorden', 'crumly,jonny', 'buescher,hunter']",56.0,millsaps,57,0,0.0
399,399,1165,Sewanee,Millsaps,1,50-62,"25,37","31,19",12-6,4-15,5-3,1-7,01/27/17,8:00 PM,,"Sewanee, Tenn.",Win,2,False,658,False,00:56,"GOOD FT by GAGEN,BRENNAN",47,,62,,MILLSAPS 47-62 (+15),,"GOOD FT by GAGEN,BRENNAN",2,free throw,good,millsaps,"gagen,brennan",1.0,"['blanz,buck', 'gardner,robert', 'gagen,brennan', 'turner,james']","['born,clay', 'stone,brody', 'born,leo', 'williams,jorden', 'crumly,jonny', 'buescher,hunter']",56.0,millsaps,57,0,0.0
400,400,1165,Sewanee,Millsaps,1,50-62,"25,37","31,19",12-6,4-15,5-3,1-7,01/27/17,8:00 PM,,"Sewanee, Tenn.",Win,2,False,658,False,00:56,"GOOD FT by GAGEN,BRENNAN",48,,62,,MILLSAPS 48-62 (+14),,"GOOD FT by GAGEN,BRENNAN",2,free throw,good,millsaps,"gagen,brennan",1.0,"['blanz,buck', 'gardner,robert', 'gagen,brennan', 'turner,james']","['born,clay', 'stone,brody', 'born,leo', 'williams,jorden', 'crumly,jonny', 'buescher,hunter']",56.0,millsaps,57,0,0.0
401,401,1165,Sewanee,Millsaps,1,50-62,"25,37","31,19",12-6,4-15,5-3,1-7,01/27/17,8:00 PM,,"Sewanee, Tenn.",Win,2,False,658,False,00:56,"SUB IN by BURT,DERRICK",48,,62,,,,"SUB IN by BURT,DERRICK",2,subbing in,,millsaps,"burt,derrick",,"['blanz,buck', 'gardner,robert', 'gagen,brennan', 'turner,james', 'burt,derrick']","['born,clay', 'stone,brody', 'born,leo', 'williams,jorden', 'crumly,jonny', 'buescher,hunter']",56.0,millsaps,57,0,0.0
402,402,1165,Sewanee,Millsaps,1,50-62,"25,37","31,19",12-6,4-15,5-3,1-7,01/27/17,8:00 PM,,"Sewanee, Tenn.",Win,2,False,658,False,00:56,"SUB IN by WISE,ASA",48,,62,,,,"SUB IN by WISE,ASA",2,subbing in,,millsaps,"wise,asa",,"['blanz,buck', 'gardner,robert', 'gagen,brennan', 'turner,james', 'burt,derrick', 'wise,asa']","['born,clay', 'stone,brody', 'born,leo', 'williams,jorden', 'crumly,jonny', 'buescher,hunter']",56.0,millsaps,57,0,0.0
403,403,1165,Sewanee,Millsaps,1,50-62,"25,37","31,19",12-6,4-15,5-3,1-7,01/27/17,8:00 PM,,"Sewanee, Tenn.",Win,2,False,658,False,00:56,"SUB IN by MANNING,JOHNATHAN",48,,62,,,,"SUB IN by MANNING,JOHNATHAN",2,subbing in,,millsaps,"manning,johnathan",,"['blanz,buck', 'gardner,robert', 'gagen,brennan', 'turner,james', 'burt,derrick', 'wise,asa', 'manning,johnathan']","['born,clay', 'stone,brody', 'born,leo', 'williams,jorden', 'crumly,jonny', 'buescher,hunter']",56.0,millsaps,57,0,0.0
404,404,1165,Sewanee,Millsaps,1,50-62,"25,37","31,19",12-6,4-15,5-3,1-7,01/27/17,8:00 PM,,"Sewanee, Tenn.",Win,2,False,658,False,00:56,"SUB OUT by BLANZ,BUCK",48,,62,,,,"SUB OUT by BLANZ,BUCK",2,subbing out,,millsaps,"blanz,buck",,"['gardner,robert', 'gagen,brennan', 'turner,james', 'burt,derrick', 'wise,asa', 'manning,johnathan']","['born,clay', 'stone,brody', 'born,leo', 'williams,jorden', 'crumly,jonny', 'buescher,hunter']",56.0,millsaps,57,0,0.0
405,405,1165,Sewanee,Millsaps,1,50-62,"25,37","31,19",12-6,4-15,5-3,1-7,01/27/17,8:00 PM,,"Sewanee, Tenn.",Win,2,False,658,False,00:56,"SUB OUT by GAGEN,BRENNAN",48,,62,,,,"SUB OUT by GAGEN,BRENNAN",2,subbing out,,millsaps,"gagen,brennan",,"['gardner,robert', 'turner,james', 'burt,derrick', 'wise,asa', 'manning,johnathan']","['born,clay', 'stone,brody', 'born,leo', 'williams,jorden', 'crumly,jonny', 'buescher,hunter']",56.0,millsaps,57,0,0.0
406,406,1165,Sewanee,Millsaps,1,50-62,"25,37","31,19",12-6,4-15,5-3,1-7,01/27/17,8:00 PM,,"Sewanee, Tenn.",Win,2,False,658,False,00:56,"SUB OUT by GARDNER,ROBERT",48,,62,,,,"SUB OUT by GARDNER,ROBERT",2,subbing out,,millsaps,"gardner,robert",,"['turner,james', 'burt,derrick', 'wise,asa', 'manning,johnathan']","['born,clay', 'stone,brody', 'born,leo', 'williams,jorden', 'crumly,jonny', 'buescher,hunter']",56.0,millsaps,57,0,0.0
407,407,1165,Sewanee,Millsaps,1,50-62,"25,37","31,19",12-6,4-15,5-3,1-7,01/27/17,8:00 PM,,"Sewanee, Tenn.",Win,2,False,658,False,00:56,,48,,62,"SUB IN by BROWN,BANKS",,,"SUB IN by BROWN,BANKS",2,subbing in,,sewanee,"brown,banks",,"['turner,james', 'burt,derrick', 'wise,asa', 'manning,johnathan']","['born,clay', 'stone,brody', 'born,leo', 'williams,jorden', 'crumly,jonny', 'buescher,hunter', 'brown,banks']",56.0,millsaps,57,0,0.0
408,408,1165,Sewanee,Millsaps,1,50-62,"25,37","31,19",12-6,4-15,5-3,1-7,01/27/17,8:00 PM,,"Sewanee, Tenn.",Win,2,False,658,False,00:56,,48,,62,"SUB IN by BRADEN,WILL",,,"SUB IN by BRADEN,WILL",2,subbing in,,sewanee,"braden,will",,"['turner,james', 'burt,derrick', 'wise,asa', 'manning,johnathan']","['born,clay', 'stone,brody', 'born,leo', 'williams,jorden', 'crumly,jonny', 'buescher,hunter', 'brown,banks', 'braden,will']",56.0,millsaps,57,0,0.0
409,409,1165,Sewanee,Millsaps,1,50-62,"25,37","31,19",12-6,4-15,5-3,1-7,01/27/17,8:00 PM,,"Sewanee, Tenn.",Win,2,False,658,False,00:56,,48,,62,"SUB IN by JOHNSON,DAVID",,,"SUB IN by JOHNSON,DAVID",2,subbing in,,sewanee,"johnson,david",,"['turner,james', 'burt,derrick', 'wise,asa', 'manning,johnathan']","['born,clay', 'stone,brody', 'born,leo', 'williams,jorden', 'crumly,jonny', 'buescher,hunter', 'brown,banks', 'braden,will', 'johnson,david']",56.0,millsaps,57,0,0.0
410,410,1165,Sewanee,Millsaps,1,50-62,"25,37","31,19",12-6,4-15,5-3,1-7,01/27/17,8:00 PM,,"Sewanee, Tenn.",Win,2,False,658,False,00:56,,48,,62,"SUB IN by BARRY,MICHAEL",,,"SUB IN by BARRY,MICHAEL",2,subbing in,,sewanee,"barry,michael",,"['turner,james', 'burt,derrick', 'wise,asa', 'manning,johnathan']","['born,clay', 'stone,brody', 'born,leo', 'williams,jorden', 'crumly,jonny', 'buescher,hunter', 'brown,banks', 'braden,will', 'johnson,david', 'barry,michael']",56.0,millsaps,57,0,0.0
411,411,1165,Sewanee,Millsaps,1,50-62,"25,37","31,19",12-6,4-15,5-3,1-7,01/27/17,8:00 PM,,"Sewanee, Tenn.",Win,2,False,658,False,00:56,,48,,62,"SUB IN by HOWELL,TAYLOR",,,"SUB IN by HOWELL,TAYLOR",2,subbing in,,sewanee,"howell,taylor",,"['turner,james', 'burt,derrick', 'wise,asa', 'manning,johnathan']","['born,clay', 'stone,brody', 'born,leo', 'williams,jorden', 'crumly,jonny', 'buescher,hunter', 'brown,banks', 'braden,will', 'johnson,david', 'barry,michael', 'howell,taylor']",56.0,millsaps,57,0,0.0
412,412,1165,Sewanee,Millsaps,1,50-62,"25,37","31,19",12-6,4-15,5-3,1-7,01/27/17,8:00 PM,,"Sewanee, Tenn.",Win,2,False,658,False,00:56,,48,,62,"SUB OUT by BUESCHER,HUNTER",,,"SUB OUT by BUESCHER,HUNTER",2,subbing out,,sewanee,"buescher,hunter",,"['turner,james', 'burt,derrick', 'wise,asa', 'manning,johnathan']","['born,clay', 'stone,brody', 'born,leo', 'williams,jorden', 'crumly,jonny', 'brown,banks', 'braden,will', 'johnson,david', 'barry,michael', 'howell,taylor']",56.0,millsaps,57,0,0.0
413,413,1165,Sewanee,Millsaps,1,50-62,"25,37","31,19",12-6,4-15,5-3,1-7,01/27/17,8:00 PM,,"Sewanee, Tenn.",Win,2,False,658,False,00:56,,48,,62,"SUB OUT by STONE,BRODY",,,"SUB OUT by STONE,BRODY",2,subbing out,,sewanee,"stone,brody",,"['turner,james', 'burt,derrick', 'wise,asa', 'manning,johnathan']","['born,clay', 'born,leo', 'williams,jorden', 'crumly,jonny', 'brown,banks', 'braden,will', 'johnson,david', 'barry,michael', 'howell,taylor']",56.0,millsaps,57,0,0.0
414,414,1165,Sewanee,Millsaps,1,50-62,"25,37","31,19",12-6,4-15,5-3,1-7,01/27/17,8:00 PM,,"Sewanee, Tenn.",Win,2,False,658,False,00:56,,48,,62,"SUB OUT by BORN,LEO",,,"SUB OUT by BORN,LEO",2,subbing out,,sewanee,"born,leo",,"['turner,james', 'burt,derrick', 'wise,asa', 'manning,johnathan']","['born,clay', 'williams,jorden', 'crumly,jonny', 'brown,banks', 'braden,will', 'johnson,david', 'barry,michael', 'howell,taylor']",56.0,millsaps,57,0,0.0
415,415,1165,Sewanee,Millsaps,1,50-62,"25,37","31,19",12-6,4-15,5-3,1-7,01/27/17,8:00 PM,,"Sewanee, Tenn.",Win,2,False,658,False,00:56,,48,,62,"SUB OUT by BORN,CLAY",,,"SUB OUT by BORN,CLAY",2,subbing out,,sewanee,"born,clay",,"['turner,james', 'burt,derrick', 'wise,asa', 'manning,johnathan']","['williams,jorden', 'crumly,jonny', 'brown,banks', 'braden,will', 'johnson,david', 'barry,michael', 'howell,taylor']",56.0,millsaps,57,0,0.0
416,416,1165,Sewanee,Millsaps,1,50-62,"25,37","31,19",12-6,4-15,5-3,1-7,01/27/17,8:00 PM,,"Sewanee, Tenn.",Win,2,False,658,False,00:56,,48,,62,"SUB OUT by WILLIAMS,JORDEN",,,"SUB OUT by WILLIAMS,JORDEN",2,subbing out,,sewanee,"williams,jorden",,"['turner,james', 'burt,derrick', 'wise,asa', 'manning,johnathan']","['crumly,jonny', 'brown,banks', 'braden,will', 'johnson,david', 'barry,michael', 'howell,taylor']",56.0,millsaps,57,0,0.0
417,417,1165,Sewanee,Millsaps,1,50-62,"25,37","31,19",12-6,4-15,5-3,1-7,01/27/17,8:00 PM,,"Sewanee, Tenn.",Win,2,False,658,False,00:53,,48,,62,"MISS LAYUP by BRADEN,WILL",,,"MISS LAYUP by BRADEN,WILL",2,layup,missed,sewanee,"braden,will",,"['turner,james', 'burt,derrick', 'wise,asa', 'manning,johnathan']","['crumly,jonny', 'brown,banks', 'braden,will', 'johnson,david', 'barry,michael', 'howell,taylor']",53.0,millsaps,57,0,0.0
418,418,1165,Sewanee,Millsaps,1,50-62,"25,37","31,19",12-6,4-15,5-3,1-7,01/27/17,8:00 PM,,"Sewanee, Tenn.",Win,2,False,658,False,--,REBOUND DEF by TEAM,48,,62,,,,REBOUND DEF by TEAM,2,defensive rebound,,millsaps,,,"['turner,james', 'burt,derrick', 'wise,asa', 'manning,johnathan']","['crumly,jonny', 'brown,banks', 'braden,will', 'johnson,david', 'barry,michael', 'howell,taylor']",,millsaps,57,0,0.0
419,419,1165,Sewanee,Millsaps,1,50-62,"25,37","31,19",12-6,4-15,5-3,1-7,01/27/17,8:00 PM,,"Sewanee, Tenn.",Win,2,False,658,False,00:46,"GOOD LAYUP by MANNING,JOHNATHAN(in the paint)",50,,62,,MILLSAPS 50-62 (+12),,"GOOD LAYUP by MANNING,JOHNATHAN(in the paint)",2,layup,good,millsaps,"manning,johnathan",2.0,"['turner,james', 'burt,derrick', 'wise,asa', 'manning,johnathan']","['crumly,jonny', 'brown,banks', 'braden,will', 'johnson,david', 'barry,michael', 'howell,taylor']",46.0,millsaps,57,0,0.0
420,420,1165,Sewanee,Millsaps,1,50-62,"25,37","31,19",12-6,4-15,5-3,1-7,01/27/17,8:00 PM,,"Sewanee, Tenn.",Win,2,False,658,False,00:26,,50,,62,"TURNOVER  by BARRY,MICHAEL",,,"TURNOVER  by BARRY,MICHAEL",2,turnover,,sewanee,"barry,michael",,"['turner,james', 'burt,derrick', 'wise,asa', 'manning,johnathan']","['crumly,jonny', 'brown,banks', 'braden,will', 'johnson,david', 'barry,michael', 'howell,taylor']",26.0,millsaps,57,0,0.0
421,421,1165,Sewanee,Millsaps,1,50-62,"25,37","31,19",12-6,4-15,5-3,1-7,01/27/17,8:00 PM,,"Sewanee, Tenn.",Win,2,False,658,False,00:26,"SUB IN by BECKER,SAXTON",50,,62,,,,"SUB IN by BECKER,SAXTON",2,subbing in,,millsaps,"becker,saxton",,"['turner,james', 'burt,derrick', 'wise,asa', 'manning,johnathan', 'becker,saxton']","['crumly,jonny', 'brown,banks', 'braden,will', 'johnson,david', 'barry,michael', 'howell,taylor']",26.0,millsaps,57,0,0.0
422,422,1165,Sewanee,Millsaps,1,50-62,"25,37","31,19",12-6,4-15,5-3,1-7,01/27/17,8:00 PM,,"Sewanee, Tenn.",Win,2,False,658,False,00:26,"SUB IN by COLEMAN,DANIEL",50,,62,,,,"SUB IN by COLEMAN,DANIEL",2,subbing in,,millsaps,"coleman,daniel",,"['turner,james', 'burt,derrick', 'wise,asa', 'manning,johnathan', 'becker,saxton', 'coleman,daniel']","['crumly,jonny', 'brown,banks', 'braden,will', 'johnson,david', 'barry,michael', 'howell,taylor']",26.0,millsaps,57,0,0.0
423,423,1165,Sewanee,Millsaps,1,50-62,"25,37","31,19",12-6,4-15,5-3,1-7,01/27/17,8:00 PM,,"Sewanee, Tenn.",Win,2,False,658,False,00:26,"SUB OUT by TURNER,JAMES",50,,62,,,,"SUB OUT by TURNER,JAMES",2,subbing out,,millsaps,"turner,james",,"['burt,derrick', 'wise,asa', 'manning,johnathan', 'becker,saxton', 'coleman,daniel']","['crumly,jonny', 'brown,banks', 'braden,will', 'johnson,david', 'barry,michael', 'howell,taylor']",26.0,millsaps,57,0,0.0
424,424,1165,Sewanee,Millsaps,1,50-62,"25,37","31,19",12-6,4-15,5-3,1-7,01/27/17,8:00 PM,,"Sewanee, Tenn.",Win,2,False,658,False,00:26,"SUB OUT by KOHNKE,SAM",50,,62,,,,"SUB OUT by KOHNKE,SAM",2,subbing out,,millsaps,"kohnke,sam",,"['burt,derrick', 'wise,asa', 'manning,johnathan', 'becker,saxton', 'coleman,daniel']","['crumly,jonny', 'brown,banks', 'braden,will', 'johnson,david', 'barry,michael', 'howell,taylor']",26.0,millsaps,57,0,0.0
425,425,1165,Sewanee,Millsaps,1,50-62,"25,37","31,19",12-6,4-15,5-3,1-7,01/27/17,8:00 PM,,"Sewanee, Tenn.",Win,2,False,658,False,00:26,,50,,62,"SUB IN by GARFINKEL,BLAKE",,,"SUB IN by GARFINKEL,BLAKE",2,subbing in,,sewanee,"garfinkel,blake",,"['burt,derrick', 'wise,asa', 'manning,johnathan', 'becker,saxton', 'coleman,daniel']","['crumly,jonny', 'brown,banks', 'braden,will', 'johnson,david', 'barry,michael', 'howell,taylor']",26.0,millsaps,57,0,0.0
426,426,1165,Sewanee,Millsaps,1,50-62,"25,37","31,19",12-6,4-15,5-3,1-7,01/27/17,8:00 PM,,"Sewanee, Tenn.",Win,2,False,658,False,00:26,,50,,62,"SUB OUT by BARRY,MICHAEL",,,"SUB OUT by BARRY,MICHAEL",2,subbing out,,sewanee,"barry,michael",,"['burt,derrick', 'wise,asa', 'manning,johnathan', 'becker,saxton', 'coleman,daniel']","['crumly,jonny', 'brown,banks', 'braden,will', 'johnson,david', 'howell,taylor']",26.0,millsaps,57,0,0.0
427,427,1165,Sewanee,Millsaps,1,50-62,"25,37","31,19",12-6,4-15,5-3,1-7,01/27/17,8:00 PM,,"Sewanee, Tenn.",Win,2,False,658,False,00:21,"MISS JUMPER by MANNING,JOHNATHAN",50,,62,,,,"MISS JUMPER by MANNING,JOHNATHAN",2,jumper,missed,millsaps,"manning,johnathan",,"['burt,derrick', 'wise,asa', 'manning,johnathan', 'becker,saxton', 'coleman,daniel']","['crumly,jonny', 'brown,banks', 'braden,will', 'johnson,david', 'howell,taylor']",21.0,millsaps,57,0,0.0
428,428,1165,Sewanee,Millsaps,1,50-62,"25,37","31,19",12-6,4-15,5-3,1-7,01/27/17,8:00 PM,,"Sewanee, Tenn.",Win,2,False,658,False,--,,50,,62,"REBOUND DEF by BROWN,BANKS",,,"REBOUND DEF by BROWN,BANKS",2,defensive rebound,,sewanee,"brown,banks",,"['burt,derrick', 'wise,asa', 'manning,johnathan', 'becker,saxton', 'coleman,daniel']","['crumly,jonny', 'brown,banks', 'braden,will', 'johnson,david', 'howell,taylor']",,millsaps,57,0,0.0
