,gameID,homeTeam,awayTeam,saaGame,finalScore,homeScoreByPeriod,awayScoreByPeriod,homeRecord,awayRecord,homeConfRecord,awayConfRecord,gameDate,startTime,gameLength,gameLocation,homeWin,numPeriods,isOvertime,attendance,isNeutral,timeRemaining,awayPlay,awayTeamScore,playTeamIndicator,homeTeamScore,homePlay,gameScore,teamIndicator,Play,Period,playType,shotOutcome,Team,Player,pointsEarned,awayLineup,homeLineup,timeSeconds
0,0908,East Tex. Baptist,Millsaps,0,68-78,"36,42","25,43",1-0,0-1,N/A,N/A,11/15/14,4:00 p.m.,N/A,"Marshall, TX (Ornelas Gym)",Win,2,False,347,False,19:56,,0,,2 ,"GOOD LAYUP by FELICIA,JUSTIN(in the paint)",ETBU 0-2 (-2),,"GOOD LAYUP by FELICIA,JUSTIN(in the paint)",1,layup,good,east tex. baptist,"felicia,justin",2,"['gerchow,alex', 'mcelveen,mac', 'aubert,dustin', 'robertson,marc', 'frebis,ronnie']","['samuel,jamil', 'mitchell,junior', 'atkins,bret', 'felicia,justin', 'thompson,erby']",1196
1,0908,East Tex. Baptist,Millsaps,0,68-78,"36,42","25,43",1-0,0-1,N/A,N/A,11/15/14,4:00 p.m.,N/A,"Marshall, TX (Ornelas Gym)",Win,2,False,347,False,--,,0,,2 ,"ASSIST  by ATKINS,BRET",,,"ASSIST  by ATKINS,BRET",1,assist,,east tex. baptist,"atkins,bret",,"['gerchow,alex', 'mcelveen,mac', 'aubert,dustin', 'robertson,marc', 'frebis,ronnie']","['samuel,jamil', 'mitchell,junior', 'atkins,bret', 'felicia,justin', 'thompson,erby']",
2,0908,East Tex. Baptist,Millsaps,0,68-78,"36,42","25,43",1-0,0-1,N/A,N/A,11/15/14,4:00 p.m.,N/A,"Marshall, TX (Ornelas Gym)",Win,2,False,347,False,19:44,"MISS 3PTR by MCELVEEN,MAC",0,,2 ,,,,"MISS 3PTR by MCELVEEN,MAC",1,three pointer,missed,millsaps,"mcelveen,mac",,"['gerchow,alex', 'mcelveen,mac', 'aubert,dustin', 'robertson,marc', 'frebis,ronnie']","['samuel,jamil', 'mitchell,junior', 'atkins,bret', 'felicia,justin', 'thompson,erby']",1184
3,0908,East Tex. Baptist,Millsaps,0,68-78,"36,42","25,43",1-0,0-1,N/A,N/A,11/15/14,4:00 p.m.,N/A,"Marshall, TX (Ornelas Gym)",Win,2,False,347,False,--,,0,,2 ,"REBOUND DEF by SAMUEL,JAMIL",,,"REBOUND DEF by SAMUEL,JAMIL",1,defensive rebound,,east tex. baptist,"samuel,jamil",,"['gerchow,alex', 'mcelveen,mac', 'aubert,dustin', 'robertson,marc', 'frebis,ronnie']","['samuel,jamil', 'mitchell,junior', 'atkins,bret', 'felicia,justin', 'thompson,erby']",
4,0908,East Tex. Baptist,Millsaps,0,68-78,"36,42","25,43",1-0,0-1,N/A,N/A,11/15/14,4:00 p.m.,N/A,"Marshall, TX (Ornelas Gym)",Win,2,False,347,False,19:37,,0,,2 ,"TURNOVER  by MITCHELL,JUNIOR",,,"TURNOVER  by MITCHELL,JUNIOR",1,turnover,,east tex. baptist,"mitchell,junior",,"['gerchow,alex', 'mcelveen,mac', 'aubert,dustin', 'robertson,marc', 'frebis,ronnie']","['samuel,jamil', 'mitchell,junior', 'atkins,bret', 'felicia,justin', 'thompson,erby']",1177
5,0908,East Tex. Baptist,Millsaps,0,68-78,"36,42","25,43",1-0,0-1,N/A,N/A,11/15/14,4:00 p.m.,N/A,"Marshall, TX (Ornelas Gym)",Win,2,False,347,False,19:23,"TURNOVER  by FREBIS,RONNIE",0,,2 ,,,,"TURNOVER  by FREBIS,RONNIE",1,turnover,,millsaps,"frebis,ronnie",,"['gerchow,alex', 'mcelveen,mac', 'aubert,dustin', 'robertson,marc', 'frebis,ronnie']","['samuel,jamil', 'mitchell,junior', 'atkins,bret', 'felicia,justin', 'thompson,erby']",1163
6,0908,East Tex. Baptist,Millsaps,0,68-78,"36,42","25,43",1-0,0-1,N/A,N/A,11/15/14,4:00 p.m.,N/A,"Marshall, TX (Ornelas Gym)",Win,2,False,347,False,19:12,,0,,2 ,"MISS JUMPER by SAMUEL,JAMIL",,,"MISS JUMPER by SAMUEL,JAMIL",1,jumper,missed,east tex. baptist,"samuel,jamil",,"['gerchow,alex', 'mcelveen,mac', 'aubert,dustin', 'robertson,marc', 'frebis,ronnie']","['samuel,jamil', 'mitchell,junior', 'atkins,bret', 'felicia,justin', 'thompson,erby']",1152
7,0908,East Tex. Baptist,Millsaps,0,68-78,"36,42","25,43",1-0,0-1,N/A,N/A,11/15/14,4:00 p.m.,N/A,"Marshall, TX (Ornelas Gym)",Win,2,False,347,False,--,"REBOUND DEF by ROBERTSON,MARC",0,,2 ,,,,"REBOUND DEF by ROBERTSON,MARC",1,defensive rebound,,millsaps,"robertson,marc",,"['gerchow,alex', 'mcelveen,mac', 'aubert,dustin', 'robertson,marc', 'frebis,ronnie']","['samuel,jamil', 'mitchell,junior', 'atkins,bret', 'felicia,justin', 'thompson,erby']",
8,0908,East Tex. Baptist,Millsaps,0,68-78,"36,42","25,43",1-0,0-1,N/A,N/A,11/15/14,4:00 p.m.,N/A,"Marshall, TX (Ornelas Gym)",Win,2,False,347,False,18:48,"MISS JUMPER by FREBIS,RONNIE",0,,2 ,,,,"MISS JUMPER by FREBIS,RONNIE",1,jumper,missed,millsaps,"frebis,ronnie",,"['gerchow,alex', 'mcelveen,mac', 'aubert,dustin', 'robertson,marc', 'frebis,ronnie']","['samuel,jamil', 'mitchell,junior', 'atkins,bret', 'felicia,justin', 'thompson,erby']",1128
9,0908,East Tex. Baptist,Millsaps,0,68-78,"36,42","25,43",1-0,0-1,N/A,N/A,11/15/14,4:00 p.m.,N/A,"Marshall, TX (Ornelas Gym)",Win,2,False,347,False,18:48,,0,,2 ,"BLOCK  by SAMUEL,JAMIL",,,"BLOCK  by SAMUEL,JAMIL",1,block,,east tex. baptist,"samuel,jamil",,"['gerchow,alex', 'mcelveen,mac', 'aubert,dustin', 'robertson,marc', 'frebis,ronnie']","['samuel,jamil', 'mitchell,junior', 'atkins,bret', 'felicia,justin', 'thompson,erby']",1128
10,0908,East Tex. Baptist,Millsaps,0,68-78,"36,42","25,43",1-0,0-1,N/A,N/A,11/15/14,4:00 p.m.,N/A,"Marshall, TX (Ornelas Gym)",Win,2,False,347,False,--,"REBOUND OFF by FREBIS,RONNIE",0,,2 ,,,,"REBOUND OFF by FREBIS,RONNIE",1,offensive rebound,,millsaps,"frebis,ronnie",,"['gerchow,alex', 'mcelveen,mac', 'aubert,dustin', 'robertson,marc', 'frebis,ronnie']","['samuel,jamil', 'mitchell,junior', 'atkins,bret', 'felicia,justin', 'thompson,erby']",
11,0908,East Tex. Baptist,Millsaps,0,68-78,"36,42","25,43",1-0,0-1,N/A,N/A,11/15/14,4:00 p.m.,N/A,"Marshall, TX (Ornelas Gym)",Win,2,False,347,False,18:45,"GOOD 3PTR by ROBERTSON,MARC",3 ,,2,,MILLSAPS 3-2 (+1),,"GOOD 3PTR by ROBERTSON,MARC",1,three pointer,good,millsaps,"robertson,marc",3,"['gerchow,alex', 'mcelveen,mac', 'aubert,dustin', 'robertson,marc', 'frebis,ronnie']","['samuel,jamil', 'mitchell,junior', 'atkins,bret', 'felicia,justin', 'thompson,erby']",1125
12,0908,East Tex. Baptist,Millsaps,0,68-78,"36,42","25,43",1-0,0-1,N/A,N/A,11/15/14,4:00 p.m.,N/A,"Marshall, TX (Ornelas Gym)",Win,2,False,347,False,--,"ASSIST  by FREBIS,RONNIE",3 ,,2,,,,"ASSIST  by FREBIS,RONNIE",1,assist,,millsaps,"frebis,ronnie",,"['gerchow,alex', 'mcelveen,mac', 'aubert,dustin', 'robertson,marc', 'frebis,ronnie']","['samuel,jamil', 'mitchell,junior', 'atkins,bret', 'felicia,justin', 'thompson,erby']",
13,0908,East Tex. Baptist,Millsaps,0,68-78,"36,42","25,43",1-0,0-1,N/A,N/A,11/15/14,4:00 p.m.,N/A,"Marshall, TX (Ornelas Gym)",Win,2,False,347,False,18:25,,3 ,,2,"MISS JUMPER by SAMUEL,JAMIL",,,"MISS JUMPER by SAMUEL,JAMIL",1,jumper,missed,east tex. baptist,"samuel,jamil",,"['gerchow,alex', 'mcelveen,mac', 'aubert,dustin', 'robertson,marc', 'frebis,ronnie']","['samuel,jamil', 'mitchell,junior', 'atkins,bret', 'felicia,justin', 'thompson,erby']",1105
14,0908,East Tex. Baptist,Millsaps,0,68-78,"36,42","25,43",1-0,0-1,N/A,N/A,11/15/14,4:00 p.m.,N/A,"Marshall, TX (Ornelas Gym)",Win,2,False,347,False,--,"REBOUND DEF by GERCHOW,ALEX",3 ,,2,,,,"REBOUND DEF by GERCHOW,ALEX",1,defensive rebound,,millsaps,"gerchow,alex",,"['gerchow,alex', 'mcelveen,mac', 'aubert,dustin', 'robertson,marc', 'frebis,ronnie']","['samuel,jamil', 'mitchell,junior', 'atkins,bret', 'felicia,justin', 'thompson,erby']",
15,0908,East Tex. Baptist,Millsaps,0,68-78,"36,42","25,43",1-0,0-1,N/A,N/A,11/15/14,4:00 p.m.,N/A,"Marshall, TX (Ornelas Gym)",Win,2,False,347,False,18:06,"FOUL  by MCELVEEN,MAC",3 ,,2,,,,"FOUL  by MCELVEEN,MAC",1,foul,,millsaps,"mcelveen,mac",,"['gerchow,alex', 'mcelveen,mac', 'aubert,dustin', 'robertson,marc', 'frebis,ronnie']","['samuel,jamil', 'mitchell,junior', 'atkins,bret', 'felicia,justin', 'thompson,erby']",1086
16,0908,East Tex. Baptist,Millsaps,0,68-78,"36,42","25,43",1-0,0-1,N/A,N/A,11/15/14,4:00 p.m.,N/A,"Marshall, TX (Ornelas Gym)",Win,2,False,347,False,18:06,"TURNOVER  by MCELVEEN,MAC",3 ,,2,,,,"TURNOVER  by MCELVEEN,MAC",1,turnover,,millsaps,"mcelveen,mac",,"['gerchow,alex', 'mcelveen,mac', 'aubert,dustin', 'robertson,marc', 'frebis,ronnie']","['samuel,jamil', 'mitchell,junior', 'atkins,bret', 'felicia,justin', 'thompson,erby']",1086
17,0908,East Tex. Baptist,Millsaps,0,68-78,"36,42","25,43",1-0,0-1,N/A,N/A,11/15/14,4:00 p.m.,N/A,"Marshall, TX (Ornelas Gym)",Win,2,False,347,False,17:54,,3 ,,2,"MISS JUMPER by SAMUEL,JAMIL",,,"MISS JUMPER by SAMUEL,JAMIL",1,jumper,missed,east tex. baptist,"samuel,jamil",,"['gerchow,alex', 'mcelveen,mac', 'aubert,dustin', 'robertson,marc', 'frebis,ronnie']","['samuel,jamil', 'mitchell,junior', 'atkins,bret', 'felicia,justin', 'thompson,erby']",1074
18,0908,East Tex. Baptist,Millsaps,0,68-78,"36,42","25,43",1-0,0-1,N/A,N/A,11/15/14,4:00 p.m.,N/A,"Marshall, TX (Ornelas Gym)",Win,2,False,347,False,--,"REBOUND DEF by ROBERTSON,MARC",3 ,,2,,,,"REBOUND DEF by ROBERTSON,MARC",1,defensive rebound,,millsaps,"robertson,marc",,"['gerchow,alex', 'mcelveen,mac', 'aubert,dustin', 'robertson,marc', 'frebis,ronnie']","['samuel,jamil', 'mitchell,junior', 'atkins,bret', 'felicia,justin', 'thompson,erby']",
19,0908,East Tex. Baptist,Millsaps,0,68-78,"36,42","25,43",1-0,0-1,N/A,N/A,11/15/14,4:00 p.m.,N/A,"Marshall, TX (Ornelas Gym)",Win,2,False,347,False,17:47,"MISS LAYUP by AUBERT,DUSTIN",3 ,,2,,,,"MISS LAYUP by AUBERT,DUSTIN",1,layup,missed,millsaps,"aubert,dustin",,"['gerchow,alex', 'mcelveen,mac', 'aubert,dustin', 'robertson,marc', 'frebis,ronnie']","['samuel,jamil', 'mitchell,junior', 'atkins,bret', 'felicia,justin', 'thompson,erby']",1067
20,0908,East Tex. Baptist,Millsaps,0,68-78,"36,42","25,43",1-0,0-1,N/A,N/A,11/15/14,4:00 p.m.,N/A,"Marshall, TX (Ornelas Gym)",Win,2,False,347,False,--,"REBOUND OFF by GERCHOW,ALEX",3 ,,2,,,,"REBOUND OFF by GERCHOW,ALEX",1,offensive rebound,,millsaps,"gerchow,alex",,"['gerchow,alex', 'mcelveen,mac', 'aubert,dustin', 'robertson,marc', 'frebis,ronnie']","['samuel,jamil', 'mitchell,junior', 'atkins,bret', 'felicia,justin', 'thompson,erby']",
21,0908,East Tex. Baptist,Millsaps,0,68-78,"36,42","25,43",1-0,0-1,N/A,N/A,11/15/14,4:00 p.m.,N/A,"Marshall, TX (Ornelas Gym)",Win,2,False,347,False,17:46,,3 ,,2,"MISS 3PTR by THOMPSON,ERBY",,,"MISS 3PTR by THOMPSON,ERBY",1,three pointer,missed,east tex. baptist,"thompson,erby",,"['gerchow,alex', 'mcelveen,mac', 'aubert,dustin', 'robertson,marc', 'frebis,ronnie']","['samuel,jamil', 'mitchell,junior', 'atkins,bret', 'felicia,justin', 'thompson,erby']",1066
22,0908,East Tex. Baptist,Millsaps,0,68-78,"36,42","25,43",1-0,0-1,N/A,N/A,11/15/14,4:00 p.m.,N/A,"Marshall, TX (Ornelas Gym)",Win,2,False,347,False,--,"REBOUND DEF by GERCHOW,ALEX",3 ,,2,,,,"REBOUND DEF by GERCHOW,ALEX",1,defensive rebound,,millsaps,"gerchow,alex",,"['gerchow,alex', 'mcelveen,mac', 'aubert,dustin', 'robertson,marc', 'frebis,ronnie']","['samuel,jamil', 'mitchell,junior', 'atkins,bret', 'felicia,justin', 'thompson,erby']",
23,0908,East Tex. Baptist,Millsaps,0,68-78,"36,42","25,43",1-0,0-1,N/A,N/A,11/15/14,4:00 p.m.,N/A,"Marshall, TX (Ornelas Gym)",Win,2,False,347,False,17:20,"TURNOVER  by ROBERTSON,MARC",3 ,,2,,,,"TURNOVER  by ROBERTSON,MARC",1,turnover,,millsaps,"robertson,marc",,"['gerchow,alex', 'mcelveen,mac', 'aubert,dustin', 'robertson,marc', 'frebis,ronnie']","['samuel,jamil', 'mitchell,junior', 'atkins,bret', 'felicia,justin', 'thompson,erby']",1040
24,0908,East Tex. Baptist,Millsaps,0,68-78,"36,42","25,43",1-0,0-1,N/A,N/A,11/15/14,4:00 p.m.,N/A,"Marshall, TX (Ornelas Gym)",Win,2,False,347,False,17:20,,3 ,,2,"SUB IN by GRAY,AHNRE",,,"SUB IN by GRAY,AHNRE",1,subbing in,,east tex. baptist,"gray,ahnre",,"['gerchow,alex', 'mcelveen,mac', 'aubert,dustin', 'robertson,marc', 'frebis,ronnie']","['samuel,jamil', 'mitchell,junior', 'atkins,bret', 'felicia,justin', 'thompson,erby', 'gray,ahnre']",1040
25,0908,East Tex. Baptist,Millsaps,0,68-78,"36,42","25,43",1-0,0-1,N/A,N/A,11/15/14,4:00 p.m.,N/A,"Marshall, TX (Ornelas Gym)",Win,2,False,347,False,17:20,,3 ,,2,"SUB IN by HORTON,ERIC",,,"SUB IN by HORTON,ERIC",1,subbing in,,east tex. baptist,"horton,eric",,"['gerchow,alex', 'mcelveen,mac', 'aubert,dustin', 'robertson,marc', 'frebis,ronnie']","['samuel,jamil', 'mitchell,junior', 'atkins,bret', 'felicia,justin', 'thompson,erby', 'gray,ahnre', 'horton,eric']",1040
26,0908,East Tex. Baptist,Millsaps,0,68-78,"36,42","25,43",1-0,0-1,N/A,N/A,11/15/14,4:00 p.m.,N/A,"Marshall, TX (Ornelas Gym)",Win,2,False,347,False,17:20,,3 ,,2,"SUB OUT by FELICIA,JUSTIN",,,"SUB OUT by FELICIA,JUSTIN",1,subbing out,,east tex. baptist,"felicia,justin",,"['gerchow,alex', 'mcelveen,mac', 'aubert,dustin', 'robertson,marc', 'frebis,ronnie']","['samuel,jamil', 'mitchell,junior', 'atkins,bret', 'thompson,erby', 'gray,ahnre', 'horton,eric']",1040
27,0908,East Tex. Baptist,Millsaps,0,68-78,"36,42","25,43",1-0,0-1,N/A,N/A,11/15/14,4:00 p.m.,N/A,"Marshall, TX (Ornelas Gym)",Win,2,False,347,False,17:20,,3 ,,2,"SUB OUT by SAMUEL,JAMIL",,,"SUB OUT by SAMUEL,JAMIL",1,subbing out,,east tex. baptist,"samuel,jamil",,"['gerchow,alex', 'mcelveen,mac', 'aubert,dustin', 'robertson,marc', 'frebis,ronnie']","['mitchell,junior', 'atkins,bret', 'thompson,erby', 'gray,ahnre', 'horton,eric']",1040
28,0908,East Tex. Baptist,Millsaps,0,68-78,"36,42","25,43",1-0,0-1,N/A,N/A,11/15/14,4:00 p.m.,N/A,"Marshall, TX (Ornelas Gym)",Win,2,False,347,False,17:11,,3 ,,2,"TURNOVER  by MITCHELL,JUNIOR",,,"TURNOVER  by MITCHELL,JUNIOR",1,turnover,,east tex. baptist,"mitchell,junior",,"['gerchow,alex', 'mcelveen,mac', 'aubert,dustin', 'robertson,marc', 'frebis,ronnie']","['mitchell,junior', 'atkins,bret', 'thompson,erby', 'gray,ahnre', 'horton,eric']",1031
29,0908,East Tex. Baptist,Millsaps,0,68-78,"36,42","25,43",1-0,0-1,N/A,N/A,11/15/14,4:00 p.m.,N/A,"Marshall, TX (Ornelas Gym)",Win,2,False,347,False,17:11,,3 ,,2,"FOUL  by MITCHELL,JUNIOR",,,"FOUL  by MITCHELL,JUNIOR",1,foul,,east tex. baptist,"mitchell,junior",,"['gerchow,alex', 'mcelveen,mac', 'aubert,dustin', 'robertson,marc', 'frebis,ronnie']","['mitchell,junior', 'atkins,bret', 'thompson,erby', 'gray,ahnre', 'horton,eric']",1031
30,0908,East Tex. Baptist,Millsaps,0,68-78,"36,42","25,43",1-0,0-1,N/A,N/A,11/15/14,4:00 p.m.,N/A,"Marshall, TX (Ornelas Gym)",Win,2,False,347,False,17:11,"SUB IN by DOUGLASS,PARKS",3 ,,2,,,,"SUB IN by DOUGLASS,PARKS",1,subbing in,,millsaps,"douglass,parks",,"['gerchow,alex', 'mcelveen,mac', 'aubert,dustin', 'robertson,marc', 'frebis,ronnie', 'douglass,parks']","['mitchell,junior', 'atkins,bret', 'thompson,erby', 'gray,ahnre', 'horton,eric']",1031
31,0908,East Tex. Baptist,Millsaps,0,68-78,"36,42","25,43",1-0,0-1,N/A,N/A,11/15/14,4:00 p.m.,N/A,"Marshall, TX (Ornelas Gym)",Win,2,False,347,False,17:11,"SUB OUT by FREBIS,RONNIE",3 ,,2,,,,"SUB OUT by FREBIS,RONNIE",1,subbing out,,millsaps,"frebis,ronnie",,"['gerchow,alex', 'mcelveen,mac', 'aubert,dustin', 'robertson,marc', 'douglass,parks']","['mitchell,junior', 'atkins,bret', 'thompson,erby', 'gray,ahnre', 'horton,eric']",1031
32,0908,East Tex. Baptist,Millsaps,0,68-78,"36,42","25,43",1-0,0-1,N/A,N/A,11/15/14,4:00 p.m.,N/A,"Marshall, TX (Ornelas Gym)",Win,2,False,347,False,16:35,"MISS 3PTR by DOUGLASS,PARKS",3 ,,2,,,,"MISS 3PTR by DOUGLASS,PARKS",1,three pointer,missed,millsaps,"douglass,parks",,"['gerchow,alex', 'mcelveen,mac', 'aubert,dustin', 'robertson,marc', 'douglass,parks']","['mitchell,junior', 'atkins,bret', 'thompson,erby', 'gray,ahnre', 'horton,eric']",995
33,0908,East Tex. Baptist,Millsaps,0,68-78,"36,42","25,43",1-0,0-1,N/A,N/A,11/15/14,4:00 p.m.,N/A,"Marshall, TX (Ornelas Gym)",Win,2,False,347,False,--,,3 ,,2,"REBOUND DEF by ATKINS,BRET",,,"REBOUND DEF by ATKINS,BRET",1,defensive rebound,,east tex. baptist,"atkins,bret",,"['gerchow,alex', 'mcelveen,mac', 'aubert,dustin', 'robertson,marc', 'douglass,parks']","['mitchell,junior', 'atkins,bret', 'thompson,erby', 'gray,ahnre', 'horton,eric']",
34,0908,East Tex. Baptist,Millsaps,0,68-78,"36,42","25,43",1-0,0-1,N/A,N/A,11/15/14,4:00 p.m.,N/A,"Marshall, TX (Ornelas Gym)",Win,2,False,347,False,16:28,,3 ,,2,"TURNOVER  by GRAY,AHNRE",,,"TURNOVER  by GRAY,AHNRE",1,turnover,,east tex. baptist,"gray,ahnre",,"['gerchow,alex', 'mcelveen,mac', 'aubert,dustin', 'robertson,marc', 'douglass,parks']","['mitchell,junior', 'atkins,bret', 'thompson,erby', 'gray,ahnre', 'horton,eric']",988
35,0908,East Tex. Baptist,Millsaps,0,68-78,"36,42","25,43",1-0,0-1,N/A,N/A,11/15/14,4:00 p.m.,N/A,"Marshall, TX (Ornelas Gym)",Win,2,False,347,False,16:28,"TURNOVER  by DOUGLASS,PARKS",3 ,,2,,,,"TURNOVER  by DOUGLASS,PARKS",1,turnover,,millsaps,"douglass,parks",,"['gerchow,alex', 'mcelveen,mac', 'aubert,dustin', 'robertson,marc', 'douglass,parks']","['mitchell,junior', 'atkins,bret', 'thompson,erby', 'gray,ahnre', 'horton,eric']",988
36,0908,East Tex. Baptist,Millsaps,0,68-78,"36,42","25,43",1-0,0-1,N/A,N/A,11/15/14,4:00 p.m.,N/A,"Marshall, TX (Ornelas Gym)",Win,2,False,347,False,16:28,"FOUL  by DOUGLASS,PARKS",3 ,,2,,,,"FOUL  by DOUGLASS,PARKS",1,foul,,millsaps,"douglass,parks",,"['gerchow,alex', 'mcelveen,mac', 'aubert,dustin', 'robertson,marc', 'douglass,parks']","['mitchell,junior', 'atkins,bret', 'thompson,erby', 'gray,ahnre', 'horton,eric']",988
37,0908,East Tex. Baptist,Millsaps,0,68-78,"36,42","25,43",1-0,0-1,N/A,N/A,11/15/14,4:00 p.m.,N/A,"Marshall, TX (Ornelas Gym)",Win,2,False,347,False,16:28,"SUB IN by DETILLIEU,RYAN",3 ,,2,,,,"SUB IN by DETILLIEU,RYAN",1,subbing in,,millsaps,"detillieu,ryan",,"['gerchow,alex', 'mcelveen,mac', 'aubert,dustin', 'robertson,marc', 'douglass,parks', 'detillieu,ryan']","['mitchell,junior', 'atkins,bret', 'thompson,erby', 'gray,ahnre', 'horton,eric']",988
38,0908,East Tex. Baptist,Millsaps,0,68-78,"36,42","25,43",1-0,0-1,N/A,N/A,11/15/14,4:00 p.m.,N/A,"Marshall, TX (Ornelas Gym)",Win,2,False,347,False,16:28,"SUB IN by MOORE,MYLES",3 ,,2,,,,"SUB IN by MOORE,MYLES",1,subbing in,,millsaps,"moore,myles",,"['gerchow,alex', 'mcelveen,mac', 'aubert,dustin', 'robertson,marc', 'douglass,parks', 'detillieu,ryan', 'moore,myles']","['mitchell,junior', 'atkins,bret', 'thompson,erby', 'gray,ahnre', 'horton,eric']",988
39,0908,East Tex. Baptist,Millsaps,0,68-78,"36,42","25,43",1-0,0-1,N/A,N/A,11/15/14,4:00 p.m.,N/A,"Marshall, TX (Ornelas Gym)",Win,2,False,347,False,16:28,"SUB IN by MANCUSO,LOGAN",3 ,,2,,,,"SUB IN by MANCUSO,LOGAN",1,subbing in,,millsaps,"mancuso,logan",,"['gerchow,alex', 'mcelveen,mac', 'aubert,dustin', 'robertson,marc', 'douglass,parks', 'detillieu,ryan', 'moore,myles', 'mancuso,logan']","['mitchell,junior', 'atkins,bret', 'thompson,erby', 'gray,ahnre', 'horton,eric']",988
40,0908,East Tex. Baptist,Millsaps,0,68-78,"36,42","25,43",1-0,0-1,N/A,N/A,11/15/14,4:00 p.m.,N/A,"Marshall, TX (Ornelas Gym)",Win,2,False,347,False,16:28,"SUB OUT by ROBERTSON,MARC",3 ,,2,,,,"SUB OUT by ROBERTSON,MARC",1,subbing out,,millsaps,"robertson,marc",,"['gerchow,alex', 'mcelveen,mac', 'aubert,dustin', 'douglass,parks', 'detillieu,ryan', 'moore,myles', 'mancuso,logan']","['mitchell,junior', 'atkins,bret', 'thompson,erby', 'gray,ahnre', 'horton,eric']",988
41,0908,East Tex. Baptist,Millsaps,0,68-78,"36,42","25,43",1-0,0-1,N/A,N/A,11/15/14,4:00 p.m.,N/A,"Marshall, TX (Ornelas Gym)",Win,2,False,347,False,16:28,"SUB OUT by AUBERT,DUSTIN",3 ,,2,,,,"SUB OUT by AUBERT,DUSTIN",1,subbing out,,millsaps,"aubert,dustin",,"['gerchow,alex', 'mcelveen,mac', 'douglass,parks', 'detillieu,ryan', 'moore,myles', 'mancuso,logan']","['mitchell,junior', 'atkins,bret', 'thompson,erby', 'gray,ahnre', 'horton,eric']",988
42,0908,East Tex. Baptist,Millsaps,0,68-78,"36,42","25,43",1-0,0-1,N/A,N/A,11/15/14,4:00 p.m.,N/A,"Marshall, TX (Ornelas Gym)",Win,2,False,347,False,16:28,"SUB OUT by GERCHOW,ALEX",3 ,,2,,,,"SUB OUT by GERCHOW,ALEX",1,subbing out,,millsaps,"gerchow,alex",,"['mcelveen,mac', 'douglass,parks', 'detillieu,ryan', 'moore,myles', 'mancuso,logan']","['mitchell,junior', 'atkins,bret', 'thompson,erby', 'gray,ahnre', 'horton,eric']",988
43,0908,East Tex. Baptist,Millsaps,0,68-78,"36,42","25,43",1-0,0-1,N/A,N/A,11/15/14,4:00 p.m.,N/A,"Marshall, TX (Ornelas Gym)",Win,2,False,347,False,15:46,,3 ,,2,"MISS JUMPER by DAVIS,ANTHONY",,,"MISS JUMPER by DAVIS,ANTHONY",1,jumper,missed,east tex. baptist,"davis,anthony",,"['mcelveen,mac', 'douglass,parks', 'detillieu,ryan', 'moore,myles', 'mancuso,logan']","['mitchell,junior', 'atkins,bret', 'thompson,erby', 'gray,ahnre', 'horton,eric']",946
44,0908,East Tex. Baptist,Millsaps,0,68-78,"36,42","25,43",1-0,0-1,N/A,N/A,11/15/14,4:00 p.m.,N/A,"Marshall, TX (Ornelas Gym)",Win,2,False,347,False,--,REBOUND DEF by TEAM,3 ,,2,,,,REBOUND DEF by TEAM,1,defensive rebound,,millsaps,,,"['mcelveen,mac', 'douglass,parks', 'detillieu,ryan', 'moore,myles', 'mancuso,logan']","['mitchell,junior', 'atkins,bret', 'thompson,erby', 'gray,ahnre', 'horton,eric']",
45,0908,East Tex. Baptist,Millsaps,0,68-78,"36,42","25,43",1-0,0-1,N/A,N/A,11/15/14,4:00 p.m.,N/A,"Marshall, TX (Ornelas Gym)",Win,2,False,347,False,15:20,"MISS 3PTR by MOORE,MYLES",3 ,,2,,,,"MISS 3PTR by MOORE,MYLES",1,three pointer,missed,millsaps,"moore,myles",,"['mcelveen,mac', 'douglass,parks', 'detillieu,ryan', 'moore,myles', 'mancuso,logan']","['mitchell,junior', 'atkins,bret', 'thompson,erby', 'gray,ahnre', 'horton,eric']",920
46,0908,East Tex. Baptist,Millsaps,0,68-78,"36,42","25,43",1-0,0-1,N/A,N/A,11/15/14,4:00 p.m.,N/A,"Marshall, TX (Ornelas Gym)",Win,2,False,347,False,--,,3 ,,2,"REBOUND DEF by HORTON,ERIC",,,"REBOUND DEF by HORTON,ERIC",1,defensive rebound,,east tex. baptist,"horton,eric",,"['mcelveen,mac', 'douglass,parks', 'detillieu,ryan', 'moore,myles', 'mancuso,logan']","['mitchell,junior', 'atkins,bret', 'thompson,erby', 'gray,ahnre', 'horton,eric']",
47,0908,East Tex. Baptist,Millsaps,0,68-78,"36,42","25,43",1-0,0-1,N/A,N/A,11/15/14,4:00 p.m.,N/A,"Marshall, TX (Ornelas Gym)",Win,2,False,347,False,15:11,,3 ,,2,"SUB IN by DAVIS,ANTHONY",,,"SUB IN by DAVIS,ANTHONY",1,subbing in,,east tex. baptist,"davis,anthony",,"['mcelveen,mac', 'douglass,parks', 'detillieu,ryan', 'moore,myles', 'mancuso,logan']","['mitchell,junior', 'atkins,bret', 'thompson,erby', 'gray,ahnre', 'horton,eric', 'davis,anthony']",911
48,0908,East Tex. Baptist,Millsaps,0,68-78,"36,42","25,43",1-0,0-1,N/A,N/A,11/15/14,4:00 p.m.,N/A,"Marshall, TX (Ornelas Gym)",Win,2,False,347,False,15:11,,3 ,,2,"SUB OUT by MITCHELL,JUNIOR",,,"SUB OUT by MITCHELL,JUNIOR",1,subbing out,,east tex. baptist,"mitchell,junior",,"['mcelveen,mac', 'douglass,parks', 'detillieu,ryan', 'moore,myles', 'mancuso,logan']","['atkins,bret', 'thompson,erby', 'gray,ahnre', 'horton,eric', 'davis,anthony']",911
49,0908,East Tex. Baptist,Millsaps,0,68-78,"36,42","25,43",1-0,0-1,N/A,N/A,11/15/14,4:00 p.m.,N/A,"Marshall, TX (Ornelas Gym)",Win,2,False,347,False,14:57,,3 ,,2,"MISS 3PTR by ATKINS,BRET",,,"MISS 3PTR by ATKINS,BRET",1,three pointer,missed,east tex. baptist,"atkins,bret",,"['mcelveen,mac', 'douglass,parks', 'detillieu,ryan', 'moore,myles', 'mancuso,logan']","['atkins,bret', 'thompson,erby', 'gray,ahnre', 'horton,eric', 'davis,anthony']",897
50,0908,East Tex. Baptist,Millsaps,0,68-78,"36,42","25,43",1-0,0-1,N/A,N/A,11/15/14,4:00 p.m.,N/A,"Marshall, TX (Ornelas Gym)",Win,2,False,347,False,--,"REBOUND DEF by MOORE,MYLES",3 ,,2,,,,"REBOUND DEF by MOORE,MYLES",1,defensive rebound,,millsaps,"moore,myles",,"['mcelveen,mac', 'douglass,parks', 'detillieu,ryan', 'moore,myles', 'mancuso,logan']","['atkins,bret', 'thompson,erby', 'gray,ahnre', 'horton,eric', 'davis,anthony']",
51,0908,East Tex. Baptist,Millsaps,0,68-78,"36,42","25,43",1-0,0-1,N/A,N/A,11/15/14,4:00 p.m.,N/A,"Marshall, TX (Ornelas Gym)",Win,2,False,347,False,14:26,,3 ,,2,"FOUL  by THOMPSON,ERBY",,,"FOUL  by THOMPSON,ERBY",1,foul,,east tex. baptist,"thompson,erby",,"['mcelveen,mac', 'douglass,parks', 'detillieu,ryan', 'moore,myles', 'mancuso,logan']","['atkins,bret', 'thompson,erby', 'gray,ahnre', 'horton,eric', 'davis,anthony']",866
52,0908,East Tex. Baptist,Millsaps,0,68-78,"36,42","25,43",1-0,0-1,N/A,N/A,11/15/14,4:00 p.m.,N/A,"Marshall, TX (Ornelas Gym)",Win,2,False,347,False,14:26,TIMEOUT MEDIA by TEAM,3 ,,2,,,,TIMEOUT MEDIA by TEAM,1,timeout,,millsaps,,,"['mcelveen,mac', 'douglass,parks', 'detillieu,ryan', 'moore,myles', 'mancuso,logan']","['atkins,bret', 'thompson,erby', 'gray,ahnre', 'horton,eric', 'davis,anthony']",866
53,0908,East Tex. Baptist,Millsaps,0,68-78,"36,42","25,43",1-0,0-1,N/A,N/A,11/15/14,4:00 p.m.,N/A,"Marshall, TX (Ornelas Gym)",Win,2,False,347,False,14:26,"MISS FT by MANCUSO,LOGAN",3 ,,2,,,,"MISS FT by MANCUSO,LOGAN",1,free throw,missed,millsaps,"mancuso,logan",,"['mcelveen,mac', 'douglass,parks', 'detillieu,ryan', 'moore,myles', 'mancuso,logan']","['atkins,bret', 'thompson,erby', 'gray,ahnre', 'horton,eric', 'davis,anthony']",866
54,0908,East Tex. Baptist,Millsaps,0,68-78,"36,42","25,43",1-0,0-1,N/A,N/A,11/15/14,4:00 p.m.,N/A,"Marshall, TX (Ornelas Gym)",Win,2,False,347,False,--,REBOUND DEADB by TEAM,3 ,,2,,,,REBOUND DEADB by TEAM,1,deadball rebound,,millsaps,,,"['mcelveen,mac', 'douglass,parks', 'detillieu,ryan', 'moore,myles', 'mancuso,logan']","['atkins,bret', 'thompson,erby', 'gray,ahnre', 'horton,eric', 'davis,anthony']",
55,0908,East Tex. Baptist,Millsaps,0,68-78,"36,42","25,43",1-0,0-1,N/A,N/A,11/15/14,4:00 p.m.,N/A,"Marshall, TX (Ornelas Gym)",Win,2,False,347,False,14:26,"MISS FT by MANCUSO,LOGAN",3 ,,2,,,,"MISS FT by MANCUSO,LOGAN",1,free throw,missed,millsaps,"mancuso,logan",,"['mcelveen,mac', 'douglass,parks', 'detillieu,ryan', 'moore,myles', 'mancuso,logan']","['atkins,bret', 'thompson,erby', 'gray,ahnre', 'horton,eric', 'davis,anthony']",866
56,0908,East Tex. Baptist,Millsaps,0,68-78,"36,42","25,43",1-0,0-1,N/A,N/A,11/15/14,4:00 p.m.,N/A,"Marshall, TX (Ornelas Gym)",Win,2,False,347,False,--,,3 ,,2,"REBOUND DEF by FELICIA,JUSTIN",,,"REBOUND DEF by FELICIA,JUSTIN",1,defensive rebound,,east tex. baptist,"felicia,justin",,"['mcelveen,mac', 'douglass,parks', 'detillieu,ryan', 'moore,myles', 'mancuso,logan']","['atkins,bret', 'thompson,erby', 'gray,ahnre', 'horton,eric', 'davis,anthony']",
57,0908,East Tex. Baptist,Millsaps,0,68-78,"36,42","25,43",1-0,0-1,N/A,N/A,11/15/14,4:00 p.m.,N/A,"Marshall, TX (Ornelas Gym)",Win,2,False,347,False,14:13,,3 ,,2,"MISS 3PTR by AUGUSTINE,DYLAN",,,"MISS 3PTR by AUGUSTINE,DYLAN",1,three pointer,missed,east tex. baptist,"augustine,dylan",,"['mcelveen,mac', 'douglass,parks', 'detillieu,ryan', 'moore,myles', 'mancuso,logan']","['atkins,bret', 'thompson,erby', 'gray,ahnre', 'horton,eric', 'davis,anthony']",853
58,0908,East Tex. Baptist,Millsaps,0,68-78,"36,42","25,43",1-0,0-1,N/A,N/A,11/15/14,4:00 p.m.,N/A,"Marshall, TX (Ornelas Gym)",Win,2,False,347,False,--,,3 ,,2,"REBOUND OFF by THOMPSON,ERBY",,,"REBOUND OFF by THOMPSON,ERBY",1,offensive rebound,,east tex. baptist,"thompson,erby",,"['mcelveen,mac', 'douglass,parks', 'detillieu,ryan', 'moore,myles', 'mancuso,logan']","['atkins,bret', 'thompson,erby', 'gray,ahnre', 'horton,eric', 'davis,anthony']",
59,0908,East Tex. Baptist,Millsaps,0,68-78,"36,42","25,43",1-0,0-1,N/A,N/A,11/15/14,4:00 p.m.,N/A,"Marshall, TX (Ornelas Gym)",Win,2,False,347,False,14:11,,3 ,,2,"MISS 3PTR by DAVIS,ANTHONY",,,"MISS 3PTR by DAVIS,ANTHONY",1,three pointer,missed,east tex. baptist,"davis,anthony",,"['mcelveen,mac', 'douglass,parks', 'detillieu,ryan', 'moore,myles', 'mancuso,logan']","['atkins,bret', 'thompson,erby', 'gray,ahnre', 'horton,eric', 'davis,anthony']",851
60,0908,East Tex. Baptist,Millsaps,0,68-78,"36,42","25,43",1-0,0-1,N/A,N/A,11/15/14,4:00 p.m.,N/A,"Marshall, TX (Ornelas Gym)",Win,2,False,347,False,--,"REBOUND DEF by MOORE,MYLES",3 ,,2,,,,"REBOUND DEF by MOORE,MYLES",1,defensive rebound,,millsaps,"moore,myles",,"['mcelveen,mac', 'douglass,parks', 'detillieu,ryan', 'moore,myles', 'mancuso,logan']","['atkins,bret', 'thompson,erby', 'gray,ahnre', 'horton,eric', 'davis,anthony']",
61,0908,East Tex. Baptist,Millsaps,0,68-78,"36,42","25,43",1-0,0-1,N/A,N/A,11/15/14,4:00 p.m.,N/A,"Marshall, TX (Ornelas Gym)",Win,2,False,347,False,13:40,"TURNOVER  by DETILLIEU,RYAN",3 ,,2,,,,"TURNOVER  by DETILLIEU,RYAN",1,turnover,,millsaps,"detillieu,ryan",,"['mcelveen,mac', 'douglass,parks', 'detillieu,ryan', 'moore,myles', 'mancuso,logan']","['atkins,bret', 'thompson,erby', 'gray,ahnre', 'horton,eric', 'davis,anthony']",820
62,0908,East Tex. Baptist,Millsaps,0,68-78,"36,42","25,43",1-0,0-1,N/A,N/A,11/15/14,4:00 p.m.,N/A,"Marshall, TX (Ornelas Gym)",Win,2,False,347,False,13:27,,3,,5 ,"GOOD 3PTR by AUGUSTINE,DYLAN",ETBU 3-5 (-2),,"GOOD 3PTR by AUGUSTINE,DYLAN",1,three pointer,good,east tex. baptist,"augustine,dylan",3,"['mcelveen,mac', 'douglass,parks', 'detillieu,ryan', 'moore,myles', 'mancuso,logan']","['atkins,bret', 'thompson,erby', 'gray,ahnre', 'horton,eric', 'davis,anthony']",807
63,0908,East Tex. Baptist,Millsaps,0,68-78,"36,42","25,43",1-0,0-1,N/A,N/A,11/15/14,4:00 p.m.,N/A,"Marshall, TX (Ornelas Gym)",Win,2,False,347,False,--,,3,,5 ,"ASSIST  by FELICIA,JUSTIN",,,"ASSIST  by FELICIA,JUSTIN",1,assist,,east tex. baptist,"felicia,justin",,"['mcelveen,mac', 'douglass,parks', 'detillieu,ryan', 'moore,myles', 'mancuso,logan']","['atkins,bret', 'thompson,erby', 'gray,ahnre', 'horton,eric', 'davis,anthony']",
64,0908,East Tex. Baptist,Millsaps,0,68-78,"36,42","25,43",1-0,0-1,N/A,N/A,11/15/14,4:00 p.m.,N/A,"Marshall, TX (Ornelas Gym)",Win,2,False,347,False,13:20,,3,,5 ,"SUB IN by FELICIA,JUSTIN",,,"SUB IN by FELICIA,JUSTIN",1,subbing in,,east tex. baptist,"felicia,justin",,"['mcelveen,mac', 'douglass,parks', 'detillieu,ryan', 'moore,myles', 'mancuso,logan']","['atkins,bret', 'thompson,erby', 'gray,ahnre', 'horton,eric', 'davis,anthony', 'felicia,justin']",800
65,0908,East Tex. Baptist,Millsaps,0,68-78,"36,42","25,43",1-0,0-1,N/A,N/A,11/15/14,4:00 p.m.,N/A,"Marshall, TX (Ornelas Gym)",Win,2,False,347,False,13:20,,3,,5 ,"SUB IN by AUGUSTINE,DYLAN",,,"SUB IN by AUGUSTINE,DYLAN",1,subbing in,,east tex. baptist,"augustine,dylan",,"['mcelveen,mac', 'douglass,parks', 'detillieu,ryan', 'moore,myles', 'mancuso,logan']","['atkins,bret', 'thompson,erby', 'gray,ahnre', 'horton,eric', 'davis,anthony', 'felicia,justin', 'augustine,dylan']",800
66,0908,East Tex. Baptist,Millsaps,0,68-78,"36,42","25,43",1-0,0-1,N/A,N/A,11/15/14,4:00 p.m.,N/A,"Marshall, TX (Ornelas Gym)",Win,2,False,347,False,13:20,,3,,5 ,"SUB OUT by ATKINS,BRET",,,"SUB OUT by ATKINS,BRET",1,subbing out,,east tex. baptist,"atkins,bret",,"['mcelveen,mac', 'douglass,parks', 'detillieu,ryan', 'moore,myles', 'mancuso,logan']","['thompson,erby', 'gray,ahnre', 'horton,eric', 'davis,anthony', 'felicia,justin', 'augustine,dylan']",800
67,0908,East Tex. Baptist,Millsaps,0,68-78,"36,42","25,43",1-0,0-1,N/A,N/A,11/15/14,4:00 p.m.,N/A,"Marshall, TX (Ornelas Gym)",Win,2,False,347,False,13:20,,3,,5 ,"SUB OUT by HORTON,ERIC",,,"SUB OUT by HORTON,ERIC",1,subbing out,,east tex. baptist,"horton,eric",,"['mcelveen,mac', 'douglass,parks', 'detillieu,ryan', 'moore,myles', 'mancuso,logan']","['thompson,erby', 'gray,ahnre', 'davis,anthony', 'felicia,justin', 'augustine,dylan']",800
68,0908,East Tex. Baptist,Millsaps,0,68-78,"36,42","25,43",1-0,0-1,N/A,N/A,11/15/14,4:00 p.m.,N/A,"Marshall, TX (Ornelas Gym)",Win,2,False,347,False,13:15,"TURNOVER  by DETILLIEU,RYAN",3,,5 ,,,,"TURNOVER  by DETILLIEU,RYAN",1,turnover,,millsaps,"detillieu,ryan",,"['mcelveen,mac', 'douglass,parks', 'detillieu,ryan', 'moore,myles', 'mancuso,logan']","['thompson,erby', 'gray,ahnre', 'davis,anthony', 'felicia,justin', 'augustine,dylan']",795
69,0908,East Tex. Baptist,Millsaps,0,68-78,"36,42","25,43",1-0,0-1,N/A,N/A,11/15/14,4:00 p.m.,N/A,"Marshall, TX (Ornelas Gym)",Win,2,False,347,False,13:14,,3,,5 ,"STEAL  by DAVIS,ANTHONY",,,"STEAL  by DAVIS,ANTHONY",1,steal,,east tex. baptist,,,"['mcelveen,mac', 'douglass,parks', 'detillieu,ryan', 'moore,myles', 'mancuso,logan']","['thompson,erby', 'gray,ahnre', 'davis,anthony', 'felicia,justin', 'augustine,dylan']",794
70,0908,East Tex. Baptist,Millsaps,0,68-78,"36,42","25,43",1-0,0-1,N/A,N/A,11/15/14,4:00 p.m.,N/A,"Marshall, TX (Ornelas Gym)",Win,2,False,347,False,13:11,,3,,7 ,"GOOD LAYUP by DAVIS,ANTHONY(in the paint)",ETBU 3-7 (-4),,"GOOD LAYUP by DAVIS,ANTHONY(in the paint)",1,layup,good,east tex. baptist,"davis,anthony",2,"['mcelveen,mac', 'douglass,parks', 'detillieu,ryan', 'moore,myles', 'mancuso,logan']","['thompson,erby', 'gray,ahnre', 'davis,anthony', 'felicia,justin', 'augustine,dylan']",791
71,0908,East Tex. Baptist,Millsaps,0,68-78,"36,42","25,43",1-0,0-1,N/A,N/A,11/15/14,4:00 p.m.,N/A,"Marshall, TX (Ornelas Gym)",Win,2,False,347,False,12:46,,3,,7 ,"FOUL  by DAVIS,ANTHONY",,,"FOUL  by DAVIS,ANTHONY",1,foul,,east tex. baptist,"davis,anthony",,"['mcelveen,mac', 'douglass,parks', 'detillieu,ryan', 'moore,myles', 'mancuso,logan']","['thompson,erby', 'gray,ahnre', 'davis,anthony', 'felicia,justin', 'augustine,dylan']",766
72,0908,East Tex. Baptist,Millsaps,0,68-78,"36,42","25,43",1-0,0-1,N/A,N/A,11/15/14,4:00 p.m.,N/A,"Marshall, TX (Ornelas Gym)",Win,2,False,347,False,12:46,"MISS LAYUP by FREBIS,RONNIE",3,,7 ,,,,"MISS LAYUP by FREBIS,RONNIE",1,layup,missed,millsaps,"frebis,ronnie",,"['mcelveen,mac', 'douglass,parks', 'detillieu,ryan', 'moore,myles', 'mancuso,logan']","['thompson,erby', 'gray,ahnre', 'davis,anthony', 'felicia,justin', 'augustine,dylan']",766
73,0908,East Tex. Baptist,Millsaps,0,68-78,"36,42","25,43",1-0,0-1,N/A,N/A,11/15/14,4:00 p.m.,N/A,"Marshall, TX (Ornelas Gym)",Win,2,False,347,False,--,"REBOUND OFF by GERCHOW,ALEX",3,,7 ,,,,"REBOUND OFF by GERCHOW,ALEX",1,offensive rebound,,millsaps,"gerchow,alex",,"['mcelveen,mac', 'douglass,parks', 'detillieu,ryan', 'moore,myles', 'mancuso,logan']","['thompson,erby', 'gray,ahnre', 'davis,anthony', 'felicia,justin', 'augustine,dylan']",
74,0908,East Tex. Baptist,Millsaps,0,68-78,"36,42","25,43",1-0,0-1,N/A,N/A,11/15/14,4:00 p.m.,N/A,"Marshall, TX (Ornelas Gym)",Win,2,False,347,False,12:46,"GOOD LAYUP by GERCHOW,ALEX(in the paint)",5,,7 ,,MILLSAPS 5-7 (-2),,"GOOD LAYUP by GERCHOW,ALEX(in the paint)",1,layup,good,millsaps,"gerchow,alex",2,"['mcelveen,mac', 'douglass,parks', 'detillieu,ryan', 'moore,myles', 'mancuso,logan']","['thompson,erby', 'gray,ahnre', 'davis,anthony', 'felicia,justin', 'augustine,dylan']",766
75,0908,East Tex. Baptist,Millsaps,0,68-78,"36,42","25,43",1-0,0-1,N/A,N/A,11/15/14,4:00 p.m.,N/A,"Marshall, TX (Ornelas Gym)",Win,2,False,347,False,12:46,"SUB OUT by DETILLIEU,RYAN",5,,7 ,,,,"SUB OUT by DETILLIEU,RYAN",1,subbing out,,millsaps,"detillieu,ryan",,"['mcelveen,mac', 'douglass,parks', 'moore,myles', 'mancuso,logan']","['thompson,erby', 'gray,ahnre', 'davis,anthony', 'felicia,justin', 'augustine,dylan']",766
76,0908,East Tex. Baptist,Millsaps,0,68-78,"36,42","25,43",1-0,0-1,N/A,N/A,11/15/14,4:00 p.m.,N/A,"Marshall, TX (Ornelas Gym)",Win,2,False,347,False,12:46,"SUB OUT by MOORE,MYLES",5,,7 ,,,,"SUB OUT by MOORE,MYLES",1,subbing out,,millsaps,"moore,myles",,"['mcelveen,mac', 'douglass,parks', 'mancuso,logan']","['thompson,erby', 'gray,ahnre', 'davis,anthony', 'felicia,justin', 'augustine,dylan']",766
77,0908,East Tex. Baptist,Millsaps,0,68-78,"36,42","25,43",1-0,0-1,N/A,N/A,11/15/14,4:00 p.m.,N/A,"Marshall, TX (Ornelas Gym)",Win,2,False,347,False,12:46,"SUB OUT by MCELVEEN,MAC",5,,7 ,,,,"SUB OUT by MCELVEEN,MAC",1,subbing out,,millsaps,"mcelveen,mac",,"['douglass,parks', 'mancuso,logan']","['thompson,erby', 'gray,ahnre', 'davis,anthony', 'felicia,justin', 'augustine,dylan']",766
78,0908,East Tex. Baptist,Millsaps,0,68-78,"36,42","25,43",1-0,0-1,N/A,N/A,11/15/14,4:00 p.m.,N/A,"Marshall, TX (Ornelas Gym)",Win,2,False,347,False,12:46,"SUB OUT by MANCUSO,LOGAN",5,,7 ,,,,"SUB OUT by MANCUSO,LOGAN",1,subbing out,,millsaps,"mancuso,logan",,"['douglass,parks']","['thompson,erby', 'gray,ahnre', 'davis,anthony', 'felicia,justin', 'augustine,dylan']",766
79,0908,East Tex. Baptist,Millsaps,0,68-78,"36,42","25,43",1-0,0-1,N/A,N/A,11/15/14,4:00 p.m.,N/A,"Marshall, TX (Ornelas Gym)",Win,2,False,347,False,12:46,"SUB OUT by DOUGLASS,PARKS",5,,7 ,,,,"SUB OUT by DOUGLASS,PARKS",1,subbing out,,millsaps,"douglass,parks",,[],"['thompson,erby', 'gray,ahnre', 'davis,anthony', 'felicia,justin', 'augustine,dylan']",766
80,0908,East Tex. Baptist,Millsaps,0,68-78,"36,42","25,43",1-0,0-1,N/A,N/A,11/15/14,4:00 p.m.,N/A,"Marshall, TX (Ornelas Gym)",Win,2,False,347,False,12:46,,5,,7 ,"SUB IN by SAMUEL,JAMIL",,,"SUB IN by SAMUEL,JAMIL",1,subbing in,,east tex. baptist,"samuel,jamil",,[],"['thompson,erby', 'gray,ahnre', 'davis,anthony', 'felicia,justin', 'augustine,dylan', 'samuel,jamil']",766
81,0908,East Tex. Baptist,Millsaps,0,68-78,"36,42","25,43",1-0,0-1,N/A,N/A,11/15/14,4:00 p.m.,N/A,"Marshall, TX (Ornelas Gym)",Win,2,False,347,False,12:46,,5,,7 ,"SUB IN by MITCHELL,JUNIOR",,,"SUB IN by MITCHELL,JUNIOR",1,subbing in,,east tex. baptist,"mitchell,junior",,[],"['thompson,erby', 'gray,ahnre', 'davis,anthony', 'felicia,justin', 'augustine,dylan', 'samuel,jamil', 'mitchell,junior']",766
82,0908,East Tex. Baptist,Millsaps,0,68-78,"36,42","25,43",1-0,0-1,N/A,N/A,11/15/14,4:00 p.m.,N/A,"Marshall, TX (Ornelas Gym)",Win,2,False,347,False,12:46,,5,,7 ,"SUB OUT by THOMPSON,ERBY",,,"SUB OUT by THOMPSON,ERBY",1,subbing out,,east tex. baptist,"thompson,erby",,[],"['gray,ahnre', 'davis,anthony', 'felicia,justin', 'augustine,dylan', 'samuel,jamil', 'mitchell,junior']",766
83,0908,East Tex. Baptist,Millsaps,0,68-78,"36,42","25,43",1-0,0-1,N/A,N/A,11/15/14,4:00 p.m.,N/A,"Marshall, TX (Ornelas Gym)",Win,2,False,347,False,12:46,,5,,7 ,"SUB OUT by GRAY,AHNRE",,,"SUB OUT by GRAY,AHNRE",1,subbing out,,east tex. baptist,"gray,ahnre",,[],"['davis,anthony', 'felicia,justin', 'augustine,dylan', 'samuel,jamil', 'mitchell,junior']",766
84,0908,East Tex. Baptist,Millsaps,0,68-78,"36,42","25,43",1-0,0-1,N/A,N/A,11/15/14,4:00 p.m.,N/A,"Marshall, TX (Ornelas Gym)",Win,2,False,347,False,12:46,,5,,7 ,"SUB OUT by DAVIS,ANTHONY",,,"SUB OUT by DAVIS,ANTHONY",1,subbing out,,east tex. baptist,"davis,anthony",,[],"['felicia,justin', 'augustine,dylan', 'samuel,jamil', 'mitchell,junior']",766
85,0908,East Tex. Baptist,Millsaps,0,68-78,"36,42","25,43",1-0,0-1,N/A,N/A,11/15/14,4:00 p.m.,N/A,"Marshall, TX (Ornelas Gym)",Win,2,False,347,False,12:45,"FOUL  by GERCHOW,ALEX",5,,7 ,,,,"FOUL  by GERCHOW,ALEX",1,foul,,millsaps,"gerchow,alex",,[],"['felicia,justin', 'augustine,dylan', 'samuel,jamil', 'mitchell,junior']",765
86,0908,East Tex. Baptist,Millsaps,0,68-78,"36,42","25,43",1-0,0-1,N/A,N/A,11/15/14,4:00 p.m.,N/A,"Marshall, TX (Ornelas Gym)",Win,2,False,347,False,12:45,,5,,7 ,"MISS FT by SAMUEL,JAMIL",,,"MISS FT by SAMUEL,JAMIL",1,free throw,missed,east tex. baptist,"samuel,jamil",,[],"['felicia,justin', 'augustine,dylan', 'samuel,jamil', 'mitchell,junior']",765
87,0908,East Tex. Baptist,Millsaps,0,68-78,"36,42","25,43",1-0,0-1,N/A,N/A,11/15/14,4:00 p.m.,N/A,"Marshall, TX (Ornelas Gym)",Win,2,False,347,False,--,,5,,7 ,REBOUND DEADB by TEAM,,,REBOUND DEADB by TEAM,1,deadball rebound,,east tex. baptist,,,[],"['felicia,justin', 'augustine,dylan', 'samuel,jamil', 'mitchell,junior']",
88,0908,East Tex. Baptist,Millsaps,0,68-78,"36,42","25,43",1-0,0-1,N/A,N/A,11/15/14,4:00 p.m.,N/A,"Marshall, TX (Ornelas Gym)",Win,2,False,347,False,12:45,,5,,7 ,"MISS FT by SAMUEL,JAMIL",,,"MISS FT by SAMUEL,JAMIL",1,free throw,missed,east tex. baptist,"samuel,jamil",,[],"['felicia,justin', 'augustine,dylan', 'samuel,jamil', 'mitchell,junior']",765
89,0908,East Tex. Baptist,Millsaps,0,68-78,"36,42","25,43",1-0,0-1,N/A,N/A,11/15/14,4:00 p.m.,N/A,"Marshall, TX (Ornelas Gym)",Win,2,False,347,False,--,"REBOUND DEF by GERCHOW,ALEX",5,,7 ,,,,"REBOUND DEF by GERCHOW,ALEX",1,defensive rebound,,millsaps,"gerchow,alex",,[],"['felicia,justin', 'augustine,dylan', 'samuel,jamil', 'mitchell,junior']",
90,0908,East Tex. Baptist,Millsaps,0,68-78,"36,42","25,43",1-0,0-1,N/A,N/A,11/15/14,4:00 p.m.,N/A,"Marshall, TX (Ornelas Gym)",Win,2,False,347,False,12:45,"SUB IN by MOORE,MYLES",5,,7 ,,,,"SUB IN by MOORE,MYLES",1,subbing in,,millsaps,"moore,myles",,"['moore,myles']","['felicia,justin', 'augustine,dylan', 'samuel,jamil', 'mitchell,junior']",765
91,0908,East Tex. Baptist,Millsaps,0,68-78,"36,42","25,43",1-0,0-1,N/A,N/A,11/15/14,4:00 p.m.,N/A,"Marshall, TX (Ornelas Gym)",Win,2,False,347,False,12:45,"SUB IN by AUBERT,DUSTIN",5,,7 ,,,,"SUB IN by AUBERT,DUSTIN",1,subbing in,,millsaps,"aubert,dustin",,"['moore,myles', 'aubert,dustin']","['felicia,justin', 'augustine,dylan', 'samuel,jamil', 'mitchell,junior']",765
92,0908,East Tex. Baptist,Millsaps,0,68-78,"36,42","25,43",1-0,0-1,N/A,N/A,11/15/14,4:00 p.m.,N/A,"Marshall, TX (Ornelas Gym)",Win,2,False,347,False,12:45,"SUB IN by GERCHOW,ALEX",5,,7 ,,,,"SUB IN by GERCHOW,ALEX",1,subbing in,,millsaps,"gerchow,alex",,"['moore,myles', 'aubert,dustin', 'gerchow,alex']","['felicia,justin', 'augustine,dylan', 'samuel,jamil', 'mitchell,junior']",765
93,0908,East Tex. Baptist,Millsaps,0,68-78,"36,42","25,43",1-0,0-1,N/A,N/A,11/15/14,4:00 p.m.,N/A,"Marshall, TX (Ornelas Gym)",Win,2,False,347,False,12:45,"SUB IN by FREBIS,RONNIE",5,,7 ,,,,"SUB IN by FREBIS,RONNIE",1,subbing in,,millsaps,"frebis,ronnie",,"['moore,myles', 'aubert,dustin', 'gerchow,alex', 'frebis,ronnie']","['felicia,justin', 'augustine,dylan', 'samuel,jamil', 'mitchell,junior']",765
94,0908,East Tex. Baptist,Millsaps,0,68-78,"36,42","25,43",1-0,0-1,N/A,N/A,11/15/14,4:00 p.m.,N/A,"Marshall, TX (Ornelas Gym)",Win,2,False,347,False,12:45,"SUB IN by PRATER,DALLAS",5,,7 ,,,,"SUB IN by PRATER,DALLAS",1,subbing in,,millsaps,"prater,dallas",,"['moore,myles', 'aubert,dustin', 'gerchow,alex', 'frebis,ronnie', 'prater,dallas']","['felicia,justin', 'augustine,dylan', 'samuel,jamil', 'mitchell,junior']",765
95,0908,East Tex. Baptist,Millsaps,0,68-78,"36,42","25,43",1-0,0-1,N/A,N/A,11/15/14,4:00 p.m.,N/A,"Marshall, TX (Ornelas Gym)",Win,2,False,347,False,12:45,,5,,7 ,"SUB IN by ATKINS,BRET",,,"SUB IN by ATKINS,BRET",1,subbing in,,east tex. baptist,"atkins,bret",,"['moore,myles', 'aubert,dustin', 'gerchow,alex', 'frebis,ronnie', 'prater,dallas']","['felicia,justin', 'augustine,dylan', 'samuel,jamil', 'mitchell,junior', 'atkins,bret']",765
96,0908,East Tex. Baptist,Millsaps,0,68-78,"36,42","25,43",1-0,0-1,N/A,N/A,11/15/14,4:00 p.m.,N/A,"Marshall, TX (Ornelas Gym)",Win,2,False,347,False,11:46,"MISS JUMPER by PRATER,DALLAS",5,,7 ,,,,"MISS JUMPER by PRATER,DALLAS",1,jumper,missed,millsaps,"prater,dallas",,"['moore,myles', 'aubert,dustin', 'gerchow,alex', 'frebis,ronnie', 'prater,dallas']","['felicia,justin', 'augustine,dylan', 'samuel,jamil', 'mitchell,junior', 'atkins,bret']",706
97,0908,East Tex. Baptist,Millsaps,0,68-78,"36,42","25,43",1-0,0-1,N/A,N/A,11/15/14,4:00 p.m.,N/A,"Marshall, TX (Ornelas Gym)",Win,2,False,347,False,--,"REBOUND OFF by FREBIS,RONNIE",5,,7 ,,,,"REBOUND OFF by FREBIS,RONNIE",1,offensive rebound,,millsaps,"frebis,ronnie",,"['moore,myles', 'aubert,dustin', 'gerchow,alex', 'frebis,ronnie', 'prater,dallas']","['felicia,justin', 'augustine,dylan', 'samuel,jamil', 'mitchell,junior', 'atkins,bret']",
98,0908,East Tex. Baptist,Millsaps,0,68-78,"36,42","25,43",1-0,0-1,N/A,N/A,11/15/14,4:00 p.m.,N/A,"Marshall, TX (Ornelas Gym)",Win,2,False,347,False,11:43,"MISS JUMPER by FREBIS,RONNIE",5,,7 ,,,,"MISS JUMPER by FREBIS,RONNIE",1,jumper,missed,millsaps,"frebis,ronnie",,"['moore,myles', 'aubert,dustin', 'gerchow,alex', 'frebis,ronnie', 'prater,dallas']","['felicia,justin', 'augustine,dylan', 'samuel,jamil', 'mitchell,junior', 'atkins,bret']",703
99,0908,East Tex. Baptist,Millsaps,0,68-78,"36,42","25,43",1-0,0-1,N/A,N/A,11/15/14,4:00 p.m.,N/A,"Marshall, TX (Ornelas Gym)",Win,2,False,347,False,--,,5,,7 ,"REBOUND DEF by FELICIA,JUSTIN",,,"REBOUND DEF by FELICIA,JUSTIN",1,defensive rebound,,east tex. baptist,"felicia,justin",,"['moore,myles', 'aubert,dustin', 'gerchow,alex', 'frebis,ronnie', 'prater,dallas']","['felicia,justin', 'augustine,dylan', 'samuel,jamil', 'mitchell,junior', 'atkins,bret']",
100,0908,East Tex. Baptist,Millsaps,0,68-78,"36,42","25,43",1-0,0-1,N/A,N/A,11/15/14,4:00 p.m.,N/A,"Marshall, TX (Ornelas Gym)",Win,2,False,347,False,11:30,,5,,10 ,"GOOD 3PTR by AUGUSTINE,DYLAN",ETBU 5-10 (-5),,"GOOD 3PTR by AUGUSTINE,DYLAN",1,three pointer,good,east tex. baptist,"augustine,dylan",3,"['moore,myles', 'aubert,dustin', 'gerchow,alex', 'frebis,ronnie', 'prater,dallas']","['felicia,justin', 'augustine,dylan', 'samuel,jamil', 'mitchell,junior', 'atkins,bret']",690
101,0908,East Tex. Baptist,Millsaps,0,68-78,"36,42","25,43",1-0,0-1,N/A,N/A,11/15/14,4:00 p.m.,N/A,"Marshall, TX (Ornelas Gym)",Win,2,False,347,False,--,,5,,10 ,"ASSIST  by FELICIA,JUSTIN",,,"ASSIST  by FELICIA,JUSTIN",1,assist,,east tex. baptist,"felicia,justin",,"['moore,myles', 'aubert,dustin', 'gerchow,alex', 'frebis,ronnie', 'prater,dallas']","['felicia,justin', 'augustine,dylan', 'samuel,jamil', 'mitchell,junior', 'atkins,bret']",
102,0908,East Tex. Baptist,Millsaps,0,68-78,"36,42","25,43",1-0,0-1,N/A,N/A,11/15/14,4:00 p.m.,N/A,"Marshall, TX (Ornelas Gym)",Win,2,False,347,False,11:18,,5,,10 ,"FOUL  by ATKINS,BRET",,,"FOUL  by ATKINS,BRET",1,foul,,east tex. baptist,"atkins,bret",,"['moore,myles', 'aubert,dustin', 'gerchow,alex', 'frebis,ronnie', 'prater,dallas']","['felicia,justin', 'augustine,dylan', 'samuel,jamil', 'mitchell,junior', 'atkins,bret']",678
103,0908,East Tex. Baptist,Millsaps,0,68-78,"36,42","25,43",1-0,0-1,N/A,N/A,11/15/14,4:00 p.m.,N/A,"Marshall, TX (Ornelas Gym)",Win,2,False,347,False,11:18,"SUB IN by MCELVEEN,MAC",5,,10 ,,,,"SUB IN by MCELVEEN,MAC",1,subbing in,,millsaps,"mcelveen,mac",,"['moore,myles', 'aubert,dustin', 'gerchow,alex', 'frebis,ronnie', 'prater,dallas', 'mcelveen,mac']","['felicia,justin', 'augustine,dylan', 'samuel,jamil', 'mitchell,junior', 'atkins,bret']",678
104,0908,East Tex. Baptist,Millsaps,0,68-78,"36,42","25,43",1-0,0-1,N/A,N/A,11/15/14,4:00 p.m.,N/A,"Marshall, TX (Ornelas Gym)",Win,2,False,347,False,11:18,"SUB OUT by PRATER,DALLAS",5,,10 ,,,,"SUB OUT by PRATER,DALLAS",1,subbing out,,millsaps,"prater,dallas",,"['moore,myles', 'aubert,dustin', 'gerchow,alex', 'frebis,ronnie', 'mcelveen,mac']","['felicia,justin', 'augustine,dylan', 'samuel,jamil', 'mitchell,junior', 'atkins,bret']",678
105,0908,East Tex. Baptist,Millsaps,0,68-78,"36,42","25,43",1-0,0-1,N/A,N/A,11/15/14,4:00 p.m.,N/A,"Marshall, TX (Ornelas Gym)",Win,2,False,347,False,11:03,"MISS LAYUP by AUBERT,DUSTIN",5,,10 ,,,,"MISS LAYUP by AUBERT,DUSTIN",1,layup,missed,millsaps,"aubert,dustin",,"['moore,myles', 'aubert,dustin', 'gerchow,alex', 'frebis,ronnie', 'mcelveen,mac']","['felicia,justin', 'augustine,dylan', 'samuel,jamil', 'mitchell,junior', 'atkins,bret']",663
106,0908,East Tex. Baptist,Millsaps,0,68-78,"36,42","25,43",1-0,0-1,N/A,N/A,11/15/14,4:00 p.m.,N/A,"Marshall, TX (Ornelas Gym)",Win,2,False,347,False,--,,5,,10 ,"REBOUND DEF by MITCHELL,JUNIOR",,,"REBOUND DEF by MITCHELL,JUNIOR",1,defensive rebound,,east tex. baptist,"mitchell,junior",,"['moore,myles', 'aubert,dustin', 'gerchow,alex', 'frebis,ronnie', 'mcelveen,mac']","['felicia,justin', 'augustine,dylan', 'samuel,jamil', 'mitchell,junior', 'atkins,bret']",
107,0908,East Tex. Baptist,Millsaps,0,68-78,"36,42","25,43",1-0,0-1,N/A,N/A,11/15/14,4:00 p.m.,N/A,"Marshall, TX (Ornelas Gym)",Win,2,False,347,False,10:56,,5,,10 ,"TURNOVER  by ATKINS,BRET",,,"TURNOVER  by ATKINS,BRET",1,turnover,,east tex. baptist,"atkins,bret",,"['moore,myles', 'aubert,dustin', 'gerchow,alex', 'frebis,ronnie', 'mcelveen,mac']","['felicia,justin', 'augustine,dylan', 'samuel,jamil', 'mitchell,junior', 'atkins,bret']",656
108,0908,East Tex. Baptist,Millsaps,0,68-78,"36,42","25,43",1-0,0-1,N/A,N/A,11/15/14,4:00 p.m.,N/A,"Marshall, TX (Ornelas Gym)",Win,2,False,347,False,10:55,"STEAL  by MOORE,MYLES",5,,10 ,,,,"STEAL  by MOORE,MYLES",1,steal,,millsaps,,,"['moore,myles', 'aubert,dustin', 'gerchow,alex', 'frebis,ronnie', 'mcelveen,mac']","['felicia,justin', 'augustine,dylan', 'samuel,jamil', 'mitchell,junior', 'atkins,bret']",655
109,0908,East Tex. Baptist,Millsaps,0,68-78,"36,42","25,43",1-0,0-1,N/A,N/A,11/15/14,4:00 p.m.,N/A,"Marshall, TX (Ornelas Gym)",Win,2,False,347,False,10:46,"GOOD JUMPER by GERCHOW,ALEX(in the paint)",7,,10 ,,MILLSAPS 7-10 (-3),,"GOOD JUMPER by GERCHOW,ALEX(in the paint)",1,jumper,good,millsaps,"gerchow,alex",2,"['moore,myles', 'aubert,dustin', 'gerchow,alex', 'frebis,ronnie', 'mcelveen,mac']","['felicia,justin', 'augustine,dylan', 'samuel,jamil', 'mitchell,junior', 'atkins,bret']",646
110,0908,East Tex. Baptist,Millsaps,0,68-78,"36,42","25,43",1-0,0-1,N/A,N/A,11/15/14,4:00 p.m.,N/A,"Marshall, TX (Ornelas Gym)",Win,2,False,347,False,--,"ASSIST  by MOORE,MYLES",7,,10 ,,,,"ASSIST  by MOORE,MYLES",1,assist,,millsaps,"moore,myles",,"['moore,myles', 'aubert,dustin', 'gerchow,alex', 'frebis,ronnie', 'mcelveen,mac']","['felicia,justin', 'augustine,dylan', 'samuel,jamil', 'mitchell,junior', 'atkins,bret']",
111,0908,East Tex. Baptist,Millsaps,0,68-78,"36,42","25,43",1-0,0-1,N/A,N/A,11/15/14,4:00 p.m.,N/A,"Marshall, TX (Ornelas Gym)",Win,2,False,347,False,10:31,"FOUL  by GERCHOW,ALEX",7,,10 ,,,,"FOUL  by GERCHOW,ALEX",1,foul,,millsaps,"gerchow,alex",,"['moore,myles', 'aubert,dustin', 'gerchow,alex', 'frebis,ronnie', 'mcelveen,mac']","['felicia,justin', 'augustine,dylan', 'samuel,jamil', 'mitchell,junior', 'atkins,bret']",631
112,0908,East Tex. Baptist,Millsaps,0,68-78,"36,42","25,43",1-0,0-1,N/A,N/A,11/15/14,4:00 p.m.,N/A,"Marshall, TX (Ornelas Gym)",Win,2,False,347,False,10:31,,7,,11 ,"GOOD FT by ATKINS,BRET",ETBU 7-11 (-4),,"GOOD FT by ATKINS,BRET",1,free throw,good,east tex. baptist,"atkins,bret",1,"['moore,myles', 'aubert,dustin', 'gerchow,alex', 'frebis,ronnie', 'mcelveen,mac']","['felicia,justin', 'augustine,dylan', 'samuel,jamil', 'mitchell,junior', 'atkins,bret']",631
113,0908,East Tex. Baptist,Millsaps,0,68-78,"36,42","25,43",1-0,0-1,N/A,N/A,11/15/14,4:00 p.m.,N/A,"Marshall, TX (Ornelas Gym)",Win,2,False,347,False,10:31,,7,,11 ,"MISS FT by ATKINS,BRET",,,"MISS FT by ATKINS,BRET",1,free throw,missed,east tex. baptist,"atkins,bret",,"['moore,myles', 'aubert,dustin', 'gerchow,alex', 'frebis,ronnie', 'mcelveen,mac']","['felicia,justin', 'augustine,dylan', 'samuel,jamil', 'mitchell,junior', 'atkins,bret']",631
114,0908,East Tex. Baptist,Millsaps,0,68-78,"36,42","25,43",1-0,0-1,N/A,N/A,11/15/14,4:00 p.m.,N/A,"Marshall, TX (Ornelas Gym)",Win,2,False,347,False,--,,7,,11 ,"REBOUND OFF by ATKINS,BRET",,,"REBOUND OFF by ATKINS,BRET",1,offensive rebound,,east tex. baptist,"atkins,bret",,"['moore,myles', 'aubert,dustin', 'gerchow,alex', 'frebis,ronnie', 'mcelveen,mac']","['felicia,justin', 'augustine,dylan', 'samuel,jamil', 'mitchell,junior', 'atkins,bret']",
115,0908,East Tex. Baptist,Millsaps,0,68-78,"36,42","25,43",1-0,0-1,N/A,N/A,11/15/14,4:00 p.m.,N/A,"Marshall, TX (Ornelas Gym)",Win,2,False,347,False,10:31,"SUB IN by MCSWAIN,JOSH",7,,11 ,,,,"SUB IN by MCSWAIN,JOSH",1,subbing in,,millsaps,"mcswain,josh",,"['moore,myles', 'aubert,dustin', 'gerchow,alex', 'frebis,ronnie', 'mcelveen,mac', 'mcswain,josh']","['felicia,justin', 'augustine,dylan', 'samuel,jamil', 'mitchell,junior', 'atkins,bret']",631
116,0908,East Tex. Baptist,Millsaps,0,68-78,"36,42","25,43",1-0,0-1,N/A,N/A,11/15/14,4:00 p.m.,N/A,"Marshall, TX (Ornelas Gym)",Win,2,False,347,False,10:31,"SUB IN by ROBERTSON,MARC",7,,11 ,,,,"SUB IN by ROBERTSON,MARC",1,subbing in,,millsaps,"robertson,marc",,"['moore,myles', 'aubert,dustin', 'gerchow,alex', 'frebis,ronnie', 'mcelveen,mac', 'mcswain,josh', 'robertson,marc']","['felicia,justin', 'augustine,dylan', 'samuel,jamil', 'mitchell,junior', 'atkins,bret']",631
117,0908,East Tex. Baptist,Millsaps,0,68-78,"36,42","25,43",1-0,0-1,N/A,N/A,11/15/14,4:00 p.m.,N/A,"Marshall, TX (Ornelas Gym)",Win,2,False,347,False,10:31,"SUB OUT by MOORE,MYLES",7,,11 ,,,,"SUB OUT by MOORE,MYLES",1,subbing out,,millsaps,"moore,myles",,"['aubert,dustin', 'gerchow,alex', 'frebis,ronnie', 'mcelveen,mac', 'mcswain,josh', 'robertson,marc']","['felicia,justin', 'augustine,dylan', 'samuel,jamil', 'mitchell,junior', 'atkins,bret']",631
118,0908,East Tex. Baptist,Millsaps,0,68-78,"36,42","25,43",1-0,0-1,N/A,N/A,11/15/14,4:00 p.m.,N/A,"Marshall, TX (Ornelas Gym)",Win,2,False,347,False,10:31,"SUB OUT by GERCHOW,ALEX",7,,11 ,,,,"SUB OUT by GERCHOW,ALEX",1,subbing out,,millsaps,"gerchow,alex",,"['aubert,dustin', 'frebis,ronnie', 'mcelveen,mac', 'mcswain,josh', 'robertson,marc']","['felicia,justin', 'augustine,dylan', 'samuel,jamil', 'mitchell,junior', 'atkins,bret']",631
119,0908,East Tex. Baptist,Millsaps,0,68-78,"36,42","25,43",1-0,0-1,N/A,N/A,11/15/14,4:00 p.m.,N/A,"Marshall, TX (Ornelas Gym)",Win,2,False,347,False,10:26,,7,,14 ,"GOOD 3PTR by AUGUSTINE,DYLAN",ETBU 7-14 (-7),,"GOOD 3PTR by AUGUSTINE,DYLAN",1,three pointer,good,east tex. baptist,"augustine,dylan",3,"['aubert,dustin', 'frebis,ronnie', 'mcelveen,mac', 'mcswain,josh', 'robertson,marc']","['felicia,justin', 'augustine,dylan', 'samuel,jamil', 'mitchell,junior', 'atkins,bret']",626
120,0908,East Tex. Baptist,Millsaps,0,68-78,"36,42","25,43",1-0,0-1,N/A,N/A,11/15/14,4:00 p.m.,N/A,"Marshall, TX (Ornelas Gym)",Win,2,False,347,False,--,,7,,14 ,"ASSIST  by ATKINS,BRET",,,"ASSIST  by ATKINS,BRET",1,assist,,east tex. baptist,"atkins,bret",,"['aubert,dustin', 'frebis,ronnie', 'mcelveen,mac', 'mcswain,josh', 'robertson,marc']","['felicia,justin', 'augustine,dylan', 'samuel,jamil', 'mitchell,junior', 'atkins,bret']",
121,0908,East Tex. Baptist,Millsaps,0,68-78,"36,42","25,43",1-0,0-1,N/A,N/A,11/15/14,4:00 p.m.,N/A,"Marshall, TX (Ornelas Gym)",Win,2,False,347,False,10:07,"TURNOVER  by AUBERT,DUSTIN",7,,14 ,,,,"TURNOVER  by AUBERT,DUSTIN",1,turnover,,millsaps,"aubert,dustin",,"['aubert,dustin', 'frebis,ronnie', 'mcelveen,mac', 'mcswain,josh', 'robertson,marc']","['felicia,justin', 'augustine,dylan', 'samuel,jamil', 'mitchell,junior', 'atkins,bret']",607
122,0908,East Tex. Baptist,Millsaps,0,68-78,"36,42","25,43",1-0,0-1,N/A,N/A,11/15/14,4:00 p.m.,N/A,"Marshall, TX (Ornelas Gym)",Win,2,False,347,False,10:06,,7,,14 ,"STEAL  by SAMUEL,JAMIL",,,"STEAL  by SAMUEL,JAMIL",1,steal,,east tex. baptist,,,"['aubert,dustin', 'frebis,ronnie', 'mcelveen,mac', 'mcswain,josh', 'robertson,marc']","['felicia,justin', 'augustine,dylan', 'samuel,jamil', 'mitchell,junior', 'atkins,bret']",606
123,0908,East Tex. Baptist,Millsaps,0,68-78,"36,42","25,43",1-0,0-1,N/A,N/A,11/15/14,4:00 p.m.,N/A,"Marshall, TX (Ornelas Gym)",Win,2,False,347,False,10:04,,7,,16 ,"GOOD DUNK by SAMUEL,JAMIL(in the paint)",ETBU 7-16 (-9),,"GOOD DUNK by SAMUEL,JAMIL(in the paint)",1,dunk,good,east tex. baptist,,2,"['aubert,dustin', 'frebis,ronnie', 'mcelveen,mac', 'mcswain,josh', 'robertson,marc']","['felicia,justin', 'augustine,dylan', 'samuel,jamil', 'mitchell,junior', 'atkins,bret']",604
124,0908,East Tex. Baptist,Millsaps,0,68-78,"36,42","25,43",1-0,0-1,N/A,N/A,11/15/14,4:00 p.m.,N/A,"Marshall, TX (Ornelas Gym)",Win,2,False,347,False,09:31,"MISS JUMPER by ROBERTSON,MARC",7,,16 ,,,,"MISS JUMPER by ROBERTSON,MARC",1,jumper,missed,millsaps,"robertson,marc",,"['aubert,dustin', 'frebis,ronnie', 'mcelveen,mac', 'mcswain,josh', 'robertson,marc']","['felicia,justin', 'augustine,dylan', 'samuel,jamil', 'mitchell,junior', 'atkins,bret']",571
125,0908,East Tex. Baptist,Millsaps,0,68-78,"36,42","25,43",1-0,0-1,N/A,N/A,11/15/14,4:00 p.m.,N/A,"Marshall, TX (Ornelas Gym)",Win,2,False,347,False,--,,7,,16 ,REBOUND DEF by TEAM,,,REBOUND DEF by TEAM,1,defensive rebound,,east tex. baptist,,,"['aubert,dustin', 'frebis,ronnie', 'mcelveen,mac', 'mcswain,josh', 'robertson,marc']","['felicia,justin', 'augustine,dylan', 'samuel,jamil', 'mitchell,junior', 'atkins,bret']",
126,0908,East Tex. Baptist,Millsaps,0,68-78,"36,42","25,43",1-0,0-1,N/A,N/A,11/15/14,4:00 p.m.,N/A,"Marshall, TX (Ornelas Gym)",Win,2,False,347,False,09:29,,7,,16 ,"FOUL  by SAMUEL,JAMIL",,,"FOUL  by SAMUEL,JAMIL",1,foul,,east tex. baptist,"samuel,jamil",,"['aubert,dustin', 'frebis,ronnie', 'mcelveen,mac', 'mcswain,josh', 'robertson,marc']","['felicia,justin', 'augustine,dylan', 'samuel,jamil', 'mitchell,junior', 'atkins,bret']",569
127,0908,East Tex. Baptist,Millsaps,0,68-78,"36,42","25,43",1-0,0-1,N/A,N/A,11/15/14,4:00 p.m.,N/A,"Marshall, TX (Ornelas Gym)",Win,2,False,347,False,09:25,"MISS JUMPER by MCSWAIN,JOSH",7,,16 ,,,,"MISS JUMPER by MCSWAIN,JOSH",1,jumper,missed,millsaps,"mcswain,josh",,"['aubert,dustin', 'frebis,ronnie', 'mcelveen,mac', 'mcswain,josh', 'robertson,marc']","['felicia,justin', 'augustine,dylan', 'samuel,jamil', 'mitchell,junior', 'atkins,bret']",565
128,0908,East Tex. Baptist,Millsaps,0,68-78,"36,42","25,43",1-0,0-1,N/A,N/A,11/15/14,4:00 p.m.,N/A,"Marshall, TX (Ornelas Gym)",Win,2,False,347,False,--,,7,,16 ,"REBOUND DEF by SAMUEL,JAMIL",,,"REBOUND DEF by SAMUEL,JAMIL",1,defensive rebound,,east tex. baptist,"samuel,jamil",,"['aubert,dustin', 'frebis,ronnie', 'mcelveen,mac', 'mcswain,josh', 'robertson,marc']","['felicia,justin', 'augustine,dylan', 'samuel,jamil', 'mitchell,junior', 'atkins,bret']",
129,0908,East Tex. Baptist,Millsaps,0,68-78,"36,42","25,43",1-0,0-1,N/A,N/A,11/15/14,4:00 p.m.,N/A,"Marshall, TX (Ornelas Gym)",Win,2,False,347,False,08:57,,7,,16 ,"MISS 3PTR by ATKINS,BRET",,,"MISS 3PTR by ATKINS,BRET",1,three pointer,missed,east tex. baptist,"atkins,bret",,"['aubert,dustin', 'frebis,ronnie', 'mcelveen,mac', 'mcswain,josh', 'robertson,marc']","['felicia,justin', 'augustine,dylan', 'samuel,jamil', 'mitchell,junior', 'atkins,bret']",537
130,0908,East Tex. Baptist,Millsaps,0,68-78,"36,42","25,43",1-0,0-1,N/A,N/A,11/15/14,4:00 p.m.,N/A,"Marshall, TX (Ornelas Gym)",Win,2,False,347,False,--,"REBOUND DEF by MCSWAIN,JOSH",7,,16 ,,,,"REBOUND DEF by MCSWAIN,JOSH",1,defensive rebound,,millsaps,"mcswain,josh",,"['aubert,dustin', 'frebis,ronnie', 'mcelveen,mac', 'mcswain,josh', 'robertson,marc']","['felicia,justin', 'augustine,dylan', 'samuel,jamil', 'mitchell,junior', 'atkins,bret']",
131,0908,East Tex. Baptist,Millsaps,0,68-78,"36,42","25,43",1-0,0-1,N/A,N/A,11/15/14,4:00 p.m.,N/A,"Marshall, TX (Ornelas Gym)",Win,2,False,347,False,08:39,"GOOD JUMPER by MCELVEEN,MAC(in the paint)",9,,16 ,,MILLSAPS 9-16 (-7),,"GOOD JUMPER by MCELVEEN,MAC(in the paint)",1,jumper,good,millsaps,"mcelveen,mac",2,"['aubert,dustin', 'frebis,ronnie', 'mcelveen,mac', 'mcswain,josh', 'robertson,marc']","['felicia,justin', 'augustine,dylan', 'samuel,jamil', 'mitchell,junior', 'atkins,bret']",519
132,0908,East Tex. Baptist,Millsaps,0,68-78,"36,42","25,43",1-0,0-1,N/A,N/A,11/15/14,4:00 p.m.,N/A,"Marshall, TX (Ornelas Gym)",Win,2,False,347,False,08:37,"SUB IN by MELMS,MATT",9,,16 ,,,,"SUB IN by MELMS,MATT",1,subbing in,,millsaps,"melms,matt",,"['aubert,dustin', 'frebis,ronnie', 'mcelveen,mac', 'mcswain,josh', 'robertson,marc', 'melms,matt']","['felicia,justin', 'augustine,dylan', 'samuel,jamil', 'mitchell,junior', 'atkins,bret']",517
133,0908,East Tex. Baptist,Millsaps,0,68-78,"36,42","25,43",1-0,0-1,N/A,N/A,11/15/14,4:00 p.m.,N/A,"Marshall, TX (Ornelas Gym)",Win,2,False,347,False,08:37,"SUB OUT by AUBERT,DUSTIN",9,,16 ,,,,"SUB OUT by AUBERT,DUSTIN",1,subbing out,,millsaps,"aubert,dustin",,"['frebis,ronnie', 'mcelveen,mac', 'mcswain,josh', 'robertson,marc', 'melms,matt']","['felicia,justin', 'augustine,dylan', 'samuel,jamil', 'mitchell,junior', 'atkins,bret']",517
134,0908,East Tex. Baptist,Millsaps,0,68-78,"36,42","25,43",1-0,0-1,N/A,N/A,11/15/14,4:00 p.m.,N/A,"Marshall, TX (Ornelas Gym)",Win,2,False,347,False,08:30,,9,,18 ,"GOOD LAYUP by GRAY,AHNRE(in the paint)",ETBU 9-18 (-9),,"GOOD LAYUP by GRAY,AHNRE(in the paint)",1,layup,good,east tex. baptist,"gray,ahnre",2,"['frebis,ronnie', 'mcelveen,mac', 'mcswain,josh', 'robertson,marc', 'melms,matt']","['felicia,justin', 'augustine,dylan', 'samuel,jamil', 'mitchell,junior', 'atkins,bret']",510
135,0908,East Tex. Baptist,Millsaps,0,68-78,"36,42","25,43",1-0,0-1,N/A,N/A,11/15/14,4:00 p.m.,N/A,"Marshall, TX (Ornelas Gym)",Win,2,False,347,False,--,,9,,18 ,"ASSIST  by AUGUSTINE,DYLAN",,,"ASSIST  by AUGUSTINE,DYLAN",1,assist,,east tex. baptist,"augustine,dylan",,"['frebis,ronnie', 'mcelveen,mac', 'mcswain,josh', 'robertson,marc', 'melms,matt']","['felicia,justin', 'augustine,dylan', 'samuel,jamil', 'mitchell,junior', 'atkins,bret']",
136,0908,East Tex. Baptist,Millsaps,0,68-78,"36,42","25,43",1-0,0-1,N/A,N/A,11/15/14,4:00 p.m.,N/A,"Marshall, TX (Ornelas Gym)",Win,2,False,347,False,08:26,,9,,18 ,"SUB IN by DAVIS,ANTHONY",,,"SUB IN by DAVIS,ANTHONY",1,subbing in,,east tex. baptist,"davis,anthony",,"['frebis,ronnie', 'mcelveen,mac', 'mcswain,josh', 'robertson,marc', 'melms,matt']","['felicia,justin', 'augustine,dylan', 'samuel,jamil', 'mitchell,junior', 'atkins,bret', 'davis,anthony']",506
137,0908,East Tex. Baptist,Millsaps,0,68-78,"36,42","25,43",1-0,0-1,N/A,N/A,11/15/14,4:00 p.m.,N/A,"Marshall, TX (Ornelas Gym)",Win,2,False,347,False,08:26,,9,,18 ,"SUB IN by THOMPSON,ERBY",,,"SUB IN by THOMPSON,ERBY",1,subbing in,,east tex. baptist,"thompson,erby",,"['frebis,ronnie', 'mcelveen,mac', 'mcswain,josh', 'robertson,marc', 'melms,matt']","['felicia,justin', 'augustine,dylan', 'samuel,jamil', 'mitchell,junior', 'atkins,bret', 'davis,anthony', 'thompson,erby']",506
138,0908,East Tex. Baptist,Millsaps,0,68-78,"36,42","25,43",1-0,0-1,N/A,N/A,11/15/14,4:00 p.m.,N/A,"Marshall, TX (Ornelas Gym)",Win,2,False,347,False,08:26,,9,,18 ,"SUB IN by GRAY,AHNRE",,,"SUB IN by GRAY,AHNRE",1,subbing in,,east tex. baptist,"gray,ahnre",,"['frebis,ronnie', 'mcelveen,mac', 'mcswain,josh', 'robertson,marc', 'melms,matt']","['felicia,justin', 'augustine,dylan', 'samuel,jamil', 'mitchell,junior', 'atkins,bret', 'davis,anthony', 'thompson,erby', 'gray,ahnre']",506
139,0908,East Tex. Baptist,Millsaps,0,68-78,"36,42","25,43",1-0,0-1,N/A,N/A,11/15/14,4:00 p.m.,N/A,"Marshall, TX (Ornelas Gym)",Win,2,False,347,False,08:26,,9,,18 ,"SUB OUT by ATKINS,BRET",,,"SUB OUT by ATKINS,BRET",1,subbing out,,east tex. baptist,"atkins,bret",,"['frebis,ronnie', 'mcelveen,mac', 'mcswain,josh', 'robertson,marc', 'melms,matt']","['felicia,justin', 'augustine,dylan', 'samuel,jamil', 'mitchell,junior', 'davis,anthony', 'thompson,erby', 'gray,ahnre']",506
140,0908,East Tex. Baptist,Millsaps,0,68-78,"36,42","25,43",1-0,0-1,N/A,N/A,11/15/14,4:00 p.m.,N/A,"Marshall, TX (Ornelas Gym)",Win,2,False,347,False,08:26,,9,,18 ,"SUB OUT by SAMUEL,JAMIL",,,"SUB OUT by SAMUEL,JAMIL",1,subbing out,,east tex. baptist,"samuel,jamil",,"['frebis,ronnie', 'mcelveen,mac', 'mcswain,josh', 'robertson,marc', 'melms,matt']","['felicia,justin', 'augustine,dylan', 'mitchell,junior', 'davis,anthony', 'thompson,erby', 'gray,ahnre']",506
141,0908,East Tex. Baptist,Millsaps,0,68-78,"36,42","25,43",1-0,0-1,N/A,N/A,11/15/14,4:00 p.m.,N/A,"Marshall, TX (Ornelas Gym)",Win,2,False,347,False,08:26,,9,,18 ,"SUB OUT by MITCHELL,JUNIOR",,,"SUB OUT by MITCHELL,JUNIOR",1,subbing out,,east tex. baptist,"mitchell,junior",,"['frebis,ronnie', 'mcelveen,mac', 'mcswain,josh', 'robertson,marc', 'melms,matt']","['felicia,justin', 'augustine,dylan', 'davis,anthony', 'thompson,erby', 'gray,ahnre']",506
142,0908,East Tex. Baptist,Millsaps,0,68-78,"36,42","25,43",1-0,0-1,N/A,N/A,11/15/14,4:00 p.m.,N/A,"Marshall, TX (Ornelas Gym)",Win,2,False,347,False,08:23,"TURNOVER  by DOUGLASS,PARKS",9,,18 ,,,,"TURNOVER  by DOUGLASS,PARKS",1,turnover,,millsaps,"douglass,parks",,"['frebis,ronnie', 'mcelveen,mac', 'mcswain,josh', 'robertson,marc', 'melms,matt']","['felicia,justin', 'augustine,dylan', 'davis,anthony', 'thompson,erby', 'gray,ahnre']",503
143,0908,East Tex. Baptist,Millsaps,0,68-78,"36,42","25,43",1-0,0-1,N/A,N/A,11/15/14,4:00 p.m.,N/A,"Marshall, TX (Ornelas Gym)",Win,2,False,347,False,08:22,,9,,18 ,"STEAL  by DAVIS,ANTHONY",,,"STEAL  by DAVIS,ANTHONY",1,steal,,east tex. baptist,,,"['frebis,ronnie', 'mcelveen,mac', 'mcswain,josh', 'robertson,marc', 'melms,matt']","['felicia,justin', 'augustine,dylan', 'davis,anthony', 'thompson,erby', 'gray,ahnre']",502
144,0908,East Tex. Baptist,Millsaps,0,68-78,"36,42","25,43",1-0,0-1,N/A,N/A,11/15/14,4:00 p.m.,N/A,"Marshall, TX (Ornelas Gym)",Win,2,False,347,False,08:19,,9,,18 ,"MISS LAYUP by DAVIS,ANTHONY",,,"MISS LAYUP by DAVIS,ANTHONY",1,layup,missed,east tex. baptist,"davis,anthony",,"['frebis,ronnie', 'mcelveen,mac', 'mcswain,josh', 'robertson,marc', 'melms,matt']","['felicia,justin', 'augustine,dylan', 'davis,anthony', 'thompson,erby', 'gray,ahnre']",499
145,0908,East Tex. Baptist,Millsaps,0,68-78,"36,42","25,43",1-0,0-1,N/A,N/A,11/15/14,4:00 p.m.,N/A,"Marshall, TX (Ornelas Gym)",Win,2,False,347,False,--,"REBOUND DEF by DOUGLASS,PARKS",9,,18 ,,,,"REBOUND DEF by DOUGLASS,PARKS",1,defensive rebound,,millsaps,"douglass,parks",,"['frebis,ronnie', 'mcelveen,mac', 'mcswain,josh', 'robertson,marc', 'melms,matt']","['felicia,justin', 'augustine,dylan', 'davis,anthony', 'thompson,erby', 'gray,ahnre']",
146,0908,East Tex. Baptist,Millsaps,0,68-78,"36,42","25,43",1-0,0-1,N/A,N/A,11/15/14,4:00 p.m.,N/A,"Marshall, TX (Ornelas Gym)",Win,2,False,347,False,07:50,"GOOD LAYUP by MCSWAIN,JOSH(in the paint)",11,,18 ,,MILLSAPS 11-18 (-7),,"GOOD LAYUP by MCSWAIN,JOSH(in the paint)",1,layup,good,millsaps,"mcswain,josh",2,"['frebis,ronnie', 'mcelveen,mac', 'mcswain,josh', 'robertson,marc', 'melms,matt']","['felicia,justin', 'augustine,dylan', 'davis,anthony', 'thompson,erby', 'gray,ahnre']",470
147,0908,East Tex. Baptist,Millsaps,0,68-78,"36,42","25,43",1-0,0-1,N/A,N/A,11/15/14,4:00 p.m.,N/A,"Marshall, TX (Ornelas Gym)",Win,2,False,347,False,--,"ASSIST  by DOUGLASS,PARKS",11,,18 ,,,,"ASSIST  by DOUGLASS,PARKS",1,assist,,millsaps,"douglass,parks",,"['frebis,ronnie', 'mcelveen,mac', 'mcswain,josh', 'robertson,marc', 'melms,matt']","['felicia,justin', 'augustine,dylan', 'davis,anthony', 'thompson,erby', 'gray,ahnre']",
148,0908,East Tex. Baptist,Millsaps,0,68-78,"36,42","25,43",1-0,0-1,N/A,N/A,11/15/14,4:00 p.m.,N/A,"Marshall, TX (Ornelas Gym)",Win,2,False,347,False,07:30,,11,,18 ,"MISS JUMPER by FELICIA,JUSTIN",,,"MISS JUMPER by FELICIA,JUSTIN",1,jumper,missed,east tex. baptist,"felicia,justin",,"['frebis,ronnie', 'mcelveen,mac', 'mcswain,josh', 'robertson,marc', 'melms,matt']","['felicia,justin', 'augustine,dylan', 'davis,anthony', 'thompson,erby', 'gray,ahnre']",450
149,0908,East Tex. Baptist,Millsaps,0,68-78,"36,42","25,43",1-0,0-1,N/A,N/A,11/15/14,4:00 p.m.,N/A,"Marshall, TX (Ornelas Gym)",Win,2,False,347,False,--,"REBOUND DEF by MCSWAIN,JOSH",11,,18 ,,,,"REBOUND DEF by MCSWAIN,JOSH",1,defensive rebound,,millsaps,"mcswain,josh",,"['frebis,ronnie', 'mcelveen,mac', 'mcswain,josh', 'robertson,marc', 'melms,matt']","['felicia,justin', 'augustine,dylan', 'davis,anthony', 'thompson,erby', 'gray,ahnre']",
150,0908,East Tex. Baptist,Millsaps,0,68-78,"36,42","25,43",1-0,0-1,N/A,N/A,11/15/14,4:00 p.m.,N/A,"Marshall, TX (Ornelas Gym)",Win,2,False,347,False,07:15,,11,,18 ,"FOUL  by FELICIA,JUSTIN",,,"FOUL  by FELICIA,JUSTIN",1,foul,,east tex. baptist,"felicia,justin",,"['frebis,ronnie', 'mcelveen,mac', 'mcswain,josh', 'robertson,marc', 'melms,matt']","['felicia,justin', 'augustine,dylan', 'davis,anthony', 'thompson,erby', 'gray,ahnre']",435
151,0908,East Tex. Baptist,Millsaps,0,68-78,"36,42","25,43",1-0,0-1,N/A,N/A,11/15/14,4:00 p.m.,N/A,"Marshall, TX (Ornelas Gym)",Win,2,False,347,False,07:15,,11,,18 ,"SUB IN by LATIN,MALIK",,,"SUB IN by LATIN,MALIK",1,subbing in,,east tex. baptist,"latin,malik",,"['frebis,ronnie', 'mcelveen,mac', 'mcswain,josh', 'robertson,marc', 'melms,matt']","['felicia,justin', 'augustine,dylan', 'davis,anthony', 'thompson,erby', 'gray,ahnre', 'latin,malik']",435
152,0908,East Tex. Baptist,Millsaps,0,68-78,"36,42","25,43",1-0,0-1,N/A,N/A,11/15/14,4:00 p.m.,N/A,"Marshall, TX (Ornelas Gym)",Win,2,False,347,False,07:15,,11,,18 ,"SUB IN by SAMUEL,JAMIL",,,"SUB IN by SAMUEL,JAMIL",1,subbing in,,east tex. baptist,"samuel,jamil",,"['frebis,ronnie', 'mcelveen,mac', 'mcswain,josh', 'robertson,marc', 'melms,matt']","['felicia,justin', 'augustine,dylan', 'davis,anthony', 'thompson,erby', 'gray,ahnre', 'latin,malik', 'samuel,jamil']",435
153,0908,East Tex. Baptist,Millsaps,0,68-78,"36,42","25,43",1-0,0-1,N/A,N/A,11/15/14,4:00 p.m.,N/A,"Marshall, TX (Ornelas Gym)",Win,2,False,347,False,07:15,,11,,18 ,"SUB OUT by DAVIS,ANTHONY",,,"SUB OUT by DAVIS,ANTHONY",1,subbing out,,east tex. baptist,"davis,anthony",,"['frebis,ronnie', 'mcelveen,mac', 'mcswain,josh', 'robertson,marc', 'melms,matt']","['felicia,justin', 'augustine,dylan', 'thompson,erby', 'gray,ahnre', 'latin,malik', 'samuel,jamil']",435
154,0908,East Tex. Baptist,Millsaps,0,68-78,"36,42","25,43",1-0,0-1,N/A,N/A,11/15/14,4:00 p.m.,N/A,"Marshall, TX (Ornelas Gym)",Win,2,False,347,False,07:15,,11,,18 ,"SUB OUT by FELICIA,JUSTIN",,,"SUB OUT by FELICIA,JUSTIN",1,subbing out,,east tex. baptist,"felicia,justin",,"['frebis,ronnie', 'mcelveen,mac', 'mcswain,josh', 'robertson,marc', 'melms,matt']","['augustine,dylan', 'thompson,erby', 'gray,ahnre', 'latin,malik', 'samuel,jamil']",435
155,0908,East Tex. Baptist,Millsaps,0,68-78,"36,42","25,43",1-0,0-1,N/A,N/A,11/15/14,4:00 p.m.,N/A,"Marshall, TX (Ornelas Gym)",Win,2,False,347,False,07:13,"TURNOVER  by MELMS,MATT",11,,18 ,,,,"TURNOVER  by MELMS,MATT",1,turnover,,millsaps,"melms,matt",,"['frebis,ronnie', 'mcelveen,mac', 'mcswain,josh', 'robertson,marc', 'melms,matt']","['augustine,dylan', 'thompson,erby', 'gray,ahnre', 'latin,malik', 'samuel,jamil']",433
156,0908,East Tex. Baptist,Millsaps,0,68-78,"36,42","25,43",1-0,0-1,N/A,N/A,11/15/14,4:00 p.m.,N/A,"Marshall, TX (Ornelas Gym)",Win,2,False,347,False,07:12,,11,,18 ,"STEAL  by LATIN,MALIK",,,"STEAL  by LATIN,MALIK",1,steal,,east tex. baptist,,,"['frebis,ronnie', 'mcelveen,mac', 'mcswain,josh', 'robertson,marc', 'melms,matt']","['augustine,dylan', 'thompson,erby', 'gray,ahnre', 'latin,malik', 'samuel,jamil']",432
157,0908,East Tex. Baptist,Millsaps,0,68-78,"36,42","25,43",1-0,0-1,N/A,N/A,11/15/14,4:00 p.m.,N/A,"Marshall, TX (Ornelas Gym)",Win,2,False,347,False,07:05,,11,,18 ,"MISS 3PTR by THOMPSON,ERBY",,,"MISS 3PTR by THOMPSON,ERBY",1,three pointer,missed,east tex. baptist,"thompson,erby",,"['frebis,ronnie', 'mcelveen,mac', 'mcswain,josh', 'robertson,marc', 'melms,matt']","['augustine,dylan', 'thompson,erby', 'gray,ahnre', 'latin,malik', 'samuel,jamil']",425
158,0908,East Tex. Baptist,Millsaps,0,68-78,"36,42","25,43",1-0,0-1,N/A,N/A,11/15/14,4:00 p.m.,N/A,"Marshall, TX (Ornelas Gym)",Win,2,False,347,False,--,"REBOUND DEF by MELMS,MATT",11,,18 ,,,,"REBOUND DEF by MELMS,MATT",1,defensive rebound,,millsaps,"melms,matt",,"['frebis,ronnie', 'mcelveen,mac', 'mcswain,josh', 'robertson,marc', 'melms,matt']","['augustine,dylan', 'thompson,erby', 'gray,ahnre', 'latin,malik', 'samuel,jamil']",
159,0908,East Tex. Baptist,Millsaps,0,68-78,"36,42","25,43",1-0,0-1,N/A,N/A,11/15/14,4:00 p.m.,N/A,"Marshall, TX (Ornelas Gym)",Win,2,False,347,False,06:56,"TURNOVER  by MELMS,MATT",11,,18 ,,,,"TURNOVER  by MELMS,MATT",1,turnover,,millsaps,"melms,matt",,"['frebis,ronnie', 'mcelveen,mac', 'mcswain,josh', 'robertson,marc', 'melms,matt']","['augustine,dylan', 'thompson,erby', 'gray,ahnre', 'latin,malik', 'samuel,jamil']",416
160,0908,East Tex. Baptist,Millsaps,0,68-78,"36,42","25,43",1-0,0-1,N/A,N/A,11/15/14,4:00 p.m.,N/A,"Marshall, TX (Ornelas Gym)",Win,2,False,347,False,06:48,"SUB IN by ATKINSON,QUINN",11,,18 ,,,,"SUB IN by ATKINSON,QUINN",1,subbing in,,millsaps,"atkinson,quinn",,"['frebis,ronnie', 'mcelveen,mac', 'mcswain,josh', 'robertson,marc', 'melms,matt', 'atkinson,quinn']","['augustine,dylan', 'thompson,erby', 'gray,ahnre', 'latin,malik', 'samuel,jamil']",408
161,0908,East Tex. Baptist,Millsaps,0,68-78,"36,42","25,43",1-0,0-1,N/A,N/A,11/15/14,4:00 p.m.,N/A,"Marshall, TX (Ornelas Gym)",Win,2,False,347,False,06:48,"SUB IN by MANCUSO,LOGAN",11,,18 ,,,,"SUB IN by MANCUSO,LOGAN",1,subbing in,,millsaps,"mancuso,logan",,"['frebis,ronnie', 'mcelveen,mac', 'mcswain,josh', 'robertson,marc', 'melms,matt', 'atkinson,quinn', 'mancuso,logan']","['augustine,dylan', 'thompson,erby', 'gray,ahnre', 'latin,malik', 'samuel,jamil']",408
162,0908,East Tex. Baptist,Millsaps,0,68-78,"36,42","25,43",1-0,0-1,N/A,N/A,11/15/14,4:00 p.m.,N/A,"Marshall, TX (Ornelas Gym)",Win,2,False,347,False,06:48,"SUB OUT by MCSWAIN,JOSH",11,,18 ,,,,"SUB OUT by MCSWAIN,JOSH",1,subbing out,,millsaps,"mcswain,josh",,"['frebis,ronnie', 'mcelveen,mac', 'robertson,marc', 'melms,matt', 'atkinson,quinn', 'mancuso,logan']","['augustine,dylan', 'thompson,erby', 'gray,ahnre', 'latin,malik', 'samuel,jamil']",408
163,0908,East Tex. Baptist,Millsaps,0,68-78,"36,42","25,43",1-0,0-1,N/A,N/A,11/15/14,4:00 p.m.,N/A,"Marshall, TX (Ornelas Gym)",Win,2,False,347,False,06:48,"SUB OUT by MCELVEEN,MAC",11,,18 ,,,,"SUB OUT by MCELVEEN,MAC",1,subbing out,,millsaps,"mcelveen,mac",,"['frebis,ronnie', 'robertson,marc', 'melms,matt', 'atkinson,quinn', 'mancuso,logan']","['augustine,dylan', 'thompson,erby', 'gray,ahnre', 'latin,malik', 'samuel,jamil']",408
164,0908,East Tex. Baptist,Millsaps,0,68-78,"36,42","25,43",1-0,0-1,N/A,N/A,11/15/14,4:00 p.m.,N/A,"Marshall, TX (Ornelas Gym)",Win,2,False,347,False,06:46,,11,,18 ,"MISS 3PTR by LATIN,MALIK",,,"MISS 3PTR by LATIN,MALIK",1,three pointer,missed,east tex. baptist,"latin,malik",,"['frebis,ronnie', 'robertson,marc', 'melms,matt', 'atkinson,quinn', 'mancuso,logan']","['augustine,dylan', 'thompson,erby', 'gray,ahnre', 'latin,malik', 'samuel,jamil']",406
165,0908,East Tex. Baptist,Millsaps,0,68-78,"36,42","25,43",1-0,0-1,N/A,N/A,11/15/14,4:00 p.m.,N/A,"Marshall, TX (Ornelas Gym)",Win,2,False,347,False,--,"REBOUND DEF by DOUGLASS,PARKS",11,,18 ,,,,"REBOUND DEF by DOUGLASS,PARKS",1,defensive rebound,,millsaps,"douglass,parks",,"['frebis,ronnie', 'robertson,marc', 'melms,matt', 'atkinson,quinn', 'mancuso,logan']","['augustine,dylan', 'thompson,erby', 'gray,ahnre', 'latin,malik', 'samuel,jamil']",
166,0908,East Tex. Baptist,Millsaps,0,68-78,"36,42","25,43",1-0,0-1,N/A,N/A,11/15/14,4:00 p.m.,N/A,"Marshall, TX (Ornelas Gym)",Win,2,False,347,False,06:36,"MISS JUMPER by MANCUSO,LOGAN",11,,18 ,,,,"MISS JUMPER by MANCUSO,LOGAN",1,jumper,missed,millsaps,"mancuso,logan",,"['frebis,ronnie', 'robertson,marc', 'melms,matt', 'atkinson,quinn', 'mancuso,logan']","['augustine,dylan', 'thompson,erby', 'gray,ahnre', 'latin,malik', 'samuel,jamil']",396
167,0908,East Tex. Baptist,Millsaps,0,68-78,"36,42","25,43",1-0,0-1,N/A,N/A,11/15/14,4:00 p.m.,N/A,"Marshall, TX (Ornelas Gym)",Win,2,False,347,False,06:36,,11,,18 ,"BLOCK  by SAMUEL,JAMIL",,,"BLOCK  by SAMUEL,JAMIL",1,block,,east tex. baptist,"samuel,jamil",,"['frebis,ronnie', 'robertson,marc', 'melms,matt', 'atkinson,quinn', 'mancuso,logan']","['augustine,dylan', 'thompson,erby', 'gray,ahnre', 'latin,malik', 'samuel,jamil']",396
168,0908,East Tex. Baptist,Millsaps,0,68-78,"36,42","25,43",1-0,0-1,N/A,N/A,11/15/14,4:00 p.m.,N/A,"Marshall, TX (Ornelas Gym)",Win,2,False,347,False,--,,11,,18 ,"REBOUND DEF by SAMUEL,JAMIL",,,"REBOUND DEF by SAMUEL,JAMIL",1,defensive rebound,,east tex. baptist,"samuel,jamil",,"['frebis,ronnie', 'robertson,marc', 'melms,matt', 'atkinson,quinn', 'mancuso,logan']","['augustine,dylan', 'thompson,erby', 'gray,ahnre', 'latin,malik', 'samuel,jamil']",
169,0908,East Tex. Baptist,Millsaps,0,68-78,"36,42","25,43",1-0,0-1,N/A,N/A,11/15/14,4:00 p.m.,N/A,"Marshall, TX (Ornelas Gym)",Win,2,False,347,False,06:18,,11,,18 ,"MISS 3PTR by AUGUSTINE,DYLAN",,,"MISS 3PTR by AUGUSTINE,DYLAN",1,three pointer,missed,east tex. baptist,"augustine,dylan",,"['frebis,ronnie', 'robertson,marc', 'melms,matt', 'atkinson,quinn', 'mancuso,logan']","['augustine,dylan', 'thompson,erby', 'gray,ahnre', 'latin,malik', 'samuel,jamil']",378
170,0908,East Tex. Baptist,Millsaps,0,68-78,"36,42","25,43",1-0,0-1,N/A,N/A,11/15/14,4:00 p.m.,N/A,"Marshall, TX (Ornelas Gym)",Win,2,False,347,False,--,,11,,18 ,"REBOUND OFF by SAMUEL,JAMIL",,,"REBOUND OFF by SAMUEL,JAMIL",1,offensive rebound,,east tex. baptist,"samuel,jamil",,"['frebis,ronnie', 'robertson,marc', 'melms,matt', 'atkinson,quinn', 'mancuso,logan']","['augustine,dylan', 'thompson,erby', 'gray,ahnre', 'latin,malik', 'samuel,jamil']",
171,0908,East Tex. Baptist,Millsaps,0,68-78,"36,42","25,43",1-0,0-1,N/A,N/A,11/15/14,4:00 p.m.,N/A,"Marshall, TX (Ornelas Gym)",Win,2,False,347,False,06:07,"FOUL  by ROBERTSON,MARC",11,,18 ,,,,"FOUL  by ROBERTSON,MARC",1,foul,,millsaps,"robertson,marc",,"['frebis,ronnie', 'robertson,marc', 'melms,matt', 'atkinson,quinn', 'mancuso,logan']","['augustine,dylan', 'thompson,erby', 'gray,ahnre', 'latin,malik', 'samuel,jamil']",367
172,0908,East Tex. Baptist,Millsaps,0,68-78,"36,42","25,43",1-0,0-1,N/A,N/A,11/15/14,4:00 p.m.,N/A,"Marshall, TX (Ornelas Gym)",Win,2,False,347,False,06:07,"SUB IN by GAGEN,BRENNAN",11,,18 ,,,,"SUB IN by GAGEN,BRENNAN",1,subbing in,,millsaps,"gagen,brennan",,"['frebis,ronnie', 'robertson,marc', 'melms,matt', 'atkinson,quinn', 'mancuso,logan', 'gagen,brennan']","['augustine,dylan', 'thompson,erby', 'gray,ahnre', 'latin,malik', 'samuel,jamil']",367
173,0908,East Tex. Baptist,Millsaps,0,68-78,"36,42","25,43",1-0,0-1,N/A,N/A,11/15/14,4:00 p.m.,N/A,"Marshall, TX (Ornelas Gym)",Win,2,False,347,False,06:07,"SUB OUT by ROBERTSON,MARC",11,,18 ,,,,"SUB OUT by ROBERTSON,MARC",1,subbing out,,millsaps,"robertson,marc",,"['frebis,ronnie', 'melms,matt', 'atkinson,quinn', 'mancuso,logan', 'gagen,brennan']","['augustine,dylan', 'thompson,erby', 'gray,ahnre', 'latin,malik', 'samuel,jamil']",367
174,0908,East Tex. Baptist,Millsaps,0,68-78,"36,42","25,43",1-0,0-1,N/A,N/A,11/15/14,4:00 p.m.,N/A,"Marshall, TX (Ornelas Gym)",Win,2,False,347,False,06:07,,11,,18 ,"SUB IN by ATKINS,BRET",,,"SUB IN by ATKINS,BRET",1,subbing in,,east tex. baptist,"atkins,bret",,"['frebis,ronnie', 'melms,matt', 'atkinson,quinn', 'mancuso,logan', 'gagen,brennan']","['augustine,dylan', 'thompson,erby', 'gray,ahnre', 'latin,malik', 'samuel,jamil', 'atkins,bret']",367
175,0908,East Tex. Baptist,Millsaps,0,68-78,"36,42","25,43",1-0,0-1,N/A,N/A,11/15/14,4:00 p.m.,N/A,"Marshall, TX (Ornelas Gym)",Win,2,False,347,False,06:07,,11,,18 ,"SUB IN by MITCHELL,JUNIOR",,,"SUB IN by MITCHELL,JUNIOR",1,subbing in,,east tex. baptist,"mitchell,junior",,"['frebis,ronnie', 'melms,matt', 'atkinson,quinn', 'mancuso,logan', 'gagen,brennan']","['augustine,dylan', 'thompson,erby', 'gray,ahnre', 'latin,malik', 'samuel,jamil', 'atkins,bret', 'mitchell,junior']",367
176,0908,East Tex. Baptist,Millsaps,0,68-78,"36,42","25,43",1-0,0-1,N/A,N/A,11/15/14,4:00 p.m.,N/A,"Marshall, TX (Ornelas Gym)",Win,2,False,347,False,06:07,,11,,18 ,"SUB OUT by THOMPSON,ERBY",,,"SUB OUT by THOMPSON,ERBY",1,subbing out,,east tex. baptist,"thompson,erby",,"['frebis,ronnie', 'melms,matt', 'atkinson,quinn', 'mancuso,logan', 'gagen,brennan']","['augustine,dylan', 'gray,ahnre', 'latin,malik', 'samuel,jamil', 'atkins,bret', 'mitchell,junior']",367
177,0908,East Tex. Baptist,Millsaps,0,68-78,"36,42","25,43",1-0,0-1,N/A,N/A,11/15/14,4:00 p.m.,N/A,"Marshall, TX (Ornelas Gym)",Win,2,False,347,False,06:07,,11,,18 ,"SUB OUT by LATIN,MALIK",,,"SUB OUT by LATIN,MALIK",1,subbing out,,east tex. baptist,"latin,malik",,"['frebis,ronnie', 'melms,matt', 'atkinson,quinn', 'mancuso,logan', 'gagen,brennan']","['augustine,dylan', 'gray,ahnre', 'samuel,jamil', 'atkins,bret', 'mitchell,junior']",367
178,0908,East Tex. Baptist,Millsaps,0,68-78,"36,42","25,43",1-0,0-1,N/A,N/A,11/15/14,4:00 p.m.,N/A,"Marshall, TX (Ornelas Gym)",Win,2,False,347,False,05:54,,11,,21 ,"GOOD 3PTR by AUGUSTINE,DYLAN",ETBU 11-21 (-10),,"GOOD 3PTR by AUGUSTINE,DYLAN",1,three pointer,good,east tex. baptist,"augustine,dylan",3,"['frebis,ronnie', 'melms,matt', 'atkinson,quinn', 'mancuso,logan', 'gagen,brennan']","['augustine,dylan', 'gray,ahnre', 'samuel,jamil', 'atkins,bret', 'mitchell,junior']",354
179,0908,East Tex. Baptist,Millsaps,0,68-78,"36,42","25,43",1-0,0-1,N/A,N/A,11/15/14,4:00 p.m.,N/A,"Marshall, TX (Ornelas Gym)",Win,2,False,347,False,--,,11,,21 ,"ASSIST  by MITCHELL,JUNIOR",,,"ASSIST  by MITCHELL,JUNIOR",1,assist,,east tex. baptist,"mitchell,junior",,"['frebis,ronnie', 'melms,matt', 'atkinson,quinn', 'mancuso,logan', 'gagen,brennan']","['augustine,dylan', 'gray,ahnre', 'samuel,jamil', 'atkins,bret', 'mitchell,junior']",
180,0908,East Tex. Baptist,Millsaps,0,68-78,"36,42","25,43",1-0,0-1,N/A,N/A,11/15/14,4:00 p.m.,N/A,"Marshall, TX (Ornelas Gym)",Win,2,False,347,False,05:30,"TURNOVER  by DOUGLASS,PARKS",11,,21 ,,,,"TURNOVER  by DOUGLASS,PARKS",1,turnover,,millsaps,"douglass,parks",,"['frebis,ronnie', 'melms,matt', 'atkinson,quinn', 'mancuso,logan', 'gagen,brennan']","['augustine,dylan', 'gray,ahnre', 'samuel,jamil', 'atkins,bret', 'mitchell,junior']",330
181,0908,East Tex. Baptist,Millsaps,0,68-78,"36,42","25,43",1-0,0-1,N/A,N/A,11/15/14,4:00 p.m.,N/A,"Marshall, TX (Ornelas Gym)",Win,2,False,347,False,05:29,,11,,21 ,"STEAL  by GRAY,AHNRE",,,"STEAL  by GRAY,AHNRE",1,steal,,east tex. baptist,,,"['frebis,ronnie', 'melms,matt', 'atkinson,quinn', 'mancuso,logan', 'gagen,brennan']","['augustine,dylan', 'gray,ahnre', 'samuel,jamil', 'atkins,bret', 'mitchell,junior']",329
182,0908,East Tex. Baptist,Millsaps,0,68-78,"36,42","25,43",1-0,0-1,N/A,N/A,11/15/14,4:00 p.m.,N/A,"Marshall, TX (Ornelas Gym)",Win,2,False,347,False,05:19,,11,,21 ,"TURNOVER  by AUGUSTINE,DYLAN",,,"TURNOVER  by AUGUSTINE,DYLAN",1,turnover,,east tex. baptist,"augustine,dylan",,"['frebis,ronnie', 'melms,matt', 'atkinson,quinn', 'mancuso,logan', 'gagen,brennan']","['augustine,dylan', 'gray,ahnre', 'samuel,jamil', 'atkins,bret', 'mitchell,junior']",319
183,0908,East Tex. Baptist,Millsaps,0,68-78,"36,42","25,43",1-0,0-1,N/A,N/A,11/15/14,4:00 p.m.,N/A,"Marshall, TX (Ornelas Gym)",Win,2,False,347,False,05:17,"STEAL  by MANCUSO,LOGAN",11,,21 ,,,,"STEAL  by MANCUSO,LOGAN",1,steal,,millsaps,,,"['frebis,ronnie', 'melms,matt', 'atkinson,quinn', 'mancuso,logan', 'gagen,brennan']","['augustine,dylan', 'gray,ahnre', 'samuel,jamil', 'atkins,bret', 'mitchell,junior']",317
184,0908,East Tex. Baptist,Millsaps,0,68-78,"36,42","25,43",1-0,0-1,N/A,N/A,11/15/14,4:00 p.m.,N/A,"Marshall, TX (Ornelas Gym)",Win,2,False,347,False,05:10,"TURNOVER  by MELMS,MATT",11,,21 ,,,,"TURNOVER  by MELMS,MATT",1,turnover,,millsaps,"melms,matt",,"['frebis,ronnie', 'melms,matt', 'atkinson,quinn', 'mancuso,logan', 'gagen,brennan']","['augustine,dylan', 'gray,ahnre', 'samuel,jamil', 'atkins,bret', 'mitchell,junior']",310
185,0908,East Tex. Baptist,Millsaps,0,68-78,"36,42","25,43",1-0,0-1,N/A,N/A,11/15/14,4:00 p.m.,N/A,"Marshall, TX (Ornelas Gym)",Win,2,False,347,False,05:08,,11,,21 ,"STEAL  by SAMUEL,JAMIL",,,"STEAL  by SAMUEL,JAMIL",1,steal,,east tex. baptist,,,"['frebis,ronnie', 'melms,matt', 'atkinson,quinn', 'mancuso,logan', 'gagen,brennan']","['augustine,dylan', 'gray,ahnre', 'samuel,jamil', 'atkins,bret', 'mitchell,junior']",308
186,0908,East Tex. Baptist,Millsaps,0,68-78,"36,42","25,43",1-0,0-1,N/A,N/A,11/15/14,4:00 p.m.,N/A,"Marshall, TX (Ornelas Gym)",Win,2,False,347,False,05:07,,11,,23 ,"GOOD DUNK by SAMUEL,JAMIL(in the paint)",ETBU 11-23 (-12),,"GOOD DUNK by SAMUEL,JAMIL(in the paint)",1,dunk,good,east tex. baptist,,2,"['frebis,ronnie', 'melms,matt', 'atkinson,quinn', 'mancuso,logan', 'gagen,brennan']","['augustine,dylan', 'gray,ahnre', 'samuel,jamil', 'atkins,bret', 'mitchell,junior']",307
187,0908,East Tex. Baptist,Millsaps,0,68-78,"36,42","25,43",1-0,0-1,N/A,N/A,11/15/14,4:00 p.m.,N/A,"Marshall, TX (Ornelas Gym)",Win,2,False,347,False,05:01,TIMEOUT 30SEC by TEAM,11,,23 ,,,,TIMEOUT 30SEC by TEAM,1,timeout,,millsaps,,,"['frebis,ronnie', 'melms,matt', 'atkinson,quinn', 'mancuso,logan', 'gagen,brennan']","['augustine,dylan', 'gray,ahnre', 'samuel,jamil', 'atkins,bret', 'mitchell,junior']",301
188,0908,East Tex. Baptist,Millsaps,0,68-78,"36,42","25,43",1-0,0-1,N/A,N/A,11/15/14,4:00 p.m.,N/A,"Marshall, TX (Ornelas Gym)",Win,2,False,347,False,04:23,,11,,23 ,"FOUL  by ATKINS,BRET",,,"FOUL  by ATKINS,BRET",1,foul,,east tex. baptist,"atkins,bret",,"['frebis,ronnie', 'melms,matt', 'atkinson,quinn', 'mancuso,logan', 'gagen,brennan']","['augustine,dylan', 'gray,ahnre', 'samuel,jamil', 'atkins,bret', 'mitchell,junior']",263
189,0908,East Tex. Baptist,Millsaps,0,68-78,"36,42","25,43",1-0,0-1,N/A,N/A,11/15/14,4:00 p.m.,N/A,"Marshall, TX (Ornelas Gym)",Win,2,False,347,False,04:18,TIMEOUT media by TEAM,11,,23 ,,,,TIMEOUT media by TEAM,1,timeout,,millsaps,,,"['frebis,ronnie', 'melms,matt', 'atkinson,quinn', 'mancuso,logan', 'gagen,brennan']","['augustine,dylan', 'gray,ahnre', 'samuel,jamil', 'atkins,bret', 'mitchell,junior']",258
190,0908,East Tex. Baptist,Millsaps,0,68-78,"36,42","25,43",1-0,0-1,N/A,N/A,11/15/14,4:00 p.m.,N/A,"Marshall, TX (Ornelas Gym)",Win,2,False,347,False,04:18,"GOOD FT by DOUGLASS,PARKS",12,,23 ,,MILLSAPS 12-23 (-11),,"GOOD FT by DOUGLASS,PARKS",1,free throw,good,millsaps,"douglass,parks",1,"['frebis,ronnie', 'melms,matt', 'atkinson,quinn', 'mancuso,logan', 'gagen,brennan']","['augustine,dylan', 'gray,ahnre', 'samuel,jamil', 'atkins,bret', 'mitchell,junior']",258
191,0908,East Tex. Baptist,Millsaps,0,68-78,"36,42","25,43",1-0,0-1,N/A,N/A,11/15/14,4:00 p.m.,N/A,"Marshall, TX (Ornelas Gym)",Win,2,False,347,False,04:18,"GOOD FT by DOUGLASS,PARKS",13,,23 ,,MILLSAPS 13-23 (-10),,"GOOD FT by DOUGLASS,PARKS",1,free throw,good,millsaps,"douglass,parks",1,"['frebis,ronnie', 'melms,matt', 'atkinson,quinn', 'mancuso,logan', 'gagen,brennan']","['augustine,dylan', 'gray,ahnre', 'samuel,jamil', 'atkins,bret', 'mitchell,junior']",258
192,0908,East Tex. Baptist,Millsaps,0,68-78,"36,42","25,43",1-0,0-1,N/A,N/A,11/15/14,4:00 p.m.,N/A,"Marshall, TX (Ornelas Gym)",Win,2,False,347,False,04:18,"SUB IN by AUBERT,DUSTIN",13,,23 ,,,,"SUB IN by AUBERT,DUSTIN",1,subbing in,,millsaps,"aubert,dustin",,"['frebis,ronnie', 'melms,matt', 'atkinson,quinn', 'mancuso,logan', 'gagen,brennan', 'aubert,dustin']","['augustine,dylan', 'gray,ahnre', 'samuel,jamil', 'atkins,bret', 'mitchell,junior']",258
193,0908,East Tex. Baptist,Millsaps,0,68-78,"36,42","25,43",1-0,0-1,N/A,N/A,11/15/14,4:00 p.m.,N/A,"Marshall, TX (Ornelas Gym)",Win,2,False,347,False,04:18,"SUB OUT by MELMS,MATT",13,,23 ,,,,"SUB OUT by MELMS,MATT",1,subbing out,,millsaps,"melms,matt",,"['frebis,ronnie', 'atkinson,quinn', 'mancuso,logan', 'gagen,brennan', 'aubert,dustin']","['augustine,dylan', 'gray,ahnre', 'samuel,jamil', 'atkins,bret', 'mitchell,junior']",258
194,0908,East Tex. Baptist,Millsaps,0,68-78,"36,42","25,43",1-0,0-1,N/A,N/A,11/15/14,4:00 p.m.,N/A,"Marshall, TX (Ornelas Gym)",Win,2,False,347,False,04:16,"FOUL  by FREBIS,RONNIE",13,,23 ,,,,"FOUL  by FREBIS,RONNIE",1,foul,,millsaps,"frebis,ronnie",,"['frebis,ronnie', 'atkinson,quinn', 'mancuso,logan', 'gagen,brennan', 'aubert,dustin']","['augustine,dylan', 'gray,ahnre', 'samuel,jamil', 'atkins,bret', 'mitchell,junior']",256
195,0908,East Tex. Baptist,Millsaps,0,68-78,"36,42","25,43",1-0,0-1,N/A,N/A,11/15/14,4:00 p.m.,N/A,"Marshall, TX (Ornelas Gym)",Win,2,False,347,False,04:16,,13,,24 ,"GOOD FT by ATKINS,BRET",ETBU 13-24 (-11),,"GOOD FT by ATKINS,BRET",1,free throw,good,east tex. baptist,"atkins,bret",1,"['frebis,ronnie', 'atkinson,quinn', 'mancuso,logan', 'gagen,brennan', 'aubert,dustin']","['augustine,dylan', 'gray,ahnre', 'samuel,jamil', 'atkins,bret', 'mitchell,junior']",256
196,0908,East Tex. Baptist,Millsaps,0,68-78,"36,42","25,43",1-0,0-1,N/A,N/A,11/15/14,4:00 p.m.,N/A,"Marshall, TX (Ornelas Gym)",Win,2,False,347,False,04:16,,13,,25 ,"GOOD FT by ATKINS,BRET",ETBU 13-25 (-12),,"GOOD FT by ATKINS,BRET",1,free throw,good,east tex. baptist,"atkins,bret",1,"['frebis,ronnie', 'atkinson,quinn', 'mancuso,logan', 'gagen,brennan', 'aubert,dustin']","['augustine,dylan', 'gray,ahnre', 'samuel,jamil', 'atkins,bret', 'mitchell,junior']",256
197,0908,East Tex. Baptist,Millsaps,0,68-78,"36,42","25,43",1-0,0-1,N/A,N/A,11/15/14,4:00 p.m.,N/A,"Marshall, TX (Ornelas Gym)",Win,2,False,347,False,04:16,,13,,25 ,"SUB IN by DAY,TYLER",,,"SUB IN by DAY,TYLER",1,subbing in,,east tex. baptist,"day,tyler",,"['frebis,ronnie', 'atkinson,quinn', 'mancuso,logan', 'gagen,brennan', 'aubert,dustin']","['augustine,dylan', 'gray,ahnre', 'samuel,jamil', 'atkins,bret', 'mitchell,junior', 'day,tyler']",256
198,0908,East Tex. Baptist,Millsaps,0,68-78,"36,42","25,43",1-0,0-1,N/A,N/A,11/15/14,4:00 p.m.,N/A,"Marshall, TX (Ornelas Gym)",Win,2,False,347,False,04:16,,13,,25 ,"SUB OUT by AUGUSTINE,DYLAN",,,"SUB OUT by AUGUSTINE,DYLAN",1,subbing out,,east tex. baptist,"augustine,dylan",,"['frebis,ronnie', 'atkinson,quinn', 'mancuso,logan', 'gagen,brennan', 'aubert,dustin']","['gray,ahnre', 'samuel,jamil', 'atkins,bret', 'mitchell,junior', 'day,tyler']",256
199,0908,East Tex. Baptist,Millsaps,0,68-78,"36,42","25,43",1-0,0-1,N/A,N/A,11/15/14,4:00 p.m.,N/A,"Marshall, TX (Ornelas Gym)",Win,2,False,347,False,04:03,"TURNOVER  by GAGEN,BRENNAN",13,,25 ,,,,"TURNOVER  by GAGEN,BRENNAN",1,turnover,,millsaps,"gagen,brennan",,"['frebis,ronnie', 'atkinson,quinn', 'mancuso,logan', 'gagen,brennan', 'aubert,dustin']","['gray,ahnre', 'samuel,jamil', 'atkins,bret', 'mitchell,junior', 'day,tyler']",243
200,0908,East Tex. Baptist,Millsaps,0,68-78,"36,42","25,43",1-0,0-1,N/A,N/A,11/15/14,4:00 p.m.,N/A,"Marshall, TX (Ornelas Gym)",Win,2,False,347,False,04:00,,13,,27 ,"GOOD JUMPER by SAMUEL,JAMIL",ETBU 13-27 (-14),,"GOOD JUMPER by SAMUEL,JAMIL",1,jumper,good,east tex. baptist,"samuel,jamil",2,"['frebis,ronnie', 'atkinson,quinn', 'mancuso,logan', 'gagen,brennan', 'aubert,dustin']","['gray,ahnre', 'samuel,jamil', 'atkins,bret', 'mitchell,junior', 'day,tyler']",240
201,0908,East Tex. Baptist,Millsaps,0,68-78,"36,42","25,43",1-0,0-1,N/A,N/A,11/15/14,4:00 p.m.,N/A,"Marshall, TX (Ornelas Gym)",Win,2,False,347,False,--,,13,,27 ,"ASSIST  by ATKINS,BRET",,,"ASSIST  by ATKINS,BRET",1,assist,,east tex. baptist,"atkins,bret",,"['frebis,ronnie', 'atkinson,quinn', 'mancuso,logan', 'gagen,brennan', 'aubert,dustin']","['gray,ahnre', 'samuel,jamil', 'atkins,bret', 'mitchell,junior', 'day,tyler']",
202,0908,East Tex. Baptist,Millsaps,0,68-78,"36,42","25,43",1-0,0-1,N/A,N/A,11/15/14,4:00 p.m.,N/A,"Marshall, TX (Ornelas Gym)",Win,2,False,347,False,03:40,"GOOD LAYUP by GAGEN,BRENNAN(in the paint)",15,,27 ,,MILLSAPS 15-27 (-12),,"GOOD LAYUP by GAGEN,BRENNAN(in the paint)",1,layup,good,millsaps,"gagen,brennan",2,"['frebis,ronnie', 'atkinson,quinn', 'mancuso,logan', 'gagen,brennan', 'aubert,dustin']","['gray,ahnre', 'samuel,jamil', 'atkins,bret', 'mitchell,junior', 'day,tyler']",220
203,0908,East Tex. Baptist,Millsaps,0,68-78,"36,42","25,43",1-0,0-1,N/A,N/A,11/15/14,4:00 p.m.,N/A,"Marshall, TX (Ornelas Gym)",Win,2,False,347,False,--,"ASSIST  by FREBIS,RONNIE",15,,27 ,,,,"ASSIST  by FREBIS,RONNIE",1,assist,,millsaps,"frebis,ronnie",,"['frebis,ronnie', 'atkinson,quinn', 'mancuso,logan', 'gagen,brennan', 'aubert,dustin']","['gray,ahnre', 'samuel,jamil', 'atkins,bret', 'mitchell,junior', 'day,tyler']",
204,0908,East Tex. Baptist,Millsaps,0,68-78,"36,42","25,43",1-0,0-1,N/A,N/A,11/15/14,4:00 p.m.,N/A,"Marshall, TX (Ornelas Gym)",Win,2,False,347,False,03:28,,15,,27 ,"MISS 3PTR by ATKINS,BRET",,,"MISS 3PTR by ATKINS,BRET",1,three pointer,missed,east tex. baptist,"atkins,bret",,"['frebis,ronnie', 'atkinson,quinn', 'mancuso,logan', 'gagen,brennan', 'aubert,dustin']","['gray,ahnre', 'samuel,jamil', 'atkins,bret', 'mitchell,junior', 'day,tyler']",208
205,0908,East Tex. Baptist,Millsaps,0,68-78,"36,42","25,43",1-0,0-1,N/A,N/A,11/15/14,4:00 p.m.,N/A,"Marshall, TX (Ornelas Gym)",Win,2,False,347,False,--,"REBOUND DEF by MANCUSO,LOGAN",15,,27 ,,,,"REBOUND DEF by MANCUSO,LOGAN",1,defensive rebound,,millsaps,"mancuso,logan",,"['frebis,ronnie', 'atkinson,quinn', 'mancuso,logan', 'gagen,brennan', 'aubert,dustin']","['gray,ahnre', 'samuel,jamil', 'atkins,bret', 'mitchell,junior', 'day,tyler']",
206,0908,East Tex. Baptist,Millsaps,0,68-78,"36,42","25,43",1-0,0-1,N/A,N/A,11/15/14,4:00 p.m.,N/A,"Marshall, TX (Ornelas Gym)",Win,2,False,347,False,03:22,TIMEOUT 30SEC by TEAM,15,,27 ,,,,TIMEOUT 30SEC by TEAM,1,timeout,,millsaps,,,"['frebis,ronnie', 'atkinson,quinn', 'mancuso,logan', 'gagen,brennan', 'aubert,dustin']","['gray,ahnre', 'samuel,jamil', 'atkins,bret', 'mitchell,junior', 'day,tyler']",202
207,0908,East Tex. Baptist,Millsaps,0,68-78,"36,42","25,43",1-0,0-1,N/A,N/A,11/15/14,4:00 p.m.,N/A,"Marshall, TX (Ornelas Gym)",Win,2,False,347,False,03:11,"TURNOVER  by FREBIS,RONNIE",15,,27 ,,,,"TURNOVER  by FREBIS,RONNIE",1,turnover,,millsaps,"frebis,ronnie",,"['frebis,ronnie', 'atkinson,quinn', 'mancuso,logan', 'gagen,brennan', 'aubert,dustin']","['gray,ahnre', 'samuel,jamil', 'atkins,bret', 'mitchell,junior', 'day,tyler']",191
208,0908,East Tex. Baptist,Millsaps,0,68-78,"36,42","25,43",1-0,0-1,N/A,N/A,11/15/14,4:00 p.m.,N/A,"Marshall, TX (Ornelas Gym)",Win,2,False,347,False,03:10,,15,,27 ,"STEAL  by MITCHELL,JUNIOR",,,"STEAL  by MITCHELL,JUNIOR",1,steal,,east tex. baptist,,,"['frebis,ronnie', 'atkinson,quinn', 'mancuso,logan', 'gagen,brennan', 'aubert,dustin']","['gray,ahnre', 'samuel,jamil', 'atkins,bret', 'mitchell,junior', 'day,tyler']",190
209,0908,East Tex. Baptist,Millsaps,0,68-78,"36,42","25,43",1-0,0-1,N/A,N/A,11/15/14,4:00 p.m.,N/A,"Marshall, TX (Ornelas Gym)",Win,2,False,347,False,03:08,,15,,29 ,"GOOD LAYUP by MITCHELL,JUNIOR(in the paint)",ETBU 15-29 (-14),,"GOOD LAYUP by MITCHELL,JUNIOR(in the paint)",1,layup,good,east tex. baptist,"mitchell,junior",2,"['frebis,ronnie', 'atkinson,quinn', 'mancuso,logan', 'gagen,brennan', 'aubert,dustin']","['gray,ahnre', 'samuel,jamil', 'atkins,bret', 'mitchell,junior', 'day,tyler']",188
210,0908,East Tex. Baptist,Millsaps,0,68-78,"36,42","25,43",1-0,0-1,N/A,N/A,11/15/14,4:00 p.m.,N/A,"Marshall, TX (Ornelas Gym)",Win,2,False,347,False,03:03,"TURNOVER  by FREBIS,RONNIE",15,,29 ,,,,"TURNOVER  by FREBIS,RONNIE",1,turnover,,millsaps,"frebis,ronnie",,"['frebis,ronnie', 'atkinson,quinn', 'mancuso,logan', 'gagen,brennan', 'aubert,dustin']","['gray,ahnre', 'samuel,jamil', 'atkins,bret', 'mitchell,junior', 'day,tyler']",183
211,0908,East Tex. Baptist,Millsaps,0,68-78,"36,42","25,43",1-0,0-1,N/A,N/A,11/15/14,4:00 p.m.,N/A,"Marshall, TX (Ornelas Gym)",Win,2,False,347,False,02:48,,15,,29 ,"MISS 3PTR by DAY,TYLER",,,"MISS 3PTR by DAY,TYLER",1,three pointer,missed,east tex. baptist,"day,tyler",,"['frebis,ronnie', 'atkinson,quinn', 'mancuso,logan', 'gagen,brennan', 'aubert,dustin']","['gray,ahnre', 'samuel,jamil', 'atkins,bret', 'mitchell,junior', 'day,tyler']",168
212,0908,East Tex. Baptist,Millsaps,0,68-78,"36,42","25,43",1-0,0-1,N/A,N/A,11/15/14,4:00 p.m.,N/A,"Marshall, TX (Ornelas Gym)",Win,2,False,347,False,--,"REBOUND DEF by MCELVEEN,MAC",15,,29 ,,,,"REBOUND DEF by MCELVEEN,MAC",1,defensive rebound,,millsaps,"mcelveen,mac",,"['frebis,ronnie', 'atkinson,quinn', 'mancuso,logan', 'gagen,brennan', 'aubert,dustin']","['gray,ahnre', 'samuel,jamil', 'atkins,bret', 'mitchell,junior', 'day,tyler']",
213,0908,East Tex. Baptist,Millsaps,0,68-78,"36,42","25,43",1-0,0-1,N/A,N/A,11/15/14,4:00 p.m.,N/A,"Marshall, TX (Ornelas Gym)",Win,2,False,347,False,02:34,"GOOD 3PTR by GAGEN,BRENNAN",18,,29 ,,MILLSAPS 18-29 (-11),,"GOOD 3PTR by GAGEN,BRENNAN",1,three pointer,good,millsaps,"gagen,brennan",3,"['frebis,ronnie', 'atkinson,quinn', 'mancuso,logan', 'gagen,brennan', 'aubert,dustin']","['gray,ahnre', 'samuel,jamil', 'atkins,bret', 'mitchell,junior', 'day,tyler']",154
214,0908,East Tex. Baptist,Millsaps,0,68-78,"36,42","25,43",1-0,0-1,N/A,N/A,11/15/14,4:00 p.m.,N/A,"Marshall, TX (Ornelas Gym)",Win,2,False,347,False,--,"ASSIST  by AUBERT,DUSTIN",18,,29 ,,,,"ASSIST  by AUBERT,DUSTIN",1,assist,,millsaps,"aubert,dustin",,"['frebis,ronnie', 'atkinson,quinn', 'mancuso,logan', 'gagen,brennan', 'aubert,dustin']","['gray,ahnre', 'samuel,jamil', 'atkins,bret', 'mitchell,junior', 'day,tyler']",
215,0908,East Tex. Baptist,Millsaps,0,68-78,"36,42","25,43",1-0,0-1,N/A,N/A,11/15/14,4:00 p.m.,N/A,"Marshall, TX (Ornelas Gym)",Win,2,False,347,False,02:22,,18,,32 ,"GOOD 3PTR by MITCHELL,JUNIOR",ETBU 18-32 (-14),,"GOOD 3PTR by MITCHELL,JUNIOR",1,three pointer,good,east tex. baptist,"mitchell,junior",3,"['frebis,ronnie', 'atkinson,quinn', 'mancuso,logan', 'gagen,brennan', 'aubert,dustin']","['gray,ahnre', 'samuel,jamil', 'atkins,bret', 'mitchell,junior', 'day,tyler']",142
216,0908,East Tex. Baptist,Millsaps,0,68-78,"36,42","25,43",1-0,0-1,N/A,N/A,11/15/14,4:00 p.m.,N/A,"Marshall, TX (Ornelas Gym)",Win,2,False,347,False,01:55,"GOOD 3PTR by MCELVEEN,MAC",21,,32 ,,MILLSAPS 21-32 (-11),,"GOOD 3PTR by MCELVEEN,MAC",1,three pointer,good,millsaps,"mcelveen,mac",3,"['frebis,ronnie', 'atkinson,quinn', 'mancuso,logan', 'gagen,brennan', 'aubert,dustin']","['gray,ahnre', 'samuel,jamil', 'atkins,bret', 'mitchell,junior', 'day,tyler']",115
217,0908,East Tex. Baptist,Millsaps,0,68-78,"36,42","25,43",1-0,0-1,N/A,N/A,11/15/14,4:00 p.m.,N/A,"Marshall, TX (Ornelas Gym)",Win,2,False,347,False,--,"ASSIST  by AUBERT,DUSTIN",21,,32 ,,,,"ASSIST  by AUBERT,DUSTIN",1,assist,,millsaps,"aubert,dustin",,"['frebis,ronnie', 'atkinson,quinn', 'mancuso,logan', 'gagen,brennan', 'aubert,dustin']","['gray,ahnre', 'samuel,jamil', 'atkins,bret', 'mitchell,junior', 'day,tyler']",
218,0908,East Tex. Baptist,Millsaps,0,68-78,"36,42","25,43",1-0,0-1,N/A,N/A,11/15/14,4:00 p.m.,N/A,"Marshall, TX (Ornelas Gym)",Win,2,False,347,False,01:40,"FOUL  by GAGEN,BRENNAN",21,,32 ,,,,"FOUL  by GAGEN,BRENNAN",1,foul,,millsaps,"gagen,brennan",,"['frebis,ronnie', 'atkinson,quinn', 'mancuso,logan', 'gagen,brennan', 'aubert,dustin']","['gray,ahnre', 'samuel,jamil', 'atkins,bret', 'mitchell,junior', 'day,tyler']",100
219,0908,East Tex. Baptist,Millsaps,0,68-78,"36,42","25,43",1-0,0-1,N/A,N/A,11/15/14,4:00 p.m.,N/A,"Marshall, TX (Ornelas Gym)",Win,2,False,347,False,01:40,,21,,33 ,"GOOD FT by GRAY,AHNRE",ETBU 21-33 (-12),,"GOOD FT by GRAY,AHNRE",1,free throw,good,east tex. baptist,"gray,ahnre",1,"['frebis,ronnie', 'atkinson,quinn', 'mancuso,logan', 'gagen,brennan', 'aubert,dustin']","['gray,ahnre', 'samuel,jamil', 'atkins,bret', 'mitchell,junior', 'day,tyler']",100
220,0908,East Tex. Baptist,Millsaps,0,68-78,"36,42","25,43",1-0,0-1,N/A,N/A,11/15/14,4:00 p.m.,N/A,"Marshall, TX (Ornelas Gym)",Win,2,False,347,False,01:40,,21,,34 ,"GOOD FT by GRAY,AHNRE",ETBU 21-34 (-13),,"GOOD FT by GRAY,AHNRE",1,free throw,good,east tex. baptist,"gray,ahnre",1,"['frebis,ronnie', 'atkinson,quinn', 'mancuso,logan', 'gagen,brennan', 'aubert,dustin']","['gray,ahnre', 'samuel,jamil', 'atkins,bret', 'mitchell,junior', 'day,tyler']",100
221,0908,East Tex. Baptist,Millsaps,0,68-78,"36,42","25,43",1-0,0-1,N/A,N/A,11/15/14,4:00 p.m.,N/A,"Marshall, TX (Ornelas Gym)",Win,2,False,347,False,01:40,"SUB IN by MCSWAIN,JOSH",21,,34 ,,,,"SUB IN by MCSWAIN,JOSH",1,subbing in,,millsaps,"mcswain,josh",,"['frebis,ronnie', 'atkinson,quinn', 'mancuso,logan', 'gagen,brennan', 'aubert,dustin', 'mcswain,josh']","['gray,ahnre', 'samuel,jamil', 'atkins,bret', 'mitchell,junior', 'day,tyler']",100
222,0908,East Tex. Baptist,Millsaps,0,68-78,"36,42","25,43",1-0,0-1,N/A,N/A,11/15/14,4:00 p.m.,N/A,"Marshall, TX (Ornelas Gym)",Win,2,False,347,False,01:40,"SUB IN by PRATER,DALLAS",21,,34 ,,,,"SUB IN by PRATER,DALLAS",1,subbing in,,millsaps,"prater,dallas",,"['frebis,ronnie', 'atkinson,quinn', 'mancuso,logan', 'gagen,brennan', 'aubert,dustin', 'mcswain,josh', 'prater,dallas']","['gray,ahnre', 'samuel,jamil', 'atkins,bret', 'mitchell,junior', 'day,tyler']",100
223,0908,East Tex. Baptist,Millsaps,0,68-78,"36,42","25,43",1-0,0-1,N/A,N/A,11/15/14,4:00 p.m.,N/A,"Marshall, TX (Ornelas Gym)",Win,2,False,347,False,01:40,"SUB IN by GERCHOW,ALEX",21,,34 ,,,,"SUB IN by GERCHOW,ALEX",1,subbing in,,millsaps,"gerchow,alex",,"['frebis,ronnie', 'atkinson,quinn', 'mancuso,logan', 'gagen,brennan', 'aubert,dustin', 'mcswain,josh', 'prater,dallas', 'gerchow,alex']","['gray,ahnre', 'samuel,jamil', 'atkins,bret', 'mitchell,junior', 'day,tyler']",100
224,0908,East Tex. Baptist,Millsaps,0,68-78,"36,42","25,43",1-0,0-1,N/A,N/A,11/15/14,4:00 p.m.,N/A,"Marshall, TX (Ornelas Gym)",Win,2,False,347,False,01:40,"SUB IN by DETILLIEU,RYAN",21,,34 ,,,,"SUB IN by DETILLIEU,RYAN",1,subbing in,,millsaps,"detillieu,ryan",,"['frebis,ronnie', 'atkinson,quinn', 'mancuso,logan', 'gagen,brennan', 'aubert,dustin', 'mcswain,josh', 'prater,dallas', 'gerchow,alex', 'detillieu,ryan']","['gray,ahnre', 'samuel,jamil', 'atkins,bret', 'mitchell,junior', 'day,tyler']",100
225,0908,East Tex. Baptist,Millsaps,0,68-78,"36,42","25,43",1-0,0-1,N/A,N/A,11/15/14,4:00 p.m.,N/A,"Marshall, TX (Ornelas Gym)",Win,2,False,347,False,01:40,"SUB IN by ROBERTSON,MARC",21,,34 ,,,,"SUB IN by ROBERTSON,MARC",1,subbing in,,millsaps,"robertson,marc",,"['frebis,ronnie', 'atkinson,quinn', 'mancuso,logan', 'gagen,brennan', 'aubert,dustin', 'mcswain,josh', 'prater,dallas', 'gerchow,alex', 'detillieu,ryan', 'robertson,marc']","['gray,ahnre', 'samuel,jamil', 'atkins,bret', 'mitchell,junior', 'day,tyler']",100
226,0908,East Tex. Baptist,Millsaps,0,68-78,"36,42","25,43",1-0,0-1,N/A,N/A,11/15/14,4:00 p.m.,N/A,"Marshall, TX (Ornelas Gym)",Win,2,False,347,False,01:40,"SUB OUT by ATKINSON,QUINN",21,,34 ,,,,"SUB OUT by ATKINSON,QUINN",1,subbing out,,millsaps,"atkinson,quinn",,"['frebis,ronnie', 'mancuso,logan', 'gagen,brennan', 'aubert,dustin', 'mcswain,josh', 'prater,dallas', 'gerchow,alex', 'detillieu,ryan', 'robertson,marc']","['gray,ahnre', 'samuel,jamil', 'atkins,bret', 'mitchell,junior', 'day,tyler']",100
227,0908,East Tex. Baptist,Millsaps,0,68-78,"36,42","25,43",1-0,0-1,N/A,N/A,11/15/14,4:00 p.m.,N/A,"Marshall, TX (Ornelas Gym)",Win,2,False,347,False,01:40,"SUB OUT by MANCUSO,LOGAN",21,,34 ,,,,"SUB OUT by MANCUSO,LOGAN",1,subbing out,,millsaps,"mancuso,logan",,"['frebis,ronnie', 'gagen,brennan', 'aubert,dustin', 'mcswain,josh', 'prater,dallas', 'gerchow,alex', 'detillieu,ryan', 'robertson,marc']","['gray,ahnre', 'samuel,jamil', 'atkins,bret', 'mitchell,junior', 'day,tyler']",100
228,0908,East Tex. Baptist,Millsaps,0,68-78,"36,42","25,43",1-0,0-1,N/A,N/A,11/15/14,4:00 p.m.,N/A,"Marshall, TX (Ornelas Gym)",Win,2,False,347,False,01:40,"SUB OUT by AUBERT,DUSTIN",21,,34 ,,,,"SUB OUT by AUBERT,DUSTIN",1,subbing out,,millsaps,"aubert,dustin",,"['frebis,ronnie', 'gagen,brennan', 'mcswain,josh', 'prater,dallas', 'gerchow,alex', 'detillieu,ryan', 'robertson,marc']","['gray,ahnre', 'samuel,jamil', 'atkins,bret', 'mitchell,junior', 'day,tyler']",100
229,0908,East Tex. Baptist,Millsaps,0,68-78,"36,42","25,43",1-0,0-1,N/A,N/A,11/15/14,4:00 p.m.,N/A,"Marshall, TX (Ornelas Gym)",Win,2,False,347,False,01:40,"SUB OUT by FREBIS,RONNIE",21,,34 ,,,,"SUB OUT by FREBIS,RONNIE",1,subbing out,,millsaps,"frebis,ronnie",,"['gagen,brennan', 'mcswain,josh', 'prater,dallas', 'gerchow,alex', 'detillieu,ryan', 'robertson,marc']","['gray,ahnre', 'samuel,jamil', 'atkins,bret', 'mitchell,junior', 'day,tyler']",100
230,0908,East Tex. Baptist,Millsaps,0,68-78,"36,42","25,43",1-0,0-1,N/A,N/A,11/15/14,4:00 p.m.,N/A,"Marshall, TX (Ornelas Gym)",Win,2,False,347,False,01:40,"SUB OUT by GAGEN,BRENNAN",21,,34 ,,,,"SUB OUT by GAGEN,BRENNAN",1,subbing out,,millsaps,"gagen,brennan",,"['mcswain,josh', 'prater,dallas', 'gerchow,alex', 'detillieu,ryan', 'robertson,marc']","['gray,ahnre', 'samuel,jamil', 'atkins,bret', 'mitchell,junior', 'day,tyler']",100
231,0908,East Tex. Baptist,Millsaps,0,68-78,"36,42","25,43",1-0,0-1,N/A,N/A,11/15/14,4:00 p.m.,N/A,"Marshall, TX (Ornelas Gym)",Win,2,False,347,False,01:40,,21,,34 ,"SUB IN by FELICIA,JUSTIN",,,"SUB IN by FELICIA,JUSTIN",1,subbing in,,east tex. baptist,"felicia,justin",,"['mcswain,josh', 'prater,dallas', 'gerchow,alex', 'detillieu,ryan', 'robertson,marc']","['gray,ahnre', 'samuel,jamil', 'atkins,bret', 'mitchell,junior', 'day,tyler', 'felicia,justin']",100
232,0908,East Tex. Baptist,Millsaps,0,68-78,"36,42","25,43",1-0,0-1,N/A,N/A,11/15/14,4:00 p.m.,N/A,"Marshall, TX (Ornelas Gym)",Win,2,False,347,False,01:40,,21,,34 ,"SUB IN by AUGUSTINE,DYLAN",,,"SUB IN by AUGUSTINE,DYLAN",1,subbing in,,east tex. baptist,"augustine,dylan",,"['mcswain,josh', 'prater,dallas', 'gerchow,alex', 'detillieu,ryan', 'robertson,marc']","['gray,ahnre', 'samuel,jamil', 'atkins,bret', 'mitchell,junior', 'day,tyler', 'felicia,justin', 'augustine,dylan']",100
233,0908,East Tex. Baptist,Millsaps,0,68-78,"36,42","25,43",1-0,0-1,N/A,N/A,11/15/14,4:00 p.m.,N/A,"Marshall, TX (Ornelas Gym)",Win,2,False,347,False,01:40,,21,,34 ,"SUB IN by MCCLAHAN,KERRY",,,"SUB IN by MCCLAHAN,KERRY",1,subbing in,,east tex. baptist,"mcclahan,kerry",,"['mcswain,josh', 'prater,dallas', 'gerchow,alex', 'detillieu,ryan', 'robertson,marc']","['gray,ahnre', 'samuel,jamil', 'atkins,bret', 'mitchell,junior', 'day,tyler', 'felicia,justin', 'augustine,dylan', 'mcclahan,kerry']",100
234,0908,East Tex. Baptist,Millsaps,0,68-78,"36,42","25,43",1-0,0-1,N/A,N/A,11/15/14,4:00 p.m.,N/A,"Marshall, TX (Ornelas Gym)",Win,2,False,347,False,01:40,,21,,34 ,"SUB IN by DAVIS,ANTHONY",,,"SUB IN by DAVIS,ANTHONY",1,subbing in,,east tex. baptist,"davis,anthony",,"['mcswain,josh', 'prater,dallas', 'gerchow,alex', 'detillieu,ryan', 'robertson,marc']","['gray,ahnre', 'samuel,jamil', 'atkins,bret', 'mitchell,junior', 'day,tyler', 'felicia,justin', 'augustine,dylan', 'mcclahan,kerry', 'davis,anthony']",100
235,0908,East Tex. Baptist,Millsaps,0,68-78,"36,42","25,43",1-0,0-1,N/A,N/A,11/15/14,4:00 p.m.,N/A,"Marshall, TX (Ornelas Gym)",Win,2,False,347,False,01:40,,21,,34 ,"SUB OUT by ATKINS,BRET",,,"SUB OUT by ATKINS,BRET",1,subbing out,,east tex. baptist,"atkins,bret",,"['mcswain,josh', 'prater,dallas', 'gerchow,alex', 'detillieu,ryan', 'robertson,marc']","['gray,ahnre', 'samuel,jamil', 'mitchell,junior', 'day,tyler', 'felicia,justin', 'augustine,dylan', 'mcclahan,kerry', 'davis,anthony']",100
236,0908,East Tex. Baptist,Millsaps,0,68-78,"36,42","25,43",1-0,0-1,N/A,N/A,11/15/14,4:00 p.m.,N/A,"Marshall, TX (Ornelas Gym)",Win,2,False,347,False,01:40,,21,,34 ,"SUB OUT by MITCHELL,JUNIOR",,,"SUB OUT by MITCHELL,JUNIOR",1,subbing out,,east tex. baptist,"mitchell,junior",,"['mcswain,josh', 'prater,dallas', 'gerchow,alex', 'detillieu,ryan', 'robertson,marc']","['gray,ahnre', 'samuel,jamil', 'day,tyler', 'felicia,justin', 'augustine,dylan', 'mcclahan,kerry', 'davis,anthony']",100
237,0908,East Tex. Baptist,Millsaps,0,68-78,"36,42","25,43",1-0,0-1,N/A,N/A,11/15/14,4:00 p.m.,N/A,"Marshall, TX (Ornelas Gym)",Win,2,False,347,False,01:40,,21,,34 ,"SUB OUT by DAY,TYLER",,,"SUB OUT by DAY,TYLER",1,subbing out,,east tex. baptist,"day,tyler",,"['mcswain,josh', 'prater,dallas', 'gerchow,alex', 'detillieu,ryan', 'robertson,marc']","['gray,ahnre', 'samuel,jamil', 'felicia,justin', 'augustine,dylan', 'mcclahan,kerry', 'davis,anthony']",100
238,0908,East Tex. Baptist,Millsaps,0,68-78,"36,42","25,43",1-0,0-1,N/A,N/A,11/15/14,4:00 p.m.,N/A,"Marshall, TX (Ornelas Gym)",Win,2,False,347,False,01:40,,21,,34 ,"SUB OUT by SAMUEL,JAMIL",,,"SUB OUT by SAMUEL,JAMIL",1,subbing out,,east tex. baptist,"samuel,jamil",,"['mcswain,josh', 'prater,dallas', 'gerchow,alex', 'detillieu,ryan', 'robertson,marc']","['gray,ahnre', 'felicia,justin', 'augustine,dylan', 'mcclahan,kerry', 'davis,anthony']",100
239,0908,East Tex. Baptist,Millsaps,0,68-78,"36,42","25,43",1-0,0-1,N/A,N/A,11/15/14,4:00 p.m.,N/A,"Marshall, TX (Ornelas Gym)",Win,2,False,347,False,01:32,,21,,34 ,"FOUL  by DAVIS,ANTHONY",,,"FOUL  by DAVIS,ANTHONY",1,foul,,east tex. baptist,"davis,anthony",,"['mcswain,josh', 'prater,dallas', 'gerchow,alex', 'detillieu,ryan', 'robertson,marc']","['gray,ahnre', 'felicia,justin', 'augustine,dylan', 'mcclahan,kerry', 'davis,anthony']",92
240,0908,East Tex. Baptist,Millsaps,0,68-78,"36,42","25,43",1-0,0-1,N/A,N/A,11/15/14,4:00 p.m.,N/A,"Marshall, TX (Ornelas Gym)",Win,2,False,347,False,01:30,"GOOD FT by DETILLIEU,RYAN",22,,34 ,,MILLSAPS 22-34 (-12),,"GOOD FT by DETILLIEU,RYAN",1,free throw,good,millsaps,"detillieu,ryan",1,"['mcswain,josh', 'prater,dallas', 'gerchow,alex', 'detillieu,ryan', 'robertson,marc']","['gray,ahnre', 'felicia,justin', 'augustine,dylan', 'mcclahan,kerry', 'davis,anthony']",90
241,0908,East Tex. Baptist,Millsaps,0,68-78,"36,42","25,43",1-0,0-1,N/A,N/A,11/15/14,4:00 p.m.,N/A,"Marshall, TX (Ornelas Gym)",Win,2,False,347,False,01:22,"FOUL  by MCSWAIN,JOSH",22,,34 ,,,,"FOUL  by MCSWAIN,JOSH",1,foul,,millsaps,"mcswain,josh",,"['mcswain,josh', 'prater,dallas', 'gerchow,alex', 'detillieu,ryan', 'robertson,marc']","['gray,ahnre', 'felicia,justin', 'augustine,dylan', 'mcclahan,kerry', 'davis,anthony']",82
242,0908,East Tex. Baptist,Millsaps,0,68-78,"36,42","25,43",1-0,0-1,N/A,N/A,11/15/14,4:00 p.m.,N/A,"Marshall, TX (Ornelas Gym)",Win,2,False,347,False,01:22,,22,,35 ,"GOOD FT by AUGUSTINE,DYLAN",ETBU 22-35 (-13),,"GOOD FT by AUGUSTINE,DYLAN",1,free throw,good,east tex. baptist,"augustine,dylan",1,"['mcswain,josh', 'prater,dallas', 'gerchow,alex', 'detillieu,ryan', 'robertson,marc']","['gray,ahnre', 'felicia,justin', 'augustine,dylan', 'mcclahan,kerry', 'davis,anthony']",82
243,0908,East Tex. Baptist,Millsaps,0,68-78,"36,42","25,43",1-0,0-1,N/A,N/A,11/15/14,4:00 p.m.,N/A,"Marshall, TX (Ornelas Gym)",Win,2,False,347,False,01:22,,22,,35 ,"STEAL  by AUGUSTINE,DYLAN",,,"STEAL  by AUGUSTINE,DYLAN",1,steal,,east tex. baptist,,,"['mcswain,josh', 'prater,dallas', 'gerchow,alex', 'detillieu,ryan', 'robertson,marc']","['gray,ahnre', 'felicia,justin', 'augustine,dylan', 'mcclahan,kerry', 'davis,anthony']",82
244,0908,East Tex. Baptist,Millsaps,0,68-78,"36,42","25,43",1-0,0-1,N/A,N/A,11/15/14,4:00 p.m.,N/A,"Marshall, TX (Ornelas Gym)",Win,2,False,347,False,01:09,,22,,36 ,"GOOD FT by AUGUSTINE,DYLAN",ETBU 22-36 (-14),,"GOOD FT by AUGUSTINE,DYLAN",1,free throw,good,east tex. baptist,"augustine,dylan",1,"['mcswain,josh', 'prater,dallas', 'gerchow,alex', 'detillieu,ryan', 'robertson,marc']","['gray,ahnre', 'felicia,justin', 'augustine,dylan', 'mcclahan,kerry', 'davis,anthony']",69
245,0908,East Tex. Baptist,Millsaps,0,68-78,"36,42","25,43",1-0,0-1,N/A,N/A,11/15/14,4:00 p.m.,N/A,"Marshall, TX (Ornelas Gym)",Win,2,False,347,False,01:07,"GOOD JUMPER by GERCHOW,ALEX",24,,36 ,,MILLSAPS 24-36 (-12),,"GOOD JUMPER by GERCHOW,ALEX",1,jumper,good,millsaps,"gerchow,alex",2,"['mcswain,josh', 'prater,dallas', 'gerchow,alex', 'detillieu,ryan', 'robertson,marc']","['gray,ahnre', 'felicia,justin', 'augustine,dylan', 'mcclahan,kerry', 'davis,anthony']",67
246,0908,East Tex. Baptist,Millsaps,0,68-78,"36,42","25,43",1-0,0-1,N/A,N/A,11/15/14,4:00 p.m.,N/A,"Marshall, TX (Ornelas Gym)",Win,2,False,347,False,00:42,"MISS JUMPER by MCSWAIN,JOSH",24,,36 ,,,,"MISS JUMPER by MCSWAIN,JOSH",1,jumper,missed,millsaps,"mcswain,josh",,"['mcswain,josh', 'prater,dallas', 'gerchow,alex', 'detillieu,ryan', 'robertson,marc']","['gray,ahnre', 'felicia,justin', 'augustine,dylan', 'mcclahan,kerry', 'davis,anthony']",42
247,0908,East Tex. Baptist,Millsaps,0,68-78,"36,42","25,43",1-0,0-1,N/A,N/A,11/15/14,4:00 p.m.,N/A,"Marshall, TX (Ornelas Gym)",Win,2,False,347,False,--,,24,,36 ,"REBOUND DEF by DAVIS,ANTHONY",,,"REBOUND DEF by DAVIS,ANTHONY",1,defensive rebound,,east tex. baptist,"davis,anthony",,"['mcswain,josh', 'prater,dallas', 'gerchow,alex', 'detillieu,ryan', 'robertson,marc']","['gray,ahnre', 'felicia,justin', 'augustine,dylan', 'mcclahan,kerry', 'davis,anthony']",
248,0908,East Tex. Baptist,Millsaps,0,68-78,"36,42","25,43",1-0,0-1,N/A,N/A,11/15/14,4:00 p.m.,N/A,"Marshall, TX (Ornelas Gym)",Win,2,False,347,False,00:38,,24,,36 ,"MISS FT by THOMPSON,ERBY",,,"MISS FT by THOMPSON,ERBY",1,free throw,missed,east tex. baptist,"thompson,erby",,"['mcswain,josh', 'prater,dallas', 'gerchow,alex', 'detillieu,ryan', 'robertson,marc']","['gray,ahnre', 'felicia,justin', 'augustine,dylan', 'mcclahan,kerry', 'davis,anthony']",38
249,0908,East Tex. Baptist,Millsaps,0,68-78,"36,42","25,43",1-0,0-1,N/A,N/A,11/15/14,4:00 p.m.,N/A,"Marshall, TX (Ornelas Gym)",Win,2,False,347,False,--,"REBOUND DEF by MCSWAIN,JOSH",24,,36 ,,,,"REBOUND DEF by MCSWAIN,JOSH",1,defensive rebound,,millsaps,"mcswain,josh",,"['mcswain,josh', 'prater,dallas', 'gerchow,alex', 'detillieu,ryan', 'robertson,marc']","['gray,ahnre', 'felicia,justin', 'augustine,dylan', 'mcclahan,kerry', 'davis,anthony']",
250,0908,East Tex. Baptist,Millsaps,0,68-78,"36,42","25,43",1-0,0-1,N/A,N/A,11/15/14,4:00 p.m.,N/A,"Marshall, TX (Ornelas Gym)",Win,2,False,347,False,00:33,"FOUL  by GERCHOW,ALEX",24,,36 ,,,,"FOUL  by GERCHOW,ALEX",1,foul,,millsaps,"gerchow,alex",,"['mcswain,josh', 'prater,dallas', 'gerchow,alex', 'detillieu,ryan', 'robertson,marc']","['gray,ahnre', 'felicia,justin', 'augustine,dylan', 'mcclahan,kerry', 'davis,anthony']",33
251,0908,East Tex. Baptist,Millsaps,0,68-78,"36,42","25,43",1-0,0-1,N/A,N/A,11/15/14,4:00 p.m.,N/A,"Marshall, TX (Ornelas Gym)",Win,2,False,347,False,00:18,,24,,36 ,"FOUL  by THOMPSON,ERBY",,,"FOUL  by THOMPSON,ERBY",1,foul,,east tex. baptist,"thompson,erby",,"['mcswain,josh', 'prater,dallas', 'gerchow,alex', 'detillieu,ryan', 'robertson,marc']","['gray,ahnre', 'felicia,justin', 'augustine,dylan', 'mcclahan,kerry', 'davis,anthony']",18
252,0908,East Tex. Baptist,Millsaps,0,68-78,"36,42","25,43",1-0,0-1,N/A,N/A,11/15/14,4:00 p.m.,N/A,"Marshall, TX (Ornelas Gym)",Win,2,False,347,False,00:18,"MISS FT by PRATER,DALLAS",24,,36 ,,,,"MISS FT by PRATER,DALLAS",1,free throw,missed,millsaps,"prater,dallas",,"['mcswain,josh', 'prater,dallas', 'gerchow,alex', 'detillieu,ryan', 'robertson,marc']","['gray,ahnre', 'felicia,justin', 'augustine,dylan', 'mcclahan,kerry', 'davis,anthony']",18
253,0908,East Tex. Baptist,Millsaps,0,68-78,"36,42","25,43",1-0,0-1,N/A,N/A,11/15/14,4:00 p.m.,N/A,"Marshall, TX (Ornelas Gym)",Win,2,False,347,False,--,REBOUND DEADB by TEAM,24,,36 ,,,,REBOUND DEADB by TEAM,1,deadball rebound,,millsaps,,,"['mcswain,josh', 'prater,dallas', 'gerchow,alex', 'detillieu,ryan', 'robertson,marc']","['gray,ahnre', 'felicia,justin', 'augustine,dylan', 'mcclahan,kerry', 'davis,anthony']",
254,0908,East Tex. Baptist,Millsaps,0,68-78,"36,42","25,43",1-0,0-1,N/A,N/A,11/15/14,4:00 p.m.,N/A,"Marshall, TX (Ornelas Gym)",Win,2,False,347,False,00:18,"GOOD FT by PRATER,DALLAS",25,,36 ,,MILLSAPS 25-36 (-11),,"GOOD FT by PRATER,DALLAS",1,free throw,good,millsaps,"prater,dallas",1,"['mcswain,josh', 'prater,dallas', 'gerchow,alex', 'detillieu,ryan', 'robertson,marc']","['gray,ahnre', 'felicia,justin', 'augustine,dylan', 'mcclahan,kerry', 'davis,anthony']",18
255,0908,East Tex. Baptist,Millsaps,0,68-78,"36,42","25,43",1-0,0-1,N/A,N/A,11/15/14,4:00 p.m.,N/A,"Marshall, TX (Ornelas Gym)",Win,2,False,347,False,00:08,,25,,36 ,"MISS 3PTR by AUGUSTINE,DYLAN",,,"MISS 3PTR by AUGUSTINE,DYLAN",1,three pointer,missed,east tex. baptist,"augustine,dylan",,"['mcswain,josh', 'prater,dallas', 'gerchow,alex', 'detillieu,ryan', 'robertson,marc']","['gray,ahnre', 'felicia,justin', 'augustine,dylan', 'mcclahan,kerry', 'davis,anthony']",8
256,0908,East Tex. Baptist,Millsaps,0,68-78,"36,42","25,43",1-0,0-1,N/A,N/A,11/15/14,4:00 p.m.,N/A,"Marshall, TX (Ornelas Gym)",Win,2,False,347,False,--,"REBOUND DEF by MCSWAIN,JOSH",25,,36 ,,,,"REBOUND DEF by MCSWAIN,JOSH",1,defensive rebound,,millsaps,"mcswain,josh",,"['mcswain,josh', 'prater,dallas', 'gerchow,alex', 'detillieu,ryan', 'robertson,marc']","['gray,ahnre', 'felicia,justin', 'augustine,dylan', 'mcclahan,kerry', 'davis,anthony']",
257,0908,East Tex. Baptist,Millsaps,0,68-78,"36,42","25,43",1-0,0-1,N/A,N/A,11/15/14,4:00 p.m.,N/A,"Marshall, TX (Ornelas Gym)",Win,2,False,347,False,19:41,,25,,38 ,"GOOD JUMPER by SAMUEL,JAMIL",ETBU 25-38 (-13),,"GOOD JUMPER by SAMUEL,JAMIL",2,jumper,good,east tex. baptist,"samuel,jamil",2,"['mcswain,josh', 'prater,dallas', 'gerchow,alex', 'detillieu,ryan', 'robertson,marc']","['gray,ahnre', 'felicia,justin', 'augustine,dylan', 'mcclahan,kerry', 'davis,anthony']",1181
258,0908,East Tex. Baptist,Millsaps,0,68-78,"36,42","25,43",1-0,0-1,N/A,N/A,11/15/14,4:00 p.m.,N/A,"Marshall, TX (Ornelas Gym)",Win,2,False,347,False,--,,25,,38 ,"ASSIST  by FELICIA,JUSTIN",,,"ASSIST  by FELICIA,JUSTIN",2,assist,,east tex. baptist,"felicia,justin",,"['mcswain,josh', 'prater,dallas', 'gerchow,alex', 'detillieu,ryan', 'robertson,marc']","['gray,ahnre', 'felicia,justin', 'augustine,dylan', 'mcclahan,kerry', 'davis,anthony']",
259,0908,East Tex. Baptist,Millsaps,0,68-78,"36,42","25,43",1-0,0-1,N/A,N/A,11/15/14,4:00 p.m.,N/A,"Marshall, TX (Ornelas Gym)",Win,2,False,347,False,19:11,,25,,38 ,"FOUL  by FELICIA,JUSTIN",,,"FOUL  by FELICIA,JUSTIN",2,foul,,east tex. baptist,"felicia,justin",,"['mcswain,josh', 'prater,dallas', 'gerchow,alex', 'detillieu,ryan', 'robertson,marc']","['gray,ahnre', 'felicia,justin', 'augustine,dylan', 'mcclahan,kerry', 'davis,anthony']",1151
260,0908,East Tex. Baptist,Millsaps,0,68-78,"36,42","25,43",1-0,0-1,N/A,N/A,11/15/14,4:00 p.m.,N/A,"Marshall, TX (Ornelas Gym)",Win,2,False,347,False,19:11,"GOOD FT by GERCHOW,ALEX",26,,38 ,,MILLSAPS 26-38 (-12),,"GOOD FT by GERCHOW,ALEX",2,free throw,good,millsaps,"gerchow,alex",1,"['mcswain,josh', 'prater,dallas', 'gerchow,alex', 'detillieu,ryan', 'robertson,marc']","['gray,ahnre', 'felicia,justin', 'augustine,dylan', 'mcclahan,kerry', 'davis,anthony']",1151
261,0908,East Tex. Baptist,Millsaps,0,68-78,"36,42","25,43",1-0,0-1,N/A,N/A,11/15/14,4:00 p.m.,N/A,"Marshall, TX (Ornelas Gym)",Win,2,False,347,False,19:11,"GOOD FT by GERCHOW,ALEX",27,,38 ,,MILLSAPS 27-38 (-11),,"GOOD FT by GERCHOW,ALEX",2,free throw,good,millsaps,"gerchow,alex",1,"['mcswain,josh', 'prater,dallas', 'gerchow,alex', 'detillieu,ryan', 'robertson,marc']","['gray,ahnre', 'felicia,justin', 'augustine,dylan', 'mcclahan,kerry', 'davis,anthony']",1151
262,0908,East Tex. Baptist,Millsaps,0,68-78,"36,42","25,43",1-0,0-1,N/A,N/A,11/15/14,4:00 p.m.,N/A,"Marshall, TX (Ornelas Gym)",Win,2,False,347,False,19:05,,27,,38 ,"MISS 3PTR by FELICIA,JUSTIN",,,"MISS 3PTR by FELICIA,JUSTIN",2,three pointer,missed,east tex. baptist,"felicia,justin",,"['mcswain,josh', 'prater,dallas', 'gerchow,alex', 'detillieu,ryan', 'robertson,marc']","['gray,ahnre', 'felicia,justin', 'augustine,dylan', 'mcclahan,kerry', 'davis,anthony']",1145
263,0908,East Tex. Baptist,Millsaps,0,68-78,"36,42","25,43",1-0,0-1,N/A,N/A,11/15/14,4:00 p.m.,N/A,"Marshall, TX (Ornelas Gym)",Win,2,False,347,False,--,,27,,38 ,"REBOUND OFF by SAMUEL,JAMIL",,,"REBOUND OFF by SAMUEL,JAMIL",2,offensive rebound,,east tex. baptist,"samuel,jamil",,"['mcswain,josh', 'prater,dallas', 'gerchow,alex', 'detillieu,ryan', 'robertson,marc']","['gray,ahnre', 'felicia,justin', 'augustine,dylan', 'mcclahan,kerry', 'davis,anthony']",
264,0908,East Tex. Baptist,Millsaps,0,68-78,"36,42","25,43",1-0,0-1,N/A,N/A,11/15/14,4:00 p.m.,N/A,"Marshall, TX (Ornelas Gym)",Win,2,False,347,False,18:56,,27,,38 ,"MISS 3PTR by ATKINS,BRET",,,"MISS 3PTR by ATKINS,BRET",2,three pointer,missed,east tex. baptist,"atkins,bret",,"['mcswain,josh', 'prater,dallas', 'gerchow,alex', 'detillieu,ryan', 'robertson,marc']","['gray,ahnre', 'felicia,justin', 'augustine,dylan', 'mcclahan,kerry', 'davis,anthony']",1136
265,0908,East Tex. Baptist,Millsaps,0,68-78,"36,42","25,43",1-0,0-1,N/A,N/A,11/15/14,4:00 p.m.,N/A,"Marshall, TX (Ornelas Gym)",Win,2,False,347,False,--,,27,,38 ,"REBOUND OFF by FELICIA,JUSTIN",,,"REBOUND OFF by FELICIA,JUSTIN",2,offensive rebound,,east tex. baptist,"felicia,justin",,"['mcswain,josh', 'prater,dallas', 'gerchow,alex', 'detillieu,ryan', 'robertson,marc']","['gray,ahnre', 'felicia,justin', 'augustine,dylan', 'mcclahan,kerry', 'davis,anthony']",
266,0908,East Tex. Baptist,Millsaps,0,68-78,"36,42","25,43",1-0,0-1,N/A,N/A,11/15/14,4:00 p.m.,N/A,"Marshall, TX (Ornelas Gym)",Win,2,False,347,False,18:36,,27,,41 ,"GOOD 3PTR by ATKINS,BRET",ETBU 27-41 (-14),,"GOOD 3PTR by ATKINS,BRET",2,three pointer,good,east tex. baptist,"atkins,bret",3,"['mcswain,josh', 'prater,dallas', 'gerchow,alex', 'detillieu,ryan', 'robertson,marc']","['gray,ahnre', 'felicia,justin', 'augustine,dylan', 'mcclahan,kerry', 'davis,anthony']",1116
267,0908,East Tex. Baptist,Millsaps,0,68-78,"36,42","25,43",1-0,0-1,N/A,N/A,11/15/14,4:00 p.m.,N/A,"Marshall, TX (Ornelas Gym)",Win,2,False,347,False,18:12,"MISS 3PTR by ROBERTSON,MARC",27,,41 ,,,,"MISS 3PTR by ROBERTSON,MARC",2,three pointer,missed,millsaps,"robertson,marc",,"['mcswain,josh', 'prater,dallas', 'gerchow,alex', 'detillieu,ryan', 'robertson,marc']","['gray,ahnre', 'felicia,justin', 'augustine,dylan', 'mcclahan,kerry', 'davis,anthony']",1092
268,0908,East Tex. Baptist,Millsaps,0,68-78,"36,42","25,43",1-0,0-1,N/A,N/A,11/15/14,4:00 p.m.,N/A,"Marshall, TX (Ornelas Gym)",Win,2,False,347,False,--,,27,,41 ,"REBOUND DEF by MITCHELL,JUNIOR",,,"REBOUND DEF by MITCHELL,JUNIOR",2,defensive rebound,,east tex. baptist,"mitchell,junior",,"['mcswain,josh', 'prater,dallas', 'gerchow,alex', 'detillieu,ryan', 'robertson,marc']","['gray,ahnre', 'felicia,justin', 'augustine,dylan', 'mcclahan,kerry', 'davis,anthony']",
269,0908,East Tex. Baptist,Millsaps,0,68-78,"36,42","25,43",1-0,0-1,N/A,N/A,11/15/14,4:00 p.m.,N/A,"Marshall, TX (Ornelas Gym)",Win,2,False,347,False,18:09,"FOUL  by ROBERTSON,MARC",27,,41 ,,,,"FOUL  by ROBERTSON,MARC",2,foul,,millsaps,"robertson,marc",,"['mcswain,josh', 'prater,dallas', 'gerchow,alex', 'detillieu,ryan', 'robertson,marc']","['gray,ahnre', 'felicia,justin', 'augustine,dylan', 'mcclahan,kerry', 'davis,anthony']",1089
270,0908,East Tex. Baptist,Millsaps,0,68-78,"36,42","25,43",1-0,0-1,N/A,N/A,11/15/14,4:00 p.m.,N/A,"Marshall, TX (Ornelas Gym)",Win,2,False,347,False,18:00,,27,,41 ,"FOUL  by FELICIA,JUSTIN",,,"FOUL  by FELICIA,JUSTIN",2,foul,,east tex. baptist,"felicia,justin",,"['mcswain,josh', 'prater,dallas', 'gerchow,alex', 'detillieu,ryan', 'robertson,marc']","['gray,ahnre', 'felicia,justin', 'augustine,dylan', 'mcclahan,kerry', 'davis,anthony']",1080
271,0908,East Tex. Baptist,Millsaps,0,68-78,"36,42","25,43",1-0,0-1,N/A,N/A,11/15/14,4:00 p.m.,N/A,"Marshall, TX (Ornelas Gym)",Win,2,False,347,False,18:00,,27,,41 ,"TURNOVER  by FELICIA,JUSTIN",,,"TURNOVER  by FELICIA,JUSTIN",2,turnover,,east tex. baptist,"felicia,justin",,"['mcswain,josh', 'prater,dallas', 'gerchow,alex', 'detillieu,ryan', 'robertson,marc']","['gray,ahnre', 'felicia,justin', 'augustine,dylan', 'mcclahan,kerry', 'davis,anthony']",1080
272,0908,East Tex. Baptist,Millsaps,0,68-78,"36,42","25,43",1-0,0-1,N/A,N/A,11/15/14,4:00 p.m.,N/A,"Marshall, TX (Ornelas Gym)",Win,2,False,347,False,17:57,"GOOD LAYUP by AUBERT,DUSTIN(in the paint)",29,,41 ,,MILLSAPS 29-41 (-12),,"GOOD LAYUP by AUBERT,DUSTIN(in the paint)",2,layup,good,millsaps,"aubert,dustin",2,"['mcswain,josh', 'prater,dallas', 'gerchow,alex', 'detillieu,ryan', 'robertson,marc']","['gray,ahnre', 'felicia,justin', 'augustine,dylan', 'mcclahan,kerry', 'davis,anthony']",1077
273,0908,East Tex. Baptist,Millsaps,0,68-78,"36,42","25,43",1-0,0-1,N/A,N/A,11/15/14,4:00 p.m.,N/A,"Marshall, TX (Ornelas Gym)",Win,2,False,347,False,17:41,"FOUL  by AUBERT,DUSTIN",29,,41 ,,,,"FOUL  by AUBERT,DUSTIN",2,foul,,millsaps,"aubert,dustin",,"['mcswain,josh', 'prater,dallas', 'gerchow,alex', 'detillieu,ryan', 'robertson,marc']","['gray,ahnre', 'felicia,justin', 'augustine,dylan', 'mcclahan,kerry', 'davis,anthony']",1061
274,0908,East Tex. Baptist,Millsaps,0,68-78,"36,42","25,43",1-0,0-1,N/A,N/A,11/15/14,4:00 p.m.,N/A,"Marshall, TX (Ornelas Gym)",Win,2,False,347,False,17:35,,29,,41 ,"MISS JUMPER by SAMUEL,JAMIL",,,"MISS JUMPER by SAMUEL,JAMIL",2,jumper,missed,east tex. baptist,"samuel,jamil",,"['mcswain,josh', 'prater,dallas', 'gerchow,alex', 'detillieu,ryan', 'robertson,marc']","['gray,ahnre', 'felicia,justin', 'augustine,dylan', 'mcclahan,kerry', 'davis,anthony']",1055
275,0908,East Tex. Baptist,Millsaps,0,68-78,"36,42","25,43",1-0,0-1,N/A,N/A,11/15/14,4:00 p.m.,N/A,"Marshall, TX (Ornelas Gym)",Win,2,False,347,False,--,,29,,41 ,"REBOUND OFF by MITCHELL,JUNIOR",,,"REBOUND OFF by MITCHELL,JUNIOR",2,offensive rebound,,east tex. baptist,"mitchell,junior",,"['mcswain,josh', 'prater,dallas', 'gerchow,alex', 'detillieu,ryan', 'robertson,marc']","['gray,ahnre', 'felicia,justin', 'augustine,dylan', 'mcclahan,kerry', 'davis,anthony']",
276,0908,East Tex. Baptist,Millsaps,0,68-78,"36,42","25,43",1-0,0-1,N/A,N/A,11/15/14,4:00 p.m.,N/A,"Marshall, TX (Ornelas Gym)",Win,2,False,347,False,17:30,,29,,43 ,"GOOD LAYUP by MITCHELL,JUNIOR(in the paint)",ETBU 29-43 (-14),,"GOOD LAYUP by MITCHELL,JUNIOR(in the paint)",2,layup,good,east tex. baptist,"mitchell,junior",2,"['mcswain,josh', 'prater,dallas', 'gerchow,alex', 'detillieu,ryan', 'robertson,marc']","['gray,ahnre', 'felicia,justin', 'augustine,dylan', 'mcclahan,kerry', 'davis,anthony']",1050
277,0908,East Tex. Baptist,Millsaps,0,68-78,"36,42","25,43",1-0,0-1,N/A,N/A,11/15/14,4:00 p.m.,N/A,"Marshall, TX (Ornelas Gym)",Win,2,False,347,False,17:06,,29,,43 ,"FOUL  by FELICIA,JUSTIN",,,"FOUL  by FELICIA,JUSTIN",2,foul,,east tex. baptist,"felicia,justin",,"['mcswain,josh', 'prater,dallas', 'gerchow,alex', 'detillieu,ryan', 'robertson,marc']","['gray,ahnre', 'felicia,justin', 'augustine,dylan', 'mcclahan,kerry', 'davis,anthony']",1026
278,0908,East Tex. Baptist,Millsaps,0,68-78,"36,42","25,43",1-0,0-1,N/A,N/A,11/15/14,4:00 p.m.,N/A,"Marshall, TX (Ornelas Gym)",Win,2,False,347,False,16:59,"GOOD JUMPER by ROBERTSON,MARC",31,,43 ,,MILLSAPS 31-43 (-12),,"GOOD JUMPER by ROBERTSON,MARC",2,jumper,good,millsaps,"robertson,marc",2,"['mcswain,josh', 'prater,dallas', 'gerchow,alex', 'detillieu,ryan', 'robertson,marc']","['gray,ahnre', 'felicia,justin', 'augustine,dylan', 'mcclahan,kerry', 'davis,anthony']",1019
279,0908,East Tex. Baptist,Millsaps,0,68-78,"36,42","25,43",1-0,0-1,N/A,N/A,11/15/14,4:00 p.m.,N/A,"Marshall, TX (Ornelas Gym)",Win,2,False,347,False,--,"ASSIST  by AUBERT,DUSTIN",31,,43 ,,,,"ASSIST  by AUBERT,DUSTIN",2,assist,,millsaps,"aubert,dustin",,"['mcswain,josh', 'prater,dallas', 'gerchow,alex', 'detillieu,ryan', 'robertson,marc']","['gray,ahnre', 'felicia,justin', 'augustine,dylan', 'mcclahan,kerry', 'davis,anthony']",
280,0908,East Tex. Baptist,Millsaps,0,68-78,"36,42","25,43",1-0,0-1,N/A,N/A,11/15/14,4:00 p.m.,N/A,"Marshall, TX (Ornelas Gym)",Win,2,False,347,False,16:51,,31,,43 ,"TURNOVER  by MITCHELL,JUNIOR",,,"TURNOVER  by MITCHELL,JUNIOR",2,turnover,,east tex. baptist,"mitchell,junior",,"['mcswain,josh', 'prater,dallas', 'gerchow,alex', 'detillieu,ryan', 'robertson,marc']","['gray,ahnre', 'felicia,justin', 'augustine,dylan', 'mcclahan,kerry', 'davis,anthony']",1011
281,0908,East Tex. Baptist,Millsaps,0,68-78,"36,42","25,43",1-0,0-1,N/A,N/A,11/15/14,4:00 p.m.,N/A,"Marshall, TX (Ornelas Gym)",Win,2,False,347,False,16:50,"STEAL  by ROBERTSON,MARC",31,,43 ,,,,"STEAL  by ROBERTSON,MARC",2,steal,,millsaps,,,"['mcswain,josh', 'prater,dallas', 'gerchow,alex', 'detillieu,ryan', 'robertson,marc']","['gray,ahnre', 'felicia,justin', 'augustine,dylan', 'mcclahan,kerry', 'davis,anthony']",1010
282,0908,East Tex. Baptist,Millsaps,0,68-78,"36,42","25,43",1-0,0-1,N/A,N/A,11/15/14,4:00 p.m.,N/A,"Marshall, TX (Ornelas Gym)",Win,2,False,347,False,16:48,"SUB IN by DETILLIEU,RYAN",31,,43 ,,,,"SUB IN by DETILLIEU,RYAN",2,subbing in,,millsaps,"detillieu,ryan",,"['mcswain,josh', 'prater,dallas', 'gerchow,alex', 'detillieu,ryan', 'robertson,marc']","['gray,ahnre', 'felicia,justin', 'augustine,dylan', 'mcclahan,kerry', 'davis,anthony']",1008
283,0908,East Tex. Baptist,Millsaps,0,68-78,"36,42","25,43",1-0,0-1,N/A,N/A,11/15/14,4:00 p.m.,N/A,"Marshall, TX (Ornelas Gym)",Win,2,False,347,False,16:48,"SUB IN by MOORE,MYLES",31,,43 ,,,,"SUB IN by MOORE,MYLES",2,subbing in,,millsaps,"moore,myles",,"['mcswain,josh', 'prater,dallas', 'gerchow,alex', 'detillieu,ryan', 'robertson,marc']","['gray,ahnre', 'felicia,justin', 'augustine,dylan', 'mcclahan,kerry', 'davis,anthony']",1008
284,0908,East Tex. Baptist,Millsaps,0,68-78,"36,42","25,43",1-0,0-1,N/A,N/A,11/15/14,4:00 p.m.,N/A,"Marshall, TX (Ornelas Gym)",Win,2,False,347,False,16:48,"SUB IN by MCSWAIN,JOSH",31,,43 ,,,,"SUB IN by MCSWAIN,JOSH",2,subbing in,,millsaps,"mcswain,josh",,"['mcswain,josh', 'prater,dallas', 'gerchow,alex', 'detillieu,ryan', 'robertson,marc']","['gray,ahnre', 'felicia,justin', 'augustine,dylan', 'mcclahan,kerry', 'davis,anthony']",1008
285,0908,East Tex. Baptist,Millsaps,0,68-78,"36,42","25,43",1-0,0-1,N/A,N/A,11/15/14,4:00 p.m.,N/A,"Marshall, TX (Ornelas Gym)",Win,2,False,347,False,16:48,"SUB OUT by ROBERTSON,MARC",31,,43 ,,,,"SUB OUT by ROBERTSON,MARC",2,subbing out,,millsaps,"robertson,marc",,"['mcswain,josh', 'prater,dallas', 'gerchow,alex', 'detillieu,ryan', 'robertson,marc']","['gray,ahnre', 'felicia,justin', 'augustine,dylan', 'mcclahan,kerry', 'davis,anthony']",1008
286,0908,East Tex. Baptist,Millsaps,0,68-78,"36,42","25,43",1-0,0-1,N/A,N/A,11/15/14,4:00 p.m.,N/A,"Marshall, TX (Ornelas Gym)",Win,2,False,347,False,16:48,"SUB OUT by AUBERT,DUSTIN",31,,43 ,,,,"SUB OUT by AUBERT,DUSTIN",2,subbing out,,millsaps,"aubert,dustin",,"['mcswain,josh', 'prater,dallas', 'gerchow,alex', 'detillieu,ryan', 'robertson,marc']","['gray,ahnre', 'felicia,justin', 'augustine,dylan', 'mcclahan,kerry', 'davis,anthony']",1008
287,0908,East Tex. Baptist,Millsaps,0,68-78,"36,42","25,43",1-0,0-1,N/A,N/A,11/15/14,4:00 p.m.,N/A,"Marshall, TX (Ornelas Gym)",Win,2,False,347,False,16:48,"SUB OUT by GERCHOW,ALEX",31,,43 ,,,,"SUB OUT by GERCHOW,ALEX",2,subbing out,,millsaps,"gerchow,alex",,"['mcswain,josh', 'prater,dallas', 'gerchow,alex', 'detillieu,ryan', 'robertson,marc']","['gray,ahnre', 'felicia,justin', 'augustine,dylan', 'mcclahan,kerry', 'davis,anthony']",1008
288,0908,East Tex. Baptist,Millsaps,0,68-78,"36,42","25,43",1-0,0-1,N/A,N/A,11/15/14,4:00 p.m.,N/A,"Marshall, TX (Ornelas Gym)",Win,2,False,347,False,16:48,,31,,43 ,"SUB IN by GRAY,AHNRE",,,"SUB IN by GRAY,AHNRE",2,subbing in,,east tex. baptist,"gray,ahnre",,"['mcswain,josh', 'prater,dallas', 'gerchow,alex', 'detillieu,ryan', 'robertson,marc']","['gray,ahnre', 'felicia,justin', 'augustine,dylan', 'mcclahan,kerry', 'davis,anthony']",1008
289,0908,East Tex. Baptist,Millsaps,0,68-78,"36,42","25,43",1-0,0-1,N/A,N/A,11/15/14,4:00 p.m.,N/A,"Marshall, TX (Ornelas Gym)",Win,2,False,347,False,16:48,,31,,43 ,"SUB OUT by FELICIA,JUSTIN",,,"SUB OUT by FELICIA,JUSTIN",2,subbing out,,east tex. baptist,"felicia,justin",,"['mcswain,josh', 'prater,dallas', 'gerchow,alex', 'detillieu,ryan', 'robertson,marc']","['gray,ahnre', 'felicia,justin', 'augustine,dylan', 'mcclahan,kerry', 'davis,anthony']",1008
290,0908,East Tex. Baptist,Millsaps,0,68-78,"36,42","25,43",1-0,0-1,N/A,N/A,11/15/14,4:00 p.m.,N/A,"Marshall, TX (Ornelas Gym)",Win,2,False,347,False,16:34,,31,,43 ,"FOUL  by ATKINS,BRET",,,"FOUL  by ATKINS,BRET",2,foul,,east tex. baptist,"atkins,bret",,"['mcswain,josh', 'prater,dallas', 'gerchow,alex', 'detillieu,ryan', 'robertson,marc']","['gray,ahnre', 'felicia,justin', 'augustine,dylan', 'mcclahan,kerry', 'davis,anthony']",994
291,0908,East Tex. Baptist,Millsaps,0,68-78,"36,42","25,43",1-0,0-1,N/A,N/A,11/15/14,4:00 p.m.,N/A,"Marshall, TX (Ornelas Gym)",Win,2,False,347,False,16:18,"MISS JUMPER by MCSWAIN,JOSH",31,,43 ,,,,"MISS JUMPER by MCSWAIN,JOSH",2,jumper,missed,millsaps,"mcswain,josh",,"['mcswain,josh', 'prater,dallas', 'gerchow,alex', 'detillieu,ryan', 'robertson,marc']","['gray,ahnre', 'felicia,justin', 'augustine,dylan', 'mcclahan,kerry', 'davis,anthony']",978
292,0908,East Tex. Baptist,Millsaps,0,68-78,"36,42","25,43",1-0,0-1,N/A,N/A,11/15/14,4:00 p.m.,N/A,"Marshall, TX (Ornelas Gym)",Win,2,False,347,False,16:18,,31,,43 ,"BLOCK  by SAMUEL,JAMIL",,,"BLOCK  by SAMUEL,JAMIL",2,block,,east tex. baptist,"samuel,jamil",,"['mcswain,josh', 'prater,dallas', 'gerchow,alex', 'detillieu,ryan', 'robertson,marc']","['gray,ahnre', 'felicia,justin', 'augustine,dylan', 'mcclahan,kerry', 'davis,anthony']",978
293,0908,East Tex. Baptist,Millsaps,0,68-78,"36,42","25,43",1-0,0-1,N/A,N/A,11/15/14,4:00 p.m.,N/A,"Marshall, TX (Ornelas Gym)",Win,2,False,347,False,--,,31,,43 ,"REBOUND DEF by SAMUEL,JAMIL",,,"REBOUND DEF by SAMUEL,JAMIL",2,defensive rebound,,east tex. baptist,"samuel,jamil",,"['mcswain,josh', 'prater,dallas', 'gerchow,alex', 'detillieu,ryan', 'robertson,marc']","['gray,ahnre', 'felicia,justin', 'augustine,dylan', 'mcclahan,kerry', 'davis,anthony']",
294,0908,East Tex. Baptist,Millsaps,0,68-78,"36,42","25,43",1-0,0-1,N/A,N/A,11/15/14,4:00 p.m.,N/A,"Marshall, TX (Ornelas Gym)",Win,2,False,347,False,16:18,,31,,43 ,"TURNOVER  by ATKINS,BRET",,,"TURNOVER  by ATKINS,BRET",2,turnover,,east tex. baptist,"atkins,bret",,"['mcswain,josh', 'prater,dallas', 'gerchow,alex', 'detillieu,ryan', 'robertson,marc']","['gray,ahnre', 'felicia,justin', 'augustine,dylan', 'mcclahan,kerry', 'davis,anthony']",978
295,0908,East Tex. Baptist,Millsaps,0,68-78,"36,42","25,43",1-0,0-1,N/A,N/A,11/15/14,4:00 p.m.,N/A,"Marshall, TX (Ornelas Gym)",Win,2,False,347,False,16:18,,31,,43 ,"SUB IN by AUGUSTINE,DYLAN",,,"SUB IN by AUGUSTINE,DYLAN",2,subbing in,,east tex. baptist,"augustine,dylan",,"['mcswain,josh', 'prater,dallas', 'gerchow,alex', 'detillieu,ryan', 'robertson,marc']","['gray,ahnre', 'felicia,justin', 'augustine,dylan', 'mcclahan,kerry', 'davis,anthony']",978
296,0908,East Tex. Baptist,Millsaps,0,68-78,"36,42","25,43",1-0,0-1,N/A,N/A,11/15/14,4:00 p.m.,N/A,"Marshall, TX (Ornelas Gym)",Win,2,False,347,False,16:18,,31,,43 ,"SUB IN by DAVIS,ANTHONY",,,"SUB IN by DAVIS,ANTHONY",2,subbing in,,east tex. baptist,"davis,anthony",,"['mcswain,josh', 'prater,dallas', 'gerchow,alex', 'detillieu,ryan', 'robertson,marc']","['gray,ahnre', 'felicia,justin', 'augustine,dylan', 'mcclahan,kerry', 'davis,anthony']",978
297,0908,East Tex. Baptist,Millsaps,0,68-78,"36,42","25,43",1-0,0-1,N/A,N/A,11/15/14,4:00 p.m.,N/A,"Marshall, TX (Ornelas Gym)",Win,2,False,347,False,16:18,,31,,43 ,"SUB OUT by MITCHELL,JUNIOR",,,"SUB OUT by MITCHELL,JUNIOR",2,subbing out,,east tex. baptist,"mitchell,junior",,"['mcswain,josh', 'prater,dallas', 'gerchow,alex', 'detillieu,ryan', 'robertson,marc']","['gray,ahnre', 'felicia,justin', 'augustine,dylan', 'mcclahan,kerry', 'davis,anthony']",978
298,0908,East Tex. Baptist,Millsaps,0,68-78,"36,42","25,43",1-0,0-1,N/A,N/A,11/15/14,4:00 p.m.,N/A,"Marshall, TX (Ornelas Gym)",Win,2,False,347,False,16:18,,31,,43 ,"SUB OUT by ATKINS,BRET",,,"SUB OUT by ATKINS,BRET",2,subbing out,,east tex. baptist,"atkins,bret",,"['mcswain,josh', 'prater,dallas', 'gerchow,alex', 'detillieu,ryan', 'robertson,marc']","['gray,ahnre', 'felicia,justin', 'augustine,dylan', 'mcclahan,kerry', 'davis,anthony']",978
299,0908,East Tex. Baptist,Millsaps,0,68-78,"36,42","25,43",1-0,0-1,N/A,N/A,11/15/14,4:00 p.m.,N/A,"Marshall, TX (Ornelas Gym)",Win,2,False,347,False,16:10,"TURNOVER  by DETILLIEU,RYAN",31,,43 ,,,,"TURNOVER  by DETILLIEU,RYAN",2,turnover,,millsaps,"detillieu,ryan",,"['mcswain,josh', 'prater,dallas', 'gerchow,alex', 'detillieu,ryan', 'robertson,marc']","['gray,ahnre', 'felicia,justin', 'augustine,dylan', 'mcclahan,kerry', 'davis,anthony']",970
300,0908,East Tex. Baptist,Millsaps,0,68-78,"36,42","25,43",1-0,0-1,N/A,N/A,11/15/14,4:00 p.m.,N/A,"Marshall, TX (Ornelas Gym)",Win,2,False,347,False,15:54,,31,,46 ,"GOOD 3PTR by DAVIS,ANTHONY",ETBU 31-46 (-15),,"GOOD 3PTR by DAVIS,ANTHONY",2,three pointer,good,east tex. baptist,"davis,anthony",3,"['mcswain,josh', 'prater,dallas', 'gerchow,alex', 'detillieu,ryan', 'robertson,marc']","['gray,ahnre', 'felicia,justin', 'augustine,dylan', 'mcclahan,kerry', 'davis,anthony']",954
301,0908,East Tex. Baptist,Millsaps,0,68-78,"36,42","25,43",1-0,0-1,N/A,N/A,11/15/14,4:00 p.m.,N/A,"Marshall, TX (Ornelas Gym)",Win,2,False,347,False,--,,31,,46 ,"ASSIST  by SAMUEL,JAMIL",,,"ASSIST  by SAMUEL,JAMIL",2,assist,,east tex. baptist,"samuel,jamil",,"['mcswain,josh', 'prater,dallas', 'gerchow,alex', 'detillieu,ryan', 'robertson,marc']","['gray,ahnre', 'felicia,justin', 'augustine,dylan', 'mcclahan,kerry', 'davis,anthony']",
302,0908,East Tex. Baptist,Millsaps,0,68-78,"36,42","25,43",1-0,0-1,N/A,N/A,11/15/14,4:00 p.m.,N/A,"Marshall, TX (Ornelas Gym)",Win,2,False,347,False,15:35,,31,,46 ,"FOUL  by GRAY,AHNRE",,,"FOUL  by GRAY,AHNRE",2,foul,,east tex. baptist,"gray,ahnre",,"['mcswain,josh', 'prater,dallas', 'gerchow,alex', 'detillieu,ryan', 'robertson,marc']","['gray,ahnre', 'felicia,justin', 'augustine,dylan', 'mcclahan,kerry', 'davis,anthony']",935
303,0908,East Tex. Baptist,Millsaps,0,68-78,"36,42","25,43",1-0,0-1,N/A,N/A,11/15/14,4:00 p.m.,N/A,"Marshall, TX (Ornelas Gym)",Win,2,False,347,False,15:35,"MISS FT by FREBIS,RONNIE",31,,46 ,,,,"MISS FT by FREBIS,RONNIE",2,free throw,missed,millsaps,"frebis,ronnie",,"['mcswain,josh', 'prater,dallas', 'gerchow,alex', 'detillieu,ryan', 'robertson,marc']","['gray,ahnre', 'felicia,justin', 'augustine,dylan', 'mcclahan,kerry', 'davis,anthony']",935
304,0908,East Tex. Baptist,Millsaps,0,68-78,"36,42","25,43",1-0,0-1,N/A,N/A,11/15/14,4:00 p.m.,N/A,"Marshall, TX (Ornelas Gym)",Win,2,False,347,False,--,REBOUND DEADB by TEAM,31,,46 ,,,,REBOUND DEADB by TEAM,2,deadball rebound,,millsaps,,,"['mcswain,josh', 'prater,dallas', 'gerchow,alex', 'detillieu,ryan', 'robertson,marc']","['gray,ahnre', 'felicia,justin', 'augustine,dylan', 'mcclahan,kerry', 'davis,anthony']",
305,0908,East Tex. Baptist,Millsaps,0,68-78,"36,42","25,43",1-0,0-1,N/A,N/A,11/15/14,4:00 p.m.,N/A,"Marshall, TX (Ornelas Gym)",Win,2,False,347,False,15:35,"GOOD FT by FREBIS,RONNIE",32,,46 ,,MILLSAPS 32-46 (-14),,"GOOD FT by FREBIS,RONNIE",2,free throw,good,millsaps,"frebis,ronnie",1,"['mcswain,josh', 'prater,dallas', 'gerchow,alex', 'detillieu,ryan', 'robertson,marc']","['gray,ahnre', 'felicia,justin', 'augustine,dylan', 'mcclahan,kerry', 'davis,anthony']",935
306,0908,East Tex. Baptist,Millsaps,0,68-78,"36,42","25,43",1-0,0-1,N/A,N/A,11/15/14,4:00 p.m.,N/A,"Marshall, TX (Ornelas Gym)",Win,2,False,347,False,15:35,"GOOD FT by FREBIS,RONNIE",33,,46 ,,MILLSAPS 33-46 (-13),,"GOOD FT by FREBIS,RONNIE",2,free throw,good,millsaps,"frebis,ronnie",1,"['mcswain,josh', 'prater,dallas', 'gerchow,alex', 'detillieu,ryan', 'robertson,marc']","['gray,ahnre', 'felicia,justin', 'augustine,dylan', 'mcclahan,kerry', 'davis,anthony']",935
307,0908,East Tex. Baptist,Millsaps,0,68-78,"36,42","25,43",1-0,0-1,N/A,N/A,11/15/14,4:00 p.m.,N/A,"Marshall, TX (Ornelas Gym)",Win,2,False,347,False,15:35,"SUB IN by PRATER,DALLAS",33,,46 ,,,,"SUB IN by PRATER,DALLAS",2,subbing in,,millsaps,"prater,dallas",,"['mcswain,josh', 'prater,dallas', 'gerchow,alex', 'detillieu,ryan', 'robertson,marc']","['gray,ahnre', 'felicia,justin', 'augustine,dylan', 'mcclahan,kerry', 'davis,anthony']",935
308,0908,East Tex. Baptist,Millsaps,0,68-78,"36,42","25,43",1-0,0-1,N/A,N/A,11/15/14,4:00 p.m.,N/A,"Marshall, TX (Ornelas Gym)",Win,2,False,347,False,15:35,"SUB OUT by MCELVEEN,MAC",33,,46 ,,,,"SUB OUT by MCELVEEN,MAC",2,subbing out,,millsaps,"mcelveen,mac",,"['mcswain,josh', 'prater,dallas', 'gerchow,alex', 'detillieu,ryan', 'robertson,marc']","['gray,ahnre', 'felicia,justin', 'augustine,dylan', 'mcclahan,kerry', 'davis,anthony']",935
309,0908,East Tex. Baptist,Millsaps,0,68-78,"36,42","25,43",1-0,0-1,N/A,N/A,11/15/14,4:00 p.m.,N/A,"Marshall, TX (Ornelas Gym)",Win,2,False,347,False,15:12,"FOUL  by FREBIS,RONNIE",33,,46 ,,,,"FOUL  by FREBIS,RONNIE",2,foul,,millsaps,"frebis,ronnie",,"['mcswain,josh', 'prater,dallas', 'gerchow,alex', 'detillieu,ryan', 'robertson,marc']","['gray,ahnre', 'felicia,justin', 'augustine,dylan', 'mcclahan,kerry', 'davis,anthony']",912
310,0908,East Tex. Baptist,Millsaps,0,68-78,"36,42","25,43",1-0,0-1,N/A,N/A,11/15/14,4:00 p.m.,N/A,"Marshall, TX (Ornelas Gym)",Win,2,False,347,False,15:12,,33,,47 ,"GOOD FT by GRAY,AHNRE",ETBU 33-47 (-14),,"GOOD FT by GRAY,AHNRE",2,free throw,good,east tex. baptist,"gray,ahnre",1,"['mcswain,josh', 'prater,dallas', 'gerchow,alex', 'detillieu,ryan', 'robertson,marc']","['gray,ahnre', 'felicia,justin', 'augustine,dylan', 'mcclahan,kerry', 'davis,anthony']",912
311,0908,East Tex. Baptist,Millsaps,0,68-78,"36,42","25,43",1-0,0-1,N/A,N/A,11/15/14,4:00 p.m.,N/A,"Marshall, TX (Ornelas Gym)",Win,2,False,347,False,15:12,,33,,47 ,"MISS FT by GRAY,AHNRE",,,"MISS FT by GRAY,AHNRE",2,free throw,missed,east tex. baptist,"gray,ahnre",,"['mcswain,josh', 'prater,dallas', 'gerchow,alex', 'detillieu,ryan', 'robertson,marc']","['gray,ahnre', 'felicia,justin', 'augustine,dylan', 'mcclahan,kerry', 'davis,anthony']",912
312,0908,East Tex. Baptist,Millsaps,0,68-78,"36,42","25,43",1-0,0-1,N/A,N/A,11/15/14,4:00 p.m.,N/A,"Marshall, TX (Ornelas Gym)",Win,2,False,347,False,--,"REBOUND DEF by FREBIS,RONNIE",33,,47 ,,,,"REBOUND DEF by FREBIS,RONNIE",2,defensive rebound,,millsaps,"frebis,ronnie",,"['mcswain,josh', 'prater,dallas', 'gerchow,alex', 'detillieu,ryan', 'robertson,marc']","['gray,ahnre', 'felicia,justin', 'augustine,dylan', 'mcclahan,kerry', 'davis,anthony']",
313,0908,East Tex. Baptist,Millsaps,0,68-78,"36,42","25,43",1-0,0-1,N/A,N/A,11/15/14,4:00 p.m.,N/A,"Marshall, TX (Ornelas Gym)",Win,2,False,347,False,14:56,"TURNOVER  by MCSWAIN,JOSH",33,,47 ,,,,"TURNOVER  by MCSWAIN,JOSH",2,turnover,,millsaps,"mcswain,josh",,"['mcswain,josh', 'prater,dallas', 'gerchow,alex', 'detillieu,ryan', 'robertson,marc']","['gray,ahnre', 'felicia,justin', 'augustine,dylan', 'mcclahan,kerry', 'davis,anthony']",896
314,0908,East Tex. Baptist,Millsaps,0,68-78,"36,42","25,43",1-0,0-1,N/A,N/A,11/15/14,4:00 p.m.,N/A,"Marshall, TX (Ornelas Gym)",Win,2,False,347,False,14:56,,33,,47 ,TIMEOUT MEDIA by TEAM,,,TIMEOUT MEDIA by TEAM,2,timeout,,east tex. baptist,,,"['mcswain,josh', 'prater,dallas', 'gerchow,alex', 'detillieu,ryan', 'robertson,marc']","['gray,ahnre', 'felicia,justin', 'augustine,dylan', 'mcclahan,kerry', 'davis,anthony']",896
315,0908,East Tex. Baptist,Millsaps,0,68-78,"36,42","25,43",1-0,0-1,N/A,N/A,11/15/14,4:00 p.m.,N/A,"Marshall, TX (Ornelas Gym)",Win,2,False,347,False,14:43,,33,,47 ,"FOUL  by THOMPSON,ERBY",,,"FOUL  by THOMPSON,ERBY",2,foul,,east tex. baptist,"thompson,erby",,"['mcswain,josh', 'prater,dallas', 'gerchow,alex', 'detillieu,ryan', 'robertson,marc']","['gray,ahnre', 'felicia,justin', 'augustine,dylan', 'mcclahan,kerry', 'davis,anthony']",883
316,0908,East Tex. Baptist,Millsaps,0,68-78,"36,42","25,43",1-0,0-1,N/A,N/A,11/15/14,4:00 p.m.,N/A,"Marshall, TX (Ornelas Gym)",Win,2,False,347,False,14:43,,33,,47 ,"TURNOVER  by THOMPSON,ERBY",,,"TURNOVER  by THOMPSON,ERBY",2,turnover,,east tex. baptist,"thompson,erby",,"['mcswain,josh', 'prater,dallas', 'gerchow,alex', 'detillieu,ryan', 'robertson,marc']","['gray,ahnre', 'felicia,justin', 'augustine,dylan', 'mcclahan,kerry', 'davis,anthony']",883
317,0908,East Tex. Baptist,Millsaps,0,68-78,"36,42","25,43",1-0,0-1,N/A,N/A,11/15/14,4:00 p.m.,N/A,"Marshall, TX (Ornelas Gym)",Win,2,False,347,False,14:29,"TURNOVER  by PRATER,DALLAS",33,,47 ,,,,"TURNOVER  by PRATER,DALLAS",2,turnover,,millsaps,"prater,dallas",,"['mcswain,josh', 'prater,dallas', 'gerchow,alex', 'detillieu,ryan', 'robertson,marc']","['gray,ahnre', 'felicia,justin', 'augustine,dylan', 'mcclahan,kerry', 'davis,anthony']",869
318,0908,East Tex. Baptist,Millsaps,0,68-78,"36,42","25,43",1-0,0-1,N/A,N/A,11/15/14,4:00 p.m.,N/A,"Marshall, TX (Ornelas Gym)",Win,2,False,347,False,14:28,,33,,47 ,"STEAL  by AUGUSTINE,DYLAN",,,"STEAL  by AUGUSTINE,DYLAN",2,steal,,east tex. baptist,,,"['mcswain,josh', 'prater,dallas', 'gerchow,alex', 'detillieu,ryan', 'robertson,marc']","['gray,ahnre', 'felicia,justin', 'augustine,dylan', 'mcclahan,kerry', 'davis,anthony']",868
319,0908,East Tex. Baptist,Millsaps,0,68-78,"36,42","25,43",1-0,0-1,N/A,N/A,11/15/14,4:00 p.m.,N/A,"Marshall, TX (Ornelas Gym)",Win,2,False,347,False,14:18,,33,,47 ,"TURNOVER  by THOMPSON,ERBY",,,"TURNOVER  by THOMPSON,ERBY",2,turnover,,east tex. baptist,"thompson,erby",,"['mcswain,josh', 'prater,dallas', 'gerchow,alex', 'detillieu,ryan', 'robertson,marc']","['gray,ahnre', 'felicia,justin', 'augustine,dylan', 'mcclahan,kerry', 'davis,anthony']",858
320,0908,East Tex. Baptist,Millsaps,0,68-78,"36,42","25,43",1-0,0-1,N/A,N/A,11/15/14,4:00 p.m.,N/A,"Marshall, TX (Ornelas Gym)",Win,2,False,347,False,14:15,"MISS 3PTR by PRATER,DALLAS",33,,47 ,,,,"MISS 3PTR by PRATER,DALLAS",2,three pointer,missed,millsaps,"prater,dallas",,"['mcswain,josh', 'prater,dallas', 'gerchow,alex', 'detillieu,ryan', 'robertson,marc']","['gray,ahnre', 'felicia,justin', 'augustine,dylan', 'mcclahan,kerry', 'davis,anthony']",855
321,0908,East Tex. Baptist,Millsaps,0,68-78,"36,42","25,43",1-0,0-1,N/A,N/A,11/15/14,4:00 p.m.,N/A,"Marshall, TX (Ornelas Gym)",Win,2,False,347,False,14:15,,33,,47 ,"BLOCK  by SAMUEL,JAMIL",,,"BLOCK  by SAMUEL,JAMIL",2,block,,east tex. baptist,"samuel,jamil",,"['mcswain,josh', 'prater,dallas', 'gerchow,alex', 'detillieu,ryan', 'robertson,marc']","['gray,ahnre', 'felicia,justin', 'augustine,dylan', 'mcclahan,kerry', 'davis,anthony']",855
322,0908,East Tex. Baptist,Millsaps,0,68-78,"36,42","25,43",1-0,0-1,N/A,N/A,11/15/14,4:00 p.m.,N/A,"Marshall, TX (Ornelas Gym)",Win,2,False,347,False,--,,33,,47 ,"REBOUND DEF by DAVIS,ANTHONY",,,"REBOUND DEF by DAVIS,ANTHONY",2,defensive rebound,,east tex. baptist,"davis,anthony",,"['mcswain,josh', 'prater,dallas', 'gerchow,alex', 'detillieu,ryan', 'robertson,marc']","['gray,ahnre', 'felicia,justin', 'augustine,dylan', 'mcclahan,kerry', 'davis,anthony']",
323,0908,East Tex. Baptist,Millsaps,0,68-78,"36,42","25,43",1-0,0-1,N/A,N/A,11/15/14,4:00 p.m.,N/A,"Marshall, TX (Ornelas Gym)",Win,2,False,347,False,14:15,"SUB IN by DOUGLASS,PARKS",33,,47 ,,,,"SUB IN by DOUGLASS,PARKS",2,subbing in,,millsaps,"douglass,parks",,"['mcswain,josh', 'prater,dallas', 'gerchow,alex', 'detillieu,ryan', 'robertson,marc', 'douglass,parks']","['gray,ahnre', 'felicia,justin', 'augustine,dylan', 'mcclahan,kerry', 'davis,anthony']",855
324,0908,East Tex. Baptist,Millsaps,0,68-78,"36,42","25,43",1-0,0-1,N/A,N/A,11/15/14,4:00 p.m.,N/A,"Marshall, TX (Ornelas Gym)",Win,2,False,347,False,14:15,"SUB OUT by FREBIS,RONNIE",33,,47 ,,,,"SUB OUT by FREBIS,RONNIE",2,subbing out,,millsaps,"frebis,ronnie",,"['mcswain,josh', 'prater,dallas', 'gerchow,alex', 'detillieu,ryan', 'robertson,marc', 'douglass,parks']","['gray,ahnre', 'felicia,justin', 'augustine,dylan', 'mcclahan,kerry', 'davis,anthony']",855
325,0908,East Tex. Baptist,Millsaps,0,68-78,"36,42","25,43",1-0,0-1,N/A,N/A,11/15/14,4:00 p.m.,N/A,"Marshall, TX (Ornelas Gym)",Win,2,False,347,False,14:00,,33,,47 ,"TURNOVER  by AUGUSTINE,DYLAN",,,"TURNOVER  by AUGUSTINE,DYLAN",2,turnover,,east tex. baptist,"augustine,dylan",,"['mcswain,josh', 'prater,dallas', 'gerchow,alex', 'detillieu,ryan', 'robertson,marc', 'douglass,parks']","['gray,ahnre', 'felicia,justin', 'augustine,dylan', 'mcclahan,kerry', 'davis,anthony']",840
326,0908,East Tex. Baptist,Millsaps,0,68-78,"36,42","25,43",1-0,0-1,N/A,N/A,11/15/14,4:00 p.m.,N/A,"Marshall, TX (Ornelas Gym)",Win,2,False,347,False,13:39,"SUB IN by ATKINSON,QUINN",33,,47 ,,,,"SUB IN by ATKINSON,QUINN",2,subbing in,,millsaps,"atkinson,quinn",,"['mcswain,josh', 'prater,dallas', 'gerchow,alex', 'detillieu,ryan', 'robertson,marc', 'douglass,parks']","['gray,ahnre', 'felicia,justin', 'augustine,dylan', 'mcclahan,kerry', 'davis,anthony']",819
327,0908,East Tex. Baptist,Millsaps,0,68-78,"36,42","25,43",1-0,0-1,N/A,N/A,11/15/14,4:00 p.m.,N/A,"Marshall, TX (Ornelas Gym)",Win,2,False,347,False,13:39,"SUB OUT by PRATER,DALLAS",33,,47 ,,,,"SUB OUT by PRATER,DALLAS",2,subbing out,,millsaps,"prater,dallas",,"['mcswain,josh', 'gerchow,alex', 'detillieu,ryan', 'robertson,marc', 'douglass,parks']","['gray,ahnre', 'felicia,justin', 'augustine,dylan', 'mcclahan,kerry', 'davis,anthony']",819
328,0908,East Tex. Baptist,Millsaps,0,68-78,"36,42","25,43",1-0,0-1,N/A,N/A,11/15/14,4:00 p.m.,N/A,"Marshall, TX (Ornelas Gym)",Win,2,False,347,False,13:39,,33,,47 ,"SUB IN by ATKINS,BRET",,,"SUB IN by ATKINS,BRET",2,subbing in,,east tex. baptist,"atkins,bret",,"['mcswain,josh', 'gerchow,alex', 'detillieu,ryan', 'robertson,marc', 'douglass,parks']","['gray,ahnre', 'felicia,justin', 'augustine,dylan', 'mcclahan,kerry', 'davis,anthony', 'atkins,bret']",819
329,0908,East Tex. Baptist,Millsaps,0,68-78,"36,42","25,43",1-0,0-1,N/A,N/A,11/15/14,4:00 p.m.,N/A,"Marshall, TX (Ornelas Gym)",Win,2,False,347,False,13:39,,33,,47 ,"SUB OUT by THOMPSON,ERBY",,,"SUB OUT by THOMPSON,ERBY",2,subbing out,,east tex. baptist,"thompson,erby",,"['mcswain,josh', 'gerchow,alex', 'detillieu,ryan', 'robertson,marc', 'douglass,parks']","['gray,ahnre', 'felicia,justin', 'augustine,dylan', 'mcclahan,kerry', 'davis,anthony', 'atkins,bret']",819
330,0908,East Tex. Baptist,Millsaps,0,68-78,"36,42","25,43",1-0,0-1,N/A,N/A,11/15/14,4:00 p.m.,N/A,"Marshall, TX (Ornelas Gym)",Win,2,False,347,False,13:19,"TURNOVER  by ATKINSON,QUINN",33,,47 ,,,,"TURNOVER  by ATKINSON,QUINN",2,turnover,,millsaps,"atkinson,quinn",,"['mcswain,josh', 'gerchow,alex', 'detillieu,ryan', 'robertson,marc', 'douglass,parks']","['gray,ahnre', 'felicia,justin', 'augustine,dylan', 'mcclahan,kerry', 'davis,anthony', 'atkins,bret']",799
331,0908,East Tex. Baptist,Millsaps,0,68-78,"36,42","25,43",1-0,0-1,N/A,N/A,11/15/14,4:00 p.m.,N/A,"Marshall, TX (Ornelas Gym)",Win,2,False,347,False,12:51,,33,,49 ,"GOOD JUMPER by SAMUEL,JAMIL",ETBU 33-49 (-16),,"GOOD JUMPER by SAMUEL,JAMIL",2,jumper,good,east tex. baptist,"samuel,jamil",2,"['mcswain,josh', 'gerchow,alex', 'detillieu,ryan', 'robertson,marc', 'douglass,parks']","['gray,ahnre', 'felicia,justin', 'augustine,dylan', 'mcclahan,kerry', 'davis,anthony', 'atkins,bret']",771
332,0908,East Tex. Baptist,Millsaps,0,68-78,"36,42","25,43",1-0,0-1,N/A,N/A,11/15/14,4:00 p.m.,N/A,"Marshall, TX (Ornelas Gym)",Win,2,False,347,False,--,,33,,49 ,"ASSIST  by DAVIS,ANTHONY",,,"ASSIST  by DAVIS,ANTHONY",2,assist,,east tex. baptist,"davis,anthony",,"['mcswain,josh', 'gerchow,alex', 'detillieu,ryan', 'robertson,marc', 'douglass,parks']","['gray,ahnre', 'felicia,justin', 'augustine,dylan', 'mcclahan,kerry', 'davis,anthony', 'atkins,bret']",
333,0908,East Tex. Baptist,Millsaps,0,68-78,"36,42","25,43",1-0,0-1,N/A,N/A,11/15/14,4:00 p.m.,N/A,"Marshall, TX (Ornelas Gym)",Win,2,False,347,False,12:29,"GOOD LAYUP by DETILLIEU,RYAN(in the paint)",35,,49 ,,MILLSAPS 35-49 (-14),,"GOOD LAYUP by DETILLIEU,RYAN(in the paint)",2,layup,good,millsaps,"detillieu,ryan",2,"['mcswain,josh', 'gerchow,alex', 'detillieu,ryan', 'robertson,marc', 'douglass,parks']","['gray,ahnre', 'felicia,justin', 'augustine,dylan', 'mcclahan,kerry', 'davis,anthony', 'atkins,bret']",749
334,0908,East Tex. Baptist,Millsaps,0,68-78,"36,42","25,43",1-0,0-1,N/A,N/A,11/15/14,4:00 p.m.,N/A,"Marshall, TX (Ornelas Gym)",Win,2,False,347,False,12:29,,35,,49 ,"FOUL  by AUGUSTINE,DYLAN",,,"FOUL  by AUGUSTINE,DYLAN",2,foul,,east tex. baptist,"augustine,dylan",,"['mcswain,josh', 'gerchow,alex', 'detillieu,ryan', 'robertson,marc', 'douglass,parks']","['gray,ahnre', 'felicia,justin', 'augustine,dylan', 'mcclahan,kerry', 'davis,anthony', 'atkins,bret']",749
335,0908,East Tex. Baptist,Millsaps,0,68-78,"36,42","25,43",1-0,0-1,N/A,N/A,11/15/14,4:00 p.m.,N/A,"Marshall, TX (Ornelas Gym)",Win,2,False,347,False,12:29,"GOOD FT by DETILLIEU,RYAN",36,,49 ,,MILLSAPS 36-49 (-13),,"GOOD FT by DETILLIEU,RYAN",2,free throw,good,millsaps,"detillieu,ryan",1,"['mcswain,josh', 'gerchow,alex', 'detillieu,ryan', 'robertson,marc', 'douglass,parks']","['gray,ahnre', 'felicia,justin', 'augustine,dylan', 'mcclahan,kerry', 'davis,anthony', 'atkins,bret']",749
336,0908,East Tex. Baptist,Millsaps,0,68-78,"36,42","25,43",1-0,0-1,N/A,N/A,11/15/14,4:00 p.m.,N/A,"Marshall, TX (Ornelas Gym)",Win,2,False,347,False,12:29,"SUB IN by AUBERT,DUSTIN",36,,49 ,,,,"SUB IN by AUBERT,DUSTIN",2,subbing in,,millsaps,"aubert,dustin",,"['mcswain,josh', 'gerchow,alex', 'detillieu,ryan', 'robertson,marc', 'douglass,parks']","['gray,ahnre', 'felicia,justin', 'augustine,dylan', 'mcclahan,kerry', 'davis,anthony', 'atkins,bret']",749
337,0908,East Tex. Baptist,Millsaps,0,68-78,"36,42","25,43",1-0,0-1,N/A,N/A,11/15/14,4:00 p.m.,N/A,"Marshall, TX (Ornelas Gym)",Win,2,False,347,False,12:29,"SUB IN by GERCHOW,ALEX",36,,49 ,,,,"SUB IN by GERCHOW,ALEX",2,subbing in,,millsaps,"gerchow,alex",,"['mcswain,josh', 'gerchow,alex', 'detillieu,ryan', 'robertson,marc', 'douglass,parks']","['gray,ahnre', 'felicia,justin', 'augustine,dylan', 'mcclahan,kerry', 'davis,anthony', 'atkins,bret']",749
338,0908,East Tex. Baptist,Millsaps,0,68-78,"36,42","25,43",1-0,0-1,N/A,N/A,11/15/14,4:00 p.m.,N/A,"Marshall, TX (Ornelas Gym)",Win,2,False,347,False,12:29,"SUB OUT by DETILLIEU,RYAN",36,,49 ,,,,"SUB OUT by DETILLIEU,RYAN",2,subbing out,,millsaps,"detillieu,ryan",,"['mcswain,josh', 'gerchow,alex', 'detillieu,ryan', 'robertson,marc', 'douglass,parks']","['gray,ahnre', 'felicia,justin', 'augustine,dylan', 'mcclahan,kerry', 'davis,anthony', 'atkins,bret']",749
339,0908,East Tex. Baptist,Millsaps,0,68-78,"36,42","25,43",1-0,0-1,N/A,N/A,11/15/14,4:00 p.m.,N/A,"Marshall, TX (Ornelas Gym)",Win,2,False,347,False,12:29,"SUB OUT by MCSWAIN,JOSH",36,,49 ,,,,"SUB OUT by MCSWAIN,JOSH",2,subbing out,,millsaps,"mcswain,josh",,"['gerchow,alex', 'detillieu,ryan', 'robertson,marc', 'douglass,parks']","['gray,ahnre', 'felicia,justin', 'augustine,dylan', 'mcclahan,kerry', 'davis,anthony', 'atkins,bret']",749
340,0908,East Tex. Baptist,Millsaps,0,68-78,"36,42","25,43",1-0,0-1,N/A,N/A,11/15/14,4:00 p.m.,N/A,"Marshall, TX (Ornelas Gym)",Win,2,False,347,False,12:29,,36,,49 ,"SUB IN by MITCHELL,JUNIOR",,,"SUB IN by MITCHELL,JUNIOR",2,subbing in,,east tex. baptist,"mitchell,junior",,"['gerchow,alex', 'detillieu,ryan', 'robertson,marc', 'douglass,parks']","['gray,ahnre', 'felicia,justin', 'augustine,dylan', 'mcclahan,kerry', 'davis,anthony', 'atkins,bret', 'mitchell,junior']",749
341,0908,East Tex. Baptist,Millsaps,0,68-78,"36,42","25,43",1-0,0-1,N/A,N/A,11/15/14,4:00 p.m.,N/A,"Marshall, TX (Ornelas Gym)",Win,2,False,347,False,12:29,,36,,49 ,"SUB IN by MCCLAHAN,KERRY",,,"SUB IN by MCCLAHAN,KERRY",2,subbing in,,east tex. baptist,"mcclahan,kerry",,"['gerchow,alex', 'detillieu,ryan', 'robertson,marc', 'douglass,parks']","['gray,ahnre', 'felicia,justin', 'augustine,dylan', 'mcclahan,kerry', 'davis,anthony', 'atkins,bret', 'mitchell,junior']",749
342,0908,East Tex. Baptist,Millsaps,0,68-78,"36,42","25,43",1-0,0-1,N/A,N/A,11/15/14,4:00 p.m.,N/A,"Marshall, TX (Ornelas Gym)",Win,2,False,347,False,12:29,,36,,49 ,"SUB OUT by DAVIS,ANTHONY",,,"SUB OUT by DAVIS,ANTHONY",2,subbing out,,east tex. baptist,"davis,anthony",,"['gerchow,alex', 'detillieu,ryan', 'robertson,marc', 'douglass,parks']","['gray,ahnre', 'felicia,justin', 'augustine,dylan', 'mcclahan,kerry', 'davis,anthony', 'atkins,bret', 'mitchell,junior']",749
343,0908,East Tex. Baptist,Millsaps,0,68-78,"36,42","25,43",1-0,0-1,N/A,N/A,11/15/14,4:00 p.m.,N/A,"Marshall, TX (Ornelas Gym)",Win,2,False,347,False,12:29,,36,,49 ,"SUB OUT by SAMUEL,JAMIL",,,"SUB OUT by SAMUEL,JAMIL",2,subbing out,,east tex. baptist,"samuel,jamil",,"['gerchow,alex', 'detillieu,ryan', 'robertson,marc', 'douglass,parks']","['gray,ahnre', 'felicia,justin', 'augustine,dylan', 'mcclahan,kerry', 'davis,anthony', 'atkins,bret', 'mitchell,junior']",749
344,0908,East Tex. Baptist,Millsaps,0,68-78,"36,42","25,43",1-0,0-1,N/A,N/A,11/15/14,4:00 p.m.,N/A,"Marshall, TX (Ornelas Gym)",Win,2,False,347,False,12:20,,36,,49 ,"MISS 3PTR by AUGUSTINE,DYLAN",,,"MISS 3PTR by AUGUSTINE,DYLAN",2,three pointer,missed,east tex. baptist,"augustine,dylan",,"['gerchow,alex', 'detillieu,ryan', 'robertson,marc', 'douglass,parks']","['gray,ahnre', 'felicia,justin', 'augustine,dylan', 'mcclahan,kerry', 'davis,anthony', 'atkins,bret', 'mitchell,junior']",740
345,0908,East Tex. Baptist,Millsaps,0,68-78,"36,42","25,43",1-0,0-1,N/A,N/A,11/15/14,4:00 p.m.,N/A,"Marshall, TX (Ornelas Gym)",Win,2,False,347,False,--,,36,,49 ,"REBOUND OFF by MCCLAHAN,KERRY",,,"REBOUND OFF by MCCLAHAN,KERRY",2,offensive rebound,,east tex. baptist,"mcclahan,kerry",,"['gerchow,alex', 'detillieu,ryan', 'robertson,marc', 'douglass,parks']","['gray,ahnre', 'felicia,justin', 'augustine,dylan', 'mcclahan,kerry', 'davis,anthony', 'atkins,bret', 'mitchell,junior']",
346,0908,East Tex. Baptist,Millsaps,0,68-78,"36,42","25,43",1-0,0-1,N/A,N/A,11/15/14,4:00 p.m.,N/A,"Marshall, TX (Ornelas Gym)",Win,2,False,347,False,12:16,,36,,49 ,"MISS JUMPER by MCCLAHAN,KERRY",,,"MISS JUMPER by MCCLAHAN,KERRY",2,jumper,missed,east tex. baptist,"mcclahan,kerry",,"['gerchow,alex', 'detillieu,ryan', 'robertson,marc', 'douglass,parks']","['gray,ahnre', 'felicia,justin', 'augustine,dylan', 'mcclahan,kerry', 'davis,anthony', 'atkins,bret', 'mitchell,junior']",736
347,0908,East Tex. Baptist,Millsaps,0,68-78,"36,42","25,43",1-0,0-1,N/A,N/A,11/15/14,4:00 p.m.,N/A,"Marshall, TX (Ornelas Gym)",Win,2,False,347,False,--,,36,,49 ,"REBOUND OFF by GRAY,AHNRE",,,"REBOUND OFF by GRAY,AHNRE",2,offensive rebound,,east tex. baptist,"gray,ahnre",,"['gerchow,alex', 'detillieu,ryan', 'robertson,marc', 'douglass,parks']","['gray,ahnre', 'felicia,justin', 'augustine,dylan', 'mcclahan,kerry', 'davis,anthony', 'atkins,bret', 'mitchell,junior']",
348,0908,East Tex. Baptist,Millsaps,0,68-78,"36,42","25,43",1-0,0-1,N/A,N/A,11/15/14,4:00 p.m.,N/A,"Marshall, TX (Ornelas Gym)",Win,2,False,347,False,12:12,"FOUL  by GERCHOW,ALEX",36,,49 ,,,,"FOUL  by GERCHOW,ALEX",2,foul,,millsaps,"gerchow,alex",,"['gerchow,alex', 'detillieu,ryan', 'robertson,marc', 'douglass,parks']","['gray,ahnre', 'felicia,justin', 'augustine,dylan', 'mcclahan,kerry', 'davis,anthony', 'atkins,bret', 'mitchell,junior']",732
349,0908,East Tex. Baptist,Millsaps,0,68-78,"36,42","25,43",1-0,0-1,N/A,N/A,11/15/14,4:00 p.m.,N/A,"Marshall, TX (Ornelas Gym)",Win,2,False,347,False,12:12,,36,,50 ,"GOOD FT by GRAY,AHNRE",ETBU 36-50 (-14),,"GOOD FT by GRAY,AHNRE",2,free throw,good,east tex. baptist,"gray,ahnre",1,"['gerchow,alex', 'detillieu,ryan', 'robertson,marc', 'douglass,parks']","['gray,ahnre', 'felicia,justin', 'augustine,dylan', 'mcclahan,kerry', 'davis,anthony', 'atkins,bret', 'mitchell,junior']",732
350,0908,East Tex. Baptist,Millsaps,0,68-78,"36,42","25,43",1-0,0-1,N/A,N/A,11/15/14,4:00 p.m.,N/A,"Marshall, TX (Ornelas Gym)",Win,2,False,347,False,12:12,,36,,51 ,"GOOD FT by GRAY,AHNRE",ETBU 36-51 (-15),,"GOOD FT by GRAY,AHNRE",2,free throw,good,east tex. baptist,"gray,ahnre",1,"['gerchow,alex', 'detillieu,ryan', 'robertson,marc', 'douglass,parks']","['gray,ahnre', 'felicia,justin', 'augustine,dylan', 'mcclahan,kerry', 'davis,anthony', 'atkins,bret', 'mitchell,junior']",732
351,0908,East Tex. Baptist,Millsaps,0,68-78,"36,42","25,43",1-0,0-1,N/A,N/A,11/15/14,4:00 p.m.,N/A,"Marshall, TX (Ornelas Gym)",Win,2,False,347,False,12:11,,36,,51 ,"FOUL  by MITCHELL,JUNIOR",,,"FOUL  by MITCHELL,JUNIOR",2,foul,,east tex. baptist,"mitchell,junior",,"['gerchow,alex', 'detillieu,ryan', 'robertson,marc', 'douglass,parks']","['gray,ahnre', 'felicia,justin', 'augustine,dylan', 'mcclahan,kerry', 'davis,anthony', 'atkins,bret', 'mitchell,junior']",731
352,0908,East Tex. Baptist,Millsaps,0,68-78,"36,42","25,43",1-0,0-1,N/A,N/A,11/15/14,4:00 p.m.,N/A,"Marshall, TX (Ornelas Gym)",Win,2,False,347,False,12:06,"GOOD FT by AUBERT,DUSTIN",37,,51 ,,MILLSAPS 37-51 (-14),,"GOOD FT by AUBERT,DUSTIN",2,free throw,good,millsaps,"aubert,dustin",1,"['gerchow,alex', 'detillieu,ryan', 'robertson,marc', 'douglass,parks']","['gray,ahnre', 'felicia,justin', 'augustine,dylan', 'mcclahan,kerry', 'davis,anthony', 'atkins,bret', 'mitchell,junior']",726
353,0908,East Tex. Baptist,Millsaps,0,68-78,"36,42","25,43",1-0,0-1,N/A,N/A,11/15/14,4:00 p.m.,N/A,"Marshall, TX (Ornelas Gym)",Win,2,False,347,False,11:58,,37,,53 ,"GOOD LAYUP by MCCLAHAN,KERRY(in the paint)",ETBU 37-53 (-16),,"GOOD LAYUP by MCCLAHAN,KERRY(in the paint)",2,layup,good,east tex. baptist,"mcclahan,kerry",2,"['gerchow,alex', 'detillieu,ryan', 'robertson,marc', 'douglass,parks']","['gray,ahnre', 'felicia,justin', 'augustine,dylan', 'mcclahan,kerry', 'davis,anthony', 'atkins,bret', 'mitchell,junior']",718
354,0908,East Tex. Baptist,Millsaps,0,68-78,"36,42","25,43",1-0,0-1,N/A,N/A,11/15/14,4:00 p.m.,N/A,"Marshall, TX (Ornelas Gym)",Win,2,False,347,False,--,,37,,53 ,"ASSIST  by AUGUSTINE,DYLAN",,,"ASSIST  by AUGUSTINE,DYLAN",2,assist,,east tex. baptist,"augustine,dylan",,"['gerchow,alex', 'detillieu,ryan', 'robertson,marc', 'douglass,parks']","['gray,ahnre', 'felicia,justin', 'augustine,dylan', 'mcclahan,kerry', 'davis,anthony', 'atkins,bret', 'mitchell,junior']",
355,0908,East Tex. Baptist,Millsaps,0,68-78,"36,42","25,43",1-0,0-1,N/A,N/A,11/15/14,4:00 p.m.,N/A,"Marshall, TX (Ornelas Gym)",Win,2,False,347,False,11:57,"FOUL  by AUBERT,DUSTIN",37,,53 ,,,,"FOUL  by AUBERT,DUSTIN",2,foul,,millsaps,"aubert,dustin",,"['gerchow,alex', 'detillieu,ryan', 'robertson,marc', 'douglass,parks']","['gray,ahnre', 'felicia,justin', 'augustine,dylan', 'mcclahan,kerry', 'davis,anthony', 'atkins,bret', 'mitchell,junior']",717
356,0908,East Tex. Baptist,Millsaps,0,68-78,"36,42","25,43",1-0,0-1,N/A,N/A,11/15/14,4:00 p.m.,N/A,"Marshall, TX (Ornelas Gym)",Win,2,False,347,False,11:44,,37,,53 ,"MISS FT by MCCLAHAN,KERRY",,,"MISS FT by MCCLAHAN,KERRY",2,free throw,missed,east tex. baptist,"mcclahan,kerry",,"['gerchow,alex', 'detillieu,ryan', 'robertson,marc', 'douglass,parks']","['gray,ahnre', 'felicia,justin', 'augustine,dylan', 'mcclahan,kerry', 'davis,anthony', 'atkins,bret', 'mitchell,junior']",704
357,0908,East Tex. Baptist,Millsaps,0,68-78,"36,42","25,43",1-0,0-1,N/A,N/A,11/15/14,4:00 p.m.,N/A,"Marshall, TX (Ornelas Gym)",Win,2,False,347,False,--,,37,,53 ,"REBOUND OFF by HORTON,ERIC",,,"REBOUND OFF by HORTON,ERIC",2,offensive rebound,,east tex. baptist,"horton,eric",,"['gerchow,alex', 'detillieu,ryan', 'robertson,marc', 'douglass,parks']","['gray,ahnre', 'felicia,justin', 'augustine,dylan', 'mcclahan,kerry', 'davis,anthony', 'atkins,bret', 'mitchell,junior']",
358,0908,East Tex. Baptist,Millsaps,0,68-78,"36,42","25,43",1-0,0-1,N/A,N/A,11/15/14,4:00 p.m.,N/A,"Marshall, TX (Ornelas Gym)",Win,2,False,347,False,11:30,,37,,53 ,"FOUL  by AUGUSTINE,DYLAN",,,"FOUL  by AUGUSTINE,DYLAN",2,foul,,east tex. baptist,"augustine,dylan",,"['gerchow,alex', 'detillieu,ryan', 'robertson,marc', 'douglass,parks']","['gray,ahnre', 'felicia,justin', 'augustine,dylan', 'mcclahan,kerry', 'davis,anthony', 'atkins,bret', 'mitchell,junior']",690
359,0908,East Tex. Baptist,Millsaps,0,68-78,"36,42","25,43",1-0,0-1,N/A,N/A,11/15/14,4:00 p.m.,N/A,"Marshall, TX (Ornelas Gym)",Win,2,False,347,False,11:30,,37,,53 ,TIMEOUT 30SEC by TEAM,,,TIMEOUT 30SEC by TEAM,2,timeout,,east tex. baptist,,,"['gerchow,alex', 'detillieu,ryan', 'robertson,marc', 'douglass,parks']","['gray,ahnre', 'felicia,justin', 'augustine,dylan', 'mcclahan,kerry', 'davis,anthony', 'atkins,bret', 'mitchell,junior']",690
360,0908,East Tex. Baptist,Millsaps,0,68-78,"36,42","25,43",1-0,0-1,N/A,N/A,11/15/14,4:00 p.m.,N/A,"Marshall, TX (Ornelas Gym)",Win,2,False,347,False,11:30,"MISS FT by ATKINSON,QUINN",37,,53 ,,,,"MISS FT by ATKINSON,QUINN",2,free throw,missed,millsaps,"atkinson,quinn",,"['gerchow,alex', 'detillieu,ryan', 'robertson,marc', 'douglass,parks']","['gray,ahnre', 'felicia,justin', 'augustine,dylan', 'mcclahan,kerry', 'davis,anthony', 'atkins,bret', 'mitchell,junior']",690
361,0908,East Tex. Baptist,Millsaps,0,68-78,"36,42","25,43",1-0,0-1,N/A,N/A,11/15/14,4:00 p.m.,N/A,"Marshall, TX (Ornelas Gym)",Win,2,False,347,False,--,REBOUND DEADB by TEAM,37,,53 ,,,,REBOUND DEADB by TEAM,2,deadball rebound,,millsaps,,,"['gerchow,alex', 'detillieu,ryan', 'robertson,marc', 'douglass,parks']","['gray,ahnre', 'felicia,justin', 'augustine,dylan', 'mcclahan,kerry', 'davis,anthony', 'atkins,bret', 'mitchell,junior']",
362,0908,East Tex. Baptist,Millsaps,0,68-78,"36,42","25,43",1-0,0-1,N/A,N/A,11/15/14,4:00 p.m.,N/A,"Marshall, TX (Ornelas Gym)",Win,2,False,347,False,11:30,"GOOD FT by ATKINSON,QUINN",38,,53 ,,MILLSAPS 38-53 (-15),,"GOOD FT by ATKINSON,QUINN",2,free throw,good,millsaps,"atkinson,quinn",1,"['gerchow,alex', 'detillieu,ryan', 'robertson,marc', 'douglass,parks']","['gray,ahnre', 'felicia,justin', 'augustine,dylan', 'mcclahan,kerry', 'davis,anthony', 'atkins,bret', 'mitchell,junior']",690
363,0908,East Tex. Baptist,Millsaps,0,68-78,"36,42","25,43",1-0,0-1,N/A,N/A,11/15/14,4:00 p.m.,N/A,"Marshall, TX (Ornelas Gym)",Win,2,False,347,False,11:23,"FOUL  by MANCUSO,LOGAN",38,,53 ,,,,"FOUL  by MANCUSO,LOGAN",2,foul,,millsaps,"mancuso,logan",,"['gerchow,alex', 'detillieu,ryan', 'robertson,marc', 'douglass,parks']","['gray,ahnre', 'felicia,justin', 'augustine,dylan', 'mcclahan,kerry', 'davis,anthony', 'atkins,bret', 'mitchell,junior']",683
364,0908,East Tex. Baptist,Millsaps,0,68-78,"36,42","25,43",1-0,0-1,N/A,N/A,11/15/14,4:00 p.m.,N/A,"Marshall, TX (Ornelas Gym)",Win,2,False,347,False,11:23,,38,,53 ,"MISS FT by GRAY,AHNRE",,,"MISS FT by GRAY,AHNRE",2,free throw,missed,east tex. baptist,"gray,ahnre",,"['gerchow,alex', 'detillieu,ryan', 'robertson,marc', 'douglass,parks']","['gray,ahnre', 'felicia,justin', 'augustine,dylan', 'mcclahan,kerry', 'davis,anthony', 'atkins,bret', 'mitchell,junior']",683
365,0908,East Tex. Baptist,Millsaps,0,68-78,"36,42","25,43",1-0,0-1,N/A,N/A,11/15/14,4:00 p.m.,N/A,"Marshall, TX (Ornelas Gym)",Win,2,False,347,False,--,,38,,53 ,REBOUND DEADB by TEAM,,,REBOUND DEADB by TEAM,2,deadball rebound,,east tex. baptist,,,"['gerchow,alex', 'detillieu,ryan', 'robertson,marc', 'douglass,parks']","['gray,ahnre', 'felicia,justin', 'augustine,dylan', 'mcclahan,kerry', 'davis,anthony', 'atkins,bret', 'mitchell,junior']",
366,0908,East Tex. Baptist,Millsaps,0,68-78,"36,42","25,43",1-0,0-1,N/A,N/A,11/15/14,4:00 p.m.,N/A,"Marshall, TX (Ornelas Gym)",Win,2,False,347,False,11:23,,38,,53 ,"MISS FT by GRAY,AHNRE",,,"MISS FT by GRAY,AHNRE",2,free throw,missed,east tex. baptist,"gray,ahnre",,"['gerchow,alex', 'detillieu,ryan', 'robertson,marc', 'douglass,parks']","['gray,ahnre', 'felicia,justin', 'augustine,dylan', 'mcclahan,kerry', 'davis,anthony', 'atkins,bret', 'mitchell,junior']",683
367,0908,East Tex. Baptist,Millsaps,0,68-78,"36,42","25,43",1-0,0-1,N/A,N/A,11/15/14,4:00 p.m.,N/A,"Marshall, TX (Ornelas Gym)",Win,2,False,347,False,--,"REBOUND DEF by MANCUSO,LOGAN",38,,53 ,,,,"REBOUND DEF by MANCUSO,LOGAN",2,defensive rebound,,millsaps,"mancuso,logan",,"['gerchow,alex', 'detillieu,ryan', 'robertson,marc', 'douglass,parks']","['gray,ahnre', 'felicia,justin', 'augustine,dylan', 'mcclahan,kerry', 'davis,anthony', 'atkins,bret', 'mitchell,junior']",
368,0908,East Tex. Baptist,Millsaps,0,68-78,"36,42","25,43",1-0,0-1,N/A,N/A,11/15/14,4:00 p.m.,N/A,"Marshall, TX (Ornelas Gym)",Win,2,False,347,False,11:23,"SUB IN by MANCUSO,LOGAN",38,,53 ,,,,"SUB IN by MANCUSO,LOGAN",2,subbing in,,millsaps,"mancuso,logan",,"['gerchow,alex', 'detillieu,ryan', 'robertson,marc', 'douglass,parks']","['gray,ahnre', 'felicia,justin', 'augustine,dylan', 'mcclahan,kerry', 'davis,anthony', 'atkins,bret', 'mitchell,junior']",683
369,0908,East Tex. Baptist,Millsaps,0,68-78,"36,42","25,43",1-0,0-1,N/A,N/A,11/15/14,4:00 p.m.,N/A,"Marshall, TX (Ornelas Gym)",Win,2,False,347,False,11:23,"SUB OUT by GERCHOW,ALEX",38,,53 ,,,,"SUB OUT by GERCHOW,ALEX",2,subbing out,,millsaps,"gerchow,alex",,"['detillieu,ryan', 'robertson,marc', 'douglass,parks']","['gray,ahnre', 'felicia,justin', 'augustine,dylan', 'mcclahan,kerry', 'davis,anthony', 'atkins,bret', 'mitchell,junior']",683
370,0908,East Tex. Baptist,Millsaps,0,68-78,"36,42","25,43",1-0,0-1,N/A,N/A,11/15/14,4:00 p.m.,N/A,"Marshall, TX (Ornelas Gym)",Win,2,False,347,False,11:08,"MISS JUMPER by MANCUSO,LOGAN",38,,53 ,,,,"MISS JUMPER by MANCUSO,LOGAN",2,jumper,missed,millsaps,"mancuso,logan",,"['detillieu,ryan', 'robertson,marc', 'douglass,parks']","['gray,ahnre', 'felicia,justin', 'augustine,dylan', 'mcclahan,kerry', 'davis,anthony', 'atkins,bret', 'mitchell,junior']",668
371,0908,East Tex. Baptist,Millsaps,0,68-78,"36,42","25,43",1-0,0-1,N/A,N/A,11/15/14,4:00 p.m.,N/A,"Marshall, TX (Ornelas Gym)",Win,2,False,347,False,--,,38,,53 ,"REBOUND DEF by MCCLAHAN,KERRY",,,"REBOUND DEF by MCCLAHAN,KERRY",2,defensive rebound,,east tex. baptist,"mcclahan,kerry",,"['detillieu,ryan', 'robertson,marc', 'douglass,parks']","['gray,ahnre', 'felicia,justin', 'augustine,dylan', 'mcclahan,kerry', 'davis,anthony', 'atkins,bret', 'mitchell,junior']",
372,0908,East Tex. Baptist,Millsaps,0,68-78,"36,42","25,43",1-0,0-1,N/A,N/A,11/15/14,4:00 p.m.,N/A,"Marshall, TX (Ornelas Gym)",Win,2,False,347,False,11:03,"FOUL  by MANCUSO,LOGAN",38,,53 ,,,,"FOUL  by MANCUSO,LOGAN",2,foul,,millsaps,"mancuso,logan",,"['detillieu,ryan', 'robertson,marc', 'douglass,parks']","['gray,ahnre', 'felicia,justin', 'augustine,dylan', 'mcclahan,kerry', 'davis,anthony', 'atkins,bret', 'mitchell,junior']",663
373,0908,East Tex. Baptist,Millsaps,0,68-78,"36,42","25,43",1-0,0-1,N/A,N/A,11/15/14,4:00 p.m.,N/A,"Marshall, TX (Ornelas Gym)",Win,2,False,347,False,11:03,,38,,53 ,"MISS FT by MCCLAHAN,KERRY",,,"MISS FT by MCCLAHAN,KERRY",2,free throw,missed,east tex. baptist,"mcclahan,kerry",,"['detillieu,ryan', 'robertson,marc', 'douglass,parks']","['gray,ahnre', 'felicia,justin', 'augustine,dylan', 'mcclahan,kerry', 'davis,anthony', 'atkins,bret', 'mitchell,junior']",663
374,0908,East Tex. Baptist,Millsaps,0,68-78,"36,42","25,43",1-0,0-1,N/A,N/A,11/15/14,4:00 p.m.,N/A,"Marshall, TX (Ornelas Gym)",Win,2,False,347,False,--,"REBOUND DEF by MANCUSO,LOGAN",38,,53 ,,,,"REBOUND DEF by MANCUSO,LOGAN",2,defensive rebound,,millsaps,"mancuso,logan",,"['detillieu,ryan', 'robertson,marc', 'douglass,parks']","['gray,ahnre', 'felicia,justin', 'augustine,dylan', 'mcclahan,kerry', 'davis,anthony', 'atkins,bret', 'mitchell,junior']",
375,0908,East Tex. Baptist,Millsaps,0,68-78,"36,42","25,43",1-0,0-1,N/A,N/A,11/15/14,4:00 p.m.,N/A,"Marshall, TX (Ornelas Gym)",Win,2,False,347,False,11:03,,38,,53 ,"SUB IN by FELICIA,JUSTIN",,,"SUB IN by FELICIA,JUSTIN",2,subbing in,,east tex. baptist,"felicia,justin",,"['detillieu,ryan', 'robertson,marc', 'douglass,parks']","['gray,ahnre', 'felicia,justin', 'augustine,dylan', 'mcclahan,kerry', 'davis,anthony', 'atkins,bret', 'mitchell,junior']",663
376,0908,East Tex. Baptist,Millsaps,0,68-78,"36,42","25,43",1-0,0-1,N/A,N/A,11/15/14,4:00 p.m.,N/A,"Marshall, TX (Ornelas Gym)",Win,2,False,347,False,11:03,,38,,53 ,"SUB OUT by GRAY,AHNRE",,,"SUB OUT by GRAY,AHNRE",2,subbing out,,east tex. baptist,"gray,ahnre",,"['detillieu,ryan', 'robertson,marc', 'douglass,parks']","['gray,ahnre', 'felicia,justin', 'augustine,dylan', 'mcclahan,kerry', 'davis,anthony', 'atkins,bret', 'mitchell,junior']",663
377,0908,East Tex. Baptist,Millsaps,0,68-78,"36,42","25,43",1-0,0-1,N/A,N/A,11/15/14,4:00 p.m.,N/A,"Marshall, TX (Ornelas Gym)",Win,2,False,347,False,10:52,"GOOD 3PTR by ATKINSON,QUINN",41,,53 ,,MILLSAPS 41-53 (-12),,"GOOD 3PTR by ATKINSON,QUINN",2,three pointer,good,millsaps,"atkinson,quinn",3,"['detillieu,ryan', 'robertson,marc', 'douglass,parks']","['gray,ahnre', 'felicia,justin', 'augustine,dylan', 'mcclahan,kerry', 'davis,anthony', 'atkins,bret', 'mitchell,junior']",652
378,0908,East Tex. Baptist,Millsaps,0,68-78,"36,42","25,43",1-0,0-1,N/A,N/A,11/15/14,4:00 p.m.,N/A,"Marshall, TX (Ornelas Gym)",Win,2,False,347,False,--,"ASSIST  by DOUGLASS,PARKS",41,,53 ,,,,"ASSIST  by DOUGLASS,PARKS",2,assist,,millsaps,"douglass,parks",,"['detillieu,ryan', 'robertson,marc', 'douglass,parks']","['gray,ahnre', 'felicia,justin', 'augustine,dylan', 'mcclahan,kerry', 'davis,anthony', 'atkins,bret', 'mitchell,junior']",
379,0908,East Tex. Baptist,Millsaps,0,68-78,"36,42","25,43",1-0,0-1,N/A,N/A,11/15/14,4:00 p.m.,N/A,"Marshall, TX (Ornelas Gym)",Win,2,False,347,False,10:48,,41,,56 ,"GOOD 3PTR by AUGUSTINE,DYLAN",ETBU 41-56 (-15),,"GOOD 3PTR by AUGUSTINE,DYLAN",2,three pointer,good,east tex. baptist,"augustine,dylan",3,"['detillieu,ryan', 'robertson,marc', 'douglass,parks']","['gray,ahnre', 'felicia,justin', 'augustine,dylan', 'mcclahan,kerry', 'davis,anthony', 'atkins,bret', 'mitchell,junior']",648
380,0908,East Tex. Baptist,Millsaps,0,68-78,"36,42","25,43",1-0,0-1,N/A,N/A,11/15/14,4:00 p.m.,N/A,"Marshall, TX (Ornelas Gym)",Win,2,False,347,False,--,,41,,56 ,"ASSIST  by MITCHELL,JUNIOR",,,"ASSIST  by MITCHELL,JUNIOR",2,assist,,east tex. baptist,"mitchell,junior",,"['detillieu,ryan', 'robertson,marc', 'douglass,parks']","['gray,ahnre', 'felicia,justin', 'augustine,dylan', 'mcclahan,kerry', 'davis,anthony', 'atkins,bret', 'mitchell,junior']",
381,0908,East Tex. Baptist,Millsaps,0,68-78,"36,42","25,43",1-0,0-1,N/A,N/A,11/15/14,4:00 p.m.,N/A,"Marshall, TX (Ornelas Gym)",Win,2,False,347,False,10:33,"TURNOVER  by ATKINSON,QUINN",41,,56 ,,,,"TURNOVER  by ATKINSON,QUINN",2,turnover,,millsaps,"atkinson,quinn",,"['detillieu,ryan', 'robertson,marc', 'douglass,parks']","['gray,ahnre', 'felicia,justin', 'augustine,dylan', 'mcclahan,kerry', 'davis,anthony', 'atkins,bret', 'mitchell,junior']",633
382,0908,East Tex. Baptist,Millsaps,0,68-78,"36,42","25,43",1-0,0-1,N/A,N/A,11/15/14,4:00 p.m.,N/A,"Marshall, TX (Ornelas Gym)",Win,2,False,347,False,10:33,,41,,56 ,"SUB IN by SAMUEL,JAMIL",,,"SUB IN by SAMUEL,JAMIL",2,subbing in,,east tex. baptist,"samuel,jamil",,"['detillieu,ryan', 'robertson,marc', 'douglass,parks']","['gray,ahnre', 'felicia,justin', 'augustine,dylan', 'mcclahan,kerry', 'davis,anthony', 'atkins,bret', 'mitchell,junior', 'samuel,jamil']",633
383,0908,East Tex. Baptist,Millsaps,0,68-78,"36,42","25,43",1-0,0-1,N/A,N/A,11/15/14,4:00 p.m.,N/A,"Marshall, TX (Ornelas Gym)",Win,2,False,347,False,10:33,,41,,56 ,"SUB OUT by MCCLAHAN,KERRY",,,"SUB OUT by MCCLAHAN,KERRY",2,subbing out,,east tex. baptist,"mcclahan,kerry",,"['detillieu,ryan', 'robertson,marc', 'douglass,parks']","['gray,ahnre', 'felicia,justin', 'augustine,dylan', 'davis,anthony', 'atkins,bret', 'mitchell,junior', 'samuel,jamil']",633
384,0908,East Tex. Baptist,Millsaps,0,68-78,"36,42","25,43",1-0,0-1,N/A,N/A,11/15/14,4:00 p.m.,N/A,"Marshall, TX (Ornelas Gym)",Win,2,False,347,False,10:23,,41,,58 ,"GOOD LAYUP by MITCHELL,JUNIOR(in the paint)",ETBU 41-58 (-17),,"GOOD LAYUP by MITCHELL,JUNIOR(in the paint)",2,layup,good,east tex. baptist,"mitchell,junior",2,"['detillieu,ryan', 'robertson,marc', 'douglass,parks']","['gray,ahnre', 'felicia,justin', 'augustine,dylan', 'davis,anthony', 'atkins,bret', 'mitchell,junior', 'samuel,jamil']",623
385,0908,East Tex. Baptist,Millsaps,0,68-78,"36,42","25,43",1-0,0-1,N/A,N/A,11/15/14,4:00 p.m.,N/A,"Marshall, TX (Ornelas Gym)",Win,2,False,347,False,--,,41,,58 ,"ASSIST  by SAMUEL,JAMIL",,,"ASSIST  by SAMUEL,JAMIL",2,assist,,east tex. baptist,"samuel,jamil",,"['detillieu,ryan', 'robertson,marc', 'douglass,parks']","['gray,ahnre', 'felicia,justin', 'augustine,dylan', 'davis,anthony', 'atkins,bret', 'mitchell,junior', 'samuel,jamil']",
386,0908,East Tex. Baptist,Millsaps,0,68-78,"36,42","25,43",1-0,0-1,N/A,N/A,11/15/14,4:00 p.m.,N/A,"Marshall, TX (Ornelas Gym)",Win,2,False,347,False,10:19,"FOUL  by MOORE,MYLES",41,,58 ,,,,"FOUL  by MOORE,MYLES",2,foul,,millsaps,"moore,myles",,"['detillieu,ryan', 'robertson,marc', 'douglass,parks']","['gray,ahnre', 'felicia,justin', 'augustine,dylan', 'davis,anthony', 'atkins,bret', 'mitchell,junior', 'samuel,jamil']",619
387,0908,East Tex. Baptist,Millsaps,0,68-78,"36,42","25,43",1-0,0-1,N/A,N/A,11/15/14,4:00 p.m.,N/A,"Marshall, TX (Ornelas Gym)",Win,2,False,347,False,10:14,,41,,58 ,"MISS FT by MITCHELL,JUNIOR",,,"MISS FT by MITCHELL,JUNIOR",2,free throw,missed,east tex. baptist,"mitchell,junior",,"['detillieu,ryan', 'robertson,marc', 'douglass,parks']","['gray,ahnre', 'felicia,justin', 'augustine,dylan', 'davis,anthony', 'atkins,bret', 'mitchell,junior', 'samuel,jamil']",614
388,0908,East Tex. Baptist,Millsaps,0,68-78,"36,42","25,43",1-0,0-1,N/A,N/A,11/15/14,4:00 p.m.,N/A,"Marshall, TX (Ornelas Gym)",Win,2,False,347,False,--,"REBOUND DEF by MCELVEEN,MAC",41,,58 ,,,,"REBOUND DEF by MCELVEEN,MAC",2,defensive rebound,,millsaps,"mcelveen,mac",,"['detillieu,ryan', 'robertson,marc', 'douglass,parks']","['gray,ahnre', 'felicia,justin', 'augustine,dylan', 'davis,anthony', 'atkins,bret', 'mitchell,junior', 'samuel,jamil']",
389,0908,East Tex. Baptist,Millsaps,0,68-78,"36,42","25,43",1-0,0-1,N/A,N/A,11/15/14,4:00 p.m.,N/A,"Marshall, TX (Ornelas Gym)",Win,2,False,347,False,10:09,"SUB IN by ROBERTSON,MARC",41,,58 ,,,,"SUB IN by ROBERTSON,MARC",2,subbing in,,millsaps,"robertson,marc",,"['detillieu,ryan', 'robertson,marc', 'douglass,parks']","['gray,ahnre', 'felicia,justin', 'augustine,dylan', 'davis,anthony', 'atkins,bret', 'mitchell,junior', 'samuel,jamil']",609
390,0908,East Tex. Baptist,Millsaps,0,68-78,"36,42","25,43",1-0,0-1,N/A,N/A,11/15/14,4:00 p.m.,N/A,"Marshall, TX (Ornelas Gym)",Win,2,False,347,False,10:09,"SUB IN by GERCHOW,ALEX",41,,58 ,,,,"SUB IN by GERCHOW,ALEX",2,subbing in,,millsaps,"gerchow,alex",,"['detillieu,ryan', 'robertson,marc', 'douglass,parks']","['gray,ahnre', 'felicia,justin', 'augustine,dylan', 'davis,anthony', 'atkins,bret', 'mitchell,junior', 'samuel,jamil']",609
391,0908,East Tex. Baptist,Millsaps,0,68-78,"36,42","25,43",1-0,0-1,N/A,N/A,11/15/14,4:00 p.m.,N/A,"Marshall, TX (Ornelas Gym)",Win,2,False,347,False,10:09,"SUB IN by MCELVEEN,MAC",41,,58 ,,,,"SUB IN by MCELVEEN,MAC",2,subbing in,,millsaps,"mcelveen,mac",,"['detillieu,ryan', 'robertson,marc', 'douglass,parks', 'mcelveen,mac']","['gray,ahnre', 'felicia,justin', 'augustine,dylan', 'davis,anthony', 'atkins,bret', 'mitchell,junior', 'samuel,jamil']",609
392,0908,East Tex. Baptist,Millsaps,0,68-78,"36,42","25,43",1-0,0-1,N/A,N/A,11/15/14,4:00 p.m.,N/A,"Marshall, TX (Ornelas Gym)",Win,2,False,347,False,10:09,"SUB OUT by MOORE,MYLES",41,,58 ,,,,"SUB OUT by MOORE,MYLES",2,subbing out,,millsaps,"moore,myles",,"['detillieu,ryan', 'robertson,marc', 'douglass,parks', 'mcelveen,mac']","['gray,ahnre', 'felicia,justin', 'augustine,dylan', 'davis,anthony', 'atkins,bret', 'mitchell,junior', 'samuel,jamil']",609
393,0908,East Tex. Baptist,Millsaps,0,68-78,"36,42","25,43",1-0,0-1,N/A,N/A,11/15/14,4:00 p.m.,N/A,"Marshall, TX (Ornelas Gym)",Win,2,False,347,False,10:09,"SUB OUT by ATKINSON,QUINN",41,,58 ,,,,"SUB OUT by ATKINSON,QUINN",2,subbing out,,millsaps,"atkinson,quinn",,"['detillieu,ryan', 'robertson,marc', 'douglass,parks', 'mcelveen,mac']","['gray,ahnre', 'felicia,justin', 'augustine,dylan', 'davis,anthony', 'atkins,bret', 'mitchell,junior', 'samuel,jamil']",609
394,0908,East Tex. Baptist,Millsaps,0,68-78,"36,42","25,43",1-0,0-1,N/A,N/A,11/15/14,4:00 p.m.,N/A,"Marshall, TX (Ornelas Gym)",Win,2,False,347,False,10:09,"SUB OUT by MANCUSO,LOGAN",41,,58 ,,,,"SUB OUT by MANCUSO,LOGAN",2,subbing out,,millsaps,"mancuso,logan",,"['detillieu,ryan', 'robertson,marc', 'douglass,parks', 'mcelveen,mac']","['gray,ahnre', 'felicia,justin', 'augustine,dylan', 'davis,anthony', 'atkins,bret', 'mitchell,junior', 'samuel,jamil']",609
395,0908,East Tex. Baptist,Millsaps,0,68-78,"36,42","25,43",1-0,0-1,N/A,N/A,11/15/14,4:00 p.m.,N/A,"Marshall, TX (Ornelas Gym)",Win,2,False,347,False,10:02,"MISS LAYUP by AUBERT,DUSTIN",41,,58 ,,,,"MISS LAYUP by AUBERT,DUSTIN",2,layup,missed,millsaps,"aubert,dustin",,"['detillieu,ryan', 'robertson,marc', 'douglass,parks', 'mcelveen,mac']","['gray,ahnre', 'felicia,justin', 'augustine,dylan', 'davis,anthony', 'atkins,bret', 'mitchell,junior', 'samuel,jamil']",602
396,0908,East Tex. Baptist,Millsaps,0,68-78,"36,42","25,43",1-0,0-1,N/A,N/A,11/15/14,4:00 p.m.,N/A,"Marshall, TX (Ornelas Gym)",Win,2,False,347,False,10:02,,41,,58 ,"BLOCK  by SAMUEL,JAMIL",,,"BLOCK  by SAMUEL,JAMIL",2,block,,east tex. baptist,"samuel,jamil",,"['detillieu,ryan', 'robertson,marc', 'douglass,parks', 'mcelveen,mac']","['gray,ahnre', 'felicia,justin', 'augustine,dylan', 'davis,anthony', 'atkins,bret', 'mitchell,junior', 'samuel,jamil']",602
397,0908,East Tex. Baptist,Millsaps,0,68-78,"36,42","25,43",1-0,0-1,N/A,N/A,11/15/14,4:00 p.m.,N/A,"Marshall, TX (Ornelas Gym)",Win,2,False,347,False,--,"REBOUND OFF by GERCHOW,ALEX",41,,58 ,,,,"REBOUND OFF by GERCHOW,ALEX",2,offensive rebound,,millsaps,"gerchow,alex",,"['detillieu,ryan', 'robertson,marc', 'douglass,parks', 'mcelveen,mac']","['gray,ahnre', 'felicia,justin', 'augustine,dylan', 'davis,anthony', 'atkins,bret', 'mitchell,junior', 'samuel,jamil']",
398,0908,East Tex. Baptist,Millsaps,0,68-78,"36,42","25,43",1-0,0-1,N/A,N/A,11/15/14,4:00 p.m.,N/A,"Marshall, TX (Ornelas Gym)",Win,2,False,347,False,10:02,"GOOD JUMPER by GERCHOW,ALEX",43,,58 ,,MILLSAPS 43-58 (-15),,"GOOD JUMPER by GERCHOW,ALEX",2,jumper,good,millsaps,"gerchow,alex",2,"['detillieu,ryan', 'robertson,marc', 'douglass,parks', 'mcelveen,mac']","['gray,ahnre', 'felicia,justin', 'augustine,dylan', 'davis,anthony', 'atkins,bret', 'mitchell,junior', 'samuel,jamil']",602
399,0908,East Tex. Baptist,Millsaps,0,68-78,"36,42","25,43",1-0,0-1,N/A,N/A,11/15/14,4:00 p.m.,N/A,"Marshall, TX (Ornelas Gym)",Win,2,False,347,False,09:46,,43,,60 ,"GOOD JUMPER by SAMUEL,JAMIL",ETBU 43-60 (-17),,"GOOD JUMPER by SAMUEL,JAMIL",2,jumper,good,east tex. baptist,"samuel,jamil",2,"['detillieu,ryan', 'robertson,marc', 'douglass,parks', 'mcelveen,mac']","['gray,ahnre', 'felicia,justin', 'augustine,dylan', 'davis,anthony', 'atkins,bret', 'mitchell,junior', 'samuel,jamil']",586
400,0908,East Tex. Baptist,Millsaps,0,68-78,"36,42","25,43",1-0,0-1,N/A,N/A,11/15/14,4:00 p.m.,N/A,"Marshall, TX (Ornelas Gym)",Win,2,False,347,False,09:19,"TURNOVER  by AUBERT,DUSTIN",43,,60 ,,,,"TURNOVER  by AUBERT,DUSTIN",2,turnover,,millsaps,"aubert,dustin",,"['detillieu,ryan', 'robertson,marc', 'douglass,parks', 'mcelveen,mac']","['gray,ahnre', 'felicia,justin', 'augustine,dylan', 'davis,anthony', 'atkins,bret', 'mitchell,junior', 'samuel,jamil']",559
401,0908,East Tex. Baptist,Millsaps,0,68-78,"36,42","25,43",1-0,0-1,N/A,N/A,11/15/14,4:00 p.m.,N/A,"Marshall, TX (Ornelas Gym)",Win,2,False,347,False,09:16,,43,,60 ,TIMEOUT MEDIA by TEAM,,,TIMEOUT MEDIA by TEAM,2,timeout,,east tex. baptist,,,"['detillieu,ryan', 'robertson,marc', 'douglass,parks', 'mcelveen,mac']","['gray,ahnre', 'felicia,justin', 'augustine,dylan', 'davis,anthony', 'atkins,bret', 'mitchell,junior', 'samuel,jamil']",556
402,0908,East Tex. Baptist,Millsaps,0,68-78,"36,42","25,43",1-0,0-1,N/A,N/A,11/15/14,4:00 p.m.,N/A,"Marshall, TX (Ornelas Gym)",Win,2,False,347,False,09:16,"SUB IN by DETILLIEU,RYAN",43,,60 ,,,,"SUB IN by DETILLIEU,RYAN",2,subbing in,,millsaps,"detillieu,ryan",,"['detillieu,ryan', 'robertson,marc', 'douglass,parks', 'mcelveen,mac']","['gray,ahnre', 'felicia,justin', 'augustine,dylan', 'davis,anthony', 'atkins,bret', 'mitchell,junior', 'samuel,jamil']",556
403,0908,East Tex. Baptist,Millsaps,0,68-78,"36,42","25,43",1-0,0-1,N/A,N/A,11/15/14,4:00 p.m.,N/A,"Marshall, TX (Ornelas Gym)",Win,2,False,347,False,09:16,"SUB OUT by AUBERT,DUSTIN",43,,60 ,,,,"SUB OUT by AUBERT,DUSTIN",2,subbing out,,millsaps,"aubert,dustin",,"['detillieu,ryan', 'robertson,marc', 'douglass,parks', 'mcelveen,mac']","['gray,ahnre', 'felicia,justin', 'augustine,dylan', 'davis,anthony', 'atkins,bret', 'mitchell,junior', 'samuel,jamil']",556
404,0908,East Tex. Baptist,Millsaps,0,68-78,"36,42","25,43",1-0,0-1,N/A,N/A,11/15/14,4:00 p.m.,N/A,"Marshall, TX (Ornelas Gym)",Win,2,False,347,False,09:16,,43,,60 ,"SUB IN by GRAY,AHNRE",,,"SUB IN by GRAY,AHNRE",2,subbing in,,east tex. baptist,"gray,ahnre",,"['detillieu,ryan', 'robertson,marc', 'douglass,parks', 'mcelveen,mac']","['gray,ahnre', 'felicia,justin', 'augustine,dylan', 'davis,anthony', 'atkins,bret', 'mitchell,junior', 'samuel,jamil']",556
405,0908,East Tex. Baptist,Millsaps,0,68-78,"36,42","25,43",1-0,0-1,N/A,N/A,11/15/14,4:00 p.m.,N/A,"Marshall, TX (Ornelas Gym)",Win,2,False,347,False,09:16,,43,,60 ,"SUB IN by DAVIS,ANTHONY",,,"SUB IN by DAVIS,ANTHONY",2,subbing in,,east tex. baptist,"davis,anthony",,"['detillieu,ryan', 'robertson,marc', 'douglass,parks', 'mcelveen,mac']","['gray,ahnre', 'felicia,justin', 'augustine,dylan', 'davis,anthony', 'atkins,bret', 'mitchell,junior', 'samuel,jamil']",556
406,0908,East Tex. Baptist,Millsaps,0,68-78,"36,42","25,43",1-0,0-1,N/A,N/A,11/15/14,4:00 p.m.,N/A,"Marshall, TX (Ornelas Gym)",Win,2,False,347,False,09:16,,43,,60 ,"SUB IN by THOMPSON,ERBY",,,"SUB IN by THOMPSON,ERBY",2,subbing in,,east tex. baptist,"thompson,erby",,"['detillieu,ryan', 'robertson,marc', 'douglass,parks', 'mcelveen,mac']","['gray,ahnre', 'felicia,justin', 'augustine,dylan', 'davis,anthony', 'atkins,bret', 'mitchell,junior', 'samuel,jamil']",556
407,0908,East Tex. Baptist,Millsaps,0,68-78,"36,42","25,43",1-0,0-1,N/A,N/A,11/15/14,4:00 p.m.,N/A,"Marshall, TX (Ornelas Gym)",Win,2,False,347,False,09:16,,43,,60 ,"SUB OUT by MITCHELL,JUNIOR",,,"SUB OUT by MITCHELL,JUNIOR",2,subbing out,,east tex. baptist,"mitchell,junior",,"['detillieu,ryan', 'robertson,marc', 'douglass,parks', 'mcelveen,mac']","['gray,ahnre', 'felicia,justin', 'augustine,dylan', 'davis,anthony', 'atkins,bret', 'samuel,jamil']",556
408,0908,East Tex. Baptist,Millsaps,0,68-78,"36,42","25,43",1-0,0-1,N/A,N/A,11/15/14,4:00 p.m.,N/A,"Marshall, TX (Ornelas Gym)",Win,2,False,347,False,09:16,,43,,60 ,"SUB OUT by ATKINS,BRET",,,"SUB OUT by ATKINS,BRET",2,subbing out,,east tex. baptist,"atkins,bret",,"['detillieu,ryan', 'robertson,marc', 'douglass,parks', 'mcelveen,mac']","['gray,ahnre', 'felicia,justin', 'augustine,dylan', 'davis,anthony', 'samuel,jamil']",556
409,0908,East Tex. Baptist,Millsaps,0,68-78,"36,42","25,43",1-0,0-1,N/A,N/A,11/15/14,4:00 p.m.,N/A,"Marshall, TX (Ornelas Gym)",Win,2,False,347,False,09:16,,43,,60 ,"SUB OUT by FELICIA,JUSTIN",,,"SUB OUT by FELICIA,JUSTIN",2,subbing out,,east tex. baptist,"felicia,justin",,"['detillieu,ryan', 'robertson,marc', 'douglass,parks', 'mcelveen,mac']","['gray,ahnre', 'augustine,dylan', 'davis,anthony', 'samuel,jamil']",556
410,0908,East Tex. Baptist,Millsaps,0,68-78,"36,42","25,43",1-0,0-1,N/A,N/A,11/15/14,4:00 p.m.,N/A,"Marshall, TX (Ornelas Gym)",Win,2,False,347,False,09:13,,43,,60 ,"MISS LAYUP by GRAY,AHNRE",,,"MISS LAYUP by GRAY,AHNRE",2,layup,missed,east tex. baptist,"gray,ahnre",,"['detillieu,ryan', 'robertson,marc', 'douglass,parks', 'mcelveen,mac']","['gray,ahnre', 'augustine,dylan', 'davis,anthony', 'samuel,jamil']",553
411,0908,East Tex. Baptist,Millsaps,0,68-78,"36,42","25,43",1-0,0-1,N/A,N/A,11/15/14,4:00 p.m.,N/A,"Marshall, TX (Ornelas Gym)",Win,2,False,347,False,--,"REBOUND DEF by MCELVEEN,MAC",43,,60 ,,,,"REBOUND DEF by MCELVEEN,MAC",2,defensive rebound,,millsaps,"mcelveen,mac",,"['detillieu,ryan', 'robertson,marc', 'douglass,parks', 'mcelveen,mac']","['gray,ahnre', 'augustine,dylan', 'davis,anthony', 'samuel,jamil']",
412,0908,East Tex. Baptist,Millsaps,0,68-78,"36,42","25,43",1-0,0-1,N/A,N/A,11/15/14,4:00 p.m.,N/A,"Marshall, TX (Ornelas Gym)",Win,2,False,347,False,08:58,"MISS JUMPER by MCELVEEN,MAC",43,,60 ,,,,"MISS JUMPER by MCELVEEN,MAC",2,jumper,missed,millsaps,"mcelveen,mac",,"['detillieu,ryan', 'robertson,marc', 'douglass,parks', 'mcelveen,mac']","['gray,ahnre', 'augustine,dylan', 'davis,anthony', 'samuel,jamil']",538
413,0908,East Tex. Baptist,Millsaps,0,68-78,"36,42","25,43",1-0,0-1,N/A,N/A,11/15/14,4:00 p.m.,N/A,"Marshall, TX (Ornelas Gym)",Win,2,False,347,False,--,,43,,60 ,"REBOUND DEF by SAMUEL,JAMIL",,,"REBOUND DEF by SAMUEL,JAMIL",2,defensive rebound,,east tex. baptist,"samuel,jamil",,"['detillieu,ryan', 'robertson,marc', 'douglass,parks', 'mcelveen,mac']","['gray,ahnre', 'augustine,dylan', 'davis,anthony', 'samuel,jamil']",
414,0908,East Tex. Baptist,Millsaps,0,68-78,"36,42","25,43",1-0,0-1,N/A,N/A,11/15/14,4:00 p.m.,N/A,"Marshall, TX (Ornelas Gym)",Win,2,False,347,False,08:36,,43,,63 ,"GOOD 3PTR by DAVIS,ANTHONY",ETBU 43-63 (-20),,"GOOD 3PTR by DAVIS,ANTHONY",2,three pointer,good,east tex. baptist,"davis,anthony",3,"['detillieu,ryan', 'robertson,marc', 'douglass,parks', 'mcelveen,mac']","['gray,ahnre', 'augustine,dylan', 'davis,anthony', 'samuel,jamil']",516
415,0908,East Tex. Baptist,Millsaps,0,68-78,"36,42","25,43",1-0,0-1,N/A,N/A,11/15/14,4:00 p.m.,N/A,"Marshall, TX (Ornelas Gym)",Win,2,False,347,False,08:20,"GOOD 3PTR by ROBERTSON,MARC",46,,63 ,,MILLSAPS 46-63 (-17),,"GOOD 3PTR by ROBERTSON,MARC",2,three pointer,good,millsaps,"robertson,marc",3,"['detillieu,ryan', 'robertson,marc', 'douglass,parks', 'mcelveen,mac']","['gray,ahnre', 'augustine,dylan', 'davis,anthony', 'samuel,jamil']",500
416,0908,East Tex. Baptist,Millsaps,0,68-78,"36,42","25,43",1-0,0-1,N/A,N/A,11/15/14,4:00 p.m.,N/A,"Marshall, TX (Ornelas Gym)",Win,2,False,347,False,07:53,,46,,65 ,"GOOD LAYUP by SAMUEL,JAMIL(in the paint)",ETBU 46-65 (-19),,"GOOD LAYUP by SAMUEL,JAMIL(in the paint)",2,layup,good,east tex. baptist,"samuel,jamil",2,"['detillieu,ryan', 'robertson,marc', 'douglass,parks', 'mcelveen,mac']","['gray,ahnre', 'augustine,dylan', 'davis,anthony', 'samuel,jamil']",473
417,0908,East Tex. Baptist,Millsaps,0,68-78,"36,42","25,43",1-0,0-1,N/A,N/A,11/15/14,4:00 p.m.,N/A,"Marshall, TX (Ornelas Gym)",Win,2,False,347,False,07:30,"GOOD 3PTR by MCELVEEN,MAC",49,,65 ,,MILLSAPS 49-65 (-16),,"GOOD 3PTR by MCELVEEN,MAC",2,three pointer,good,millsaps,"mcelveen,mac",3,"['detillieu,ryan', 'robertson,marc', 'douglass,parks', 'mcelveen,mac']","['gray,ahnre', 'augustine,dylan', 'davis,anthony', 'samuel,jamil']",450
418,0908,East Tex. Baptist,Millsaps,0,68-78,"36,42","25,43",1-0,0-1,N/A,N/A,11/15/14,4:00 p.m.,N/A,"Marshall, TX (Ornelas Gym)",Win,2,False,347,False,--,"ASSIST  by DETILLIEU,RYAN",49,,65 ,,,,"ASSIST  by DETILLIEU,RYAN",2,assist,,millsaps,"detillieu,ryan",,"['detillieu,ryan', 'robertson,marc', 'douglass,parks', 'mcelveen,mac']","['gray,ahnre', 'augustine,dylan', 'davis,anthony', 'samuel,jamil']",
419,0908,East Tex. Baptist,Millsaps,0,68-78,"36,42","25,43",1-0,0-1,N/A,N/A,11/15/14,4:00 p.m.,N/A,"Marshall, TX (Ornelas Gym)",Win,2,False,347,False,07:17,,49,,65 ,"MISS JUMPER by SAMUEL,JAMIL",,,"MISS JUMPER by SAMUEL,JAMIL",2,jumper,missed,east tex. baptist,"samuel,jamil",,"['detillieu,ryan', 'robertson,marc', 'douglass,parks', 'mcelveen,mac']","['gray,ahnre', 'augustine,dylan', 'davis,anthony', 'samuel,jamil']",437
420,0908,East Tex. Baptist,Millsaps,0,68-78,"36,42","25,43",1-0,0-1,N/A,N/A,11/15/14,4:00 p.m.,N/A,"Marshall, TX (Ornelas Gym)",Win,2,False,347,False,--,"REBOUND DEF by MCELVEEN,MAC",49,,65 ,,,,"REBOUND DEF by MCELVEEN,MAC",2,defensive rebound,,millsaps,"mcelveen,mac",,"['detillieu,ryan', 'robertson,marc', 'douglass,parks', 'mcelveen,mac']","['gray,ahnre', 'augustine,dylan', 'davis,anthony', 'samuel,jamil']",
421,0908,East Tex. Baptist,Millsaps,0,68-78,"36,42","25,43",1-0,0-1,N/A,N/A,11/15/14,4:00 p.m.,N/A,"Marshall, TX (Ornelas Gym)",Win,2,False,347,False,06:59,,49,,65 ,"FOUL  by AUGUSTINE,DYLAN",,,"FOUL  by AUGUSTINE,DYLAN",2,foul,,east tex. baptist,"augustine,dylan",,"['detillieu,ryan', 'robertson,marc', 'douglass,parks', 'mcelveen,mac']","['gray,ahnre', 'augustine,dylan', 'davis,anthony', 'samuel,jamil']",419
422,0908,East Tex. Baptist,Millsaps,0,68-78,"36,42","25,43",1-0,0-1,N/A,N/A,11/15/14,4:00 p.m.,N/A,"Marshall, TX (Ornelas Gym)",Win,2,False,347,False,06:59,"GOOD FT by DOUGLASS,PARKS",50,,65 ,,MILLSAPS 50-65 (-15),,"GOOD FT by DOUGLASS,PARKS",2,free throw,good,millsaps,"douglass,parks",1,"['detillieu,ryan', 'robertson,marc', 'douglass,parks', 'mcelveen,mac']","['gray,ahnre', 'augustine,dylan', 'davis,anthony', 'samuel,jamil']",419
423,0908,East Tex. Baptist,Millsaps,0,68-78,"36,42","25,43",1-0,0-1,N/A,N/A,11/15/14,4:00 p.m.,N/A,"Marshall, TX (Ornelas Gym)",Win,2,False,347,False,06:59,"MISS FT by DOUGLASS,PARKS",50,,65 ,,,,"MISS FT by DOUGLASS,PARKS",2,free throw,missed,millsaps,"douglass,parks",,"['detillieu,ryan', 'robertson,marc', 'douglass,parks', 'mcelveen,mac']","['gray,ahnre', 'augustine,dylan', 'davis,anthony', 'samuel,jamil']",419
424,0908,East Tex. Baptist,Millsaps,0,68-78,"36,42","25,43",1-0,0-1,N/A,N/A,11/15/14,4:00 p.m.,N/A,"Marshall, TX (Ornelas Gym)",Win,2,False,347,False,--,,50,,65 ,"REBOUND DEF by MITCHELL,JUNIOR",,,"REBOUND DEF by MITCHELL,JUNIOR",2,defensive rebound,,east tex. baptist,"mitchell,junior",,"['detillieu,ryan', 'robertson,marc', 'douglass,parks', 'mcelveen,mac']","['gray,ahnre', 'augustine,dylan', 'davis,anthony', 'samuel,jamil']",
425,0908,East Tex. Baptist,Millsaps,0,68-78,"36,42","25,43",1-0,0-1,N/A,N/A,11/15/14,4:00 p.m.,N/A,"Marshall, TX (Ornelas Gym)",Win,2,False,347,False,06:59,"SUB IN by GAGEN,BRENNAN",50,,65 ,,,,"SUB IN by GAGEN,BRENNAN",2,subbing in,,millsaps,"gagen,brennan",,"['detillieu,ryan', 'robertson,marc', 'douglass,parks', 'mcelveen,mac', 'gagen,brennan']","['gray,ahnre', 'augustine,dylan', 'davis,anthony', 'samuel,jamil']",419
426,0908,East Tex. Baptist,Millsaps,0,68-78,"36,42","25,43",1-0,0-1,N/A,N/A,11/15/14,4:00 p.m.,N/A,"Marshall, TX (Ornelas Gym)",Win,2,False,347,False,06:59,"SUB OUT by ROBERTSON,MARC",50,,65 ,,,,"SUB OUT by ROBERTSON,MARC",2,subbing out,,millsaps,"robertson,marc",,"['detillieu,ryan', 'douglass,parks', 'mcelveen,mac', 'gagen,brennan']","['gray,ahnre', 'augustine,dylan', 'davis,anthony', 'samuel,jamil']",419
427,0908,East Tex. Baptist,Millsaps,0,68-78,"36,42","25,43",1-0,0-1,N/A,N/A,11/15/14,4:00 p.m.,N/A,"Marshall, TX (Ornelas Gym)",Win,2,False,347,False,06:59,,50,,65 ,"SUB IN by FELICIA,JUSTIN",,,"SUB IN by FELICIA,JUSTIN",2,subbing in,,east tex. baptist,"felicia,justin",,"['detillieu,ryan', 'douglass,parks', 'mcelveen,mac', 'gagen,brennan']","['gray,ahnre', 'augustine,dylan', 'davis,anthony', 'samuel,jamil', 'felicia,justin']",419
428,0908,East Tex. Baptist,Millsaps,0,68-78,"36,42","25,43",1-0,0-1,N/A,N/A,11/15/14,4:00 p.m.,N/A,"Marshall, TX (Ornelas Gym)",Win,2,False,347,False,06:59,,50,,65 ,"SUB IN by ATKINS,BRET",,,"SUB IN by ATKINS,BRET",2,subbing in,,east tex. baptist,"atkins,bret",,"['detillieu,ryan', 'douglass,parks', 'mcelveen,mac', 'gagen,brennan']","['gray,ahnre', 'augustine,dylan', 'davis,anthony', 'samuel,jamil', 'felicia,justin', 'atkins,bret']",419
429,0908,East Tex. Baptist,Millsaps,0,68-78,"36,42","25,43",1-0,0-1,N/A,N/A,11/15/14,4:00 p.m.,N/A,"Marshall, TX (Ornelas Gym)",Win,2,False,347,False,06:59,,50,,65 ,"SUB IN by MITCHELL,JUNIOR",,,"SUB IN by MITCHELL,JUNIOR",2,subbing in,,east tex. baptist,"mitchell,junior",,"['detillieu,ryan', 'douglass,parks', 'mcelveen,mac', 'gagen,brennan']","['gray,ahnre', 'augustine,dylan', 'davis,anthony', 'samuel,jamil', 'felicia,justin', 'atkins,bret', 'mitchell,junior']",419
430,0908,East Tex. Baptist,Millsaps,0,68-78,"36,42","25,43",1-0,0-1,N/A,N/A,11/15/14,4:00 p.m.,N/A,"Marshall, TX (Ornelas Gym)",Win,2,False,347,False,06:59,,50,,65 ,"SUB IN by DAY,TYLER",,,"SUB IN by DAY,TYLER",2,subbing in,,east tex. baptist,"day,tyler",,"['detillieu,ryan', 'douglass,parks', 'mcelveen,mac', 'gagen,brennan']","['gray,ahnre', 'augustine,dylan', 'davis,anthony', 'samuel,jamil', 'felicia,justin', 'atkins,bret', 'mitchell,junior', 'day,tyler']",419
431,0908,East Tex. Baptist,Millsaps,0,68-78,"36,42","25,43",1-0,0-1,N/A,N/A,11/15/14,4:00 p.m.,N/A,"Marshall, TX (Ornelas Gym)",Win,2,False,347,False,06:59,,50,,65 ,"SUB OUT by AUGUSTINE,DYLAN",,,"SUB OUT by AUGUSTINE,DYLAN",2,subbing out,,east tex. baptist,"augustine,dylan",,"['detillieu,ryan', 'douglass,parks', 'mcelveen,mac', 'gagen,brennan']","['gray,ahnre', 'davis,anthony', 'samuel,jamil', 'felicia,justin', 'atkins,bret', 'mitchell,junior', 'day,tyler']",419
432,0908,East Tex. Baptist,Millsaps,0,68-78,"36,42","25,43",1-0,0-1,N/A,N/A,11/15/14,4:00 p.m.,N/A,"Marshall, TX (Ornelas Gym)",Win,2,False,347,False,06:59,,50,,65 ,"SUB OUT by SAMUEL,JAMIL",,,"SUB OUT by SAMUEL,JAMIL",2,subbing out,,east tex. baptist,"samuel,jamil",,"['detillieu,ryan', 'douglass,parks', 'mcelveen,mac', 'gagen,brennan']","['gray,ahnre', 'davis,anthony', 'felicia,justin', 'atkins,bret', 'mitchell,junior', 'day,tyler']",419
433,0908,East Tex. Baptist,Millsaps,0,68-78,"36,42","25,43",1-0,0-1,N/A,N/A,11/15/14,4:00 p.m.,N/A,"Marshall, TX (Ornelas Gym)",Win,2,False,347,False,06:59,,50,,65 ,"SUB OUT by DAVIS,ANTHONY",,,"SUB OUT by DAVIS,ANTHONY",2,subbing out,,east tex. baptist,"davis,anthony",,"['detillieu,ryan', 'douglass,parks', 'mcelveen,mac', 'gagen,brennan']","['gray,ahnre', 'felicia,justin', 'atkins,bret', 'mitchell,junior', 'day,tyler']",419
434,0908,East Tex. Baptist,Millsaps,0,68-78,"36,42","25,43",1-0,0-1,N/A,N/A,11/15/14,4:00 p.m.,N/A,"Marshall, TX (Ornelas Gym)",Win,2,False,347,False,06:59,,50,,65 ,"SUB OUT by THOMPSON,ERBY",,,"SUB OUT by THOMPSON,ERBY",2,subbing out,,east tex. baptist,"thompson,erby",,"['detillieu,ryan', 'douglass,parks', 'mcelveen,mac', 'gagen,brennan']","['gray,ahnre', 'felicia,justin', 'atkins,bret', 'mitchell,junior', 'day,tyler']",419
435,0908,East Tex. Baptist,Millsaps,0,68-78,"36,42","25,43",1-0,0-1,N/A,N/A,11/15/14,4:00 p.m.,N/A,"Marshall, TX (Ornelas Gym)",Win,2,False,347,False,06:41,,50,,65 ,"TURNOVER  by GRAY,AHNRE",,,"TURNOVER  by GRAY,AHNRE",2,turnover,,east tex. baptist,"gray,ahnre",,"['detillieu,ryan', 'douglass,parks', 'mcelveen,mac', 'gagen,brennan']","['gray,ahnre', 'felicia,justin', 'atkins,bret', 'mitchell,junior', 'day,tyler']",401
436,0908,East Tex. Baptist,Millsaps,0,68-78,"36,42","25,43",1-0,0-1,N/A,N/A,11/15/14,4:00 p.m.,N/A,"Marshall, TX (Ornelas Gym)",Win,2,False,347,False,06:41,,50,,65 ,"FOUL  by GRAY,AHNRE",,,"FOUL  by GRAY,AHNRE",2,foul,,east tex. baptist,"gray,ahnre",,"['detillieu,ryan', 'douglass,parks', 'mcelveen,mac', 'gagen,brennan']","['gray,ahnre', 'felicia,justin', 'atkins,bret', 'mitchell,junior', 'day,tyler']",401
437,0908,East Tex. Baptist,Millsaps,0,68-78,"36,42","25,43",1-0,0-1,N/A,N/A,11/15/14,4:00 p.m.,N/A,"Marshall, TX (Ornelas Gym)",Win,2,False,347,False,06:41,"SUB IN by FREBIS,RONNIE",50,,65 ,,,,"SUB IN by FREBIS,RONNIE",2,subbing in,,millsaps,"frebis,ronnie",,"['detillieu,ryan', 'douglass,parks', 'mcelveen,mac', 'gagen,brennan']","['gray,ahnre', 'felicia,justin', 'atkins,bret', 'mitchell,junior', 'day,tyler']",401
438,0908,East Tex. Baptist,Millsaps,0,68-78,"36,42","25,43",1-0,0-1,N/A,N/A,11/15/14,4:00 p.m.,N/A,"Marshall, TX (Ornelas Gym)",Win,2,False,347,False,06:41,"SUB OUT by DOUGLASS,PARKS",50,,65 ,,,,"SUB OUT by DOUGLASS,PARKS",2,subbing out,,millsaps,"douglass,parks",,"['detillieu,ryan', 'mcelveen,mac', 'gagen,brennan']","['gray,ahnre', 'felicia,justin', 'atkins,bret', 'mitchell,junior', 'day,tyler']",401
439,0908,East Tex. Baptist,Millsaps,0,68-78,"36,42","25,43",1-0,0-1,N/A,N/A,11/15/14,4:00 p.m.,N/A,"Marshall, TX (Ornelas Gym)",Win,2,False,347,False,06:29,,50,,65 ,"FOUL  by GRAY,AHNRE",,,"FOUL  by GRAY,AHNRE",2,foul,,east tex. baptist,"gray,ahnre",,"['detillieu,ryan', 'mcelveen,mac', 'gagen,brennan']","['gray,ahnre', 'felicia,justin', 'atkins,bret', 'mitchell,junior', 'day,tyler']",389
440,0908,East Tex. Baptist,Millsaps,0,68-78,"36,42","25,43",1-0,0-1,N/A,N/A,11/15/14,4:00 p.m.,N/A,"Marshall, TX (Ornelas Gym)",Win,2,False,347,False,06:29,,50,,65 ,TIMEOUT 30SEC by TEAM,,,TIMEOUT 30SEC by TEAM,2,timeout,,east tex. baptist,,,"['detillieu,ryan', 'mcelveen,mac', 'gagen,brennan']","['gray,ahnre', 'felicia,justin', 'atkins,bret', 'mitchell,junior', 'day,tyler']",389
441,0908,East Tex. Baptist,Millsaps,0,68-78,"36,42","25,43",1-0,0-1,N/A,N/A,11/15/14,4:00 p.m.,N/A,"Marshall, TX (Ornelas Gym)",Win,2,False,347,False,06:29,"GOOD FT by GAGEN,BRENNAN",51,,65 ,,MILLSAPS 51-65 (-14),,"GOOD FT by GAGEN,BRENNAN",2,free throw,good,millsaps,"gagen,brennan",1,"['detillieu,ryan', 'mcelveen,mac', 'gagen,brennan']","['gray,ahnre', 'felicia,justin', 'atkins,bret', 'mitchell,junior', 'day,tyler']",389
442,0908,East Tex. Baptist,Millsaps,0,68-78,"36,42","25,43",1-0,0-1,N/A,N/A,11/15/14,4:00 p.m.,N/A,"Marshall, TX (Ornelas Gym)",Win,2,False,347,False,06:29,"MISS FT by GAGEN,BRENNAN",51,,65 ,,,,"MISS FT by GAGEN,BRENNAN",2,free throw,missed,millsaps,"gagen,brennan",,"['detillieu,ryan', 'mcelveen,mac', 'gagen,brennan']","['gray,ahnre', 'felicia,justin', 'atkins,bret', 'mitchell,junior', 'day,tyler']",389
443,0908,East Tex. Baptist,Millsaps,0,68-78,"36,42","25,43",1-0,0-1,N/A,N/A,11/15/14,4:00 p.m.,N/A,"Marshall, TX (Ornelas Gym)",Win,2,False,347,False,--,,51,,65 ,"REBOUND DEF by FELICIA,JUSTIN",,,"REBOUND DEF by FELICIA,JUSTIN",2,defensive rebound,,east tex. baptist,"felicia,justin",,"['detillieu,ryan', 'mcelveen,mac', 'gagen,brennan']","['gray,ahnre', 'felicia,justin', 'atkins,bret', 'mitchell,junior', 'day,tyler']",
444,0908,East Tex. Baptist,Millsaps,0,68-78,"36,42","25,43",1-0,0-1,N/A,N/A,11/15/14,4:00 p.m.,N/A,"Marshall, TX (Ornelas Gym)",Win,2,False,347,False,06:17,,51,,68 ,"GOOD 3PTR by DAY,TYLER",ETBU 51-68 (-17),,"GOOD 3PTR by DAY,TYLER",2,three pointer,good,east tex. baptist,"day,tyler",3,"['detillieu,ryan', 'mcelveen,mac', 'gagen,brennan']","['gray,ahnre', 'felicia,justin', 'atkins,bret', 'mitchell,junior', 'day,tyler']",377
445,0908,East Tex. Baptist,Millsaps,0,68-78,"36,42","25,43",1-0,0-1,N/A,N/A,11/15/14,4:00 p.m.,N/A,"Marshall, TX (Ornelas Gym)",Win,2,False,347,False,--,,51,,68 ,"ASSIST  by GRAY,AHNRE",,,"ASSIST  by GRAY,AHNRE",2,assist,,east tex. baptist,"gray,ahnre",,"['detillieu,ryan', 'mcelveen,mac', 'gagen,brennan']","['gray,ahnre', 'felicia,justin', 'atkins,bret', 'mitchell,junior', 'day,tyler']",
446,0908,East Tex. Baptist,Millsaps,0,68-78,"36,42","25,43",1-0,0-1,N/A,N/A,11/15/14,4:00 p.m.,N/A,"Marshall, TX (Ornelas Gym)",Win,2,False,347,False,05:57,"MISS 3PTR by MCELVEEN,MAC",51,,68 ,,,,"MISS 3PTR by MCELVEEN,MAC",2,three pointer,missed,millsaps,"mcelveen,mac",,"['detillieu,ryan', 'mcelveen,mac', 'gagen,brennan']","['gray,ahnre', 'felicia,justin', 'atkins,bret', 'mitchell,junior', 'day,tyler']",357
447,0908,East Tex. Baptist,Millsaps,0,68-78,"36,42","25,43",1-0,0-1,N/A,N/A,11/15/14,4:00 p.m.,N/A,"Marshall, TX (Ornelas Gym)",Win,2,False,347,False,--,"REBOUND OFF by GERCHOW,ALEX",51,,68 ,,,,"REBOUND OFF by GERCHOW,ALEX",2,offensive rebound,,millsaps,"gerchow,alex",,"['detillieu,ryan', 'mcelveen,mac', 'gagen,brennan']","['gray,ahnre', 'felicia,justin', 'atkins,bret', 'mitchell,junior', 'day,tyler']",
448,0908,East Tex. Baptist,Millsaps,0,68-78,"36,42","25,43",1-0,0-1,N/A,N/A,11/15/14,4:00 p.m.,N/A,"Marshall, TX (Ornelas Gym)",Win,2,False,347,False,05:54,"GOOD JUMPER by GERCHOW,ALEX(in the paint)",53,,68 ,,MILLSAPS 53-68 (-15),,"GOOD JUMPER by GERCHOW,ALEX(in the paint)",2,jumper,good,millsaps,"gerchow,alex",2,"['detillieu,ryan', 'mcelveen,mac', 'gagen,brennan']","['gray,ahnre', 'felicia,justin', 'atkins,bret', 'mitchell,junior', 'day,tyler']",354
449,0908,East Tex. Baptist,Millsaps,0,68-78,"36,42","25,43",1-0,0-1,N/A,N/A,11/15/14,4:00 p.m.,N/A,"Marshall, TX (Ornelas Gym)",Win,2,False,347,False,05:49,,53,,68 ,"MISS 3PTR by DAY,TYLER",,,"MISS 3PTR by DAY,TYLER",2,three pointer,missed,east tex. baptist,"day,tyler",,"['detillieu,ryan', 'mcelveen,mac', 'gagen,brennan']","['gray,ahnre', 'felicia,justin', 'atkins,bret', 'mitchell,junior', 'day,tyler']",349
450,0908,East Tex. Baptist,Millsaps,0,68-78,"36,42","25,43",1-0,0-1,N/A,N/A,11/15/14,4:00 p.m.,N/A,"Marshall, TX (Ornelas Gym)",Win,2,False,347,False,--,"REBOUND DEF by GERCHOW,ALEX",53,,68 ,,,,"REBOUND DEF by GERCHOW,ALEX",2,defensive rebound,,millsaps,"gerchow,alex",,"['detillieu,ryan', 'mcelveen,mac', 'gagen,brennan']","['gray,ahnre', 'felicia,justin', 'atkins,bret', 'mitchell,junior', 'day,tyler']",
451,0908,East Tex. Baptist,Millsaps,0,68-78,"36,42","25,43",1-0,0-1,N/A,N/A,11/15/14,4:00 p.m.,N/A,"Marshall, TX (Ornelas Gym)",Win,2,False,347,False,05:31,"MISS JUMPER by MCELVEEN,MAC",53,,68 ,,,,"MISS JUMPER by MCELVEEN,MAC",2,jumper,missed,millsaps,"mcelveen,mac",,"['detillieu,ryan', 'mcelveen,mac', 'gagen,brennan']","['gray,ahnre', 'felicia,justin', 'atkins,bret', 'mitchell,junior', 'day,tyler']",331
452,0908,East Tex. Baptist,Millsaps,0,68-78,"36,42","25,43",1-0,0-1,N/A,N/A,11/15/14,4:00 p.m.,N/A,"Marshall, TX (Ornelas Gym)",Win,2,False,347,False,--,,53,,68 ,"REBOUND DEF by FELICIA,JUSTIN",,,"REBOUND DEF by FELICIA,JUSTIN",2,defensive rebound,,east tex. baptist,"felicia,justin",,"['detillieu,ryan', 'mcelveen,mac', 'gagen,brennan']","['gray,ahnre', 'felicia,justin', 'atkins,bret', 'mitchell,junior', 'day,tyler']",
453,0908,East Tex. Baptist,Millsaps,0,68-78,"36,42","25,43",1-0,0-1,N/A,N/A,11/15/14,4:00 p.m.,N/A,"Marshall, TX (Ornelas Gym)",Win,2,False,347,False,05:27,"FOUL  by GAGEN,BRENNAN",53,,68 ,,,,"FOUL  by GAGEN,BRENNAN",2,foul,,millsaps,"gagen,brennan",,"['detillieu,ryan', 'mcelveen,mac', 'gagen,brennan']","['gray,ahnre', 'felicia,justin', 'atkins,bret', 'mitchell,junior', 'day,tyler']",327
454,0908,East Tex. Baptist,Millsaps,0,68-78,"36,42","25,43",1-0,0-1,N/A,N/A,11/15/14,4:00 p.m.,N/A,"Marshall, TX (Ornelas Gym)",Win,2,False,347,False,05:22,,53,,69 ,"GOOD FT by FELICIA,JUSTIN",ETBU 53-69 (-16),,"GOOD FT by FELICIA,JUSTIN",2,free throw,good,east tex. baptist,"felicia,justin",1,"['detillieu,ryan', 'mcelveen,mac', 'gagen,brennan']","['gray,ahnre', 'felicia,justin', 'atkins,bret', 'mitchell,junior', 'day,tyler']",322
455,0908,East Tex. Baptist,Millsaps,0,68-78,"36,42","25,43",1-0,0-1,N/A,N/A,11/15/14,4:00 p.m.,N/A,"Marshall, TX (Ornelas Gym)",Win,2,False,347,False,05:22,,53,,69 ,"MISS FT by FELICIA,JUSTIN",,,"MISS FT by FELICIA,JUSTIN",2,free throw,missed,east tex. baptist,"felicia,justin",,"['detillieu,ryan', 'mcelveen,mac', 'gagen,brennan']","['gray,ahnre', 'felicia,justin', 'atkins,bret', 'mitchell,junior', 'day,tyler']",322
456,0908,East Tex. Baptist,Millsaps,0,68-78,"36,42","25,43",1-0,0-1,N/A,N/A,11/15/14,4:00 p.m.,N/A,"Marshall, TX (Ornelas Gym)",Win,2,False,347,False,--,"REBOUND DEF by FREBIS,RONNIE",53,,69 ,,,,"REBOUND DEF by FREBIS,RONNIE",2,defensive rebound,,millsaps,"frebis,ronnie",,"['detillieu,ryan', 'mcelveen,mac', 'gagen,brennan']","['gray,ahnre', 'felicia,justin', 'atkins,bret', 'mitchell,junior', 'day,tyler']",
457,0908,East Tex. Baptist,Millsaps,0,68-78,"36,42","25,43",1-0,0-1,N/A,N/A,11/15/14,4:00 p.m.,N/A,"Marshall, TX (Ornelas Gym)",Win,2,False,347,False,05:22,,53,,69 ,"SUB IN by SAMUEL,JAMIL",,,"SUB IN by SAMUEL,JAMIL",2,subbing in,,east tex. baptist,"samuel,jamil",,"['detillieu,ryan', 'mcelveen,mac', 'gagen,brennan']","['gray,ahnre', 'felicia,justin', 'atkins,bret', 'mitchell,junior', 'day,tyler', 'samuel,jamil']",322
458,0908,East Tex. Baptist,Millsaps,0,68-78,"36,42","25,43",1-0,0-1,N/A,N/A,11/15/14,4:00 p.m.,N/A,"Marshall, TX (Ornelas Gym)",Win,2,False,347,False,05:22,,53,,69 ,"SUB IN by DAVIS,ANTHONY",,,"SUB IN by DAVIS,ANTHONY",2,subbing in,,east tex. baptist,"davis,anthony",,"['detillieu,ryan', 'mcelveen,mac', 'gagen,brennan']","['gray,ahnre', 'felicia,justin', 'atkins,bret', 'mitchell,junior', 'day,tyler', 'samuel,jamil', 'davis,anthony']",322
459,0908,East Tex. Baptist,Millsaps,0,68-78,"36,42","25,43",1-0,0-1,N/A,N/A,11/15/14,4:00 p.m.,N/A,"Marshall, TX (Ornelas Gym)",Win,2,False,347,False,05:22,,53,,69 ,"SUB IN by LATIN,MALIK",,,"SUB IN by LATIN,MALIK",2,subbing in,,east tex. baptist,"latin,malik",,"['detillieu,ryan', 'mcelveen,mac', 'gagen,brennan']","['gray,ahnre', 'felicia,justin', 'atkins,bret', 'mitchell,junior', 'day,tyler', 'samuel,jamil', 'davis,anthony', 'latin,malik']",322
460,0908,East Tex. Baptist,Millsaps,0,68-78,"36,42","25,43",1-0,0-1,N/A,N/A,11/15/14,4:00 p.m.,N/A,"Marshall, TX (Ornelas Gym)",Win,2,False,347,False,05:22,,53,,69 ,"SUB OUT by GRAY,AHNRE",,,"SUB OUT by GRAY,AHNRE",2,subbing out,,east tex. baptist,"gray,ahnre",,"['detillieu,ryan', 'mcelveen,mac', 'gagen,brennan']","['felicia,justin', 'atkins,bret', 'mitchell,junior', 'day,tyler', 'samuel,jamil', 'davis,anthony', 'latin,malik']",322
461,0908,East Tex. Baptist,Millsaps,0,68-78,"36,42","25,43",1-0,0-1,N/A,N/A,11/15/14,4:00 p.m.,N/A,"Marshall, TX (Ornelas Gym)",Win,2,False,347,False,05:22,,53,,69 ,"SUB OUT by MITCHELL,JUNIOR",,,"SUB OUT by MITCHELL,JUNIOR",2,subbing out,,east tex. baptist,"mitchell,junior",,"['detillieu,ryan', 'mcelveen,mac', 'gagen,brennan']","['felicia,justin', 'atkins,bret', 'day,tyler', 'samuel,jamil', 'davis,anthony', 'latin,malik']",322
462,0908,East Tex. Baptist,Millsaps,0,68-78,"36,42","25,43",1-0,0-1,N/A,N/A,11/15/14,4:00 p.m.,N/A,"Marshall, TX (Ornelas Gym)",Win,2,False,347,False,05:22,,53,,69 ,"SUB OUT by DAY,TYLER",,,"SUB OUT by DAY,TYLER",2,subbing out,,east tex. baptist,"day,tyler",,"['detillieu,ryan', 'mcelveen,mac', 'gagen,brennan']","['felicia,justin', 'atkins,bret', 'samuel,jamil', 'davis,anthony', 'latin,malik']",322
463,0908,East Tex. Baptist,Millsaps,0,68-78,"36,42","25,43",1-0,0-1,N/A,N/A,11/15/14,4:00 p.m.,N/A,"Marshall, TX (Ornelas Gym)",Win,2,False,347,False,05:09,,53,,69 ,"FOUL  by ATKINS,BRET",,,"FOUL  by ATKINS,BRET",2,foul,,east tex. baptist,"atkins,bret",,"['detillieu,ryan', 'mcelveen,mac', 'gagen,brennan']","['felicia,justin', 'atkins,bret', 'samuel,jamil', 'davis,anthony', 'latin,malik']",309
464,0908,East Tex. Baptist,Millsaps,0,68-78,"36,42","25,43",1-0,0-1,N/A,N/A,11/15/14,4:00 p.m.,N/A,"Marshall, TX (Ornelas Gym)",Win,2,False,347,False,05:09,"GOOD FT by MCELVEEN,MAC",54,,69 ,,MILLSAPS 54-69 (-15),,"GOOD FT by MCELVEEN,MAC",2,free throw,good,millsaps,"mcelveen,mac",1,"['detillieu,ryan', 'mcelveen,mac', 'gagen,brennan']","['felicia,justin', 'atkins,bret', 'samuel,jamil', 'davis,anthony', 'latin,malik']",309
465,0908,East Tex. Baptist,Millsaps,0,68-78,"36,42","25,43",1-0,0-1,N/A,N/A,11/15/14,4:00 p.m.,N/A,"Marshall, TX (Ornelas Gym)",Win,2,False,347,False,05:09,"GOOD FT by MCELVEEN,MAC",55,,69 ,,MILLSAPS 55-69 (-14),,"GOOD FT by MCELVEEN,MAC",2,free throw,good,millsaps,"mcelveen,mac",1,"['detillieu,ryan', 'mcelveen,mac', 'gagen,brennan']","['felicia,justin', 'atkins,bret', 'samuel,jamil', 'davis,anthony', 'latin,malik']",309
466,0908,East Tex. Baptist,Millsaps,0,68-78,"36,42","25,43",1-0,0-1,N/A,N/A,11/15/14,4:00 p.m.,N/A,"Marshall, TX (Ornelas Gym)",Win,2,False,347,False,04:56,,55,,69 ,"MISS JUMPER by FELICIA,JUSTIN",,,"MISS JUMPER by FELICIA,JUSTIN",2,jumper,missed,east tex. baptist,"felicia,justin",,"['detillieu,ryan', 'mcelveen,mac', 'gagen,brennan']","['felicia,justin', 'atkins,bret', 'samuel,jamil', 'davis,anthony', 'latin,malik']",296
467,0908,East Tex. Baptist,Millsaps,0,68-78,"36,42","25,43",1-0,0-1,N/A,N/A,11/15/14,4:00 p.m.,N/A,"Marshall, TX (Ornelas Gym)",Win,2,False,347,False,--,"REBOUND DEF by GERCHOW,ALEX",55,,69 ,,,,"REBOUND DEF by GERCHOW,ALEX",2,defensive rebound,,millsaps,"gerchow,alex",,"['detillieu,ryan', 'mcelveen,mac', 'gagen,brennan']","['felicia,justin', 'atkins,bret', 'samuel,jamil', 'davis,anthony', 'latin,malik']",
468,0908,East Tex. Baptist,Millsaps,0,68-78,"36,42","25,43",1-0,0-1,N/A,N/A,11/15/14,4:00 p.m.,N/A,"Marshall, TX (Ornelas Gym)",Win,2,False,347,False,04:30,"MISS LAYUP by DETILLIEU,RYAN",55,,69 ,,,,"MISS LAYUP by DETILLIEU,RYAN",2,layup,missed,millsaps,"detillieu,ryan",,"['detillieu,ryan', 'mcelveen,mac', 'gagen,brennan']","['felicia,justin', 'atkins,bret', 'samuel,jamil', 'davis,anthony', 'latin,malik']",270
469,0908,East Tex. Baptist,Millsaps,0,68-78,"36,42","25,43",1-0,0-1,N/A,N/A,11/15/14,4:00 p.m.,N/A,"Marshall, TX (Ornelas Gym)",Win,2,False,347,False,04:30,,55,,69 ,"BLOCK  by SAMUEL,JAMIL",,,"BLOCK  by SAMUEL,JAMIL",2,block,,east tex. baptist,"samuel,jamil",,"['detillieu,ryan', 'mcelveen,mac', 'gagen,brennan']","['felicia,justin', 'atkins,bret', 'samuel,jamil', 'davis,anthony', 'latin,malik']",270
470,0908,East Tex. Baptist,Millsaps,0,68-78,"36,42","25,43",1-0,0-1,N/A,N/A,11/15/14,4:00 p.m.,N/A,"Marshall, TX (Ornelas Gym)",Win,2,False,347,False,--,REBOUND OFF by TEAM,55,,69 ,,,,REBOUND OFF by TEAM,2,offensive rebound,,millsaps,,,"['detillieu,ryan', 'mcelveen,mac', 'gagen,brennan']","['felicia,justin', 'atkins,bret', 'samuel,jamil', 'davis,anthony', 'latin,malik']",
471,0908,East Tex. Baptist,Millsaps,0,68-78,"36,42","25,43",1-0,0-1,N/A,N/A,11/15/14,4:00 p.m.,N/A,"Marshall, TX (Ornelas Gym)",Win,2,False,347,False,04:25,"MISS JUMPER by MCELVEEN,MAC",55,,69 ,,,,"MISS JUMPER by MCELVEEN,MAC",2,jumper,missed,millsaps,"mcelveen,mac",,"['detillieu,ryan', 'mcelveen,mac', 'gagen,brennan']","['felicia,justin', 'atkins,bret', 'samuel,jamil', 'davis,anthony', 'latin,malik']",265
472,0908,East Tex. Baptist,Millsaps,0,68-78,"36,42","25,43",1-0,0-1,N/A,N/A,11/15/14,4:00 p.m.,N/A,"Marshall, TX (Ornelas Gym)",Win,2,False,347,False,--,,55,,69 ,"REBOUND DEF by DAY,TYLER",,,"REBOUND DEF by DAY,TYLER",2,defensive rebound,,east tex. baptist,"day,tyler",,"['detillieu,ryan', 'mcelveen,mac', 'gagen,brennan']","['felicia,justin', 'atkins,bret', 'samuel,jamil', 'davis,anthony', 'latin,malik']",
473,0908,East Tex. Baptist,Millsaps,0,68-78,"36,42","25,43",1-0,0-1,N/A,N/A,11/15/14,4:00 p.m.,N/A,"Marshall, TX (Ornelas Gym)",Win,2,False,347,False,04:25,"SUB IN by MCSWAIN,JOSH",55,,69 ,,,,"SUB IN by MCSWAIN,JOSH",2,subbing in,,millsaps,"mcswain,josh",,"['detillieu,ryan', 'mcelveen,mac', 'gagen,brennan', 'mcswain,josh']","['felicia,justin', 'atkins,bret', 'samuel,jamil', 'davis,anthony', 'latin,malik']",265
474,0908,East Tex. Baptist,Millsaps,0,68-78,"36,42","25,43",1-0,0-1,N/A,N/A,11/15/14,4:00 p.m.,N/A,"Marshall, TX (Ornelas Gym)",Win,2,False,347,False,04:25,"SUB IN by HANSTAD,RAJAN",55,,69 ,,,,"SUB IN by HANSTAD,RAJAN",2,subbing in,,millsaps,"hanstad,rajan",,"['detillieu,ryan', 'mcelveen,mac', 'gagen,brennan', 'mcswain,josh', 'hanstad,rajan']","['felicia,justin', 'atkins,bret', 'samuel,jamil', 'davis,anthony', 'latin,malik']",265
475,0908,East Tex. Baptist,Millsaps,0,68-78,"36,42","25,43",1-0,0-1,N/A,N/A,11/15/14,4:00 p.m.,N/A,"Marshall, TX (Ornelas Gym)",Win,2,False,347,False,04:25,"SUB OUT by GAGEN,BRENNAN",55,,69 ,,,,"SUB OUT by GAGEN,BRENNAN",2,subbing out,,millsaps,"gagen,brennan",,"['detillieu,ryan', 'mcelveen,mac', 'mcswain,josh', 'hanstad,rajan']","['felicia,justin', 'atkins,bret', 'samuel,jamil', 'davis,anthony', 'latin,malik']",265
476,0908,East Tex. Baptist,Millsaps,0,68-78,"36,42","25,43",1-0,0-1,N/A,N/A,11/15/14,4:00 p.m.,N/A,"Marshall, TX (Ornelas Gym)",Win,2,False,347,False,04:25,"SUB OUT by GERCHOW,ALEX",55,,69 ,,,,"SUB OUT by GERCHOW,ALEX",2,subbing out,,millsaps,"gerchow,alex",,"['detillieu,ryan', 'mcelveen,mac', 'mcswain,josh', 'hanstad,rajan']","['felicia,justin', 'atkins,bret', 'samuel,jamil', 'davis,anthony', 'latin,malik']",265
477,0908,East Tex. Baptist,Millsaps,0,68-78,"36,42","25,43",1-0,0-1,N/A,N/A,11/15/14,4:00 p.m.,N/A,"Marshall, TX (Ornelas Gym)",Win,2,False,347,False,04:24,,55,,69 ,"SUB IN by DAY,TYLER",,,"SUB IN by DAY,TYLER",2,subbing in,,east tex. baptist,"day,tyler",,"['detillieu,ryan', 'mcelveen,mac', 'mcswain,josh', 'hanstad,rajan']","['felicia,justin', 'atkins,bret', 'samuel,jamil', 'davis,anthony', 'latin,malik']",264
478,0908,East Tex. Baptist,Millsaps,0,68-78,"36,42","25,43",1-0,0-1,N/A,N/A,11/15/14,4:00 p.m.,N/A,"Marshall, TX (Ornelas Gym)",Win,2,False,347,False,04:24,,55,,69 ,"SUB IN by AUGUSTINE,DYLAN",,,"SUB IN by AUGUSTINE,DYLAN",2,subbing in,,east tex. baptist,"augustine,dylan",,"['detillieu,ryan', 'mcelveen,mac', 'mcswain,josh', 'hanstad,rajan']","['felicia,justin', 'atkins,bret', 'samuel,jamil', 'davis,anthony', 'latin,malik', 'augustine,dylan']",264
479,0908,East Tex. Baptist,Millsaps,0,68-78,"36,42","25,43",1-0,0-1,N/A,N/A,11/15/14,4:00 p.m.,N/A,"Marshall, TX (Ornelas Gym)",Win,2,False,347,False,04:24,,55,,69 ,"SUB OUT by ATKINS,BRET",,,"SUB OUT by ATKINS,BRET",2,subbing out,,east tex. baptist,"atkins,bret",,"['detillieu,ryan', 'mcelveen,mac', 'mcswain,josh', 'hanstad,rajan']","['felicia,justin', 'samuel,jamil', 'davis,anthony', 'latin,malik', 'augustine,dylan']",264
480,0908,East Tex. Baptist,Millsaps,0,68-78,"36,42","25,43",1-0,0-1,N/A,N/A,11/15/14,4:00 p.m.,N/A,"Marshall, TX (Ornelas Gym)",Win,2,False,347,False,04:24,,55,,69 ,"SUB OUT by LATIN,MALIK",,,"SUB OUT by LATIN,MALIK",2,subbing out,,east tex. baptist,"latin,malik",,"['detillieu,ryan', 'mcelveen,mac', 'mcswain,josh', 'hanstad,rajan']","['felicia,justin', 'samuel,jamil', 'davis,anthony', 'augustine,dylan']",264
481,0908,East Tex. Baptist,Millsaps,0,68-78,"36,42","25,43",1-0,0-1,N/A,N/A,11/15/14,4:00 p.m.,N/A,"Marshall, TX (Ornelas Gym)",Win,2,False,347,False,04:11,"FOUL  by DETILLIEU,RYAN",55,,69 ,,,,"FOUL  by DETILLIEU,RYAN",2,foul,,millsaps,"detillieu,ryan",,"['detillieu,ryan', 'mcelveen,mac', 'mcswain,josh', 'hanstad,rajan']","['felicia,justin', 'samuel,jamil', 'davis,anthony', 'augustine,dylan']",251
482,0908,East Tex. Baptist,Millsaps,0,68-78,"36,42","25,43",1-0,0-1,N/A,N/A,11/15/14,4:00 p.m.,N/A,"Marshall, TX (Ornelas Gym)",Win,2,False,347,False,04:11,,55,,70 ,"GOOD FT by FELICIA,JUSTIN",ETBU 55-70 (-15),,"GOOD FT by FELICIA,JUSTIN",2,free throw,good,east tex. baptist,"felicia,justin",1,"['detillieu,ryan', 'mcelveen,mac', 'mcswain,josh', 'hanstad,rajan']","['felicia,justin', 'samuel,jamil', 'davis,anthony', 'augustine,dylan']",251
483,0908,East Tex. Baptist,Millsaps,0,68-78,"36,42","25,43",1-0,0-1,N/A,N/A,11/15/14,4:00 p.m.,N/A,"Marshall, TX (Ornelas Gym)",Win,2,False,347,False,04:11,,55,,71 ,"GOOD FT by FELICIA,JUSTIN",ETBU 55-71 (-16),,"GOOD FT by FELICIA,JUSTIN",2,free throw,good,east tex. baptist,"felicia,justin",1,"['detillieu,ryan', 'mcelveen,mac', 'mcswain,josh', 'hanstad,rajan']","['felicia,justin', 'samuel,jamil', 'davis,anthony', 'augustine,dylan']",251
484,0908,East Tex. Baptist,Millsaps,0,68-78,"36,42","25,43",1-0,0-1,N/A,N/A,11/15/14,4:00 p.m.,N/A,"Marshall, TX (Ornelas Gym)",Win,2,False,347,False,03:48,"GOOD 3PTR by DETILLIEU,RYAN",58,,71 ,,MILLSAPS 58-71 (-13),,"GOOD 3PTR by DETILLIEU,RYAN",2,three pointer,good,millsaps,"detillieu,ryan",3,"['detillieu,ryan', 'mcelveen,mac', 'mcswain,josh', 'hanstad,rajan']","['felicia,justin', 'samuel,jamil', 'davis,anthony', 'augustine,dylan']",228
485,0908,East Tex. Baptist,Millsaps,0,68-78,"36,42","25,43",1-0,0-1,N/A,N/A,11/15/14,4:00 p.m.,N/A,"Marshall, TX (Ornelas Gym)",Win,2,False,347,False,03:34,,58,,73 ,"GOOD LAYUP by DAY,TYLER(in the paint)",ETBU 58-73 (-15),,"GOOD LAYUP by DAY,TYLER(in the paint)",2,layup,good,east tex. baptist,"day,tyler",2,"['detillieu,ryan', 'mcelveen,mac', 'mcswain,josh', 'hanstad,rajan']","['felicia,justin', 'samuel,jamil', 'davis,anthony', 'augustine,dylan']",214
486,0908,East Tex. Baptist,Millsaps,0,68-78,"36,42","25,43",1-0,0-1,N/A,N/A,11/15/14,4:00 p.m.,N/A,"Marshall, TX (Ornelas Gym)",Win,2,False,347,False,03:34,"FOUL  by MCSWAIN,JOSH",58,,73 ,,,,"FOUL  by MCSWAIN,JOSH",2,foul,,millsaps,"mcswain,josh",,"['detillieu,ryan', 'mcelveen,mac', 'mcswain,josh', 'hanstad,rajan']","['felicia,justin', 'samuel,jamil', 'davis,anthony', 'augustine,dylan']",214
487,0908,East Tex. Baptist,Millsaps,0,68-78,"36,42","25,43",1-0,0-1,N/A,N/A,11/15/14,4:00 p.m.,N/A,"Marshall, TX (Ornelas Gym)",Win,2,False,347,False,03:34,,58,,74 ,"GOOD FT by DAY,TYLER",ETBU 58-74 (-16),,"GOOD FT by DAY,TYLER",2,free throw,good,east tex. baptist,"day,tyler",1,"['detillieu,ryan', 'mcelveen,mac', 'mcswain,josh', 'hanstad,rajan']","['felicia,justin', 'samuel,jamil', 'davis,anthony', 'augustine,dylan']",214
488,0908,East Tex. Baptist,Millsaps,0,68-78,"36,42","25,43",1-0,0-1,N/A,N/A,11/15/14,4:00 p.m.,N/A,"Marshall, TX (Ornelas Gym)",Win,2,False,347,False,03:34,"SUB IN by PRATER,DALLAS",58,,74 ,,,,"SUB IN by PRATER,DALLAS",2,subbing in,,millsaps,"prater,dallas",,"['detillieu,ryan', 'mcelveen,mac', 'mcswain,josh', 'hanstad,rajan', 'prater,dallas']","['felicia,justin', 'samuel,jamil', 'davis,anthony', 'augustine,dylan']",214
489,0908,East Tex. Baptist,Millsaps,0,68-78,"36,42","25,43",1-0,0-1,N/A,N/A,11/15/14,4:00 p.m.,N/A,"Marshall, TX (Ornelas Gym)",Win,2,False,347,False,03:34,"SUB OUT by MCELVEEN,MAC",58,,74 ,,,,"SUB OUT by MCELVEEN,MAC",2,subbing out,,millsaps,"mcelveen,mac",,"['detillieu,ryan', 'mcswain,josh', 'hanstad,rajan', 'prater,dallas']","['felicia,justin', 'samuel,jamil', 'davis,anthony', 'augustine,dylan']",214
490,0908,East Tex. Baptist,Millsaps,0,68-78,"36,42","25,43",1-0,0-1,N/A,N/A,11/15/14,4:00 p.m.,N/A,"Marshall, TX (Ornelas Gym)",Win,2,False,347,False,03:24,"TURNOVER  by DETILLIEU,RYAN",58,,74 ,,,,"TURNOVER  by DETILLIEU,RYAN",2,turnover,,millsaps,"detillieu,ryan",,"['detillieu,ryan', 'mcswain,josh', 'hanstad,rajan', 'prater,dallas']","['felicia,justin', 'samuel,jamil', 'davis,anthony', 'augustine,dylan']",204
491,0908,East Tex. Baptist,Millsaps,0,68-78,"36,42","25,43",1-0,0-1,N/A,N/A,11/15/14,4:00 p.m.,N/A,"Marshall, TX (Ornelas Gym)",Win,2,False,347,False,03:24,,58,,74 ,"STEAL  by DAVIS,ANTHONY",,,"STEAL  by DAVIS,ANTHONY",2,steal,,east tex. baptist,,,"['detillieu,ryan', 'mcswain,josh', 'hanstad,rajan', 'prater,dallas']","['felicia,justin', 'samuel,jamil', 'davis,anthony', 'augustine,dylan']",204
492,0908,East Tex. Baptist,Millsaps,0,68-78,"36,42","25,43",1-0,0-1,N/A,N/A,11/15/14,4:00 p.m.,N/A,"Marshall, TX (Ornelas Gym)",Win,2,False,347,False,03:10,,58,,77 ,"GOOD 3PTR by AUGUSTINE,DYLAN",ETBU 58-77 (-19),,"GOOD 3PTR by AUGUSTINE,DYLAN",2,three pointer,good,east tex. baptist,"augustine,dylan",3,"['detillieu,ryan', 'mcswain,josh', 'hanstad,rajan', 'prater,dallas']","['felicia,justin', 'samuel,jamil', 'davis,anthony', 'augustine,dylan']",190
493,0908,East Tex. Baptist,Millsaps,0,68-78,"36,42","25,43",1-0,0-1,N/A,N/A,11/15/14,4:00 p.m.,N/A,"Marshall, TX (Ornelas Gym)",Win,2,False,347,False,--,,58,,77 ,"ASSIST  by DAVIS,ANTHONY",,,"ASSIST  by DAVIS,ANTHONY",2,assist,,east tex. baptist,"davis,anthony",,"['detillieu,ryan', 'mcswain,josh', 'hanstad,rajan', 'prater,dallas']","['felicia,justin', 'samuel,jamil', 'davis,anthony', 'augustine,dylan']",
494,0908,East Tex. Baptist,Millsaps,0,68-78,"36,42","25,43",1-0,0-1,N/A,N/A,11/15/14,4:00 p.m.,N/A,"Marshall, TX (Ornelas Gym)",Win,2,False,347,False,02:50,"MISS JUMPER by PRATER,DALLAS",58,,77 ,,,,"MISS JUMPER by PRATER,DALLAS",2,jumper,missed,millsaps,"prater,dallas",,"['detillieu,ryan', 'mcswain,josh', 'hanstad,rajan', 'prater,dallas']","['felicia,justin', 'samuel,jamil', 'davis,anthony', 'augustine,dylan']",170
495,0908,East Tex. Baptist,Millsaps,0,68-78,"36,42","25,43",1-0,0-1,N/A,N/A,11/15/14,4:00 p.m.,N/A,"Marshall, TX (Ornelas Gym)",Win,2,False,347,False,--,,58,,77 ,"REBOUND DEF by FELICIA,JUSTIN",,,"REBOUND DEF by FELICIA,JUSTIN",2,defensive rebound,,east tex. baptist,"felicia,justin",,"['detillieu,ryan', 'mcswain,josh', 'hanstad,rajan', 'prater,dallas']","['felicia,justin', 'samuel,jamil', 'davis,anthony', 'augustine,dylan']",
496,0908,East Tex. Baptist,Millsaps,0,68-78,"36,42","25,43",1-0,0-1,N/A,N/A,11/15/14,4:00 p.m.,N/A,"Marshall, TX (Ornelas Gym)",Win,2,False,347,False,02:24,,58,,77 ,"TURNOVER  by DAVIS,ANTHONY",,,"TURNOVER  by DAVIS,ANTHONY",2,turnover,,east tex. baptist,"davis,anthony",,"['detillieu,ryan', 'mcswain,josh', 'hanstad,rajan', 'prater,dallas']","['felicia,justin', 'samuel,jamil', 'davis,anthony', 'augustine,dylan']",144
497,0908,East Tex. Baptist,Millsaps,0,68-78,"36,42","25,43",1-0,0-1,N/A,N/A,11/15/14,4:00 p.m.,N/A,"Marshall, TX (Ornelas Gym)",Win,2,False,347,False,02:24,"STEAL  by HANSTAD,RAJAN",58,,77 ,,,,"STEAL  by HANSTAD,RAJAN",2,steal,,millsaps,,,"['detillieu,ryan', 'mcswain,josh', 'hanstad,rajan', 'prater,dallas']","['felicia,justin', 'samuel,jamil', 'davis,anthony', 'augustine,dylan']",144
498,0908,East Tex. Baptist,Millsaps,0,68-78,"36,42","25,43",1-0,0-1,N/A,N/A,11/15/14,4:00 p.m.,N/A,"Marshall, TX (Ornelas Gym)",Win,2,False,347,False,02:16,"GOOD LAYUP by PRATER,DALLAS(in the paint)",60,,77 ,,MILLSAPS 60-77 (-17),,"GOOD LAYUP by PRATER,DALLAS(in the paint)",2,layup,good,millsaps,"prater,dallas",2,"['detillieu,ryan', 'mcswain,josh', 'hanstad,rajan', 'prater,dallas']","['felicia,justin', 'samuel,jamil', 'davis,anthony', 'augustine,dylan']",136
499,0908,East Tex. Baptist,Millsaps,0,68-78,"36,42","25,43",1-0,0-1,N/A,N/A,11/15/14,4:00 p.m.,N/A,"Marshall, TX (Ornelas Gym)",Win,2,False,347,False,02:01,,60,,77 ,"MISS 3PTR by DAY,TYLER",,,"MISS 3PTR by DAY,TYLER",2,three pointer,missed,east tex. baptist,"day,tyler",,"['detillieu,ryan', 'mcswain,josh', 'hanstad,rajan', 'prater,dallas']","['felicia,justin', 'samuel,jamil', 'davis,anthony', 'augustine,dylan']",121
500,0908,East Tex. Baptist,Millsaps,0,68-78,"36,42","25,43",1-0,0-1,N/A,N/A,11/15/14,4:00 p.m.,N/A,"Marshall, TX (Ornelas Gym)",Win,2,False,347,False,--,"REBOUND DEF by FREBIS,RONNIE",60,,77 ,,,,"REBOUND DEF by FREBIS,RONNIE",2,defensive rebound,,millsaps,"frebis,ronnie",,"['detillieu,ryan', 'mcswain,josh', 'hanstad,rajan', 'prater,dallas']","['felicia,justin', 'samuel,jamil', 'davis,anthony', 'augustine,dylan']",
501,0908,East Tex. Baptist,Millsaps,0,68-78,"36,42","25,43",1-0,0-1,N/A,N/A,11/15/14,4:00 p.m.,N/A,"Marshall, TX (Ornelas Gym)",Win,2,False,347,False,01:55,TIMEOUT 30SEC by TEAM,60,,77 ,,,,TIMEOUT 30SEC by TEAM,2,timeout,,millsaps,,,"['detillieu,ryan', 'mcswain,josh', 'hanstad,rajan', 'prater,dallas']","['felicia,justin', 'samuel,jamil', 'davis,anthony', 'augustine,dylan']",115
502,0908,East Tex. Baptist,Millsaps,0,68-78,"36,42","25,43",1-0,0-1,N/A,N/A,11/15/14,4:00 p.m.,N/A,"Marshall, TX (Ornelas Gym)",Win,2,False,347,False,01:55,"SUB IN by AUBERT,DUSTIN",60,,77 ,,,,"SUB IN by AUBERT,DUSTIN",2,subbing in,,millsaps,"aubert,dustin",,"['detillieu,ryan', 'mcswain,josh', 'hanstad,rajan', 'prater,dallas', 'aubert,dustin']","['felicia,justin', 'samuel,jamil', 'davis,anthony', 'augustine,dylan']",115
503,0908,East Tex. Baptist,Millsaps,0,68-78,"36,42","25,43",1-0,0-1,N/A,N/A,11/15/14,4:00 p.m.,N/A,"Marshall, TX (Ornelas Gym)",Win,2,False,347,False,01:55,"SUB IN by ROBERTSON,MARC",60,,77 ,,,,"SUB IN by ROBERTSON,MARC",2,subbing in,,millsaps,"robertson,marc",,"['detillieu,ryan', 'mcswain,josh', 'hanstad,rajan', 'prater,dallas', 'aubert,dustin', 'robertson,marc']","['felicia,justin', 'samuel,jamil', 'davis,anthony', 'augustine,dylan']",115
504,0908,East Tex. Baptist,Millsaps,0,68-78,"36,42","25,43",1-0,0-1,N/A,N/A,11/15/14,4:00 p.m.,N/A,"Marshall, TX (Ornelas Gym)",Win,2,False,347,False,01:55,"SUB OUT by HANSTAD,RAJAN",60,,77 ,,,,"SUB OUT by HANSTAD,RAJAN",2,subbing out,,millsaps,"hanstad,rajan",,"['detillieu,ryan', 'mcswain,josh', 'prater,dallas', 'aubert,dustin', 'robertson,marc']","['felicia,justin', 'samuel,jamil', 'davis,anthony', 'augustine,dylan']",115
505,0908,East Tex. Baptist,Millsaps,0,68-78,"36,42","25,43",1-0,0-1,N/A,N/A,11/15/14,4:00 p.m.,N/A,"Marshall, TX (Ornelas Gym)",Win,2,False,347,False,01:55,"SUB OUT by DETILLIEU,RYAN",60,,77 ,,,,"SUB OUT by DETILLIEU,RYAN",2,subbing out,,millsaps,"detillieu,ryan",,"['mcswain,josh', 'prater,dallas', 'aubert,dustin', 'robertson,marc']","['felicia,justin', 'samuel,jamil', 'davis,anthony', 'augustine,dylan']",115
506,0908,East Tex. Baptist,Millsaps,0,68-78,"36,42","25,43",1-0,0-1,N/A,N/A,11/15/14,4:00 p.m.,N/A,"Marshall, TX (Ornelas Gym)",Win,2,False,347,False,01:55,,60,,77 ,"SUB IN by HORTON,ERIC",,,"SUB IN by HORTON,ERIC",2,subbing in,,east tex. baptist,"horton,eric",,"['mcswain,josh', 'prater,dallas', 'aubert,dustin', 'robertson,marc']","['felicia,justin', 'samuel,jamil', 'davis,anthony', 'augustine,dylan', 'horton,eric']",115
507,0908,East Tex. Baptist,Millsaps,0,68-78,"36,42","25,43",1-0,0-1,N/A,N/A,11/15/14,4:00 p.m.,N/A,"Marshall, TX (Ornelas Gym)",Win,2,False,347,False,01:55,,60,,77 ,"SUB IN by LEWIS,DAVID",,,"SUB IN by LEWIS,DAVID",2,subbing in,,east tex. baptist,"lewis,david",,"['mcswain,josh', 'prater,dallas', 'aubert,dustin', 'robertson,marc']","['felicia,justin', 'samuel,jamil', 'davis,anthony', 'augustine,dylan', 'horton,eric', 'lewis,david']",115
508,0908,East Tex. Baptist,Millsaps,0,68-78,"36,42","25,43",1-0,0-1,N/A,N/A,11/15/14,4:00 p.m.,N/A,"Marshall, TX (Ornelas Gym)",Win,2,False,347,False,01:55,,60,,77 ,"SUB IN by MCCLAHAN,KERRY",,,"SUB IN by MCCLAHAN,KERRY",2,subbing in,,east tex. baptist,"mcclahan,kerry",,"['mcswain,josh', 'prater,dallas', 'aubert,dustin', 'robertson,marc']","['felicia,justin', 'samuel,jamil', 'davis,anthony', 'augustine,dylan', 'horton,eric', 'lewis,david', 'mcclahan,kerry']",115
509,0908,East Tex. Baptist,Millsaps,0,68-78,"36,42","25,43",1-0,0-1,N/A,N/A,11/15/14,4:00 p.m.,N/A,"Marshall, TX (Ornelas Gym)",Win,2,False,347,False,01:55,,60,,77 ,"SUB OUT by SAMUEL,JAMIL",,,"SUB OUT by SAMUEL,JAMIL",2,subbing out,,east tex. baptist,"samuel,jamil",,"['mcswain,josh', 'prater,dallas', 'aubert,dustin', 'robertson,marc']","['felicia,justin', 'davis,anthony', 'augustine,dylan', 'horton,eric', 'lewis,david', 'mcclahan,kerry']",115
510,0908,East Tex. Baptist,Millsaps,0,68-78,"36,42","25,43",1-0,0-1,N/A,N/A,11/15/14,4:00 p.m.,N/A,"Marshall, TX (Ornelas Gym)",Win,2,False,347,False,01:55,,60,,77 ,"SUB OUT by DAVIS,ANTHONY",,,"SUB OUT by DAVIS,ANTHONY",2,subbing out,,east tex. baptist,"davis,anthony",,"['mcswain,josh', 'prater,dallas', 'aubert,dustin', 'robertson,marc']","['felicia,justin', 'augustine,dylan', 'horton,eric', 'lewis,david', 'mcclahan,kerry']",115
511,0908,East Tex. Baptist,Millsaps,0,68-78,"36,42","25,43",1-0,0-1,N/A,N/A,11/15/14,4:00 p.m.,N/A,"Marshall, TX (Ornelas Gym)",Win,2,False,347,False,01:55,,60,,77 ,"SUB OUT by FELICIA,JUSTIN",,,"SUB OUT by FELICIA,JUSTIN",2,subbing out,,east tex. baptist,"felicia,justin",,"['mcswain,josh', 'prater,dallas', 'aubert,dustin', 'robertson,marc']","['augustine,dylan', 'horton,eric', 'lewis,david', 'mcclahan,kerry']",115
512,0908,East Tex. Baptist,Millsaps,0,68-78,"36,42","25,43",1-0,0-1,N/A,N/A,11/15/14,4:00 p.m.,N/A,"Marshall, TX (Ornelas Gym)",Win,2,False,347,False,01:52,"MISS 3PTR by FREBIS,RONNIE",60,,77 ,,,,"MISS 3PTR by FREBIS,RONNIE",2,three pointer,missed,millsaps,"frebis,ronnie",,"['mcswain,josh', 'prater,dallas', 'aubert,dustin', 'robertson,marc']","['augustine,dylan', 'horton,eric', 'lewis,david', 'mcclahan,kerry']",112
513,0908,East Tex. Baptist,Millsaps,0,68-78,"36,42","25,43",1-0,0-1,N/A,N/A,11/15/14,4:00 p.m.,N/A,"Marshall, TX (Ornelas Gym)",Win,2,False,347,False,--,,60,,77 ,REBOUND DEF by TEAM,,,REBOUND DEF by TEAM,2,defensive rebound,,east tex. baptist,,,"['mcswain,josh', 'prater,dallas', 'aubert,dustin', 'robertson,marc']","['augustine,dylan', 'horton,eric', 'lewis,david', 'mcclahan,kerry']",
514,0908,East Tex. Baptist,Millsaps,0,68-78,"36,42","25,43",1-0,0-1,N/A,N/A,11/15/14,4:00 p.m.,N/A,"Marshall, TX (Ornelas Gym)",Win,2,False,347,False,01:49,,60,,77 ,"SUB IN by LATIN,MALIK",,,"SUB IN by LATIN,MALIK",2,subbing in,,east tex. baptist,"latin,malik",,"['mcswain,josh', 'prater,dallas', 'aubert,dustin', 'robertson,marc']","['augustine,dylan', 'horton,eric', 'lewis,david', 'mcclahan,kerry', 'latin,malik']",109
515,0908,East Tex. Baptist,Millsaps,0,68-78,"36,42","25,43",1-0,0-1,N/A,N/A,11/15/14,4:00 p.m.,N/A,"Marshall, TX (Ornelas Gym)",Win,2,False,347,False,01:49,,60,,77 ,"SUB OUT by AUGUSTINE,DYLAN",,,"SUB OUT by AUGUSTINE,DYLAN",2,subbing out,,east tex. baptist,"augustine,dylan",,"['mcswain,josh', 'prater,dallas', 'aubert,dustin', 'robertson,marc']","['horton,eric', 'lewis,david', 'mcclahan,kerry', 'latin,malik']",109
516,0908,East Tex. Baptist,Millsaps,0,68-78,"36,42","25,43",1-0,0-1,N/A,N/A,11/15/14,4:00 p.m.,N/A,"Marshall, TX (Ornelas Gym)",Win,2,False,347,False,01:41,,60,,77 ,"TURNOVER  by LATIN,MALIK",,,"TURNOVER  by LATIN,MALIK",2,turnover,,east tex. baptist,"latin,malik",,"['mcswain,josh', 'prater,dallas', 'aubert,dustin', 'robertson,marc']","['horton,eric', 'lewis,david', 'mcclahan,kerry', 'latin,malik']",101
517,0908,East Tex. Baptist,Millsaps,0,68-78,"36,42","25,43",1-0,0-1,N/A,N/A,11/15/14,4:00 p.m.,N/A,"Marshall, TX (Ornelas Gym)",Win,2,False,347,False,01:39,"STEAL  by MCSWAIN,JOSH",60,,77 ,,,,"STEAL  by MCSWAIN,JOSH",2,steal,,millsaps,,,"['mcswain,josh', 'prater,dallas', 'aubert,dustin', 'robertson,marc']","['horton,eric', 'lewis,david', 'mcclahan,kerry', 'latin,malik']",99
518,0908,East Tex. Baptist,Millsaps,0,68-78,"36,42","25,43",1-0,0-1,N/A,N/A,11/15/14,4:00 p.m.,N/A,"Marshall, TX (Ornelas Gym)",Win,2,False,347,False,01:31,,60,,77 ,"FOUL  by LEWIS,DAVID",,,"FOUL  by LEWIS,DAVID",2,foul,,east tex. baptist,"lewis,david",,"['mcswain,josh', 'prater,dallas', 'aubert,dustin', 'robertson,marc']","['horton,eric', 'lewis,david', 'mcclahan,kerry', 'latin,malik']",91
519,0908,East Tex. Baptist,Millsaps,0,68-78,"36,42","25,43",1-0,0-1,N/A,N/A,11/15/14,4:00 p.m.,N/A,"Marshall, TX (Ornelas Gym)",Win,2,False,347,False,01:31,"GOOD FT by AUBERT,DUSTIN",61,,77 ,,MILLSAPS 61-77 (-16),,"GOOD FT by AUBERT,DUSTIN",2,free throw,good,millsaps,"aubert,dustin",1,"['mcswain,josh', 'prater,dallas', 'aubert,dustin', 'robertson,marc']","['horton,eric', 'lewis,david', 'mcclahan,kerry', 'latin,malik']",91
520,0908,East Tex. Baptist,Millsaps,0,68-78,"36,42","25,43",1-0,0-1,N/A,N/A,11/15/14,4:00 p.m.,N/A,"Marshall, TX (Ornelas Gym)",Win,2,False,347,False,01:31,"GOOD FT by AUBERT,DUSTIN",62,,77 ,,MILLSAPS 62-77 (-15),,"GOOD FT by AUBERT,DUSTIN",2,free throw,good,millsaps,"aubert,dustin",1,"['mcswain,josh', 'prater,dallas', 'aubert,dustin', 'robertson,marc']","['horton,eric', 'lewis,david', 'mcclahan,kerry', 'latin,malik']",91
521,0908,East Tex. Baptist,Millsaps,0,68-78,"36,42","25,43",1-0,0-1,N/A,N/A,11/15/14,4:00 p.m.,N/A,"Marshall, TX (Ornelas Gym)",Win,2,False,347,False,01:31,"SUB IN by MANCUSO,LOGAN",62,,77 ,,,,"SUB IN by MANCUSO,LOGAN",2,subbing in,,millsaps,"mancuso,logan",,"['mcswain,josh', 'prater,dallas', 'aubert,dustin', 'robertson,marc', 'mancuso,logan']","['horton,eric', 'lewis,david', 'mcclahan,kerry', 'latin,malik']",91
522,0908,East Tex. Baptist,Millsaps,0,68-78,"36,42","25,43",1-0,0-1,N/A,N/A,11/15/14,4:00 p.m.,N/A,"Marshall, TX (Ornelas Gym)",Win,2,False,347,False,01:31,"SUB IN by MOORE,MYLES",62,,77 ,,,,"SUB IN by MOORE,MYLES",2,subbing in,,millsaps,"moore,myles",,"['mcswain,josh', 'prater,dallas', 'aubert,dustin', 'robertson,marc', 'mancuso,logan', 'moore,myles']","['horton,eric', 'lewis,david', 'mcclahan,kerry', 'latin,malik']",91
523,0908,East Tex. Baptist,Millsaps,0,68-78,"36,42","25,43",1-0,0-1,N/A,N/A,11/15/14,4:00 p.m.,N/A,"Marshall, TX (Ornelas Gym)",Win,2,False,347,False,01:31,"SUB OUT by FREBIS,RONNIE",62,,77 ,,,,"SUB OUT by FREBIS,RONNIE",2,subbing out,,millsaps,"frebis,ronnie",,"['mcswain,josh', 'prater,dallas', 'aubert,dustin', 'robertson,marc', 'mancuso,logan', 'moore,myles']","['horton,eric', 'lewis,david', 'mcclahan,kerry', 'latin,malik']",91
524,0908,East Tex. Baptist,Millsaps,0,68-78,"36,42","25,43",1-0,0-1,N/A,N/A,11/15/14,4:00 p.m.,N/A,"Marshall, TX (Ornelas Gym)",Win,2,False,347,False,01:31,"SUB OUT by MCSWAIN,JOSH",62,,77 ,,,,"SUB OUT by MCSWAIN,JOSH",2,subbing out,,millsaps,"mcswain,josh",,"['mcswain,josh', 'prater,dallas', 'aubert,dustin', 'robertson,marc', 'mancuso,logan', 'moore,myles']","['horton,eric', 'lewis,david', 'mcclahan,kerry', 'latin,malik']",91
525,0908,East Tex. Baptist,Millsaps,0,68-78,"36,42","25,43",1-0,0-1,N/A,N/A,11/15/14,4:00 p.m.,N/A,"Marshall, TX (Ornelas Gym)",Win,2,False,347,False,01:28,"FOUL  by AUBERT,DUSTIN",62,,77 ,,,,"FOUL  by AUBERT,DUSTIN",2,foul,,millsaps,"aubert,dustin",,"['mcswain,josh', 'prater,dallas', 'aubert,dustin', 'robertson,marc', 'mancuso,logan', 'moore,myles']","['horton,eric', 'lewis,david', 'mcclahan,kerry', 'latin,malik']",88
526,0908,East Tex. Baptist,Millsaps,0,68-78,"36,42","25,43",1-0,0-1,N/A,N/A,11/15/14,4:00 p.m.,N/A,"Marshall, TX (Ornelas Gym)",Win,2,False,347,False,01:28,,62,,77 ,"MISS FT by LEWIS,DAVID",,,"MISS FT by LEWIS,DAVID",2,free throw,missed,east tex. baptist,"lewis,david",,"['mcswain,josh', 'prater,dallas', 'aubert,dustin', 'robertson,marc', 'mancuso,logan', 'moore,myles']","['horton,eric', 'lewis,david', 'mcclahan,kerry', 'latin,malik']",88
527,0908,East Tex. Baptist,Millsaps,0,68-78,"36,42","25,43",1-0,0-1,N/A,N/A,11/15/14,4:00 p.m.,N/A,"Marshall, TX (Ornelas Gym)",Win,2,False,347,False,--,,62,,77 ,REBOUND DEADB by TEAM,,,REBOUND DEADB by TEAM,2,deadball rebound,,east tex. baptist,,,"['mcswain,josh', 'prater,dallas', 'aubert,dustin', 'robertson,marc', 'mancuso,logan', 'moore,myles']","['horton,eric', 'lewis,david', 'mcclahan,kerry', 'latin,malik']",
528,0908,East Tex. Baptist,Millsaps,0,68-78,"36,42","25,43",1-0,0-1,N/A,N/A,11/15/14,4:00 p.m.,N/A,"Marshall, TX (Ornelas Gym)",Win,2,False,347,False,01:28,,62,,78 ,"GOOD FT by LEWIS,DAVID",ETBU 62-78 (-16),,"GOOD FT by LEWIS,DAVID",2,free throw,good,east tex. baptist,"lewis,david",1,"['mcswain,josh', 'prater,dallas', 'aubert,dustin', 'robertson,marc', 'mancuso,logan', 'moore,myles']","['horton,eric', 'lewis,david', 'mcclahan,kerry', 'latin,malik']",88
529,0908,East Tex. Baptist,Millsaps,0,68-78,"36,42","25,43",1-0,0-1,N/A,N/A,11/15/14,4:00 p.m.,N/A,"Marshall, TX (Ornelas Gym)",Win,2,False,347,False,01:04,,62,,78 ,"FOUL  by LATIN,MALIK",,,"FOUL  by LATIN,MALIK",2,foul,,east tex. baptist,"latin,malik",,"['mcswain,josh', 'prater,dallas', 'aubert,dustin', 'robertson,marc', 'mancuso,logan', 'moore,myles']","['horton,eric', 'lewis,david', 'mcclahan,kerry', 'latin,malik']",64
530,0908,East Tex. Baptist,Millsaps,0,68-78,"36,42","25,43",1-0,0-1,N/A,N/A,11/15/14,4:00 p.m.,N/A,"Marshall, TX (Ornelas Gym)",Win,2,False,347,False,01:04,"MISS FT by MOORE,MYLES",62,,78 ,,,,"MISS FT by MOORE,MYLES",2,free throw,missed,millsaps,"moore,myles",,"['mcswain,josh', 'prater,dallas', 'aubert,dustin', 'robertson,marc', 'mancuso,logan', 'moore,myles']","['horton,eric', 'lewis,david', 'mcclahan,kerry', 'latin,malik']",64
531,0908,East Tex. Baptist,Millsaps,0,68-78,"36,42","25,43",1-0,0-1,N/A,N/A,11/15/14,4:00 p.m.,N/A,"Marshall, TX (Ornelas Gym)",Win,2,False,347,False,--,REBOUND DEADB by TEAM,62,,78 ,,,,REBOUND DEADB by TEAM,2,deadball rebound,,millsaps,,,"['mcswain,josh', 'prater,dallas', 'aubert,dustin', 'robertson,marc', 'mancuso,logan', 'moore,myles']","['horton,eric', 'lewis,david', 'mcclahan,kerry', 'latin,malik']",
532,0908,East Tex. Baptist,Millsaps,0,68-78,"36,42","25,43",1-0,0-1,N/A,N/A,11/15/14,4:00 p.m.,N/A,"Marshall, TX (Ornelas Gym)",Win,2,False,347,False,01:04,"GOOD FT by MOORE,MYLES",63,,78 ,,MILLSAPS 63-78 (-15),,"GOOD FT by MOORE,MYLES",2,free throw,good,millsaps,"moore,myles",1,"['mcswain,josh', 'prater,dallas', 'aubert,dustin', 'robertson,marc', 'mancuso,logan', 'moore,myles']","['horton,eric', 'lewis,david', 'mcclahan,kerry', 'latin,malik']",64
533,0908,East Tex. Baptist,Millsaps,0,68-78,"36,42","25,43",1-0,0-1,N/A,N/A,11/15/14,4:00 p.m.,N/A,"Marshall, TX (Ornelas Gym)",Win,2,False,347,False,01:03,,63,,78 ,"TURNOVER  by DAY,TYLER",,,"TURNOVER  by DAY,TYLER",2,turnover,,east tex. baptist,"day,tyler",,"['mcswain,josh', 'prater,dallas', 'aubert,dustin', 'robertson,marc', 'mancuso,logan', 'moore,myles']","['horton,eric', 'lewis,david', 'mcclahan,kerry', 'latin,malik']",63
534,0908,East Tex. Baptist,Millsaps,0,68-78,"36,42","25,43",1-0,0-1,N/A,N/A,11/15/14,4:00 p.m.,N/A,"Marshall, TX (Ornelas Gym)",Win,2,False,347,False,01:02,"STEAL  by AUBERT,DUSTIN",63,,78 ,,,,"STEAL  by AUBERT,DUSTIN",2,steal,,millsaps,,,"['mcswain,josh', 'prater,dallas', 'aubert,dustin', 'robertson,marc', 'mancuso,logan', 'moore,myles']","['horton,eric', 'lewis,david', 'mcclahan,kerry', 'latin,malik']",62
535,0908,East Tex. Baptist,Millsaps,0,68-78,"36,42","25,43",1-0,0-1,N/A,N/A,11/15/14,4:00 p.m.,N/A,"Marshall, TX (Ornelas Gym)",Win,2,False,347,False,01:01,"GOOD 3PTR by AUBERT,DUSTIN",66,,78 ,,MILLSAPS 66-78 (-12),,"GOOD 3PTR by AUBERT,DUSTIN",2,three pointer,good,millsaps,"aubert,dustin",3,"['mcswain,josh', 'prater,dallas', 'aubert,dustin', 'robertson,marc', 'mancuso,logan', 'moore,myles']","['horton,eric', 'lewis,david', 'mcclahan,kerry', 'latin,malik']",61
536,0908,East Tex. Baptist,Millsaps,0,68-78,"36,42","25,43",1-0,0-1,N/A,N/A,11/15/14,4:00 p.m.,N/A,"Marshall, TX (Ornelas Gym)",Win,2,False,347,False,--,"ASSIST  by PRATER,DALLAS",66,,78 ,,,,"ASSIST  by PRATER,DALLAS",2,assist,,millsaps,"prater,dallas",,"['mcswain,josh', 'prater,dallas', 'aubert,dustin', 'robertson,marc', 'mancuso,logan', 'moore,myles']","['horton,eric', 'lewis,david', 'mcclahan,kerry', 'latin,malik']",
537,0908,East Tex. Baptist,Millsaps,0,68-78,"36,42","25,43",1-0,0-1,N/A,N/A,11/15/14,4:00 p.m.,N/A,"Marshall, TX (Ornelas Gym)",Win,2,False,347,False,00:58,"SUB IN by GAGEN,BRENNAN",66,,78 ,,,,"SUB IN by GAGEN,BRENNAN",2,subbing in,,millsaps,"gagen,brennan",,"['mcswain,josh', 'prater,dallas', 'aubert,dustin', 'robertson,marc', 'mancuso,logan', 'moore,myles', 'gagen,brennan']","['horton,eric', 'lewis,david', 'mcclahan,kerry', 'latin,malik']",58
538,0908,East Tex. Baptist,Millsaps,0,68-78,"36,42","25,43",1-0,0-1,N/A,N/A,11/15/14,4:00 p.m.,N/A,"Marshall, TX (Ornelas Gym)",Win,2,False,347,False,00:58,"SUB OUT by MANCUSO,LOGAN",66,,78 ,,,,"SUB OUT by MANCUSO,LOGAN",2,subbing out,,millsaps,"mancuso,logan",,"['mcswain,josh', 'prater,dallas', 'aubert,dustin', 'robertson,marc', 'moore,myles', 'gagen,brennan']","['horton,eric', 'lewis,david', 'mcclahan,kerry', 'latin,malik']",58
539,0908,East Tex. Baptist,Millsaps,0,68-78,"36,42","25,43",1-0,0-1,N/A,N/A,11/15/14,4:00 p.m.,N/A,"Marshall, TX (Ornelas Gym)",Win,2,False,347,False,00:57,"FOUL  by PRATER,DALLAS",66,,78 ,,,,"FOUL  by PRATER,DALLAS",2,foul,,millsaps,"prater,dallas",,"['mcswain,josh', 'prater,dallas', 'aubert,dustin', 'robertson,marc', 'moore,myles', 'gagen,brennan']","['horton,eric', 'lewis,david', 'mcclahan,kerry', 'latin,malik']",57
540,0908,East Tex. Baptist,Millsaps,0,68-78,"36,42","25,43",1-0,0-1,N/A,N/A,11/15/14,4:00 p.m.,N/A,"Marshall, TX (Ornelas Gym)",Win,2,False,347,False,00:57,,66,,78 ,"MISS FT by LEWIS,DAVID",,,"MISS FT by LEWIS,DAVID",2,free throw,missed,east tex. baptist,"lewis,david",,"['mcswain,josh', 'prater,dallas', 'aubert,dustin', 'robertson,marc', 'moore,myles', 'gagen,brennan']","['horton,eric', 'lewis,david', 'mcclahan,kerry', 'latin,malik']",57
541,0908,East Tex. Baptist,Millsaps,0,68-78,"36,42","25,43",1-0,0-1,N/A,N/A,11/15/14,4:00 p.m.,N/A,"Marshall, TX (Ornelas Gym)",Win,2,False,347,False,--,,66,,78 ,REBOUND DEADB by TEAM,,,REBOUND DEADB by TEAM,2,deadball rebound,,east tex. baptist,,,"['mcswain,josh', 'prater,dallas', 'aubert,dustin', 'robertson,marc', 'moore,myles', 'gagen,brennan']","['horton,eric', 'lewis,david', 'mcclahan,kerry', 'latin,malik']",
542,0908,East Tex. Baptist,Millsaps,0,68-78,"36,42","25,43",1-0,0-1,N/A,N/A,11/15/14,4:00 p.m.,N/A,"Marshall, TX (Ornelas Gym)",Win,2,False,347,False,00:57,,66,,78 ,"MISS FT by LEWIS,DAVID",,,"MISS FT by LEWIS,DAVID",2,free throw,missed,east tex. baptist,"lewis,david",,"['mcswain,josh', 'prater,dallas', 'aubert,dustin', 'robertson,marc', 'moore,myles', 'gagen,brennan']","['horton,eric', 'lewis,david', 'mcclahan,kerry', 'latin,malik']",57
543,0908,East Tex. Baptist,Millsaps,0,68-78,"36,42","25,43",1-0,0-1,N/A,N/A,11/15/14,4:00 p.m.,N/A,"Marshall, TX (Ornelas Gym)",Win,2,False,347,False,--,"REBOUND DEF by MOORE,MYLES",66,,78 ,,,,"REBOUND DEF by MOORE,MYLES",2,defensive rebound,,millsaps,"moore,myles",,"['mcswain,josh', 'prater,dallas', 'aubert,dustin', 'robertson,marc', 'moore,myles', 'gagen,brennan']","['horton,eric', 'lewis,david', 'mcclahan,kerry', 'latin,malik']",
544,0908,East Tex. Baptist,Millsaps,0,68-78,"36,42","25,43",1-0,0-1,N/A,N/A,11/15/14,4:00 p.m.,N/A,"Marshall, TX (Ornelas Gym)",Win,2,False,347,False,00:57,,66,,78 ,"SUB IN by ATKINS,BRET",,,"SUB IN by ATKINS,BRET",2,subbing in,,east tex. baptist,"atkins,bret",,"['mcswain,josh', 'prater,dallas', 'aubert,dustin', 'robertson,marc', 'moore,myles', 'gagen,brennan']","['horton,eric', 'lewis,david', 'mcclahan,kerry', 'latin,malik', 'atkins,bret']",57
545,0908,East Tex. Baptist,Millsaps,0,68-78,"36,42","25,43",1-0,0-1,N/A,N/A,11/15/14,4:00 p.m.,N/A,"Marshall, TX (Ornelas Gym)",Win,2,False,347,False,00:57,,66,,78 ,"SUB OUT by LATIN,MALIK",,,"SUB OUT by LATIN,MALIK",2,subbing out,,east tex. baptist,"latin,malik",,"['mcswain,josh', 'prater,dallas', 'aubert,dustin', 'robertson,marc', 'moore,myles', 'gagen,brennan']","['horton,eric', 'lewis,david', 'mcclahan,kerry', 'atkins,bret']",57
546,0908,East Tex. Baptist,Millsaps,0,68-78,"36,42","25,43",1-0,0-1,N/A,N/A,11/15/14,4:00 p.m.,N/A,"Marshall, TX (Ornelas Gym)",Win,2,False,347,False,00:48,"MISS 3PTR by MOORE,MYLES",66,,78 ,,,,"MISS 3PTR by MOORE,MYLES",2,three pointer,missed,millsaps,"moore,myles",,"['mcswain,josh', 'prater,dallas', 'aubert,dustin', 'robertson,marc', 'moore,myles', 'gagen,brennan']","['horton,eric', 'lewis,david', 'mcclahan,kerry', 'atkins,bret']",48
547,0908,East Tex. Baptist,Millsaps,0,68-78,"36,42","25,43",1-0,0-1,N/A,N/A,11/15/14,4:00 p.m.,N/A,"Marshall, TX (Ornelas Gym)",Win,2,False,347,False,00:48,,66,,78 ,"FOUL  by HORTON,ERIC",,,"FOUL  by HORTON,ERIC",2,foul,,east tex. baptist,"horton,eric",,"['mcswain,josh', 'prater,dallas', 'aubert,dustin', 'robertson,marc', 'moore,myles', 'gagen,brennan']","['horton,eric', 'lewis,david', 'mcclahan,kerry', 'atkins,bret']",48
548,0908,East Tex. Baptist,Millsaps,0,68-78,"36,42","25,43",1-0,0-1,N/A,N/A,11/15/14,4:00 p.m.,N/A,"Marshall, TX (Ornelas Gym)",Win,2,False,347,False,--,,66,,78 ,REBOUND DEF by TEAM,,,REBOUND DEF by TEAM,2,defensive rebound,,east tex. baptist,,,"['mcswain,josh', 'prater,dallas', 'aubert,dustin', 'robertson,marc', 'moore,myles', 'gagen,brennan']","['horton,eric', 'lewis,david', 'mcclahan,kerry', 'atkins,bret']",
549,0908,East Tex. Baptist,Millsaps,0,68-78,"36,42","25,43",1-0,0-1,N/A,N/A,11/15/14,4:00 p.m.,N/A,"Marshall, TX (Ornelas Gym)",Win,2,False,347,False,--,,66,,78 ,"ASSIST  by MCCLAHAN,KERRY",,,"ASSIST  by MCCLAHAN,KERRY",2,assist,,east tex. baptist,"mcclahan,kerry",,"['mcswain,josh', 'prater,dallas', 'aubert,dustin', 'robertson,marc', 'moore,myles', 'gagen,brennan']","['horton,eric', 'lewis,david', 'mcclahan,kerry', 'atkins,bret']",
550,0908,East Tex. Baptist,Millsaps,0,68-78,"36,42","25,43",1-0,0-1,N/A,N/A,11/15/14,4:00 p.m.,N/A,"Marshall, TX (Ornelas Gym)",Win,2,False,347,False,00:48,"GOOD FT by MOORE,MYLES",67,,78 ,,MILLSAPS 67-78 (-11),,"GOOD FT by MOORE,MYLES",2,free throw,good,millsaps,"moore,myles",1,"['mcswain,josh', 'prater,dallas', 'aubert,dustin', 'robertson,marc', 'moore,myles', 'gagen,brennan']","['horton,eric', 'lewis,david', 'mcclahan,kerry', 'atkins,bret']",48
551,0908,East Tex. Baptist,Millsaps,0,68-78,"36,42","25,43",1-0,0-1,N/A,N/A,11/15/14,4:00 p.m.,N/A,"Marshall, TX (Ornelas Gym)",Win,2,False,347,False,00:48,"GOOD FT by MOORE,MYLES",68,,78 ,,MILLSAPS 68-78 (-10),,"GOOD FT by MOORE,MYLES",2,free throw,good,millsaps,"moore,myles",1,"['mcswain,josh', 'prater,dallas', 'aubert,dustin', 'robertson,marc', 'moore,myles', 'gagen,brennan']","['horton,eric', 'lewis,david', 'mcclahan,kerry', 'atkins,bret']",48
552,0908,East Tex. Baptist,Millsaps,0,68-78,"36,42","25,43",1-0,0-1,N/A,N/A,11/15/14,4:00 p.m.,N/A,"Marshall, TX (Ornelas Gym)",Win,2,False,347,False,00:48,"SUB IN by HANSTAD,RAJAN",68,,78 ,,,,"SUB IN by HANSTAD,RAJAN",2,subbing in,,millsaps,"hanstad,rajan",,"['mcswain,josh', 'prater,dallas', 'aubert,dustin', 'robertson,marc', 'moore,myles', 'gagen,brennan', 'hanstad,rajan']","['horton,eric', 'lewis,david', 'mcclahan,kerry', 'atkins,bret']",48
553,0908,East Tex. Baptist,Millsaps,0,68-78,"36,42","25,43",1-0,0-1,N/A,N/A,11/15/14,4:00 p.m.,N/A,"Marshall, TX (Ornelas Gym)",Win,2,False,347,False,00:48,"SUB OUT by ROBERTSON,MARC",68,,78 ,,,,"SUB OUT by ROBERTSON,MARC",2,subbing out,,millsaps,"robertson,marc",,"['mcswain,josh', 'prater,dallas', 'aubert,dustin', 'moore,myles', 'gagen,brennan', 'hanstad,rajan']","['horton,eric', 'lewis,david', 'mcclahan,kerry', 'atkins,bret']",48
554,0908,East Tex. Baptist,Millsaps,0,68-78,"36,42","25,43",1-0,0-1,N/A,N/A,11/15/14,4:00 p.m.,N/A,"Marshall, TX (Ornelas Gym)",Win,2,False,347,False,00:14,,68,,78 ,"MISS 3PTR by DAY,TYLER",,,"MISS 3PTR by DAY,TYLER",2,three pointer,missed,east tex. baptist,"day,tyler",,"['mcswain,josh', 'prater,dallas', 'aubert,dustin', 'moore,myles', 'gagen,brennan', 'hanstad,rajan']","['horton,eric', 'lewis,david', 'mcclahan,kerry', 'atkins,bret']",14
555,0908,East Tex. Baptist,Millsaps,0,68-78,"36,42","25,43",1-0,0-1,N/A,N/A,11/15/14,4:00 p.m.,N/A,"Marshall, TX (Ornelas Gym)",Win,2,False,347,False,--,"REBOUND DEF by AUBERT,DUSTIN",68,,78 ,,,,"REBOUND DEF by AUBERT,DUSTIN",2,defensive rebound,,millsaps,"aubert,dustin",,"['mcswain,josh', 'prater,dallas', 'aubert,dustin', 'moore,myles', 'gagen,brennan', 'hanstad,rajan']","['horton,eric', 'lewis,david', 'mcclahan,kerry', 'atkins,bret']",
556,0908,East Tex. Baptist,Millsaps,0,68-78,"36,42","25,43",1-0,0-1,N/A,N/A,11/15/14,4:00 p.m.,N/A,"Marshall, TX (Ornelas Gym)",Win,2,False,347,False,00:04,"TURNOVER  by MELMS,MATT",68,,78 ,,,,"TURNOVER  by MELMS,MATT",2,turnover,,millsaps,"melms,matt",,"['mcswain,josh', 'prater,dallas', 'aubert,dustin', 'moore,myles', 'gagen,brennan', 'hanstad,rajan']","['horton,eric', 'lewis,david', 'mcclahan,kerry', 'atkins,bret']",4
