,gameID,homeTeam,awayTeam,saaGame,finalScore,homeScoreByPeriod,awayScoreByPeriod,homeRecord,awayRecord,homeConfRecord,awayConfRecord,gameDate,startTime,gameLength,gameLocation,homeWin,numPeriods,isOvertime,attendance,isNeutral,timeRemaining,awayPlay,awayTeamScore,playTeamIndicator,homeTeamScore,homePlay,gameScore,teamIndicator,Play,Period,playType,shotOutcome,Team,Player,pointsEarned,awayLineup,homeLineup,timeSeconds
0,1023,Berry,Hendrix,1,79-73,"33,40","30,49",4-8,6-6,0-2,1-1,01/09/15,8 p.m.,N/A,"Rome, Ga. (Cage Center)",Lose,2,False,300,False,19:44,,,,,"TURNOVER  by ELLINGSWORTH,COLEMAN",,,"TURNOVER  by ELLINGSWORTH,COLEMAN",1,turnover,,berry,"ellingsworth,coleman",,"['garrett,travis', 'barrett,jordan', 'ogle,john', 'conard,alec', 'gumm,gabe']","['marder,nick', 'jacobs,owen', 'chaykowsky,zack', 'mccloud,lee', 'ellingsworth,coleman']",1184
1,1023,Berry,Hendrix,1,79-73,"33,40","30,49",4-8,6-6,0-2,1-1,01/09/15,8 p.m.,N/A,"Rome, Ga. (Cage Center)",Lose,2,False,300,False,19:16,"GOOD 3PTR by GARRETT,TRAVIS",3 ,,0,,HC 3-0 (+3),,"GOOD 3PTR by GARRETT,TRAVIS",1,three pointer,good,hendrix,"garrett,travis",3,"['garrett,travis', 'barrett,jordan', 'ogle,john', 'conard,alec', 'gumm,gabe']","['marder,nick', 'jacobs,owen', 'chaykowsky,zack', 'mccloud,lee', 'ellingsworth,coleman']",1156
2,1023,Berry,Hendrix,1,79-73,"33,40","30,49",4-8,6-6,0-2,1-1,01/09/15,8 p.m.,N/A,"Rome, Ga. (Cage Center)",Lose,2,False,300,False,--,"ASSIST  by CONARD,ALEC",3 ,,0,,,,"ASSIST  by CONARD,ALEC",1,assist,,hendrix,"conard,alec",,"['garrett,travis', 'barrett,jordan', 'ogle,john', 'conard,alec', 'gumm,gabe']","['marder,nick', 'jacobs,owen', 'chaykowsky,zack', 'mccloud,lee', 'ellingsworth,coleman']",
3,1023,Berry,Hendrix,1,79-73,"33,40","30,49",4-8,6-6,0-2,1-1,01/09/15,8 p.m.,N/A,"Rome, Ga. (Cage Center)",Lose,2,False,300,False,18:44,"FOUL  by GUMM,GABE",3 ,,0,,,,"FOUL  by GUMM,GABE",1,foul,,hendrix,"gumm,gabe",,"['garrett,travis', 'barrett,jordan', 'ogle,john', 'conard,alec', 'gumm,gabe']","['marder,nick', 'jacobs,owen', 'chaykowsky,zack', 'mccloud,lee', 'ellingsworth,coleman']",1124
4,1023,Berry,Hendrix,1,79-73,"33,40","30,49",4-8,6-6,0-2,1-1,01/09/15,8 p.m.,N/A,"Rome, Ga. (Cage Center)",Lose,2,False,300,False,18:44,,3 ,,0,"MISS FT by JACOBS,OWEN",,,"MISS FT by JACOBS,OWEN",1,free throw,missed,berry,"jacobs,owen",,"['garrett,travis', 'barrett,jordan', 'ogle,john', 'conard,alec', 'gumm,gabe']","['marder,nick', 'jacobs,owen', 'chaykowsky,zack', 'mccloud,lee', 'ellingsworth,coleman']",1124
5,1023,Berry,Hendrix,1,79-73,"33,40","30,49",4-8,6-6,0-2,1-1,01/09/15,8 p.m.,N/A,"Rome, Ga. (Cage Center)",Lose,2,False,300,False,--,,3 ,,0,"REBOUND DEADB by HARVILLE,TYLER",,,"REBOUND DEADB by HARVILLE,TYLER",1,deadball rebound,,berry,"harville,tyler",,"['garrett,travis', 'barrett,jordan', 'ogle,john', 'conard,alec', 'gumm,gabe']","['marder,nick', 'jacobs,owen', 'chaykowsky,zack', 'mccloud,lee', 'ellingsworth,coleman']",
6,1023,Berry,Hendrix,1,79-73,"33,40","30,49",4-8,6-6,0-2,1-1,01/09/15,8 p.m.,N/A,"Rome, Ga. (Cage Center)",Lose,2,False,300,False,18:44,,3 ,,0,"MISS FT by JACOBS,OWEN",,,"MISS FT by JACOBS,OWEN",1,free throw,missed,berry,"jacobs,owen",,"['garrett,travis', 'barrett,jordan', 'ogle,john', 'conard,alec', 'gumm,gabe']","['marder,nick', 'jacobs,owen', 'chaykowsky,zack', 'mccloud,lee', 'ellingsworth,coleman']",1124
7,1023,Berry,Hendrix,1,79-73,"33,40","30,49",4-8,6-6,0-2,1-1,01/09/15,8 p.m.,N/A,"Rome, Ga. (Cage Center)",Lose,2,False,300,False,--,"REBOUND DEF by CONARD,ALEC",3 ,,0,,,,"REBOUND DEF by CONARD,ALEC",1,defensive rebound,,hendrix,"conard,alec",,"['garrett,travis', 'barrett,jordan', 'ogle,john', 'conard,alec', 'gumm,gabe']","['marder,nick', 'jacobs,owen', 'chaykowsky,zack', 'mccloud,lee', 'ellingsworth,coleman']",
8,1023,Berry,Hendrix,1,79-73,"33,40","30,49",4-8,6-6,0-2,1-1,01/09/15,8 p.m.,N/A,"Rome, Ga. (Cage Center)",Lose,2,False,300,False,18:36,"FOUL  by OGLE,JOHN",3 ,,0,,,,"FOUL  by OGLE,JOHN",1,foul,,hendrix,"ogle,john",,"['garrett,travis', 'barrett,jordan', 'ogle,john', 'conard,alec', 'gumm,gabe']","['marder,nick', 'jacobs,owen', 'chaykowsky,zack', 'mccloud,lee', 'ellingsworth,coleman']",1116
9,1023,Berry,Hendrix,1,79-73,"33,40","30,49",4-8,6-6,0-2,1-1,01/09/15,8 p.m.,N/A,"Rome, Ga. (Cage Center)",Lose,2,False,300,False,18:27,,3,,3,"GOOD 3PTR by MARDER,NICK",BCM 3-3 (0),,"GOOD 3PTR by MARDER,NICK",1,three pointer,good,berry,"marder,nick",3,"['garrett,travis', 'barrett,jordan', 'ogle,john', 'conard,alec', 'gumm,gabe']","['marder,nick', 'jacobs,owen', 'chaykowsky,zack', 'mccloud,lee', 'ellingsworth,coleman']",1107
10,1023,Berry,Hendrix,1,79-73,"33,40","30,49",4-8,6-6,0-2,1-1,01/09/15,8 p.m.,N/A,"Rome, Ga. (Cage Center)",Lose,2,False,300,False,17:50,"MISS 3PTR by CONARD,ALEC",3,,3,,,,"MISS 3PTR by CONARD,ALEC",1,three pointer,missed,hendrix,"conard,alec",,"['garrett,travis', 'barrett,jordan', 'ogle,john', 'conard,alec', 'gumm,gabe']","['marder,nick', 'jacobs,owen', 'chaykowsky,zack', 'mccloud,lee', 'ellingsworth,coleman']",1070
11,1023,Berry,Hendrix,1,79-73,"33,40","30,49",4-8,6-6,0-2,1-1,01/09/15,8 p.m.,N/A,"Rome, Ga. (Cage Center)",Lose,2,False,300,False,--,"REBOUND OFF by BARRETT,JORDAN",3,,3,,,,"REBOUND OFF by BARRETT,JORDAN",1,offensive rebound,,hendrix,"barrett,jordan",,"['garrett,travis', 'barrett,jordan', 'ogle,john', 'conard,alec', 'gumm,gabe']","['marder,nick', 'jacobs,owen', 'chaykowsky,zack', 'mccloud,lee', 'ellingsworth,coleman']",
12,1023,Berry,Hendrix,1,79-73,"33,40","30,49",4-8,6-6,0-2,1-1,01/09/15,8 p.m.,N/A,"Rome, Ga. (Cage Center)",Lose,2,False,300,False,17:41,,3,,3,"FOUL  by MARDER,NICK",,,"FOUL  by MARDER,NICK",1,foul,,berry,"marder,nick",,"['garrett,travis', 'barrett,jordan', 'ogle,john', 'conard,alec', 'gumm,gabe']","['marder,nick', 'jacobs,owen', 'chaykowsky,zack', 'mccloud,lee', 'ellingsworth,coleman']",1061
13,1023,Berry,Hendrix,1,79-73,"33,40","30,49",4-8,6-6,0-2,1-1,01/09/15,8 p.m.,N/A,"Rome, Ga. (Cage Center)",Lose,2,False,300,False,17:35,"GOOD FT by BARRETT,JORDAN",4 ,,3,,HC 4-3 (+1),,"GOOD FT by BARRETT,JORDAN",1,free throw,good,hendrix,"barrett,jordan",1,"['garrett,travis', 'barrett,jordan', 'ogle,john', 'conard,alec', 'gumm,gabe']","['marder,nick', 'jacobs,owen', 'chaykowsky,zack', 'mccloud,lee', 'ellingsworth,coleman']",1055
14,1023,Berry,Hendrix,1,79-73,"33,40","30,49",4-8,6-6,0-2,1-1,01/09/15,8 p.m.,N/A,"Rome, Ga. (Cage Center)",Lose,2,False,300,False,17:35,"MISS FT by BARRETT,JORDAN",4 ,,3,,,,"MISS FT by BARRETT,JORDAN",1,free throw,missed,hendrix,"barrett,jordan",,"['garrett,travis', 'barrett,jordan', 'ogle,john', 'conard,alec', 'gumm,gabe']","['marder,nick', 'jacobs,owen', 'chaykowsky,zack', 'mccloud,lee', 'ellingsworth,coleman']",1055
15,1023,Berry,Hendrix,1,79-73,"33,40","30,49",4-8,6-6,0-2,1-1,01/09/15,8 p.m.,N/A,"Rome, Ga. (Cage Center)",Lose,2,False,300,False,--,"REBOUND OFF by CONARD,ALEC",4 ,,3,,,,"REBOUND OFF by CONARD,ALEC",1,offensive rebound,,hendrix,"conard,alec",,"['garrett,travis', 'barrett,jordan', 'ogle,john', 'conard,alec', 'gumm,gabe']","['marder,nick', 'jacobs,owen', 'chaykowsky,zack', 'mccloud,lee', 'ellingsworth,coleman']",
16,1023,Berry,Hendrix,1,79-73,"33,40","30,49",4-8,6-6,0-2,1-1,01/09/15,8 p.m.,N/A,"Rome, Ga. (Cage Center)",Lose,2,False,300,False,17:30,,4 ,,3,"FOUL  by MARDER,NICK",,,"FOUL  by MARDER,NICK",1,foul,,berry,"marder,nick",,"['garrett,travis', 'barrett,jordan', 'ogle,john', 'conard,alec', 'gumm,gabe']","['marder,nick', 'jacobs,owen', 'chaykowsky,zack', 'mccloud,lee', 'ellingsworth,coleman']",1050
17,1023,Berry,Hendrix,1,79-73,"33,40","30,49",4-8,6-6,0-2,1-1,01/09/15,8 p.m.,N/A,"Rome, Ga. (Cage Center)",Lose,2,False,300,False,17:24,"MISS 3PTR by GARRETT,TRAVIS",4 ,,3,,,,"MISS 3PTR by GARRETT,TRAVIS",1,three pointer,missed,hendrix,"garrett,travis",,"['garrett,travis', 'barrett,jordan', 'ogle,john', 'conard,alec', 'gumm,gabe']","['marder,nick', 'jacobs,owen', 'chaykowsky,zack', 'mccloud,lee', 'ellingsworth,coleman']",1044
18,1023,Berry,Hendrix,1,79-73,"33,40","30,49",4-8,6-6,0-2,1-1,01/09/15,8 p.m.,N/A,"Rome, Ga. (Cage Center)",Lose,2,False,300,False,--,,4 ,,3,"REBOUND DEF by CHAYKOWSKY,ZACK",,,"REBOUND DEF by CHAYKOWSKY,ZACK",1,defensive rebound,,berry,"chaykowsky,zack",,"['garrett,travis', 'barrett,jordan', 'ogle,john', 'conard,alec', 'gumm,gabe']","['marder,nick', 'jacobs,owen', 'chaykowsky,zack', 'mccloud,lee', 'ellingsworth,coleman']",
19,1023,Berry,Hendrix,1,79-73,"33,40","30,49",4-8,6-6,0-2,1-1,01/09/15,8 p.m.,N/A,"Rome, Ga. (Cage Center)",Lose,2,False,300,False,17:21,,4 ,,3,"MISS 3PTR by CHAYKOWSKY,ZACK",,,"MISS 3PTR by CHAYKOWSKY,ZACK",1,three pointer,missed,berry,"chaykowsky,zack",,"['garrett,travis', 'barrett,jordan', 'ogle,john', 'conard,alec', 'gumm,gabe']","['marder,nick', 'jacobs,owen', 'chaykowsky,zack', 'mccloud,lee', 'ellingsworth,coleman']",1041
20,1023,Berry,Hendrix,1,79-73,"33,40","30,49",4-8,6-6,0-2,1-1,01/09/15,8 p.m.,N/A,"Rome, Ga. (Cage Center)",Lose,2,False,300,False,--,"REBOUND DEF by GUMM,GABE",4 ,,3,,,,"REBOUND DEF by GUMM,GABE",1,defensive rebound,,hendrix,"gumm,gabe",,"['garrett,travis', 'barrett,jordan', 'ogle,john', 'conard,alec', 'gumm,gabe']","['marder,nick', 'jacobs,owen', 'chaykowsky,zack', 'mccloud,lee', 'ellingsworth,coleman']",
21,1023,Berry,Hendrix,1,79-73,"33,40","30,49",4-8,6-6,0-2,1-1,01/09/15,8 p.m.,N/A,"Rome, Ga. (Cage Center)",Lose,2,False,300,False,16:37,,4 ,,3,"FOUL  by ELLINGSWORTH,COLEMAN",,,"FOUL  by ELLINGSWORTH,COLEMAN",1,foul,,berry,"ellingsworth,coleman",,"['garrett,travis', 'barrett,jordan', 'ogle,john', 'conard,alec', 'gumm,gabe']","['marder,nick', 'jacobs,owen', 'chaykowsky,zack', 'mccloud,lee', 'ellingsworth,coleman']",997
22,1023,Berry,Hendrix,1,79-73,"33,40","30,49",4-8,6-6,0-2,1-1,01/09/15,8 p.m.,N/A,"Rome, Ga. (Cage Center)",Lose,2,False,300,False,16:37,,4 ,,3,"FOUL  by KORN,LUKAS",,,"FOUL  by KORN,LUKAS",1,foul,,berry,"korn,lukas",,"['garrett,travis', 'barrett,jordan', 'ogle,john', 'conard,alec', 'gumm,gabe']","['marder,nick', 'jacobs,owen', 'chaykowsky,zack', 'mccloud,lee', 'ellingsworth,coleman']",997
23,1023,Berry,Hendrix,1,79-73,"33,40","30,49",4-8,6-6,0-2,1-1,01/09/15,8 p.m.,N/A,"Rome, Ga. (Cage Center)",Lose,2,False,300,False,16:37,"MISS FT by BARRETT,JORDAN",4 ,,3,,,,"MISS FT by BARRETT,JORDAN",1,free throw,missed,hendrix,"barrett,jordan",,"['garrett,travis', 'barrett,jordan', 'ogle,john', 'conard,alec', 'gumm,gabe']","['marder,nick', 'jacobs,owen', 'chaykowsky,zack', 'mccloud,lee', 'ellingsworth,coleman']",997
24,1023,Berry,Hendrix,1,79-73,"33,40","30,49",4-8,6-6,0-2,1-1,01/09/15,8 p.m.,N/A,"Rome, Ga. (Cage Center)",Lose,2,False,300,False,--,REBOUND DEADB by TEAM,4 ,,3,,,,REBOUND DEADB by TEAM,1,deadball rebound,,hendrix,,,"['garrett,travis', 'barrett,jordan', 'ogle,john', 'conard,alec', 'gumm,gabe']","['marder,nick', 'jacobs,owen', 'chaykowsky,zack', 'mccloud,lee', 'ellingsworth,coleman']",
25,1023,Berry,Hendrix,1,79-73,"33,40","30,49",4-8,6-6,0-2,1-1,01/09/15,8 p.m.,N/A,"Rome, Ga. (Cage Center)",Lose,2,False,300,False,16:37,"GOOD FT by BARRETT,JORDAN",5 ,,3,,HC 5-3 (+2),,"GOOD FT by BARRETT,JORDAN",1,free throw,good,hendrix,"barrett,jordan",1,"['garrett,travis', 'barrett,jordan', 'ogle,john', 'conard,alec', 'gumm,gabe']","['marder,nick', 'jacobs,owen', 'chaykowsky,zack', 'mccloud,lee', 'ellingsworth,coleman']",997
26,1023,Berry,Hendrix,1,79-73,"33,40","30,49",4-8,6-6,0-2,1-1,01/09/15,8 p.m.,N/A,"Rome, Ga. (Cage Center)",Lose,2,False,300,False,16:37,,5 ,,3,"SUB IN by KORN,LUKAS",,,"SUB IN by KORN,LUKAS",1,subbing in,,berry,"korn,lukas",,"['garrett,travis', 'barrett,jordan', 'ogle,john', 'conard,alec', 'gumm,gabe']","['marder,nick', 'jacobs,owen', 'chaykowsky,zack', 'mccloud,lee', 'ellingsworth,coleman', 'korn,lukas']",997
27,1023,Berry,Hendrix,1,79-73,"33,40","30,49",4-8,6-6,0-2,1-1,01/09/15,8 p.m.,N/A,"Rome, Ga. (Cage Center)",Lose,2,False,300,False,16:37,,5 ,,3,"SUB OUT by MARDER,NICK",,,"SUB OUT by MARDER,NICK",1,subbing out,,berry,"marder,nick",,"['garrett,travis', 'barrett,jordan', 'ogle,john', 'conard,alec', 'gumm,gabe']","['jacobs,owen', 'chaykowsky,zack', 'mccloud,lee', 'ellingsworth,coleman', 'korn,lukas']",997
28,1023,Berry,Hendrix,1,79-73,"33,40","30,49",4-8,6-6,0-2,1-1,01/09/15,8 p.m.,N/A,"Rome, Ga. (Cage Center)",Lose,2,False,300,False,16:37,,5 ,,3,"SUB OUT by ELLINGSWORTH,COLEMAN",,,"SUB OUT by ELLINGSWORTH,COLEMAN",1,subbing out,,berry,"ellingsworth,coleman",,"['garrett,travis', 'barrett,jordan', 'ogle,john', 'conard,alec', 'gumm,gabe']","['jacobs,owen', 'chaykowsky,zack', 'mccloud,lee', 'korn,lukas']",997
29,1023,Berry,Hendrix,1,79-73,"33,40","30,49",4-8,6-6,0-2,1-1,01/09/15,8 p.m.,N/A,"Rome, Ga. (Cage Center)",Lose,2,False,300,False,16:26,,5,,5,"GOOD LAYUP by KORN,LUKAS(in the paint)",BCM 5-5 (0),,"GOOD LAYUP by KORN,LUKAS(in the paint)",1,layup,good,berry,"korn,lukas",2,"['garrett,travis', 'barrett,jordan', 'ogle,john', 'conard,alec', 'gumm,gabe']","['jacobs,owen', 'chaykowsky,zack', 'mccloud,lee', 'korn,lukas']",986
30,1023,Berry,Hendrix,1,79-73,"33,40","30,49",4-8,6-6,0-2,1-1,01/09/15,8 p.m.,N/A,"Rome, Ga. (Cage Center)",Lose,2,False,300,False,--,,5,,5,"ASSIST  by MCCLOUD,LEE",,,"ASSIST  by MCCLOUD,LEE",1,assist,,berry,"mccloud,lee",,"['garrett,travis', 'barrett,jordan', 'ogle,john', 'conard,alec', 'gumm,gabe']","['jacobs,owen', 'chaykowsky,zack', 'mccloud,lee', 'korn,lukas']",
31,1023,Berry,Hendrix,1,79-73,"33,40","30,49",4-8,6-6,0-2,1-1,01/09/15,8 p.m.,N/A,"Rome, Ga. (Cage Center)",Lose,2,False,300,False,16:15,,5,,5,"FOUL  by MCCLOUD,LEE",,,"FOUL  by MCCLOUD,LEE",1,foul,,berry,"mccloud,lee",,"['garrett,travis', 'barrett,jordan', 'ogle,john', 'conard,alec', 'gumm,gabe']","['jacobs,owen', 'chaykowsky,zack', 'mccloud,lee', 'korn,lukas']",975
32,1023,Berry,Hendrix,1,79-73,"33,40","30,49",4-8,6-6,0-2,1-1,01/09/15,8 p.m.,N/A,"Rome, Ga. (Cage Center)",Lose,2,False,300,False,16:08,"MISS LAYUP by BARRETT,JORDAN",5,,5,,,,"MISS LAYUP by BARRETT,JORDAN",1,layup,missed,hendrix,"barrett,jordan",,"['garrett,travis', 'barrett,jordan', 'ogle,john', 'conard,alec', 'gumm,gabe']","['jacobs,owen', 'chaykowsky,zack', 'mccloud,lee', 'korn,lukas']",968
33,1023,Berry,Hendrix,1,79-73,"33,40","30,49",4-8,6-6,0-2,1-1,01/09/15,8 p.m.,N/A,"Rome, Ga. (Cage Center)",Lose,2,False,300,False,--,,5,,5,"REBOUND DEF by KORN,LUKAS",,,"REBOUND DEF by KORN,LUKAS",1,defensive rebound,,berry,"korn,lukas",,"['garrett,travis', 'barrett,jordan', 'ogle,john', 'conard,alec', 'gumm,gabe']","['jacobs,owen', 'chaykowsky,zack', 'mccloud,lee', 'korn,lukas']",
34,1023,Berry,Hendrix,1,79-73,"33,40","30,49",4-8,6-6,0-2,1-1,01/09/15,8 p.m.,N/A,"Rome, Ga. (Cage Center)",Lose,2,False,300,False,15:50,,5,,5,"TURNOVER  by KORN,LUKAS",,,"TURNOVER  by KORN,LUKAS",1,turnover,,berry,"korn,lukas",,"['garrett,travis', 'barrett,jordan', 'ogle,john', 'conard,alec', 'gumm,gabe']","['jacobs,owen', 'chaykowsky,zack', 'mccloud,lee', 'korn,lukas']",950
35,1023,Berry,Hendrix,1,79-73,"33,40","30,49",4-8,6-6,0-2,1-1,01/09/15,8 p.m.,N/A,"Rome, Ga. (Cage Center)",Lose,2,False,300,False,15:50,"STEAL  by GUMM,GABE",5,,5,,,,"STEAL  by GUMM,GABE",1,steal,,hendrix,,,"['garrett,travis', 'barrett,jordan', 'ogle,john', 'conard,alec', 'gumm,gabe']","['jacobs,owen', 'chaykowsky,zack', 'mccloud,lee', 'korn,lukas']",950
36,1023,Berry,Hendrix,1,79-73,"33,40","30,49",4-8,6-6,0-2,1-1,01/09/15,8 p.m.,N/A,"Rome, Ga. (Cage Center)",Lose,2,False,300,False,15:50,"FOUL  by ALDOUS,HANK",5,,5,,,,"FOUL  by ALDOUS,HANK",1,foul,,hendrix,"aldous,hank",,"['garrett,travis', 'barrett,jordan', 'ogle,john', 'conard,alec', 'gumm,gabe']","['jacobs,owen', 'chaykowsky,zack', 'mccloud,lee', 'korn,lukas']",950
37,1023,Berry,Hendrix,1,79-73,"33,40","30,49",4-8,6-6,0-2,1-1,01/09/15,8 p.m.,N/A,"Rome, Ga. (Cage Center)",Lose,2,False,300,False,15:50,,5,,7 ,"GOOD LAYUP by HARVILLE,TYLER(in the paint)",BCM 5-7 (-2),,"GOOD LAYUP by HARVILLE,TYLER(in the paint)",1,layup,good,berry,"harville,tyler",2,"['garrett,travis', 'barrett,jordan', 'ogle,john', 'conard,alec', 'gumm,gabe']","['jacobs,owen', 'chaykowsky,zack', 'mccloud,lee', 'korn,lukas']",950
38,1023,Berry,Hendrix,1,79-73,"33,40","30,49",4-8,6-6,0-2,1-1,01/09/15,8 p.m.,N/A,"Rome, Ga. (Cage Center)",Lose,2,False,300,False,15:50,"TURNOVER  by OGLE,JOHN",5,,7 ,,,,"TURNOVER  by OGLE,JOHN",1,turnover,,hendrix,"ogle,john",,"['garrett,travis', 'barrett,jordan', 'ogle,john', 'conard,alec', 'gumm,gabe']","['jacobs,owen', 'chaykowsky,zack', 'mccloud,lee', 'korn,lukas']",950
39,1023,Berry,Hendrix,1,79-73,"33,40","30,49",4-8,6-6,0-2,1-1,01/09/15,8 p.m.,N/A,"Rome, Ga. (Cage Center)",Lose,2,False,300,False,15:50,,5,,7 ,"STEAL  by MCCLOUD,LEE",,,"STEAL  by MCCLOUD,LEE",1,steal,,berry,,,"['garrett,travis', 'barrett,jordan', 'ogle,john', 'conard,alec', 'gumm,gabe']","['jacobs,owen', 'chaykowsky,zack', 'mccloud,lee', 'korn,lukas']",950
40,1023,Berry,Hendrix,1,79-73,"33,40","30,49",4-8,6-6,0-2,1-1,01/09/15,8 p.m.,N/A,"Rome, Ga. (Cage Center)",Lose,2,False,300,False,15:50,"SUB IN by ALDOUS,HANK",5,,7 ,,,,"SUB IN by ALDOUS,HANK",1,subbing in,,hendrix,"aldous,hank",,"['garrett,travis', 'barrett,jordan', 'ogle,john', 'conard,alec', 'gumm,gabe', 'aldous,hank']","['jacobs,owen', 'chaykowsky,zack', 'mccloud,lee', 'korn,lukas']",950
41,1023,Berry,Hendrix,1,79-73,"33,40","30,49",4-8,6-6,0-2,1-1,01/09/15,8 p.m.,N/A,"Rome, Ga. (Cage Center)",Lose,2,False,300,False,15:50,"SUB OUT by GUMM,GABE",5,,7 ,,,,"SUB OUT by GUMM,GABE",1,subbing out,,hendrix,"gumm,gabe",,"['garrett,travis', 'barrett,jordan', 'ogle,john', 'conard,alec', 'aldous,hank']","['jacobs,owen', 'chaykowsky,zack', 'mccloud,lee', 'korn,lukas']",950
42,1023,Berry,Hendrix,1,79-73,"33,40","30,49",4-8,6-6,0-2,1-1,01/09/15,8 p.m.,N/A,"Rome, Ga. (Cage Center)",Lose,2,False,300,False,14:00,,5,,7 ,"TURNOVER  by HARVILLE,TYLER",,,"TURNOVER  by HARVILLE,TYLER",1,turnover,,berry,"harville,tyler",,"['garrett,travis', 'barrett,jordan', 'ogle,john', 'conard,alec', 'aldous,hank']","['jacobs,owen', 'chaykowsky,zack', 'mccloud,lee', 'korn,lukas']",840
43,1023,Berry,Hendrix,1,79-73,"33,40","30,49",4-8,6-6,0-2,1-1,01/09/15,8 p.m.,N/A,"Rome, Ga. (Cage Center)",Lose,2,False,300,False,14:00,,5,,9 ,"GOOD LAYUP by CHAYKOWSKY,ZACK(in the paint)",BCM 5-9 (-4),,"GOOD LAYUP by CHAYKOWSKY,ZACK(in the paint)",1,layup,good,berry,"chaykowsky,zack",2,"['garrett,travis', 'barrett,jordan', 'ogle,john', 'conard,alec', 'aldous,hank']","['jacobs,owen', 'chaykowsky,zack', 'mccloud,lee', 'korn,lukas']",840
44,1023,Berry,Hendrix,1,79-73,"33,40","30,49",4-8,6-6,0-2,1-1,01/09/15,8 p.m.,N/A,"Rome, Ga. (Cage Center)",Lose,2,False,300,False,13:34,"FOUL  by CONARD,ALEC",5,,9 ,,,,"FOUL  by CONARD,ALEC",1,foul,,hendrix,"conard,alec",,"['garrett,travis', 'barrett,jordan', 'ogle,john', 'conard,alec', 'aldous,hank']","['jacobs,owen', 'chaykowsky,zack', 'mccloud,lee', 'korn,lukas']",814
45,1023,Berry,Hendrix,1,79-73,"33,40","30,49",4-8,6-6,0-2,1-1,01/09/15,8 p.m.,N/A,"Rome, Ga. (Cage Center)",Lose,2,False,300,False,--,,5,,9 ,"ASSIST  by ELLINGSWORTH,COLEMAN",,,"ASSIST  by ELLINGSWORTH,COLEMAN",1,assist,,berry,"ellingsworth,coleman",,"['garrett,travis', 'barrett,jordan', 'ogle,john', 'conard,alec', 'aldous,hank']","['jacobs,owen', 'chaykowsky,zack', 'mccloud,lee', 'korn,lukas']",
46,1023,Berry,Hendrix,1,79-73,"33,40","30,49",4-8,6-6,0-2,1-1,01/09/15,8 p.m.,N/A,"Rome, Ga. (Cage Center)",Lose,2,False,300,False,13:34,,5,,9 ,"MISS FT by ELLINGSWORTH,COLEMAN",,,"MISS FT by ELLINGSWORTH,COLEMAN",1,free throw,missed,berry,"ellingsworth,coleman",,"['garrett,travis', 'barrett,jordan', 'ogle,john', 'conard,alec', 'aldous,hank']","['jacobs,owen', 'chaykowsky,zack', 'mccloud,lee', 'korn,lukas']",814
47,1023,Berry,Hendrix,1,79-73,"33,40","30,49",4-8,6-6,0-2,1-1,01/09/15,8 p.m.,N/A,"Rome, Ga. (Cage Center)",Lose,2,False,300,False,--,"REBOUND DEF by CONARD,ALEC",5,,9 ,,,,"REBOUND DEF by CONARD,ALEC",1,defensive rebound,,hendrix,"conard,alec",,"['garrett,travis', 'barrett,jordan', 'ogle,john', 'conard,alec', 'aldous,hank']","['jacobs,owen', 'chaykowsky,zack', 'mccloud,lee', 'korn,lukas']",
48,1023,Berry,Hendrix,1,79-73,"33,40","30,49",4-8,6-6,0-2,1-1,01/09/15,8 p.m.,N/A,"Rome, Ga. (Cage Center)",Lose,2,False,300,False,13:34,,5,,9 ,"SUB IN by ELLINGSWORTH,COLEMAN",,,"SUB IN by ELLINGSWORTH,COLEMAN",1,subbing in,,berry,"ellingsworth,coleman",,"['garrett,travis', 'barrett,jordan', 'ogle,john', 'conard,alec', 'aldous,hank']","['jacobs,owen', 'chaykowsky,zack', 'mccloud,lee', 'korn,lukas', 'ellingsworth,coleman']",814
49,1023,Berry,Hendrix,1,79-73,"33,40","30,49",4-8,6-6,0-2,1-1,01/09/15,8 p.m.,N/A,"Rome, Ga. (Cage Center)",Lose,2,False,300,False,13:34,,5,,9 ,"SUB OUT by CHAYKOWSKY,ZACK",,,"SUB OUT by CHAYKOWSKY,ZACK",1,subbing out,,berry,"chaykowsky,zack",,"['garrett,travis', 'barrett,jordan', 'ogle,john', 'conard,alec', 'aldous,hank']","['jacobs,owen', 'mccloud,lee', 'korn,lukas', 'ellingsworth,coleman']",814
50,1023,Berry,Hendrix,1,79-73,"33,40","30,49",4-8,6-6,0-2,1-1,01/09/15,8 p.m.,N/A,"Rome, Ga. (Cage Center)",Lose,2,False,300,False,13:31,"FOUL  by VANCE,LUKE",5,,9 ,,,,"FOUL  by VANCE,LUKE",1,foul,,hendrix,"vance,luke",,"['garrett,travis', 'barrett,jordan', 'ogle,john', 'conard,alec', 'aldous,hank']","['jacobs,owen', 'mccloud,lee', 'korn,lukas', 'ellingsworth,coleman']",811
51,1023,Berry,Hendrix,1,79-73,"33,40","30,49",4-8,6-6,0-2,1-1,01/09/15,8 p.m.,N/A,"Rome, Ga. (Cage Center)",Lose,2,False,300,False,13:30,,5,,9 ,"SUB IN by POWELL,SAMUEL",,,"SUB IN by POWELL,SAMUEL",1,subbing in,,berry,"powell,samuel",,"['garrett,travis', 'barrett,jordan', 'ogle,john', 'conard,alec', 'aldous,hank']","['jacobs,owen', 'mccloud,lee', 'korn,lukas', 'ellingsworth,coleman', 'powell,samuel']",810
52,1023,Berry,Hendrix,1,79-73,"33,40","30,49",4-8,6-6,0-2,1-1,01/09/15,8 p.m.,N/A,"Rome, Ga. (Cage Center)",Lose,2,False,300,False,13:30,,5,,9 ,"SUB IN by CHAYKOWSKY,ZACK",,,"SUB IN by CHAYKOWSKY,ZACK",1,subbing in,,berry,"chaykowsky,zack",,"['garrett,travis', 'barrett,jordan', 'ogle,john', 'conard,alec', 'aldous,hank']","['jacobs,owen', 'mccloud,lee', 'korn,lukas', 'ellingsworth,coleman', 'powell,samuel', 'chaykowsky,zack']",810
53,1023,Berry,Hendrix,1,79-73,"33,40","30,49",4-8,6-6,0-2,1-1,01/09/15,8 p.m.,N/A,"Rome, Ga. (Cage Center)",Lose,2,False,300,False,13:30,,5,,9 ,"SUB OUT by JACOBS,OWEN",,,"SUB OUT by JACOBS,OWEN",1,subbing out,,berry,"jacobs,owen",,"['garrett,travis', 'barrett,jordan', 'ogle,john', 'conard,alec', 'aldous,hank']","['mccloud,lee', 'korn,lukas', 'ellingsworth,coleman', 'powell,samuel', 'chaykowsky,zack']",810
54,1023,Berry,Hendrix,1,79-73,"33,40","30,49",4-8,6-6,0-2,1-1,01/09/15,8 p.m.,N/A,"Rome, Ga. (Cage Center)",Lose,2,False,300,False,13:21,,5,,9 ,"MISS 3PTR by HARVILLE,TYLER",,,"MISS 3PTR by HARVILLE,TYLER",1,three pointer,missed,berry,"harville,tyler",,"['garrett,travis', 'barrett,jordan', 'ogle,john', 'conard,alec', 'aldous,hank']","['mccloud,lee', 'korn,lukas', 'ellingsworth,coleman', 'powell,samuel', 'chaykowsky,zack']",801
55,1023,Berry,Hendrix,1,79-73,"33,40","30,49",4-8,6-6,0-2,1-1,01/09/15,8 p.m.,N/A,"Rome, Ga. (Cage Center)",Lose,2,False,300,False,--,"REBOUND DEF by ALDOUS,HANK",5,,9 ,,,,"REBOUND DEF by ALDOUS,HANK",1,defensive rebound,,hendrix,"aldous,hank",,"['garrett,travis', 'barrett,jordan', 'ogle,john', 'conard,alec', 'aldous,hank']","['mccloud,lee', 'korn,lukas', 'ellingsworth,coleman', 'powell,samuel', 'chaykowsky,zack']",
56,1023,Berry,Hendrix,1,79-73,"33,40","30,49",4-8,6-6,0-2,1-1,01/09/15,8 p.m.,N/A,"Rome, Ga. (Cage Center)",Lose,2,False,300,False,13:09,"FOUL  by ALDOUS,HANK",5,,9 ,,,,"FOUL  by ALDOUS,HANK",1,foul,,hendrix,"aldous,hank",,"['garrett,travis', 'barrett,jordan', 'ogle,john', 'conard,alec', 'aldous,hank']","['mccloud,lee', 'korn,lukas', 'ellingsworth,coleman', 'powell,samuel', 'chaykowsky,zack']",789
57,1023,Berry,Hendrix,1,79-73,"33,40","30,49",4-8,6-6,0-2,1-1,01/09/15,8 p.m.,N/A,"Rome, Ga. (Cage Center)",Lose,2,False,300,False,13:09,,5,,10 ,"GOOD FT by HARVILLE,TYLER",BCM 5-10 (-5),,"GOOD FT by HARVILLE,TYLER",1,free throw,good,berry,"harville,tyler",1,"['garrett,travis', 'barrett,jordan', 'ogle,john', 'conard,alec', 'aldous,hank']","['mccloud,lee', 'korn,lukas', 'ellingsworth,coleman', 'powell,samuel', 'chaykowsky,zack']",789
58,1023,Berry,Hendrix,1,79-73,"33,40","30,49",4-8,6-6,0-2,1-1,01/09/15,8 p.m.,N/A,"Rome, Ga. (Cage Center)",Lose,2,False,300,False,13:09,,5,,11 ,"GOOD FT by HARVILLE,TYLER",BCM 5-11 (-6),,"GOOD FT by HARVILLE,TYLER",1,free throw,good,berry,"harville,tyler",1,"['garrett,travis', 'barrett,jordan', 'ogle,john', 'conard,alec', 'aldous,hank']","['mccloud,lee', 'korn,lukas', 'ellingsworth,coleman', 'powell,samuel', 'chaykowsky,zack']",789
59,1023,Berry,Hendrix,1,79-73,"33,40","30,49",4-8,6-6,0-2,1-1,01/09/15,8 p.m.,N/A,"Rome, Ga. (Cage Center)",Lose,2,False,300,False,13:00,"FOUL TECH by CONARD,ALEC",5,,11 ,,,,"FOUL TECH by CONARD,ALEC",1,foul,,hendrix,"conard,alec",,"['garrett,travis', 'barrett,jordan', 'ogle,john', 'conard,alec', 'aldous,hank']","['mccloud,lee', 'korn,lukas', 'ellingsworth,coleman', 'powell,samuel', 'chaykowsky,zack']",780
60,1023,Berry,Hendrix,1,79-73,"33,40","30,49",4-8,6-6,0-2,1-1,01/09/15,8 p.m.,N/A,"Rome, Ga. (Cage Center)",Lose,2,False,300,False,12:49,"FOUL  by OGLE,JOHN",5,,11 ,,,,"FOUL  by OGLE,JOHN",1,foul,,hendrix,"ogle,john",,"['garrett,travis', 'barrett,jordan', 'ogle,john', 'conard,alec', 'aldous,hank']","['mccloud,lee', 'korn,lukas', 'ellingsworth,coleman', 'powell,samuel', 'chaykowsky,zack']",769
61,1023,Berry,Hendrix,1,79-73,"33,40","30,49",4-8,6-6,0-2,1-1,01/09/15,8 p.m.,N/A,"Rome, Ga. (Cage Center)",Lose,2,False,300,False,12:46,,5,,11 ,"MISS FT by MCCLOUD,LEE",,,"MISS FT by MCCLOUD,LEE",1,free throw,missed,berry,"mccloud,lee",,"['garrett,travis', 'barrett,jordan', 'ogle,john', 'conard,alec', 'aldous,hank']","['mccloud,lee', 'korn,lukas', 'ellingsworth,coleman', 'powell,samuel', 'chaykowsky,zack']",766
62,1023,Berry,Hendrix,1,79-73,"33,40","30,49",4-8,6-6,0-2,1-1,01/09/15,8 p.m.,N/A,"Rome, Ga. (Cage Center)",Lose,2,False,300,False,--,,5,,11 ,REBOUND DEADB by TEAM,,,REBOUND DEADB by TEAM,1,deadball rebound,,berry,,,"['garrett,travis', 'barrett,jordan', 'ogle,john', 'conard,alec', 'aldous,hank']","['mccloud,lee', 'korn,lukas', 'ellingsworth,coleman', 'powell,samuel', 'chaykowsky,zack']",
63,1023,Berry,Hendrix,1,79-73,"33,40","30,49",4-8,6-6,0-2,1-1,01/09/15,8 p.m.,N/A,"Rome, Ga. (Cage Center)",Lose,2,False,300,False,12:41,,5,,11 ,"MISS FT by MCCLOUD,LEE",,,"MISS FT by MCCLOUD,LEE",1,free throw,missed,berry,"mccloud,lee",,"['garrett,travis', 'barrett,jordan', 'ogle,john', 'conard,alec', 'aldous,hank']","['mccloud,lee', 'korn,lukas', 'ellingsworth,coleman', 'powell,samuel', 'chaykowsky,zack']",761
64,1023,Berry,Hendrix,1,79-73,"33,40","30,49",4-8,6-6,0-2,1-1,01/09/15,8 p.m.,N/A,"Rome, Ga. (Cage Center)",Lose,2,False,300,False,--,"REBOUND DEF by LITTLEFIELD,GEAREN",5,,11 ,,,,"REBOUND DEF by LITTLEFIELD,GEAREN",1,defensive rebound,,hendrix,"littlefield,gearen",,"['garrett,travis', 'barrett,jordan', 'ogle,john', 'conard,alec', 'aldous,hank']","['mccloud,lee', 'korn,lukas', 'ellingsworth,coleman', 'powell,samuel', 'chaykowsky,zack']",
65,1023,Berry,Hendrix,1,79-73,"33,40","30,49",4-8,6-6,0-2,1-1,01/09/15,8 p.m.,N/A,"Rome, Ga. (Cage Center)",Lose,2,False,300,False,12:25,"SUB IN by STEELE,AARON",5,,11 ,,,,"SUB IN by STEELE,AARON",1,subbing in,,hendrix,"steele,aaron",,"['garrett,travis', 'barrett,jordan', 'ogle,john', 'conard,alec', 'aldous,hank', 'steele,aaron']","['mccloud,lee', 'korn,lukas', 'ellingsworth,coleman', 'powell,samuel', 'chaykowsky,zack']",745
66,1023,Berry,Hendrix,1,79-73,"33,40","30,49",4-8,6-6,0-2,1-1,01/09/15,8 p.m.,N/A,"Rome, Ga. (Cage Center)",Lose,2,False,300,False,12:25,"SUB IN by LITTLEFIELD,GEAREN",5,,11 ,,,,"SUB IN by LITTLEFIELD,GEAREN",1,subbing in,,hendrix,"littlefield,gearen",,"['garrett,travis', 'barrett,jordan', 'ogle,john', 'conard,alec', 'aldous,hank', 'steele,aaron', 'littlefield,gearen']","['mccloud,lee', 'korn,lukas', 'ellingsworth,coleman', 'powell,samuel', 'chaykowsky,zack']",745
67,1023,Berry,Hendrix,1,79-73,"33,40","30,49",4-8,6-6,0-2,1-1,01/09/15,8 p.m.,N/A,"Rome, Ga. (Cage Center)",Lose,2,False,300,False,12:25,"SUB IN by VANCE,LUKE",5,,11 ,,,,"SUB IN by VANCE,LUKE",1,subbing in,,hendrix,"vance,luke",,"['garrett,travis', 'barrett,jordan', 'ogle,john', 'conard,alec', 'aldous,hank', 'steele,aaron', 'littlefield,gearen', 'vance,luke']","['mccloud,lee', 'korn,lukas', 'ellingsworth,coleman', 'powell,samuel', 'chaykowsky,zack']",745
68,1023,Berry,Hendrix,1,79-73,"33,40","30,49",4-8,6-6,0-2,1-1,01/09/15,8 p.m.,N/A,"Rome, Ga. (Cage Center)",Lose,2,False,300,False,12:25,"SUB IN by NIKOLOVSKI,DREW",5,,11 ,,,,"SUB IN by NIKOLOVSKI,DREW",1,subbing in,,hendrix,"nikolovski,drew",,"['garrett,travis', 'barrett,jordan', 'ogle,john', 'conard,alec', 'aldous,hank', 'steele,aaron', 'littlefield,gearen', 'vance,luke', 'nikolovski,drew']","['mccloud,lee', 'korn,lukas', 'ellingsworth,coleman', 'powell,samuel', 'chaykowsky,zack']",745
69,1023,Berry,Hendrix,1,79-73,"33,40","30,49",4-8,6-6,0-2,1-1,01/09/15,8 p.m.,N/A,"Rome, Ga. (Cage Center)",Lose,2,False,300,False,12:25,"SUB OUT by CONARD,ALEC",5,,11 ,,,,"SUB OUT by CONARD,ALEC",1,subbing out,,hendrix,"conard,alec",,"['garrett,travis', 'barrett,jordan', 'ogle,john', 'aldous,hank', 'steele,aaron', 'littlefield,gearen', 'vance,luke', 'nikolovski,drew']","['mccloud,lee', 'korn,lukas', 'ellingsworth,coleman', 'powell,samuel', 'chaykowsky,zack']",745
70,1023,Berry,Hendrix,1,79-73,"33,40","30,49",4-8,6-6,0-2,1-1,01/09/15,8 p.m.,N/A,"Rome, Ga. (Cage Center)",Lose,2,False,300,False,12:25,"SUB OUT by OGLE,JOHN",5,,11 ,,,,"SUB OUT by OGLE,JOHN",1,subbing out,,hendrix,"ogle,john",,"['garrett,travis', 'barrett,jordan', 'aldous,hank', 'steele,aaron', 'littlefield,gearen', 'vance,luke', 'nikolovski,drew']","['mccloud,lee', 'korn,lukas', 'ellingsworth,coleman', 'powell,samuel', 'chaykowsky,zack']",745
71,1023,Berry,Hendrix,1,79-73,"33,40","30,49",4-8,6-6,0-2,1-1,01/09/15,8 p.m.,N/A,"Rome, Ga. (Cage Center)",Lose,2,False,300,False,12:25,"SUB OUT by GARRETT,TRAVIS",5,,11 ,,,,"SUB OUT by GARRETT,TRAVIS",1,subbing out,,hendrix,"garrett,travis",,"['barrett,jordan', 'aldous,hank', 'steele,aaron', 'littlefield,gearen', 'vance,luke', 'nikolovski,drew']","['mccloud,lee', 'korn,lukas', 'ellingsworth,coleman', 'powell,samuel', 'chaykowsky,zack']",745
72,1023,Berry,Hendrix,1,79-73,"33,40","30,49",4-8,6-6,0-2,1-1,01/09/15,8 p.m.,N/A,"Rome, Ga. (Cage Center)",Lose,2,False,300,False,12:25,"SUB OUT by ALDOUS,HANK",5,,11 ,,,,"SUB OUT by ALDOUS,HANK",1,subbing out,,hendrix,"aldous,hank",,"['barrett,jordan', 'steele,aaron', 'littlefield,gearen', 'vance,luke', 'nikolovski,drew']","['mccloud,lee', 'korn,lukas', 'ellingsworth,coleman', 'powell,samuel', 'chaykowsky,zack']",745
73,1023,Berry,Hendrix,1,79-73,"33,40","30,49",4-8,6-6,0-2,1-1,01/09/15,8 p.m.,N/A,"Rome, Ga. (Cage Center)",Lose,2,False,300,False,12:15,"FOUL  by VANCE,LUKE",5,,11 ,,,,"FOUL  by VANCE,LUKE",1,foul,,hendrix,"vance,luke",,"['barrett,jordan', 'steele,aaron', 'littlefield,gearen', 'vance,luke', 'nikolovski,drew']","['mccloud,lee', 'korn,lukas', 'ellingsworth,coleman', 'powell,samuel', 'chaykowsky,zack']",735
74,1023,Berry,Hendrix,1,79-73,"33,40","30,49",4-8,6-6,0-2,1-1,01/09/15,8 p.m.,N/A,"Rome, Ga. (Cage Center)",Lose,2,False,300,False,12:13,,5,,11 ,"MISS 3PTR by HARVILLE,TYLER",,,"MISS 3PTR by HARVILLE,TYLER",1,three pointer,missed,berry,"harville,tyler",,"['barrett,jordan', 'steele,aaron', 'littlefield,gearen', 'vance,luke', 'nikolovski,drew']","['mccloud,lee', 'korn,lukas', 'ellingsworth,coleman', 'powell,samuel', 'chaykowsky,zack']",733
75,1023,Berry,Hendrix,1,79-73,"33,40","30,49",4-8,6-6,0-2,1-1,01/09/15,8 p.m.,N/A,"Rome, Ga. (Cage Center)",Lose,2,False,300,False,--,"REBOUND DEF by NIKOLOVSKI,DREW",5,,11 ,,,,"REBOUND DEF by NIKOLOVSKI,DREW",1,defensive rebound,,hendrix,"nikolovski,drew",,"['barrett,jordan', 'steele,aaron', 'littlefield,gearen', 'vance,luke', 'nikolovski,drew']","['mccloud,lee', 'korn,lukas', 'ellingsworth,coleman', 'powell,samuel', 'chaykowsky,zack']",
76,1023,Berry,Hendrix,1,79-73,"33,40","30,49",4-8,6-6,0-2,1-1,01/09/15,8 p.m.,N/A,"Rome, Ga. (Cage Center)",Lose,2,False,300,False,12:04,"MISS LAYUP by VANCE,LUKE",5,,11 ,,,,"MISS LAYUP by VANCE,LUKE",1,layup,missed,hendrix,"vance,luke",,"['barrett,jordan', 'steele,aaron', 'littlefield,gearen', 'vance,luke', 'nikolovski,drew']","['mccloud,lee', 'korn,lukas', 'ellingsworth,coleman', 'powell,samuel', 'chaykowsky,zack']",724
77,1023,Berry,Hendrix,1,79-73,"33,40","30,49",4-8,6-6,0-2,1-1,01/09/15,8 p.m.,N/A,"Rome, Ga. (Cage Center)",Lose,2,False,300,False,--,,5,,11 ,"REBOUND DEF by JACOBS,OWEN",,,"REBOUND DEF by JACOBS,OWEN",1,defensive rebound,,berry,"jacobs,owen",,"['barrett,jordan', 'steele,aaron', 'littlefield,gearen', 'vance,luke', 'nikolovski,drew']","['mccloud,lee', 'korn,lukas', 'ellingsworth,coleman', 'powell,samuel', 'chaykowsky,zack']",
78,1023,Berry,Hendrix,1,79-73,"33,40","30,49",4-8,6-6,0-2,1-1,01/09/15,8 p.m.,N/A,"Rome, Ga. (Cage Center)",Lose,2,False,300,False,11:57,,5,,14 ,"GOOD 3PTR by POWELL,SAMUEL",BCM 5-14 (-9),,"GOOD 3PTR by POWELL,SAMUEL",1,three pointer,good,berry,"powell,samuel",3,"['barrett,jordan', 'steele,aaron', 'littlefield,gearen', 'vance,luke', 'nikolovski,drew']","['mccloud,lee', 'korn,lukas', 'ellingsworth,coleman', 'powell,samuel', 'chaykowsky,zack']",717
79,1023,Berry,Hendrix,1,79-73,"33,40","30,49",4-8,6-6,0-2,1-1,01/09/15,8 p.m.,N/A,"Rome, Ga. (Cage Center)",Lose,2,False,300,False,--,,5,,14 ,"ASSIST  by CHAYKOWSKY,ZACK",,,"ASSIST  by CHAYKOWSKY,ZACK",1,assist,,berry,"chaykowsky,zack",,"['barrett,jordan', 'steele,aaron', 'littlefield,gearen', 'vance,luke', 'nikolovski,drew']","['mccloud,lee', 'korn,lukas', 'ellingsworth,coleman', 'powell,samuel', 'chaykowsky,zack']",
80,1023,Berry,Hendrix,1,79-73,"33,40","30,49",4-8,6-6,0-2,1-1,01/09/15,8 p.m.,N/A,"Rome, Ga. (Cage Center)",Lose,2,False,300,False,11:50,,5,,14 ,"SUB IN by JACOBS,OWEN",,,"SUB IN by JACOBS,OWEN",1,subbing in,,berry,"jacobs,owen",,"['barrett,jordan', 'steele,aaron', 'littlefield,gearen', 'vance,luke', 'nikolovski,drew']","['mccloud,lee', 'korn,lukas', 'ellingsworth,coleman', 'powell,samuel', 'chaykowsky,zack', 'jacobs,owen']",710
81,1023,Berry,Hendrix,1,79-73,"33,40","30,49",4-8,6-6,0-2,1-1,01/09/15,8 p.m.,N/A,"Rome, Ga. (Cage Center)",Lose,2,False,300,False,11:50,,5,,14 ,"SUB OUT by ELLINGSWORTH,COLEMAN",,,"SUB OUT by ELLINGSWORTH,COLEMAN",1,subbing out,,berry,"ellingsworth,coleman",,"['barrett,jordan', 'steele,aaron', 'littlefield,gearen', 'vance,luke', 'nikolovski,drew']","['mccloud,lee', 'korn,lukas', 'powell,samuel', 'chaykowsky,zack', 'jacobs,owen']",710
82,1023,Berry,Hendrix,1,79-73,"33,40","30,49",4-8,6-6,0-2,1-1,01/09/15,8 p.m.,N/A,"Rome, Ga. (Cage Center)",Lose,2,False,300,False,11:48,TIMEOUT 30SEC by TEAM,5,,14 ,,,,TIMEOUT 30SEC by TEAM,1,timeout,,hendrix,,,"['barrett,jordan', 'steele,aaron', 'littlefield,gearen', 'vance,luke', 'nikolovski,drew']","['mccloud,lee', 'korn,lukas', 'powell,samuel', 'chaykowsky,zack', 'jacobs,owen']",708
83,1023,Berry,Hendrix,1,79-73,"33,40","30,49",4-8,6-6,0-2,1-1,01/09/15,8 p.m.,N/A,"Rome, Ga. (Cage Center)",Lose,2,False,300,False,11:43,"MISS LAYUP by STEELE,AARON",5,,14 ,,,,"MISS LAYUP by STEELE,AARON",1,layup,missed,hendrix,"steele,aaron",,"['barrett,jordan', 'steele,aaron', 'littlefield,gearen', 'vance,luke', 'nikolovski,drew']","['mccloud,lee', 'korn,lukas', 'powell,samuel', 'chaykowsky,zack', 'jacobs,owen']",703
84,1023,Berry,Hendrix,1,79-73,"33,40","30,49",4-8,6-6,0-2,1-1,01/09/15,8 p.m.,N/A,"Rome, Ga. (Cage Center)",Lose,2,False,300,False,--,"REBOUND OFF by LITTLEFIELD,GEAREN",5,,14 ,,,,"REBOUND OFF by LITTLEFIELD,GEAREN",1,offensive rebound,,hendrix,"littlefield,gearen",,"['barrett,jordan', 'steele,aaron', 'littlefield,gearen', 'vance,luke', 'nikolovski,drew']","['mccloud,lee', 'korn,lukas', 'powell,samuel', 'chaykowsky,zack', 'jacobs,owen']",
85,1023,Berry,Hendrix,1,79-73,"33,40","30,49",4-8,6-6,0-2,1-1,01/09/15,8 p.m.,N/A,"Rome, Ga. (Cage Center)",Lose,2,False,300,False,11:36,"GOOD FT by LITTLEFIELD,GEAREN",6,,14 ,,HC 6-14 (-8),,"GOOD FT by LITTLEFIELD,GEAREN",1,free throw,good,hendrix,"littlefield,gearen",1,"['barrett,jordan', 'steele,aaron', 'littlefield,gearen', 'vance,luke', 'nikolovski,drew']","['mccloud,lee', 'korn,lukas', 'powell,samuel', 'chaykowsky,zack', 'jacobs,owen']",696
86,1023,Berry,Hendrix,1,79-73,"33,40","30,49",4-8,6-6,0-2,1-1,01/09/15,8 p.m.,N/A,"Rome, Ga. (Cage Center)",Lose,2,False,300,False,11:36,"GOOD FT by LITTLEFIELD,GEAREN",7,,14 ,,HC 7-14 (-7),,"GOOD FT by LITTLEFIELD,GEAREN",1,free throw,good,hendrix,"littlefield,gearen",1,"['barrett,jordan', 'steele,aaron', 'littlefield,gearen', 'vance,luke', 'nikolovski,drew']","['mccloud,lee', 'korn,lukas', 'powell,samuel', 'chaykowsky,zack', 'jacobs,owen']",696
87,1023,Berry,Hendrix,1,79-73,"33,40","30,49",4-8,6-6,0-2,1-1,01/09/15,8 p.m.,N/A,"Rome, Ga. (Cage Center)",Lose,2,False,300,False,11:14,,7,,14 ,"TURNOVER  by POWELL,SAMUEL",,,"TURNOVER  by POWELL,SAMUEL",1,turnover,,berry,"powell,samuel",,"['barrett,jordan', 'steele,aaron', 'littlefield,gearen', 'vance,luke', 'nikolovski,drew']","['mccloud,lee', 'korn,lukas', 'powell,samuel', 'chaykowsky,zack', 'jacobs,owen']",674
88,1023,Berry,Hendrix,1,79-73,"33,40","30,49",4-8,6-6,0-2,1-1,01/09/15,8 p.m.,N/A,"Rome, Ga. (Cage Center)",Lose,2,False,300,False,10:56,"GOOD 3PTR by NIKOLOVSKI,DREW",10,,14 ,,HC 10-14 (-4),,"GOOD 3PTR by NIKOLOVSKI,DREW",1,three pointer,good,hendrix,"nikolovski,drew",3,"['barrett,jordan', 'steele,aaron', 'littlefield,gearen', 'vance,luke', 'nikolovski,drew']","['mccloud,lee', 'korn,lukas', 'powell,samuel', 'chaykowsky,zack', 'jacobs,owen']",656
89,1023,Berry,Hendrix,1,79-73,"33,40","30,49",4-8,6-6,0-2,1-1,01/09/15,8 p.m.,N/A,"Rome, Ga. (Cage Center)",Lose,2,False,300,False,--,"ASSIST  by LITTLEFIELD,GEAREN",10,,14 ,,,,"ASSIST  by LITTLEFIELD,GEAREN",1,assist,,hendrix,"littlefield,gearen",,"['barrett,jordan', 'steele,aaron', 'littlefield,gearen', 'vance,luke', 'nikolovski,drew']","['mccloud,lee', 'korn,lukas', 'powell,samuel', 'chaykowsky,zack', 'jacobs,owen']",
90,1023,Berry,Hendrix,1,79-73,"33,40","30,49",4-8,6-6,0-2,1-1,01/09/15,8 p.m.,N/A,"Rome, Ga. (Cage Center)",Lose,2,False,300,False,10:45,,10,,14 ,"MISS 3PTR by HARVILLE,TYLER",,,"MISS 3PTR by HARVILLE,TYLER",1,three pointer,missed,berry,"harville,tyler",,"['barrett,jordan', 'steele,aaron', 'littlefield,gearen', 'vance,luke', 'nikolovski,drew']","['mccloud,lee', 'korn,lukas', 'powell,samuel', 'chaykowsky,zack', 'jacobs,owen']",645
91,1023,Berry,Hendrix,1,79-73,"33,40","30,49",4-8,6-6,0-2,1-1,01/09/15,8 p.m.,N/A,"Rome, Ga. (Cage Center)",Lose,2,False,300,False,--,"REBOUND DEF by NIKOLOVSKI,DREW",10,,14 ,,,,"REBOUND DEF by NIKOLOVSKI,DREW",1,defensive rebound,,hendrix,"nikolovski,drew",,"['barrett,jordan', 'steele,aaron', 'littlefield,gearen', 'vance,luke', 'nikolovski,drew']","['mccloud,lee', 'korn,lukas', 'powell,samuel', 'chaykowsky,zack', 'jacobs,owen']",
92,1023,Berry,Hendrix,1,79-73,"33,40","30,49",4-8,6-6,0-2,1-1,01/09/15,8 p.m.,N/A,"Rome, Ga. (Cage Center)",Lose,2,False,300,False,10:28,"GOOD LAYUP by STEELE,AARON(in the paint)",12,,14 ,,HC 12-14 (-2),,"GOOD LAYUP by STEELE,AARON(in the paint)",1,layup,good,hendrix,"steele,aaron",2,"['barrett,jordan', 'steele,aaron', 'littlefield,gearen', 'vance,luke', 'nikolovski,drew']","['mccloud,lee', 'korn,lukas', 'powell,samuel', 'chaykowsky,zack', 'jacobs,owen']",628
93,1023,Berry,Hendrix,1,79-73,"33,40","30,49",4-8,6-6,0-2,1-1,01/09/15,8 p.m.,N/A,"Rome, Ga. (Cage Center)",Lose,2,False,300,False,10:26,,12,,14 ,TIMEOUT 30SEC by TEAM,,,TIMEOUT 30SEC by TEAM,1,timeout,,berry,,,"['barrett,jordan', 'steele,aaron', 'littlefield,gearen', 'vance,luke', 'nikolovski,drew']","['mccloud,lee', 'korn,lukas', 'powell,samuel', 'chaykowsky,zack', 'jacobs,owen']",626
94,1023,Berry,Hendrix,1,79-73,"33,40","30,49",4-8,6-6,0-2,1-1,01/09/15,8 p.m.,N/A,"Rome, Ga. (Cage Center)",Lose,2,False,300,False,10:06,,12,,16 ,"GOOD JUMPER by HARVILLE,TYLER",BCM 12-16 (-4),,"GOOD JUMPER by HARVILLE,TYLER",1,jumper,good,berry,"harville,tyler",2,"['barrett,jordan', 'steele,aaron', 'littlefield,gearen', 'vance,luke', 'nikolovski,drew']","['mccloud,lee', 'korn,lukas', 'powell,samuel', 'chaykowsky,zack', 'jacobs,owen']",606
95,1023,Berry,Hendrix,1,79-73,"33,40","30,49",4-8,6-6,0-2,1-1,01/09/15,8 p.m.,N/A,"Rome, Ga. (Cage Center)",Lose,2,False,300,False,09:43,"MISS LAYUP by BARRETT,JORDAN",12,,16 ,,,,"MISS LAYUP by BARRETT,JORDAN",1,layup,missed,hendrix,"barrett,jordan",,"['barrett,jordan', 'steele,aaron', 'littlefield,gearen', 'vance,luke', 'nikolovski,drew']","['mccloud,lee', 'korn,lukas', 'powell,samuel', 'chaykowsky,zack', 'jacobs,owen']",583
96,1023,Berry,Hendrix,1,79-73,"33,40","30,49",4-8,6-6,0-2,1-1,01/09/15,8 p.m.,N/A,"Rome, Ga. (Cage Center)",Lose,2,False,300,False,--,,12,,16 ,"REBOUND DEF by JACOBS,OWEN",,,"REBOUND DEF by JACOBS,OWEN",1,defensive rebound,,berry,"jacobs,owen",,"['barrett,jordan', 'steele,aaron', 'littlefield,gearen', 'vance,luke', 'nikolovski,drew']","['mccloud,lee', 'korn,lukas', 'powell,samuel', 'chaykowsky,zack', 'jacobs,owen']",
97,1023,Berry,Hendrix,1,79-73,"33,40","30,49",4-8,6-6,0-2,1-1,01/09/15,8 p.m.,N/A,"Rome, Ga. (Cage Center)",Lose,2,False,300,False,09:37,,12,,18 ,"GOOD LAYUP by CHAYKOWSKY,ZACK(fastbreak)(in the paint)",BCM 12-18 (-6),,"GOOD LAYUP by CHAYKOWSKY,ZACK(fastbreak)(in the paint)",1,layup,good,berry,"chaykowsky,zack(fastbreak)",2,"['barrett,jordan', 'steele,aaron', 'littlefield,gearen', 'vance,luke', 'nikolovski,drew']","['mccloud,lee', 'korn,lukas', 'powell,samuel', 'chaykowsky,zack', 'jacobs,owen']",577
98,1023,Berry,Hendrix,1,79-73,"33,40","30,49",4-8,6-6,0-2,1-1,01/09/15,8 p.m.,N/A,"Rome, Ga. (Cage Center)",Lose,2,False,300,False,--,,12,,18 ,"ASSIST  by HARVILLE,TYLER",,,"ASSIST  by HARVILLE,TYLER",1,assist,,berry,"harville,tyler",,"['barrett,jordan', 'steele,aaron', 'littlefield,gearen', 'vance,luke', 'nikolovski,drew']","['mccloud,lee', 'korn,lukas', 'powell,samuel', 'chaykowsky,zack', 'jacobs,owen']",
99,1023,Berry,Hendrix,1,79-73,"33,40","30,49",4-8,6-6,0-2,1-1,01/09/15,8 p.m.,N/A,"Rome, Ga. (Cage Center)",Lose,2,False,300,False,09:20,"MISS JUMPER by VANCE,LUKE",12,,18 ,,,,"MISS JUMPER by VANCE,LUKE",1,jumper,missed,hendrix,"vance,luke",,"['barrett,jordan', 'steele,aaron', 'littlefield,gearen', 'vance,luke', 'nikolovski,drew']","['mccloud,lee', 'korn,lukas', 'powell,samuel', 'chaykowsky,zack', 'jacobs,owen']",560
100,1023,Berry,Hendrix,1,79-73,"33,40","30,49",4-8,6-6,0-2,1-1,01/09/15,8 p.m.,N/A,"Rome, Ga. (Cage Center)",Lose,2,False,300,False,--,,12,,18 ,"REBOUND DEF by CHAYKOWSKY,ZACK",,,"REBOUND DEF by CHAYKOWSKY,ZACK",1,defensive rebound,,berry,"chaykowsky,zack",,"['barrett,jordan', 'steele,aaron', 'littlefield,gearen', 'vance,luke', 'nikolovski,drew']","['mccloud,lee', 'korn,lukas', 'powell,samuel', 'chaykowsky,zack', 'jacobs,owen']",
101,1023,Berry,Hendrix,1,79-73,"33,40","30,49",4-8,6-6,0-2,1-1,01/09/15,8 p.m.,N/A,"Rome, Ga. (Cage Center)",Lose,2,False,300,False,09:00,,12,,18 ,"MISS 3PTR by MCCLOUD,LEE",,,"MISS 3PTR by MCCLOUD,LEE",1,three pointer,missed,berry,"mccloud,lee",,"['barrett,jordan', 'steele,aaron', 'littlefield,gearen', 'vance,luke', 'nikolovski,drew']","['mccloud,lee', 'korn,lukas', 'powell,samuel', 'chaykowsky,zack', 'jacobs,owen']",540
102,1023,Berry,Hendrix,1,79-73,"33,40","30,49",4-8,6-6,0-2,1-1,01/09/15,8 p.m.,N/A,"Rome, Ga. (Cage Center)",Lose,2,False,300,False,--,"REBOUND DEF by NIKOLOVSKI,DREW",12,,18 ,,,,"REBOUND DEF by NIKOLOVSKI,DREW",1,defensive rebound,,hendrix,"nikolovski,drew",,"['barrett,jordan', 'steele,aaron', 'littlefield,gearen', 'vance,luke', 'nikolovski,drew']","['mccloud,lee', 'korn,lukas', 'powell,samuel', 'chaykowsky,zack', 'jacobs,owen']",
103,1023,Berry,Hendrix,1,79-73,"33,40","30,49",4-8,6-6,0-2,1-1,01/09/15,8 p.m.,N/A,"Rome, Ga. (Cage Center)",Lose,2,False,300,False,08:48,,12,,18 ,"FOUL  by MCCLOUD,LEE",,,"FOUL  by MCCLOUD,LEE",1,foul,,berry,"mccloud,lee",,"['barrett,jordan', 'steele,aaron', 'littlefield,gearen', 'vance,luke', 'nikolovski,drew']","['mccloud,lee', 'korn,lukas', 'powell,samuel', 'chaykowsky,zack', 'jacobs,owen']",528
104,1023,Berry,Hendrix,1,79-73,"33,40","30,49",4-8,6-6,0-2,1-1,01/09/15,8 p.m.,N/A,"Rome, Ga. (Cage Center)",Lose,2,False,300,False,08:48,"GOOD FT by BARRETT,JORDAN",13,,18 ,,HC 13-18 (-5),,"GOOD FT by BARRETT,JORDAN",1,free throw,good,hendrix,"barrett,jordan",1,"['barrett,jordan', 'steele,aaron', 'littlefield,gearen', 'vance,luke', 'nikolovski,drew']","['mccloud,lee', 'korn,lukas', 'powell,samuel', 'chaykowsky,zack', 'jacobs,owen']",528
105,1023,Berry,Hendrix,1,79-73,"33,40","30,49",4-8,6-6,0-2,1-1,01/09/15,8 p.m.,N/A,"Rome, Ga. (Cage Center)",Lose,2,False,300,False,08:48,"GOOD FT by BARRETT,JORDAN",14,,18 ,,HC 14-18 (-4),,"GOOD FT by BARRETT,JORDAN",1,free throw,good,hendrix,"barrett,jordan",1,"['barrett,jordan', 'steele,aaron', 'littlefield,gearen', 'vance,luke', 'nikolovski,drew']","['mccloud,lee', 'korn,lukas', 'powell,samuel', 'chaykowsky,zack', 'jacobs,owen']",528
106,1023,Berry,Hendrix,1,79-73,"33,40","30,49",4-8,6-6,0-2,1-1,01/09/15,8 p.m.,N/A,"Rome, Ga. (Cage Center)",Lose,2,False,300,False,08:48,"SUB IN by GARRETT,TRAVIS",14,,18 ,,,,"SUB IN by GARRETT,TRAVIS",1,subbing in,,hendrix,"garrett,travis",,"['barrett,jordan', 'steele,aaron', 'littlefield,gearen', 'vance,luke', 'nikolovski,drew', 'garrett,travis']","['mccloud,lee', 'korn,lukas', 'powell,samuel', 'chaykowsky,zack', 'jacobs,owen']",528
107,1023,Berry,Hendrix,1,79-73,"33,40","30,49",4-8,6-6,0-2,1-1,01/09/15,8 p.m.,N/A,"Rome, Ga. (Cage Center)",Lose,2,False,300,False,08:48,"SUB OUT by STEELE,AARON",14,,18 ,,,,"SUB OUT by STEELE,AARON",1,subbing out,,hendrix,"steele,aaron",,"['barrett,jordan', 'littlefield,gearen', 'vance,luke', 'nikolovski,drew', 'garrett,travis']","['mccloud,lee', 'korn,lukas', 'powell,samuel', 'chaykowsky,zack', 'jacobs,owen']",528
108,1023,Berry,Hendrix,1,79-73,"33,40","30,49",4-8,6-6,0-2,1-1,01/09/15,8 p.m.,N/A,"Rome, Ga. (Cage Center)",Lose,2,False,300,False,08:48,,14,,18 ,"SUB IN by HERTEL,CLAY",,,"SUB IN by HERTEL,CLAY",1,subbing in,,berry,"hertel,clay",,"['barrett,jordan', 'littlefield,gearen', 'vance,luke', 'nikolovski,drew', 'garrett,travis']","['mccloud,lee', 'korn,lukas', 'powell,samuel', 'chaykowsky,zack', 'jacobs,owen', 'hertel,clay']",528
109,1023,Berry,Hendrix,1,79-73,"33,40","30,49",4-8,6-6,0-2,1-1,01/09/15,8 p.m.,N/A,"Rome, Ga. (Cage Center)",Lose,2,False,300,False,08:48,,14,,18 ,"SUB OUT by MCCLOUD,LEE",,,"SUB OUT by MCCLOUD,LEE",1,subbing out,,berry,"mccloud,lee",,"['barrett,jordan', 'littlefield,gearen', 'vance,luke', 'nikolovski,drew', 'garrett,travis']","['korn,lukas', 'powell,samuel', 'chaykowsky,zack', 'jacobs,owen', 'hertel,clay']",528
110,1023,Berry,Hendrix,1,79-73,"33,40","30,49",4-8,6-6,0-2,1-1,01/09/15,8 p.m.,N/A,"Rome, Ga. (Cage Center)",Lose,2,False,300,False,08:39,,14,,18 ,"MISS JUMPER by JACOBS,OWEN",,,"MISS JUMPER by JACOBS,OWEN",1,jumper,missed,berry,"jacobs,owen",,"['barrett,jordan', 'littlefield,gearen', 'vance,luke', 'nikolovski,drew', 'garrett,travis']","['korn,lukas', 'powell,samuel', 'chaykowsky,zack', 'jacobs,owen', 'hertel,clay']",519
111,1023,Berry,Hendrix,1,79-73,"33,40","30,49",4-8,6-6,0-2,1-1,01/09/15,8 p.m.,N/A,"Rome, Ga. (Cage Center)",Lose,2,False,300,False,--,"REBOUND DEF by GARRETT,TRAVIS",14,,18 ,,,,"REBOUND DEF by GARRETT,TRAVIS",1,defensive rebound,,hendrix,"garrett,travis",,"['barrett,jordan', 'littlefield,gearen', 'vance,luke', 'nikolovski,drew', 'garrett,travis']","['korn,lukas', 'powell,samuel', 'chaykowsky,zack', 'jacobs,owen', 'hertel,clay']",
112,1023,Berry,Hendrix,1,79-73,"33,40","30,49",4-8,6-6,0-2,1-1,01/09/15,8 p.m.,N/A,"Rome, Ga. (Cage Center)",Lose,2,False,300,False,08:20,,14,,18 ,"FOUL  by POWELL,SAMUEL",,,"FOUL  by POWELL,SAMUEL",1,foul,,berry,"powell,samuel",,"['barrett,jordan', 'littlefield,gearen', 'vance,luke', 'nikolovski,drew', 'garrett,travis']","['korn,lukas', 'powell,samuel', 'chaykowsky,zack', 'jacobs,owen', 'hertel,clay']",500
113,1023,Berry,Hendrix,1,79-73,"33,40","30,49",4-8,6-6,0-2,1-1,01/09/15,8 p.m.,N/A,"Rome, Ga. (Cage Center)",Lose,2,False,300,False,08:20,"GOOD FT by VANCE,LUKE",15,,18 ,,HC 15-18 (-3),,"GOOD FT by VANCE,LUKE",1,free throw,good,hendrix,"vance,luke",1,"['barrett,jordan', 'littlefield,gearen', 'vance,luke', 'nikolovski,drew', 'garrett,travis']","['korn,lukas', 'powell,samuel', 'chaykowsky,zack', 'jacobs,owen', 'hertel,clay']",500
114,1023,Berry,Hendrix,1,79-73,"33,40","30,49",4-8,6-6,0-2,1-1,01/09/15,8 p.m.,N/A,"Rome, Ga. (Cage Center)",Lose,2,False,300,False,08:20,"MISS FT by VANCE,LUKE",15,,18 ,,,,"MISS FT by VANCE,LUKE",1,free throw,missed,hendrix,"vance,luke",,"['barrett,jordan', 'littlefield,gearen', 'vance,luke', 'nikolovski,drew', 'garrett,travis']","['korn,lukas', 'powell,samuel', 'chaykowsky,zack', 'jacobs,owen', 'hertel,clay']",500
115,1023,Berry,Hendrix,1,79-73,"33,40","30,49",4-8,6-6,0-2,1-1,01/09/15,8 p.m.,N/A,"Rome, Ga. (Cage Center)",Lose,2,False,300,False,--,,15,,18 ,"REBOUND DEF by POWELL,SAMUEL",,,"REBOUND DEF by POWELL,SAMUEL",1,defensive rebound,,berry,"powell,samuel",,"['barrett,jordan', 'littlefield,gearen', 'vance,luke', 'nikolovski,drew', 'garrett,travis']","['korn,lukas', 'powell,samuel', 'chaykowsky,zack', 'jacobs,owen', 'hertel,clay']",
116,1023,Berry,Hendrix,1,79-73,"33,40","30,49",4-8,6-6,0-2,1-1,01/09/15,8 p.m.,N/A,"Rome, Ga. (Cage Center)",Lose,2,False,300,False,08:07,,15,,18 ,"MISS LAYUP by JACOBS,OWEN",,,"MISS LAYUP by JACOBS,OWEN",1,layup,missed,berry,"jacobs,owen",,"['barrett,jordan', 'littlefield,gearen', 'vance,luke', 'nikolovski,drew', 'garrett,travis']","['korn,lukas', 'powell,samuel', 'chaykowsky,zack', 'jacobs,owen', 'hertel,clay']",487
117,1023,Berry,Hendrix,1,79-73,"33,40","30,49",4-8,6-6,0-2,1-1,01/09/15,8 p.m.,N/A,"Rome, Ga. (Cage Center)",Lose,2,False,300,False,08:07,"BLOCK  by LITTLEFIELD,GEAREN",15,,18 ,,,,"BLOCK  by LITTLEFIELD,GEAREN",1,block,,hendrix,"littlefield,gearen",,"['barrett,jordan', 'littlefield,gearen', 'vance,luke', 'nikolovski,drew', 'garrett,travis']","['korn,lukas', 'powell,samuel', 'chaykowsky,zack', 'jacobs,owen', 'hertel,clay']",487
118,1023,Berry,Hendrix,1,79-73,"33,40","30,49",4-8,6-6,0-2,1-1,01/09/15,8 p.m.,N/A,"Rome, Ga. (Cage Center)",Lose,2,False,300,False,--,"REBOUND DEF by LITTLEFIELD,GEAREN",15,,18 ,,,,"REBOUND DEF by LITTLEFIELD,GEAREN",1,defensive rebound,,hendrix,"littlefield,gearen",,"['barrett,jordan', 'littlefield,gearen', 'vance,luke', 'nikolovski,drew', 'garrett,travis']","['korn,lukas', 'powell,samuel', 'chaykowsky,zack', 'jacobs,owen', 'hertel,clay']",
119,1023,Berry,Hendrix,1,79-73,"33,40","30,49",4-8,6-6,0-2,1-1,01/09/15,8 p.m.,N/A,"Rome, Ga. (Cage Center)",Lose,2,False,300,False,07:58,"TURNOVER  by BARRETT,JORDAN",15,,18 ,,,,"TURNOVER  by BARRETT,JORDAN",1,turnover,,hendrix,"barrett,jordan",,"['barrett,jordan', 'littlefield,gearen', 'vance,luke', 'nikolovski,drew', 'garrett,travis']","['korn,lukas', 'powell,samuel', 'chaykowsky,zack', 'jacobs,owen', 'hertel,clay']",478
120,1023,Berry,Hendrix,1,79-73,"33,40","30,49",4-8,6-6,0-2,1-1,01/09/15,8 p.m.,N/A,"Rome, Ga. (Cage Center)",Lose,2,False,300,False,07:58,,15,,18 ,"STEAL  by HARVILLE,TYLER",,,"STEAL  by HARVILLE,TYLER",1,steal,,berry,,,"['barrett,jordan', 'littlefield,gearen', 'vance,luke', 'nikolovski,drew', 'garrett,travis']","['korn,lukas', 'powell,samuel', 'chaykowsky,zack', 'jacobs,owen', 'hertel,clay']",478
121,1023,Berry,Hendrix,1,79-73,"33,40","30,49",4-8,6-6,0-2,1-1,01/09/15,8 p.m.,N/A,"Rome, Ga. (Cage Center)",Lose,2,False,300,False,07:58,"SUB IN by CRISWELL,SEAN",15,,18 ,,,,"SUB IN by CRISWELL,SEAN",1,subbing in,,hendrix,"criswell,sean",,"['barrett,jordan', 'littlefield,gearen', 'vance,luke', 'nikolovski,drew', 'garrett,travis', 'criswell,sean']","['korn,lukas', 'powell,samuel', 'chaykowsky,zack', 'jacobs,owen', 'hertel,clay']",478
122,1023,Berry,Hendrix,1,79-73,"33,40","30,49",4-8,6-6,0-2,1-1,01/09/15,8 p.m.,N/A,"Rome, Ga. (Cage Center)",Lose,2,False,300,False,07:58,"SUB OUT by VANCE,LUKE",15,,18 ,,,,"SUB OUT by VANCE,LUKE",1,subbing out,,hendrix,"vance,luke",,"['barrett,jordan', 'littlefield,gearen', 'nikolovski,drew', 'garrett,travis', 'criswell,sean']","['korn,lukas', 'powell,samuel', 'chaykowsky,zack', 'jacobs,owen', 'hertel,clay']",478
123,1023,Berry,Hendrix,1,79-73,"33,40","30,49",4-8,6-6,0-2,1-1,01/09/15,8 p.m.,N/A,"Rome, Ga. (Cage Center)",Lose,2,False,300,False,07:35,,15,,18 ,"MISS LAYUP by JACOBS,OWEN",,,"MISS LAYUP by JACOBS,OWEN",1,layup,missed,berry,"jacobs,owen",,"['barrett,jordan', 'littlefield,gearen', 'nikolovski,drew', 'garrett,travis', 'criswell,sean']","['korn,lukas', 'powell,samuel', 'chaykowsky,zack', 'jacobs,owen', 'hertel,clay']",455
124,1023,Berry,Hendrix,1,79-73,"33,40","30,49",4-8,6-6,0-2,1-1,01/09/15,8 p.m.,N/A,"Rome, Ga. (Cage Center)",Lose,2,False,300,False,--,"REBOUND DEF by CRISWELL,SEAN",15,,18 ,,,,"REBOUND DEF by CRISWELL,SEAN",1,defensive rebound,,hendrix,"criswell,sean",,"['barrett,jordan', 'littlefield,gearen', 'nikolovski,drew', 'garrett,travis', 'criswell,sean']","['korn,lukas', 'powell,samuel', 'chaykowsky,zack', 'jacobs,owen', 'hertel,clay']",
125,1023,Berry,Hendrix,1,79-73,"33,40","30,49",4-8,6-6,0-2,1-1,01/09/15,8 p.m.,N/A,"Rome, Ga. (Cage Center)",Lose,2,False,300,False,07:19,"TURNOVER  by GARRETT,TRAVIS",15,,18 ,,,,"TURNOVER  by GARRETT,TRAVIS",1,turnover,,hendrix,"garrett,travis",,"['barrett,jordan', 'littlefield,gearen', 'nikolovski,drew', 'garrett,travis', 'criswell,sean']","['korn,lukas', 'powell,samuel', 'chaykowsky,zack', 'jacobs,owen', 'hertel,clay']",439
126,1023,Berry,Hendrix,1,79-73,"33,40","30,49",4-8,6-6,0-2,1-1,01/09/15,8 p.m.,N/A,"Rome, Ga. (Cage Center)",Lose,2,False,300,False,07:17,,15,,18 ,"STEAL  by HERTEL,CLAY",,,"STEAL  by HERTEL,CLAY",1,steal,,berry,,,"['barrett,jordan', 'littlefield,gearen', 'nikolovski,drew', 'garrett,travis', 'criswell,sean']","['korn,lukas', 'powell,samuel', 'chaykowsky,zack', 'jacobs,owen', 'hertel,clay']",437
127,1023,Berry,Hendrix,1,79-73,"33,40","30,49",4-8,6-6,0-2,1-1,01/09/15,8 p.m.,N/A,"Rome, Ga. (Cage Center)",Lose,2,False,300,False,07:06,,15,,20 ,"GOOD LAYUP by POWELL,SAMUEL(in the paint)",BCM 15-20 (-5),,"GOOD LAYUP by POWELL,SAMUEL(in the paint)",1,layup,good,berry,"powell,samuel",2,"['barrett,jordan', 'littlefield,gearen', 'nikolovski,drew', 'garrett,travis', 'criswell,sean']","['korn,lukas', 'powell,samuel', 'chaykowsky,zack', 'jacobs,owen', 'hertel,clay']",426
128,1023,Berry,Hendrix,1,79-73,"33,40","30,49",4-8,6-6,0-2,1-1,01/09/15,8 p.m.,N/A,"Rome, Ga. (Cage Center)",Lose,2,False,300,False,06:52,"FOUL  by BARRETT,JORDAN",15,,20 ,,,,"FOUL  by BARRETT,JORDAN",1,foul,,hendrix,"barrett,jordan",,"['barrett,jordan', 'littlefield,gearen', 'nikolovski,drew', 'garrett,travis', 'criswell,sean']","['korn,lukas', 'powell,samuel', 'chaykowsky,zack', 'jacobs,owen', 'hertel,clay']",412
129,1023,Berry,Hendrix,1,79-73,"33,40","30,49",4-8,6-6,0-2,1-1,01/09/15,8 p.m.,N/A,"Rome, Ga. (Cage Center)",Lose,2,False,300,False,06:49,"TURNOVER  by BARRETT,JORDAN",15,,20 ,,,,"TURNOVER  by BARRETT,JORDAN",1,turnover,,hendrix,"barrett,jordan",,"['barrett,jordan', 'littlefield,gearen', 'nikolovski,drew', 'garrett,travis', 'criswell,sean']","['korn,lukas', 'powell,samuel', 'chaykowsky,zack', 'jacobs,owen', 'hertel,clay']",409
130,1023,Berry,Hendrix,1,79-73,"33,40","30,49",4-8,6-6,0-2,1-1,01/09/15,8 p.m.,N/A,"Rome, Ga. (Cage Center)",Lose,2,False,300,False,06:43,,15,,20 ,"MISS 3PTR by HERTEL,CLAY",,,"MISS 3PTR by HERTEL,CLAY",1,three pointer,missed,berry,"hertel,clay",,"['barrett,jordan', 'littlefield,gearen', 'nikolovski,drew', 'garrett,travis', 'criswell,sean']","['korn,lukas', 'powell,samuel', 'chaykowsky,zack', 'jacobs,owen', 'hertel,clay']",403
131,1023,Berry,Hendrix,1,79-73,"33,40","30,49",4-8,6-6,0-2,1-1,01/09/15,8 p.m.,N/A,"Rome, Ga. (Cage Center)",Lose,2,False,300,False,--,"REBOUND DEF by LITTLEFIELD,GEAREN",15,,20 ,,,,"REBOUND DEF by LITTLEFIELD,GEAREN",1,defensive rebound,,hendrix,"littlefield,gearen",,"['barrett,jordan', 'littlefield,gearen', 'nikolovski,drew', 'garrett,travis', 'criswell,sean']","['korn,lukas', 'powell,samuel', 'chaykowsky,zack', 'jacobs,owen', 'hertel,clay']",
132,1023,Berry,Hendrix,1,79-73,"33,40","30,49",4-8,6-6,0-2,1-1,01/09/15,8 p.m.,N/A,"Rome, Ga. (Cage Center)",Lose,2,False,300,False,06:24,"GOOD LAYUP by BARRETT,JORDAN(in the paint)",17,,20 ,,HC 17-20 (-3),,"GOOD LAYUP by BARRETT,JORDAN(in the paint)",1,layup,good,hendrix,"barrett,jordan",2,"['barrett,jordan', 'littlefield,gearen', 'nikolovski,drew', 'garrett,travis', 'criswell,sean']","['korn,lukas', 'powell,samuel', 'chaykowsky,zack', 'jacobs,owen', 'hertel,clay']",384
133,1023,Berry,Hendrix,1,79-73,"33,40","30,49",4-8,6-6,0-2,1-1,01/09/15,8 p.m.,N/A,"Rome, Ga. (Cage Center)",Lose,2,False,300,False,06:16,,17,,23 ,"GOOD 3PTR by HARVILLE,TYLER",BCM 17-23 (-6),,"GOOD 3PTR by HARVILLE,TYLER",1,three pointer,good,berry,"harville,tyler",3,"['barrett,jordan', 'littlefield,gearen', 'nikolovski,drew', 'garrett,travis', 'criswell,sean']","['korn,lukas', 'powell,samuel', 'chaykowsky,zack', 'jacobs,owen', 'hertel,clay']",376
134,1023,Berry,Hendrix,1,79-73,"33,40","30,49",4-8,6-6,0-2,1-1,01/09/15,8 p.m.,N/A,"Rome, Ga. (Cage Center)",Lose,2,False,300,False,05:55,"GOOD 3PTR by GARRETT,TRAVIS",20,,23 ,,HC 20-23 (-3),,"GOOD 3PTR by GARRETT,TRAVIS",1,three pointer,good,hendrix,"garrett,travis",3,"['barrett,jordan', 'littlefield,gearen', 'nikolovski,drew', 'garrett,travis', 'criswell,sean']","['korn,lukas', 'powell,samuel', 'chaykowsky,zack', 'jacobs,owen', 'hertel,clay']",355
135,1023,Berry,Hendrix,1,79-73,"33,40","30,49",4-8,6-6,0-2,1-1,01/09/15,8 p.m.,N/A,"Rome, Ga. (Cage Center)",Lose,2,False,300,False,--,"ASSIST  by CRISWELL,SEAN",20,,23 ,,,,"ASSIST  by CRISWELL,SEAN",1,assist,,hendrix,"criswell,sean",,"['barrett,jordan', 'littlefield,gearen', 'nikolovski,drew', 'garrett,travis', 'criswell,sean']","['korn,lukas', 'powell,samuel', 'chaykowsky,zack', 'jacobs,owen', 'hertel,clay']",
136,1023,Berry,Hendrix,1,79-73,"33,40","30,49",4-8,6-6,0-2,1-1,01/09/15,8 p.m.,N/A,"Rome, Ga. (Cage Center)",Lose,2,False,300,False,05:43,,20,,23 ,"FOUL  by HARVILLE,TYLER",,,"FOUL  by HARVILLE,TYLER",1,foul,,berry,"harville,tyler",,"['barrett,jordan', 'littlefield,gearen', 'nikolovski,drew', 'garrett,travis', 'criswell,sean']","['korn,lukas', 'powell,samuel', 'chaykowsky,zack', 'jacobs,owen', 'hertel,clay']",343
137,1023,Berry,Hendrix,1,79-73,"33,40","30,49",4-8,6-6,0-2,1-1,01/09/15,8 p.m.,N/A,"Rome, Ga. (Cage Center)",Lose,2,False,300,False,05:43,,20,,23 ,"TURNOVER  by HARVILLE,TYLER",,,"TURNOVER  by HARVILLE,TYLER",1,turnover,,berry,"harville,tyler",,"['barrett,jordan', 'littlefield,gearen', 'nikolovski,drew', 'garrett,travis', 'criswell,sean']","['korn,lukas', 'powell,samuel', 'chaykowsky,zack', 'jacobs,owen', 'hertel,clay']",343
138,1023,Berry,Hendrix,1,79-73,"33,40","30,49",4-8,6-6,0-2,1-1,01/09/15,8 p.m.,N/A,"Rome, Ga. (Cage Center)",Lose,2,False,300,False,05:13,,20,,23 ,"MISS 3PTR by HARVILLE,TYLER",,,"MISS 3PTR by HARVILLE,TYLER",1,three pointer,missed,berry,"harville,tyler",,"['barrett,jordan', 'littlefield,gearen', 'nikolovski,drew', 'garrett,travis', 'criswell,sean']","['korn,lukas', 'powell,samuel', 'chaykowsky,zack', 'jacobs,owen', 'hertel,clay']",313
139,1023,Berry,Hendrix,1,79-73,"33,40","30,49",4-8,6-6,0-2,1-1,01/09/15,8 p.m.,N/A,"Rome, Ga. (Cage Center)",Lose,2,False,300,False,--,"REBOUND DEF by VANCE,LUKE",20,,23 ,,,,"REBOUND DEF by VANCE,LUKE",1,defensive rebound,,hendrix,"vance,luke",,"['barrett,jordan', 'littlefield,gearen', 'nikolovski,drew', 'garrett,travis', 'criswell,sean']","['korn,lukas', 'powell,samuel', 'chaykowsky,zack', 'jacobs,owen', 'hertel,clay']",
140,1023,Berry,Hendrix,1,79-73,"33,40","30,49",4-8,6-6,0-2,1-1,01/09/15,8 p.m.,N/A,"Rome, Ga. (Cage Center)",Lose,2,False,300,False,05:13,"MISS LAYUP by LITTLEFIELD,GEAREN",20,,23 ,,,,"MISS LAYUP by LITTLEFIELD,GEAREN",1,layup,missed,hendrix,"littlefield,gearen",,"['barrett,jordan', 'littlefield,gearen', 'nikolovski,drew', 'garrett,travis', 'criswell,sean']","['korn,lukas', 'powell,samuel', 'chaykowsky,zack', 'jacobs,owen', 'hertel,clay']",313
141,1023,Berry,Hendrix,1,79-73,"33,40","30,49",4-8,6-6,0-2,1-1,01/09/15,8 p.m.,N/A,"Rome, Ga. (Cage Center)",Lose,2,False,300,False,--,,20,,23 ,"REBOUND DEF by JACOBS,OWEN",,,"REBOUND DEF by JACOBS,OWEN",1,defensive rebound,,berry,"jacobs,owen",,"['barrett,jordan', 'littlefield,gearen', 'nikolovski,drew', 'garrett,travis', 'criswell,sean']","['korn,lukas', 'powell,samuel', 'chaykowsky,zack', 'jacobs,owen', 'hertel,clay']",
142,1023,Berry,Hendrix,1,79-73,"33,40","30,49",4-8,6-6,0-2,1-1,01/09/15,8 p.m.,N/A,"Rome, Ga. (Cage Center)",Lose,2,False,300,False,05:13,,20,,23 ,"SUB IN by FORTE,MCCARTY",,,"SUB IN by FORTE,MCCARTY",1,subbing in,,berry,"forte,mccarty",,"['barrett,jordan', 'littlefield,gearen', 'nikolovski,drew', 'garrett,travis', 'criswell,sean']","['korn,lukas', 'powell,samuel', 'chaykowsky,zack', 'jacobs,owen', 'hertel,clay', 'forte,mccarty']",313
143,1023,Berry,Hendrix,1,79-73,"33,40","30,49",4-8,6-6,0-2,1-1,01/09/15,8 p.m.,N/A,"Rome, Ga. (Cage Center)",Lose,2,False,300,False,05:13,,20,,23 ,"SUB OUT by POWELL,SAMUEL",,,"SUB OUT by POWELL,SAMUEL",1,subbing out,,berry,"powell,samuel",,"['barrett,jordan', 'littlefield,gearen', 'nikolovski,drew', 'garrett,travis', 'criswell,sean']","['korn,lukas', 'chaykowsky,zack', 'jacobs,owen', 'hertel,clay', 'forte,mccarty']",313
144,1023,Berry,Hendrix,1,79-73,"33,40","30,49",4-8,6-6,0-2,1-1,01/09/15,8 p.m.,N/A,"Rome, Ga. (Cage Center)",Lose,2,False,300,False,05:12,,20,,23 ,"TURNOVER  by CHAYKOWSKY,ZACK",,,"TURNOVER  by CHAYKOWSKY,ZACK",1,turnover,,berry,"chaykowsky,zack",,"['barrett,jordan', 'littlefield,gearen', 'nikolovski,drew', 'garrett,travis', 'criswell,sean']","['korn,lukas', 'chaykowsky,zack', 'jacobs,owen', 'hertel,clay', 'forte,mccarty']",312
145,1023,Berry,Hendrix,1,79-73,"33,40","30,49",4-8,6-6,0-2,1-1,01/09/15,8 p.m.,N/A,"Rome, Ga. (Cage Center)",Lose,2,False,300,False,05:12,,20,,23 ,"SUB IN by ELLINGSWORTH,COLEMAN",,,"SUB IN by ELLINGSWORTH,COLEMAN",1,subbing in,,berry,"ellingsworth,coleman",,"['barrett,jordan', 'littlefield,gearen', 'nikolovski,drew', 'garrett,travis', 'criswell,sean']","['korn,lukas', 'chaykowsky,zack', 'jacobs,owen', 'hertel,clay', 'forte,mccarty', 'ellingsworth,coleman']",312
146,1023,Berry,Hendrix,1,79-73,"33,40","30,49",4-8,6-6,0-2,1-1,01/09/15,8 p.m.,N/A,"Rome, Ga. (Cage Center)",Lose,2,False,300,False,05:12,,20,,23 ,"SUB OUT by HERTEL,CLAY",,,"SUB OUT by HERTEL,CLAY",1,subbing out,,berry,"hertel,clay",,"['barrett,jordan', 'littlefield,gearen', 'nikolovski,drew', 'garrett,travis', 'criswell,sean']","['korn,lukas', 'chaykowsky,zack', 'jacobs,owen', 'forte,mccarty', 'ellingsworth,coleman']",312
147,1023,Berry,Hendrix,1,79-73,"33,40","30,49",4-8,6-6,0-2,1-1,01/09/15,8 p.m.,N/A,"Rome, Ga. (Cage Center)",Lose,2,False,300,False,04:35,,20,,23 ,TIMEOUT 30SEC by TEAM,,,TIMEOUT 30SEC by TEAM,1,timeout,,berry,,,"['barrett,jordan', 'littlefield,gearen', 'nikolovski,drew', 'garrett,travis', 'criswell,sean']","['korn,lukas', 'chaykowsky,zack', 'jacobs,owen', 'forte,mccarty', 'ellingsworth,coleman']",275
148,1023,Berry,Hendrix,1,79-73,"33,40","30,49",4-8,6-6,0-2,1-1,01/09/15,8 p.m.,N/A,"Rome, Ga. (Cage Center)",Lose,2,False,300,False,04:35,"FOUL  by BARRETT,JORDAN",20,,23 ,,,,"FOUL  by BARRETT,JORDAN",1,foul,,hendrix,"barrett,jordan",,"['barrett,jordan', 'littlefield,gearen', 'nikolovski,drew', 'garrett,travis', 'criswell,sean']","['korn,lukas', 'chaykowsky,zack', 'jacobs,owen', 'forte,mccarty', 'ellingsworth,coleman']",275
149,1023,Berry,Hendrix,1,79-73,"33,40","30,49",4-8,6-6,0-2,1-1,01/09/15,8 p.m.,N/A,"Rome, Ga. (Cage Center)",Lose,2,False,300,False,04:20,"MISS 3PTR by GARRETT,TRAVIS",20,,23 ,,,,"MISS 3PTR by GARRETT,TRAVIS",1,three pointer,missed,hendrix,"garrett,travis",,"['barrett,jordan', 'littlefield,gearen', 'nikolovski,drew', 'garrett,travis', 'criswell,sean']","['korn,lukas', 'chaykowsky,zack', 'jacobs,owen', 'forte,mccarty', 'ellingsworth,coleman']",260
150,1023,Berry,Hendrix,1,79-73,"33,40","30,49",4-8,6-6,0-2,1-1,01/09/15,8 p.m.,N/A,"Rome, Ga. (Cage Center)",Lose,2,False,300,False,--,REBOUND OFF by TEAM,20,,23 ,,,,REBOUND OFF by TEAM,1,offensive rebound,,hendrix,,,"['barrett,jordan', 'littlefield,gearen', 'nikolovski,drew', 'garrett,travis', 'criswell,sean']","['korn,lukas', 'chaykowsky,zack', 'jacobs,owen', 'forte,mccarty', 'ellingsworth,coleman']",
151,1023,Berry,Hendrix,1,79-73,"33,40","30,49",4-8,6-6,0-2,1-1,01/09/15,8 p.m.,N/A,"Rome, Ga. (Cage Center)",Lose,2,False,300,False,04:16,,20,,23 ,"SUB IN by MARDER,NICK",,,"SUB IN by MARDER,NICK",1,subbing in,,berry,"marder,nick",,"['barrett,jordan', 'littlefield,gearen', 'nikolovski,drew', 'garrett,travis', 'criswell,sean']","['korn,lukas', 'chaykowsky,zack', 'jacobs,owen', 'forte,mccarty', 'ellingsworth,coleman', 'marder,nick']",256
152,1023,Berry,Hendrix,1,79-73,"33,40","30,49",4-8,6-6,0-2,1-1,01/09/15,8 p.m.,N/A,"Rome, Ga. (Cage Center)",Lose,2,False,300,False,04:16,,20,,23 ,"SUB OUT by CHAYKOWSKY,ZACK",,,"SUB OUT by CHAYKOWSKY,ZACK",1,subbing out,,berry,"chaykowsky,zack",,"['barrett,jordan', 'littlefield,gearen', 'nikolovski,drew', 'garrett,travis', 'criswell,sean']","['korn,lukas', 'jacobs,owen', 'forte,mccarty', 'ellingsworth,coleman', 'marder,nick']",256
153,1023,Berry,Hendrix,1,79-73,"33,40","30,49",4-8,6-6,0-2,1-1,01/09/15,8 p.m.,N/A,"Rome, Ga. (Cage Center)",Lose,2,False,300,False,04:10,"MISS LAYUP by VANCE,LUKE",20,,23 ,,,,"MISS LAYUP by VANCE,LUKE",1,layup,missed,hendrix,"vance,luke",,"['barrett,jordan', 'littlefield,gearen', 'nikolovski,drew', 'garrett,travis', 'criswell,sean']","['korn,lukas', 'jacobs,owen', 'forte,mccarty', 'ellingsworth,coleman', 'marder,nick']",250
154,1023,Berry,Hendrix,1,79-73,"33,40","30,49",4-8,6-6,0-2,1-1,01/09/15,8 p.m.,N/A,"Rome, Ga. (Cage Center)",Lose,2,False,300,False,04:10,,20,,23 ,"BLOCK  by MARDER,NICK",,,"BLOCK  by MARDER,NICK",1,block,,berry,"marder,nick",,"['barrett,jordan', 'littlefield,gearen', 'nikolovski,drew', 'garrett,travis', 'criswell,sean']","['korn,lukas', 'jacobs,owen', 'forte,mccarty', 'ellingsworth,coleman', 'marder,nick']",250
155,1023,Berry,Hendrix,1,79-73,"33,40","30,49",4-8,6-6,0-2,1-1,01/09/15,8 p.m.,N/A,"Rome, Ga. (Cage Center)",Lose,2,False,300,False,--,,20,,23 ,"REBOUND DEF by MARDER,NICK",,,"REBOUND DEF by MARDER,NICK",1,defensive rebound,,berry,"marder,nick",,"['barrett,jordan', 'littlefield,gearen', 'nikolovski,drew', 'garrett,travis', 'criswell,sean']","['korn,lukas', 'jacobs,owen', 'forte,mccarty', 'ellingsworth,coleman', 'marder,nick']",
156,1023,Berry,Hendrix,1,79-73,"33,40","30,49",4-8,6-6,0-2,1-1,01/09/15,8 p.m.,N/A,"Rome, Ga. (Cage Center)",Lose,2,False,300,False,04:03,"FOUL  by LITTLEFIELD,GEAREN",20,,23 ,,,,"FOUL  by LITTLEFIELD,GEAREN",1,foul,,hendrix,"littlefield,gearen",,"['barrett,jordan', 'littlefield,gearen', 'nikolovski,drew', 'garrett,travis', 'criswell,sean']","['korn,lukas', 'jacobs,owen', 'forte,mccarty', 'ellingsworth,coleman', 'marder,nick']",243
157,1023,Berry,Hendrix,1,79-73,"33,40","30,49",4-8,6-6,0-2,1-1,01/09/15,8 p.m.,N/A,"Rome, Ga. (Cage Center)",Lose,2,False,300,False,04:03,,20,,24 ,"GOOD FT by MARDER,NICK",BCM 20-24 (-4),,"GOOD FT by MARDER,NICK",1,free throw,good,berry,"marder,nick",1,"['barrett,jordan', 'littlefield,gearen', 'nikolovski,drew', 'garrett,travis', 'criswell,sean']","['korn,lukas', 'jacobs,owen', 'forte,mccarty', 'ellingsworth,coleman', 'marder,nick']",243
158,1023,Berry,Hendrix,1,79-73,"33,40","30,49",4-8,6-6,0-2,1-1,01/09/15,8 p.m.,N/A,"Rome, Ga. (Cage Center)",Lose,2,False,300,False,04:03,,20,,25 ,"GOOD FT by MARDER,NICK",BCM 20-25 (-5),,"GOOD FT by MARDER,NICK",1,free throw,good,berry,"marder,nick",1,"['barrett,jordan', 'littlefield,gearen', 'nikolovski,drew', 'garrett,travis', 'criswell,sean']","['korn,lukas', 'jacobs,owen', 'forte,mccarty', 'ellingsworth,coleman', 'marder,nick']",243
159,1023,Berry,Hendrix,1,79-73,"33,40","30,49",4-8,6-6,0-2,1-1,01/09/15,8 p.m.,N/A,"Rome, Ga. (Cage Center)",Lose,2,False,300,False,03:43,"GOOD 3PTR by NIKOLOVSKI,DREW",23,,25 ,,HC 23-25 (-2),,"GOOD 3PTR by NIKOLOVSKI,DREW",1,three pointer,good,hendrix,"nikolovski,drew",3,"['barrett,jordan', 'littlefield,gearen', 'nikolovski,drew', 'garrett,travis', 'criswell,sean']","['korn,lukas', 'jacobs,owen', 'forte,mccarty', 'ellingsworth,coleman', 'marder,nick']",223
160,1023,Berry,Hendrix,1,79-73,"33,40","30,49",4-8,6-6,0-2,1-1,01/09/15,8 p.m.,N/A,"Rome, Ga. (Cage Center)",Lose,2,False,300,False,03:27,,23,,25 ,"MISS LAYUP by HARVILLE,TYLER",,,"MISS LAYUP by HARVILLE,TYLER",1,layup,missed,berry,"harville,tyler",,"['barrett,jordan', 'littlefield,gearen', 'nikolovski,drew', 'garrett,travis', 'criswell,sean']","['korn,lukas', 'jacobs,owen', 'forte,mccarty', 'ellingsworth,coleman', 'marder,nick']",207
161,1023,Berry,Hendrix,1,79-73,"33,40","30,49",4-8,6-6,0-2,1-1,01/09/15,8 p.m.,N/A,"Rome, Ga. (Cage Center)",Lose,2,False,300,False,--,"REBOUND DEF by LITTLEFIELD,GEAREN",23,,25 ,,,,"REBOUND DEF by LITTLEFIELD,GEAREN",1,defensive rebound,,hendrix,"littlefield,gearen",,"['barrett,jordan', 'littlefield,gearen', 'nikolovski,drew', 'garrett,travis', 'criswell,sean']","['korn,lukas', 'jacobs,owen', 'forte,mccarty', 'ellingsworth,coleman', 'marder,nick']",
162,1023,Berry,Hendrix,1,79-73,"33,40","30,49",4-8,6-6,0-2,1-1,01/09/15,8 p.m.,N/A,"Rome, Ga. (Cage Center)",Lose,2,False,300,False,03:19,"GOOD JUMPER by NIKOLOVSKI,DREW(fastbreak)(in the paint)",25,,25,,HC 25-25 (0),,"GOOD JUMPER by NIKOLOVSKI,DREW(fastbreak)(in the paint)",1,jumper,good,hendrix,"nikolovski,drew(fastbreak)",2,"['barrett,jordan', 'littlefield,gearen', 'nikolovski,drew', 'garrett,travis', 'criswell,sean']","['korn,lukas', 'jacobs,owen', 'forte,mccarty', 'ellingsworth,coleman', 'marder,nick']",199
163,1023,Berry,Hendrix,1,79-73,"33,40","30,49",4-8,6-6,0-2,1-1,01/09/15,8 p.m.,N/A,"Rome, Ga. (Cage Center)",Lose,2,False,300,False,02:56,,25,,25,"MISS LAYUP by JACOBS,OWEN",,,"MISS LAYUP by JACOBS,OWEN",1,layup,missed,berry,"jacobs,owen",,"['barrett,jordan', 'littlefield,gearen', 'nikolovski,drew', 'garrett,travis', 'criswell,sean']","['korn,lukas', 'jacobs,owen', 'forte,mccarty', 'ellingsworth,coleman', 'marder,nick']",176
164,1023,Berry,Hendrix,1,79-73,"33,40","30,49",4-8,6-6,0-2,1-1,01/09/15,8 p.m.,N/A,"Rome, Ga. (Cage Center)",Lose,2,False,300,False,02:56,"BLOCK  by LITTLEFIELD,GEAREN",25,,25,,,,"BLOCK  by LITTLEFIELD,GEAREN",1,block,,hendrix,"littlefield,gearen",,"['barrett,jordan', 'littlefield,gearen', 'nikolovski,drew', 'garrett,travis', 'criswell,sean']","['korn,lukas', 'jacobs,owen', 'forte,mccarty', 'ellingsworth,coleman', 'marder,nick']",176
165,1023,Berry,Hendrix,1,79-73,"33,40","30,49",4-8,6-6,0-2,1-1,01/09/15,8 p.m.,N/A,"Rome, Ga. (Cage Center)",Lose,2,False,300,False,--,"REBOUND DEF by NIKOLOVSKI,DREW",25,,25,,,,"REBOUND DEF by NIKOLOVSKI,DREW",1,defensive rebound,,hendrix,"nikolovski,drew",,"['barrett,jordan', 'littlefield,gearen', 'nikolovski,drew', 'garrett,travis', 'criswell,sean']","['korn,lukas', 'jacobs,owen', 'forte,mccarty', 'ellingsworth,coleman', 'marder,nick']",
166,1023,Berry,Hendrix,1,79-73,"33,40","30,49",4-8,6-6,0-2,1-1,01/09/15,8 p.m.,N/A,"Rome, Ga. (Cage Center)",Lose,2,False,300,False,02:43,"MISS LAYUP by BARRETT,JORDAN",25,,25,,,,"MISS LAYUP by BARRETT,JORDAN",1,layup,missed,hendrix,"barrett,jordan",,"['barrett,jordan', 'littlefield,gearen', 'nikolovski,drew', 'garrett,travis', 'criswell,sean']","['korn,lukas', 'jacobs,owen', 'forte,mccarty', 'ellingsworth,coleman', 'marder,nick']",163
167,1023,Berry,Hendrix,1,79-73,"33,40","30,49",4-8,6-6,0-2,1-1,01/09/15,8 p.m.,N/A,"Rome, Ga. (Cage Center)",Lose,2,False,300,False,--,REBOUND OFF by TEAM,25,,25,,,,REBOUND OFF by TEAM,1,offensive rebound,,hendrix,,,"['barrett,jordan', 'littlefield,gearen', 'nikolovski,drew', 'garrett,travis', 'criswell,sean']","['korn,lukas', 'jacobs,owen', 'forte,mccarty', 'ellingsworth,coleman', 'marder,nick']",
168,1023,Berry,Hendrix,1,79-73,"33,40","30,49",4-8,6-6,0-2,1-1,01/09/15,8 p.m.,N/A,"Rome, Ga. (Cage Center)",Lose,2,False,300,False,02:27,"GOOD 3PTR by GARRETT,TRAVIS",28 ,,25,,HC 28-25 (+3),,"GOOD 3PTR by GARRETT,TRAVIS",1,three pointer,good,hendrix,"garrett,travis",3,"['barrett,jordan', 'littlefield,gearen', 'nikolovski,drew', 'garrett,travis', 'criswell,sean']","['korn,lukas', 'jacobs,owen', 'forte,mccarty', 'ellingsworth,coleman', 'marder,nick']",147
169,1023,Berry,Hendrix,1,79-73,"33,40","30,49",4-8,6-6,0-2,1-1,01/09/15,8 p.m.,N/A,"Rome, Ga. (Cage Center)",Lose,2,False,300,False,--,"ASSIST  by VANCE,LUKE",28 ,,25,,,,"ASSIST  by VANCE,LUKE",1,assist,,hendrix,"vance,luke",,"['barrett,jordan', 'littlefield,gearen', 'nikolovski,drew', 'garrett,travis', 'criswell,sean']","['korn,lukas', 'jacobs,owen', 'forte,mccarty', 'ellingsworth,coleman', 'marder,nick']",
170,1023,Berry,Hendrix,1,79-73,"33,40","30,49",4-8,6-6,0-2,1-1,01/09/15,8 p.m.,N/A,"Rome, Ga. (Cage Center)",Lose,2,False,300,False,02:13,,28 ,,25,"FOUL  by JACOBS,OWEN",,,"FOUL  by JACOBS,OWEN",1,foul,,berry,"jacobs,owen",,"['barrett,jordan', 'littlefield,gearen', 'nikolovski,drew', 'garrett,travis', 'criswell,sean']","['korn,lukas', 'jacobs,owen', 'forte,mccarty', 'ellingsworth,coleman', 'marder,nick']",133
171,1023,Berry,Hendrix,1,79-73,"33,40","30,49",4-8,6-6,0-2,1-1,01/09/15,8 p.m.,N/A,"Rome, Ga. (Cage Center)",Lose,2,False,300,False,02:13,,28 ,,25,"SUB IN by PARK,BRANDON",,,"SUB IN by PARK,BRANDON",1,subbing in,,berry,"park,brandon",,"['barrett,jordan', 'littlefield,gearen', 'nikolovski,drew', 'garrett,travis', 'criswell,sean']","['korn,lukas', 'jacobs,owen', 'forte,mccarty', 'ellingsworth,coleman', 'marder,nick', 'park,brandon']",133
172,1023,Berry,Hendrix,1,79-73,"33,40","30,49",4-8,6-6,0-2,1-1,01/09/15,8 p.m.,N/A,"Rome, Ga. (Cage Center)",Lose,2,False,300,False,02:13,,28 ,,25,"SUB OUT by FORTE,MCCARTY",,,"SUB OUT by FORTE,MCCARTY",1,subbing out,,berry,"forte,mccarty",,"['barrett,jordan', 'littlefield,gearen', 'nikolovski,drew', 'garrett,travis', 'criswell,sean']","['korn,lukas', 'jacobs,owen', 'ellingsworth,coleman', 'marder,nick', 'park,brandon']",133
173,1023,Berry,Hendrix,1,79-73,"33,40","30,49",4-8,6-6,0-2,1-1,01/09/15,8 p.m.,N/A,"Rome, Ga. (Cage Center)",Lose,2,False,300,False,01:56,"TURNOVER  by VANCE,LUKE",28 ,,25,,,,"TURNOVER  by VANCE,LUKE",1,turnover,,hendrix,"vance,luke",,"['barrett,jordan', 'littlefield,gearen', 'nikolovski,drew', 'garrett,travis', 'criswell,sean']","['korn,lukas', 'jacobs,owen', 'ellingsworth,coleman', 'marder,nick', 'park,brandon']",116
174,1023,Berry,Hendrix,1,79-73,"33,40","30,49",4-8,6-6,0-2,1-1,01/09/15,8 p.m.,N/A,"Rome, Ga. (Cage Center)",Lose,2,False,300,False,01:56,,28 ,,25,"STEAL  by MARDER,NICK",,,"STEAL  by MARDER,NICK",1,steal,,berry,,,"['barrett,jordan', 'littlefield,gearen', 'nikolovski,drew', 'garrett,travis', 'criswell,sean']","['korn,lukas', 'jacobs,owen', 'ellingsworth,coleman', 'marder,nick', 'park,brandon']",116
175,1023,Berry,Hendrix,1,79-73,"33,40","30,49",4-8,6-6,0-2,1-1,01/09/15,8 p.m.,N/A,"Rome, Ga. (Cage Center)",Lose,2,False,300,False,01:53,,28 ,,25,"MISS 3PTR by HARVILLE,TYLER",,,"MISS 3PTR by HARVILLE,TYLER",1,three pointer,missed,berry,"harville,tyler",,"['barrett,jordan', 'littlefield,gearen', 'nikolovski,drew', 'garrett,travis', 'criswell,sean']","['korn,lukas', 'jacobs,owen', 'ellingsworth,coleman', 'marder,nick', 'park,brandon']",113
176,1023,Berry,Hendrix,1,79-73,"33,40","30,49",4-8,6-6,0-2,1-1,01/09/15,8 p.m.,N/A,"Rome, Ga. (Cage Center)",Lose,2,False,300,False,--,,28 ,,25,"REBOUND OFF by MARDER,NICK",,,"REBOUND OFF by MARDER,NICK",1,offensive rebound,,berry,"marder,nick",,"['barrett,jordan', 'littlefield,gearen', 'nikolovski,drew', 'garrett,travis', 'criswell,sean']","['korn,lukas', 'jacobs,owen', 'ellingsworth,coleman', 'marder,nick', 'park,brandon']",
177,1023,Berry,Hendrix,1,79-73,"33,40","30,49",4-8,6-6,0-2,1-1,01/09/15,8 p.m.,N/A,"Rome, Ga. (Cage Center)",Lose,2,False,300,False,01:46,,28,,28,"GOOD 3PTR by HARVILLE,TYLER",BCM 28-28 (0),,"GOOD 3PTR by HARVILLE,TYLER",1,three pointer,good,berry,"harville,tyler",3,"['barrett,jordan', 'littlefield,gearen', 'nikolovski,drew', 'garrett,travis', 'criswell,sean']","['korn,lukas', 'jacobs,owen', 'ellingsworth,coleman', 'marder,nick', 'park,brandon']",106
178,1023,Berry,Hendrix,1,79-73,"33,40","30,49",4-8,6-6,0-2,1-1,01/09/15,8 p.m.,N/A,"Rome, Ga. (Cage Center)",Lose,2,False,300,False,--,,28,,28,"ASSIST  by PARK,BRANDON",,,"ASSIST  by PARK,BRANDON",1,assist,,berry,"park,brandon",,"['barrett,jordan', 'littlefield,gearen', 'nikolovski,drew', 'garrett,travis', 'criswell,sean']","['korn,lukas', 'jacobs,owen', 'ellingsworth,coleman', 'marder,nick', 'park,brandon']",
179,1023,Berry,Hendrix,1,79-73,"33,40","30,49",4-8,6-6,0-2,1-1,01/09/15,8 p.m.,N/A,"Rome, Ga. (Cage Center)",Lose,2,False,300,False,01:17,"TURNOVER  by VANCE,LUKE",28,,28,,,,"TURNOVER  by VANCE,LUKE",1,turnover,,hendrix,"vance,luke",,"['barrett,jordan', 'littlefield,gearen', 'nikolovski,drew', 'garrett,travis', 'criswell,sean']","['korn,lukas', 'jacobs,owen', 'ellingsworth,coleman', 'marder,nick', 'park,brandon']",77
180,1023,Berry,Hendrix,1,79-73,"33,40","30,49",4-8,6-6,0-2,1-1,01/09/15,8 p.m.,N/A,"Rome, Ga. (Cage Center)",Lose,2,False,300,False,01:06,"FOUL  by NIKOLOVSKI,DREW",28,,28,,,,"FOUL  by NIKOLOVSKI,DREW",1,foul,,hendrix,"nikolovski,drew",,"['barrett,jordan', 'littlefield,gearen', 'nikolovski,drew', 'garrett,travis', 'criswell,sean']","['korn,lukas', 'jacobs,owen', 'ellingsworth,coleman', 'marder,nick', 'park,brandon']",66
181,1023,Berry,Hendrix,1,79-73,"33,40","30,49",4-8,6-6,0-2,1-1,01/09/15,8 p.m.,N/A,"Rome, Ga. (Cage Center)",Lose,2,False,300,False,01:06,,28,,29 ,"GOOD FT by MARDER,NICK",BCM 28-29 (-1),,"GOOD FT by MARDER,NICK",1,free throw,good,berry,"marder,nick",1,"['barrett,jordan', 'littlefield,gearen', 'nikolovski,drew', 'garrett,travis', 'criswell,sean']","['korn,lukas', 'jacobs,owen', 'ellingsworth,coleman', 'marder,nick', 'park,brandon']",66
182,1023,Berry,Hendrix,1,79-73,"33,40","30,49",4-8,6-6,0-2,1-1,01/09/15,8 p.m.,N/A,"Rome, Ga. (Cage Center)",Lose,2,False,300,False,01:06,,28,,30 ,"GOOD FT by MARDER,NICK",BCM 28-30 (-2),,"GOOD FT by MARDER,NICK",1,free throw,good,berry,"marder,nick",1,"['barrett,jordan', 'littlefield,gearen', 'nikolovski,drew', 'garrett,travis', 'criswell,sean']","['korn,lukas', 'jacobs,owen', 'ellingsworth,coleman', 'marder,nick', 'park,brandon']",66
183,1023,Berry,Hendrix,1,79-73,"33,40","30,49",4-8,6-6,0-2,1-1,01/09/15,8 p.m.,N/A,"Rome, Ga. (Cage Center)",Lose,2,False,300,False,00:51,,28,,30 ,"FOUL  by PARK,BRANDON",,,"FOUL  by PARK,BRANDON",1,foul,,berry,"park,brandon",,"['barrett,jordan', 'littlefield,gearen', 'nikolovski,drew', 'garrett,travis', 'criswell,sean']","['korn,lukas', 'jacobs,owen', 'ellingsworth,coleman', 'marder,nick', 'park,brandon']",51
184,1023,Berry,Hendrix,1,79-73,"33,40","30,49",4-8,6-6,0-2,1-1,01/09/15,8 p.m.,N/A,"Rome, Ga. (Cage Center)",Lose,2,False,300,False,00:51,"GOOD FT by BARRETT,JORDAN",29,,30 ,,HC 29-30 (-1),,"GOOD FT by BARRETT,JORDAN",1,free throw,good,hendrix,"barrett,jordan",1,"['barrett,jordan', 'littlefield,gearen', 'nikolovski,drew', 'garrett,travis', 'criswell,sean']","['korn,lukas', 'jacobs,owen', 'ellingsworth,coleman', 'marder,nick', 'park,brandon']",51
185,1023,Berry,Hendrix,1,79-73,"33,40","30,49",4-8,6-6,0-2,1-1,01/09/15,8 p.m.,N/A,"Rome, Ga. (Cage Center)",Lose,2,False,300,False,00:51,"GOOD FT by BARRETT,JORDAN",30,,30,,HC 30-30 (0),,"GOOD FT by BARRETT,JORDAN",1,free throw,good,hendrix,"barrett,jordan",1,"['barrett,jordan', 'littlefield,gearen', 'nikolovski,drew', 'garrett,travis', 'criswell,sean']","['korn,lukas', 'jacobs,owen', 'ellingsworth,coleman', 'marder,nick', 'park,brandon']",51
186,1023,Berry,Hendrix,1,79-73,"33,40","30,49",4-8,6-6,0-2,1-1,01/09/15,8 p.m.,N/A,"Rome, Ga. (Cage Center)",Lose,2,False,300,False,00:51,"SUB IN by VANCE,LUKE",30,,30,,,,"SUB IN by VANCE,LUKE",1,subbing in,,hendrix,"vance,luke",,"['barrett,jordan', 'littlefield,gearen', 'nikolovski,drew', 'garrett,travis', 'criswell,sean', 'vance,luke']","['korn,lukas', 'jacobs,owen', 'ellingsworth,coleman', 'marder,nick', 'park,brandon']",51
187,1023,Berry,Hendrix,1,79-73,"33,40","30,49",4-8,6-6,0-2,1-1,01/09/15,8 p.m.,N/A,"Rome, Ga. (Cage Center)",Lose,2,False,300,False,00:51,"SUB OUT by CRISWELL,SEAN",30,,30,,,,"SUB OUT by CRISWELL,SEAN",1,subbing out,,hendrix,"criswell,sean",,"['barrett,jordan', 'littlefield,gearen', 'nikolovski,drew', 'garrett,travis', 'vance,luke']","['korn,lukas', 'jacobs,owen', 'ellingsworth,coleman', 'marder,nick', 'park,brandon']",51
188,1023,Berry,Hendrix,1,79-73,"33,40","30,49",4-8,6-6,0-2,1-1,01/09/15,8 p.m.,N/A,"Rome, Ga. (Cage Center)",Lose,2,False,300,False,00:40,,30,,32 ,"GOOD JUMPER by HARVILLE,TYLER",BCM 30-32 (-2),,"GOOD JUMPER by HARVILLE,TYLER",1,jumper,good,berry,"harville,tyler",2,"['barrett,jordan', 'littlefield,gearen', 'nikolovski,drew', 'garrett,travis', 'vance,luke']","['korn,lukas', 'jacobs,owen', 'ellingsworth,coleman', 'marder,nick', 'park,brandon']",40
189,1023,Berry,Hendrix,1,79-73,"33,40","30,49",4-8,6-6,0-2,1-1,01/09/15,8 p.m.,N/A,"Rome, Ga. (Cage Center)",Lose,2,False,300,False,00:34,"TURNOVER  by GARRETT,TRAVIS",30,,32 ,,,,"TURNOVER  by GARRETT,TRAVIS",1,turnover,,hendrix,"garrett,travis",,"['barrett,jordan', 'littlefield,gearen', 'nikolovski,drew', 'garrett,travis', 'vance,luke']","['korn,lukas', 'jacobs,owen', 'ellingsworth,coleman', 'marder,nick', 'park,brandon']",34
190,1023,Berry,Hendrix,1,79-73,"33,40","30,49",4-8,6-6,0-2,1-1,01/09/15,8 p.m.,N/A,"Rome, Ga. (Cage Center)",Lose,2,False,300,False,00:34,,30,,32 ,"STEAL  by JACOBS,OWEN",,,"STEAL  by JACOBS,OWEN",1,steal,,berry,,,"['barrett,jordan', 'littlefield,gearen', 'nikolovski,drew', 'garrett,travis', 'vance,luke']","['korn,lukas', 'jacobs,owen', 'ellingsworth,coleman', 'marder,nick', 'park,brandon']",34
191,1023,Berry,Hendrix,1,79-73,"33,40","30,49",4-8,6-6,0-2,1-1,01/09/15,8 p.m.,N/A,"Rome, Ga. (Cage Center)",Lose,2,False,300,False,20:00,"SUB IN by VANCE,LUKE",30,,32 ,,,,"SUB IN by VANCE,LUKE",2,subbing in,,hendrix,"vance,luke",,"['barrett,jordan', 'littlefield,gearen', 'nikolovski,drew', 'garrett,travis', 'vance,luke']","['korn,lukas', 'jacobs,owen', 'ellingsworth,coleman', 'marder,nick', 'park,brandon']",1200
192,1023,Berry,Hendrix,1,79-73,"33,40","30,49",4-8,6-6,0-2,1-1,01/09/15,8 p.m.,N/A,"Rome, Ga. (Cage Center)",Lose,2,False,300,False,20:00,"SUB IN by NIKOLOVSKI,DREW",30,,32 ,,,,"SUB IN by NIKOLOVSKI,DREW",2,subbing in,,hendrix,"nikolovski,drew",,"['barrett,jordan', 'littlefield,gearen', 'nikolovski,drew', 'garrett,travis', 'vance,luke']","['korn,lukas', 'jacobs,owen', 'ellingsworth,coleman', 'marder,nick', 'park,brandon']",1200
193,1023,Berry,Hendrix,1,79-73,"33,40","30,49",4-8,6-6,0-2,1-1,01/09/15,8 p.m.,N/A,"Rome, Ga. (Cage Center)",Lose,2,False,300,False,20:00,"SUB OUT by GUMM,GABE",30,,32 ,,,,"SUB OUT by GUMM,GABE",2,subbing out,,hendrix,"gumm,gabe",,"['barrett,jordan', 'littlefield,gearen', 'nikolovski,drew', 'garrett,travis', 'vance,luke']","['korn,lukas', 'jacobs,owen', 'ellingsworth,coleman', 'marder,nick', 'park,brandon']",1200
194,1023,Berry,Hendrix,1,79-73,"33,40","30,49",4-8,6-6,0-2,1-1,01/09/15,8 p.m.,N/A,"Rome, Ga. (Cage Center)",Lose,2,False,300,False,20:00,"SUB OUT by CONARD,ALEC",30,,32 ,,,,"SUB OUT by CONARD,ALEC",2,subbing out,,hendrix,"conard,alec",,"['barrett,jordan', 'littlefield,gearen', 'nikolovski,drew', 'garrett,travis', 'vance,luke']","['korn,lukas', 'jacobs,owen', 'ellingsworth,coleman', 'marder,nick', 'park,brandon']",1200
195,1023,Berry,Hendrix,1,79-73,"33,40","30,49",4-8,6-6,0-2,1-1,01/09/15,8 p.m.,N/A,"Rome, Ga. (Cage Center)",Lose,2,False,300,False,19:49,"FOUL  by VANCE,LUKE",30,,,,,,"FOUL  by VANCE,LUKE",2,foul,,hendrix,"vance,luke",,"['barrett,jordan', 'littlefield,gearen', 'nikolovski,drew', 'garrett,travis', 'vance,luke']","['korn,lukas', 'jacobs,owen', 'ellingsworth,coleman', 'marder,nick', 'park,brandon']",1189
196,1023,Berry,Hendrix,1,79-73,"33,40","30,49",4-8,6-6,0-2,1-1,01/09/15,8 p.m.,N/A,"Rome, Ga. (Cage Center)",Lose,2,False,300,False,19:34,,30,,,"MISS JUMPER by MCCLOUD,LEE",,,"MISS JUMPER by MCCLOUD,LEE",2,jumper,missed,berry,"mccloud,lee",,"['barrett,jordan', 'littlefield,gearen', 'nikolovski,drew', 'garrett,travis', 'vance,luke']","['korn,lukas', 'jacobs,owen', 'ellingsworth,coleman', 'marder,nick', 'park,brandon']",1174
197,1023,Berry,Hendrix,1,79-73,"33,40","30,49",4-8,6-6,0-2,1-1,01/09/15,8 p.m.,N/A,"Rome, Ga. (Cage Center)",Lose,2,False,300,False,--,REBOUND DEF by TEAM,30,,,,,,REBOUND DEF by TEAM,2,defensive rebound,,hendrix,,,"['barrett,jordan', 'littlefield,gearen', 'nikolovski,drew', 'garrett,travis', 'vance,luke']","['korn,lukas', 'jacobs,owen', 'ellingsworth,coleman', 'marder,nick', 'park,brandon']",
198,1023,Berry,Hendrix,1,79-73,"33,40","30,49",4-8,6-6,0-2,1-1,01/09/15,8 p.m.,N/A,"Rome, Ga. (Cage Center)",Lose,2,False,300,False,19:34,,30,,,"FOUL  by MARDER,NICK",,,"FOUL  by MARDER,NICK",2,foul,,berry,"marder,nick",,"['barrett,jordan', 'littlefield,gearen', 'nikolovski,drew', 'garrett,travis', 'vance,luke']","['korn,lukas', 'jacobs,owen', 'ellingsworth,coleman', 'marder,nick', 'park,brandon']",1174
199,1023,Berry,Hendrix,1,79-73,"33,40","30,49",4-8,6-6,0-2,1-1,01/09/15,8 p.m.,N/A,"Rome, Ga. (Cage Center)",Lose,2,False,300,False,19:28,,30,,,"FOUL  by MCCLOUD,LEE",,,"FOUL  by MCCLOUD,LEE",2,foul,,berry,"mccloud,lee",,"['barrett,jordan', 'littlefield,gearen', 'nikolovski,drew', 'garrett,travis', 'vance,luke']","['korn,lukas', 'jacobs,owen', 'ellingsworth,coleman', 'marder,nick', 'park,brandon']",1168
200,1023,Berry,Hendrix,1,79-73,"33,40","30,49",4-8,6-6,0-2,1-1,01/09/15,8 p.m.,N/A,"Rome, Ga. (Cage Center)",Lose,2,False,300,False,19:06,"GOOD LAYUP by VANCE,LUKE(in the paint)",32,,33 ,,HC 32-33 (-1),,"GOOD LAYUP by VANCE,LUKE(in the paint)",2,layup,good,hendrix,"vance,luke",2,"['barrett,jordan', 'littlefield,gearen', 'nikolovski,drew', 'garrett,travis', 'vance,luke']","['korn,lukas', 'jacobs,owen', 'ellingsworth,coleman', 'marder,nick', 'park,brandon']",1146
201,1023,Berry,Hendrix,1,79-73,"33,40","30,49",4-8,6-6,0-2,1-1,01/09/15,8 p.m.,N/A,"Rome, Ga. (Cage Center)",Lose,2,False,300,False,--,"ASSIST  by BARRETT,JORDAN",32,,33 ,,,,"ASSIST  by BARRETT,JORDAN",2,assist,,hendrix,"barrett,jordan",,"['barrett,jordan', 'littlefield,gearen', 'nikolovski,drew', 'garrett,travis', 'vance,luke']","['korn,lukas', 'jacobs,owen', 'ellingsworth,coleman', 'marder,nick', 'park,brandon']",
202,1023,Berry,Hendrix,1,79-73,"33,40","30,49",4-8,6-6,0-2,1-1,01/09/15,8 p.m.,N/A,"Rome, Ga. (Cage Center)",Lose,2,False,300,False,19:00,"FOUL  by NIKOLOVSKI,DREW",32,,33 ,,,,"FOUL  by NIKOLOVSKI,DREW",2,foul,,hendrix,"nikolovski,drew",,"['barrett,jordan', 'littlefield,gearen', 'nikolovski,drew', 'garrett,travis', 'vance,luke']","['korn,lukas', 'jacobs,owen', 'ellingsworth,coleman', 'marder,nick', 'park,brandon']",1140
203,1023,Berry,Hendrix,1,79-73,"33,40","30,49",4-8,6-6,0-2,1-1,01/09/15,8 p.m.,N/A,"Rome, Ga. (Cage Center)",Lose,2,False,300,False,19:00,,32,,33 ,"SUB IN by HARVILLE,TYLER",,,"SUB IN by HARVILLE,TYLER",2,subbing in,,berry,"harville,tyler",,"['barrett,jordan', 'littlefield,gearen', 'nikolovski,drew', 'garrett,travis', 'vance,luke']","['korn,lukas', 'jacobs,owen', 'ellingsworth,coleman', 'marder,nick', 'park,brandon', 'harville,tyler']",1140
204,1023,Berry,Hendrix,1,79-73,"33,40","30,49",4-8,6-6,0-2,1-1,01/09/15,8 p.m.,N/A,"Rome, Ga. (Cage Center)",Lose,2,False,300,False,19:00,,32,,33 ,"SUB OUT by MCCLOUD,LEE",,,"SUB OUT by MCCLOUD,LEE",2,subbing out,,berry,"mccloud,lee",,"['barrett,jordan', 'littlefield,gearen', 'nikolovski,drew', 'garrett,travis', 'vance,luke']","['korn,lukas', 'jacobs,owen', 'ellingsworth,coleman', 'marder,nick', 'park,brandon', 'harville,tyler']",1140
205,1023,Berry,Hendrix,1,79-73,"33,40","30,49",4-8,6-6,0-2,1-1,01/09/15,8 p.m.,N/A,"Rome, Ga. (Cage Center)",Lose,2,False,300,False,18:47,"FOUL  by OGLE,JOHN",32,,33 ,,,,"FOUL  by OGLE,JOHN",2,foul,,hendrix,"ogle,john",,"['barrett,jordan', 'littlefield,gearen', 'nikolovski,drew', 'garrett,travis', 'vance,luke']","['korn,lukas', 'jacobs,owen', 'ellingsworth,coleman', 'marder,nick', 'park,brandon', 'harville,tyler']",1127
206,1023,Berry,Hendrix,1,79-73,"33,40","30,49",4-8,6-6,0-2,1-1,01/09/15,8 p.m.,N/A,"Rome, Ga. (Cage Center)",Lose,2,False,300,False,18:47,,32,,34 ,"GOOD FT by JACOBS,OWEN",BCM 32-34 (-2),,"GOOD FT by JACOBS,OWEN",2,free throw,good,berry,"jacobs,owen",1,"['barrett,jordan', 'littlefield,gearen', 'nikolovski,drew', 'garrett,travis', 'vance,luke']","['korn,lukas', 'jacobs,owen', 'ellingsworth,coleman', 'marder,nick', 'park,brandon', 'harville,tyler']",1127
207,1023,Berry,Hendrix,1,79-73,"33,40","30,49",4-8,6-6,0-2,1-1,01/09/15,8 p.m.,N/A,"Rome, Ga. (Cage Center)",Lose,2,False,300,False,18:44,,32,,34 ,"MISS FT by JACOBS,OWEN",,,"MISS FT by JACOBS,OWEN",2,free throw,missed,berry,"jacobs,owen",,"['barrett,jordan', 'littlefield,gearen', 'nikolovski,drew', 'garrett,travis', 'vance,luke']","['korn,lukas', 'jacobs,owen', 'ellingsworth,coleman', 'marder,nick', 'park,brandon', 'harville,tyler']",1124
208,1023,Berry,Hendrix,1,79-73,"33,40","30,49",4-8,6-6,0-2,1-1,01/09/15,8 p.m.,N/A,"Rome, Ga. (Cage Center)",Lose,2,False,300,False,--,"REBOUND DEF by VANCE,LUKE",32,,34 ,,,,"REBOUND DEF by VANCE,LUKE",2,defensive rebound,,hendrix,"vance,luke",,"['barrett,jordan', 'littlefield,gearen', 'nikolovski,drew', 'garrett,travis', 'vance,luke']","['korn,lukas', 'jacobs,owen', 'ellingsworth,coleman', 'marder,nick', 'park,brandon', 'harville,tyler']",
209,1023,Berry,Hendrix,1,79-73,"33,40","30,49",4-8,6-6,0-2,1-1,01/09/15,8 p.m.,N/A,"Rome, Ga. (Cage Center)",Lose,2,False,300,False,18:18,"MISS JUMPER by BARRETT,JORDAN",32,,34 ,,,,"MISS JUMPER by BARRETT,JORDAN",2,jumper,missed,hendrix,"barrett,jordan",,"['barrett,jordan', 'littlefield,gearen', 'nikolovski,drew', 'garrett,travis', 'vance,luke']","['korn,lukas', 'jacobs,owen', 'ellingsworth,coleman', 'marder,nick', 'park,brandon', 'harville,tyler']",1098
210,1023,Berry,Hendrix,1,79-73,"33,40","30,49",4-8,6-6,0-2,1-1,01/09/15,8 p.m.,N/A,"Rome, Ga. (Cage Center)",Lose,2,False,300,False,--,,32,,34 ,"REBOUND DEF by HARVILLE,TYLER",,,"REBOUND DEF by HARVILLE,TYLER",2,defensive rebound,,berry,"harville,tyler",,"['barrett,jordan', 'littlefield,gearen', 'nikolovski,drew', 'garrett,travis', 'vance,luke']","['korn,lukas', 'jacobs,owen', 'ellingsworth,coleman', 'marder,nick', 'park,brandon', 'harville,tyler']",
211,1023,Berry,Hendrix,1,79-73,"33,40","30,49",4-8,6-6,0-2,1-1,01/09/15,8 p.m.,N/A,"Rome, Ga. (Cage Center)",Lose,2,False,300,False,18:08,,32,,34 ,"TURNOVER  by HARVILLE,TYLER",,,"TURNOVER  by HARVILLE,TYLER",2,turnover,,berry,"harville,tyler",,"['barrett,jordan', 'littlefield,gearen', 'nikolovski,drew', 'garrett,travis', 'vance,luke']","['korn,lukas', 'jacobs,owen', 'ellingsworth,coleman', 'marder,nick', 'park,brandon', 'harville,tyler']",1088
212,1023,Berry,Hendrix,1,79-73,"33,40","30,49",4-8,6-6,0-2,1-1,01/09/15,8 p.m.,N/A,"Rome, Ga. (Cage Center)",Lose,2,False,300,False,18:06,"STEAL  by OGLE,JOHN",32,,34 ,,,,"STEAL  by OGLE,JOHN",2,steal,,hendrix,,,"['barrett,jordan', 'littlefield,gearen', 'nikolovski,drew', 'garrett,travis', 'vance,luke']","['korn,lukas', 'jacobs,owen', 'ellingsworth,coleman', 'marder,nick', 'park,brandon', 'harville,tyler']",1086
213,1023,Berry,Hendrix,1,79-73,"33,40","30,49",4-8,6-6,0-2,1-1,01/09/15,8 p.m.,N/A,"Rome, Ga. (Cage Center)",Lose,2,False,300,False,17:54,"GOOD 3PTR by GARRETT,TRAVIS",35 ,,34,,HC 35-34 (+1),,"GOOD 3PTR by GARRETT,TRAVIS",2,three pointer,good,hendrix,"garrett,travis",3,"['barrett,jordan', 'littlefield,gearen', 'nikolovski,drew', 'garrett,travis', 'vance,luke']","['korn,lukas', 'jacobs,owen', 'ellingsworth,coleman', 'marder,nick', 'park,brandon', 'harville,tyler']",1074
214,1023,Berry,Hendrix,1,79-73,"33,40","30,49",4-8,6-6,0-2,1-1,01/09/15,8 p.m.,N/A,"Rome, Ga. (Cage Center)",Lose,2,False,300,False,--,"ASSIST  by VANCE,LUKE",35 ,,34,,,,"ASSIST  by VANCE,LUKE",2,assist,,hendrix,"vance,luke",,"['barrett,jordan', 'littlefield,gearen', 'nikolovski,drew', 'garrett,travis', 'vance,luke']","['korn,lukas', 'jacobs,owen', 'ellingsworth,coleman', 'marder,nick', 'park,brandon', 'harville,tyler']",
215,1023,Berry,Hendrix,1,79-73,"33,40","30,49",4-8,6-6,0-2,1-1,01/09/15,8 p.m.,N/A,"Rome, Ga. (Cage Center)",Lose,2,False,300,False,17:38,"FOUL  by NIKOLOVSKI,DREW",35 ,,34,,,,"FOUL  by NIKOLOVSKI,DREW",2,foul,,hendrix,"nikolovski,drew",,"['barrett,jordan', 'littlefield,gearen', 'nikolovski,drew', 'garrett,travis', 'vance,luke']","['korn,lukas', 'jacobs,owen', 'ellingsworth,coleman', 'marder,nick', 'park,brandon', 'harville,tyler']",1058
216,1023,Berry,Hendrix,1,79-73,"33,40","30,49",4-8,6-6,0-2,1-1,01/09/15,8 p.m.,N/A,"Rome, Ga. (Cage Center)",Lose,2,False,300,False,17:35,"SUB IN by ALDOUS,HANK",35 ,,34,,,,"SUB IN by ALDOUS,HANK",2,subbing in,,hendrix,"aldous,hank",,"['barrett,jordan', 'littlefield,gearen', 'nikolovski,drew', 'garrett,travis', 'vance,luke']","['korn,lukas', 'jacobs,owen', 'ellingsworth,coleman', 'marder,nick', 'park,brandon', 'harville,tyler']",1055
217,1023,Berry,Hendrix,1,79-73,"33,40","30,49",4-8,6-6,0-2,1-1,01/09/15,8 p.m.,N/A,"Rome, Ga. (Cage Center)",Lose,2,False,300,False,17:35,"SUB OUT by NIKOLOVSKI,DREW",35 ,,34,,,,"SUB OUT by NIKOLOVSKI,DREW",2,subbing out,,hendrix,"nikolovski,drew",,"['barrett,jordan', 'littlefield,gearen', 'garrett,travis', 'vance,luke']","['korn,lukas', 'jacobs,owen', 'ellingsworth,coleman', 'marder,nick', 'park,brandon', 'harville,tyler']",1055
218,1023,Berry,Hendrix,1,79-73,"33,40","30,49",4-8,6-6,0-2,1-1,01/09/15,8 p.m.,N/A,"Rome, Ga. (Cage Center)",Lose,2,False,300,False,17:29,,35,,36 ,"GOOD LAYUP by MARDER,NICK(in the paint)",BCM 35-36 (-1),,"GOOD LAYUP by MARDER,NICK(in the paint)",2,layup,good,berry,"marder,nick",2,"['barrett,jordan', 'littlefield,gearen', 'garrett,travis', 'vance,luke']","['korn,lukas', 'jacobs,owen', 'ellingsworth,coleman', 'marder,nick', 'park,brandon', 'harville,tyler']",1049
219,1023,Berry,Hendrix,1,79-73,"33,40","30,49",4-8,6-6,0-2,1-1,01/09/15,8 p.m.,N/A,"Rome, Ga. (Cage Center)",Lose,2,False,300,False,17:12,"TURNOVER  by ALDOUS,HANK",35,,36 ,,,,"TURNOVER  by ALDOUS,HANK",2,turnover,,hendrix,"aldous,hank",,"['barrett,jordan', 'littlefield,gearen', 'garrett,travis', 'vance,luke']","['korn,lukas', 'jacobs,owen', 'ellingsworth,coleman', 'marder,nick', 'park,brandon', 'harville,tyler']",1032
220,1023,Berry,Hendrix,1,79-73,"33,40","30,49",4-8,6-6,0-2,1-1,01/09/15,8 p.m.,N/A,"Rome, Ga. (Cage Center)",Lose,2,False,300,False,17:01,"FOUL  by ALDOUS,HANK",35,,36 ,,,,"FOUL  by ALDOUS,HANK",2,foul,,hendrix,"aldous,hank",,"['barrett,jordan', 'littlefield,gearen', 'garrett,travis', 'vance,luke']","['korn,lukas', 'jacobs,owen', 'ellingsworth,coleman', 'marder,nick', 'park,brandon', 'harville,tyler']",1021
221,1023,Berry,Hendrix,1,79-73,"33,40","30,49",4-8,6-6,0-2,1-1,01/09/15,8 p.m.,N/A,"Rome, Ga. (Cage Center)",Lose,2,False,300,False,16:59,,35,,37 ,"GOOD FT by MARDER,NICK",BCM 35-37 (-2),,"GOOD FT by MARDER,NICK",2,free throw,good,berry,"marder,nick",1,"['barrett,jordan', 'littlefield,gearen', 'garrett,travis', 'vance,luke']","['korn,lukas', 'jacobs,owen', 'ellingsworth,coleman', 'marder,nick', 'park,brandon', 'harville,tyler']",1019
222,1023,Berry,Hendrix,1,79-73,"33,40","30,49",4-8,6-6,0-2,1-1,01/09/15,8 p.m.,N/A,"Rome, Ga. (Cage Center)",Lose,2,False,300,False,16:59,,35,,37 ,"MISS FT by MARDER,NICK",,,"MISS FT by MARDER,NICK",2,free throw,missed,berry,"marder,nick",,"['barrett,jordan', 'littlefield,gearen', 'garrett,travis', 'vance,luke']","['korn,lukas', 'jacobs,owen', 'ellingsworth,coleman', 'marder,nick', 'park,brandon', 'harville,tyler']",1019
223,1023,Berry,Hendrix,1,79-73,"33,40","30,49",4-8,6-6,0-2,1-1,01/09/15,8 p.m.,N/A,"Rome, Ga. (Cage Center)",Lose,2,False,300,False,--,"REBOUND DEF by OGLE,JOHN",35,,37 ,,,,"REBOUND DEF by OGLE,JOHN",2,defensive rebound,,hendrix,"ogle,john",,"['barrett,jordan', 'littlefield,gearen', 'garrett,travis', 'vance,luke']","['korn,lukas', 'jacobs,owen', 'ellingsworth,coleman', 'marder,nick', 'park,brandon', 'harville,tyler']",
224,1023,Berry,Hendrix,1,79-73,"33,40","30,49",4-8,6-6,0-2,1-1,01/09/15,8 p.m.,N/A,"Rome, Ga. (Cage Center)",Lose,2,False,300,False,16:42,"TURNOVER  by BARRETT,JORDAN",35,,37 ,,,,"TURNOVER  by BARRETT,JORDAN",2,turnover,,hendrix,"barrett,jordan",,"['barrett,jordan', 'littlefield,gearen', 'garrett,travis', 'vance,luke']","['korn,lukas', 'jacobs,owen', 'ellingsworth,coleman', 'marder,nick', 'park,brandon', 'harville,tyler']",1002
225,1023,Berry,Hendrix,1,79-73,"33,40","30,49",4-8,6-6,0-2,1-1,01/09/15,8 p.m.,N/A,"Rome, Ga. (Cage Center)",Lose,2,False,300,False,16:31,,35,,39 ,"GOOD LAYUP by CHAYKOWSKY,ZACK(in the paint)",BCM 35-39 (-4),,"GOOD LAYUP by CHAYKOWSKY,ZACK(in the paint)",2,layup,good,berry,"chaykowsky,zack",2,"['barrett,jordan', 'littlefield,gearen', 'garrett,travis', 'vance,luke']","['korn,lukas', 'jacobs,owen', 'ellingsworth,coleman', 'marder,nick', 'park,brandon', 'harville,tyler']",991
226,1023,Berry,Hendrix,1,79-73,"33,40","30,49",4-8,6-6,0-2,1-1,01/09/15,8 p.m.,N/A,"Rome, Ga. (Cage Center)",Lose,2,False,300,False,16:00,,35,,39 ,"FOUL  by HARVILLE,TYLER",,,"FOUL  by HARVILLE,TYLER",2,foul,,berry,"harville,tyler",,"['barrett,jordan', 'littlefield,gearen', 'garrett,travis', 'vance,luke']","['korn,lukas', 'jacobs,owen', 'ellingsworth,coleman', 'marder,nick', 'park,brandon', 'harville,tyler']",960
227,1023,Berry,Hendrix,1,79-73,"33,40","30,49",4-8,6-6,0-2,1-1,01/09/15,8 p.m.,N/A,"Rome, Ga. (Cage Center)",Lose,2,False,300,False,15:47,"TURNOVER  by BARRETT,JORDAN",35,,39 ,,,,"TURNOVER  by BARRETT,JORDAN",2,turnover,,hendrix,"barrett,jordan",,"['barrett,jordan', 'littlefield,gearen', 'garrett,travis', 'vance,luke']","['korn,lukas', 'jacobs,owen', 'ellingsworth,coleman', 'marder,nick', 'park,brandon', 'harville,tyler']",947
228,1023,Berry,Hendrix,1,79-73,"33,40","30,49",4-8,6-6,0-2,1-1,01/09/15,8 p.m.,N/A,"Rome, Ga. (Cage Center)",Lose,2,False,300,False,15:46,,35,,39 ,"STEAL  by JACOBS,OWEN",,,"STEAL  by JACOBS,OWEN",2,steal,,berry,,,"['barrett,jordan', 'littlefield,gearen', 'garrett,travis', 'vance,luke']","['korn,lukas', 'jacobs,owen', 'ellingsworth,coleman', 'marder,nick', 'park,brandon', 'harville,tyler']",946
229,1023,Berry,Hendrix,1,79-73,"33,40","30,49",4-8,6-6,0-2,1-1,01/09/15,8 p.m.,N/A,"Rome, Ga. (Cage Center)",Lose,2,False,300,False,15:43,,35,,41 ,"GOOD LAYUP by JACOBS,OWEN(fastbreak)(in the paint)",BCM 35-41 (-6),,"GOOD LAYUP by JACOBS,OWEN(fastbreak)(in the paint)",2,layup,good,berry,"jacobs,owen(fastbreak)",2,"['barrett,jordan', 'littlefield,gearen', 'garrett,travis', 'vance,luke']","['korn,lukas', 'jacobs,owen', 'ellingsworth,coleman', 'marder,nick', 'park,brandon', 'harville,tyler']",943
230,1023,Berry,Hendrix,1,79-73,"33,40","30,49",4-8,6-6,0-2,1-1,01/09/15,8 p.m.,N/A,"Rome, Ga. (Cage Center)",Lose,2,False,300,False,15:28,"GOOD LAYUP by ALDOUS,HANK(in the paint)",37,,41 ,,HC 37-41 (-4),,"GOOD LAYUP by ALDOUS,HANK(in the paint)",2,layup,good,hendrix,"aldous,hank",2,"['barrett,jordan', 'littlefield,gearen', 'garrett,travis', 'vance,luke']","['korn,lukas', 'jacobs,owen', 'ellingsworth,coleman', 'marder,nick', 'park,brandon', 'harville,tyler']",928
231,1023,Berry,Hendrix,1,79-73,"33,40","30,49",4-8,6-6,0-2,1-1,01/09/15,8 p.m.,N/A,"Rome, Ga. (Cage Center)",Lose,2,False,300,False,--,"ASSIST  by BARRETT,JORDAN",37,,41 ,,,,"ASSIST  by BARRETT,JORDAN",2,assist,,hendrix,"barrett,jordan",,"['barrett,jordan', 'littlefield,gearen', 'garrett,travis', 'vance,luke']","['korn,lukas', 'jacobs,owen', 'ellingsworth,coleman', 'marder,nick', 'park,brandon', 'harville,tyler']",
232,1023,Berry,Hendrix,1,79-73,"33,40","30,49",4-8,6-6,0-2,1-1,01/09/15,8 p.m.,N/A,"Rome, Ga. (Cage Center)",Lose,2,False,300,False,15:21,"FOUL  by OGLE,JOHN",37,,41 ,,,,"FOUL  by OGLE,JOHN",2,foul,,hendrix,"ogle,john",,"['barrett,jordan', 'littlefield,gearen', 'garrett,travis', 'vance,luke']","['korn,lukas', 'jacobs,owen', 'ellingsworth,coleman', 'marder,nick', 'park,brandon', 'harville,tyler']",921
233,1023,Berry,Hendrix,1,79-73,"33,40","30,49",4-8,6-6,0-2,1-1,01/09/15,8 p.m.,N/A,"Rome, Ga. (Cage Center)",Lose,2,False,300,False,15:21,"SUB IN by LITTLEFIELD,GEAREN",37,,41 ,,,,"SUB IN by LITTLEFIELD,GEAREN",2,subbing in,,hendrix,"littlefield,gearen",,"['barrett,jordan', 'littlefield,gearen', 'garrett,travis', 'vance,luke']","['korn,lukas', 'jacobs,owen', 'ellingsworth,coleman', 'marder,nick', 'park,brandon', 'harville,tyler']",921
234,1023,Berry,Hendrix,1,79-73,"33,40","30,49",4-8,6-6,0-2,1-1,01/09/15,8 p.m.,N/A,"Rome, Ga. (Cage Center)",Lose,2,False,300,False,15:21,"SUB OUT by OGLE,JOHN",37,,41 ,,,,"SUB OUT by OGLE,JOHN",2,subbing out,,hendrix,"ogle,john",,"['barrett,jordan', 'littlefield,gearen', 'garrett,travis', 'vance,luke']","['korn,lukas', 'jacobs,owen', 'ellingsworth,coleman', 'marder,nick', 'park,brandon', 'harville,tyler']",921
235,1023,Berry,Hendrix,1,79-73,"33,40","30,49",4-8,6-6,0-2,1-1,01/09/15,8 p.m.,N/A,"Rome, Ga. (Cage Center)",Lose,2,False,300,False,15:02,,37,,41 ,"MISS LAYUP by JACOBS,OWEN",,,"MISS LAYUP by JACOBS,OWEN",2,layup,missed,berry,"jacobs,owen",,"['barrett,jordan', 'littlefield,gearen', 'garrett,travis', 'vance,luke']","['korn,lukas', 'jacobs,owen', 'ellingsworth,coleman', 'marder,nick', 'park,brandon', 'harville,tyler']",902
236,1023,Berry,Hendrix,1,79-73,"33,40","30,49",4-8,6-6,0-2,1-1,01/09/15,8 p.m.,N/A,"Rome, Ga. (Cage Center)",Lose,2,False,300,False,--,,37,,41 ,"REBOUND OFF by JACOBS,OWEN",,,"REBOUND OFF by JACOBS,OWEN",2,offensive rebound,,berry,"jacobs,owen",,"['barrett,jordan', 'littlefield,gearen', 'garrett,travis', 'vance,luke']","['korn,lukas', 'jacobs,owen', 'ellingsworth,coleman', 'marder,nick', 'park,brandon', 'harville,tyler']",
237,1023,Berry,Hendrix,1,79-73,"33,40","30,49",4-8,6-6,0-2,1-1,01/09/15,8 p.m.,N/A,"Rome, Ga. (Cage Center)",Lose,2,False,300,False,14:59,,37,,41 ,"MISS LAYUP by JACOBS,OWEN",,,"MISS LAYUP by JACOBS,OWEN",2,layup,missed,berry,"jacobs,owen",,"['barrett,jordan', 'littlefield,gearen', 'garrett,travis', 'vance,luke']","['korn,lukas', 'jacobs,owen', 'ellingsworth,coleman', 'marder,nick', 'park,brandon', 'harville,tyler']",899
238,1023,Berry,Hendrix,1,79-73,"33,40","30,49",4-8,6-6,0-2,1-1,01/09/15,8 p.m.,N/A,"Rome, Ga. (Cage Center)",Lose,2,False,300,False,--,"REBOUND DEF by GARRETT,TRAVIS",37,,41 ,,,,"REBOUND DEF by GARRETT,TRAVIS",2,defensive rebound,,hendrix,"garrett,travis",,"['barrett,jordan', 'littlefield,gearen', 'garrett,travis', 'vance,luke']","['korn,lukas', 'jacobs,owen', 'ellingsworth,coleman', 'marder,nick', 'park,brandon', 'harville,tyler']",
239,1023,Berry,Hendrix,1,79-73,"33,40","30,49",4-8,6-6,0-2,1-1,01/09/15,8 p.m.,N/A,"Rome, Ga. (Cage Center)",Lose,2,False,300,False,14:38,,37,,41 ,"FOUL  by CHAYKOWSKY,ZACK",,,"FOUL  by CHAYKOWSKY,ZACK",2,foul,,berry,"chaykowsky,zack",,"['barrett,jordan', 'littlefield,gearen', 'garrett,travis', 'vance,luke']","['korn,lukas', 'jacobs,owen', 'ellingsworth,coleman', 'marder,nick', 'park,brandon', 'harville,tyler']",878
240,1023,Berry,Hendrix,1,79-73,"33,40","30,49",4-8,6-6,0-2,1-1,01/09/15,8 p.m.,N/A,"Rome, Ga. (Cage Center)",Lose,2,False,300,False,14:38,"GOOD FT by LITTLEFIELD,GEAREN",38,,41 ,,HC 38-41 (-3),,"GOOD FT by LITTLEFIELD,GEAREN",2,free throw,good,hendrix,"littlefield,gearen",1,"['barrett,jordan', 'littlefield,gearen', 'garrett,travis', 'vance,luke']","['korn,lukas', 'jacobs,owen', 'ellingsworth,coleman', 'marder,nick', 'park,brandon', 'harville,tyler']",878
241,1023,Berry,Hendrix,1,79-73,"33,40","30,49",4-8,6-6,0-2,1-1,01/09/15,8 p.m.,N/A,"Rome, Ga. (Cage Center)",Lose,2,False,300,False,14:38,"GOOD FT by LITTLEFIELD,GEAREN",39,,41 ,,HC 39-41 (-2),,"GOOD FT by LITTLEFIELD,GEAREN",2,free throw,good,hendrix,"littlefield,gearen",1,"['barrett,jordan', 'littlefield,gearen', 'garrett,travis', 'vance,luke']","['korn,lukas', 'jacobs,owen', 'ellingsworth,coleman', 'marder,nick', 'park,brandon', 'harville,tyler']",878
242,1023,Berry,Hendrix,1,79-73,"33,40","30,49",4-8,6-6,0-2,1-1,01/09/15,8 p.m.,N/A,"Rome, Ga. (Cage Center)",Lose,2,False,300,False,14:30,,39,,41 ,"MISS JUMPER by HARVILLE,TYLER",,,"MISS JUMPER by HARVILLE,TYLER",2,jumper,missed,berry,"harville,tyler",,"['barrett,jordan', 'littlefield,gearen', 'garrett,travis', 'vance,luke']","['korn,lukas', 'jacobs,owen', 'ellingsworth,coleman', 'marder,nick', 'park,brandon', 'harville,tyler']",870
243,1023,Berry,Hendrix,1,79-73,"33,40","30,49",4-8,6-6,0-2,1-1,01/09/15,8 p.m.,N/A,"Rome, Ga. (Cage Center)",Lose,2,False,300,False,--,"REBOUND DEF by LITTLEFIELD,GEAREN",39,,41 ,,,,"REBOUND DEF by LITTLEFIELD,GEAREN",2,defensive rebound,,hendrix,"littlefield,gearen",,"['barrett,jordan', 'littlefield,gearen', 'garrett,travis', 'vance,luke']","['korn,lukas', 'jacobs,owen', 'ellingsworth,coleman', 'marder,nick', 'park,brandon', 'harville,tyler']",
244,1023,Berry,Hendrix,1,79-73,"33,40","30,49",4-8,6-6,0-2,1-1,01/09/15,8 p.m.,N/A,"Rome, Ga. (Cage Center)",Lose,2,False,300,False,14:09,"MISS 3PTR by NIKOLOVSKI,DREW",39,,41 ,,,,"MISS 3PTR by NIKOLOVSKI,DREW",2,three pointer,missed,hendrix,"nikolovski,drew",,"['barrett,jordan', 'littlefield,gearen', 'garrett,travis', 'vance,luke']","['korn,lukas', 'jacobs,owen', 'ellingsworth,coleman', 'marder,nick', 'park,brandon', 'harville,tyler']",849
245,1023,Berry,Hendrix,1,79-73,"33,40","30,49",4-8,6-6,0-2,1-1,01/09/15,8 p.m.,N/A,"Rome, Ga. (Cage Center)",Lose,2,False,300,False,--,,39,,41 ,"REBOUND DEF by MARDER,NICK",,,"REBOUND DEF by MARDER,NICK",2,defensive rebound,,berry,"marder,nick",,"['barrett,jordan', 'littlefield,gearen', 'garrett,travis', 'vance,luke']","['korn,lukas', 'jacobs,owen', 'ellingsworth,coleman', 'marder,nick', 'park,brandon', 'harville,tyler']",
246,1023,Berry,Hendrix,1,79-73,"33,40","30,49",4-8,6-6,0-2,1-1,01/09/15,8 p.m.,N/A,"Rome, Ga. (Cage Center)",Lose,2,False,300,False,14:08,,39,,41 ,"SUB IN by KORN,LUKAS",,,"SUB IN by KORN,LUKAS",2,subbing in,,berry,"korn,lukas",,"['barrett,jordan', 'littlefield,gearen', 'garrett,travis', 'vance,luke']","['korn,lukas', 'jacobs,owen', 'ellingsworth,coleman', 'marder,nick', 'park,brandon', 'harville,tyler']",848
247,1023,Berry,Hendrix,1,79-73,"33,40","30,49",4-8,6-6,0-2,1-1,01/09/15,8 p.m.,N/A,"Rome, Ga. (Cage Center)",Lose,2,False,300,False,14:08,,39,,41 ,"SUB OUT by ELLINGSWORTH,COLEMAN",,,"SUB OUT by ELLINGSWORTH,COLEMAN",2,subbing out,,berry,"ellingsworth,coleman",,"['barrett,jordan', 'littlefield,gearen', 'garrett,travis', 'vance,luke']","['korn,lukas', 'jacobs,owen', 'ellingsworth,coleman', 'marder,nick', 'park,brandon', 'harville,tyler']",848
248,1023,Berry,Hendrix,1,79-73,"33,40","30,49",4-8,6-6,0-2,1-1,01/09/15,8 p.m.,N/A,"Rome, Ga. (Cage Center)",Lose,2,False,300,False,14:02,"FOUL  by ALDOUS,HANK",39,,41 ,,,,"FOUL  by ALDOUS,HANK",2,foul,,hendrix,"aldous,hank",,"['barrett,jordan', 'littlefield,gearen', 'garrett,travis', 'vance,luke']","['korn,lukas', 'jacobs,owen', 'ellingsworth,coleman', 'marder,nick', 'park,brandon', 'harville,tyler']",842
249,1023,Berry,Hendrix,1,79-73,"33,40","30,49",4-8,6-6,0-2,1-1,01/09/15,8 p.m.,N/A,"Rome, Ga. (Cage Center)",Lose,2,False,300,False,14:02,,39,,41 ,"MISS FT by MARDER,NICK",,,"MISS FT by MARDER,NICK",2,free throw,missed,berry,"marder,nick",,"['barrett,jordan', 'littlefield,gearen', 'garrett,travis', 'vance,luke']","['korn,lukas', 'jacobs,owen', 'ellingsworth,coleman', 'marder,nick', 'park,brandon', 'harville,tyler']",842
250,1023,Berry,Hendrix,1,79-73,"33,40","30,49",4-8,6-6,0-2,1-1,01/09/15,8 p.m.,N/A,"Rome, Ga. (Cage Center)",Lose,2,False,300,False,--,,39,,41 ,REBOUND DEADB by TEAM,,,REBOUND DEADB by TEAM,2,deadball rebound,,berry,,,"['barrett,jordan', 'littlefield,gearen', 'garrett,travis', 'vance,luke']","['korn,lukas', 'jacobs,owen', 'ellingsworth,coleman', 'marder,nick', 'park,brandon', 'harville,tyler']",
251,1023,Berry,Hendrix,1,79-73,"33,40","30,49",4-8,6-6,0-2,1-1,01/09/15,8 p.m.,N/A,"Rome, Ga. (Cage Center)",Lose,2,False,300,False,14:02,,39,,42 ,"GOOD FT by MARDER,NICK",BCM 39-42 (-3),,"GOOD FT by MARDER,NICK",2,free throw,good,berry,"marder,nick",1,"['barrett,jordan', 'littlefield,gearen', 'garrett,travis', 'vance,luke']","['korn,lukas', 'jacobs,owen', 'ellingsworth,coleman', 'marder,nick', 'park,brandon', 'harville,tyler']",842
252,1023,Berry,Hendrix,1,79-73,"33,40","30,49",4-8,6-6,0-2,1-1,01/09/15,8 p.m.,N/A,"Rome, Ga. (Cage Center)",Lose,2,False,300,False,14:02,"SUB IN by NIKOLOVSKI,DREW",39,,42 ,,,,"SUB IN by NIKOLOVSKI,DREW",2,subbing in,,hendrix,"nikolovski,drew",,"['barrett,jordan', 'littlefield,gearen', 'garrett,travis', 'vance,luke', 'nikolovski,drew']","['korn,lukas', 'jacobs,owen', 'ellingsworth,coleman', 'marder,nick', 'park,brandon', 'harville,tyler']",842
253,1023,Berry,Hendrix,1,79-73,"33,40","30,49",4-8,6-6,0-2,1-1,01/09/15,8 p.m.,N/A,"Rome, Ga. (Cage Center)",Lose,2,False,300,False,14:02,"SUB OUT by ALDOUS,HANK",39,,42 ,,,,"SUB OUT by ALDOUS,HANK",2,subbing out,,hendrix,"aldous,hank",,"['barrett,jordan', 'littlefield,gearen', 'garrett,travis', 'vance,luke', 'nikolovski,drew']","['korn,lukas', 'jacobs,owen', 'ellingsworth,coleman', 'marder,nick', 'park,brandon', 'harville,tyler']",842
254,1023,Berry,Hendrix,1,79-73,"33,40","30,49",4-8,6-6,0-2,1-1,01/09/15,8 p.m.,N/A,"Rome, Ga. (Cage Center)",Lose,2,False,300,False,13:58,"TURNOVER  by BARRETT,JORDAN",39,,42 ,,,,"TURNOVER  by BARRETT,JORDAN",2,turnover,,hendrix,"barrett,jordan",,"['barrett,jordan', 'littlefield,gearen', 'garrett,travis', 'vance,luke', 'nikolovski,drew']","['korn,lukas', 'jacobs,owen', 'ellingsworth,coleman', 'marder,nick', 'park,brandon', 'harville,tyler']",838
255,1023,Berry,Hendrix,1,79-73,"33,40","30,49",4-8,6-6,0-2,1-1,01/09/15,8 p.m.,N/A,"Rome, Ga. (Cage Center)",Lose,2,False,300,False,13:55,,39,,42 ,"STEAL  by CHAYKOWSKY,ZACK",,,"STEAL  by CHAYKOWSKY,ZACK",2,steal,,berry,,,"['barrett,jordan', 'littlefield,gearen', 'garrett,travis', 'vance,luke', 'nikolovski,drew']","['korn,lukas', 'jacobs,owen', 'ellingsworth,coleman', 'marder,nick', 'park,brandon', 'harville,tyler']",835
256,1023,Berry,Hendrix,1,79-73,"33,40","30,49",4-8,6-6,0-2,1-1,01/09/15,8 p.m.,N/A,"Rome, Ga. (Cage Center)",Lose,2,False,300,False,13:51,,39,,42 ,"MISS LAYUP by CHAYKOWSKY,ZACK",,,"MISS LAYUP by CHAYKOWSKY,ZACK",2,layup,missed,berry,"chaykowsky,zack",,"['barrett,jordan', 'littlefield,gearen', 'garrett,travis', 'vance,luke', 'nikolovski,drew']","['korn,lukas', 'jacobs,owen', 'ellingsworth,coleman', 'marder,nick', 'park,brandon', 'harville,tyler']",831
257,1023,Berry,Hendrix,1,79-73,"33,40","30,49",4-8,6-6,0-2,1-1,01/09/15,8 p.m.,N/A,"Rome, Ga. (Cage Center)",Lose,2,False,300,False,--,,39,,42 ,"REBOUND OFF by HARVILLE,TYLER",,,"REBOUND OFF by HARVILLE,TYLER",2,offensive rebound,,berry,"harville,tyler",,"['barrett,jordan', 'littlefield,gearen', 'garrett,travis', 'vance,luke', 'nikolovski,drew']","['korn,lukas', 'jacobs,owen', 'ellingsworth,coleman', 'marder,nick', 'park,brandon', 'harville,tyler']",
258,1023,Berry,Hendrix,1,79-73,"33,40","30,49",4-8,6-6,0-2,1-1,01/09/15,8 p.m.,N/A,"Rome, Ga. (Cage Center)",Lose,2,False,300,False,13:47,,39,,42 ,"MISS LAYUP by HARVILLE,TYLER",,,"MISS LAYUP by HARVILLE,TYLER",2,layup,missed,berry,"harville,tyler",,"['barrett,jordan', 'littlefield,gearen', 'garrett,travis', 'vance,luke', 'nikolovski,drew']","['korn,lukas', 'jacobs,owen', 'ellingsworth,coleman', 'marder,nick', 'park,brandon', 'harville,tyler']",827
259,1023,Berry,Hendrix,1,79-73,"33,40","30,49",4-8,6-6,0-2,1-1,01/09/15,8 p.m.,N/A,"Rome, Ga. (Cage Center)",Lose,2,False,300,False,--,"REBOUND DEF by BARRETT,JORDAN",39,,42 ,,,,"REBOUND DEF by BARRETT,JORDAN",2,defensive rebound,,hendrix,"barrett,jordan",,"['barrett,jordan', 'littlefield,gearen', 'garrett,travis', 'vance,luke', 'nikolovski,drew']","['korn,lukas', 'jacobs,owen', 'ellingsworth,coleman', 'marder,nick', 'park,brandon', 'harville,tyler']",
260,1023,Berry,Hendrix,1,79-73,"33,40","30,49",4-8,6-6,0-2,1-1,01/09/15,8 p.m.,N/A,"Rome, Ga. (Cage Center)",Lose,2,False,300,False,13:41,,39,,42 ,"FOUL  by CHAYKOWSKY,ZACK",,,"FOUL  by CHAYKOWSKY,ZACK",2,foul,,berry,"chaykowsky,zack",,"['barrett,jordan', 'littlefield,gearen', 'garrett,travis', 'vance,luke', 'nikolovski,drew']","['korn,lukas', 'jacobs,owen', 'ellingsworth,coleman', 'marder,nick', 'park,brandon', 'harville,tyler']",821
261,1023,Berry,Hendrix,1,79-73,"33,40","30,49",4-8,6-6,0-2,1-1,01/09/15,8 p.m.,N/A,"Rome, Ga. (Cage Center)",Lose,2,False,300,False,13:30,,39,,42 ,"FOUL  by KORN,LUKAS",,,"FOUL  by KORN,LUKAS",2,foul,,berry,"korn,lukas",,"['barrett,jordan', 'littlefield,gearen', 'garrett,travis', 'vance,luke', 'nikolovski,drew']","['korn,lukas', 'jacobs,owen', 'ellingsworth,coleman', 'marder,nick', 'park,brandon', 'harville,tyler']",810
262,1023,Berry,Hendrix,1,79-73,"33,40","30,49",4-8,6-6,0-2,1-1,01/09/15,8 p.m.,N/A,"Rome, Ga. (Cage Center)",Lose,2,False,300,False,13:27,"GOOD JUMPER by NIKOLOVSKI,DREW",41,,42 ,,HC 41-42 (-1),,"GOOD JUMPER by NIKOLOVSKI,DREW",2,jumper,good,hendrix,"nikolovski,drew",2,"['barrett,jordan', 'littlefield,gearen', 'garrett,travis', 'vance,luke', 'nikolovski,drew']","['korn,lukas', 'jacobs,owen', 'ellingsworth,coleman', 'marder,nick', 'park,brandon', 'harville,tyler']",807
263,1023,Berry,Hendrix,1,79-73,"33,40","30,49",4-8,6-6,0-2,1-1,01/09/15,8 p.m.,N/A,"Rome, Ga. (Cage Center)",Lose,2,False,300,False,--,"ASSIST  by BARRETT,JORDAN",41,,42 ,,,,"ASSIST  by BARRETT,JORDAN",2,assist,,hendrix,"barrett,jordan",,"['barrett,jordan', 'littlefield,gearen', 'garrett,travis', 'vance,luke', 'nikolovski,drew']","['korn,lukas', 'jacobs,owen', 'ellingsworth,coleman', 'marder,nick', 'park,brandon', 'harville,tyler']",
264,1023,Berry,Hendrix,1,79-73,"33,40","30,49",4-8,6-6,0-2,1-1,01/09/15,8 p.m.,N/A,"Rome, Ga. (Cage Center)",Lose,2,False,300,False,13:10,"FOUL  by GARRETT,TRAVIS",41,,42 ,,,,"FOUL  by GARRETT,TRAVIS",2,foul,,hendrix,"garrett,travis",,"['barrett,jordan', 'littlefield,gearen', 'garrett,travis', 'vance,luke', 'nikolovski,drew']","['korn,lukas', 'jacobs,owen', 'ellingsworth,coleman', 'marder,nick', 'park,brandon', 'harville,tyler']",790
265,1023,Berry,Hendrix,1,79-73,"33,40","30,49",4-8,6-6,0-2,1-1,01/09/15,8 p.m.,N/A,"Rome, Ga. (Cage Center)",Lose,2,False,300,False,13:10,,41,,42 ,"MISS FT by CHAYKOWSKY,ZACK",,,"MISS FT by CHAYKOWSKY,ZACK",2,free throw,missed,berry,"chaykowsky,zack",,"['barrett,jordan', 'littlefield,gearen', 'garrett,travis', 'vance,luke', 'nikolovski,drew']","['korn,lukas', 'jacobs,owen', 'ellingsworth,coleman', 'marder,nick', 'park,brandon', 'harville,tyler']",790
266,1023,Berry,Hendrix,1,79-73,"33,40","30,49",4-8,6-6,0-2,1-1,01/09/15,8 p.m.,N/A,"Rome, Ga. (Cage Center)",Lose,2,False,300,False,--,"REBOUND DEF by GARRETT,TRAVIS",41,,42 ,,,,"REBOUND DEF by GARRETT,TRAVIS",2,defensive rebound,,hendrix,"garrett,travis",,"['barrett,jordan', 'littlefield,gearen', 'garrett,travis', 'vance,luke', 'nikolovski,drew']","['korn,lukas', 'jacobs,owen', 'ellingsworth,coleman', 'marder,nick', 'park,brandon', 'harville,tyler']",
267,1023,Berry,Hendrix,1,79-73,"33,40","30,49",4-8,6-6,0-2,1-1,01/09/15,8 p.m.,N/A,"Rome, Ga. (Cage Center)",Lose,2,False,300,False,12:57,"GOOD LAYUP by VANCE,LUKE(in the paint)",43 ,,42,,HC 43-42 (+1),,"GOOD LAYUP by VANCE,LUKE(in the paint)",2,layup,good,hendrix,"vance,luke",2,"['barrett,jordan', 'littlefield,gearen', 'garrett,travis', 'vance,luke', 'nikolovski,drew']","['korn,lukas', 'jacobs,owen', 'ellingsworth,coleman', 'marder,nick', 'park,brandon', 'harville,tyler']",777
268,1023,Berry,Hendrix,1,79-73,"33,40","30,49",4-8,6-6,0-2,1-1,01/09/15,8 p.m.,N/A,"Rome, Ga. (Cage Center)",Lose,2,False,300,False,--,"ASSIST  by NIKOLOVSKI,DREW",43 ,,42,,,,"ASSIST  by NIKOLOVSKI,DREW",2,assist,,hendrix,"nikolovski,drew",,"['barrett,jordan', 'littlefield,gearen', 'garrett,travis', 'vance,luke', 'nikolovski,drew']","['korn,lukas', 'jacobs,owen', 'ellingsworth,coleman', 'marder,nick', 'park,brandon', 'harville,tyler']",
269,1023,Berry,Hendrix,1,79-73,"33,40","30,49",4-8,6-6,0-2,1-1,01/09/15,8 p.m.,N/A,"Rome, Ga. (Cage Center)",Lose,2,False,300,False,12:46,,43,,45 ,"GOOD 3PTR by HARVILLE,TYLER",BCM 43-45 (-2),,"GOOD 3PTR by HARVILLE,TYLER",2,three pointer,good,berry,"harville,tyler",3,"['barrett,jordan', 'littlefield,gearen', 'garrett,travis', 'vance,luke', 'nikolovski,drew']","['korn,lukas', 'jacobs,owen', 'ellingsworth,coleman', 'marder,nick', 'park,brandon', 'harville,tyler']",766
270,1023,Berry,Hendrix,1,79-73,"33,40","30,49",4-8,6-6,0-2,1-1,01/09/15,8 p.m.,N/A,"Rome, Ga. (Cage Center)",Lose,2,False,300,False,12:24,,43,,45 ,"FOUL  by KORN,LUKAS",,,"FOUL  by KORN,LUKAS",2,foul,,berry,"korn,lukas",,"['barrett,jordan', 'littlefield,gearen', 'garrett,travis', 'vance,luke', 'nikolovski,drew']","['korn,lukas', 'jacobs,owen', 'ellingsworth,coleman', 'marder,nick', 'park,brandon', 'harville,tyler']",744
271,1023,Berry,Hendrix,1,79-73,"33,40","30,49",4-8,6-6,0-2,1-1,01/09/15,8 p.m.,N/A,"Rome, Ga. (Cage Center)",Lose,2,False,300,False,12:24,"MISS FT by VANCE,LUKE",43,,45 ,,,,"MISS FT by VANCE,LUKE",2,free throw,missed,hendrix,"vance,luke",,"['barrett,jordan', 'littlefield,gearen', 'garrett,travis', 'vance,luke', 'nikolovski,drew']","['korn,lukas', 'jacobs,owen', 'ellingsworth,coleman', 'marder,nick', 'park,brandon', 'harville,tyler']",744
272,1023,Berry,Hendrix,1,79-73,"33,40","30,49",4-8,6-6,0-2,1-1,01/09/15,8 p.m.,N/A,"Rome, Ga. (Cage Center)",Lose,2,False,300,False,--,REBOUND DEADB by TEAM,43,,45 ,,,,REBOUND DEADB by TEAM,2,deadball rebound,,hendrix,,,"['barrett,jordan', 'littlefield,gearen', 'garrett,travis', 'vance,luke', 'nikolovski,drew']","['korn,lukas', 'jacobs,owen', 'ellingsworth,coleman', 'marder,nick', 'park,brandon', 'harville,tyler']",
273,1023,Berry,Hendrix,1,79-73,"33,40","30,49",4-8,6-6,0-2,1-1,01/09/15,8 p.m.,N/A,"Rome, Ga. (Cage Center)",Lose,2,False,300,False,12:24,"MISS FT by VANCE,LUKE",43,,45 ,,,,"MISS FT by VANCE,LUKE",2,free throw,missed,hendrix,"vance,luke",,"['barrett,jordan', 'littlefield,gearen', 'garrett,travis', 'vance,luke', 'nikolovski,drew']","['korn,lukas', 'jacobs,owen', 'ellingsworth,coleman', 'marder,nick', 'park,brandon', 'harville,tyler']",744
274,1023,Berry,Hendrix,1,79-73,"33,40","30,49",4-8,6-6,0-2,1-1,01/09/15,8 p.m.,N/A,"Rome, Ga. (Cage Center)",Lose,2,False,300,False,--,,43,,45 ,"REBOUND DEF by JACOBS,OWEN",,,"REBOUND DEF by JACOBS,OWEN",2,defensive rebound,,berry,"jacobs,owen",,"['barrett,jordan', 'littlefield,gearen', 'garrett,travis', 'vance,luke', 'nikolovski,drew']","['korn,lukas', 'jacobs,owen', 'ellingsworth,coleman', 'marder,nick', 'park,brandon', 'harville,tyler']",
275,1023,Berry,Hendrix,1,79-73,"33,40","30,49",4-8,6-6,0-2,1-1,01/09/15,8 p.m.,N/A,"Rome, Ga. (Cage Center)",Lose,2,False,300,False,12:24,,43,,45 ,"SUB IN by ELLINGSWORTH,COLEMAN",,,"SUB IN by ELLINGSWORTH,COLEMAN",2,subbing in,,berry,"ellingsworth,coleman",,"['barrett,jordan', 'littlefield,gearen', 'garrett,travis', 'vance,luke', 'nikolovski,drew']","['korn,lukas', 'jacobs,owen', 'ellingsworth,coleman', 'marder,nick', 'park,brandon', 'harville,tyler']",744
276,1023,Berry,Hendrix,1,79-73,"33,40","30,49",4-8,6-6,0-2,1-1,01/09/15,8 p.m.,N/A,"Rome, Ga. (Cage Center)",Lose,2,False,300,False,12:24,,43,,45 ,"SUB OUT by KORN,LUKAS",,,"SUB OUT by KORN,LUKAS",2,subbing out,,berry,"korn,lukas",,"['barrett,jordan', 'littlefield,gearen', 'garrett,travis', 'vance,luke', 'nikolovski,drew']","['jacobs,owen', 'ellingsworth,coleman', 'marder,nick', 'park,brandon', 'harville,tyler']",744
277,1023,Berry,Hendrix,1,79-73,"33,40","30,49",4-8,6-6,0-2,1-1,01/09/15,8 p.m.,N/A,"Rome, Ga. (Cage Center)",Lose,2,False,300,False,12:13,,43,,48 ,"GOOD 3PTR by MARDER,NICK",BCM 43-48 (-5),,"GOOD 3PTR by MARDER,NICK",2,three pointer,good,berry,"marder,nick",3,"['barrett,jordan', 'littlefield,gearen', 'garrett,travis', 'vance,luke', 'nikolovski,drew']","['jacobs,owen', 'ellingsworth,coleman', 'marder,nick', 'park,brandon', 'harville,tyler']",733
278,1023,Berry,Hendrix,1,79-73,"33,40","30,49",4-8,6-6,0-2,1-1,01/09/15,8 p.m.,N/A,"Rome, Ga. (Cage Center)",Lose,2,False,300,False,11:39,"GOOD 3PTR by NIKOLOVSKI,DREW",46,,48 ,,HC 46-48 (-2),,"GOOD 3PTR by NIKOLOVSKI,DREW",2,three pointer,good,hendrix,"nikolovski,drew",3,"['barrett,jordan', 'littlefield,gearen', 'garrett,travis', 'vance,luke', 'nikolovski,drew']","['jacobs,owen', 'ellingsworth,coleman', 'marder,nick', 'park,brandon', 'harville,tyler']",699
279,1023,Berry,Hendrix,1,79-73,"33,40","30,49",4-8,6-6,0-2,1-1,01/09/15,8 p.m.,N/A,"Rome, Ga. (Cage Center)",Lose,2,False,300,False,--,"ASSIST  by GARRETT,TRAVIS",46,,48 ,,,,"ASSIST  by GARRETT,TRAVIS",2,assist,,hendrix,"garrett,travis",,"['barrett,jordan', 'littlefield,gearen', 'garrett,travis', 'vance,luke', 'nikolovski,drew']","['jacobs,owen', 'ellingsworth,coleman', 'marder,nick', 'park,brandon', 'harville,tyler']",
280,1023,Berry,Hendrix,1,79-73,"33,40","30,49",4-8,6-6,0-2,1-1,01/09/15,8 p.m.,N/A,"Rome, Ga. (Cage Center)",Lose,2,False,300,False,11:24,,46,,50 ,"GOOD LAYUP by MARDER,NICK(in the paint)",BCM 46-50 (-4),,"GOOD LAYUP by MARDER,NICK(in the paint)",2,layup,good,berry,"marder,nick",2,"['barrett,jordan', 'littlefield,gearen', 'garrett,travis', 'vance,luke', 'nikolovski,drew']","['jacobs,owen', 'ellingsworth,coleman', 'marder,nick', 'park,brandon', 'harville,tyler']",684
281,1023,Berry,Hendrix,1,79-73,"33,40","30,49",4-8,6-6,0-2,1-1,01/09/15,8 p.m.,N/A,"Rome, Ga. (Cage Center)",Lose,2,False,300,False,11:22,,46,,50 ,TIMEOUT 30SEC by TEAM,,,TIMEOUT 30SEC by TEAM,2,timeout,,berry,,,"['barrett,jordan', 'littlefield,gearen', 'garrett,travis', 'vance,luke', 'nikolovski,drew']","['jacobs,owen', 'ellingsworth,coleman', 'marder,nick', 'park,brandon', 'harville,tyler']",682
282,1023,Berry,Hendrix,1,79-73,"33,40","30,49",4-8,6-6,0-2,1-1,01/09/15,8 p.m.,N/A,"Rome, Ga. (Cage Center)",Lose,2,False,300,False,11:22,,46,,50 ,"SUB IN by MCCLOUD,LEE",,,"SUB IN by MCCLOUD,LEE",2,subbing in,,berry,"mccloud,lee",,"['barrett,jordan', 'littlefield,gearen', 'garrett,travis', 'vance,luke', 'nikolovski,drew']","['jacobs,owen', 'ellingsworth,coleman', 'marder,nick', 'park,brandon', 'harville,tyler', 'mccloud,lee']",682
283,1023,Berry,Hendrix,1,79-73,"33,40","30,49",4-8,6-6,0-2,1-1,01/09/15,8 p.m.,N/A,"Rome, Ga. (Cage Center)",Lose,2,False,300,False,11:22,,46,,50 ,"SUB OUT by CHAYKOWSKY,ZACK",,,"SUB OUT by CHAYKOWSKY,ZACK",2,subbing out,,berry,"chaykowsky,zack",,"['barrett,jordan', 'littlefield,gearen', 'garrett,travis', 'vance,luke', 'nikolovski,drew']","['jacobs,owen', 'ellingsworth,coleman', 'marder,nick', 'park,brandon', 'harville,tyler', 'mccloud,lee']",682
284,1023,Berry,Hendrix,1,79-73,"33,40","30,49",4-8,6-6,0-2,1-1,01/09/15,8 p.m.,N/A,"Rome, Ga. (Cage Center)",Lose,2,False,300,False,11:15,"GOOD 3PTR by GARRETT,TRAVIS",49,,50 ,,HC 49-50 (-1),,"GOOD 3PTR by GARRETT,TRAVIS",2,three pointer,good,hendrix,"garrett,travis",3,"['barrett,jordan', 'littlefield,gearen', 'garrett,travis', 'vance,luke', 'nikolovski,drew']","['jacobs,owen', 'ellingsworth,coleman', 'marder,nick', 'park,brandon', 'harville,tyler', 'mccloud,lee']",675
285,1023,Berry,Hendrix,1,79-73,"33,40","30,49",4-8,6-6,0-2,1-1,01/09/15,8 p.m.,N/A,"Rome, Ga. (Cage Center)",Lose,2,False,300,False,--,"ASSIST  by BARRETT,JORDAN",49,,50 ,,,,"ASSIST  by BARRETT,JORDAN",2,assist,,hendrix,"barrett,jordan",,"['barrett,jordan', 'littlefield,gearen', 'garrett,travis', 'vance,luke', 'nikolovski,drew']","['jacobs,owen', 'ellingsworth,coleman', 'marder,nick', 'park,brandon', 'harville,tyler', 'mccloud,lee']",
286,1023,Berry,Hendrix,1,79-73,"33,40","30,49",4-8,6-6,0-2,1-1,01/09/15,8 p.m.,N/A,"Rome, Ga. (Cage Center)",Lose,2,False,300,False,11:01,,49,,53 ,"GOOD 3PTR by HARVILLE,TYLER",BCM 49-53 (-4),,"GOOD 3PTR by HARVILLE,TYLER",2,three pointer,good,berry,"harville,tyler",3,"['barrett,jordan', 'littlefield,gearen', 'garrett,travis', 'vance,luke', 'nikolovski,drew']","['jacobs,owen', 'ellingsworth,coleman', 'marder,nick', 'park,brandon', 'harville,tyler', 'mccloud,lee']",661
287,1023,Berry,Hendrix,1,79-73,"33,40","30,49",4-8,6-6,0-2,1-1,01/09/15,8 p.m.,N/A,"Rome, Ga. (Cage Center)",Lose,2,False,300,False,10:51,,49,,53 ,"FOUL  by MARDER,NICK",,,"FOUL  by MARDER,NICK",2,foul,,berry,"marder,nick",,"['barrett,jordan', 'littlefield,gearen', 'garrett,travis', 'vance,luke', 'nikolovski,drew']","['jacobs,owen', 'ellingsworth,coleman', 'marder,nick', 'park,brandon', 'harville,tyler', 'mccloud,lee']",651
288,1023,Berry,Hendrix,1,79-73,"33,40","30,49",4-8,6-6,0-2,1-1,01/09/15,8 p.m.,N/A,"Rome, Ga. (Cage Center)",Lose,2,False,300,False,10:51,"GOOD FT by BARRETT,JORDAN",50,,53 ,,HC 50-53 (-3),,"GOOD FT by BARRETT,JORDAN",2,free throw,good,hendrix,"barrett,jordan",1,"['barrett,jordan', 'littlefield,gearen', 'garrett,travis', 'vance,luke', 'nikolovski,drew']","['jacobs,owen', 'ellingsworth,coleman', 'marder,nick', 'park,brandon', 'harville,tyler', 'mccloud,lee']",651
289,1023,Berry,Hendrix,1,79-73,"33,40","30,49",4-8,6-6,0-2,1-1,01/09/15,8 p.m.,N/A,"Rome, Ga. (Cage Center)",Lose,2,False,300,False,10:51,"GOOD FT by BARRETT,JORDAN",51,,53 ,,HC 51-53 (-2),,"GOOD FT by BARRETT,JORDAN",2,free throw,good,hendrix,"barrett,jordan",1,"['barrett,jordan', 'littlefield,gearen', 'garrett,travis', 'vance,luke', 'nikolovski,drew']","['jacobs,owen', 'ellingsworth,coleman', 'marder,nick', 'park,brandon', 'harville,tyler', 'mccloud,lee']",651
290,1023,Berry,Hendrix,1,79-73,"33,40","30,49",4-8,6-6,0-2,1-1,01/09/15,8 p.m.,N/A,"Rome, Ga. (Cage Center)",Lose,2,False,300,False,10:51,,51,,53 ,"SUB IN by CHAYKOWSKY,ZACK",,,"SUB IN by CHAYKOWSKY,ZACK",2,subbing in,,berry,"chaykowsky,zack",,"['barrett,jordan', 'littlefield,gearen', 'garrett,travis', 'vance,luke', 'nikolovski,drew']","['jacobs,owen', 'ellingsworth,coleman', 'marder,nick', 'park,brandon', 'harville,tyler', 'mccloud,lee']",651
291,1023,Berry,Hendrix,1,79-73,"33,40","30,49",4-8,6-6,0-2,1-1,01/09/15,8 p.m.,N/A,"Rome, Ga. (Cage Center)",Lose,2,False,300,False,10:51,,51,,53 ,"SUB OUT by MARDER,NICK",,,"SUB OUT by MARDER,NICK",2,subbing out,,berry,"marder,nick",,"['barrett,jordan', 'littlefield,gearen', 'garrett,travis', 'vance,luke', 'nikolovski,drew']","['jacobs,owen', 'ellingsworth,coleman', 'park,brandon', 'harville,tyler', 'mccloud,lee']",651
292,1023,Berry,Hendrix,1,79-73,"33,40","30,49",4-8,6-6,0-2,1-1,01/09/15,8 p.m.,N/A,"Rome, Ga. (Cage Center)",Lose,2,False,300,False,10:32,,51,,56 ,"GOOD 3PTR by CHAYKOWSKY,ZACK",BCM 51-56 (-5),,"GOOD 3PTR by CHAYKOWSKY,ZACK",2,three pointer,good,berry,"chaykowsky,zack",3,"['barrett,jordan', 'littlefield,gearen', 'garrett,travis', 'vance,luke', 'nikolovski,drew']","['jacobs,owen', 'ellingsworth,coleman', 'park,brandon', 'harville,tyler', 'mccloud,lee']",632
293,1023,Berry,Hendrix,1,79-73,"33,40","30,49",4-8,6-6,0-2,1-1,01/09/15,8 p.m.,N/A,"Rome, Ga. (Cage Center)",Lose,2,False,300,False,--,,51,,56 ,"ASSIST  by HARVILLE,TYLER",,,"ASSIST  by HARVILLE,TYLER",2,assist,,berry,"harville,tyler",,"['barrett,jordan', 'littlefield,gearen', 'garrett,travis', 'vance,luke', 'nikolovski,drew']","['jacobs,owen', 'ellingsworth,coleman', 'park,brandon', 'harville,tyler', 'mccloud,lee']",
294,1023,Berry,Hendrix,1,79-73,"33,40","30,49",4-8,6-6,0-2,1-1,01/09/15,8 p.m.,N/A,"Rome, Ga. (Cage Center)",Lose,2,False,300,False,10:16,"GOOD LAYUP by BARRETT,JORDAN(in the paint)",53,,56 ,,HC 53-56 (-3),,"GOOD LAYUP by BARRETT,JORDAN(in the paint)",2,layup,good,hendrix,"barrett,jordan",2,"['barrett,jordan', 'littlefield,gearen', 'garrett,travis', 'vance,luke', 'nikolovski,drew']","['jacobs,owen', 'ellingsworth,coleman', 'park,brandon', 'harville,tyler', 'mccloud,lee']",616
295,1023,Berry,Hendrix,1,79-73,"33,40","30,49",4-8,6-6,0-2,1-1,01/09/15,8 p.m.,N/A,"Rome, Ga. (Cage Center)",Lose,2,False,300,False,09:58,,53,,56 ,"MISS 3PTR by HARVILLE,TYLER",,,"MISS 3PTR by HARVILLE,TYLER",2,three pointer,missed,berry,"harville,tyler",,"['barrett,jordan', 'littlefield,gearen', 'garrett,travis', 'vance,luke', 'nikolovski,drew']","['jacobs,owen', 'ellingsworth,coleman', 'park,brandon', 'harville,tyler', 'mccloud,lee']",598
296,1023,Berry,Hendrix,1,79-73,"33,40","30,49",4-8,6-6,0-2,1-1,01/09/15,8 p.m.,N/A,"Rome, Ga. (Cage Center)",Lose,2,False,300,False,--,REBOUND DEF by TEAM,53,,56 ,,,,REBOUND DEF by TEAM,2,defensive rebound,,hendrix,,,"['barrett,jordan', 'littlefield,gearen', 'garrett,travis', 'vance,luke', 'nikolovski,drew']","['jacobs,owen', 'ellingsworth,coleman', 'park,brandon', 'harville,tyler', 'mccloud,lee']",
297,1023,Berry,Hendrix,1,79-73,"33,40","30,49",4-8,6-6,0-2,1-1,01/09/15,8 p.m.,N/A,"Rome, Ga. (Cage Center)",Lose,2,False,300,False,09:31,"TURNOVER  by BARRETT,JORDAN",53,,56 ,,,,"TURNOVER  by BARRETT,JORDAN",2,turnover,,hendrix,"barrett,jordan",,"['barrett,jordan', 'littlefield,gearen', 'garrett,travis', 'vance,luke', 'nikolovski,drew']","['jacobs,owen', 'ellingsworth,coleman', 'park,brandon', 'harville,tyler', 'mccloud,lee']",571
298,1023,Berry,Hendrix,1,79-73,"33,40","30,49",4-8,6-6,0-2,1-1,01/09/15,8 p.m.,N/A,"Rome, Ga. (Cage Center)",Lose,2,False,300,False,09:18,,53,,56 ,"MISS LAYUP by JACOBS,OWEN",,,"MISS LAYUP by JACOBS,OWEN",2,layup,missed,berry,"jacobs,owen",,"['barrett,jordan', 'littlefield,gearen', 'garrett,travis', 'vance,luke', 'nikolovski,drew']","['jacobs,owen', 'ellingsworth,coleman', 'park,brandon', 'harville,tyler', 'mccloud,lee']",558
299,1023,Berry,Hendrix,1,79-73,"33,40","30,49",4-8,6-6,0-2,1-1,01/09/15,8 p.m.,N/A,"Rome, Ga. (Cage Center)",Lose,2,False,300,False,--,"REBOUND DEF by VANCE,LUKE",53,,56 ,,,,"REBOUND DEF by VANCE,LUKE",2,defensive rebound,,hendrix,"vance,luke",,"['barrett,jordan', 'littlefield,gearen', 'garrett,travis', 'vance,luke', 'nikolovski,drew']","['jacobs,owen', 'ellingsworth,coleman', 'park,brandon', 'harville,tyler', 'mccloud,lee']",
300,1023,Berry,Hendrix,1,79-73,"33,40","30,49",4-8,6-6,0-2,1-1,01/09/15,8 p.m.,N/A,"Rome, Ga. (Cage Center)",Lose,2,False,300,False,09:08,TIMEOUT TEAM by TEAM,53,,56 ,,,,TIMEOUT TEAM by TEAM,2,timeout,,hendrix,,,"['barrett,jordan', 'littlefield,gearen', 'garrett,travis', 'vance,luke', 'nikolovski,drew']","['jacobs,owen', 'ellingsworth,coleman', 'park,brandon', 'harville,tyler', 'mccloud,lee']",548
301,1023,Berry,Hendrix,1,79-73,"33,40","30,49",4-8,6-6,0-2,1-1,01/09/15,8 p.m.,N/A,"Rome, Ga. (Cage Center)",Lose,2,False,300,False,08:49,,53,,56 ,"FOUL  by ELLINGSWORTH,COLEMAN",,,"FOUL  by ELLINGSWORTH,COLEMAN",2,foul,,berry,"ellingsworth,coleman",,"['barrett,jordan', 'littlefield,gearen', 'garrett,travis', 'vance,luke', 'nikolovski,drew']","['jacobs,owen', 'ellingsworth,coleman', 'park,brandon', 'harville,tyler', 'mccloud,lee']",529
302,1023,Berry,Hendrix,1,79-73,"33,40","30,49",4-8,6-6,0-2,1-1,01/09/15,8 p.m.,N/A,"Rome, Ga. (Cage Center)",Lose,2,False,300,False,08:48,"GOOD FT by VANCE,LUKE",54,,56 ,,HC 54-56 (-2),,"GOOD FT by VANCE,LUKE",2,free throw,good,hendrix,"vance,luke",1,"['barrett,jordan', 'littlefield,gearen', 'garrett,travis', 'vance,luke', 'nikolovski,drew']","['jacobs,owen', 'ellingsworth,coleman', 'park,brandon', 'harville,tyler', 'mccloud,lee']",528
303,1023,Berry,Hendrix,1,79-73,"33,40","30,49",4-8,6-6,0-2,1-1,01/09/15,8 p.m.,N/A,"Rome, Ga. (Cage Center)",Lose,2,False,300,False,08:48,"MISS FT by VANCE,LUKE",54,,56 ,,,,"MISS FT by VANCE,LUKE",2,free throw,missed,hendrix,"vance,luke",,"['barrett,jordan', 'littlefield,gearen', 'garrett,travis', 'vance,luke', 'nikolovski,drew']","['jacobs,owen', 'ellingsworth,coleman', 'park,brandon', 'harville,tyler', 'mccloud,lee']",528
304,1023,Berry,Hendrix,1,79-73,"33,40","30,49",4-8,6-6,0-2,1-1,01/09/15,8 p.m.,N/A,"Rome, Ga. (Cage Center)",Lose,2,False,300,False,--,,54,,56 ,"REBOUND DEF by JACOBS,OWEN",,,"REBOUND DEF by JACOBS,OWEN",2,defensive rebound,,berry,"jacobs,owen",,"['barrett,jordan', 'littlefield,gearen', 'garrett,travis', 'vance,luke', 'nikolovski,drew']","['jacobs,owen', 'ellingsworth,coleman', 'park,brandon', 'harville,tyler', 'mccloud,lee']",
305,1023,Berry,Hendrix,1,79-73,"33,40","30,49",4-8,6-6,0-2,1-1,01/09/15,8 p.m.,N/A,"Rome, Ga. (Cage Center)",Lose,2,False,300,False,08:48,,54,,56 ,"SUB IN by KORN,LUKAS",,,"SUB IN by KORN,LUKAS",2,subbing in,,berry,"korn,lukas",,"['barrett,jordan', 'littlefield,gearen', 'garrett,travis', 'vance,luke', 'nikolovski,drew']","['jacobs,owen', 'ellingsworth,coleman', 'park,brandon', 'harville,tyler', 'mccloud,lee', 'korn,lukas']",528
306,1023,Berry,Hendrix,1,79-73,"33,40","30,49",4-8,6-6,0-2,1-1,01/09/15,8 p.m.,N/A,"Rome, Ga. (Cage Center)",Lose,2,False,300,False,08:48,,54,,56 ,"SUB OUT by ELLINGSWORTH,COLEMAN",,,"SUB OUT by ELLINGSWORTH,COLEMAN",2,subbing out,,berry,"ellingsworth,coleman",,"['barrett,jordan', 'littlefield,gearen', 'garrett,travis', 'vance,luke', 'nikolovski,drew']","['jacobs,owen', 'park,brandon', 'harville,tyler', 'mccloud,lee', 'korn,lukas']",528
307,1023,Berry,Hendrix,1,79-73,"33,40","30,49",4-8,6-6,0-2,1-1,01/09/15,8 p.m.,N/A,"Rome, Ga. (Cage Center)",Lose,2,False,300,False,08:33,,54,,56 ,"MISS 3PTR by MCCLOUD,LEE",,,"MISS 3PTR by MCCLOUD,LEE",2,three pointer,missed,berry,"mccloud,lee",,"['barrett,jordan', 'littlefield,gearen', 'garrett,travis', 'vance,luke', 'nikolovski,drew']","['jacobs,owen', 'park,brandon', 'harville,tyler', 'mccloud,lee', 'korn,lukas']",513
308,1023,Berry,Hendrix,1,79-73,"33,40","30,49",4-8,6-6,0-2,1-1,01/09/15,8 p.m.,N/A,"Rome, Ga. (Cage Center)",Lose,2,False,300,False,--,REBOUND DEF by TEAM,54,,56 ,,,,REBOUND DEF by TEAM,2,defensive rebound,,hendrix,,,"['barrett,jordan', 'littlefield,gearen', 'garrett,travis', 'vance,luke', 'nikolovski,drew']","['jacobs,owen', 'park,brandon', 'harville,tyler', 'mccloud,lee', 'korn,lukas']",
309,1023,Berry,Hendrix,1,79-73,"33,40","30,49",4-8,6-6,0-2,1-1,01/09/15,8 p.m.,N/A,"Rome, Ga. (Cage Center)",Lose,2,False,300,False,08:30,"SUB IN by ALDOUS,HANK",54,,56 ,,,,"SUB IN by ALDOUS,HANK",2,subbing in,,hendrix,"aldous,hank",,"['barrett,jordan', 'littlefield,gearen', 'garrett,travis', 'vance,luke', 'nikolovski,drew', 'aldous,hank']","['jacobs,owen', 'park,brandon', 'harville,tyler', 'mccloud,lee', 'korn,lukas']",510
310,1023,Berry,Hendrix,1,79-73,"33,40","30,49",4-8,6-6,0-2,1-1,01/09/15,8 p.m.,N/A,"Rome, Ga. (Cage Center)",Lose,2,False,300,False,08:30,"SUB OUT by NIKOLOVSKI,DREW",54,,56 ,,,,"SUB OUT by NIKOLOVSKI,DREW",2,subbing out,,hendrix,"nikolovski,drew",,"['barrett,jordan', 'littlefield,gearen', 'garrett,travis', 'vance,luke', 'aldous,hank']","['jacobs,owen', 'park,brandon', 'harville,tyler', 'mccloud,lee', 'korn,lukas']",510
311,1023,Berry,Hendrix,1,79-73,"33,40","30,49",4-8,6-6,0-2,1-1,01/09/15,8 p.m.,N/A,"Rome, Ga. (Cage Center)",Lose,2,False,300,False,08:30,,54,,56 ,"SUB IN by MARDER,NICK",,,"SUB IN by MARDER,NICK",2,subbing in,,berry,"marder,nick",,"['barrett,jordan', 'littlefield,gearen', 'garrett,travis', 'vance,luke', 'aldous,hank']","['jacobs,owen', 'park,brandon', 'harville,tyler', 'mccloud,lee', 'korn,lukas', 'marder,nick']",510
312,1023,Berry,Hendrix,1,79-73,"33,40","30,49",4-8,6-6,0-2,1-1,01/09/15,8 p.m.,N/A,"Rome, Ga. (Cage Center)",Lose,2,False,300,False,08:30,,54,,56 ,"SUB OUT by CHAYKOWSKY,ZACK",,,"SUB OUT by CHAYKOWSKY,ZACK",2,subbing out,,berry,"chaykowsky,zack",,"['barrett,jordan', 'littlefield,gearen', 'garrett,travis', 'vance,luke', 'aldous,hank']","['jacobs,owen', 'park,brandon', 'harville,tyler', 'mccloud,lee', 'korn,lukas', 'marder,nick']",510
313,1023,Berry,Hendrix,1,79-73,"33,40","30,49",4-8,6-6,0-2,1-1,01/09/15,8 p.m.,N/A,"Rome, Ga. (Cage Center)",Lose,2,False,300,False,07:57,"GOOD LAYUP by VANCE,LUKE(in the paint)",56,,56,,HC 56-56 (0),,"GOOD LAYUP by VANCE,LUKE(in the paint)",2,layup,good,hendrix,"vance,luke",2,"['barrett,jordan', 'littlefield,gearen', 'garrett,travis', 'vance,luke', 'aldous,hank']","['jacobs,owen', 'park,brandon', 'harville,tyler', 'mccloud,lee', 'korn,lukas', 'marder,nick']",477
314,1023,Berry,Hendrix,1,79-73,"33,40","30,49",4-8,6-6,0-2,1-1,01/09/15,8 p.m.,N/A,"Rome, Ga. (Cage Center)",Lose,2,False,300,False,--,"ASSIST  by ALDOUS,HANK",56,,56,,,,"ASSIST  by ALDOUS,HANK",2,assist,,hendrix,"aldous,hank",,"['barrett,jordan', 'littlefield,gearen', 'garrett,travis', 'vance,luke', 'aldous,hank']","['jacobs,owen', 'park,brandon', 'harville,tyler', 'mccloud,lee', 'korn,lukas', 'marder,nick']",
315,1023,Berry,Hendrix,1,79-73,"33,40","30,49",4-8,6-6,0-2,1-1,01/09/15,8 p.m.,N/A,"Rome, Ga. (Cage Center)",Lose,2,False,300,False,07:38,,56,,58 ,"GOOD LAYUP by JACOBS,OWEN(in the paint)",BCM 56-58 (-2),,"GOOD LAYUP by JACOBS,OWEN(in the paint)",2,layup,good,berry,"jacobs,owen",2,"['barrett,jordan', 'littlefield,gearen', 'garrett,travis', 'vance,luke', 'aldous,hank']","['jacobs,owen', 'park,brandon', 'harville,tyler', 'mccloud,lee', 'korn,lukas', 'marder,nick']",458
316,1023,Berry,Hendrix,1,79-73,"33,40","30,49",4-8,6-6,0-2,1-1,01/09/15,8 p.m.,N/A,"Rome, Ga. (Cage Center)",Lose,2,False,300,False,07:38,"FOUL  by LITTLEFIELD,GEAREN",56,,58 ,,,,"FOUL  by LITTLEFIELD,GEAREN",2,foul,,hendrix,"littlefield,gearen",,"['barrett,jordan', 'littlefield,gearen', 'garrett,travis', 'vance,luke', 'aldous,hank']","['jacobs,owen', 'park,brandon', 'harville,tyler', 'mccloud,lee', 'korn,lukas', 'marder,nick']",458
317,1023,Berry,Hendrix,1,79-73,"33,40","30,49",4-8,6-6,0-2,1-1,01/09/15,8 p.m.,N/A,"Rome, Ga. (Cage Center)",Lose,2,False,300,False,07:38,,56,,59 ,"GOOD FT by JACOBS,OWEN",BCM 56-59 (-3),,"GOOD FT by JACOBS,OWEN",2,free throw,good,berry,"jacobs,owen",1,"['barrett,jordan', 'littlefield,gearen', 'garrett,travis', 'vance,luke', 'aldous,hank']","['jacobs,owen', 'park,brandon', 'harville,tyler', 'mccloud,lee', 'korn,lukas', 'marder,nick']",458
318,1023,Berry,Hendrix,1,79-73,"33,40","30,49",4-8,6-6,0-2,1-1,01/09/15,8 p.m.,N/A,"Rome, Ga. (Cage Center)",Lose,2,False,300,False,07:38,"SUB IN by OGLE,JOHN",56,,59 ,,,,"SUB IN by OGLE,JOHN",2,subbing in,,hendrix,"ogle,john",,"['barrett,jordan', 'littlefield,gearen', 'garrett,travis', 'vance,luke', 'aldous,hank']","['jacobs,owen', 'park,brandon', 'harville,tyler', 'mccloud,lee', 'korn,lukas', 'marder,nick']",458
319,1023,Berry,Hendrix,1,79-73,"33,40","30,49",4-8,6-6,0-2,1-1,01/09/15,8 p.m.,N/A,"Rome, Ga. (Cage Center)",Lose,2,False,300,False,07:38,"SUB OUT by LITTLEFIELD,GEAREN",56,,59 ,,,,"SUB OUT by LITTLEFIELD,GEAREN",2,subbing out,,hendrix,"littlefield,gearen",,"['barrett,jordan', 'garrett,travis', 'vance,luke', 'aldous,hank']","['jacobs,owen', 'park,brandon', 'harville,tyler', 'mccloud,lee', 'korn,lukas', 'marder,nick']",458
320,1023,Berry,Hendrix,1,79-73,"33,40","30,49",4-8,6-6,0-2,1-1,01/09/15,8 p.m.,N/A,"Rome, Ga. (Cage Center)",Lose,2,False,300,False,07:27,,56,,59 ,"FOUL  by MARDER,NICK",,,"FOUL  by MARDER,NICK",2,foul,,berry,"marder,nick",,"['barrett,jordan', 'garrett,travis', 'vance,luke', 'aldous,hank']","['jacobs,owen', 'park,brandon', 'harville,tyler', 'mccloud,lee', 'korn,lukas', 'marder,nick']",447
321,1023,Berry,Hendrix,1,79-73,"33,40","30,49",4-8,6-6,0-2,1-1,01/09/15,8 p.m.,N/A,"Rome, Ga. (Cage Center)",Lose,2,False,300,False,07:27,"MISS FT by GARRETT,TRAVIS",56,,59 ,,,,"MISS FT by GARRETT,TRAVIS",2,free throw,missed,hendrix,"garrett,travis",,"['barrett,jordan', 'garrett,travis', 'vance,luke', 'aldous,hank']","['jacobs,owen', 'park,brandon', 'harville,tyler', 'mccloud,lee', 'korn,lukas', 'marder,nick']",447
322,1023,Berry,Hendrix,1,79-73,"33,40","30,49",4-8,6-6,0-2,1-1,01/09/15,8 p.m.,N/A,"Rome, Ga. (Cage Center)",Lose,2,False,300,False,--,REBOUND DEADB by TEAM,56,,59 ,,,,REBOUND DEADB by TEAM,2,deadball rebound,,hendrix,,,"['barrett,jordan', 'garrett,travis', 'vance,luke', 'aldous,hank']","['jacobs,owen', 'park,brandon', 'harville,tyler', 'mccloud,lee', 'korn,lukas', 'marder,nick']",
323,1023,Berry,Hendrix,1,79-73,"33,40","30,49",4-8,6-6,0-2,1-1,01/09/15,8 p.m.,N/A,"Rome, Ga. (Cage Center)",Lose,2,False,300,False,07:27,"MISS FT by GARRETT,TRAVIS",56,,59 ,,,,"MISS FT by GARRETT,TRAVIS",2,free throw,missed,hendrix,"garrett,travis",,"['barrett,jordan', 'garrett,travis', 'vance,luke', 'aldous,hank']","['jacobs,owen', 'park,brandon', 'harville,tyler', 'mccloud,lee', 'korn,lukas', 'marder,nick']",447
324,1023,Berry,Hendrix,1,79-73,"33,40","30,49",4-8,6-6,0-2,1-1,01/09/15,8 p.m.,N/A,"Rome, Ga. (Cage Center)",Lose,2,False,300,False,--,REBOUND DEADB by TEAM,56,,59 ,,,,REBOUND DEADB by TEAM,2,deadball rebound,,hendrix,,,"['barrett,jordan', 'garrett,travis', 'vance,luke', 'aldous,hank']","['jacobs,owen', 'park,brandon', 'harville,tyler', 'mccloud,lee', 'korn,lukas', 'marder,nick']",
325,1023,Berry,Hendrix,1,79-73,"33,40","30,49",4-8,6-6,0-2,1-1,01/09/15,8 p.m.,N/A,"Rome, Ga. (Cage Center)",Lose,2,False,300,False,07:27,"GOOD FT by GARRETT,TRAVIS",57,,59 ,,HC 57-59 (-2),,"GOOD FT by GARRETT,TRAVIS",2,free throw,good,hendrix,"garrett,travis",1,"['barrett,jordan', 'garrett,travis', 'vance,luke', 'aldous,hank']","['jacobs,owen', 'park,brandon', 'harville,tyler', 'mccloud,lee', 'korn,lukas', 'marder,nick']",447
326,1023,Berry,Hendrix,1,79-73,"33,40","30,49",4-8,6-6,0-2,1-1,01/09/15,8 p.m.,N/A,"Rome, Ga. (Cage Center)",Lose,2,False,300,False,07:27,"SUB IN by NIKOLOVSKI,DREW",57,,59 ,,,,"SUB IN by NIKOLOVSKI,DREW",2,subbing in,,hendrix,"nikolovski,drew",,"['barrett,jordan', 'garrett,travis', 'vance,luke', 'aldous,hank', 'nikolovski,drew']","['jacobs,owen', 'park,brandon', 'harville,tyler', 'mccloud,lee', 'korn,lukas', 'marder,nick']",447
327,1023,Berry,Hendrix,1,79-73,"33,40","30,49",4-8,6-6,0-2,1-1,01/09/15,8 p.m.,N/A,"Rome, Ga. (Cage Center)",Lose,2,False,300,False,07:27,"SUB OUT by GARRETT,TRAVIS",57,,59 ,,,,"SUB OUT by GARRETT,TRAVIS",2,subbing out,,hendrix,"garrett,travis",,"['barrett,jordan', 'vance,luke', 'aldous,hank', 'nikolovski,drew']","['jacobs,owen', 'park,brandon', 'harville,tyler', 'mccloud,lee', 'korn,lukas', 'marder,nick']",447
328,1023,Berry,Hendrix,1,79-73,"33,40","30,49",4-8,6-6,0-2,1-1,01/09/15,8 p.m.,N/A,"Rome, Ga. (Cage Center)",Lose,2,False,300,False,07:27,,57,,59 ,"SUB IN by CHAYKOWSKY,ZACK",,,"SUB IN by CHAYKOWSKY,ZACK",2,subbing in,,berry,"chaykowsky,zack",,"['barrett,jordan', 'vance,luke', 'aldous,hank', 'nikolovski,drew']","['jacobs,owen', 'park,brandon', 'harville,tyler', 'mccloud,lee', 'korn,lukas', 'marder,nick', 'chaykowsky,zack']",447
329,1023,Berry,Hendrix,1,79-73,"33,40","30,49",4-8,6-6,0-2,1-1,01/09/15,8 p.m.,N/A,"Rome, Ga. (Cage Center)",Lose,2,False,300,False,07:27,,57,,59 ,"SUB OUT by MARDER,NICK",,,"SUB OUT by MARDER,NICK",2,subbing out,,berry,"marder,nick",,"['barrett,jordan', 'vance,luke', 'aldous,hank', 'nikolovski,drew']","['jacobs,owen', 'park,brandon', 'harville,tyler', 'mccloud,lee', 'korn,lukas', 'chaykowsky,zack']",447
330,1023,Berry,Hendrix,1,79-73,"33,40","30,49",4-8,6-6,0-2,1-1,01/09/15,8 p.m.,N/A,"Rome, Ga. (Cage Center)",Lose,2,False,300,False,07:09,,57,,59 ,"MISS JUMPER by KORN,LUKAS",,,"MISS JUMPER by KORN,LUKAS",2,jumper,missed,berry,"korn,lukas",,"['barrett,jordan', 'vance,luke', 'aldous,hank', 'nikolovski,drew']","['jacobs,owen', 'park,brandon', 'harville,tyler', 'mccloud,lee', 'korn,lukas', 'chaykowsky,zack']",429
331,1023,Berry,Hendrix,1,79-73,"33,40","30,49",4-8,6-6,0-2,1-1,01/09/15,8 p.m.,N/A,"Rome, Ga. (Cage Center)",Lose,2,False,300,False,--,"REBOUND DEF by OGLE,JOHN",57,,59 ,,,,"REBOUND DEF by OGLE,JOHN",2,defensive rebound,,hendrix,"ogle,john",,"['barrett,jordan', 'vance,luke', 'aldous,hank', 'nikolovski,drew']","['jacobs,owen', 'park,brandon', 'harville,tyler', 'mccloud,lee', 'korn,lukas', 'chaykowsky,zack']",
332,1023,Berry,Hendrix,1,79-73,"33,40","30,49",4-8,6-6,0-2,1-1,01/09/15,8 p.m.,N/A,"Rome, Ga. (Cage Center)",Lose,2,False,300,False,06:43,"TURNOVER  by ALDOUS,HANK",57,,59 ,,,,"TURNOVER  by ALDOUS,HANK",2,turnover,,hendrix,"aldous,hank",,"['barrett,jordan', 'vance,luke', 'aldous,hank', 'nikolovski,drew']","['jacobs,owen', 'park,brandon', 'harville,tyler', 'mccloud,lee', 'korn,lukas', 'chaykowsky,zack']",403
333,1023,Berry,Hendrix,1,79-73,"33,40","30,49",4-8,6-6,0-2,1-1,01/09/15,8 p.m.,N/A,"Rome, Ga. (Cage Center)",Lose,2,False,300,False,06:31,,57,,59 ,"MISS 3PTR by HARVILLE,TYLER",,,"MISS 3PTR by HARVILLE,TYLER",2,three pointer,missed,berry,"harville,tyler",,"['barrett,jordan', 'vance,luke', 'aldous,hank', 'nikolovski,drew']","['jacobs,owen', 'park,brandon', 'harville,tyler', 'mccloud,lee', 'korn,lukas', 'chaykowsky,zack']",391
334,1023,Berry,Hendrix,1,79-73,"33,40","30,49",4-8,6-6,0-2,1-1,01/09/15,8 p.m.,N/A,"Rome, Ga. (Cage Center)",Lose,2,False,300,False,--,"REBOUND DEF by OGLE,JOHN",57,,59 ,,,,"REBOUND DEF by OGLE,JOHN",2,defensive rebound,,hendrix,"ogle,john",,"['barrett,jordan', 'vance,luke', 'aldous,hank', 'nikolovski,drew']","['jacobs,owen', 'park,brandon', 'harville,tyler', 'mccloud,lee', 'korn,lukas', 'chaykowsky,zack']",
335,1023,Berry,Hendrix,1,79-73,"33,40","30,49",4-8,6-6,0-2,1-1,01/09/15,8 p.m.,N/A,"Rome, Ga. (Cage Center)",Lose,2,False,300,False,06:10,"GOOD LAYUP by VANCE,LUKE(in the paint)",59,,59,,HC 59-59 (0),,"GOOD LAYUP by VANCE,LUKE(in the paint)",2,layup,good,hendrix,"vance,luke",2,"['barrett,jordan', 'vance,luke', 'aldous,hank', 'nikolovski,drew']","['jacobs,owen', 'park,brandon', 'harville,tyler', 'mccloud,lee', 'korn,lukas', 'chaykowsky,zack']",370
336,1023,Berry,Hendrix,1,79-73,"33,40","30,49",4-8,6-6,0-2,1-1,01/09/15,8 p.m.,N/A,"Rome, Ga. (Cage Center)",Lose,2,False,300,False,05:54,,59,,59,"MISS LAYUP by CHAYKOWSKY,ZACK",,,"MISS LAYUP by CHAYKOWSKY,ZACK",2,layup,missed,berry,"chaykowsky,zack",,"['barrett,jordan', 'vance,luke', 'aldous,hank', 'nikolovski,drew']","['jacobs,owen', 'park,brandon', 'harville,tyler', 'mccloud,lee', 'korn,lukas', 'chaykowsky,zack']",354
337,1023,Berry,Hendrix,1,79-73,"33,40","30,49",4-8,6-6,0-2,1-1,01/09/15,8 p.m.,N/A,"Rome, Ga. (Cage Center)",Lose,2,False,300,False,--,,59,,59,"REBOUND OFF by KORN,LUKAS",,,"REBOUND OFF by KORN,LUKAS",2,offensive rebound,,berry,"korn,lukas",,"['barrett,jordan', 'vance,luke', 'aldous,hank', 'nikolovski,drew']","['jacobs,owen', 'park,brandon', 'harville,tyler', 'mccloud,lee', 'korn,lukas', 'chaykowsky,zack']",
338,1023,Berry,Hendrix,1,79-73,"33,40","30,49",4-8,6-6,0-2,1-1,01/09/15,8 p.m.,N/A,"Rome, Ga. (Cage Center)",Lose,2,False,300,False,05:41,,59,,59,"TURNOVER  by MCCLOUD,LEE",,,"TURNOVER  by MCCLOUD,LEE",2,turnover,,berry,"mccloud,lee",,"['barrett,jordan', 'vance,luke', 'aldous,hank', 'nikolovski,drew']","['jacobs,owen', 'park,brandon', 'harville,tyler', 'mccloud,lee', 'korn,lukas', 'chaykowsky,zack']",341
339,1023,Berry,Hendrix,1,79-73,"33,40","30,49",4-8,6-6,0-2,1-1,01/09/15,8 p.m.,N/A,"Rome, Ga. (Cage Center)",Lose,2,False,300,False,05:27,"GOOD LAYUP by OGLE,JOHN(in the paint)",61 ,,59,,HC 61-59 (+2),,"GOOD LAYUP by OGLE,JOHN(in the paint)",2,layup,good,hendrix,"ogle,john",2,"['barrett,jordan', 'vance,luke', 'aldous,hank', 'nikolovski,drew']","['jacobs,owen', 'park,brandon', 'harville,tyler', 'mccloud,lee', 'korn,lukas', 'chaykowsky,zack']",327
340,1023,Berry,Hendrix,1,79-73,"33,40","30,49",4-8,6-6,0-2,1-1,01/09/15,8 p.m.,N/A,"Rome, Ga. (Cage Center)",Lose,2,False,300,False,--,"ASSIST  by BARRETT,JORDAN",61 ,,59,,,,"ASSIST  by BARRETT,JORDAN",2,assist,,hendrix,"barrett,jordan",,"['barrett,jordan', 'vance,luke', 'aldous,hank', 'nikolovski,drew']","['jacobs,owen', 'park,brandon', 'harville,tyler', 'mccloud,lee', 'korn,lukas', 'chaykowsky,zack']",
341,1023,Berry,Hendrix,1,79-73,"33,40","30,49",4-8,6-6,0-2,1-1,01/09/15,8 p.m.,N/A,"Rome, Ga. (Cage Center)",Lose,2,False,300,False,05:14,,61 ,,59,"TURNOVER  by JACOBS,OWEN",,,"TURNOVER  by JACOBS,OWEN",2,turnover,,berry,"jacobs,owen",,"['barrett,jordan', 'vance,luke', 'aldous,hank', 'nikolovski,drew']","['jacobs,owen', 'park,brandon', 'harville,tyler', 'mccloud,lee', 'korn,lukas', 'chaykowsky,zack']",314
342,1023,Berry,Hendrix,1,79-73,"33,40","30,49",4-8,6-6,0-2,1-1,01/09/15,8 p.m.,N/A,"Rome, Ga. (Cage Center)",Lose,2,False,300,False,05:14,,61 ,,59,TIMEOUT TEAM by TEAM,,,TIMEOUT TEAM by TEAM,2,timeout,,berry,,,"['barrett,jordan', 'vance,luke', 'aldous,hank', 'nikolovski,drew']","['jacobs,owen', 'park,brandon', 'harville,tyler', 'mccloud,lee', 'korn,lukas', 'chaykowsky,zack']",314
343,1023,Berry,Hendrix,1,79-73,"33,40","30,49",4-8,6-6,0-2,1-1,01/09/15,8 p.m.,N/A,"Rome, Ga. (Cage Center)",Lose,2,False,300,False,04:59,"TURNOVER  by NIKOLOVSKI,DREW",61 ,,59,,,,"TURNOVER  by NIKOLOVSKI,DREW",2,turnover,,hendrix,"nikolovski,drew",,"['barrett,jordan', 'vance,luke', 'aldous,hank', 'nikolovski,drew']","['jacobs,owen', 'park,brandon', 'harville,tyler', 'mccloud,lee', 'korn,lukas', 'chaykowsky,zack']",299
344,1023,Berry,Hendrix,1,79-73,"33,40","30,49",4-8,6-6,0-2,1-1,01/09/15,8 p.m.,N/A,"Rome, Ga. (Cage Center)",Lose,2,False,300,False,04:59,,61 ,,59,"SUB IN by ELLINGSWORTH,COLEMAN",,,"SUB IN by ELLINGSWORTH,COLEMAN",2,subbing in,,berry,"ellingsworth,coleman",,"['barrett,jordan', 'vance,luke', 'aldous,hank', 'nikolovski,drew']","['jacobs,owen', 'park,brandon', 'harville,tyler', 'mccloud,lee', 'korn,lukas', 'chaykowsky,zack', 'ellingsworth,coleman']",299
345,1023,Berry,Hendrix,1,79-73,"33,40","30,49",4-8,6-6,0-2,1-1,01/09/15,8 p.m.,N/A,"Rome, Ga. (Cage Center)",Lose,2,False,300,False,04:59,,61 ,,59,"SUB OUT by KORN,LUKAS",,,"SUB OUT by KORN,LUKAS",2,subbing out,,berry,"korn,lukas",,"['barrett,jordan', 'vance,luke', 'aldous,hank', 'nikolovski,drew']","['jacobs,owen', 'park,brandon', 'harville,tyler', 'mccloud,lee', 'chaykowsky,zack', 'ellingsworth,coleman']",299
346,1023,Berry,Hendrix,1,79-73,"33,40","30,49",4-8,6-6,0-2,1-1,01/09/15,8 p.m.,N/A,"Rome, Ga. (Cage Center)",Lose,2,False,300,False,04:46,,61 ,,59,"MISS JUMPER by ELLINGSWORTH,COLEMAN",,,"MISS JUMPER by ELLINGSWORTH,COLEMAN",2,jumper,missed,berry,"ellingsworth,coleman",,"['barrett,jordan', 'vance,luke', 'aldous,hank', 'nikolovski,drew']","['jacobs,owen', 'park,brandon', 'harville,tyler', 'mccloud,lee', 'chaykowsky,zack', 'ellingsworth,coleman']",286
347,1023,Berry,Hendrix,1,79-73,"33,40","30,49",4-8,6-6,0-2,1-1,01/09/15,8 p.m.,N/A,"Rome, Ga. (Cage Center)",Lose,2,False,300,False,--,"REBOUND DEF by OGLE,JOHN",61 ,,59,,,,"REBOUND DEF by OGLE,JOHN",2,defensive rebound,,hendrix,"ogle,john",,"['barrett,jordan', 'vance,luke', 'aldous,hank', 'nikolovski,drew']","['jacobs,owen', 'park,brandon', 'harville,tyler', 'mccloud,lee', 'chaykowsky,zack', 'ellingsworth,coleman']",
348,1023,Berry,Hendrix,1,79-73,"33,40","30,49",4-8,6-6,0-2,1-1,01/09/15,8 p.m.,N/A,"Rome, Ga. (Cage Center)",Lose,2,False,300,False,04:37,"TURNOVER  by ALDOUS,HANK",61 ,,59,,,,"TURNOVER  by ALDOUS,HANK",2,turnover,,hendrix,"aldous,hank",,"['barrett,jordan', 'vance,luke', 'aldous,hank', 'nikolovski,drew']","['jacobs,owen', 'park,brandon', 'harville,tyler', 'mccloud,lee', 'chaykowsky,zack', 'ellingsworth,coleman']",277
349,1023,Berry,Hendrix,1,79-73,"33,40","30,49",4-8,6-6,0-2,1-1,01/09/15,8 p.m.,N/A,"Rome, Ga. (Cage Center)",Lose,2,False,300,False,04:23,,61,,61,"GOOD LAYUP by CHAYKOWSKY,ZACK(in the paint)",BCM 61-61 (0),,"GOOD LAYUP by CHAYKOWSKY,ZACK(in the paint)",2,layup,good,berry,"chaykowsky,zack",2,"['barrett,jordan', 'vance,luke', 'aldous,hank', 'nikolovski,drew']","['jacobs,owen', 'park,brandon', 'harville,tyler', 'mccloud,lee', 'chaykowsky,zack', 'ellingsworth,coleman']",263
350,1023,Berry,Hendrix,1,79-73,"33,40","30,49",4-8,6-6,0-2,1-1,01/09/15,8 p.m.,N/A,"Rome, Ga. (Cage Center)",Lose,2,False,300,False,04:23,"FOUL  by NIKOLOVSKI,DREW",61,,61,,,,"FOUL  by NIKOLOVSKI,DREW",2,foul,,hendrix,"nikolovski,drew",,"['barrett,jordan', 'vance,luke', 'aldous,hank', 'nikolovski,drew']","['jacobs,owen', 'park,brandon', 'harville,tyler', 'mccloud,lee', 'chaykowsky,zack', 'ellingsworth,coleman']",263
351,1023,Berry,Hendrix,1,79-73,"33,40","30,49",4-8,6-6,0-2,1-1,01/09/15,8 p.m.,N/A,"Rome, Ga. (Cage Center)",Lose,2,False,300,False,04:23,,61,,61,"MISS FT by CHAYKOWSKY,ZACK",,,"MISS FT by CHAYKOWSKY,ZACK",2,free throw,missed,berry,"chaykowsky,zack",,"['barrett,jordan', 'vance,luke', 'aldous,hank', 'nikolovski,drew']","['jacobs,owen', 'park,brandon', 'harville,tyler', 'mccloud,lee', 'chaykowsky,zack', 'ellingsworth,coleman']",263
352,1023,Berry,Hendrix,1,79-73,"33,40","30,49",4-8,6-6,0-2,1-1,01/09/15,8 p.m.,N/A,"Rome, Ga. (Cage Center)",Lose,2,False,300,False,--,"REBOUND DEF by ALDOUS,HANK",61,,61,,,,"REBOUND DEF by ALDOUS,HANK",2,defensive rebound,,hendrix,"aldous,hank",,"['barrett,jordan', 'vance,luke', 'aldous,hank', 'nikolovski,drew']","['jacobs,owen', 'park,brandon', 'harville,tyler', 'mccloud,lee', 'chaykowsky,zack', 'ellingsworth,coleman']",
353,1023,Berry,Hendrix,1,79-73,"33,40","30,49",4-8,6-6,0-2,1-1,01/09/15,8 p.m.,N/A,"Rome, Ga. (Cage Center)",Lose,2,False,300,False,04:23,"SUB IN by GARRETT,TRAVIS",61,,61,,,,"SUB IN by GARRETT,TRAVIS",2,subbing in,,hendrix,"garrett,travis",,"['barrett,jordan', 'vance,luke', 'aldous,hank', 'nikolovski,drew', 'garrett,travis']","['jacobs,owen', 'park,brandon', 'harville,tyler', 'mccloud,lee', 'chaykowsky,zack', 'ellingsworth,coleman']",263
354,1023,Berry,Hendrix,1,79-73,"33,40","30,49",4-8,6-6,0-2,1-1,01/09/15,8 p.m.,N/A,"Rome, Ga. (Cage Center)",Lose,2,False,300,False,04:23,"SUB OUT by NIKOLOVSKI,DREW",61,,61,,,,"SUB OUT by NIKOLOVSKI,DREW",2,subbing out,,hendrix,"nikolovski,drew",,"['barrett,jordan', 'vance,luke', 'aldous,hank', 'garrett,travis']","['jacobs,owen', 'park,brandon', 'harville,tyler', 'mccloud,lee', 'chaykowsky,zack', 'ellingsworth,coleman']",263
355,1023,Berry,Hendrix,1,79-73,"33,40","30,49",4-8,6-6,0-2,1-1,01/09/15,8 p.m.,N/A,"Rome, Ga. (Cage Center)",Lose,2,False,300,False,04:07,,61,,61,"FOUL  by MCCLOUD,LEE",,,"FOUL  by MCCLOUD,LEE",2,foul,,berry,"mccloud,lee",,"['barrett,jordan', 'vance,luke', 'aldous,hank', 'garrett,travis']","['jacobs,owen', 'park,brandon', 'harville,tyler', 'mccloud,lee', 'chaykowsky,zack', 'ellingsworth,coleman']",247
356,1023,Berry,Hendrix,1,79-73,"33,40","30,49",4-8,6-6,0-2,1-1,01/09/15,8 p.m.,N/A,"Rome, Ga. (Cage Center)",Lose,2,False,300,False,04:07,"MISS FT by OGLE,JOHN",61,,61,,,,"MISS FT by OGLE,JOHN",2,free throw,missed,hendrix,"ogle,john",,"['barrett,jordan', 'vance,luke', 'aldous,hank', 'garrett,travis']","['jacobs,owen', 'park,brandon', 'harville,tyler', 'mccloud,lee', 'chaykowsky,zack', 'ellingsworth,coleman']",247
357,1023,Berry,Hendrix,1,79-73,"33,40","30,49",4-8,6-6,0-2,1-1,01/09/15,8 p.m.,N/A,"Rome, Ga. (Cage Center)",Lose,2,False,300,False,--,REBOUND DEADB by TEAM,61,,61,,,,REBOUND DEADB by TEAM,2,deadball rebound,,hendrix,,,"['barrett,jordan', 'vance,luke', 'aldous,hank', 'garrett,travis']","['jacobs,owen', 'park,brandon', 'harville,tyler', 'mccloud,lee', 'chaykowsky,zack', 'ellingsworth,coleman']",
358,1023,Berry,Hendrix,1,79-73,"33,40","30,49",4-8,6-6,0-2,1-1,01/09/15,8 p.m.,N/A,"Rome, Ga. (Cage Center)",Lose,2,False,300,False,04:07,"GOOD FT by OGLE,JOHN",62 ,,61,,HC 62-61 (+1),,"GOOD FT by OGLE,JOHN",2,free throw,good,hendrix,"ogle,john",1,"['barrett,jordan', 'vance,luke', 'aldous,hank', 'garrett,travis']","['jacobs,owen', 'park,brandon', 'harville,tyler', 'mccloud,lee', 'chaykowsky,zack', 'ellingsworth,coleman']",247
359,1023,Berry,Hendrix,1,79-73,"33,40","30,49",4-8,6-6,0-2,1-1,01/09/15,8 p.m.,N/A,"Rome, Ga. (Cage Center)",Lose,2,False,300,False,03:54,,62 ,,61,"MISS LAYUP by CHAYKOWSKY,ZACK",,,"MISS LAYUP by CHAYKOWSKY,ZACK",2,layup,missed,berry,"chaykowsky,zack",,"['barrett,jordan', 'vance,luke', 'aldous,hank', 'garrett,travis']","['jacobs,owen', 'park,brandon', 'harville,tyler', 'mccloud,lee', 'chaykowsky,zack', 'ellingsworth,coleman']",234
360,1023,Berry,Hendrix,1,79-73,"33,40","30,49",4-8,6-6,0-2,1-1,01/09/15,8 p.m.,N/A,"Rome, Ga. (Cage Center)",Lose,2,False,300,False,--,,62 ,,61,"REBOUND OFF by JACOBS,OWEN",,,"REBOUND OFF by JACOBS,OWEN",2,offensive rebound,,berry,"jacobs,owen",,"['barrett,jordan', 'vance,luke', 'aldous,hank', 'garrett,travis']","['jacobs,owen', 'park,brandon', 'harville,tyler', 'mccloud,lee', 'chaykowsky,zack', 'ellingsworth,coleman']",
361,1023,Berry,Hendrix,1,79-73,"33,40","30,49",4-8,6-6,0-2,1-1,01/09/15,8 p.m.,N/A,"Rome, Ga. (Cage Center)",Lose,2,False,300,False,03:53,"FOUL  by OGLE,JOHN",62 ,,61,,,,"FOUL  by OGLE,JOHN",2,foul,,hendrix,"ogle,john",,"['barrett,jordan', 'vance,luke', 'aldous,hank', 'garrett,travis']","['jacobs,owen', 'park,brandon', 'harville,tyler', 'mccloud,lee', 'chaykowsky,zack', 'ellingsworth,coleman']",233
362,1023,Berry,Hendrix,1,79-73,"33,40","30,49",4-8,6-6,0-2,1-1,01/09/15,8 p.m.,N/A,"Rome, Ga. (Cage Center)",Lose,2,False,300,False,03:53,,62,,62,"GOOD FT by JACOBS,OWEN",BCM 62-62 (0),,"GOOD FT by JACOBS,OWEN",2,free throw,good,berry,"jacobs,owen",1,"['barrett,jordan', 'vance,luke', 'aldous,hank', 'garrett,travis']","['jacobs,owen', 'park,brandon', 'harville,tyler', 'mccloud,lee', 'chaykowsky,zack', 'ellingsworth,coleman']",233
363,1023,Berry,Hendrix,1,79-73,"33,40","30,49",4-8,6-6,0-2,1-1,01/09/15,8 p.m.,N/A,"Rome, Ga. (Cage Center)",Lose,2,False,300,False,03:53,"SUB IN by LITTLEFIELD,GEAREN",62,,62,,,,"SUB IN by LITTLEFIELD,GEAREN",2,subbing in,,hendrix,"littlefield,gearen",,"['barrett,jordan', 'vance,luke', 'aldous,hank', 'garrett,travis', 'littlefield,gearen']","['jacobs,owen', 'park,brandon', 'harville,tyler', 'mccloud,lee', 'chaykowsky,zack', 'ellingsworth,coleman']",233
364,1023,Berry,Hendrix,1,79-73,"33,40","30,49",4-8,6-6,0-2,1-1,01/09/15,8 p.m.,N/A,"Rome, Ga. (Cage Center)",Lose,2,False,300,False,03:53,"SUB OUT by OGLE,JOHN",62,,62,,,,"SUB OUT by OGLE,JOHN",2,subbing out,,hendrix,"ogle,john",,"['barrett,jordan', 'vance,luke', 'aldous,hank', 'garrett,travis', 'littlefield,gearen']","['jacobs,owen', 'park,brandon', 'harville,tyler', 'mccloud,lee', 'chaykowsky,zack', 'ellingsworth,coleman']",233
365,1023,Berry,Hendrix,1,79-73,"33,40","30,49",4-8,6-6,0-2,1-1,01/09/15,8 p.m.,N/A,"Rome, Ga. (Cage Center)",Lose,2,False,300,False,03:52,,62,,63 ,"GOOD FT by JACOBS,OWEN",BCM 62-63 (-1),,"GOOD FT by JACOBS,OWEN",2,free throw,good,berry,"jacobs,owen",1,"['barrett,jordan', 'vance,luke', 'aldous,hank', 'garrett,travis', 'littlefield,gearen']","['jacobs,owen', 'park,brandon', 'harville,tyler', 'mccloud,lee', 'chaykowsky,zack', 'ellingsworth,coleman']",232
366,1023,Berry,Hendrix,1,79-73,"33,40","30,49",4-8,6-6,0-2,1-1,01/09/15,8 p.m.,N/A,"Rome, Ga. (Cage Center)",Lose,2,False,300,False,03:37,"GOOD 3PTR by ALDOUS,HANK",65 ,,63,,HC 65-63 (+2),,"GOOD 3PTR by ALDOUS,HANK",2,three pointer,good,hendrix,"aldous,hank",3,"['barrett,jordan', 'vance,luke', 'aldous,hank', 'garrett,travis', 'littlefield,gearen']","['jacobs,owen', 'park,brandon', 'harville,tyler', 'mccloud,lee', 'chaykowsky,zack', 'ellingsworth,coleman']",217
367,1023,Berry,Hendrix,1,79-73,"33,40","30,49",4-8,6-6,0-2,1-1,01/09/15,8 p.m.,N/A,"Rome, Ga. (Cage Center)",Lose,2,False,300,False,--,"ASSIST  by VANCE,LUKE",65 ,,63,,,,"ASSIST  by VANCE,LUKE",2,assist,,hendrix,"vance,luke",,"['barrett,jordan', 'vance,luke', 'aldous,hank', 'garrett,travis', 'littlefield,gearen']","['jacobs,owen', 'park,brandon', 'harville,tyler', 'mccloud,lee', 'chaykowsky,zack', 'ellingsworth,coleman']",
368,1023,Berry,Hendrix,1,79-73,"33,40","30,49",4-8,6-6,0-2,1-1,01/09/15,8 p.m.,N/A,"Rome, Ga. (Cage Center)",Lose,2,False,300,False,03:19,,65 ,,63,"MISS JUMPER by HARVILLE,TYLER",,,"MISS JUMPER by HARVILLE,TYLER",2,jumper,missed,berry,"harville,tyler",,"['barrett,jordan', 'vance,luke', 'aldous,hank', 'garrett,travis', 'littlefield,gearen']","['jacobs,owen', 'park,brandon', 'harville,tyler', 'mccloud,lee', 'chaykowsky,zack', 'ellingsworth,coleman']",199
369,1023,Berry,Hendrix,1,79-73,"33,40","30,49",4-8,6-6,0-2,1-1,01/09/15,8 p.m.,N/A,"Rome, Ga. (Cage Center)",Lose,2,False,300,False,--,,65 ,,63,"REBOUND OFF by MCCLOUD,LEE",,,"REBOUND OFF by MCCLOUD,LEE",2,offensive rebound,,berry,"mccloud,lee",,"['barrett,jordan', 'vance,luke', 'aldous,hank', 'garrett,travis', 'littlefield,gearen']","['jacobs,owen', 'park,brandon', 'harville,tyler', 'mccloud,lee', 'chaykowsky,zack', 'ellingsworth,coleman']",
370,1023,Berry,Hendrix,1,79-73,"33,40","30,49",4-8,6-6,0-2,1-1,01/09/15,8 p.m.,N/A,"Rome, Ga. (Cage Center)",Lose,2,False,300,False,03:19,"FOUL  by BARRETT,JORDAN",65 ,,63,,,,"FOUL  by BARRETT,JORDAN",2,foul,,hendrix,"barrett,jordan",,"['barrett,jordan', 'vance,luke', 'aldous,hank', 'garrett,travis', 'littlefield,gearen']","['jacobs,owen', 'park,brandon', 'harville,tyler', 'mccloud,lee', 'chaykowsky,zack', 'ellingsworth,coleman']",199
371,1023,Berry,Hendrix,1,79-73,"33,40","30,49",4-8,6-6,0-2,1-1,01/09/15,8 p.m.,N/A,"Rome, Ga. (Cage Center)",Lose,2,False,300,False,03:19,,65 ,,63,"MISS FT by MCCLOUD,LEE",,,"MISS FT by MCCLOUD,LEE",2,free throw,missed,berry,"mccloud,lee",,"['barrett,jordan', 'vance,luke', 'aldous,hank', 'garrett,travis', 'littlefield,gearen']","['jacobs,owen', 'park,brandon', 'harville,tyler', 'mccloud,lee', 'chaykowsky,zack', 'ellingsworth,coleman']",199
372,1023,Berry,Hendrix,1,79-73,"33,40","30,49",4-8,6-6,0-2,1-1,01/09/15,8 p.m.,N/A,"Rome, Ga. (Cage Center)",Lose,2,False,300,False,--,,65 ,,63,REBOUND DEADB by TEAM,,,REBOUND DEADB by TEAM,2,deadball rebound,,berry,,,"['barrett,jordan', 'vance,luke', 'aldous,hank', 'garrett,travis', 'littlefield,gearen']","['jacobs,owen', 'park,brandon', 'harville,tyler', 'mccloud,lee', 'chaykowsky,zack', 'ellingsworth,coleman']",
373,1023,Berry,Hendrix,1,79-73,"33,40","30,49",4-8,6-6,0-2,1-1,01/09/15,8 p.m.,N/A,"Rome, Ga. (Cage Center)",Lose,2,False,300,False,03:19,,65 ,,64,"GOOD FT by MCCLOUD,LEE",BCM 65-64 (+1),,"GOOD FT by MCCLOUD,LEE",2,free throw,good,berry,"mccloud,lee",1,"['barrett,jordan', 'vance,luke', 'aldous,hank', 'garrett,travis', 'littlefield,gearen']","['jacobs,owen', 'park,brandon', 'harville,tyler', 'mccloud,lee', 'chaykowsky,zack', 'ellingsworth,coleman']",199
374,1023,Berry,Hendrix,1,79-73,"33,40","30,49",4-8,6-6,0-2,1-1,01/09/15,8 p.m.,N/A,"Rome, Ga. (Cage Center)",Lose,2,False,300,False,02:52,,65 ,,64,"FOUL  by ELLINGSWORTH,COLEMAN",,,"FOUL  by ELLINGSWORTH,COLEMAN",2,foul,,berry,"ellingsworth,coleman",,"['barrett,jordan', 'vance,luke', 'aldous,hank', 'garrett,travis', 'littlefield,gearen']","['jacobs,owen', 'park,brandon', 'harville,tyler', 'mccloud,lee', 'chaykowsky,zack', 'ellingsworth,coleman']",172
375,1023,Berry,Hendrix,1,79-73,"33,40","30,49",4-8,6-6,0-2,1-1,01/09/15,8 p.m.,N/A,"Rome, Ga. (Cage Center)",Lose,2,False,300,False,02:52,,65 ,,64,"FOUL  by ELLINGSWORTH,COLEMAN",,,"FOUL  by ELLINGSWORTH,COLEMAN",2,foul,,berry,"ellingsworth,coleman",,"['barrett,jordan', 'vance,luke', 'aldous,hank', 'garrett,travis', 'littlefield,gearen']","['jacobs,owen', 'park,brandon', 'harville,tyler', 'mccloud,lee', 'chaykowsky,zack', 'ellingsworth,coleman']",172
376,1023,Berry,Hendrix,1,79-73,"33,40","30,49",4-8,6-6,0-2,1-1,01/09/15,8 p.m.,N/A,"Rome, Ga. (Cage Center)",Lose,2,False,300,False,02:52,"GOOD FT by BARRETT,JORDAN",66 ,,64,,HC 66-64 (+2),,"GOOD FT by BARRETT,JORDAN",2,free throw,good,hendrix,"barrett,jordan",1,"['barrett,jordan', 'vance,luke', 'aldous,hank', 'garrett,travis', 'littlefield,gearen']","['jacobs,owen', 'park,brandon', 'harville,tyler', 'mccloud,lee', 'chaykowsky,zack', 'ellingsworth,coleman']",172
377,1023,Berry,Hendrix,1,79-73,"33,40","30,49",4-8,6-6,0-2,1-1,01/09/15,8 p.m.,N/A,"Rome, Ga. (Cage Center)",Lose,2,False,300,False,02:52,"MISS FT by BARRETT,JORDAN",66 ,,64,,,,"MISS FT by BARRETT,JORDAN",2,free throw,missed,hendrix,"barrett,jordan",,"['barrett,jordan', 'vance,luke', 'aldous,hank', 'garrett,travis', 'littlefield,gearen']","['jacobs,owen', 'park,brandon', 'harville,tyler', 'mccloud,lee', 'chaykowsky,zack', 'ellingsworth,coleman']",172
378,1023,Berry,Hendrix,1,79-73,"33,40","30,49",4-8,6-6,0-2,1-1,01/09/15,8 p.m.,N/A,"Rome, Ga. (Cage Center)",Lose,2,False,300,False,--,,66 ,,64,"REBOUND DEF by JACOBS,OWEN",,,"REBOUND DEF by JACOBS,OWEN",2,defensive rebound,,berry,"jacobs,owen",,"['barrett,jordan', 'vance,luke', 'aldous,hank', 'garrett,travis', 'littlefield,gearen']","['jacobs,owen', 'park,brandon', 'harville,tyler', 'mccloud,lee', 'chaykowsky,zack', 'ellingsworth,coleman']",
379,1023,Berry,Hendrix,1,79-73,"33,40","30,49",4-8,6-6,0-2,1-1,01/09/15,8 p.m.,N/A,"Rome, Ga. (Cage Center)",Lose,2,False,300,False,02:39,,66,,66,"GOOD LAYUP by JACOBS,OWEN(in the paint)",BCM 66-66 (0),,"GOOD LAYUP by JACOBS,OWEN(in the paint)",2,layup,good,berry,"jacobs,owen",2,"['barrett,jordan', 'vance,luke', 'aldous,hank', 'garrett,travis', 'littlefield,gearen']","['jacobs,owen', 'park,brandon', 'harville,tyler', 'mccloud,lee', 'chaykowsky,zack', 'ellingsworth,coleman']",159
380,1023,Berry,Hendrix,1,79-73,"33,40","30,49",4-8,6-6,0-2,1-1,01/09/15,8 p.m.,N/A,"Rome, Ga. (Cage Center)",Lose,2,False,300,False,--,,66,,66,"ASSIST  by MCCLOUD,LEE",,,"ASSIST  by MCCLOUD,LEE",2,assist,,berry,"mccloud,lee",,"['barrett,jordan', 'vance,luke', 'aldous,hank', 'garrett,travis', 'littlefield,gearen']","['jacobs,owen', 'park,brandon', 'harville,tyler', 'mccloud,lee', 'chaykowsky,zack', 'ellingsworth,coleman']",
381,1023,Berry,Hendrix,1,79-73,"33,40","30,49",4-8,6-6,0-2,1-1,01/09/15,8 p.m.,N/A,"Rome, Ga. (Cage Center)",Lose,2,False,300,False,02:16,,66,,66,"FOUL  by CHAYKOWSKY,ZACK",,,"FOUL  by CHAYKOWSKY,ZACK",2,foul,,berry,"chaykowsky,zack",,"['barrett,jordan', 'vance,luke', 'aldous,hank', 'garrett,travis', 'littlefield,gearen']","['jacobs,owen', 'park,brandon', 'harville,tyler', 'mccloud,lee', 'chaykowsky,zack', 'ellingsworth,coleman']",136
382,1023,Berry,Hendrix,1,79-73,"33,40","30,49",4-8,6-6,0-2,1-1,01/09/15,8 p.m.,N/A,"Rome, Ga. (Cage Center)",Lose,2,False,300,False,02:16,"GOOD FT by ALDOUS,HANK",67 ,,66,,HC 67-66 (+1),,"GOOD FT by ALDOUS,HANK",2,free throw,good,hendrix,"aldous,hank",1,"['barrett,jordan', 'vance,luke', 'aldous,hank', 'garrett,travis', 'littlefield,gearen']","['jacobs,owen', 'park,brandon', 'harville,tyler', 'mccloud,lee', 'chaykowsky,zack', 'ellingsworth,coleman']",136
383,1023,Berry,Hendrix,1,79-73,"33,40","30,49",4-8,6-6,0-2,1-1,01/09/15,8 p.m.,N/A,"Rome, Ga. (Cage Center)",Lose,2,False,300,False,02:16,"GOOD FT by ALDOUS,HANK",68 ,,66,,HC 68-66 (+2),,"GOOD FT by ALDOUS,HANK",2,free throw,good,hendrix,"aldous,hank",1,"['barrett,jordan', 'vance,luke', 'aldous,hank', 'garrett,travis', 'littlefield,gearen']","['jacobs,owen', 'park,brandon', 'harville,tyler', 'mccloud,lee', 'chaykowsky,zack', 'ellingsworth,coleman']",136
384,1023,Berry,Hendrix,1,79-73,"33,40","30,49",4-8,6-6,0-2,1-1,01/09/15,8 p.m.,N/A,"Rome, Ga. (Cage Center)",Lose,2,False,300,False,02:16,"MISS FT by ALDOUS,HANK",68 ,,66,,,,"MISS FT by ALDOUS,HANK",2,free throw,missed,hendrix,"aldous,hank",,"['barrett,jordan', 'vance,luke', 'aldous,hank', 'garrett,travis', 'littlefield,gearen']","['jacobs,owen', 'park,brandon', 'harville,tyler', 'mccloud,lee', 'chaykowsky,zack', 'ellingsworth,coleman']",136
385,1023,Berry,Hendrix,1,79-73,"33,40","30,49",4-8,6-6,0-2,1-1,01/09/15,8 p.m.,N/A,"Rome, Ga. (Cage Center)",Lose,2,False,300,False,--,,68 ,,66,"REBOUND DEF by MCCLOUD,LEE",,,"REBOUND DEF by MCCLOUD,LEE",2,defensive rebound,,berry,"mccloud,lee",,"['barrett,jordan', 'vance,luke', 'aldous,hank', 'garrett,travis', 'littlefield,gearen']","['jacobs,owen', 'park,brandon', 'harville,tyler', 'mccloud,lee', 'chaykowsky,zack', 'ellingsworth,coleman']",
386,1023,Berry,Hendrix,1,79-73,"33,40","30,49",4-8,6-6,0-2,1-1,01/09/15,8 p.m.,N/A,"Rome, Ga. (Cage Center)",Lose,2,False,300,False,02:12,,68 ,,66,"MISS 3PTR by HARVILLE,TYLER",,,"MISS 3PTR by HARVILLE,TYLER",2,three pointer,missed,berry,"harville,tyler",,"['barrett,jordan', 'vance,luke', 'aldous,hank', 'garrett,travis', 'littlefield,gearen']","['jacobs,owen', 'park,brandon', 'harville,tyler', 'mccloud,lee', 'chaykowsky,zack', 'ellingsworth,coleman']",132
387,1023,Berry,Hendrix,1,79-73,"33,40","30,49",4-8,6-6,0-2,1-1,01/09/15,8 p.m.,N/A,"Rome, Ga. (Cage Center)",Lose,2,False,300,False,--,"REBOUND DEF by LITTLEFIELD,GEAREN",68 ,,66,,,,"REBOUND DEF by LITTLEFIELD,GEAREN",2,defensive rebound,,hendrix,"littlefield,gearen",,"['barrett,jordan', 'vance,luke', 'aldous,hank', 'garrett,travis', 'littlefield,gearen']","['jacobs,owen', 'park,brandon', 'harville,tyler', 'mccloud,lee', 'chaykowsky,zack', 'ellingsworth,coleman']",
388,1023,Berry,Hendrix,1,79-73,"33,40","30,49",4-8,6-6,0-2,1-1,01/09/15,8 p.m.,N/A,"Rome, Ga. (Cage Center)",Lose,2,False,300,False,01:52,TIMEOUT 30SEC by TEAM,68 ,,66,,,,TIMEOUT 30SEC by TEAM,2,timeout,,hendrix,,,"['barrett,jordan', 'vance,luke', 'aldous,hank', 'garrett,travis', 'littlefield,gearen']","['jacobs,owen', 'park,brandon', 'harville,tyler', 'mccloud,lee', 'chaykowsky,zack', 'ellingsworth,coleman']",112
389,1023,Berry,Hendrix,1,79-73,"33,40","30,49",4-8,6-6,0-2,1-1,01/09/15,8 p.m.,N/A,"Rome, Ga. (Cage Center)",Lose,2,False,300,False,01:39,"TURNOVER  by BARRETT,JORDAN",68 ,,66,,,,"TURNOVER  by BARRETT,JORDAN",2,turnover,,hendrix,"barrett,jordan",,"['barrett,jordan', 'vance,luke', 'aldous,hank', 'garrett,travis', 'littlefield,gearen']","['jacobs,owen', 'park,brandon', 'harville,tyler', 'mccloud,lee', 'chaykowsky,zack', 'ellingsworth,coleman']",99
390,1023,Berry,Hendrix,1,79-73,"33,40","30,49",4-8,6-6,0-2,1-1,01/09/15,8 p.m.,N/A,"Rome, Ga. (Cage Center)",Lose,2,False,300,False,01:39,,68 ,,66,"STEAL  by JACOBS,OWEN",,,"STEAL  by JACOBS,OWEN",2,steal,,berry,,,"['barrett,jordan', 'vance,luke', 'aldous,hank', 'garrett,travis', 'littlefield,gearen']","['jacobs,owen', 'park,brandon', 'harville,tyler', 'mccloud,lee', 'chaykowsky,zack', 'ellingsworth,coleman']",99
391,1023,Berry,Hendrix,1,79-73,"33,40","30,49",4-8,6-6,0-2,1-1,01/09/15,8 p.m.,N/A,"Rome, Ga. (Cage Center)",Lose,2,False,300,False,01:39,"FOUL  by BARRETT,JORDAN",68 ,,66,,,,"FOUL  by BARRETT,JORDAN",2,foul,,hendrix,"barrett,jordan",,"['barrett,jordan', 'vance,luke', 'aldous,hank', 'garrett,travis', 'littlefield,gearen']","['jacobs,owen', 'park,brandon', 'harville,tyler', 'mccloud,lee', 'chaykowsky,zack', 'ellingsworth,coleman']",99
392,1023,Berry,Hendrix,1,79-73,"33,40","30,49",4-8,6-6,0-2,1-1,01/09/15,8 p.m.,N/A,"Rome, Ga. (Cage Center)",Lose,2,False,300,False,01:39,,68 ,,66,"MISS FT by JACOBS,OWEN",,,"MISS FT by JACOBS,OWEN",2,free throw,missed,berry,"jacobs,owen",,"['barrett,jordan', 'vance,luke', 'aldous,hank', 'garrett,travis', 'littlefield,gearen']","['jacobs,owen', 'park,brandon', 'harville,tyler', 'mccloud,lee', 'chaykowsky,zack', 'ellingsworth,coleman']",99
393,1023,Berry,Hendrix,1,79-73,"33,40","30,49",4-8,6-6,0-2,1-1,01/09/15,8 p.m.,N/A,"Rome, Ga. (Cage Center)",Lose,2,False,300,False,--,,68 ,,66,REBOUND DEADB by TEAM,,,REBOUND DEADB by TEAM,2,deadball rebound,,berry,,,"['barrett,jordan', 'vance,luke', 'aldous,hank', 'garrett,travis', 'littlefield,gearen']","['jacobs,owen', 'park,brandon', 'harville,tyler', 'mccloud,lee', 'chaykowsky,zack', 'ellingsworth,coleman']",
394,1023,Berry,Hendrix,1,79-73,"33,40","30,49",4-8,6-6,0-2,1-1,01/09/15,8 p.m.,N/A,"Rome, Ga. (Cage Center)",Lose,2,False,300,False,01:39,,68 ,,67,"GOOD FT by JACOBS,OWEN",BCM 68-67 (+1),,"GOOD FT by JACOBS,OWEN",2,free throw,good,berry,"jacobs,owen",1,"['barrett,jordan', 'vance,luke', 'aldous,hank', 'garrett,travis', 'littlefield,gearen']","['jacobs,owen', 'park,brandon', 'harville,tyler', 'mccloud,lee', 'chaykowsky,zack', 'ellingsworth,coleman']",99
395,1023,Berry,Hendrix,1,79-73,"33,40","30,49",4-8,6-6,0-2,1-1,01/09/15,8 p.m.,N/A,"Rome, Ga. (Cage Center)",Lose,2,False,300,False,01:35,,68 ,,67,"FOUL  by CHAYKOWSKY,ZACK",,,"FOUL  by CHAYKOWSKY,ZACK",2,foul,,berry,"chaykowsky,zack",,"['barrett,jordan', 'vance,luke', 'aldous,hank', 'garrett,travis', 'littlefield,gearen']","['jacobs,owen', 'park,brandon', 'harville,tyler', 'mccloud,lee', 'chaykowsky,zack', 'ellingsworth,coleman']",95
396,1023,Berry,Hendrix,1,79-73,"33,40","30,49",4-8,6-6,0-2,1-1,01/09/15,8 p.m.,N/A,"Rome, Ga. (Cage Center)",Lose,2,False,300,False,01:35,"GOOD FT by LITTLEFIELD,GEAREN",69 ,,67,,HC 69-67 (+2),,"GOOD FT by LITTLEFIELD,GEAREN",2,free throw,good,hendrix,"littlefield,gearen",1,"['barrett,jordan', 'vance,luke', 'aldous,hank', 'garrett,travis', 'littlefield,gearen']","['jacobs,owen', 'park,brandon', 'harville,tyler', 'mccloud,lee', 'chaykowsky,zack', 'ellingsworth,coleman']",95
397,1023,Berry,Hendrix,1,79-73,"33,40","30,49",4-8,6-6,0-2,1-1,01/09/15,8 p.m.,N/A,"Rome, Ga. (Cage Center)",Lose,2,False,300,False,01:35,"MISS FT by LITTLEFIELD,GEAREN",69 ,,67,,,,"MISS FT by LITTLEFIELD,GEAREN",2,free throw,missed,hendrix,"littlefield,gearen",,"['barrett,jordan', 'vance,luke', 'aldous,hank', 'garrett,travis', 'littlefield,gearen']","['jacobs,owen', 'park,brandon', 'harville,tyler', 'mccloud,lee', 'chaykowsky,zack', 'ellingsworth,coleman']",95
398,1023,Berry,Hendrix,1,79-73,"33,40","30,49",4-8,6-6,0-2,1-1,01/09/15,8 p.m.,N/A,"Rome, Ga. (Cage Center)",Lose,2,False,300,False,--,,69 ,,67,"REBOUND DEF by JACOBS,OWEN",,,"REBOUND DEF by JACOBS,OWEN",2,defensive rebound,,berry,"jacobs,owen",,"['barrett,jordan', 'vance,luke', 'aldous,hank', 'garrett,travis', 'littlefield,gearen']","['jacobs,owen', 'park,brandon', 'harville,tyler', 'mccloud,lee', 'chaykowsky,zack', 'ellingsworth,coleman']",
399,1023,Berry,Hendrix,1,79-73,"33,40","30,49",4-8,6-6,0-2,1-1,01/09/15,8 p.m.,N/A,"Rome, Ga. (Cage Center)",Lose,2,False,300,False,01:29,,69 ,,67,"FOUL  by HARVILLE,TYLER",,,"FOUL  by HARVILLE,TYLER",2,foul,,berry,"harville,tyler",,"['barrett,jordan', 'vance,luke', 'aldous,hank', 'garrett,travis', 'littlefield,gearen']","['jacobs,owen', 'park,brandon', 'harville,tyler', 'mccloud,lee', 'chaykowsky,zack', 'ellingsworth,coleman']",89
400,1023,Berry,Hendrix,1,79-73,"33,40","30,49",4-8,6-6,0-2,1-1,01/09/15,8 p.m.,N/A,"Rome, Ga. (Cage Center)",Lose,2,False,300,False,01:29,,69 ,,68,"GOOD FT by MCCLOUD,LEE",BCM 69-68 (+1),,"GOOD FT by MCCLOUD,LEE",2,free throw,good,berry,"mccloud,lee",1,"['barrett,jordan', 'vance,luke', 'aldous,hank', 'garrett,travis', 'littlefield,gearen']","['jacobs,owen', 'park,brandon', 'harville,tyler', 'mccloud,lee', 'chaykowsky,zack', 'ellingsworth,coleman']",89
401,1023,Berry,Hendrix,1,79-73,"33,40","30,49",4-8,6-6,0-2,1-1,01/09/15,8 p.m.,N/A,"Rome, Ga. (Cage Center)",Lose,2,False,300,False,01:29,,69,,69,"GOOD FT by MCCLOUD,LEE",BCM 69-69 (0),,"GOOD FT by MCCLOUD,LEE",2,free throw,good,berry,"mccloud,lee",1,"['barrett,jordan', 'vance,luke', 'aldous,hank', 'garrett,travis', 'littlefield,gearen']","['jacobs,owen', 'park,brandon', 'harville,tyler', 'mccloud,lee', 'chaykowsky,zack', 'ellingsworth,coleman']",89
402,1023,Berry,Hendrix,1,79-73,"33,40","30,49",4-8,6-6,0-2,1-1,01/09/15,8 p.m.,N/A,"Rome, Ga. (Cage Center)",Lose,2,False,300,False,01:17,"GOOD LAYUP by VANCE,LUKE(in the paint)",71 ,,69,,HC 71-69 (+2),,"GOOD LAYUP by VANCE,LUKE(in the paint)",2,layup,good,hendrix,"vance,luke",2,"['barrett,jordan', 'vance,luke', 'aldous,hank', 'garrett,travis', 'littlefield,gearen']","['jacobs,owen', 'park,brandon', 'harville,tyler', 'mccloud,lee', 'chaykowsky,zack', 'ellingsworth,coleman']",77
403,1023,Berry,Hendrix,1,79-73,"33,40","30,49",4-8,6-6,0-2,1-1,01/09/15,8 p.m.,N/A,"Rome, Ga. (Cage Center)",Lose,2,False,300,False,01:01,,71 ,,69,"MISS LAYUP by MCCLOUD,LEE",,,"MISS LAYUP by MCCLOUD,LEE",2,layup,missed,berry,"mccloud,lee",,"['barrett,jordan', 'vance,luke', 'aldous,hank', 'garrett,travis', 'littlefield,gearen']","['jacobs,owen', 'park,brandon', 'harville,tyler', 'mccloud,lee', 'chaykowsky,zack', 'ellingsworth,coleman']",61
404,1023,Berry,Hendrix,1,79-73,"33,40","30,49",4-8,6-6,0-2,1-1,01/09/15,8 p.m.,N/A,"Rome, Ga. (Cage Center)",Lose,2,False,300,False,--,"REBOUND DEF by LITTLEFIELD,GEAREN",71 ,,69,,,,"REBOUND DEF by LITTLEFIELD,GEAREN",2,defensive rebound,,hendrix,"littlefield,gearen",,"['barrett,jordan', 'vance,luke', 'aldous,hank', 'garrett,travis', 'littlefield,gearen']","['jacobs,owen', 'park,brandon', 'harville,tyler', 'mccloud,lee', 'chaykowsky,zack', 'ellingsworth,coleman']",
405,1023,Berry,Hendrix,1,79-73,"33,40","30,49",4-8,6-6,0-2,1-1,01/09/15,8 p.m.,N/A,"Rome, Ga. (Cage Center)",Lose,2,False,300,False,00:50,TIMEOUT 30SEC by TEAM,71 ,,69,,,,TIMEOUT 30SEC by TEAM,2,timeout,,hendrix,,,"['barrett,jordan', 'vance,luke', 'aldous,hank', 'garrett,travis', 'littlefield,gearen']","['jacobs,owen', 'park,brandon', 'harville,tyler', 'mccloud,lee', 'chaykowsky,zack', 'ellingsworth,coleman']",50
406,1023,Berry,Hendrix,1,79-73,"33,40","30,49",4-8,6-6,0-2,1-1,01/09/15,8 p.m.,N/A,"Rome, Ga. (Cage Center)",Lose,2,False,300,False,00:45,"GOOD LAYUP by LITTLEFIELD,GEAREN(in the paint)",73 ,,69,,HC 73-69 (+4),,"GOOD LAYUP by LITTLEFIELD,GEAREN(in the paint)",2,layup,good,hendrix,"littlefield,gearen",2,"['barrett,jordan', 'vance,luke', 'aldous,hank', 'garrett,travis', 'littlefield,gearen']","['jacobs,owen', 'park,brandon', 'harville,tyler', 'mccloud,lee', 'chaykowsky,zack', 'ellingsworth,coleman']",45
407,1023,Berry,Hendrix,1,79-73,"33,40","30,49",4-8,6-6,0-2,1-1,01/09/15,8 p.m.,N/A,"Rome, Ga. (Cage Center)",Lose,2,False,300,False,--,"ASSIST  by ALDOUS,HANK",73 ,,69,,,,"ASSIST  by ALDOUS,HANK",2,assist,,hendrix,"aldous,hank",,"['barrett,jordan', 'vance,luke', 'aldous,hank', 'garrett,travis', 'littlefield,gearen']","['jacobs,owen', 'park,brandon', 'harville,tyler', 'mccloud,lee', 'chaykowsky,zack', 'ellingsworth,coleman']",
408,1023,Berry,Hendrix,1,79-73,"33,40","30,49",4-8,6-6,0-2,1-1,01/09/15,8 p.m.,N/A,"Rome, Ga. (Cage Center)",Lose,2,False,300,False,00:30,,73 ,,70,"GOOD FT by MCCLOUD,LEE",BCM 73-70 (+3),,"GOOD FT by MCCLOUD,LEE",2,free throw,good,berry,"mccloud,lee",1,"['barrett,jordan', 'vance,luke', 'aldous,hank', 'garrett,travis', 'littlefield,gearen']","['jacobs,owen', 'park,brandon', 'harville,tyler', 'mccloud,lee', 'chaykowsky,zack', 'ellingsworth,coleman']",30
409,1023,Berry,Hendrix,1,79-73,"33,40","30,49",4-8,6-6,0-2,1-1,01/09/15,8 p.m.,N/A,"Rome, Ga. (Cage Center)",Lose,2,False,300,False,00:30,,73 ,,71,"GOOD FT by MCCLOUD,LEE",BCM 73-71 (+2),,"GOOD FT by MCCLOUD,LEE",2,free throw,good,berry,"mccloud,lee",1,"['barrett,jordan', 'vance,luke', 'aldous,hank', 'garrett,travis', 'littlefield,gearen']","['jacobs,owen', 'park,brandon', 'harville,tyler', 'mccloud,lee', 'chaykowsky,zack', 'ellingsworth,coleman']",30
410,1023,Berry,Hendrix,1,79-73,"33,40","30,49",4-8,6-6,0-2,1-1,01/09/15,8 p.m.,N/A,"Rome, Ga. (Cage Center)",Lose,2,False,300,False,00:27,"FOUL  by BARRETT,JORDAN",73 ,,71,,,,"FOUL  by BARRETT,JORDAN",2,foul,,hendrix,"barrett,jordan",,"['barrett,jordan', 'vance,luke', 'aldous,hank', 'garrett,travis', 'littlefield,gearen']","['jacobs,owen', 'park,brandon', 'harville,tyler', 'mccloud,lee', 'chaykowsky,zack', 'ellingsworth,coleman']",27
411,1023,Berry,Hendrix,1,79-73,"33,40","30,49",4-8,6-6,0-2,1-1,01/09/15,8 p.m.,N/A,"Rome, Ga. (Cage Center)",Lose,2,False,300,False,00:27,"SUB IN by NIKOLOVSKI,DREW",73 ,,71,,,,"SUB IN by NIKOLOVSKI,DREW",2,subbing in,,hendrix,"nikolovski,drew",,"['barrett,jordan', 'vance,luke', 'aldous,hank', 'garrett,travis', 'littlefield,gearen']","['jacobs,owen', 'park,brandon', 'harville,tyler', 'mccloud,lee', 'chaykowsky,zack', 'ellingsworth,coleman']",27
412,1023,Berry,Hendrix,1,79-73,"33,40","30,49",4-8,6-6,0-2,1-1,01/09/15,8 p.m.,N/A,"Rome, Ga. (Cage Center)",Lose,2,False,300,False,00:27,"SUB OUT by BARRETT,JORDAN",73 ,,71,,,,"SUB OUT by BARRETT,JORDAN",2,subbing out,,hendrix,"barrett,jordan",,"['vance,luke', 'aldous,hank', 'garrett,travis', 'littlefield,gearen']","['jacobs,owen', 'park,brandon', 'harville,tyler', 'mccloud,lee', 'chaykowsky,zack', 'ellingsworth,coleman']",27
413,1023,Berry,Hendrix,1,79-73,"33,40","30,49",4-8,6-6,0-2,1-1,01/09/15,8 p.m.,N/A,"Rome, Ga. (Cage Center)",Lose,2,False,300,False,00:21,,73 ,,71,"FOUL  by JACOBS,OWEN",,,"FOUL  by JACOBS,OWEN",2,foul,,berry,"jacobs,owen",,"['vance,luke', 'aldous,hank', 'garrett,travis', 'littlefield,gearen']","['jacobs,owen', 'park,brandon', 'harville,tyler', 'mccloud,lee', 'chaykowsky,zack', 'ellingsworth,coleman']",21
414,1023,Berry,Hendrix,1,79-73,"33,40","30,49",4-8,6-6,0-2,1-1,01/09/15,8 p.m.,N/A,"Rome, Ga. (Cage Center)",Lose,2,False,300,False,00:21,"GOOD FT by ALDOUS,HANK",74 ,,71,,HC 74-71 (+3),,"GOOD FT by ALDOUS,HANK",2,free throw,good,hendrix,"aldous,hank",1,"['vance,luke', 'aldous,hank', 'garrett,travis', 'littlefield,gearen']","['jacobs,owen', 'park,brandon', 'harville,tyler', 'mccloud,lee', 'chaykowsky,zack', 'ellingsworth,coleman']",21
415,1023,Berry,Hendrix,1,79-73,"33,40","30,49",4-8,6-6,0-2,1-1,01/09/15,8 p.m.,N/A,"Rome, Ga. (Cage Center)",Lose,2,False,300,False,00:21,"GOOD FT by ALDOUS,HANK",75 ,,71,,HC 75-71 (+4),,"GOOD FT by ALDOUS,HANK",2,free throw,good,hendrix,"aldous,hank",1,"['vance,luke', 'aldous,hank', 'garrett,travis', 'littlefield,gearen']","['jacobs,owen', 'park,brandon', 'harville,tyler', 'mccloud,lee', 'chaykowsky,zack', 'ellingsworth,coleman']",21
416,1023,Berry,Hendrix,1,79-73,"33,40","30,49",4-8,6-6,0-2,1-1,01/09/15,8 p.m.,N/A,"Rome, Ga. (Cage Center)",Lose,2,False,300,False,00:17,,75 ,,71,"MISS 3PTR by HARVILLE,TYLER",,,"MISS 3PTR by HARVILLE,TYLER",2,three pointer,missed,berry,"harville,tyler",,"['vance,luke', 'aldous,hank', 'garrett,travis', 'littlefield,gearen']","['jacobs,owen', 'park,brandon', 'harville,tyler', 'mccloud,lee', 'chaykowsky,zack', 'ellingsworth,coleman']",17
417,1023,Berry,Hendrix,1,79-73,"33,40","30,49",4-8,6-6,0-2,1-1,01/09/15,8 p.m.,N/A,"Rome, Ga. (Cage Center)",Lose,2,False,300,False,--,"REBOUND DEF by VANCE,LUKE",75 ,,71,,,,"REBOUND DEF by VANCE,LUKE",2,defensive rebound,,hendrix,"vance,luke",,"['vance,luke', 'aldous,hank', 'garrett,travis', 'littlefield,gearen']","['jacobs,owen', 'park,brandon', 'harville,tyler', 'mccloud,lee', 'chaykowsky,zack', 'ellingsworth,coleman']",
418,1023,Berry,Hendrix,1,79-73,"33,40","30,49",4-8,6-6,0-2,1-1,01/09/15,8 p.m.,N/A,"Rome, Ga. (Cage Center)",Lose,2,False,300,False,00:14,"GOOD FT by VANCE,LUKE",76 ,,71,,HC 76-71 (+5),,"GOOD FT by VANCE,LUKE",2,free throw,good,hendrix,"vance,luke",1,"['vance,luke', 'aldous,hank', 'garrett,travis', 'littlefield,gearen']","['jacobs,owen', 'park,brandon', 'harville,tyler', 'mccloud,lee', 'chaykowsky,zack', 'ellingsworth,coleman']",14
419,1023,Berry,Hendrix,1,79-73,"33,40","30,49",4-8,6-6,0-2,1-1,01/09/15,8 p.m.,N/A,"Rome, Ga. (Cage Center)",Lose,2,False,300,False,00:14,"GOOD FT by VANCE,LUKE",77 ,,71,,HC 77-71 (+6),,"GOOD FT by VANCE,LUKE",2,free throw,good,hendrix,"vance,luke",1,"['vance,luke', 'aldous,hank', 'garrett,travis', 'littlefield,gearen']","['jacobs,owen', 'park,brandon', 'harville,tyler', 'mccloud,lee', 'chaykowsky,zack', 'ellingsworth,coleman']",14
420,1023,Berry,Hendrix,1,79-73,"33,40","30,49",4-8,6-6,0-2,1-1,01/09/15,8 p.m.,N/A,"Rome, Ga. (Cage Center)",Lose,2,False,300,False,00:09,,77 ,,73,"GOOD LAYUP by JACOBS,OWEN(in the paint)",BCM 77-73 (+4),,"GOOD LAYUP by JACOBS,OWEN(in the paint)",2,layup,good,berry,"jacobs,owen",2,"['vance,luke', 'aldous,hank', 'garrett,travis', 'littlefield,gearen']","['jacobs,owen', 'park,brandon', 'harville,tyler', 'mccloud,lee', 'chaykowsky,zack', 'ellingsworth,coleman']",9
421,1023,Berry,Hendrix,1,79-73,"33,40","30,49",4-8,6-6,0-2,1-1,01/09/15,8 p.m.,N/A,"Rome, Ga. (Cage Center)",Lose,2,False,300,False,--,,77 ,,73,"ASSIST  by HARVILLE,TYLER",,,"ASSIST  by HARVILLE,TYLER",2,assist,,berry,"harville,tyler",,"['vance,luke', 'aldous,hank', 'garrett,travis', 'littlefield,gearen']","['jacobs,owen', 'park,brandon', 'harville,tyler', 'mccloud,lee', 'chaykowsky,zack', 'ellingsworth,coleman']",
422,1023,Berry,Hendrix,1,79-73,"33,40","30,49",4-8,6-6,0-2,1-1,01/09/15,8 p.m.,N/A,"Rome, Ga. (Cage Center)",Lose,2,False,300,False,00:08,,77 ,,73,TIMEOUT TEAM by TEAM,,,TIMEOUT TEAM by TEAM,2,timeout,,berry,,,"['vance,luke', 'aldous,hank', 'garrett,travis', 'littlefield,gearen']","['jacobs,owen', 'park,brandon', 'harville,tyler', 'mccloud,lee', 'chaykowsky,zack', 'ellingsworth,coleman']",8
423,1023,Berry,Hendrix,1,79-73,"33,40","30,49",4-8,6-6,0-2,1-1,01/09/15,8 p.m.,N/A,"Rome, Ga. (Cage Center)",Lose,2,False,300,False,00:07,,77 ,,73,"FOUL  by CHAYKOWSKY,ZACK",,,"FOUL  by CHAYKOWSKY,ZACK",2,foul,,berry,"chaykowsky,zack",,"['vance,luke', 'aldous,hank', 'garrett,travis', 'littlefield,gearen']","['jacobs,owen', 'park,brandon', 'harville,tyler', 'mccloud,lee', 'chaykowsky,zack', 'ellingsworth,coleman']",7
424,1023,Berry,Hendrix,1,79-73,"33,40","30,49",4-8,6-6,0-2,1-1,01/09/15,8 p.m.,N/A,"Rome, Ga. (Cage Center)",Lose,2,False,300,False,00:07,"GOOD FT by ALDOUS,HANK",78 ,,73,,HC 78-73 (+5),,"GOOD FT by ALDOUS,HANK",2,free throw,good,hendrix,"aldous,hank",1,"['vance,luke', 'aldous,hank', 'garrett,travis', 'littlefield,gearen']","['jacobs,owen', 'park,brandon', 'harville,tyler', 'mccloud,lee', 'chaykowsky,zack', 'ellingsworth,coleman']",7
425,1023,Berry,Hendrix,1,79-73,"33,40","30,49",4-8,6-6,0-2,1-1,01/09/15,8 p.m.,N/A,"Rome, Ga. (Cage Center)",Lose,2,False,300,False,00:07,"GOOD FT by ALDOUS,HANK",79 ,,73,,HC 79-73 (+6),,"GOOD FT by ALDOUS,HANK",2,free throw,good,hendrix,"aldous,hank",1,"['vance,luke', 'aldous,hank', 'garrett,travis', 'littlefield,gearen']","['jacobs,owen', 'park,brandon', 'harville,tyler', 'mccloud,lee', 'chaykowsky,zack', 'ellingsworth,coleman']",7
426,1023,Berry,Hendrix,1,79-73,"33,40","30,49",4-8,6-6,0-2,1-1,01/09/15,8 p.m.,N/A,"Rome, Ga. (Cage Center)",Lose,2,False,300,False,00:07,,79 ,,73,"SUB IN by POWELL,SAMUEL",,,"SUB IN by POWELL,SAMUEL",2,subbing in,,berry,"powell,samuel",,"['vance,luke', 'aldous,hank', 'garrett,travis', 'littlefield,gearen']","['jacobs,owen', 'park,brandon', 'harville,tyler', 'mccloud,lee', 'chaykowsky,zack', 'ellingsworth,coleman', 'powell,samuel']",7
427,1023,Berry,Hendrix,1,79-73,"33,40","30,49",4-8,6-6,0-2,1-1,01/09/15,8 p.m.,N/A,"Rome, Ga. (Cage Center)",Lose,2,False,300,False,00:07,,79 ,,73,"SUB OUT by CHAYKOWSKY,ZACK",,,"SUB OUT by CHAYKOWSKY,ZACK",2,subbing out,,berry,"chaykowsky,zack",,"['vance,luke', 'aldous,hank', 'garrett,travis', 'littlefield,gearen']","['jacobs,owen', 'park,brandon', 'harville,tyler', 'mccloud,lee', 'ellingsworth,coleman', 'powell,samuel']",7
428,1023,Berry,Hendrix,1,79-73,"33,40","30,49",4-8,6-6,0-2,1-1,01/09/15,8 p.m.,N/A,"Rome, Ga. (Cage Center)",Lose,2,False,300,False,00:04,,79 ,,73,"MISS 3PTR by HARVILLE,TYLER",,,"MISS 3PTR by HARVILLE,TYLER",2,three pointer,missed,berry,"harville,tyler",,"['vance,luke', 'aldous,hank', 'garrett,travis', 'littlefield,gearen']","['jacobs,owen', 'park,brandon', 'harville,tyler', 'mccloud,lee', 'ellingsworth,coleman', 'powell,samuel']",4
429,1023,Berry,Hendrix,1,79-73,"33,40","30,49",4-8,6-6,0-2,1-1,01/09/15,8 p.m.,N/A,"Rome, Ga. (Cage Center)",Lose,2,False,300,False,--,,79 ,,73,"REBOUND OFF by POWELL,SAMUEL",,,"REBOUND OFF by POWELL,SAMUEL",2,offensive rebound,,berry,"powell,samuel",,"['vance,luke', 'aldous,hank', 'garrett,travis', 'littlefield,gearen']","['jacobs,owen', 'park,brandon', 'harville,tyler', 'mccloud,lee', 'ellingsworth,coleman', 'powell,samuel']",
430,1023,Berry,Hendrix,1,79-73,"33,40","30,49",4-8,6-6,0-2,1-1,01/09/15,8 p.m.,N/A,"Rome, Ga. (Cage Center)",Lose,2,False,300,False,00:00,,79 ,,73,"MISS 3PTR by POWELL,SAMUEL",,,"MISS 3PTR by POWELL,SAMUEL",2,three pointer,missed,berry,"powell,samuel",,"['vance,luke', 'aldous,hank', 'garrett,travis', 'littlefield,gearen']","['jacobs,owen', 'park,brandon', 'harville,tyler', 'mccloud,lee', 'ellingsworth,coleman', 'powell,samuel']",0
431,1023,Berry,Hendrix,1,79-73,"33,40","30,49",4-8,6-6,0-2,1-1,01/09/15,8 p.m.,N/A,"Rome, Ga. (Cage Center)",Lose,2,False,300,False,--,,79 ,,73,REBOUND OFF by TEAM,,,REBOUND OFF by TEAM,2,offensive rebound,,berry,,,"['vance,luke', 'aldous,hank', 'garrett,travis', 'littlefield,gearen']","['jacobs,owen', 'park,brandon', 'harville,tyler', 'mccloud,lee', 'ellingsworth,coleman', 'powell,samuel']",
