game,boxscore_visitor_name,boxscore_home_name,final score,visitorFinalScore,homeFinalScore,visitorRecord,homeRecord,gameDate,outcome,attendance,gameLocation,gameTime,Time Remaining,Away Team,Away Team Score,Home Team Score,Home Team,Point Differential,Period,Home Play Type,Home Shot Good,Home Shots Taken,Home 3PTRs Taken,Home Shooting PCT,Home 3PTRs PCT,Away Play Type,Away Shot Good,Away Shots Taken,Away 3PTRs Taken,Away Shooting PCT,Away 3PTRs PCT,Time Remaining Mins,Time Remaining Secs
22,Sewanee,Birmingham-Southern,49-85,49,85,"11-11, 5-9 SCAC","22-1, 14-1 SCAC",02/12/12,Win,885,No Location Recorded,3:00 PM,19:47,"TURNOVER  by BROWN,TYLER",0,0,,0,1,,,0,0,,,,,0,0,,,39,2387
22,Sewanee,Birmingham-Southern,49-85,49,85,"11-11, 5-9 SCAC","22-1, 14-1 SCAC",02/12/12,Win,885,No Location Recorded,3:00 PM,19:46,,0,0,"STEAL  by RICHARDS,ZAC",0,1,,,0,0,,,,,0,0,,,39,2386
22,Sewanee,Birmingham-Southern,49-85,49,85,"11-11, 5-9 SCAC","22-1, 14-1 SCAC",02/12/12,Win,885,No Location Recorded,3:00 PM,19:31,,0,2,"GOOD LAYUP by JONUS,JASEN(in the paint)",2,1,,,0,0,,,layup,good,1,0,1.0,,39,2371
22,Sewanee,Birmingham-Southern,49-85,49,85,"11-11, 5-9 SCAC","22-1, 14-1 SCAC",02/12/12,Win,885,No Location Recorded,3:00 PM,18:57,"GOOD 3PTR by AFFRONTI,LEWIS",3,2,,-1,1,3ptr,good,1,1,1.0,1.0,,,1,0,1.0,,38,2337
22,Sewanee,Birmingham-Southern,49-85,49,85,"11-11, 5-9 SCAC","22-1, 14-1 SCAC",02/12/12,Win,885,No Location Recorded,3:00 PM,18:57,"ASSIST  by NELSON,ANVIL",3,2,,-1,1,,,1,1,1.0,1.0,,,1,0,1.0,,38,2337
22,Sewanee,Birmingham-Southern,49-85,49,85,"11-11, 5-9 SCAC","22-1, 14-1 SCAC",02/12/12,Win,885,No Location Recorded,3:00 PM,18:36,,3,2,"MISS LAYUP by RICHARDS,ZAC",-1,1,,,1,1,1.0,1.0,layup,miss,2,0,0.5,,38,2316
22,Sewanee,Birmingham-Southern,49-85,49,85,"11-11, 5-9 SCAC","22-1, 14-1 SCAC",02/12/12,Win,885,No Location Recorded,3:00 PM,18:36,,3,2,"REBOUND OFF by HENRY,COLIN",-1,1,,,1,1,1.0,1.0,,,2,0,0.5,,38,2316
22,Sewanee,Birmingham-Southern,49-85,49,85,"11-11, 5-9 SCAC","22-1, 14-1 SCAC",02/12/12,Win,885,No Location Recorded,3:00 PM,18:30,,3,2,"GOOD TIPIN by HENRY,COLIN(in the paint)",-1,1,,,1,1,1.0,1.0,,good,3,0,0.667,,38,2310
22,Sewanee,Birmingham-Southern,49-85,49,85,"11-11, 5-9 SCAC","22-1, 14-1 SCAC",02/12/12,Win,885,No Location Recorded,3:00 PM,18:06,"TURNOVER  by NELSON,ANVIL",3,2,,-1,1,,,1,1,1.0,1.0,,,3,0,0.667,,38,2286
22,Sewanee,Birmingham-Southern,49-85,49,85,"11-11, 5-9 SCAC","22-1, 14-1 SCAC",02/12/12,Win,885,No Location Recorded,3:00 PM,18:06,,3,2,"STEAL  by KEGARISE,KEVIN",-1,1,,,1,1,1.0,1.0,,,3,0,0.667,,38,2286
22,Sewanee,Birmingham-Southern,49-85,49,85,"11-11, 5-9 SCAC","22-1, 14-1 SCAC",02/12/12,Win,885,No Location Recorded,3:00 PM,18:06,"FOUL  by NELSON,ANVIL",3,2,,-1,1,foul,,1,1,1.0,1.0,,,3,0,0.667,,38,2286
22,Sewanee,Birmingham-Southern,49-85,49,85,"11-11, 5-9 SCAC","22-1, 14-1 SCAC",02/12/12,Win,885,No Location Recorded,3:00 PM,17:51,,3,5,"GOOD 3PTR by WHITE,BLAISE",2,1,,,1,1,1.0,1.0,3ptr,good,4,1,0.75,1.0,37,2271
22,Sewanee,Birmingham-Southern,49-85,49,85,"11-11, 5-9 SCAC","22-1, 14-1 SCAC",02/12/12,Win,885,No Location Recorded,3:00 PM,17:51,,3,5,"ASSIST  by RICHARDS,ZAC",2,1,,,1,1,1.0,1.0,,,4,1,0.75,1.0,37,2271
22,Sewanee,Birmingham-Southern,49-85,49,85,"11-11, 5-9 SCAC","22-1, 14-1 SCAC",02/12/12,Win,885,No Location Recorded,3:00 PM,17:05,"MISS 3PTR by BRYANT,VALENTINO",3,5,,2,1,3ptr,miss,2,2,0.5,0.5,,,4,1,0.75,1.0,37,2225
22,Sewanee,Birmingham-Southern,49-85,49,85,"11-11, 5-9 SCAC","22-1, 14-1 SCAC",02/12/12,Win,885,No Location Recorded,3:00 PM,17:05,,3,5,REBOUND DEF by TEAM,2,1,,,2,2,0.5,0.5,,,4,1,0.75,1.0,37,2225
22,Sewanee,Birmingham-Southern,49-85,49,85,"11-11, 5-9 SCAC","22-1, 14-1 SCAC",02/12/12,Win,885,No Location Recorded,3:00 PM,16:51,,3,5,"MISS 3PTR by JONUS,JASEN",2,1,,,2,2,0.5,0.5,3ptr,miss,5,2,0.6,0.5,36,2211
22,Sewanee,Birmingham-Southern,49-85,49,85,"11-11, 5-9 SCAC","22-1, 14-1 SCAC",02/12/12,Win,885,No Location Recorded,3:00 PM,16:51,,3,5,"REBOUND OFF by WHITE,BLAISE",2,1,,,2,2,0.5,0.5,,,5,2,0.6,0.5,36,2211
22,Sewanee,Birmingham-Southern,49-85,49,85,"11-11, 5-9 SCAC","22-1, 14-1 SCAC",02/12/12,Win,885,No Location Recorded,3:00 PM,16:44,,3,8,"GOOD 3PTR by KEGARISE,KEVIN",5,1,,,2,2,0.5,0.5,3ptr,good,6,3,0.667,0.667,36,2204
22,Sewanee,Birmingham-Southern,49-85,49,85,"11-11, 5-9 SCAC","22-1, 14-1 SCAC",02/12/12,Win,885,No Location Recorded,3:00 PM,16:44,,3,8,"ASSIST  by HENRY,COLIN",5,1,,,2,2,0.5,0.5,,,6,3,0.667,0.667,36,2204
22,Sewanee,Birmingham-Southern,49-85,49,85,"11-11, 5-9 SCAC","22-1, 14-1 SCAC",02/12/12,Win,885,No Location Recorded,3:00 PM,16:40,TIMEOUT 30SEC by TEAM,3,8,,5,1,,,2,2,0.5,0.5,,,6,3,0.667,0.667,36,2200
22,Sewanee,Birmingham-Southern,49-85,49,85,"11-11, 5-9 SCAC","22-1, 14-1 SCAC",02/12/12,Win,885,No Location Recorded,3:00 PM,16:40,"SUB IN by BOULDIN,BRETT",3,8,,5,1,,,2,2,0.5,0.5,,,6,3,0.667,0.667,36,2200
22,Sewanee,Birmingham-Southern,49-85,49,85,"11-11, 5-9 SCAC","22-1, 14-1 SCAC",02/12/12,Win,885,No Location Recorded,3:00 PM,16:40,"SUB OUT by WILLIAMS,TRENT",3,8,,5,1,,,2,2,0.5,0.5,,,6,3,0.667,0.667,36,2200
22,Sewanee,Birmingham-Southern,49-85,49,85,"11-11, 5-9 SCAC","22-1, 14-1 SCAC",02/12/12,Win,885,No Location Recorded,3:00 PM,16:12,"MISS 3PTR by BOULDIN,BRETT",3,8,,5,1,3ptr,miss,3,3,0.333,0.333,,,6,3,0.667,0.667,36,2172
22,Sewanee,Birmingham-Southern,49-85,49,85,"11-11, 5-9 SCAC","22-1, 14-1 SCAC",02/12/12,Win,885,No Location Recorded,3:00 PM,16:12,,3,8,"REBOUND DEF by HOLLAND,JASON",5,1,,,3,3,0.333,0.333,,,6,3,0.667,0.667,36,2172
22,Sewanee,Birmingham-Southern,49-85,49,85,"11-11, 5-9 SCAC","22-1, 14-1 SCAC",02/12/12,Win,885,No Location Recorded,3:00 PM,15:56,,3,8,"MISS 3PTR by HOLLAND,JASON",5,1,,,3,3,0.333,0.333,3ptr,miss,7,4,0.571,0.5,35,2156
22,Sewanee,Birmingham-Southern,49-85,49,85,"11-11, 5-9 SCAC","22-1, 14-1 SCAC",02/12/12,Win,885,No Location Recorded,3:00 PM,15:56,,3,8,REBOUND OFF by TEAM,5,1,,,3,3,0.333,0.333,,,7,4,0.571,0.5,35,2156
22,Sewanee,Birmingham-Southern,49-85,49,85,"11-11, 5-9 SCAC","22-1, 14-1 SCAC",02/12/12,Win,885,No Location Recorded,3:00 PM,15:45,"MISS JUMPER by AFFRONTI,LEWIS",3,8,,5,1,jumper,miss,4,3,0.25,0.333,,,7,4,0.571,0.5,35,2145
22,Sewanee,Birmingham-Southern,49-85,49,85,"11-11, 5-9 SCAC","22-1, 14-1 SCAC",02/12/12,Win,885,No Location Recorded,3:00 PM,15:45,,3,8,"REBOUND DEF by RICHARDS,ZAC",5,1,,,4,3,0.25,0.333,,,7,4,0.571,0.5,35,2145
22,Sewanee,Birmingham-Southern,49-85,49,85,"11-11, 5-9 SCAC","22-1, 14-1 SCAC",02/12/12,Win,885,No Location Recorded,3:00 PM,15:41,,3,10,"GOOD JUMPER by KEGARISE,KEVIN",7,1,,,4,3,0.25,0.333,jumper,good,8,4,0.625,0.5,35,2141
22,Sewanee,Birmingham-Southern,49-85,49,85,"11-11, 5-9 SCAC","22-1, 14-1 SCAC",02/12/12,Win,885,No Location Recorded,3:00 PM,15:41,,3,10,"ASSIST  by RICHARDS,ZAC",7,1,,,4,3,0.25,0.333,,,8,4,0.625,0.5,35,2141
22,Sewanee,Birmingham-Southern,49-85,49,85,"11-11, 5-9 SCAC","22-1, 14-1 SCAC",02/12/12,Win,885,No Location Recorded,3:00 PM,15:32,"TURNOVER  by BRYANT,VALENTINO",3,10,,7,1,,,4,3,0.25,0.333,,,8,4,0.625,0.5,35,2132
22,Sewanee,Birmingham-Southern,49-85,49,85,"11-11, 5-9 SCAC","22-1, 14-1 SCAC",02/12/12,Win,885,No Location Recorded,3:00 PM,15:29,,3,10,"STEAL  by WHITE,BLAISE",7,1,,,4,3,0.25,0.333,,,8,4,0.625,0.5,35,2129
22,Sewanee,Birmingham-Southern,49-85,49,85,"11-11, 5-9 SCAC","22-1, 14-1 SCAC",02/12/12,Win,885,No Location Recorded,3:00 PM,15:27,,3,12,"GOOD LAYUP by WHITE,BLAISE(fastbreak)(in the paint)",9,1,,,4,3,0.25,0.333,layup,good,9,4,0.667,0.5,35,2127
22,Sewanee,Birmingham-Southern,49-85,49,85,"11-11, 5-9 SCAC","22-1, 14-1 SCAC",02/12/12,Win,885,No Location Recorded,3:00 PM,15:05,"FOUL  by BROWN,TYLER",3,12,,9,1,foul,,4,3,0.25,0.333,,,9,4,0.667,0.5,35,2105
22,Sewanee,Birmingham-Southern,49-85,49,85,"11-11, 5-9 SCAC","22-1, 14-1 SCAC",02/12/12,Win,885,No Location Recorded,3:00 PM,15:05,"TURNOVER  by BROWN,TYLER",3,12,,9,1,,,4,3,0.25,0.333,,,9,4,0.667,0.5,35,2105
22,Sewanee,Birmingham-Southern,49-85,49,85,"11-11, 5-9 SCAC","22-1, 14-1 SCAC",02/12/12,Win,885,No Location Recorded,3:00 PM,15:05,"SUB IN by VEAL,ROBERT",3,12,,9,1,,,4,3,0.25,0.333,,,9,4,0.667,0.5,35,2105
22,Sewanee,Birmingham-Southern,49-85,49,85,"11-11, 5-9 SCAC","22-1, 14-1 SCAC",02/12/12,Win,885,No Location Recorded,3:00 PM,15:05,"SUB IN by BEVIACQUA,BRYAN",3,12,,9,1,,,4,3,0.25,0.333,,,9,4,0.667,0.5,35,2105
22,Sewanee,Birmingham-Southern,49-85,49,85,"11-11, 5-9 SCAC","22-1, 14-1 SCAC",02/12/12,Win,885,No Location Recorded,3:00 PM,15:05,"SUB OUT by NELSON,ANVIL",3,12,,9,1,,,4,3,0.25,0.333,,,9,4,0.667,0.5,35,2105
22,Sewanee,Birmingham-Southern,49-85,49,85,"11-11, 5-9 SCAC","22-1, 14-1 SCAC",02/12/12,Win,885,No Location Recorded,3:00 PM,15:05,"SUB OUT by BRYANT,VALENTINO",3,12,,9,1,,,4,3,0.25,0.333,,,9,4,0.667,0.5,35,2105
22,Sewanee,Birmingham-Southern,49-85,49,85,"11-11, 5-9 SCAC","22-1, 14-1 SCAC",02/12/12,Win,885,No Location Recorded,3:00 PM,14:52,,3,15,"GOOD 3PTR by KEGARISE,KEVIN",12,1,,,4,3,0.25,0.333,3ptr,good,10,5,0.7,0.6,34,2092
22,Sewanee,Birmingham-Southern,49-85,49,85,"11-11, 5-9 SCAC","22-1, 14-1 SCAC",02/12/12,Win,885,No Location Recorded,3:00 PM,14:52,,3,15,"ASSIST  by RICHARDS,ZAC",12,1,,,4,3,0.25,0.333,,,10,5,0.7,0.6,34,2092
22,Sewanee,Birmingham-Southern,49-85,49,85,"11-11, 5-9 SCAC","22-1, 14-1 SCAC",02/12/12,Win,885,No Location Recorded,3:00 PM,14:44,TIMEOUT 30SEC by TEAM,3,15,,12,1,,,4,3,0.25,0.333,,,10,5,0.7,0.6,34,2084
22,Sewanee,Birmingham-Southern,49-85,49,85,"11-11, 5-9 SCAC","22-1, 14-1 SCAC",02/12/12,Win,885,No Location Recorded,3:00 PM,14:44,"TURNOVER  by BOULDIN,BRETT",3,15,,12,1,,,4,3,0.25,0.333,,,10,5,0.7,0.6,34,2084
22,Sewanee,Birmingham-Southern,49-85,49,85,"11-11, 5-9 SCAC","22-1, 14-1 SCAC",02/12/12,Win,885,No Location Recorded,3:00 PM,14:44,,3,15,"SUB IN by THOMAS,LARRY",12,1,,,4,3,0.25,0.333,,,10,5,0.7,0.6,34,2084
22,Sewanee,Birmingham-Southern,49-85,49,85,"11-11, 5-9 SCAC","22-1, 14-1 SCAC",02/12/12,Win,885,No Location Recorded,3:00 PM,14:44,,3,15,"SUB IN by LEE,CALEB",12,1,,,4,3,0.25,0.333,,,10,5,0.7,0.6,34,2084
22,Sewanee,Birmingham-Southern,49-85,49,85,"11-11, 5-9 SCAC","22-1, 14-1 SCAC",02/12/12,Win,885,No Location Recorded,3:00 PM,14:44,,3,15,"SUB IN by SCHAMP,GRIFFIN",12,1,,,4,3,0.25,0.333,,,10,5,0.7,0.6,34,2084
22,Sewanee,Birmingham-Southern,49-85,49,85,"11-11, 5-9 SCAC","22-1, 14-1 SCAC",02/12/12,Win,885,No Location Recorded,3:00 PM,14:44,,3,15,"SUB IN by MURPHY,NICK",12,1,,,4,3,0.25,0.333,,,10,5,0.7,0.6,34,2084
22,Sewanee,Birmingham-Southern,49-85,49,85,"11-11, 5-9 SCAC","22-1, 14-1 SCAC",02/12/12,Win,885,No Location Recorded,3:00 PM,14:44,,3,15,"SUB IN by HOLLAND,JASON",12,1,,,4,3,0.25,0.333,,,10,5,0.7,0.6,34,2084
22,Sewanee,Birmingham-Southern,49-85,49,85,"11-11, 5-9 SCAC","22-1, 14-1 SCAC",02/12/12,Win,885,No Location Recorded,3:00 PM,14:44,,3,15,"SUB OUT by HENRY,COLIN",12,1,,,4,3,0.25,0.333,,,10,5,0.7,0.6,34,2084
22,Sewanee,Birmingham-Southern,49-85,49,85,"11-11, 5-9 SCAC","22-1, 14-1 SCAC",02/12/12,Win,885,No Location Recorded,3:00 PM,14:44,,3,15,"SUB OUT by RICHARDS,ZAC",12,1,,,4,3,0.25,0.333,,,10,5,0.7,0.6,34,2084
22,Sewanee,Birmingham-Southern,49-85,49,85,"11-11, 5-9 SCAC","22-1, 14-1 SCAC",02/12/12,Win,885,No Location Recorded,3:00 PM,14:44,,3,15,"SUB OUT by KEGARISE,KEVIN",12,1,,,4,3,0.25,0.333,,,10,5,0.7,0.6,34,2084
22,Sewanee,Birmingham-Southern,49-85,49,85,"11-11, 5-9 SCAC","22-1, 14-1 SCAC",02/12/12,Win,885,No Location Recorded,3:00 PM,14:44,,3,15,"SUB OUT by WHITE,BLAISE",12,1,,,4,3,0.25,0.333,,,10,5,0.7,0.6,34,2084
22,Sewanee,Birmingham-Southern,49-85,49,85,"11-11, 5-9 SCAC","22-1, 14-1 SCAC",02/12/12,Win,885,No Location Recorded,3:00 PM,14:44,,3,15,"SUB OUT by JONUS,JASEN",12,1,,,4,3,0.25,0.333,,,10,5,0.7,0.6,34,2084
22,Sewanee,Birmingham-Southern,49-85,49,85,"11-11, 5-9 SCAC","22-1, 14-1 SCAC",02/12/12,Win,885,No Location Recorded,3:00 PM,14:22,,3,15,"TURNOVER  by LEE,CALEB",12,1,,,4,3,0.25,0.333,,,10,5,0.7,0.6,34,2062
22,Sewanee,Birmingham-Southern,49-85,49,85,"11-11, 5-9 SCAC","22-1, 14-1 SCAC",02/12/12,Win,885,No Location Recorded,3:00 PM,14:02,"MISS JUMPER by VEAL,ROBERT",3,15,,12,1,jumper,miss,5,3,0.2,0.333,,,10,5,0.7,0.6,34,2042
22,Sewanee,Birmingham-Southern,49-85,49,85,"11-11, 5-9 SCAC","22-1, 14-1 SCAC",02/12/12,Win,885,No Location Recorded,3:00 PM,14:02,,3,15,REBOUND DEF by TEAM,12,1,,,5,3,0.2,0.333,,,10,5,0.7,0.6,34,2042
22,Sewanee,Birmingham-Southern,49-85,49,85,"11-11, 5-9 SCAC","22-1, 14-1 SCAC",02/12/12,Win,885,No Location Recorded,3:00 PM,14:01,"SUB IN by WILLIAMS,TRENT",3,15,,12,1,,,5,3,0.2,0.333,,,10,5,0.7,0.6,34,2041
22,Sewanee,Birmingham-Southern,49-85,49,85,"11-11, 5-9 SCAC","22-1, 14-1 SCAC",02/12/12,Win,885,No Location Recorded,3:00 PM,14:01,"SUB OUT by AFFRONTI,LEWIS",3,15,,12,1,,,5,3,0.2,0.333,,,10,5,0.7,0.6,34,2041
22,Sewanee,Birmingham-Southern,49-85,49,85,"11-11, 5-9 SCAC","22-1, 14-1 SCAC",02/12/12,Win,885,No Location Recorded,3:00 PM,13:39,,3,15,"MISS LAYUP by LEE,CALEB",12,1,,,5,3,0.2,0.333,layup,miss,11,5,0.636,0.6,33,2019
22,Sewanee,Birmingham-Southern,49-85,49,85,"11-11, 5-9 SCAC","22-1, 14-1 SCAC",02/12/12,Win,885,No Location Recorded,3:00 PM,13:39,"BLOCK  by VEAL,ROBERT",3,15,,12,1,,,5,3,0.2,0.333,,,11,5,0.636,0.6,33,2019
22,Sewanee,Birmingham-Southern,49-85,49,85,"11-11, 5-9 SCAC","22-1, 14-1 SCAC",02/12/12,Win,885,No Location Recorded,3:00 PM,13:39,,3,15,"REBOUND OFF by SCHAMP,GRIFFIN",12,1,,,5,3,0.2,0.333,,,11,5,0.636,0.6,33,2019
22,Sewanee,Birmingham-Southern,49-85,49,85,"11-11, 5-9 SCAC","22-1, 14-1 SCAC",02/12/12,Win,885,No Location Recorded,3:00 PM,13:29,,3,15,"MISS LAYUP by SCHAMP,GRIFFIN",12,1,,,5,3,0.2,0.333,layup,miss,12,5,0.583,0.6,33,2009
22,Sewanee,Birmingham-Southern,49-85,49,85,"11-11, 5-9 SCAC","22-1, 14-1 SCAC",02/12/12,Win,885,No Location Recorded,3:00 PM,13:29,,3,15,"REBOUND OFF by LEE,CALEB",12,1,,,5,3,0.2,0.333,,,12,5,0.583,0.6,33,2009
22,Sewanee,Birmingham-Southern,49-85,49,85,"11-11, 5-9 SCAC","22-1, 14-1 SCAC",02/12/12,Win,885,No Location Recorded,3:00 PM,13:25,,3,15,"GOOD TIPIN by LEE,CALEB(in the paint)",12,1,,,5,3,0.2,0.333,,good,13,5,0.615,0.6,33,2005
22,Sewanee,Birmingham-Southern,49-85,49,85,"11-11, 5-9 SCAC","22-1, 14-1 SCAC",02/12/12,Win,885,No Location Recorded,3:00 PM,13:10,"GOOD 3PTR by BROWN,TYLER",6,15,,9,1,3ptr,good,6,4,0.333,0.5,,,13,5,0.615,0.6,33,1990
22,Sewanee,Birmingham-Southern,49-85,49,85,"11-11, 5-9 SCAC","22-1, 14-1 SCAC",02/12/12,Win,885,No Location Recorded,3:00 PM,13:10,"ASSIST  by VEAL,ROBERT",6,15,,9,1,,,6,4,0.333,0.5,,,13,5,0.615,0.6,33,1990
22,Sewanee,Birmingham-Southern,49-85,49,85,"11-11, 5-9 SCAC","22-1, 14-1 SCAC",02/12/12,Win,885,No Location Recorded,3:00 PM,12:42,,6,15,"MISS 3PTR by MURPHY,NICK",9,1,,,6,4,0.333,0.5,3ptr,miss,14,6,0.571,0.5,32,1962
22,Sewanee,Birmingham-Southern,49-85,49,85,"11-11, 5-9 SCAC","22-1, 14-1 SCAC",02/12/12,Win,885,No Location Recorded,3:00 PM,12:42,,6,15,"REBOUND OFF by THOMAS,LARRY",9,1,,,6,4,0.333,0.5,,,14,6,0.571,0.5,32,1962
22,Sewanee,Birmingham-Southern,49-85,49,85,"11-11, 5-9 SCAC","22-1, 14-1 SCAC",02/12/12,Win,885,No Location Recorded,3:00 PM,12:35,,6,17,"GOOD LAYUP by SCHAMP,GRIFFIN(in the paint)",11,1,,,6,4,0.333,0.5,layup,good,15,6,0.6,0.5,32,1955
22,Sewanee,Birmingham-Southern,49-85,49,85,"11-11, 5-9 SCAC","22-1, 14-1 SCAC",02/12/12,Win,885,No Location Recorded,3:00 PM,12:35,,6,17,"ASSIST  by THOMAS,LARRY",11,1,,,6,4,0.333,0.5,,,15,6,0.6,0.5,32,1955
22,Sewanee,Birmingham-Southern,49-85,49,85,"11-11, 5-9 SCAC","22-1, 14-1 SCAC",02/12/12,Win,885,No Location Recorded,3:00 PM,12:12,"TURNOVER  by WILLIAMS,TRENT",6,17,,11,1,,,6,4,0.333,0.5,,,15,6,0.6,0.5,32,1932
22,Sewanee,Birmingham-Southern,49-85,49,85,"11-11, 5-9 SCAC","22-1, 14-1 SCAC",02/12/12,Win,885,No Location Recorded,3:00 PM,12:10,,6,17,"STEAL  by HOLLAND,JASON",11,1,,,6,4,0.333,0.5,,,15,6,0.6,0.5,32,1930
22,Sewanee,Birmingham-Southern,49-85,49,85,"11-11, 5-9 SCAC","22-1, 14-1 SCAC",02/12/12,Win,885,No Location Recorded,3:00 PM,12:06,,6,19,"GOOD LAYUP by HOLLAND,JASON(fastbreak)(in the paint)",13,1,,,6,4,0.333,0.5,layup,good,16,6,0.625,0.5,32,1926
22,Sewanee,Birmingham-Southern,49-85,49,85,"11-11, 5-9 SCAC","22-1, 14-1 SCAC",02/12/12,Win,885,No Location Recorded,3:00 PM,12:05,TIMEOUT TEAM by TEAM,6,19,,13,1,,,6,4,0.333,0.5,,,16,6,0.625,0.5,32,1925
22,Sewanee,Birmingham-Southern,49-85,49,85,"11-11, 5-9 SCAC","22-1, 14-1 SCAC",02/12/12,Win,885,No Location Recorded,3:00 PM,12:05,"SUB IN by AFFRONTI,LEWIS",6,19,,13,1,,,6,4,0.333,0.5,,,16,6,0.625,0.5,32,1925
22,Sewanee,Birmingham-Southern,49-85,49,85,"11-11, 5-9 SCAC","22-1, 14-1 SCAC",02/12/12,Win,885,No Location Recorded,3:00 PM,12:05,"SUB OUT by BROWN,TYLER",6,19,,13,1,,,6,4,0.333,0.5,,,16,6,0.625,0.5,32,1925
22,Sewanee,Birmingham-Southern,49-85,49,85,"11-11, 5-9 SCAC","22-1, 14-1 SCAC",02/12/12,Win,885,No Location Recorded,3:00 PM,11:53,"GOOD LAYUP by VEAL,ROBERT(in the paint)",8,19,,11,1,layup,good,7,4,0.429,0.5,,,16,6,0.625,0.5,31,1913
22,Sewanee,Birmingham-Southern,49-85,49,85,"11-11, 5-9 SCAC","22-1, 14-1 SCAC",02/12/12,Win,885,No Location Recorded,3:00 PM,11:53,"ASSIST  by BOULDIN,BRETT",8,19,,11,1,,,7,4,0.429,0.5,,,16,6,0.625,0.5,31,1913
22,Sewanee,Birmingham-Southern,49-85,49,85,"11-11, 5-9 SCAC","22-1, 14-1 SCAC",02/12/12,Win,885,No Location Recorded,3:00 PM,11:53,,8,19,"FOUL  by LEE,CALEB",11,1,,,7,4,0.429,0.5,foul,,16,6,0.625,0.5,31,1913
22,Sewanee,Birmingham-Southern,49-85,49,85,"11-11, 5-9 SCAC","22-1, 14-1 SCAC",02/12/12,Win,885,No Location Recorded,3:00 PM,11:53,"MISS FT by VEAL,ROBERT",8,19,,11,1,ft,miss,8,4,0.375,0.5,,,16,6,0.625,0.5,31,1913
22,Sewanee,Birmingham-Southern,49-85,49,85,"11-11, 5-9 SCAC","22-1, 14-1 SCAC",02/12/12,Win,885,No Location Recorded,3:00 PM,11:53,,8,19,"REBOUND DEF by THOMAS,LARRY",11,1,,,8,4,0.375,0.5,,,16,6,0.625,0.5,31,1913
22,Sewanee,Birmingham-Southern,49-85,49,85,"11-11, 5-9 SCAC","22-1, 14-1 SCAC",02/12/12,Win,885,No Location Recorded,3:00 PM,11:53,"SUB IN by BRYANT,VALENTINO",8,19,,11,1,,,8,4,0.375,0.5,,,16,6,0.625,0.5,31,1913
22,Sewanee,Birmingham-Southern,49-85,49,85,"11-11, 5-9 SCAC","22-1, 14-1 SCAC",02/12/12,Win,885,No Location Recorded,3:00 PM,11:53,"SUB OUT by BEVIACQUA,BRYAN",8,19,,11,1,,,8,4,0.375,0.5,,,16,6,0.625,0.5,31,1913
22,Sewanee,Birmingham-Southern,49-85,49,85,"11-11, 5-9 SCAC","22-1, 14-1 SCAC",02/12/12,Win,885,No Location Recorded,3:00 PM,11:43,,8,19,"MISS 3PTR by THOMAS,LARRY",11,1,,,8,4,0.375,0.5,3ptr,miss,17,7,0.588,0.429,31,1903
22,Sewanee,Birmingham-Southern,49-85,49,85,"11-11, 5-9 SCAC","22-1, 14-1 SCAC",02/12/12,Win,885,No Location Recorded,3:00 PM,11:43,"REBOUND DEF by VEAL,ROBERT",8,19,,11,1,,,8,4,0.375,0.5,,,17,7,0.588,0.429,31,1903
22,Sewanee,Birmingham-Southern,49-85,49,85,"11-11, 5-9 SCAC","22-1, 14-1 SCAC",02/12/12,Win,885,No Location Recorded,3:00 PM,11:40,,8,19,"FOUL  by LEE,CALEB",11,1,,,8,4,0.375,0.5,foul,,17,7,0.588,0.429,31,1900
22,Sewanee,Birmingham-Southern,49-85,49,85,"11-11, 5-9 SCAC","22-1, 14-1 SCAC",02/12/12,Win,885,No Location Recorded,3:00 PM,11:27,"TURNOVER  by AFFRONTI,LEWIS",8,19,,11,1,,,8,4,0.375,0.5,,,17,7,0.588,0.429,31,1887
22,Sewanee,Birmingham-Southern,49-85,49,85,"11-11, 5-9 SCAC","22-1, 14-1 SCAC",02/12/12,Win,885,No Location Recorded,3:00 PM,11:09,,8,21,"GOOD LAYUP by SCHAMP,GRIFFIN(in the paint)",13,1,,,8,4,0.375,0.5,layup,good,18,7,0.611,0.429,31,1869
22,Sewanee,Birmingham-Southern,49-85,49,85,"11-11, 5-9 SCAC","22-1, 14-1 SCAC",02/12/12,Win,885,No Location Recorded,3:00 PM,11:09,"FOUL  by WILLIAMS,TRENT",8,21,,13,1,foul,,8,4,0.375,0.5,,,18,7,0.611,0.429,31,1869
22,Sewanee,Birmingham-Southern,49-85,49,85,"11-11, 5-9 SCAC","22-1, 14-1 SCAC",02/12/12,Win,885,No Location Recorded,3:00 PM,11:09,,8,22,"GOOD FT by SCHAMP,GRIFFIN",14,1,,,8,4,0.375,0.5,ft,good,19,7,0.632,0.429,31,1869
22,Sewanee,Birmingham-Southern,49-85,49,85,"11-11, 5-9 SCAC","22-1, 14-1 SCAC",02/12/12,Win,885,No Location Recorded,3:00 PM,10:42,,8,22,"FOUL  by LEE,CALEB",14,1,,,8,4,0.375,0.5,foul,,19,7,0.632,0.429,30,1842
22,Sewanee,Birmingham-Southern,49-85,49,85,"11-11, 5-9 SCAC","22-1, 14-1 SCAC",02/12/12,Win,885,No Location Recorded,3:00 PM,10:42,"GOOD FT by VEAL,ROBERT",9,22,,13,1,ft,good,9,4,0.444,0.5,,,19,7,0.632,0.429,30,1842
22,Sewanee,Birmingham-Southern,49-85,49,85,"11-11, 5-9 SCAC","22-1, 14-1 SCAC",02/12/12,Win,885,No Location Recorded,3:00 PM,10:42,"GOOD FT by VEAL,ROBERT",10,22,,12,1,ft,good,10,4,0.5,0.5,,,19,7,0.632,0.429,30,1842
22,Sewanee,Birmingham-Southern,49-85,49,85,"11-11, 5-9 SCAC","22-1, 14-1 SCAC",02/12/12,Win,885,No Location Recorded,3:00 PM,10:42,"SUB IN by BROWN,TYLER",10,22,,12,1,,,10,4,0.5,0.5,,,19,7,0.632,0.429,30,1842
22,Sewanee,Birmingham-Southern,49-85,49,85,"11-11, 5-9 SCAC","22-1, 14-1 SCAC",02/12/12,Win,885,No Location Recorded,3:00 PM,10:42,"SUB OUT by WILLIAMS,TRENT",10,22,,12,1,,,10,4,0.5,0.5,,,19,7,0.632,0.429,30,1842
22,Sewanee,Birmingham-Southern,49-85,49,85,"11-11, 5-9 SCAC","22-1, 14-1 SCAC",02/12/12,Win,885,No Location Recorded,3:00 PM,10:42,,10,22,"SUB IN by HENRY,COLIN",12,1,,,10,4,0.5,0.5,,,19,7,0.632,0.429,30,1842
22,Sewanee,Birmingham-Southern,49-85,49,85,"11-11, 5-9 SCAC","22-1, 14-1 SCAC",02/12/12,Win,885,No Location Recorded,3:00 PM,10:42,,10,22,"SUB IN by RICHARDS,ZAC",12,1,,,10,4,0.5,0.5,,,19,7,0.632,0.429,30,1842
22,Sewanee,Birmingham-Southern,49-85,49,85,"11-11, 5-9 SCAC","22-1, 14-1 SCAC",02/12/12,Win,885,No Location Recorded,3:00 PM,10:42,,10,22,"SUB IN by KEGARISE,KEVIN",12,1,,,10,4,0.5,0.5,,,19,7,0.632,0.429,30,1842
22,Sewanee,Birmingham-Southern,49-85,49,85,"11-11, 5-9 SCAC","22-1, 14-1 SCAC",02/12/12,Win,885,No Location Recorded,3:00 PM,10:42,,10,22,"SUB IN by WHITE,BLAISE",12,1,,,10,4,0.5,0.5,,,19,7,0.632,0.429,30,1842
22,Sewanee,Birmingham-Southern,49-85,49,85,"11-11, 5-9 SCAC","22-1, 14-1 SCAC",02/12/12,Win,885,No Location Recorded,3:00 PM,10:42,,10,22,"SUB IN by JONUS,JASEN",12,1,,,10,4,0.5,0.5,,,19,7,0.632,0.429,30,1842
22,Sewanee,Birmingham-Southern,49-85,49,85,"11-11, 5-9 SCAC","22-1, 14-1 SCAC",02/12/12,Win,885,No Location Recorded,3:00 PM,10:42,,10,22,"SUB OUT by THOMAS,LARRY",12,1,,,10,4,0.5,0.5,,,19,7,0.632,0.429,30,1842
22,Sewanee,Birmingham-Southern,49-85,49,85,"11-11, 5-9 SCAC","22-1, 14-1 SCAC",02/12/12,Win,885,No Location Recorded,3:00 PM,10:42,,10,22,"SUB OUT by LEE,CALEB",12,1,,,10,4,0.5,0.5,,,19,7,0.632,0.429,30,1842
22,Sewanee,Birmingham-Southern,49-85,49,85,"11-11, 5-9 SCAC","22-1, 14-1 SCAC",02/12/12,Win,885,No Location Recorded,3:00 PM,10:42,,10,22,"SUB OUT by SCHAMP,GRIFFIN",12,1,,,10,4,0.5,0.5,,,19,7,0.632,0.429,30,1842
22,Sewanee,Birmingham-Southern,49-85,49,85,"11-11, 5-9 SCAC","22-1, 14-1 SCAC",02/12/12,Win,885,No Location Recorded,3:00 PM,10:42,,10,22,"SUB OUT by MURPHY,NICK",12,1,,,10,4,0.5,0.5,,,19,7,0.632,0.429,30,1842
22,Sewanee,Birmingham-Southern,49-85,49,85,"11-11, 5-9 SCAC","22-1, 14-1 SCAC",02/12/12,Win,885,No Location Recorded,3:00 PM,10:42,,10,22,"SUB OUT by HOLLAND,JASON",12,1,,,10,4,0.5,0.5,,,19,7,0.632,0.429,30,1842
22,Sewanee,Birmingham-Southern,49-85,49,85,"11-11, 5-9 SCAC","22-1, 14-1 SCAC",02/12/12,Win,885,No Location Recorded,3:00 PM,10:25,,10,22,"MISS LAYUP by RICHARDS,ZAC",12,1,,,10,4,0.5,0.5,layup,miss,20,7,0.6,0.429,30,1825
22,Sewanee,Birmingham-Southern,49-85,49,85,"11-11, 5-9 SCAC","22-1, 14-1 SCAC",02/12/12,Win,885,No Location Recorded,3:00 PM,10:25,"REBOUND DEF by AFFRONTI,LEWIS",10,22,,12,1,,,10,4,0.5,0.5,,,20,7,0.6,0.429,30,1825
22,Sewanee,Birmingham-Southern,49-85,49,85,"11-11, 5-9 SCAC","22-1, 14-1 SCAC",02/12/12,Win,885,No Location Recorded,3:00 PM,10:08,"MISS 3PTR by AFFRONTI,LEWIS",10,22,,12,1,3ptr,miss,11,5,0.455,0.4,,,20,7,0.6,0.429,30,1808
22,Sewanee,Birmingham-Southern,49-85,49,85,"11-11, 5-9 SCAC","22-1, 14-1 SCAC",02/12/12,Win,885,No Location Recorded,3:00 PM,10:08,"REBOUND OFF by BOULDIN,BRETT",10,22,,12,1,,,11,5,0.455,0.4,,,20,7,0.6,0.429,30,1808
22,Sewanee,Birmingham-Southern,49-85,49,85,"11-11, 5-9 SCAC","22-1, 14-1 SCAC",02/12/12,Win,885,No Location Recorded,3:00 PM,10:04,"GOOD JUMPER by BOULDIN,BRETT",12,22,,10,1,jumper,good,12,5,0.5,0.4,,,20,7,0.6,0.429,30,1804
22,Sewanee,Birmingham-Southern,49-85,49,85,"11-11, 5-9 SCAC","22-1, 14-1 SCAC",02/12/12,Win,885,No Location Recorded,3:00 PM,09:40,,12,24,"GOOD LAYUP by RICHARDS,ZAC(in the paint)",12,1,,,12,5,0.5,0.4,layup,good,21,7,0.619,0.429,29,1780
22,Sewanee,Birmingham-Southern,49-85,49,85,"11-11, 5-9 SCAC","22-1, 14-1 SCAC",02/12/12,Win,885,No Location Recorded,3:00 PM,09:22,"GOOD JUMPER by VEAL,ROBERT",14,24,,10,1,jumper,good,13,5,0.538,0.4,,,21,7,0.619,0.429,29,1762
22,Sewanee,Birmingham-Southern,49-85,49,85,"11-11, 5-9 SCAC","22-1, 14-1 SCAC",02/12/12,Win,885,No Location Recorded,3:00 PM,09:15,,14,24,"MISS 3PTR by JONUS,JASEN",10,1,,,13,5,0.538,0.4,3ptr,miss,22,8,0.591,0.375,29,1755
22,Sewanee,Birmingham-Southern,49-85,49,85,"11-11, 5-9 SCAC","22-1, 14-1 SCAC",02/12/12,Win,885,No Location Recorded,3:00 PM,09:15,,14,24,"REBOUND OFF by RICHARDS,ZAC",10,1,,,13,5,0.538,0.4,,,22,8,0.591,0.375,29,1755
22,Sewanee,Birmingham-Southern,49-85,49,85,"11-11, 5-9 SCAC","22-1, 14-1 SCAC",02/12/12,Win,885,No Location Recorded,3:00 PM,09:01,,14,27,"GOOD 3PTR by JONUS,JASEN",13,1,,,13,5,0.538,0.4,3ptr,good,23,9,0.609,0.444,29,1741
22,Sewanee,Birmingham-Southern,49-85,49,85,"11-11, 5-9 SCAC","22-1, 14-1 SCAC",02/12/12,Win,885,No Location Recorded,3:00 PM,09:01,,14,27,"ASSIST  by WHITE,BLAISE",13,1,,,13,5,0.538,0.4,,,23,9,0.609,0.444,29,1741
22,Sewanee,Birmingham-Southern,49-85,49,85,"11-11, 5-9 SCAC","22-1, 14-1 SCAC",02/12/12,Win,885,No Location Recorded,3:00 PM,08:46,"MISS 3PTR by VEAL,ROBERT",14,27,,13,1,3ptr,miss,14,6,0.5,0.333,,,23,9,0.609,0.444,28,1726
22,Sewanee,Birmingham-Southern,49-85,49,85,"11-11, 5-9 SCAC","22-1, 14-1 SCAC",02/12/12,Win,885,No Location Recorded,3:00 PM,08:46,,14,27,"REBOUND DEF by WHITE,BLAISE",13,1,,,14,6,0.5,0.333,,,23,9,0.609,0.444,28,1726
22,Sewanee,Birmingham-Southern,49-85,49,85,"11-11, 5-9 SCAC","22-1, 14-1 SCAC",02/12/12,Win,885,No Location Recorded,3:00 PM,08:40,,14,30,"GOOD 3PTR by KEGARISE,KEVIN",16,1,,,14,6,0.5,0.333,3ptr,good,24,10,0.625,0.5,28,1720
22,Sewanee,Birmingham-Southern,49-85,49,85,"11-11, 5-9 SCAC","22-1, 14-1 SCAC",02/12/12,Win,885,No Location Recorded,3:00 PM,08:40,,14,30,"ASSIST  by WHITE,BLAISE",16,1,,,14,6,0.5,0.333,,,24,10,0.625,0.5,28,1720
22,Sewanee,Birmingham-Southern,49-85,49,85,"11-11, 5-9 SCAC","22-1, 14-1 SCAC",02/12/12,Win,885,No Location Recorded,3:00 PM,08:21,,14,30,"FOUL  by HENRY,COLIN",16,1,,,14,6,0.5,0.333,foul,,24,10,0.625,0.5,28,1701
22,Sewanee,Birmingham-Southern,49-85,49,85,"11-11, 5-9 SCAC","22-1, 14-1 SCAC",02/12/12,Win,885,No Location Recorded,3:00 PM,08:19,"SUB IN by NELSON,ANVIL",14,30,,16,1,,,14,6,0.5,0.333,,,24,10,0.625,0.5,28,1699
22,Sewanee,Birmingham-Southern,49-85,49,85,"11-11, 5-9 SCAC","22-1, 14-1 SCAC",02/12/12,Win,885,No Location Recorded,3:00 PM,08:19,"SUB IN by WILLIAMS,TRENT",14,30,,16,1,,,14,6,0.5,0.333,,,24,10,0.625,0.5,28,1699
22,Sewanee,Birmingham-Southern,49-85,49,85,"11-11, 5-9 SCAC","22-1, 14-1 SCAC",02/12/12,Win,885,No Location Recorded,3:00 PM,08:19,"SUB OUT by AFFRONTI,LEWIS",14,30,,16,1,,,14,6,0.5,0.333,,,24,10,0.625,0.5,28,1699
22,Sewanee,Birmingham-Southern,49-85,49,85,"11-11, 5-9 SCAC","22-1, 14-1 SCAC",02/12/12,Win,885,No Location Recorded,3:00 PM,08:19,"SUB OUT by VEAL,ROBERT",14,30,,16,1,,,14,6,0.5,0.333,,,24,10,0.625,0.5,28,1699
22,Sewanee,Birmingham-Southern,49-85,49,85,"11-11, 5-9 SCAC","22-1, 14-1 SCAC",02/12/12,Win,885,No Location Recorded,3:00 PM,08:08,"GOOD 3PTR by BOULDIN,BRETT",17,30,,13,1,3ptr,good,15,7,0.533,0.429,,,24,10,0.625,0.5,28,1688
22,Sewanee,Birmingham-Southern,49-85,49,85,"11-11, 5-9 SCAC","22-1, 14-1 SCAC",02/12/12,Win,885,No Location Recorded,3:00 PM,08:08,"ASSIST  by BRYANT,VALENTINO",17,30,,13,1,,,15,7,0.533,0.429,,,24,10,0.625,0.5,28,1688
22,Sewanee,Birmingham-Southern,49-85,49,85,"11-11, 5-9 SCAC","22-1, 14-1 SCAC",02/12/12,Win,885,No Location Recorded,3:00 PM,07:39,,17,30,"TURNOVER  by HENRY,COLIN",13,1,,,15,7,0.533,0.429,,,24,10,0.625,0.5,27,1659
22,Sewanee,Birmingham-Southern,49-85,49,85,"11-11, 5-9 SCAC","22-1, 14-1 SCAC",02/12/12,Win,885,No Location Recorded,3:00 PM,07:38,"STEAL  by BOULDIN,BRETT",17,30,,13,1,,,15,7,0.533,0.429,,,24,10,0.625,0.5,27,1658
22,Sewanee,Birmingham-Southern,49-85,49,85,"11-11, 5-9 SCAC","22-1, 14-1 SCAC",02/12/12,Win,885,No Location Recorded,3:00 PM,07:26,"TURNOVER  by BRYANT,VALENTINO",17,30,,13,1,,,15,7,0.533,0.429,,,24,10,0.625,0.5,27,1646
22,Sewanee,Birmingham-Southern,49-85,49,85,"11-11, 5-9 SCAC","22-1, 14-1 SCAC",02/12/12,Win,885,No Location Recorded,3:00 PM,07:23,,17,30,"STEAL  by KEGARISE,KEVIN",13,1,,,15,7,0.533,0.429,,,24,10,0.625,0.5,27,1643
22,Sewanee,Birmingham-Southern,49-85,49,85,"11-11, 5-9 SCAC","22-1, 14-1 SCAC",02/12/12,Win,885,No Location Recorded,3:00 PM,07:16,,17,32,"GOOD LAYUP by HENRY,COLIN(in the paint)",15,1,,,15,7,0.533,0.429,layup,good,25,10,0.64,0.5,27,1636
22,Sewanee,Birmingham-Southern,49-85,49,85,"11-11, 5-9 SCAC","22-1, 14-1 SCAC",02/12/12,Win,885,No Location Recorded,3:00 PM,07:16,"FOUL  by NELSON,ANVIL",17,32,,15,1,foul,,15,7,0.533,0.429,,,25,10,0.64,0.5,27,1636
22,Sewanee,Birmingham-Southern,49-85,49,85,"11-11, 5-9 SCAC","22-1, 14-1 SCAC",02/12/12,Win,885,No Location Recorded,3:00 PM,07:16,,17,33,"GOOD FT by HENRY,COLIN",16,1,,,15,7,0.533,0.429,ft,good,26,10,0.654,0.5,27,1636
22,Sewanee,Birmingham-Southern,49-85,49,85,"11-11, 5-9 SCAC","22-1, 14-1 SCAC",02/12/12,Win,885,No Location Recorded,3:00 PM,07:00,"FOUL  by BOULDIN,BRETT",17,33,,16,1,foul,,15,7,0.533,0.429,,,26,10,0.654,0.5,27,1620
22,Sewanee,Birmingham-Southern,49-85,49,85,"11-11, 5-9 SCAC","22-1, 14-1 SCAC",02/12/12,Win,885,No Location Recorded,3:00 PM,07:00,"TURNOVER  by BOULDIN,BRETT",17,33,,16,1,,,15,7,0.533,0.429,,,26,10,0.654,0.5,27,1620
22,Sewanee,Birmingham-Southern,49-85,49,85,"11-11, 5-9 SCAC","22-1, 14-1 SCAC",02/12/12,Win,885,No Location Recorded,3:00 PM,06:46,,17,36,"GOOD 3PTR by WHITE,BLAISE",19,1,,,15,7,0.533,0.429,3ptr,good,27,11,0.667,0.545,26,1606
22,Sewanee,Birmingham-Southern,49-85,49,85,"11-11, 5-9 SCAC","22-1, 14-1 SCAC",02/12/12,Win,885,No Location Recorded,3:00 PM,06:27,"GOOD LAYUP by WILLIAMS,TRENT(in the paint)",19,36,,17,1,layup,good,16,7,0.562,0.429,,,27,11,0.667,0.545,26,1587
22,Sewanee,Birmingham-Southern,49-85,49,85,"11-11, 5-9 SCAC","22-1, 14-1 SCAC",02/12/12,Win,885,No Location Recorded,3:00 PM,06:22,,19,36,TIMEOUT 30SEC by TEAM,17,1,,,16,7,0.562,0.429,,,27,11,0.667,0.545,26,1582
22,Sewanee,Birmingham-Southern,49-85,49,85,"11-11, 5-9 SCAC","22-1, 14-1 SCAC",02/12/12,Win,885,No Location Recorded,3:00 PM,06:22,,19,36,"SUB IN by THOMAS,LARRY",17,1,,,16,7,0.562,0.429,,,27,11,0.667,0.545,26,1582
22,Sewanee,Birmingham-Southern,49-85,49,85,"11-11, 5-9 SCAC","22-1, 14-1 SCAC",02/12/12,Win,885,No Location Recorded,3:00 PM,06:22,,19,36,"SUB IN by SCHAMP,GRIFFIN",17,1,,,16,7,0.562,0.429,,,27,11,0.667,0.545,26,1582
22,Sewanee,Birmingham-Southern,49-85,49,85,"11-11, 5-9 SCAC","22-1, 14-1 SCAC",02/12/12,Win,885,No Location Recorded,3:00 PM,06:22,,19,36,"SUB IN by FREEMAN,SCHYLAR",17,1,,,16,7,0.562,0.429,,,27,11,0.667,0.545,26,1582
22,Sewanee,Birmingham-Southern,49-85,49,85,"11-11, 5-9 SCAC","22-1, 14-1 SCAC",02/12/12,Win,885,No Location Recorded,3:00 PM,06:22,,19,36,"SUB IN by MURPHY,NICK",17,1,,,16,7,0.562,0.429,,,27,11,0.667,0.545,26,1582
22,Sewanee,Birmingham-Southern,49-85,49,85,"11-11, 5-9 SCAC","22-1, 14-1 SCAC",02/12/12,Win,885,No Location Recorded,3:00 PM,06:22,,19,36,"SUB IN by HOLLAND,JASON",17,1,,,16,7,0.562,0.429,,,27,11,0.667,0.545,26,1582
22,Sewanee,Birmingham-Southern,49-85,49,85,"11-11, 5-9 SCAC","22-1, 14-1 SCAC",02/12/12,Win,885,No Location Recorded,3:00 PM,06:22,,19,36,"SUB OUT by HENRY,COLIN",17,1,,,16,7,0.562,0.429,,,27,11,0.667,0.545,26,1582
22,Sewanee,Birmingham-Southern,49-85,49,85,"11-11, 5-9 SCAC","22-1, 14-1 SCAC",02/12/12,Win,885,No Location Recorded,3:00 PM,06:22,,19,36,"SUB OUT by RICHARDS,ZAC",17,1,,,16,7,0.562,0.429,,,27,11,0.667,0.545,26,1582
22,Sewanee,Birmingham-Southern,49-85,49,85,"11-11, 5-9 SCAC","22-1, 14-1 SCAC",02/12/12,Win,885,No Location Recorded,3:00 PM,06:22,,19,36,"SUB OUT by KEGARISE,KEVIN",17,1,,,16,7,0.562,0.429,,,27,11,0.667,0.545,26,1582
22,Sewanee,Birmingham-Southern,49-85,49,85,"11-11, 5-9 SCAC","22-1, 14-1 SCAC",02/12/12,Win,885,No Location Recorded,3:00 PM,06:22,,19,36,"SUB OUT by WHITE,BLAISE",17,1,,,16,7,0.562,0.429,,,27,11,0.667,0.545,26,1582
22,Sewanee,Birmingham-Southern,49-85,49,85,"11-11, 5-9 SCAC","22-1, 14-1 SCAC",02/12/12,Win,885,No Location Recorded,3:00 PM,06:22,,19,36,"SUB OUT by JONUS,JASEN",17,1,,,16,7,0.562,0.429,,,27,11,0.667,0.545,26,1582
22,Sewanee,Birmingham-Southern,49-85,49,85,"11-11, 5-9 SCAC","22-1, 14-1 SCAC",02/12/12,Win,885,No Location Recorded,3:00 PM,06:09,,19,36,"TURNOVER  by SCHAMP,GRIFFIN",17,1,,,16,7,0.562,0.429,,,27,11,0.667,0.545,26,1569
22,Sewanee,Birmingham-Southern,49-85,49,85,"11-11, 5-9 SCAC","22-1, 14-1 SCAC",02/12/12,Win,885,No Location Recorded,3:00 PM,06:07,"STEAL  by BRYANT,VALENTINO",19,36,,17,1,,,16,7,0.562,0.429,,,27,11,0.667,0.545,26,1567
22,Sewanee,Birmingham-Southern,49-85,49,85,"11-11, 5-9 SCAC","22-1, 14-1 SCAC",02/12/12,Win,885,No Location Recorded,3:00 PM,05:59,"TURNOVER  by BROWN,TYLER",19,36,,17,1,,,16,7,0.562,0.429,,,27,11,0.667,0.545,25,1559
22,Sewanee,Birmingham-Southern,49-85,49,85,"11-11, 5-9 SCAC","22-1, 14-1 SCAC",02/12/12,Win,885,No Location Recorded,3:00 PM,05:58,,19,36,"STEAL  by MURPHY,NICK",17,1,,,16,7,0.562,0.429,,,27,11,0.667,0.545,25,1558
22,Sewanee,Birmingham-Southern,49-85,49,85,"11-11, 5-9 SCAC","22-1, 14-1 SCAC",02/12/12,Win,885,No Location Recorded,3:00 PM,05:54,,19,38,"GOOD LAYUP by FREEMAN,SCHYLAR(in the paint)",19,1,,,16,7,0.562,0.429,layup,good,28,11,0.679,0.545,25,1554
22,Sewanee,Birmingham-Southern,49-85,49,85,"11-11, 5-9 SCAC","22-1, 14-1 SCAC",02/12/12,Win,885,No Location Recorded,3:00 PM,05:54,,19,38,"ASSIST  by MURPHY,NICK",19,1,,,16,7,0.562,0.429,,,28,11,0.679,0.545,25,1554
22,Sewanee,Birmingham-Southern,49-85,49,85,"11-11, 5-9 SCAC","22-1, 14-1 SCAC",02/12/12,Win,885,No Location Recorded,3:00 PM,05:43,"GOOD 3PTR by BOULDIN,BRETT",22,38,,16,1,3ptr,good,17,8,0.588,0.5,,,28,11,0.679,0.545,25,1543
22,Sewanee,Birmingham-Southern,49-85,49,85,"11-11, 5-9 SCAC","22-1, 14-1 SCAC",02/12/12,Win,885,No Location Recorded,3:00 PM,05:15,,22,38,"MISS LAYUP by MURPHY,NICK",16,1,,,17,8,0.588,0.5,layup,miss,29,11,0.655,0.545,25,1515
22,Sewanee,Birmingham-Southern,49-85,49,85,"11-11, 5-9 SCAC","22-1, 14-1 SCAC",02/12/12,Win,885,No Location Recorded,3:00 PM,05:15,,22,38,"REBOUND OFF by MURPHY,NICK",16,1,,,17,8,0.588,0.5,,,29,11,0.655,0.545,25,1515
22,Sewanee,Birmingham-Southern,49-85,49,85,"11-11, 5-9 SCAC","22-1, 14-1 SCAC",02/12/12,Win,885,No Location Recorded,3:00 PM,05:12,,22,38,"GOOD TIPIN by MURPHY,NICK(in the paint)",16,1,,,17,8,0.588,0.5,,good,30,11,0.667,0.545,25,1512
22,Sewanee,Birmingham-Southern,49-85,49,85,"11-11, 5-9 SCAC","22-1, 14-1 SCAC",02/12/12,Win,885,No Location Recorded,3:00 PM,05:08,"TURNOVER  by BRYANT,VALENTINO",22,38,,16,1,,,17,8,0.588,0.5,,,30,11,0.667,0.545,25,1508
22,Sewanee,Birmingham-Southern,49-85,49,85,"11-11, 5-9 SCAC","22-1, 14-1 SCAC",02/12/12,Win,885,No Location Recorded,3:00 PM,05:04,,22,38,"STEAL  by THOMAS,LARRY",16,1,,,17,8,0.588,0.5,,,30,11,0.667,0.545,25,1504
22,Sewanee,Birmingham-Southern,49-85,49,85,"11-11, 5-9 SCAC","22-1, 14-1 SCAC",02/12/12,Win,885,No Location Recorded,3:00 PM,05:00,,22,40,"GOOD JUMPER by THOMAS,LARRY(in the paint)",18,1,,,17,8,0.588,0.5,jumper,good,31,11,0.677,0.545,25,1500
22,Sewanee,Birmingham-Southern,49-85,49,85,"11-11, 5-9 SCAC","22-1, 14-1 SCAC",02/12/12,Win,885,No Location Recorded,3:00 PM,05:00,"SUB IN by AFFRONTI,LEWIS",22,40,,18,1,,,17,8,0.588,0.5,,,31,11,0.677,0.545,25,1500
22,Sewanee,Birmingham-Southern,49-85,49,85,"11-11, 5-9 SCAC","22-1, 14-1 SCAC",02/12/12,Win,885,No Location Recorded,3:00 PM,05:00,"SUB IN by VEAL,ROBERT",22,40,,18,1,,,17,8,0.588,0.5,,,31,11,0.677,0.545,25,1500
22,Sewanee,Birmingham-Southern,49-85,49,85,"11-11, 5-9 SCAC","22-1, 14-1 SCAC",02/12/12,Win,885,No Location Recorded,3:00 PM,05:00,"SUB IN by BEVIACQUA,BRYAN",22,40,,18,1,,,17,8,0.588,0.5,,,31,11,0.677,0.545,25,1500
22,Sewanee,Birmingham-Southern,49-85,49,85,"11-11, 5-9 SCAC","22-1, 14-1 SCAC",02/12/12,Win,885,No Location Recorded,3:00 PM,05:00,"SUB OUT by NELSON,ANVIL",22,40,,18,1,,,17,8,0.588,0.5,,,31,11,0.677,0.545,25,1500
22,Sewanee,Birmingham-Southern,49-85,49,85,"11-11, 5-9 SCAC","22-1, 14-1 SCAC",02/12/12,Win,885,No Location Recorded,3:00 PM,05:00,"SUB OUT by BRYANT,VALENTINO",22,40,,18,1,,,17,8,0.588,0.5,,,31,11,0.677,0.545,25,1500
22,Sewanee,Birmingham-Southern,49-85,49,85,"11-11, 5-9 SCAC","22-1, 14-1 SCAC",02/12/12,Win,885,No Location Recorded,3:00 PM,05:00,"SUB OUT by WILLIAMS,TRENT",22,40,,18,1,,,17,8,0.588,0.5,,,31,11,0.677,0.545,25,1500
22,Sewanee,Birmingham-Southern,49-85,49,85,"11-11, 5-9 SCAC","22-1, 14-1 SCAC",02/12/12,Win,885,No Location Recorded,3:00 PM,04:49,"GOOD 3PTR by BOULDIN,BRETT",25,40,,15,1,3ptr,good,18,9,0.611,0.556,,,31,11,0.677,0.545,24,1489
22,Sewanee,Birmingham-Southern,49-85,49,85,"11-11, 5-9 SCAC","22-1, 14-1 SCAC",02/12/12,Win,885,No Location Recorded,3:00 PM,04:49,"ASSIST  by VEAL,ROBERT",25,40,,15,1,,,18,9,0.611,0.556,,,31,11,0.677,0.545,24,1489
22,Sewanee,Birmingham-Southern,49-85,49,85,"11-11, 5-9 SCAC","22-1, 14-1 SCAC",02/12/12,Win,885,No Location Recorded,3:00 PM,04:26,,25,40,"MISS LAYUP by FREEMAN,SCHYLAR",15,1,,,18,9,0.611,0.556,layup,miss,32,11,0.656,0.545,24,1466
22,Sewanee,Birmingham-Southern,49-85,49,85,"11-11, 5-9 SCAC","22-1, 14-1 SCAC",02/12/12,Win,885,No Location Recorded,3:00 PM,04:26,"BLOCK  by VEAL,ROBERT",25,40,,15,1,,,18,9,0.611,0.556,,,32,11,0.656,0.545,24,1466
22,Sewanee,Birmingham-Southern,49-85,49,85,"11-11, 5-9 SCAC","22-1, 14-1 SCAC",02/12/12,Win,885,No Location Recorded,3:00 PM,04:26,"REBOUND DEF by BEVIACQUA,BRYAN",25,40,,15,1,,,18,9,0.611,0.556,,,32,11,0.656,0.545,24,1466
22,Sewanee,Birmingham-Southern,49-85,49,85,"11-11, 5-9 SCAC","22-1, 14-1 SCAC",02/12/12,Win,885,No Location Recorded,3:00 PM,04:10,"MISS 3PTR by BOULDIN,BRETT",25,40,,15,1,3ptr,miss,19,10,0.579,0.5,,,32,11,0.656,0.545,24,1450
22,Sewanee,Birmingham-Southern,49-85,49,85,"11-11, 5-9 SCAC","22-1, 14-1 SCAC",02/12/12,Win,885,No Location Recorded,3:00 PM,04:10,,25,40,"REBOUND DEF by THOMAS,LARRY",15,1,,,19,10,0.579,0.5,,,32,11,0.656,0.545,24,1450
22,Sewanee,Birmingham-Southern,49-85,49,85,"11-11, 5-9 SCAC","22-1, 14-1 SCAC",02/12/12,Win,885,No Location Recorded,3:00 PM,03:53,,25,42,"GOOD LAYUP by FREEMAN,SCHYLAR(in the paint)",17,1,,,19,10,0.579,0.5,layup,good,33,11,0.667,0.545,23,1433
22,Sewanee,Birmingham-Southern,49-85,49,85,"11-11, 5-9 SCAC","22-1, 14-1 SCAC",02/12/12,Win,885,No Location Recorded,3:00 PM,03:53,,25,42,"ASSIST  by THOMAS,LARRY",17,1,,,19,10,0.579,0.5,,,33,11,0.667,0.545,23,1433
22,Sewanee,Birmingham-Southern,49-85,49,85,"11-11, 5-9 SCAC","22-1, 14-1 SCAC",02/12/12,Win,885,No Location Recorded,3:00 PM,03:37,"MISS 3PTR by AFFRONTI,LEWIS",25,42,,17,1,3ptr,miss,20,11,0.55,0.455,,,33,11,0.667,0.545,23,1417
22,Sewanee,Birmingham-Southern,49-85,49,85,"11-11, 5-9 SCAC","22-1, 14-1 SCAC",02/12/12,Win,885,No Location Recorded,3:00 PM,03:37,,25,42,"REBOUND DEF by FREEMAN,SCHYLAR",17,1,,,20,11,0.55,0.455,,,33,11,0.667,0.545,23,1417
22,Sewanee,Birmingham-Southern,49-85,49,85,"11-11, 5-9 SCAC","22-1, 14-1 SCAC",02/12/12,Win,885,No Location Recorded,3:00 PM,03:32,,25,45,"GOOD 3PTR by MURPHY,NICK",20,1,,,20,11,0.55,0.455,3ptr,good,34,12,0.676,0.583,23,1412
22,Sewanee,Birmingham-Southern,49-85,49,85,"11-11, 5-9 SCAC","22-1, 14-1 SCAC",02/12/12,Win,885,No Location Recorded,3:00 PM,03:32,,25,45,"ASSIST  by HOLLAND,JASON",20,1,,,20,11,0.55,0.455,,,34,12,0.676,0.583,23,1412
22,Sewanee,Birmingham-Southern,49-85,49,85,"11-11, 5-9 SCAC","22-1, 14-1 SCAC",02/12/12,Win,885,No Location Recorded,3:00 PM,03:21,"GOOD LAYUP by VEAL,ROBERT(in the paint)",27,45,,18,1,layup,good,21,11,0.571,0.455,,,34,12,0.676,0.583,23,1401
22,Sewanee,Birmingham-Southern,49-85,49,85,"11-11, 5-9 SCAC","22-1, 14-1 SCAC",02/12/12,Win,885,No Location Recorded,3:00 PM,02:58,,27,45,"MISS LAYUP by THOMAS,LARRY",18,1,,,21,11,0.571,0.455,layup,miss,35,12,0.657,0.583,22,1378
22,Sewanee,Birmingham-Southern,49-85,49,85,"11-11, 5-9 SCAC","22-1, 14-1 SCAC",02/12/12,Win,885,No Location Recorded,3:00 PM,02:58,"REBOUND DEF by BROWN,TYLER",27,45,,18,1,,,21,11,0.571,0.455,,,35,12,0.657,0.583,22,1378
22,Sewanee,Birmingham-Southern,49-85,49,85,"11-11, 5-9 SCAC","22-1, 14-1 SCAC",02/12/12,Win,885,No Location Recorded,3:00 PM,02:47,"MISS 3PTR by AFFRONTI,LEWIS",27,45,,18,1,3ptr,miss,22,12,0.545,0.417,,,35,12,0.657,0.583,22,1367
22,Sewanee,Birmingham-Southern,49-85,49,85,"11-11, 5-9 SCAC","22-1, 14-1 SCAC",02/12/12,Win,885,No Location Recorded,3:00 PM,02:47,,27,45,"REBOUND DEF by MURPHY,NICK",18,1,,,22,12,0.545,0.417,,,35,12,0.657,0.583,22,1367
22,Sewanee,Birmingham-Southern,49-85,49,85,"11-11, 5-9 SCAC","22-1, 14-1 SCAC",02/12/12,Win,885,No Location Recorded,3:00 PM,02:28,,27,45,"MISS 3PTR by SCHAMP,GRIFFIN",18,1,,,22,12,0.545,0.417,3ptr,miss,36,13,0.639,0.538,22,1348
22,Sewanee,Birmingham-Southern,49-85,49,85,"11-11, 5-9 SCAC","22-1, 14-1 SCAC",02/12/12,Win,885,No Location Recorded,3:00 PM,02:28,,27,45,REBOUND OFF by TEAM,18,1,,,22,12,0.545,0.417,,,36,13,0.639,0.538,22,1348
22,Sewanee,Birmingham-Southern,49-85,49,85,"11-11, 5-9 SCAC","22-1, 14-1 SCAC",02/12/12,Win,885,No Location Recorded,3:00 PM,02:26,"SUB IN by CALDWELL,MARCELLUS",27,45,,18,1,,,22,12,0.545,0.417,,,36,13,0.639,0.538,22,1346
22,Sewanee,Birmingham-Southern,49-85,49,85,"11-11, 5-9 SCAC","22-1, 14-1 SCAC",02/12/12,Win,885,No Location Recorded,3:00 PM,02:26,"SUB IN by WILLIAMS,TRENT",27,45,,18,1,,,22,12,0.545,0.417,,,36,13,0.639,0.538,22,1346
22,Sewanee,Birmingham-Southern,49-85,49,85,"11-11, 5-9 SCAC","22-1, 14-1 SCAC",02/12/12,Win,885,No Location Recorded,3:00 PM,02:26,"SUB OUT by AFFRONTI,LEWIS",27,45,,18,1,,,22,12,0.545,0.417,,,36,13,0.639,0.538,22,1346
22,Sewanee,Birmingham-Southern,49-85,49,85,"11-11, 5-9 SCAC","22-1, 14-1 SCAC",02/12/12,Win,885,No Location Recorded,3:00 PM,02:26,"SUB OUT by BOULDIN,BRETT",27,45,,18,1,,,22,12,0.545,0.417,,,36,13,0.639,0.538,22,1346
22,Sewanee,Birmingham-Southern,49-85,49,85,"11-11, 5-9 SCAC","22-1, 14-1 SCAC",02/12/12,Win,885,No Location Recorded,3:00 PM,02:16,,27,45,"MISS LAYUP by RICHARDS,ZAC",18,1,,,22,12,0.545,0.417,layup,miss,37,13,0.622,0.538,22,1336
22,Sewanee,Birmingham-Southern,49-85,49,85,"11-11, 5-9 SCAC","22-1, 14-1 SCAC",02/12/12,Win,885,No Location Recorded,3:00 PM,02:16,"REBOUND DEF by VEAL,ROBERT",27,45,,18,1,,,22,12,0.545,0.417,,,37,13,0.622,0.538,22,1336
22,Sewanee,Birmingham-Southern,49-85,49,85,"11-11, 5-9 SCAC","22-1, 14-1 SCAC",02/12/12,Win,885,No Location Recorded,3:00 PM,02:11,,27,45,"SUB IN by HENRY,COLIN",18,1,,,22,12,0.545,0.417,,,37,13,0.622,0.538,22,1331
22,Sewanee,Birmingham-Southern,49-85,49,85,"11-11, 5-9 SCAC","22-1, 14-1 SCAC",02/12/12,Win,885,No Location Recorded,3:00 PM,02:11,,27,45,"SUB IN by RICHARDS,ZAC",18,1,,,22,12,0.545,0.417,,,37,13,0.622,0.538,22,1331
22,Sewanee,Birmingham-Southern,49-85,49,85,"11-11, 5-9 SCAC","22-1, 14-1 SCAC",02/12/12,Win,885,No Location Recorded,3:00 PM,02:11,,27,45,"SUB IN by KEGARISE,KEVIN",18,1,,,22,12,0.545,0.417,,,37,13,0.622,0.538,22,1331
22,Sewanee,Birmingham-Southern,49-85,49,85,"11-11, 5-9 SCAC","22-1, 14-1 SCAC",02/12/12,Win,885,No Location Recorded,3:00 PM,02:11,,27,45,"SUB IN by WHITE,BLAISE",18,1,,,22,12,0.545,0.417,,,37,13,0.622,0.538,22,1331
22,Sewanee,Birmingham-Southern,49-85,49,85,"11-11, 5-9 SCAC","22-1, 14-1 SCAC",02/12/12,Win,885,No Location Recorded,3:00 PM,02:11,,27,45,"SUB IN by JONUS,JASEN",18,1,,,22,12,0.545,0.417,,,37,13,0.622,0.538,22,1331
22,Sewanee,Birmingham-Southern,49-85,49,85,"11-11, 5-9 SCAC","22-1, 14-1 SCAC",02/12/12,Win,885,No Location Recorded,3:00 PM,02:11,,27,45,"SUB OUT by THOMAS,LARRY",18,1,,,22,12,0.545,0.417,,,37,13,0.622,0.538,22,1331
22,Sewanee,Birmingham-Southern,49-85,49,85,"11-11, 5-9 SCAC","22-1, 14-1 SCAC",02/12/12,Win,885,No Location Recorded,3:00 PM,02:11,,27,45,"SUB OUT by SCHAMP,GRIFFIN",18,1,,,22,12,0.545,0.417,,,37,13,0.622,0.538,22,1331
22,Sewanee,Birmingham-Southern,49-85,49,85,"11-11, 5-9 SCAC","22-1, 14-1 SCAC",02/12/12,Win,885,No Location Recorded,3:00 PM,02:11,,27,45,"SUB OUT by FREEMAN,SCHYLAR",18,1,,,22,12,0.545,0.417,,,37,13,0.622,0.538,22,1331
22,Sewanee,Birmingham-Southern,49-85,49,85,"11-11, 5-9 SCAC","22-1, 14-1 SCAC",02/12/12,Win,885,No Location Recorded,3:00 PM,02:11,,27,45,"SUB OUT by MURPHY,NICK",18,1,,,22,12,0.545,0.417,,,37,13,0.622,0.538,22,1331
22,Sewanee,Birmingham-Southern,49-85,49,85,"11-11, 5-9 SCAC","22-1, 14-1 SCAC",02/12/12,Win,885,No Location Recorded,3:00 PM,02:11,,27,45,"SUB OUT by HOLLAND,JASON",18,1,,,22,12,0.545,0.417,,,37,13,0.622,0.538,22,1331
22,Sewanee,Birmingham-Southern,49-85,49,85,"11-11, 5-9 SCAC","22-1, 14-1 SCAC",02/12/12,Win,885,No Location Recorded,3:00 PM,02:05,"MISS 3PTR by VEAL,ROBERT",27,45,,18,1,3ptr,miss,23,13,0.522,0.385,,,37,13,0.622,0.538,22,1325
22,Sewanee,Birmingham-Southern,49-85,49,85,"11-11, 5-9 SCAC","22-1, 14-1 SCAC",02/12/12,Win,885,No Location Recorded,3:00 PM,02:05,REBOUND OFF by TEAM,27,45,,18,1,,,23,13,0.522,0.385,,,37,13,0.622,0.538,22,1325
22,Sewanee,Birmingham-Southern,49-85,49,85,"11-11, 5-9 SCAC","22-1, 14-1 SCAC",02/12/12,Win,885,No Location Recorded,3:00 PM,01:53,,27,45,"FOUL  by HENRY,COLIN",18,1,,,23,13,0.522,0.385,foul,,37,13,0.622,0.538,21,1313
22,Sewanee,Birmingham-Southern,49-85,49,85,"11-11, 5-9 SCAC","22-1, 14-1 SCAC",02/12/12,Win,885,No Location Recorded,3:00 PM,01:36,"TURNOVER  by VEAL,ROBERT",27,45,,18,1,,,23,13,0.522,0.385,,,37,13,0.622,0.538,21,1296
22,Sewanee,Birmingham-Southern,49-85,49,85,"11-11, 5-9 SCAC","22-1, 14-1 SCAC",02/12/12,Win,885,No Location Recorded,3:00 PM,01:35,,27,45,"STEAL  by JONUS,JASEN",18,1,,,23,13,0.522,0.385,,,37,13,0.622,0.538,21,1295
22,Sewanee,Birmingham-Southern,49-85,49,85,"11-11, 5-9 SCAC","22-1, 14-1 SCAC",02/12/12,Win,885,No Location Recorded,3:00 PM,01:08,,27,45,"TURNOVER  by JONUS,JASEN",18,1,,,23,13,0.522,0.385,,,37,13,0.622,0.538,21,1268
22,Sewanee,Birmingham-Southern,49-85,49,85,"11-11, 5-9 SCAC","22-1, 14-1 SCAC",02/12/12,Win,885,No Location Recorded,3:00 PM,01:06,"STEAL  by WILLIAMS,TRENT",27,45,,18,1,,,23,13,0.522,0.385,,,37,13,0.622,0.538,21,1266
22,Sewanee,Birmingham-Southern,49-85,49,85,"11-11, 5-9 SCAC","22-1, 14-1 SCAC",02/12/12,Win,885,No Location Recorded,3:00 PM,01:02,"GOOD LAYUP by BROWN,TYLER(in the paint)",29,45,,16,1,layup,good,24,13,0.542,0.385,,,37,13,0.622,0.538,21,1262
22,Sewanee,Birmingham-Southern,49-85,49,85,"11-11, 5-9 SCAC","22-1, 14-1 SCAC",02/12/12,Win,885,No Location Recorded,3:00 PM,01:02,"ASSIST  by BEVIACQUA,BRYAN",29,45,,16,1,,,24,13,0.542,0.385,,,37,13,0.622,0.538,21,1262
22,Sewanee,Birmingham-Southern,49-85,49,85,"11-11, 5-9 SCAC","22-1, 14-1 SCAC",02/12/12,Win,885,No Location Recorded,3:00 PM,00:36,,29,45,"MISS LAYUP by WHITE,BLAISE",16,1,,,24,13,0.542,0.385,layup,miss,38,13,0.605,0.538,20,1236
22,Sewanee,Birmingham-Southern,49-85,49,85,"11-11, 5-9 SCAC","22-1, 14-1 SCAC",02/12/12,Win,885,No Location Recorded,3:00 PM,00:36,"REBOUND DEF by BROWN,TYLER",29,45,,16,1,,,24,13,0.542,0.385,,,38,13,0.605,0.538,20,1236
22,Sewanee,Birmingham-Southern,49-85,49,85,"11-11, 5-9 SCAC","22-1, 14-1 SCAC",02/12/12,Win,885,No Location Recorded,3:00 PM,00:02,"TURNOVER  by BEVIACQUA,BRYAN",29,45,,16,1,,,24,13,0.542,0.385,,,38,13,0.605,0.538,20,1202
22,Sewanee,Birmingham-Southern,49-85,49,85,"11-11, 5-9 SCAC","22-1, 14-1 SCAC",02/12/12,Win,885,No Location Recorded,3:00 PM,00:01,,29,45,"STEAL  by JONUS,JASEN",16,1,,,24,13,0.542,0.385,,,38,13,0.605,0.538,20,1201
22,Sewanee,Birmingham-Southern,49-85,49,85,"11-11, 5-9 SCAC","22-1, 14-1 SCAC",02/12/12,Win,885,No Location Recorded,3:00 PM,00:00,,29,45,"MISS 3PTR by JONUS,JASEN",16,1,,,24,13,0.542,0.385,3ptr,miss,39,14,0.59,0.5,20,1200
22,Sewanee,Birmingham-Southern,49-85,49,85,"11-11, 5-9 SCAC","22-1, 14-1 SCAC",02/12/12,Win,885,No Location Recorded,3:00 PM,00:00,,29,45,REBOUND OFF by TEAM,16,1,,,24,13,0.542,0.385,,,39,14,0.59,0.5,20,1200
22,Sewanee,Birmingham-Southern,49-85,49,85,"11-11, 5-9 SCAC","22-1, 14-1 SCAC",02/12/12,Win,885,No Location Recorded,3:00 PM,19:46,"FOUL  by NELSON,ANVIL",29,45,,16,2,foul,,24,13,0.542,0.385,,,39,14,0.59,0.5,19,1186
22,Sewanee,Birmingham-Southern,49-85,49,85,"11-11, 5-9 SCAC","22-1, 14-1 SCAC",02/12/12,Win,885,No Location Recorded,3:00 PM,19:40,,29,45,"MISS 3PTR by JONUS,JASEN",16,2,,,24,13,0.542,0.385,3ptr,miss,40,15,0.575,0.467,19,1180
22,Sewanee,Birmingham-Southern,49-85,49,85,"11-11, 5-9 SCAC","22-1, 14-1 SCAC",02/12/12,Win,885,No Location Recorded,3:00 PM,19:40,"REBOUND DEF by AFFRONTI,LEWIS",29,45,,16,2,,,24,13,0.542,0.385,,,40,15,0.575,0.467,19,1180
22,Sewanee,Birmingham-Southern,49-85,49,85,"11-11, 5-9 SCAC","22-1, 14-1 SCAC",02/12/12,Win,885,No Location Recorded,3:00 PM,19:22,"MISS 3PTR by BROWN,TYLER",29,45,,16,2,3ptr,miss,25,14,0.52,0.357,,,40,15,0.575,0.467,19,1162
22,Sewanee,Birmingham-Southern,49-85,49,85,"11-11, 5-9 SCAC","22-1, 14-1 SCAC",02/12/12,Win,885,No Location Recorded,3:00 PM,19:22,,29,45,"REBOUND DEF by RICHARDS,ZAC",16,2,,,25,14,0.52,0.357,,,40,15,0.575,0.467,19,1162
22,Sewanee,Birmingham-Southern,49-85,49,85,"11-11, 5-9 SCAC","22-1, 14-1 SCAC",02/12/12,Win,885,No Location Recorded,3:00 PM,19:02,,29,45,"MISS LAYUP by HENRY,COLIN",16,2,,,25,14,0.52,0.357,layup,miss,41,15,0.561,0.467,19,1142
22,Sewanee,Birmingham-Southern,49-85,49,85,"11-11, 5-9 SCAC","22-1, 14-1 SCAC",02/12/12,Win,885,No Location Recorded,3:00 PM,19:02,"REBOUND DEF by BROWN,TYLER",29,45,,16,2,,,25,14,0.52,0.357,,,41,15,0.561,0.467,19,1142
22,Sewanee,Birmingham-Southern,49-85,49,85,"11-11, 5-9 SCAC","22-1, 14-1 SCAC",02/12/12,Win,885,No Location Recorded,3:00 PM,18:44,"MISS JUMPER by NELSON,ANVIL",29,45,,16,2,jumper,miss,26,14,0.5,0.357,,,41,15,0.561,0.467,18,1124
22,Sewanee,Birmingham-Southern,49-85,49,85,"11-11, 5-9 SCAC","22-1, 14-1 SCAC",02/12/12,Win,885,No Location Recorded,3:00 PM,18:44,,29,45,"REBOUND DEF by JONUS,JASEN",16,2,,,26,14,0.5,0.357,,,41,15,0.561,0.467,18,1124
22,Sewanee,Birmingham-Southern,49-85,49,85,"11-11, 5-9 SCAC","22-1, 14-1 SCAC",02/12/12,Win,885,No Location Recorded,3:00 PM,18:37,,29,47,"GOOD LAYUP by JONUS,JASEN(in the paint)",18,2,,,26,14,0.5,0.357,layup,good,42,15,0.571,0.467,18,1117
22,Sewanee,Birmingham-Southern,49-85,49,85,"11-11, 5-9 SCAC","22-1, 14-1 SCAC",02/12/12,Win,885,No Location Recorded,3:00 PM,18:07,"FOUL  by BROWN,TYLER",29,47,,18,2,foul,,26,14,0.5,0.357,,,42,15,0.571,0.467,18,1087
22,Sewanee,Birmingham-Southern,49-85,49,85,"11-11, 5-9 SCAC","22-1, 14-1 SCAC",02/12/12,Win,885,No Location Recorded,3:00 PM,18:07,"TURNOVER  by BROWN,TYLER",29,47,,18,2,,,26,14,0.5,0.357,,,42,15,0.571,0.467,18,1087
22,Sewanee,Birmingham-Southern,49-85,49,85,"11-11, 5-9 SCAC","22-1, 14-1 SCAC",02/12/12,Win,885,No Location Recorded,3:00 PM,18:07,"SUB IN by VEAL,ROBERT",29,47,,18,2,,,26,14,0.5,0.357,,,42,15,0.571,0.467,18,1087
22,Sewanee,Birmingham-Southern,49-85,49,85,"11-11, 5-9 SCAC","22-1, 14-1 SCAC",02/12/12,Win,885,No Location Recorded,3:00 PM,18:07,"SUB OUT by NELSON,ANVIL",29,47,,18,2,,,26,14,0.5,0.357,,,42,15,0.571,0.467,18,1087
22,Sewanee,Birmingham-Southern,49-85,49,85,"11-11, 5-9 SCAC","22-1, 14-1 SCAC",02/12/12,Win,885,No Location Recorded,3:00 PM,18:01,,29,47,"MISS LAYUP by KEGARISE,KEVIN",18,2,,,26,14,0.5,0.357,layup,miss,43,15,0.558,0.467,18,1081
22,Sewanee,Birmingham-Southern,49-85,49,85,"11-11, 5-9 SCAC","22-1, 14-1 SCAC",02/12/12,Win,885,No Location Recorded,3:00 PM,18:01,"BLOCK  by VEAL,ROBERT",29,47,,18,2,,,26,14,0.5,0.357,,,43,15,0.558,0.467,18,1081
22,Sewanee,Birmingham-Southern,49-85,49,85,"11-11, 5-9 SCAC","22-1, 14-1 SCAC",02/12/12,Win,885,No Location Recorded,3:00 PM,18:01,"REBOUND DEF by VEAL,ROBERT",29,47,,18,2,,,26,14,0.5,0.357,,,43,15,0.558,0.467,18,1081
22,Sewanee,Birmingham-Southern,49-85,49,85,"11-11, 5-9 SCAC","22-1, 14-1 SCAC",02/12/12,Win,885,No Location Recorded,3:00 PM,17:51,"MISS 3PTR by WILLIAMS,TRENT",29,47,,18,2,3ptr,miss,27,15,0.481,0.333,,,43,15,0.558,0.467,17,1071
22,Sewanee,Birmingham-Southern,49-85,49,85,"11-11, 5-9 SCAC","22-1, 14-1 SCAC",02/12/12,Win,885,No Location Recorded,3:00 PM,17:51,REBOUND OFF by TEAM,29,47,,18,2,,,27,15,0.481,0.333,,,43,15,0.558,0.467,17,1071
22,Sewanee,Birmingham-Southern,49-85,49,85,"11-11, 5-9 SCAC","22-1, 14-1 SCAC",02/12/12,Win,885,No Location Recorded,3:00 PM,17:49,"MISS JUMPER by AFFRONTI,LEWIS",29,47,,18,2,jumper,miss,28,15,0.464,0.333,,,43,15,0.558,0.467,17,1069
22,Sewanee,Birmingham-Southern,49-85,49,85,"11-11, 5-9 SCAC","22-1, 14-1 SCAC",02/12/12,Win,885,No Location Recorded,3:00 PM,17:49,,29,47,"REBOUND DEF by HENRY,COLIN",18,2,,,28,15,0.464,0.333,,,43,15,0.558,0.467,17,1069
22,Sewanee,Birmingham-Southern,49-85,49,85,"11-11, 5-9 SCAC","22-1, 14-1 SCAC",02/12/12,Win,885,No Location Recorded,3:00 PM,17:41,,29,49,"GOOD LAYUP by HENRY,COLIN(fastbreak)(in the paint)",20,2,,,28,15,0.464,0.333,layup,good,44,15,0.568,0.467,17,1061
22,Sewanee,Birmingham-Southern,49-85,49,85,"11-11, 5-9 SCAC","22-1, 14-1 SCAC",02/12/12,Win,885,No Location Recorded,3:00 PM,17:27,"MISS JUMPER by VEAL,ROBERT",29,49,,20,2,jumper,miss,29,15,0.448,0.333,,,44,15,0.568,0.467,17,1047
22,Sewanee,Birmingham-Southern,49-85,49,85,"11-11, 5-9 SCAC","22-1, 14-1 SCAC",02/12/12,Win,885,No Location Recorded,3:00 PM,17:27,,29,49,"REBOUND DEF by KEGARISE,KEVIN",20,2,,,29,15,0.448,0.333,,,44,15,0.568,0.467,17,1047
22,Sewanee,Birmingham-Southern,49-85,49,85,"11-11, 5-9 SCAC","22-1, 14-1 SCAC",02/12/12,Win,885,No Location Recorded,3:00 PM,17:20,,29,51,"GOOD LAYUP by RICHARDS,ZAC(in the paint)",22,2,,,29,15,0.448,0.333,layup,good,45,15,0.578,0.467,17,1040
22,Sewanee,Birmingham-Southern,49-85,49,85,"11-11, 5-9 SCAC","22-1, 14-1 SCAC",02/12/12,Win,885,No Location Recorded,3:00 PM,17:20,,29,51,"ASSIST  by WHITE,BLAISE",22,2,,,29,15,0.448,0.333,,,45,15,0.578,0.467,17,1040
22,Sewanee,Birmingham-Southern,49-85,49,85,"11-11, 5-9 SCAC","22-1, 14-1 SCAC",02/12/12,Win,885,No Location Recorded,3:00 PM,16:58,"MISS 3PTR by AFFRONTI,LEWIS",29,51,,22,2,3ptr,miss,30,16,0.433,0.312,,,45,15,0.578,0.467,16,1018
22,Sewanee,Birmingham-Southern,49-85,49,85,"11-11, 5-9 SCAC","22-1, 14-1 SCAC",02/12/12,Win,885,No Location Recorded,3:00 PM,16:58,,29,51,"REBOUND DEF by HENRY,COLIN",22,2,,,30,16,0.433,0.312,,,45,15,0.578,0.467,16,1018
22,Sewanee,Birmingham-Southern,49-85,49,85,"11-11, 5-9 SCAC","22-1, 14-1 SCAC",02/12/12,Win,885,No Location Recorded,3:00 PM,16:52,,29,51,"MISS LAYUP by RICHARDS,ZAC",22,2,,,30,16,0.433,0.312,layup,miss,46,15,0.565,0.467,16,1012
22,Sewanee,Birmingham-Southern,49-85,49,85,"11-11, 5-9 SCAC","22-1, 14-1 SCAC",02/12/12,Win,885,No Location Recorded,3:00 PM,16:52,"REBOUND DEF by BRYANT,VALENTINO",29,51,,22,2,,,30,16,0.433,0.312,,,46,15,0.565,0.467,16,1012
22,Sewanee,Birmingham-Southern,49-85,49,85,"11-11, 5-9 SCAC","22-1, 14-1 SCAC",02/12/12,Win,885,No Location Recorded,3:00 PM,16:48,"MISS LAYUP by BRYANT,VALENTINO",29,51,,22,2,layup,miss,31,16,0.419,0.312,,,46,15,0.565,0.467,16,1008
22,Sewanee,Birmingham-Southern,49-85,49,85,"11-11, 5-9 SCAC","22-1, 14-1 SCAC",02/12/12,Win,885,No Location Recorded,3:00 PM,16:48,,29,51,"BLOCK  by WHITE,BLAISE",22,2,,,31,16,0.419,0.312,,,46,15,0.565,0.467,16,1008
22,Sewanee,Birmingham-Southern,49-85,49,85,"11-11, 5-9 SCAC","22-1, 14-1 SCAC",02/12/12,Win,885,No Location Recorded,3:00 PM,16:48,REBOUND OFF by TEAM,29,51,,22,2,,,31,16,0.419,0.312,,,46,15,0.565,0.467,16,1008
22,Sewanee,Birmingham-Southern,49-85,49,85,"11-11, 5-9 SCAC","22-1, 14-1 SCAC",02/12/12,Win,885,No Location Recorded,3:00 PM,16:45,"MISS 3PTR by WILLIAMS,TRENT",29,51,,22,2,3ptr,miss,32,17,0.406,0.294,,,46,15,0.565,0.467,16,1005
22,Sewanee,Birmingham-Southern,49-85,49,85,"11-11, 5-9 SCAC","22-1, 14-1 SCAC",02/12/12,Win,885,No Location Recorded,3:00 PM,16:45,"REBOUND OFF by BROWN,TYLER",29,51,,22,2,,,32,17,0.406,0.294,,,46,15,0.565,0.467,16,1005
22,Sewanee,Birmingham-Southern,49-85,49,85,"11-11, 5-9 SCAC","22-1, 14-1 SCAC",02/12/12,Win,885,No Location Recorded,3:00 PM,16:37,"GOOD LAYUP by BROWN,TYLER(in the paint)",31,51,,20,2,layup,good,33,17,0.424,0.294,,,46,15,0.565,0.467,16,997
22,Sewanee,Birmingham-Southern,49-85,49,85,"11-11, 5-9 SCAC","22-1, 14-1 SCAC",02/12/12,Win,885,No Location Recorded,3:00 PM,16:23,"FOUL  by NELSON,ANVIL",31,51,,20,2,foul,,33,17,0.424,0.294,,,46,15,0.565,0.467,16,983
22,Sewanee,Birmingham-Southern,49-85,49,85,"11-11, 5-9 SCAC","22-1, 14-1 SCAC",02/12/12,Win,885,No Location Recorded,3:00 PM,16:23,"SUB IN by NELSON,ANVIL",31,51,,20,2,,,33,17,0.424,0.294,,,46,15,0.565,0.467,16,983
22,Sewanee,Birmingham-Southern,49-85,49,85,"11-11, 5-9 SCAC","22-1, 14-1 SCAC",02/12/12,Win,885,No Location Recorded,3:00 PM,16:23,"SUB OUT by VEAL,ROBERT",31,51,,20,2,,,33,17,0.424,0.294,,,46,15,0.565,0.467,16,983
22,Sewanee,Birmingham-Southern,49-85,49,85,"11-11, 5-9 SCAC","22-1, 14-1 SCAC",02/12/12,Win,885,No Location Recorded,3:00 PM,16:20,,31,54,"GOOD 3PTR by KEGARISE,KEVIN",23,2,,,33,17,0.424,0.294,3ptr,good,47,16,0.574,0.5,16,980
22,Sewanee,Birmingham-Southern,49-85,49,85,"11-11, 5-9 SCAC","22-1, 14-1 SCAC",02/12/12,Win,885,No Location Recorded,3:00 PM,16:20,,31,54,"ASSIST  by JONUS,JASEN",23,2,,,33,17,0.424,0.294,,,47,16,0.574,0.5,16,980
22,Sewanee,Birmingham-Southern,49-85,49,85,"11-11, 5-9 SCAC","22-1, 14-1 SCAC",02/12/12,Win,885,No Location Recorded,3:00 PM,16:18,"FOUL  by AFFRONTI,LEWIS",31,54,,23,2,foul,,33,17,0.424,0.294,,,47,16,0.574,0.5,16,978
22,Sewanee,Birmingham-Southern,49-85,49,85,"11-11, 5-9 SCAC","22-1, 14-1 SCAC",02/12/12,Win,885,No Location Recorded,3:00 PM,16:18,,31,55,"GOOD FT by KEGARISE,KEVIN",24,2,,,33,17,0.424,0.294,ft,good,48,16,0.583,0.5,16,978
22,Sewanee,Birmingham-Southern,49-85,49,85,"11-11, 5-9 SCAC","22-1, 14-1 SCAC",02/12/12,Win,885,No Location Recorded,3:00 PM,16:18,"SUB IN by VEAL,ROBERT",31,55,,24,2,,,33,17,0.424,0.294,,,48,16,0.583,0.5,16,978
22,Sewanee,Birmingham-Southern,49-85,49,85,"11-11, 5-9 SCAC","22-1, 14-1 SCAC",02/12/12,Win,885,No Location Recorded,3:00 PM,16:18,"SUB OUT by NELSON,ANVIL",31,55,,24,2,,,33,17,0.424,0.294,,,48,16,0.583,0.5,16,978
22,Sewanee,Birmingham-Southern,49-85,49,85,"11-11, 5-9 SCAC","22-1, 14-1 SCAC",02/12/12,Win,885,No Location Recorded,3:00 PM,16:09,"GOOD 3PTR by AFFRONTI,LEWIS",34,55,,21,2,3ptr,good,34,18,0.441,0.333,,,48,16,0.583,0.5,16,969
22,Sewanee,Birmingham-Southern,49-85,49,85,"11-11, 5-9 SCAC","22-1, 14-1 SCAC",02/12/12,Win,885,No Location Recorded,3:00 PM,16:09,"ASSIST  by BROWN,TYLER",34,55,,21,2,,,34,18,0.441,0.333,,,48,16,0.583,0.5,16,969
22,Sewanee,Birmingham-Southern,49-85,49,85,"11-11, 5-9 SCAC","22-1, 14-1 SCAC",02/12/12,Win,885,No Location Recorded,3:00 PM,15:59,"FOUL  by BRYANT,VALENTINO",34,55,,21,2,foul,,34,18,0.441,0.333,,,48,16,0.583,0.5,15,959
22,Sewanee,Birmingham-Southern,49-85,49,85,"11-11, 5-9 SCAC","22-1, 14-1 SCAC",02/12/12,Win,885,No Location Recorded,3:00 PM,15:59,,34,56,"GOOD FT by WHITE,BLAISE",22,2,,,34,18,0.441,0.333,ft,good,49,16,0.592,0.5,15,959
22,Sewanee,Birmingham-Southern,49-85,49,85,"11-11, 5-9 SCAC","22-1, 14-1 SCAC",02/12/12,Win,885,No Location Recorded,3:00 PM,15:59,,34,57,"GOOD FT by WHITE,BLAISE",23,2,,,34,18,0.441,0.333,ft,good,50,16,0.6,0.5,15,959
22,Sewanee,Birmingham-Southern,49-85,49,85,"11-11, 5-9 SCAC","22-1, 14-1 SCAC",02/12/12,Win,885,No Location Recorded,3:00 PM,15:41,,34,57,"FOUL  by HENRY,COLIN",23,2,,,34,18,0.441,0.333,foul,,50,16,0.6,0.5,15,941
22,Sewanee,Birmingham-Southern,49-85,49,85,"11-11, 5-9 SCAC","22-1, 14-1 SCAC",02/12/12,Win,885,No Location Recorded,3:00 PM,15:41,"SUB IN by BOULDIN,BRETT",34,57,,23,2,,,34,18,0.441,0.333,,,50,16,0.6,0.5,15,941
22,Sewanee,Birmingham-Southern,49-85,49,85,"11-11, 5-9 SCAC","22-1, 14-1 SCAC",02/12/12,Win,885,No Location Recorded,3:00 PM,15:41,"SUB OUT by WILLIAMS,TRENT",34,57,,23,2,,,34,18,0.441,0.333,,,50,16,0.6,0.5,15,941
22,Sewanee,Birmingham-Southern,49-85,49,85,"11-11, 5-9 SCAC","22-1, 14-1 SCAC",02/12/12,Win,885,No Location Recorded,3:00 PM,15:34,"MISS LAYUP by VEAL,ROBERT",34,57,,23,2,layup,miss,35,18,0.429,0.333,,,50,16,0.6,0.5,15,934
22,Sewanee,Birmingham-Southern,49-85,49,85,"11-11, 5-9 SCAC","22-1, 14-1 SCAC",02/12/12,Win,885,No Location Recorded,3:00 PM,15:34,,34,57,"REBOUND DEF by RICHARDS,ZAC",23,2,,,35,18,0.429,0.333,,,50,16,0.6,0.5,15,934
22,Sewanee,Birmingham-Southern,49-85,49,85,"11-11, 5-9 SCAC","22-1, 14-1 SCAC",02/12/12,Win,885,No Location Recorded,3:00 PM,15:20,,34,57,"MISS LAYUP by RICHARDS,ZAC",23,2,,,35,18,0.429,0.333,layup,miss,51,16,0.588,0.5,15,920
22,Sewanee,Birmingham-Southern,49-85,49,85,"11-11, 5-9 SCAC","22-1, 14-1 SCAC",02/12/12,Win,885,No Location Recorded,3:00 PM,15:20,"REBOUND DEF by BROWN,TYLER",34,57,,23,2,,,35,18,0.429,0.333,,,51,16,0.588,0.5,15,920
22,Sewanee,Birmingham-Southern,49-85,49,85,"11-11, 5-9 SCAC","22-1, 14-1 SCAC",02/12/12,Win,885,No Location Recorded,3:00 PM,15:18,,34,57,"FOUL  by RICHARDS,ZAC",23,2,,,35,18,0.429,0.333,foul,,51,16,0.588,0.5,15,918
22,Sewanee,Birmingham-Southern,49-85,49,85,"11-11, 5-9 SCAC","22-1, 14-1 SCAC",02/12/12,Win,885,No Location Recorded,3:00 PM,14:56,"TURNOVER  by VEAL,ROBERT",34,57,,23,2,,,35,18,0.429,0.333,,,51,16,0.588,0.5,14,896
22,Sewanee,Birmingham-Southern,49-85,49,85,"11-11, 5-9 SCAC","22-1, 14-1 SCAC",02/12/12,Win,885,No Location Recorded,3:00 PM,14:54,,34,57,"STEAL  by KEGARISE,KEVIN",23,2,,,35,18,0.429,0.333,,,51,16,0.588,0.5,14,894
22,Sewanee,Birmingham-Southern,49-85,49,85,"11-11, 5-9 SCAC","22-1, 14-1 SCAC",02/12/12,Win,885,No Location Recorded,3:00 PM,14:47,,34,60,"GOOD 3PTR by JONUS,JASEN",26,2,,,35,18,0.429,0.333,3ptr,good,52,17,0.596,0.529,14,887
22,Sewanee,Birmingham-Southern,49-85,49,85,"11-11, 5-9 SCAC","22-1, 14-1 SCAC",02/12/12,Win,885,No Location Recorded,3:00 PM,14:47,,34,60,"ASSIST  by KEGARISE,KEVIN",26,2,,,35,18,0.429,0.333,,,52,17,0.596,0.529,14,887
22,Sewanee,Birmingham-Southern,49-85,49,85,"11-11, 5-9 SCAC","22-1, 14-1 SCAC",02/12/12,Win,885,No Location Recorded,3:00 PM,14:40,TIMEOUT TEAM by TEAM,34,60,,26,2,,,35,18,0.429,0.333,,,52,17,0.596,0.529,14,880
22,Sewanee,Birmingham-Southern,49-85,49,85,"11-11, 5-9 SCAC","22-1, 14-1 SCAC",02/12/12,Win,885,No Location Recorded,3:00 PM,14:40,"SUB IN by CALDWELL,MARCELLUS",34,60,,26,2,,,35,18,0.429,0.333,,,52,17,0.596,0.529,14,880
22,Sewanee,Birmingham-Southern,49-85,49,85,"11-11, 5-9 SCAC","22-1, 14-1 SCAC",02/12/12,Win,885,No Location Recorded,3:00 PM,14:40,"SUB IN by BEVIACQUA,BRYAN",34,60,,26,2,,,35,18,0.429,0.333,,,52,17,0.596,0.529,14,880
22,Sewanee,Birmingham-Southern,49-85,49,85,"11-11, 5-9 SCAC","22-1, 14-1 SCAC",02/12/12,Win,885,No Location Recorded,3:00 PM,14:40,"SUB OUT by AFFRONTI,LEWIS",34,60,,26,2,,,35,18,0.429,0.333,,,52,17,0.596,0.529,14,880
22,Sewanee,Birmingham-Southern,49-85,49,85,"11-11, 5-9 SCAC","22-1, 14-1 SCAC",02/12/12,Win,885,No Location Recorded,3:00 PM,14:40,"SUB OUT by BRYANT,VALENTINO",34,60,,26,2,,,35,18,0.429,0.333,,,52,17,0.596,0.529,14,880
22,Sewanee,Birmingham-Southern,49-85,49,85,"11-11, 5-9 SCAC","22-1, 14-1 SCAC",02/12/12,Win,885,No Location Recorded,3:00 PM,14:40,,34,60,"SUB IN by THOMAS,LARRY",26,2,,,35,18,0.429,0.333,,,52,17,0.596,0.529,14,880
22,Sewanee,Birmingham-Southern,49-85,49,85,"11-11, 5-9 SCAC","22-1, 14-1 SCAC",02/12/12,Win,885,No Location Recorded,3:00 PM,14:40,,34,60,"SUB IN by LEE,CALEB",26,2,,,35,18,0.429,0.333,,,52,17,0.596,0.529,14,880
22,Sewanee,Birmingham-Southern,49-85,49,85,"11-11, 5-9 SCAC","22-1, 14-1 SCAC",02/12/12,Win,885,No Location Recorded,3:00 PM,14:40,,34,60,"SUB IN by SCHAMP,GRIFFIN",26,2,,,35,18,0.429,0.333,,,52,17,0.596,0.529,14,880
22,Sewanee,Birmingham-Southern,49-85,49,85,"11-11, 5-9 SCAC","22-1, 14-1 SCAC",02/12/12,Win,885,No Location Recorded,3:00 PM,14:40,,34,60,"SUB IN by MURPHY,NICK",26,2,,,35,18,0.429,0.333,,,52,17,0.596,0.529,14,880
22,Sewanee,Birmingham-Southern,49-85,49,85,"11-11, 5-9 SCAC","22-1, 14-1 SCAC",02/12/12,Win,885,No Location Recorded,3:00 PM,14:40,,34,60,"SUB IN by HOLLAND,JASON",26,2,,,35,18,0.429,0.333,,,52,17,0.596,0.529,14,880
22,Sewanee,Birmingham-Southern,49-85,49,85,"11-11, 5-9 SCAC","22-1, 14-1 SCAC",02/12/12,Win,885,No Location Recorded,3:00 PM,14:40,,34,60,"SUB OUT by HENRY,COLIN",26,2,,,35,18,0.429,0.333,,,52,17,0.596,0.529,14,880
22,Sewanee,Birmingham-Southern,49-85,49,85,"11-11, 5-9 SCAC","22-1, 14-1 SCAC",02/12/12,Win,885,No Location Recorded,3:00 PM,14:40,,34,60,"SUB OUT by RICHARDS,ZAC",26,2,,,35,18,0.429,0.333,,,52,17,0.596,0.529,14,880
22,Sewanee,Birmingham-Southern,49-85,49,85,"11-11, 5-9 SCAC","22-1, 14-1 SCAC",02/12/12,Win,885,No Location Recorded,3:00 PM,14:40,,34,60,"SUB OUT by KEGARISE,KEVIN",26,2,,,35,18,0.429,0.333,,,52,17,0.596,0.529,14,880
22,Sewanee,Birmingham-Southern,49-85,49,85,"11-11, 5-9 SCAC","22-1, 14-1 SCAC",02/12/12,Win,885,No Location Recorded,3:00 PM,14:40,,34,60,"SUB OUT by WHITE,BLAISE",26,2,,,35,18,0.429,0.333,,,52,17,0.596,0.529,14,880
22,Sewanee,Birmingham-Southern,49-85,49,85,"11-11, 5-9 SCAC","22-1, 14-1 SCAC",02/12/12,Win,885,No Location Recorded,3:00 PM,14:40,,34,60,"SUB OUT by JONUS,JASEN",26,2,,,35,18,0.429,0.333,,,52,17,0.596,0.529,14,880
22,Sewanee,Birmingham-Southern,49-85,49,85,"11-11, 5-9 SCAC","22-1, 14-1 SCAC",02/12/12,Win,885,No Location Recorded,3:00 PM,14:19,"MISS LAYUP by BROWN,TYLER",34,60,,26,2,layup,miss,36,18,0.417,0.333,,,52,17,0.596,0.529,14,859
22,Sewanee,Birmingham-Southern,49-85,49,85,"11-11, 5-9 SCAC","22-1, 14-1 SCAC",02/12/12,Win,885,No Location Recorded,3:00 PM,14:19,,34,60,REBOUND DEF by TEAM,26,2,,,36,18,0.417,0.333,,,52,17,0.596,0.529,14,859
22,Sewanee,Birmingham-Southern,49-85,49,85,"11-11, 5-9 SCAC","22-1, 14-1 SCAC",02/12/12,Win,885,No Location Recorded,3:00 PM,13:57,"FOUL  by BROWN,TYLER",34,60,,26,2,foul,,36,18,0.417,0.333,,,52,17,0.596,0.529,13,837
22,Sewanee,Birmingham-Southern,49-85,49,85,"11-11, 5-9 SCAC","22-1, 14-1 SCAC",02/12/12,Win,885,No Location Recorded,3:00 PM,13:57,,34,61,"GOOD FT by SCHAMP,GRIFFIN",27,2,,,36,18,0.417,0.333,ft,good,53,17,0.604,0.529,13,837
22,Sewanee,Birmingham-Southern,49-85,49,85,"11-11, 5-9 SCAC","22-1, 14-1 SCAC",02/12/12,Win,885,No Location Recorded,3:00 PM,13:57,,34,61,"MISS FT by SCHAMP,GRIFFIN",27,2,,,36,18,0.417,0.333,ft,miss,54,17,0.593,0.529,13,837
22,Sewanee,Birmingham-Southern,49-85,49,85,"11-11, 5-9 SCAC","22-1, 14-1 SCAC",02/12/12,Win,885,No Location Recorded,3:00 PM,13:57,,34,61,"REBOUND OFF by HOLLAND,JASON",27,2,,,36,18,0.417,0.333,,,54,17,0.593,0.529,13,837
22,Sewanee,Birmingham-Southern,49-85,49,85,"11-11, 5-9 SCAC","22-1, 14-1 SCAC",02/12/12,Win,885,No Location Recorded,3:00 PM,13:30,,34,61,"MISS JUMPER by LEE,CALEB",27,2,,,36,18,0.417,0.333,jumper,miss,55,17,0.582,0.529,13,810
22,Sewanee,Birmingham-Southern,49-85,49,85,"11-11, 5-9 SCAC","22-1, 14-1 SCAC",02/12/12,Win,885,No Location Recorded,3:00 PM,13:30,,34,61,"REBOUND OFF by HOLLAND,JASON",27,2,,,36,18,0.417,0.333,,,55,17,0.582,0.529,13,810
22,Sewanee,Birmingham-Southern,49-85,49,85,"11-11, 5-9 SCAC","22-1, 14-1 SCAC",02/12/12,Win,885,No Location Recorded,3:00 PM,13:11,,34,61,"MISS LAYUP by LEE,CALEB",27,2,,,36,18,0.417,0.333,layup,miss,56,17,0.571,0.529,13,791
22,Sewanee,Birmingham-Southern,49-85,49,85,"11-11, 5-9 SCAC","22-1, 14-1 SCAC",02/12/12,Win,885,No Location Recorded,3:00 PM,13:11,"BLOCK  by VEAL,ROBERT",34,61,,27,2,,,36,18,0.417,0.333,,,56,17,0.571,0.529,13,791
22,Sewanee,Birmingham-Southern,49-85,49,85,"11-11, 5-9 SCAC","22-1, 14-1 SCAC",02/12/12,Win,885,No Location Recorded,3:00 PM,13:11,,34,61,"REBOUND OFF by LEE,CALEB",27,2,,,36,18,0.417,0.333,,,56,17,0.571,0.529,13,791
22,Sewanee,Birmingham-Southern,49-85,49,85,"11-11, 5-9 SCAC","22-1, 14-1 SCAC",02/12/12,Win,885,No Location Recorded,3:00 PM,13:11,"SUB IN by KIRKPATRICK,TODD",34,61,,27,2,,,36,18,0.417,0.333,,,56,17,0.571,0.529,13,791
22,Sewanee,Birmingham-Southern,49-85,49,85,"11-11, 5-9 SCAC","22-1, 14-1 SCAC",02/12/12,Win,885,No Location Recorded,3:00 PM,13:11,"SUB OUT by BROWN,TYLER",34,61,,27,2,,,36,18,0.417,0.333,,,56,17,0.571,0.529,13,791
22,Sewanee,Birmingham-Southern,49-85,49,85,"11-11, 5-9 SCAC","22-1, 14-1 SCAC",02/12/12,Win,885,No Location Recorded,3:00 PM,13:00,,34,63,"GOOD LAYUP by THOMAS,LARRY(in the paint)",29,2,,,36,18,0.417,0.333,layup,good,57,17,0.579,0.529,13,780
22,Sewanee,Birmingham-Southern,49-85,49,85,"11-11, 5-9 SCAC","22-1, 14-1 SCAC",02/12/12,Win,885,No Location Recorded,3:00 PM,12:36,,34,63,"FOUL  by SCHAMP,GRIFFIN",29,2,,,36,18,0.417,0.333,foul,,57,17,0.579,0.529,12,756
22,Sewanee,Birmingham-Southern,49-85,49,85,"11-11, 5-9 SCAC","22-1, 14-1 SCAC",02/12/12,Win,885,No Location Recorded,3:00 PM,12:36,"GOOD FT by BOULDIN,BRETT",35,63,,28,2,ft,good,37,18,0.432,0.333,,,57,17,0.579,0.529,12,756
22,Sewanee,Birmingham-Southern,49-85,49,85,"11-11, 5-9 SCAC","22-1, 14-1 SCAC",02/12/12,Win,885,No Location Recorded,3:00 PM,12:36,"GOOD FT by BOULDIN,BRETT",36,63,,27,2,ft,good,38,18,0.447,0.333,,,57,17,0.579,0.529,12,756
22,Sewanee,Birmingham-Southern,49-85,49,85,"11-11, 5-9 SCAC","22-1, 14-1 SCAC",02/12/12,Win,885,No Location Recorded,3:00 PM,12:05,,36,63,"MISS LAYUP by HOLLAND,JASON",27,2,,,38,18,0.447,0.333,layup,miss,58,17,0.569,0.529,12,725
22,Sewanee,Birmingham-Southern,49-85,49,85,"11-11, 5-9 SCAC","22-1, 14-1 SCAC",02/12/12,Win,885,No Location Recorded,3:00 PM,12:05,,36,63,"REBOUND OFF by LEE,CALEB",27,2,,,38,18,0.447,0.333,,,58,17,0.569,0.529,12,725
22,Sewanee,Birmingham-Southern,49-85,49,85,"11-11, 5-9 SCAC","22-1, 14-1 SCAC",02/12/12,Win,885,No Location Recorded,3:00 PM,12:01,,36,63,"MISS LAYUP by LEE,CALEB",27,2,,,38,18,0.447,0.333,layup,miss,59,17,0.559,0.529,12,721
22,Sewanee,Birmingham-Southern,49-85,49,85,"11-11, 5-9 SCAC","22-1, 14-1 SCAC",02/12/12,Win,885,No Location Recorded,3:00 PM,12:01,,36,63,"REBOUND OFF by LEE,CALEB",27,2,,,38,18,0.447,0.333,,,59,17,0.559,0.529,12,721
22,Sewanee,Birmingham-Southern,49-85,49,85,"11-11, 5-9 SCAC","22-1, 14-1 SCAC",02/12/12,Win,885,No Location Recorded,3:00 PM,11:58,,36,63,"GOOD TIPIN by LEE,CALEB(in the paint)",27,2,,,38,18,0.447,0.333,,good,60,17,0.567,0.529,11,718
22,Sewanee,Birmingham-Southern,49-85,49,85,"11-11, 5-9 SCAC","22-1, 14-1 SCAC",02/12/12,Win,885,No Location Recorded,3:00 PM,11:50,,36,63,"FOUL  by HOLLAND,JASON",27,2,,,38,18,0.447,0.333,foul,,60,17,0.567,0.529,11,710
22,Sewanee,Birmingham-Southern,49-85,49,85,"11-11, 5-9 SCAC","22-1, 14-1 SCAC",02/12/12,Win,885,No Location Recorded,3:00 PM,11:34,"GOOD JUMPER by KIRKPATRICK,TODD",38,63,,25,2,jumper,good,39,18,0.462,0.333,,,60,17,0.567,0.529,11,694
22,Sewanee,Birmingham-Southern,49-85,49,85,"11-11, 5-9 SCAC","22-1, 14-1 SCAC",02/12/12,Win,885,No Location Recorded,3:00 PM,11:28,,38,66,"GOOD 3PTR by MURPHY,NICK",28,2,,,39,18,0.462,0.333,3ptr,good,61,18,0.574,0.556,11,688
22,Sewanee,Birmingham-Southern,49-85,49,85,"11-11, 5-9 SCAC","22-1, 14-1 SCAC",02/12/12,Win,885,No Location Recorded,3:00 PM,11:28,,38,66,"ASSIST  by HOLLAND,JASON",28,2,,,39,18,0.462,0.333,,,61,18,0.574,0.556,11,688
22,Sewanee,Birmingham-Southern,49-85,49,85,"11-11, 5-9 SCAC","22-1, 14-1 SCAC",02/12/12,Win,885,No Location Recorded,3:00 PM,10:51,"MISS 3PTR by BOULDIN,BRETT",38,66,,28,2,3ptr,miss,40,19,0.45,0.316,,,61,18,0.574,0.556,10,651
22,Sewanee,Birmingham-Southern,49-85,49,85,"11-11, 5-9 SCAC","22-1, 14-1 SCAC",02/12/12,Win,885,No Location Recorded,3:00 PM,10:51,,38,66,"REBOUND DEF by HOLLAND,JASON",28,2,,,40,19,0.45,0.316,,,61,18,0.574,0.556,10,651
22,Sewanee,Birmingham-Southern,49-85,49,85,"11-11, 5-9 SCAC","22-1, 14-1 SCAC",02/12/12,Win,885,No Location Recorded,3:00 PM,10:25,,38,66,"MISS 3PTR by THOMAS,LARRY",28,2,,,40,19,0.45,0.316,3ptr,miss,62,19,0.565,0.526,10,625
22,Sewanee,Birmingham-Southern,49-85,49,85,"11-11, 5-9 SCAC","22-1, 14-1 SCAC",02/12/12,Win,885,No Location Recorded,3:00 PM,10:25,"REBOUND DEF by VEAL,ROBERT",38,66,,28,2,,,40,19,0.45,0.316,,,62,19,0.565,0.526,10,625
22,Sewanee,Birmingham-Southern,49-85,49,85,"11-11, 5-9 SCAC","22-1, 14-1 SCAC",02/12/12,Win,885,No Location Recorded,3:00 PM,10:07,"TURNOVER  by VEAL,ROBERT",38,66,,28,2,,,40,19,0.45,0.316,,,62,19,0.565,0.526,10,607
22,Sewanee,Birmingham-Southern,49-85,49,85,"11-11, 5-9 SCAC","22-1, 14-1 SCAC",02/12/12,Win,885,No Location Recorded,3:00 PM,10:04,,38,66,"STEAL  by THOMAS,LARRY",28,2,,,40,19,0.45,0.316,,,62,19,0.565,0.526,10,604
22,Sewanee,Birmingham-Southern,49-85,49,85,"11-11, 5-9 SCAC","22-1, 14-1 SCAC",02/12/12,Win,885,No Location Recorded,3:00 PM,10:00,,38,66,"TURNOVER  by THOMAS,LARRY",28,2,,,40,19,0.45,0.316,,,62,19,0.565,0.526,10,600
22,Sewanee,Birmingham-Southern,49-85,49,85,"11-11, 5-9 SCAC","22-1, 14-1 SCAC",02/12/12,Win,885,No Location Recorded,3:00 PM,09:58,"STEAL  by BEVIACQUA,BRYAN",38,66,,28,2,,,40,19,0.45,0.316,,,62,19,0.565,0.526,09,598
22,Sewanee,Birmingham-Southern,49-85,49,85,"11-11, 5-9 SCAC","22-1, 14-1 SCAC",02/12/12,Win,885,No Location Recorded,3:00 PM,09:53,"MISS 3PTR by KIRKPATRICK,TODD",38,66,,28,2,3ptr,miss,41,20,0.439,0.3,,,62,19,0.565,0.526,09,593
22,Sewanee,Birmingham-Southern,49-85,49,85,"11-11, 5-9 SCAC","22-1, 14-1 SCAC",02/12/12,Win,885,No Location Recorded,3:00 PM,09:53,,38,66,"REBOUND DEF by HOLLAND,JASON",28,2,,,41,20,0.439,0.3,,,62,19,0.565,0.526,09,593
22,Sewanee,Birmingham-Southern,49-85,49,85,"11-11, 5-9 SCAC","22-1, 14-1 SCAC",02/12/12,Win,885,No Location Recorded,3:00 PM,09:46,,38,69,"GOOD 3PTR by MURPHY,NICK",31,2,,,41,20,0.439,0.3,3ptr,good,63,20,0.571,0.55,09,586
22,Sewanee,Birmingham-Southern,49-85,49,85,"11-11, 5-9 SCAC","22-1, 14-1 SCAC",02/12/12,Win,885,No Location Recorded,3:00 PM,09:46,,38,69,"ASSIST  by SCHAMP,GRIFFIN",31,2,,,41,20,0.439,0.3,,,63,20,0.571,0.55,09,586
22,Sewanee,Birmingham-Southern,49-85,49,85,"11-11, 5-9 SCAC","22-1, 14-1 SCAC",02/12/12,Win,885,No Location Recorded,3:00 PM,09:41,TIMEOUT TEAM by TEAM,38,69,,31,2,,,41,20,0.439,0.3,,,63,20,0.571,0.55,09,581
22,Sewanee,Birmingham-Southern,49-85,49,85,"11-11, 5-9 SCAC","22-1, 14-1 SCAC",02/12/12,Win,885,No Location Recorded,3:00 PM,09:41,"SUB IN by AFFRONTI,LEWIS",38,69,,31,2,,,41,20,0.439,0.3,,,63,20,0.571,0.55,09,581
22,Sewanee,Birmingham-Southern,49-85,49,85,"11-11, 5-9 SCAC","22-1, 14-1 SCAC",02/12/12,Win,885,No Location Recorded,3:00 PM,09:41,"SUB IN by NELSON,ANVIL",38,69,,31,2,,,41,20,0.439,0.3,,,63,20,0.571,0.55,09,581
22,Sewanee,Birmingham-Southern,49-85,49,85,"11-11, 5-9 SCAC","22-1, 14-1 SCAC",02/12/12,Win,885,No Location Recorded,3:00 PM,09:41,"SUB IN by BROWN,TYLER",38,69,,31,2,,,41,20,0.439,0.3,,,63,20,0.571,0.55,09,581
22,Sewanee,Birmingham-Southern,49-85,49,85,"11-11, 5-9 SCAC","22-1, 14-1 SCAC",02/12/12,Win,885,No Location Recorded,3:00 PM,09:41,"SUB IN by BRYANT,VALENTINO",38,69,,31,2,,,41,20,0.439,0.3,,,63,20,0.571,0.55,09,581
22,Sewanee,Birmingham-Southern,49-85,49,85,"11-11, 5-9 SCAC","22-1, 14-1 SCAC",02/12/12,Win,885,No Location Recorded,3:00 PM,09:41,"SUB IN by WILLIAMS,TRENT",38,69,,31,2,,,41,20,0.439,0.3,,,63,20,0.571,0.55,09,581
22,Sewanee,Birmingham-Southern,49-85,49,85,"11-11, 5-9 SCAC","22-1, 14-1 SCAC",02/12/12,Win,885,No Location Recorded,3:00 PM,09:41,"SUB OUT by KIRKPATRICK,TODD",38,69,,31,2,,,41,20,0.439,0.3,,,63,20,0.571,0.55,09,581
22,Sewanee,Birmingham-Southern,49-85,49,85,"11-11, 5-9 SCAC","22-1, 14-1 SCAC",02/12/12,Win,885,No Location Recorded,3:00 PM,09:41,"SUB OUT by VEAL,ROBERT",38,69,,31,2,,,41,20,0.439,0.3,,,63,20,0.571,0.55,09,581
22,Sewanee,Birmingham-Southern,49-85,49,85,"11-11, 5-9 SCAC","22-1, 14-1 SCAC",02/12/12,Win,885,No Location Recorded,3:00 PM,09:41,"SUB OUT by CALDWELL,MARCELLUS",38,69,,31,2,,,41,20,0.439,0.3,,,63,20,0.571,0.55,09,581
22,Sewanee,Birmingham-Southern,49-85,49,85,"11-11, 5-9 SCAC","22-1, 14-1 SCAC",02/12/12,Win,885,No Location Recorded,3:00 PM,09:41,"SUB OUT by BOULDIN,BRETT",38,69,,31,2,,,41,20,0.439,0.3,,,63,20,0.571,0.55,09,581
22,Sewanee,Birmingham-Southern,49-85,49,85,"11-11, 5-9 SCAC","22-1, 14-1 SCAC",02/12/12,Win,885,No Location Recorded,3:00 PM,09:41,"SUB OUT by BEVIACQUA,BRYAN",38,69,,31,2,,,41,20,0.439,0.3,,,63,20,0.571,0.55,09,581
22,Sewanee,Birmingham-Southern,49-85,49,85,"11-11, 5-9 SCAC","22-1, 14-1 SCAC",02/12/12,Win,885,No Location Recorded,3:00 PM,09:41,,38,69,"SUB IN by MARSCHNER,BRENDAN",31,2,,,41,20,0.439,0.3,,,63,20,0.571,0.55,09,581
22,Sewanee,Birmingham-Southern,49-85,49,85,"11-11, 5-9 SCAC","22-1, 14-1 SCAC",02/12/12,Win,885,No Location Recorded,3:00 PM,09:41,,38,69,"SUB IN by FREEMAN,SCHYLAR",31,2,,,41,20,0.439,0.3,,,63,20,0.571,0.55,09,581
22,Sewanee,Birmingham-Southern,49-85,49,85,"11-11, 5-9 SCAC","22-1, 14-1 SCAC",02/12/12,Win,885,No Location Recorded,3:00 PM,09:41,,38,69,"SUB IN by NEINER,JOSEPH",31,2,,,41,20,0.439,0.3,,,63,20,0.571,0.55,09,581
22,Sewanee,Birmingham-Southern,49-85,49,85,"11-11, 5-9 SCAC","22-1, 14-1 SCAC",02/12/12,Win,885,No Location Recorded,3:00 PM,09:41,,38,69,"SUB IN by GALFSKY,ANDER",31,2,,,41,20,0.439,0.3,,,63,20,0.571,0.55,09,581
22,Sewanee,Birmingham-Southern,49-85,49,85,"11-11, 5-9 SCAC","22-1, 14-1 SCAC",02/12/12,Win,885,No Location Recorded,3:00 PM,09:41,,38,69,"SUB IN by OLAFSSON,ODDUR",31,2,,,41,20,0.439,0.3,,,63,20,0.571,0.55,09,581
22,Sewanee,Birmingham-Southern,49-85,49,85,"11-11, 5-9 SCAC","22-1, 14-1 SCAC",02/12/12,Win,885,No Location Recorded,3:00 PM,09:41,,38,69,"SUB OUT by THOMAS,LARRY",31,2,,,41,20,0.439,0.3,,,63,20,0.571,0.55,09,581
22,Sewanee,Birmingham-Southern,49-85,49,85,"11-11, 5-9 SCAC","22-1, 14-1 SCAC",02/12/12,Win,885,No Location Recorded,3:00 PM,09:41,,38,69,"SUB OUT by LEE,CALEB",31,2,,,41,20,0.439,0.3,,,63,20,0.571,0.55,09,581
22,Sewanee,Birmingham-Southern,49-85,49,85,"11-11, 5-9 SCAC","22-1, 14-1 SCAC",02/12/12,Win,885,No Location Recorded,3:00 PM,09:41,,38,69,"SUB OUT by SCHAMP,GRIFFIN",31,2,,,41,20,0.439,0.3,,,63,20,0.571,0.55,09,581
22,Sewanee,Birmingham-Southern,49-85,49,85,"11-11, 5-9 SCAC","22-1, 14-1 SCAC",02/12/12,Win,885,No Location Recorded,3:00 PM,09:41,,38,69,"SUB OUT by MURPHY,NICK",31,2,,,41,20,0.439,0.3,,,63,20,0.571,0.55,09,581
22,Sewanee,Birmingham-Southern,49-85,49,85,"11-11, 5-9 SCAC","22-1, 14-1 SCAC",02/12/12,Win,885,No Location Recorded,3:00 PM,09:41,,38,69,"SUB OUT by HOLLAND,JASON",31,2,,,41,20,0.439,0.3,,,63,20,0.571,0.55,09,581
22,Sewanee,Birmingham-Southern,49-85,49,85,"11-11, 5-9 SCAC","22-1, 14-1 SCAC",02/12/12,Win,885,No Location Recorded,3:00 PM,09:19,"TURNOVER  by AFFRONTI,LEWIS",38,69,,31,2,,,41,20,0.439,0.3,,,63,20,0.571,0.55,09,559
22,Sewanee,Birmingham-Southern,49-85,49,85,"11-11, 5-9 SCAC","22-1, 14-1 SCAC",02/12/12,Win,885,No Location Recorded,3:00 PM,09:19,,38,69,"STEAL  by GALFSKY,ANDER",31,2,,,41,20,0.439,0.3,,,63,20,0.571,0.55,09,559
22,Sewanee,Birmingham-Southern,49-85,49,85,"11-11, 5-9 SCAC","22-1, 14-1 SCAC",02/12/12,Win,885,No Location Recorded,3:00 PM,09:01,,38,69,"MISS JUMPER by MARSCHNER,BRENDAN",31,2,,,41,20,0.439,0.3,jumper,miss,64,20,0.562,0.55,09,541
22,Sewanee,Birmingham-Southern,49-85,49,85,"11-11, 5-9 SCAC","22-1, 14-1 SCAC",02/12/12,Win,885,No Location Recorded,3:00 PM,09:01,"REBOUND DEF by BROWN,TYLER",38,69,,31,2,,,41,20,0.439,0.3,,,64,20,0.562,0.55,09,541
22,Sewanee,Birmingham-Southern,49-85,49,85,"11-11, 5-9 SCAC","22-1, 14-1 SCAC",02/12/12,Win,885,No Location Recorded,3:00 PM,08:52,,38,69,"FOUL  by OLAFSSON,ODDUR",31,2,,,41,20,0.439,0.3,foul,,64,20,0.562,0.55,08,532
22,Sewanee,Birmingham-Southern,49-85,49,85,"11-11, 5-9 SCAC","22-1, 14-1 SCAC",02/12/12,Win,885,No Location Recorded,3:00 PM,08:52,"GOOD FT by AFFRONTI,LEWIS",39,69,,30,2,ft,good,42,20,0.452,0.3,,,64,20,0.562,0.55,08,532
22,Sewanee,Birmingham-Southern,49-85,49,85,"11-11, 5-9 SCAC","22-1, 14-1 SCAC",02/12/12,Win,885,No Location Recorded,3:00 PM,08:52,"GOOD FT by AFFRONTI,LEWIS",40,69,,29,2,ft,good,43,20,0.465,0.3,,,64,20,0.562,0.55,08,532
22,Sewanee,Birmingham-Southern,49-85,49,85,"11-11, 5-9 SCAC","22-1, 14-1 SCAC",02/12/12,Win,885,No Location Recorded,3:00 PM,08:18,,40,71,"GOOD JUMPER by GALFSKY,ANDER",31,2,,,43,20,0.465,0.3,jumper,good,65,20,0.569,0.55,08,498
22,Sewanee,Birmingham-Southern,49-85,49,85,"11-11, 5-9 SCAC","22-1, 14-1 SCAC",02/12/12,Win,885,No Location Recorded,3:00 PM,08:04,"GOOD LAYUP by BRYANT,VALENTINO(in the paint)",42,71,,29,2,layup,good,44,20,0.477,0.3,,,65,20,0.569,0.55,08,484
22,Sewanee,Birmingham-Southern,49-85,49,85,"11-11, 5-9 SCAC","22-1, 14-1 SCAC",02/12/12,Win,885,No Location Recorded,3:00 PM,07:51,,42,71,"TURNOVER  by OLAFSSON,ODDUR",29,2,,,44,20,0.477,0.3,,,65,20,0.569,0.55,07,471
22,Sewanee,Birmingham-Southern,49-85,49,85,"11-11, 5-9 SCAC","22-1, 14-1 SCAC",02/12/12,Win,885,No Location Recorded,3:00 PM,07:31,"MISS LAYUP by NELSON,ANVIL",42,71,,29,2,layup,miss,45,20,0.467,0.3,,,65,20,0.569,0.55,07,451
22,Sewanee,Birmingham-Southern,49-85,49,85,"11-11, 5-9 SCAC","22-1, 14-1 SCAC",02/12/12,Win,885,No Location Recorded,3:00 PM,07:31,,42,71,"REBOUND DEF by OLAFSSON,ODDUR",29,2,,,45,20,0.467,0.3,,,65,20,0.569,0.55,07,451
22,Sewanee,Birmingham-Southern,49-85,49,85,"11-11, 5-9 SCAC","22-1, 14-1 SCAC",02/12/12,Win,885,No Location Recorded,3:00 PM,07:15,,42,71,"MISS 3PTR by OLAFSSON,ODDUR",29,2,,,45,20,0.467,0.3,3ptr,miss,66,21,0.561,0.524,07,435
22,Sewanee,Birmingham-Southern,49-85,49,85,"11-11, 5-9 SCAC","22-1, 14-1 SCAC",02/12/12,Win,885,No Location Recorded,3:00 PM,07:15,,42,71,"REBOUND OFF by GALFSKY,ANDER",29,2,,,45,20,0.467,0.3,,,66,21,0.561,0.524,07,435
22,Sewanee,Birmingham-Southern,49-85,49,85,"11-11, 5-9 SCAC","22-1, 14-1 SCAC",02/12/12,Win,885,No Location Recorded,3:00 PM,07:08,,42,71,"MISS LAYUP by GALFSKY,ANDER",29,2,,,45,20,0.467,0.3,layup,miss,67,21,0.552,0.524,07,428
22,Sewanee,Birmingham-Southern,49-85,49,85,"11-11, 5-9 SCAC","22-1, 14-1 SCAC",02/12/12,Win,885,No Location Recorded,3:00 PM,07:08,"REBOUND DEF by BRYANT,VALENTINO",42,71,,29,2,,,45,20,0.467,0.3,,,67,21,0.552,0.524,07,428
22,Sewanee,Birmingham-Southern,49-85,49,85,"11-11, 5-9 SCAC","22-1, 14-1 SCAC",02/12/12,Win,885,No Location Recorded,3:00 PM,07:02,"TURNOVER  by BROWN,TYLER",42,71,,29,2,,,45,20,0.467,0.3,,,67,21,0.552,0.524,07,422
22,Sewanee,Birmingham-Southern,49-85,49,85,"11-11, 5-9 SCAC","22-1, 14-1 SCAC",02/12/12,Win,885,No Location Recorded,3:00 PM,06:44,,42,71,"MISS LAYUP by OLAFSSON,ODDUR",29,2,,,45,20,0.467,0.3,layup,miss,68,21,0.544,0.524,06,404
22,Sewanee,Birmingham-Southern,49-85,49,85,"11-11, 5-9 SCAC","22-1, 14-1 SCAC",02/12/12,Win,885,No Location Recorded,3:00 PM,06:44,"BLOCK  by BRYANT,VALENTINO",42,71,,29,2,,,45,20,0.467,0.3,,,68,21,0.544,0.524,06,404
22,Sewanee,Birmingham-Southern,49-85,49,85,"11-11, 5-9 SCAC","22-1, 14-1 SCAC",02/12/12,Win,885,No Location Recorded,3:00 PM,06:44,"REBOUND DEF by AFFRONTI,LEWIS",42,71,,29,2,,,45,20,0.467,0.3,,,68,21,0.544,0.524,06,404
22,Sewanee,Birmingham-Southern,49-85,49,85,"11-11, 5-9 SCAC","22-1, 14-1 SCAC",02/12/12,Win,885,No Location Recorded,3:00 PM,06:37,"MISS LAYUP by BRYANT,VALENTINO",42,71,,29,2,layup,miss,46,20,0.457,0.3,,,68,21,0.544,0.524,06,397
22,Sewanee,Birmingham-Southern,49-85,49,85,"11-11, 5-9 SCAC","22-1, 14-1 SCAC",02/12/12,Win,885,No Location Recorded,3:00 PM,06:37,"REBOUND OFF by BRYANT,VALENTINO",42,71,,29,2,,,46,20,0.457,0.3,,,68,21,0.544,0.524,06,397
22,Sewanee,Birmingham-Southern,49-85,49,85,"11-11, 5-9 SCAC","22-1, 14-1 SCAC",02/12/12,Win,885,No Location Recorded,3:00 PM,06:32,"MISS LAYUP by BRYANT,VALENTINO",42,71,,29,2,layup,miss,47,20,0.447,0.3,,,68,21,0.544,0.524,06,392
22,Sewanee,Birmingham-Southern,49-85,49,85,"11-11, 5-9 SCAC","22-1, 14-1 SCAC",02/12/12,Win,885,No Location Recorded,3:00 PM,06:32,,42,71,"REBOUND DEF by NEINER,JOSEPH",29,2,,,47,20,0.447,0.3,,,68,21,0.544,0.524,06,392
22,Sewanee,Birmingham-Southern,49-85,49,85,"11-11, 5-9 SCAC","22-1, 14-1 SCAC",02/12/12,Win,885,No Location Recorded,3:00 PM,06:22,,42,71,"TURNOVER  by OLAFSSON,ODDUR",29,2,,,47,20,0.447,0.3,,,68,21,0.544,0.524,06,382
22,Sewanee,Birmingham-Southern,49-85,49,85,"11-11, 5-9 SCAC","22-1, 14-1 SCAC",02/12/12,Win,885,No Location Recorded,3:00 PM,06:22,"SUB IN by KIRKPATRICK,TODD",42,71,,29,2,,,47,20,0.447,0.3,,,68,21,0.544,0.524,06,382
22,Sewanee,Birmingham-Southern,49-85,49,85,"11-11, 5-9 SCAC","22-1, 14-1 SCAC",02/12/12,Win,885,No Location Recorded,3:00 PM,06:22,"SUB IN by VEAL,ROBERT",42,71,,29,2,,,47,20,0.447,0.3,,,68,21,0.544,0.524,06,382
22,Sewanee,Birmingham-Southern,49-85,49,85,"11-11, 5-9 SCAC","22-1, 14-1 SCAC",02/12/12,Win,885,No Location Recorded,3:00 PM,06:22,"SUB IN by CALDWELL,MARCELLUS",42,71,,29,2,,,47,20,0.447,0.3,,,68,21,0.544,0.524,06,382
22,Sewanee,Birmingham-Southern,49-85,49,85,"11-11, 5-9 SCAC","22-1, 14-1 SCAC",02/12/12,Win,885,No Location Recorded,3:00 PM,06:22,"SUB IN by BOULDIN,BRETT",42,71,,29,2,,,47,20,0.447,0.3,,,68,21,0.544,0.524,06,382
22,Sewanee,Birmingham-Southern,49-85,49,85,"11-11, 5-9 SCAC","22-1, 14-1 SCAC",02/12/12,Win,885,No Location Recorded,3:00 PM,06:22,"SUB IN by BEVIACQUA,BRYAN",42,71,,29,2,,,47,20,0.447,0.3,,,68,21,0.544,0.524,06,382
22,Sewanee,Birmingham-Southern,49-85,49,85,"11-11, 5-9 SCAC","22-1, 14-1 SCAC",02/12/12,Win,885,No Location Recorded,3:00 PM,06:22,"SUB OUT by AFFRONTI,LEWIS",42,71,,29,2,,,47,20,0.447,0.3,,,68,21,0.544,0.524,06,382
22,Sewanee,Birmingham-Southern,49-85,49,85,"11-11, 5-9 SCAC","22-1, 14-1 SCAC",02/12/12,Win,885,No Location Recorded,3:00 PM,06:22,"SUB OUT by NELSON,ANVIL",42,71,,29,2,,,47,20,0.447,0.3,,,68,21,0.544,0.524,06,382
22,Sewanee,Birmingham-Southern,49-85,49,85,"11-11, 5-9 SCAC","22-1, 14-1 SCAC",02/12/12,Win,885,No Location Recorded,3:00 PM,06:22,"SUB OUT by BROWN,TYLER",42,71,,29,2,,,47,20,0.447,0.3,,,68,21,0.544,0.524,06,382
22,Sewanee,Birmingham-Southern,49-85,49,85,"11-11, 5-9 SCAC","22-1, 14-1 SCAC",02/12/12,Win,885,No Location Recorded,3:00 PM,06:22,"SUB OUT by BRYANT,VALENTINO",42,71,,29,2,,,47,20,0.447,0.3,,,68,21,0.544,0.524,06,382
22,Sewanee,Birmingham-Southern,49-85,49,85,"11-11, 5-9 SCAC","22-1, 14-1 SCAC",02/12/12,Win,885,No Location Recorded,3:00 PM,06:22,"SUB OUT by WILLIAMS,TRENT",42,71,,29,2,,,47,20,0.447,0.3,,,68,21,0.544,0.524,06,382
22,Sewanee,Birmingham-Southern,49-85,49,85,"11-11, 5-9 SCAC","22-1, 14-1 SCAC",02/12/12,Win,885,No Location Recorded,3:00 PM,05:56,"MISS JUMPER by KIRKPATRICK,TODD",42,71,,29,2,jumper,miss,48,20,0.438,0.3,,,68,21,0.544,0.524,05,356
22,Sewanee,Birmingham-Southern,49-85,49,85,"11-11, 5-9 SCAC","22-1, 14-1 SCAC",02/12/12,Win,885,No Location Recorded,3:00 PM,05:56,"REBOUND OFF by CALDWELL,MARCELLUS",42,71,,29,2,,,48,20,0.438,0.3,,,68,21,0.544,0.524,05,356
22,Sewanee,Birmingham-Southern,49-85,49,85,"11-11, 5-9 SCAC","22-1, 14-1 SCAC",02/12/12,Win,885,No Location Recorded,3:00 PM,05:52,"MISS 3PTR by VEAL,ROBERT",42,71,,29,2,3ptr,miss,49,21,0.429,0.286,,,68,21,0.544,0.524,05,352
22,Sewanee,Birmingham-Southern,49-85,49,85,"11-11, 5-9 SCAC","22-1, 14-1 SCAC",02/12/12,Win,885,No Location Recorded,3:00 PM,05:52,,42,71,"REBOUND DEF by OLAFSSON,ODDUR",29,2,,,49,21,0.429,0.286,,,68,21,0.544,0.524,05,352
22,Sewanee,Birmingham-Southern,49-85,49,85,"11-11, 5-9 SCAC","22-1, 14-1 SCAC",02/12/12,Win,885,No Location Recorded,3:00 PM,05:43,,42,71,"FOUL  by NEINER,JOSEPH",29,2,,,49,21,0.429,0.286,foul,,68,21,0.544,0.524,05,343
22,Sewanee,Birmingham-Southern,49-85,49,85,"11-11, 5-9 SCAC","22-1, 14-1 SCAC",02/12/12,Win,885,No Location Recorded,3:00 PM,05:43,,42,71,"TURNOVER  by NEINER,JOSEPH",29,2,,,49,21,0.429,0.286,,,68,21,0.544,0.524,05,343
22,Sewanee,Birmingham-Southern,49-85,49,85,"11-11, 5-9 SCAC","22-1, 14-1 SCAC",02/12/12,Win,885,No Location Recorded,3:00 PM,05:43,,42,71,"SUB IN by SHELTON,MIGUEL",29,2,,,49,21,0.429,0.286,,,68,21,0.544,0.524,05,343
22,Sewanee,Birmingham-Southern,49-85,49,85,"11-11, 5-9 SCAC","22-1, 14-1 SCAC",02/12/12,Win,885,No Location Recorded,3:00 PM,05:43,,42,71,"SUB IN by THOMAS,LARRY",29,2,,,49,21,0.429,0.286,,,68,21,0.544,0.524,05,343
22,Sewanee,Birmingham-Southern,49-85,49,85,"11-11, 5-9 SCAC","22-1, 14-1 SCAC",02/12/12,Win,885,No Location Recorded,3:00 PM,05:43,,42,71,"SUB IN by SCHAMP,GRIFFIN",29,2,,,49,21,0.429,0.286,,,68,21,0.544,0.524,05,343
22,Sewanee,Birmingham-Southern,49-85,49,85,"11-11, 5-9 SCAC","22-1, 14-1 SCAC",02/12/12,Win,885,No Location Recorded,3:00 PM,05:43,,42,71,"SUB IN by MURPHY,NICK",29,2,,,49,21,0.429,0.286,,,68,21,0.544,0.524,05,343
22,Sewanee,Birmingham-Southern,49-85,49,85,"11-11, 5-9 SCAC","22-1, 14-1 SCAC",02/12/12,Win,885,No Location Recorded,3:00 PM,05:43,,42,71,"SUB IN by HOLLAND,JASON",29,2,,,49,21,0.429,0.286,,,68,21,0.544,0.524,05,343
22,Sewanee,Birmingham-Southern,49-85,49,85,"11-11, 5-9 SCAC","22-1, 14-1 SCAC",02/12/12,Win,885,No Location Recorded,3:00 PM,05:43,,42,71,"SUB OUT by MARSCHNER,BRENDAN",29,2,,,49,21,0.429,0.286,,,68,21,0.544,0.524,05,343
22,Sewanee,Birmingham-Southern,49-85,49,85,"11-11, 5-9 SCAC","22-1, 14-1 SCAC",02/12/12,Win,885,No Location Recorded,3:00 PM,05:43,,42,71,"SUB OUT by FREEMAN,SCHYLAR",29,2,,,49,21,0.429,0.286,,,68,21,0.544,0.524,05,343
22,Sewanee,Birmingham-Southern,49-85,49,85,"11-11, 5-9 SCAC","22-1, 14-1 SCAC",02/12/12,Win,885,No Location Recorded,3:00 PM,05:43,,42,71,"SUB OUT by NEINER,JOSEPH",29,2,,,49,21,0.429,0.286,,,68,21,0.544,0.524,05,343
22,Sewanee,Birmingham-Southern,49-85,49,85,"11-11, 5-9 SCAC","22-1, 14-1 SCAC",02/12/12,Win,885,No Location Recorded,3:00 PM,05:43,,42,71,"SUB OUT by GALFSKY,ANDER",29,2,,,49,21,0.429,0.286,,,68,21,0.544,0.524,05,343
22,Sewanee,Birmingham-Southern,49-85,49,85,"11-11, 5-9 SCAC","22-1, 14-1 SCAC",02/12/12,Win,885,No Location Recorded,3:00 PM,05:43,,42,71,"SUB OUT by OLAFSSON,ODDUR",29,2,,,49,21,0.429,0.286,,,68,21,0.544,0.524,05,343
22,Sewanee,Birmingham-Southern,49-85,49,85,"11-11, 5-9 SCAC","22-1, 14-1 SCAC",02/12/12,Win,885,No Location Recorded,3:00 PM,05:25,"MISS 3PTR by BEVIACQUA,BRYAN",42,71,,29,2,3ptr,miss,50,22,0.42,0.273,,,68,21,0.544,0.524,05,325
22,Sewanee,Birmingham-Southern,49-85,49,85,"11-11, 5-9 SCAC","22-1, 14-1 SCAC",02/12/12,Win,885,No Location Recorded,3:00 PM,05:25,,42,71,"REBOUND DEF by SCHAMP,GRIFFIN",29,2,,,50,22,0.42,0.273,,,68,21,0.544,0.524,05,325
22,Sewanee,Birmingham-Southern,49-85,49,85,"11-11, 5-9 SCAC","22-1, 14-1 SCAC",02/12/12,Win,885,No Location Recorded,3:00 PM,05:11,,42,71,"MISS JUMPER by SHELTON,MIGUEL",29,2,,,50,22,0.42,0.273,jumper,miss,69,21,0.536,0.524,05,311
22,Sewanee,Birmingham-Southern,49-85,49,85,"11-11, 5-9 SCAC","22-1, 14-1 SCAC",02/12/12,Win,885,No Location Recorded,3:00 PM,05:11,"REBOUND DEF by CALDWELL,MARCELLUS",42,71,,29,2,,,50,22,0.42,0.273,,,69,21,0.536,0.524,05,311
22,Sewanee,Birmingham-Southern,49-85,49,85,"11-11, 5-9 SCAC","22-1, 14-1 SCAC",02/12/12,Win,885,No Location Recorded,3:00 PM,05:00,"MISS LAYUP by BEVIACQUA,BRYAN",42,71,,29,2,layup,miss,51,22,0.412,0.273,,,69,21,0.536,0.524,05,300
22,Sewanee,Birmingham-Southern,49-85,49,85,"11-11, 5-9 SCAC","22-1, 14-1 SCAC",02/12/12,Win,885,No Location Recorded,3:00 PM,05:00,,42,71,"REBOUND DEF by THOMAS,LARRY",29,2,,,51,22,0.412,0.273,,,69,21,0.536,0.524,05,300
22,Sewanee,Birmingham-Southern,49-85,49,85,"11-11, 5-9 SCAC","22-1, 14-1 SCAC",02/12/12,Win,885,No Location Recorded,3:00 PM,04:37,,42,73,"GOOD LAYUP by MURPHY,NICK(in the paint)",31,2,,,51,22,0.412,0.273,layup,good,70,21,0.543,0.524,04,277
22,Sewanee,Birmingham-Southern,49-85,49,85,"11-11, 5-9 SCAC","22-1, 14-1 SCAC",02/12/12,Win,885,No Location Recorded,3:00 PM,04:17,"MISS JUMPER by KIRKPATRICK,TODD",42,73,,31,2,jumper,miss,52,22,0.404,0.273,,,70,21,0.543,0.524,04,257
22,Sewanee,Birmingham-Southern,49-85,49,85,"11-11, 5-9 SCAC","22-1, 14-1 SCAC",02/12/12,Win,885,No Location Recorded,3:00 PM,04:17,,42,73,"REBOUND DEF by THOMAS,LARRY",31,2,,,52,22,0.404,0.273,,,70,21,0.543,0.524,04,257
22,Sewanee,Birmingham-Southern,49-85,49,85,"11-11, 5-9 SCAC","22-1, 14-1 SCAC",02/12/12,Win,885,No Location Recorded,3:00 PM,04:05,,42,73,TIMEOUT 30SEC by TEAM,31,2,,,52,22,0.404,0.273,,,70,21,0.543,0.524,04,245
22,Sewanee,Birmingham-Southern,49-85,49,85,"11-11, 5-9 SCAC","22-1, 14-1 SCAC",02/12/12,Win,885,No Location Recorded,3:00 PM,03:48,,42,73,"SUB IN by MARSCHNER,BRENDAN",31,2,,,52,22,0.404,0.273,,,70,21,0.543,0.524,03,228
22,Sewanee,Birmingham-Southern,49-85,49,85,"11-11, 5-9 SCAC","22-1, 14-1 SCAC",02/12/12,Win,885,No Location Recorded,3:00 PM,03:48,,42,73,"SUB OUT by THOMAS,LARRY",31,2,,,52,22,0.404,0.273,,,70,21,0.543,0.524,03,228
22,Sewanee,Birmingham-Southern,49-85,49,85,"11-11, 5-9 SCAC","22-1, 14-1 SCAC",02/12/12,Win,885,No Location Recorded,3:00 PM,03:46,,42,73,"MISS 3PTR by MURPHY,NICK",31,2,,,52,22,0.404,0.273,3ptr,miss,71,22,0.535,0.5,03,226
22,Sewanee,Birmingham-Southern,49-85,49,85,"11-11, 5-9 SCAC","22-1, 14-1 SCAC",02/12/12,Win,885,No Location Recorded,3:00 PM,03:46,,42,73,"REBOUND OFF by SCHAMP,GRIFFIN",31,2,,,52,22,0.404,0.273,,,71,22,0.535,0.5,03,226
22,Sewanee,Birmingham-Southern,49-85,49,85,"11-11, 5-9 SCAC","22-1, 14-1 SCAC",02/12/12,Win,885,No Location Recorded,3:00 PM,03:30,"FOUL  by KIRKPATRICK,TODD",42,73,,31,2,foul,,52,22,0.404,0.273,,,71,22,0.535,0.5,03,210
22,Sewanee,Birmingham-Southern,49-85,49,85,"11-11, 5-9 SCAC","22-1, 14-1 SCAC",02/12/12,Win,885,No Location Recorded,3:00 PM,03:30,,42,74,"GOOD FT by SHELTON,MIGUEL",32,2,,,52,22,0.404,0.273,ft,good,72,22,0.542,0.5,03,210
22,Sewanee,Birmingham-Southern,49-85,49,85,"11-11, 5-9 SCAC","22-1, 14-1 SCAC",02/12/12,Win,885,No Location Recorded,3:00 PM,03:30,,42,75,"GOOD FT by SHELTON,MIGUEL",33,2,,,52,22,0.404,0.273,ft,good,73,22,0.548,0.5,03,210
22,Sewanee,Birmingham-Southern,49-85,49,85,"11-11, 5-9 SCAC","22-1, 14-1 SCAC",02/12/12,Win,885,No Location Recorded,3:00 PM,03:15,"MISS 3PTR by BOULDIN,BRETT",42,75,,33,2,3ptr,miss,53,23,0.396,0.261,,,73,22,0.548,0.5,03,195
22,Sewanee,Birmingham-Southern,49-85,49,85,"11-11, 5-9 SCAC","22-1, 14-1 SCAC",02/12/12,Win,885,No Location Recorded,3:00 PM,03:15,,42,75,"REBOUND DEF by MURPHY,NICK",33,2,,,53,23,0.396,0.261,,,73,22,0.548,0.5,03,195
22,Sewanee,Birmingham-Southern,49-85,49,85,"11-11, 5-9 SCAC","22-1, 14-1 SCAC",02/12/12,Win,885,No Location Recorded,3:00 PM,03:06,"FOUL  by BOULDIN,BRETT",42,75,,33,2,foul,,53,23,0.396,0.261,,,73,22,0.548,0.5,03,186
22,Sewanee,Birmingham-Southern,49-85,49,85,"11-11, 5-9 SCAC","22-1, 14-1 SCAC",02/12/12,Win,885,No Location Recorded,3:00 PM,03:06,,42,75,"MISS FT by SCHAMP,GRIFFIN",33,2,,,53,23,0.396,0.261,ft,miss,74,22,0.541,0.5,03,186
22,Sewanee,Birmingham-Southern,49-85,49,85,"11-11, 5-9 SCAC","22-1, 14-1 SCAC",02/12/12,Win,885,No Location Recorded,3:00 PM,03:06,,42,75,REBOUND DEADB by TEAM,33,2,,,53,23,0.396,0.261,,,74,22,0.541,0.5,03,186
22,Sewanee,Birmingham-Southern,49-85,49,85,"11-11, 5-9 SCAC","22-1, 14-1 SCAC",02/12/12,Win,885,No Location Recorded,3:00 PM,03:06,,42,75,"MISS FT by SCHAMP,GRIFFIN",33,2,,,53,23,0.396,0.261,ft,miss,75,22,0.533,0.5,03,186
22,Sewanee,Birmingham-Southern,49-85,49,85,"11-11, 5-9 SCAC","22-1, 14-1 SCAC",02/12/12,Win,885,No Location Recorded,3:00 PM,03:06,,42,75,"REBOUND OFF by SHELTON,MIGUEL",33,2,,,53,23,0.396,0.261,,,75,22,0.533,0.5,03,186
22,Sewanee,Birmingham-Southern,49-85,49,85,"11-11, 5-9 SCAC","22-1, 14-1 SCAC",02/12/12,Win,885,No Location Recorded,3:00 PM,03:02,,42,75,"MISS JUMPER by SHELTON,MIGUEL",33,2,,,53,23,0.396,0.261,jumper,miss,76,22,0.526,0.5,03,182
22,Sewanee,Birmingham-Southern,49-85,49,85,"11-11, 5-9 SCAC","22-1, 14-1 SCAC",02/12/12,Win,885,No Location Recorded,3:00 PM,03:02,"REBOUND DEF by KIRKPATRICK,TODD",42,75,,33,2,,,53,23,0.396,0.261,,,76,22,0.526,0.5,03,182
22,Sewanee,Birmingham-Southern,49-85,49,85,"11-11, 5-9 SCAC","22-1, 14-1 SCAC",02/12/12,Win,885,No Location Recorded,3:00 PM,02:50,"SUB IN by MARTIN,SAM",42,75,,33,2,,,53,23,0.396,0.261,,,76,22,0.526,0.5,02,170
22,Sewanee,Birmingham-Southern,49-85,49,85,"11-11, 5-9 SCAC","22-1, 14-1 SCAC",02/12/12,Win,885,No Location Recorded,3:00 PM,02:50,"SUB IN by GRACE,WES",42,75,,33,2,,,53,23,0.396,0.261,,,76,22,0.526,0.5,02,170
22,Sewanee,Birmingham-Southern,49-85,49,85,"11-11, 5-9 SCAC","22-1, 14-1 SCAC",02/12/12,Win,885,No Location Recorded,3:00 PM,02:50,"SUB OUT by VEAL,ROBERT",42,75,,33,2,,,53,23,0.396,0.261,,,76,22,0.526,0.5,02,170
22,Sewanee,Birmingham-Southern,49-85,49,85,"11-11, 5-9 SCAC","22-1, 14-1 SCAC",02/12/12,Win,885,No Location Recorded,3:00 PM,02:50,"SUB OUT by CALDWELL,MARCELLUS",42,75,,33,2,,,53,23,0.396,0.261,,,76,22,0.526,0.5,02,170
22,Sewanee,Birmingham-Southern,49-85,49,85,"11-11, 5-9 SCAC","22-1, 14-1 SCAC",02/12/12,Win,885,No Location Recorded,3:00 PM,02:50,,42,75,"SUB IN by FREEMAN,SCHYLAR",33,2,,,53,23,0.396,0.261,,,76,22,0.526,0.5,02,170
22,Sewanee,Birmingham-Southern,49-85,49,85,"11-11, 5-9 SCAC","22-1, 14-1 SCAC",02/12/12,Win,885,No Location Recorded,3:00 PM,02:50,,42,75,"SUB IN by NEINER,JOSEPH",33,2,,,53,23,0.396,0.261,,,76,22,0.526,0.5,02,170
22,Sewanee,Birmingham-Southern,49-85,49,85,"11-11, 5-9 SCAC","22-1, 14-1 SCAC",02/12/12,Win,885,No Location Recorded,3:00 PM,02:50,,42,75,"SUB IN by GALFSKY,ANDER",33,2,,,53,23,0.396,0.261,,,76,22,0.526,0.5,02,170
22,Sewanee,Birmingham-Southern,49-85,49,85,"11-11, 5-9 SCAC","22-1, 14-1 SCAC",02/12/12,Win,885,No Location Recorded,3:00 PM,02:50,,42,75,"SUB IN by OLAFSSON,ODDUR",33,2,,,53,23,0.396,0.261,,,76,22,0.526,0.5,02,170
22,Sewanee,Birmingham-Southern,49-85,49,85,"11-11, 5-9 SCAC","22-1, 14-1 SCAC",02/12/12,Win,885,No Location Recorded,3:00 PM,02:50,,42,75,"SUB OUT by SHELTON,MIGUEL",33,2,,,53,23,0.396,0.261,,,76,22,0.526,0.5,02,170
22,Sewanee,Birmingham-Southern,49-85,49,85,"11-11, 5-9 SCAC","22-1, 14-1 SCAC",02/12/12,Win,885,No Location Recorded,3:00 PM,02:50,,42,75,"SUB OUT by SCHAMP,GRIFFIN",33,2,,,53,23,0.396,0.261,,,76,22,0.526,0.5,02,170
22,Sewanee,Birmingham-Southern,49-85,49,85,"11-11, 5-9 SCAC","22-1, 14-1 SCAC",02/12/12,Win,885,No Location Recorded,3:00 PM,02:50,,42,75,"SUB OUT by MURPHY,NICK",33,2,,,53,23,0.396,0.261,,,76,22,0.526,0.5,02,170
22,Sewanee,Birmingham-Southern,49-85,49,85,"11-11, 5-9 SCAC","22-1, 14-1 SCAC",02/12/12,Win,885,No Location Recorded,3:00 PM,02:50,,42,75,"SUB OUT by HOLLAND,JASON",33,2,,,53,23,0.396,0.261,,,76,22,0.526,0.5,02,170
22,Sewanee,Birmingham-Southern,49-85,49,85,"11-11, 5-9 SCAC","22-1, 14-1 SCAC",02/12/12,Win,885,No Location Recorded,3:00 PM,02:43,,42,75,"FOUL  by FREEMAN,SCHYLAR",33,2,,,53,23,0.396,0.261,foul,,76,22,0.526,0.5,02,163
22,Sewanee,Birmingham-Southern,49-85,49,85,"11-11, 5-9 SCAC","22-1, 14-1 SCAC",02/12/12,Win,885,No Location Recorded,3:00 PM,02:43,"MISS FT by KIRKPATRICK,TODD",42,75,,33,2,ft,miss,54,23,0.389,0.261,,,76,22,0.526,0.5,02,163
22,Sewanee,Birmingham-Southern,49-85,49,85,"11-11, 5-9 SCAC","22-1, 14-1 SCAC",02/12/12,Win,885,No Location Recorded,3:00 PM,02:43,,42,75,"REBOUND DEF by MARSCHNER,BRENDAN",33,2,,,54,23,0.389,0.261,,,76,22,0.526,0.5,02,163
22,Sewanee,Birmingham-Southern,49-85,49,85,"11-11, 5-9 SCAC","22-1, 14-1 SCAC",02/12/12,Win,885,No Location Recorded,3:00 PM,02:19,,42,75,"MISS LAYUP by GALFSKY,ANDER",33,2,,,54,23,0.389,0.261,layup,miss,77,22,0.519,0.5,02,139
22,Sewanee,Birmingham-Southern,49-85,49,85,"11-11, 5-9 SCAC","22-1, 14-1 SCAC",02/12/12,Win,885,No Location Recorded,3:00 PM,02:19,"REBOUND DEF by KIRKPATRICK,TODD",42,75,,33,2,,,54,23,0.389,0.261,,,77,22,0.519,0.5,02,139
22,Sewanee,Birmingham-Southern,49-85,49,85,"11-11, 5-9 SCAC","22-1, 14-1 SCAC",02/12/12,Win,885,No Location Recorded,3:00 PM,02:09,"GOOD 3PTR by BOULDIN,BRETT",45,75,,30,2,3ptr,good,55,24,0.4,0.292,,,77,22,0.519,0.5,02,129
22,Sewanee,Birmingham-Southern,49-85,49,85,"11-11, 5-9 SCAC","22-1, 14-1 SCAC",02/12/12,Win,885,No Location Recorded,3:00 PM,01:50,,45,75,"MISS LAYUP by OLAFSSON,ODDUR",30,2,,,55,24,0.4,0.292,layup,miss,78,22,0.513,0.5,01,110
22,Sewanee,Birmingham-Southern,49-85,49,85,"11-11, 5-9 SCAC","22-1, 14-1 SCAC",02/12/12,Win,885,No Location Recorded,3:00 PM,01:50,,45,75,"REBOUND OFF by NEINER,JOSEPH",30,2,,,55,24,0.4,0.292,,,78,22,0.513,0.5,01,110
22,Sewanee,Birmingham-Southern,49-85,49,85,"11-11, 5-9 SCAC","22-1, 14-1 SCAC",02/12/12,Win,885,No Location Recorded,3:00 PM,01:48,,45,77,"GOOD LAYUP by NEINER,JOSEPH(in the paint)",32,2,,,55,24,0.4,0.292,layup,good,79,22,0.519,0.5,01,108
22,Sewanee,Birmingham-Southern,49-85,49,85,"11-11, 5-9 SCAC","22-1, 14-1 SCAC",02/12/12,Win,885,No Location Recorded,3:00 PM,01:15,,45,77,"FOUL  by MARSCHNER,BRENDAN",32,2,,,55,24,0.4,0.292,foul,,79,22,0.519,0.5,01,75
22,Sewanee,Birmingham-Southern,49-85,49,85,"11-11, 5-9 SCAC","22-1, 14-1 SCAC",02/12/12,Win,885,No Location Recorded,3:00 PM,01:15,"GOOD FT by BOULDIN,BRETT",46,77,,31,2,ft,good,56,24,0.411,0.292,,,79,22,0.519,0.5,01,75
22,Sewanee,Birmingham-Southern,49-85,49,85,"11-11, 5-9 SCAC","22-1, 14-1 SCAC",02/12/12,Win,885,No Location Recorded,3:00 PM,01:15,"GOOD FT by BOULDIN,BRETT",47,77,,30,2,ft,good,57,24,0.421,0.292,,,79,22,0.519,0.5,01,75
22,Sewanee,Birmingham-Southern,49-85,49,85,"11-11, 5-9 SCAC","22-1, 14-1 SCAC",02/12/12,Win,885,No Location Recorded,3:00 PM,00:46,,47,77,"TURNOVER  by OLAFSSON,ODDUR",30,2,,,57,24,0.421,0.292,,,79,22,0.519,0.5,00,46
22,Sewanee,Birmingham-Southern,49-85,49,85,"11-11, 5-9 SCAC","22-1, 14-1 SCAC",02/12/12,Win,885,No Location Recorded,3:00 PM,00:45,"STEAL  by BOULDIN,BRETT",47,77,,30,2,,,57,24,0.421,0.292,,,79,22,0.519,0.5,00,45
22,Sewanee,Birmingham-Southern,49-85,49,85,"11-11, 5-9 SCAC","22-1, 14-1 SCAC",02/12/12,Win,885,No Location Recorded,3:00 PM,00:41,,47,77,"FOUL  by MARSCHNER,BRENDAN",30,2,,,57,24,0.421,0.292,foul,,79,22,0.519,0.5,00,41
22,Sewanee,Birmingham-Southern,49-85,49,85,"11-11, 5-9 SCAC","22-1, 14-1 SCAC",02/12/12,Win,885,No Location Recorded,3:00 PM,00:41,"GOOD FT by BOULDIN,BRETT",48,77,,29,2,ft,good,58,24,0.431,0.292,,,79,22,0.519,0.5,00,41
22,Sewanee,Birmingham-Southern,49-85,49,85,"11-11, 5-9 SCAC","22-1, 14-1 SCAC",02/12/12,Win,885,No Location Recorded,3:00 PM,00:41,"GOOD FT by BOULDIN,BRETT",49,77,,28,2,ft,good,59,24,0.441,0.292,,,79,22,0.519,0.5,00,41
22,Sewanee,Birmingham-Southern,49-85,49,85,"11-11, 5-9 SCAC","22-1, 14-1 SCAC",02/12/12,Win,885,No Location Recorded,3:00 PM,00:20,,49,77,"MISS JUMPER by FREEMAN,SCHYLAR",28,2,,,59,24,0.441,0.292,jumper,miss,80,22,0.512,0.5,00,20
22,Sewanee,Birmingham-Southern,49-85,49,85,"11-11, 5-9 SCAC","22-1, 14-1 SCAC",02/12/12,Win,885,No Location Recorded,3:00 PM,00:20,"REBOUND DEF by GRACE,WES",49,77,,28,2,,,59,24,0.441,0.292,,,80,22,0.512,0.5,00,20
22,Sewanee,Birmingham-Southern,49-85,49,85,"11-11, 5-9 SCAC","22-1, 14-1 SCAC",02/12/12,Win,885,No Location Recorded,3:00 PM,00:01,"MISS 3PTR by BOULDIN,BRETT",49,77,,28,2,3ptr,miss,60,25,0.433,0.28,,,80,22,0.512,0.5,00,1
22,Sewanee,Birmingham-Southern,49-85,49,85,"11-11, 5-9 SCAC","22-1, 14-1 SCAC",02/12/12,Win,885,No Location Recorded,3:00 PM,00:01,,49,77,"REBOUND DEF by NEINER,JOSEPH",28,2,,,60,25,0.433,0.28,,,80,22,0.512,0.5,00,1
