,gameID,homeTeam,awayTeam,saaGame,finalScore,homeScoreByPeriod,awayScoreByPeriod,homeRecord,awayRecord,homeConfRecord,awayConfRecord,gameDate,startTime,gameLength,gameLocation,homeWin,numPeriods,isOvertime,attendance,isNeutral,timeRemaining,awayPlay,awayTeamScore,playTeamIndicator,homeTeamScore,homePlay,gameScore,teamIndicator,Play,Period,playType,shotOutcome,Team,Player,pointsEarned,awayLineup,homeLineup,timeSeconds
0,2872,Hendrix,Rhodes,1,56-54,"28,26","34,22",4-4,4-3,0-1,1-0,12/04/13,8 p.m.,N/A,"Conway, Ark. (Grove Gymnasium)",Lose,2,False,385,False,19:50,"TURNOVER  by LIVSEY,GEOFF",,,,,,,"TURNOVER  by LIVSEY,GEOFF",1,turnover,,rhodes,"livsey,geoff",,"['miller,drew', 'dunavant,johnny', 'collins,luke', 'livsey,geoff', 'van,ryan']","['tate,jamie', 'aldous,hank', 'nikolovski,drew', 'mendenall,haylee', 'taulton,jordan']",1190
1,2872,Hendrix,Rhodes,1,56-54,"28,26","34,22",4-4,4-3,0-1,1-0,12/04/13,8 p.m.,N/A,"Conway, Ark. (Grove Gymnasium)",Lose,2,False,385,False,19:50,"FOUL  by LIVSEY,GEOFF",,,,,,,"FOUL  by LIVSEY,GEOFF",1,foul,,rhodes,"livsey,geoff",,"['miller,drew', 'dunavant,johnny', 'collins,luke', 'livsey,geoff', 'van,ryan']","['tate,jamie', 'aldous,hank', 'nikolovski,drew', 'mendenall,haylee', 'taulton,jordan']",1190
2,2872,Hendrix,Rhodes,1,56-54,"28,26","34,22",4-4,4-3,0-1,1-0,12/04/13,8 p.m.,N/A,"Conway, Ark. (Grove Gymnasium)",Lose,2,False,385,False,19:40,,,,,"MISS JUMPER by ALDOUS,HANK",,,"MISS JUMPER by ALDOUS,HANK",1,jumper,missed,hendrix,"aldous,hank",,"['miller,drew', 'dunavant,johnny', 'collins,luke', 'livsey,geoff', 'van,ryan']","['tate,jamie', 'aldous,hank', 'nikolovski,drew', 'mendenall,haylee', 'taulton,jordan']",1180
3,2872,Hendrix,Rhodes,1,56-54,"28,26","34,22",4-4,4-3,0-1,1-0,12/04/13,8 p.m.,N/A,"Conway, Ark. (Grove Gymnasium)",Lose,2,False,385,False,--,REBOUND DEF by TEAM,,,,,,,REBOUND DEF by TEAM,1,defensive rebound,,rhodes,,,"['miller,drew', 'dunavant,johnny', 'collins,luke', 'livsey,geoff', 'van,ryan']","['tate,jamie', 'aldous,hank', 'nikolovski,drew', 'mendenall,haylee', 'taulton,jordan']",
4,2872,Hendrix,Rhodes,1,56-54,"28,26","34,22",4-4,4-3,0-1,1-0,12/04/13,8 p.m.,N/A,"Conway, Ark. (Grove Gymnasium)",Lose,2,False,385,False,19:22,"GOOD JUMPER by LIVSEY,GEOFF(in the paint)",2 ,,0,,RHODESMB 2-0 (+2),,"GOOD JUMPER by LIVSEY,GEOFF(in the paint)",1,jumper,good,rhodes,"livsey,geoff",2,"['miller,drew', 'dunavant,johnny', 'collins,luke', 'livsey,geoff', 'van,ryan']","['tate,jamie', 'aldous,hank', 'nikolovski,drew', 'mendenall,haylee', 'taulton,jordan']",1162
5,2872,Hendrix,Rhodes,1,56-54,"28,26","34,22",4-4,4-3,0-1,1-0,12/04/13,8 p.m.,N/A,"Conway, Ark. (Grove Gymnasium)",Lose,2,False,385,False,19:04,,2 ,,0,"MISS LAYUP by TATE,JAMIE",,,"MISS LAYUP by TATE,JAMIE",1,layup,missed,hendrix,"tate,jamie",,"['miller,drew', 'dunavant,johnny', 'collins,luke', 'livsey,geoff', 'van,ryan']","['tate,jamie', 'aldous,hank', 'nikolovski,drew', 'mendenall,haylee', 'taulton,jordan']",1144
6,2872,Hendrix,Rhodes,1,56-54,"28,26","34,22",4-4,4-3,0-1,1-0,12/04/13,8 p.m.,N/A,"Conway, Ark. (Grove Gymnasium)",Lose,2,False,385,False,--,"REBOUND DEF by HOECK,RYAN VAN",2 ,,0,,,,"REBOUND DEF by HOECK,RYAN VAN",1,defensive rebound,,rhodes,"hoeck,ryan van",,"['miller,drew', 'dunavant,johnny', 'collins,luke', 'livsey,geoff', 'van,ryan']","['tate,jamie', 'aldous,hank', 'nikolovski,drew', 'mendenall,haylee', 'taulton,jordan']",
7,2872,Hendrix,Rhodes,1,56-54,"28,26","34,22",4-4,4-3,0-1,1-0,12/04/13,8 p.m.,N/A,"Conway, Ark. (Grove Gymnasium)",Lose,2,False,385,False,18:46,"MISS LAYUP by MILLER,DREW",2 ,,0,,,,"MISS LAYUP by MILLER,DREW",1,layup,missed,rhodes,"miller,drew",,"['miller,drew', 'dunavant,johnny', 'collins,luke', 'livsey,geoff', 'van,ryan']","['tate,jamie', 'aldous,hank', 'nikolovski,drew', 'mendenall,haylee', 'taulton,jordan']",1126
8,2872,Hendrix,Rhodes,1,56-54,"28,26","34,22",4-4,4-3,0-1,1-0,12/04/13,8 p.m.,N/A,"Conway, Ark. (Grove Gymnasium)",Lose,2,False,385,False,18:46,,2 ,,0,"BLOCK  by ALDOUS,HANK",,,"BLOCK  by ALDOUS,HANK",1,block,,hendrix,"aldous,hank",,"['miller,drew', 'dunavant,johnny', 'collins,luke', 'livsey,geoff', 'van,ryan']","['tate,jamie', 'aldous,hank', 'nikolovski,drew', 'mendenall,haylee', 'taulton,jordan']",1126
9,2872,Hendrix,Rhodes,1,56-54,"28,26","34,22",4-4,4-3,0-1,1-0,12/04/13,8 p.m.,N/A,"Conway, Ark. (Grove Gymnasium)",Lose,2,False,385,False,--,,2 ,,0,"REBOUND DEF by NIKOLOVSKI,DREW",,,"REBOUND DEF by NIKOLOVSKI,DREW",1,defensive rebound,,hendrix,"nikolovski,drew",,"['miller,drew', 'dunavant,johnny', 'collins,luke', 'livsey,geoff', 'van,ryan']","['tate,jamie', 'aldous,hank', 'nikolovski,drew', 'mendenall,haylee', 'taulton,jordan']",
10,2872,Hendrix,Rhodes,1,56-54,"28,26","34,22",4-4,4-3,0-1,1-0,12/04/13,8 p.m.,N/A,"Conway, Ark. (Grove Gymnasium)",Lose,2,False,385,False,18:20,,2 ,,0,"MISS 3PTR by NIKOLOVSKI,DREW",,,"MISS 3PTR by NIKOLOVSKI,DREW",1,three pointer,missed,hendrix,"nikolovski,drew",,"['miller,drew', 'dunavant,johnny', 'collins,luke', 'livsey,geoff', 'van,ryan']","['tate,jamie', 'aldous,hank', 'nikolovski,drew', 'mendenall,haylee', 'taulton,jordan']",1100
11,2872,Hendrix,Rhodes,1,56-54,"28,26","34,22",4-4,4-3,0-1,1-0,12/04/13,8 p.m.,N/A,"Conway, Ark. (Grove Gymnasium)",Lose,2,False,385,False,--,"REBOUND DEF by HOECK,RYAN VAN",2 ,,0,,,,"REBOUND DEF by HOECK,RYAN VAN",1,defensive rebound,,rhodes,"hoeck,ryan van",,"['miller,drew', 'dunavant,johnny', 'collins,luke', 'livsey,geoff', 'van,ryan']","['tate,jamie', 'aldous,hank', 'nikolovski,drew', 'mendenall,haylee', 'taulton,jordan']",
12,2872,Hendrix,Rhodes,1,56-54,"28,26","34,22",4-4,4-3,0-1,1-0,12/04/13,8 p.m.,N/A,"Conway, Ark. (Grove Gymnasium)",Lose,2,False,385,False,18:08,"TURNOVER  by LIVSEY,GEOFF",2 ,,0,,,,"TURNOVER  by LIVSEY,GEOFF",1,turnover,,rhodes,"livsey,geoff",,"['miller,drew', 'dunavant,johnny', 'collins,luke', 'livsey,geoff', 'van,ryan']","['tate,jamie', 'aldous,hank', 'nikolovski,drew', 'mendenall,haylee', 'taulton,jordan']",1088
13,2872,Hendrix,Rhodes,1,56-54,"28,26","34,22",4-4,4-3,0-1,1-0,12/04/13,8 p.m.,N/A,"Conway, Ark. (Grove Gymnasium)",Lose,2,False,385,False,18:08,"FOUL  by LIVSEY,GEOFF",2 ,,0,,,,"FOUL  by LIVSEY,GEOFF",1,foul,,rhodes,"livsey,geoff",,"['miller,drew', 'dunavant,johnny', 'collins,luke', 'livsey,geoff', 'van,ryan']","['tate,jamie', 'aldous,hank', 'nikolovski,drew', 'mendenall,haylee', 'taulton,jordan']",1088
14,2872,Hendrix,Rhodes,1,56-54,"28,26","34,22",4-4,4-3,0-1,1-0,12/04/13,8 p.m.,N/A,"Conway, Ark. (Grove Gymnasium)",Lose,2,False,385,False,18:08,"SUB IN by SLEDGE,TATE",2 ,,0,,,,"SUB IN by SLEDGE,TATE",1,subbing in,,rhodes,"sledge,tate",,"['miller,drew', 'dunavant,johnny', 'collins,luke', 'livsey,geoff', 'van,ryan', 'sledge,tate']","['tate,jamie', 'aldous,hank', 'nikolovski,drew', 'mendenall,haylee', 'taulton,jordan']",1088
15,2872,Hendrix,Rhodes,1,56-54,"28,26","34,22",4-4,4-3,0-1,1-0,12/04/13,8 p.m.,N/A,"Conway, Ark. (Grove Gymnasium)",Lose,2,False,385,False,18:08,"SUB OUT by LIVSEY,GEOFF",2 ,,0,,,,"SUB OUT by LIVSEY,GEOFF",1,subbing out,,rhodes,"livsey,geoff",,"['miller,drew', 'dunavant,johnny', 'collins,luke', 'van,ryan', 'sledge,tate']","['tate,jamie', 'aldous,hank', 'nikolovski,drew', 'mendenall,haylee', 'taulton,jordan']",1088
16,2872,Hendrix,Rhodes,1,56-54,"28,26","34,22",4-4,4-3,0-1,1-0,12/04/13,8 p.m.,N/A,"Conway, Ark. (Grove Gymnasium)",Lose,2,False,385,False,17:57,,2,,2,"GOOD LAYUP by TATE,JAMIE(in the paint)",HC 2-2 (0),,"GOOD LAYUP by TATE,JAMIE(in the paint)",1,layup,good,hendrix,"tate,jamie",2,"['miller,drew', 'dunavant,johnny', 'collins,luke', 'van,ryan', 'sledge,tate']","['tate,jamie', 'aldous,hank', 'nikolovski,drew', 'mendenall,haylee', 'taulton,jordan']",1077
17,2872,Hendrix,Rhodes,1,56-54,"28,26","34,22",4-4,4-3,0-1,1-0,12/04/13,8 p.m.,N/A,"Conway, Ark. (Grove Gymnasium)",Lose,2,False,385,False,--,,2,,2,"ASSIST  by ALDOUS,HANK",,,"ASSIST  by ALDOUS,HANK",1,assist,,hendrix,"aldous,hank",,"['miller,drew', 'dunavant,johnny', 'collins,luke', 'van,ryan', 'sledge,tate']","['tate,jamie', 'aldous,hank', 'nikolovski,drew', 'mendenall,haylee', 'taulton,jordan']",
18,2872,Hendrix,Rhodes,1,56-54,"28,26","34,22",4-4,4-3,0-1,1-0,12/04/13,8 p.m.,N/A,"Conway, Ark. (Grove Gymnasium)",Lose,2,False,385,False,17:56,"FOUL  by SLEDGE,TATE",2,,2,,,,"FOUL  by SLEDGE,TATE",1,foul,,rhodes,"sledge,tate",,"['miller,drew', 'dunavant,johnny', 'collins,luke', 'van,ryan', 'sledge,tate']","['tate,jamie', 'aldous,hank', 'nikolovski,drew', 'mendenall,haylee', 'taulton,jordan']",1076
19,2872,Hendrix,Rhodes,1,56-54,"28,26","34,22",4-4,4-3,0-1,1-0,12/04/13,8 p.m.,N/A,"Conway, Ark. (Grove Gymnasium)",Lose,2,False,385,False,17:56,,2,,3 ,"GOOD FT by TATE,JAMIE",HC 2-3 (-1),,"GOOD FT by TATE,JAMIE",1,free throw,good,hendrix,"tate,jamie",1,"['miller,drew', 'dunavant,johnny', 'collins,luke', 'van,ryan', 'sledge,tate']","['tate,jamie', 'aldous,hank', 'nikolovski,drew', 'mendenall,haylee', 'taulton,jordan']",1076
20,2872,Hendrix,Rhodes,1,56-54,"28,26","34,22",4-4,4-3,0-1,1-0,12/04/13,8 p.m.,N/A,"Conway, Ark. (Grove Gymnasium)",Lose,2,False,385,False,17:44,,2,,3 ,"FOUL  by ALDOUS,HANK",,,"FOUL  by ALDOUS,HANK",1,foul,,hendrix,"aldous,hank",,"['miller,drew', 'dunavant,johnny', 'collins,luke', 'van,ryan', 'sledge,tate']","['tate,jamie', 'aldous,hank', 'nikolovski,drew', 'mendenall,haylee', 'taulton,jordan']",1064
21,2872,Hendrix,Rhodes,1,56-54,"28,26","34,22",4-4,4-3,0-1,1-0,12/04/13,8 p.m.,N/A,"Conway, Ark. (Grove Gymnasium)",Lose,2,False,385,False,17:39,"MISS JUMPER by DUNAVANT,JOHNNY",2,,3 ,,,,"MISS JUMPER by DUNAVANT,JOHNNY",1,jumper,missed,rhodes,"dunavant,johnny",,"['miller,drew', 'dunavant,johnny', 'collins,luke', 'van,ryan', 'sledge,tate']","['tate,jamie', 'aldous,hank', 'nikolovski,drew', 'mendenall,haylee', 'taulton,jordan']",1059
22,2872,Hendrix,Rhodes,1,56-54,"28,26","34,22",4-4,4-3,0-1,1-0,12/04/13,8 p.m.,N/A,"Conway, Ark. (Grove Gymnasium)",Lose,2,False,385,False,--,"REBOUND OFF by SLEDGE,TATE",2,,3 ,,,,"REBOUND OFF by SLEDGE,TATE",1,offensive rebound,,rhodes,"sledge,tate",,"['miller,drew', 'dunavant,johnny', 'collins,luke', 'van,ryan', 'sledge,tate']","['tate,jamie', 'aldous,hank', 'nikolovski,drew', 'mendenall,haylee', 'taulton,jordan']",
23,2872,Hendrix,Rhodes,1,56-54,"28,26","34,22",4-4,4-3,0-1,1-0,12/04/13,8 p.m.,N/A,"Conway, Ark. (Grove Gymnasium)",Lose,2,False,385,False,17:36,,2,,3 ,"FOUL  by TATE,JAMIE",,,"FOUL  by TATE,JAMIE",1,foul,,hendrix,"tate,jamie",,"['miller,drew', 'dunavant,johnny', 'collins,luke', 'van,ryan', 'sledge,tate']","['tate,jamie', 'aldous,hank', 'nikolovski,drew', 'mendenall,haylee', 'taulton,jordan']",1056
24,2872,Hendrix,Rhodes,1,56-54,"28,26","34,22",4-4,4-3,0-1,1-0,12/04/13,8 p.m.,N/A,"Conway, Ark. (Grove Gymnasium)",Lose,2,False,385,False,17:36,"GOOD FT by SLEDGE,TATE",3,,3,,RHODESMB 3-3 (0),,"GOOD FT by SLEDGE,TATE",1,free throw,good,rhodes,"sledge,tate",1,"['miller,drew', 'dunavant,johnny', 'collins,luke', 'van,ryan', 'sledge,tate']","['tate,jamie', 'aldous,hank', 'nikolovski,drew', 'mendenall,haylee', 'taulton,jordan']",1056
25,2872,Hendrix,Rhodes,1,56-54,"28,26","34,22",4-4,4-3,0-1,1-0,12/04/13,8 p.m.,N/A,"Conway, Ark. (Grove Gymnasium)",Lose,2,False,385,False,17:36,"MISS FT by SLEDGE,TATE",3,,3,,,,"MISS FT by SLEDGE,TATE",1,free throw,missed,rhodes,"sledge,tate",,"['miller,drew', 'dunavant,johnny', 'collins,luke', 'van,ryan', 'sledge,tate']","['tate,jamie', 'aldous,hank', 'nikolovski,drew', 'mendenall,haylee', 'taulton,jordan']",1056
26,2872,Hendrix,Rhodes,1,56-54,"28,26","34,22",4-4,4-3,0-1,1-0,12/04/13,8 p.m.,N/A,"Conway, Ark. (Grove Gymnasium)",Lose,2,False,385,False,--,,3,,3,"REBOUND DEF by TATE,JAMIE",,,"REBOUND DEF by TATE,JAMIE",1,defensive rebound,,hendrix,"tate,jamie",,"['miller,drew', 'dunavant,johnny', 'collins,luke', 'van,ryan', 'sledge,tate']","['tate,jamie', 'aldous,hank', 'nikolovski,drew', 'mendenall,haylee', 'taulton,jordan']",
27,2872,Hendrix,Rhodes,1,56-54,"28,26","34,22",4-4,4-3,0-1,1-0,12/04/13,8 p.m.,N/A,"Conway, Ark. (Grove Gymnasium)",Lose,2,False,385,False,17:20,,3,,3,"MISS 3PTR by ALDOUS,HANK",,,"MISS 3PTR by ALDOUS,HANK",1,three pointer,missed,hendrix,"aldous,hank",,"['miller,drew', 'dunavant,johnny', 'collins,luke', 'van,ryan', 'sledge,tate']","['tate,jamie', 'aldous,hank', 'nikolovski,drew', 'mendenall,haylee', 'taulton,jordan']",1040
28,2872,Hendrix,Rhodes,1,56-54,"28,26","34,22",4-4,4-3,0-1,1-0,12/04/13,8 p.m.,N/A,"Conway, Ark. (Grove Gymnasium)",Lose,2,False,385,False,--,"REBOUND DEF by COLLINS,LUKE",3,,3,,,,"REBOUND DEF by COLLINS,LUKE",1,defensive rebound,,rhodes,"collins,luke",,"['miller,drew', 'dunavant,johnny', 'collins,luke', 'van,ryan', 'sledge,tate']","['tate,jamie', 'aldous,hank', 'nikolovski,drew', 'mendenall,haylee', 'taulton,jordan']",
29,2872,Hendrix,Rhodes,1,56-54,"28,26","34,22",4-4,4-3,0-1,1-0,12/04/13,8 p.m.,N/A,"Conway, Ark. (Grove Gymnasium)",Lose,2,False,385,False,17:08,"GOOD JUMPER by MILLER,DREW",5 ,,3,,RHODESMB 5-3 (+2),,"GOOD JUMPER by MILLER,DREW",1,jumper,good,rhodes,"miller,drew",2,"['miller,drew', 'dunavant,johnny', 'collins,luke', 'van,ryan', 'sledge,tate']","['tate,jamie', 'aldous,hank', 'nikolovski,drew', 'mendenall,haylee', 'taulton,jordan']",1028
30,2872,Hendrix,Rhodes,1,56-54,"28,26","34,22",4-4,4-3,0-1,1-0,12/04/13,8 p.m.,N/A,"Conway, Ark. (Grove Gymnasium)",Lose,2,False,385,False,--,"ASSIST  by DUNAVANT,JOHNNY",5 ,,3,,,,"ASSIST  by DUNAVANT,JOHNNY",1,assist,,rhodes,"dunavant,johnny",,"['miller,drew', 'dunavant,johnny', 'collins,luke', 'van,ryan', 'sledge,tate']","['tate,jamie', 'aldous,hank', 'nikolovski,drew', 'mendenall,haylee', 'taulton,jordan']",
31,2872,Hendrix,Rhodes,1,56-54,"28,26","34,22",4-4,4-3,0-1,1-0,12/04/13,8 p.m.,N/A,"Conway, Ark. (Grove Gymnasium)",Lose,2,False,385,False,16:49,,5 ,,3,"TURNOVER  by MENDENALL,HAYLEE",,,"TURNOVER  by MENDENALL,HAYLEE",1,turnover,,hendrix,"mendenall,haylee",,"['miller,drew', 'dunavant,johnny', 'collins,luke', 'van,ryan', 'sledge,tate']","['tate,jamie', 'aldous,hank', 'nikolovski,drew', 'mendenall,haylee', 'taulton,jordan']",1009
32,2872,Hendrix,Rhodes,1,56-54,"28,26","34,22",4-4,4-3,0-1,1-0,12/04/13,8 p.m.,N/A,"Conway, Ark. (Grove Gymnasium)",Lose,2,False,385,False,16:49,,5 ,,3,"FOUL  by MENDENALL,HAYLEE",,,"FOUL  by MENDENALL,HAYLEE",1,foul,,hendrix,"mendenall,haylee",,"['miller,drew', 'dunavant,johnny', 'collins,luke', 'van,ryan', 'sledge,tate']","['tate,jamie', 'aldous,hank', 'nikolovski,drew', 'mendenall,haylee', 'taulton,jordan']",1009
33,2872,Hendrix,Rhodes,1,56-54,"28,26","34,22",4-4,4-3,0-1,1-0,12/04/13,8 p.m.,N/A,"Conway, Ark. (Grove Gymnasium)",Lose,2,False,385,False,16:32,"MISS JUMPER by HOECK,RYAN VAN",5 ,,3,,,,"MISS JUMPER by HOECK,RYAN VAN",1,jumper,missed,rhodes,"hoeck,ryan van",,"['miller,drew', 'dunavant,johnny', 'collins,luke', 'van,ryan', 'sledge,tate']","['tate,jamie', 'aldous,hank', 'nikolovski,drew', 'mendenall,haylee', 'taulton,jordan']",992
34,2872,Hendrix,Rhodes,1,56-54,"28,26","34,22",4-4,4-3,0-1,1-0,12/04/13,8 p.m.,N/A,"Conway, Ark. (Grove Gymnasium)",Lose,2,False,385,False,--,,5 ,,3,"REBOUND DEF by TATE,JAMIE",,,"REBOUND DEF by TATE,JAMIE",1,defensive rebound,,hendrix,"tate,jamie",,"['miller,drew', 'dunavant,johnny', 'collins,luke', 'van,ryan', 'sledge,tate']","['tate,jamie', 'aldous,hank', 'nikolovski,drew', 'mendenall,haylee', 'taulton,jordan']",
35,2872,Hendrix,Rhodes,1,56-54,"28,26","34,22",4-4,4-3,0-1,1-0,12/04/13,8 p.m.,N/A,"Conway, Ark. (Grove Gymnasium)",Lose,2,False,385,False,16:15,"FOUL  by HOECK,RYAN VAN",5 ,,3,,,,"FOUL  by HOECK,RYAN VAN",1,foul,,rhodes,"hoeck,ryan van",,"['miller,drew', 'dunavant,johnny', 'collins,luke', 'van,ryan', 'sledge,tate']","['tate,jamie', 'aldous,hank', 'nikolovski,drew', 'mendenall,haylee', 'taulton,jordan']",975
36,2872,Hendrix,Rhodes,1,56-54,"28,26","34,22",4-4,4-3,0-1,1-0,12/04/13,8 p.m.,N/A,"Conway, Ark. (Grove Gymnasium)",Lose,2,False,385,False,16:15,"SUB IN by WAGNER,MATT",5 ,,3,,,,"SUB IN by WAGNER,MATT",1,subbing in,,rhodes,"wagner,matt",,"['miller,drew', 'dunavant,johnny', 'collins,luke', 'van,ryan', 'sledge,tate', 'wagner,matt']","['tate,jamie', 'aldous,hank', 'nikolovski,drew', 'mendenall,haylee', 'taulton,jordan']",975
37,2872,Hendrix,Rhodes,1,56-54,"28,26","34,22",4-4,4-3,0-1,1-0,12/04/13,8 p.m.,N/A,"Conway, Ark. (Grove Gymnasium)",Lose,2,False,385,False,16:15,"SUB OUT by HOECK,RYAN VAN",5 ,,3,,,,"SUB OUT by HOECK,RYAN VAN",1,subbing out,,rhodes,"hoeck,ryan van",,"['miller,drew', 'dunavant,johnny', 'collins,luke', 'van,ryan', 'sledge,tate', 'wagner,matt']","['tate,jamie', 'aldous,hank', 'nikolovski,drew', 'mendenall,haylee', 'taulton,jordan']",975
38,2872,Hendrix,Rhodes,1,56-54,"28,26","34,22",4-4,4-3,0-1,1-0,12/04/13,8 p.m.,N/A,"Conway, Ark. (Grove Gymnasium)",Lose,2,False,385,False,16:12,,5 ,,3,"TURNOVER  by ALDOUS,HANK",,,"TURNOVER  by ALDOUS,HANK",1,turnover,,hendrix,"aldous,hank",,"['miller,drew', 'dunavant,johnny', 'collins,luke', 'van,ryan', 'sledge,tate', 'wagner,matt']","['tate,jamie', 'aldous,hank', 'nikolovski,drew', 'mendenall,haylee', 'taulton,jordan']",972
39,2872,Hendrix,Rhodes,1,56-54,"28,26","34,22",4-4,4-3,0-1,1-0,12/04/13,8 p.m.,N/A,"Conway, Ark. (Grove Gymnasium)",Lose,2,False,385,False,16:00,"MISS JUMPER by MILLER,DREW",5 ,,3,,,,"MISS JUMPER by MILLER,DREW",1,jumper,missed,rhodes,"miller,drew",,"['miller,drew', 'dunavant,johnny', 'collins,luke', 'van,ryan', 'sledge,tate', 'wagner,matt']","['tate,jamie', 'aldous,hank', 'nikolovski,drew', 'mendenall,haylee', 'taulton,jordan']",960
40,2872,Hendrix,Rhodes,1,56-54,"28,26","34,22",4-4,4-3,0-1,1-0,12/04/13,8 p.m.,N/A,"Conway, Ark. (Grove Gymnasium)",Lose,2,False,385,False,--,,5 ,,3,"REBOUND DEF by MENDENALL,HAYLEE",,,"REBOUND DEF by MENDENALL,HAYLEE",1,defensive rebound,,hendrix,"mendenall,haylee",,"['miller,drew', 'dunavant,johnny', 'collins,luke', 'van,ryan', 'sledge,tate', 'wagner,matt']","['tate,jamie', 'aldous,hank', 'nikolovski,drew', 'mendenall,haylee', 'taulton,jordan']",
41,2872,Hendrix,Rhodes,1,56-54,"28,26","34,22",4-4,4-3,0-1,1-0,12/04/13,8 p.m.,N/A,"Conway, Ark. (Grove Gymnasium)",Lose,2,False,385,False,15:44,"FOUL  by WAGNER,MATT",5 ,,3,,,,"FOUL  by WAGNER,MATT",1,foul,,rhodes,"wagner,matt",,"['miller,drew', 'dunavant,johnny', 'collins,luke', 'van,ryan', 'sledge,tate', 'wagner,matt']","['tate,jamie', 'aldous,hank', 'nikolovski,drew', 'mendenall,haylee', 'taulton,jordan']",944
42,2872,Hendrix,Rhodes,1,56-54,"28,26","34,22",4-4,4-3,0-1,1-0,12/04/13,8 p.m.,N/A,"Conway, Ark. (Grove Gymnasium)",Lose,2,False,385,False,15:44,,5 ,,3,"SUB IN by MCNEILL,KAITLIN",,,"SUB IN by MCNEILL,KAITLIN",1,subbing in,,hendrix,"mcneill,kaitlin",,"['miller,drew', 'dunavant,johnny', 'collins,luke', 'van,ryan', 'sledge,tate', 'wagner,matt']","['tate,jamie', 'aldous,hank', 'nikolovski,drew', 'mendenall,haylee', 'taulton,jordan']",944
43,2872,Hendrix,Rhodes,1,56-54,"28,26","34,22",4-4,4-3,0-1,1-0,12/04/13,8 p.m.,N/A,"Conway, Ark. (Grove Gymnasium)",Lose,2,False,385,False,15:44,,5 ,,3,"SUB OUT by ALDOUS,HANK",,,"SUB OUT by ALDOUS,HANK",1,subbing out,,hendrix,"aldous,hank",,"['miller,drew', 'dunavant,johnny', 'collins,luke', 'van,ryan', 'sledge,tate', 'wagner,matt']","['tate,jamie', 'nikolovski,drew', 'mendenall,haylee', 'taulton,jordan']",944
44,2872,Hendrix,Rhodes,1,56-54,"28,26","34,22",4-4,4-3,0-1,1-0,12/04/13,8 p.m.,N/A,"Conway, Ark. (Grove Gymnasium)",Lose,2,False,385,False,15:43,,5 ,,3,"TURNOVER  by NIKOLOVSKI,DREW",,,"TURNOVER  by NIKOLOVSKI,DREW",1,turnover,,hendrix,"nikolovski,drew",,"['miller,drew', 'dunavant,johnny', 'collins,luke', 'van,ryan', 'sledge,tate', 'wagner,matt']","['tate,jamie', 'nikolovski,drew', 'mendenall,haylee', 'taulton,jordan']",943
45,2872,Hendrix,Rhodes,1,56-54,"28,26","34,22",4-4,4-3,0-1,1-0,12/04/13,8 p.m.,N/A,"Conway, Ark. (Grove Gymnasium)",Lose,2,False,385,False,15:32,"GOOD LAYUP by SLEDGE,TATE(in the paint)",7 ,,3,,RHODESMB 7-3 (+4),,"GOOD LAYUP by SLEDGE,TATE(in the paint)",1,layup,good,rhodes,"sledge,tate",2,"['miller,drew', 'dunavant,johnny', 'collins,luke', 'van,ryan', 'sledge,tate', 'wagner,matt']","['tate,jamie', 'nikolovski,drew', 'mendenall,haylee', 'taulton,jordan']",932
46,2872,Hendrix,Rhodes,1,56-54,"28,26","34,22",4-4,4-3,0-1,1-0,12/04/13,8 p.m.,N/A,"Conway, Ark. (Grove Gymnasium)",Lose,2,False,385,False,--,"ASSIST  by COLLINS,LUKE",7 ,,3,,,,"ASSIST  by COLLINS,LUKE",1,assist,,rhodes,"collins,luke",,"['miller,drew', 'dunavant,johnny', 'collins,luke', 'van,ryan', 'sledge,tate', 'wagner,matt']","['tate,jamie', 'nikolovski,drew', 'mendenall,haylee', 'taulton,jordan']",
47,2872,Hendrix,Rhodes,1,56-54,"28,26","34,22",4-4,4-3,0-1,1-0,12/04/13,8 p.m.,N/A,"Conway, Ark. (Grove Gymnasium)",Lose,2,False,385,False,15:02,"FOUL  by WAGNER,MATT",7 ,,3,,,,"FOUL  by WAGNER,MATT",1,foul,,rhodes,"wagner,matt",,"['miller,drew', 'dunavant,johnny', 'collins,luke', 'van,ryan', 'sledge,tate', 'wagner,matt']","['tate,jamie', 'nikolovski,drew', 'mendenall,haylee', 'taulton,jordan']",902
48,2872,Hendrix,Rhodes,1,56-54,"28,26","34,22",4-4,4-3,0-1,1-0,12/04/13,8 p.m.,N/A,"Conway, Ark. (Grove Gymnasium)",Lose,2,False,385,False,15:02,"SUB IN by MCGRAIL,PATRICK",7 ,,3,,,,"SUB IN by MCGRAIL,PATRICK",1,subbing in,,rhodes,"mcgrail,patrick",,"['miller,drew', 'dunavant,johnny', 'collins,luke', 'van,ryan', 'sledge,tate', 'wagner,matt', 'mcgrail,patrick']","['tate,jamie', 'nikolovski,drew', 'mendenall,haylee', 'taulton,jordan']",902
49,2872,Hendrix,Rhodes,1,56-54,"28,26","34,22",4-4,4-3,0-1,1-0,12/04/13,8 p.m.,N/A,"Conway, Ark. (Grove Gymnasium)",Lose,2,False,385,False,15:02,"SUB IN by HOECK,RYAN VAN",7 ,,3,,,,"SUB IN by HOECK,RYAN VAN",1,subbing in,,rhodes,"hoeck,ryan van",,"['miller,drew', 'dunavant,johnny', 'collins,luke', 'van,ryan', 'sledge,tate', 'wagner,matt', 'mcgrail,patrick', 'hoeck,ryan van']","['tate,jamie', 'nikolovski,drew', 'mendenall,haylee', 'taulton,jordan']",902
50,2872,Hendrix,Rhodes,1,56-54,"28,26","34,22",4-4,4-3,0-1,1-0,12/04/13,8 p.m.,N/A,"Conway, Ark. (Grove Gymnasium)",Lose,2,False,385,False,15:02,"SUB OUT by MILLER,DREW",7 ,,3,,,,"SUB OUT by MILLER,DREW",1,subbing out,,rhodes,"miller,drew",,"['dunavant,johnny', 'collins,luke', 'van,ryan', 'sledge,tate', 'wagner,matt', 'mcgrail,patrick', 'hoeck,ryan van']","['tate,jamie', 'nikolovski,drew', 'mendenall,haylee', 'taulton,jordan']",902
51,2872,Hendrix,Rhodes,1,56-54,"28,26","34,22",4-4,4-3,0-1,1-0,12/04/13,8 p.m.,N/A,"Conway, Ark. (Grove Gymnasium)",Lose,2,False,385,False,15:02,"SUB OUT by WAGNER,MATT",7 ,,3,,,,"SUB OUT by WAGNER,MATT",1,subbing out,,rhodes,"wagner,matt",,"['dunavant,johnny', 'collins,luke', 'van,ryan', 'sledge,tate', 'mcgrail,patrick', 'hoeck,ryan van']","['tate,jamie', 'nikolovski,drew', 'mendenall,haylee', 'taulton,jordan']",902
52,2872,Hendrix,Rhodes,1,56-54,"28,26","34,22",4-4,4-3,0-1,1-0,12/04/13,8 p.m.,N/A,"Conway, Ark. (Grove Gymnasium)",Lose,2,False,385,False,14:59,,7 ,,5,"GOOD LAYUP by TATE,JAMIE(in the paint)",HC 7-5 (+2),,"GOOD LAYUP by TATE,JAMIE(in the paint)",1,layup,good,hendrix,"tate,jamie",2,"['dunavant,johnny', 'collins,luke', 'van,ryan', 'sledge,tate', 'mcgrail,patrick', 'hoeck,ryan van']","['tate,jamie', 'nikolovski,drew', 'mendenall,haylee', 'taulton,jordan']",899
53,2872,Hendrix,Rhodes,1,56-54,"28,26","34,22",4-4,4-3,0-1,1-0,12/04/13,8 p.m.,N/A,"Conway, Ark. (Grove Gymnasium)",Lose,2,False,385,False,14:37,"GOOD LAYUP by DUNAVANT,JOHNNY(in the paint)",9 ,,5,,RHODESMB 9-5 (+4),,"GOOD LAYUP by DUNAVANT,JOHNNY(in the paint)",1,layup,good,rhodes,"dunavant,johnny",2,"['dunavant,johnny', 'collins,luke', 'van,ryan', 'sledge,tate', 'mcgrail,patrick', 'hoeck,ryan van']","['tate,jamie', 'nikolovski,drew', 'mendenall,haylee', 'taulton,jordan']",877
54,2872,Hendrix,Rhodes,1,56-54,"28,26","34,22",4-4,4-3,0-1,1-0,12/04/13,8 p.m.,N/A,"Conway, Ark. (Grove Gymnasium)",Lose,2,False,385,False,--,"ASSIST  by SLEDGE,TATE",9 ,,5,,,,"ASSIST  by SLEDGE,TATE",1,assist,,rhodes,"sledge,tate",,"['dunavant,johnny', 'collins,luke', 'van,ryan', 'sledge,tate', 'mcgrail,patrick', 'hoeck,ryan van']","['tate,jamie', 'nikolovski,drew', 'mendenall,haylee', 'taulton,jordan']",
55,2872,Hendrix,Rhodes,1,56-54,"28,26","34,22",4-4,4-3,0-1,1-0,12/04/13,8 p.m.,N/A,"Conway, Ark. (Grove Gymnasium)",Lose,2,False,385,False,14:23,,9 ,,5,"TURNOVER  by TAULTON,JORDAN",,,"TURNOVER  by TAULTON,JORDAN",1,turnover,,hendrix,"taulton,jordan",,"['dunavant,johnny', 'collins,luke', 'van,ryan', 'sledge,tate', 'mcgrail,patrick', 'hoeck,ryan van']","['tate,jamie', 'nikolovski,drew', 'mendenall,haylee', 'taulton,jordan']",863
56,2872,Hendrix,Rhodes,1,56-54,"28,26","34,22",4-4,4-3,0-1,1-0,12/04/13,8 p.m.,N/A,"Conway, Ark. (Grove Gymnasium)",Lose,2,False,385,False,14:23,,9 ,,5,"FOUL  by TAULTON,JORDAN",,,"FOUL  by TAULTON,JORDAN",1,foul,,hendrix,"taulton,jordan",,"['dunavant,johnny', 'collins,luke', 'van,ryan', 'sledge,tate', 'mcgrail,patrick', 'hoeck,ryan van']","['tate,jamie', 'nikolovski,drew', 'mendenall,haylee', 'taulton,jordan']",863
57,2872,Hendrix,Rhodes,1,56-54,"28,26","34,22",4-4,4-3,0-1,1-0,12/04/13,8 p.m.,N/A,"Conway, Ark. (Grove Gymnasium)",Lose,2,False,385,False,14:14,,9 ,,5,"FOUL  by TAULTON,JORDAN",,,"FOUL  by TAULTON,JORDAN",1,foul,,hendrix,"taulton,jordan",,"['dunavant,johnny', 'collins,luke', 'van,ryan', 'sledge,tate', 'mcgrail,patrick', 'hoeck,ryan van']","['tate,jamie', 'nikolovski,drew', 'mendenall,haylee', 'taulton,jordan']",854
58,2872,Hendrix,Rhodes,1,56-54,"28,26","34,22",4-4,4-3,0-1,1-0,12/04/13,8 p.m.,N/A,"Conway, Ark. (Grove Gymnasium)",Lose,2,False,385,False,14:14,"GOOD FT by COLLINS,LUKE",10 ,,5,,RHODESMB 10-5 (+5),,"GOOD FT by COLLINS,LUKE",1,free throw,good,rhodes,"collins,luke",1,"['dunavant,johnny', 'collins,luke', 'van,ryan', 'sledge,tate', 'mcgrail,patrick', 'hoeck,ryan van']","['tate,jamie', 'nikolovski,drew', 'mendenall,haylee', 'taulton,jordan']",854
59,2872,Hendrix,Rhodes,1,56-54,"28,26","34,22",4-4,4-3,0-1,1-0,12/04/13,8 p.m.,N/A,"Conway, Ark. (Grove Gymnasium)",Lose,2,False,385,False,14:14,"GOOD FT by COLLINS,LUKE",11 ,,5,,RHODESMB 11-5 (+6),,"GOOD FT by COLLINS,LUKE",1,free throw,good,rhodes,"collins,luke",1,"['dunavant,johnny', 'collins,luke', 'van,ryan', 'sledge,tate', 'mcgrail,patrick', 'hoeck,ryan van']","['tate,jamie', 'nikolovski,drew', 'mendenall,haylee', 'taulton,jordan']",854
60,2872,Hendrix,Rhodes,1,56-54,"28,26","34,22",4-4,4-3,0-1,1-0,12/04/13,8 p.m.,N/A,"Conway, Ark. (Grove Gymnasium)",Lose,2,False,385,False,14:14,,11 ,,5,"SUB IN by GUMM,GABE",,,"SUB IN by GUMM,GABE",1,subbing in,,hendrix,"gumm,gabe",,"['dunavant,johnny', 'collins,luke', 'van,ryan', 'sledge,tate', 'mcgrail,patrick', 'hoeck,ryan van']","['tate,jamie', 'nikolovski,drew', 'mendenall,haylee', 'taulton,jordan', 'gumm,gabe']",854
61,2872,Hendrix,Rhodes,1,56-54,"28,26","34,22",4-4,4-3,0-1,1-0,12/04/13,8 p.m.,N/A,"Conway, Ark. (Grove Gymnasium)",Lose,2,False,385,False,14:14,,11 ,,5,"SUB OUT by TAULTON,JORDAN",,,"SUB OUT by TAULTON,JORDAN",1,subbing out,,hendrix,"taulton,jordan",,"['dunavant,johnny', 'collins,luke', 'van,ryan', 'sledge,tate', 'mcgrail,patrick', 'hoeck,ryan van']","['tate,jamie', 'nikolovski,drew', 'mendenall,haylee', 'gumm,gabe']",854
62,2872,Hendrix,Rhodes,1,56-54,"28,26","34,22",4-4,4-3,0-1,1-0,12/04/13,8 p.m.,N/A,"Conway, Ark. (Grove Gymnasium)",Lose,2,False,385,False,14:05,,11 ,,5,"TURNOVER  by MENDENALL,HAYLEE",,,"TURNOVER  by MENDENALL,HAYLEE",1,turnover,,hendrix,"mendenall,haylee",,"['dunavant,johnny', 'collins,luke', 'van,ryan', 'sledge,tate', 'mcgrail,patrick', 'hoeck,ryan van']","['tate,jamie', 'nikolovski,drew', 'mendenall,haylee', 'gumm,gabe']",845
63,2872,Hendrix,Rhodes,1,56-54,"28,26","34,22",4-4,4-3,0-1,1-0,12/04/13,8 p.m.,N/A,"Conway, Ark. (Grove Gymnasium)",Lose,2,False,385,False,14:05,,11 ,,5,"SUB IN by BARRETT,JORDAN",,,"SUB IN by BARRETT,JORDAN",1,subbing in,,hendrix,"barrett,jordan",,"['dunavant,johnny', 'collins,luke', 'van,ryan', 'sledge,tate', 'mcgrail,patrick', 'hoeck,ryan van']","['tate,jamie', 'nikolovski,drew', 'mendenall,haylee', 'gumm,gabe', 'barrett,jordan']",845
64,2872,Hendrix,Rhodes,1,56-54,"28,26","34,22",4-4,4-3,0-1,1-0,12/04/13,8 p.m.,N/A,"Conway, Ark. (Grove Gymnasium)",Lose,2,False,385,False,14:05,,11 ,,5,"SUB OUT by NIKOLOVSKI,DREW",,,"SUB OUT by NIKOLOVSKI,DREW",1,subbing out,,hendrix,"nikolovski,drew",,"['dunavant,johnny', 'collins,luke', 'van,ryan', 'sledge,tate', 'mcgrail,patrick', 'hoeck,ryan van']","['tate,jamie', 'mendenall,haylee', 'gumm,gabe', 'barrett,jordan']",845
65,2872,Hendrix,Rhodes,1,56-54,"28,26","34,22",4-4,4-3,0-1,1-0,12/04/13,8 p.m.,N/A,"Conway, Ark. (Grove Gymnasium)",Lose,2,False,385,False,13:57,"GOOD 3PTR by DUNAVANT,JOHNNY",14 ,,5,,RHODESMB 14-5 (+9),,"GOOD 3PTR by DUNAVANT,JOHNNY",1,three pointer,good,rhodes,"dunavant,johnny",3,"['dunavant,johnny', 'collins,luke', 'van,ryan', 'sledge,tate', 'mcgrail,patrick', 'hoeck,ryan van']","['tate,jamie', 'mendenall,haylee', 'gumm,gabe', 'barrett,jordan']",837
66,2872,Hendrix,Rhodes,1,56-54,"28,26","34,22",4-4,4-3,0-1,1-0,12/04/13,8 p.m.,N/A,"Conway, Ark. (Grove Gymnasium)",Lose,2,False,385,False,--,"ASSIST  by COLLINS,LUKE",14 ,,5,,,,"ASSIST  by COLLINS,LUKE",1,assist,,rhodes,"collins,luke",,"['dunavant,johnny', 'collins,luke', 'van,ryan', 'sledge,tate', 'mcgrail,patrick', 'hoeck,ryan van']","['tate,jamie', 'mendenall,haylee', 'gumm,gabe', 'barrett,jordan']",
67,2872,Hendrix,Rhodes,1,56-54,"28,26","34,22",4-4,4-3,0-1,1-0,12/04/13,8 p.m.,N/A,"Conway, Ark. (Grove Gymnasium)",Lose,2,False,385,False,13:50,,14 ,,5,TIMEOUT 30SEC by TEAM,,,TIMEOUT 30SEC by TEAM,1,timeout,,hendrix,,,"['dunavant,johnny', 'collins,luke', 'van,ryan', 'sledge,tate', 'mcgrail,patrick', 'hoeck,ryan van']","['tate,jamie', 'mendenall,haylee', 'gumm,gabe', 'barrett,jordan']",830
68,2872,Hendrix,Rhodes,1,56-54,"28,26","34,22",4-4,4-3,0-1,1-0,12/04/13,8 p.m.,N/A,"Conway, Ark. (Grove Gymnasium)",Lose,2,False,385,False,13:42,"FOUL  by HOECK,RYAN VAN",14 ,,5,,,,"FOUL  by HOECK,RYAN VAN",1,foul,,rhodes,"hoeck,ryan van",,"['dunavant,johnny', 'collins,luke', 'van,ryan', 'sledge,tate', 'mcgrail,patrick', 'hoeck,ryan van']","['tate,jamie', 'mendenall,haylee', 'gumm,gabe', 'barrett,jordan']",822
69,2872,Hendrix,Rhodes,1,56-54,"28,26","34,22",4-4,4-3,0-1,1-0,12/04/13,8 p.m.,N/A,"Conway, Ark. (Grove Gymnasium)",Lose,2,False,385,False,13:42,,14 ,,5,"MISS FT by MENDENALL,HAYLEE",,,"MISS FT by MENDENALL,HAYLEE",1,free throw,missed,hendrix,"mendenall,haylee",,"['dunavant,johnny', 'collins,luke', 'van,ryan', 'sledge,tate', 'mcgrail,patrick', 'hoeck,ryan van']","['tate,jamie', 'mendenall,haylee', 'gumm,gabe', 'barrett,jordan']",822
70,2872,Hendrix,Rhodes,1,56-54,"28,26","34,22",4-4,4-3,0-1,1-0,12/04/13,8 p.m.,N/A,"Conway, Ark. (Grove Gymnasium)",Lose,2,False,385,False,--,"REBOUND DEF by MILLER,DREW",14 ,,5,,,,"REBOUND DEF by MILLER,DREW",1,defensive rebound,,rhodes,"miller,drew",,"['dunavant,johnny', 'collins,luke', 'van,ryan', 'sledge,tate', 'mcgrail,patrick', 'hoeck,ryan van']","['tate,jamie', 'mendenall,haylee', 'gumm,gabe', 'barrett,jordan']",
71,2872,Hendrix,Rhodes,1,56-54,"28,26","34,22",4-4,4-3,0-1,1-0,12/04/13,8 p.m.,N/A,"Conway, Ark. (Grove Gymnasium)",Lose,2,False,385,False,13:42,"SUB IN by MILLER,DREW",14 ,,5,,,,"SUB IN by MILLER,DREW",1,subbing in,,rhodes,"miller,drew",,"['dunavant,johnny', 'collins,luke', 'van,ryan', 'sledge,tate', 'mcgrail,patrick', 'hoeck,ryan van', 'miller,drew']","['tate,jamie', 'mendenall,haylee', 'gumm,gabe', 'barrett,jordan']",822
72,2872,Hendrix,Rhodes,1,56-54,"28,26","34,22",4-4,4-3,0-1,1-0,12/04/13,8 p.m.,N/A,"Conway, Ark. (Grove Gymnasium)",Lose,2,False,385,False,13:42,"SUB IN by GALLAGHER,MICHAEL",14 ,,5,,,,"SUB IN by GALLAGHER,MICHAEL",1,subbing in,,rhodes,"gallagher,michael",,"['dunavant,johnny', 'collins,luke', 'van,ryan', 'sledge,tate', 'mcgrail,patrick', 'hoeck,ryan van', 'miller,drew', 'gallagher,michael']","['tate,jamie', 'mendenall,haylee', 'gumm,gabe', 'barrett,jordan']",822
73,2872,Hendrix,Rhodes,1,56-54,"28,26","34,22",4-4,4-3,0-1,1-0,12/04/13,8 p.m.,N/A,"Conway, Ark. (Grove Gymnasium)",Lose,2,False,385,False,13:42,"SUB OUT by COLLINS,LUKE",14 ,,5,,,,"SUB OUT by COLLINS,LUKE",1,subbing out,,rhodes,"collins,luke",,"['dunavant,johnny', 'van,ryan', 'sledge,tate', 'mcgrail,patrick', 'hoeck,ryan van', 'miller,drew', 'gallagher,michael']","['tate,jamie', 'mendenall,haylee', 'gumm,gabe', 'barrett,jordan']",822
74,2872,Hendrix,Rhodes,1,56-54,"28,26","34,22",4-4,4-3,0-1,1-0,12/04/13,8 p.m.,N/A,"Conway, Ark. (Grove Gymnasium)",Lose,2,False,385,False,13:42,"SUB OUT by HOECK,RYAN VAN",14 ,,5,,,,"SUB OUT by HOECK,RYAN VAN",1,subbing out,,rhodes,"hoeck,ryan van",,"['dunavant,johnny', 'van,ryan', 'sledge,tate', 'mcgrail,patrick', 'miller,drew', 'gallagher,michael']","['tate,jamie', 'mendenall,haylee', 'gumm,gabe', 'barrett,jordan']",822
75,2872,Hendrix,Rhodes,1,56-54,"28,26","34,22",4-4,4-3,0-1,1-0,12/04/13,8 p.m.,N/A,"Conway, Ark. (Grove Gymnasium)",Lose,2,False,385,False,13:41,,14 ,,5,"FOUL  by MCNEILL,KAITLIN",,,"FOUL  by MCNEILL,KAITLIN",1,foul,,hendrix,"mcneill,kaitlin",,"['dunavant,johnny', 'van,ryan', 'sledge,tate', 'mcgrail,patrick', 'miller,drew', 'gallagher,michael']","['tate,jamie', 'mendenall,haylee', 'gumm,gabe', 'barrett,jordan']",821
76,2872,Hendrix,Rhodes,1,56-54,"28,26","34,22",4-4,4-3,0-1,1-0,12/04/13,8 p.m.,N/A,"Conway, Ark. (Grove Gymnasium)",Lose,2,False,385,False,13:30,"MISS LAYUP by DUNAVANT,JOHNNY",14 ,,5,,,,"MISS LAYUP by DUNAVANT,JOHNNY",1,layup,missed,rhodes,"dunavant,johnny",,"['dunavant,johnny', 'van,ryan', 'sledge,tate', 'mcgrail,patrick', 'miller,drew', 'gallagher,michael']","['tate,jamie', 'mendenall,haylee', 'gumm,gabe', 'barrett,jordan']",810
77,2872,Hendrix,Rhodes,1,56-54,"28,26","34,22",4-4,4-3,0-1,1-0,12/04/13,8 p.m.,N/A,"Conway, Ark. (Grove Gymnasium)",Lose,2,False,385,False,--,,14 ,,5,"REBOUND DEF by MCNEILL,KAITLIN",,,"REBOUND DEF by MCNEILL,KAITLIN",1,defensive rebound,,hendrix,"mcneill,kaitlin",,"['dunavant,johnny', 'van,ryan', 'sledge,tate', 'mcgrail,patrick', 'miller,drew', 'gallagher,michael']","['tate,jamie', 'mendenall,haylee', 'gumm,gabe', 'barrett,jordan']",
78,2872,Hendrix,Rhodes,1,56-54,"28,26","34,22",4-4,4-3,0-1,1-0,12/04/13,8 p.m.,N/A,"Conway, Ark. (Grove Gymnasium)",Lose,2,False,385,False,13:18,,14 ,,7,"GOOD LAYUP by MCNEILL,KAITLIN(in the paint)",HC 14-7 (+7),,"GOOD LAYUP by MCNEILL,KAITLIN(in the paint)",1,layup,good,hendrix,"mcneill,kaitlin",2,"['dunavant,johnny', 'van,ryan', 'sledge,tate', 'mcgrail,patrick', 'miller,drew', 'gallagher,michael']","['tate,jamie', 'mendenall,haylee', 'gumm,gabe', 'barrett,jordan']",798
79,2872,Hendrix,Rhodes,1,56-54,"28,26","34,22",4-4,4-3,0-1,1-0,12/04/13,8 p.m.,N/A,"Conway, Ark. (Grove Gymnasium)",Lose,2,False,385,False,12:48,"GOOD 3PTR by DUNAVANT,JOHNNY",17 ,,7,,RHODESMB 17-7 (+10),,"GOOD 3PTR by DUNAVANT,JOHNNY",1,three pointer,good,rhodes,"dunavant,johnny",3,"['dunavant,johnny', 'van,ryan', 'sledge,tate', 'mcgrail,patrick', 'miller,drew', 'gallagher,michael']","['tate,jamie', 'mendenall,haylee', 'gumm,gabe', 'barrett,jordan']",768
80,2872,Hendrix,Rhodes,1,56-54,"28,26","34,22",4-4,4-3,0-1,1-0,12/04/13,8 p.m.,N/A,"Conway, Ark. (Grove Gymnasium)",Lose,2,False,385,False,--,"ASSIST  by SLEDGE,TATE",17 ,,7,,,,"ASSIST  by SLEDGE,TATE",1,assist,,rhodes,"sledge,tate",,"['dunavant,johnny', 'van,ryan', 'sledge,tate', 'mcgrail,patrick', 'miller,drew', 'gallagher,michael']","['tate,jamie', 'mendenall,haylee', 'gumm,gabe', 'barrett,jordan']",
81,2872,Hendrix,Rhodes,1,56-54,"28,26","34,22",4-4,4-3,0-1,1-0,12/04/13,8 p.m.,N/A,"Conway, Ark. (Grove Gymnasium)",Lose,2,False,385,False,12:35,,17 ,,7,"MISS 3PTR by GUMM,GABE",,,"MISS 3PTR by GUMM,GABE",1,three pointer,missed,hendrix,"gumm,gabe",,"['dunavant,johnny', 'van,ryan', 'sledge,tate', 'mcgrail,patrick', 'miller,drew', 'gallagher,michael']","['tate,jamie', 'mendenall,haylee', 'gumm,gabe', 'barrett,jordan']",755
82,2872,Hendrix,Rhodes,1,56-54,"28,26","34,22",4-4,4-3,0-1,1-0,12/04/13,8 p.m.,N/A,"Conway, Ark. (Grove Gymnasium)",Lose,2,False,385,False,--,"REBOUND DEF by MCGRAIL,PATRICK",17 ,,7,,,,"REBOUND DEF by MCGRAIL,PATRICK",1,defensive rebound,,rhodes,"mcgrail,patrick",,"['dunavant,johnny', 'van,ryan', 'sledge,tate', 'mcgrail,patrick', 'miller,drew', 'gallagher,michael']","['tate,jamie', 'mendenall,haylee', 'gumm,gabe', 'barrett,jordan']",
83,2872,Hendrix,Rhodes,1,56-54,"28,26","34,22",4-4,4-3,0-1,1-0,12/04/13,8 p.m.,N/A,"Conway, Ark. (Grove Gymnasium)",Lose,2,False,385,False,12:20,"MISS JUMPER by SLEDGE,TATE",17 ,,7,,,,"MISS JUMPER by SLEDGE,TATE",1,jumper,missed,rhodes,"sledge,tate",,"['dunavant,johnny', 'van,ryan', 'sledge,tate', 'mcgrail,patrick', 'miller,drew', 'gallagher,michael']","['tate,jamie', 'mendenall,haylee', 'gumm,gabe', 'barrett,jordan']",740
84,2872,Hendrix,Rhodes,1,56-54,"28,26","34,22",4-4,4-3,0-1,1-0,12/04/13,8 p.m.,N/A,"Conway, Ark. (Grove Gymnasium)",Lose,2,False,385,False,12:20,,17 ,,7,"BLOCK  by MENDENALL,HAYLEE",,,"BLOCK  by MENDENALL,HAYLEE",1,block,,hendrix,"mendenall,haylee",,"['dunavant,johnny', 'van,ryan', 'sledge,tate', 'mcgrail,patrick', 'miller,drew', 'gallagher,michael']","['tate,jamie', 'mendenall,haylee', 'gumm,gabe', 'barrett,jordan']",740
85,2872,Hendrix,Rhodes,1,56-54,"28,26","34,22",4-4,4-3,0-1,1-0,12/04/13,8 p.m.,N/A,"Conway, Ark. (Grove Gymnasium)",Lose,2,False,385,False,--,,17 ,,7,"REBOUND DEF by MENDENALL,HAYLEE",,,"REBOUND DEF by MENDENALL,HAYLEE",1,defensive rebound,,hendrix,"mendenall,haylee",,"['dunavant,johnny', 'van,ryan', 'sledge,tate', 'mcgrail,patrick', 'miller,drew', 'gallagher,michael']","['tate,jamie', 'mendenall,haylee', 'gumm,gabe', 'barrett,jordan']",
86,2872,Hendrix,Rhodes,1,56-54,"28,26","34,22",4-4,4-3,0-1,1-0,12/04/13,8 p.m.,N/A,"Conway, Ark. (Grove Gymnasium)",Lose,2,False,385,False,12:00,"FOUL  by SLEDGE,TATE",17 ,,7,,,,"FOUL  by SLEDGE,TATE",1,foul,,rhodes,"sledge,tate",,"['dunavant,johnny', 'van,ryan', 'sledge,tate', 'mcgrail,patrick', 'miller,drew', 'gallagher,michael']","['tate,jamie', 'mendenall,haylee', 'gumm,gabe', 'barrett,jordan']",720
87,2872,Hendrix,Rhodes,1,56-54,"28,26","34,22",4-4,4-3,0-1,1-0,12/04/13,8 p.m.,N/A,"Conway, Ark. (Grove Gymnasium)",Lose,2,False,385,False,12:00,,17 ,,7,"MISS FT by MENDENALL,HAYLEE",,,"MISS FT by MENDENALL,HAYLEE",1,free throw,missed,hendrix,"mendenall,haylee",,"['dunavant,johnny', 'van,ryan', 'sledge,tate', 'mcgrail,patrick', 'miller,drew', 'gallagher,michael']","['tate,jamie', 'mendenall,haylee', 'gumm,gabe', 'barrett,jordan']",720
88,2872,Hendrix,Rhodes,1,56-54,"28,26","34,22",4-4,4-3,0-1,1-0,12/04/13,8 p.m.,N/A,"Conway, Ark. (Grove Gymnasium)",Lose,2,False,385,False,--,"REBOUND DEF by WATSON,SHANE",17 ,,7,,,,"REBOUND DEF by WATSON,SHANE",1,defensive rebound,,rhodes,"watson,shane",,"['dunavant,johnny', 'van,ryan', 'sledge,tate', 'mcgrail,patrick', 'miller,drew', 'gallagher,michael']","['tate,jamie', 'mendenall,haylee', 'gumm,gabe', 'barrett,jordan']",
89,2872,Hendrix,Rhodes,1,56-54,"28,26","34,22",4-4,4-3,0-1,1-0,12/04/13,8 p.m.,N/A,"Conway, Ark. (Grove Gymnasium)",Lose,2,False,385,False,12:00,"SUB IN by WATSON,SHANE",17 ,,7,,,,"SUB IN by WATSON,SHANE",1,subbing in,,rhodes,"watson,shane",,"['dunavant,johnny', 'van,ryan', 'sledge,tate', 'mcgrail,patrick', 'miller,drew', 'gallagher,michael', 'watson,shane']","['tate,jamie', 'mendenall,haylee', 'gumm,gabe', 'barrett,jordan']",720
90,2872,Hendrix,Rhodes,1,56-54,"28,26","34,22",4-4,4-3,0-1,1-0,12/04/13,8 p.m.,N/A,"Conway, Ark. (Grove Gymnasium)",Lose,2,False,385,False,12:00,"SUB OUT by SLEDGE,TATE",17 ,,7,,,,"SUB OUT by SLEDGE,TATE",1,subbing out,,rhodes,"sledge,tate",,"['dunavant,johnny', 'van,ryan', 'mcgrail,patrick', 'miller,drew', 'gallagher,michael', 'watson,shane']","['tate,jamie', 'mendenall,haylee', 'gumm,gabe', 'barrett,jordan']",720
91,2872,Hendrix,Rhodes,1,56-54,"28,26","34,22",4-4,4-3,0-1,1-0,12/04/13,8 p.m.,N/A,"Conway, Ark. (Grove Gymnasium)",Lose,2,False,385,False,12:00,,17 ,,7,"SUB IN by ROLAND,WILL",,,"SUB IN by ROLAND,WILL",1,subbing in,,hendrix,"roland,will",,"['dunavant,johnny', 'van,ryan', 'mcgrail,patrick', 'miller,drew', 'gallagher,michael', 'watson,shane']","['tate,jamie', 'mendenall,haylee', 'gumm,gabe', 'barrett,jordan', 'roland,will']",720
92,2872,Hendrix,Rhodes,1,56-54,"28,26","34,22",4-4,4-3,0-1,1-0,12/04/13,8 p.m.,N/A,"Conway, Ark. (Grove Gymnasium)",Lose,2,False,385,False,12:00,,17 ,,7,"SUB OUT by TATE,JAMIE",,,"SUB OUT by TATE,JAMIE",1,subbing out,,hendrix,"tate,jamie",,"['dunavant,johnny', 'van,ryan', 'mcgrail,patrick', 'miller,drew', 'gallagher,michael', 'watson,shane']","['mendenall,haylee', 'gumm,gabe', 'barrett,jordan', 'roland,will']",720
93,2872,Hendrix,Rhodes,1,56-54,"28,26","34,22",4-4,4-3,0-1,1-0,12/04/13,8 p.m.,N/A,"Conway, Ark. (Grove Gymnasium)",Lose,2,False,385,False,11:46,"GOOD LAYUP by WATSON,SHANE(in the paint)",19 ,,7,,RHODESMB 19-7 (+12),,"GOOD LAYUP by WATSON,SHANE(in the paint)",1,layup,good,rhodes,"watson,shane",2,"['dunavant,johnny', 'van,ryan', 'mcgrail,patrick', 'miller,drew', 'gallagher,michael', 'watson,shane']","['mendenall,haylee', 'gumm,gabe', 'barrett,jordan', 'roland,will']",706
94,2872,Hendrix,Rhodes,1,56-54,"28,26","34,22",4-4,4-3,0-1,1-0,12/04/13,8 p.m.,N/A,"Conway, Ark. (Grove Gymnasium)",Lose,2,False,385,False,--,"ASSIST  by MCGRAIL,PATRICK",19 ,,7,,,,"ASSIST  by MCGRAIL,PATRICK",1,assist,,rhodes,"mcgrail,patrick",,"['dunavant,johnny', 'van,ryan', 'mcgrail,patrick', 'miller,drew', 'gallagher,michael', 'watson,shane']","['mendenall,haylee', 'gumm,gabe', 'barrett,jordan', 'roland,will']",
95,2872,Hendrix,Rhodes,1,56-54,"28,26","34,22",4-4,4-3,0-1,1-0,12/04/13,8 p.m.,N/A,"Conway, Ark. (Grove Gymnasium)",Lose,2,False,385,False,11:32,,19 ,,7,"TURNOVER  by MCNEILL,KAITLIN",,,"TURNOVER  by MCNEILL,KAITLIN",1,turnover,,hendrix,"mcneill,kaitlin",,"['dunavant,johnny', 'van,ryan', 'mcgrail,patrick', 'miller,drew', 'gallagher,michael', 'watson,shane']","['mendenall,haylee', 'gumm,gabe', 'barrett,jordan', 'roland,will']",692
96,2872,Hendrix,Rhodes,1,56-54,"28,26","34,22",4-4,4-3,0-1,1-0,12/04/13,8 p.m.,N/A,"Conway, Ark. (Grove Gymnasium)",Lose,2,False,385,False,11:24,"MISS JUMPER by DUNAVANT,JOHNNY",19 ,,7,,,,"MISS JUMPER by DUNAVANT,JOHNNY",1,jumper,missed,rhodes,"dunavant,johnny",,"['dunavant,johnny', 'van,ryan', 'mcgrail,patrick', 'miller,drew', 'gallagher,michael', 'watson,shane']","['mendenall,haylee', 'gumm,gabe', 'barrett,jordan', 'roland,will']",684
97,2872,Hendrix,Rhodes,1,56-54,"28,26","34,22",4-4,4-3,0-1,1-0,12/04/13,8 p.m.,N/A,"Conway, Ark. (Grove Gymnasium)",Lose,2,False,385,False,--,,19 ,,7,"REBOUND DEF by ROLAND,WILL",,,"REBOUND DEF by ROLAND,WILL",1,defensive rebound,,hendrix,"roland,will",,"['dunavant,johnny', 'van,ryan', 'mcgrail,patrick', 'miller,drew', 'gallagher,michael', 'watson,shane']","['mendenall,haylee', 'gumm,gabe', 'barrett,jordan', 'roland,will']",
98,2872,Hendrix,Rhodes,1,56-54,"28,26","34,22",4-4,4-3,0-1,1-0,12/04/13,8 p.m.,N/A,"Conway, Ark. (Grove Gymnasium)",Lose,2,False,385,False,11:14,,19 ,,7,"SUB IN by ALDOUS,HANK",,,"SUB IN by ALDOUS,HANK",1,subbing in,,hendrix,"aldous,hank",,"['dunavant,johnny', 'van,ryan', 'mcgrail,patrick', 'miller,drew', 'gallagher,michael', 'watson,shane']","['mendenall,haylee', 'gumm,gabe', 'barrett,jordan', 'roland,will', 'aldous,hank']",674
99,2872,Hendrix,Rhodes,1,56-54,"28,26","34,22",4-4,4-3,0-1,1-0,12/04/13,8 p.m.,N/A,"Conway, Ark. (Grove Gymnasium)",Lose,2,False,385,False,11:14,,19 ,,7,"SUB IN by LITTLEFIELD,GEAREN",,,"SUB IN by LITTLEFIELD,GEAREN",1,subbing in,,hendrix,"littlefield,gearen",,"['dunavant,johnny', 'van,ryan', 'mcgrail,patrick', 'miller,drew', 'gallagher,michael', 'watson,shane']","['mendenall,haylee', 'gumm,gabe', 'barrett,jordan', 'roland,will', 'aldous,hank', 'littlefield,gearen']",674
100,2872,Hendrix,Rhodes,1,56-54,"28,26","34,22",4-4,4-3,0-1,1-0,12/04/13,8 p.m.,N/A,"Conway, Ark. (Grove Gymnasium)",Lose,2,False,385,False,11:14,,19 ,,7,"SUB OUT by GUMM,GABE",,,"SUB OUT by GUMM,GABE",1,subbing out,,hendrix,"gumm,gabe",,"['dunavant,johnny', 'van,ryan', 'mcgrail,patrick', 'miller,drew', 'gallagher,michael', 'watson,shane']","['mendenall,haylee', 'barrett,jordan', 'roland,will', 'aldous,hank', 'littlefield,gearen']",674
101,2872,Hendrix,Rhodes,1,56-54,"28,26","34,22",4-4,4-3,0-1,1-0,12/04/13,8 p.m.,N/A,"Conway, Ark. (Grove Gymnasium)",Lose,2,False,385,False,11:14,,19 ,,7,"SUB OUT by MENDENALL,HAYLEE",,,"SUB OUT by MENDENALL,HAYLEE",1,subbing out,,hendrix,"mendenall,haylee",,"['dunavant,johnny', 'van,ryan', 'mcgrail,patrick', 'miller,drew', 'gallagher,michael', 'watson,shane']","['barrett,jordan', 'roland,will', 'aldous,hank', 'littlefield,gearen']",674
102,2872,Hendrix,Rhodes,1,56-54,"28,26","34,22",4-4,4-3,0-1,1-0,12/04/13,8 p.m.,N/A,"Conway, Ark. (Grove Gymnasium)",Lose,2,False,385,False,11:12,,19 ,,7,"MISS JUMPER by MCNEILL,KAITLIN",,,"MISS JUMPER by MCNEILL,KAITLIN",1,jumper,missed,hendrix,"mcneill,kaitlin",,"['dunavant,johnny', 'van,ryan', 'mcgrail,patrick', 'miller,drew', 'gallagher,michael', 'watson,shane']","['barrett,jordan', 'roland,will', 'aldous,hank', 'littlefield,gearen']",672
103,2872,Hendrix,Rhodes,1,56-54,"28,26","34,22",4-4,4-3,0-1,1-0,12/04/13,8 p.m.,N/A,"Conway, Ark. (Grove Gymnasium)",Lose,2,False,385,False,--,,19 ,,7,"REBOUND OFF by MCNEILL,KAITLIN",,,"REBOUND OFF by MCNEILL,KAITLIN",1,offensive rebound,,hendrix,"mcneill,kaitlin",,"['dunavant,johnny', 'van,ryan', 'mcgrail,patrick', 'miller,drew', 'gallagher,michael', 'watson,shane']","['barrett,jordan', 'roland,will', 'aldous,hank', 'littlefield,gearen']",
104,2872,Hendrix,Rhodes,1,56-54,"28,26","34,22",4-4,4-3,0-1,1-0,12/04/13,8 p.m.,N/A,"Conway, Ark. (Grove Gymnasium)",Lose,2,False,385,False,11:09,,19 ,,7,"MISS LAYUP by MCNEILL,KAITLIN",,,"MISS LAYUP by MCNEILL,KAITLIN",1,layup,missed,hendrix,"mcneill,kaitlin",,"['dunavant,johnny', 'van,ryan', 'mcgrail,patrick', 'miller,drew', 'gallagher,michael', 'watson,shane']","['barrett,jordan', 'roland,will', 'aldous,hank', 'littlefield,gearen']",669
105,2872,Hendrix,Rhodes,1,56-54,"28,26","34,22",4-4,4-3,0-1,1-0,12/04/13,8 p.m.,N/A,"Conway, Ark. (Grove Gymnasium)",Lose,2,False,385,False,--,REBOUND DEF by TEAM,19 ,,7,,,,REBOUND DEF by TEAM,1,defensive rebound,,rhodes,,,"['dunavant,johnny', 'van,ryan', 'mcgrail,patrick', 'miller,drew', 'gallagher,michael', 'watson,shane']","['barrett,jordan', 'roland,will', 'aldous,hank', 'littlefield,gearen']",
106,2872,Hendrix,Rhodes,1,56-54,"28,26","34,22",4-4,4-3,0-1,1-0,12/04/13,8 p.m.,N/A,"Conway, Ark. (Grove Gymnasium)",Lose,2,False,385,False,10:59,"MISS 3PTR by GALLAGHER,MICHAEL",19 ,,7,,,,"MISS 3PTR by GALLAGHER,MICHAEL",1,three pointer,missed,rhodes,"gallagher,michael",,"['dunavant,johnny', 'van,ryan', 'mcgrail,patrick', 'miller,drew', 'gallagher,michael', 'watson,shane']","['barrett,jordan', 'roland,will', 'aldous,hank', 'littlefield,gearen']",659
107,2872,Hendrix,Rhodes,1,56-54,"28,26","34,22",4-4,4-3,0-1,1-0,12/04/13,8 p.m.,N/A,"Conway, Ark. (Grove Gymnasium)",Lose,2,False,385,False,--,,19 ,,7,"REBOUND DEF by MCNEILL,KAITLIN",,,"REBOUND DEF by MCNEILL,KAITLIN",1,defensive rebound,,hendrix,"mcneill,kaitlin",,"['dunavant,johnny', 'van,ryan', 'mcgrail,patrick', 'miller,drew', 'gallagher,michael', 'watson,shane']","['barrett,jordan', 'roland,will', 'aldous,hank', 'littlefield,gearen']",
108,2872,Hendrix,Rhodes,1,56-54,"28,26","34,22",4-4,4-3,0-1,1-0,12/04/13,8 p.m.,N/A,"Conway, Ark. (Grove Gymnasium)",Lose,2,False,385,False,10:45,,19 ,,7,"TURNOVER  by ALDOUS,HANK",,,"TURNOVER  by ALDOUS,HANK",1,turnover,,hendrix,"aldous,hank",,"['dunavant,johnny', 'van,ryan', 'mcgrail,patrick', 'miller,drew', 'gallagher,michael', 'watson,shane']","['barrett,jordan', 'roland,will', 'aldous,hank', 'littlefield,gearen']",645
109,2872,Hendrix,Rhodes,1,56-54,"28,26","34,22",4-4,4-3,0-1,1-0,12/04/13,8 p.m.,N/A,"Conway, Ark. (Grove Gymnasium)",Lose,2,False,385,False,10:43,"STEAL  by MILLER,DREW",19 ,,7,,,,"STEAL  by MILLER,DREW",1,steal,,rhodes,,,"['dunavant,johnny', 'van,ryan', 'mcgrail,patrick', 'miller,drew', 'gallagher,michael', 'watson,shane']","['barrett,jordan', 'roland,will', 'aldous,hank', 'littlefield,gearen']",643
110,2872,Hendrix,Rhodes,1,56-54,"28,26","34,22",4-4,4-3,0-1,1-0,12/04/13,8 p.m.,N/A,"Conway, Ark. (Grove Gymnasium)",Lose,2,False,385,False,10:29,"MISS JUMPER by MILLER,DREW",19 ,,7,,,,"MISS JUMPER by MILLER,DREW",1,jumper,missed,rhodes,"miller,drew",,"['dunavant,johnny', 'van,ryan', 'mcgrail,patrick', 'miller,drew', 'gallagher,michael', 'watson,shane']","['barrett,jordan', 'roland,will', 'aldous,hank', 'littlefield,gearen']",629
111,2872,Hendrix,Rhodes,1,56-54,"28,26","34,22",4-4,4-3,0-1,1-0,12/04/13,8 p.m.,N/A,"Conway, Ark. (Grove Gymnasium)",Lose,2,False,385,False,10:29,,19 ,,7,"BLOCK  by ALDOUS,HANK",,,"BLOCK  by ALDOUS,HANK",1,block,,hendrix,"aldous,hank",,"['dunavant,johnny', 'van,ryan', 'mcgrail,patrick', 'miller,drew', 'gallagher,michael', 'watson,shane']","['barrett,jordan', 'roland,will', 'aldous,hank', 'littlefield,gearen']",629
112,2872,Hendrix,Rhodes,1,56-54,"28,26","34,22",4-4,4-3,0-1,1-0,12/04/13,8 p.m.,N/A,"Conway, Ark. (Grove Gymnasium)",Lose,2,False,385,False,--,,19 ,,7,"REBOUND DEF by ROLAND,WILL",,,"REBOUND DEF by ROLAND,WILL",1,defensive rebound,,hendrix,"roland,will",,"['dunavant,johnny', 'van,ryan', 'mcgrail,patrick', 'miller,drew', 'gallagher,michael', 'watson,shane']","['barrett,jordan', 'roland,will', 'aldous,hank', 'littlefield,gearen']",
113,2872,Hendrix,Rhodes,1,56-54,"28,26","34,22",4-4,4-3,0-1,1-0,12/04/13,8 p.m.,N/A,"Conway, Ark. (Grove Gymnasium)",Lose,2,False,385,False,10:18,"FOUL  by MCGRAIL,PATRICK",19 ,,7,,,,"FOUL  by MCGRAIL,PATRICK",1,foul,,rhodes,"mcgrail,patrick",,"['dunavant,johnny', 'van,ryan', 'mcgrail,patrick', 'miller,drew', 'gallagher,michael', 'watson,shane']","['barrett,jordan', 'roland,will', 'aldous,hank', 'littlefield,gearen']",618
114,2872,Hendrix,Rhodes,1,56-54,"28,26","34,22",4-4,4-3,0-1,1-0,12/04/13,8 p.m.,N/A,"Conway, Ark. (Grove Gymnasium)",Lose,2,False,385,False,10:18,,19 ,,7,"MISS FT by MCNEILL,KAITLIN",,,"MISS FT by MCNEILL,KAITLIN",1,free throw,missed,hendrix,"mcneill,kaitlin",,"['dunavant,johnny', 'van,ryan', 'mcgrail,patrick', 'miller,drew', 'gallagher,michael', 'watson,shane']","['barrett,jordan', 'roland,will', 'aldous,hank', 'littlefield,gearen']",618
115,2872,Hendrix,Rhodes,1,56-54,"28,26","34,22",4-4,4-3,0-1,1-0,12/04/13,8 p.m.,N/A,"Conway, Ark. (Grove Gymnasium)",Lose,2,False,385,False,--,"REBOUND DEF by WATSON,SHANE",19 ,,7,,,,"REBOUND DEF by WATSON,SHANE",1,defensive rebound,,rhodes,"watson,shane",,"['dunavant,johnny', 'van,ryan', 'mcgrail,patrick', 'miller,drew', 'gallagher,michael', 'watson,shane']","['barrett,jordan', 'roland,will', 'aldous,hank', 'littlefield,gearen']",
116,2872,Hendrix,Rhodes,1,56-54,"28,26","34,22",4-4,4-3,0-1,1-0,12/04/13,8 p.m.,N/A,"Conway, Ark. (Grove Gymnasium)",Lose,2,False,385,False,10:10,"TURNOVER  by GALLAGHER,MICHAEL",19 ,,7,,,,"TURNOVER  by GALLAGHER,MICHAEL",1,turnover,,rhodes,"gallagher,michael",,"['dunavant,johnny', 'van,ryan', 'mcgrail,patrick', 'miller,drew', 'gallagher,michael', 'watson,shane']","['barrett,jordan', 'roland,will', 'aldous,hank', 'littlefield,gearen']",610
117,2872,Hendrix,Rhodes,1,56-54,"28,26","34,22",4-4,4-3,0-1,1-0,12/04/13,8 p.m.,N/A,"Conway, Ark. (Grove Gymnasium)",Lose,2,False,385,False,10:09,,19 ,,7,"STEAL  by ALDOUS,HANK",,,"STEAL  by ALDOUS,HANK",1,steal,,hendrix,,,"['dunavant,johnny', 'van,ryan', 'mcgrail,patrick', 'miller,drew', 'gallagher,michael', 'watson,shane']","['barrett,jordan', 'roland,will', 'aldous,hank', 'littlefield,gearen']",609
118,2872,Hendrix,Rhodes,1,56-54,"28,26","34,22",4-4,4-3,0-1,1-0,12/04/13,8 p.m.,N/A,"Conway, Ark. (Grove Gymnasium)",Lose,2,False,385,False,10:07,"FOUL  by GALLAGHER,MICHAEL",19 ,,7,,,,"FOUL  by GALLAGHER,MICHAEL",1,foul,,rhodes,"gallagher,michael",,"['dunavant,johnny', 'van,ryan', 'mcgrail,patrick', 'miller,drew', 'gallagher,michael', 'watson,shane']","['barrett,jordan', 'roland,will', 'aldous,hank', 'littlefield,gearen']",607
119,2872,Hendrix,Rhodes,1,56-54,"28,26","34,22",4-4,4-3,0-1,1-0,12/04/13,8 p.m.,N/A,"Conway, Ark. (Grove Gymnasium)",Lose,2,False,385,False,10:07,,19 ,,8,"GOOD FT by ALDOUS,HANK",HC 19-8 (+11),,"GOOD FT by ALDOUS,HANK",1,free throw,good,hendrix,"aldous,hank",1,"['dunavant,johnny', 'van,ryan', 'mcgrail,patrick', 'miller,drew', 'gallagher,michael', 'watson,shane']","['barrett,jordan', 'roland,will', 'aldous,hank', 'littlefield,gearen']",607
120,2872,Hendrix,Rhodes,1,56-54,"28,26","34,22",4-4,4-3,0-1,1-0,12/04/13,8 p.m.,N/A,"Conway, Ark. (Grove Gymnasium)",Lose,2,False,385,False,10:07,,19 ,,9,"GOOD FT by ALDOUS,HANK",HC 19-9 (+10),,"GOOD FT by ALDOUS,HANK",1,free throw,good,hendrix,"aldous,hank",1,"['dunavant,johnny', 'van,ryan', 'mcgrail,patrick', 'miller,drew', 'gallagher,michael', 'watson,shane']","['barrett,jordan', 'roland,will', 'aldous,hank', 'littlefield,gearen']",607
121,2872,Hendrix,Rhodes,1,56-54,"28,26","34,22",4-4,4-3,0-1,1-0,12/04/13,8 p.m.,N/A,"Conway, Ark. (Grove Gymnasium)",Lose,2,False,385,False,10:07,"SUB IN by COLLINS,LUKE",19 ,,9,,,,"SUB IN by COLLINS,LUKE",1,subbing in,,rhodes,"collins,luke",,"['dunavant,johnny', 'van,ryan', 'mcgrail,patrick', 'miller,drew', 'gallagher,michael', 'watson,shane', 'collins,luke']","['barrett,jordan', 'roland,will', 'aldous,hank', 'littlefield,gearen']",607
122,2872,Hendrix,Rhodes,1,56-54,"28,26","34,22",4-4,4-3,0-1,1-0,12/04/13,8 p.m.,N/A,"Conway, Ark. (Grove Gymnasium)",Lose,2,False,385,False,10:07,"SUB OUT by DUNAVANT,JOHNNY",19 ,,9,,,,"SUB OUT by DUNAVANT,JOHNNY",1,subbing out,,rhodes,"dunavant,johnny",,"['van,ryan', 'mcgrail,patrick', 'miller,drew', 'gallagher,michael', 'watson,shane', 'collins,luke']","['barrett,jordan', 'roland,will', 'aldous,hank', 'littlefield,gearen']",607
123,2872,Hendrix,Rhodes,1,56-54,"28,26","34,22",4-4,4-3,0-1,1-0,12/04/13,8 p.m.,N/A,"Conway, Ark. (Grove Gymnasium)",Lose,2,False,385,False,10:07,,19 ,,9,"SUB IN by NIKOLOVSKI,DREW",,,"SUB IN by NIKOLOVSKI,DREW",1,subbing in,,hendrix,"nikolovski,drew",,"['van,ryan', 'mcgrail,patrick', 'miller,drew', 'gallagher,michael', 'watson,shane', 'collins,luke']","['barrett,jordan', 'roland,will', 'aldous,hank', 'littlefield,gearen', 'nikolovski,drew']",607
124,2872,Hendrix,Rhodes,1,56-54,"28,26","34,22",4-4,4-3,0-1,1-0,12/04/13,8 p.m.,N/A,"Conway, Ark. (Grove Gymnasium)",Lose,2,False,385,False,10:07,,19 ,,9,"SUB OUT by MCNEILL,KAITLIN",,,"SUB OUT by MCNEILL,KAITLIN",1,subbing out,,hendrix,"mcneill,kaitlin",,"['van,ryan', 'mcgrail,patrick', 'miller,drew', 'gallagher,michael', 'watson,shane', 'collins,luke']","['barrett,jordan', 'roland,will', 'aldous,hank', 'littlefield,gearen', 'nikolovski,drew']",607
125,2872,Hendrix,Rhodes,1,56-54,"28,26","34,22",4-4,4-3,0-1,1-0,12/04/13,8 p.m.,N/A,"Conway, Ark. (Grove Gymnasium)",Lose,2,False,385,False,09:50,"GOOD LAYUP by COLLINS,LUKE(in the paint)",21 ,,9,,RHODESMB 21-9 (+12),,"GOOD LAYUP by COLLINS,LUKE(in the paint)",1,layup,good,rhodes,"collins,luke",2,"['van,ryan', 'mcgrail,patrick', 'miller,drew', 'gallagher,michael', 'watson,shane', 'collins,luke']","['barrett,jordan', 'roland,will', 'aldous,hank', 'littlefield,gearen', 'nikolovski,drew']",590
126,2872,Hendrix,Rhodes,1,56-54,"28,26","34,22",4-4,4-3,0-1,1-0,12/04/13,8 p.m.,N/A,"Conway, Ark. (Grove Gymnasium)",Lose,2,False,385,False,09:32,,21 ,,9,"MISS 3PTR by NIKOLOVSKI,DREW",,,"MISS 3PTR by NIKOLOVSKI,DREW",1,three pointer,missed,hendrix,"nikolovski,drew",,"['van,ryan', 'mcgrail,patrick', 'miller,drew', 'gallagher,michael', 'watson,shane', 'collins,luke']","['barrett,jordan', 'roland,will', 'aldous,hank', 'littlefield,gearen', 'nikolovski,drew']",572
127,2872,Hendrix,Rhodes,1,56-54,"28,26","34,22",4-4,4-3,0-1,1-0,12/04/13,8 p.m.,N/A,"Conway, Ark. (Grove Gymnasium)",Lose,2,False,385,False,--,,21 ,,9,REBOUND OFF by TEAM,,,REBOUND OFF by TEAM,1,offensive rebound,,hendrix,,,"['van,ryan', 'mcgrail,patrick', 'miller,drew', 'gallagher,michael', 'watson,shane', 'collins,luke']","['barrett,jordan', 'roland,will', 'aldous,hank', 'littlefield,gearen', 'nikolovski,drew']",
128,2872,Hendrix,Rhodes,1,56-54,"28,26","34,22",4-4,4-3,0-1,1-0,12/04/13,8 p.m.,N/A,"Conway, Ark. (Grove Gymnasium)",Lose,2,False,385,False,09:26,,21 ,,9,"MISS JUMPER by ROLAND,WILL",,,"MISS JUMPER by ROLAND,WILL",1,jumper,missed,hendrix,"roland,will",,"['van,ryan', 'mcgrail,patrick', 'miller,drew', 'gallagher,michael', 'watson,shane', 'collins,luke']","['barrett,jordan', 'roland,will', 'aldous,hank', 'littlefield,gearen', 'nikolovski,drew']",566
129,2872,Hendrix,Rhodes,1,56-54,"28,26","34,22",4-4,4-3,0-1,1-0,12/04/13,8 p.m.,N/A,"Conway, Ark. (Grove Gymnasium)",Lose,2,False,385,False,--,"REBOUND DEF by WATSON,SHANE",21 ,,9,,,,"REBOUND DEF by WATSON,SHANE",1,defensive rebound,,rhodes,"watson,shane",,"['van,ryan', 'mcgrail,patrick', 'miller,drew', 'gallagher,michael', 'watson,shane', 'collins,luke']","['barrett,jordan', 'roland,will', 'aldous,hank', 'littlefield,gearen', 'nikolovski,drew']",
130,2872,Hendrix,Rhodes,1,56-54,"28,26","34,22",4-4,4-3,0-1,1-0,12/04/13,8 p.m.,N/A,"Conway, Ark. (Grove Gymnasium)",Lose,2,False,385,False,09:07,"MISS 3PTR by MILLER,DREW",21 ,,9,,,,"MISS 3PTR by MILLER,DREW",1,three pointer,missed,rhodes,"miller,drew",,"['van,ryan', 'mcgrail,patrick', 'miller,drew', 'gallagher,michael', 'watson,shane', 'collins,luke']","['barrett,jordan', 'roland,will', 'aldous,hank', 'littlefield,gearen', 'nikolovski,drew']",547
131,2872,Hendrix,Rhodes,1,56-54,"28,26","34,22",4-4,4-3,0-1,1-0,12/04/13,8 p.m.,N/A,"Conway, Ark. (Grove Gymnasium)",Lose,2,False,385,False,--,,21 ,,9,"REBOUND DEF by BARRETT,JORDAN",,,"REBOUND DEF by BARRETT,JORDAN",1,defensive rebound,,hendrix,"barrett,jordan",,"['van,ryan', 'mcgrail,patrick', 'miller,drew', 'gallagher,michael', 'watson,shane', 'collins,luke']","['barrett,jordan', 'roland,will', 'aldous,hank', 'littlefield,gearen', 'nikolovski,drew']",
132,2872,Hendrix,Rhodes,1,56-54,"28,26","34,22",4-4,4-3,0-1,1-0,12/04/13,8 p.m.,N/A,"Conway, Ark. (Grove Gymnasium)",Lose,2,False,385,False,08:54,,21 ,,11,"GOOD LAYUP by ALDOUS,HANK(in the paint)",HC 21-11 (+10),,"GOOD LAYUP by ALDOUS,HANK(in the paint)",1,layup,good,hendrix,"aldous,hank",2,"['van,ryan', 'mcgrail,patrick', 'miller,drew', 'gallagher,michael', 'watson,shane', 'collins,luke']","['barrett,jordan', 'roland,will', 'aldous,hank', 'littlefield,gearen', 'nikolovski,drew']",534
133,2872,Hendrix,Rhodes,1,56-54,"28,26","34,22",4-4,4-3,0-1,1-0,12/04/13,8 p.m.,N/A,"Conway, Ark. (Grove Gymnasium)",Lose,2,False,385,False,08:33,"MISS JUMPER by MCGRAIL,PATRICK",21 ,,11,,,,"MISS JUMPER by MCGRAIL,PATRICK",1,jumper,missed,rhodes,"mcgrail,patrick",,"['van,ryan', 'mcgrail,patrick', 'miller,drew', 'gallagher,michael', 'watson,shane', 'collins,luke']","['barrett,jordan', 'roland,will', 'aldous,hank', 'littlefield,gearen', 'nikolovski,drew']",513
134,2872,Hendrix,Rhodes,1,56-54,"28,26","34,22",4-4,4-3,0-1,1-0,12/04/13,8 p.m.,N/A,"Conway, Ark. (Grove Gymnasium)",Lose,2,False,385,False,--,,21 ,,11,"REBOUND DEF by BARRETT,JORDAN",,,"REBOUND DEF by BARRETT,JORDAN",1,defensive rebound,,hendrix,"barrett,jordan",,"['van,ryan', 'mcgrail,patrick', 'miller,drew', 'gallagher,michael', 'watson,shane', 'collins,luke']","['barrett,jordan', 'roland,will', 'aldous,hank', 'littlefield,gearen', 'nikolovski,drew']",
135,2872,Hendrix,Rhodes,1,56-54,"28,26","34,22",4-4,4-3,0-1,1-0,12/04/13,8 p.m.,N/A,"Conway, Ark. (Grove Gymnasium)",Lose,2,False,385,False,08:24,"FOUL  by GALLAGHER,MICHAEL",21 ,,11,,,,"FOUL  by GALLAGHER,MICHAEL",1,foul,,rhodes,"gallagher,michael",,"['van,ryan', 'mcgrail,patrick', 'miller,drew', 'gallagher,michael', 'watson,shane', 'collins,luke']","['barrett,jordan', 'roland,will', 'aldous,hank', 'littlefield,gearen', 'nikolovski,drew']",504
136,2872,Hendrix,Rhodes,1,56-54,"28,26","34,22",4-4,4-3,0-1,1-0,12/04/13,8 p.m.,N/A,"Conway, Ark. (Grove Gymnasium)",Lose,2,False,385,False,08:24,TIMEOUT TEAM by TEAM,21 ,,11,,,,TIMEOUT TEAM by TEAM,1,timeout,,rhodes,,,"['van,ryan', 'mcgrail,patrick', 'miller,drew', 'gallagher,michael', 'watson,shane', 'collins,luke']","['barrett,jordan', 'roland,will', 'aldous,hank', 'littlefield,gearen', 'nikolovski,drew']",504
137,2872,Hendrix,Rhodes,1,56-54,"28,26","34,22",4-4,4-3,0-1,1-0,12/04/13,8 p.m.,N/A,"Conway, Ark. (Grove Gymnasium)",Lose,2,False,385,False,08:24,,21 ,,12,"GOOD FT by BARRETT,JORDAN",HC 21-12 (+9),,"GOOD FT by BARRETT,JORDAN",1,free throw,good,hendrix,"barrett,jordan",1,"['van,ryan', 'mcgrail,patrick', 'miller,drew', 'gallagher,michael', 'watson,shane', 'collins,luke']","['barrett,jordan', 'roland,will', 'aldous,hank', 'littlefield,gearen', 'nikolovski,drew']",504
138,2872,Hendrix,Rhodes,1,56-54,"28,26","34,22",4-4,4-3,0-1,1-0,12/04/13,8 p.m.,N/A,"Conway, Ark. (Grove Gymnasium)",Lose,2,False,385,False,08:24,,21 ,,13,"GOOD FT by BARRETT,JORDAN",HC 21-13 (+8),,"GOOD FT by BARRETT,JORDAN",1,free throw,good,hendrix,"barrett,jordan",1,"['van,ryan', 'mcgrail,patrick', 'miller,drew', 'gallagher,michael', 'watson,shane', 'collins,luke']","['barrett,jordan', 'roland,will', 'aldous,hank', 'littlefield,gearen', 'nikolovski,drew']",504
139,2872,Hendrix,Rhodes,1,56-54,"28,26","34,22",4-4,4-3,0-1,1-0,12/04/13,8 p.m.,N/A,"Conway, Ark. (Grove Gymnasium)",Lose,2,False,385,False,08:05,"TURNOVER  by MCGRAIL,PATRICK",21 ,,13,,,,"TURNOVER  by MCGRAIL,PATRICK",1,turnover,,rhodes,"mcgrail,patrick",,"['van,ryan', 'mcgrail,patrick', 'miller,drew', 'gallagher,michael', 'watson,shane', 'collins,luke']","['barrett,jordan', 'roland,will', 'aldous,hank', 'littlefield,gearen', 'nikolovski,drew']",485
140,2872,Hendrix,Rhodes,1,56-54,"28,26","34,22",4-4,4-3,0-1,1-0,12/04/13,8 p.m.,N/A,"Conway, Ark. (Grove Gymnasium)",Lose,2,False,385,False,08:03,,21 ,,13,"STEAL  by ALDOUS,HANK",,,"STEAL  by ALDOUS,HANK",1,steal,,hendrix,,,"['van,ryan', 'mcgrail,patrick', 'miller,drew', 'gallagher,michael', 'watson,shane', 'collins,luke']","['barrett,jordan', 'roland,will', 'aldous,hank', 'littlefield,gearen', 'nikolovski,drew']",483
141,2872,Hendrix,Rhodes,1,56-54,"28,26","34,22",4-4,4-3,0-1,1-0,12/04/13,8 p.m.,N/A,"Conway, Ark. (Grove Gymnasium)",Lose,2,False,385,False,08:01,,21 ,,15,"GOOD LAYUP by ALDOUS,HANK(fastbreak)(in the paint)",HC 21-15 (+6),,"GOOD LAYUP by ALDOUS,HANK(fastbreak)(in the paint)",1,layup,good,hendrix,"aldous,hank(fastbreak)",2,"['van,ryan', 'mcgrail,patrick', 'miller,drew', 'gallagher,michael', 'watson,shane', 'collins,luke']","['barrett,jordan', 'roland,will', 'aldous,hank', 'littlefield,gearen', 'nikolovski,drew']",481
142,2872,Hendrix,Rhodes,1,56-54,"28,26","34,22",4-4,4-3,0-1,1-0,12/04/13,8 p.m.,N/A,"Conway, Ark. (Grove Gymnasium)",Lose,2,False,385,False,07:27,"TURNOVER  by MILLER,DREW",21 ,,15,,,,"TURNOVER  by MILLER,DREW",1,turnover,,rhodes,"miller,drew",,"['van,ryan', 'mcgrail,patrick', 'miller,drew', 'gallagher,michael', 'watson,shane', 'collins,luke']","['barrett,jordan', 'roland,will', 'aldous,hank', 'littlefield,gearen', 'nikolovski,drew']",447
143,2872,Hendrix,Rhodes,1,56-54,"28,26","34,22",4-4,4-3,0-1,1-0,12/04/13,8 p.m.,N/A,"Conway, Ark. (Grove Gymnasium)",Lose,2,False,385,False,07:27,"SUB IN by DUNAVANT,JOHNNY",21 ,,15,,,,"SUB IN by DUNAVANT,JOHNNY",1,subbing in,,rhodes,"dunavant,johnny",,"['van,ryan', 'mcgrail,patrick', 'miller,drew', 'gallagher,michael', 'watson,shane', 'collins,luke']","['barrett,jordan', 'roland,will', 'aldous,hank', 'littlefield,gearen', 'nikolovski,drew']",447
144,2872,Hendrix,Rhodes,1,56-54,"28,26","34,22",4-4,4-3,0-1,1-0,12/04/13,8 p.m.,N/A,"Conway, Ark. (Grove Gymnasium)",Lose,2,False,385,False,07:27,"SUB IN by LOWRIE,ANDREW",21 ,,15,,,,"SUB IN by LOWRIE,ANDREW",1,subbing in,,rhodes,"lowrie,andrew",,"['van,ryan', 'mcgrail,patrick', 'miller,drew', 'gallagher,michael', 'watson,shane', 'collins,luke', 'lowrie,andrew']","['barrett,jordan', 'roland,will', 'aldous,hank', 'littlefield,gearen', 'nikolovski,drew']",447
145,2872,Hendrix,Rhodes,1,56-54,"28,26","34,22",4-4,4-3,0-1,1-0,12/04/13,8 p.m.,N/A,"Conway, Ark. (Grove Gymnasium)",Lose,2,False,385,False,07:27,"SUB OUT by GALLAGHER,MICHAEL",21 ,,15,,,,"SUB OUT by GALLAGHER,MICHAEL",1,subbing out,,rhodes,"gallagher,michael",,"['van,ryan', 'mcgrail,patrick', 'miller,drew', 'watson,shane', 'collins,luke', 'lowrie,andrew']","['barrett,jordan', 'roland,will', 'aldous,hank', 'littlefield,gearen', 'nikolovski,drew']",447
146,2872,Hendrix,Rhodes,1,56-54,"28,26","34,22",4-4,4-3,0-1,1-0,12/04/13,8 p.m.,N/A,"Conway, Ark. (Grove Gymnasium)",Lose,2,False,385,False,07:27,"SUB OUT by MCGRAIL,PATRICK",21 ,,15,,,,"SUB OUT by MCGRAIL,PATRICK",1,subbing out,,rhodes,"mcgrail,patrick",,"['van,ryan', 'miller,drew', 'watson,shane', 'collins,luke', 'lowrie,andrew']","['barrett,jordan', 'roland,will', 'aldous,hank', 'littlefield,gearen', 'nikolovski,drew']",447
147,2872,Hendrix,Rhodes,1,56-54,"28,26","34,22",4-4,4-3,0-1,1-0,12/04/13,8 p.m.,N/A,"Conway, Ark. (Grove Gymnasium)",Lose,2,False,385,False,07:19,,21 ,,15,"MISS JUMPER by ALDOUS,HANK",,,"MISS JUMPER by ALDOUS,HANK",1,jumper,missed,hendrix,"aldous,hank",,"['van,ryan', 'miller,drew', 'watson,shane', 'collins,luke', 'lowrie,andrew']","['barrett,jordan', 'roland,will', 'aldous,hank', 'littlefield,gearen', 'nikolovski,drew']",439
148,2872,Hendrix,Rhodes,1,56-54,"28,26","34,22",4-4,4-3,0-1,1-0,12/04/13,8 p.m.,N/A,"Conway, Ark. (Grove Gymnasium)",Lose,2,False,385,False,--,,21 ,,15,"REBOUND OFF by LITTLEFIELD,GEAREN",,,"REBOUND OFF by LITTLEFIELD,GEAREN",1,offensive rebound,,hendrix,"littlefield,gearen",,"['van,ryan', 'miller,drew', 'watson,shane', 'collins,luke', 'lowrie,andrew']","['barrett,jordan', 'roland,will', 'aldous,hank', 'littlefield,gearen', 'nikolovski,drew']",
149,2872,Hendrix,Rhodes,1,56-54,"28,26","34,22",4-4,4-3,0-1,1-0,12/04/13,8 p.m.,N/A,"Conway, Ark. (Grove Gymnasium)",Lose,2,False,385,False,07:17,,21 ,,17,"GOOD TIPIN by LITTLEFIELD,GEAREN(in the paint)",HC 21-17 (+4),,"GOOD TIPIN by LITTLEFIELD,GEAREN(in the paint)",1,tipin,good,hendrix,"littlefield,gearen",2,"['van,ryan', 'miller,drew', 'watson,shane', 'collins,luke', 'lowrie,andrew']","['barrett,jordan', 'roland,will', 'aldous,hank', 'littlefield,gearen', 'nikolovski,drew']",437
150,2872,Hendrix,Rhodes,1,56-54,"28,26","34,22",4-4,4-3,0-1,1-0,12/04/13,8 p.m.,N/A,"Conway, Ark. (Grove Gymnasium)",Lose,2,False,385,False,07:16,"FOUL  by WATSON,SHANE",21 ,,17,,,,"FOUL  by WATSON,SHANE",1,foul,,rhodes,"watson,shane",,"['van,ryan', 'miller,drew', 'watson,shane', 'collins,luke', 'lowrie,andrew']","['barrett,jordan', 'roland,will', 'aldous,hank', 'littlefield,gearen', 'nikolovski,drew']",436
151,2872,Hendrix,Rhodes,1,56-54,"28,26","34,22",4-4,4-3,0-1,1-0,12/04/13,8 p.m.,N/A,"Conway, Ark. (Grove Gymnasium)",Lose,2,False,385,False,07:16,,21 ,,18,"GOOD FT by LITTLEFIELD,GEAREN",HC 21-18 (+3),,"GOOD FT by LITTLEFIELD,GEAREN",1,free throw,good,hendrix,"littlefield,gearen",1,"['van,ryan', 'miller,drew', 'watson,shane', 'collins,luke', 'lowrie,andrew']","['barrett,jordan', 'roland,will', 'aldous,hank', 'littlefield,gearen', 'nikolovski,drew']",436
152,2872,Hendrix,Rhodes,1,56-54,"28,26","34,22",4-4,4-3,0-1,1-0,12/04/13,8 p.m.,N/A,"Conway, Ark. (Grove Gymnasium)",Lose,2,False,385,False,07:16,"SUB IN by HOECK,RYAN VAN",21 ,,18,,,,"SUB IN by HOECK,RYAN VAN",1,subbing in,,rhodes,"hoeck,ryan van",,"['van,ryan', 'miller,drew', 'watson,shane', 'collins,luke', 'lowrie,andrew', 'hoeck,ryan van']","['barrett,jordan', 'roland,will', 'aldous,hank', 'littlefield,gearen', 'nikolovski,drew']",436
153,2872,Hendrix,Rhodes,1,56-54,"28,26","34,22",4-4,4-3,0-1,1-0,12/04/13,8 p.m.,N/A,"Conway, Ark. (Grove Gymnasium)",Lose,2,False,385,False,07:16,"SUB IN by WAGNER,MATT",21 ,,18,,,,"SUB IN by WAGNER,MATT",1,subbing in,,rhodes,"wagner,matt",,"['van,ryan', 'miller,drew', 'watson,shane', 'collins,luke', 'lowrie,andrew', 'hoeck,ryan van', 'wagner,matt']","['barrett,jordan', 'roland,will', 'aldous,hank', 'littlefield,gearen', 'nikolovski,drew']",436
154,2872,Hendrix,Rhodes,1,56-54,"28,26","34,22",4-4,4-3,0-1,1-0,12/04/13,8 p.m.,N/A,"Conway, Ark. (Grove Gymnasium)",Lose,2,False,385,False,07:16,"SUB OUT by MILLER,DREW",21 ,,18,,,,"SUB OUT by MILLER,DREW",1,subbing out,,rhodes,"miller,drew",,"['van,ryan', 'watson,shane', 'collins,luke', 'lowrie,andrew', 'hoeck,ryan van', 'wagner,matt']","['barrett,jordan', 'roland,will', 'aldous,hank', 'littlefield,gearen', 'nikolovski,drew']",436
155,2872,Hendrix,Rhodes,1,56-54,"28,26","34,22",4-4,4-3,0-1,1-0,12/04/13,8 p.m.,N/A,"Conway, Ark. (Grove Gymnasium)",Lose,2,False,385,False,07:16,"SUB OUT by WATSON,SHANE",21 ,,18,,,,"SUB OUT by WATSON,SHANE",1,subbing out,,rhodes,"watson,shane",,"['van,ryan', 'collins,luke', 'lowrie,andrew', 'hoeck,ryan van', 'wagner,matt']","['barrett,jordan', 'roland,will', 'aldous,hank', 'littlefield,gearen', 'nikolovski,drew']",436
156,2872,Hendrix,Rhodes,1,56-54,"28,26","34,22",4-4,4-3,0-1,1-0,12/04/13,8 p.m.,N/A,"Conway, Ark. (Grove Gymnasium)",Lose,2,False,385,False,07:02,"MISS LAYUP by LOWRIE,ANDREW",21 ,,18,,,,"MISS LAYUP by LOWRIE,ANDREW",1,layup,missed,rhodes,"lowrie,andrew",,"['van,ryan', 'collins,luke', 'lowrie,andrew', 'hoeck,ryan van', 'wagner,matt']","['barrett,jordan', 'roland,will', 'aldous,hank', 'littlefield,gearen', 'nikolovski,drew']",422
157,2872,Hendrix,Rhodes,1,56-54,"28,26","34,22",4-4,4-3,0-1,1-0,12/04/13,8 p.m.,N/A,"Conway, Ark. (Grove Gymnasium)",Lose,2,False,385,False,--,,21 ,,18,"REBOUND DEF by LITTLEFIELD,GEAREN",,,"REBOUND DEF by LITTLEFIELD,GEAREN",1,defensive rebound,,hendrix,"littlefield,gearen",,"['van,ryan', 'collins,luke', 'lowrie,andrew', 'hoeck,ryan van', 'wagner,matt']","['barrett,jordan', 'roland,will', 'aldous,hank', 'littlefield,gearen', 'nikolovski,drew']",
158,2872,Hendrix,Rhodes,1,56-54,"28,26","34,22",4-4,4-3,0-1,1-0,12/04/13,8 p.m.,N/A,"Conway, Ark. (Grove Gymnasium)",Lose,2,False,385,False,06:50,,21 ,,18,"MISS LAYUP by BARRETT,JORDAN",,,"MISS LAYUP by BARRETT,JORDAN",1,layup,missed,hendrix,"barrett,jordan",,"['van,ryan', 'collins,luke', 'lowrie,andrew', 'hoeck,ryan van', 'wagner,matt']","['barrett,jordan', 'roland,will', 'aldous,hank', 'littlefield,gearen', 'nikolovski,drew']",410
159,2872,Hendrix,Rhodes,1,56-54,"28,26","34,22",4-4,4-3,0-1,1-0,12/04/13,8 p.m.,N/A,"Conway, Ark. (Grove Gymnasium)",Lose,2,False,385,False,--,"REBOUND DEF by WAGNER,MATT",21 ,,18,,,,"REBOUND DEF by WAGNER,MATT",1,defensive rebound,,rhodes,"wagner,matt",,"['van,ryan', 'collins,luke', 'lowrie,andrew', 'hoeck,ryan van', 'wagner,matt']","['barrett,jordan', 'roland,will', 'aldous,hank', 'littlefield,gearen', 'nikolovski,drew']",
160,2872,Hendrix,Rhodes,1,56-54,"28,26","34,22",4-4,4-3,0-1,1-0,12/04/13,8 p.m.,N/A,"Conway, Ark. (Grove Gymnasium)",Lose,2,False,385,False,06:37,,21 ,,18,"FOUL  by NIKOLOVSKI,DREW",,,"FOUL  by NIKOLOVSKI,DREW",1,foul,,hendrix,"nikolovski,drew",,"['van,ryan', 'collins,luke', 'lowrie,andrew', 'hoeck,ryan van', 'wagner,matt']","['barrett,jordan', 'roland,will', 'aldous,hank', 'littlefield,gearen', 'nikolovski,drew']",397
161,2872,Hendrix,Rhodes,1,56-54,"28,26","34,22",4-4,4-3,0-1,1-0,12/04/13,8 p.m.,N/A,"Conway, Ark. (Grove Gymnasium)",Lose,2,False,385,False,06:37,"MISS FT by DUNAVANT,JOHNNY",21 ,,18,,,,"MISS FT by DUNAVANT,JOHNNY",1,free throw,missed,rhodes,"dunavant,johnny",,"['van,ryan', 'collins,luke', 'lowrie,andrew', 'hoeck,ryan van', 'wagner,matt']","['barrett,jordan', 'roland,will', 'aldous,hank', 'littlefield,gearen', 'nikolovski,drew']",397
162,2872,Hendrix,Rhodes,1,56-54,"28,26","34,22",4-4,4-3,0-1,1-0,12/04/13,8 p.m.,N/A,"Conway, Ark. (Grove Gymnasium)",Lose,2,False,385,False,--,REBOUND DEADB by TEAM,21 ,,18,,,,REBOUND DEADB by TEAM,1,deadball rebound,,rhodes,,,"['van,ryan', 'collins,luke', 'lowrie,andrew', 'hoeck,ryan van', 'wagner,matt']","['barrett,jordan', 'roland,will', 'aldous,hank', 'littlefield,gearen', 'nikolovski,drew']",
163,2872,Hendrix,Rhodes,1,56-54,"28,26","34,22",4-4,4-3,0-1,1-0,12/04/13,8 p.m.,N/A,"Conway, Ark. (Grove Gymnasium)",Lose,2,False,385,False,06:37,"MISS FT by DUNAVANT,JOHNNY",21 ,,18,,,,"MISS FT by DUNAVANT,JOHNNY",1,free throw,missed,rhodes,"dunavant,johnny",,"['van,ryan', 'collins,luke', 'lowrie,andrew', 'hoeck,ryan van', 'wagner,matt']","['barrett,jordan', 'roland,will', 'aldous,hank', 'littlefield,gearen', 'nikolovski,drew']",397
164,2872,Hendrix,Rhodes,1,56-54,"28,26","34,22",4-4,4-3,0-1,1-0,12/04/13,8 p.m.,N/A,"Conway, Ark. (Grove Gymnasium)",Lose,2,False,385,False,--,,21 ,,18,"REBOUND DEF by ROLAND,WILL",,,"REBOUND DEF by ROLAND,WILL",1,defensive rebound,,hendrix,"roland,will",,"['van,ryan', 'collins,luke', 'lowrie,andrew', 'hoeck,ryan van', 'wagner,matt']","['barrett,jordan', 'roland,will', 'aldous,hank', 'littlefield,gearen', 'nikolovski,drew']",
165,2872,Hendrix,Rhodes,1,56-54,"28,26","34,22",4-4,4-3,0-1,1-0,12/04/13,8 p.m.,N/A,"Conway, Ark. (Grove Gymnasium)",Lose,2,False,385,False,06:23,,21 ,,20,"GOOD JUMPER by NIKOLOVSKI,DREW",HC 21-20 (+1),,"GOOD JUMPER by NIKOLOVSKI,DREW",1,jumper,good,hendrix,"nikolovski,drew",2,"['van,ryan', 'collins,luke', 'lowrie,andrew', 'hoeck,ryan van', 'wagner,matt']","['barrett,jordan', 'roland,will', 'aldous,hank', 'littlefield,gearen', 'nikolovski,drew']",383
166,2872,Hendrix,Rhodes,1,56-54,"28,26","34,22",4-4,4-3,0-1,1-0,12/04/13,8 p.m.,N/A,"Conway, Ark. (Grove Gymnasium)",Lose,2,False,385,False,--,,21 ,,20,"ASSIST  by ROLAND,WILL",,,"ASSIST  by ROLAND,WILL",1,assist,,hendrix,"roland,will",,"['van,ryan', 'collins,luke', 'lowrie,andrew', 'hoeck,ryan van', 'wagner,matt']","['barrett,jordan', 'roland,will', 'aldous,hank', 'littlefield,gearen', 'nikolovski,drew']",
167,2872,Hendrix,Rhodes,1,56-54,"28,26","34,22",4-4,4-3,0-1,1-0,12/04/13,8 p.m.,N/A,"Conway, Ark. (Grove Gymnasium)",Lose,2,False,385,False,06:03,,21 ,,20,"FOUL  by LITTLEFIELD,GEAREN",,,"FOUL  by LITTLEFIELD,GEAREN",1,foul,,hendrix,"littlefield,gearen",,"['van,ryan', 'collins,luke', 'lowrie,andrew', 'hoeck,ryan van', 'wagner,matt']","['barrett,jordan', 'roland,will', 'aldous,hank', 'littlefield,gearen', 'nikolovski,drew']",363
168,2872,Hendrix,Rhodes,1,56-54,"28,26","34,22",4-4,4-3,0-1,1-0,12/04/13,8 p.m.,N/A,"Conway, Ark. (Grove Gymnasium)",Lose,2,False,385,False,06:03,"GOOD FT by HOECK,RYAN VAN",22 ,,20,,RHODESMB 22-20 (+2),,"GOOD FT by HOECK,RYAN VAN",1,free throw,good,rhodes,"hoeck,ryan van",1,"['van,ryan', 'collins,luke', 'lowrie,andrew', 'hoeck,ryan van', 'wagner,matt']","['barrett,jordan', 'roland,will', 'aldous,hank', 'littlefield,gearen', 'nikolovski,drew']",363
169,2872,Hendrix,Rhodes,1,56-54,"28,26","34,22",4-4,4-3,0-1,1-0,12/04/13,8 p.m.,N/A,"Conway, Ark. (Grove Gymnasium)",Lose,2,False,385,False,06:03,"MISS FT by HOECK,RYAN VAN",22 ,,20,,,,"MISS FT by HOECK,RYAN VAN",1,free throw,missed,rhodes,"hoeck,ryan van",,"['van,ryan', 'collins,luke', 'lowrie,andrew', 'hoeck,ryan van', 'wagner,matt']","['barrett,jordan', 'roland,will', 'aldous,hank', 'littlefield,gearen', 'nikolovski,drew']",363
170,2872,Hendrix,Rhodes,1,56-54,"28,26","34,22",4-4,4-3,0-1,1-0,12/04/13,8 p.m.,N/A,"Conway, Ark. (Grove Gymnasium)",Lose,2,False,385,False,--,,22 ,,20,"REBOUND DEF by ROLAND,WILL",,,"REBOUND DEF by ROLAND,WILL",1,defensive rebound,,hendrix,"roland,will",,"['van,ryan', 'collins,luke', 'lowrie,andrew', 'hoeck,ryan van', 'wagner,matt']","['barrett,jordan', 'roland,will', 'aldous,hank', 'littlefield,gearen', 'nikolovski,drew']",
171,2872,Hendrix,Rhodes,1,56-54,"28,26","34,22",4-4,4-3,0-1,1-0,12/04/13,8 p.m.,N/A,"Conway, Ark. (Grove Gymnasium)",Lose,2,False,385,False,05:51,,22,,22,"GOOD LAYUP by BARRETT,JORDAN(in the paint)",HC 22-22 (0),,"GOOD LAYUP by BARRETT,JORDAN(in the paint)",1,layup,good,hendrix,"barrett,jordan",2,"['van,ryan', 'collins,luke', 'lowrie,andrew', 'hoeck,ryan van', 'wagner,matt']","['barrett,jordan', 'roland,will', 'aldous,hank', 'littlefield,gearen', 'nikolovski,drew']",351
172,2872,Hendrix,Rhodes,1,56-54,"28,26","34,22",4-4,4-3,0-1,1-0,12/04/13,8 p.m.,N/A,"Conway, Ark. (Grove Gymnasium)",Lose,2,False,385,False,05:51,"FOUL  by LOWRIE,ANDREW",22,,22,,,,"FOUL  by LOWRIE,ANDREW",1,foul,,rhodes,"lowrie,andrew",,"['van,ryan', 'collins,luke', 'lowrie,andrew', 'hoeck,ryan van', 'wagner,matt']","['barrett,jordan', 'roland,will', 'aldous,hank', 'littlefield,gearen', 'nikolovski,drew']",351
173,2872,Hendrix,Rhodes,1,56-54,"28,26","34,22",4-4,4-3,0-1,1-0,12/04/13,8 p.m.,N/A,"Conway, Ark. (Grove Gymnasium)",Lose,2,False,385,False,05:51,,22,,22,"MISS FT by BARRETT,JORDAN",,,"MISS FT by BARRETT,JORDAN",1,free throw,missed,hendrix,"barrett,jordan",,"['van,ryan', 'collins,luke', 'lowrie,andrew', 'hoeck,ryan van', 'wagner,matt']","['barrett,jordan', 'roland,will', 'aldous,hank', 'littlefield,gearen', 'nikolovski,drew']",351
174,2872,Hendrix,Rhodes,1,56-54,"28,26","34,22",4-4,4-3,0-1,1-0,12/04/13,8 p.m.,N/A,"Conway, Ark. (Grove Gymnasium)",Lose,2,False,385,False,--,"REBOUND DEF by WAGNER,MATT",22,,22,,,,"REBOUND DEF by WAGNER,MATT",1,defensive rebound,,rhodes,"wagner,matt",,"['van,ryan', 'collins,luke', 'lowrie,andrew', 'hoeck,ryan van', 'wagner,matt']","['barrett,jordan', 'roland,will', 'aldous,hank', 'littlefield,gearen', 'nikolovski,drew']",
175,2872,Hendrix,Rhodes,1,56-54,"28,26","34,22",4-4,4-3,0-1,1-0,12/04/13,8 p.m.,N/A,"Conway, Ark. (Grove Gymnasium)",Lose,2,False,385,False,05:39,"SUB IN by MILLER,DREW",22,,22,,,,"SUB IN by MILLER,DREW",1,subbing in,,rhodes,"miller,drew",,"['van,ryan', 'collins,luke', 'lowrie,andrew', 'hoeck,ryan van', 'wagner,matt', 'miller,drew']","['barrett,jordan', 'roland,will', 'aldous,hank', 'littlefield,gearen', 'nikolovski,drew']",339
176,2872,Hendrix,Rhodes,1,56-54,"28,26","34,22",4-4,4-3,0-1,1-0,12/04/13,8 p.m.,N/A,"Conway, Ark. (Grove Gymnasium)",Lose,2,False,385,False,05:39,"SUB OUT by LOWRIE,ANDREW",22,,22,,,,"SUB OUT by LOWRIE,ANDREW",1,subbing out,,rhodes,"lowrie,andrew",,"['van,ryan', 'collins,luke', 'hoeck,ryan van', 'wagner,matt', 'miller,drew']","['barrett,jordan', 'roland,will', 'aldous,hank', 'littlefield,gearen', 'nikolovski,drew']",339
177,2872,Hendrix,Rhodes,1,56-54,"28,26","34,22",4-4,4-3,0-1,1-0,12/04/13,8 p.m.,N/A,"Conway, Ark. (Grove Gymnasium)",Lose,2,False,385,False,05:29,"TURNOVER  by MILLER,DREW",22,,22,,,,"TURNOVER  by MILLER,DREW",1,turnover,,rhodes,"miller,drew",,"['van,ryan', 'collins,luke', 'hoeck,ryan van', 'wagner,matt', 'miller,drew']","['barrett,jordan', 'roland,will', 'aldous,hank', 'littlefield,gearen', 'nikolovski,drew']",329
178,2872,Hendrix,Rhodes,1,56-54,"28,26","34,22",4-4,4-3,0-1,1-0,12/04/13,8 p.m.,N/A,"Conway, Ark. (Grove Gymnasium)",Lose,2,False,385,False,05:29,"FOUL  by MILLER,DREW",22,,22,,,,"FOUL  by MILLER,DREW",1,foul,,rhodes,"miller,drew",,"['van,ryan', 'collins,luke', 'hoeck,ryan van', 'wagner,matt', 'miller,drew']","['barrett,jordan', 'roland,will', 'aldous,hank', 'littlefield,gearen', 'nikolovski,drew']",329
179,2872,Hendrix,Rhodes,1,56-54,"28,26","34,22",4-4,4-3,0-1,1-0,12/04/13,8 p.m.,N/A,"Conway, Ark. (Grove Gymnasium)",Lose,2,False,385,False,05:15,,22,,22,"MISS 3PTR by ROLAND,WILL",,,"MISS 3PTR by ROLAND,WILL",1,three pointer,missed,hendrix,"roland,will",,"['van,ryan', 'collins,luke', 'hoeck,ryan van', 'wagner,matt', 'miller,drew']","['barrett,jordan', 'roland,will', 'aldous,hank', 'littlefield,gearen', 'nikolovski,drew']",315
180,2872,Hendrix,Rhodes,1,56-54,"28,26","34,22",4-4,4-3,0-1,1-0,12/04/13,8 p.m.,N/A,"Conway, Ark. (Grove Gymnasium)",Lose,2,False,385,False,--,,22,,22,"REBOUND OFF by ALDOUS,HANK",,,"REBOUND OFF by ALDOUS,HANK",1,offensive rebound,,hendrix,"aldous,hank",,"['van,ryan', 'collins,luke', 'hoeck,ryan van', 'wagner,matt', 'miller,drew']","['barrett,jordan', 'roland,will', 'aldous,hank', 'littlefield,gearen', 'nikolovski,drew']",
181,2872,Hendrix,Rhodes,1,56-54,"28,26","34,22",4-4,4-3,0-1,1-0,12/04/13,8 p.m.,N/A,"Conway, Ark. (Grove Gymnasium)",Lose,2,False,385,False,05:06,,22,,22,"MISS JUMPER by ROLAND,WILL",,,"MISS JUMPER by ROLAND,WILL",1,jumper,missed,hendrix,"roland,will",,"['van,ryan', 'collins,luke', 'hoeck,ryan van', 'wagner,matt', 'miller,drew']","['barrett,jordan', 'roland,will', 'aldous,hank', 'littlefield,gearen', 'nikolovski,drew']",306
182,2872,Hendrix,Rhodes,1,56-54,"28,26","34,22",4-4,4-3,0-1,1-0,12/04/13,8 p.m.,N/A,"Conway, Ark. (Grove Gymnasium)",Lose,2,False,385,False,--,"REBOUND DEF by WAGNER,MATT",22,,22,,,,"REBOUND DEF by WAGNER,MATT",1,defensive rebound,,rhodes,"wagner,matt",,"['van,ryan', 'collins,luke', 'hoeck,ryan van', 'wagner,matt', 'miller,drew']","['barrett,jordan', 'roland,will', 'aldous,hank', 'littlefield,gearen', 'nikolovski,drew']",
183,2872,Hendrix,Rhodes,1,56-54,"28,26","34,22",4-4,4-3,0-1,1-0,12/04/13,8 p.m.,N/A,"Conway, Ark. (Grove Gymnasium)",Lose,2,False,385,False,05:03,,22,,22,"FOUL  by LITTLEFIELD,GEAREN",,,"FOUL  by LITTLEFIELD,GEAREN",1,foul,,hendrix,"littlefield,gearen",,"['van,ryan', 'collins,luke', 'hoeck,ryan van', 'wagner,matt', 'miller,drew']","['barrett,jordan', 'roland,will', 'aldous,hank', 'littlefield,gearen', 'nikolovski,drew']",303
184,2872,Hendrix,Rhodes,1,56-54,"28,26","34,22",4-4,4-3,0-1,1-0,12/04/13,8 p.m.,N/A,"Conway, Ark. (Grove Gymnasium)",Lose,2,False,385,False,05:03,"MISS FT by WAGNER,MATT",22,,22,,,,"MISS FT by WAGNER,MATT",1,free throw,missed,rhodes,"wagner,matt",,"['van,ryan', 'collins,luke', 'hoeck,ryan van', 'wagner,matt', 'miller,drew']","['barrett,jordan', 'roland,will', 'aldous,hank', 'littlefield,gearen', 'nikolovski,drew']",303
185,2872,Hendrix,Rhodes,1,56-54,"28,26","34,22",4-4,4-3,0-1,1-0,12/04/13,8 p.m.,N/A,"Conway, Ark. (Grove Gymnasium)",Lose,2,False,385,False,--,,22,,22,"REBOUND DEF by MENDENALL,HAYLEE",,,"REBOUND DEF by MENDENALL,HAYLEE",1,defensive rebound,,hendrix,"mendenall,haylee",,"['van,ryan', 'collins,luke', 'hoeck,ryan van', 'wagner,matt', 'miller,drew']","['barrett,jordan', 'roland,will', 'aldous,hank', 'littlefield,gearen', 'nikolovski,drew']",
186,2872,Hendrix,Rhodes,1,56-54,"28,26","34,22",4-4,4-3,0-1,1-0,12/04/13,8 p.m.,N/A,"Conway, Ark. (Grove Gymnasium)",Lose,2,False,385,False,05:03,,22,,22,"SUB IN by MENDENALL,HAYLEE",,,"SUB IN by MENDENALL,HAYLEE",1,subbing in,,hendrix,"mendenall,haylee",,"['van,ryan', 'collins,luke', 'hoeck,ryan van', 'wagner,matt', 'miller,drew']","['barrett,jordan', 'roland,will', 'aldous,hank', 'littlefield,gearen', 'nikolovski,drew', 'mendenall,haylee']",303
187,2872,Hendrix,Rhodes,1,56-54,"28,26","34,22",4-4,4-3,0-1,1-0,12/04/13,8 p.m.,N/A,"Conway, Ark. (Grove Gymnasium)",Lose,2,False,385,False,05:03,,22,,22,"SUB OUT by LITTLEFIELD,GEAREN",,,"SUB OUT by LITTLEFIELD,GEAREN",1,subbing out,,hendrix,"littlefield,gearen",,"['van,ryan', 'collins,luke', 'hoeck,ryan van', 'wagner,matt', 'miller,drew']","['barrett,jordan', 'roland,will', 'aldous,hank', 'nikolovski,drew', 'mendenall,haylee']",303
188,2872,Hendrix,Rhodes,1,56-54,"28,26","34,22",4-4,4-3,0-1,1-0,12/04/13,8 p.m.,N/A,"Conway, Ark. (Grove Gymnasium)",Lose,2,False,385,False,04:51,,22,,22,"MISS JUMPER by BARRETT,JORDAN",,,"MISS JUMPER by BARRETT,JORDAN",1,jumper,missed,hendrix,"barrett,jordan",,"['van,ryan', 'collins,luke', 'hoeck,ryan van', 'wagner,matt', 'miller,drew']","['barrett,jordan', 'roland,will', 'aldous,hank', 'nikolovski,drew', 'mendenall,haylee']",291
189,2872,Hendrix,Rhodes,1,56-54,"28,26","34,22",4-4,4-3,0-1,1-0,12/04/13,8 p.m.,N/A,"Conway, Ark. (Grove Gymnasium)",Lose,2,False,385,False,--,"REBOUND DEF by COLLINS,LUKE",22,,22,,,,"REBOUND DEF by COLLINS,LUKE",1,defensive rebound,,rhodes,"collins,luke",,"['van,ryan', 'collins,luke', 'hoeck,ryan van', 'wagner,matt', 'miller,drew']","['barrett,jordan', 'roland,will', 'aldous,hank', 'nikolovski,drew', 'mendenall,haylee']",
190,2872,Hendrix,Rhodes,1,56-54,"28,26","34,22",4-4,4-3,0-1,1-0,12/04/13,8 p.m.,N/A,"Conway, Ark. (Grove Gymnasium)",Lose,2,False,385,False,04:31,"GOOD JUMPER by MILLER,DREW(in the paint)",24 ,,22,,RHODESMB 24-22 (+2),,"GOOD JUMPER by MILLER,DREW(in the paint)",1,jumper,good,rhodes,"miller,drew",2,"['van,ryan', 'collins,luke', 'hoeck,ryan van', 'wagner,matt', 'miller,drew']","['barrett,jordan', 'roland,will', 'aldous,hank', 'nikolovski,drew', 'mendenall,haylee']",271
191,2872,Hendrix,Rhodes,1,56-54,"28,26","34,22",4-4,4-3,0-1,1-0,12/04/13,8 p.m.,N/A,"Conway, Ark. (Grove Gymnasium)",Lose,2,False,385,False,04:20,,24 ,,22,"TURNOVER  by ALDOUS,HANK",,,"TURNOVER  by ALDOUS,HANK",1,turnover,,hendrix,"aldous,hank",,"['van,ryan', 'collins,luke', 'hoeck,ryan van', 'wagner,matt', 'miller,drew']","['barrett,jordan', 'roland,will', 'aldous,hank', 'nikolovski,drew', 'mendenall,haylee']",260
192,2872,Hendrix,Rhodes,1,56-54,"28,26","34,22",4-4,4-3,0-1,1-0,12/04/13,8 p.m.,N/A,"Conway, Ark. (Grove Gymnasium)",Lose,2,False,385,False,04:18,"STEAL  by COLLINS,LUKE",24 ,,22,,,,"STEAL  by COLLINS,LUKE",1,steal,,rhodes,,,"['van,ryan', 'collins,luke', 'hoeck,ryan van', 'wagner,matt', 'miller,drew']","['barrett,jordan', 'roland,will', 'aldous,hank', 'nikolovski,drew', 'mendenall,haylee']",258
193,2872,Hendrix,Rhodes,1,56-54,"28,26","34,22",4-4,4-3,0-1,1-0,12/04/13,8 p.m.,N/A,"Conway, Ark. (Grove Gymnasium)",Lose,2,False,385,False,04:11,"MISS LAYUP by MILLER,DREW",24 ,,22,,,,"MISS LAYUP by MILLER,DREW",1,layup,missed,rhodes,"miller,drew",,"['van,ryan', 'collins,luke', 'hoeck,ryan van', 'wagner,matt', 'miller,drew']","['barrett,jordan', 'roland,will', 'aldous,hank', 'nikolovski,drew', 'mendenall,haylee']",251
194,2872,Hendrix,Rhodes,1,56-54,"28,26","34,22",4-4,4-3,0-1,1-0,12/04/13,8 p.m.,N/A,"Conway, Ark. (Grove Gymnasium)",Lose,2,False,385,False,--,"REBOUND OFF by MILLER,DREW",24 ,,22,,,,"REBOUND OFF by MILLER,DREW",1,offensive rebound,,rhodes,"miller,drew",,"['van,ryan', 'collins,luke', 'hoeck,ryan van', 'wagner,matt', 'miller,drew']","['barrett,jordan', 'roland,will', 'aldous,hank', 'nikolovski,drew', 'mendenall,haylee']",
195,2872,Hendrix,Rhodes,1,56-54,"28,26","34,22",4-4,4-3,0-1,1-0,12/04/13,8 p.m.,N/A,"Conway, Ark. (Grove Gymnasium)",Lose,2,False,385,False,04:08,"GOOD LAYUP by MILLER,DREW(in the paint)",26 ,,22,,RHODESMB 26-22 (+4),,"GOOD LAYUP by MILLER,DREW(in the paint)",1,layup,good,rhodes,"miller,drew",2,"['van,ryan', 'collins,luke', 'hoeck,ryan van', 'wagner,matt', 'miller,drew']","['barrett,jordan', 'roland,will', 'aldous,hank', 'nikolovski,drew', 'mendenall,haylee']",248
196,2872,Hendrix,Rhodes,1,56-54,"28,26","34,22",4-4,4-3,0-1,1-0,12/04/13,8 p.m.,N/A,"Conway, Ark. (Grove Gymnasium)",Lose,2,False,385,False,04:08,,26 ,,22,"FOUL  by MENDENALL,HAYLEE",,,"FOUL  by MENDENALL,HAYLEE",1,foul,,hendrix,"mendenall,haylee",,"['van,ryan', 'collins,luke', 'hoeck,ryan van', 'wagner,matt', 'miller,drew']","['barrett,jordan', 'roland,will', 'aldous,hank', 'nikolovski,drew', 'mendenall,haylee']",248
197,2872,Hendrix,Rhodes,1,56-54,"28,26","34,22",4-4,4-3,0-1,1-0,12/04/13,8 p.m.,N/A,"Conway, Ark. (Grove Gymnasium)",Lose,2,False,385,False,04:08,"GOOD FT by MILLER,DREW",27 ,,22,,RHODESMB 27-22 (+5),,"GOOD FT by MILLER,DREW",1,free throw,good,rhodes,"miller,drew",1,"['van,ryan', 'collins,luke', 'hoeck,ryan van', 'wagner,matt', 'miller,drew']","['barrett,jordan', 'roland,will', 'aldous,hank', 'nikolovski,drew', 'mendenall,haylee']",248
198,2872,Hendrix,Rhodes,1,56-54,"28,26","34,22",4-4,4-3,0-1,1-0,12/04/13,8 p.m.,N/A,"Conway, Ark. (Grove Gymnasium)",Lose,2,False,385,False,04:08,,27 ,,22,"SUB IN by TAULTON,JORDAN",,,"SUB IN by TAULTON,JORDAN",1,subbing in,,hendrix,"taulton,jordan",,"['van,ryan', 'collins,luke', 'hoeck,ryan van', 'wagner,matt', 'miller,drew']","['barrett,jordan', 'roland,will', 'aldous,hank', 'nikolovski,drew', 'mendenall,haylee', 'taulton,jordan']",248
199,2872,Hendrix,Rhodes,1,56-54,"28,26","34,22",4-4,4-3,0-1,1-0,12/04/13,8 p.m.,N/A,"Conway, Ark. (Grove Gymnasium)",Lose,2,False,385,False,04:08,,27 ,,22,"SUB IN by MCNEILL,KAITLIN",,,"SUB IN by MCNEILL,KAITLIN",1,subbing in,,hendrix,"mcneill,kaitlin",,"['van,ryan', 'collins,luke', 'hoeck,ryan van', 'wagner,matt', 'miller,drew']","['barrett,jordan', 'roland,will', 'aldous,hank', 'nikolovski,drew', 'mendenall,haylee', 'taulton,jordan', 'mcneill,kaitlin']",248
200,2872,Hendrix,Rhodes,1,56-54,"28,26","34,22",4-4,4-3,0-1,1-0,12/04/13,8 p.m.,N/A,"Conway, Ark. (Grove Gymnasium)",Lose,2,False,385,False,04:08,,27 ,,22,"SUB IN by TATE,JAMIE",,,"SUB IN by TATE,JAMIE",1,subbing in,,hendrix,"tate,jamie",,"['van,ryan', 'collins,luke', 'hoeck,ryan van', 'wagner,matt', 'miller,drew']","['barrett,jordan', 'roland,will', 'aldous,hank', 'nikolovski,drew', 'mendenall,haylee', 'taulton,jordan', 'mcneill,kaitlin', 'tate,jamie']",248
201,2872,Hendrix,Rhodes,1,56-54,"28,26","34,22",4-4,4-3,0-1,1-0,12/04/13,8 p.m.,N/A,"Conway, Ark. (Grove Gymnasium)",Lose,2,False,385,False,04:08,,27 ,,22,"SUB OUT by BARRETT,JORDAN",,,"SUB OUT by BARRETT,JORDAN",1,subbing out,,hendrix,"barrett,jordan",,"['van,ryan', 'collins,luke', 'hoeck,ryan van', 'wagner,matt', 'miller,drew']","['roland,will', 'aldous,hank', 'nikolovski,drew', 'mendenall,haylee', 'taulton,jordan', 'mcneill,kaitlin', 'tate,jamie']",248
202,2872,Hendrix,Rhodes,1,56-54,"28,26","34,22",4-4,4-3,0-1,1-0,12/04/13,8 p.m.,N/A,"Conway, Ark. (Grove Gymnasium)",Lose,2,False,385,False,04:08,,27 ,,22,"SUB OUT by ROLAND,WILL",,,"SUB OUT by ROLAND,WILL",1,subbing out,,hendrix,"roland,will",,"['van,ryan', 'collins,luke', 'hoeck,ryan van', 'wagner,matt', 'miller,drew']","['aldous,hank', 'nikolovski,drew', 'mendenall,haylee', 'taulton,jordan', 'mcneill,kaitlin', 'tate,jamie']",248
203,2872,Hendrix,Rhodes,1,56-54,"28,26","34,22",4-4,4-3,0-1,1-0,12/04/13,8 p.m.,N/A,"Conway, Ark. (Grove Gymnasium)",Lose,2,False,385,False,04:08,,27 ,,22,"SUB OUT by NIKOLOVSKI,DREW",,,"SUB OUT by NIKOLOVSKI,DREW",1,subbing out,,hendrix,"nikolovski,drew",,"['van,ryan', 'collins,luke', 'hoeck,ryan van', 'wagner,matt', 'miller,drew']","['aldous,hank', 'mendenall,haylee', 'taulton,jordan', 'mcneill,kaitlin', 'tate,jamie']",248
204,2872,Hendrix,Rhodes,1,56-54,"28,26","34,22",4-4,4-3,0-1,1-0,12/04/13,8 p.m.,N/A,"Conway, Ark. (Grove Gymnasium)",Lose,2,False,385,False,03:52,"FOUL  by DUNAVANT,JOHNNY",27 ,,22,,,,"FOUL  by DUNAVANT,JOHNNY",1,foul,,rhodes,"dunavant,johnny",,"['van,ryan', 'collins,luke', 'hoeck,ryan van', 'wagner,matt', 'miller,drew']","['aldous,hank', 'mendenall,haylee', 'taulton,jordan', 'mcneill,kaitlin', 'tate,jamie']",232
205,2872,Hendrix,Rhodes,1,56-54,"28,26","34,22",4-4,4-3,0-1,1-0,12/04/13,8 p.m.,N/A,"Conway, Ark. (Grove Gymnasium)",Lose,2,False,385,False,03:52,,27 ,,23,"GOOD FT by MENDENALL,HAYLEE",HC 27-23 (+4),,"GOOD FT by MENDENALL,HAYLEE",1,free throw,good,hendrix,"mendenall,haylee",1,"['van,ryan', 'collins,luke', 'hoeck,ryan van', 'wagner,matt', 'miller,drew']","['aldous,hank', 'mendenall,haylee', 'taulton,jordan', 'mcneill,kaitlin', 'tate,jamie']",232
206,2872,Hendrix,Rhodes,1,56-54,"28,26","34,22",4-4,4-3,0-1,1-0,12/04/13,8 p.m.,N/A,"Conway, Ark. (Grove Gymnasium)",Lose,2,False,385,False,03:52,,27 ,,23,"MISS FT by MENDENALL,HAYLEE",,,"MISS FT by MENDENALL,HAYLEE",1,free throw,missed,hendrix,"mendenall,haylee",,"['van,ryan', 'collins,luke', 'hoeck,ryan van', 'wagner,matt', 'miller,drew']","['aldous,hank', 'mendenall,haylee', 'taulton,jordan', 'mcneill,kaitlin', 'tate,jamie']",232
207,2872,Hendrix,Rhodes,1,56-54,"28,26","34,22",4-4,4-3,0-1,1-0,12/04/13,8 p.m.,N/A,"Conway, Ark. (Grove Gymnasium)",Lose,2,False,385,False,--,"REBOUND DEF by WAGNER,MATT",27 ,,23,,,,"REBOUND DEF by WAGNER,MATT",1,defensive rebound,,rhodes,"wagner,matt",,"['van,ryan', 'collins,luke', 'hoeck,ryan van', 'wagner,matt', 'miller,drew']","['aldous,hank', 'mendenall,haylee', 'taulton,jordan', 'mcneill,kaitlin', 'tate,jamie']",
208,2872,Hendrix,Rhodes,1,56-54,"28,26","34,22",4-4,4-3,0-1,1-0,12/04/13,8 p.m.,N/A,"Conway, Ark. (Grove Gymnasium)",Lose,2,False,385,False,03:35,"MISS JUMPER by DUNAVANT,JOHNNY",27 ,,23,,,,"MISS JUMPER by DUNAVANT,JOHNNY",1,jumper,missed,rhodes,"dunavant,johnny",,"['van,ryan', 'collins,luke', 'hoeck,ryan van', 'wagner,matt', 'miller,drew']","['aldous,hank', 'mendenall,haylee', 'taulton,jordan', 'mcneill,kaitlin', 'tate,jamie']",215
209,2872,Hendrix,Rhodes,1,56-54,"28,26","34,22",4-4,4-3,0-1,1-0,12/04/13,8 p.m.,N/A,"Conway, Ark. (Grove Gymnasium)",Lose,2,False,385,False,--,"REBOUND OFF by DUNAVANT,JOHNNY",27 ,,23,,,,"REBOUND OFF by DUNAVANT,JOHNNY",1,offensive rebound,,rhodes,"dunavant,johnny",,"['van,ryan', 'collins,luke', 'hoeck,ryan van', 'wagner,matt', 'miller,drew']","['aldous,hank', 'mendenall,haylee', 'taulton,jordan', 'mcneill,kaitlin', 'tate,jamie']",
210,2872,Hendrix,Rhodes,1,56-54,"28,26","34,22",4-4,4-3,0-1,1-0,12/04/13,8 p.m.,N/A,"Conway, Ark. (Grove Gymnasium)",Lose,2,False,385,False,03:29,"GOOD LAYUP by DUNAVANT,JOHNNY(in the paint)",29 ,,23,,RHODESMB 29-23 (+6),,"GOOD LAYUP by DUNAVANT,JOHNNY(in the paint)",1,layup,good,rhodes,"dunavant,johnny",2,"['van,ryan', 'collins,luke', 'hoeck,ryan van', 'wagner,matt', 'miller,drew']","['aldous,hank', 'mendenall,haylee', 'taulton,jordan', 'mcneill,kaitlin', 'tate,jamie']",209
211,2872,Hendrix,Rhodes,1,56-54,"28,26","34,22",4-4,4-3,0-1,1-0,12/04/13,8 p.m.,N/A,"Conway, Ark. (Grove Gymnasium)",Lose,2,False,385,False,03:16,,29 ,,26,"GOOD 3PTR by ALDOUS,HANK",HC 29-26 (+3),,"GOOD 3PTR by ALDOUS,HANK",1,three pointer,good,hendrix,"aldous,hank",3,"['van,ryan', 'collins,luke', 'hoeck,ryan van', 'wagner,matt', 'miller,drew']","['aldous,hank', 'mendenall,haylee', 'taulton,jordan', 'mcneill,kaitlin', 'tate,jamie']",196
212,2872,Hendrix,Rhodes,1,56-54,"28,26","34,22",4-4,4-3,0-1,1-0,12/04/13,8 p.m.,N/A,"Conway, Ark. (Grove Gymnasium)",Lose,2,False,385,False,--,,29 ,,26,"ASSIST  by MCNEILL,KAITLIN",,,"ASSIST  by MCNEILL,KAITLIN",1,assist,,hendrix,"mcneill,kaitlin",,"['van,ryan', 'collins,luke', 'hoeck,ryan van', 'wagner,matt', 'miller,drew']","['aldous,hank', 'mendenall,haylee', 'taulton,jordan', 'mcneill,kaitlin', 'tate,jamie']",
213,2872,Hendrix,Rhodes,1,56-54,"28,26","34,22",4-4,4-3,0-1,1-0,12/04/13,8 p.m.,N/A,"Conway, Ark. (Grove Gymnasium)",Lose,2,False,385,False,02:56,,29 ,,26,"FOUL  by TAULTON,JORDAN",,,"FOUL  by TAULTON,JORDAN",1,foul,,hendrix,"taulton,jordan",,"['van,ryan', 'collins,luke', 'hoeck,ryan van', 'wagner,matt', 'miller,drew']","['aldous,hank', 'mendenall,haylee', 'taulton,jordan', 'mcneill,kaitlin', 'tate,jamie']",176
214,2872,Hendrix,Rhodes,1,56-54,"28,26","34,22",4-4,4-3,0-1,1-0,12/04/13,8 p.m.,N/A,"Conway, Ark. (Grove Gymnasium)",Lose,2,False,385,False,02:56,"MISS FT by COLLINS,LUKE",29 ,,26,,,,"MISS FT by COLLINS,LUKE",1,free throw,missed,rhodes,"collins,luke",,"['van,ryan', 'collins,luke', 'hoeck,ryan van', 'wagner,matt', 'miller,drew']","['aldous,hank', 'mendenall,haylee', 'taulton,jordan', 'mcneill,kaitlin', 'tate,jamie']",176
215,2872,Hendrix,Rhodes,1,56-54,"28,26","34,22",4-4,4-3,0-1,1-0,12/04/13,8 p.m.,N/A,"Conway, Ark. (Grove Gymnasium)",Lose,2,False,385,False,--,REBOUND DEADB by TEAM,29 ,,26,,,,REBOUND DEADB by TEAM,1,deadball rebound,,rhodes,,,"['van,ryan', 'collins,luke', 'hoeck,ryan van', 'wagner,matt', 'miller,drew']","['aldous,hank', 'mendenall,haylee', 'taulton,jordan', 'mcneill,kaitlin', 'tate,jamie']",
216,2872,Hendrix,Rhodes,1,56-54,"28,26","34,22",4-4,4-3,0-1,1-0,12/04/13,8 p.m.,N/A,"Conway, Ark. (Grove Gymnasium)",Lose,2,False,385,False,02:56,"GOOD FT by COLLINS,LUKE",30 ,,26,,RHODESMB 30-26 (+4),,"GOOD FT by COLLINS,LUKE",1,free throw,good,rhodes,"collins,luke",1,"['van,ryan', 'collins,luke', 'hoeck,ryan van', 'wagner,matt', 'miller,drew']","['aldous,hank', 'mendenall,haylee', 'taulton,jordan', 'mcneill,kaitlin', 'tate,jamie']",176
217,2872,Hendrix,Rhodes,1,56-54,"28,26","34,22",4-4,4-3,0-1,1-0,12/04/13,8 p.m.,N/A,"Conway, Ark. (Grove Gymnasium)",Lose,2,False,385,False,02:56,"SUB IN by WATSON,SHANE",30 ,,26,,,,"SUB IN by WATSON,SHANE",1,subbing in,,rhodes,"watson,shane",,"['van,ryan', 'collins,luke', 'hoeck,ryan van', 'wagner,matt', 'miller,drew', 'watson,shane']","['aldous,hank', 'mendenall,haylee', 'taulton,jordan', 'mcneill,kaitlin', 'tate,jamie']",176
218,2872,Hendrix,Rhodes,1,56-54,"28,26","34,22",4-4,4-3,0-1,1-0,12/04/13,8 p.m.,N/A,"Conway, Ark. (Grove Gymnasium)",Lose,2,False,385,False,02:56,"SUB OUT by HOECK,RYAN VAN",30 ,,26,,,,"SUB OUT by HOECK,RYAN VAN",1,subbing out,,rhodes,"hoeck,ryan van",,"['van,ryan', 'collins,luke', 'wagner,matt', 'miller,drew', 'watson,shane']","['aldous,hank', 'mendenall,haylee', 'taulton,jordan', 'mcneill,kaitlin', 'tate,jamie']",176
219,2872,Hendrix,Rhodes,1,56-54,"28,26","34,22",4-4,4-3,0-1,1-0,12/04/13,8 p.m.,N/A,"Conway, Ark. (Grove Gymnasium)",Lose,2,False,385,False,02:56,,30 ,,26,"SUB IN by ROLAND,WILL",,,"SUB IN by ROLAND,WILL",1,subbing in,,hendrix,"roland,will",,"['van,ryan', 'collins,luke', 'wagner,matt', 'miller,drew', 'watson,shane']","['aldous,hank', 'mendenall,haylee', 'taulton,jordan', 'mcneill,kaitlin', 'tate,jamie', 'roland,will']",176
220,2872,Hendrix,Rhodes,1,56-54,"28,26","34,22",4-4,4-3,0-1,1-0,12/04/13,8 p.m.,N/A,"Conway, Ark. (Grove Gymnasium)",Lose,2,False,385,False,02:56,,30 ,,26,"SUB IN by NIKOLOVSKI,DREW",,,"SUB IN by NIKOLOVSKI,DREW",1,subbing in,,hendrix,"nikolovski,drew",,"['van,ryan', 'collins,luke', 'wagner,matt', 'miller,drew', 'watson,shane']","['aldous,hank', 'mendenall,haylee', 'taulton,jordan', 'mcneill,kaitlin', 'tate,jamie', 'roland,will', 'nikolovski,drew']",176
221,2872,Hendrix,Rhodes,1,56-54,"28,26","34,22",4-4,4-3,0-1,1-0,12/04/13,8 p.m.,N/A,"Conway, Ark. (Grove Gymnasium)",Lose,2,False,385,False,02:56,,30 ,,26,"SUB OUT by TAULTON,JORDAN",,,"SUB OUT by TAULTON,JORDAN",1,subbing out,,hendrix,"taulton,jordan",,"['van,ryan', 'collins,luke', 'wagner,matt', 'miller,drew', 'watson,shane']","['aldous,hank', 'mendenall,haylee', 'mcneill,kaitlin', 'tate,jamie', 'roland,will', 'nikolovski,drew']",176
222,2872,Hendrix,Rhodes,1,56-54,"28,26","34,22",4-4,4-3,0-1,1-0,12/04/13,8 p.m.,N/A,"Conway, Ark. (Grove Gymnasium)",Lose,2,False,385,False,02:56,,30 ,,26,"SUB OUT by MENDENALL,HAYLEE",,,"SUB OUT by MENDENALL,HAYLEE",1,subbing out,,hendrix,"mendenall,haylee",,"['van,ryan', 'collins,luke', 'wagner,matt', 'miller,drew', 'watson,shane']","['aldous,hank', 'mcneill,kaitlin', 'tate,jamie', 'roland,will', 'nikolovski,drew']",176
223,2872,Hendrix,Rhodes,1,56-54,"28,26","34,22",4-4,4-3,0-1,1-0,12/04/13,8 p.m.,N/A,"Conway, Ark. (Grove Gymnasium)",Lose,2,False,385,False,02:28,"FOUL  by WAGNER,MATT",30 ,,26,,,,"FOUL  by WAGNER,MATT",1,foul,,rhodes,"wagner,matt",,"['van,ryan', 'collins,luke', 'wagner,matt', 'miller,drew', 'watson,shane']","['aldous,hank', 'mcneill,kaitlin', 'tate,jamie', 'roland,will', 'nikolovski,drew']",148
224,2872,Hendrix,Rhodes,1,56-54,"28,26","34,22",4-4,4-3,0-1,1-0,12/04/13,8 p.m.,N/A,"Conway, Ark. (Grove Gymnasium)",Lose,2,False,385,False,02:28,,30 ,,26,"MISS FT by ALDOUS,HANK",,,"MISS FT by ALDOUS,HANK",1,free throw,missed,hendrix,"aldous,hank",,"['van,ryan', 'collins,luke', 'wagner,matt', 'miller,drew', 'watson,shane']","['aldous,hank', 'mcneill,kaitlin', 'tate,jamie', 'roland,will', 'nikolovski,drew']",148
225,2872,Hendrix,Rhodes,1,56-54,"28,26","34,22",4-4,4-3,0-1,1-0,12/04/13,8 p.m.,N/A,"Conway, Ark. (Grove Gymnasium)",Lose,2,False,385,False,--,,30 ,,26,REBOUND DEADB by TEAM,,,REBOUND DEADB by TEAM,1,deadball rebound,,hendrix,,,"['van,ryan', 'collins,luke', 'wagner,matt', 'miller,drew', 'watson,shane']","['aldous,hank', 'mcneill,kaitlin', 'tate,jamie', 'roland,will', 'nikolovski,drew']",
226,2872,Hendrix,Rhodes,1,56-54,"28,26","34,22",4-4,4-3,0-1,1-0,12/04/13,8 p.m.,N/A,"Conway, Ark. (Grove Gymnasium)",Lose,2,False,385,False,02:28,,30 ,,26,"MISS FT by ALDOUS,HANK",,,"MISS FT by ALDOUS,HANK",1,free throw,missed,hendrix,"aldous,hank",,"['van,ryan', 'collins,luke', 'wagner,matt', 'miller,drew', 'watson,shane']","['aldous,hank', 'mcneill,kaitlin', 'tate,jamie', 'roland,will', 'nikolovski,drew']",148
227,2872,Hendrix,Rhodes,1,56-54,"28,26","34,22",4-4,4-3,0-1,1-0,12/04/13,8 p.m.,N/A,"Conway, Ark. (Grove Gymnasium)",Lose,2,False,385,False,--,"REBOUND DEF by DUNAVANT,JOHNNY",30 ,,26,,,,"REBOUND DEF by DUNAVANT,JOHNNY",1,defensive rebound,,rhodes,"dunavant,johnny",,"['van,ryan', 'collins,luke', 'wagner,matt', 'miller,drew', 'watson,shane']","['aldous,hank', 'mcneill,kaitlin', 'tate,jamie', 'roland,will', 'nikolovski,drew']",
228,2872,Hendrix,Rhodes,1,56-54,"28,26","34,22",4-4,4-3,0-1,1-0,12/04/13,8 p.m.,N/A,"Conway, Ark. (Grove Gymnasium)",Lose,2,False,385,False,02:28,"SUB IN by HOECK,RYAN VAN",30 ,,26,,,,"SUB IN by HOECK,RYAN VAN",1,subbing in,,rhodes,"hoeck,ryan van",,"['van,ryan', 'collins,luke', 'wagner,matt', 'miller,drew', 'watson,shane', 'hoeck,ryan van']","['aldous,hank', 'mcneill,kaitlin', 'tate,jamie', 'roland,will', 'nikolovski,drew']",148
229,2872,Hendrix,Rhodes,1,56-54,"28,26","34,22",4-4,4-3,0-1,1-0,12/04/13,8 p.m.,N/A,"Conway, Ark. (Grove Gymnasium)",Lose,2,False,385,False,02:28,"SUB OUT by WAGNER,MATT",30 ,,26,,,,"SUB OUT by WAGNER,MATT",1,subbing out,,rhodes,"wagner,matt",,"['van,ryan', 'collins,luke', 'miller,drew', 'watson,shane', 'hoeck,ryan van']","['aldous,hank', 'mcneill,kaitlin', 'tate,jamie', 'roland,will', 'nikolovski,drew']",148
230,2872,Hendrix,Rhodes,1,56-54,"28,26","34,22",4-4,4-3,0-1,1-0,12/04/13,8 p.m.,N/A,"Conway, Ark. (Grove Gymnasium)",Lose,2,False,385,False,02:19,"MISS LAYUP by COLLINS,LUKE",30 ,,26,,,,"MISS LAYUP by COLLINS,LUKE",1,layup,missed,rhodes,"collins,luke",,"['van,ryan', 'collins,luke', 'miller,drew', 'watson,shane', 'hoeck,ryan van']","['aldous,hank', 'mcneill,kaitlin', 'tate,jamie', 'roland,will', 'nikolovski,drew']",139
231,2872,Hendrix,Rhodes,1,56-54,"28,26","34,22",4-4,4-3,0-1,1-0,12/04/13,8 p.m.,N/A,"Conway, Ark. (Grove Gymnasium)",Lose,2,False,385,False,--,,30 ,,26,"REBOUND DEF by ROLAND,WILL",,,"REBOUND DEF by ROLAND,WILL",1,defensive rebound,,hendrix,"roland,will",,"['van,ryan', 'collins,luke', 'miller,drew', 'watson,shane', 'hoeck,ryan van']","['aldous,hank', 'mcneill,kaitlin', 'tate,jamie', 'roland,will', 'nikolovski,drew']",
232,2872,Hendrix,Rhodes,1,56-54,"28,26","34,22",4-4,4-3,0-1,1-0,12/04/13,8 p.m.,N/A,"Conway, Ark. (Grove Gymnasium)",Lose,2,False,385,False,02:03,,30 ,,26,"MISS JUMPER by ALDOUS,HANK",,,"MISS JUMPER by ALDOUS,HANK",1,jumper,missed,hendrix,"aldous,hank",,"['van,ryan', 'collins,luke', 'miller,drew', 'watson,shane', 'hoeck,ryan van']","['aldous,hank', 'mcneill,kaitlin', 'tate,jamie', 'roland,will', 'nikolovski,drew']",123
233,2872,Hendrix,Rhodes,1,56-54,"28,26","34,22",4-4,4-3,0-1,1-0,12/04/13,8 p.m.,N/A,"Conway, Ark. (Grove Gymnasium)",Lose,2,False,385,False,02:03,"BLOCK  by MILLER,DREW",30 ,,26,,,,"BLOCK  by MILLER,DREW",1,block,,rhodes,"miller,drew",,"['van,ryan', 'collins,luke', 'miller,drew', 'watson,shane', 'hoeck,ryan van']","['aldous,hank', 'mcneill,kaitlin', 'tate,jamie', 'roland,will', 'nikolovski,drew']",123
234,2872,Hendrix,Rhodes,1,56-54,"28,26","34,22",4-4,4-3,0-1,1-0,12/04/13,8 p.m.,N/A,"Conway, Ark. (Grove Gymnasium)",Lose,2,False,385,False,--,"REBOUND DEF by MILLER,DREW",30 ,,26,,,,"REBOUND DEF by MILLER,DREW",1,defensive rebound,,rhodes,"miller,drew",,"['van,ryan', 'collins,luke', 'miller,drew', 'watson,shane', 'hoeck,ryan van']","['aldous,hank', 'mcneill,kaitlin', 'tate,jamie', 'roland,will', 'nikolovski,drew']",
235,2872,Hendrix,Rhodes,1,56-54,"28,26","34,22",4-4,4-3,0-1,1-0,12/04/13,8 p.m.,N/A,"Conway, Ark. (Grove Gymnasium)",Lose,2,False,385,False,01:54,"GOOD LAYUP by WATSON,SHANE(fastbreak)(in the paint)",32 ,,26,,RHODESMB 32-26 (+6),,"GOOD LAYUP by WATSON,SHANE(fastbreak)(in the paint)",1,layup,good,rhodes,"watson,shane(fastbreak)",2,"['van,ryan', 'collins,luke', 'miller,drew', 'watson,shane', 'hoeck,ryan van']","['aldous,hank', 'mcneill,kaitlin', 'tate,jamie', 'roland,will', 'nikolovski,drew']",114
236,2872,Hendrix,Rhodes,1,56-54,"28,26","34,22",4-4,4-3,0-1,1-0,12/04/13,8 p.m.,N/A,"Conway, Ark. (Grove Gymnasium)",Lose,2,False,385,False,--,"ASSIST  by DUNAVANT,JOHNNY",32 ,,26,,,,"ASSIST  by DUNAVANT,JOHNNY",1,assist,,rhodes,"dunavant,johnny",,"['van,ryan', 'collins,luke', 'miller,drew', 'watson,shane', 'hoeck,ryan van']","['aldous,hank', 'mcneill,kaitlin', 'tate,jamie', 'roland,will', 'nikolovski,drew']",
237,2872,Hendrix,Rhodes,1,56-54,"28,26","34,22",4-4,4-3,0-1,1-0,12/04/13,8 p.m.,N/A,"Conway, Ark. (Grove Gymnasium)",Lose,2,False,385,False,01:35,,32 ,,26,"FOUL  by ROLAND,WILL",,,"FOUL  by ROLAND,WILL",1,foul,,hendrix,"roland,will",,"['van,ryan', 'collins,luke', 'miller,drew', 'watson,shane', 'hoeck,ryan van']","['aldous,hank', 'mcneill,kaitlin', 'tate,jamie', 'roland,will', 'nikolovski,drew']",95
238,2872,Hendrix,Rhodes,1,56-54,"28,26","34,22",4-4,4-3,0-1,1-0,12/04/13,8 p.m.,N/A,"Conway, Ark. (Grove Gymnasium)",Lose,2,False,385,False,01:35,,32 ,,26,"TURNOVER  by ROLAND,WILL",,,"TURNOVER  by ROLAND,WILL",1,turnover,,hendrix,"roland,will",,"['van,ryan', 'collins,luke', 'miller,drew', 'watson,shane', 'hoeck,ryan van']","['aldous,hank', 'mcneill,kaitlin', 'tate,jamie', 'roland,will', 'nikolovski,drew']",95
239,2872,Hendrix,Rhodes,1,56-54,"28,26","34,22",4-4,4-3,0-1,1-0,12/04/13,8 p.m.,N/A,"Conway, Ark. (Grove Gymnasium)",Lose,2,False,385,False,01:35,,32 ,,26,"SUB IN by BARRETT,JORDAN",,,"SUB IN by BARRETT,JORDAN",1,subbing in,,hendrix,"barrett,jordan",,"['van,ryan', 'collins,luke', 'miller,drew', 'watson,shane', 'hoeck,ryan van']","['aldous,hank', 'mcneill,kaitlin', 'tate,jamie', 'roland,will', 'nikolovski,drew', 'barrett,jordan']",95
240,2872,Hendrix,Rhodes,1,56-54,"28,26","34,22",4-4,4-3,0-1,1-0,12/04/13,8 p.m.,N/A,"Conway, Ark. (Grove Gymnasium)",Lose,2,False,385,False,01:35,,32 ,,26,"SUB OUT by ALDOUS,HANK",,,"SUB OUT by ALDOUS,HANK",1,subbing out,,hendrix,"aldous,hank",,"['van,ryan', 'collins,luke', 'miller,drew', 'watson,shane', 'hoeck,ryan van']","['mcneill,kaitlin', 'tate,jamie', 'roland,will', 'nikolovski,drew', 'barrett,jordan']",95
241,2872,Hendrix,Rhodes,1,56-54,"28,26","34,22",4-4,4-3,0-1,1-0,12/04/13,8 p.m.,N/A,"Conway, Ark. (Grove Gymnasium)",Lose,2,False,385,False,01:12,"MISS JUMPER by MILLER,DREW",32 ,,26,,,,"MISS JUMPER by MILLER,DREW",1,jumper,missed,rhodes,"miller,drew",,"['van,ryan', 'collins,luke', 'miller,drew', 'watson,shane', 'hoeck,ryan van']","['mcneill,kaitlin', 'tate,jamie', 'roland,will', 'nikolovski,drew', 'barrett,jordan']",72
242,2872,Hendrix,Rhodes,1,56-54,"28,26","34,22",4-4,4-3,0-1,1-0,12/04/13,8 p.m.,N/A,"Conway, Ark. (Grove Gymnasium)",Lose,2,False,385,False,--,,32 ,,26,"REBOUND DEF by NIKOLOVSKI,DREW",,,"REBOUND DEF by NIKOLOVSKI,DREW",1,defensive rebound,,hendrix,"nikolovski,drew",,"['van,ryan', 'collins,luke', 'miller,drew', 'watson,shane', 'hoeck,ryan van']","['mcneill,kaitlin', 'tate,jamie', 'roland,will', 'nikolovski,drew', 'barrett,jordan']",
243,2872,Hendrix,Rhodes,1,56-54,"28,26","34,22",4-4,4-3,0-1,1-0,12/04/13,8 p.m.,N/A,"Conway, Ark. (Grove Gymnasium)",Lose,2,False,385,False,01:00,"FOUL  by WATSON,SHANE",32 ,,26,,,,"FOUL  by WATSON,SHANE",1,foul,,rhodes,"watson,shane",,"['van,ryan', 'collins,luke', 'miller,drew', 'watson,shane', 'hoeck,ryan van']","['mcneill,kaitlin', 'tate,jamie', 'roland,will', 'nikolovski,drew', 'barrett,jordan']",60
244,2872,Hendrix,Rhodes,1,56-54,"28,26","34,22",4-4,4-3,0-1,1-0,12/04/13,8 p.m.,N/A,"Conway, Ark. (Grove Gymnasium)",Lose,2,False,385,False,01:00,,32 ,,27,"GOOD FT by MCNEILL,KAITLIN",HC 32-27 (+5),,"GOOD FT by MCNEILL,KAITLIN",1,free throw,good,hendrix,"mcneill,kaitlin",1,"['van,ryan', 'collins,luke', 'miller,drew', 'watson,shane', 'hoeck,ryan van']","['mcneill,kaitlin', 'tate,jamie', 'roland,will', 'nikolovski,drew', 'barrett,jordan']",60
245,2872,Hendrix,Rhodes,1,56-54,"28,26","34,22",4-4,4-3,0-1,1-0,12/04/13,8 p.m.,N/A,"Conway, Ark. (Grove Gymnasium)",Lose,2,False,385,False,01:00,,32 ,,28,"GOOD FT by MCNEILL,KAITLIN",HC 32-28 (+4),,"GOOD FT by MCNEILL,KAITLIN",1,free throw,good,hendrix,"mcneill,kaitlin",1,"['van,ryan', 'collins,luke', 'miller,drew', 'watson,shane', 'hoeck,ryan van']","['mcneill,kaitlin', 'tate,jamie', 'roland,will', 'nikolovski,drew', 'barrett,jordan']",60
246,2872,Hendrix,Rhodes,1,56-54,"28,26","34,22",4-4,4-3,0-1,1-0,12/04/13,8 p.m.,N/A,"Conway, Ark. (Grove Gymnasium)",Lose,2,False,385,False,00:49,"GOOD LAYUP by HOECK,RYAN VAN(in the paint)",34 ,,28,,RHODESMB 34-28 (+6),,"GOOD LAYUP by HOECK,RYAN VAN(in the paint)",1,layup,good,rhodes,"hoeck,ryan van",2,"['van,ryan', 'collins,luke', 'miller,drew', 'watson,shane', 'hoeck,ryan van']","['mcneill,kaitlin', 'tate,jamie', 'roland,will', 'nikolovski,drew', 'barrett,jordan']",49
247,2872,Hendrix,Rhodes,1,56-54,"28,26","34,22",4-4,4-3,0-1,1-0,12/04/13,8 p.m.,N/A,"Conway, Ark. (Grove Gymnasium)",Lose,2,False,385,False,--,"ASSIST  by MILLER,DREW",34 ,,28,,,,"ASSIST  by MILLER,DREW",1,assist,,rhodes,"miller,drew",,"['van,ryan', 'collins,luke', 'miller,drew', 'watson,shane', 'hoeck,ryan van']","['mcneill,kaitlin', 'tate,jamie', 'roland,will', 'nikolovski,drew', 'barrett,jordan']",
248,2872,Hendrix,Rhodes,1,56-54,"28,26","34,22",4-4,4-3,0-1,1-0,12/04/13,8 p.m.,N/A,"Conway, Ark. (Grove Gymnasium)",Lose,2,False,385,False,00:29,,34 ,,28,"TURNOVER  by TATE,JAMIE",,,"TURNOVER  by TATE,JAMIE",1,turnover,,hendrix,"tate,jamie",,"['van,ryan', 'collins,luke', 'miller,drew', 'watson,shane', 'hoeck,ryan van']","['mcneill,kaitlin', 'tate,jamie', 'roland,will', 'nikolovski,drew', 'barrett,jordan']",29
249,2872,Hendrix,Rhodes,1,56-54,"28,26","34,22",4-4,4-3,0-1,1-0,12/04/13,8 p.m.,N/A,"Conway, Ark. (Grove Gymnasium)",Lose,2,False,385,False,00:06,"MISS 3PTR by DUNAVANT,JOHNNY",34 ,,28,,,,"MISS 3PTR by DUNAVANT,JOHNNY",1,three pointer,missed,rhodes,"dunavant,johnny",,"['van,ryan', 'collins,luke', 'miller,drew', 'watson,shane', 'hoeck,ryan van']","['mcneill,kaitlin', 'tate,jamie', 'roland,will', 'nikolovski,drew', 'barrett,jordan']",6
250,2872,Hendrix,Rhodes,1,56-54,"28,26","34,22",4-4,4-3,0-1,1-0,12/04/13,8 p.m.,N/A,"Conway, Ark. (Grove Gymnasium)",Lose,2,False,385,False,--,REBOUND OFF by TEAM,34 ,,28,,,,REBOUND OFF by TEAM,1,offensive rebound,,rhodes,,,"['van,ryan', 'collins,luke', 'miller,drew', 'watson,shane', 'hoeck,ryan van']","['mcneill,kaitlin', 'tate,jamie', 'roland,will', 'nikolovski,drew', 'barrett,jordan']",
251,2872,Hendrix,Rhodes,1,56-54,"28,26","34,22",4-4,4-3,0-1,1-0,12/04/13,8 p.m.,N/A,"Conway, Ark. (Grove Gymnasium)",Lose,2,False,385,False,00:00,"MISS JUMPER by DUNAVANT,JOHNNY",34 ,,28,,,,"MISS JUMPER by DUNAVANT,JOHNNY",1,jumper,missed,rhodes,"dunavant,johnny",,"['van,ryan', 'collins,luke', 'miller,drew', 'watson,shane', 'hoeck,ryan van']","['mcneill,kaitlin', 'tate,jamie', 'roland,will', 'nikolovski,drew', 'barrett,jordan']",0
252,2872,Hendrix,Rhodes,1,56-54,"28,26","34,22",4-4,4-3,0-1,1-0,12/04/13,8 p.m.,N/A,"Conway, Ark. (Grove Gymnasium)",Lose,2,False,385,False,--,,34 ,,28,REBOUND DEADB by TEAM,,,REBOUND DEADB by TEAM,1,deadball rebound,,hendrix,,,"['van,ryan', 'collins,luke', 'miller,drew', 'watson,shane', 'hoeck,ryan van']","['mcneill,kaitlin', 'tate,jamie', 'roland,will', 'nikolovski,drew', 'barrett,jordan']",
253,2872,Hendrix,Rhodes,1,56-54,"28,26","34,22",4-4,4-3,0-1,1-0,12/04/13,8 p.m.,N/A,"Conway, Ark. (Grove Gymnasium)",Lose,2,False,385,False,19:49,,34 ,,30,"GOOD JUMPER by TATE,JAMIE(in the paint)",HC 34-30 (+4),,"GOOD JUMPER by TATE,JAMIE(in the paint)",2,jumper,good,hendrix,"tate,jamie",2,"['van,ryan', 'collins,luke', 'miller,drew', 'watson,shane', 'hoeck,ryan van']","['mcneill,kaitlin', 'tate,jamie', 'roland,will', 'nikolovski,drew', 'barrett,jordan']",1189
254,2872,Hendrix,Rhodes,1,56-54,"28,26","34,22",4-4,4-3,0-1,1-0,12/04/13,8 p.m.,N/A,"Conway, Ark. (Grove Gymnasium)",Lose,2,False,385,False,--,,34 ,,30,"ASSIST  by TAULTON,JORDAN",,,"ASSIST  by TAULTON,JORDAN",2,assist,,hendrix,"taulton,jordan",,"['van,ryan', 'collins,luke', 'miller,drew', 'watson,shane', 'hoeck,ryan van']","['mcneill,kaitlin', 'tate,jamie', 'roland,will', 'nikolovski,drew', 'barrett,jordan']",
255,2872,Hendrix,Rhodes,1,56-54,"28,26","34,22",4-4,4-3,0-1,1-0,12/04/13,8 p.m.,N/A,"Conway, Ark. (Grove Gymnasium)",Lose,2,False,385,False,19:32,"MISS JUMPER by DUNAVANT,JOHNNY",34 ,,30,,,,"MISS JUMPER by DUNAVANT,JOHNNY",2,jumper,missed,rhodes,"dunavant,johnny",,"['van,ryan', 'collins,luke', 'miller,drew', 'watson,shane', 'hoeck,ryan van']","['mcneill,kaitlin', 'tate,jamie', 'roland,will', 'nikolovski,drew', 'barrett,jordan']",1172
256,2872,Hendrix,Rhodes,1,56-54,"28,26","34,22",4-4,4-3,0-1,1-0,12/04/13,8 p.m.,N/A,"Conway, Ark. (Grove Gymnasium)",Lose,2,False,385,False,--,,34 ,,30,"REBOUND DEF by TAULTON,JORDAN",,,"REBOUND DEF by TAULTON,JORDAN",2,defensive rebound,,hendrix,"taulton,jordan",,"['van,ryan', 'collins,luke', 'miller,drew', 'watson,shane', 'hoeck,ryan van']","['mcneill,kaitlin', 'tate,jamie', 'roland,will', 'nikolovski,drew', 'barrett,jordan']",
257,2872,Hendrix,Rhodes,1,56-54,"28,26","34,22",4-4,4-3,0-1,1-0,12/04/13,8 p.m.,N/A,"Conway, Ark. (Grove Gymnasium)",Lose,2,False,385,False,19:08,,34 ,,32,"GOOD LAYUP by MENDENALL,HAYLEE(in the paint)",HC 34-32 (+2),,"GOOD LAYUP by MENDENALL,HAYLEE(in the paint)",2,layup,good,hendrix,"mendenall,haylee",2,"['van,ryan', 'collins,luke', 'miller,drew', 'watson,shane', 'hoeck,ryan van']","['mcneill,kaitlin', 'tate,jamie', 'roland,will', 'nikolovski,drew', 'barrett,jordan']",1148
258,2872,Hendrix,Rhodes,1,56-54,"28,26","34,22",4-4,4-3,0-1,1-0,12/04/13,8 p.m.,N/A,"Conway, Ark. (Grove Gymnasium)",Lose,2,False,385,False,--,,34 ,,32,"ASSIST  by TAULTON,JORDAN",,,"ASSIST  by TAULTON,JORDAN",2,assist,,hendrix,"taulton,jordan",,"['van,ryan', 'collins,luke', 'miller,drew', 'watson,shane', 'hoeck,ryan van']","['mcneill,kaitlin', 'tate,jamie', 'roland,will', 'nikolovski,drew', 'barrett,jordan']",
259,2872,Hendrix,Rhodes,1,56-54,"28,26","34,22",4-4,4-3,0-1,1-0,12/04/13,8 p.m.,N/A,"Conway, Ark. (Grove Gymnasium)",Lose,2,False,385,False,18:51,,34 ,,32,"FOUL  by ALDOUS,HANK",,,"FOUL  by ALDOUS,HANK",2,foul,,hendrix,"aldous,hank",,"['van,ryan', 'collins,luke', 'miller,drew', 'watson,shane', 'hoeck,ryan van']","['mcneill,kaitlin', 'tate,jamie', 'roland,will', 'nikolovski,drew', 'barrett,jordan']",1131
260,2872,Hendrix,Rhodes,1,56-54,"28,26","34,22",4-4,4-3,0-1,1-0,12/04/13,8 p.m.,N/A,"Conway, Ark. (Grove Gymnasium)",Lose,2,False,385,False,18:32,"TURNOVER  by DUNAVANT,JOHNNY",34 ,,32,,,,"TURNOVER  by DUNAVANT,JOHNNY",2,turnover,,rhodes,"dunavant,johnny",,"['van,ryan', 'collins,luke', 'miller,drew', 'watson,shane', 'hoeck,ryan van']","['mcneill,kaitlin', 'tate,jamie', 'roland,will', 'nikolovski,drew', 'barrett,jordan']",1112
261,2872,Hendrix,Rhodes,1,56-54,"28,26","34,22",4-4,4-3,0-1,1-0,12/04/13,8 p.m.,N/A,"Conway, Ark. (Grove Gymnasium)",Lose,2,False,385,False,18:31,,34 ,,32,"STEAL  by TATE,JAMIE",,,"STEAL  by TATE,JAMIE",2,steal,,hendrix,,,"['van,ryan', 'collins,luke', 'miller,drew', 'watson,shane', 'hoeck,ryan van']","['mcneill,kaitlin', 'tate,jamie', 'roland,will', 'nikolovski,drew', 'barrett,jordan']",1111
262,2872,Hendrix,Rhodes,1,56-54,"28,26","34,22",4-4,4-3,0-1,1-0,12/04/13,8 p.m.,N/A,"Conway, Ark. (Grove Gymnasium)",Lose,2,False,385,False,18:08,"FOUL  by MILLER,DREW",34 ,,32,,,,"FOUL  by MILLER,DREW",2,foul,,rhodes,"miller,drew",,"['van,ryan', 'collins,luke', 'miller,drew', 'watson,shane', 'hoeck,ryan van']","['mcneill,kaitlin', 'tate,jamie', 'roland,will', 'nikolovski,drew', 'barrett,jordan']",1088
263,2872,Hendrix,Rhodes,1,56-54,"28,26","34,22",4-4,4-3,0-1,1-0,12/04/13,8 p.m.,N/A,"Conway, Ark. (Grove Gymnasium)",Lose,2,False,385,False,18:08,,34 ,,32,"MISS FT by TATE,JAMIE",,,"MISS FT by TATE,JAMIE",2,free throw,missed,hendrix,"tate,jamie",,"['van,ryan', 'collins,luke', 'miller,drew', 'watson,shane', 'hoeck,ryan van']","['mcneill,kaitlin', 'tate,jamie', 'roland,will', 'nikolovski,drew', 'barrett,jordan']",1088
264,2872,Hendrix,Rhodes,1,56-54,"28,26","34,22",4-4,4-3,0-1,1-0,12/04/13,8 p.m.,N/A,"Conway, Ark. (Grove Gymnasium)",Lose,2,False,385,False,--,,34 ,,32,REBOUND DEADB by TEAM,,,REBOUND DEADB by TEAM,2,deadball rebound,,hendrix,,,"['van,ryan', 'collins,luke', 'miller,drew', 'watson,shane', 'hoeck,ryan van']","['mcneill,kaitlin', 'tate,jamie', 'roland,will', 'nikolovski,drew', 'barrett,jordan']",
265,2872,Hendrix,Rhodes,1,56-54,"28,26","34,22",4-4,4-3,0-1,1-0,12/04/13,8 p.m.,N/A,"Conway, Ark. (Grove Gymnasium)",Lose,2,False,385,False,18:08,,34 ,,33,"GOOD FT by TATE,JAMIE",HC 34-33 (+1),,"GOOD FT by TATE,JAMIE",2,free throw,good,hendrix,"tate,jamie",1,"['van,ryan', 'collins,luke', 'miller,drew', 'watson,shane', 'hoeck,ryan van']","['mcneill,kaitlin', 'tate,jamie', 'roland,will', 'nikolovski,drew', 'barrett,jordan']",1088
266,2872,Hendrix,Rhodes,1,56-54,"28,26","34,22",4-4,4-3,0-1,1-0,12/04/13,8 p.m.,N/A,"Conway, Ark. (Grove Gymnasium)",Lose,2,False,385,False,18:00,"GOOD LAYUP by COLLINS,LUKE(fastbreak)(in the paint)",36 ,,33,,RHODESMB 36-33 (+3),,"GOOD LAYUP by COLLINS,LUKE(fastbreak)(in the paint)",2,layup,good,rhodes,"collins,luke(fastbreak)",2,"['van,ryan', 'collins,luke', 'miller,drew', 'watson,shane', 'hoeck,ryan van']","['mcneill,kaitlin', 'tate,jamie', 'roland,will', 'nikolovski,drew', 'barrett,jordan']",1080
267,2872,Hendrix,Rhodes,1,56-54,"28,26","34,22",4-4,4-3,0-1,1-0,12/04/13,8 p.m.,N/A,"Conway, Ark. (Grove Gymnasium)",Lose,2,False,385,False,17:34,,36,,36,"GOOD 3PTR by TAULTON,JORDAN",HC 36-36 (0),,"GOOD 3PTR by TAULTON,JORDAN",2,three pointer,good,hendrix,"taulton,jordan",3,"['van,ryan', 'collins,luke', 'miller,drew', 'watson,shane', 'hoeck,ryan van']","['mcneill,kaitlin', 'tate,jamie', 'roland,will', 'nikolovski,drew', 'barrett,jordan']",1054
268,2872,Hendrix,Rhodes,1,56-54,"28,26","34,22",4-4,4-3,0-1,1-0,12/04/13,8 p.m.,N/A,"Conway, Ark. (Grove Gymnasium)",Lose,2,False,385,False,--,,36,,36,"ASSIST  by ALDOUS,HANK",,,"ASSIST  by ALDOUS,HANK",2,assist,,hendrix,"aldous,hank",,"['van,ryan', 'collins,luke', 'miller,drew', 'watson,shane', 'hoeck,ryan van']","['mcneill,kaitlin', 'tate,jamie', 'roland,will', 'nikolovski,drew', 'barrett,jordan']",
269,2872,Hendrix,Rhodes,1,56-54,"28,26","34,22",4-4,4-3,0-1,1-0,12/04/13,8 p.m.,N/A,"Conway, Ark. (Grove Gymnasium)",Lose,2,False,385,False,17:18,,36,,36,"FOUL  by NIKOLOVSKI,DREW",,,"FOUL  by NIKOLOVSKI,DREW",2,foul,,hendrix,"nikolovski,drew",,"['van,ryan', 'collins,luke', 'miller,drew', 'watson,shane', 'hoeck,ryan van']","['mcneill,kaitlin', 'tate,jamie', 'roland,will', 'nikolovski,drew', 'barrett,jordan']",1038
270,2872,Hendrix,Rhodes,1,56-54,"28,26","34,22",4-4,4-3,0-1,1-0,12/04/13,8 p.m.,N/A,"Conway, Ark. (Grove Gymnasium)",Lose,2,False,385,False,17:18,"GOOD FT by DUNAVANT,JOHNNY",37 ,,36,,RHODESMB 37-36 (+1),,"GOOD FT by DUNAVANT,JOHNNY",2,free throw,good,rhodes,"dunavant,johnny",1,"['van,ryan', 'collins,luke', 'miller,drew', 'watson,shane', 'hoeck,ryan van']","['mcneill,kaitlin', 'tate,jamie', 'roland,will', 'nikolovski,drew', 'barrett,jordan']",1038
271,2872,Hendrix,Rhodes,1,56-54,"28,26","34,22",4-4,4-3,0-1,1-0,12/04/13,8 p.m.,N/A,"Conway, Ark. (Grove Gymnasium)",Lose,2,False,385,False,17:18,"MISS FT by DUNAVANT,JOHNNY",37 ,,36,,,,"MISS FT by DUNAVANT,JOHNNY",2,free throw,missed,rhodes,"dunavant,johnny",,"['van,ryan', 'collins,luke', 'miller,drew', 'watson,shane', 'hoeck,ryan van']","['mcneill,kaitlin', 'tate,jamie', 'roland,will', 'nikolovski,drew', 'barrett,jordan']",1038
272,2872,Hendrix,Rhodes,1,56-54,"28,26","34,22",4-4,4-3,0-1,1-0,12/04/13,8 p.m.,N/A,"Conway, Ark. (Grove Gymnasium)",Lose,2,False,385,False,--,,37 ,,36,"REBOUND DEF by ALDOUS,HANK",,,"REBOUND DEF by ALDOUS,HANK",2,defensive rebound,,hendrix,"aldous,hank",,"['van,ryan', 'collins,luke', 'miller,drew', 'watson,shane', 'hoeck,ryan van']","['mcneill,kaitlin', 'tate,jamie', 'roland,will', 'nikolovski,drew', 'barrett,jordan']",
273,2872,Hendrix,Rhodes,1,56-54,"28,26","34,22",4-4,4-3,0-1,1-0,12/04/13,8 p.m.,N/A,"Conway, Ark. (Grove Gymnasium)",Lose,2,False,385,False,17:04,,37 ,,36,"TURNOVER  by MENDENALL,HAYLEE",,,"TURNOVER  by MENDENALL,HAYLEE",2,turnover,,hendrix,"mendenall,haylee",,"['van,ryan', 'collins,luke', 'miller,drew', 'watson,shane', 'hoeck,ryan van']","['mcneill,kaitlin', 'tate,jamie', 'roland,will', 'nikolovski,drew', 'barrett,jordan']",1024
274,2872,Hendrix,Rhodes,1,56-54,"28,26","34,22",4-4,4-3,0-1,1-0,12/04/13,8 p.m.,N/A,"Conway, Ark. (Grove Gymnasium)",Lose,2,False,385,False,17:04,"STEAL  by COLLINS,LUKE",37 ,,36,,,,"STEAL  by COLLINS,LUKE",2,steal,,rhodes,,,"['van,ryan', 'collins,luke', 'miller,drew', 'watson,shane', 'hoeck,ryan van']","['mcneill,kaitlin', 'tate,jamie', 'roland,will', 'nikolovski,drew', 'barrett,jordan']",1024
275,2872,Hendrix,Rhodes,1,56-54,"28,26","34,22",4-4,4-3,0-1,1-0,12/04/13,8 p.m.,N/A,"Conway, Ark. (Grove Gymnasium)",Lose,2,False,385,False,17:04,"TURNOVER  by COLLINS,LUKE",37 ,,36,,,,"TURNOVER  by COLLINS,LUKE",2,turnover,,rhodes,"collins,luke",,"['van,ryan', 'collins,luke', 'miller,drew', 'watson,shane', 'hoeck,ryan van']","['mcneill,kaitlin', 'tate,jamie', 'roland,will', 'nikolovski,drew', 'barrett,jordan']",1024
276,2872,Hendrix,Rhodes,1,56-54,"28,26","34,22",4-4,4-3,0-1,1-0,12/04/13,8 p.m.,N/A,"Conway, Ark. (Grove Gymnasium)",Lose,2,False,385,False,16:51,,37 ,,36,"MISS 3PTR by ALDOUS,HANK",,,"MISS 3PTR by ALDOUS,HANK",2,three pointer,missed,hendrix,"aldous,hank",,"['van,ryan', 'collins,luke', 'miller,drew', 'watson,shane', 'hoeck,ryan van']","['mcneill,kaitlin', 'tate,jamie', 'roland,will', 'nikolovski,drew', 'barrett,jordan']",1011
277,2872,Hendrix,Rhodes,1,56-54,"28,26","34,22",4-4,4-3,0-1,1-0,12/04/13,8 p.m.,N/A,"Conway, Ark. (Grove Gymnasium)",Lose,2,False,385,False,--,"REBOUND DEF by LIVSEY,GEOFF",37 ,,36,,,,"REBOUND DEF by LIVSEY,GEOFF",2,defensive rebound,,rhodes,"livsey,geoff",,"['van,ryan', 'collins,luke', 'miller,drew', 'watson,shane', 'hoeck,ryan van']","['mcneill,kaitlin', 'tate,jamie', 'roland,will', 'nikolovski,drew', 'barrett,jordan']",
278,2872,Hendrix,Rhodes,1,56-54,"28,26","34,22",4-4,4-3,0-1,1-0,12/04/13,8 p.m.,N/A,"Conway, Ark. (Grove Gymnasium)",Lose,2,False,385,False,16:37,"MISS LAYUP by LIVSEY,GEOFF",37 ,,36,,,,"MISS LAYUP by LIVSEY,GEOFF",2,layup,missed,rhodes,"livsey,geoff",,"['van,ryan', 'collins,luke', 'miller,drew', 'watson,shane', 'hoeck,ryan van']","['mcneill,kaitlin', 'tate,jamie', 'roland,will', 'nikolovski,drew', 'barrett,jordan']",997
279,2872,Hendrix,Rhodes,1,56-54,"28,26","34,22",4-4,4-3,0-1,1-0,12/04/13,8 p.m.,N/A,"Conway, Ark. (Grove Gymnasium)",Lose,2,False,385,False,--,,37 ,,36,"REBOUND DEF by MENDENALL,HAYLEE",,,"REBOUND DEF by MENDENALL,HAYLEE",2,defensive rebound,,hendrix,"mendenall,haylee",,"['van,ryan', 'collins,luke', 'miller,drew', 'watson,shane', 'hoeck,ryan van']","['mcneill,kaitlin', 'tate,jamie', 'roland,will', 'nikolovski,drew', 'barrett,jordan']",
280,2872,Hendrix,Rhodes,1,56-54,"28,26","34,22",4-4,4-3,0-1,1-0,12/04/13,8 p.m.,N/A,"Conway, Ark. (Grove Gymnasium)",Lose,2,False,385,False,16:12,,37 ,,36,"MISS LAYUP by TATE,JAMIE",,,"MISS LAYUP by TATE,JAMIE",2,layup,missed,hendrix,"tate,jamie",,"['van,ryan', 'collins,luke', 'miller,drew', 'watson,shane', 'hoeck,ryan van']","['mcneill,kaitlin', 'tate,jamie', 'roland,will', 'nikolovski,drew', 'barrett,jordan']",972
281,2872,Hendrix,Rhodes,1,56-54,"28,26","34,22",4-4,4-3,0-1,1-0,12/04/13,8 p.m.,N/A,"Conway, Ark. (Grove Gymnasium)",Lose,2,False,385,False,--,"REBOUND DEF by MILLER,DREW",37 ,,36,,,,"REBOUND DEF by MILLER,DREW",2,defensive rebound,,rhodes,"miller,drew",,"['van,ryan', 'collins,luke', 'miller,drew', 'watson,shane', 'hoeck,ryan van']","['mcneill,kaitlin', 'tate,jamie', 'roland,will', 'nikolovski,drew', 'barrett,jordan']",
282,2872,Hendrix,Rhodes,1,56-54,"28,26","34,22",4-4,4-3,0-1,1-0,12/04/13,8 p.m.,N/A,"Conway, Ark. (Grove Gymnasium)",Lose,2,False,385,False,15:54,"TURNOVER  by LIVSEY,GEOFF",37 ,,36,,,,"TURNOVER  by LIVSEY,GEOFF",2,turnover,,rhodes,"livsey,geoff",,"['van,ryan', 'collins,luke', 'miller,drew', 'watson,shane', 'hoeck,ryan van']","['mcneill,kaitlin', 'tate,jamie', 'roland,will', 'nikolovski,drew', 'barrett,jordan']",954
283,2872,Hendrix,Rhodes,1,56-54,"28,26","34,22",4-4,4-3,0-1,1-0,12/04/13,8 p.m.,N/A,"Conway, Ark. (Grove Gymnasium)",Lose,2,False,385,False,15:43,"FOUL  by HOECK,RYAN VAN",37 ,,36,,,,"FOUL  by HOECK,RYAN VAN",2,foul,,rhodes,"hoeck,ryan van",,"['van,ryan', 'collins,luke', 'miller,drew', 'watson,shane', 'hoeck,ryan van']","['mcneill,kaitlin', 'tate,jamie', 'roland,will', 'nikolovski,drew', 'barrett,jordan']",943
284,2872,Hendrix,Rhodes,1,56-54,"28,26","34,22",4-4,4-3,0-1,1-0,12/04/13,8 p.m.,N/A,"Conway, Ark. (Grove Gymnasium)",Lose,2,False,385,False,15:43,,37 ,,36,"MISS FT by MENDENALL,HAYLEE",,,"MISS FT by MENDENALL,HAYLEE",2,free throw,missed,hendrix,"mendenall,haylee",,"['van,ryan', 'collins,luke', 'miller,drew', 'watson,shane', 'hoeck,ryan van']","['mcneill,kaitlin', 'tate,jamie', 'roland,will', 'nikolovski,drew', 'barrett,jordan']",943
285,2872,Hendrix,Rhodes,1,56-54,"28,26","34,22",4-4,4-3,0-1,1-0,12/04/13,8 p.m.,N/A,"Conway, Ark. (Grove Gymnasium)",Lose,2,False,385,False,--,,37 ,,36,REBOUND DEADB by TEAM,,,REBOUND DEADB by TEAM,2,deadball rebound,,hendrix,,,"['van,ryan', 'collins,luke', 'miller,drew', 'watson,shane', 'hoeck,ryan van']","['mcneill,kaitlin', 'tate,jamie', 'roland,will', 'nikolovski,drew', 'barrett,jordan']",
286,2872,Hendrix,Rhodes,1,56-54,"28,26","34,22",4-4,4-3,0-1,1-0,12/04/13,8 p.m.,N/A,"Conway, Ark. (Grove Gymnasium)",Lose,2,False,385,False,15:43,,37,,37,"GOOD FT by MENDENALL,HAYLEE",HC 37-37 (0),,"GOOD FT by MENDENALL,HAYLEE",2,free throw,good,hendrix,"mendenall,haylee",1,"['van,ryan', 'collins,luke', 'miller,drew', 'watson,shane', 'hoeck,ryan van']","['mcneill,kaitlin', 'tate,jamie', 'roland,will', 'nikolovski,drew', 'barrett,jordan']",943
287,2872,Hendrix,Rhodes,1,56-54,"28,26","34,22",4-4,4-3,0-1,1-0,12/04/13,8 p.m.,N/A,"Conway, Ark. (Grove Gymnasium)",Lose,2,False,385,False,15:43,"SUB IN by SLEDGE,TATE",37,,37,,,,"SUB IN by SLEDGE,TATE",2,subbing in,,rhodes,"sledge,tate",,"['van,ryan', 'collins,luke', 'miller,drew', 'watson,shane', 'hoeck,ryan van', 'sledge,tate']","['mcneill,kaitlin', 'tate,jamie', 'roland,will', 'nikolovski,drew', 'barrett,jordan']",943
288,2872,Hendrix,Rhodes,1,56-54,"28,26","34,22",4-4,4-3,0-1,1-0,12/04/13,8 p.m.,N/A,"Conway, Ark. (Grove Gymnasium)",Lose,2,False,385,False,15:43,"SUB OUT by LIVSEY,GEOFF",37,,37,,,,"SUB OUT by LIVSEY,GEOFF",2,subbing out,,rhodes,"livsey,geoff",,"['van,ryan', 'collins,luke', 'miller,drew', 'watson,shane', 'hoeck,ryan van', 'sledge,tate']","['mcneill,kaitlin', 'tate,jamie', 'roland,will', 'nikolovski,drew', 'barrett,jordan']",943
289,2872,Hendrix,Rhodes,1,56-54,"28,26","34,22",4-4,4-3,0-1,1-0,12/04/13,8 p.m.,N/A,"Conway, Ark. (Grove Gymnasium)",Lose,2,False,385,False,15:35,,37,,37,"FOUL  by ALDOUS,HANK",,,"FOUL  by ALDOUS,HANK",2,foul,,hendrix,"aldous,hank",,"['van,ryan', 'collins,luke', 'miller,drew', 'watson,shane', 'hoeck,ryan van', 'sledge,tate']","['mcneill,kaitlin', 'tate,jamie', 'roland,will', 'nikolovski,drew', 'barrett,jordan']",935
290,2872,Hendrix,Rhodes,1,56-54,"28,26","34,22",4-4,4-3,0-1,1-0,12/04/13,8 p.m.,N/A,"Conway, Ark. (Grove Gymnasium)",Lose,2,False,385,False,15:35,"GOOD FT by MILLER,DREW",38 ,,37,,RHODESMB 38-37 (+1),,"GOOD FT by MILLER,DREW",2,free throw,good,rhodes,"miller,drew",1,"['van,ryan', 'collins,luke', 'miller,drew', 'watson,shane', 'hoeck,ryan van', 'sledge,tate']","['mcneill,kaitlin', 'tate,jamie', 'roland,will', 'nikolovski,drew', 'barrett,jordan']",935
291,2872,Hendrix,Rhodes,1,56-54,"28,26","34,22",4-4,4-3,0-1,1-0,12/04/13,8 p.m.,N/A,"Conway, Ark. (Grove Gymnasium)",Lose,2,False,385,False,15:35,"GOOD FT by MILLER,DREW",39 ,,37,,RHODESMB 39-37 (+2),,"GOOD FT by MILLER,DREW",2,free throw,good,rhodes,"miller,drew",1,"['van,ryan', 'collins,luke', 'miller,drew', 'watson,shane', 'hoeck,ryan van', 'sledge,tate']","['mcneill,kaitlin', 'tate,jamie', 'roland,will', 'nikolovski,drew', 'barrett,jordan']",935
292,2872,Hendrix,Rhodes,1,56-54,"28,26","34,22",4-4,4-3,0-1,1-0,12/04/13,8 p.m.,N/A,"Conway, Ark. (Grove Gymnasium)",Lose,2,False,385,False,15:35,"SUB IN by LIVSEY,GEOFF",39 ,,37,,,,"SUB IN by LIVSEY,GEOFF",2,subbing in,,rhodes,"livsey,geoff",,"['van,ryan', 'collins,luke', 'miller,drew', 'watson,shane', 'hoeck,ryan van', 'sledge,tate']","['mcneill,kaitlin', 'tate,jamie', 'roland,will', 'nikolovski,drew', 'barrett,jordan']",935
293,2872,Hendrix,Rhodes,1,56-54,"28,26","34,22",4-4,4-3,0-1,1-0,12/04/13,8 p.m.,N/A,"Conway, Ark. (Grove Gymnasium)",Lose,2,False,385,False,15:35,"SUB OUT by HOECK,RYAN VAN",39 ,,37,,,,"SUB OUT by HOECK,RYAN VAN",2,subbing out,,rhodes,"hoeck,ryan van",,"['van,ryan', 'collins,luke', 'miller,drew', 'watson,shane', 'sledge,tate']","['mcneill,kaitlin', 'tate,jamie', 'roland,will', 'nikolovski,drew', 'barrett,jordan']",935
294,2872,Hendrix,Rhodes,1,56-54,"28,26","34,22",4-4,4-3,0-1,1-0,12/04/13,8 p.m.,N/A,"Conway, Ark. (Grove Gymnasium)",Lose,2,False,385,False,15:19,,39 ,,37,"TURNOVER  by MENDENALL,HAYLEE",,,"TURNOVER  by MENDENALL,HAYLEE",2,turnover,,hendrix,"mendenall,haylee",,"['van,ryan', 'collins,luke', 'miller,drew', 'watson,shane', 'sledge,tate']","['mcneill,kaitlin', 'tate,jamie', 'roland,will', 'nikolovski,drew', 'barrett,jordan']",919
295,2872,Hendrix,Rhodes,1,56-54,"28,26","34,22",4-4,4-3,0-1,1-0,12/04/13,8 p.m.,N/A,"Conway, Ark. (Grove Gymnasium)",Lose,2,False,385,False,15:19,,39 ,,37,"FOUL  by MENDENALL,HAYLEE",,,"FOUL  by MENDENALL,HAYLEE",2,foul,,hendrix,"mendenall,haylee",,"['van,ryan', 'collins,luke', 'miller,drew', 'watson,shane', 'sledge,tate']","['mcneill,kaitlin', 'tate,jamie', 'roland,will', 'nikolovski,drew', 'barrett,jordan']",919
296,2872,Hendrix,Rhodes,1,56-54,"28,26","34,22",4-4,4-3,0-1,1-0,12/04/13,8 p.m.,N/A,"Conway, Ark. (Grove Gymnasium)",Lose,2,False,385,False,15:06,"MISS LAYUP by MILLER,DREW",39 ,,37,,,,"MISS LAYUP by MILLER,DREW",2,layup,missed,rhodes,"miller,drew",,"['van,ryan', 'collins,luke', 'miller,drew', 'watson,shane', 'sledge,tate']","['mcneill,kaitlin', 'tate,jamie', 'roland,will', 'nikolovski,drew', 'barrett,jordan']",906
297,2872,Hendrix,Rhodes,1,56-54,"28,26","34,22",4-4,4-3,0-1,1-0,12/04/13,8 p.m.,N/A,"Conway, Ark. (Grove Gymnasium)",Lose,2,False,385,False,--,,39 ,,37,"REBOUND DEF by MENDENALL,HAYLEE",,,"REBOUND DEF by MENDENALL,HAYLEE",2,defensive rebound,,hendrix,"mendenall,haylee",,"['van,ryan', 'collins,luke', 'miller,drew', 'watson,shane', 'sledge,tate']","['mcneill,kaitlin', 'tate,jamie', 'roland,will', 'nikolovski,drew', 'barrett,jordan']",
298,2872,Hendrix,Rhodes,1,56-54,"28,26","34,22",4-4,4-3,0-1,1-0,12/04/13,8 p.m.,N/A,"Conway, Ark. (Grove Gymnasium)",Lose,2,False,385,False,14:46,,39 ,,37,"TURNOVER  by ALDOUS,HANK",,,"TURNOVER  by ALDOUS,HANK",2,turnover,,hendrix,"aldous,hank",,"['van,ryan', 'collins,luke', 'miller,drew', 'watson,shane', 'sledge,tate']","['mcneill,kaitlin', 'tate,jamie', 'roland,will', 'nikolovski,drew', 'barrett,jordan']",886
299,2872,Hendrix,Rhodes,1,56-54,"28,26","34,22",4-4,4-3,0-1,1-0,12/04/13,8 p.m.,N/A,"Conway, Ark. (Grove Gymnasium)",Lose,2,False,385,False,14:46,,39 ,,37,"SUB IN by MCNEILL,KAITLIN",,,"SUB IN by MCNEILL,KAITLIN",2,subbing in,,hendrix,"mcneill,kaitlin",,"['van,ryan', 'collins,luke', 'miller,drew', 'watson,shane', 'sledge,tate']","['mcneill,kaitlin', 'tate,jamie', 'roland,will', 'nikolovski,drew', 'barrett,jordan']",886
300,2872,Hendrix,Rhodes,1,56-54,"28,26","34,22",4-4,4-3,0-1,1-0,12/04/13,8 p.m.,N/A,"Conway, Ark. (Grove Gymnasium)",Lose,2,False,385,False,14:46,,39 ,,37,"SUB OUT by ALDOUS,HANK",,,"SUB OUT by ALDOUS,HANK",2,subbing out,,hendrix,"aldous,hank",,"['van,ryan', 'collins,luke', 'miller,drew', 'watson,shane', 'sledge,tate']","['mcneill,kaitlin', 'tate,jamie', 'roland,will', 'nikolovski,drew', 'barrett,jordan']",886
301,2872,Hendrix,Rhodes,1,56-54,"28,26","34,22",4-4,4-3,0-1,1-0,12/04/13,8 p.m.,N/A,"Conway, Ark. (Grove Gymnasium)",Lose,2,False,385,False,14:23,,39 ,,37,"FOUL  by MCNEILL,KAITLIN",,,"FOUL  by MCNEILL,KAITLIN",2,foul,,hendrix,"mcneill,kaitlin",,"['van,ryan', 'collins,luke', 'miller,drew', 'watson,shane', 'sledge,tate']","['mcneill,kaitlin', 'tate,jamie', 'roland,will', 'nikolovski,drew', 'barrett,jordan']",863
302,2872,Hendrix,Rhodes,1,56-54,"28,26","34,22",4-4,4-3,0-1,1-0,12/04/13,8 p.m.,N/A,"Conway, Ark. (Grove Gymnasium)",Lose,2,False,385,False,14:23,"GOOD FT by MILLER,DREW",40 ,,37,,RHODESMB 40-37 (+3),,"GOOD FT by MILLER,DREW",2,free throw,good,rhodes,"miller,drew",1,"['van,ryan', 'collins,luke', 'miller,drew', 'watson,shane', 'sledge,tate']","['mcneill,kaitlin', 'tate,jamie', 'roland,will', 'nikolovski,drew', 'barrett,jordan']",863
303,2872,Hendrix,Rhodes,1,56-54,"28,26","34,22",4-4,4-3,0-1,1-0,12/04/13,8 p.m.,N/A,"Conway, Ark. (Grove Gymnasium)",Lose,2,False,385,False,14:23,"MISS FT by MILLER,DREW",40 ,,37,,,,"MISS FT by MILLER,DREW",2,free throw,missed,rhodes,"miller,drew",,"['van,ryan', 'collins,luke', 'miller,drew', 'watson,shane', 'sledge,tate']","['mcneill,kaitlin', 'tate,jamie', 'roland,will', 'nikolovski,drew', 'barrett,jordan']",863
304,2872,Hendrix,Rhodes,1,56-54,"28,26","34,22",4-4,4-3,0-1,1-0,12/04/13,8 p.m.,N/A,"Conway, Ark. (Grove Gymnasium)",Lose,2,False,385,False,--,,40 ,,37,REBOUND DEF by TEAM,,,REBOUND DEF by TEAM,2,defensive rebound,,hendrix,,,"['van,ryan', 'collins,luke', 'miller,drew', 'watson,shane', 'sledge,tate']","['mcneill,kaitlin', 'tate,jamie', 'roland,will', 'nikolovski,drew', 'barrett,jordan']",
305,2872,Hendrix,Rhodes,1,56-54,"28,26","34,22",4-4,4-3,0-1,1-0,12/04/13,8 p.m.,N/A,"Conway, Ark. (Grove Gymnasium)",Lose,2,False,385,False,14:23,,40 ,,37,"SUB IN by BARRETT,JORDAN",,,"SUB IN by BARRETT,JORDAN",2,subbing in,,hendrix,"barrett,jordan",,"['van,ryan', 'collins,luke', 'miller,drew', 'watson,shane', 'sledge,tate']","['mcneill,kaitlin', 'tate,jamie', 'roland,will', 'nikolovski,drew', 'barrett,jordan']",863
306,2872,Hendrix,Rhodes,1,56-54,"28,26","34,22",4-4,4-3,0-1,1-0,12/04/13,8 p.m.,N/A,"Conway, Ark. (Grove Gymnasium)",Lose,2,False,385,False,14:23,,40 ,,37,"SUB OUT by NIKOLOVSKI,DREW",,,"SUB OUT by NIKOLOVSKI,DREW",2,subbing out,,hendrix,"nikolovski,drew",,"['van,ryan', 'collins,luke', 'miller,drew', 'watson,shane', 'sledge,tate']","['mcneill,kaitlin', 'tate,jamie', 'roland,will', 'nikolovski,drew', 'barrett,jordan']",863
307,2872,Hendrix,Rhodes,1,56-54,"28,26","34,22",4-4,4-3,0-1,1-0,12/04/13,8 p.m.,N/A,"Conway, Ark. (Grove Gymnasium)",Lose,2,False,385,False,14:22,"SUB IN by GALLAGHER,MICHAEL",40 ,,37,,,,"SUB IN by GALLAGHER,MICHAEL",2,subbing in,,rhodes,"gallagher,michael",,"['van,ryan', 'collins,luke', 'miller,drew', 'watson,shane', 'sledge,tate', 'gallagher,michael']","['mcneill,kaitlin', 'tate,jamie', 'roland,will', 'nikolovski,drew', 'barrett,jordan']",862
308,2872,Hendrix,Rhodes,1,56-54,"28,26","34,22",4-4,4-3,0-1,1-0,12/04/13,8 p.m.,N/A,"Conway, Ark. (Grove Gymnasium)",Lose,2,False,385,False,14:22,"SUB OUT by DUNAVANT,JOHNNY",40 ,,37,,,,"SUB OUT by DUNAVANT,JOHNNY",2,subbing out,,rhodes,"dunavant,johnny",,"['van,ryan', 'collins,luke', 'miller,drew', 'watson,shane', 'sledge,tate', 'gallagher,michael']","['mcneill,kaitlin', 'tate,jamie', 'roland,will', 'nikolovski,drew', 'barrett,jordan']",862
309,2872,Hendrix,Rhodes,1,56-54,"28,26","34,22",4-4,4-3,0-1,1-0,12/04/13,8 p.m.,N/A,"Conway, Ark. (Grove Gymnasium)",Lose,2,False,385,False,14:10,,40 ,,37,"MISS 3PTR by MCNEILL,KAITLIN",,,"MISS 3PTR by MCNEILL,KAITLIN",2,three pointer,missed,hendrix,"mcneill,kaitlin",,"['van,ryan', 'collins,luke', 'miller,drew', 'watson,shane', 'sledge,tate', 'gallagher,michael']","['mcneill,kaitlin', 'tate,jamie', 'roland,will', 'nikolovski,drew', 'barrett,jordan']",850
310,2872,Hendrix,Rhodes,1,56-54,"28,26","34,22",4-4,4-3,0-1,1-0,12/04/13,8 p.m.,N/A,"Conway, Ark. (Grove Gymnasium)",Lose,2,False,385,False,--,"REBOUND DEF by COLLINS,LUKE",40 ,,37,,,,"REBOUND DEF by COLLINS,LUKE",2,defensive rebound,,rhodes,"collins,luke",,"['van,ryan', 'collins,luke', 'miller,drew', 'watson,shane', 'sledge,tate', 'gallagher,michael']","['mcneill,kaitlin', 'tate,jamie', 'roland,will', 'nikolovski,drew', 'barrett,jordan']",
311,2872,Hendrix,Rhodes,1,56-54,"28,26","34,22",4-4,4-3,0-1,1-0,12/04/13,8 p.m.,N/A,"Conway, Ark. (Grove Gymnasium)",Lose,2,False,385,False,13:42,"GOOD LAYUP by MILLER,DREW(in the paint)",42 ,,37,,RHODESMB 42-37 (+5),,"GOOD LAYUP by MILLER,DREW(in the paint)",2,layup,good,rhodes,"miller,drew",2,"['van,ryan', 'collins,luke', 'miller,drew', 'watson,shane', 'sledge,tate', 'gallagher,michael']","['mcneill,kaitlin', 'tate,jamie', 'roland,will', 'nikolovski,drew', 'barrett,jordan']",822
312,2872,Hendrix,Rhodes,1,56-54,"28,26","34,22",4-4,4-3,0-1,1-0,12/04/13,8 p.m.,N/A,"Conway, Ark. (Grove Gymnasium)",Lose,2,False,385,False,13:42,,42 ,,37,"FOUL  by BARRETT,JORDAN",,,"FOUL  by BARRETT,JORDAN",2,foul,,hendrix,"barrett,jordan",,"['van,ryan', 'collins,luke', 'miller,drew', 'watson,shane', 'sledge,tate', 'gallagher,michael']","['mcneill,kaitlin', 'tate,jamie', 'roland,will', 'nikolovski,drew', 'barrett,jordan']",822
313,2872,Hendrix,Rhodes,1,56-54,"28,26","34,22",4-4,4-3,0-1,1-0,12/04/13,8 p.m.,N/A,"Conway, Ark. (Grove Gymnasium)",Lose,2,False,385,False,13:42,"GOOD FT by MILLER,DREW",43 ,,37,,RHODESMB 43-37 (+6),,"GOOD FT by MILLER,DREW",2,free throw,good,rhodes,"miller,drew",1,"['van,ryan', 'collins,luke', 'miller,drew', 'watson,shane', 'sledge,tate', 'gallagher,michael']","['mcneill,kaitlin', 'tate,jamie', 'roland,will', 'nikolovski,drew', 'barrett,jordan']",822
314,2872,Hendrix,Rhodes,1,56-54,"28,26","34,22",4-4,4-3,0-1,1-0,12/04/13,8 p.m.,N/A,"Conway, Ark. (Grove Gymnasium)",Lose,2,False,385,False,13:32,,43 ,,37,"MISS LAYUP by BARRETT,JORDAN",,,"MISS LAYUP by BARRETT,JORDAN",2,layup,missed,hendrix,"barrett,jordan",,"['van,ryan', 'collins,luke', 'miller,drew', 'watson,shane', 'sledge,tate', 'gallagher,michael']","['mcneill,kaitlin', 'tate,jamie', 'roland,will', 'nikolovski,drew', 'barrett,jordan']",812
315,2872,Hendrix,Rhodes,1,56-54,"28,26","34,22",4-4,4-3,0-1,1-0,12/04/13,8 p.m.,N/A,"Conway, Ark. (Grove Gymnasium)",Lose,2,False,385,False,--,,43 ,,37,"REBOUND OFF by MENDENALL,HAYLEE",,,"REBOUND OFF by MENDENALL,HAYLEE",2,offensive rebound,,hendrix,"mendenall,haylee",,"['van,ryan', 'collins,luke', 'miller,drew', 'watson,shane', 'sledge,tate', 'gallagher,michael']","['mcneill,kaitlin', 'tate,jamie', 'roland,will', 'nikolovski,drew', 'barrett,jordan']",
316,2872,Hendrix,Rhodes,1,56-54,"28,26","34,22",4-4,4-3,0-1,1-0,12/04/13,8 p.m.,N/A,"Conway, Ark. (Grove Gymnasium)",Lose,2,False,385,False,13:24,,43 ,,37,"MISS LAYUP by MENDENALL,HAYLEE",,,"MISS LAYUP by MENDENALL,HAYLEE",2,layup,missed,hendrix,"mendenall,haylee",,"['van,ryan', 'collins,luke', 'miller,drew', 'watson,shane', 'sledge,tate', 'gallagher,michael']","['mcneill,kaitlin', 'tate,jamie', 'roland,will', 'nikolovski,drew', 'barrett,jordan']",804
317,2872,Hendrix,Rhodes,1,56-54,"28,26","34,22",4-4,4-3,0-1,1-0,12/04/13,8 p.m.,N/A,"Conway, Ark. (Grove Gymnasium)",Lose,2,False,385,False,--,,43 ,,37,"REBOUND OFF by TATE,JAMIE",,,"REBOUND OFF by TATE,JAMIE",2,offensive rebound,,hendrix,"tate,jamie",,"['van,ryan', 'collins,luke', 'miller,drew', 'watson,shane', 'sledge,tate', 'gallagher,michael']","['mcneill,kaitlin', 'tate,jamie', 'roland,will', 'nikolovski,drew', 'barrett,jordan']",
318,2872,Hendrix,Rhodes,1,56-54,"28,26","34,22",4-4,4-3,0-1,1-0,12/04/13,8 p.m.,N/A,"Conway, Ark. (Grove Gymnasium)",Lose,2,False,385,False,13:24,,43 ,,37,"MISS LAYUP by TATE,JAMIE",,,"MISS LAYUP by TATE,JAMIE",2,layup,missed,hendrix,"tate,jamie",,"['van,ryan', 'collins,luke', 'miller,drew', 'watson,shane', 'sledge,tate', 'gallagher,michael']","['mcneill,kaitlin', 'tate,jamie', 'roland,will', 'nikolovski,drew', 'barrett,jordan']",804
319,2872,Hendrix,Rhodes,1,56-54,"28,26","34,22",4-4,4-3,0-1,1-0,12/04/13,8 p.m.,N/A,"Conway, Ark. (Grove Gymnasium)",Lose,2,False,385,False,--,,43 ,,37,REBOUND OFF by TEAM,,,REBOUND OFF by TEAM,2,offensive rebound,,hendrix,,,"['van,ryan', 'collins,luke', 'miller,drew', 'watson,shane', 'sledge,tate', 'gallagher,michael']","['mcneill,kaitlin', 'tate,jamie', 'roland,will', 'nikolovski,drew', 'barrett,jordan']",
320,2872,Hendrix,Rhodes,1,56-54,"28,26","34,22",4-4,4-3,0-1,1-0,12/04/13,8 p.m.,N/A,"Conway, Ark. (Grove Gymnasium)",Lose,2,False,385,False,13:20,,43 ,,37,"MISS JUMPER by MENDENALL,HAYLEE",,,"MISS JUMPER by MENDENALL,HAYLEE",2,jumper,missed,hendrix,"mendenall,haylee",,"['van,ryan', 'collins,luke', 'miller,drew', 'watson,shane', 'sledge,tate', 'gallagher,michael']","['mcneill,kaitlin', 'tate,jamie', 'roland,will', 'nikolovski,drew', 'barrett,jordan']",800
321,2872,Hendrix,Rhodes,1,56-54,"28,26","34,22",4-4,4-3,0-1,1-0,12/04/13,8 p.m.,N/A,"Conway, Ark. (Grove Gymnasium)",Lose,2,False,385,False,--,"REBOUND DEF by GALLAGHER,MICHAEL",43 ,,37,,,,"REBOUND DEF by GALLAGHER,MICHAEL",2,defensive rebound,,rhodes,"gallagher,michael",,"['van,ryan', 'collins,luke', 'miller,drew', 'watson,shane', 'sledge,tate', 'gallagher,michael']","['mcneill,kaitlin', 'tate,jamie', 'roland,will', 'nikolovski,drew', 'barrett,jordan']",
322,2872,Hendrix,Rhodes,1,56-54,"28,26","34,22",4-4,4-3,0-1,1-0,12/04/13,8 p.m.,N/A,"Conway, Ark. (Grove Gymnasium)",Lose,2,False,385,False,13:08,"TURNOVER  by COLLINS,LUKE",43 ,,37,,,,"TURNOVER  by COLLINS,LUKE",2,turnover,,rhodes,"collins,luke",,"['van,ryan', 'collins,luke', 'miller,drew', 'watson,shane', 'sledge,tate', 'gallagher,michael']","['mcneill,kaitlin', 'tate,jamie', 'roland,will', 'nikolovski,drew', 'barrett,jordan']",788
323,2872,Hendrix,Rhodes,1,56-54,"28,26","34,22",4-4,4-3,0-1,1-0,12/04/13,8 p.m.,N/A,"Conway, Ark. (Grove Gymnasium)",Lose,2,False,385,False,13:08,"SUB IN by DUNAVANT,JOHNNY",43 ,,37,,,,"SUB IN by DUNAVANT,JOHNNY",2,subbing in,,rhodes,"dunavant,johnny",,"['van,ryan', 'collins,luke', 'miller,drew', 'watson,shane', 'sledge,tate', 'gallagher,michael']","['mcneill,kaitlin', 'tate,jamie', 'roland,will', 'nikolovski,drew', 'barrett,jordan']",788
324,2872,Hendrix,Rhodes,1,56-54,"28,26","34,22",4-4,4-3,0-1,1-0,12/04/13,8 p.m.,N/A,"Conway, Ark. (Grove Gymnasium)",Lose,2,False,385,False,13:08,"SUB OUT by MILLER,DREW",43 ,,37,,,,"SUB OUT by MILLER,DREW",2,subbing out,,rhodes,"miller,drew",,"['van,ryan', 'collins,luke', 'watson,shane', 'sledge,tate', 'gallagher,michael']","['mcneill,kaitlin', 'tate,jamie', 'roland,will', 'nikolovski,drew', 'barrett,jordan']",788
325,2872,Hendrix,Rhodes,1,56-54,"28,26","34,22",4-4,4-3,0-1,1-0,12/04/13,8 p.m.,N/A,"Conway, Ark. (Grove Gymnasium)",Lose,2,False,385,False,12:57,"FOUL  by GALLAGHER,MICHAEL",43 ,,37,,,,"FOUL  by GALLAGHER,MICHAEL",2,foul,,rhodes,"gallagher,michael",,"['van,ryan', 'collins,luke', 'watson,shane', 'sledge,tate', 'gallagher,michael']","['mcneill,kaitlin', 'tate,jamie', 'roland,will', 'nikolovski,drew', 'barrett,jordan']",777
326,2872,Hendrix,Rhodes,1,56-54,"28,26","34,22",4-4,4-3,0-1,1-0,12/04/13,8 p.m.,N/A,"Conway, Ark. (Grove Gymnasium)",Lose,2,False,385,False,12:57,,43 ,,37,"MISS FT by BARRETT,JORDAN",,,"MISS FT by BARRETT,JORDAN",2,free throw,missed,hendrix,"barrett,jordan",,"['van,ryan', 'collins,luke', 'watson,shane', 'sledge,tate', 'gallagher,michael']","['mcneill,kaitlin', 'tate,jamie', 'roland,will', 'nikolovski,drew', 'barrett,jordan']",777
327,2872,Hendrix,Rhodes,1,56-54,"28,26","34,22",4-4,4-3,0-1,1-0,12/04/13,8 p.m.,N/A,"Conway, Ark. (Grove Gymnasium)",Lose,2,False,385,False,--,,43 ,,37,REBOUND DEADB by TEAM,,,REBOUND DEADB by TEAM,2,deadball rebound,,hendrix,,,"['van,ryan', 'collins,luke', 'watson,shane', 'sledge,tate', 'gallagher,michael']","['mcneill,kaitlin', 'tate,jamie', 'roland,will', 'nikolovski,drew', 'barrett,jordan']",
328,2872,Hendrix,Rhodes,1,56-54,"28,26","34,22",4-4,4-3,0-1,1-0,12/04/13,8 p.m.,N/A,"Conway, Ark. (Grove Gymnasium)",Lose,2,False,385,False,12:57,,43 ,,37,"MISS FT by BARRETT,JORDAN",,,"MISS FT by BARRETT,JORDAN",2,free throw,missed,hendrix,"barrett,jordan",,"['van,ryan', 'collins,luke', 'watson,shane', 'sledge,tate', 'gallagher,michael']","['mcneill,kaitlin', 'tate,jamie', 'roland,will', 'nikolovski,drew', 'barrett,jordan']",777
329,2872,Hendrix,Rhodes,1,56-54,"28,26","34,22",4-4,4-3,0-1,1-0,12/04/13,8 p.m.,N/A,"Conway, Ark. (Grove Gymnasium)",Lose,2,False,385,False,--,"REBOUND DEF by LIVSEY,GEOFF",43 ,,37,,,,"REBOUND DEF by LIVSEY,GEOFF",2,defensive rebound,,rhodes,"livsey,geoff",,"['van,ryan', 'collins,luke', 'watson,shane', 'sledge,tate', 'gallagher,michael']","['mcneill,kaitlin', 'tate,jamie', 'roland,will', 'nikolovski,drew', 'barrett,jordan']",
330,2872,Hendrix,Rhodes,1,56-54,"28,26","34,22",4-4,4-3,0-1,1-0,12/04/13,8 p.m.,N/A,"Conway, Ark. (Grove Gymnasium)",Lose,2,False,385,False,12:57,,43 ,,37,"SUB IN by ROLAND,WILL",,,"SUB IN by ROLAND,WILL",2,subbing in,,hendrix,"roland,will",,"['van,ryan', 'collins,luke', 'watson,shane', 'sledge,tate', 'gallagher,michael']","['mcneill,kaitlin', 'tate,jamie', 'roland,will', 'nikolovski,drew', 'barrett,jordan']",777
331,2872,Hendrix,Rhodes,1,56-54,"28,26","34,22",4-4,4-3,0-1,1-0,12/04/13,8 p.m.,N/A,"Conway, Ark. (Grove Gymnasium)",Lose,2,False,385,False,12:57,,43 ,,37,"SUB OUT by MENDENALL,HAYLEE",,,"SUB OUT by MENDENALL,HAYLEE",2,subbing out,,hendrix,"mendenall,haylee",,"['van,ryan', 'collins,luke', 'watson,shane', 'sledge,tate', 'gallagher,michael']","['mcneill,kaitlin', 'tate,jamie', 'roland,will', 'nikolovski,drew', 'barrett,jordan']",777
332,2872,Hendrix,Rhodes,1,56-54,"28,26","34,22",4-4,4-3,0-1,1-0,12/04/13,8 p.m.,N/A,"Conway, Ark. (Grove Gymnasium)",Lose,2,False,385,False,12:37,"MISS JUMPER by LIVSEY,GEOFF",43 ,,37,,,,"MISS JUMPER by LIVSEY,GEOFF",2,jumper,missed,rhodes,"livsey,geoff",,"['van,ryan', 'collins,luke', 'watson,shane', 'sledge,tate', 'gallagher,michael']","['mcneill,kaitlin', 'tate,jamie', 'roland,will', 'nikolovski,drew', 'barrett,jordan']",757
333,2872,Hendrix,Rhodes,1,56-54,"28,26","34,22",4-4,4-3,0-1,1-0,12/04/13,8 p.m.,N/A,"Conway, Ark. (Grove Gymnasium)",Lose,2,False,385,False,--,,43 ,,37,"REBOUND DEF by TATE,JAMIE",,,"REBOUND DEF by TATE,JAMIE",2,defensive rebound,,hendrix,"tate,jamie",,"['van,ryan', 'collins,luke', 'watson,shane', 'sledge,tate', 'gallagher,michael']","['mcneill,kaitlin', 'tate,jamie', 'roland,will', 'nikolovski,drew', 'barrett,jordan']",
334,2872,Hendrix,Rhodes,1,56-54,"28,26","34,22",4-4,4-3,0-1,1-0,12/04/13,8 p.m.,N/A,"Conway, Ark. (Grove Gymnasium)",Lose,2,False,385,False,12:35,"FOUL  by SLEDGE,TATE",43 ,,37,,,,"FOUL  by SLEDGE,TATE",2,foul,,rhodes,"sledge,tate",,"['van,ryan', 'collins,luke', 'watson,shane', 'sledge,tate', 'gallagher,michael']","['mcneill,kaitlin', 'tate,jamie', 'roland,will', 'nikolovski,drew', 'barrett,jordan']",755
335,2872,Hendrix,Rhodes,1,56-54,"28,26","34,22",4-4,4-3,0-1,1-0,12/04/13,8 p.m.,N/A,"Conway, Ark. (Grove Gymnasium)",Lose,2,False,385,False,12:21,,43 ,,37,"MISS JUMPER by MCNEILL,KAITLIN",,,"MISS JUMPER by MCNEILL,KAITLIN",2,jumper,missed,hendrix,"mcneill,kaitlin",,"['van,ryan', 'collins,luke', 'watson,shane', 'sledge,tate', 'gallagher,michael']","['mcneill,kaitlin', 'tate,jamie', 'roland,will', 'nikolovski,drew', 'barrett,jordan']",741
336,2872,Hendrix,Rhodes,1,56-54,"28,26","34,22",4-4,4-3,0-1,1-0,12/04/13,8 p.m.,N/A,"Conway, Ark. (Grove Gymnasium)",Lose,2,False,385,False,--,"REBOUND DEF by DUNAVANT,JOHNNY",43 ,,37,,,,"REBOUND DEF by DUNAVANT,JOHNNY",2,defensive rebound,,rhodes,"dunavant,johnny",,"['van,ryan', 'collins,luke', 'watson,shane', 'sledge,tate', 'gallagher,michael']","['mcneill,kaitlin', 'tate,jamie', 'roland,will', 'nikolovski,drew', 'barrett,jordan']",
337,2872,Hendrix,Rhodes,1,56-54,"28,26","34,22",4-4,4-3,0-1,1-0,12/04/13,8 p.m.,N/A,"Conway, Ark. (Grove Gymnasium)",Lose,2,False,385,False,12:08,"MISS 3PTR by DUNAVANT,JOHNNY",43 ,,37,,,,"MISS 3PTR by DUNAVANT,JOHNNY",2,three pointer,missed,rhodes,"dunavant,johnny",,"['van,ryan', 'collins,luke', 'watson,shane', 'sledge,tate', 'gallagher,michael']","['mcneill,kaitlin', 'tate,jamie', 'roland,will', 'nikolovski,drew', 'barrett,jordan']",728
338,2872,Hendrix,Rhodes,1,56-54,"28,26","34,22",4-4,4-3,0-1,1-0,12/04/13,8 p.m.,N/A,"Conway, Ark. (Grove Gymnasium)",Lose,2,False,385,False,--,,43 ,,37,REBOUND DEF by TEAM,,,REBOUND DEF by TEAM,2,defensive rebound,,hendrix,,,"['van,ryan', 'collins,luke', 'watson,shane', 'sledge,tate', 'gallagher,michael']","['mcneill,kaitlin', 'tate,jamie', 'roland,will', 'nikolovski,drew', 'barrett,jordan']",
339,2872,Hendrix,Rhodes,1,56-54,"28,26","34,22",4-4,4-3,0-1,1-0,12/04/13,8 p.m.,N/A,"Conway, Ark. (Grove Gymnasium)",Lose,2,False,385,False,11:58,"FOUL  by HOECK,RYAN VAN",43 ,,37,,,,"FOUL  by HOECK,RYAN VAN",2,foul,,rhodes,"hoeck,ryan van",,"['van,ryan', 'collins,luke', 'watson,shane', 'sledge,tate', 'gallagher,michael']","['mcneill,kaitlin', 'tate,jamie', 'roland,will', 'nikolovski,drew', 'barrett,jordan']",718
340,2872,Hendrix,Rhodes,1,56-54,"28,26","34,22",4-4,4-3,0-1,1-0,12/04/13,8 p.m.,N/A,"Conway, Ark. (Grove Gymnasium)",Lose,2,False,385,False,11:56,,43 ,,37,"TURNOVER  by BARRETT,JORDAN",,,"TURNOVER  by BARRETT,JORDAN",2,turnover,,hendrix,"barrett,jordan",,"['van,ryan', 'collins,luke', 'watson,shane', 'sledge,tate', 'gallagher,michael']","['mcneill,kaitlin', 'tate,jamie', 'roland,will', 'nikolovski,drew', 'barrett,jordan']",716
341,2872,Hendrix,Rhodes,1,56-54,"28,26","34,22",4-4,4-3,0-1,1-0,12/04/13,8 p.m.,N/A,"Conway, Ark. (Grove Gymnasium)",Lose,2,False,385,False,11:55,"STEAL  by GALLAGHER,MICHAEL",43 ,,37,,,,"STEAL  by GALLAGHER,MICHAEL",2,steal,,rhodes,,,"['van,ryan', 'collins,luke', 'watson,shane', 'sledge,tate', 'gallagher,michael']","['mcneill,kaitlin', 'tate,jamie', 'roland,will', 'nikolovski,drew', 'barrett,jordan']",715
342,2872,Hendrix,Rhodes,1,56-54,"28,26","34,22",4-4,4-3,0-1,1-0,12/04/13,8 p.m.,N/A,"Conway, Ark. (Grove Gymnasium)",Lose,2,False,385,False,11:38,,43 ,,37,"FOUL  by ROLAND,WILL",,,"FOUL  by ROLAND,WILL",2,foul,,hendrix,"roland,will",,"['van,ryan', 'collins,luke', 'watson,shane', 'sledge,tate', 'gallagher,michael']","['mcneill,kaitlin', 'tate,jamie', 'roland,will', 'nikolovski,drew', 'barrett,jordan']",698
343,2872,Hendrix,Rhodes,1,56-54,"28,26","34,22",4-4,4-3,0-1,1-0,12/04/13,8 p.m.,N/A,"Conway, Ark. (Grove Gymnasium)",Lose,2,False,385,False,11:38,"MISS FT by SLEDGE,TATE",43 ,,37,,,,"MISS FT by SLEDGE,TATE",2,free throw,missed,rhodes,"sledge,tate",,"['van,ryan', 'collins,luke', 'watson,shane', 'sledge,tate', 'gallagher,michael']","['mcneill,kaitlin', 'tate,jamie', 'roland,will', 'nikolovski,drew', 'barrett,jordan']",698
344,2872,Hendrix,Rhodes,1,56-54,"28,26","34,22",4-4,4-3,0-1,1-0,12/04/13,8 p.m.,N/A,"Conway, Ark. (Grove Gymnasium)",Lose,2,False,385,False,--,REBOUND DEADB by TEAM,43 ,,37,,,,REBOUND DEADB by TEAM,2,deadball rebound,,rhodes,,,"['van,ryan', 'collins,luke', 'watson,shane', 'sledge,tate', 'gallagher,michael']","['mcneill,kaitlin', 'tate,jamie', 'roland,will', 'nikolovski,drew', 'barrett,jordan']",
345,2872,Hendrix,Rhodes,1,56-54,"28,26","34,22",4-4,4-3,0-1,1-0,12/04/13,8 p.m.,N/A,"Conway, Ark. (Grove Gymnasium)",Lose,2,False,385,False,11:38,"GOOD FT by SLEDGE,TATE",44 ,,37,,RHODESMB 44-37 (+7),,"GOOD FT by SLEDGE,TATE",2,free throw,good,rhodes,"sledge,tate",1,"['van,ryan', 'collins,luke', 'watson,shane', 'sledge,tate', 'gallagher,michael']","['mcneill,kaitlin', 'tate,jamie', 'roland,will', 'nikolovski,drew', 'barrett,jordan']",698
346,2872,Hendrix,Rhodes,1,56-54,"28,26","34,22",4-4,4-3,0-1,1-0,12/04/13,8 p.m.,N/A,"Conway, Ark. (Grove Gymnasium)",Lose,2,False,385,False,11:38,"SUB IN by MILLER,DREW",44 ,,37,,,,"SUB IN by MILLER,DREW",2,subbing in,,rhodes,"miller,drew",,"['van,ryan', 'collins,luke', 'watson,shane', 'sledge,tate', 'gallagher,michael', 'miller,drew']","['mcneill,kaitlin', 'tate,jamie', 'roland,will', 'nikolovski,drew', 'barrett,jordan']",698
347,2872,Hendrix,Rhodes,1,56-54,"28,26","34,22",4-4,4-3,0-1,1-0,12/04/13,8 p.m.,N/A,"Conway, Ark. (Grove Gymnasium)",Lose,2,False,385,False,11:38,"SUB IN by MCGRAIL,PATRICK",44 ,,37,,,,"SUB IN by MCGRAIL,PATRICK",2,subbing in,,rhodes,"mcgrail,patrick",,"['van,ryan', 'collins,luke', 'watson,shane', 'sledge,tate', 'gallagher,michael', 'miller,drew', 'mcgrail,patrick']","['mcneill,kaitlin', 'tate,jamie', 'roland,will', 'nikolovski,drew', 'barrett,jordan']",698
348,2872,Hendrix,Rhodes,1,56-54,"28,26","34,22",4-4,4-3,0-1,1-0,12/04/13,8 p.m.,N/A,"Conway, Ark. (Grove Gymnasium)",Lose,2,False,385,False,11:38,"SUB IN by WAGNER,MATT",44 ,,37,,,,"SUB IN by WAGNER,MATT",2,subbing in,,rhodes,"wagner,matt",,"['van,ryan', 'collins,luke', 'watson,shane', 'sledge,tate', 'gallagher,michael', 'miller,drew', 'mcgrail,patrick', 'wagner,matt']","['mcneill,kaitlin', 'tate,jamie', 'roland,will', 'nikolovski,drew', 'barrett,jordan']",698
349,2872,Hendrix,Rhodes,1,56-54,"28,26","34,22",4-4,4-3,0-1,1-0,12/04/13,8 p.m.,N/A,"Conway, Ark. (Grove Gymnasium)",Lose,2,False,385,False,11:38,"SUB OUT by COLLINS,LUKE",44 ,,37,,,,"SUB OUT by COLLINS,LUKE",2,subbing out,,rhodes,"collins,luke",,"['van,ryan', 'watson,shane', 'sledge,tate', 'gallagher,michael', 'miller,drew', 'mcgrail,patrick', 'wagner,matt']","['mcneill,kaitlin', 'tate,jamie', 'roland,will', 'nikolovski,drew', 'barrett,jordan']",698
350,2872,Hendrix,Rhodes,1,56-54,"28,26","34,22",4-4,4-3,0-1,1-0,12/04/13,8 p.m.,N/A,"Conway, Ark. (Grove Gymnasium)",Lose,2,False,385,False,11:38,"SUB OUT by GALLAGHER,MICHAEL",44 ,,37,,,,"SUB OUT by GALLAGHER,MICHAEL",2,subbing out,,rhodes,"gallagher,michael",,"['van,ryan', 'watson,shane', 'sledge,tate', 'miller,drew', 'mcgrail,patrick', 'wagner,matt']","['mcneill,kaitlin', 'tate,jamie', 'roland,will', 'nikolovski,drew', 'barrett,jordan']",698
351,2872,Hendrix,Rhodes,1,56-54,"28,26","34,22",4-4,4-3,0-1,1-0,12/04/13,8 p.m.,N/A,"Conway, Ark. (Grove Gymnasium)",Lose,2,False,385,False,11:38,"SUB OUT by LIVSEY,GEOFF",44 ,,37,,,,"SUB OUT by LIVSEY,GEOFF",2,subbing out,,rhodes,"livsey,geoff",,"['van,ryan', 'watson,shane', 'sledge,tate', 'miller,drew', 'mcgrail,patrick', 'wagner,matt']","['mcneill,kaitlin', 'tate,jamie', 'roland,will', 'nikolovski,drew', 'barrett,jordan']",698
352,2872,Hendrix,Rhodes,1,56-54,"28,26","34,22",4-4,4-3,0-1,1-0,12/04/13,8 p.m.,N/A,"Conway, Ark. (Grove Gymnasium)",Lose,2,False,385,False,11:38,,44 ,,37,"SUB IN by ALDOUS,HANK",,,"SUB IN by ALDOUS,HANK",2,subbing in,,hendrix,"aldous,hank",,"['van,ryan', 'watson,shane', 'sledge,tate', 'miller,drew', 'mcgrail,patrick', 'wagner,matt']","['mcneill,kaitlin', 'tate,jamie', 'roland,will', 'nikolovski,drew', 'barrett,jordan']",698
353,2872,Hendrix,Rhodes,1,56-54,"28,26","34,22",4-4,4-3,0-1,1-0,12/04/13,8 p.m.,N/A,"Conway, Ark. (Grove Gymnasium)",Lose,2,False,385,False,11:38,,44 ,,37,"SUB OUT by TAULTON,JORDAN",,,"SUB OUT by TAULTON,JORDAN",2,subbing out,,hendrix,"taulton,jordan",,"['van,ryan', 'watson,shane', 'sledge,tate', 'miller,drew', 'mcgrail,patrick', 'wagner,matt']","['mcneill,kaitlin', 'tate,jamie', 'roland,will', 'nikolovski,drew', 'barrett,jordan']",698
354,2872,Hendrix,Rhodes,1,56-54,"28,26","34,22",4-4,4-3,0-1,1-0,12/04/13,8 p.m.,N/A,"Conway, Ark. (Grove Gymnasium)",Lose,2,False,385,False,11:21,,44 ,,39,"GOOD LAYUP by BARRETT,JORDAN(in the paint)",HC 44-39 (+5),,"GOOD LAYUP by BARRETT,JORDAN(in the paint)",2,layup,good,hendrix,"barrett,jordan",2,"['van,ryan', 'watson,shane', 'sledge,tate', 'miller,drew', 'mcgrail,patrick', 'wagner,matt']","['mcneill,kaitlin', 'tate,jamie', 'roland,will', 'nikolovski,drew', 'barrett,jordan']",681
355,2872,Hendrix,Rhodes,1,56-54,"28,26","34,22",4-4,4-3,0-1,1-0,12/04/13,8 p.m.,N/A,"Conway, Ark. (Grove Gymnasium)",Lose,2,False,385,False,11:21,"FOUL  by MCGRAIL,PATRICK",44 ,,39,,,,"FOUL  by MCGRAIL,PATRICK",2,foul,,rhodes,"mcgrail,patrick",,"['van,ryan', 'watson,shane', 'sledge,tate', 'miller,drew', 'mcgrail,patrick', 'wagner,matt']","['mcneill,kaitlin', 'tate,jamie', 'roland,will', 'nikolovski,drew', 'barrett,jordan']",681
356,2872,Hendrix,Rhodes,1,56-54,"28,26","34,22",4-4,4-3,0-1,1-0,12/04/13,8 p.m.,N/A,"Conway, Ark. (Grove Gymnasium)",Lose,2,False,385,False,11:21,,44 ,,39,"MISS FT by BARRETT,JORDAN",,,"MISS FT by BARRETT,JORDAN",2,free throw,missed,hendrix,"barrett,jordan",,"['van,ryan', 'watson,shane', 'sledge,tate', 'miller,drew', 'mcgrail,patrick', 'wagner,matt']","['mcneill,kaitlin', 'tate,jamie', 'roland,will', 'nikolovski,drew', 'barrett,jordan']",681
357,2872,Hendrix,Rhodes,1,56-54,"28,26","34,22",4-4,4-3,0-1,1-0,12/04/13,8 p.m.,N/A,"Conway, Ark. (Grove Gymnasium)",Lose,2,False,385,False,--,"REBOUND DEF by WAGNER,MATT",44 ,,39,,,,"REBOUND DEF by WAGNER,MATT",2,defensive rebound,,rhodes,"wagner,matt",,"['van,ryan', 'watson,shane', 'sledge,tate', 'miller,drew', 'mcgrail,patrick', 'wagner,matt']","['mcneill,kaitlin', 'tate,jamie', 'roland,will', 'nikolovski,drew', 'barrett,jordan']",
358,2872,Hendrix,Rhodes,1,56-54,"28,26","34,22",4-4,4-3,0-1,1-0,12/04/13,8 p.m.,N/A,"Conway, Ark. (Grove Gymnasium)",Lose,2,False,385,False,10:58,,44 ,,39,"FOUL  by ROLAND,WILL",,,"FOUL  by ROLAND,WILL",2,foul,,hendrix,"roland,will",,"['van,ryan', 'watson,shane', 'sledge,tate', 'miller,drew', 'mcgrail,patrick', 'wagner,matt']","['mcneill,kaitlin', 'tate,jamie', 'roland,will', 'nikolovski,drew', 'barrett,jordan']",658
359,2872,Hendrix,Rhodes,1,56-54,"28,26","34,22",4-4,4-3,0-1,1-0,12/04/13,8 p.m.,N/A,"Conway, Ark. (Grove Gymnasium)",Lose,2,False,385,False,10:58,"MISS FT by SLEDGE,TATE",44 ,,39,,,,"MISS FT by SLEDGE,TATE",2,free throw,missed,rhodes,"sledge,tate",,"['van,ryan', 'watson,shane', 'sledge,tate', 'miller,drew', 'mcgrail,patrick', 'wagner,matt']","['mcneill,kaitlin', 'tate,jamie', 'roland,will', 'nikolovski,drew', 'barrett,jordan']",658
360,2872,Hendrix,Rhodes,1,56-54,"28,26","34,22",4-4,4-3,0-1,1-0,12/04/13,8 p.m.,N/A,"Conway, Ark. (Grove Gymnasium)",Lose,2,False,385,False,--,REBOUND DEADB by TEAM,44 ,,39,,,,REBOUND DEADB by TEAM,2,deadball rebound,,rhodes,,,"['van,ryan', 'watson,shane', 'sledge,tate', 'miller,drew', 'mcgrail,patrick', 'wagner,matt']","['mcneill,kaitlin', 'tate,jamie', 'roland,will', 'nikolovski,drew', 'barrett,jordan']",
361,2872,Hendrix,Rhodes,1,56-54,"28,26","34,22",4-4,4-3,0-1,1-0,12/04/13,8 p.m.,N/A,"Conway, Ark. (Grove Gymnasium)",Lose,2,False,385,False,10:58,"GOOD FT by SLEDGE,TATE",45 ,,39,,RHODESMB 45-39 (+6),,"GOOD FT by SLEDGE,TATE",2,free throw,good,rhodes,"sledge,tate",1,"['van,ryan', 'watson,shane', 'sledge,tate', 'miller,drew', 'mcgrail,patrick', 'wagner,matt']","['mcneill,kaitlin', 'tate,jamie', 'roland,will', 'nikolovski,drew', 'barrett,jordan']",658
362,2872,Hendrix,Rhodes,1,56-54,"28,26","34,22",4-4,4-3,0-1,1-0,12/04/13,8 p.m.,N/A,"Conway, Ark. (Grove Gymnasium)",Lose,2,False,385,False,10:48,,45 ,,39,"MISS JUMPER by ALDOUS,HANK",,,"MISS JUMPER by ALDOUS,HANK",2,jumper,missed,hendrix,"aldous,hank",,"['van,ryan', 'watson,shane', 'sledge,tate', 'miller,drew', 'mcgrail,patrick', 'wagner,matt']","['mcneill,kaitlin', 'tate,jamie', 'roland,will', 'nikolovski,drew', 'barrett,jordan']",648
363,2872,Hendrix,Rhodes,1,56-54,"28,26","34,22",4-4,4-3,0-1,1-0,12/04/13,8 p.m.,N/A,"Conway, Ark. (Grove Gymnasium)",Lose,2,False,385,False,--,"REBOUND DEF by WAGNER,MATT",45 ,,39,,,,"REBOUND DEF by WAGNER,MATT",2,defensive rebound,,rhodes,"wagner,matt",,"['van,ryan', 'watson,shane', 'sledge,tate', 'miller,drew', 'mcgrail,patrick', 'wagner,matt']","['mcneill,kaitlin', 'tate,jamie', 'roland,will', 'nikolovski,drew', 'barrett,jordan']",
364,2872,Hendrix,Rhodes,1,56-54,"28,26","34,22",4-4,4-3,0-1,1-0,12/04/13,8 p.m.,N/A,"Conway, Ark. (Grove Gymnasium)",Lose,2,False,385,False,10:12,"MISS LAYUP by SLEDGE,TATE",45 ,,39,,,,"MISS LAYUP by SLEDGE,TATE",2,layup,missed,rhodes,"sledge,tate",,"['van,ryan', 'watson,shane', 'sledge,tate', 'miller,drew', 'mcgrail,patrick', 'wagner,matt']","['mcneill,kaitlin', 'tate,jamie', 'roland,will', 'nikolovski,drew', 'barrett,jordan']",612
365,2872,Hendrix,Rhodes,1,56-54,"28,26","34,22",4-4,4-3,0-1,1-0,12/04/13,8 p.m.,N/A,"Conway, Ark. (Grove Gymnasium)",Lose,2,False,385,False,--,,45 ,,39,"REBOUND DEF by ALDOUS,HANK",,,"REBOUND DEF by ALDOUS,HANK",2,defensive rebound,,hendrix,"aldous,hank",,"['van,ryan', 'watson,shane', 'sledge,tate', 'miller,drew', 'mcgrail,patrick', 'wagner,matt']","['mcneill,kaitlin', 'tate,jamie', 'roland,will', 'nikolovski,drew', 'barrett,jordan']",
366,2872,Hendrix,Rhodes,1,56-54,"28,26","34,22",4-4,4-3,0-1,1-0,12/04/13,8 p.m.,N/A,"Conway, Ark. (Grove Gymnasium)",Lose,2,False,385,False,10:06,,45 ,,39,"TURNOVER  by BARRETT,JORDAN",,,"TURNOVER  by BARRETT,JORDAN",2,turnover,,hendrix,"barrett,jordan",,"['van,ryan', 'watson,shane', 'sledge,tate', 'miller,drew', 'mcgrail,patrick', 'wagner,matt']","['mcneill,kaitlin', 'tate,jamie', 'roland,will', 'nikolovski,drew', 'barrett,jordan']",606
367,2872,Hendrix,Rhodes,1,56-54,"28,26","34,22",4-4,4-3,0-1,1-0,12/04/13,8 p.m.,N/A,"Conway, Ark. (Grove Gymnasium)",Lose,2,False,385,False,09:42,"MISS JUMPER by DUNAVANT,JOHNNY",45 ,,39,,,,"MISS JUMPER by DUNAVANT,JOHNNY",2,jumper,missed,rhodes,"dunavant,johnny",,"['van,ryan', 'watson,shane', 'sledge,tate', 'miller,drew', 'mcgrail,patrick', 'wagner,matt']","['mcneill,kaitlin', 'tate,jamie', 'roland,will', 'nikolovski,drew', 'barrett,jordan']",582
368,2872,Hendrix,Rhodes,1,56-54,"28,26","34,22",4-4,4-3,0-1,1-0,12/04/13,8 p.m.,N/A,"Conway, Ark. (Grove Gymnasium)",Lose,2,False,385,False,09:42,,45 ,,39,"BLOCK  by MCNEILL,KAITLIN",,,"BLOCK  by MCNEILL,KAITLIN",2,block,,hendrix,"mcneill,kaitlin",,"['van,ryan', 'watson,shane', 'sledge,tate', 'miller,drew', 'mcgrail,patrick', 'wagner,matt']","['mcneill,kaitlin', 'tate,jamie', 'roland,will', 'nikolovski,drew', 'barrett,jordan']",582
369,2872,Hendrix,Rhodes,1,56-54,"28,26","34,22",4-4,4-3,0-1,1-0,12/04/13,8 p.m.,N/A,"Conway, Ark. (Grove Gymnasium)",Lose,2,False,385,False,--,"REBOUND OFF by MILLER,DREW",45 ,,39,,,,"REBOUND OFF by MILLER,DREW",2,offensive rebound,,rhodes,"miller,drew",,"['van,ryan', 'watson,shane', 'sledge,tate', 'miller,drew', 'mcgrail,patrick', 'wagner,matt']","['mcneill,kaitlin', 'tate,jamie', 'roland,will', 'nikolovski,drew', 'barrett,jordan']",
370,2872,Hendrix,Rhodes,1,56-54,"28,26","34,22",4-4,4-3,0-1,1-0,12/04/13,8 p.m.,N/A,"Conway, Ark. (Grove Gymnasium)",Lose,2,False,385,False,09:37,,45 ,,39,"FOUL  by ALDOUS,HANK",,,"FOUL  by ALDOUS,HANK",2,foul,,hendrix,"aldous,hank",,"['van,ryan', 'watson,shane', 'sledge,tate', 'miller,drew', 'mcgrail,patrick', 'wagner,matt']","['mcneill,kaitlin', 'tate,jamie', 'roland,will', 'nikolovski,drew', 'barrett,jordan']",577
371,2872,Hendrix,Rhodes,1,56-54,"28,26","34,22",4-4,4-3,0-1,1-0,12/04/13,8 p.m.,N/A,"Conway, Ark. (Grove Gymnasium)",Lose,2,False,385,False,09:37,"MISS FT by MILLER,DREW",45 ,,39,,,,"MISS FT by MILLER,DREW",2,free throw,missed,rhodes,"miller,drew",,"['van,ryan', 'watson,shane', 'sledge,tate', 'miller,drew', 'mcgrail,patrick', 'wagner,matt']","['mcneill,kaitlin', 'tate,jamie', 'roland,will', 'nikolovski,drew', 'barrett,jordan']",577
372,2872,Hendrix,Rhodes,1,56-54,"28,26","34,22",4-4,4-3,0-1,1-0,12/04/13,8 p.m.,N/A,"Conway, Ark. (Grove Gymnasium)",Lose,2,False,385,False,--,REBOUND DEADB by TEAM,45 ,,39,,,,REBOUND DEADB by TEAM,2,deadball rebound,,rhodes,,,"['van,ryan', 'watson,shane', 'sledge,tate', 'miller,drew', 'mcgrail,patrick', 'wagner,matt']","['mcneill,kaitlin', 'tate,jamie', 'roland,will', 'nikolovski,drew', 'barrett,jordan']",
373,2872,Hendrix,Rhodes,1,56-54,"28,26","34,22",4-4,4-3,0-1,1-0,12/04/13,8 p.m.,N/A,"Conway, Ark. (Grove Gymnasium)",Lose,2,False,385,False,09:37,"GOOD FT by MILLER,DREW",46 ,,39,,RHODESMB 46-39 (+7),,"GOOD FT by MILLER,DREW",2,free throw,good,rhodes,"miller,drew",1,"['van,ryan', 'watson,shane', 'sledge,tate', 'miller,drew', 'mcgrail,patrick', 'wagner,matt']","['mcneill,kaitlin', 'tate,jamie', 'roland,will', 'nikolovski,drew', 'barrett,jordan']",577
374,2872,Hendrix,Rhodes,1,56-54,"28,26","34,22",4-4,4-3,0-1,1-0,12/04/13,8 p.m.,N/A,"Conway, Ark. (Grove Gymnasium)",Lose,2,False,385,False,09:37,"SUB IN by GALLAGHER,MICHAEL",46 ,,39,,,,"SUB IN by GALLAGHER,MICHAEL",2,subbing in,,rhodes,"gallagher,michael",,"['van,ryan', 'watson,shane', 'sledge,tate', 'miller,drew', 'mcgrail,patrick', 'wagner,matt']","['mcneill,kaitlin', 'tate,jamie', 'roland,will', 'nikolovski,drew', 'barrett,jordan']",577
375,2872,Hendrix,Rhodes,1,56-54,"28,26","34,22",4-4,4-3,0-1,1-0,12/04/13,8 p.m.,N/A,"Conway, Ark. (Grove Gymnasium)",Lose,2,False,385,False,09:37,"SUB OUT by MILLER,DREW",46 ,,39,,,,"SUB OUT by MILLER,DREW",2,subbing out,,rhodes,"miller,drew",,"['van,ryan', 'watson,shane', 'sledge,tate', 'mcgrail,patrick', 'wagner,matt']","['mcneill,kaitlin', 'tate,jamie', 'roland,will', 'nikolovski,drew', 'barrett,jordan']",577
376,2872,Hendrix,Rhodes,1,56-54,"28,26","34,22",4-4,4-3,0-1,1-0,12/04/13,8 p.m.,N/A,"Conway, Ark. (Grove Gymnasium)",Lose,2,False,385,False,09:37,,46 ,,39,"SUB IN by NIKOLOVSKI,DREW",,,"SUB IN by NIKOLOVSKI,DREW",2,subbing in,,hendrix,"nikolovski,drew",,"['van,ryan', 'watson,shane', 'sledge,tate', 'mcgrail,patrick', 'wagner,matt']","['mcneill,kaitlin', 'tate,jamie', 'roland,will', 'nikolovski,drew', 'barrett,jordan']",577
377,2872,Hendrix,Rhodes,1,56-54,"28,26","34,22",4-4,4-3,0-1,1-0,12/04/13,8 p.m.,N/A,"Conway, Ark. (Grove Gymnasium)",Lose,2,False,385,False,09:37,,46 ,,39,"SUB OUT by ALDOUS,HANK",,,"SUB OUT by ALDOUS,HANK",2,subbing out,,hendrix,"aldous,hank",,"['van,ryan', 'watson,shane', 'sledge,tate', 'mcgrail,patrick', 'wagner,matt']","['mcneill,kaitlin', 'tate,jamie', 'roland,will', 'nikolovski,drew', 'barrett,jordan']",577
378,2872,Hendrix,Rhodes,1,56-54,"28,26","34,22",4-4,4-3,0-1,1-0,12/04/13,8 p.m.,N/A,"Conway, Ark. (Grove Gymnasium)",Lose,2,False,385,False,09:25,,46 ,,39,"MISS 3PTR by MCNEILL,KAITLIN",,,"MISS 3PTR by MCNEILL,KAITLIN",2,three pointer,missed,hendrix,"mcneill,kaitlin",,"['van,ryan', 'watson,shane', 'sledge,tate', 'mcgrail,patrick', 'wagner,matt']","['mcneill,kaitlin', 'tate,jamie', 'roland,will', 'nikolovski,drew', 'barrett,jordan']",565
379,2872,Hendrix,Rhodes,1,56-54,"28,26","34,22",4-4,4-3,0-1,1-0,12/04/13,8 p.m.,N/A,"Conway, Ark. (Grove Gymnasium)",Lose,2,False,385,False,--,"REBOUND DEF by SLEDGE,TATE",46 ,,39,,,,"REBOUND DEF by SLEDGE,TATE",2,defensive rebound,,rhodes,"sledge,tate",,"['van,ryan', 'watson,shane', 'sledge,tate', 'mcgrail,patrick', 'wagner,matt']","['mcneill,kaitlin', 'tate,jamie', 'roland,will', 'nikolovski,drew', 'barrett,jordan']",
380,2872,Hendrix,Rhodes,1,56-54,"28,26","34,22",4-4,4-3,0-1,1-0,12/04/13,8 p.m.,N/A,"Conway, Ark. (Grove Gymnasium)",Lose,2,False,385,False,08:57,"MISS LAYUP by DUNAVANT,JOHNNY",46 ,,39,,,,"MISS LAYUP by DUNAVANT,JOHNNY",2,layup,missed,rhodes,"dunavant,johnny",,"['van,ryan', 'watson,shane', 'sledge,tate', 'mcgrail,patrick', 'wagner,matt']","['mcneill,kaitlin', 'tate,jamie', 'roland,will', 'nikolovski,drew', 'barrett,jordan']",537
381,2872,Hendrix,Rhodes,1,56-54,"28,26","34,22",4-4,4-3,0-1,1-0,12/04/13,8 p.m.,N/A,"Conway, Ark. (Grove Gymnasium)",Lose,2,False,385,False,--,"REBOUND OFF by WAGNER,MATT",46 ,,39,,,,"REBOUND OFF by WAGNER,MATT",2,offensive rebound,,rhodes,"wagner,matt",,"['van,ryan', 'watson,shane', 'sledge,tate', 'mcgrail,patrick', 'wagner,matt']","['mcneill,kaitlin', 'tate,jamie', 'roland,will', 'nikolovski,drew', 'barrett,jordan']",
382,2872,Hendrix,Rhodes,1,56-54,"28,26","34,22",4-4,4-3,0-1,1-0,12/04/13,8 p.m.,N/A,"Conway, Ark. (Grove Gymnasium)",Lose,2,False,385,False,08:56,,46 ,,39,"FOUL  by TATE,JAMIE",,,"FOUL  by TATE,JAMIE",2,foul,,hendrix,"tate,jamie",,"['van,ryan', 'watson,shane', 'sledge,tate', 'mcgrail,patrick', 'wagner,matt']","['mcneill,kaitlin', 'tate,jamie', 'roland,will', 'nikolovski,drew', 'barrett,jordan']",536
383,2872,Hendrix,Rhodes,1,56-54,"28,26","34,22",4-4,4-3,0-1,1-0,12/04/13,8 p.m.,N/A,"Conway, Ark. (Grove Gymnasium)",Lose,2,False,385,False,08:56,"MISS FT by WAGNER,MATT",46 ,,39,,,,"MISS FT by WAGNER,MATT",2,free throw,missed,rhodes,"wagner,matt",,"['van,ryan', 'watson,shane', 'sledge,tate', 'mcgrail,patrick', 'wagner,matt']","['mcneill,kaitlin', 'tate,jamie', 'roland,will', 'nikolovski,drew', 'barrett,jordan']",536
384,2872,Hendrix,Rhodes,1,56-54,"28,26","34,22",4-4,4-3,0-1,1-0,12/04/13,8 p.m.,N/A,"Conway, Ark. (Grove Gymnasium)",Lose,2,False,385,False,--,REBOUND DEADB by TEAM,46 ,,39,,,,REBOUND DEADB by TEAM,2,deadball rebound,,rhodes,,,"['van,ryan', 'watson,shane', 'sledge,tate', 'mcgrail,patrick', 'wagner,matt']","['mcneill,kaitlin', 'tate,jamie', 'roland,will', 'nikolovski,drew', 'barrett,jordan']",
385,2872,Hendrix,Rhodes,1,56-54,"28,26","34,22",4-4,4-3,0-1,1-0,12/04/13,8 p.m.,N/A,"Conway, Ark. (Grove Gymnasium)",Lose,2,False,385,False,08:56,"MISS FT by WAGNER,MATT",46 ,,39,,,,"MISS FT by WAGNER,MATT",2,free throw,missed,rhodes,"wagner,matt",,"['van,ryan', 'watson,shane', 'sledge,tate', 'mcgrail,patrick', 'wagner,matt']","['mcneill,kaitlin', 'tate,jamie', 'roland,will', 'nikolovski,drew', 'barrett,jordan']",536
386,2872,Hendrix,Rhodes,1,56-54,"28,26","34,22",4-4,4-3,0-1,1-0,12/04/13,8 p.m.,N/A,"Conway, Ark. (Grove Gymnasium)",Lose,2,False,385,False,--,,46 ,,39,"REBOUND DEF by TATE,JAMIE",,,"REBOUND DEF by TATE,JAMIE",2,defensive rebound,,hendrix,"tate,jamie",,"['van,ryan', 'watson,shane', 'sledge,tate', 'mcgrail,patrick', 'wagner,matt']","['mcneill,kaitlin', 'tate,jamie', 'roland,will', 'nikolovski,drew', 'barrett,jordan']",
387,2872,Hendrix,Rhodes,1,56-54,"28,26","34,22",4-4,4-3,0-1,1-0,12/04/13,8 p.m.,N/A,"Conway, Ark. (Grove Gymnasium)",Lose,2,False,385,False,08:41,"FOUL  by GALLAGHER,MICHAEL",46 ,,39,,,,"FOUL  by GALLAGHER,MICHAEL",2,foul,,rhodes,"gallagher,michael",,"['van,ryan', 'watson,shane', 'sledge,tate', 'mcgrail,patrick', 'wagner,matt']","['mcneill,kaitlin', 'tate,jamie', 'roland,will', 'nikolovski,drew', 'barrett,jordan']",521
388,2872,Hendrix,Rhodes,1,56-54,"28,26","34,22",4-4,4-3,0-1,1-0,12/04/13,8 p.m.,N/A,"Conway, Ark. (Grove Gymnasium)",Lose,2,False,385,False,08:41,,46 ,,39,"MISS FT by BARRETT,JORDAN",,,"MISS FT by BARRETT,JORDAN",2,free throw,missed,hendrix,"barrett,jordan",,"['van,ryan', 'watson,shane', 'sledge,tate', 'mcgrail,patrick', 'wagner,matt']","['mcneill,kaitlin', 'tate,jamie', 'roland,will', 'nikolovski,drew', 'barrett,jordan']",521
389,2872,Hendrix,Rhodes,1,56-54,"28,26","34,22",4-4,4-3,0-1,1-0,12/04/13,8 p.m.,N/A,"Conway, Ark. (Grove Gymnasium)",Lose,2,False,385,False,--,,46 ,,39,REBOUND DEADB by TEAM,,,REBOUND DEADB by TEAM,2,deadball rebound,,hendrix,,,"['van,ryan', 'watson,shane', 'sledge,tate', 'mcgrail,patrick', 'wagner,matt']","['mcneill,kaitlin', 'tate,jamie', 'roland,will', 'nikolovski,drew', 'barrett,jordan']",
390,2872,Hendrix,Rhodes,1,56-54,"28,26","34,22",4-4,4-3,0-1,1-0,12/04/13,8 p.m.,N/A,"Conway, Ark. (Grove Gymnasium)",Lose,2,False,385,False,08:41,,46 ,,40,"GOOD FT by BARRETT,JORDAN",HC 46-40 (+6),,"GOOD FT by BARRETT,JORDAN",2,free throw,good,hendrix,"barrett,jordan",1,"['van,ryan', 'watson,shane', 'sledge,tate', 'mcgrail,patrick', 'wagner,matt']","['mcneill,kaitlin', 'tate,jamie', 'roland,will', 'nikolovski,drew', 'barrett,jordan']",521
391,2872,Hendrix,Rhodes,1,56-54,"28,26","34,22",4-4,4-3,0-1,1-0,12/04/13,8 p.m.,N/A,"Conway, Ark. (Grove Gymnasium)",Lose,2,False,385,False,08:41,"SUB IN by HOECK,RYAN VAN",46 ,,40,,,,"SUB IN by HOECK,RYAN VAN",2,subbing in,,rhodes,"hoeck,ryan van",,"['van,ryan', 'watson,shane', 'sledge,tate', 'mcgrail,patrick', 'wagner,matt', 'hoeck,ryan van']","['mcneill,kaitlin', 'tate,jamie', 'roland,will', 'nikolovski,drew', 'barrett,jordan']",521
392,2872,Hendrix,Rhodes,1,56-54,"28,26","34,22",4-4,4-3,0-1,1-0,12/04/13,8 p.m.,N/A,"Conway, Ark. (Grove Gymnasium)",Lose,2,False,385,False,08:41,"SUB IN by COLLINS,LUKE",46 ,,40,,,,"SUB IN by COLLINS,LUKE",2,subbing in,,rhodes,"collins,luke",,"['van,ryan', 'watson,shane', 'sledge,tate', 'mcgrail,patrick', 'wagner,matt', 'hoeck,ryan van', 'collins,luke']","['mcneill,kaitlin', 'tate,jamie', 'roland,will', 'nikolovski,drew', 'barrett,jordan']",521
393,2872,Hendrix,Rhodes,1,56-54,"28,26","34,22",4-4,4-3,0-1,1-0,12/04/13,8 p.m.,N/A,"Conway, Ark. (Grove Gymnasium)",Lose,2,False,385,False,08:41,"SUB IN by LIVSEY,GEOFF",46 ,,40,,,,"SUB IN by LIVSEY,GEOFF",2,subbing in,,rhodes,"livsey,geoff",,"['van,ryan', 'watson,shane', 'sledge,tate', 'mcgrail,patrick', 'wagner,matt', 'hoeck,ryan van', 'collins,luke', 'livsey,geoff']","['mcneill,kaitlin', 'tate,jamie', 'roland,will', 'nikolovski,drew', 'barrett,jordan']",521
394,2872,Hendrix,Rhodes,1,56-54,"28,26","34,22",4-4,4-3,0-1,1-0,12/04/13,8 p.m.,N/A,"Conway, Ark. (Grove Gymnasium)",Lose,2,False,385,False,08:41,"SUB OUT by SLEDGE,TATE",46 ,,40,,,,"SUB OUT by SLEDGE,TATE",2,subbing out,,rhodes,"sledge,tate",,"['van,ryan', 'watson,shane', 'mcgrail,patrick', 'wagner,matt', 'hoeck,ryan van', 'collins,luke', 'livsey,geoff']","['mcneill,kaitlin', 'tate,jamie', 'roland,will', 'nikolovski,drew', 'barrett,jordan']",521
395,2872,Hendrix,Rhodes,1,56-54,"28,26","34,22",4-4,4-3,0-1,1-0,12/04/13,8 p.m.,N/A,"Conway, Ark. (Grove Gymnasium)",Lose,2,False,385,False,08:41,"SUB OUT by GALLAGHER,MICHAEL",46 ,,40,,,,"SUB OUT by GALLAGHER,MICHAEL",2,subbing out,,rhodes,"gallagher,michael",,"['van,ryan', 'watson,shane', 'mcgrail,patrick', 'wagner,matt', 'hoeck,ryan van', 'collins,luke', 'livsey,geoff']","['mcneill,kaitlin', 'tate,jamie', 'roland,will', 'nikolovski,drew', 'barrett,jordan']",521
396,2872,Hendrix,Rhodes,1,56-54,"28,26","34,22",4-4,4-3,0-1,1-0,12/04/13,8 p.m.,N/A,"Conway, Ark. (Grove Gymnasium)",Lose,2,False,385,False,08:41,"SUB OUT by WAGNER,MATT",46 ,,40,,,,"SUB OUT by WAGNER,MATT",2,subbing out,,rhodes,"wagner,matt",,"['van,ryan', 'watson,shane', 'mcgrail,patrick', 'wagner,matt', 'hoeck,ryan van', 'collins,luke', 'livsey,geoff']","['mcneill,kaitlin', 'tate,jamie', 'roland,will', 'nikolovski,drew', 'barrett,jordan']",521
397,2872,Hendrix,Rhodes,1,56-54,"28,26","34,22",4-4,4-3,0-1,1-0,12/04/13,8 p.m.,N/A,"Conway, Ark. (Grove Gymnasium)",Lose,2,False,385,False,08:41,,46 ,,40,"SUB IN by MENDENALL,HAYLEE",,,"SUB IN by MENDENALL,HAYLEE",2,subbing in,,hendrix,"mendenall,haylee",,"['van,ryan', 'watson,shane', 'mcgrail,patrick', 'wagner,matt', 'hoeck,ryan van', 'collins,luke', 'livsey,geoff']","['mcneill,kaitlin', 'tate,jamie', 'roland,will', 'nikolovski,drew', 'barrett,jordan', 'mendenall,haylee']",521
398,2872,Hendrix,Rhodes,1,56-54,"28,26","34,22",4-4,4-3,0-1,1-0,12/04/13,8 p.m.,N/A,"Conway, Ark. (Grove Gymnasium)",Lose,2,False,385,False,08:41,,46 ,,40,"SUB OUT by ROLAND,WILL",,,"SUB OUT by ROLAND,WILL",2,subbing out,,hendrix,"roland,will",,"['van,ryan', 'watson,shane', 'mcgrail,patrick', 'wagner,matt', 'hoeck,ryan van', 'collins,luke', 'livsey,geoff']","['mcneill,kaitlin', 'tate,jamie', 'nikolovski,drew', 'barrett,jordan', 'mendenall,haylee']",521
399,2872,Hendrix,Rhodes,1,56-54,"28,26","34,22",4-4,4-3,0-1,1-0,12/04/13,8 p.m.,N/A,"Conway, Ark. (Grove Gymnasium)",Lose,2,False,385,False,08:11,"TURNOVER  by LIVSEY,GEOFF",46 ,,40,,,,"TURNOVER  by LIVSEY,GEOFF",2,turnover,,rhodes,"livsey,geoff",,"['van,ryan', 'watson,shane', 'mcgrail,patrick', 'wagner,matt', 'hoeck,ryan van', 'collins,luke', 'livsey,geoff']","['mcneill,kaitlin', 'tate,jamie', 'nikolovski,drew', 'barrett,jordan', 'mendenall,haylee']",491
400,2872,Hendrix,Rhodes,1,56-54,"28,26","34,22",4-4,4-3,0-1,1-0,12/04/13,8 p.m.,N/A,"Conway, Ark. (Grove Gymnasium)",Lose,2,False,385,False,08:02,,46 ,,40,"MISS JUMPER by TATE,JAMIE",,,"MISS JUMPER by TATE,JAMIE",2,jumper,missed,hendrix,"tate,jamie",,"['van,ryan', 'watson,shane', 'mcgrail,patrick', 'wagner,matt', 'hoeck,ryan van', 'collins,luke', 'livsey,geoff']","['mcneill,kaitlin', 'tate,jamie', 'nikolovski,drew', 'barrett,jordan', 'mendenall,haylee']",482
401,2872,Hendrix,Rhodes,1,56-54,"28,26","34,22",4-4,4-3,0-1,1-0,12/04/13,8 p.m.,N/A,"Conway, Ark. (Grove Gymnasium)",Lose,2,False,385,False,--,"REBOUND DEF by HOECK,RYAN VAN",46 ,,40,,,,"REBOUND DEF by HOECK,RYAN VAN",2,defensive rebound,,rhodes,"hoeck,ryan van",,"['van,ryan', 'watson,shane', 'mcgrail,patrick', 'wagner,matt', 'hoeck,ryan van', 'collins,luke', 'livsey,geoff']","['mcneill,kaitlin', 'tate,jamie', 'nikolovski,drew', 'barrett,jordan', 'mendenall,haylee']",
402,2872,Hendrix,Rhodes,1,56-54,"28,26","34,22",4-4,4-3,0-1,1-0,12/04/13,8 p.m.,N/A,"Conway, Ark. (Grove Gymnasium)",Lose,2,False,385,False,07:46,"GOOD JUMPER by LIVSEY,GEOFF(in the paint)",48 ,,40,,RHODESMB 48-40 (+8),,"GOOD JUMPER by LIVSEY,GEOFF(in the paint)",2,jumper,good,rhodes,"livsey,geoff",2,"['van,ryan', 'watson,shane', 'mcgrail,patrick', 'wagner,matt', 'hoeck,ryan van', 'collins,luke', 'livsey,geoff']","['mcneill,kaitlin', 'tate,jamie', 'nikolovski,drew', 'barrett,jordan', 'mendenall,haylee']",466
403,2872,Hendrix,Rhodes,1,56-54,"28,26","34,22",4-4,4-3,0-1,1-0,12/04/13,8 p.m.,N/A,"Conway, Ark. (Grove Gymnasium)",Lose,2,False,385,False,--,"ASSIST  by MCGRAIL,PATRICK",48 ,,40,,,,"ASSIST  by MCGRAIL,PATRICK",2,assist,,rhodes,"mcgrail,patrick",,"['van,ryan', 'watson,shane', 'mcgrail,patrick', 'wagner,matt', 'hoeck,ryan van', 'collins,luke', 'livsey,geoff']","['mcneill,kaitlin', 'tate,jamie', 'nikolovski,drew', 'barrett,jordan', 'mendenall,haylee']",
404,2872,Hendrix,Rhodes,1,56-54,"28,26","34,22",4-4,4-3,0-1,1-0,12/04/13,8 p.m.,N/A,"Conway, Ark. (Grove Gymnasium)",Lose,2,False,385,False,07:37,,48 ,,40,TIMEOUT TEAM by TEAM,,,TIMEOUT TEAM by TEAM,2,timeout,,hendrix,,,"['van,ryan', 'watson,shane', 'mcgrail,patrick', 'wagner,matt', 'hoeck,ryan van', 'collins,luke', 'livsey,geoff']","['mcneill,kaitlin', 'tate,jamie', 'nikolovski,drew', 'barrett,jordan', 'mendenall,haylee']",457
405,2872,Hendrix,Rhodes,1,56-54,"28,26","34,22",4-4,4-3,0-1,1-0,12/04/13,8 p.m.,N/A,"Conway, Ark. (Grove Gymnasium)",Lose,2,False,385,False,07:28,,48 ,,42,"GOOD LAYUP by BARRETT,JORDAN(in the paint)",HC 48-42 (+6),,"GOOD LAYUP by BARRETT,JORDAN(in the paint)",2,layup,good,hendrix,"barrett,jordan",2,"['van,ryan', 'watson,shane', 'mcgrail,patrick', 'wagner,matt', 'hoeck,ryan van', 'collins,luke', 'livsey,geoff']","['mcneill,kaitlin', 'tate,jamie', 'nikolovski,drew', 'barrett,jordan', 'mendenall,haylee']",448
406,2872,Hendrix,Rhodes,1,56-54,"28,26","34,22",4-4,4-3,0-1,1-0,12/04/13,8 p.m.,N/A,"Conway, Ark. (Grove Gymnasium)",Lose,2,False,385,False,07:28,"FOUL  by LIVSEY,GEOFF",48 ,,42,,,,"FOUL  by LIVSEY,GEOFF",2,foul,,rhodes,"livsey,geoff",,"['van,ryan', 'watson,shane', 'mcgrail,patrick', 'wagner,matt', 'hoeck,ryan van', 'collins,luke', 'livsey,geoff']","['mcneill,kaitlin', 'tate,jamie', 'nikolovski,drew', 'barrett,jordan', 'mendenall,haylee']",448
407,2872,Hendrix,Rhodes,1,56-54,"28,26","34,22",4-4,4-3,0-1,1-0,12/04/13,8 p.m.,N/A,"Conway, Ark. (Grove Gymnasium)",Lose,2,False,385,False,07:28,,48 ,,43,"GOOD FT by BARRETT,JORDAN",HC 48-43 (+5),,"GOOD FT by BARRETT,JORDAN",2,free throw,good,hendrix,"barrett,jordan",1,"['van,ryan', 'watson,shane', 'mcgrail,patrick', 'wagner,matt', 'hoeck,ryan van', 'collins,luke', 'livsey,geoff']","['mcneill,kaitlin', 'tate,jamie', 'nikolovski,drew', 'barrett,jordan', 'mendenall,haylee']",448
408,2872,Hendrix,Rhodes,1,56-54,"28,26","34,22",4-4,4-3,0-1,1-0,12/04/13,8 p.m.,N/A,"Conway, Ark. (Grove Gymnasium)",Lose,2,False,385,False,07:28,"SUB IN by SLEDGE,TATE",48 ,,43,,,,"SUB IN by SLEDGE,TATE",2,subbing in,,rhodes,"sledge,tate",,"['van,ryan', 'watson,shane', 'mcgrail,patrick', 'wagner,matt', 'hoeck,ryan van', 'collins,luke', 'livsey,geoff', 'sledge,tate']","['mcneill,kaitlin', 'tate,jamie', 'nikolovski,drew', 'barrett,jordan', 'mendenall,haylee']",448
409,2872,Hendrix,Rhodes,1,56-54,"28,26","34,22",4-4,4-3,0-1,1-0,12/04/13,8 p.m.,N/A,"Conway, Ark. (Grove Gymnasium)",Lose,2,False,385,False,07:28,"SUB OUT by LIVSEY,GEOFF",48 ,,43,,,,"SUB OUT by LIVSEY,GEOFF",2,subbing out,,rhodes,"livsey,geoff",,"['van,ryan', 'watson,shane', 'mcgrail,patrick', 'wagner,matt', 'hoeck,ryan van', 'collins,luke', 'sledge,tate']","['mcneill,kaitlin', 'tate,jamie', 'nikolovski,drew', 'barrett,jordan', 'mendenall,haylee']",448
410,2872,Hendrix,Rhodes,1,56-54,"28,26","34,22",4-4,4-3,0-1,1-0,12/04/13,8 p.m.,N/A,"Conway, Ark. (Grove Gymnasium)",Lose,2,False,385,False,07:12,"MISS 3PTR by DUNAVANT,JOHNNY",48 ,,43,,,,"MISS 3PTR by DUNAVANT,JOHNNY",2,three pointer,missed,rhodes,"dunavant,johnny",,"['van,ryan', 'watson,shane', 'mcgrail,patrick', 'wagner,matt', 'hoeck,ryan van', 'collins,luke', 'sledge,tate']","['mcneill,kaitlin', 'tate,jamie', 'nikolovski,drew', 'barrett,jordan', 'mendenall,haylee']",432
411,2872,Hendrix,Rhodes,1,56-54,"28,26","34,22",4-4,4-3,0-1,1-0,12/04/13,8 p.m.,N/A,"Conway, Ark. (Grove Gymnasium)",Lose,2,False,385,False,--,"REBOUND OFF by LIVSEY,GEOFF",48 ,,43,,,,"REBOUND OFF by LIVSEY,GEOFF",2,offensive rebound,,rhodes,"livsey,geoff",,"['van,ryan', 'watson,shane', 'mcgrail,patrick', 'wagner,matt', 'hoeck,ryan van', 'collins,luke', 'sledge,tate']","['mcneill,kaitlin', 'tate,jamie', 'nikolovski,drew', 'barrett,jordan', 'mendenall,haylee']",
412,2872,Hendrix,Rhodes,1,56-54,"28,26","34,22",4-4,4-3,0-1,1-0,12/04/13,8 p.m.,N/A,"Conway, Ark. (Grove Gymnasium)",Lose,2,False,385,False,06:50,"GOOD JUMPER by SLEDGE,TATE(in the paint)",50 ,,43,,RHODESMB 50-43 (+7),,"GOOD JUMPER by SLEDGE,TATE(in the paint)",2,jumper,good,rhodes,"sledge,tate",2,"['van,ryan', 'watson,shane', 'mcgrail,patrick', 'wagner,matt', 'hoeck,ryan van', 'collins,luke', 'sledge,tate']","['mcneill,kaitlin', 'tate,jamie', 'nikolovski,drew', 'barrett,jordan', 'mendenall,haylee']",410
413,2872,Hendrix,Rhodes,1,56-54,"28,26","34,22",4-4,4-3,0-1,1-0,12/04/13,8 p.m.,N/A,"Conway, Ark. (Grove Gymnasium)",Lose,2,False,385,False,06:26,,50 ,,45,"GOOD LAYUP by MENDENALL,HAYLEE(in the paint)",HC 50-45 (+5),,"GOOD LAYUP by MENDENALL,HAYLEE(in the paint)",2,layup,good,hendrix,"mendenall,haylee",2,"['van,ryan', 'watson,shane', 'mcgrail,patrick', 'wagner,matt', 'hoeck,ryan van', 'collins,luke', 'sledge,tate']","['mcneill,kaitlin', 'tate,jamie', 'nikolovski,drew', 'barrett,jordan', 'mendenall,haylee']",386
414,2872,Hendrix,Rhodes,1,56-54,"28,26","34,22",4-4,4-3,0-1,1-0,12/04/13,8 p.m.,N/A,"Conway, Ark. (Grove Gymnasium)",Lose,2,False,385,False,--,,50 ,,45,"ASSIST  by TATE,JAMIE",,,"ASSIST  by TATE,JAMIE",2,assist,,hendrix,"tate,jamie",,"['van,ryan', 'watson,shane', 'mcgrail,patrick', 'wagner,matt', 'hoeck,ryan van', 'collins,luke', 'sledge,tate']","['mcneill,kaitlin', 'tate,jamie', 'nikolovski,drew', 'barrett,jordan', 'mendenall,haylee']",
415,2872,Hendrix,Rhodes,1,56-54,"28,26","34,22",4-4,4-3,0-1,1-0,12/04/13,8 p.m.,N/A,"Conway, Ark. (Grove Gymnasium)",Lose,2,False,385,False,06:03,,50 ,,45,"FOUL  by TATE,JAMIE",,,"FOUL  by TATE,JAMIE",2,foul,,hendrix,"tate,jamie",,"['van,ryan', 'watson,shane', 'mcgrail,patrick', 'wagner,matt', 'hoeck,ryan van', 'collins,luke', 'sledge,tate']","['mcneill,kaitlin', 'tate,jamie', 'nikolovski,drew', 'barrett,jordan', 'mendenall,haylee']",363
416,2872,Hendrix,Rhodes,1,56-54,"28,26","34,22",4-4,4-3,0-1,1-0,12/04/13,8 p.m.,N/A,"Conway, Ark. (Grove Gymnasium)",Lose,2,False,385,False,06:03,"MISS FT by LIVSEY,GEOFF",50 ,,45,,,,"MISS FT by LIVSEY,GEOFF",2,free throw,missed,rhodes,"livsey,geoff",,"['van,ryan', 'watson,shane', 'mcgrail,patrick', 'wagner,matt', 'hoeck,ryan van', 'collins,luke', 'sledge,tate']","['mcneill,kaitlin', 'tate,jamie', 'nikolovski,drew', 'barrett,jordan', 'mendenall,haylee']",363
417,2872,Hendrix,Rhodes,1,56-54,"28,26","34,22",4-4,4-3,0-1,1-0,12/04/13,8 p.m.,N/A,"Conway, Ark. (Grove Gymnasium)",Lose,2,False,385,False,--,REBOUND DEADB by TEAM,50 ,,45,,,,REBOUND DEADB by TEAM,2,deadball rebound,,rhodes,,,"['van,ryan', 'watson,shane', 'mcgrail,patrick', 'wagner,matt', 'hoeck,ryan van', 'collins,luke', 'sledge,tate']","['mcneill,kaitlin', 'tate,jamie', 'nikolovski,drew', 'barrett,jordan', 'mendenall,haylee']",
418,2872,Hendrix,Rhodes,1,56-54,"28,26","34,22",4-4,4-3,0-1,1-0,12/04/13,8 p.m.,N/A,"Conway, Ark. (Grove Gymnasium)",Lose,2,False,385,False,06:03,"MISS FT by LIVSEY,GEOFF",50 ,,45,,,,"MISS FT by LIVSEY,GEOFF",2,free throw,missed,rhodes,"livsey,geoff",,"['van,ryan', 'watson,shane', 'mcgrail,patrick', 'wagner,matt', 'hoeck,ryan van', 'collins,luke', 'sledge,tate']","['mcneill,kaitlin', 'tate,jamie', 'nikolovski,drew', 'barrett,jordan', 'mendenall,haylee']",363
419,2872,Hendrix,Rhodes,1,56-54,"28,26","34,22",4-4,4-3,0-1,1-0,12/04/13,8 p.m.,N/A,"Conway, Ark. (Grove Gymnasium)",Lose,2,False,385,False,--,,50 ,,45,"REBOUND DEF by TATE,JAMIE",,,"REBOUND DEF by TATE,JAMIE",2,defensive rebound,,hendrix,"tate,jamie",,"['van,ryan', 'watson,shane', 'mcgrail,patrick', 'wagner,matt', 'hoeck,ryan van', 'collins,luke', 'sledge,tate']","['mcneill,kaitlin', 'tate,jamie', 'nikolovski,drew', 'barrett,jordan', 'mendenall,haylee']",
420,2872,Hendrix,Rhodes,1,56-54,"28,26","34,22",4-4,4-3,0-1,1-0,12/04/13,8 p.m.,N/A,"Conway, Ark. (Grove Gymnasium)",Lose,2,False,385,False,06:03,"SUB IN by MILLER,DREW",50 ,,45,,,,"SUB IN by MILLER,DREW",2,subbing in,,rhodes,"miller,drew",,"['van,ryan', 'watson,shane', 'mcgrail,patrick', 'wagner,matt', 'hoeck,ryan van', 'collins,luke', 'sledge,tate', 'miller,drew']","['mcneill,kaitlin', 'tate,jamie', 'nikolovski,drew', 'barrett,jordan', 'mendenall,haylee']",363
421,2872,Hendrix,Rhodes,1,56-54,"28,26","34,22",4-4,4-3,0-1,1-0,12/04/13,8 p.m.,N/A,"Conway, Ark. (Grove Gymnasium)",Lose,2,False,385,False,06:03,"SUB IN by LIVSEY,GEOFF",50 ,,45,,,,"SUB IN by LIVSEY,GEOFF",2,subbing in,,rhodes,"livsey,geoff",,"['van,ryan', 'watson,shane', 'mcgrail,patrick', 'wagner,matt', 'hoeck,ryan van', 'collins,luke', 'sledge,tate', 'miller,drew', 'livsey,geoff']","['mcneill,kaitlin', 'tate,jamie', 'nikolovski,drew', 'barrett,jordan', 'mendenall,haylee']",363
422,2872,Hendrix,Rhodes,1,56-54,"28,26","34,22",4-4,4-3,0-1,1-0,12/04/13,8 p.m.,N/A,"Conway, Ark. (Grove Gymnasium)",Lose,2,False,385,False,06:03,"SUB OUT by HOECK,RYAN VAN",50 ,,45,,,,"SUB OUT by HOECK,RYAN VAN",2,subbing out,,rhodes,"hoeck,ryan van",,"['van,ryan', 'watson,shane', 'mcgrail,patrick', 'wagner,matt', 'collins,luke', 'sledge,tate', 'miller,drew', 'livsey,geoff']","['mcneill,kaitlin', 'tate,jamie', 'nikolovski,drew', 'barrett,jordan', 'mendenall,haylee']",363
423,2872,Hendrix,Rhodes,1,56-54,"28,26","34,22",4-4,4-3,0-1,1-0,12/04/13,8 p.m.,N/A,"Conway, Ark. (Grove Gymnasium)",Lose,2,False,385,False,06:03,"SUB OUT by COLLINS,LUKE",50 ,,45,,,,"SUB OUT by COLLINS,LUKE",2,subbing out,,rhodes,"collins,luke",,"['van,ryan', 'watson,shane', 'mcgrail,patrick', 'wagner,matt', 'sledge,tate', 'miller,drew', 'livsey,geoff']","['mcneill,kaitlin', 'tate,jamie', 'nikolovski,drew', 'barrett,jordan', 'mendenall,haylee']",363
424,2872,Hendrix,Rhodes,1,56-54,"28,26","34,22",4-4,4-3,0-1,1-0,12/04/13,8 p.m.,N/A,"Conway, Ark. (Grove Gymnasium)",Lose,2,False,385,False,05:45,"FOUL  by LIVSEY,GEOFF",50 ,,45,,,,"FOUL  by LIVSEY,GEOFF",2,foul,,rhodes,"livsey,geoff",,"['van,ryan', 'watson,shane', 'mcgrail,patrick', 'wagner,matt', 'sledge,tate', 'miller,drew', 'livsey,geoff']","['mcneill,kaitlin', 'tate,jamie', 'nikolovski,drew', 'barrett,jordan', 'mendenall,haylee']",345
425,2872,Hendrix,Rhodes,1,56-54,"28,26","34,22",4-4,4-3,0-1,1-0,12/04/13,8 p.m.,N/A,"Conway, Ark. (Grove Gymnasium)",Lose,2,False,385,False,05:45,,50 ,,45,"MISS FT by MENDENALL,HAYLEE",,,"MISS FT by MENDENALL,HAYLEE",2,free throw,missed,hendrix,"mendenall,haylee",,"['van,ryan', 'watson,shane', 'mcgrail,patrick', 'wagner,matt', 'sledge,tate', 'miller,drew', 'livsey,geoff']","['mcneill,kaitlin', 'tate,jamie', 'nikolovski,drew', 'barrett,jordan', 'mendenall,haylee']",345
426,2872,Hendrix,Rhodes,1,56-54,"28,26","34,22",4-4,4-3,0-1,1-0,12/04/13,8 p.m.,N/A,"Conway, Ark. (Grove Gymnasium)",Lose,2,False,385,False,--,"REBOUND DEF by SLEDGE,TATE",50 ,,45,,,,"REBOUND DEF by SLEDGE,TATE",2,defensive rebound,,rhodes,"sledge,tate",,"['van,ryan', 'watson,shane', 'mcgrail,patrick', 'wagner,matt', 'sledge,tate', 'miller,drew', 'livsey,geoff']","['mcneill,kaitlin', 'tate,jamie', 'nikolovski,drew', 'barrett,jordan', 'mendenall,haylee']",
427,2872,Hendrix,Rhodes,1,56-54,"28,26","34,22",4-4,4-3,0-1,1-0,12/04/13,8 p.m.,N/A,"Conway, Ark. (Grove Gymnasium)",Lose,2,False,385,False,05:29,"TURNOVER  by MILLER,DREW",50 ,,45,,,,"TURNOVER  by MILLER,DREW",2,turnover,,rhodes,"miller,drew",,"['van,ryan', 'watson,shane', 'mcgrail,patrick', 'wagner,matt', 'sledge,tate', 'miller,drew', 'livsey,geoff']","['mcneill,kaitlin', 'tate,jamie', 'nikolovski,drew', 'barrett,jordan', 'mendenall,haylee']",329
428,2872,Hendrix,Rhodes,1,56-54,"28,26","34,22",4-4,4-3,0-1,1-0,12/04/13,8 p.m.,N/A,"Conway, Ark. (Grove Gymnasium)",Lose,2,False,385,False,05:29,"FOUL  by MILLER,DREW",50 ,,45,,,,"FOUL  by MILLER,DREW",2,foul,,rhodes,"miller,drew",,"['van,ryan', 'watson,shane', 'mcgrail,patrick', 'wagner,matt', 'sledge,tate', 'miller,drew', 'livsey,geoff']","['mcneill,kaitlin', 'tate,jamie', 'nikolovski,drew', 'barrett,jordan', 'mendenall,haylee']",329
429,2872,Hendrix,Rhodes,1,56-54,"28,26","34,22",4-4,4-3,0-1,1-0,12/04/13,8 p.m.,N/A,"Conway, Ark. (Grove Gymnasium)",Lose,2,False,385,False,05:09,,50 ,,45,"MISS LAYUP by BARRETT,JORDAN",,,"MISS LAYUP by BARRETT,JORDAN",2,layup,missed,hendrix,"barrett,jordan",,"['van,ryan', 'watson,shane', 'mcgrail,patrick', 'wagner,matt', 'sledge,tate', 'miller,drew', 'livsey,geoff']","['mcneill,kaitlin', 'tate,jamie', 'nikolovski,drew', 'barrett,jordan', 'mendenall,haylee']",309
430,2872,Hendrix,Rhodes,1,56-54,"28,26","34,22",4-4,4-3,0-1,1-0,12/04/13,8 p.m.,N/A,"Conway, Ark. (Grove Gymnasium)",Lose,2,False,385,False,--,"REBOUND DEF by SLEDGE,TATE",50 ,,45,,,,"REBOUND DEF by SLEDGE,TATE",2,defensive rebound,,rhodes,"sledge,tate",,"['van,ryan', 'watson,shane', 'mcgrail,patrick', 'wagner,matt', 'sledge,tate', 'miller,drew', 'livsey,geoff']","['mcneill,kaitlin', 'tate,jamie', 'nikolovski,drew', 'barrett,jordan', 'mendenall,haylee']",
431,2872,Hendrix,Rhodes,1,56-54,"28,26","34,22",4-4,4-3,0-1,1-0,12/04/13,8 p.m.,N/A,"Conway, Ark. (Grove Gymnasium)",Lose,2,False,385,False,04:36,"MISS JUMPER by MCGRAIL,PATRICK",50 ,,45,,,,"MISS JUMPER by MCGRAIL,PATRICK",2,jumper,missed,rhodes,"mcgrail,patrick",,"['van,ryan', 'watson,shane', 'mcgrail,patrick', 'wagner,matt', 'sledge,tate', 'miller,drew', 'livsey,geoff']","['mcneill,kaitlin', 'tate,jamie', 'nikolovski,drew', 'barrett,jordan', 'mendenall,haylee']",276
432,2872,Hendrix,Rhodes,1,56-54,"28,26","34,22",4-4,4-3,0-1,1-0,12/04/13,8 p.m.,N/A,"Conway, Ark. (Grove Gymnasium)",Lose,2,False,385,False,--,,50 ,,45,"REBOUND DEF by BARRETT,JORDAN",,,"REBOUND DEF by BARRETT,JORDAN",2,defensive rebound,,hendrix,"barrett,jordan",,"['van,ryan', 'watson,shane', 'mcgrail,patrick', 'wagner,matt', 'sledge,tate', 'miller,drew', 'livsey,geoff']","['mcneill,kaitlin', 'tate,jamie', 'nikolovski,drew', 'barrett,jordan', 'mendenall,haylee']",
433,2872,Hendrix,Rhodes,1,56-54,"28,26","34,22",4-4,4-3,0-1,1-0,12/04/13,8 p.m.,N/A,"Conway, Ark. (Grove Gymnasium)",Lose,2,False,385,False,04:14,,50 ,,45,"MISS 3PTR by MCNEILL,KAITLIN",,,"MISS 3PTR by MCNEILL,KAITLIN",2,three pointer,missed,hendrix,"mcneill,kaitlin",,"['van,ryan', 'watson,shane', 'mcgrail,patrick', 'wagner,matt', 'sledge,tate', 'miller,drew', 'livsey,geoff']","['mcneill,kaitlin', 'tate,jamie', 'nikolovski,drew', 'barrett,jordan', 'mendenall,haylee']",254
434,2872,Hendrix,Rhodes,1,56-54,"28,26","34,22",4-4,4-3,0-1,1-0,12/04/13,8 p.m.,N/A,"Conway, Ark. (Grove Gymnasium)",Lose,2,False,385,False,--,"REBOUND DEF by MILLER,DREW",50 ,,45,,,,"REBOUND DEF by MILLER,DREW",2,defensive rebound,,rhodes,"miller,drew",,"['van,ryan', 'watson,shane', 'mcgrail,patrick', 'wagner,matt', 'sledge,tate', 'miller,drew', 'livsey,geoff']","['mcneill,kaitlin', 'tate,jamie', 'nikolovski,drew', 'barrett,jordan', 'mendenall,haylee']",
435,2872,Hendrix,Rhodes,1,56-54,"28,26","34,22",4-4,4-3,0-1,1-0,12/04/13,8 p.m.,N/A,"Conway, Ark. (Grove Gymnasium)",Lose,2,False,385,False,04:07,"TURNOVER  by MILLER,DREW",50 ,,45,,,,"TURNOVER  by MILLER,DREW",2,turnover,,rhodes,"miller,drew",,"['van,ryan', 'watson,shane', 'mcgrail,patrick', 'wagner,matt', 'sledge,tate', 'miller,drew', 'livsey,geoff']","['mcneill,kaitlin', 'tate,jamie', 'nikolovski,drew', 'barrett,jordan', 'mendenall,haylee']",247
436,2872,Hendrix,Rhodes,1,56-54,"28,26","34,22",4-4,4-3,0-1,1-0,12/04/13,8 p.m.,N/A,"Conway, Ark. (Grove Gymnasium)",Lose,2,False,385,False,04:06,,50 ,,45,"STEAL  by BARRETT,JORDAN",,,"STEAL  by BARRETT,JORDAN",2,steal,,hendrix,,,"['van,ryan', 'watson,shane', 'mcgrail,patrick', 'wagner,matt', 'sledge,tate', 'miller,drew', 'livsey,geoff']","['mcneill,kaitlin', 'tate,jamie', 'nikolovski,drew', 'barrett,jordan', 'mendenall,haylee']",246
437,2872,Hendrix,Rhodes,1,56-54,"28,26","34,22",4-4,4-3,0-1,1-0,12/04/13,8 p.m.,N/A,"Conway, Ark. (Grove Gymnasium)",Lose,2,False,385,False,03:57,,50 ,,45,TIMEOUT 30SEC by TEAM,,,TIMEOUT 30SEC by TEAM,2,timeout,,hendrix,,,"['van,ryan', 'watson,shane', 'mcgrail,patrick', 'wagner,matt', 'sledge,tate', 'miller,drew', 'livsey,geoff']","['mcneill,kaitlin', 'tate,jamie', 'nikolovski,drew', 'barrett,jordan', 'mendenall,haylee']",237
438,2872,Hendrix,Rhodes,1,56-54,"28,26","34,22",4-4,4-3,0-1,1-0,12/04/13,8 p.m.,N/A,"Conway, Ark. (Grove Gymnasium)",Lose,2,False,385,False,03:57,"SUB IN by WAGNER,MATT",50 ,,45,,,,"SUB IN by WAGNER,MATT",2,subbing in,,rhodes,"wagner,matt",,"['van,ryan', 'watson,shane', 'mcgrail,patrick', 'wagner,matt', 'sledge,tate', 'miller,drew', 'livsey,geoff']","['mcneill,kaitlin', 'tate,jamie', 'nikolovski,drew', 'barrett,jordan', 'mendenall,haylee']",237
439,2872,Hendrix,Rhodes,1,56-54,"28,26","34,22",4-4,4-3,0-1,1-0,12/04/13,8 p.m.,N/A,"Conway, Ark. (Grove Gymnasium)",Lose,2,False,385,False,03:57,"SUB OUT by LIVSEY,GEOFF",50 ,,45,,,,"SUB OUT by LIVSEY,GEOFF",2,subbing out,,rhodes,"livsey,geoff",,"['van,ryan', 'watson,shane', 'mcgrail,patrick', 'wagner,matt', 'sledge,tate', 'miller,drew', 'livsey,geoff']","['mcneill,kaitlin', 'tate,jamie', 'nikolovski,drew', 'barrett,jordan', 'mendenall,haylee']",237
440,2872,Hendrix,Rhodes,1,56-54,"28,26","34,22",4-4,4-3,0-1,1-0,12/04/13,8 p.m.,N/A,"Conway, Ark. (Grove Gymnasium)",Lose,2,False,385,False,03:42,"FOUL  by MILLER,DREW",50 ,,45,,,,"FOUL  by MILLER,DREW",2,foul,,rhodes,"miller,drew",,"['van,ryan', 'watson,shane', 'mcgrail,patrick', 'wagner,matt', 'sledge,tate', 'miller,drew', 'livsey,geoff']","['mcneill,kaitlin', 'tate,jamie', 'nikolovski,drew', 'barrett,jordan', 'mendenall,haylee']",222
441,2872,Hendrix,Rhodes,1,56-54,"28,26","34,22",4-4,4-3,0-1,1-0,12/04/13,8 p.m.,N/A,"Conway, Ark. (Grove Gymnasium)",Lose,2,False,385,False,03:42,,50 ,,46,"GOOD FT by BARRETT,JORDAN",HC 50-46 (+4),,"GOOD FT by BARRETT,JORDAN",2,free throw,good,hendrix,"barrett,jordan",1,"['van,ryan', 'watson,shane', 'mcgrail,patrick', 'wagner,matt', 'sledge,tate', 'miller,drew', 'livsey,geoff']","['mcneill,kaitlin', 'tate,jamie', 'nikolovski,drew', 'barrett,jordan', 'mendenall,haylee']",222
442,2872,Hendrix,Rhodes,1,56-54,"28,26","34,22",4-4,4-3,0-1,1-0,12/04/13,8 p.m.,N/A,"Conway, Ark. (Grove Gymnasium)",Lose,2,False,385,False,03:42,,50 ,,47,"GOOD FT by BARRETT,JORDAN",HC 50-47 (+3),,"GOOD FT by BARRETT,JORDAN",2,free throw,good,hendrix,"barrett,jordan",1,"['van,ryan', 'watson,shane', 'mcgrail,patrick', 'wagner,matt', 'sledge,tate', 'miller,drew', 'livsey,geoff']","['mcneill,kaitlin', 'tate,jamie', 'nikolovski,drew', 'barrett,jordan', 'mendenall,haylee']",222
443,2872,Hendrix,Rhodes,1,56-54,"28,26","34,22",4-4,4-3,0-1,1-0,12/04/13,8 p.m.,N/A,"Conway, Ark. (Grove Gymnasium)",Lose,2,False,385,False,03:42,"SUB IN by COLLINS,LUKE",50 ,,47,,,,"SUB IN by COLLINS,LUKE",2,subbing in,,rhodes,"collins,luke",,"['van,ryan', 'watson,shane', 'mcgrail,patrick', 'wagner,matt', 'sledge,tate', 'miller,drew', 'livsey,geoff', 'collins,luke']","['mcneill,kaitlin', 'tate,jamie', 'nikolovski,drew', 'barrett,jordan', 'mendenall,haylee']",222
444,2872,Hendrix,Rhodes,1,56-54,"28,26","34,22",4-4,4-3,0-1,1-0,12/04/13,8 p.m.,N/A,"Conway, Ark. (Grove Gymnasium)",Lose,2,False,385,False,03:42,"SUB IN by LIVSEY,GEOFF",50 ,,47,,,,"SUB IN by LIVSEY,GEOFF",2,subbing in,,rhodes,"livsey,geoff",,"['van,ryan', 'watson,shane', 'mcgrail,patrick', 'wagner,matt', 'sledge,tate', 'miller,drew', 'livsey,geoff', 'collins,luke']","['mcneill,kaitlin', 'tate,jamie', 'nikolovski,drew', 'barrett,jordan', 'mendenall,haylee']",222
445,2872,Hendrix,Rhodes,1,56-54,"28,26","34,22",4-4,4-3,0-1,1-0,12/04/13,8 p.m.,N/A,"Conway, Ark. (Grove Gymnasium)",Lose,2,False,385,False,03:42,"SUB OUT by WAGNER,MATT",50 ,,47,,,,"SUB OUT by WAGNER,MATT",2,subbing out,,rhodes,"wagner,matt",,"['van,ryan', 'watson,shane', 'mcgrail,patrick', 'wagner,matt', 'sledge,tate', 'miller,drew', 'livsey,geoff', 'collins,luke']","['mcneill,kaitlin', 'tate,jamie', 'nikolovski,drew', 'barrett,jordan', 'mendenall,haylee']",222
446,2872,Hendrix,Rhodes,1,56-54,"28,26","34,22",4-4,4-3,0-1,1-0,12/04/13,8 p.m.,N/A,"Conway, Ark. (Grove Gymnasium)",Lose,2,False,385,False,03:42,"SUB OUT by MILLER,DREW",50 ,,47,,,,"SUB OUT by MILLER,DREW",2,subbing out,,rhodes,"miller,drew",,"['van,ryan', 'watson,shane', 'mcgrail,patrick', 'wagner,matt', 'sledge,tate', 'livsey,geoff', 'collins,luke']","['mcneill,kaitlin', 'tate,jamie', 'nikolovski,drew', 'barrett,jordan', 'mendenall,haylee']",222
447,2872,Hendrix,Rhodes,1,56-54,"28,26","34,22",4-4,4-3,0-1,1-0,12/04/13,8 p.m.,N/A,"Conway, Ark. (Grove Gymnasium)",Lose,2,False,385,False,03:30,"GOOD JUMPER by DUNAVANT,JOHNNY(in the paint)",52 ,,47,,RHODESMB 52-47 (+5),,"GOOD JUMPER by DUNAVANT,JOHNNY(in the paint)",2,jumper,good,rhodes,"dunavant,johnny",2,"['van,ryan', 'watson,shane', 'mcgrail,patrick', 'wagner,matt', 'sledge,tate', 'livsey,geoff', 'collins,luke']","['mcneill,kaitlin', 'tate,jamie', 'nikolovski,drew', 'barrett,jordan', 'mendenall,haylee']",210
448,2872,Hendrix,Rhodes,1,56-54,"28,26","34,22",4-4,4-3,0-1,1-0,12/04/13,8 p.m.,N/A,"Conway, Ark. (Grove Gymnasium)",Lose,2,False,385,False,03:11,,52 ,,49,"GOOD JUMPER by TATE,JAMIE(in the paint)",HC 52-49 (+3),,"GOOD JUMPER by TATE,JAMIE(in the paint)",2,jumper,good,hendrix,"tate,jamie",2,"['van,ryan', 'watson,shane', 'mcgrail,patrick', 'wagner,matt', 'sledge,tate', 'livsey,geoff', 'collins,luke']","['mcneill,kaitlin', 'tate,jamie', 'nikolovski,drew', 'barrett,jordan', 'mendenall,haylee']",191
449,2872,Hendrix,Rhodes,1,56-54,"28,26","34,22",4-4,4-3,0-1,1-0,12/04/13,8 p.m.,N/A,"Conway, Ark. (Grove Gymnasium)",Lose,2,False,385,False,--,,52 ,,49,"ASSIST  by BARRETT,JORDAN",,,"ASSIST  by BARRETT,JORDAN",2,assist,,hendrix,"barrett,jordan",,"['van,ryan', 'watson,shane', 'mcgrail,patrick', 'wagner,matt', 'sledge,tate', 'livsey,geoff', 'collins,luke']","['mcneill,kaitlin', 'tate,jamie', 'nikolovski,drew', 'barrett,jordan', 'mendenall,haylee']",
450,2872,Hendrix,Rhodes,1,56-54,"28,26","34,22",4-4,4-3,0-1,1-0,12/04/13,8 p.m.,N/A,"Conway, Ark. (Grove Gymnasium)",Lose,2,False,385,False,02:46,"MISS 3PTR by LIVSEY,GEOFF",52 ,,49,,,,"MISS 3PTR by LIVSEY,GEOFF",2,three pointer,missed,rhodes,"livsey,geoff",,"['van,ryan', 'watson,shane', 'mcgrail,patrick', 'wagner,matt', 'sledge,tate', 'livsey,geoff', 'collins,luke']","['mcneill,kaitlin', 'tate,jamie', 'nikolovski,drew', 'barrett,jordan', 'mendenall,haylee']",166
451,2872,Hendrix,Rhodes,1,56-54,"28,26","34,22",4-4,4-3,0-1,1-0,12/04/13,8 p.m.,N/A,"Conway, Ark. (Grove Gymnasium)",Lose,2,False,385,False,--,,52 ,,49,"REBOUND DEF by MENDENALL,HAYLEE",,,"REBOUND DEF by MENDENALL,HAYLEE",2,defensive rebound,,hendrix,"mendenall,haylee",,"['van,ryan', 'watson,shane', 'mcgrail,patrick', 'wagner,matt', 'sledge,tate', 'livsey,geoff', 'collins,luke']","['mcneill,kaitlin', 'tate,jamie', 'nikolovski,drew', 'barrett,jordan', 'mendenall,haylee']",
452,2872,Hendrix,Rhodes,1,56-54,"28,26","34,22",4-4,4-3,0-1,1-0,12/04/13,8 p.m.,N/A,"Conway, Ark. (Grove Gymnasium)",Lose,2,False,385,False,02:23,,52,,52,"GOOD 3PTR by NIKOLOVSKI,DREW",HC 52-52 (0),,"GOOD 3PTR by NIKOLOVSKI,DREW",2,three pointer,good,hendrix,"nikolovski,drew",3,"['van,ryan', 'watson,shane', 'mcgrail,patrick', 'wagner,matt', 'sledge,tate', 'livsey,geoff', 'collins,luke']","['mcneill,kaitlin', 'tate,jamie', 'nikolovski,drew', 'barrett,jordan', 'mendenall,haylee']",143
453,2872,Hendrix,Rhodes,1,56-54,"28,26","34,22",4-4,4-3,0-1,1-0,12/04/13,8 p.m.,N/A,"Conway, Ark. (Grove Gymnasium)",Lose,2,False,385,False,--,,52,,52,"ASSIST  by MENDENALL,HAYLEE",,,"ASSIST  by MENDENALL,HAYLEE",2,assist,,hendrix,"mendenall,haylee",,"['van,ryan', 'watson,shane', 'mcgrail,patrick', 'wagner,matt', 'sledge,tate', 'livsey,geoff', 'collins,luke']","['mcneill,kaitlin', 'tate,jamie', 'nikolovski,drew', 'barrett,jordan', 'mendenall,haylee']",
454,2872,Hendrix,Rhodes,1,56-54,"28,26","34,22",4-4,4-3,0-1,1-0,12/04/13,8 p.m.,N/A,"Conway, Ark. (Grove Gymnasium)",Lose,2,False,385,False,02:15,TIMEOUT TEAM by TEAM,52,,52,,,,TIMEOUT TEAM by TEAM,2,timeout,,rhodes,,,"['van,ryan', 'watson,shane', 'mcgrail,patrick', 'wagner,matt', 'sledge,tate', 'livsey,geoff', 'collins,luke']","['mcneill,kaitlin', 'tate,jamie', 'nikolovski,drew', 'barrett,jordan', 'mendenall,haylee']",135
455,2872,Hendrix,Rhodes,1,56-54,"28,26","34,22",4-4,4-3,0-1,1-0,12/04/13,8 p.m.,N/A,"Conway, Ark. (Grove Gymnasium)",Lose,2,False,385,False,02:15,"SUB IN by MILLER,DREW",52,,52,,,,"SUB IN by MILLER,DREW",2,subbing in,,rhodes,"miller,drew",,"['van,ryan', 'watson,shane', 'mcgrail,patrick', 'wagner,matt', 'sledge,tate', 'livsey,geoff', 'collins,luke', 'miller,drew']","['mcneill,kaitlin', 'tate,jamie', 'nikolovski,drew', 'barrett,jordan', 'mendenall,haylee']",135
456,2872,Hendrix,Rhodes,1,56-54,"28,26","34,22",4-4,4-3,0-1,1-0,12/04/13,8 p.m.,N/A,"Conway, Ark. (Grove Gymnasium)",Lose,2,False,385,False,02:15,"SUB OUT by COLLINS,LUKE",52,,52,,,,"SUB OUT by COLLINS,LUKE",2,subbing out,,rhodes,"collins,luke",,"['van,ryan', 'watson,shane', 'mcgrail,patrick', 'wagner,matt', 'sledge,tate', 'livsey,geoff', 'miller,drew']","['mcneill,kaitlin', 'tate,jamie', 'nikolovski,drew', 'barrett,jordan', 'mendenall,haylee']",135
457,2872,Hendrix,Rhodes,1,56-54,"28,26","34,22",4-4,4-3,0-1,1-0,12/04/13,8 p.m.,N/A,"Conway, Ark. (Grove Gymnasium)",Lose,2,False,385,False,02:05,"MISS LAYUP by MILLER,DREW",52,,52,,,,"MISS LAYUP by MILLER,DREW",2,layup,missed,rhodes,"miller,drew",,"['van,ryan', 'watson,shane', 'mcgrail,patrick', 'wagner,matt', 'sledge,tate', 'livsey,geoff', 'miller,drew']","['mcneill,kaitlin', 'tate,jamie', 'nikolovski,drew', 'barrett,jordan', 'mendenall,haylee']",125
458,2872,Hendrix,Rhodes,1,56-54,"28,26","34,22",4-4,4-3,0-1,1-0,12/04/13,8 p.m.,N/A,"Conway, Ark. (Grove Gymnasium)",Lose,2,False,385,False,--,"REBOUND OFF by MILLER,DREW",52,,52,,,,"REBOUND OFF by MILLER,DREW",2,offensive rebound,,rhodes,"miller,drew",,"['van,ryan', 'watson,shane', 'mcgrail,patrick', 'wagner,matt', 'sledge,tate', 'livsey,geoff', 'miller,drew']","['mcneill,kaitlin', 'tate,jamie', 'nikolovski,drew', 'barrett,jordan', 'mendenall,haylee']",
459,2872,Hendrix,Rhodes,1,56-54,"28,26","34,22",4-4,4-3,0-1,1-0,12/04/13,8 p.m.,N/A,"Conway, Ark. (Grove Gymnasium)",Lose,2,False,385,False,02:02,"MISS LAYUP by MILLER,DREW",52,,52,,,,"MISS LAYUP by MILLER,DREW",2,layup,missed,rhodes,"miller,drew",,"['van,ryan', 'watson,shane', 'mcgrail,patrick', 'wagner,matt', 'sledge,tate', 'livsey,geoff', 'miller,drew']","['mcneill,kaitlin', 'tate,jamie', 'nikolovski,drew', 'barrett,jordan', 'mendenall,haylee']",122
460,2872,Hendrix,Rhodes,1,56-54,"28,26","34,22",4-4,4-3,0-1,1-0,12/04/13,8 p.m.,N/A,"Conway, Ark. (Grove Gymnasium)",Lose,2,False,385,False,--,"REBOUND OFF by LIVSEY,GEOFF",52,,52,,,,"REBOUND OFF by LIVSEY,GEOFF",2,offensive rebound,,rhodes,"livsey,geoff",,"['van,ryan', 'watson,shane', 'mcgrail,patrick', 'wagner,matt', 'sledge,tate', 'livsey,geoff', 'miller,drew']","['mcneill,kaitlin', 'tate,jamie', 'nikolovski,drew', 'barrett,jordan', 'mendenall,haylee']",
461,2872,Hendrix,Rhodes,1,56-54,"28,26","34,22",4-4,4-3,0-1,1-0,12/04/13,8 p.m.,N/A,"Conway, Ark. (Grove Gymnasium)",Lose,2,False,385,False,01:59,"GOOD LAYUP by LIVSEY,GEOFF(in the paint)",54 ,,52,,RHODESMB 54-52 (+2),,"GOOD LAYUP by LIVSEY,GEOFF(in the paint)",2,layup,good,rhodes,"livsey,geoff",2,"['van,ryan', 'watson,shane', 'mcgrail,patrick', 'wagner,matt', 'sledge,tate', 'livsey,geoff', 'miller,drew']","['mcneill,kaitlin', 'tate,jamie', 'nikolovski,drew', 'barrett,jordan', 'mendenall,haylee']",119
462,2872,Hendrix,Rhodes,1,56-54,"28,26","34,22",4-4,4-3,0-1,1-0,12/04/13,8 p.m.,N/A,"Conway, Ark. (Grove Gymnasium)",Lose,2,False,385,False,01:36,,54 ,,52,"MISS JUMPER by TATE,JAMIE",,,"MISS JUMPER by TATE,JAMIE",2,jumper,missed,hendrix,"tate,jamie",,"['van,ryan', 'watson,shane', 'mcgrail,patrick', 'wagner,matt', 'sledge,tate', 'livsey,geoff', 'miller,drew']","['mcneill,kaitlin', 'tate,jamie', 'nikolovski,drew', 'barrett,jordan', 'mendenall,haylee']",96
463,2872,Hendrix,Rhodes,1,56-54,"28,26","34,22",4-4,4-3,0-1,1-0,12/04/13,8 p.m.,N/A,"Conway, Ark. (Grove Gymnasium)",Lose,2,False,385,False,--,"REBOUND DEF by LIVSEY,GEOFF",54 ,,52,,,,"REBOUND DEF by LIVSEY,GEOFF",2,defensive rebound,,rhodes,"livsey,geoff",,"['van,ryan', 'watson,shane', 'mcgrail,patrick', 'wagner,matt', 'sledge,tate', 'livsey,geoff', 'miller,drew']","['mcneill,kaitlin', 'tate,jamie', 'nikolovski,drew', 'barrett,jordan', 'mendenall,haylee']",
464,2872,Hendrix,Rhodes,1,56-54,"28,26","34,22",4-4,4-3,0-1,1-0,12/04/13,8 p.m.,N/A,"Conway, Ark. (Grove Gymnasium)",Lose,2,False,385,False,01:20,,54 ,,52,"FOUL  by BARRETT,JORDAN",,,"FOUL  by BARRETT,JORDAN",2,foul,,hendrix,"barrett,jordan",,"['van,ryan', 'watson,shane', 'mcgrail,patrick', 'wagner,matt', 'sledge,tate', 'livsey,geoff', 'miller,drew']","['mcneill,kaitlin', 'tate,jamie', 'nikolovski,drew', 'barrett,jordan', 'mendenall,haylee']",80
465,2872,Hendrix,Rhodes,1,56-54,"28,26","34,22",4-4,4-3,0-1,1-0,12/04/13,8 p.m.,N/A,"Conway, Ark. (Grove Gymnasium)",Lose,2,False,385,False,01:20,"GOOD FT by MILLER,DREW",55 ,,52,,RHODESMB 55-52 (+3),,"GOOD FT by MILLER,DREW",2,free throw,good,rhodes,"miller,drew",1,"['van,ryan', 'watson,shane', 'mcgrail,patrick', 'wagner,matt', 'sledge,tate', 'livsey,geoff', 'miller,drew']","['mcneill,kaitlin', 'tate,jamie', 'nikolovski,drew', 'barrett,jordan', 'mendenall,haylee']",80
466,2872,Hendrix,Rhodes,1,56-54,"28,26","34,22",4-4,4-3,0-1,1-0,12/04/13,8 p.m.,N/A,"Conway, Ark. (Grove Gymnasium)",Lose,2,False,385,False,01:20,"MISS FT by MILLER,DREW",55 ,,52,,,,"MISS FT by MILLER,DREW",2,free throw,missed,rhodes,"miller,drew",,"['van,ryan', 'watson,shane', 'mcgrail,patrick', 'wagner,matt', 'sledge,tate', 'livsey,geoff', 'miller,drew']","['mcneill,kaitlin', 'tate,jamie', 'nikolovski,drew', 'barrett,jordan', 'mendenall,haylee']",80
467,2872,Hendrix,Rhodes,1,56-54,"28,26","34,22",4-4,4-3,0-1,1-0,12/04/13,8 p.m.,N/A,"Conway, Ark. (Grove Gymnasium)",Lose,2,False,385,False,--,,55 ,,52,"REBOUND DEF by TATE,JAMIE",,,"REBOUND DEF by TATE,JAMIE",2,defensive rebound,,hendrix,"tate,jamie",,"['van,ryan', 'watson,shane', 'mcgrail,patrick', 'wagner,matt', 'sledge,tate', 'livsey,geoff', 'miller,drew']","['mcneill,kaitlin', 'tate,jamie', 'nikolovski,drew', 'barrett,jordan', 'mendenall,haylee']",
468,2872,Hendrix,Rhodes,1,56-54,"28,26","34,22",4-4,4-3,0-1,1-0,12/04/13,8 p.m.,N/A,"Conway, Ark. (Grove Gymnasium)",Lose,2,False,385,False,01:05,,55 ,,54,"GOOD JUMPER by NIKOLOVSKI,DREW(in the paint)",HC 55-54 (+1),,"GOOD JUMPER by NIKOLOVSKI,DREW(in the paint)",2,jumper,good,hendrix,"nikolovski,drew",2,"['van,ryan', 'watson,shane', 'mcgrail,patrick', 'wagner,matt', 'sledge,tate', 'livsey,geoff', 'miller,drew']","['mcneill,kaitlin', 'tate,jamie', 'nikolovski,drew', 'barrett,jordan', 'mendenall,haylee']",65
469,2872,Hendrix,Rhodes,1,56-54,"28,26","34,22",4-4,4-3,0-1,1-0,12/04/13,8 p.m.,N/A,"Conway, Ark. (Grove Gymnasium)",Lose,2,False,385,False,00:49,TIMEOUT TEAM by TEAM,55 ,,54,,,,TIMEOUT TEAM by TEAM,2,timeout,,rhodes,,,"['van,ryan', 'watson,shane', 'mcgrail,patrick', 'wagner,matt', 'sledge,tate', 'livsey,geoff', 'miller,drew']","['mcneill,kaitlin', 'tate,jamie', 'nikolovski,drew', 'barrett,jordan', 'mendenall,haylee']",49
470,2872,Hendrix,Rhodes,1,56-54,"28,26","34,22",4-4,4-3,0-1,1-0,12/04/13,8 p.m.,N/A,"Conway, Ark. (Grove Gymnasium)",Lose,2,False,385,False,00:49,,55 ,,54,"SUB IN by ALDOUS,HANK",,,"SUB IN by ALDOUS,HANK",2,subbing in,,hendrix,"aldous,hank",,"['van,ryan', 'watson,shane', 'mcgrail,patrick', 'wagner,matt', 'sledge,tate', 'livsey,geoff', 'miller,drew']","['mcneill,kaitlin', 'tate,jamie', 'nikolovski,drew', 'barrett,jordan', 'mendenall,haylee', 'aldous,hank']",49
471,2872,Hendrix,Rhodes,1,56-54,"28,26","34,22",4-4,4-3,0-1,1-0,12/04/13,8 p.m.,N/A,"Conway, Ark. (Grove Gymnasium)",Lose,2,False,385,False,00:49,,55 ,,54,"SUB OUT by BARRETT,JORDAN",,,"SUB OUT by BARRETT,JORDAN",2,subbing out,,hendrix,"barrett,jordan",,"['van,ryan', 'watson,shane', 'mcgrail,patrick', 'wagner,matt', 'sledge,tate', 'livsey,geoff', 'miller,drew']","['mcneill,kaitlin', 'tate,jamie', 'nikolovski,drew', 'mendenall,haylee', 'aldous,hank']",49
472,2872,Hendrix,Rhodes,1,56-54,"28,26","34,22",4-4,4-3,0-1,1-0,12/04/13,8 p.m.,N/A,"Conway, Ark. (Grove Gymnasium)",Lose,2,False,385,False,00:39,"MISS 3PTR by DUNAVANT,JOHNNY",55 ,,54,,,,"MISS 3PTR by DUNAVANT,JOHNNY",2,three pointer,missed,rhodes,"dunavant,johnny",,"['van,ryan', 'watson,shane', 'mcgrail,patrick', 'wagner,matt', 'sledge,tate', 'livsey,geoff', 'miller,drew']","['mcneill,kaitlin', 'tate,jamie', 'nikolovski,drew', 'mendenall,haylee', 'aldous,hank']",39
473,2872,Hendrix,Rhodes,1,56-54,"28,26","34,22",4-4,4-3,0-1,1-0,12/04/13,8 p.m.,N/A,"Conway, Ark. (Grove Gymnasium)",Lose,2,False,385,False,--,,55 ,,54,"REBOUND DEF by TATE,JAMIE",,,"REBOUND DEF by TATE,JAMIE",2,defensive rebound,,hendrix,"tate,jamie",,"['van,ryan', 'watson,shane', 'mcgrail,patrick', 'wagner,matt', 'sledge,tate', 'livsey,geoff', 'miller,drew']","['mcneill,kaitlin', 'tate,jamie', 'nikolovski,drew', 'mendenall,haylee', 'aldous,hank']",
474,2872,Hendrix,Rhodes,1,56-54,"28,26","34,22",4-4,4-3,0-1,1-0,12/04/13,8 p.m.,N/A,"Conway, Ark. (Grove Gymnasium)",Lose,2,False,385,False,00:20,,55 ,,54,TIMEOUT TEAM by TEAM,,,TIMEOUT TEAM by TEAM,2,timeout,,hendrix,,,"['van,ryan', 'watson,shane', 'mcgrail,patrick', 'wagner,matt', 'sledge,tate', 'livsey,geoff', 'miller,drew']","['mcneill,kaitlin', 'tate,jamie', 'nikolovski,drew', 'mendenall,haylee', 'aldous,hank']",20
475,2872,Hendrix,Rhodes,1,56-54,"28,26","34,22",4-4,4-3,0-1,1-0,12/04/13,8 p.m.,N/A,"Conway, Ark. (Grove Gymnasium)",Lose,2,False,385,False,00:20,,55 ,,54,"SUB IN by BARRETT,JORDAN",,,"SUB IN by BARRETT,JORDAN",2,subbing in,,hendrix,"barrett,jordan",,"['van,ryan', 'watson,shane', 'mcgrail,patrick', 'wagner,matt', 'sledge,tate', 'livsey,geoff', 'miller,drew']","['mcneill,kaitlin', 'tate,jamie', 'nikolovski,drew', 'mendenall,haylee', 'aldous,hank', 'barrett,jordan']",20
476,2872,Hendrix,Rhodes,1,56-54,"28,26","34,22",4-4,4-3,0-1,1-0,12/04/13,8 p.m.,N/A,"Conway, Ark. (Grove Gymnasium)",Lose,2,False,385,False,00:20,,55 ,,54,"SUB OUT by ALDOUS,HANK",,,"SUB OUT by ALDOUS,HANK",2,subbing out,,hendrix,"aldous,hank",,"['van,ryan', 'watson,shane', 'mcgrail,patrick', 'wagner,matt', 'sledge,tate', 'livsey,geoff', 'miller,drew']","['mcneill,kaitlin', 'tate,jamie', 'nikolovski,drew', 'mendenall,haylee', 'barrett,jordan']",20
477,2872,Hendrix,Rhodes,1,56-54,"28,26","34,22",4-4,4-3,0-1,1-0,12/04/13,8 p.m.,N/A,"Conway, Ark. (Grove Gymnasium)",Lose,2,False,385,False,00:12,,55 ,,54,"MISS JUMPER by TATE,JAMIE",,,"MISS JUMPER by TATE,JAMIE",2,jumper,missed,hendrix,"tate,jamie",,"['van,ryan', 'watson,shane', 'mcgrail,patrick', 'wagner,matt', 'sledge,tate', 'livsey,geoff', 'miller,drew']","['mcneill,kaitlin', 'tate,jamie', 'nikolovski,drew', 'mendenall,haylee', 'barrett,jordan']",12
478,2872,Hendrix,Rhodes,1,56-54,"28,26","34,22",4-4,4-3,0-1,1-0,12/04/13,8 p.m.,N/A,"Conway, Ark. (Grove Gymnasium)",Lose,2,False,385,False,--,"REBOUND DEF by DUNAVANT,JOHNNY",55 ,,54,,,,"REBOUND DEF by DUNAVANT,JOHNNY",2,defensive rebound,,rhodes,"dunavant,johnny",,"['van,ryan', 'watson,shane', 'mcgrail,patrick', 'wagner,matt', 'sledge,tate', 'livsey,geoff', 'miller,drew']","['mcneill,kaitlin', 'tate,jamie', 'nikolovski,drew', 'mendenall,haylee', 'barrett,jordan']",
479,2872,Hendrix,Rhodes,1,56-54,"28,26","34,22",4-4,4-3,0-1,1-0,12/04/13,8 p.m.,N/A,"Conway, Ark. (Grove Gymnasium)",Lose,2,False,385,False,00:06,TIMEOUT TEAM by TEAM,55 ,,54,,,,TIMEOUT TEAM by TEAM,2,timeout,,rhodes,,,"['van,ryan', 'watson,shane', 'mcgrail,patrick', 'wagner,matt', 'sledge,tate', 'livsey,geoff', 'miller,drew']","['mcneill,kaitlin', 'tate,jamie', 'nikolovski,drew', 'mendenall,haylee', 'barrett,jordan']",6
480,2872,Hendrix,Rhodes,1,56-54,"28,26","34,22",4-4,4-3,0-1,1-0,12/04/13,8 p.m.,N/A,"Conway, Ark. (Grove Gymnasium)",Lose,2,False,385,False,00:06,,55 ,,54,"SUB IN by ALDOUS,HANK",,,"SUB IN by ALDOUS,HANK",2,subbing in,,hendrix,"aldous,hank",,"['van,ryan', 'watson,shane', 'mcgrail,patrick', 'wagner,matt', 'sledge,tate', 'livsey,geoff', 'miller,drew']","['mcneill,kaitlin', 'tate,jamie', 'nikolovski,drew', 'mendenall,haylee', 'barrett,jordan', 'aldous,hank']",6
481,2872,Hendrix,Rhodes,1,56-54,"28,26","34,22",4-4,4-3,0-1,1-0,12/04/13,8 p.m.,N/A,"Conway, Ark. (Grove Gymnasium)",Lose,2,False,385,False,00:06,,55 ,,54,"SUB OUT by BARRETT,JORDAN",,,"SUB OUT by BARRETT,JORDAN",2,subbing out,,hendrix,"barrett,jordan",,"['van,ryan', 'watson,shane', 'mcgrail,patrick', 'wagner,matt', 'sledge,tate', 'livsey,geoff', 'miller,drew']","['mcneill,kaitlin', 'tate,jamie', 'nikolovski,drew', 'mendenall,haylee', 'aldous,hank']",6
482,2872,Hendrix,Rhodes,1,56-54,"28,26","34,22",4-4,4-3,0-1,1-0,12/04/13,8 p.m.,N/A,"Conway, Ark. (Grove Gymnasium)",Lose,2,False,385,False,00:03,,55 ,,54,"FOUL  by TATE,JAMIE",,,"FOUL  by TATE,JAMIE",2,foul,,hendrix,"tate,jamie",,"['van,ryan', 'watson,shane', 'mcgrail,patrick', 'wagner,matt', 'sledge,tate', 'livsey,geoff', 'miller,drew']","['mcneill,kaitlin', 'tate,jamie', 'nikolovski,drew', 'mendenall,haylee', 'aldous,hank']",3
483,2872,Hendrix,Rhodes,1,56-54,"28,26","34,22",4-4,4-3,0-1,1-0,12/04/13,8 p.m.,N/A,"Conway, Ark. (Grove Gymnasium)",Lose,2,False,385,False,00:03,"MISS FT by SLEDGE,TATE",55 ,,54,,,,"MISS FT by SLEDGE,TATE",2,free throw,missed,rhodes,"sledge,tate",,"['van,ryan', 'watson,shane', 'mcgrail,patrick', 'wagner,matt', 'sledge,tate', 'livsey,geoff', 'miller,drew']","['mcneill,kaitlin', 'tate,jamie', 'nikolovski,drew', 'mendenall,haylee', 'aldous,hank']",3
484,2872,Hendrix,Rhodes,1,56-54,"28,26","34,22",4-4,4-3,0-1,1-0,12/04/13,8 p.m.,N/A,"Conway, Ark. (Grove Gymnasium)",Lose,2,False,385,False,--,REBOUND DEADB by TEAM,55 ,,54,,,,REBOUND DEADB by TEAM,2,deadball rebound,,rhodes,,,"['van,ryan', 'watson,shane', 'mcgrail,patrick', 'wagner,matt', 'sledge,tate', 'livsey,geoff', 'miller,drew']","['mcneill,kaitlin', 'tate,jamie', 'nikolovski,drew', 'mendenall,haylee', 'aldous,hank']",
485,2872,Hendrix,Rhodes,1,56-54,"28,26","34,22",4-4,4-3,0-1,1-0,12/04/13,8 p.m.,N/A,"Conway, Ark. (Grove Gymnasium)",Lose,2,False,385,False,00:03,"GOOD FT by SLEDGE,TATE",56 ,,54,,RHODESMB 56-54 (+2),,"GOOD FT by SLEDGE,TATE",2,free throw,good,rhodes,"sledge,tate",1,"['van,ryan', 'watson,shane', 'mcgrail,patrick', 'wagner,matt', 'sledge,tate', 'livsey,geoff', 'miller,drew']","['mcneill,kaitlin', 'tate,jamie', 'nikolovski,drew', 'mendenall,haylee', 'aldous,hank']",3
