game,boxscore_visitor_name,boxscore_home_name,final score,visitorFinalScore,homeFinalScore,visitorRecord,homeRecord,gameDate,outcome,attendance,gameLocation,gameTime,Time Remaining,Away Team,Away Team Score,Home Team Score,Home Team,Point Differential,Period,Home Play Type,Home Shot Good,Home Shots Taken,Home 3PTRs Taken,Home Shooting PCT,Home 3PTRs PCT,Away Play Type,Away Shot Good,Away Shots Taken,Away 3PTRs Taken,Away Shooting PCT,Away 3PTRs PCT,Time Remaining Mins,Time Remaining Secs
22,Millsaps,Oglethorpe,57-62,57,62,"10-12, 2-9","13-9, 7-4",02/03/19,Win,244,No Location Recorded,3:30 PM,19:40,"GOOD DUNK by VAN PELT,JUSTIN",2,0,,-2,1,,good,1,0,1.0,,,,0,0,,,39,2380
22,Millsaps,Oglethorpe,57-62,57,62,"10-12, 2-9","13-9, 7-4",02/03/19,Win,244,No Location Recorded,3:30 PM,19:40,"ASSIST ASSIST by BLANZ,BUCK",2,0,,-2,1,,,1,0,1.0,,,,0,0,,,39,2380
22,Millsaps,Oglethorpe,57-62,57,62,"10-12, 2-9","13-9, 7-4",02/03/19,Win,244,No Location Recorded,3:30 PM,19:18,,2,0,"MISS JUMPER by INUNGU,TOM",-2,1,,,1,0,1.0,,jumper,miss,1,0,0.0,,39,2358
22,Millsaps,Oglethorpe,57-62,57,62,"10-12, 2-9","13-9, 7-4",02/03/19,Win,244,No Location Recorded,3:30 PM,19:18,"REBOUND DEF by VAN PELT,JUSTIN",2,0,,-2,1,,,1,0,1.0,,,,1,0,0.0,,39,2358
22,Millsaps,Oglethorpe,57-62,57,62,"10-12, 2-9","13-9, 7-4",02/03/19,Win,244,No Location Recorded,3:30 PM,19:07,"TURNOVER  by BLANZ,BUCK",2,0,,-2,1,,,1,0,1.0,,,,1,0,0.0,,39,2347
22,Millsaps,Oglethorpe,57-62,57,62,"10-12, 2-9","13-9, 7-4",02/03/19,Win,244,No Location Recorded,3:30 PM,18:57,,2,0,"MISS 3PTR by PERRY,WILL",-2,1,,,1,0,1.0,,3ptr,miss,2,1,0.0,0.0,38,2337
22,Millsaps,Oglethorpe,57-62,57,62,"10-12, 2-9","13-9, 7-4",02/03/19,Win,244,No Location Recorded,3:30 PM,18:57,"REBOUND DEF by TURNER,JAMES",2,0,,-2,1,,,1,0,1.0,,,,2,1,0.0,0.0,38,2337
22,Millsaps,Oglethorpe,57-62,57,62,"10-12, 2-9","13-9, 7-4",02/03/19,Win,244,No Location Recorded,3:30 PM,18:41,"MISS JUMPER by MCLAURIN,RYAN",2,0,,-2,1,jumper,miss,2,0,0.5,,,,2,1,0.0,0.0,38,2321
22,Millsaps,Oglethorpe,57-62,57,62,"10-12, 2-9","13-9, 7-4",02/03/19,Win,244,No Location Recorded,3:30 PM,18:41,"REBOUND OFF by VAN PELT,JUSTIN",2,0,,-2,1,,,2,0,0.5,,,,2,1,0.0,0.0,38,2321
22,Millsaps,Oglethorpe,57-62,57,62,"10-12, 2-9","13-9, 7-4",02/03/19,Win,244,No Location Recorded,3:30 PM,18:35,"MISS TIPIN by VAN PELT,JUSTIN",2,0,,-2,1,,miss,3,0,0.333,,,,2,1,0.0,0.0,38,2315
22,Millsaps,Oglethorpe,57-62,57,62,"10-12, 2-9","13-9, 7-4",02/03/19,Win,244,No Location Recorded,3:30 PM,18:35,,2,0,"REBOUND DEF by FOSTER,LANE",-2,1,,,3,0,0.333,,,,2,1,0.0,0.0,38,2315
22,Millsaps,Oglethorpe,57-62,57,62,"10-12, 2-9","13-9, 7-4",02/03/19,Win,244,No Location Recorded,3:30 PM,18:28,,2,2,"GOOD JUMPER by KOCH,WILL(in the paint)",0,1,,,3,0,0.333,,jumper,good,3,1,0.333,0.0,38,2308
22,Millsaps,Oglethorpe,57-62,57,62,"10-12, 2-9","13-9, 7-4",02/03/19,Win,244,No Location Recorded,3:30 PM,18:14,"TURNOVER  by VAN PELT,JUSTIN",2,2,,0,1,,,3,0,0.333,,,,3,1,0.333,0.0,38,2294
22,Millsaps,Oglethorpe,57-62,57,62,"10-12, 2-9","13-9, 7-4",02/03/19,Win,244,No Location Recorded,3:30 PM,18:13,"FOUL  by MCLAURIN,RYAN",2,2,,0,1,foul,,3,0,0.333,,,,3,1,0.333,0.0,38,2293
22,Millsaps,Oglethorpe,57-62,57,62,"10-12, 2-9","13-9, 7-4",02/03/19,Win,244,No Location Recorded,3:30 PM,17:58,,2,2,"MISS LAYUP by PERRY,WILL",0,1,,,3,0,0.333,,layup,miss,4,1,0.25,0.0,37,2278
22,Millsaps,Oglethorpe,57-62,57,62,"10-12, 2-9","13-9, 7-4",02/03/19,Win,244,No Location Recorded,3:30 PM,17:58,"REBOUND DEF by BLANZ,BUCK",2,2,,0,1,,,3,0,0.333,,,,4,1,0.25,0.0,37,2278
22,Millsaps,Oglethorpe,57-62,57,62,"10-12, 2-9","13-9, 7-4",02/03/19,Win,244,No Location Recorded,3:30 PM,17:47,"GOOD LAYUP by TURNER,JAMES(in the paint)",4,2,,-2,1,layup,good,4,0,0.5,,,,4,1,0.25,0.0,37,2267
22,Millsaps,Oglethorpe,57-62,57,62,"10-12, 2-9","13-9, 7-4",02/03/19,Win,244,No Location Recorded,3:30 PM,17:31,,4,2,"MISS 3PTR by KOCH,WILL",-2,1,,,4,0,0.5,,3ptr,miss,5,2,0.2,0.0,37,2251
22,Millsaps,Oglethorpe,57-62,57,62,"10-12, 2-9","13-9, 7-4",02/03/19,Win,244,No Location Recorded,3:30 PM,17:31,"REBOUND DEF by TURNER,JAMES",4,2,,-2,1,,,4,0,0.5,,,,5,2,0.2,0.0,37,2251
22,Millsaps,Oglethorpe,57-62,57,62,"10-12, 2-9","13-9, 7-4",02/03/19,Win,244,No Location Recorded,3:30 PM,17:21,"FOUL  by VAN PELT,JUSTIN",4,2,,-2,1,foul,,4,0,0.5,,,,5,2,0.2,0.0,37,2241
22,Millsaps,Oglethorpe,57-62,57,62,"10-12, 2-9","13-9, 7-4",02/03/19,Win,244,No Location Recorded,3:30 PM,17:21,"TURNOVER  by VAN PELT,JUSTIN",4,2,,-2,1,,,4,0,0.5,,,,5,2,0.2,0.0,37,2241
22,Millsaps,Oglethorpe,57-62,57,62,"10-12, 2-9","13-9, 7-4",02/03/19,Win,244,No Location Recorded,3:30 PM,17:21,"SUB IN by TULLOS,ZACHARY",4,2,,-2,1,,,4,0,0.5,,,,5,2,0.2,0.0,37,2241
22,Millsaps,Oglethorpe,57-62,57,62,"10-12, 2-9","13-9, 7-4",02/03/19,Win,244,No Location Recorded,3:30 PM,17:21,"SUB OUT by VAN PELT,JUSTIN",4,2,,-2,1,,,4,0,0.5,,,,5,2,0.2,0.0,37,2241
22,Millsaps,Oglethorpe,57-62,57,62,"10-12, 2-9","13-9, 7-4",02/03/19,Win,244,No Location Recorded,3:30 PM,17:14,,4,2,"MISS LAYUP by FOSTER,LANE",-2,1,,,4,0,0.5,,layup,miss,6,2,0.167,0.0,37,2234
22,Millsaps,Oglethorpe,57-62,57,62,"10-12, 2-9","13-9, 7-4",02/03/19,Win,244,No Location Recorded,3:30 PM,17:14,,4,2,"REBOUND OFF by INUNGU,TOM",-2,1,,,4,0,0.5,,,,6,2,0.167,0.0,37,2234
22,Millsaps,Oglethorpe,57-62,57,62,"10-12, 2-9","13-9, 7-4",02/03/19,Win,244,No Location Recorded,3:30 PM,17:09,,4,2,"MISS LAYUP by INUNGU,TOM",-2,1,,,4,0,0.5,,layup,miss,7,2,0.143,0.0,37,2229
22,Millsaps,Oglethorpe,57-62,57,62,"10-12, 2-9","13-9, 7-4",02/03/19,Win,244,No Location Recorded,3:30 PM,17:09,"REBOUND DEF by TULLOS,ZACHARY",4,2,,-2,1,,,4,0,0.5,,,,7,2,0.143,0.0,37,2229
22,Millsaps,Oglethorpe,57-62,57,62,"10-12, 2-9","13-9, 7-4",02/03/19,Win,244,No Location Recorded,3:30 PM,16:57,"MISS 3PTR by BLANZ,BUCK",4,2,,-2,1,3ptr,miss,5,1,0.4,0.0,,,7,2,0.143,0.0,36,2217
22,Millsaps,Oglethorpe,57-62,57,62,"10-12, 2-9","13-9, 7-4",02/03/19,Win,244,No Location Recorded,3:30 PM,16:57,,4,2,"REBOUND DEF by KOCH,WILL",-2,1,,,5,1,0.4,0.0,,,7,2,0.143,0.0,36,2217
22,Millsaps,Oglethorpe,57-62,57,62,"10-12, 2-9","13-9, 7-4",02/03/19,Win,244,No Location Recorded,3:30 PM,16:40,,4,2,"MISS 3PTR by PERRY,WILL",-2,1,,,5,1,0.4,0.0,3ptr,miss,8,3,0.125,0.0,36,2200
22,Millsaps,Oglethorpe,57-62,57,62,"10-12, 2-9","13-9, 7-4",02/03/19,Win,244,No Location Recorded,3:30 PM,16:40,"REBOUND DEF by TURNER,JAMES",4,2,,-2,1,,,5,1,0.4,0.0,,,8,3,0.125,0.0,36,2200
22,Millsaps,Oglethorpe,57-62,57,62,"10-12, 2-9","13-9, 7-4",02/03/19,Win,244,No Location Recorded,3:30 PM,16:34,"GOOD LAYUP by TURNER,JAMES(fastbreak)(in the paint)",6,2,,-4,1,layup,good,6,1,0.5,0.0,,,8,3,0.125,0.0,36,2194
22,Millsaps,Oglethorpe,57-62,57,62,"10-12, 2-9","13-9, 7-4",02/03/19,Win,244,No Location Recorded,3:30 PM,16:14,,6,2,"MISS 3PTR by SONE,CARLOS",-4,1,,,6,1,0.5,0.0,3ptr,miss,9,4,0.111,0.0,36,2174
22,Millsaps,Oglethorpe,57-62,57,62,"10-12, 2-9","13-9, 7-4",02/03/19,Win,244,No Location Recorded,3:30 PM,16:14,"REBOUND DEF by TURNER,JAMES",6,2,,-4,1,,,6,1,0.5,0.0,,,9,4,0.111,0.0,36,2174
22,Millsaps,Oglethorpe,57-62,57,62,"10-12, 2-9","13-9, 7-4",02/03/19,Win,244,No Location Recorded,3:30 PM,15:44,"MISS JUMPER by BLANZ,BUCK",6,2,,-4,1,jumper,miss,7,1,0.429,0.0,,,9,4,0.111,0.0,35,2144
22,Millsaps,Oglethorpe,57-62,57,62,"10-12, 2-9","13-9, 7-4",02/03/19,Win,244,No Location Recorded,3:30 PM,15:44,,6,2,"REBOUND DEF by INUNGU,TOM",-4,1,,,7,1,0.429,0.0,,,9,4,0.111,0.0,35,2144
22,Millsaps,Oglethorpe,57-62,57,62,"10-12, 2-9","13-9, 7-4",02/03/19,Win,244,No Location Recorded,3:30 PM,15:35,,6,4,"GOOD LAYUP by PERRY,WILL(in the paint)",-2,1,,,7,1,0.429,0.0,layup,good,10,4,0.2,0.0,35,2135
22,Millsaps,Oglethorpe,57-62,57,62,"10-12, 2-9","13-9, 7-4",02/03/19,Win,244,No Location Recorded,3:30 PM,15:09,"GOOD JUMPER by SULLIVAN,MICHAEL",8,4,,-4,1,jumper,good,8,1,0.5,0.0,,,10,4,0.2,0.0,35,2109
22,Millsaps,Oglethorpe,57-62,57,62,"10-12, 2-9","13-9, 7-4",02/03/19,Win,244,No Location Recorded,3:30 PM,14:50,"FOUL  by TURNER,JAMES",8,4,,-4,1,foul,,8,1,0.5,0.0,,,10,4,0.2,0.0,34,2090
22,Millsaps,Oglethorpe,57-62,57,62,"10-12, 2-9","13-9, 7-4",02/03/19,Win,244,No Location Recorded,3:30 PM,14:48,,8,4,TIMEOUT TEAM by TEAM,-4,1,,,8,1,0.5,0.0,,,10,4,0.2,0.0,34,2088
22,Millsaps,Oglethorpe,57-62,57,62,"10-12, 2-9","13-9, 7-4",02/03/19,Win,244,No Location Recorded,3:30 PM,14:48,"SUB IN by MILLER,JOSHUA",8,4,,-4,1,,,8,1,0.5,0.0,,,10,4,0.2,0.0,34,2088
22,Millsaps,Oglethorpe,57-62,57,62,"10-12, 2-9","13-9, 7-4",02/03/19,Win,244,No Location Recorded,3:30 PM,14:48,"SUB IN by BURNETT,DREW",8,4,,-4,1,,,8,1,0.5,0.0,,,10,4,0.2,0.0,34,2088
22,Millsaps,Oglethorpe,57-62,57,62,"10-12, 2-9","13-9, 7-4",02/03/19,Win,244,No Location Recorded,3:30 PM,14:48,"SUB IN by SAVAGE,CHAS",8,4,,-4,1,,,8,1,0.5,0.0,,,10,4,0.2,0.0,34,2088
22,Millsaps,Oglethorpe,57-62,57,62,"10-12, 2-9","13-9, 7-4",02/03/19,Win,244,No Location Recorded,3:30 PM,14:48,"SUB OUT by SULLIVAN,MICHAEL",8,4,,-4,1,,,8,1,0.5,0.0,,,10,4,0.2,0.0,34,2088
22,Millsaps,Oglethorpe,57-62,57,62,"10-12, 2-9","13-9, 7-4",02/03/19,Win,244,No Location Recorded,3:30 PM,14:48,"SUB OUT by BLANZ,BUCK",8,4,,-4,1,,,8,1,0.5,0.0,,,10,4,0.2,0.0,34,2088
22,Millsaps,Oglethorpe,57-62,57,62,"10-12, 2-9","13-9, 7-4",02/03/19,Win,244,No Location Recorded,3:30 PM,14:48,"SUB OUT by TURNER,JAMES",8,4,,-4,1,,,8,1,0.5,0.0,,,10,4,0.2,0.0,34,2088
22,Millsaps,Oglethorpe,57-62,57,62,"10-12, 2-9","13-9, 7-4",02/03/19,Win,244,No Location Recorded,3:30 PM,14:41,,8,6,"GOOD JUMPER by KOCH,WILL(in the paint)",-2,1,,,8,1,0.5,0.0,jumper,good,11,4,0.273,0.0,34,2081
22,Millsaps,Oglethorpe,57-62,57,62,"10-12, 2-9","13-9, 7-4",02/03/19,Win,244,No Location Recorded,3:30 PM,14:12,"MISS 3PTR by MCLAURIN,RYAN",8,6,,-2,1,3ptr,miss,9,2,0.444,0.0,,,11,4,0.273,0.0,34,2052
22,Millsaps,Oglethorpe,57-62,57,62,"10-12, 2-9","13-9, 7-4",02/03/19,Win,244,No Location Recorded,3:30 PM,14:12,,8,6,"REBOUND DEF by KOCH,WILL",-2,1,,,9,2,0.444,0.0,,,11,4,0.273,0.0,34,2052
22,Millsaps,Oglethorpe,57-62,57,62,"10-12, 2-9","13-9, 7-4",02/03/19,Win,244,No Location Recorded,3:30 PM,14:00,,8,6,"MISS 3PTR by PERRY,WILL",-2,1,,,9,2,0.444,0.0,3ptr,miss,12,5,0.25,0.0,34,2040
22,Millsaps,Oglethorpe,57-62,57,62,"10-12, 2-9","13-9, 7-4",02/03/19,Win,244,No Location Recorded,3:30 PM,14:00,"REBOUND DEF by SAVAGE,CHAS",8,6,,-2,1,,,9,2,0.444,0.0,,,12,5,0.25,0.0,34,2040
22,Millsaps,Oglethorpe,57-62,57,62,"10-12, 2-9","13-9, 7-4",02/03/19,Win,244,No Location Recorded,3:30 PM,13:36,"MISS 3PTR by MCLAURIN,RYAN",8,6,,-2,1,3ptr,miss,10,3,0.4,0.0,,,12,5,0.25,0.0,33,2016
22,Millsaps,Oglethorpe,57-62,57,62,"10-12, 2-9","13-9, 7-4",02/03/19,Win,244,No Location Recorded,3:30 PM,13:36,,8,6,"REBOUND DEF by INUNGU,TOM",-2,1,,,10,3,0.4,0.0,,,12,5,0.25,0.0,33,2016
22,Millsaps,Oglethorpe,57-62,57,62,"10-12, 2-9","13-9, 7-4",02/03/19,Win,244,No Location Recorded,3:30 PM,13:16,"FOUL  by SAVAGE,CHAS",8,6,,-2,1,foul,,10,3,0.4,0.0,,,12,5,0.25,0.0,33,1996
22,Millsaps,Oglethorpe,57-62,57,62,"10-12, 2-9","13-9, 7-4",02/03/19,Win,244,No Location Recorded,3:30 PM,13:16,"SUB IN by BECKER,SAXTON",8,6,,-2,1,,,10,3,0.4,0.0,,,12,5,0.25,0.0,33,1996
22,Millsaps,Oglethorpe,57-62,57,62,"10-12, 2-9","13-9, 7-4",02/03/19,Win,244,No Location Recorded,3:30 PM,13:16,"SUB IN by TURNER,JAMES",8,6,,-2,1,,,10,3,0.4,0.0,,,12,5,0.25,0.0,33,1996
22,Millsaps,Oglethorpe,57-62,57,62,"10-12, 2-9","13-9, 7-4",02/03/19,Win,244,No Location Recorded,3:30 PM,13:16,"SUB OUT by MCLAURIN,RYAN",8,6,,-2,1,,,10,3,0.4,0.0,,,12,5,0.25,0.0,33,1996
22,Millsaps,Oglethorpe,57-62,57,62,"10-12, 2-9","13-9, 7-4",02/03/19,Win,244,No Location Recorded,3:30 PM,13:16,"SUB OUT by SAVAGE,CHAS",8,6,,-2,1,,,10,3,0.4,0.0,,,12,5,0.25,0.0,33,1996
22,Millsaps,Oglethorpe,57-62,57,62,"10-12, 2-9","13-9, 7-4",02/03/19,Win,244,No Location Recorded,3:30 PM,13:16,,8,6,"SUB IN by JENEI,RYAN",-2,1,,,10,3,0.4,0.0,,,12,5,0.25,0.0,33,1996
22,Millsaps,Oglethorpe,57-62,57,62,"10-12, 2-9","13-9, 7-4",02/03/19,Win,244,No Location Recorded,3:30 PM,13:16,,8,6,"SUB IN by BREATHWAITE,ZACH",-2,1,,,10,3,0.4,0.0,,,12,5,0.25,0.0,33,1996
22,Millsaps,Oglethorpe,57-62,57,62,"10-12, 2-9","13-9, 7-4",02/03/19,Win,244,No Location Recorded,3:30 PM,13:16,,8,6,"SUB OUT by SONE,CARLOS",-2,1,,,10,3,0.4,0.0,,,12,5,0.25,0.0,33,1996
22,Millsaps,Oglethorpe,57-62,57,62,"10-12, 2-9","13-9, 7-4",02/03/19,Win,244,No Location Recorded,3:30 PM,13:16,,8,6,"SUB OUT by INUNGU,TOM",-2,1,,,10,3,0.4,0.0,,,12,5,0.25,0.0,33,1996
22,Millsaps,Oglethorpe,57-62,57,62,"10-12, 2-9","13-9, 7-4",02/03/19,Win,244,No Location Recorded,3:30 PM,13:14,,8,6,"TURNOVER  by JENEI,RYAN",-2,1,,,10,3,0.4,0.0,,,12,5,0.25,0.0,33,1994
22,Millsaps,Oglethorpe,57-62,57,62,"10-12, 2-9","13-9, 7-4",02/03/19,Win,244,No Location Recorded,3:30 PM,12:52,"GOOD LAYUP by BURNETT,DREW(in the paint)",10,6,,-4,1,layup,good,11,3,0.455,0.0,,,12,5,0.25,0.0,32,1972
22,Millsaps,Oglethorpe,57-62,57,62,"10-12, 2-9","13-9, 7-4",02/03/19,Win,244,No Location Recorded,3:30 PM,12:52,"ASSIST ASSIST by TULLOS,ZACHARY",10,6,,-4,1,,,11,3,0.455,0.0,,,12,5,0.25,0.0,32,1972
22,Millsaps,Oglethorpe,57-62,57,62,"10-12, 2-9","13-9, 7-4",02/03/19,Win,244,No Location Recorded,3:30 PM,12:35,,10,6,"FOUL  by KOCH,WILL",-4,1,,,11,3,0.455,0.0,foul,,12,5,0.25,0.0,32,1955
22,Millsaps,Oglethorpe,57-62,57,62,"10-12, 2-9","13-9, 7-4",02/03/19,Win,244,No Location Recorded,3:30 PM,12:35,,10,6,"TURNOVER  by KOCH,WILL",-4,1,,,11,3,0.455,0.0,,,12,5,0.25,0.0,32,1955
22,Millsaps,Oglethorpe,57-62,57,62,"10-12, 2-9","13-9, 7-4",02/03/19,Win,244,No Location Recorded,3:30 PM,12:18,"MISS LAYUP by TULLOS,ZACHARY",10,6,,-4,1,layup,miss,12,3,0.417,0.0,,,12,5,0.25,0.0,32,1938
22,Millsaps,Oglethorpe,57-62,57,62,"10-12, 2-9","13-9, 7-4",02/03/19,Win,244,No Location Recorded,3:30 PM,12:18,"REBOUND OFF by TULLOS,ZACHARY",10,6,,-4,1,,,12,3,0.417,0.0,,,12,5,0.25,0.0,32,1938
22,Millsaps,Oglethorpe,57-62,57,62,"10-12, 2-9","13-9, 7-4",02/03/19,Win,244,No Location Recorded,3:30 PM,12:13,"MISS LAYUP by TULLOS,ZACHARY",10,6,,-4,1,layup,miss,13,3,0.385,0.0,,,12,5,0.25,0.0,32,1933
22,Millsaps,Oglethorpe,57-62,57,62,"10-12, 2-9","13-9, 7-4",02/03/19,Win,244,No Location Recorded,3:30 PM,12:13,,10,6,"REBOUND DEF by FOSTER,LANE",-4,1,,,13,3,0.385,0.0,,,12,5,0.25,0.0,32,1933
22,Millsaps,Oglethorpe,57-62,57,62,"10-12, 2-9","13-9, 7-4",02/03/19,Win,244,No Location Recorded,3:30 PM,12:06,,10,8,"GOOD DUNK by BREATHWAITE,ZACH",-2,1,,,13,3,0.385,0.0,,good,13,5,0.308,0.0,32,1926
22,Millsaps,Oglethorpe,57-62,57,62,"10-12, 2-9","13-9, 7-4",02/03/19,Win,244,No Location Recorded,3:30 PM,12:06,,10,8,"ASSIST ASSIST by PERRY,WILL",-2,1,,,13,3,0.385,0.0,,,13,5,0.308,0.0,32,1926
22,Millsaps,Oglethorpe,57-62,57,62,"10-12, 2-9","13-9, 7-4",02/03/19,Win,244,No Location Recorded,3:30 PM,11:44,"MISS JUMPER by TULLOS,ZACHARY",10,8,,-2,1,jumper,miss,14,3,0.357,0.0,,,13,5,0.308,0.0,31,1904
22,Millsaps,Oglethorpe,57-62,57,62,"10-12, 2-9","13-9, 7-4",02/03/19,Win,244,No Location Recorded,3:30 PM,11:44,,10,8,"REBOUND DEF by PERRY,WILL",-2,1,,,14,3,0.357,0.0,,,13,5,0.308,0.0,31,1904
22,Millsaps,Oglethorpe,57-62,57,62,"10-12, 2-9","13-9, 7-4",02/03/19,Win,244,No Location Recorded,3:30 PM,11:32,,10,11,"GOOD 3PTR by JENEI,RYAN",1,1,,,14,3,0.357,0.0,3ptr,good,14,6,0.357,0.167,31,1892
22,Millsaps,Oglethorpe,57-62,57,62,"10-12, 2-9","13-9, 7-4",02/03/19,Win,244,No Location Recorded,3:30 PM,11:32,,10,11,"ASSIST ASSIST by KOCH,WILL",1,1,,,14,3,0.357,0.0,,,14,6,0.357,0.167,31,1892
22,Millsaps,Oglethorpe,57-62,57,62,"10-12, 2-9","13-9, 7-4",02/03/19,Win,244,No Location Recorded,3:30 PM,11:17,"MISS 3PTR by BECKER,SAXTON",10,11,,1,1,3ptr,miss,15,4,0.333,0.0,,,14,6,0.357,0.167,31,1877
22,Millsaps,Oglethorpe,57-62,57,62,"10-12, 2-9","13-9, 7-4",02/03/19,Win,244,No Location Recorded,3:30 PM,11:17,REBOUND OFF by TEAM,10,11,,1,1,,,15,4,0.333,0.0,,,14,6,0.357,0.167,31,1877
22,Millsaps,Oglethorpe,57-62,57,62,"10-12, 2-9","13-9, 7-4",02/03/19,Win,244,No Location Recorded,3:30 PM,11:12,,10,11,TIMEOUT TEAM by TEAM,1,1,,,15,4,0.333,0.0,,,14,6,0.357,0.167,31,1872
22,Millsaps,Oglethorpe,57-62,57,62,"10-12, 2-9","13-9, 7-4",02/03/19,Win,244,No Location Recorded,3:30 PM,11:12,"SUB IN by VAN PELT,JUSTIN",10,11,,1,1,,,15,4,0.333,0.0,,,14,6,0.357,0.167,31,1872
22,Millsaps,Oglethorpe,57-62,57,62,"10-12, 2-9","13-9, 7-4",02/03/19,Win,244,No Location Recorded,3:30 PM,11:12,"SUB IN by GILLIHAN,NEWLON",10,11,,1,1,,,15,4,0.333,0.0,,,14,6,0.357,0.167,31,1872
22,Millsaps,Oglethorpe,57-62,57,62,"10-12, 2-9","13-9, 7-4",02/03/19,Win,244,No Location Recorded,3:30 PM,11:12,"SUB IN by SULLIVAN,MICHAEL",10,11,,1,1,,,15,4,0.333,0.0,,,14,6,0.357,0.167,31,1872
22,Millsaps,Oglethorpe,57-62,57,62,"10-12, 2-9","13-9, 7-4",02/03/19,Win,244,No Location Recorded,3:30 PM,11:12,"SUB OUT by BECKER,SAXTON",10,11,,1,1,,,15,4,0.333,0.0,,,14,6,0.357,0.167,31,1872
22,Millsaps,Oglethorpe,57-62,57,62,"10-12, 2-9","13-9, 7-4",02/03/19,Win,244,No Location Recorded,3:30 PM,11:12,"SUB OUT by BURNETT,DREW",10,11,,1,1,,,15,4,0.333,0.0,,,14,6,0.357,0.167,31,1872
22,Millsaps,Oglethorpe,57-62,57,62,"10-12, 2-9","13-9, 7-4",02/03/19,Win,244,No Location Recorded,3:30 PM,11:12,"SUB OUT by TULLOS,ZACHARY",10,11,,1,1,,,15,4,0.333,0.0,,,14,6,0.357,0.167,31,1872
22,Millsaps,Oglethorpe,57-62,57,62,"10-12, 2-9","13-9, 7-4",02/03/19,Win,244,No Location Recorded,3:30 PM,11:09,,10,11,"TURNOVER  by BREATHWAITE,ZACH",1,1,,,15,4,0.333,0.0,,,14,6,0.357,0.167,31,1869
22,Millsaps,Oglethorpe,57-62,57,62,"10-12, 2-9","13-9, 7-4",02/03/19,Win,244,No Location Recorded,3:30 PM,11:09,,10,11,"SUB IN by SONE,CARLOS",1,1,,,15,4,0.333,0.0,,,14,6,0.357,0.167,31,1869
22,Millsaps,Oglethorpe,57-62,57,62,"10-12, 2-9","13-9, 7-4",02/03/19,Win,244,No Location Recorded,3:30 PM,11:09,,10,11,"SUB IN by INUNGU,TOM",1,1,,,15,4,0.333,0.0,,,14,6,0.357,0.167,31,1869
22,Millsaps,Oglethorpe,57-62,57,62,"10-12, 2-9","13-9, 7-4",02/03/19,Win,244,No Location Recorded,3:30 PM,11:09,,10,11,"SUB OUT by FOSTER,LANE",1,1,,,15,4,0.333,0.0,,,14,6,0.357,0.167,31,1869
22,Millsaps,Oglethorpe,57-62,57,62,"10-12, 2-9","13-9, 7-4",02/03/19,Win,244,No Location Recorded,3:30 PM,11:09,,10,11,"SUB OUT by KOCH,WILL",1,1,,,15,4,0.333,0.0,,,14,6,0.357,0.167,31,1869
22,Millsaps,Oglethorpe,57-62,57,62,"10-12, 2-9","13-9, 7-4",02/03/19,Win,244,No Location Recorded,3:30 PM,11:07,"MISS 3PTR by SULLIVAN,MICHAEL",10,11,,1,1,3ptr,miss,16,5,0.312,0.0,,,14,6,0.357,0.167,31,1867
22,Millsaps,Oglethorpe,57-62,57,62,"10-12, 2-9","13-9, 7-4",02/03/19,Win,244,No Location Recorded,3:30 PM,11:07,,10,11,"REBOUND DEF by PERRY,WILL",1,1,,,16,5,0.312,0.0,,,14,6,0.357,0.167,31,1867
22,Millsaps,Oglethorpe,57-62,57,62,"10-12, 2-9","13-9, 7-4",02/03/19,Win,244,No Location Recorded,3:30 PM,10:45,,10,13,"GOOD LAYUP by INUNGU,TOM(in the paint)",3,1,,,16,5,0.312,0.0,layup,good,15,6,0.4,0.167,30,1845
22,Millsaps,Oglethorpe,57-62,57,62,"10-12, 2-9","13-9, 7-4",02/03/19,Win,244,No Location Recorded,3:30 PM,10:30,"TURNOVER  by GILLIHAN,NEWLON",10,13,,3,1,,,16,5,0.312,0.0,,,15,6,0.4,0.167,30,1830
22,Millsaps,Oglethorpe,57-62,57,62,"10-12, 2-9","13-9, 7-4",02/03/19,Win,244,No Location Recorded,3:30 PM,10:28,,10,13,"STEAL  by BREATHWAITE,ZACH",3,1,,,16,5,0.312,0.0,,,15,6,0.4,0.167,30,1828
22,Millsaps,Oglethorpe,57-62,57,62,"10-12, 2-9","13-9, 7-4",02/03/19,Win,244,No Location Recorded,3:30 PM,10:22,,10,15,"GOOD LAYUP by PERRY,WILL(in the paint)",5,1,,,16,5,0.312,0.0,layup,good,16,6,0.438,0.167,30,1822
22,Millsaps,Oglethorpe,57-62,57,62,"10-12, 2-9","13-9, 7-4",02/03/19,Win,244,No Location Recorded,3:30 PM,10:05,"GOOD 3PTR by TURNER,JAMES",13,15,,2,1,3ptr,good,17,6,0.353,0.167,,,16,6,0.438,0.167,30,1805
22,Millsaps,Oglethorpe,57-62,57,62,"10-12, 2-9","13-9, 7-4",02/03/19,Win,244,No Location Recorded,3:30 PM,10:05,"ASSIST ASSIST by MILLER,JOSHUA",13,15,,2,1,,,17,6,0.353,0.167,,,16,6,0.438,0.167,30,1805
22,Millsaps,Oglethorpe,57-62,57,62,"10-12, 2-9","13-9, 7-4",02/03/19,Win,244,No Location Recorded,3:30 PM,09:38,"FOUL  by VAN PELT,JUSTIN",13,15,,2,1,foul,,17,6,0.353,0.167,,,16,6,0.438,0.167,29,1778
22,Millsaps,Oglethorpe,57-62,57,62,"10-12, 2-9","13-9, 7-4",02/03/19,Win,244,No Location Recorded,3:30 PM,09:38,,13,15,"MISS FT by INUNGU,TOM",2,1,,,17,6,0.353,0.167,ft,miss,17,6,0.412,0.167,29,1778
22,Millsaps,Oglethorpe,57-62,57,62,"10-12, 2-9","13-9, 7-4",02/03/19,Win,244,No Location Recorded,3:30 PM,09:38,,13,15,REBOUND DEADB by TEAM,2,1,,,17,6,0.353,0.167,,,17,6,0.412,0.167,29,1778
22,Millsaps,Oglethorpe,57-62,57,62,"10-12, 2-9","13-9, 7-4",02/03/19,Win,244,No Location Recorded,3:30 PM,09:38,,13,16,"GOOD FT by INUNGU,TOM",3,1,,,17,6,0.353,0.167,ft,good,18,6,0.444,0.167,29,1778
22,Millsaps,Oglethorpe,57-62,57,62,"10-12, 2-9","13-9, 7-4",02/03/19,Win,244,No Location Recorded,3:30 PM,09:38,"SUB IN by MCLAURIN,RYAN",13,16,,3,1,,,17,6,0.353,0.167,,,18,6,0.444,0.167,29,1778
22,Millsaps,Oglethorpe,57-62,57,62,"10-12, 2-9","13-9, 7-4",02/03/19,Win,244,No Location Recorded,3:30 PM,09:38,"SUB IN by BLANZ,BUCK",13,16,,3,1,,,17,6,0.353,0.167,,,18,6,0.444,0.167,29,1778
22,Millsaps,Oglethorpe,57-62,57,62,"10-12, 2-9","13-9, 7-4",02/03/19,Win,244,No Location Recorded,3:30 PM,09:38,"SUB OUT by VAN PELT,JUSTIN",13,16,,3,1,,,17,6,0.353,0.167,,,18,6,0.444,0.167,29,1778
22,Millsaps,Oglethorpe,57-62,57,62,"10-12, 2-9","13-9, 7-4",02/03/19,Win,244,No Location Recorded,3:30 PM,09:38,"SUB OUT by MILLER,JOSHUA",13,16,,3,1,,,17,6,0.353,0.167,,,18,6,0.444,0.167,29,1778
22,Millsaps,Oglethorpe,57-62,57,62,"10-12, 2-9","13-9, 7-4",02/03/19,Win,244,No Location Recorded,3:30 PM,09:38,,13,16,"SUB IN by FOSTER,LANE",3,1,,,17,6,0.353,0.167,,,18,6,0.444,0.167,29,1778
22,Millsaps,Oglethorpe,57-62,57,62,"10-12, 2-9","13-9, 7-4",02/03/19,Win,244,No Location Recorded,3:30 PM,09:38,,13,16,"SUB IN by KOCH,WILL",3,1,,,17,6,0.353,0.167,,,18,6,0.444,0.167,29,1778
22,Millsaps,Oglethorpe,57-62,57,62,"10-12, 2-9","13-9, 7-4",02/03/19,Win,244,No Location Recorded,3:30 PM,09:38,,13,16,"SUB OUT by BREATHWAITE,ZACH",3,1,,,17,6,0.353,0.167,,,18,6,0.444,0.167,29,1778
22,Millsaps,Oglethorpe,57-62,57,62,"10-12, 2-9","13-9, 7-4",02/03/19,Win,244,No Location Recorded,3:30 PM,09:38,,13,16,"SUB OUT by PERRY,WILL",3,1,,,17,6,0.353,0.167,,,18,6,0.444,0.167,29,1778
22,Millsaps,Oglethorpe,57-62,57,62,"10-12, 2-9","13-9, 7-4",02/03/19,Win,244,No Location Recorded,3:30 PM,09:20,"MISS JUMPER by GILLIHAN,NEWLON",13,16,,3,1,jumper,miss,18,6,0.333,0.167,,,18,6,0.444,0.167,29,1760
22,Millsaps,Oglethorpe,57-62,57,62,"10-12, 2-9","13-9, 7-4",02/03/19,Win,244,No Location Recorded,3:30 PM,09:20,"REBOUND OFF by MCLAURIN,RYAN",13,16,,3,1,,,18,6,0.333,0.167,,,18,6,0.444,0.167,29,1760
22,Millsaps,Oglethorpe,57-62,57,62,"10-12, 2-9","13-9, 7-4",02/03/19,Win,244,No Location Recorded,3:30 PM,09:17,"GOOD LAYUP by MCLAURIN,RYAN(in the paint)",15,16,,1,1,layup,good,19,6,0.368,0.167,,,18,6,0.444,0.167,29,1757
22,Millsaps,Oglethorpe,57-62,57,62,"10-12, 2-9","13-9, 7-4",02/03/19,Win,244,No Location Recorded,3:30 PM,08:53,,15,16,"TURNOVER  by JENEI,RYAN",1,1,,,19,6,0.368,0.167,,,18,6,0.444,0.167,28,1733
22,Millsaps,Oglethorpe,57-62,57,62,"10-12, 2-9","13-9, 7-4",02/03/19,Win,244,No Location Recorded,3:30 PM,08:23,"GOOD LAYUP by SULLIVAN,MICHAEL(in the paint)",17,16,,-1,1,layup,good,20,6,0.4,0.167,,,18,6,0.444,0.167,28,1703
22,Millsaps,Oglethorpe,57-62,57,62,"10-12, 2-9","13-9, 7-4",02/03/19,Win,244,No Location Recorded,3:30 PM,08:05,,17,18,"GOOD JUMPER by KOCH,WILL(in the paint)",1,1,,,20,6,0.4,0.167,jumper,good,19,6,0.474,0.167,28,1685
22,Millsaps,Oglethorpe,57-62,57,62,"10-12, 2-9","13-9, 7-4",02/03/19,Win,244,No Location Recorded,3:30 PM,07:43,,17,18,"FOUL  by KOCH,WILL",1,1,,,20,6,0.4,0.167,foul,,19,6,0.474,0.167,27,1663
22,Millsaps,Oglethorpe,57-62,57,62,"10-12, 2-9","13-9, 7-4",02/03/19,Win,244,No Location Recorded,3:30 PM,07:34,,17,18,TIMEOUT TEAM by TEAM,1,1,,,20,6,0.4,0.167,,,19,6,0.474,0.167,27,1654
22,Millsaps,Oglethorpe,57-62,57,62,"10-12, 2-9","13-9, 7-4",02/03/19,Win,244,No Location Recorded,3:30 PM,07:34,,17,18,"SUB IN by PERRY,WILL",1,1,,,20,6,0.4,0.167,,,19,6,0.474,0.167,27,1654
22,Millsaps,Oglethorpe,57-62,57,62,"10-12, 2-9","13-9, 7-4",02/03/19,Win,244,No Location Recorded,3:30 PM,07:34,,17,18,"SUB OUT by KOCH,WILL",1,1,,,20,6,0.4,0.167,,,19,6,0.474,0.167,27,1654
22,Millsaps,Oglethorpe,57-62,57,62,"10-12, 2-9","13-9, 7-4",02/03/19,Win,244,No Location Recorded,3:30 PM,07:21,"TURNOVER  by BLANZ,BUCK",17,18,,1,1,,,20,6,0.4,0.167,,,19,6,0.474,0.167,27,1641
22,Millsaps,Oglethorpe,57-62,57,62,"10-12, 2-9","13-9, 7-4",02/03/19,Win,244,No Location Recorded,3:30 PM,07:19,,17,18,"STEAL  by INUNGU,TOM",1,1,,,20,6,0.4,0.167,,,19,6,0.474,0.167,27,1639
22,Millsaps,Oglethorpe,57-62,57,62,"10-12, 2-9","13-9, 7-4",02/03/19,Win,244,No Location Recorded,3:30 PM,06:59,,17,20,"GOOD JUMPER by INUNGU,TOM(in the paint)",3,1,,,20,6,0.4,0.167,jumper,good,20,6,0.5,0.167,26,1619
22,Millsaps,Oglethorpe,57-62,57,62,"10-12, 2-9","13-9, 7-4",02/03/19,Win,244,No Location Recorded,3:30 PM,06:41,"MISS 3PTR by SULLIVAN,MICHAEL",17,20,,3,1,3ptr,miss,21,7,0.381,0.143,,,20,6,0.5,0.167,26,1601
22,Millsaps,Oglethorpe,57-62,57,62,"10-12, 2-9","13-9, 7-4",02/03/19,Win,244,No Location Recorded,3:30 PM,06:41,"REBOUND OFF by BLANZ,BUCK",17,20,,3,1,,,21,7,0.381,0.143,,,20,6,0.5,0.167,26,1601
22,Millsaps,Oglethorpe,57-62,57,62,"10-12, 2-9","13-9, 7-4",02/03/19,Win,244,No Location Recorded,3:30 PM,06:37,"GOOD LAYUP by BLANZ,BUCK(in the paint)",19,20,,1,1,layup,good,22,7,0.409,0.143,,,20,6,0.5,0.167,26,1597
22,Millsaps,Oglethorpe,57-62,57,62,"10-12, 2-9","13-9, 7-4",02/03/19,Win,244,No Location Recorded,3:30 PM,06:17,,19,22,"GOOD LAYUP by JENEI,RYAN(in the paint)",3,1,,,22,7,0.409,0.143,layup,good,21,6,0.524,0.167,26,1577
22,Millsaps,Oglethorpe,57-62,57,62,"10-12, 2-9","13-9, 7-4",02/03/19,Win,244,No Location Recorded,3:30 PM,06:17,,19,22,"ASSIST ASSIST by PERRY,WILL",3,1,,,22,7,0.409,0.143,,,21,6,0.524,0.167,26,1577
22,Millsaps,Oglethorpe,57-62,57,62,"10-12, 2-9","13-9, 7-4",02/03/19,Win,244,No Location Recorded,3:30 PM,05:54,"TURNOVER  by MCLAURIN,RYAN",19,22,,3,1,,,22,7,0.409,0.143,,,21,6,0.524,0.167,25,1554
22,Millsaps,Oglethorpe,57-62,57,62,"10-12, 2-9","13-9, 7-4",02/03/19,Win,244,No Location Recorded,3:30 PM,05:53,,19,22,"STEAL  by FOSTER,LANE",3,1,,,22,7,0.409,0.143,,,21,6,0.524,0.167,25,1553
22,Millsaps,Oglethorpe,57-62,57,62,"10-12, 2-9","13-9, 7-4",02/03/19,Win,244,No Location Recorded,3:30 PM,05:49,,19,24,"GOOD LAYUP by PERRY,WILL(fastbreak)(in the paint)",5,1,,,22,7,0.409,0.143,layup,good,22,6,0.545,0.167,25,1549
22,Millsaps,Oglethorpe,57-62,57,62,"10-12, 2-9","13-9, 7-4",02/03/19,Win,244,No Location Recorded,3:30 PM,05:49,,19,24,"ASSIST ASSIST by FOSTER,LANE",5,1,,,22,7,0.409,0.143,,,22,6,0.545,0.167,25,1549
22,Millsaps,Oglethorpe,57-62,57,62,"10-12, 2-9","13-9, 7-4",02/03/19,Win,244,No Location Recorded,3:30 PM,05:46,TIMEOUT 30s by TEAM,19,24,,5,1,,,22,7,0.409,0.143,,,22,6,0.545,0.167,25,1546
22,Millsaps,Oglethorpe,57-62,57,62,"10-12, 2-9","13-9, 7-4",02/03/19,Win,244,No Location Recorded,3:30 PM,05:46,"SUB IN by MILLER,JOSHUA",19,24,,5,1,,,22,7,0.409,0.143,,,22,6,0.545,0.167,25,1546
22,Millsaps,Oglethorpe,57-62,57,62,"10-12, 2-9","13-9, 7-4",02/03/19,Win,244,No Location Recorded,3:30 PM,05:46,"SUB IN by OWENS,MATT",19,24,,5,1,,,22,7,0.409,0.143,,,22,6,0.545,0.167,25,1546
22,Millsaps,Oglethorpe,57-62,57,62,"10-12, 2-9","13-9, 7-4",02/03/19,Win,244,No Location Recorded,3:30 PM,05:46,"SUB IN by CARVELLI,CAMERON",19,24,,5,1,,,22,7,0.409,0.143,,,22,6,0.545,0.167,25,1546
22,Millsaps,Oglethorpe,57-62,57,62,"10-12, 2-9","13-9, 7-4",02/03/19,Win,244,No Location Recorded,3:30 PM,05:46,"SUB OUT by MCLAURIN,RYAN",19,24,,5,1,,,22,7,0.409,0.143,,,22,6,0.545,0.167,25,1546
22,Millsaps,Oglethorpe,57-62,57,62,"10-12, 2-9","13-9, 7-4",02/03/19,Win,244,No Location Recorded,3:30 PM,05:46,"SUB OUT by BLANZ,BUCK",19,24,,5,1,,,22,7,0.409,0.143,,,22,6,0.545,0.167,25,1546
22,Millsaps,Oglethorpe,57-62,57,62,"10-12, 2-9","13-9, 7-4",02/03/19,Win,244,No Location Recorded,3:30 PM,05:46,"SUB OUT by GILLIHAN,NEWLON",19,24,,5,1,,,22,7,0.409,0.143,,,22,6,0.545,0.167,25,1546
22,Millsaps,Oglethorpe,57-62,57,62,"10-12, 2-9","13-9, 7-4",02/03/19,Win,244,No Location Recorded,3:30 PM,05:25,"GOOD 3PTR by CARVELLI,CAMERON",22,24,,2,1,3ptr,good,23,8,0.435,0.25,,,22,6,0.545,0.167,25,1525
22,Millsaps,Oglethorpe,57-62,57,62,"10-12, 2-9","13-9, 7-4",02/03/19,Win,244,No Location Recorded,3:30 PM,05:25,"ASSIST ASSIST by MILLER,JOSHUA",22,24,,2,1,,,23,8,0.435,0.25,,,22,6,0.545,0.167,25,1525
22,Millsaps,Oglethorpe,57-62,57,62,"10-12, 2-9","13-9, 7-4",02/03/19,Win,244,No Location Recorded,3:30 PM,05:07,,22,24,"TURNOVER  by PERRY,WILL",2,1,,,23,8,0.435,0.25,,,22,6,0.545,0.167,25,1507
22,Millsaps,Oglethorpe,57-62,57,62,"10-12, 2-9","13-9, 7-4",02/03/19,Win,244,No Location Recorded,3:30 PM,05:06,"STEAL  by MILLER,JOSHUA",22,24,,2,1,,,23,8,0.435,0.25,,,22,6,0.545,0.167,25,1506
22,Millsaps,Oglethorpe,57-62,57,62,"10-12, 2-9","13-9, 7-4",02/03/19,Win,244,No Location Recorded,3:30 PM,04:59,"GOOD 3PTR by SULLIVAN,MICHAEL",25,24,,-1,1,3ptr,good,24,9,0.458,0.333,,,22,6,0.545,0.167,24,1499
22,Millsaps,Oglethorpe,57-62,57,62,"10-12, 2-9","13-9, 7-4",02/03/19,Win,244,No Location Recorded,3:30 PM,04:59,"ASSIST ASSIST by MILLER,JOSHUA",25,24,,-1,1,,,24,9,0.458,0.333,,,22,6,0.545,0.167,24,1499
22,Millsaps,Oglethorpe,57-62,57,62,"10-12, 2-9","13-9, 7-4",02/03/19,Win,244,No Location Recorded,3:30 PM,04:31,,25,24,"MISS 3PTR by PERRY,WILL",-1,1,,,24,9,0.458,0.333,3ptr,miss,23,7,0.522,0.143,24,1471
22,Millsaps,Oglethorpe,57-62,57,62,"10-12, 2-9","13-9, 7-4",02/03/19,Win,244,No Location Recorded,3:30 PM,04:31,"REBOUND DEF by CARVELLI,CAMERON",25,24,,-1,1,,,24,9,0.458,0.333,,,23,7,0.522,0.143,24,1471
22,Millsaps,Oglethorpe,57-62,57,62,"10-12, 2-9","13-9, 7-4",02/03/19,Win,244,No Location Recorded,3:30 PM,04:18,,25,24,"FOUL  by SONE,CARLOS",-1,1,,,24,9,0.458,0.333,foul,,23,7,0.522,0.143,24,1458
22,Millsaps,Oglethorpe,57-62,57,62,"10-12, 2-9","13-9, 7-4",02/03/19,Win,244,No Location Recorded,3:30 PM,04:18,"MISS FT by SULLIVAN,MICHAEL",25,24,,-1,1,ft,miss,25,9,0.44,0.333,,,23,7,0.522,0.143,24,1458
22,Millsaps,Oglethorpe,57-62,57,62,"10-12, 2-9","13-9, 7-4",02/03/19,Win,244,No Location Recorded,3:30 PM,04:18,REBOUND DEADB by TEAM,25,24,,-1,1,,,25,9,0.44,0.333,,,23,7,0.522,0.143,24,1458
22,Millsaps,Oglethorpe,57-62,57,62,"10-12, 2-9","13-9, 7-4",02/03/19,Win,244,No Location Recorded,3:30 PM,04:18,"GOOD FT by SULLIVAN,MICHAEL",26,24,,-2,1,ft,good,26,9,0.462,0.333,,,23,7,0.522,0.143,24,1458
22,Millsaps,Oglethorpe,57-62,57,62,"10-12, 2-9","13-9, 7-4",02/03/19,Win,244,No Location Recorded,3:30 PM,04:18,"GOOD FT by SULLIVAN,MICHAEL",27,24,,-3,1,ft,good,27,9,0.481,0.333,,,23,7,0.522,0.143,24,1458
22,Millsaps,Oglethorpe,57-62,57,62,"10-12, 2-9","13-9, 7-4",02/03/19,Win,244,No Location Recorded,3:30 PM,04:00,,27,26,"GOOD JUMPER by FOSTER,LANE",-1,1,,,27,9,0.481,0.333,jumper,good,24,7,0.542,0.143,24,1440
22,Millsaps,Oglethorpe,57-62,57,62,"10-12, 2-9","13-9, 7-4",02/03/19,Win,244,No Location Recorded,3:30 PM,04:00,,27,26,"ASSIST ASSIST by SONE,CARLOS",-1,1,,,27,9,0.481,0.333,,,24,7,0.542,0.143,24,1440
22,Millsaps,Oglethorpe,57-62,57,62,"10-12, 2-9","13-9, 7-4",02/03/19,Win,244,No Location Recorded,3:30 PM,03:43,"MISS LAYUP by MILLER,JOSHUA",27,26,,-1,1,layup,miss,28,9,0.464,0.333,,,24,7,0.542,0.143,23,1423
22,Millsaps,Oglethorpe,57-62,57,62,"10-12, 2-9","13-9, 7-4",02/03/19,Win,244,No Location Recorded,3:30 PM,03:43,"REBOUND OFF by OWENS,MATT",27,26,,-1,1,,,28,9,0.464,0.333,,,24,7,0.542,0.143,23,1423
22,Millsaps,Oglethorpe,57-62,57,62,"10-12, 2-9","13-9, 7-4",02/03/19,Win,244,No Location Recorded,3:30 PM,03:34,"MISS LAYUP by OWENS,MATT",27,26,,-1,1,layup,miss,29,9,0.448,0.333,,,24,7,0.542,0.143,23,1414
22,Millsaps,Oglethorpe,57-62,57,62,"10-12, 2-9","13-9, 7-4",02/03/19,Win,244,No Location Recorded,3:30 PM,03:34,,27,26,"BLOCK  by FOSTER,LANE",-1,1,,,29,9,0.448,0.333,,,24,7,0.542,0.143,23,1414
22,Millsaps,Oglethorpe,57-62,57,62,"10-12, 2-9","13-9, 7-4",02/03/19,Win,244,No Location Recorded,3:30 PM,03:34,"REBOUND OFF by SULLIVAN,MICHAEL",27,26,,-1,1,,,29,9,0.448,0.333,,,24,7,0.542,0.143,23,1414
22,Millsaps,Oglethorpe,57-62,57,62,"10-12, 2-9","13-9, 7-4",02/03/19,Win,244,No Location Recorded,3:30 PM,03:21,"GOOD 3PTR by SULLIVAN,MICHAEL",30,26,,-4,1,3ptr,good,30,10,0.467,0.4,,,24,7,0.542,0.143,23,1401
22,Millsaps,Oglethorpe,57-62,57,62,"10-12, 2-9","13-9, 7-4",02/03/19,Win,244,No Location Recorded,3:30 PM,03:09,,30,26,"MISS 3PTR by INUNGU,TOM",-4,1,,,30,10,0.467,0.4,3ptr,miss,25,8,0.52,0.125,23,1389
22,Millsaps,Oglethorpe,57-62,57,62,"10-12, 2-9","13-9, 7-4",02/03/19,Win,244,No Location Recorded,3:30 PM,03:09,,30,26,"REBOUND OFF by SONE,CARLOS",-4,1,,,30,10,0.467,0.4,,,25,8,0.52,0.125,23,1389
22,Millsaps,Oglethorpe,57-62,57,62,"10-12, 2-9","13-9, 7-4",02/03/19,Win,244,No Location Recorded,3:30 PM,03:05,"FOUL  by MILLER,JOSHUA",30,26,,-4,1,foul,,30,10,0.467,0.4,,,25,8,0.52,0.125,23,1385
22,Millsaps,Oglethorpe,57-62,57,62,"10-12, 2-9","13-9, 7-4",02/03/19,Win,244,No Location Recorded,3:30 PM,03:05,,30,26,TIMEOUT TEAM by TEAM,-4,1,,,30,10,0.467,0.4,,,25,8,0.52,0.125,23,1385
22,Millsaps,Oglethorpe,57-62,57,62,"10-12, 2-9","13-9, 7-4",02/03/19,Win,244,No Location Recorded,3:30 PM,02:59,,30,26,"MISS 3PTR by FOSTER,LANE",-4,1,,,30,10,0.467,0.4,3ptr,miss,26,9,0.5,0.111,22,1379
22,Millsaps,Oglethorpe,57-62,57,62,"10-12, 2-9","13-9, 7-4",02/03/19,Win,244,No Location Recorded,3:30 PM,02:59,"REBOUND DEF by TURNER,JAMES",30,26,,-4,1,,,30,10,0.467,0.4,,,26,9,0.5,0.111,22,1379
22,Millsaps,Oglethorpe,57-62,57,62,"10-12, 2-9","13-9, 7-4",02/03/19,Win,244,No Location Recorded,3:30 PM,02:34,"MISS 3PTR by SULLIVAN,MICHAEL",30,26,,-4,1,3ptr,miss,31,11,0.452,0.364,,,26,9,0.5,0.111,22,1354
22,Millsaps,Oglethorpe,57-62,57,62,"10-12, 2-9","13-9, 7-4",02/03/19,Win,244,No Location Recorded,3:30 PM,02:34,,30,26,"REBOUND DEF by PERRY,WILL",-4,1,,,31,11,0.452,0.364,,,26,9,0.5,0.111,22,1354
22,Millsaps,Oglethorpe,57-62,57,62,"10-12, 2-9","13-9, 7-4",02/03/19,Win,244,No Location Recorded,3:30 PM,02:31,,30,28,"GOOD LAYUP by INUNGU,TOM(fastbreak)(in the paint)",-2,1,,,31,11,0.452,0.364,layup,good,27,9,0.519,0.111,22,1351
22,Millsaps,Oglethorpe,57-62,57,62,"10-12, 2-9","13-9, 7-4",02/03/19,Win,244,No Location Recorded,3:30 PM,02:31,,30,28,"ASSIST ASSIST by FOSTER,LANE",-2,1,,,31,11,0.452,0.364,,,27,9,0.519,0.111,22,1351
22,Millsaps,Oglethorpe,57-62,57,62,"10-12, 2-9","13-9, 7-4",02/03/19,Win,244,No Location Recorded,3:30 PM,02:31,"FOUL  by OWENS,MATT",30,28,,-2,1,foul,,31,11,0.452,0.364,,,27,9,0.519,0.111,22,1351
22,Millsaps,Oglethorpe,57-62,57,62,"10-12, 2-9","13-9, 7-4",02/03/19,Win,244,No Location Recorded,3:30 PM,02:31,,30,29,"GOOD FT by INUNGU,TOM",-1,1,,,31,11,0.452,0.364,ft,good,28,9,0.536,0.111,22,1351
22,Millsaps,Oglethorpe,57-62,57,62,"10-12, 2-9","13-9, 7-4",02/03/19,Win,244,No Location Recorded,3:30 PM,02:31,"SUB IN by TULLOS,ZACHARY",30,29,,-1,1,,,31,11,0.452,0.364,,,28,9,0.536,0.111,22,1351
22,Millsaps,Oglethorpe,57-62,57,62,"10-12, 2-9","13-9, 7-4",02/03/19,Win,244,No Location Recorded,3:30 PM,02:31,"SUB OUT by OWENS,MATT",30,29,,-1,1,,,31,11,0.452,0.364,,,28,9,0.536,0.111,22,1351
22,Millsaps,Oglethorpe,57-62,57,62,"10-12, 2-9","13-9, 7-4",02/03/19,Win,244,No Location Recorded,3:30 PM,02:17,"TURNOVER  by CARVELLI,CAMERON",30,29,,-1,1,,,31,11,0.452,0.364,,,28,9,0.536,0.111,22,1337
22,Millsaps,Oglethorpe,57-62,57,62,"10-12, 2-9","13-9, 7-4",02/03/19,Win,244,No Location Recorded,3:30 PM,02:16,,30,29,"STEAL  by INUNGU,TOM",-1,1,,,31,11,0.452,0.364,,,28,9,0.536,0.111,22,1336
22,Millsaps,Oglethorpe,57-62,57,62,"10-12, 2-9","13-9, 7-4",02/03/19,Win,244,No Location Recorded,3:30 PM,01:55,"SUB IN by BLANZ,BUCK",30,29,,-1,1,,,31,11,0.452,0.364,,,28,9,0.536,0.111,21,1315
22,Millsaps,Oglethorpe,57-62,57,62,"10-12, 2-9","13-9, 7-4",02/03/19,Win,244,No Location Recorded,3:30 PM,01:55,"SUB OUT by TURNER,JAMES",30,29,,-1,1,,,31,11,0.452,0.364,,,28,9,0.536,0.111,21,1315
22,Millsaps,Oglethorpe,57-62,57,62,"10-12, 2-9","13-9, 7-4",02/03/19,Win,244,No Location Recorded,3:30 PM,01:42,,30,29,"MISS LAYUP by PERRY,WILL",-1,1,,,31,11,0.452,0.364,layup,miss,29,9,0.517,0.111,21,1302
22,Millsaps,Oglethorpe,57-62,57,62,"10-12, 2-9","13-9, 7-4",02/03/19,Win,244,No Location Recorded,3:30 PM,01:42,"REBOUND DEF by TULLOS,ZACHARY",30,29,,-1,1,,,31,11,0.452,0.364,,,29,9,0.517,0.111,21,1302
22,Millsaps,Oglethorpe,57-62,57,62,"10-12, 2-9","13-9, 7-4",02/03/19,Win,244,No Location Recorded,3:30 PM,01:21,"TURNOVER  by MILLER,JOSHUA",30,29,,-1,1,,,31,11,0.452,0.364,,,29,9,0.517,0.111,21,1281
22,Millsaps,Oglethorpe,57-62,57,62,"10-12, 2-9","13-9, 7-4",02/03/19,Win,244,No Location Recorded,3:30 PM,01:21,,30,29,"STEAL  by JENEI,RYAN",-1,1,,,31,11,0.452,0.364,,,29,9,0.517,0.111,21,1281
22,Millsaps,Oglethorpe,57-62,57,62,"10-12, 2-9","13-9, 7-4",02/03/19,Win,244,No Location Recorded,3:30 PM,01:03,,30,31,"GOOD LAYUP by SONE,CARLOS(in the paint)",1,1,,,31,11,0.452,0.364,layup,good,30,9,0.533,0.111,21,1263
22,Millsaps,Oglethorpe,57-62,57,62,"10-12, 2-9","13-9, 7-4",02/03/19,Win,244,No Location Recorded,3:30 PM,00:46,"TURNOVER  by CARVELLI,CAMERON",30,31,,1,1,,,31,11,0.452,0.364,,,30,9,0.533,0.111,20,1246
22,Millsaps,Oglethorpe,57-62,57,62,"10-12, 2-9","13-9, 7-4",02/03/19,Win,244,No Location Recorded,3:30 PM,00:45,,30,31,"STEAL  by INUNGU,TOM",1,1,,,31,11,0.452,0.364,,,30,9,0.533,0.111,20,1245
22,Millsaps,Oglethorpe,57-62,57,62,"10-12, 2-9","13-9, 7-4",02/03/19,Win,244,No Location Recorded,3:30 PM,00:43,,30,31,"TURNOVER  by INUNGU,TOM",1,1,,,31,11,0.452,0.364,,,30,9,0.533,0.111,20,1243
22,Millsaps,Oglethorpe,57-62,57,62,"10-12, 2-9","13-9, 7-4",02/03/19,Win,244,No Location Recorded,3:30 PM,00:42,"STEAL  by MILLER,JOSHUA",30,31,,1,1,,,31,11,0.452,0.364,,,30,9,0.533,0.111,20,1242
22,Millsaps,Oglethorpe,57-62,57,62,"10-12, 2-9","13-9, 7-4",02/03/19,Win,244,No Location Recorded,3:30 PM,00:23,"MISS JUMPER by MCLAURIN,RYAN",30,31,,1,1,jumper,miss,32,11,0.438,0.364,,,30,9,0.533,0.111,20,1223
22,Millsaps,Oglethorpe,57-62,57,62,"10-12, 2-9","13-9, 7-4",02/03/19,Win,244,No Location Recorded,3:30 PM,00:23,,30,31,REBOUND DEF by TEAM,1,1,,,32,11,0.438,0.364,,,30,9,0.533,0.111,20,1223
22,Millsaps,Oglethorpe,57-62,57,62,"10-12, 2-9","13-9, 7-4",02/03/19,Win,244,No Location Recorded,3:30 PM,00:19,"SUB IN by TURNER,JAMES",30,31,,1,1,,,32,11,0.438,0.364,,,30,9,0.533,0.111,20,1219
22,Millsaps,Oglethorpe,57-62,57,62,"10-12, 2-9","13-9, 7-4",02/03/19,Win,244,No Location Recorded,3:30 PM,00:19,"SUB OUT by CARVELLI,CAMERON",30,31,,1,1,,,32,11,0.438,0.364,,,30,9,0.533,0.111,20,1219
22,Millsaps,Oglethorpe,57-62,57,62,"10-12, 2-9","13-9, 7-4",02/03/19,Win,244,No Location Recorded,3:30 PM,00:19,,30,31,"SUB IN by KOCH,WILL",1,1,,,32,11,0.438,0.364,,,30,9,0.533,0.111,20,1219
22,Millsaps,Oglethorpe,57-62,57,62,"10-12, 2-9","13-9, 7-4",02/03/19,Win,244,No Location Recorded,3:30 PM,00:19,,30,31,"SUB OUT by INUNGU,TOM",1,1,,,32,11,0.438,0.364,,,30,9,0.533,0.111,20,1219
22,Millsaps,Oglethorpe,57-62,57,62,"10-12, 2-9","13-9, 7-4",02/03/19,Win,244,No Location Recorded,3:30 PM,00:11,,30,31,"MISS 3PTR by FOSTER,LANE",1,1,,,32,11,0.438,0.364,3ptr,miss,31,10,0.516,0.1,20,1211
22,Millsaps,Oglethorpe,57-62,57,62,"10-12, 2-9","13-9, 7-4",02/03/19,Win,244,No Location Recorded,3:30 PM,00:11,REBOUND DEF by TEAM,30,31,,1,1,,,32,11,0.438,0.364,,,31,10,0.516,0.1,20,1211
22,Millsaps,Oglethorpe,57-62,57,62,"10-12, 2-9","13-9, 7-4",02/03/19,Win,244,No Location Recorded,3:30 PM,19:54,"TURNOVER  by VAN PELT,JUSTIN",30,31,,1,2,,,32,11,0.438,0.364,,,31,10,0.516,0.1,19,1194
22,Millsaps,Oglethorpe,57-62,57,62,"10-12, 2-9","13-9, 7-4",02/03/19,Win,244,No Location Recorded,3:30 PM,19:54,"TURNOVER  by VAN PELT,JUSTIN",30,31,,1,2,,,32,11,0.438,0.364,,,31,10,0.516,0.1,19,1194
22,Millsaps,Oglethorpe,57-62,57,62,"10-12, 2-9","13-9, 7-4",02/03/19,Win,244,No Location Recorded,3:30 PM,19:54,,30,31,"STEAL  by SONE,CARLOS",1,2,,,32,11,0.438,0.364,,,31,10,0.516,0.1,19,1194
22,Millsaps,Oglethorpe,57-62,57,62,"10-12, 2-9","13-9, 7-4",02/03/19,Win,244,No Location Recorded,3:30 PM,19:45,,30,31,"MISS JUMPER by KOCH,WILL",1,2,,,32,11,0.438,0.364,jumper,miss,32,10,0.5,0.1,19,1185
22,Millsaps,Oglethorpe,57-62,57,62,"10-12, 2-9","13-9, 7-4",02/03/19,Win,244,No Location Recorded,3:30 PM,19:45,"REBOUND DEF by TURNER,JAMES",30,31,,1,2,,,32,11,0.438,0.364,,,32,10,0.5,0.1,19,1185
22,Millsaps,Oglethorpe,57-62,57,62,"10-12, 2-9","13-9, 7-4",02/03/19,Win,244,No Location Recorded,3:30 PM,19:31,,30,31,"FOUL  by INUNGU,TOM",1,2,,,32,11,0.438,0.364,foul,,32,10,0.5,0.1,19,1171
22,Millsaps,Oglethorpe,57-62,57,62,"10-12, 2-9","13-9, 7-4",02/03/19,Win,244,No Location Recorded,3:30 PM,19:31,"GOOD FT by VAN PELT,JUSTIN",31,31,,0,2,ft,good,33,11,0.455,0.364,,,32,10,0.5,0.1,19,1171
22,Millsaps,Oglethorpe,57-62,57,62,"10-12, 2-9","13-9, 7-4",02/03/19,Win,244,No Location Recorded,3:30 PM,19:31,"GOOD FT by VAN PELT,JUSTIN",32,31,,-1,2,ft,good,34,11,0.471,0.364,,,32,10,0.5,0.1,19,1171
22,Millsaps,Oglethorpe,57-62,57,62,"10-12, 2-9","13-9, 7-4",02/03/19,Win,244,No Location Recorded,3:30 PM,19:06,,32,31,"MISS JUMPER by INUNGU,TOM",-1,2,,,34,11,0.471,0.364,jumper,miss,33,10,0.485,0.1,19,1146
22,Millsaps,Oglethorpe,57-62,57,62,"10-12, 2-9","13-9, 7-4",02/03/19,Win,244,No Location Recorded,3:30 PM,19:06,"REBOUND DEF by TURNER,JAMES",32,31,,-1,2,,,34,11,0.471,0.364,,,33,10,0.485,0.1,19,1146
22,Millsaps,Oglethorpe,57-62,57,62,"10-12, 2-9","13-9, 7-4",02/03/19,Win,244,No Location Recorded,3:30 PM,18:45,"MISS JUMPER by VAN PELT,JUSTIN",32,31,,-1,2,jumper,miss,35,11,0.457,0.364,,,33,10,0.485,0.1,18,1125
22,Millsaps,Oglethorpe,57-62,57,62,"10-12, 2-9","13-9, 7-4",02/03/19,Win,244,No Location Recorded,3:30 PM,18:45,,32,31,"REBOUND DEF by KOCH,WILL",-1,2,,,35,11,0.457,0.364,,,33,10,0.485,0.1,18,1125
22,Millsaps,Oglethorpe,57-62,57,62,"10-12, 2-9","13-9, 7-4",02/03/19,Win,244,No Location Recorded,3:30 PM,18:33,,32,31,"MISS JUMPER by KOCH,WILL",-1,2,,,35,11,0.457,0.364,jumper,miss,34,10,0.471,0.1,18,1113
22,Millsaps,Oglethorpe,57-62,57,62,"10-12, 2-9","13-9, 7-4",02/03/19,Win,244,No Location Recorded,3:30 PM,18:33,"REBOUND DEF by BLANZ,BUCK",32,31,,-1,2,,,35,11,0.457,0.364,,,34,10,0.471,0.1,18,1113
22,Millsaps,Oglethorpe,57-62,57,62,"10-12, 2-9","13-9, 7-4",02/03/19,Win,244,No Location Recorded,3:30 PM,18:25,"MISS 3PTR by TURNER,JAMES",32,31,,-1,2,3ptr,miss,36,12,0.444,0.333,,,34,10,0.471,0.1,18,1105
22,Millsaps,Oglethorpe,57-62,57,62,"10-12, 2-9","13-9, 7-4",02/03/19,Win,244,No Location Recorded,3:30 PM,18:25,,32,31,"REBOUND DEF by KOCH,WILL",-1,2,,,36,12,0.444,0.333,,,34,10,0.471,0.1,18,1105
22,Millsaps,Oglethorpe,57-62,57,62,"10-12, 2-9","13-9, 7-4",02/03/19,Win,244,No Location Recorded,3:30 PM,18:06,,32,33,"GOOD JUMPER by INUNGU,TOM(in the paint)",1,2,,,36,12,0.444,0.333,jumper,good,35,10,0.486,0.1,18,1086
22,Millsaps,Oglethorpe,57-62,57,62,"10-12, 2-9","13-9, 7-4",02/03/19,Win,244,No Location Recorded,3:30 PM,17:39,"GOOD LAYUP by VAN PELT,JUSTIN(in the paint)",34,33,,-1,2,layup,good,37,12,0.459,0.333,,,35,10,0.486,0.1,17,1059
22,Millsaps,Oglethorpe,57-62,57,62,"10-12, 2-9","13-9, 7-4",02/03/19,Win,244,No Location Recorded,3:30 PM,17:39,"ASSIST ASSIST by TURNER,JAMES",34,33,,-1,2,,,37,12,0.459,0.333,,,35,10,0.486,0.1,17,1059
22,Millsaps,Oglethorpe,57-62,57,62,"10-12, 2-9","13-9, 7-4",02/03/19,Win,244,No Location Recorded,3:30 PM,17:17,,34,33,"TURNOVER  by KOCH,WILL",-1,2,,,37,12,0.459,0.333,,,35,10,0.486,0.1,17,1037
22,Millsaps,Oglethorpe,57-62,57,62,"10-12, 2-9","13-9, 7-4",02/03/19,Win,244,No Location Recorded,3:30 PM,16:58,"MISS 3PTR by BLANZ,BUCK",34,33,,-1,2,3ptr,miss,38,13,0.447,0.308,,,35,10,0.486,0.1,16,1018
22,Millsaps,Oglethorpe,57-62,57,62,"10-12, 2-9","13-9, 7-4",02/03/19,Win,244,No Location Recorded,3:30 PM,16:58,,34,33,"REBOUND DEF by PERRY,WILL",-1,2,,,38,13,0.447,0.308,,,35,10,0.486,0.1,16,1018
22,Millsaps,Oglethorpe,57-62,57,62,"10-12, 2-9","13-9, 7-4",02/03/19,Win,244,No Location Recorded,3:30 PM,16:48,"FOUL  by VAN PELT,JUSTIN",34,33,,-1,2,foul,,38,13,0.447,0.308,,,35,10,0.486,0.1,16,1008
22,Millsaps,Oglethorpe,57-62,57,62,"10-12, 2-9","13-9, 7-4",02/03/19,Win,244,No Location Recorded,3:30 PM,16:28,,34,33,"MISS FT by KOCH,WILL",-1,2,,,38,13,0.447,0.308,ft,miss,36,10,0.472,0.1,16,988
22,Millsaps,Oglethorpe,57-62,57,62,"10-12, 2-9","13-9, 7-4",02/03/19,Win,244,No Location Recorded,3:30 PM,16:28,,34,33,REBOUND DEADB by TEAM,-1,2,,,38,13,0.447,0.308,,,36,10,0.472,0.1,16,988
22,Millsaps,Oglethorpe,57-62,57,62,"10-12, 2-9","13-9, 7-4",02/03/19,Win,244,No Location Recorded,3:30 PM,16:28,,34,34,"GOOD FT by KOCH,WILL",0,2,,,38,13,0.447,0.308,ft,good,37,10,0.486,0.1,16,988
22,Millsaps,Oglethorpe,57-62,57,62,"10-12, 2-9","13-9, 7-4",02/03/19,Win,244,No Location Recorded,3:30 PM,16:28,"SUB IN by TULLOS,ZACHARY",34,34,,0,2,,,38,13,0.447,0.308,,,37,10,0.486,0.1,16,988
22,Millsaps,Oglethorpe,57-62,57,62,"10-12, 2-9","13-9, 7-4",02/03/19,Win,244,No Location Recorded,3:30 PM,16:28,"SUB OUT by VAN PELT,JUSTIN",34,34,,0,2,,,38,13,0.447,0.308,,,37,10,0.486,0.1,16,988
22,Millsaps,Oglethorpe,57-62,57,62,"10-12, 2-9","13-9, 7-4",02/03/19,Win,244,No Location Recorded,3:30 PM,16:24,"GOOD LAYUP by SULLIVAN,MICHAEL(fastbreak)(in the paint)",36,34,,-2,2,layup,good,39,13,0.462,0.308,,,37,10,0.486,0.1,16,984
22,Millsaps,Oglethorpe,57-62,57,62,"10-12, 2-9","13-9, 7-4",02/03/19,Win,244,No Location Recorded,3:30 PM,16:10,,36,34,"MISS 3PTR by SONE,CARLOS",-2,2,,,39,13,0.462,0.308,3ptr,miss,38,11,0.474,0.091,16,970
22,Millsaps,Oglethorpe,57-62,57,62,"10-12, 2-9","13-9, 7-4",02/03/19,Win,244,No Location Recorded,3:30 PM,16:10,,36,34,"REBOUND OFF by INUNGU,TOM",-2,2,,,39,13,0.462,0.308,,,38,11,0.474,0.091,16,970
22,Millsaps,Oglethorpe,57-62,57,62,"10-12, 2-9","13-9, 7-4",02/03/19,Win,244,No Location Recorded,3:30 PM,16:06,"FOUL  by TULLOS,ZACHARY",36,34,,-2,2,foul,,39,13,0.462,0.308,,,38,11,0.474,0.091,16,966
22,Millsaps,Oglethorpe,57-62,57,62,"10-12, 2-9","13-9, 7-4",02/03/19,Win,244,No Location Recorded,3:30 PM,16:06,,36,34,"REBOUND OFF by INUNGU,TOM",-2,2,,,39,13,0.462,0.308,,,38,11,0.474,0.091,16,966
22,Millsaps,Oglethorpe,57-62,57,62,"10-12, 2-9","13-9, 7-4",02/03/19,Win,244,No Location Recorded,3:30 PM,15:56,,36,34,"MISS JUMPER by KOCH,WILL",-2,2,,,39,13,0.462,0.308,jumper,miss,39,11,0.462,0.091,15,956
22,Millsaps,Oglethorpe,57-62,57,62,"10-12, 2-9","13-9, 7-4",02/03/19,Win,244,No Location Recorded,3:30 PM,15:44,,36,37,"GOOD 3PTR by SONE,CARLOS",1,2,,,39,13,0.462,0.308,3ptr,good,40,12,0.475,0.167,15,944
22,Millsaps,Oglethorpe,57-62,57,62,"10-12, 2-9","13-9, 7-4",02/03/19,Win,244,No Location Recorded,3:30 PM,15:44,,36,37,"ASSIST ASSIST by FOSTER,LANE",1,2,,,39,13,0.462,0.308,,,40,12,0.475,0.167,15,944
22,Millsaps,Oglethorpe,57-62,57,62,"10-12, 2-9","13-9, 7-4",02/03/19,Win,244,No Location Recorded,3:30 PM,15:31,"MISS 3PTR by SULLIVAN,MICHAEL",36,37,,1,2,3ptr,miss,40,14,0.45,0.286,,,40,12,0.475,0.167,15,931
22,Millsaps,Oglethorpe,57-62,57,62,"10-12, 2-9","13-9, 7-4",02/03/19,Win,244,No Location Recorded,3:30 PM,15:31,,36,37,"REBOUND DEF by FOSTER,LANE",1,2,,,40,14,0.45,0.286,,,40,12,0.475,0.167,15,931
22,Millsaps,Oglethorpe,57-62,57,62,"10-12, 2-9","13-9, 7-4",02/03/19,Win,244,No Location Recorded,3:30 PM,15:17,,36,39,"GOOD LAYUP by PERRY,WILL(in the paint)",3,2,,,40,14,0.45,0.286,layup,good,41,12,0.488,0.167,15,917
22,Millsaps,Oglethorpe,57-62,57,62,"10-12, 2-9","13-9, 7-4",02/03/19,Win,244,No Location Recorded,3:30 PM,14:49,"MISS LAYUP by TURNER,JAMES",36,39,,3,2,layup,miss,41,14,0.439,0.286,,,41,12,0.488,0.167,14,889
22,Millsaps,Oglethorpe,57-62,57,62,"10-12, 2-9","13-9, 7-4",02/03/19,Win,244,No Location Recorded,3:30 PM,14:49,"REBOUND OFF by TULLOS,ZACHARY",36,39,,3,2,,,41,14,0.439,0.286,,,41,12,0.488,0.167,14,889
22,Millsaps,Oglethorpe,57-62,57,62,"10-12, 2-9","13-9, 7-4",02/03/19,Win,244,No Location Recorded,3:30 PM,14:43,"GOOD TIPIN by TULLOS,ZACHARY(in the paint)",38,39,,1,2,,good,42,14,0.452,0.286,,,41,12,0.488,0.167,14,883
22,Millsaps,Oglethorpe,57-62,57,62,"10-12, 2-9","13-9, 7-4",02/03/19,Win,244,No Location Recorded,3:30 PM,14:31,,38,39,"MISS 3PTR by SONE,CARLOS",1,2,,,42,14,0.452,0.286,3ptr,miss,42,13,0.476,0.154,14,871
22,Millsaps,Oglethorpe,57-62,57,62,"10-12, 2-9","13-9, 7-4",02/03/19,Win,244,No Location Recorded,3:30 PM,14:31,REBOUND DEF by TEAM,38,39,,1,2,,,42,14,0.452,0.286,,,42,13,0.476,0.154,14,871
22,Millsaps,Oglethorpe,57-62,57,62,"10-12, 2-9","13-9, 7-4",02/03/19,Win,244,No Location Recorded,3:30 PM,14:24,,38,39,TIMEOUT TEAM by TEAM,1,2,,,42,14,0.452,0.286,,,42,13,0.476,0.154,14,864
22,Millsaps,Oglethorpe,57-62,57,62,"10-12, 2-9","13-9, 7-4",02/03/19,Win,244,No Location Recorded,3:30 PM,14:24,"SUB IN by OWENS,MATT",38,39,,1,2,,,42,14,0.452,0.286,,,42,13,0.476,0.154,14,864
22,Millsaps,Oglethorpe,57-62,57,62,"10-12, 2-9","13-9, 7-4",02/03/19,Win,244,No Location Recorded,3:30 PM,14:24,"SUB IN by BURNETT,DREW",38,39,,1,2,,,42,14,0.452,0.286,,,42,13,0.476,0.154,14,864
22,Millsaps,Oglethorpe,57-62,57,62,"10-12, 2-9","13-9, 7-4",02/03/19,Win,244,No Location Recorded,3:30 PM,14:24,"SUB OUT by BLANZ,BUCK",38,39,,1,2,,,42,14,0.452,0.286,,,42,13,0.476,0.154,14,864
22,Millsaps,Oglethorpe,57-62,57,62,"10-12, 2-9","13-9, 7-4",02/03/19,Win,244,No Location Recorded,3:30 PM,14:24,"SUB OUT by TULLOS,ZACHARY",38,39,,1,2,,,42,14,0.452,0.286,,,42,13,0.476,0.154,14,864
22,Millsaps,Oglethorpe,57-62,57,62,"10-12, 2-9","13-9, 7-4",02/03/19,Win,244,No Location Recorded,3:30 PM,14:24,"ASSIST ASSIST by SULLIVAN,MICHAEL",38,39,,1,2,,,42,14,0.452,0.286,,,42,13,0.476,0.154,14,864
22,Millsaps,Oglethorpe,57-62,57,62,"10-12, 2-9","13-9, 7-4",02/03/19,Win,244,No Location Recorded,3:30 PM,14:12,"GOOD LAYUP by BURNETT,DREW(in the paint)",40,39,,-1,2,layup,good,43,14,0.465,0.286,,,42,13,0.476,0.154,14,852
22,Millsaps,Oglethorpe,57-62,57,62,"10-12, 2-9","13-9, 7-4",02/03/19,Win,244,No Location Recorded,3:30 PM,13:50,"FOUL  by TURNER,JAMES",40,39,,-1,2,foul,,43,14,0.465,0.286,,,42,13,0.476,0.154,13,830
22,Millsaps,Oglethorpe,57-62,57,62,"10-12, 2-9","13-9, 7-4",02/03/19,Win,244,No Location Recorded,3:30 PM,13:50,,40,40,"GOOD FT by PERRY,WILL",0,2,,,43,14,0.465,0.286,ft,good,43,13,0.488,0.154,13,830
22,Millsaps,Oglethorpe,57-62,57,62,"10-12, 2-9","13-9, 7-4",02/03/19,Win,244,No Location Recorded,3:30 PM,13:50,,40,41,"GOOD FT by PERRY,WILL",1,2,,,43,14,0.465,0.286,ft,good,44,13,0.5,0.154,13,830
22,Millsaps,Oglethorpe,57-62,57,62,"10-12, 2-9","13-9, 7-4",02/03/19,Win,244,No Location Recorded,3:30 PM,13:30,"TURNOVER  by SULLIVAN,MICHAEL",40,41,,1,2,,,43,14,0.465,0.286,,,44,13,0.5,0.154,13,810
22,Millsaps,Oglethorpe,57-62,57,62,"10-12, 2-9","13-9, 7-4",02/03/19,Win,244,No Location Recorded,3:30 PM,13:29,,40,41,"STEAL  by SONE,CARLOS",1,2,,,43,14,0.465,0.286,,,44,13,0.5,0.154,13,809
22,Millsaps,Oglethorpe,57-62,57,62,"10-12, 2-9","13-9, 7-4",02/03/19,Win,244,No Location Recorded,3:30 PM,13:27,,40,41,TIMEOUT 30s by TEAM,1,2,,,43,14,0.465,0.286,,,44,13,0.5,0.154,13,807
22,Millsaps,Oglethorpe,57-62,57,62,"10-12, 2-9","13-9, 7-4",02/03/19,Win,244,No Location Recorded,3:30 PM,13:04,,40,43,"GOOD LAYUP by INUNGU,TOM(in the paint)",3,2,,,43,14,0.465,0.286,layup,good,45,13,0.511,0.154,13,784
22,Millsaps,Oglethorpe,57-62,57,62,"10-12, 2-9","13-9, 7-4",02/03/19,Win,244,No Location Recorded,3:30 PM,12:46,"TURNOVER  by OWENS,MATT",40,43,,3,2,,,43,14,0.465,0.286,,,45,13,0.511,0.154,12,766
22,Millsaps,Oglethorpe,57-62,57,62,"10-12, 2-9","13-9, 7-4",02/03/19,Win,244,No Location Recorded,3:30 PM,12:46,"SUB IN by VAN PELT,JUSTIN",40,43,,3,2,,,43,14,0.465,0.286,,,45,13,0.511,0.154,12,766
22,Millsaps,Oglethorpe,57-62,57,62,"10-12, 2-9","13-9, 7-4",02/03/19,Win,244,No Location Recorded,3:30 PM,12:46,"SUB IN by BECKER,SAXTON",40,43,,3,2,,,43,14,0.465,0.286,,,45,13,0.511,0.154,12,766
22,Millsaps,Oglethorpe,57-62,57,62,"10-12, 2-9","13-9, 7-4",02/03/19,Win,244,No Location Recorded,3:30 PM,12:46,"SUB OUT by OWENS,MATT",40,43,,3,2,,,43,14,0.465,0.286,,,45,13,0.511,0.154,12,766
22,Millsaps,Oglethorpe,57-62,57,62,"10-12, 2-9","13-9, 7-4",02/03/19,Win,244,No Location Recorded,3:30 PM,12:46,"SUB OUT by TURNER,JAMES",40,43,,3,2,,,43,14,0.465,0.286,,,45,13,0.511,0.154,12,766
22,Millsaps,Oglethorpe,57-62,57,62,"10-12, 2-9","13-9, 7-4",02/03/19,Win,244,No Location Recorded,3:30 PM,12:46,,40,43,"SUB IN by BREATHWAITE,ZACH",3,2,,,43,14,0.465,0.286,,,45,13,0.511,0.154,12,766
22,Millsaps,Oglethorpe,57-62,57,62,"10-12, 2-9","13-9, 7-4",02/03/19,Win,244,No Location Recorded,3:30 PM,12:46,,40,43,"SUB IN by JENEI,RYAN",3,2,,,43,14,0.465,0.286,,,45,13,0.511,0.154,12,766
22,Millsaps,Oglethorpe,57-62,57,62,"10-12, 2-9","13-9, 7-4",02/03/19,Win,244,No Location Recorded,3:30 PM,12:46,,40,43,"SUB OUT by SONE,CARLOS",3,2,,,43,14,0.465,0.286,,,45,13,0.511,0.154,12,766
22,Millsaps,Oglethorpe,57-62,57,62,"10-12, 2-9","13-9, 7-4",02/03/19,Win,244,No Location Recorded,3:30 PM,12:46,,40,43,"SUB OUT by INUNGU,TOM",3,2,,,43,14,0.465,0.286,,,45,13,0.511,0.154,12,766
22,Millsaps,Oglethorpe,57-62,57,62,"10-12, 2-9","13-9, 7-4",02/03/19,Win,244,No Location Recorded,3:30 PM,12:32,,40,43,"MISS LAYUP by BREATHWAITE,ZACH",3,2,,,43,14,0.465,0.286,layup,miss,46,13,0.5,0.154,12,752
22,Millsaps,Oglethorpe,57-62,57,62,"10-12, 2-9","13-9, 7-4",02/03/19,Win,244,No Location Recorded,3:30 PM,12:32,"REBOUND DEF by MCLAURIN,RYAN",40,43,,3,2,,,43,14,0.465,0.286,,,46,13,0.5,0.154,12,752
22,Millsaps,Oglethorpe,57-62,57,62,"10-12, 2-9","13-9, 7-4",02/03/19,Win,244,No Location Recorded,3:30 PM,12:25,"MISS LAYUP by BECKER,SAXTON",40,43,,3,2,layup,miss,44,14,0.455,0.286,,,46,13,0.5,0.154,12,745
22,Millsaps,Oglethorpe,57-62,57,62,"10-12, 2-9","13-9, 7-4",02/03/19,Win,244,No Location Recorded,3:30 PM,12:25,"REBOUND OFF by VAN PELT,JUSTIN",40,43,,3,2,,,44,14,0.455,0.286,,,46,13,0.5,0.154,12,745
22,Millsaps,Oglethorpe,57-62,57,62,"10-12, 2-9","13-9, 7-4",02/03/19,Win,244,No Location Recorded,3:30 PM,12:18,"GOOD LAYUP by VAN PELT,JUSTIN(in the paint)",42,43,,1,2,layup,good,45,14,0.467,0.286,,,46,13,0.5,0.154,12,738
22,Millsaps,Oglethorpe,57-62,57,62,"10-12, 2-9","13-9, 7-4",02/03/19,Win,244,No Location Recorded,3:30 PM,12:05,,42,43,"TURNOVER  by PERRY,WILL",1,2,,,45,14,0.467,0.286,,,46,13,0.5,0.154,12,725
22,Millsaps,Oglethorpe,57-62,57,62,"10-12, 2-9","13-9, 7-4",02/03/19,Win,244,No Location Recorded,3:30 PM,12:00,"STEAL  by MILLER,JOSHUA",42,43,,1,2,,,45,14,0.467,0.286,,,46,13,0.5,0.154,12,720
22,Millsaps,Oglethorpe,57-62,57,62,"10-12, 2-9","13-9, 7-4",02/03/19,Win,244,No Location Recorded,3:30 PM,11:54,"MISS JUMPER by SULLIVAN,MICHAEL",42,43,,1,2,jumper,miss,46,14,0.457,0.286,,,46,13,0.5,0.154,11,714
22,Millsaps,Oglethorpe,57-62,57,62,"10-12, 2-9","13-9, 7-4",02/03/19,Win,244,No Location Recorded,3:30 PM,11:54,"REBOUND OFF by VAN PELT,JUSTIN",42,43,,1,2,,,46,14,0.457,0.286,,,46,13,0.5,0.154,11,714
22,Millsaps,Oglethorpe,57-62,57,62,"10-12, 2-9","13-9, 7-4",02/03/19,Win,244,No Location Recorded,3:30 PM,11:54,"TURNOVER  by VAN PELT,JUSTIN",42,43,,1,2,,,46,14,0.457,0.286,,,46,13,0.5,0.154,11,714
22,Millsaps,Oglethorpe,57-62,57,62,"10-12, 2-9","13-9, 7-4",02/03/19,Win,244,No Location Recorded,3:30 PM,11:54,,42,43,"STEAL  by FOSTER,LANE",1,2,,,46,14,0.457,0.286,,,46,13,0.5,0.154,11,714
22,Millsaps,Oglethorpe,57-62,57,62,"10-12, 2-9","13-9, 7-4",02/03/19,Win,244,No Location Recorded,3:30 PM,11:51,"SUB IN by TURNER,JAMES",42,43,,1,2,,,46,14,0.457,0.286,,,46,13,0.5,0.154,11,711
22,Millsaps,Oglethorpe,57-62,57,62,"10-12, 2-9","13-9, 7-4",02/03/19,Win,244,No Location Recorded,3:30 PM,11:51,"SUB IN by MILLER,JOSHUA",42,43,,1,2,,,46,14,0.457,0.286,,,46,13,0.5,0.154,11,711
22,Millsaps,Oglethorpe,57-62,57,62,"10-12, 2-9","13-9, 7-4",02/03/19,Win,244,No Location Recorded,3:30 PM,11:51,"SUB OUT by MCLAURIN,RYAN",42,43,,1,2,,,46,14,0.457,0.286,,,46,13,0.5,0.154,11,711
22,Millsaps,Oglethorpe,57-62,57,62,"10-12, 2-9","13-9, 7-4",02/03/19,Win,244,No Location Recorded,3:30 PM,11:51,"SUB OUT by BURNETT,DREW",42,43,,1,2,,,46,14,0.457,0.286,,,46,13,0.5,0.154,11,711
22,Millsaps,Oglethorpe,57-62,57,62,"10-12, 2-9","13-9, 7-4",02/03/19,Win,244,No Location Recorded,3:30 PM,11:42,"FOUL  by TURNER,JAMES",42,43,,1,2,foul,,46,14,0.457,0.286,,,46,13,0.5,0.154,11,702
22,Millsaps,Oglethorpe,57-62,57,62,"10-12, 2-9","13-9, 7-4",02/03/19,Win,244,No Location Recorded,3:30 PM,11:42,,42,43,"MISS FT by KOCH,WILL",1,2,,,46,14,0.457,0.286,ft,miss,47,13,0.489,0.154,11,702
22,Millsaps,Oglethorpe,57-62,57,62,"10-12, 2-9","13-9, 7-4",02/03/19,Win,244,No Location Recorded,3:30 PM,11:42,,42,43,REBOUND DEADB by TEAM,1,2,,,46,14,0.457,0.286,,,47,13,0.489,0.154,11,702
22,Millsaps,Oglethorpe,57-62,57,62,"10-12, 2-9","13-9, 7-4",02/03/19,Win,244,No Location Recorded,3:30 PM,11:42,,42,44,"GOOD FT by KOCH,WILL",2,2,,,46,14,0.457,0.286,ft,good,48,13,0.5,0.154,11,702
22,Millsaps,Oglethorpe,57-62,57,62,"10-12, 2-9","13-9, 7-4",02/03/19,Win,244,No Location Recorded,3:30 PM,11:26,,42,44,"FOUL  by FOSTER,LANE",2,2,,,46,14,0.457,0.286,foul,,48,13,0.5,0.154,11,686
22,Millsaps,Oglethorpe,57-62,57,62,"10-12, 2-9","13-9, 7-4",02/03/19,Win,244,No Location Recorded,3:30 PM,11:08,"GOOD DUNK by VAN PELT,JUSTIN",44,44,,0,2,,good,47,14,0.468,0.286,,,48,13,0.5,0.154,11,668
22,Millsaps,Oglethorpe,57-62,57,62,"10-12, 2-9","13-9, 7-4",02/03/19,Win,244,No Location Recorded,3:30 PM,11:08,"ASSIST ASSIST by MILLER,JOSHUA",44,44,,0,2,,,47,14,0.468,0.286,,,48,13,0.5,0.154,11,668
22,Millsaps,Oglethorpe,57-62,57,62,"10-12, 2-9","13-9, 7-4",02/03/19,Win,244,No Location Recorded,3:30 PM,10:51,,44,44,"SUB IN by INUNGU,TOM",0,2,,,47,14,0.468,0.286,,,48,13,0.5,0.154,10,651
22,Millsaps,Oglethorpe,57-62,57,62,"10-12, 2-9","13-9, 7-4",02/03/19,Win,244,No Location Recorded,3:30 PM,10:51,,44,44,"SUB OUT by PERRY,WILL",0,2,,,47,14,0.468,0.286,,,48,13,0.5,0.154,10,651
22,Millsaps,Oglethorpe,57-62,57,62,"10-12, 2-9","13-9, 7-4",02/03/19,Win,244,No Location Recorded,3:30 PM,10:44,,44,44,"TURNOVER  by KOCH,WILL",0,2,,,47,14,0.468,0.286,,,48,13,0.5,0.154,10,644
22,Millsaps,Oglethorpe,57-62,57,62,"10-12, 2-9","13-9, 7-4",02/03/19,Win,244,No Location Recorded,3:30 PM,10:43,"STEAL  by SULLIVAN,MICHAEL",44,44,,0,2,,,47,14,0.468,0.286,,,48,13,0.5,0.154,10,643
22,Millsaps,Oglethorpe,57-62,57,62,"10-12, 2-9","13-9, 7-4",02/03/19,Win,244,No Location Recorded,3:30 PM,10:36,"TURNOVER  by VAN PELT,JUSTIN",44,44,,0,2,,,47,14,0.468,0.286,,,48,13,0.5,0.154,10,636
22,Millsaps,Oglethorpe,57-62,57,62,"10-12, 2-9","13-9, 7-4",02/03/19,Win,244,No Location Recorded,3:30 PM,10:33,,44,44,"STEAL  by INUNGU,TOM",0,2,,,47,14,0.468,0.286,,,48,13,0.5,0.154,10,633
22,Millsaps,Oglethorpe,57-62,57,62,"10-12, 2-9","13-9, 7-4",02/03/19,Win,244,No Location Recorded,3:30 PM,10:19,,44,44,"MISS LAYUP by FOSTER,LANE",0,2,,,47,14,0.468,0.286,layup,miss,49,13,0.49,0.154,10,619
22,Millsaps,Oglethorpe,57-62,57,62,"10-12, 2-9","13-9, 7-4",02/03/19,Win,244,No Location Recorded,3:30 PM,10:19,,44,44,"REBOUND OFF by INUNGU,TOM",0,2,,,47,14,0.468,0.286,,,49,13,0.49,0.154,10,619
22,Millsaps,Oglethorpe,57-62,57,62,"10-12, 2-9","13-9, 7-4",02/03/19,Win,244,No Location Recorded,3:30 PM,10:07,,44,44,"MISS 3PTR by BREATHWAITE,ZACH",0,2,,,47,14,0.468,0.286,3ptr,miss,50,14,0.48,0.143,10,607
22,Millsaps,Oglethorpe,57-62,57,62,"10-12, 2-9","13-9, 7-4",02/03/19,Win,244,No Location Recorded,3:30 PM,10:07,,44,44,"REBOUND OFF by KOCH,WILL",0,2,,,47,14,0.468,0.286,,,50,14,0.48,0.143,10,607
22,Millsaps,Oglethorpe,57-62,57,62,"10-12, 2-9","13-9, 7-4",02/03/19,Win,244,No Location Recorded,3:30 PM,10:01,"FOUL  by VAN PELT,JUSTIN",44,44,,0,2,foul,,47,14,0.468,0.286,,,50,14,0.48,0.143,10,601
22,Millsaps,Oglethorpe,57-62,57,62,"10-12, 2-9","13-9, 7-4",02/03/19,Win,244,No Location Recorded,3:30 PM,09:55,"SUB IN by GILLIHAN,NEWLON",44,44,,0,2,,,47,14,0.468,0.286,,,50,14,0.48,0.143,09,595
22,Millsaps,Oglethorpe,57-62,57,62,"10-12, 2-9","13-9, 7-4",02/03/19,Win,244,No Location Recorded,3:30 PM,09:55,"SUB OUT by VAN PELT,JUSTIN",44,44,,0,2,,,47,14,0.468,0.286,,,50,14,0.48,0.143,09,595
22,Millsaps,Oglethorpe,57-62,57,62,"10-12, 2-9","13-9, 7-4",02/03/19,Win,244,No Location Recorded,3:30 PM,09:55,,44,44,"SUB IN by PERRY,WILL",0,2,,,47,14,0.468,0.286,,,50,14,0.48,0.143,09,595
22,Millsaps,Oglethorpe,57-62,57,62,"10-12, 2-9","13-9, 7-4",02/03/19,Win,244,No Location Recorded,3:30 PM,09:55,,44,44,"SUB OUT by KOCH,WILL",0,2,,,47,14,0.468,0.286,,,50,14,0.48,0.143,09,595
22,Millsaps,Oglethorpe,57-62,57,62,"10-12, 2-9","13-9, 7-4",02/03/19,Win,244,No Location Recorded,3:30 PM,09:50,,44,44,"TURNOVER  by SONE,CARLOS",0,2,,,47,14,0.468,0.286,,,50,14,0.48,0.143,09,590
22,Millsaps,Oglethorpe,57-62,57,62,"10-12, 2-9","13-9, 7-4",02/03/19,Win,244,No Location Recorded,3:30 PM,09:49,"STEAL  by MILLER,JOSHUA",44,44,,0,2,,,47,14,0.468,0.286,,,50,14,0.48,0.143,09,589
22,Millsaps,Oglethorpe,57-62,57,62,"10-12, 2-9","13-9, 7-4",02/03/19,Win,244,No Location Recorded,3:30 PM,09:47,"TURNOVER  by MILLER,JOSHUA",44,44,,0,2,,,47,14,0.468,0.286,,,50,14,0.48,0.143,09,587
22,Millsaps,Oglethorpe,57-62,57,62,"10-12, 2-9","13-9, 7-4",02/03/19,Win,244,No Location Recorded,3:30 PM,09:46,,44,44,"STEAL  by SONE,CARLOS",0,2,,,47,14,0.468,0.286,,,50,14,0.48,0.143,09,586
22,Millsaps,Oglethorpe,57-62,57,62,"10-12, 2-9","13-9, 7-4",02/03/19,Win,244,No Location Recorded,3:30 PM,09:38,"FOUL  by GILLIHAN,NEWLON",44,44,,0,2,foul,,47,14,0.468,0.286,,,50,14,0.48,0.143,09,578
22,Millsaps,Oglethorpe,57-62,57,62,"10-12, 2-9","13-9, 7-4",02/03/19,Win,244,No Location Recorded,3:30 PM,09:38,,44,45,"GOOD FT by FOSTER,LANE",1,2,,,47,14,0.468,0.286,ft,good,51,14,0.49,0.143,09,578
22,Millsaps,Oglethorpe,57-62,57,62,"10-12, 2-9","13-9, 7-4",02/03/19,Win,244,No Location Recorded,3:30 PM,09:38,,44,45,"MISS FT by FOSTER,LANE",1,2,,,47,14,0.468,0.286,ft,miss,52,14,0.481,0.143,09,578
22,Millsaps,Oglethorpe,57-62,57,62,"10-12, 2-9","13-9, 7-4",02/03/19,Win,244,No Location Recorded,3:30 PM,09:38,"REBOUND DEF by GILLIHAN,NEWLON",44,45,,1,2,,,47,14,0.468,0.286,,,52,14,0.481,0.143,09,578
22,Millsaps,Oglethorpe,57-62,57,62,"10-12, 2-9","13-9, 7-4",02/03/19,Win,244,No Location Recorded,3:30 PM,09:38,"SUB IN by MCLAURIN,RYAN",44,45,,1,2,,,47,14,0.468,0.286,,,52,14,0.481,0.143,09,578
22,Millsaps,Oglethorpe,57-62,57,62,"10-12, 2-9","13-9, 7-4",02/03/19,Win,244,No Location Recorded,3:30 PM,09:38,"SUB OUT by MILLER,JOSHUA",44,45,,1,2,,,47,14,0.468,0.286,,,52,14,0.481,0.143,09,578
22,Millsaps,Oglethorpe,57-62,57,62,"10-12, 2-9","13-9, 7-4",02/03/19,Win,244,No Location Recorded,3:30 PM,09:38,,44,45,"SUB IN by SONE,CARLOS",1,2,,,47,14,0.468,0.286,,,52,14,0.481,0.143,09,578
22,Millsaps,Oglethorpe,57-62,57,62,"10-12, 2-9","13-9, 7-4",02/03/19,Win,244,No Location Recorded,3:30 PM,09:38,,44,45,"SUB OUT by BREATHWAITE,ZACH",1,2,,,47,14,0.468,0.286,,,52,14,0.481,0.143,09,578
22,Millsaps,Oglethorpe,57-62,57,62,"10-12, 2-9","13-9, 7-4",02/03/19,Win,244,No Location Recorded,3:30 PM,09:22,"MISS 3PTR by BECKER,SAXTON",44,45,,1,2,3ptr,miss,48,15,0.458,0.267,,,52,14,0.481,0.143,09,562
22,Millsaps,Oglethorpe,57-62,57,62,"10-12, 2-9","13-9, 7-4",02/03/19,Win,244,No Location Recorded,3:30 PM,09:22,,44,45,REBOUND DEF by TEAM,1,2,,,48,15,0.458,0.267,,,52,14,0.481,0.143,09,562
22,Millsaps,Oglethorpe,57-62,57,62,"10-12, 2-9","13-9, 7-4",02/03/19,Win,244,No Location Recorded,3:30 PM,08:56,,44,45,"TURNOVER  by FOSTER,LANE",1,2,,,48,15,0.458,0.267,,,52,14,0.481,0.143,08,536
22,Millsaps,Oglethorpe,57-62,57,62,"10-12, 2-9","13-9, 7-4",02/03/19,Win,244,No Location Recorded,3:30 PM,08:56,"STEAL  by TURNER,JAMES",44,45,,1,2,,,48,15,0.458,0.267,,,52,14,0.481,0.143,08,536
22,Millsaps,Oglethorpe,57-62,57,62,"10-12, 2-9","13-9, 7-4",02/03/19,Win,244,No Location Recorded,3:30 PM,08:46,"MISS LAYUP by TURNER,JAMES",44,45,,1,2,layup,miss,49,15,0.449,0.267,,,52,14,0.481,0.143,08,526
22,Millsaps,Oglethorpe,57-62,57,62,"10-12, 2-9","13-9, 7-4",02/03/19,Win,244,No Location Recorded,3:30 PM,08:46,,44,45,"REBOUND DEF by INUNGU,TOM",1,2,,,49,15,0.449,0.267,,,52,14,0.481,0.143,08,526
22,Millsaps,Oglethorpe,57-62,57,62,"10-12, 2-9","13-9, 7-4",02/03/19,Win,244,No Location Recorded,3:30 PM,08:38,"FOUL  by TURNER,JAMES",44,45,,1,2,foul,,49,15,0.449,0.267,,,52,14,0.481,0.143,08,518
22,Millsaps,Oglethorpe,57-62,57,62,"10-12, 2-9","13-9, 7-4",02/03/19,Win,244,No Location Recorded,3:30 PM,08:38,,44,46,"GOOD FT by INUNGU,TOM",2,2,,,49,15,0.449,0.267,ft,good,53,14,0.491,0.143,08,518
22,Millsaps,Oglethorpe,57-62,57,62,"10-12, 2-9","13-9, 7-4",02/03/19,Win,244,No Location Recorded,3:30 PM,08:38,,44,47,"GOOD FT by INUNGU,TOM",3,2,,,49,15,0.449,0.267,ft,good,54,14,0.5,0.143,08,518
22,Millsaps,Oglethorpe,57-62,57,62,"10-12, 2-9","13-9, 7-4",02/03/19,Win,244,No Location Recorded,3:30 PM,08:38,"SUB IN by BLANZ,BUCK",44,47,,3,2,,,49,15,0.449,0.267,,,54,14,0.5,0.143,08,518
22,Millsaps,Oglethorpe,57-62,57,62,"10-12, 2-9","13-9, 7-4",02/03/19,Win,244,No Location Recorded,3:30 PM,08:38,"SUB OUT by TURNER,JAMES",44,47,,3,2,,,49,15,0.449,0.267,,,54,14,0.5,0.143,08,518
22,Millsaps,Oglethorpe,57-62,57,62,"10-12, 2-9","13-9, 7-4",02/03/19,Win,244,No Location Recorded,3:30 PM,08:17,"GOOD LAYUP by GILLIHAN,NEWLON(in the paint)",46,47,,1,2,layup,good,50,15,0.46,0.267,,,54,14,0.5,0.143,08,497
22,Millsaps,Oglethorpe,57-62,57,62,"10-12, 2-9","13-9, 7-4",02/03/19,Win,244,No Location Recorded,3:30 PM,07:49,"FOUL  by SULLIVAN,MICHAEL",46,47,,1,2,foul,,50,15,0.46,0.267,,,54,14,0.5,0.143,07,469
22,Millsaps,Oglethorpe,57-62,57,62,"10-12, 2-9","13-9, 7-4",02/03/19,Win,244,No Location Recorded,3:30 PM,07:49,,46,47,TIMEOUT TEAM by TEAM,1,2,,,50,15,0.46,0.267,,,54,14,0.5,0.143,07,469
22,Millsaps,Oglethorpe,57-62,57,62,"10-12, 2-9","13-9, 7-4",02/03/19,Win,244,No Location Recorded,3:30 PM,07:49,,46,48,"GOOD FT by SONE,CARLOS",2,2,,,50,15,0.46,0.267,ft,good,55,14,0.509,0.143,07,469
22,Millsaps,Oglethorpe,57-62,57,62,"10-12, 2-9","13-9, 7-4",02/03/19,Win,244,No Location Recorded,3:30 PM,07:49,,46,49,"GOOD FT by SONE,CARLOS",3,2,,,50,15,0.46,0.267,ft,good,56,14,0.518,0.143,07,469
22,Millsaps,Oglethorpe,57-62,57,62,"10-12, 2-9","13-9, 7-4",02/03/19,Win,244,No Location Recorded,3:30 PM,07:49,,46,49,"SUB IN by KOCH,WILL",3,2,,,50,15,0.46,0.267,,,56,14,0.518,0.143,07,469
22,Millsaps,Oglethorpe,57-62,57,62,"10-12, 2-9","13-9, 7-4",02/03/19,Win,244,No Location Recorded,3:30 PM,07:49,,46,49,"SUB OUT by FOSTER,LANE",3,2,,,50,15,0.46,0.267,,,56,14,0.518,0.143,07,469
22,Millsaps,Oglethorpe,57-62,57,62,"10-12, 2-9","13-9, 7-4",02/03/19,Win,244,No Location Recorded,3:30 PM,07:28,"MISS LAYUP by MCLAURIN,RYAN",46,49,,3,2,layup,miss,51,15,0.451,0.267,,,56,14,0.518,0.143,07,448
22,Millsaps,Oglethorpe,57-62,57,62,"10-12, 2-9","13-9, 7-4",02/03/19,Win,244,No Location Recorded,3:30 PM,07:28,,46,49,"REBOUND DEF by INUNGU,TOM",3,2,,,51,15,0.451,0.267,,,56,14,0.518,0.143,07,448
22,Millsaps,Oglethorpe,57-62,57,62,"10-12, 2-9","13-9, 7-4",02/03/19,Win,244,No Location Recorded,3:30 PM,07:18,,46,51,"GOOD LAYUP by SONE,CARLOS(in the paint)",5,2,,,51,15,0.451,0.267,layup,good,57,14,0.526,0.143,07,438
22,Millsaps,Oglethorpe,57-62,57,62,"10-12, 2-9","13-9, 7-4",02/03/19,Win,244,No Location Recorded,3:30 PM,07:00,"MISS 3PTR by BECKER,SAXTON",46,51,,5,2,3ptr,miss,52,16,0.442,0.25,,,57,14,0.526,0.143,07,420
22,Millsaps,Oglethorpe,57-62,57,62,"10-12, 2-9","13-9, 7-4",02/03/19,Win,244,No Location Recorded,3:30 PM,07:00,,46,51,"BLOCK  by KOCH,WILL",5,2,,,52,16,0.442,0.25,,,57,14,0.526,0.143,07,420
22,Millsaps,Oglethorpe,57-62,57,62,"10-12, 2-9","13-9, 7-4",02/03/19,Win,244,No Location Recorded,3:30 PM,07:00,,46,51,"REBOUND DEF by PERRY,WILL",5,2,,,52,16,0.442,0.25,,,57,14,0.526,0.143,07,420
22,Millsaps,Oglethorpe,57-62,57,62,"10-12, 2-9","13-9, 7-4",02/03/19,Win,244,No Location Recorded,3:30 PM,06:50,,46,51,"MISS JUMPER by PERRY,WILL",5,2,,,52,16,0.442,0.25,jumper,miss,58,14,0.517,0.143,06,410
22,Millsaps,Oglethorpe,57-62,57,62,"10-12, 2-9","13-9, 7-4",02/03/19,Win,244,No Location Recorded,3:30 PM,06:50,"REBOUND DEF by BLANZ,BUCK",46,51,,5,2,,,52,16,0.442,0.25,,,58,14,0.517,0.143,06,410
22,Millsaps,Oglethorpe,57-62,57,62,"10-12, 2-9","13-9, 7-4",02/03/19,Win,244,No Location Recorded,3:30 PM,06:23,"GOOD LAYUP by SULLIVAN,MICHAEL(in the paint)",48,51,,3,2,layup,good,53,16,0.453,0.25,,,58,14,0.517,0.143,06,383
22,Millsaps,Oglethorpe,57-62,57,62,"10-12, 2-9","13-9, 7-4",02/03/19,Win,244,No Location Recorded,3:30 PM,06:22,TIMEOUT 30s by TEAM,48,51,,3,2,,,53,16,0.453,0.25,,,58,14,0.517,0.143,06,382
22,Millsaps,Oglethorpe,57-62,57,62,"10-12, 2-9","13-9, 7-4",02/03/19,Win,244,No Location Recorded,3:30 PM,06:22,"SUB IN by VAN PELT,JUSTIN",48,51,,3,2,,,53,16,0.453,0.25,,,58,14,0.517,0.143,06,382
22,Millsaps,Oglethorpe,57-62,57,62,"10-12, 2-9","13-9, 7-4",02/03/19,Win,244,No Location Recorded,3:30 PM,06:22,"SUB IN by TURNER,JAMES",48,51,,3,2,,,53,16,0.453,0.25,,,58,14,0.517,0.143,06,382
22,Millsaps,Oglethorpe,57-62,57,62,"10-12, 2-9","13-9, 7-4",02/03/19,Win,244,No Location Recorded,3:30 PM,06:22,"SUB IN by CARVELLI,CAMERON",48,51,,3,2,,,53,16,0.453,0.25,,,58,14,0.517,0.143,06,382
22,Millsaps,Oglethorpe,57-62,57,62,"10-12, 2-9","13-9, 7-4",02/03/19,Win,244,No Location Recorded,3:30 PM,06:22,"SUB OUT by GILLIHAN,NEWLON",48,51,,3,2,,,53,16,0.453,0.25,,,58,14,0.517,0.143,06,382
22,Millsaps,Oglethorpe,57-62,57,62,"10-12, 2-9","13-9, 7-4",02/03/19,Win,244,No Location Recorded,3:30 PM,06:22,"SUB OUT by BECKER,SAXTON",48,51,,3,2,,,53,16,0.453,0.25,,,58,14,0.517,0.143,06,382
22,Millsaps,Oglethorpe,57-62,57,62,"10-12, 2-9","13-9, 7-4",02/03/19,Win,244,No Location Recorded,3:30 PM,06:22,"SUB OUT by MCLAURIN,RYAN",48,51,,3,2,,,53,16,0.453,0.25,,,58,14,0.517,0.143,06,382
22,Millsaps,Oglethorpe,57-62,57,62,"10-12, 2-9","13-9, 7-4",02/03/19,Win,244,No Location Recorded,3:30 PM,06:22,,48,51,"SUB IN by FOSTER,LANE",3,2,,,53,16,0.453,0.25,,,58,14,0.517,0.143,06,382
22,Millsaps,Oglethorpe,57-62,57,62,"10-12, 2-9","13-9, 7-4",02/03/19,Win,244,No Location Recorded,3:30 PM,06:22,,48,51,"SUB OUT by JENEI,RYAN",3,2,,,53,16,0.453,0.25,,,58,14,0.517,0.143,06,382
22,Millsaps,Oglethorpe,57-62,57,62,"10-12, 2-9","13-9, 7-4",02/03/19,Win,244,No Location Recorded,3:30 PM,05:57,,48,51,"MISS JUMPER by INUNGU,TOM",3,2,,,53,16,0.453,0.25,jumper,miss,59,14,0.508,0.143,05,357
22,Millsaps,Oglethorpe,57-62,57,62,"10-12, 2-9","13-9, 7-4",02/03/19,Win,244,No Location Recorded,3:30 PM,05:57,"REBOUND DEF by VAN PELT,JUSTIN",48,51,,3,2,,,53,16,0.453,0.25,,,59,14,0.508,0.143,05,357
22,Millsaps,Oglethorpe,57-62,57,62,"10-12, 2-9","13-9, 7-4",02/03/19,Win,244,No Location Recorded,3:30 PM,05:45,"GOOD JUMPER by SULLIVAN,MICHAEL(in the paint)",50,51,,1,2,jumper,good,54,16,0.463,0.25,,,59,14,0.508,0.143,05,345
22,Millsaps,Oglethorpe,57-62,57,62,"10-12, 2-9","13-9, 7-4",02/03/19,Win,244,No Location Recorded,3:30 PM,05:45,"ASSIST ASSIST by BLANZ,BUCK",50,51,,1,2,,,54,16,0.463,0.25,,,59,14,0.508,0.143,05,345
22,Millsaps,Oglethorpe,57-62,57,62,"10-12, 2-9","13-9, 7-4",02/03/19,Win,244,No Location Recorded,3:30 PM,05:32,"FOUL  by SULLIVAN,MICHAEL",50,51,,1,2,foul,,54,16,0.463,0.25,,,59,14,0.508,0.143,05,332
22,Millsaps,Oglethorpe,57-62,57,62,"10-12, 2-9","13-9, 7-4",02/03/19,Win,244,No Location Recorded,3:30 PM,05:32,,50,52,"GOOD FT by FOSTER,LANE",2,2,,,54,16,0.463,0.25,ft,good,60,14,0.517,0.143,05,332
22,Millsaps,Oglethorpe,57-62,57,62,"10-12, 2-9","13-9, 7-4",02/03/19,Win,244,No Location Recorded,3:30 PM,05:32,,50,53,"GOOD FT by FOSTER,LANE",3,2,,,54,16,0.463,0.25,ft,good,61,14,0.525,0.143,05,332
22,Millsaps,Oglethorpe,57-62,57,62,"10-12, 2-9","13-9, 7-4",02/03/19,Win,244,No Location Recorded,3:30 PM,05:18,"MISS JUMPER by BLANZ,BUCK",50,53,,3,2,jumper,miss,55,16,0.455,0.25,,,61,14,0.525,0.143,05,318
22,Millsaps,Oglethorpe,57-62,57,62,"10-12, 2-9","13-9, 7-4",02/03/19,Win,244,No Location Recorded,3:30 PM,05:18,,50,53,"REBOUND DEF by PERRY,WILL",3,2,,,55,16,0.455,0.25,,,61,14,0.525,0.143,05,318
22,Millsaps,Oglethorpe,57-62,57,62,"10-12, 2-9","13-9, 7-4",02/03/19,Win,244,No Location Recorded,3:30 PM,05:04,,50,53,"MISS 3PTR by SONE,CARLOS",3,2,,,55,16,0.455,0.25,3ptr,miss,62,15,0.516,0.133,05,304
22,Millsaps,Oglethorpe,57-62,57,62,"10-12, 2-9","13-9, 7-4",02/03/19,Win,244,No Location Recorded,3:30 PM,05:04,"REBOUND DEF by SULLIVAN,MICHAEL",50,53,,3,2,,,55,16,0.455,0.25,,,62,15,0.516,0.133,05,304
22,Millsaps,Oglethorpe,57-62,57,62,"10-12, 2-9","13-9, 7-4",02/03/19,Win,244,No Location Recorded,3:30 PM,04:45,"MISS LAYUP by VAN PELT,JUSTIN",50,53,,3,2,layup,miss,56,16,0.446,0.25,,,62,15,0.516,0.133,04,285
22,Millsaps,Oglethorpe,57-62,57,62,"10-12, 2-9","13-9, 7-4",02/03/19,Win,244,No Location Recorded,3:30 PM,04:45,,50,53,"REBOUND DEF by SONE,CARLOS",3,2,,,56,16,0.446,0.25,,,62,15,0.516,0.133,04,285
22,Millsaps,Oglethorpe,57-62,57,62,"10-12, 2-9","13-9, 7-4",02/03/19,Win,244,No Location Recorded,3:30 PM,04:39,"FOUL  by SULLIVAN,MICHAEL",50,53,,3,2,foul,,56,16,0.446,0.25,,,62,15,0.516,0.133,04,279
22,Millsaps,Oglethorpe,57-62,57,62,"10-12, 2-9","13-9, 7-4",02/03/19,Win,244,No Location Recorded,3:30 PM,04:39,,50,54,"GOOD FT by SONE,CARLOS",4,2,,,56,16,0.446,0.25,ft,good,63,15,0.524,0.133,04,279
22,Millsaps,Oglethorpe,57-62,57,62,"10-12, 2-9","13-9, 7-4",02/03/19,Win,244,No Location Recorded,3:30 PM,04:39,,50,55,"GOOD FT by SONE,CARLOS",5,2,,,56,16,0.446,0.25,ft,good,64,15,0.531,0.133,04,279
22,Millsaps,Oglethorpe,57-62,57,62,"10-12, 2-9","13-9, 7-4",02/03/19,Win,244,No Location Recorded,3:30 PM,04:37,,50,55,"FOUL  by KOCH,WILL",5,2,,,56,16,0.446,0.25,foul,,64,15,0.531,0.133,04,277
22,Millsaps,Oglethorpe,57-62,57,62,"10-12, 2-9","13-9, 7-4",02/03/19,Win,244,No Location Recorded,3:30 PM,04:37,"MISS FT by SULLIVAN,MICHAEL",50,55,,5,2,ft,miss,57,16,0.439,0.25,,,64,15,0.531,0.133,04,277
22,Millsaps,Oglethorpe,57-62,57,62,"10-12, 2-9","13-9, 7-4",02/03/19,Win,244,No Location Recorded,3:30 PM,04:37,REBOUND DEADB by TEAM,50,55,,5,2,,,57,16,0.439,0.25,,,64,15,0.531,0.133,04,277
22,Millsaps,Oglethorpe,57-62,57,62,"10-12, 2-9","13-9, 7-4",02/03/19,Win,244,No Location Recorded,3:30 PM,04:37,"GOOD FT by SULLIVAN,MICHAEL",51,55,,4,2,ft,good,58,16,0.448,0.25,,,64,15,0.531,0.133,04,277
22,Millsaps,Oglethorpe,57-62,57,62,"10-12, 2-9","13-9, 7-4",02/03/19,Win,244,No Location Recorded,3:30 PM,04:37,"SUB IN by BECKER,SAXTON",51,55,,4,2,,,58,16,0.448,0.25,,,64,15,0.531,0.133,04,277
22,Millsaps,Oglethorpe,57-62,57,62,"10-12, 2-9","13-9, 7-4",02/03/19,Win,244,No Location Recorded,3:30 PM,04:37,"SUB OUT by BLANZ,BUCK",51,55,,4,2,,,58,16,0.448,0.25,,,64,15,0.531,0.133,04,277
22,Millsaps,Oglethorpe,57-62,57,62,"10-12, 2-9","13-9, 7-4",02/03/19,Win,244,No Location Recorded,3:30 PM,04:09,,51,55,"MISS JUMPER by PERRY,WILL",4,2,,,58,16,0.448,0.25,jumper,miss,65,15,0.523,0.133,04,249
22,Millsaps,Oglethorpe,57-62,57,62,"10-12, 2-9","13-9, 7-4",02/03/19,Win,244,No Location Recorded,3:30 PM,04:09,"BLOCK  by VAN PELT,JUSTIN",51,55,,4,2,,,58,16,0.448,0.25,,,65,15,0.523,0.133,04,249
22,Millsaps,Oglethorpe,57-62,57,62,"10-12, 2-9","13-9, 7-4",02/03/19,Win,244,No Location Recorded,3:30 PM,04:09,"REBOUND DEF by CARVELLI,CAMERON",51,55,,4,2,,,58,16,0.448,0.25,,,65,15,0.523,0.133,04,249
22,Millsaps,Oglethorpe,57-62,57,62,"10-12, 2-9","13-9, 7-4",02/03/19,Win,244,No Location Recorded,3:30 PM,03:43,,51,55,TIMEOUT TEAM by TEAM,4,2,,,58,16,0.448,0.25,,,65,15,0.523,0.133,03,223
22,Millsaps,Oglethorpe,57-62,57,62,"10-12, 2-9","13-9, 7-4",02/03/19,Win,244,No Location Recorded,3:30 PM,03:40,"GOOD JUMPER by VAN PELT,JUSTIN(in the paint)",53,55,,2,2,jumper,good,59,16,0.458,0.25,,,65,15,0.523,0.133,03,220
22,Millsaps,Oglethorpe,57-62,57,62,"10-12, 2-9","13-9, 7-4",02/03/19,Win,244,No Location Recorded,3:30 PM,03:40,"ASSIST ASSIST by CARVELLI,CAMERON",53,55,,2,2,,,59,16,0.458,0.25,,,65,15,0.523,0.133,03,220
22,Millsaps,Oglethorpe,57-62,57,62,"10-12, 2-9","13-9, 7-4",02/03/19,Win,244,No Location Recorded,3:30 PM,03:12,,53,55,"MISS JUMPER by KOCH,WILL",2,2,,,59,16,0.458,0.25,jumper,miss,66,15,0.515,0.133,03,192
22,Millsaps,Oglethorpe,57-62,57,62,"10-12, 2-9","13-9, 7-4",02/03/19,Win,244,No Location Recorded,3:30 PM,03:12,"REBOUND DEF by TURNER,JAMES",53,55,,2,2,,,59,16,0.458,0.25,,,66,15,0.515,0.133,03,192
22,Millsaps,Oglethorpe,57-62,57,62,"10-12, 2-9","13-9, 7-4",02/03/19,Win,244,No Location Recorded,3:30 PM,03:00,"MISS JUMPER by VAN PELT,JUSTIN",53,55,,2,2,jumper,miss,60,16,0.45,0.25,,,66,15,0.515,0.133,03,180
22,Millsaps,Oglethorpe,57-62,57,62,"10-12, 2-9","13-9, 7-4",02/03/19,Win,244,No Location Recorded,3:30 PM,03:00,,53,55,"REBOUND DEF by KOCH,WILL",2,2,,,60,16,0.45,0.25,,,66,15,0.515,0.133,03,180
22,Millsaps,Oglethorpe,57-62,57,62,"10-12, 2-9","13-9, 7-4",02/03/19,Win,244,No Location Recorded,3:30 PM,02:47,"FOUL  by VAN PELT,JUSTIN",53,55,,2,2,foul,,60,16,0.45,0.25,,,66,15,0.515,0.133,02,167
22,Millsaps,Oglethorpe,57-62,57,62,"10-12, 2-9","13-9, 7-4",02/03/19,Win,244,No Location Recorded,3:30 PM,02:47,,53,55,"MISS FT by INUNGU,TOM",2,2,,,60,16,0.45,0.25,ft,miss,67,15,0.507,0.133,02,167
22,Millsaps,Oglethorpe,57-62,57,62,"10-12, 2-9","13-9, 7-4",02/03/19,Win,244,No Location Recorded,3:30 PM,02:47,,53,55,REBOUND DEADB by TEAM,2,2,,,60,16,0.45,0.25,,,67,15,0.507,0.133,02,167
22,Millsaps,Oglethorpe,57-62,57,62,"10-12, 2-9","13-9, 7-4",02/03/19,Win,244,No Location Recorded,3:30 PM,02:47,,53,56,"GOOD FT by INUNGU,TOM",3,2,,,60,16,0.45,0.25,ft,good,68,15,0.515,0.133,02,167
22,Millsaps,Oglethorpe,57-62,57,62,"10-12, 2-9","13-9, 7-4",02/03/19,Win,244,No Location Recorded,3:30 PM,02:47,"SUB IN by TULLOS,ZACHARY",53,56,,3,2,,,60,16,0.45,0.25,,,68,15,0.515,0.133,02,167
22,Millsaps,Oglethorpe,57-62,57,62,"10-12, 2-9","13-9, 7-4",02/03/19,Win,244,No Location Recorded,3:30 PM,02:47,"SUB OUT by VAN PELT,JUSTIN",53,56,,3,2,,,60,16,0.45,0.25,,,68,15,0.515,0.133,02,167
22,Millsaps,Oglethorpe,57-62,57,62,"10-12, 2-9","13-9, 7-4",02/03/19,Win,244,No Location Recorded,3:30 PM,02:22,"MISS 3PTR by SULLIVAN,MICHAEL",53,56,,3,2,3ptr,miss,61,17,0.443,0.235,,,68,15,0.515,0.133,02,142
22,Millsaps,Oglethorpe,57-62,57,62,"10-12, 2-9","13-9, 7-4",02/03/19,Win,244,No Location Recorded,3:30 PM,02:22,"REBOUND OFF by CARVELLI,CAMERON",53,56,,3,2,,,61,17,0.443,0.235,,,68,15,0.515,0.133,02,142
22,Millsaps,Oglethorpe,57-62,57,62,"10-12, 2-9","13-9, 7-4",02/03/19,Win,244,No Location Recorded,3:30 PM,02:16,"MISS 3PTR by SULLIVAN,MICHAEL",53,56,,3,2,3ptr,miss,62,18,0.435,0.222,,,68,15,0.515,0.133,02,136
22,Millsaps,Oglethorpe,57-62,57,62,"10-12, 2-9","13-9, 7-4",02/03/19,Win,244,No Location Recorded,3:30 PM,02:16,,53,56,"REBOUND DEF by INUNGU,TOM",3,2,,,62,18,0.435,0.222,,,68,15,0.515,0.133,02,136
22,Millsaps,Oglethorpe,57-62,57,62,"10-12, 2-9","13-9, 7-4",02/03/19,Win,244,No Location Recorded,3:30 PM,02:10,,53,56,"TURNOVER  by INUNGU,TOM",3,2,,,62,18,0.435,0.222,,,68,15,0.515,0.133,02,130
22,Millsaps,Oglethorpe,57-62,57,62,"10-12, 2-9","13-9, 7-4",02/03/19,Win,244,No Location Recorded,3:30 PM,02:09,"STEAL  by TURNER,JAMES",53,56,,3,2,,,62,18,0.435,0.222,,,68,15,0.515,0.133,02,129
22,Millsaps,Oglethorpe,57-62,57,62,"10-12, 2-9","13-9, 7-4",02/03/19,Win,244,No Location Recorded,3:30 PM,01:54,"MISS LAYUP by TURNER,JAMES",53,56,,3,2,layup,miss,63,18,0.429,0.222,,,68,15,0.515,0.133,01,114
22,Millsaps,Oglethorpe,57-62,57,62,"10-12, 2-9","13-9, 7-4",02/03/19,Win,244,No Location Recorded,3:30 PM,01:54,"REBOUND OFF by TURNER,JAMES",53,56,,3,2,,,63,18,0.429,0.222,,,68,15,0.515,0.133,01,114
22,Millsaps,Oglethorpe,57-62,57,62,"10-12, 2-9","13-9, 7-4",02/03/19,Win,244,No Location Recorded,3:30 PM,01:46,"GOOD LAYUP by CARVELLI,CAMERON(in the paint)",55,56,,1,2,layup,good,64,18,0.438,0.222,,,68,15,0.515,0.133,01,106
22,Millsaps,Oglethorpe,57-62,57,62,"10-12, 2-9","13-9, 7-4",02/03/19,Win,244,No Location Recorded,3:30 PM,01:18,"FOUL  by TULLOS,ZACHARY",55,56,,1,2,foul,,64,18,0.438,0.222,,,68,15,0.515,0.133,01,78
22,Millsaps,Oglethorpe,57-62,57,62,"10-12, 2-9","13-9, 7-4",02/03/19,Win,244,No Location Recorded,3:30 PM,01:16,,55,56,"MISS FT by INUNGU,TOM",1,2,,,64,18,0.438,0.222,ft,miss,69,15,0.507,0.133,01,76
22,Millsaps,Oglethorpe,57-62,57,62,"10-12, 2-9","13-9, 7-4",02/03/19,Win,244,No Location Recorded,3:30 PM,01:16,,55,56,REBOUND DEADB by TEAM,1,2,,,64,18,0.438,0.222,,,69,15,0.507,0.133,01,76
22,Millsaps,Oglethorpe,57-62,57,62,"10-12, 2-9","13-9, 7-4",02/03/19,Win,244,No Location Recorded,3:30 PM,01:16,,55,57,"GOOD FT by INUNGU,TOM",2,2,,,64,18,0.438,0.222,ft,good,70,15,0.514,0.133,01,76
22,Millsaps,Oglethorpe,57-62,57,62,"10-12, 2-9","13-9, 7-4",02/03/19,Win,244,No Location Recorded,3:30 PM,01:16,,55,57,TIMEOUT 30s by TEAM,2,2,,,64,18,0.438,0.222,,,70,15,0.514,0.133,01,76
22,Millsaps,Oglethorpe,57-62,57,62,"10-12, 2-9","13-9, 7-4",02/03/19,Win,244,No Location Recorded,3:30 PM,00:57,"MISS LAYUP by TURNER,JAMES",55,57,,2,2,layup,miss,65,18,0.431,0.222,,,70,15,0.514,0.133,00,57
22,Millsaps,Oglethorpe,57-62,57,62,"10-12, 2-9","13-9, 7-4",02/03/19,Win,244,No Location Recorded,3:30 PM,00:57,,55,57,"REBOUND DEF by PERRY,WILL",2,2,,,65,18,0.431,0.222,,,70,15,0.514,0.133,00,57
22,Millsaps,Oglethorpe,57-62,57,62,"10-12, 2-9","13-9, 7-4",02/03/19,Win,244,No Location Recorded,3:30 PM,00:32,,55,57,"MISS LAYUP by INUNGU,TOM",2,2,,,65,18,0.431,0.222,layup,miss,71,15,0.507,0.133,00,32
22,Millsaps,Oglethorpe,57-62,57,62,"10-12, 2-9","13-9, 7-4",02/03/19,Win,244,No Location Recorded,3:30 PM,00:32,,55,57,"REBOUND OFF by INUNGU,TOM",2,2,,,65,18,0.431,0.222,,,71,15,0.507,0.133,00,32
22,Millsaps,Oglethorpe,57-62,57,62,"10-12, 2-9","13-9, 7-4",02/03/19,Win,244,No Location Recorded,3:30 PM,00:30,,55,59,"GOOD LAYUP by INUNGU,TOM(in the paint)",4,2,,,65,18,0.431,0.222,layup,good,72,15,0.514,0.133,00,30
22,Millsaps,Oglethorpe,57-62,57,62,"10-12, 2-9","13-9, 7-4",02/03/19,Win,244,No Location Recorded,3:30 PM,00:12,"MISS 3PTR by BECKER,SAXTON",55,59,,4,2,3ptr,miss,66,19,0.424,0.211,,,72,15,0.514,0.133,00,12
22,Millsaps,Oglethorpe,57-62,57,62,"10-12, 2-9","13-9, 7-4",02/03/19,Win,244,No Location Recorded,3:30 PM,00:12,,55,59,"REBOUND DEF by PERRY,WILL",4,2,,,66,19,0.424,0.211,,,72,15,0.514,0.133,00,12
22,Millsaps,Oglethorpe,57-62,57,62,"10-12, 2-9","13-9, 7-4",02/03/19,Win,244,No Location Recorded,3:30 PM,00:12,"FOUL  by TULLOS,ZACHARY",55,59,,4,2,foul,,66,19,0.424,0.211,,,72,15,0.514,0.133,00,12
22,Millsaps,Oglethorpe,57-62,57,62,"10-12, 2-9","13-9, 7-4",02/03/19,Win,244,No Location Recorded,3:30 PM,00:12,,55,59,"MISS FT by PERRY,WILL",4,2,,,66,19,0.424,0.211,ft,miss,73,15,0.507,0.133,00,12
22,Millsaps,Oglethorpe,57-62,57,62,"10-12, 2-9","13-9, 7-4",02/03/19,Win,244,No Location Recorded,3:30 PM,00:12,,55,59,REBOUND DEADB by TEAM,4,2,,,66,19,0.424,0.211,,,73,15,0.507,0.133,00,12
22,Millsaps,Oglethorpe,57-62,57,62,"10-12, 2-9","13-9, 7-4",02/03/19,Win,244,No Location Recorded,3:30 PM,00:12,,55,60,"GOOD FT by PERRY,WILL",5,2,,,66,19,0.424,0.211,ft,good,74,15,0.514,0.133,00,12
22,Millsaps,Oglethorpe,57-62,57,62,"10-12, 2-9","13-9, 7-4",02/03/19,Win,244,No Location Recorded,3:30 PM,00:12,"SUB IN by GILLIHAN,NEWLON",55,60,,5,2,,,66,19,0.424,0.211,,,74,15,0.514,0.133,00,12
22,Millsaps,Oglethorpe,57-62,57,62,"10-12, 2-9","13-9, 7-4",02/03/19,Win,244,No Location Recorded,3:30 PM,00:12,"SUB OUT by TULLOS,ZACHARY",55,60,,5,2,,,66,19,0.424,0.211,,,74,15,0.514,0.133,00,12
22,Millsaps,Oglethorpe,57-62,57,62,"10-12, 2-9","13-9, 7-4",02/03/19,Win,244,No Location Recorded,3:30 PM,00:09,"MISS 3PTR by CARVELLI,CAMERON",55,60,,5,2,3ptr,miss,67,20,0.418,0.2,,,74,15,0.514,0.133,00,9
22,Millsaps,Oglethorpe,57-62,57,62,"10-12, 2-9","13-9, 7-4",02/03/19,Win,244,No Location Recorded,3:30 PM,00:09,"REBOUND OFF by TURNER,JAMES",55,60,,5,2,,,67,20,0.418,0.2,,,74,15,0.514,0.133,00,9
22,Millsaps,Oglethorpe,57-62,57,62,"10-12, 2-9","13-9, 7-4",02/03/19,Win,244,No Location Recorded,3:30 PM,00:03,"GOOD JUMPER by TURNER,JAMES",57,60,,3,2,jumper,good,68,20,0.426,0.2,,,74,15,0.514,0.133,00,3
22,Millsaps,Oglethorpe,57-62,57,62,"10-12, 2-9","13-9, 7-4",02/03/19,Win,244,No Location Recorded,3:30 PM,00:01,TIMEOUT FULL by TEAM,57,60,,3,2,,,68,20,0.426,0.2,,,74,15,0.514,0.133,00,1
22,Millsaps,Oglethorpe,57-62,57,62,"10-12, 2-9","13-9, 7-4",02/03/19,Win,244,No Location Recorded,3:30 PM,00:01,"SUB IN by SAVAGE,CHAS",57,60,,3,2,,,68,20,0.426,0.2,,,74,15,0.514,0.133,00,1
22,Millsaps,Oglethorpe,57-62,57,62,"10-12, 2-9","13-9, 7-4",02/03/19,Win,244,No Location Recorded,3:30 PM,00:01,"SUB IN by MILLER,JOSHUA",57,60,,3,2,,,68,20,0.426,0.2,,,74,15,0.514,0.133,00,1
22,Millsaps,Oglethorpe,57-62,57,62,"10-12, 2-9","13-9, 7-4",02/03/19,Win,244,No Location Recorded,3:30 PM,00:01,"SUB IN by MCLAURIN,RYAN",57,60,,3,2,,,68,20,0.426,0.2,,,74,15,0.514,0.133,00,1
22,Millsaps,Oglethorpe,57-62,57,62,"10-12, 2-9","13-9, 7-4",02/03/19,Win,244,No Location Recorded,3:30 PM,00:01,"SUB IN by COLEMAN,DANIEL",57,60,,3,2,,,68,20,0.426,0.2,,,74,15,0.514,0.133,00,1
22,Millsaps,Oglethorpe,57-62,57,62,"10-12, 2-9","13-9, 7-4",02/03/19,Win,244,No Location Recorded,3:30 PM,00:01,"SUB OUT by BECKER,SAXTON",57,60,,3,2,,,68,20,0.426,0.2,,,74,15,0.514,0.133,00,1
22,Millsaps,Oglethorpe,57-62,57,62,"10-12, 2-9","13-9, 7-4",02/03/19,Win,244,No Location Recorded,3:30 PM,00:01,"SUB OUT by SULLIVAN,MICHAEL",57,60,,3,2,,,68,20,0.426,0.2,,,74,15,0.514,0.133,00,1
22,Millsaps,Oglethorpe,57-62,57,62,"10-12, 2-9","13-9, 7-4",02/03/19,Win,244,No Location Recorded,3:30 PM,00:01,"SUB OUT by GILLIHAN,NEWLON",57,60,,3,2,,,68,20,0.426,0.2,,,74,15,0.514,0.133,00,1
22,Millsaps,Oglethorpe,57-62,57,62,"10-12, 2-9","13-9, 7-4",02/03/19,Win,244,No Location Recorded,3:30 PM,00:01,"SUB OUT by CARVELLI,CAMERON",57,60,,3,2,,,68,20,0.426,0.2,,,74,15,0.514,0.133,00,1
22,Millsaps,Oglethorpe,57-62,57,62,"10-12, 2-9","13-9, 7-4",02/03/19,Win,244,No Location Recorded,3:30 PM,00:01,,57,60,"SUB IN by JENEI,RYAN",3,2,,,68,20,0.426,0.2,,,74,15,0.514,0.133,00,1
22,Millsaps,Oglethorpe,57-62,57,62,"10-12, 2-9","13-9, 7-4",02/03/19,Win,244,No Location Recorded,3:30 PM,00:01,,57,60,"SUB IN by SPRINGER,WILL",3,2,,,68,20,0.426,0.2,,,74,15,0.514,0.133,00,1
22,Millsaps,Oglethorpe,57-62,57,62,"10-12, 2-9","13-9, 7-4",02/03/19,Win,244,No Location Recorded,3:30 PM,00:01,,57,60,"SUB OUT by KOCH,WILL",3,2,,,68,20,0.426,0.2,,,74,15,0.514,0.133,00,1
22,Millsaps,Oglethorpe,57-62,57,62,"10-12, 2-9","13-9, 7-4",02/03/19,Win,244,No Location Recorded,3:30 PM,00:00,"FOUL  by MCLAURIN,RYAN",57,60,,3,2,foul,,68,20,0.426,0.2,,,74,15,0.514,0.133,00,0
22,Millsaps,Oglethorpe,57-62,57,62,"10-12, 2-9","13-9, 7-4",02/03/19,Win,244,No Location Recorded,3:30 PM,00:00,,57,61,"GOOD FT by JENEI,RYAN",4,2,,,68,20,0.426,0.2,ft,good,75,15,0.52,0.133,00,0
22,Millsaps,Oglethorpe,57-62,57,62,"10-12, 2-9","13-9, 7-4",02/03/19,Win,244,No Location Recorded,3:30 PM,00:00,,57,62,"GOOD FT by JENEI,RYAN",5,2,,,68,20,0.426,0.2,ft,good,76,15,0.526,0.133,00,0
22,Millsaps,Oglethorpe,57-62,57,62,"10-12, 2-9","13-9, 7-4",02/03/19,Win,244,No Location Recorded,3:30 PM,09:47,,57,62,"MISS LAYUP by ETIWE,TOJU",5,3,,,68,20,0.426,0.2,layup,miss,77,15,0.519,0.133,09,587
22,Millsaps,Oglethorpe,57-62,57,62,"10-12, 2-9","13-9, 7-4",02/03/19,Win,244,No Location Recorded,3:30 PM,09:47,REBOUND DEF by 24,57,62,,5,3,,,68,20,0.426,0.2,,,77,15,0.519,0.133,09,587
22,Millsaps,Oglethorpe,57-62,57,62,"10-12, 2-9","13-9, 7-4",02/03/19,Win,244,No Location Recorded,3:30 PM,09:36,"GOOD LAYUP by MANNING,JOHNATHAN(in the paint)",59,62,,3,3,layup,good,69,20,0.435,0.2,,,77,15,0.519,0.133,09,576
22,Millsaps,Oglethorpe,57-62,57,62,"10-12, 2-9","13-9, 7-4",02/03/19,Win,244,No Location Recorded,3:30 PM,09:36,ASSIST ASSIST by 32,59,62,,3,3,,,69,20,0.435,0.2,,,77,15,0.519,0.133,09,576
22,Millsaps,Oglethorpe,57-62,57,62,"10-12, 2-9","13-9, 7-4",02/03/19,Win,244,No Location Recorded,3:30 PM,09:24,,59,62,"MISS 3PTR by KOCH,WILL",3,3,,,69,20,0.435,0.2,3ptr,miss,78,16,0.513,0.125,09,564
22,Millsaps,Oglethorpe,57-62,57,62,"10-12, 2-9","13-9, 7-4",02/03/19,Win,244,No Location Recorded,3:30 PM,09:24,REBOUND DEF by TEAM,59,62,,3,3,,,69,20,0.435,0.2,,,78,16,0.513,0.125,09,564
22,Millsaps,Oglethorpe,57-62,57,62,"10-12, 2-9","13-9, 7-4",02/03/19,Win,244,No Location Recorded,3:30 PM,09:04,MISS LAYUP by 32,59,62,,3,3,layup,miss,70,20,0.429,0.2,,,78,16,0.513,0.125,09,544
22,Millsaps,Oglethorpe,57-62,57,62,"10-12, 2-9","13-9, 7-4",02/03/19,Win,244,No Location Recorded,3:30 PM,09:04,,59,62,"BLOCK  by CROWE,CAMERON",3,3,,,70,20,0.429,0.2,,,78,16,0.513,0.125,09,544
22,Millsaps,Oglethorpe,57-62,57,62,"10-12, 2-9","13-9, 7-4",02/03/19,Win,244,No Location Recorded,3:30 PM,09:04,,59,62,REBOUND DEF by 13,3,3,,,70,20,0.429,0.2,,,78,16,0.513,0.125,09,544
22,Millsaps,Oglethorpe,57-62,57,62,"10-12, 2-9","13-9, 7-4",02/03/19,Win,244,No Location Recorded,3:30 PM,09:03,FOUL  by 23,59,62,,3,3,foul,,70,20,0.429,0.2,,,78,16,0.513,0.125,09,543
22,Millsaps,Oglethorpe,57-62,57,62,"10-12, 2-9","13-9, 7-4",02/03/19,Win,244,No Location Recorded,3:30 PM,09:03,,59,63,"GOOD FT by CROWE,CAMERON",4,3,,,70,20,0.429,0.2,ft,good,79,16,0.519,0.125,09,543
22,Millsaps,Oglethorpe,57-62,57,62,"10-12, 2-9","13-9, 7-4",02/03/19,Win,244,No Location Recorded,3:30 PM,09:03,,59,63,"MISS FT by CROWE,CAMERON",4,3,,,70,20,0.429,0.2,ft,miss,80,16,0.512,0.125,09,543
22,Millsaps,Oglethorpe,57-62,57,62,"10-12, 2-9","13-9, 7-4",02/03/19,Win,244,No Location Recorded,3:30 PM,09:03,REBOUND DEF by 32,59,63,,4,3,,,70,20,0.429,0.2,,,80,16,0.512,0.125,09,543
22,Millsaps,Oglethorpe,57-62,57,62,"10-12, 2-9","13-9, 7-4",02/03/19,Win,244,No Location Recorded,3:30 PM,08:54,MISS LAYUP by 23,59,63,,4,3,layup,miss,71,20,0.423,0.2,,,80,16,0.512,0.125,08,534
22,Millsaps,Oglethorpe,57-62,57,62,"10-12, 2-9","13-9, 7-4",02/03/19,Win,244,No Location Recorded,3:30 PM,08:54,,59,63,"REBOUND DEF by CROWE,CAMERON",4,3,,,71,20,0.423,0.2,,,80,16,0.512,0.125,08,534
22,Millsaps,Oglethorpe,57-62,57,62,"10-12, 2-9","13-9, 7-4",02/03/19,Win,244,No Location Recorded,3:30 PM,08:42,"MISS JUMPER by MILLER,JOSHUA",59,63,,4,3,jumper,miss,72,20,0.417,0.2,,,80,16,0.512,0.125,08,522
22,Millsaps,Oglethorpe,57-62,57,62,"10-12, 2-9","13-9, 7-4",02/03/19,Win,244,No Location Recorded,3:30 PM,08:42,,59,63,"REBOUND DEF by ETIWE,TOJU",4,3,,,72,20,0.417,0.2,,,80,16,0.512,0.125,08,522
22,Millsaps,Oglethorpe,57-62,57,62,"10-12, 2-9","13-9, 7-4",02/03/19,Win,244,No Location Recorded,3:30 PM,08:42,,59,63,"MISS JUMPER by SONE,CARLOS",4,3,,,72,20,0.417,0.2,jumper,miss,81,16,0.506,0.125,08,522
22,Millsaps,Oglethorpe,57-62,57,62,"10-12, 2-9","13-9, 7-4",02/03/19,Win,244,No Location Recorded,3:30 PM,08:42,"REBOUND DEF by MANNING,JOHNATHAN",59,63,,4,3,,,72,20,0.417,0.2,,,81,16,0.506,0.125,08,522
22,Millsaps,Oglethorpe,57-62,57,62,"10-12, 2-9","13-9, 7-4",02/03/19,Win,244,No Location Recorded,3:30 PM,08:40,"FOUL  by MANNING,JOHNATHAN",59,63,,4,3,foul,,72,20,0.417,0.2,,,81,16,0.506,0.125,08,520
22,Millsaps,Oglethorpe,57-62,57,62,"10-12, 2-9","13-9, 7-4",02/03/19,Win,244,No Location Recorded,3:30 PM,08:40,"TURNOVER  by MANNING,JOHNATHAN",59,63,,4,3,,,72,20,0.417,0.2,,,81,16,0.506,0.125,08,520
22,Millsaps,Oglethorpe,57-62,57,62,"10-12, 2-9","13-9, 7-4",02/03/19,Win,244,No Location Recorded,3:30 PM,07:11,,59,63,"MISS LAYUP by SONE,CARLOS",4,3,,,72,20,0.417,0.2,layup,miss,82,16,0.5,0.125,07,431
22,Millsaps,Oglethorpe,57-62,57,62,"10-12, 2-9","13-9, 7-4",02/03/19,Win,244,No Location Recorded,3:30 PM,07:11,,59,63,"REBOUND OFF by SONE,CARLOS",4,3,,,72,20,0.417,0.2,,,82,16,0.5,0.125,07,431
22,Millsaps,Oglethorpe,57-62,57,62,"10-12, 2-9","13-9, 7-4",02/03/19,Win,244,No Location Recorded,3:30 PM,07:08,,59,65,"GOOD LAYUP by SONE,CARLOS(in the paint)",6,3,,,72,20,0.417,0.2,layup,good,83,16,0.506,0.125,07,428
22,Millsaps,Oglethorpe,57-62,57,62,"10-12, 2-9","13-9, 7-4",02/03/19,Win,244,No Location Recorded,3:30 PM,07:06,,59,65,"FOUL  by SWILLUM,DAVID",6,3,,,72,20,0.417,0.2,foul,,83,16,0.506,0.125,07,426
22,Millsaps,Oglethorpe,57-62,57,62,"10-12, 2-9","13-9, 7-4",02/03/19,Win,244,No Location Recorded,3:30 PM,07:06,MISS LAYUP by 32,59,65,,6,3,layup,miss,73,20,0.411,0.2,,,83,16,0.506,0.125,07,426
22,Millsaps,Oglethorpe,57-62,57,62,"10-12, 2-9","13-9, 7-4",02/03/19,Win,244,No Location Recorded,3:30 PM,07:06,REBOUND DEADB by TEAM,59,65,,6,3,,,73,20,0.411,0.2,,,83,16,0.506,0.125,07,426
22,Millsaps,Oglethorpe,57-62,57,62,"10-12, 2-9","13-9, 7-4",02/03/19,Win,244,No Location Recorded,3:30 PM,07:00,,59,65,"FOUL  by SONE,CARLOS",6,3,,,73,20,0.411,0.2,foul,,83,16,0.506,0.125,07,420
22,Millsaps,Oglethorpe,57-62,57,62,"10-12, 2-9","13-9, 7-4",02/03/19,Win,244,No Location Recorded,3:30 PM,06:55,MISS 3PTR by 24,59,65,,6,3,3ptr,miss,74,21,0.405,0.19,,,83,16,0.506,0.125,06,415
22,Millsaps,Oglethorpe,57-62,57,62,"10-12, 2-9","13-9, 7-4",02/03/19,Win,244,No Location Recorded,3:30 PM,06:55,,59,65,"REBOUND DEF by SONE,CARLOS",6,3,,,74,21,0.405,0.19,,,83,16,0.506,0.125,06,415
22,Millsaps,Oglethorpe,57-62,57,62,"10-12, 2-9","13-9, 7-4",02/03/19,Win,244,No Location Recorded,3:30 PM,06:42,,59,67,"GOOD LAYUP by SONE,CARLOS(in the paint)",8,3,,,74,21,0.405,0.19,layup,good,84,16,0.512,0.125,06,402
22,Millsaps,Oglethorpe,57-62,57,62,"10-12, 2-9","13-9, 7-4",02/03/19,Win,244,No Location Recorded,3:30 PM,06:25,MISS LAYUP by 32,59,67,,8,3,layup,miss,75,21,0.4,0.19,,,84,16,0.512,0.125,06,385
22,Millsaps,Oglethorpe,57-62,57,62,"10-12, 2-9","13-9, 7-4",02/03/19,Win,244,No Location Recorded,3:30 PM,06:25,,59,67,"BLOCK  by RICE,TRE'",8,3,,,75,21,0.4,0.19,,,84,16,0.512,0.125,06,385
22,Millsaps,Oglethorpe,57-62,57,62,"10-12, 2-9","13-9, 7-4",02/03/19,Win,244,No Location Recorded,3:30 PM,06:25,,59,67,"REBOUND DEF by SWILLUM,DAVID",8,3,,,75,21,0.4,0.19,,,84,16,0.512,0.125,06,385
22,Millsaps,Oglethorpe,57-62,57,62,"10-12, 2-9","13-9, 7-4",02/03/19,Win,244,No Location Recorded,3:30 PM,06:18,"FOUL  by MILLER,JOSHUA",59,67,,8,3,foul,,75,21,0.4,0.19,,,84,16,0.512,0.125,06,378
22,Millsaps,Oglethorpe,57-62,57,62,"10-12, 2-9","13-9, 7-4",02/03/19,Win,244,No Location Recorded,3:30 PM,06:18,,59,68,GOOD FT by 13,9,3,,,75,21,0.4,0.19,ft,good,85,16,0.518,0.125,06,378
22,Millsaps,Oglethorpe,57-62,57,62,"10-12, 2-9","13-9, 7-4",02/03/19,Win,244,No Location Recorded,3:30 PM,06:18,,59,69,GOOD FT by 13,10,3,,,75,21,0.4,0.19,ft,good,86,16,0.523,0.125,06,378
22,Millsaps,Oglethorpe,57-62,57,62,"10-12, 2-9","13-9, 7-4",02/03/19,Win,244,No Location Recorded,3:30 PM,06:06,"MISS LAYUP by MILLER,JOSHUA",59,69,,10,3,layup,miss,76,21,0.395,0.19,,,86,16,0.523,0.125,06,366
22,Millsaps,Oglethorpe,57-62,57,62,"10-12, 2-9","13-9, 7-4",02/03/19,Win,244,No Location Recorded,3:30 PM,06:06,,59,69,"REBOUND DEF by SONE,CARLOS",10,3,,,76,21,0.395,0.19,,,86,16,0.523,0.125,06,366
22,Millsaps,Oglethorpe,57-62,57,62,"10-12, 2-9","13-9, 7-4",02/03/19,Win,244,No Location Recorded,3:30 PM,05:55,,59,69,"TURNOVER  by ETIWE,TOJU",10,3,,,76,21,0.395,0.19,,,86,16,0.523,0.125,05,355
22,Millsaps,Oglethorpe,57-62,57,62,"10-12, 2-9","13-9, 7-4",02/03/19,Win,244,No Location Recorded,3:30 PM,05:45,"MISS LAYUP by MILLER,JOSHUA",59,69,,10,3,layup,miss,77,21,0.39,0.19,,,86,16,0.523,0.125,05,345
22,Millsaps,Oglethorpe,57-62,57,62,"10-12, 2-9","13-9, 7-4",02/03/19,Win,244,No Location Recorded,3:30 PM,05:45,"REBOUND OFF by MILLER,JOSHUA",59,69,,10,3,,,77,21,0.39,0.19,,,86,16,0.523,0.125,05,345
22,Millsaps,Oglethorpe,57-62,57,62,"10-12, 2-9","13-9, 7-4",02/03/19,Win,244,No Location Recorded,3:30 PM,05:39,"GOOD LAYUP by MILLER,JOSHUA(in the paint)",61,69,,8,3,layup,good,78,21,0.397,0.19,,,86,16,0.523,0.125,05,339
22,Millsaps,Oglethorpe,57-62,57,62,"10-12, 2-9","13-9, 7-4",02/03/19,Win,244,No Location Recorded,3:30 PM,05:22,,61,71,"GOOD LAYUP by RICE,TRE'(in the paint)",10,3,,,78,21,0.397,0.19,layup,good,87,16,0.529,0.125,05,322
22,Millsaps,Oglethorpe,57-62,57,62,"10-12, 2-9","13-9, 7-4",02/03/19,Win,244,No Location Recorded,3:30 PM,05:05,FOUL  by 12,61,71,,10,3,foul,,78,21,0.397,0.19,,,87,16,0.529,0.125,05,305
22,Millsaps,Oglethorpe,57-62,57,62,"10-12, 2-9","13-9, 7-4",02/03/19,Win,244,No Location Recorded,3:30 PM,05:05,"TURNOVER  by MILLER,JOSHUA",61,71,,10,3,,,78,21,0.397,0.19,,,87,16,0.529,0.125,05,305
22,Millsaps,Oglethorpe,57-62,57,62,"10-12, 2-9","13-9, 7-4",02/03/19,Win,244,No Location Recorded,3:30 PM,05:05,,61,71,"STEAL  by SWILLUM,DAVID",10,3,,,78,21,0.397,0.19,,,87,16,0.529,0.125,05,305
22,Millsaps,Oglethorpe,57-62,57,62,"10-12, 2-9","13-9, 7-4",02/03/19,Win,244,No Location Recorded,3:30 PM,04:52,,61,71,TIMEOUT TEAM by TEAM,10,3,,,78,21,0.397,0.19,,,87,16,0.529,0.125,04,292
22,Millsaps,Oglethorpe,57-62,57,62,"10-12, 2-9","13-9, 7-4",02/03/19,Win,244,No Location Recorded,3:30 PM,04:42,"TURNOVER  by BLANZ,BUCK",61,71,,10,3,,,78,21,0.397,0.19,,,87,16,0.529,0.125,04,282
22,Millsaps,Oglethorpe,57-62,57,62,"10-12, 2-9","13-9, 7-4",02/03/19,Win,244,No Location Recorded,3:30 PM,04:32,,61,71,"STEAL  by FOSTER,LANE",10,3,,,78,21,0.397,0.19,,,87,16,0.529,0.125,04,272
22,Millsaps,Oglethorpe,57-62,57,62,"10-12, 2-9","13-9, 7-4",02/03/19,Win,244,No Location Recorded,3:30 PM,04:28,,61,71,"TURNOVER  by SWILLUM,DAVID",10,3,,,78,21,0.397,0.19,,,87,16,0.529,0.125,04,268
22,Millsaps,Oglethorpe,57-62,57,62,"10-12, 2-9","13-9, 7-4",02/03/19,Win,244,No Location Recorded,3:30 PM,04:03,"TURNOVER  by MANNING,JOHNATHAN",61,71,,10,3,,,78,21,0.397,0.19,,,87,16,0.529,0.125,04,243
22,Millsaps,Oglethorpe,57-62,57,62,"10-12, 2-9","13-9, 7-4",02/03/19,Win,244,No Location Recorded,3:30 PM,04:03,,61,74,GOOD 3PTR by 13,13,3,,,78,21,0.397,0.19,3ptr,good,88,17,0.534,0.176,04,243
22,Millsaps,Oglethorpe,57-62,57,62,"10-12, 2-9","13-9, 7-4",02/03/19,Win,244,No Location Recorded,3:30 PM,04:03,,61,74,"ASSIST ASSIST by ETIWE,TOJU",13,3,,,78,21,0.397,0.19,,,88,17,0.534,0.176,04,243
22,Millsaps,Oglethorpe,57-62,57,62,"10-12, 2-9","13-9, 7-4",02/03/19,Win,244,No Location Recorded,3:30 PM,03:42,"TURNOVER  by MANNING,JOHNATHAN",61,74,,13,3,,,78,21,0.397,0.19,,,88,17,0.534,0.176,03,222
22,Millsaps,Oglethorpe,57-62,57,62,"10-12, 2-9","13-9, 7-4",02/03/19,Win,244,No Location Recorded,3:30 PM,03:40,,61,74,STEAL  by 13,13,3,,,78,21,0.397,0.19,,,88,17,0.534,0.176,03,220
22,Millsaps,Oglethorpe,57-62,57,62,"10-12, 2-9","13-9, 7-4",02/03/19,Win,244,No Location Recorded,3:30 PM,03:36,,61,76,GOOD LAYUP by 13(fastbreak)(in the paint),15,3,,,78,21,0.397,0.19,layup,good,89,17,0.539,0.176,03,216
22,Millsaps,Oglethorpe,57-62,57,62,"10-12, 2-9","13-9, 7-4",02/03/19,Win,244,No Location Recorded,3:30 PM,03:36,"FOUL  by BLANZ,BUCK",61,76,,15,3,foul,,78,21,0.397,0.19,,,89,17,0.539,0.176,03,216
22,Millsaps,Oglethorpe,57-62,57,62,"10-12, 2-9","13-9, 7-4",02/03/19,Win,244,No Location Recorded,3:30 PM,03:36,,61,76,MISS FT by 13,15,3,,,78,21,0.397,0.19,ft,miss,90,17,0.533,0.176,03,216
22,Millsaps,Oglethorpe,57-62,57,62,"10-12, 2-9","13-9, 7-4",02/03/19,Win,244,No Location Recorded,3:30 PM,03:36,,61,76,"REBOUND OFF by KOCH,WILL",15,3,,,78,21,0.397,0.19,,,90,17,0.533,0.176,03,216
22,Millsaps,Oglethorpe,57-62,57,62,"10-12, 2-9","13-9, 7-4",02/03/19,Win,244,No Location Recorded,3:30 PM,03:33,,61,76,"TURNOVER  by KOCH,WILL",15,3,,,78,21,0.397,0.19,,,90,17,0.533,0.176,03,213
22,Millsaps,Oglethorpe,57-62,57,62,"10-12, 2-9","13-9, 7-4",02/03/19,Win,244,No Location Recorded,3:30 PM,03:23,"TURNOVER  by MANNING,JOHNATHAN",61,76,,15,3,,,78,21,0.397,0.19,,,90,17,0.533,0.176,03,203
22,Millsaps,Oglethorpe,57-62,57,62,"10-12, 2-9","13-9, 7-4",02/03/19,Win,244,No Location Recorded,3:30 PM,03:23,,61,76,"STEAL  by ETIWE,TOJU",15,3,,,78,21,0.397,0.19,,,90,17,0.533,0.176,03,203
22,Millsaps,Oglethorpe,57-62,57,62,"10-12, 2-9","13-9, 7-4",02/03/19,Win,244,No Location Recorded,3:30 PM,03:22,,61,76,"TURNOVER  by ETIWE,TOJU",15,3,,,78,21,0.397,0.19,,,90,17,0.533,0.176,03,202
22,Millsaps,Oglethorpe,57-62,57,62,"10-12, 2-9","13-9, 7-4",02/03/19,Win,244,No Location Recorded,3:30 PM,03:03,TURNOVER  by 24,61,76,,15,3,,,78,21,0.397,0.19,,,90,17,0.533,0.176,03,183
22,Millsaps,Oglethorpe,57-62,57,62,"10-12, 2-9","13-9, 7-4",02/03/19,Win,244,No Location Recorded,3:30 PM,02:42,,61,79,"GOOD 3PTR by FOSTER,LANE",18,3,,,78,21,0.397,0.19,3ptr,good,91,18,0.538,0.222,02,162
22,Millsaps,Oglethorpe,57-62,57,62,"10-12, 2-9","13-9, 7-4",02/03/19,Win,244,No Location Recorded,3:30 PM,02:35,TIMEOUT 30s by TEAM,61,79,,18,3,,,78,21,0.397,0.19,,,91,18,0.538,0.222,02,155
22,Millsaps,Oglethorpe,57-62,57,62,"10-12, 2-9","13-9, 7-4",02/03/19,Win,244,No Location Recorded,3:30 PM,02:22,TURNOVER  by TEAM,61,79,,18,3,,,78,21,0.397,0.19,,,91,18,0.538,0.222,02,142
22,Millsaps,Oglethorpe,57-62,57,62,"10-12, 2-9","13-9, 7-4",02/03/19,Win,244,No Location Recorded,3:30 PM,02:20,,61,79,MISS 3PTR by 13,18,3,,,78,21,0.397,0.19,3ptr,miss,92,19,0.533,0.211,02,140
22,Millsaps,Oglethorpe,57-62,57,62,"10-12, 2-9","13-9, 7-4",02/03/19,Win,244,No Location Recorded,3:30 PM,02:20,REBOUND DEF by TEAM,61,79,,18,3,,,78,21,0.397,0.19,,,92,19,0.533,0.211,02,140
22,Millsaps,Oglethorpe,57-62,57,62,"10-12, 2-9","13-9, 7-4",02/03/19,Win,244,No Location Recorded,3:30 PM,02:08,,61,79,"FOUL  by CROWE,CAMERON",18,3,,,78,21,0.397,0.19,foul,,92,19,0.533,0.211,02,128
22,Millsaps,Oglethorpe,57-62,57,62,"10-12, 2-9","13-9, 7-4",02/03/19,Win,244,No Location Recorded,3:30 PM,02:08,GOOD FT by 32,62,79,,17,3,ft,good,79,21,0.405,0.19,,,92,19,0.533,0.211,02,128
22,Millsaps,Oglethorpe,57-62,57,62,"10-12, 2-9","13-9, 7-4",02/03/19,Win,244,No Location Recorded,3:30 PM,02:08,GOOD FT by 32,63,79,,16,3,ft,good,80,21,0.412,0.19,,,92,19,0.533,0.211,02,128
22,Millsaps,Oglethorpe,57-62,57,62,"10-12, 2-9","13-9, 7-4",02/03/19,Win,244,No Location Recorded,3:30 PM,01:43,,63,81,"GOOD LAYUP by SONE,CARLOS(in the paint)",18,3,,,80,21,0.412,0.19,layup,good,93,19,0.538,0.211,01,103
22,Millsaps,Oglethorpe,57-62,57,62,"10-12, 2-9","13-9, 7-4",02/03/19,Win,244,No Location Recorded,3:30 PM,01:21,"TURNOVER  by MANNING,JOHNATHAN",63,81,,18,3,,,80,21,0.412,0.19,,,93,19,0.538,0.211,01,81
22,Millsaps,Oglethorpe,57-62,57,62,"10-12, 2-9","13-9, 7-4",02/03/19,Win,244,No Location Recorded,3:30 PM,01:20,,63,81,STEAL  by 13,18,3,,,80,21,0.412,0.19,,,93,19,0.538,0.211,01,80
22,Millsaps,Oglethorpe,57-62,57,62,"10-12, 2-9","13-9, 7-4",02/03/19,Win,244,No Location Recorded,3:30 PM,01:12,,63,81,"MISS JUMPER by SWILLUM,DAVID",18,3,,,80,21,0.412,0.19,jumper,miss,94,19,0.532,0.211,01,72
22,Millsaps,Oglethorpe,57-62,57,62,"10-12, 2-9","13-9, 7-4",02/03/19,Win,244,No Location Recorded,3:30 PM,01:12,REBOUND DEADB by TEAM,63,81,,18,3,,,80,21,0.412,0.19,,,94,19,0.532,0.211,01,72
22,Millsaps,Oglethorpe,57-62,57,62,"10-12, 2-9","13-9, 7-4",02/03/19,Win,244,No Location Recorded,3:30 PM,01:08,,63,81,"FOUL  by SONE,CARLOS",18,3,,,80,21,0.412,0.19,foul,,94,19,0.532,0.211,01,68
22,Millsaps,Oglethorpe,57-62,57,62,"10-12, 2-9","13-9, 7-4",02/03/19,Win,244,No Location Recorded,3:30 PM,01:06,"MISS 3PTR by MANNING,JOHNATHAN",63,81,,18,3,3ptr,miss,81,22,0.407,0.182,,,94,19,0.532,0.211,01,66
22,Millsaps,Oglethorpe,57-62,57,62,"10-12, 2-9","13-9, 7-4",02/03/19,Win,244,No Location Recorded,3:30 PM,01:06,,63,81,"BLOCK  by SWILLUM,DAVID",18,3,,,81,22,0.407,0.182,,,94,19,0.532,0.211,01,66
22,Millsaps,Oglethorpe,57-62,57,62,"10-12, 2-9","13-9, 7-4",02/03/19,Win,244,No Location Recorded,3:30 PM,01:06,REBOUND OFF by TEAM,63,81,,18,3,,,81,22,0.407,0.182,,,94,19,0.532,0.211,01,66
22,Millsaps,Oglethorpe,57-62,57,62,"10-12, 2-9","13-9, 7-4",02/03/19,Win,244,No Location Recorded,3:30 PM,01:04,,63,81,"FOUL  by CROWE,CAMERON",18,3,,,81,22,0.407,0.182,foul,,94,19,0.532,0.211,01,64
22,Millsaps,Oglethorpe,57-62,57,62,"10-12, 2-9","13-9, 7-4",02/03/19,Win,244,No Location Recorded,3:30 PM,00:45,GOOD FT by 24,64,81,,17,3,ft,good,82,22,0.415,0.182,,,94,19,0.532,0.211,00,45
22,Millsaps,Oglethorpe,57-62,57,62,"10-12, 2-9","13-9, 7-4",02/03/19,Win,244,No Location Recorded,3:30 PM,00:42,MISS FT by 24,64,81,,17,3,ft,miss,83,22,0.41,0.182,,,94,19,0.532,0.211,00,42
22,Millsaps,Oglethorpe,57-62,57,62,"10-12, 2-9","13-9, 7-4",02/03/19,Win,244,No Location Recorded,3:30 PM,00:42,REBOUND OFF by 32,64,81,,17,3,,,83,22,0.41,0.182,,,94,19,0.532,0.211,00,42
22,Millsaps,Oglethorpe,57-62,57,62,"10-12, 2-9","13-9, 7-4",02/03/19,Win,244,No Location Recorded,3:30 PM,00:26,MISS 3PTR by 25,64,81,,17,3,3ptr,miss,84,23,0.405,0.174,,,94,19,0.532,0.211,00,26
22,Millsaps,Oglethorpe,57-62,57,62,"10-12, 2-9","13-9, 7-4",02/03/19,Win,244,No Location Recorded,3:30 PM,00:26,,64,81,"REBOUND DEF by SONE,CARLOS",17,3,,,84,23,0.405,0.174,,,94,19,0.532,0.211,00,26
22,Millsaps,Oglethorpe,57-62,57,62,"10-12, 2-9","13-9, 7-4",02/03/19,Win,244,No Location Recorded,3:30 PM,00:17,,64,81,"MISS 3PTR by KOCH,WILL",17,3,,,84,23,0.405,0.174,3ptr,miss,95,20,0.526,0.2,00,17
22,Millsaps,Oglethorpe,57-62,57,62,"10-12, 2-9","13-9, 7-4",02/03/19,Win,244,No Location Recorded,3:30 PM,00:17,"REBOUND DEF by BLANZ,BUCK",64,81,,17,3,,,84,23,0.405,0.174,,,95,20,0.526,0.2,00,17
22,Millsaps,Oglethorpe,57-62,57,62,"10-12, 2-9","13-9, 7-4",02/03/19,Win,244,No Location Recorded,3:30 PM,09:59,TURNOVER  by 12,64,(+5),,,4,,,84,23,0.405,0.174,,,95,20,0.526,0.2,09,599
22,Millsaps,Oglethorpe,57-62,57,62,"10-12, 2-9","13-9, 7-4",02/03/19,Win,244,No Location Recorded,3:30 PM,09:56,,64,(+5),"STEAL  by SONE,CARLOS",,4,,,84,23,0.405,0.174,,,95,20,0.526,0.2,09,596
22,Millsaps,Oglethorpe,57-62,57,62,"10-12, 2-9","13-9, 7-4",02/03/19,Win,244,No Location Recorded,3:30 PM,09:42,FOUL  by 23,64,(+5),,,4,foul,,84,23,0.405,0.174,,,95,20,0.526,0.2,09,582
22,Millsaps,Oglethorpe,57-62,57,62,"10-12, 2-9","13-9, 7-4",02/03/19,Win,244,No Location Recorded,3:30 PM,09:42,,57,63,"GOOD FT by SONE,CARLOS",6,4,,,84,23,0.405,0.174,ft,good,96,20,0.531,0.2,09,582
22,Millsaps,Oglethorpe,57-62,57,62,"10-12, 2-9","13-9, 7-4",02/03/19,Win,244,No Location Recorded,3:30 PM,09:42,,57,64,"GOOD FT by SONE,CARLOS",7,4,,,84,23,0.405,0.174,ft,good,97,20,0.536,0.2,09,582
22,Millsaps,Oglethorpe,57-62,57,62,"10-12, 2-9","13-9, 7-4",02/03/19,Win,244,No Location Recorded,3:30 PM,09:37,TURNOVER  by 12,57,64,,7,4,,,84,23,0.405,0.174,,,97,20,0.536,0.2,09,577
22,Millsaps,Oglethorpe,57-62,57,62,"10-12, 2-9","13-9, 7-4",02/03/19,Win,244,No Location Recorded,3:30 PM,09:35,,57,64,"STEAL  by SWILLUM,DAVID",7,4,,,84,23,0.405,0.174,,,97,20,0.536,0.2,09,575
22,Millsaps,Oglethorpe,57-62,57,62,"10-12, 2-9","13-9, 7-4",02/03/19,Win,244,No Location Recorded,3:30 PM,09:35,FOUL  by 25,57,64,,7,4,foul,,84,23,0.405,0.174,,,97,20,0.536,0.2,09,575
22,Millsaps,Oglethorpe,57-62,57,62,"10-12, 2-9","13-9, 7-4",02/03/19,Win,244,No Location Recorded,3:30 PM,09:27,,57,64,"MISS JUMPER by SONE,CARLOS",7,4,,,84,23,0.405,0.174,jumper,miss,98,20,0.531,0.2,09,567
22,Millsaps,Oglethorpe,57-62,57,62,"10-12, 2-9","13-9, 7-4",02/03/19,Win,244,No Location Recorded,3:30 PM,09:27,REBOUND DEADB by TEAM,57,64,,7,4,,,84,23,0.405,0.174,,,98,20,0.531,0.2,09,567
22,Millsaps,Oglethorpe,57-62,57,62,"10-12, 2-9","13-9, 7-4",02/03/19,Win,244,No Location Recorded,3:30 PM,09:25,,57,64,"FOUL  by SONE,CARLOS",7,4,,,84,23,0.405,0.174,foul,,98,20,0.531,0.2,09,565
22,Millsaps,Oglethorpe,57-62,57,62,"10-12, 2-9","13-9, 7-4",02/03/19,Win,244,No Location Recorded,3:30 PM,09:16,MISS 3PTR by 32,57,64,,7,4,3ptr,miss,85,24,0.4,0.167,,,98,20,0.531,0.2,09,556
22,Millsaps,Oglethorpe,57-62,57,62,"10-12, 2-9","13-9, 7-4",02/03/19,Win,244,No Location Recorded,3:30 PM,09:16,,57,64,REBOUND DEF by 13,7,4,,,85,24,0.4,0.167,,,98,20,0.531,0.2,09,556
22,Millsaps,Oglethorpe,57-62,57,62,"10-12, 2-9","13-9, 7-4",02/03/19,Win,244,No Location Recorded,3:30 PM,08:55,,57,64,"FOUL  by SONE,CARLOS",7,4,,,85,24,0.4,0.167,foul,,98,20,0.531,0.2,08,535
22,Millsaps,Oglethorpe,57-62,57,62,"10-12, 2-9","13-9, 7-4",02/03/19,Win,244,No Location Recorded,3:30 PM,08:55,,57,64,"TURNOVER  by SONE,CARLOS",7,4,,,85,24,0.4,0.167,,,98,20,0.531,0.2,08,535
22,Millsaps,Oglethorpe,57-62,57,62,"10-12, 2-9","13-9, 7-4",02/03/19,Win,244,No Location Recorded,3:30 PM,08:55,GOOD FT by 24,58,64,,6,4,ft,good,86,24,0.407,0.167,,,98,20,0.531,0.2,08,535
22,Millsaps,Oglethorpe,57-62,57,62,"10-12, 2-9","13-9, 7-4",02/03/19,Win,244,No Location Recorded,3:30 PM,08:55,GOOD FT by 24,59,64,,5,4,ft,good,87,24,0.414,0.167,,,98,20,0.531,0.2,08,535
22,Millsaps,Oglethorpe,57-62,57,62,"10-12, 2-9","13-9, 7-4",02/03/19,Win,244,No Location Recorded,3:30 PM,08:55,,59,64,FOUL TE TECH by TEAM,5,4,,,87,24,0.414,0.167,foul,,98,20,0.531,0.2,08,535
22,Millsaps,Oglethorpe,57-62,57,62,"10-12, 2-9","13-9, 7-4",02/03/19,Win,244,No Location Recorded,3:30 PM,08:36,MISS 3PTR by 24,59,64,,5,4,3ptr,miss,88,25,0.409,0.16,,,98,20,0.531,0.2,08,516
22,Millsaps,Oglethorpe,57-62,57,62,"10-12, 2-9","13-9, 7-4",02/03/19,Win,244,No Location Recorded,3:30 PM,08:36,REBOUND OFF by 32,59,64,,5,4,,,88,25,0.409,0.16,,,98,20,0.531,0.2,08,516
22,Millsaps,Oglethorpe,57-62,57,62,"10-12, 2-9","13-9, 7-4",02/03/19,Win,244,No Location Recorded,3:30 PM,08:31,,59,64,"FOUL  by CROWE,CAMERON",5,4,,,88,25,0.409,0.16,foul,,98,20,0.531,0.2,08,511
22,Millsaps,Oglethorpe,57-62,57,62,"10-12, 2-9","13-9, 7-4",02/03/19,Win,244,No Location Recorded,3:30 PM,08:31,GOOD FT by 32,60,64,,4,4,ft,good,89,25,0.416,0.16,,,98,20,0.531,0.2,08,511
22,Millsaps,Oglethorpe,57-62,57,62,"10-12, 2-9","13-9, 7-4",02/03/19,Win,244,No Location Recorded,3:30 PM,08:31,GOOD FT by 32,61,64,,3,4,ft,good,90,25,0.422,0.16,,,98,20,0.531,0.2,08,511
22,Millsaps,Oglethorpe,57-62,57,62,"10-12, 2-9","13-9, 7-4",02/03/19,Win,244,No Location Recorded,3:30 PM,08:18,,61,64,MISS 3PTR by 13,3,4,,,90,25,0.422,0.16,3ptr,miss,99,21,0.525,0.19,08,498
22,Millsaps,Oglethorpe,57-62,57,62,"10-12, 2-9","13-9, 7-4",02/03/19,Win,244,No Location Recorded,3:30 PM,08:18,"REBOUND DEF by TULLOS,ZACHARY",61,64,,3,4,,,90,25,0.422,0.16,,,99,21,0.525,0.19,08,498
22,Millsaps,Oglethorpe,57-62,57,62,"10-12, 2-9","13-9, 7-4",02/03/19,Win,244,No Location Recorded,3:30 PM,08:12,,61,64,"FOUL  by KOCH,WILL",3,4,,,90,25,0.422,0.16,foul,,99,21,0.525,0.19,08,492
22,Millsaps,Oglethorpe,57-62,57,62,"10-12, 2-9","13-9, 7-4",02/03/19,Win,244,No Location Recorded,3:30 PM,08:10,"MISS FT by TULLOS,ZACHARY",61,64,,3,4,ft,miss,91,25,0.418,0.16,,,99,21,0.525,0.19,08,490
22,Millsaps,Oglethorpe,57-62,57,62,"10-12, 2-9","13-9, 7-4",02/03/19,Win,244,No Location Recorded,3:30 PM,08:10,REBOUND DEADB by TEAM,61,64,,3,4,,,91,25,0.418,0.16,,,99,21,0.525,0.19,08,490
22,Millsaps,Oglethorpe,57-62,57,62,"10-12, 2-9","13-9, 7-4",02/03/19,Win,244,No Location Recorded,3:30 PM,08:10,"MISS FT by TULLOS,ZACHARY",61,64,,3,4,ft,miss,92,25,0.413,0.16,,,99,21,0.525,0.19,08,490
22,Millsaps,Oglethorpe,57-62,57,62,"10-12, 2-9","13-9, 7-4",02/03/19,Win,244,No Location Recorded,3:30 PM,08:10,,61,64,"REBOUND DEF by ETIWE,TOJU",3,4,,,92,25,0.413,0.16,,,99,21,0.525,0.19,08,490
22,Millsaps,Oglethorpe,57-62,57,62,"10-12, 2-9","13-9, 7-4",02/03/19,Win,244,No Location Recorded,3:30 PM,07:49,,61,64,"MISS 3PTR by KOCH,WILL",3,4,,,92,25,0.413,0.16,3ptr,miss,100,22,0.52,0.182,07,469
22,Millsaps,Oglethorpe,57-62,57,62,"10-12, 2-9","13-9, 7-4",02/03/19,Win,244,No Location Recorded,3:30 PM,07:49,REBOUND DEF by TEAM,61,64,,3,4,,,92,25,0.413,0.16,,,100,22,0.52,0.182,07,469
22,Millsaps,Oglethorpe,57-62,57,62,"10-12, 2-9","13-9, 7-4",02/03/19,Win,244,No Location Recorded,3:30 PM,07:26,MISS 3PTR by 32,61,64,,3,4,3ptr,miss,93,26,0.409,0.154,,,100,22,0.52,0.182,07,446
22,Millsaps,Oglethorpe,57-62,57,62,"10-12, 2-9","13-9, 7-4",02/03/19,Win,244,No Location Recorded,3:30 PM,07:26,,61,64,"REBOUND DEF by CROWE,CAMERON",3,4,,,93,26,0.409,0.154,,,100,22,0.52,0.182,07,446
22,Millsaps,Oglethorpe,57-62,57,62,"10-12, 2-9","13-9, 7-4",02/03/19,Win,244,No Location Recorded,3:30 PM,07:20,"FOUL  by TULLOS,ZACHARY",61,64,,3,4,foul,,93,26,0.409,0.154,,,100,22,0.52,0.182,07,440
22,Millsaps,Oglethorpe,57-62,57,62,"10-12, 2-9","13-9, 7-4",02/03/19,Win,244,No Location Recorded,3:30 PM,07:08,FOUL  by 32,61,64,,3,4,foul,,93,26,0.409,0.154,,,100,22,0.52,0.182,07,428
22,Millsaps,Oglethorpe,57-62,57,62,"10-12, 2-9","13-9, 7-4",02/03/19,Win,244,No Location Recorded,3:30 PM,07:07,,61,65,"GOOD FT by RICE,TRE'",4,4,,,93,26,0.409,0.154,ft,good,101,22,0.525,0.182,07,427
22,Millsaps,Oglethorpe,57-62,57,62,"10-12, 2-9","13-9, 7-4",02/03/19,Win,244,No Location Recorded,3:30 PM,07:07,,61,65,"MISS FT by RICE,TRE'",4,4,,,93,26,0.409,0.154,ft,miss,102,22,0.52,0.182,07,427
22,Millsaps,Oglethorpe,57-62,57,62,"10-12, 2-9","13-9, 7-4",02/03/19,Win,244,No Location Recorded,3:30 PM,07:07,,61,65,"REBOUND OFF by CROWE,CAMERON",4,4,,,93,26,0.409,0.154,,,102,22,0.52,0.182,07,427
22,Millsaps,Oglethorpe,57-62,57,62,"10-12, 2-9","13-9, 7-4",02/03/19,Win,244,No Location Recorded,3:30 PM,07:07,,61,67,"GOOD LAYUP by CROWE,CAMERON(in the paint)",6,4,,,93,26,0.409,0.154,layup,good,103,22,0.524,0.182,07,427
22,Millsaps,Oglethorpe,57-62,57,62,"10-12, 2-9","13-9, 7-4",02/03/19,Win,244,No Location Recorded,3:30 PM,07:05,,61,67,TIMEOUT 30s by TEAM,6,4,,,93,26,0.409,0.154,,,103,22,0.524,0.182,07,425
22,Millsaps,Oglethorpe,57-62,57,62,"10-12, 2-9","13-9, 7-4",02/03/19,Win,244,No Location Recorded,3:30 PM,06:43,MISS LAYUP by 24,61,67,,6,4,layup,miss,94,26,0.404,0.154,,,103,22,0.524,0.182,06,403
22,Millsaps,Oglethorpe,57-62,57,62,"10-12, 2-9","13-9, 7-4",02/03/19,Win,244,No Location Recorded,3:30 PM,06:43,,61,67,"BLOCK  by RICE,TRE'",6,4,,,94,26,0.404,0.154,,,103,22,0.524,0.182,06,403
22,Millsaps,Oglethorpe,57-62,57,62,"10-12, 2-9","13-9, 7-4",02/03/19,Win,244,No Location Recorded,3:30 PM,06:43,,61,67,"REBOUND DEF by SWILLUM,DAVID",6,4,,,94,26,0.404,0.154,,,103,22,0.524,0.182,06,403
22,Millsaps,Oglethorpe,57-62,57,62,"10-12, 2-9","13-9, 7-4",02/03/19,Win,244,No Location Recorded,3:30 PM,06:19,,61,67,"TURNOVER  by FOSTER,LANE",6,4,,,94,26,0.404,0.154,,,103,22,0.524,0.182,06,379
22,Millsaps,Oglethorpe,57-62,57,62,"10-12, 2-9","13-9, 7-4",02/03/19,Win,244,No Location Recorded,3:30 PM,06:09,"MISS 3PTR by BLANZ,BUCK",61,67,,6,4,3ptr,miss,95,27,0.4,0.148,,,103,22,0.524,0.182,06,369
22,Millsaps,Oglethorpe,57-62,57,62,"10-12, 2-9","13-9, 7-4",02/03/19,Win,244,No Location Recorded,3:30 PM,06:09,,61,67,"REBOUND DEF by FOSTER,LANE",6,4,,,95,27,0.4,0.148,,,103,22,0.524,0.182,06,369
22,Millsaps,Oglethorpe,57-62,57,62,"10-12, 2-9","13-9, 7-4",02/03/19,Win,244,No Location Recorded,3:30 PM,05:58,,61,67,"MISS 3PTR by SWILLUM,DAVID",6,4,,,95,27,0.4,0.148,3ptr,miss,104,23,0.519,0.174,05,358
22,Millsaps,Oglethorpe,57-62,57,62,"10-12, 2-9","13-9, 7-4",02/03/19,Win,244,No Location Recorded,3:30 PM,05:58,"REBOUND DEF by BLANZ,BUCK",61,67,,6,4,,,95,27,0.4,0.148,,,104,23,0.519,0.174,05,358
22,Millsaps,Oglethorpe,57-62,57,62,"10-12, 2-9","13-9, 7-4",02/03/19,Win,244,No Location Recorded,3:30 PM,05:51,"TURNOVER  by BLANZ,BUCK",61,67,,6,4,,,95,27,0.4,0.148,,,104,23,0.519,0.174,05,351
22,Millsaps,Oglethorpe,57-62,57,62,"10-12, 2-9","13-9, 7-4",02/03/19,Win,244,No Location Recorded,3:30 PM,05:30,,61,67,"MISS JUMPER by ETIWE,TOJU",6,4,,,95,27,0.4,0.148,jumper,miss,105,23,0.514,0.174,05,330
22,Millsaps,Oglethorpe,57-62,57,62,"10-12, 2-9","13-9, 7-4",02/03/19,Win,244,No Location Recorded,3:30 PM,05:30,"REBOUND DEF by BLANZ,BUCK",61,67,,6,4,,,95,27,0.4,0.148,,,105,23,0.514,0.174,05,330
22,Millsaps,Oglethorpe,57-62,57,62,"10-12, 2-9","13-9, 7-4",02/03/19,Win,244,No Location Recorded,3:30 PM,05:25,GOOD LAYUP by 32(fastbreak)(in the paint),63,67,,4,4,layup,good,96,27,0.406,0.148,,,105,23,0.514,0.174,05,325
22,Millsaps,Oglethorpe,57-62,57,62,"10-12, 2-9","13-9, 7-4",02/03/19,Win,244,No Location Recorded,3:30 PM,05:25,"ASSIST ASSIST by BLANZ,BUCK",63,67,,4,4,,,96,27,0.406,0.148,,,105,23,0.514,0.174,05,325
22,Millsaps,Oglethorpe,57-62,57,62,"10-12, 2-9","13-9, 7-4",02/03/19,Win,244,No Location Recorded,3:30 PM,05:05,,63,67,"MISS 3PTR by FOSTER,LANE",4,4,,,96,27,0.406,0.148,3ptr,miss,106,24,0.509,0.167,05,305
22,Millsaps,Oglethorpe,57-62,57,62,"10-12, 2-9","13-9, 7-4",02/03/19,Win,244,No Location Recorded,3:30 PM,05:05,REBOUND DEF by 24,63,67,,4,4,,,96,27,0.406,0.148,,,106,24,0.509,0.167,05,305
22,Millsaps,Oglethorpe,57-62,57,62,"10-12, 2-9","13-9, 7-4",02/03/19,Win,244,No Location Recorded,3:30 PM,04:56,"GOOD LAYUP by BLANZ,BUCK(fastbreak)(in the paint)",65,67,,2,4,layup,good,97,27,0.412,0.148,,,106,24,0.509,0.167,04,296
22,Millsaps,Oglethorpe,57-62,57,62,"10-12, 2-9","13-9, 7-4",02/03/19,Win,244,No Location Recorded,3:30 PM,04:56,ASSIST ASSIST by 24,65,67,,2,4,,,97,27,0.412,0.148,,,106,24,0.509,0.167,04,296
22,Millsaps,Oglethorpe,57-62,57,62,"10-12, 2-9","13-9, 7-4",02/03/19,Win,244,No Location Recorded,3:30 PM,04:52,,65,67,TIMEOUT 30s by TEAM,2,4,,,97,27,0.412,0.148,,,106,24,0.509,0.167,04,292
22,Millsaps,Oglethorpe,57-62,57,62,"10-12, 2-9","13-9, 7-4",02/03/19,Win,244,No Location Recorded,3:30 PM,04:32,,65,67,MISS 3PTR by 13,2,4,,,97,27,0.412,0.148,3ptr,miss,107,25,0.505,0.16,04,272
22,Millsaps,Oglethorpe,57-62,57,62,"10-12, 2-9","13-9, 7-4",02/03/19,Win,244,No Location Recorded,3:30 PM,04:32,,65,67,"REBOUND OFF by KOCH,WILL",2,4,,,97,27,0.412,0.148,,,107,25,0.505,0.16,04,272
22,Millsaps,Oglethorpe,57-62,57,62,"10-12, 2-9","13-9, 7-4",02/03/19,Win,244,No Location Recorded,3:30 PM,04:26,,65,67,"MISS LAYUP by KOCH,WILL",2,4,,,97,27,0.412,0.148,layup,miss,108,25,0.5,0.16,04,266
22,Millsaps,Oglethorpe,57-62,57,62,"10-12, 2-9","13-9, 7-4",02/03/19,Win,244,No Location Recorded,3:30 PM,04:26,"BLOCK  by BLANZ,BUCK",65,67,,2,4,,,97,27,0.412,0.148,,,108,25,0.5,0.16,04,266
22,Millsaps,Oglethorpe,57-62,57,62,"10-12, 2-9","13-9, 7-4",02/03/19,Win,244,No Location Recorded,3:30 PM,04:26,"REBOUND DEF by BLANZ,BUCK",65,67,,2,4,,,97,27,0.412,0.148,,,108,25,0.5,0.16,04,266
22,Millsaps,Oglethorpe,57-62,57,62,"10-12, 2-9","13-9, 7-4",02/03/19,Win,244,No Location Recorded,3:30 PM,04:21,,65,67,"FOUL  by ETIWE,TOJU",2,4,,,97,27,0.412,0.148,foul,,108,25,0.5,0.16,04,261
22,Millsaps,Oglethorpe,57-62,57,62,"10-12, 2-9","13-9, 7-4",02/03/19,Win,244,No Location Recorded,3:30 PM,04:21,"MISS FT by BLANZ,BUCK",65,67,,2,4,ft,miss,98,27,0.408,0.148,,,108,25,0.5,0.16,04,261
22,Millsaps,Oglethorpe,57-62,57,62,"10-12, 2-9","13-9, 7-4",02/03/19,Win,244,No Location Recorded,3:30 PM,04:21,REBOUND DEADB by TEAM,65,67,,2,4,,,98,27,0.408,0.148,,,108,25,0.5,0.16,04,261
22,Millsaps,Oglethorpe,57-62,57,62,"10-12, 2-9","13-9, 7-4",02/03/19,Win,244,No Location Recorded,3:30 PM,04:21,"GOOD FT by BLANZ,BUCK",66,67,,1,4,ft,good,99,27,0.414,0.148,,,108,25,0.5,0.16,04,261
22,Millsaps,Oglethorpe,57-62,57,62,"10-12, 2-9","13-9, 7-4",02/03/19,Win,244,No Location Recorded,3:30 PM,03:57,,66,67,"MISS LAYUP by ETIWE,TOJU",1,4,,,99,27,0.414,0.148,layup,miss,109,25,0.495,0.16,03,237
22,Millsaps,Oglethorpe,57-62,57,62,"10-12, 2-9","13-9, 7-4",02/03/19,Win,244,No Location Recorded,3:30 PM,03:57,REBOUND DEF by 32,66,67,,1,4,,,99,27,0.414,0.148,,,109,25,0.495,0.16,03,237
22,Millsaps,Oglethorpe,57-62,57,62,"10-12, 2-9","13-9, 7-4",02/03/19,Win,244,No Location Recorded,3:30 PM,03:53,TURNOVER  by 32,66,67,,1,4,,,99,27,0.414,0.148,,,109,25,0.495,0.16,03,233
22,Millsaps,Oglethorpe,57-62,57,62,"10-12, 2-9","13-9, 7-4",02/03/19,Win,244,No Location Recorded,3:30 PM,03:51,,66,67,"STEAL  by SONE,CARLOS",1,4,,,99,27,0.414,0.148,,,109,25,0.495,0.16,03,231
22,Millsaps,Oglethorpe,57-62,57,62,"10-12, 2-9","13-9, 7-4",02/03/19,Win,244,No Location Recorded,3:30 PM,03:35,,66,67,"MISS 3PTR by FOSTER,LANE",1,4,,,99,27,0.414,0.148,3ptr,miss,110,26,0.491,0.154,03,215
22,Millsaps,Oglethorpe,57-62,57,62,"10-12, 2-9","13-9, 7-4",02/03/19,Win,244,No Location Recorded,3:30 PM,03:35,,66,67,"REBOUND OFF by SONE,CARLOS",1,4,,,99,27,0.414,0.148,,,110,26,0.491,0.154,03,215
22,Millsaps,Oglethorpe,57-62,57,62,"10-12, 2-9","13-9, 7-4",02/03/19,Win,244,No Location Recorded,3:30 PM,03:13,,66,67,"MISS LAYUP by SWILLUM,DAVID",1,4,,,99,27,0.414,0.148,layup,miss,111,26,0.486,0.154,03,193
22,Millsaps,Oglethorpe,57-62,57,62,"10-12, 2-9","13-9, 7-4",02/03/19,Win,244,No Location Recorded,3:30 PM,03:13,"REBOUND DEF by TULLOS,ZACHARY",66,67,,1,4,,,99,27,0.414,0.148,,,111,26,0.486,0.154,03,193
22,Millsaps,Oglethorpe,57-62,57,62,"10-12, 2-9","13-9, 7-4",02/03/19,Win,244,No Location Recorded,3:30 PM,02:42,GOOD LAYUP by 23(in the paint),68,67,,-1,4,layup,good,100,27,0.42,0.148,,,111,26,0.486,0.154,02,162
22,Millsaps,Oglethorpe,57-62,57,62,"10-12, 2-9","13-9, 7-4",02/03/19,Win,244,No Location Recorded,3:30 PM,02:21,"FOUL  by TULLOS,ZACHARY",68,67,,-1,4,foul,,100,27,0.42,0.148,,,111,26,0.486,0.154,02,141
22,Millsaps,Oglethorpe,57-62,57,62,"10-12, 2-9","13-9, 7-4",02/03/19,Win,244,No Location Recorded,3:30 PM,02:21,,68,68,"GOOD FT by KOCH,WILL",0,4,,,100,27,0.42,0.148,ft,good,112,26,0.491,0.154,02,141
22,Millsaps,Oglethorpe,57-62,57,62,"10-12, 2-9","13-9, 7-4",02/03/19,Win,244,No Location Recorded,3:30 PM,02:21,,68,(+1),"MISS FT by KOCH,WILL",,4,,,100,27,0.42,0.148,ft,miss,113,26,0.487,0.154,02,141
22,Millsaps,Oglethorpe,57-62,57,62,"10-12, 2-9","13-9, 7-4",02/03/19,Win,244,No Location Recorded,3:30 PM,02:21,"REBOUND DEF by MANNING,JOHNATHAN",68,(+1),,,4,,,100,27,0.42,0.148,,,113,26,0.487,0.154,02,141
22,Millsaps,Oglethorpe,57-62,57,62,"10-12, 2-9","13-9, 7-4",02/03/19,Win,244,No Location Recorded,3:30 PM,02:09,,68,(+1),"FOUL  by KOCH,WILL",,4,,,100,27,0.42,0.148,foul,,113,26,0.487,0.154,02,129
22,Millsaps,Oglethorpe,57-62,57,62,"10-12, 2-9","13-9, 7-4",02/03/19,Win,244,No Location Recorded,3:30 PM,02:09,"GOOD FT by MANNING,JOHNATHAN",69,69,,0,4,ft,good,101,27,0.426,0.148,,,113,26,0.487,0.154,02,129
22,Millsaps,Oglethorpe,57-62,57,62,"10-12, 2-9","13-9, 7-4",02/03/19,Win,244,No Location Recorded,3:30 PM,02:09,"GOOD FT by MANNING,JOHNATHAN",70,69,,-1,4,ft,good,102,27,0.431,0.148,,,113,26,0.487,0.154,02,129
22,Millsaps,Oglethorpe,57-62,57,62,"10-12, 2-9","13-9, 7-4",02/03/19,Win,244,No Location Recorded,3:30 PM,01:50,,70,69,MISS 3PTR by 13,-1,4,,,102,27,0.431,0.148,3ptr,miss,114,27,0.482,0.148,01,110
22,Millsaps,Oglethorpe,57-62,57,62,"10-12, 2-9","13-9, 7-4",02/03/19,Win,244,No Location Recorded,3:30 PM,01:50,,70,69,"REBOUND OFF by SWILLUM,DAVID",-1,4,,,102,27,0.431,0.148,,,114,27,0.482,0.148,01,110
22,Millsaps,Oglethorpe,57-62,57,62,"10-12, 2-9","13-9, 7-4",02/03/19,Win,244,No Location Recorded,3:30 PM,01:23,,70,69,MISS JUMPER by 13,-1,4,,,102,27,0.431,0.148,jumper,miss,115,27,0.478,0.148,01,83
22,Millsaps,Oglethorpe,57-62,57,62,"10-12, 2-9","13-9, 7-4",02/03/19,Win,244,No Location Recorded,3:30 PM,01:23,"REBOUND DEF by BLANZ,BUCK",70,69,,-1,4,,,102,27,0.431,0.148,,,115,27,0.478,0.148,01,83
22,Millsaps,Oglethorpe,57-62,57,62,"10-12, 2-9","13-9, 7-4",02/03/19,Win,244,No Location Recorded,3:30 PM,01:06,"GOOD 3PTR by MANNING,JOHNATHAN",73,69,,-4,4,3ptr,good,103,28,0.437,0.179,,,115,27,0.478,0.148,01,66
22,Millsaps,Oglethorpe,57-62,57,62,"10-12, 2-9","13-9, 7-4",02/03/19,Win,244,No Location Recorded,3:30 PM,01:06,ASSIST ASSIST by 24,73,69,,-4,4,,,103,28,0.437,0.179,,,115,27,0.478,0.148,01,66
22,Millsaps,Oglethorpe,57-62,57,62,"10-12, 2-9","13-9, 7-4",02/03/19,Win,244,No Location Recorded,3:30 PM,00:59,,73,69,TIMEOUT 30s by TEAM,-4,4,,,103,28,0.437,0.179,,,115,27,0.478,0.148,00,59
22,Millsaps,Oglethorpe,57-62,57,62,"10-12, 2-9","13-9, 7-4",02/03/19,Win,244,No Location Recorded,3:30 PM,00:44,,73,69,"MISS 3PTR by FOSTER,LANE",-4,4,,,103,28,0.437,0.179,3ptr,miss,116,28,0.474,0.143,00,44
22,Millsaps,Oglethorpe,57-62,57,62,"10-12, 2-9","13-9, 7-4",02/03/19,Win,244,No Location Recorded,3:30 PM,00:44,"REBOUND DEF by TULLOS,ZACHARY",73,69,,-4,4,,,103,28,0.437,0.179,,,116,28,0.474,0.143,00,44
22,Millsaps,Oglethorpe,57-62,57,62,"10-12, 2-9","13-9, 7-4",02/03/19,Win,244,No Location Recorded,3:30 PM,00:38,TIMEOUT 30s by TEAM,73,69,,-4,4,,,103,28,0.437,0.179,,,116,28,0.474,0.143,00,38
22,Millsaps,Oglethorpe,57-62,57,62,"10-12, 2-9","13-9, 7-4",02/03/19,Win,244,No Location Recorded,3:30 PM,00:38,,73,69,FOUL  by 13,-4,4,,,103,28,0.437,0.179,foul,,116,28,0.474,0.143,00,38
22,Millsaps,Oglethorpe,57-62,57,62,"10-12, 2-9","13-9, 7-4",02/03/19,Win,244,No Location Recorded,3:30 PM,00:38,"GOOD FT by BLANZ,BUCK",74,69,,-5,4,ft,good,104,28,0.442,0.179,,,116,28,0.474,0.143,00,38
22,Millsaps,Oglethorpe,57-62,57,62,"10-12, 2-9","13-9, 7-4",02/03/19,Win,244,No Location Recorded,3:30 PM,00:37,"GOOD FT by BLANZ,BUCK",75,69,,-6,4,ft,good,105,28,0.448,0.179,,,116,28,0.474,0.143,00,37
22,Millsaps,Oglethorpe,57-62,57,62,"10-12, 2-9","13-9, 7-4",02/03/19,Win,244,No Location Recorded,3:30 PM,00:29,,75,72,"GOOD 3PTR by SWILLUM,DAVID",-3,4,,,105,28,0.448,0.179,3ptr,good,117,29,0.479,0.172,00,29
22,Millsaps,Oglethorpe,57-62,57,62,"10-12, 2-9","13-9, 7-4",02/03/19,Win,244,No Location Recorded,3:30 PM,00:29,,75,72,"ASSIST ASSIST by ETIWE,TOJU",-3,4,,,105,28,0.448,0.179,,,117,29,0.479,0.172,00,29
22,Millsaps,Oglethorpe,57-62,57,62,"10-12, 2-9","13-9, 7-4",02/03/19,Win,244,No Location Recorded,3:30 PM,00:24,,75,72,TIMEOUT FULL by TEAM,-3,4,,,105,28,0.448,0.179,,,117,29,0.479,0.172,00,24
22,Millsaps,Oglethorpe,57-62,57,62,"10-12, 2-9","13-9, 7-4",02/03/19,Win,244,No Location Recorded,3:30 PM,00:17,,75,72,FOUL  by 13,-3,4,,,105,28,0.448,0.179,foul,,117,29,0.479,0.172,00,17
22,Millsaps,Oglethorpe,57-62,57,62,"10-12, 2-9","13-9, 7-4",02/03/19,Win,244,No Location Recorded,3:30 PM,00:17,"MISS FT by BLANZ,BUCK",75,72,,-3,4,ft,miss,106,28,0.443,0.179,,,117,29,0.479,0.172,00,17
22,Millsaps,Oglethorpe,57-62,57,62,"10-12, 2-9","13-9, 7-4",02/03/19,Win,244,No Location Recorded,3:30 PM,00:17,REBOUND DEADB by TEAM,75,72,,-3,4,,,106,28,0.443,0.179,,,117,29,0.479,0.172,00,17
22,Millsaps,Oglethorpe,57-62,57,62,"10-12, 2-9","13-9, 7-4",02/03/19,Win,244,No Location Recorded,3:30 PM,00:17,"MISS FT by BLANZ,BUCK",75,72,,-3,4,ft,miss,107,28,0.439,0.179,,,117,29,0.479,0.172,00,17
22,Millsaps,Oglethorpe,57-62,57,62,"10-12, 2-9","13-9, 7-4",02/03/19,Win,244,No Location Recorded,3:30 PM,00:17,REBOUND OFF by 25,75,72,,-3,4,,,107,28,0.439,0.179,,,117,29,0.479,0.172,00,17
22,Millsaps,Oglethorpe,57-62,57,62,"10-12, 2-9","13-9, 7-4",02/03/19,Win,244,No Location Recorded,3:30 PM,00:14,,75,72,FOUL  by 13,-3,4,,,107,28,0.439,0.179,foul,,117,29,0.479,0.172,00,14
22,Millsaps,Oglethorpe,57-62,57,62,"10-12, 2-9","13-9, 7-4",02/03/19,Win,244,No Location Recorded,3:30 PM,00:14,GOOD FT by 24,76,72,,-4,4,ft,good,108,28,0.444,0.179,,,117,29,0.479,0.172,00,14
22,Millsaps,Oglethorpe,57-62,57,62,"10-12, 2-9","13-9, 7-4",02/03/19,Win,244,No Location Recorded,3:30 PM,00:14,GOOD FT by 24,77,72,,-5,4,ft,good,109,28,0.45,0.179,,,117,29,0.479,0.172,00,14
22,Millsaps,Oglethorpe,57-62,57,62,"10-12, 2-9","13-9, 7-4",02/03/19,Win,244,No Location Recorded,3:30 PM,00:14,,77,72,TIMEOUT FULL by TEAM,-5,4,,,109,28,0.45,0.179,,,117,29,0.479,0.172,00,14
22,Millsaps,Oglethorpe,57-62,57,62,"10-12, 2-9","13-9, 7-4",02/03/19,Win,244,No Location Recorded,3:30 PM,00:02,,77,72,"MISS 3PTR by KOCH,WILL",-5,4,,,109,28,0.45,0.179,3ptr,miss,118,30,0.475,0.167,00,2
22,Millsaps,Oglethorpe,57-62,57,62,"10-12, 2-9","13-9, 7-4",02/03/19,Win,244,No Location Recorded,3:30 PM,00:02,,77,72,REBOUND OFF by 13,-5,4,,,109,28,0.45,0.179,,,118,30,0.475,0.167,00,2
22,Millsaps,Oglethorpe,57-62,57,62,"10-12, 2-9","13-9, 7-4",02/03/19,Win,244,No Location Recorded,3:30 PM,00:00,FOUL  by 25,77,72,,-5,4,foul,,109,28,0.45,0.179,,,118,30,0.475,0.167,00,0
22,Millsaps,Oglethorpe,57-62,57,62,"10-12, 2-9","13-9, 7-4",02/03/19,Win,244,No Location Recorded,3:30 PM,00:00,,77,73,GOOD FT by 13,-4,4,,,109,28,0.45,0.179,ft,good,119,30,0.479,0.167,00,0
22,Millsaps,Oglethorpe,57-62,57,62,"10-12, 2-9","13-9, 7-4",02/03/19,Win,244,No Location Recorded,3:30 PM,00:00,,77,73,MISS FT by 13,-4,4,,,109,28,0.45,0.179,ft,miss,120,30,0.475,0.167,00,0
22,Millsaps,Oglethorpe,57-62,57,62,"10-12, 2-9","13-9, 7-4",02/03/19,Win,244,No Location Recorded,3:30 PM,00:00,,77,73,REBOUND OFF by 13,-4,4,,,109,28,0.45,0.179,,,120,30,0.475,0.167,00,0
