,gameID,homeTeam,awayTeam,saaGame,finalScore,homeScoreByPeriod,awayScoreByPeriod,homeRecord,awayRecord,homeConfRecord,awayConfRecord,gameDate,startTime,gameLength,gameLocation,homeWin,numPeriods,isOvertime,attendance,isNeutral,timeRemaining,awayPlay,awayTeamScore,playTeamIndicator,homeTeamScore,homePlay,gameScore,teamIndicator,Play,Period,playType,shotOutcome,Team,Player,pointsEarned,awayLineup,homeLineup,timeSeconds
0,0864,Rhodes,Berry,1,102-114,"59,55","54,48",7-6; 1-1 SAA,5-8; 0-2 SAA,N/A,N/A,01/05/18,8:00 PM,N/A,"Memphis, Tenn.",Win,2,False,127,False,19:56,"MISS LAYUP by ATKINSON,QUINN",,,,,,,"MISS LAYUP by ATKINSON,QUINN",1,layup,missed,berry,"atkinson,quinn",,"['johnson,caleb', 'hirsh,elijah', 'atkinson,quinn', 'mccloud,alton', 'marder,nick']","['berry,bryce', 'darst,daniel', 'love,kerry', 'ashby,kendrick', 'de,nick']",1196
1,0864,Rhodes,Berry,1,102-114,"59,55","54,48",7-6; 1-1 SAA,5-8; 0-2 SAA,N/A,N/A,01/05/18,8:00 PM,N/A,"Memphis, Tenn.",Win,2,False,127,False,--,"REBOUND OFF by MARDER,NICK",,,,,,,"REBOUND OFF by MARDER,NICK",1,offensive rebound,,berry,"marder,nick",,"['johnson,caleb', 'hirsh,elijah', 'atkinson,quinn', 'mccloud,alton', 'marder,nick']","['berry,bryce', 'darst,daniel', 'love,kerry', 'ashby,kendrick', 'de,nick']",
2,0864,Rhodes,Berry,1,102-114,"59,55","54,48",7-6; 1-1 SAA,5-8; 0-2 SAA,N/A,N/A,01/05/18,8:00 PM,N/A,"Memphis, Tenn.",Win,2,False,127,False,19:52,"GOOD LAYUP by MARDER,NICK(in the paint)",2 ,,0,,BCM 2-0 (+2),,"GOOD LAYUP by MARDER,NICK(in the paint)",1,layup,good,berry,"marder,nick",2,"['johnson,caleb', 'hirsh,elijah', 'atkinson,quinn', 'mccloud,alton', 'marder,nick']","['berry,bryce', 'darst,daniel', 'love,kerry', 'ashby,kendrick', 'de,nick']",1192
3,0864,Rhodes,Berry,1,102-114,"59,55","54,48",7-6; 1-1 SAA,5-8; 0-2 SAA,N/A,N/A,01/05/18,8:00 PM,N/A,"Memphis, Tenn.",Win,2,False,127,False,19:31,,2 ,,0,"MISS LAYUP by DARST,DANIEL",,,"MISS LAYUP by DARST,DANIEL",1,layup,missed,rhodes,"darst,daniel",,"['johnson,caleb', 'hirsh,elijah', 'atkinson,quinn', 'mccloud,alton', 'marder,nick']","['berry,bryce', 'darst,daniel', 'love,kerry', 'ashby,kendrick', 'de,nick']",1171
4,0864,Rhodes,Berry,1,102-114,"59,55","54,48",7-6; 1-1 SAA,5-8; 0-2 SAA,N/A,N/A,01/05/18,8:00 PM,N/A,"Memphis, Tenn.",Win,2,False,127,False,--,"REBOUND DEF by ATKINSON,QUINN",2 ,,0,,,,"REBOUND DEF by ATKINSON,QUINN",1,defensive rebound,,berry,"atkinson,quinn",,"['johnson,caleb', 'hirsh,elijah', 'atkinson,quinn', 'mccloud,alton', 'marder,nick']","['berry,bryce', 'darst,daniel', 'love,kerry', 'ashby,kendrick', 'de,nick']",
5,0864,Rhodes,Berry,1,102-114,"59,55","54,48",7-6; 1-1 SAA,5-8; 0-2 SAA,N/A,N/A,01/05/18,8:00 PM,N/A,"Memphis, Tenn.",Win,2,False,127,False,19:18,,2 ,,0,"FOUL  by DARST,DANIEL",,,"FOUL  by DARST,DANIEL",1,foul,,rhodes,"darst,daniel",,"['johnson,caleb', 'hirsh,elijah', 'atkinson,quinn', 'mccloud,alton', 'marder,nick']","['berry,bryce', 'darst,daniel', 'love,kerry', 'ashby,kendrick', 'de,nick']",1158
6,0864,Rhodes,Berry,1,102-114,"59,55","54,48",7-6; 1-1 SAA,5-8; 0-2 SAA,N/A,N/A,01/05/18,8:00 PM,N/A,"Memphis, Tenn.",Win,2,False,127,False,19:18,"GOOD FT by JOHNSON,CALEB",3 ,,0,,BCM 3-0 (+3),,"GOOD FT by JOHNSON,CALEB",1,free throw,good,berry,"johnson,caleb",1,"['johnson,caleb', 'hirsh,elijah', 'atkinson,quinn', 'mccloud,alton', 'marder,nick']","['berry,bryce', 'darst,daniel', 'love,kerry', 'ashby,kendrick', 'de,nick']",1158
7,0864,Rhodes,Berry,1,102-114,"59,55","54,48",7-6; 1-1 SAA,5-8; 0-2 SAA,N/A,N/A,01/05/18,8:00 PM,N/A,"Memphis, Tenn.",Win,2,False,127,False,19:18,"GOOD FT by JOHNSON,CALEB",4 ,,0,,BCM 4-0 (+4),,"GOOD FT by JOHNSON,CALEB",1,free throw,good,berry,"johnson,caleb",1,"['johnson,caleb', 'hirsh,elijah', 'atkinson,quinn', 'mccloud,alton', 'marder,nick']","['berry,bryce', 'darst,daniel', 'love,kerry', 'ashby,kendrick', 'de,nick']",1158
8,0864,Rhodes,Berry,1,102-114,"59,55","54,48",7-6; 1-1 SAA,5-8; 0-2 SAA,N/A,N/A,01/05/18,8:00 PM,N/A,"Memphis, Tenn.",Win,2,False,127,False,19:18,,4 ,,0,"SUB IN by GALVIN,OWEN",,,"SUB IN by GALVIN,OWEN",1,subbing in,,rhodes,"galvin,owen",,"['johnson,caleb', 'hirsh,elijah', 'atkinson,quinn', 'mccloud,alton', 'marder,nick']","['berry,bryce', 'darst,daniel', 'love,kerry', 'ashby,kendrick', 'de,nick', 'galvin,owen']",1158
9,0864,Rhodes,Berry,1,102-114,"59,55","54,48",7-6; 1-1 SAA,5-8; 0-2 SAA,N/A,N/A,01/05/18,8:00 PM,N/A,"Memphis, Tenn.",Win,2,False,127,False,19:18,,4 ,,0,"SUB IN by MCINTYRE,WILLIAM",,,"SUB IN by MCINTYRE,WILLIAM",1,subbing in,,rhodes,"mcintyre,william",,"['johnson,caleb', 'hirsh,elijah', 'atkinson,quinn', 'mccloud,alton', 'marder,nick']","['berry,bryce', 'darst,daniel', 'love,kerry', 'ashby,kendrick', 'de,nick', 'galvin,owen', 'mcintyre,william']",1158
10,0864,Rhodes,Berry,1,102-114,"59,55","54,48",7-6; 1-1 SAA,5-8; 0-2 SAA,N/A,N/A,01/05/18,8:00 PM,N/A,"Memphis, Tenn.",Win,2,False,127,False,19:18,,4 ,,0,"SUB IN by NESTLEHUTT,JAKE",,,"SUB IN by NESTLEHUTT,JAKE",1,subbing in,,rhodes,"nestlehutt,jake",,"['johnson,caleb', 'hirsh,elijah', 'atkinson,quinn', 'mccloud,alton', 'marder,nick']","['berry,bryce', 'darst,daniel', 'love,kerry', 'ashby,kendrick', 'de,nick', 'galvin,owen', 'mcintyre,william', 'nestlehutt,jake']",1158
11,0864,Rhodes,Berry,1,102-114,"59,55","54,48",7-6; 1-1 SAA,5-8; 0-2 SAA,N/A,N/A,01/05/18,8:00 PM,N/A,"Memphis, Tenn.",Win,2,False,127,False,19:18,,4 ,,0,"SUB IN by NYAWATA,ANESU",,,"SUB IN by NYAWATA,ANESU",1,subbing in,,rhodes,"nyawata,anesu",,"['johnson,caleb', 'hirsh,elijah', 'atkinson,quinn', 'mccloud,alton', 'marder,nick']","['berry,bryce', 'darst,daniel', 'love,kerry', 'ashby,kendrick', 'de,nick', 'galvin,owen', 'mcintyre,william', 'nestlehutt,jake', 'nyawata,anesu']",1158
12,0864,Rhodes,Berry,1,102-114,"59,55","54,48",7-6; 1-1 SAA,5-8; 0-2 SAA,N/A,N/A,01/05/18,8:00 PM,N/A,"Memphis, Tenn.",Win,2,False,127,False,19:18,,4 ,,0,"SUB IN by DALTON,PRICE",,,"SUB IN by DALTON,PRICE",1,subbing in,,rhodes,"dalton,price",,"['johnson,caleb', 'hirsh,elijah', 'atkinson,quinn', 'mccloud,alton', 'marder,nick']","['berry,bryce', 'darst,daniel', 'love,kerry', 'ashby,kendrick', 'de,nick', 'galvin,owen', 'mcintyre,william', 'nestlehutt,jake', 'nyawata,anesu', 'dalton,price']",1158
13,0864,Rhodes,Berry,1,102-114,"59,55","54,48",7-6; 1-1 SAA,5-8; 0-2 SAA,N/A,N/A,01/05/18,8:00 PM,N/A,"Memphis, Tenn.",Win,2,False,127,False,19:18,,4 ,,0,"SUB OUT by LOVE,KERRY",,,"SUB OUT by LOVE,KERRY",1,subbing out,,rhodes,"love,kerry",,"['johnson,caleb', 'hirsh,elijah', 'atkinson,quinn', 'mccloud,alton', 'marder,nick']","['berry,bryce', 'darst,daniel', 'ashby,kendrick', 'de,nick', 'galvin,owen', 'mcintyre,william', 'nestlehutt,jake', 'nyawata,anesu', 'dalton,price']",1158
14,0864,Rhodes,Berry,1,102-114,"59,55","54,48",7-6; 1-1 SAA,5-8; 0-2 SAA,N/A,N/A,01/05/18,8:00 PM,N/A,"Memphis, Tenn.",Win,2,False,127,False,19:18,,4 ,,0,"SUB OUT by ASHBY,KENDRICK",,,"SUB OUT by ASHBY,KENDRICK",1,subbing out,,rhodes,"ashby,kendrick",,"['johnson,caleb', 'hirsh,elijah', 'atkinson,quinn', 'mccloud,alton', 'marder,nick']","['berry,bryce', 'darst,daniel', 'de,nick', 'galvin,owen', 'mcintyre,william', 'nestlehutt,jake', 'nyawata,anesu', 'dalton,price']",1158
15,0864,Rhodes,Berry,1,102-114,"59,55","54,48",7-6; 1-1 SAA,5-8; 0-2 SAA,N/A,N/A,01/05/18,8:00 PM,N/A,"Memphis, Tenn.",Win,2,False,127,False,19:18,,4 ,,0,"SUB OUT by FERIA,NICK DE",,,"SUB OUT by FERIA,NICK DE",1,subbing out,,rhodes,"feria,nick de",,"['johnson,caleb', 'hirsh,elijah', 'atkinson,quinn', 'mccloud,alton', 'marder,nick']","['berry,bryce', 'darst,daniel', 'de,nick', 'galvin,owen', 'mcintyre,william', 'nestlehutt,jake', 'nyawata,anesu', 'dalton,price']",1158
16,0864,Rhodes,Berry,1,102-114,"59,55","54,48",7-6; 1-1 SAA,5-8; 0-2 SAA,N/A,N/A,01/05/18,8:00 PM,N/A,"Memphis, Tenn.",Win,2,False,127,False,19:18,,4 ,,0,"SUB OUT by DARST,DANIEL",,,"SUB OUT by DARST,DANIEL",1,subbing out,,rhodes,"darst,daniel",,"['johnson,caleb', 'hirsh,elijah', 'atkinson,quinn', 'mccloud,alton', 'marder,nick']","['berry,bryce', 'darst,daniel', 'de,nick', 'galvin,owen', 'mcintyre,william', 'nestlehutt,jake', 'nyawata,anesu', 'dalton,price']",1158
17,0864,Rhodes,Berry,1,102-114,"59,55","54,48",7-6; 1-1 SAA,5-8; 0-2 SAA,N/A,N/A,01/05/18,8:00 PM,N/A,"Memphis, Tenn.",Win,2,False,127,False,19:18,,4 ,,0,"SUB OUT by BERRY,BRYCE",,,"SUB OUT by BERRY,BRYCE",1,subbing out,,rhodes,"berry,bryce",,"['johnson,caleb', 'hirsh,elijah', 'atkinson,quinn', 'mccloud,alton', 'marder,nick']","['darst,daniel', 'de,nick', 'galvin,owen', 'mcintyre,william', 'nestlehutt,jake', 'nyawata,anesu', 'dalton,price']",1158
18,0864,Rhodes,Berry,1,102-114,"59,55","54,48",7-6; 1-1 SAA,5-8; 0-2 SAA,N/A,N/A,01/05/18,8:00 PM,N/A,"Memphis, Tenn.",Win,2,False,127,False,19:09,,4 ,,0,"MISS JUMPER by DALTON,PRICE",,,"MISS JUMPER by DALTON,PRICE",1,jumper,missed,rhodes,"dalton,price",,"['johnson,caleb', 'hirsh,elijah', 'atkinson,quinn', 'mccloud,alton', 'marder,nick']","['darst,daniel', 'de,nick', 'galvin,owen', 'mcintyre,william', 'nestlehutt,jake', 'nyawata,anesu', 'dalton,price']",1149
19,0864,Rhodes,Berry,1,102-114,"59,55","54,48",7-6; 1-1 SAA,5-8; 0-2 SAA,N/A,N/A,01/05/18,8:00 PM,N/A,"Memphis, Tenn.",Win,2,False,127,False,--,"REBOUND DEF by ATKINSON,QUINN",4 ,,0,,,,"REBOUND DEF by ATKINSON,QUINN",1,defensive rebound,,berry,"atkinson,quinn",,"['johnson,caleb', 'hirsh,elijah', 'atkinson,quinn', 'mccloud,alton', 'marder,nick']","['darst,daniel', 'de,nick', 'galvin,owen', 'mcintyre,william', 'nestlehutt,jake', 'nyawata,anesu', 'dalton,price']",
20,0864,Rhodes,Berry,1,102-114,"59,55","54,48",7-6; 1-1 SAA,5-8; 0-2 SAA,N/A,N/A,01/05/18,8:00 PM,N/A,"Memphis, Tenn.",Win,2,False,127,False,18:58,"GOOD LAYUP by HIRSH,ELIJAH(fastbreak)(in the paint)",6 ,,0,,BCM 6-0 (+6),,"GOOD LAYUP by HIRSH,ELIJAH(fastbreak)(in the paint)",1,layup,good,berry,"hirsh,elijah(fastbreak)",2,"['johnson,caleb', 'hirsh,elijah', 'atkinson,quinn', 'mccloud,alton', 'marder,nick']","['darst,daniel', 'de,nick', 'galvin,owen', 'mcintyre,william', 'nestlehutt,jake', 'nyawata,anesu', 'dalton,price']",1138
21,0864,Rhodes,Berry,1,102-114,"59,55","54,48",7-6; 1-1 SAA,5-8; 0-2 SAA,N/A,N/A,01/05/18,8:00 PM,N/A,"Memphis, Tenn.",Win,2,False,127,False,--,"ASSIST  by MARDER,NICK",6 ,,0,,,,"ASSIST  by MARDER,NICK",1,assist,,berry,"marder,nick",,"['johnson,caleb', 'hirsh,elijah', 'atkinson,quinn', 'mccloud,alton', 'marder,nick']","['darst,daniel', 'de,nick', 'galvin,owen', 'mcintyre,william', 'nestlehutt,jake', 'nyawata,anesu', 'dalton,price']",
22,0864,Rhodes,Berry,1,102-114,"59,55","54,48",7-6; 1-1 SAA,5-8; 0-2 SAA,N/A,N/A,01/05/18,8:00 PM,N/A,"Memphis, Tenn.",Win,2,False,127,False,18:44,,6 ,,0,"MISS 3PTR by NYAWATA,ANESU",,,"MISS 3PTR by NYAWATA,ANESU",1,three pointer,missed,rhodes,"nyawata,anesu",,"['johnson,caleb', 'hirsh,elijah', 'atkinson,quinn', 'mccloud,alton', 'marder,nick']","['darst,daniel', 'de,nick', 'galvin,owen', 'mcintyre,william', 'nestlehutt,jake', 'nyawata,anesu', 'dalton,price']",1124
23,0864,Rhodes,Berry,1,102-114,"59,55","54,48",7-6; 1-1 SAA,5-8; 0-2 SAA,N/A,N/A,01/05/18,8:00 PM,N/A,"Memphis, Tenn.",Win,2,False,127,False,--,"REBOUND DEF by MARDER,NICK",6 ,,0,,,,"REBOUND DEF by MARDER,NICK",1,defensive rebound,,berry,"marder,nick",,"['johnson,caleb', 'hirsh,elijah', 'atkinson,quinn', 'mccloud,alton', 'marder,nick']","['darst,daniel', 'de,nick', 'galvin,owen', 'mcintyre,william', 'nestlehutt,jake', 'nyawata,anesu', 'dalton,price']",
24,0864,Rhodes,Berry,1,102-114,"59,55","54,48",7-6; 1-1 SAA,5-8; 0-2 SAA,N/A,N/A,01/05/18,8:00 PM,N/A,"Memphis, Tenn.",Win,2,False,127,False,18:34,"GOOD LAYUP by HIRSH,ELIJAH(fastbreak)(in the paint)",8 ,,0,,BCM 8-0 (+8),,"GOOD LAYUP by HIRSH,ELIJAH(fastbreak)(in the paint)",1,layup,good,berry,"hirsh,elijah(fastbreak)",2,"['johnson,caleb', 'hirsh,elijah', 'atkinson,quinn', 'mccloud,alton', 'marder,nick']","['darst,daniel', 'de,nick', 'galvin,owen', 'mcintyre,william', 'nestlehutt,jake', 'nyawata,anesu', 'dalton,price']",1114
25,0864,Rhodes,Berry,1,102-114,"59,55","54,48",7-6; 1-1 SAA,5-8; 0-2 SAA,N/A,N/A,01/05/18,8:00 PM,N/A,"Memphis, Tenn.",Win,2,False,127,False,--,"ASSIST  by ATKINSON,QUINN",8 ,,0,,,,"ASSIST  by ATKINSON,QUINN",1,assist,,berry,"atkinson,quinn",,"['johnson,caleb', 'hirsh,elijah', 'atkinson,quinn', 'mccloud,alton', 'marder,nick']","['darst,daniel', 'de,nick', 'galvin,owen', 'mcintyre,william', 'nestlehutt,jake', 'nyawata,anesu', 'dalton,price']",
26,0864,Rhodes,Berry,1,102-114,"59,55","54,48",7-6; 1-1 SAA,5-8; 0-2 SAA,N/A,N/A,01/05/18,8:00 PM,N/A,"Memphis, Tenn.",Win,2,False,127,False,18:23,,8 ,,0,"MISS 3PTR by NESTLEHUTT,JAKE",,,"MISS 3PTR by NESTLEHUTT,JAKE",1,three pointer,missed,rhodes,"nestlehutt,jake",,"['johnson,caleb', 'hirsh,elijah', 'atkinson,quinn', 'mccloud,alton', 'marder,nick']","['darst,daniel', 'de,nick', 'galvin,owen', 'mcintyre,william', 'nestlehutt,jake', 'nyawata,anesu', 'dalton,price']",1103
27,0864,Rhodes,Berry,1,102-114,"59,55","54,48",7-6; 1-1 SAA,5-8; 0-2 SAA,N/A,N/A,01/05/18,8:00 PM,N/A,"Memphis, Tenn.",Win,2,False,127,False,--,,8 ,,0,"REBOUND OFF by GALVIN,OWEN",,,"REBOUND OFF by GALVIN,OWEN",1,offensive rebound,,rhodes,"galvin,owen",,"['johnson,caleb', 'hirsh,elijah', 'atkinson,quinn', 'mccloud,alton', 'marder,nick']","['darst,daniel', 'de,nick', 'galvin,owen', 'mcintyre,william', 'nestlehutt,jake', 'nyawata,anesu', 'dalton,price']",
28,0864,Rhodes,Berry,1,102-114,"59,55","54,48",7-6; 1-1 SAA,5-8; 0-2 SAA,N/A,N/A,01/05/18,8:00 PM,N/A,"Memphis, Tenn.",Win,2,False,127,False,18:16,,8 ,,0,"TURNOVER  by GALVIN,OWEN",,,"TURNOVER  by GALVIN,OWEN",1,turnover,,rhodes,"galvin,owen",,"['johnson,caleb', 'hirsh,elijah', 'atkinson,quinn', 'mccloud,alton', 'marder,nick']","['darst,daniel', 'de,nick', 'galvin,owen', 'mcintyre,william', 'nestlehutt,jake', 'nyawata,anesu', 'dalton,price']",1096
29,0864,Rhodes,Berry,1,102-114,"59,55","54,48",7-6; 1-1 SAA,5-8; 0-2 SAA,N/A,N/A,01/05/18,8:00 PM,N/A,"Memphis, Tenn.",Win,2,False,127,False,18:15,"STEAL  by ATKINSON,QUINN",8 ,,0,,,,"STEAL  by ATKINSON,QUINN",1,steal,,berry,,,"['johnson,caleb', 'hirsh,elijah', 'atkinson,quinn', 'mccloud,alton', 'marder,nick']","['darst,daniel', 'de,nick', 'galvin,owen', 'mcintyre,william', 'nestlehutt,jake', 'nyawata,anesu', 'dalton,price']",1095
30,0864,Rhodes,Berry,1,102-114,"59,55","54,48",7-6; 1-1 SAA,5-8; 0-2 SAA,N/A,N/A,01/05/18,8:00 PM,N/A,"Memphis, Tenn.",Win,2,False,127,False,18:11,"MISS LAYUP by ATKINSON,QUINN",8 ,,0,,,,"MISS LAYUP by ATKINSON,QUINN",1,layup,missed,berry,"atkinson,quinn",,"['johnson,caleb', 'hirsh,elijah', 'atkinson,quinn', 'mccloud,alton', 'marder,nick']","['darst,daniel', 'de,nick', 'galvin,owen', 'mcintyre,william', 'nestlehutt,jake', 'nyawata,anesu', 'dalton,price']",1091
31,0864,Rhodes,Berry,1,102-114,"59,55","54,48",7-6; 1-1 SAA,5-8; 0-2 SAA,N/A,N/A,01/05/18,8:00 PM,N/A,"Memphis, Tenn.",Win,2,False,127,False,--,"REBOUND OFF by MCCLOUD,ALTON",8 ,,0,,,,"REBOUND OFF by MCCLOUD,ALTON",1,offensive rebound,,berry,"mccloud,alton",,"['johnson,caleb', 'hirsh,elijah', 'atkinson,quinn', 'mccloud,alton', 'marder,nick']","['darst,daniel', 'de,nick', 'galvin,owen', 'mcintyre,william', 'nestlehutt,jake', 'nyawata,anesu', 'dalton,price']",
32,0864,Rhodes,Berry,1,102-114,"59,55","54,48",7-6; 1-1 SAA,5-8; 0-2 SAA,N/A,N/A,01/05/18,8:00 PM,N/A,"Memphis, Tenn.",Win,2,False,127,False,18:09,"MISS LAYUP by MCCLOUD,ALTON",8 ,,0,,,,"MISS LAYUP by MCCLOUD,ALTON",1,layup,missed,berry,"mccloud,alton",,"['johnson,caleb', 'hirsh,elijah', 'atkinson,quinn', 'mccloud,alton', 'marder,nick']","['darst,daniel', 'de,nick', 'galvin,owen', 'mcintyre,william', 'nestlehutt,jake', 'nyawata,anesu', 'dalton,price']",1089
33,0864,Rhodes,Berry,1,102-114,"59,55","54,48",7-6; 1-1 SAA,5-8; 0-2 SAA,N/A,N/A,01/05/18,8:00 PM,N/A,"Memphis, Tenn.",Win,2,False,127,False,--,,8 ,,0,"REBOUND DEF by NYAWATA,ANESU",,,"REBOUND DEF by NYAWATA,ANESU",1,defensive rebound,,rhodes,"nyawata,anesu",,"['johnson,caleb', 'hirsh,elijah', 'atkinson,quinn', 'mccloud,alton', 'marder,nick']","['darst,daniel', 'de,nick', 'galvin,owen', 'mcintyre,william', 'nestlehutt,jake', 'nyawata,anesu', 'dalton,price']",
34,0864,Rhodes,Berry,1,102-114,"59,55","54,48",7-6; 1-1 SAA,5-8; 0-2 SAA,N/A,N/A,01/05/18,8:00 PM,N/A,"Memphis, Tenn.",Win,2,False,127,False,17:59,,8 ,,0,"SUB IN by EVANS,ANDREW",,,"SUB IN by EVANS,ANDREW",1,subbing in,,rhodes,"evans,andrew",,"['johnson,caleb', 'hirsh,elijah', 'atkinson,quinn', 'mccloud,alton', 'marder,nick']","['darst,daniel', 'de,nick', 'galvin,owen', 'mcintyre,william', 'nestlehutt,jake', 'nyawata,anesu', 'dalton,price', 'evans,andrew']",1079
35,0864,Rhodes,Berry,1,102-114,"59,55","54,48",7-6; 1-1 SAA,5-8; 0-2 SAA,N/A,N/A,01/05/18,8:00 PM,N/A,"Memphis, Tenn.",Win,2,False,127,False,17:59,,8 ,,0,"SUB IN by GIROUX,PRESTON",,,"SUB IN by GIROUX,PRESTON",1,subbing in,,rhodes,"giroux,preston",,"['johnson,caleb', 'hirsh,elijah', 'atkinson,quinn', 'mccloud,alton', 'marder,nick']","['darst,daniel', 'de,nick', 'galvin,owen', 'mcintyre,william', 'nestlehutt,jake', 'nyawata,anesu', 'dalton,price', 'evans,andrew', 'giroux,preston']",1079
36,0864,Rhodes,Berry,1,102-114,"59,55","54,48",7-6; 1-1 SAA,5-8; 0-2 SAA,N/A,N/A,01/05/18,8:00 PM,N/A,"Memphis, Tenn.",Win,2,False,127,False,17:59,,8 ,,0,"SUB IN by SAMSON,VAUGHN",,,"SUB IN by SAMSON,VAUGHN",1,subbing in,,rhodes,"samson,vaughn",,"['johnson,caleb', 'hirsh,elijah', 'atkinson,quinn', 'mccloud,alton', 'marder,nick']","['darst,daniel', 'de,nick', 'galvin,owen', 'mcintyre,william', 'nestlehutt,jake', 'nyawata,anesu', 'dalton,price', 'evans,andrew', 'giroux,preston', 'samson,vaughn']",1079
37,0864,Rhodes,Berry,1,102-114,"59,55","54,48",7-6; 1-1 SAA,5-8; 0-2 SAA,N/A,N/A,01/05/18,8:00 PM,N/A,"Memphis, Tenn.",Win,2,False,127,False,17:59,,8 ,,0,"SUB IN by SWIFT,DJ",,,"SUB IN by SWIFT,DJ",1,subbing in,,rhodes,"swift,dj",,"['johnson,caleb', 'hirsh,elijah', 'atkinson,quinn', 'mccloud,alton', 'marder,nick']","['darst,daniel', 'de,nick', 'galvin,owen', 'mcintyre,william', 'nestlehutt,jake', 'nyawata,anesu', 'dalton,price', 'evans,andrew', 'giroux,preston', 'samson,vaughn', 'swift,dj']",1079
38,0864,Rhodes,Berry,1,102-114,"59,55","54,48",7-6; 1-1 SAA,5-8; 0-2 SAA,N/A,N/A,01/05/18,8:00 PM,N/A,"Memphis, Tenn.",Win,2,False,127,False,17:59,,8 ,,0,"SUB IN by WEATHERFORD,MITCH",,,"SUB IN by WEATHERFORD,MITCH",1,subbing in,,rhodes,"weatherford,mitch",,"['johnson,caleb', 'hirsh,elijah', 'atkinson,quinn', 'mccloud,alton', 'marder,nick']","['darst,daniel', 'de,nick', 'galvin,owen', 'mcintyre,william', 'nestlehutt,jake', 'nyawata,anesu', 'dalton,price', 'evans,andrew', 'giroux,preston', 'samson,vaughn', 'swift,dj', 'weatherford,mitch']",1079
39,0864,Rhodes,Berry,1,102-114,"59,55","54,48",7-6; 1-1 SAA,5-8; 0-2 SAA,N/A,N/A,01/05/18,8:00 PM,N/A,"Memphis, Tenn.",Win,2,False,127,False,17:59,,8 ,,0,"SUB OUT by GALVIN,OWEN",,,"SUB OUT by GALVIN,OWEN",1,subbing out,,rhodes,"galvin,owen",,"['johnson,caleb', 'hirsh,elijah', 'atkinson,quinn', 'mccloud,alton', 'marder,nick']","['darst,daniel', 'de,nick', 'mcintyre,william', 'nestlehutt,jake', 'nyawata,anesu', 'dalton,price', 'evans,andrew', 'giroux,preston', 'samson,vaughn', 'swift,dj', 'weatherford,mitch']",1079
40,0864,Rhodes,Berry,1,102-114,"59,55","54,48",7-6; 1-1 SAA,5-8; 0-2 SAA,N/A,N/A,01/05/18,8:00 PM,N/A,"Memphis, Tenn.",Win,2,False,127,False,17:59,,8 ,,0,"SUB OUT by MCINTYRE,WILLIAM",,,"SUB OUT by MCINTYRE,WILLIAM",1,subbing out,,rhodes,"mcintyre,william",,"['johnson,caleb', 'hirsh,elijah', 'atkinson,quinn', 'mccloud,alton', 'marder,nick']","['darst,daniel', 'de,nick', 'nestlehutt,jake', 'nyawata,anesu', 'dalton,price', 'evans,andrew', 'giroux,preston', 'samson,vaughn', 'swift,dj', 'weatherford,mitch']",1079
41,0864,Rhodes,Berry,1,102-114,"59,55","54,48",7-6; 1-1 SAA,5-8; 0-2 SAA,N/A,N/A,01/05/18,8:00 PM,N/A,"Memphis, Tenn.",Win,2,False,127,False,17:59,,8 ,,0,"SUB OUT by NESTLEHUTT,JAKE",,,"SUB OUT by NESTLEHUTT,JAKE",1,subbing out,,rhodes,"nestlehutt,jake",,"['johnson,caleb', 'hirsh,elijah', 'atkinson,quinn', 'mccloud,alton', 'marder,nick']","['darst,daniel', 'de,nick', 'nyawata,anesu', 'dalton,price', 'evans,andrew', 'giroux,preston', 'samson,vaughn', 'swift,dj', 'weatherford,mitch']",1079
42,0864,Rhodes,Berry,1,102-114,"59,55","54,48",7-6; 1-1 SAA,5-8; 0-2 SAA,N/A,N/A,01/05/18,8:00 PM,N/A,"Memphis, Tenn.",Win,2,False,127,False,17:59,,8 ,,0,"SUB OUT by NYAWATA,ANESU",,,"SUB OUT by NYAWATA,ANESU",1,subbing out,,rhodes,"nyawata,anesu",,"['johnson,caleb', 'hirsh,elijah', 'atkinson,quinn', 'mccloud,alton', 'marder,nick']","['darst,daniel', 'de,nick', 'dalton,price', 'evans,andrew', 'giroux,preston', 'samson,vaughn', 'swift,dj', 'weatherford,mitch']",1079
43,0864,Rhodes,Berry,1,102-114,"59,55","54,48",7-6; 1-1 SAA,5-8; 0-2 SAA,N/A,N/A,01/05/18,8:00 PM,N/A,"Memphis, Tenn.",Win,2,False,127,False,17:59,,8 ,,0,"SUB OUT by DALTON,PRICE",,,"SUB OUT by DALTON,PRICE",1,subbing out,,rhodes,"dalton,price",,"['johnson,caleb', 'hirsh,elijah', 'atkinson,quinn', 'mccloud,alton', 'marder,nick']","['darst,daniel', 'de,nick', 'evans,andrew', 'giroux,preston', 'samson,vaughn', 'swift,dj', 'weatherford,mitch']",1079
44,0864,Rhodes,Berry,1,102-114,"59,55","54,48",7-6; 1-1 SAA,5-8; 0-2 SAA,N/A,N/A,01/05/18,8:00 PM,N/A,"Memphis, Tenn.",Win,2,False,127,False,17:54,,8 ,,0,"MISS LAYUP by SAMSON,VAUGHN",,,"MISS LAYUP by SAMSON,VAUGHN",1,layup,missed,rhodes,"samson,vaughn",,"['johnson,caleb', 'hirsh,elijah', 'atkinson,quinn', 'mccloud,alton', 'marder,nick']","['darst,daniel', 'de,nick', 'evans,andrew', 'giroux,preston', 'samson,vaughn', 'swift,dj', 'weatherford,mitch']",1074
45,0864,Rhodes,Berry,1,102-114,"59,55","54,48",7-6; 1-1 SAA,5-8; 0-2 SAA,N/A,N/A,01/05/18,8:00 PM,N/A,"Memphis, Tenn.",Win,2,False,127,False,17:54,"BLOCK  by HIRSH,ELIJAH",8 ,,0,,,,"BLOCK  by HIRSH,ELIJAH",1,block,,berry,"hirsh,elijah",,"['johnson,caleb', 'hirsh,elijah', 'atkinson,quinn', 'mccloud,alton', 'marder,nick']","['darst,daniel', 'de,nick', 'evans,andrew', 'giroux,preston', 'samson,vaughn', 'swift,dj', 'weatherford,mitch']",1074
46,0864,Rhodes,Berry,1,102-114,"59,55","54,48",7-6; 1-1 SAA,5-8; 0-2 SAA,N/A,N/A,01/05/18,8:00 PM,N/A,"Memphis, Tenn.",Win,2,False,127,False,--,"REBOUND DEF by HIRSH,ELIJAH",8 ,,0,,,,"REBOUND DEF by HIRSH,ELIJAH",1,defensive rebound,,berry,"hirsh,elijah",,"['johnson,caleb', 'hirsh,elijah', 'atkinson,quinn', 'mccloud,alton', 'marder,nick']","['darst,daniel', 'de,nick', 'evans,andrew', 'giroux,preston', 'samson,vaughn', 'swift,dj', 'weatherford,mitch']",
47,0864,Rhodes,Berry,1,102-114,"59,55","54,48",7-6; 1-1 SAA,5-8; 0-2 SAA,N/A,N/A,01/05/18,8:00 PM,N/A,"Memphis, Tenn.",Win,2,False,127,False,17:40,"TURNOVER  by MARDER,NICK",8 ,,0,,,,"TURNOVER  by MARDER,NICK",1,turnover,,berry,"marder,nick",,"['johnson,caleb', 'hirsh,elijah', 'atkinson,quinn', 'mccloud,alton', 'marder,nick']","['darst,daniel', 'de,nick', 'evans,andrew', 'giroux,preston', 'samson,vaughn', 'swift,dj', 'weatherford,mitch']",1060
48,0864,Rhodes,Berry,1,102-114,"59,55","54,48",7-6; 1-1 SAA,5-8; 0-2 SAA,N/A,N/A,01/05/18,8:00 PM,N/A,"Memphis, Tenn.",Win,2,False,127,False,17:39,,8 ,,0,"STEAL  by GIROUX,PRESTON",,,"STEAL  by GIROUX,PRESTON",1,steal,,rhodes,,,"['johnson,caleb', 'hirsh,elijah', 'atkinson,quinn', 'mccloud,alton', 'marder,nick']","['darst,daniel', 'de,nick', 'evans,andrew', 'giroux,preston', 'samson,vaughn', 'swift,dj', 'weatherford,mitch']",1059
49,0864,Rhodes,Berry,1,102-114,"59,55","54,48",7-6; 1-1 SAA,5-8; 0-2 SAA,N/A,N/A,01/05/18,8:00 PM,N/A,"Memphis, Tenn.",Win,2,False,127,False,17:32,,8 ,,0,"MISS 3PTR by EVANS,ANDREW",,,"MISS 3PTR by EVANS,ANDREW",1,three pointer,missed,rhodes,"evans,andrew",,"['johnson,caleb', 'hirsh,elijah', 'atkinson,quinn', 'mccloud,alton', 'marder,nick']","['darst,daniel', 'de,nick', 'evans,andrew', 'giroux,preston', 'samson,vaughn', 'swift,dj', 'weatherford,mitch']",1052
50,0864,Rhodes,Berry,1,102-114,"59,55","54,48",7-6; 1-1 SAA,5-8; 0-2 SAA,N/A,N/A,01/05/18,8:00 PM,N/A,"Memphis, Tenn.",Win,2,False,127,False,--,"REBOUND DEF by HIRSH,ELIJAH",8 ,,0,,,,"REBOUND DEF by HIRSH,ELIJAH",1,defensive rebound,,berry,"hirsh,elijah",,"['johnson,caleb', 'hirsh,elijah', 'atkinson,quinn', 'mccloud,alton', 'marder,nick']","['darst,daniel', 'de,nick', 'evans,andrew', 'giroux,preston', 'samson,vaughn', 'swift,dj', 'weatherford,mitch']",
51,0864,Rhodes,Berry,1,102-114,"59,55","54,48",7-6; 1-1 SAA,5-8; 0-2 SAA,N/A,N/A,01/05/18,8:00 PM,N/A,"Memphis, Tenn.",Win,2,False,127,False,17:23,,8 ,,0,"FOUL  by SWIFT,DJ",,,"FOUL  by SWIFT,DJ",1,foul,,rhodes,"swift,dj",,"['johnson,caleb', 'hirsh,elijah', 'atkinson,quinn', 'mccloud,alton', 'marder,nick']","['darst,daniel', 'de,nick', 'evans,andrew', 'giroux,preston', 'samson,vaughn', 'swift,dj', 'weatherford,mitch']",1043
52,0864,Rhodes,Berry,1,102-114,"59,55","54,48",7-6; 1-1 SAA,5-8; 0-2 SAA,N/A,N/A,01/05/18,8:00 PM,N/A,"Memphis, Tenn.",Win,2,False,127,False,17:23,"SUB IN by MOORE,MYLES",8 ,,0,,,,"SUB IN by MOORE,MYLES",1,subbing in,,berry,"moore,myles",,"['johnson,caleb', 'hirsh,elijah', 'atkinson,quinn', 'mccloud,alton', 'marder,nick', 'moore,myles']","['darst,daniel', 'de,nick', 'evans,andrew', 'giroux,preston', 'samson,vaughn', 'swift,dj', 'weatherford,mitch']",1043
53,0864,Rhodes,Berry,1,102-114,"59,55","54,48",7-6; 1-1 SAA,5-8; 0-2 SAA,N/A,N/A,01/05/18,8:00 PM,N/A,"Memphis, Tenn.",Win,2,False,127,False,17:23,"SUB OUT by MARDER,NICK",8 ,,0,,,,"SUB OUT by MARDER,NICK",1,subbing out,,berry,"marder,nick",,"['johnson,caleb', 'hirsh,elijah', 'atkinson,quinn', 'mccloud,alton', 'moore,myles']","['darst,daniel', 'de,nick', 'evans,andrew', 'giroux,preston', 'samson,vaughn', 'swift,dj', 'weatherford,mitch']",1043
54,0864,Rhodes,Berry,1,102-114,"59,55","54,48",7-6; 1-1 SAA,5-8; 0-2 SAA,N/A,N/A,01/05/18,8:00 PM,N/A,"Memphis, Tenn.",Win,2,False,127,False,17:23,,8 ,,0,"SUB IN by LOVE,KERRY",,,"SUB IN by LOVE,KERRY",1,subbing in,,rhodes,"love,kerry",,"['johnson,caleb', 'hirsh,elijah', 'atkinson,quinn', 'mccloud,alton', 'moore,myles']","['darst,daniel', 'de,nick', 'evans,andrew', 'giroux,preston', 'samson,vaughn', 'swift,dj', 'weatherford,mitch', 'love,kerry']",1043
55,0864,Rhodes,Berry,1,102-114,"59,55","54,48",7-6; 1-1 SAA,5-8; 0-2 SAA,N/A,N/A,01/05/18,8:00 PM,N/A,"Memphis, Tenn.",Win,2,False,127,False,17:23,,8 ,,0,"SUB IN by ASHBY,KENDRICK",,,"SUB IN by ASHBY,KENDRICK",1,subbing in,,rhodes,"ashby,kendrick",,"['johnson,caleb', 'hirsh,elijah', 'atkinson,quinn', 'mccloud,alton', 'moore,myles']","['darst,daniel', 'de,nick', 'evans,andrew', 'giroux,preston', 'samson,vaughn', 'swift,dj', 'weatherford,mitch', 'love,kerry', 'ashby,kendrick']",1043
56,0864,Rhodes,Berry,1,102-114,"59,55","54,48",7-6; 1-1 SAA,5-8; 0-2 SAA,N/A,N/A,01/05/18,8:00 PM,N/A,"Memphis, Tenn.",Win,2,False,127,False,17:23,,8 ,,0,"SUB IN by DARST,DANIEL",,,"SUB IN by DARST,DANIEL",1,subbing in,,rhodes,"darst,daniel",,"['johnson,caleb', 'hirsh,elijah', 'atkinson,quinn', 'mccloud,alton', 'moore,myles']","['darst,daniel', 'de,nick', 'evans,andrew', 'giroux,preston', 'samson,vaughn', 'swift,dj', 'weatherford,mitch', 'love,kerry', 'ashby,kendrick']",1043
57,0864,Rhodes,Berry,1,102-114,"59,55","54,48",7-6; 1-1 SAA,5-8; 0-2 SAA,N/A,N/A,01/05/18,8:00 PM,N/A,"Memphis, Tenn.",Win,2,False,127,False,17:23,,8 ,,0,"SUB IN by ROTEMAN,EVAN",,,"SUB IN by ROTEMAN,EVAN",1,subbing in,,rhodes,"roteman,evan",,"['johnson,caleb', 'hirsh,elijah', 'atkinson,quinn', 'mccloud,alton', 'moore,myles']","['darst,daniel', 'de,nick', 'evans,andrew', 'giroux,preston', 'samson,vaughn', 'swift,dj', 'weatherford,mitch', 'love,kerry', 'ashby,kendrick']",1043
58,0864,Rhodes,Berry,1,102-114,"59,55","54,48",7-6; 1-1 SAA,5-8; 0-2 SAA,N/A,N/A,01/05/18,8:00 PM,N/A,"Memphis, Tenn.",Win,2,False,127,False,17:23,,8 ,,0,"SUB IN by BERRY,BRYCE",,,"SUB IN by BERRY,BRYCE",1,subbing in,,rhodes,"berry,bryce",,"['johnson,caleb', 'hirsh,elijah', 'atkinson,quinn', 'mccloud,alton', 'moore,myles']","['darst,daniel', 'de,nick', 'evans,andrew', 'giroux,preston', 'samson,vaughn', 'swift,dj', 'weatherford,mitch', 'love,kerry', 'ashby,kendrick', 'berry,bryce']",1043
59,0864,Rhodes,Berry,1,102-114,"59,55","54,48",7-6; 1-1 SAA,5-8; 0-2 SAA,N/A,N/A,01/05/18,8:00 PM,N/A,"Memphis, Tenn.",Win,2,False,127,False,17:23,,8 ,,0,"SUB OUT by EVANS,ANDREW",,,"SUB OUT by EVANS,ANDREW",1,subbing out,,rhodes,"evans,andrew",,"['johnson,caleb', 'hirsh,elijah', 'atkinson,quinn', 'mccloud,alton', 'moore,myles']","['darst,daniel', 'de,nick', 'giroux,preston', 'samson,vaughn', 'swift,dj', 'weatherford,mitch', 'love,kerry', 'ashby,kendrick', 'berry,bryce']",1043
60,0864,Rhodes,Berry,1,102-114,"59,55","54,48",7-6; 1-1 SAA,5-8; 0-2 SAA,N/A,N/A,01/05/18,8:00 PM,N/A,"Memphis, Tenn.",Win,2,False,127,False,17:23,,8 ,,0,"SUB OUT by GIROUX,PRESTON",,,"SUB OUT by GIROUX,PRESTON",1,subbing out,,rhodes,"giroux,preston",,"['johnson,caleb', 'hirsh,elijah', 'atkinson,quinn', 'mccloud,alton', 'moore,myles']","['darst,daniel', 'de,nick', 'samson,vaughn', 'swift,dj', 'weatherford,mitch', 'love,kerry', 'ashby,kendrick', 'berry,bryce']",1043
61,0864,Rhodes,Berry,1,102-114,"59,55","54,48",7-6; 1-1 SAA,5-8; 0-2 SAA,N/A,N/A,01/05/18,8:00 PM,N/A,"Memphis, Tenn.",Win,2,False,127,False,17:23,,8 ,,0,"SUB OUT by SAMSON,VAUGHN",,,"SUB OUT by SAMSON,VAUGHN",1,subbing out,,rhodes,"samson,vaughn",,"['johnson,caleb', 'hirsh,elijah', 'atkinson,quinn', 'mccloud,alton', 'moore,myles']","['darst,daniel', 'de,nick', 'swift,dj', 'weatherford,mitch', 'love,kerry', 'ashby,kendrick', 'berry,bryce']",1043
62,0864,Rhodes,Berry,1,102-114,"59,55","54,48",7-6; 1-1 SAA,5-8; 0-2 SAA,N/A,N/A,01/05/18,8:00 PM,N/A,"Memphis, Tenn.",Win,2,False,127,False,17:23,,8 ,,0,"SUB OUT by SWIFT,DJ",,,"SUB OUT by SWIFT,DJ",1,subbing out,,rhodes,"swift,dj",,"['johnson,caleb', 'hirsh,elijah', 'atkinson,quinn', 'mccloud,alton', 'moore,myles']","['darst,daniel', 'de,nick', 'weatherford,mitch', 'love,kerry', 'ashby,kendrick', 'berry,bryce']",1043
63,0864,Rhodes,Berry,1,102-114,"59,55","54,48",7-6; 1-1 SAA,5-8; 0-2 SAA,N/A,N/A,01/05/18,8:00 PM,N/A,"Memphis, Tenn.",Win,2,False,127,False,17:23,,8 ,,0,"SUB OUT by WEATHERFORD,MITCH",,,"SUB OUT by WEATHERFORD,MITCH",1,subbing out,,rhodes,"weatherford,mitch",,"['johnson,caleb', 'hirsh,elijah', 'atkinson,quinn', 'mccloud,alton', 'moore,myles']","['darst,daniel', 'de,nick', 'love,kerry', 'ashby,kendrick', 'berry,bryce']",1043
64,0864,Rhodes,Berry,1,102-114,"59,55","54,48",7-6; 1-1 SAA,5-8; 0-2 SAA,N/A,N/A,01/05/18,8:00 PM,N/A,"Memphis, Tenn.",Win,2,False,127,False,17:13,"MISS LAYUP by HIRSH,ELIJAH",8 ,,0,,,,"MISS LAYUP by HIRSH,ELIJAH",1,layup,missed,berry,"hirsh,elijah",,"['johnson,caleb', 'hirsh,elijah', 'atkinson,quinn', 'mccloud,alton', 'moore,myles']","['darst,daniel', 'de,nick', 'love,kerry', 'ashby,kendrick', 'berry,bryce']",1033
65,0864,Rhodes,Berry,1,102-114,"59,55","54,48",7-6; 1-1 SAA,5-8; 0-2 SAA,N/A,N/A,01/05/18,8:00 PM,N/A,"Memphis, Tenn.",Win,2,False,127,False,--,,8 ,,0,"REBOUND DEF by LOVE,KERRY",,,"REBOUND DEF by LOVE,KERRY",1,defensive rebound,,rhodes,"love,kerry",,"['johnson,caleb', 'hirsh,elijah', 'atkinson,quinn', 'mccloud,alton', 'moore,myles']","['darst,daniel', 'de,nick', 'love,kerry', 'ashby,kendrick', 'berry,bryce']",
66,0864,Rhodes,Berry,1,102-114,"59,55","54,48",7-6; 1-1 SAA,5-8; 0-2 SAA,N/A,N/A,01/05/18,8:00 PM,N/A,"Memphis, Tenn.",Win,2,False,127,False,17:04,,8 ,,3,"GOOD 3PTR by BERRY,BRYCE",RHODES 8-3 (+5),,"GOOD 3PTR by BERRY,BRYCE",1,three pointer,good,rhodes,"berry,bryce",3,"['johnson,caleb', 'hirsh,elijah', 'atkinson,quinn', 'mccloud,alton', 'moore,myles']","['darst,daniel', 'de,nick', 'love,kerry', 'ashby,kendrick', 'berry,bryce']",1024
67,0864,Rhodes,Berry,1,102-114,"59,55","54,48",7-6; 1-1 SAA,5-8; 0-2 SAA,N/A,N/A,01/05/18,8:00 PM,N/A,"Memphis, Tenn.",Win,2,False,127,False,--,,8 ,,3,"ASSIST  by LOVE,KERRY",,,"ASSIST  by LOVE,KERRY",1,assist,,rhodes,"love,kerry",,"['johnson,caleb', 'hirsh,elijah', 'atkinson,quinn', 'mccloud,alton', 'moore,myles']","['darst,daniel', 'de,nick', 'love,kerry', 'ashby,kendrick', 'berry,bryce']",
68,0864,Rhodes,Berry,1,102-114,"59,55","54,48",7-6; 1-1 SAA,5-8; 0-2 SAA,N/A,N/A,01/05/18,8:00 PM,N/A,"Memphis, Tenn.",Win,2,False,127,False,16:55,"TURNOVER  by JOHNSON,CALEB",8 ,,3,,,,"TURNOVER  by JOHNSON,CALEB",1,turnover,,berry,"johnson,caleb",,"['johnson,caleb', 'hirsh,elijah', 'atkinson,quinn', 'mccloud,alton', 'moore,myles']","['darst,daniel', 'de,nick', 'love,kerry', 'ashby,kendrick', 'berry,bryce']",1015
69,0864,Rhodes,Berry,1,102-114,"59,55","54,48",7-6; 1-1 SAA,5-8; 0-2 SAA,N/A,N/A,01/05/18,8:00 PM,N/A,"Memphis, Tenn.",Win,2,False,127,False,16:55,,8 ,,3,"SUB IN by GALVIN,OWEN",,,"SUB IN by GALVIN,OWEN",1,subbing in,,rhodes,"galvin,owen",,"['johnson,caleb', 'hirsh,elijah', 'atkinson,quinn', 'mccloud,alton', 'moore,myles']","['darst,daniel', 'de,nick', 'love,kerry', 'ashby,kendrick', 'berry,bryce', 'galvin,owen']",1015
70,0864,Rhodes,Berry,1,102-114,"59,55","54,48",7-6; 1-1 SAA,5-8; 0-2 SAA,N/A,N/A,01/05/18,8:00 PM,N/A,"Memphis, Tenn.",Win,2,False,127,False,16:55,,8 ,,3,"SUB IN by MCINTYRE,WILLIAM",,,"SUB IN by MCINTYRE,WILLIAM",1,subbing in,,rhodes,"mcintyre,william",,"['johnson,caleb', 'hirsh,elijah', 'atkinson,quinn', 'mccloud,alton', 'moore,myles']","['darst,daniel', 'de,nick', 'love,kerry', 'ashby,kendrick', 'berry,bryce', 'galvin,owen', 'mcintyre,william']",1015
71,0864,Rhodes,Berry,1,102-114,"59,55","54,48",7-6; 1-1 SAA,5-8; 0-2 SAA,N/A,N/A,01/05/18,8:00 PM,N/A,"Memphis, Tenn.",Win,2,False,127,False,16:55,,8 ,,3,"SUB IN by NESTLEHUTT,JAKE",,,"SUB IN by NESTLEHUTT,JAKE",1,subbing in,,rhodes,"nestlehutt,jake",,"['johnson,caleb', 'hirsh,elijah', 'atkinson,quinn', 'mccloud,alton', 'moore,myles']","['darst,daniel', 'de,nick', 'love,kerry', 'ashby,kendrick', 'berry,bryce', 'galvin,owen', 'mcintyre,william', 'nestlehutt,jake']",1015
72,0864,Rhodes,Berry,1,102-114,"59,55","54,48",7-6; 1-1 SAA,5-8; 0-2 SAA,N/A,N/A,01/05/18,8:00 PM,N/A,"Memphis, Tenn.",Win,2,False,127,False,16:55,,8 ,,3,"SUB IN by NYAWATA,ANESU",,,"SUB IN by NYAWATA,ANESU",1,subbing in,,rhodes,"nyawata,anesu",,"['johnson,caleb', 'hirsh,elijah', 'atkinson,quinn', 'mccloud,alton', 'moore,myles']","['darst,daniel', 'de,nick', 'love,kerry', 'ashby,kendrick', 'berry,bryce', 'galvin,owen', 'mcintyre,william', 'nestlehutt,jake', 'nyawata,anesu']",1015
73,0864,Rhodes,Berry,1,102-114,"59,55","54,48",7-6; 1-1 SAA,5-8; 0-2 SAA,N/A,N/A,01/05/18,8:00 PM,N/A,"Memphis, Tenn.",Win,2,False,127,False,16:55,,8 ,,3,"SUB IN by DALTON,PRICE",,,"SUB IN by DALTON,PRICE",1,subbing in,,rhodes,"dalton,price",,"['johnson,caleb', 'hirsh,elijah', 'atkinson,quinn', 'mccloud,alton', 'moore,myles']","['darst,daniel', 'de,nick', 'love,kerry', 'ashby,kendrick', 'berry,bryce', 'galvin,owen', 'mcintyre,william', 'nestlehutt,jake', 'nyawata,anesu', 'dalton,price']",1015
74,0864,Rhodes,Berry,1,102-114,"59,55","54,48",7-6; 1-1 SAA,5-8; 0-2 SAA,N/A,N/A,01/05/18,8:00 PM,N/A,"Memphis, Tenn.",Win,2,False,127,False,16:55,,8 ,,3,"SUB OUT by LOVE,KERRY",,,"SUB OUT by LOVE,KERRY",1,subbing out,,rhodes,"love,kerry",,"['johnson,caleb', 'hirsh,elijah', 'atkinson,quinn', 'mccloud,alton', 'moore,myles']","['darst,daniel', 'de,nick', 'ashby,kendrick', 'berry,bryce', 'galvin,owen', 'mcintyre,william', 'nestlehutt,jake', 'nyawata,anesu', 'dalton,price']",1015
75,0864,Rhodes,Berry,1,102-114,"59,55","54,48",7-6; 1-1 SAA,5-8; 0-2 SAA,N/A,N/A,01/05/18,8:00 PM,N/A,"Memphis, Tenn.",Win,2,False,127,False,16:55,,8 ,,3,"SUB OUT by ASHBY,KENDRICK",,,"SUB OUT by ASHBY,KENDRICK",1,subbing out,,rhodes,"ashby,kendrick",,"['johnson,caleb', 'hirsh,elijah', 'atkinson,quinn', 'mccloud,alton', 'moore,myles']","['darst,daniel', 'de,nick', 'berry,bryce', 'galvin,owen', 'mcintyre,william', 'nestlehutt,jake', 'nyawata,anesu', 'dalton,price']",1015
76,0864,Rhodes,Berry,1,102-114,"59,55","54,48",7-6; 1-1 SAA,5-8; 0-2 SAA,N/A,N/A,01/05/18,8:00 PM,N/A,"Memphis, Tenn.",Win,2,False,127,False,16:55,,8 ,,3,"SUB OUT by DARST,DANIEL",,,"SUB OUT by DARST,DANIEL",1,subbing out,,rhodes,"darst,daniel",,"['johnson,caleb', 'hirsh,elijah', 'atkinson,quinn', 'mccloud,alton', 'moore,myles']","['de,nick', 'berry,bryce', 'galvin,owen', 'mcintyre,william', 'nestlehutt,jake', 'nyawata,anesu', 'dalton,price']",1015
77,0864,Rhodes,Berry,1,102-114,"59,55","54,48",7-6; 1-1 SAA,5-8; 0-2 SAA,N/A,N/A,01/05/18,8:00 PM,N/A,"Memphis, Tenn.",Win,2,False,127,False,16:55,,8 ,,3,"SUB OUT by ROTEMAN,EVAN",,,"SUB OUT by ROTEMAN,EVAN",1,subbing out,,rhodes,"roteman,evan",,"['johnson,caleb', 'hirsh,elijah', 'atkinson,quinn', 'mccloud,alton', 'moore,myles']","['de,nick', 'berry,bryce', 'galvin,owen', 'mcintyre,william', 'nestlehutt,jake', 'nyawata,anesu', 'dalton,price']",1015
78,0864,Rhodes,Berry,1,102-114,"59,55","54,48",7-6; 1-1 SAA,5-8; 0-2 SAA,N/A,N/A,01/05/18,8:00 PM,N/A,"Memphis, Tenn.",Win,2,False,127,False,16:55,,8 ,,3,"SUB OUT by BERRY,BRYCE",,,"SUB OUT by BERRY,BRYCE",1,subbing out,,rhodes,"berry,bryce",,"['johnson,caleb', 'hirsh,elijah', 'atkinson,quinn', 'mccloud,alton', 'moore,myles']","['de,nick', 'berry,bryce', 'galvin,owen', 'mcintyre,william', 'nestlehutt,jake', 'nyawata,anesu', 'dalton,price']",1015
79,0864,Rhodes,Berry,1,102-114,"59,55","54,48",7-6; 1-1 SAA,5-8; 0-2 SAA,N/A,N/A,01/05/18,8:00 PM,N/A,"Memphis, Tenn.",Win,2,False,127,False,16:45,,8 ,,3,"TURNOVER  by GALVIN,OWEN",,,"TURNOVER  by GALVIN,OWEN",1,turnover,,rhodes,"galvin,owen",,"['johnson,caleb', 'hirsh,elijah', 'atkinson,quinn', 'mccloud,alton', 'moore,myles']","['de,nick', 'berry,bryce', 'galvin,owen', 'mcintyre,william', 'nestlehutt,jake', 'nyawata,anesu', 'dalton,price']",1005
80,0864,Rhodes,Berry,1,102-114,"59,55","54,48",7-6; 1-1 SAA,5-8; 0-2 SAA,N/A,N/A,01/05/18,8:00 PM,N/A,"Memphis, Tenn.",Win,2,False,127,False,16:44,"STEAL  by ATKINSON,QUINN",8 ,,3,,,,"STEAL  by ATKINSON,QUINN",1,steal,,berry,,,"['johnson,caleb', 'hirsh,elijah', 'atkinson,quinn', 'mccloud,alton', 'moore,myles']","['de,nick', 'berry,bryce', 'galvin,owen', 'mcintyre,william', 'nestlehutt,jake', 'nyawata,anesu', 'dalton,price']",1004
81,0864,Rhodes,Berry,1,102-114,"59,55","54,48",7-6; 1-1 SAA,5-8; 0-2 SAA,N/A,N/A,01/05/18,8:00 PM,N/A,"Memphis, Tenn.",Win,2,False,127,False,16:42,"GOOD LAYUP by ATKINSON,QUINN(fastbreak)(in the paint)",10 ,,3,,BCM 10-3 (+7),,"GOOD LAYUP by ATKINSON,QUINN(fastbreak)(in the paint)",1,layup,good,berry,"atkinson,quinn(fastbreak)",2,"['johnson,caleb', 'hirsh,elijah', 'atkinson,quinn', 'mccloud,alton', 'moore,myles']","['de,nick', 'berry,bryce', 'galvin,owen', 'mcintyre,william', 'nestlehutt,jake', 'nyawata,anesu', 'dalton,price']",1002
82,0864,Rhodes,Berry,1,102-114,"59,55","54,48",7-6; 1-1 SAA,5-8; 0-2 SAA,N/A,N/A,01/05/18,8:00 PM,N/A,"Memphis, Tenn.",Win,2,False,127,False,--,"ASSIST  by JOHNSON,CALEB",10 ,,3,,,,"ASSIST  by JOHNSON,CALEB",1,assist,,berry,"johnson,caleb",,"['johnson,caleb', 'hirsh,elijah', 'atkinson,quinn', 'mccloud,alton', 'moore,myles']","['de,nick', 'berry,bryce', 'galvin,owen', 'mcintyre,william', 'nestlehutt,jake', 'nyawata,anesu', 'dalton,price']",
83,0864,Rhodes,Berry,1,102-114,"59,55","54,48",7-6; 1-1 SAA,5-8; 0-2 SAA,N/A,N/A,01/05/18,8:00 PM,N/A,"Memphis, Tenn.",Win,2,False,127,False,16:32,,10 ,,5,"GOOD LAYUP by MCINTYRE,WILLIAM(in the paint)",RHODES 10-5 (+5),,"GOOD LAYUP by MCINTYRE,WILLIAM(in the paint)",1,layup,good,rhodes,"mcintyre,william",2,"['johnson,caleb', 'hirsh,elijah', 'atkinson,quinn', 'mccloud,alton', 'moore,myles']","['de,nick', 'berry,bryce', 'galvin,owen', 'mcintyre,william', 'nestlehutt,jake', 'nyawata,anesu', 'dalton,price']",992
84,0864,Rhodes,Berry,1,102-114,"59,55","54,48",7-6; 1-1 SAA,5-8; 0-2 SAA,N/A,N/A,01/05/18,8:00 PM,N/A,"Memphis, Tenn.",Win,2,False,127,False,--,,10 ,,5,"ASSIST  by GALVIN,OWEN",,,"ASSIST  by GALVIN,OWEN",1,assist,,rhodes,"galvin,owen",,"['johnson,caleb', 'hirsh,elijah', 'atkinson,quinn', 'mccloud,alton', 'moore,myles']","['de,nick', 'berry,bryce', 'galvin,owen', 'mcintyre,william', 'nestlehutt,jake', 'nyawata,anesu', 'dalton,price']",
85,0864,Rhodes,Berry,1,102-114,"59,55","54,48",7-6; 1-1 SAA,5-8; 0-2 SAA,N/A,N/A,01/05/18,8:00 PM,N/A,"Memphis, Tenn.",Win,2,False,127,False,16:24,"GOOD LAYUP by JOHNSON,CALEB(fastbreak)(in the paint)",12 ,,5,,BCM 12-5 (+7),,"GOOD LAYUP by JOHNSON,CALEB(fastbreak)(in the paint)",1,layup,good,berry,"johnson,caleb(fastbreak)",2,"['johnson,caleb', 'hirsh,elijah', 'atkinson,quinn', 'mccloud,alton', 'moore,myles']","['de,nick', 'berry,bryce', 'galvin,owen', 'mcintyre,william', 'nestlehutt,jake', 'nyawata,anesu', 'dalton,price']",984
86,0864,Rhodes,Berry,1,102-114,"59,55","54,48",7-6; 1-1 SAA,5-8; 0-2 SAA,N/A,N/A,01/05/18,8:00 PM,N/A,"Memphis, Tenn.",Win,2,False,127,False,--,"ASSIST  by ATKINSON,QUINN",12 ,,5,,,,"ASSIST  by ATKINSON,QUINN",1,assist,,berry,"atkinson,quinn",,"['johnson,caleb', 'hirsh,elijah', 'atkinson,quinn', 'mccloud,alton', 'moore,myles']","['de,nick', 'berry,bryce', 'galvin,owen', 'mcintyre,william', 'nestlehutt,jake', 'nyawata,anesu', 'dalton,price']",
87,0864,Rhodes,Berry,1,102-114,"59,55","54,48",7-6; 1-1 SAA,5-8; 0-2 SAA,N/A,N/A,01/05/18,8:00 PM,N/A,"Memphis, Tenn.",Win,2,False,127,False,16:00,,12 ,,7,"GOOD LAYUP by SAMSON,VAUGHN(in the paint)",RHODES 12-7 (+5),,"GOOD LAYUP by SAMSON,VAUGHN(in the paint)",1,layup,good,rhodes,"samson,vaughn",2,"['johnson,caleb', 'hirsh,elijah', 'atkinson,quinn', 'mccloud,alton', 'moore,myles']","['de,nick', 'berry,bryce', 'galvin,owen', 'mcintyre,william', 'nestlehutt,jake', 'nyawata,anesu', 'dalton,price']",960
88,0864,Rhodes,Berry,1,102-114,"59,55","54,48",7-6; 1-1 SAA,5-8; 0-2 SAA,N/A,N/A,01/05/18,8:00 PM,N/A,"Memphis, Tenn.",Win,2,False,127,False,--,,12 ,,7,"ASSIST  by GIROUX,PRESTON",,,"ASSIST  by GIROUX,PRESTON",1,assist,,rhodes,"giroux,preston",,"['johnson,caleb', 'hirsh,elijah', 'atkinson,quinn', 'mccloud,alton', 'moore,myles']","['de,nick', 'berry,bryce', 'galvin,owen', 'mcintyre,william', 'nestlehutt,jake', 'nyawata,anesu', 'dalton,price']",
89,0864,Rhodes,Berry,1,102-114,"59,55","54,48",7-6; 1-1 SAA,5-8; 0-2 SAA,N/A,N/A,01/05/18,8:00 PM,N/A,"Memphis, Tenn.",Win,2,False,127,False,15:56,,12 ,,7,"SUB IN by EVANS,ANDREW",,,"SUB IN by EVANS,ANDREW",1,subbing in,,rhodes,"evans,andrew",,"['johnson,caleb', 'hirsh,elijah', 'atkinson,quinn', 'mccloud,alton', 'moore,myles']","['de,nick', 'berry,bryce', 'galvin,owen', 'mcintyre,william', 'nestlehutt,jake', 'nyawata,anesu', 'dalton,price', 'evans,andrew']",956
90,0864,Rhodes,Berry,1,102-114,"59,55","54,48",7-6; 1-1 SAA,5-8; 0-2 SAA,N/A,N/A,01/05/18,8:00 PM,N/A,"Memphis, Tenn.",Win,2,False,127,False,15:56,,12 ,,7,"SUB IN by GIROUX,PRESTON",,,"SUB IN by GIROUX,PRESTON",1,subbing in,,rhodes,"giroux,preston",,"['johnson,caleb', 'hirsh,elijah', 'atkinson,quinn', 'mccloud,alton', 'moore,myles']","['de,nick', 'berry,bryce', 'galvin,owen', 'mcintyre,william', 'nestlehutt,jake', 'nyawata,anesu', 'dalton,price', 'evans,andrew', 'giroux,preston']",956
91,0864,Rhodes,Berry,1,102-114,"59,55","54,48",7-6; 1-1 SAA,5-8; 0-2 SAA,N/A,N/A,01/05/18,8:00 PM,N/A,"Memphis, Tenn.",Win,2,False,127,False,15:56,,12 ,,7,"SUB IN by SAMSON,VAUGHN",,,"SUB IN by SAMSON,VAUGHN",1,subbing in,,rhodes,"samson,vaughn",,"['johnson,caleb', 'hirsh,elijah', 'atkinson,quinn', 'mccloud,alton', 'moore,myles']","['de,nick', 'berry,bryce', 'galvin,owen', 'mcintyre,william', 'nestlehutt,jake', 'nyawata,anesu', 'dalton,price', 'evans,andrew', 'giroux,preston', 'samson,vaughn']",956
92,0864,Rhodes,Berry,1,102-114,"59,55","54,48",7-6; 1-1 SAA,5-8; 0-2 SAA,N/A,N/A,01/05/18,8:00 PM,N/A,"Memphis, Tenn.",Win,2,False,127,False,15:56,,12 ,,7,"SUB IN by SWIFT,DJ",,,"SUB IN by SWIFT,DJ",1,subbing in,,rhodes,"swift,dj",,"['johnson,caleb', 'hirsh,elijah', 'atkinson,quinn', 'mccloud,alton', 'moore,myles']","['de,nick', 'berry,bryce', 'galvin,owen', 'mcintyre,william', 'nestlehutt,jake', 'nyawata,anesu', 'dalton,price', 'evans,andrew', 'giroux,preston', 'samson,vaughn', 'swift,dj']",956
93,0864,Rhodes,Berry,1,102-114,"59,55","54,48",7-6; 1-1 SAA,5-8; 0-2 SAA,N/A,N/A,01/05/18,8:00 PM,N/A,"Memphis, Tenn.",Win,2,False,127,False,15:56,,12 ,,7,"SUB IN by WEATHERFORD,MITCH",,,"SUB IN by WEATHERFORD,MITCH",1,subbing in,,rhodes,"weatherford,mitch",,"['johnson,caleb', 'hirsh,elijah', 'atkinson,quinn', 'mccloud,alton', 'moore,myles']","['de,nick', 'berry,bryce', 'galvin,owen', 'mcintyre,william', 'nestlehutt,jake', 'nyawata,anesu', 'dalton,price', 'evans,andrew', 'giroux,preston', 'samson,vaughn', 'swift,dj', 'weatherford,mitch']",956
94,0864,Rhodes,Berry,1,102-114,"59,55","54,48",7-6; 1-1 SAA,5-8; 0-2 SAA,N/A,N/A,01/05/18,8:00 PM,N/A,"Memphis, Tenn.",Win,2,False,127,False,15:56,,12 ,,7,"SUB OUT by GALVIN,OWEN",,,"SUB OUT by GALVIN,OWEN",1,subbing out,,rhodes,"galvin,owen",,"['johnson,caleb', 'hirsh,elijah', 'atkinson,quinn', 'mccloud,alton', 'moore,myles']","['de,nick', 'berry,bryce', 'mcintyre,william', 'nestlehutt,jake', 'nyawata,anesu', 'dalton,price', 'evans,andrew', 'giroux,preston', 'samson,vaughn', 'swift,dj', 'weatherford,mitch']",956
95,0864,Rhodes,Berry,1,102-114,"59,55","54,48",7-6; 1-1 SAA,5-8; 0-2 SAA,N/A,N/A,01/05/18,8:00 PM,N/A,"Memphis, Tenn.",Win,2,False,127,False,15:56,,12 ,,7,"SUB OUT by MCINTYRE,WILLIAM",,,"SUB OUT by MCINTYRE,WILLIAM",1,subbing out,,rhodes,"mcintyre,william",,"['johnson,caleb', 'hirsh,elijah', 'atkinson,quinn', 'mccloud,alton', 'moore,myles']","['de,nick', 'berry,bryce', 'nestlehutt,jake', 'nyawata,anesu', 'dalton,price', 'evans,andrew', 'giroux,preston', 'samson,vaughn', 'swift,dj', 'weatherford,mitch']",956
96,0864,Rhodes,Berry,1,102-114,"59,55","54,48",7-6; 1-1 SAA,5-8; 0-2 SAA,N/A,N/A,01/05/18,8:00 PM,N/A,"Memphis, Tenn.",Win,2,False,127,False,15:56,,12 ,,7,"SUB OUT by NESTLEHUTT,JAKE",,,"SUB OUT by NESTLEHUTT,JAKE",1,subbing out,,rhodes,"nestlehutt,jake",,"['johnson,caleb', 'hirsh,elijah', 'atkinson,quinn', 'mccloud,alton', 'moore,myles']","['de,nick', 'berry,bryce', 'nyawata,anesu', 'dalton,price', 'evans,andrew', 'giroux,preston', 'samson,vaughn', 'swift,dj', 'weatherford,mitch']",956
97,0864,Rhodes,Berry,1,102-114,"59,55","54,48",7-6; 1-1 SAA,5-8; 0-2 SAA,N/A,N/A,01/05/18,8:00 PM,N/A,"Memphis, Tenn.",Win,2,False,127,False,15:56,,12 ,,7,"SUB OUT by NYAWATA,ANESU",,,"SUB OUT by NYAWATA,ANESU",1,subbing out,,rhodes,"nyawata,anesu",,"['johnson,caleb', 'hirsh,elijah', 'atkinson,quinn', 'mccloud,alton', 'moore,myles']","['de,nick', 'berry,bryce', 'dalton,price', 'evans,andrew', 'giroux,preston', 'samson,vaughn', 'swift,dj', 'weatherford,mitch']",956
98,0864,Rhodes,Berry,1,102-114,"59,55","54,48",7-6; 1-1 SAA,5-8; 0-2 SAA,N/A,N/A,01/05/18,8:00 PM,N/A,"Memphis, Tenn.",Win,2,False,127,False,15:56,,12 ,,7,"SUB OUT by DALTON,PRICE",,,"SUB OUT by DALTON,PRICE",1,subbing out,,rhodes,"dalton,price",,"['johnson,caleb', 'hirsh,elijah', 'atkinson,quinn', 'mccloud,alton', 'moore,myles']","['de,nick', 'berry,bryce', 'evans,andrew', 'giroux,preston', 'samson,vaughn', 'swift,dj', 'weatherford,mitch']",956
99,0864,Rhodes,Berry,1,102-114,"59,55","54,48",7-6; 1-1 SAA,5-8; 0-2 SAA,N/A,N/A,01/05/18,8:00 PM,N/A,"Memphis, Tenn.",Win,2,False,127,False,15:53,"TURNOVER  by FORTE,MCCARTY",12 ,,7,,,,"TURNOVER  by FORTE,MCCARTY",1,turnover,,berry,"forte,mccarty",,"['johnson,caleb', 'hirsh,elijah', 'atkinson,quinn', 'mccloud,alton', 'moore,myles']","['de,nick', 'berry,bryce', 'evans,andrew', 'giroux,preston', 'samson,vaughn', 'swift,dj', 'weatherford,mitch']",953
100,0864,Rhodes,Berry,1,102-114,"59,55","54,48",7-6; 1-1 SAA,5-8; 0-2 SAA,N/A,N/A,01/05/18,8:00 PM,N/A,"Memphis, Tenn.",Win,2,False,127,False,15:52,,12 ,,7,"STEAL  by GIROUX,PRESTON",,,"STEAL  by GIROUX,PRESTON",1,steal,,rhodes,,,"['johnson,caleb', 'hirsh,elijah', 'atkinson,quinn', 'mccloud,alton', 'moore,myles']","['de,nick', 'berry,bryce', 'evans,andrew', 'giroux,preston', 'samson,vaughn', 'swift,dj', 'weatherford,mitch']",952
101,0864,Rhodes,Berry,1,102-114,"59,55","54,48",7-6; 1-1 SAA,5-8; 0-2 SAA,N/A,N/A,01/05/18,8:00 PM,N/A,"Memphis, Tenn.",Win,2,False,127,False,15:43,,12 ,,9,"GOOD LAYUP by GIROUX,PRESTON(in the paint)",RHODES 12-9 (+3),,"GOOD LAYUP by GIROUX,PRESTON(in the paint)",1,layup,good,rhodes,"giroux,preston",2,"['johnson,caleb', 'hirsh,elijah', 'atkinson,quinn', 'mccloud,alton', 'moore,myles']","['de,nick', 'berry,bryce', 'evans,andrew', 'giroux,preston', 'samson,vaughn', 'swift,dj', 'weatherford,mitch']",943
102,0864,Rhodes,Berry,1,102-114,"59,55","54,48",7-6; 1-1 SAA,5-8; 0-2 SAA,N/A,N/A,01/05/18,8:00 PM,N/A,"Memphis, Tenn.",Win,2,False,127,False,--,,12 ,,9,"ASSIST  by SWIFT,DJ",,,"ASSIST  by SWIFT,DJ",1,assist,,rhodes,"swift,dj",,"['johnson,caleb', 'hirsh,elijah', 'atkinson,quinn', 'mccloud,alton', 'moore,myles']","['de,nick', 'berry,bryce', 'evans,andrew', 'giroux,preston', 'samson,vaughn', 'swift,dj', 'weatherford,mitch']",
103,0864,Rhodes,Berry,1,102-114,"59,55","54,48",7-6; 1-1 SAA,5-8; 0-2 SAA,N/A,N/A,01/05/18,8:00 PM,N/A,"Memphis, Tenn.",Win,2,False,127,False,15:24,,12 ,,9,"FOUL  by WEATHERFORD,MITCH",,,"FOUL  by WEATHERFORD,MITCH",1,foul,,rhodes,"weatherford,mitch",,"['johnson,caleb', 'hirsh,elijah', 'atkinson,quinn', 'mccloud,alton', 'moore,myles']","['de,nick', 'berry,bryce', 'evans,andrew', 'giroux,preston', 'samson,vaughn', 'swift,dj', 'weatherford,mitch']",924
104,0864,Rhodes,Berry,1,102-114,"59,55","54,48",7-6; 1-1 SAA,5-8; 0-2 SAA,N/A,N/A,01/05/18,8:00 PM,N/A,"Memphis, Tenn.",Win,2,False,127,False,15:24,"MISS FT by MCCLOUD,ALTON",12 ,,9,,,,"MISS FT by MCCLOUD,ALTON",1,free throw,missed,berry,"mccloud,alton",,"['johnson,caleb', 'hirsh,elijah', 'atkinson,quinn', 'mccloud,alton', 'moore,myles']","['de,nick', 'berry,bryce', 'evans,andrew', 'giroux,preston', 'samson,vaughn', 'swift,dj', 'weatherford,mitch']",924
105,0864,Rhodes,Berry,1,102-114,"59,55","54,48",7-6; 1-1 SAA,5-8; 0-2 SAA,N/A,N/A,01/05/18,8:00 PM,N/A,"Memphis, Tenn.",Win,2,False,127,False,--,REBOUND DEADB by TEAM,12 ,,9,,,,REBOUND DEADB by TEAM,1,deadball rebound,,berry,,,"['johnson,caleb', 'hirsh,elijah', 'atkinson,quinn', 'mccloud,alton', 'moore,myles']","['de,nick', 'berry,bryce', 'evans,andrew', 'giroux,preston', 'samson,vaughn', 'swift,dj', 'weatherford,mitch']",
106,0864,Rhodes,Berry,1,102-114,"59,55","54,48",7-6; 1-1 SAA,5-8; 0-2 SAA,N/A,N/A,01/05/18,8:00 PM,N/A,"Memphis, Tenn.",Win,2,False,127,False,15:24,"MISS FT by MCCLOUD,ALTON",12 ,,9,,,,"MISS FT by MCCLOUD,ALTON",1,free throw,missed,berry,"mccloud,alton",,"['johnson,caleb', 'hirsh,elijah', 'atkinson,quinn', 'mccloud,alton', 'moore,myles']","['de,nick', 'berry,bryce', 'evans,andrew', 'giroux,preston', 'samson,vaughn', 'swift,dj', 'weatherford,mitch']",924
107,0864,Rhodes,Berry,1,102-114,"59,55","54,48",7-6; 1-1 SAA,5-8; 0-2 SAA,N/A,N/A,01/05/18,8:00 PM,N/A,"Memphis, Tenn.",Win,2,False,127,False,--,,12 ,,9,"REBOUND DEF by ASHBY,KENDRICK",,,"REBOUND DEF by ASHBY,KENDRICK",1,defensive rebound,,rhodes,"ashby,kendrick",,"['johnson,caleb', 'hirsh,elijah', 'atkinson,quinn', 'mccloud,alton', 'moore,myles']","['de,nick', 'berry,bryce', 'evans,andrew', 'giroux,preston', 'samson,vaughn', 'swift,dj', 'weatherford,mitch']",
108,0864,Rhodes,Berry,1,102-114,"59,55","54,48",7-6; 1-1 SAA,5-8; 0-2 SAA,N/A,N/A,01/05/18,8:00 PM,N/A,"Memphis, Tenn.",Win,2,False,127,False,15:24,,12 ,,9,"SUB IN by LOVE,KERRY",,,"SUB IN by LOVE,KERRY",1,subbing in,,rhodes,"love,kerry",,"['johnson,caleb', 'hirsh,elijah', 'atkinson,quinn', 'mccloud,alton', 'moore,myles']","['de,nick', 'berry,bryce', 'evans,andrew', 'giroux,preston', 'samson,vaughn', 'swift,dj', 'weatherford,mitch', 'love,kerry']",924
109,0864,Rhodes,Berry,1,102-114,"59,55","54,48",7-6; 1-1 SAA,5-8; 0-2 SAA,N/A,N/A,01/05/18,8:00 PM,N/A,"Memphis, Tenn.",Win,2,False,127,False,15:24,,12 ,,9,"SUB IN by ASHBY,KENDRICK",,,"SUB IN by ASHBY,KENDRICK",1,subbing in,,rhodes,"ashby,kendrick",,"['johnson,caleb', 'hirsh,elijah', 'atkinson,quinn', 'mccloud,alton', 'moore,myles']","['de,nick', 'berry,bryce', 'evans,andrew', 'giroux,preston', 'samson,vaughn', 'swift,dj', 'weatherford,mitch', 'love,kerry', 'ashby,kendrick']",924
110,0864,Rhodes,Berry,1,102-114,"59,55","54,48",7-6; 1-1 SAA,5-8; 0-2 SAA,N/A,N/A,01/05/18,8:00 PM,N/A,"Memphis, Tenn.",Win,2,False,127,False,15:24,,12 ,,9,"SUB IN by FERIA,NICK DE",,,"SUB IN by FERIA,NICK DE",1,subbing in,,rhodes,"feria,nick de",,"['johnson,caleb', 'hirsh,elijah', 'atkinson,quinn', 'mccloud,alton', 'moore,myles']","['de,nick', 'berry,bryce', 'evans,andrew', 'giroux,preston', 'samson,vaughn', 'swift,dj', 'weatherford,mitch', 'love,kerry', 'ashby,kendrick', 'feria,nick de']",924
111,0864,Rhodes,Berry,1,102-114,"59,55","54,48",7-6; 1-1 SAA,5-8; 0-2 SAA,N/A,N/A,01/05/18,8:00 PM,N/A,"Memphis, Tenn.",Win,2,False,127,False,15:24,,12 ,,9,"SUB IN by DARST,DANIEL",,,"SUB IN by DARST,DANIEL",1,subbing in,,rhodes,"darst,daniel",,"['johnson,caleb', 'hirsh,elijah', 'atkinson,quinn', 'mccloud,alton', 'moore,myles']","['de,nick', 'berry,bryce', 'evans,andrew', 'giroux,preston', 'samson,vaughn', 'swift,dj', 'weatherford,mitch', 'love,kerry', 'ashby,kendrick', 'feria,nick de', 'darst,daniel']",924
112,0864,Rhodes,Berry,1,102-114,"59,55","54,48",7-6; 1-1 SAA,5-8; 0-2 SAA,N/A,N/A,01/05/18,8:00 PM,N/A,"Memphis, Tenn.",Win,2,False,127,False,15:24,,12 ,,9,"SUB IN by BERRY,BRYCE",,,"SUB IN by BERRY,BRYCE",1,subbing in,,rhodes,"berry,bryce",,"['johnson,caleb', 'hirsh,elijah', 'atkinson,quinn', 'mccloud,alton', 'moore,myles']","['de,nick', 'berry,bryce', 'evans,andrew', 'giroux,preston', 'samson,vaughn', 'swift,dj', 'weatherford,mitch', 'love,kerry', 'ashby,kendrick', 'feria,nick de', 'darst,daniel']",924
113,0864,Rhodes,Berry,1,102-114,"59,55","54,48",7-6; 1-1 SAA,5-8; 0-2 SAA,N/A,N/A,01/05/18,8:00 PM,N/A,"Memphis, Tenn.",Win,2,False,127,False,15:24,,12 ,,9,"SUB OUT by EVANS,ANDREW",,,"SUB OUT by EVANS,ANDREW",1,subbing out,,rhodes,"evans,andrew",,"['johnson,caleb', 'hirsh,elijah', 'atkinson,quinn', 'mccloud,alton', 'moore,myles']","['de,nick', 'berry,bryce', 'evans,andrew', 'giroux,preston', 'samson,vaughn', 'swift,dj', 'weatherford,mitch', 'love,kerry', 'ashby,kendrick', 'feria,nick de', 'darst,daniel']",924
114,0864,Rhodes,Berry,1,102-114,"59,55","54,48",7-6; 1-1 SAA,5-8; 0-2 SAA,N/A,N/A,01/05/18,8:00 PM,N/A,"Memphis, Tenn.",Win,2,False,127,False,15:24,,12 ,,9,"SUB OUT by GIROUX,PRESTON",,,"SUB OUT by GIROUX,PRESTON",1,subbing out,,rhodes,"giroux,preston",,"['johnson,caleb', 'hirsh,elijah', 'atkinson,quinn', 'mccloud,alton', 'moore,myles']","['de,nick', 'berry,bryce', 'evans,andrew', 'samson,vaughn', 'swift,dj', 'weatherford,mitch', 'love,kerry', 'ashby,kendrick', 'feria,nick de', 'darst,daniel']",924
115,0864,Rhodes,Berry,1,102-114,"59,55","54,48",7-6; 1-1 SAA,5-8; 0-2 SAA,N/A,N/A,01/05/18,8:00 PM,N/A,"Memphis, Tenn.",Win,2,False,127,False,15:24,,12 ,,9,"SUB OUT by SAMSON,VAUGHN",,,"SUB OUT by SAMSON,VAUGHN",1,subbing out,,rhodes,"samson,vaughn",,"['johnson,caleb', 'hirsh,elijah', 'atkinson,quinn', 'mccloud,alton', 'moore,myles']","['de,nick', 'berry,bryce', 'evans,andrew', 'swift,dj', 'weatherford,mitch', 'love,kerry', 'ashby,kendrick', 'feria,nick de', 'darst,daniel']",924
116,0864,Rhodes,Berry,1,102-114,"59,55","54,48",7-6; 1-1 SAA,5-8; 0-2 SAA,N/A,N/A,01/05/18,8:00 PM,N/A,"Memphis, Tenn.",Win,2,False,127,False,15:24,,12 ,,9,"SUB OUT by SWIFT,DJ",,,"SUB OUT by SWIFT,DJ",1,subbing out,,rhodes,"swift,dj",,"['johnson,caleb', 'hirsh,elijah', 'atkinson,quinn', 'mccloud,alton', 'moore,myles']","['de,nick', 'berry,bryce', 'evans,andrew', 'weatherford,mitch', 'love,kerry', 'ashby,kendrick', 'feria,nick de', 'darst,daniel']",924
117,0864,Rhodes,Berry,1,102-114,"59,55","54,48",7-6; 1-1 SAA,5-8; 0-2 SAA,N/A,N/A,01/05/18,8:00 PM,N/A,"Memphis, Tenn.",Win,2,False,127,False,15:24,,12 ,,9,"SUB OUT by WEATHERFORD,MITCH",,,"SUB OUT by WEATHERFORD,MITCH",1,subbing out,,rhodes,"weatherford,mitch",,"['johnson,caleb', 'hirsh,elijah', 'atkinson,quinn', 'mccloud,alton', 'moore,myles']","['de,nick', 'berry,bryce', 'evans,andrew', 'love,kerry', 'ashby,kendrick', 'feria,nick de', 'darst,daniel']",924
118,0864,Rhodes,Berry,1,102-114,"59,55","54,48",7-6; 1-1 SAA,5-8; 0-2 SAA,N/A,N/A,01/05/18,8:00 PM,N/A,"Memphis, Tenn.",Win,2,False,127,False,15:19,,12 ,,11,"GOOD LAYUP by DARST,DANIEL(in the paint)",RHODES 12-11 (+1),,"GOOD LAYUP by DARST,DANIEL(in the paint)",1,layup,good,rhodes,"darst,daniel",2,"['johnson,caleb', 'hirsh,elijah', 'atkinson,quinn', 'mccloud,alton', 'moore,myles']","['de,nick', 'berry,bryce', 'evans,andrew', 'love,kerry', 'ashby,kendrick', 'feria,nick de', 'darst,daniel']",919
119,0864,Rhodes,Berry,1,102-114,"59,55","54,48",7-6; 1-1 SAA,5-8; 0-2 SAA,N/A,N/A,01/05/18,8:00 PM,N/A,"Memphis, Tenn.",Win,2,False,127,False,15:06,,12 ,,11,"FOUL  by ASHBY,KENDRICK",,,"FOUL  by ASHBY,KENDRICK",1,foul,,rhodes,"ashby,kendrick",,"['johnson,caleb', 'hirsh,elijah', 'atkinson,quinn', 'mccloud,alton', 'moore,myles']","['de,nick', 'berry,bryce', 'evans,andrew', 'love,kerry', 'ashby,kendrick', 'feria,nick de', 'darst,daniel']",906
120,0864,Rhodes,Berry,1,102-114,"59,55","54,48",7-6; 1-1 SAA,5-8; 0-2 SAA,N/A,N/A,01/05/18,8:00 PM,N/A,"Memphis, Tenn.",Win,2,False,127,False,15:06,"MISS FT by FORTE,MCCARTY",12 ,,11,,,,"MISS FT by FORTE,MCCARTY",1,free throw,missed,berry,"forte,mccarty",,"['johnson,caleb', 'hirsh,elijah', 'atkinson,quinn', 'mccloud,alton', 'moore,myles']","['de,nick', 'berry,bryce', 'evans,andrew', 'love,kerry', 'ashby,kendrick', 'feria,nick de', 'darst,daniel']",906
121,0864,Rhodes,Berry,1,102-114,"59,55","54,48",7-6; 1-1 SAA,5-8; 0-2 SAA,N/A,N/A,01/05/18,8:00 PM,N/A,"Memphis, Tenn.",Win,2,False,127,False,--,REBOUND DEADB by TEAM,12 ,,11,,,,REBOUND DEADB by TEAM,1,deadball rebound,,berry,,,"['johnson,caleb', 'hirsh,elijah', 'atkinson,quinn', 'mccloud,alton', 'moore,myles']","['de,nick', 'berry,bryce', 'evans,andrew', 'love,kerry', 'ashby,kendrick', 'feria,nick de', 'darst,daniel']",
122,0864,Rhodes,Berry,1,102-114,"59,55","54,48",7-6; 1-1 SAA,5-8; 0-2 SAA,N/A,N/A,01/05/18,8:00 PM,N/A,"Memphis, Tenn.",Win,2,False,127,False,15:06,"MISS FT by FORTE,MCCARTY",12 ,,11,,,,"MISS FT by FORTE,MCCARTY",1,free throw,missed,berry,"forte,mccarty",,"['johnson,caleb', 'hirsh,elijah', 'atkinson,quinn', 'mccloud,alton', 'moore,myles']","['de,nick', 'berry,bryce', 'evans,andrew', 'love,kerry', 'ashby,kendrick', 'feria,nick de', 'darst,daniel']",906
123,0864,Rhodes,Berry,1,102-114,"59,55","54,48",7-6; 1-1 SAA,5-8; 0-2 SAA,N/A,N/A,01/05/18,8:00 PM,N/A,"Memphis, Tenn.",Win,2,False,127,False,--,,12 ,,11,REBOUND DEF by TEAM,,,REBOUND DEF by TEAM,1,defensive rebound,,rhodes,,,"['johnson,caleb', 'hirsh,elijah', 'atkinson,quinn', 'mccloud,alton', 'moore,myles']","['de,nick', 'berry,bryce', 'evans,andrew', 'love,kerry', 'ashby,kendrick', 'feria,nick de', 'darst,daniel']",
124,0864,Rhodes,Berry,1,102-114,"59,55","54,48",7-6; 1-1 SAA,5-8; 0-2 SAA,N/A,N/A,01/05/18,8:00 PM,N/A,"Memphis, Tenn.",Win,2,False,127,False,15:06,"SUB IN by ELLINGSWORTH,COLEMAN",12 ,,11,,,,"SUB IN by ELLINGSWORTH,COLEMAN",1,subbing in,,berry,"ellingsworth,coleman",,"['johnson,caleb', 'hirsh,elijah', 'atkinson,quinn', 'mccloud,alton', 'moore,myles', 'ellingsworth,coleman']","['de,nick', 'berry,bryce', 'evans,andrew', 'love,kerry', 'ashby,kendrick', 'feria,nick de', 'darst,daniel']",906
125,0864,Rhodes,Berry,1,102-114,"59,55","54,48",7-6; 1-1 SAA,5-8; 0-2 SAA,N/A,N/A,01/05/18,8:00 PM,N/A,"Memphis, Tenn.",Win,2,False,127,False,15:06,"SUB IN by MARDER,NICK",12 ,,11,,,,"SUB IN by MARDER,NICK",1,subbing in,,berry,"marder,nick",,"['johnson,caleb', 'hirsh,elijah', 'atkinson,quinn', 'mccloud,alton', 'moore,myles', 'ellingsworth,coleman', 'marder,nick']","['de,nick', 'berry,bryce', 'evans,andrew', 'love,kerry', 'ashby,kendrick', 'feria,nick de', 'darst,daniel']",906
126,0864,Rhodes,Berry,1,102-114,"59,55","54,48",7-6; 1-1 SAA,5-8; 0-2 SAA,N/A,N/A,01/05/18,8:00 PM,N/A,"Memphis, Tenn.",Win,2,False,127,False,15:06,"SUB OUT by HIRSH,ELIJAH",12 ,,11,,,,"SUB OUT by HIRSH,ELIJAH",1,subbing out,,berry,"hirsh,elijah",,"['johnson,caleb', 'atkinson,quinn', 'mccloud,alton', 'moore,myles', 'ellingsworth,coleman', 'marder,nick']","['de,nick', 'berry,bryce', 'evans,andrew', 'love,kerry', 'ashby,kendrick', 'feria,nick de', 'darst,daniel']",906
127,0864,Rhodes,Berry,1,102-114,"59,55","54,48",7-6; 1-1 SAA,5-8; 0-2 SAA,N/A,N/A,01/05/18,8:00 PM,N/A,"Memphis, Tenn.",Win,2,False,127,False,15:06,"SUB OUT by MCCLOUD,ALTON",12 ,,11,,,,"SUB OUT by MCCLOUD,ALTON",1,subbing out,,berry,"mccloud,alton",,"['johnson,caleb', 'atkinson,quinn', 'moore,myles', 'ellingsworth,coleman', 'marder,nick']","['de,nick', 'berry,bryce', 'evans,andrew', 'love,kerry', 'ashby,kendrick', 'feria,nick de', 'darst,daniel']",906
128,0864,Rhodes,Berry,1,102-114,"59,55","54,48",7-6; 1-1 SAA,5-8; 0-2 SAA,N/A,N/A,01/05/18,8:00 PM,N/A,"Memphis, Tenn.",Win,2,False,127,False,14:59,,12 ,,11,"MISS LAYUP by BERRY,BRYCE",,,"MISS LAYUP by BERRY,BRYCE",1,layup,missed,rhodes,"berry,bryce",,"['johnson,caleb', 'atkinson,quinn', 'moore,myles', 'ellingsworth,coleman', 'marder,nick']","['de,nick', 'berry,bryce', 'evans,andrew', 'love,kerry', 'ashby,kendrick', 'feria,nick de', 'darst,daniel']",899
129,0864,Rhodes,Berry,1,102-114,"59,55","54,48",7-6; 1-1 SAA,5-8; 0-2 SAA,N/A,N/A,01/05/18,8:00 PM,N/A,"Memphis, Tenn.",Win,2,False,127,False,--,"REBOUND DEF by MOORE,MYLES",12 ,,11,,,,"REBOUND DEF by MOORE,MYLES",1,defensive rebound,,berry,"moore,myles",,"['johnson,caleb', 'atkinson,quinn', 'moore,myles', 'ellingsworth,coleman', 'marder,nick']","['de,nick', 'berry,bryce', 'evans,andrew', 'love,kerry', 'ashby,kendrick', 'feria,nick de', 'darst,daniel']",
130,0864,Rhodes,Berry,1,102-114,"59,55","54,48",7-6; 1-1 SAA,5-8; 0-2 SAA,N/A,N/A,01/05/18,8:00 PM,N/A,"Memphis, Tenn.",Win,2,False,127,False,14:52,"TURNOVER  by MOORE,MYLES",12 ,,11,,,,"TURNOVER  by MOORE,MYLES",1,turnover,,berry,"moore,myles",,"['johnson,caleb', 'atkinson,quinn', 'moore,myles', 'ellingsworth,coleman', 'marder,nick']","['de,nick', 'berry,bryce', 'evans,andrew', 'love,kerry', 'ashby,kendrick', 'feria,nick de', 'darst,daniel']",892
131,0864,Rhodes,Berry,1,102-114,"59,55","54,48",7-6; 1-1 SAA,5-8; 0-2 SAA,N/A,N/A,01/05/18,8:00 PM,N/A,"Memphis, Tenn.",Win,2,False,127,False,14:51,,12 ,,11,"STEAL  by ASHBY,KENDRICK",,,"STEAL  by ASHBY,KENDRICK",1,steal,,rhodes,,,"['johnson,caleb', 'atkinson,quinn', 'moore,myles', 'ellingsworth,coleman', 'marder,nick']","['de,nick', 'berry,bryce', 'evans,andrew', 'love,kerry', 'ashby,kendrick', 'feria,nick de', 'darst,daniel']",891
132,0864,Rhodes,Berry,1,102-114,"59,55","54,48",7-6; 1-1 SAA,5-8; 0-2 SAA,N/A,N/A,01/05/18,8:00 PM,N/A,"Memphis, Tenn.",Win,2,False,127,False,14:47,"FOUL  by JOHNSON,CALEB",12 ,,11,,,,"FOUL  by JOHNSON,CALEB",1,foul,,berry,"johnson,caleb",,"['johnson,caleb', 'atkinson,quinn', 'moore,myles', 'ellingsworth,coleman', 'marder,nick']","['de,nick', 'berry,bryce', 'evans,andrew', 'love,kerry', 'ashby,kendrick', 'feria,nick de', 'darst,daniel']",887
133,0864,Rhodes,Berry,1,102-114,"59,55","54,48",7-6; 1-1 SAA,5-8; 0-2 SAA,N/A,N/A,01/05/18,8:00 PM,N/A,"Memphis, Tenn.",Win,2,False,127,False,14:47,,12,,12,"GOOD FT by LOVE,KERRY",RHODES 12-12 (0),,"GOOD FT by LOVE,KERRY",1,free throw,good,rhodes,"love,kerry",1,"['johnson,caleb', 'atkinson,quinn', 'moore,myles', 'ellingsworth,coleman', 'marder,nick']","['de,nick', 'berry,bryce', 'evans,andrew', 'love,kerry', 'ashby,kendrick', 'feria,nick de', 'darst,daniel']",887
134,0864,Rhodes,Berry,1,102-114,"59,55","54,48",7-6; 1-1 SAA,5-8; 0-2 SAA,N/A,N/A,01/05/18,8:00 PM,N/A,"Memphis, Tenn.",Win,2,False,127,False,14:47,,12,,13 ,"GOOD FT by LOVE,KERRY",RHODES 12-13 (-1),,"GOOD FT by LOVE,KERRY",1,free throw,good,rhodes,"love,kerry",1,"['johnson,caleb', 'atkinson,quinn', 'moore,myles', 'ellingsworth,coleman', 'marder,nick']","['de,nick', 'berry,bryce', 'evans,andrew', 'love,kerry', 'ashby,kendrick', 'feria,nick de', 'darst,daniel']",887
135,0864,Rhodes,Berry,1,102-114,"59,55","54,48",7-6; 1-1 SAA,5-8; 0-2 SAA,N/A,N/A,01/05/18,8:00 PM,N/A,"Memphis, Tenn.",Win,2,False,127,False,14:47,,12,,13 ,"SUB IN by NYAWATA,ANESU",,,"SUB IN by NYAWATA,ANESU",1,subbing in,,rhodes,"nyawata,anesu",,"['johnson,caleb', 'atkinson,quinn', 'moore,myles', 'ellingsworth,coleman', 'marder,nick']","['de,nick', 'berry,bryce', 'evans,andrew', 'love,kerry', 'ashby,kendrick', 'feria,nick de', 'darst,daniel', 'nyawata,anesu']",887
136,0864,Rhodes,Berry,1,102-114,"59,55","54,48",7-6; 1-1 SAA,5-8; 0-2 SAA,N/A,N/A,01/05/18,8:00 PM,N/A,"Memphis, Tenn.",Win,2,False,127,False,14:47,,12,,13 ,"SUB IN by GALVIN,OWEN",,,"SUB IN by GALVIN,OWEN",1,subbing in,,rhodes,"galvin,owen",,"['johnson,caleb', 'atkinson,quinn', 'moore,myles', 'ellingsworth,coleman', 'marder,nick']","['de,nick', 'berry,bryce', 'evans,andrew', 'love,kerry', 'ashby,kendrick', 'feria,nick de', 'darst,daniel', 'nyawata,anesu', 'galvin,owen']",887
137,0864,Rhodes,Berry,1,102-114,"59,55","54,48",7-6; 1-1 SAA,5-8; 0-2 SAA,N/A,N/A,01/05/18,8:00 PM,N/A,"Memphis, Tenn.",Win,2,False,127,False,14:47,,12,,13 ,"SUB IN by MCINTYRE,WILLIAM",,,"SUB IN by MCINTYRE,WILLIAM",1,subbing in,,rhodes,"mcintyre,william",,"['johnson,caleb', 'atkinson,quinn', 'moore,myles', 'ellingsworth,coleman', 'marder,nick']","['de,nick', 'berry,bryce', 'evans,andrew', 'love,kerry', 'ashby,kendrick', 'feria,nick de', 'darst,daniel', 'nyawata,anesu', 'galvin,owen', 'mcintyre,william']",887
138,0864,Rhodes,Berry,1,102-114,"59,55","54,48",7-6; 1-1 SAA,5-8; 0-2 SAA,N/A,N/A,01/05/18,8:00 PM,N/A,"Memphis, Tenn.",Win,2,False,127,False,14:47,,12,,13 ,"SUB IN by NESTLEHUTT,JAKE",,,"SUB IN by NESTLEHUTT,JAKE",1,subbing in,,rhodes,"nestlehutt,jake",,"['johnson,caleb', 'atkinson,quinn', 'moore,myles', 'ellingsworth,coleman', 'marder,nick']","['de,nick', 'berry,bryce', 'evans,andrew', 'love,kerry', 'ashby,kendrick', 'feria,nick de', 'darst,daniel', 'nyawata,anesu', 'galvin,owen', 'mcintyre,william', 'nestlehutt,jake']",887
139,0864,Rhodes,Berry,1,102-114,"59,55","54,48",7-6; 1-1 SAA,5-8; 0-2 SAA,N/A,N/A,01/05/18,8:00 PM,N/A,"Memphis, Tenn.",Win,2,False,127,False,14:47,,12,,13 ,"SUB IN by DALTON,PRICE",,,"SUB IN by DALTON,PRICE",1,subbing in,,rhodes,"dalton,price",,"['johnson,caleb', 'atkinson,quinn', 'moore,myles', 'ellingsworth,coleman', 'marder,nick']","['de,nick', 'berry,bryce', 'evans,andrew', 'love,kerry', 'ashby,kendrick', 'feria,nick de', 'darst,daniel', 'nyawata,anesu', 'galvin,owen', 'mcintyre,william', 'nestlehutt,jake', 'dalton,price']",887
140,0864,Rhodes,Berry,1,102-114,"59,55","54,48",7-6; 1-1 SAA,5-8; 0-2 SAA,N/A,N/A,01/05/18,8:00 PM,N/A,"Memphis, Tenn.",Win,2,False,127,False,14:47,,12,,13 ,"SUB OUT by LOVE,KERRY",,,"SUB OUT by LOVE,KERRY",1,subbing out,,rhodes,"love,kerry",,"['johnson,caleb', 'atkinson,quinn', 'moore,myles', 'ellingsworth,coleman', 'marder,nick']","['de,nick', 'berry,bryce', 'evans,andrew', 'ashby,kendrick', 'feria,nick de', 'darst,daniel', 'nyawata,anesu', 'galvin,owen', 'mcintyre,william', 'nestlehutt,jake', 'dalton,price']",887
141,0864,Rhodes,Berry,1,102-114,"59,55","54,48",7-6; 1-1 SAA,5-8; 0-2 SAA,N/A,N/A,01/05/18,8:00 PM,N/A,"Memphis, Tenn.",Win,2,False,127,False,14:47,,12,,13 ,"SUB OUT by ASHBY,KENDRICK",,,"SUB OUT by ASHBY,KENDRICK",1,subbing out,,rhodes,"ashby,kendrick",,"['johnson,caleb', 'atkinson,quinn', 'moore,myles', 'ellingsworth,coleman', 'marder,nick']","['de,nick', 'berry,bryce', 'evans,andrew', 'feria,nick de', 'darst,daniel', 'nyawata,anesu', 'galvin,owen', 'mcintyre,william', 'nestlehutt,jake', 'dalton,price']",887
142,0864,Rhodes,Berry,1,102-114,"59,55","54,48",7-6; 1-1 SAA,5-8; 0-2 SAA,N/A,N/A,01/05/18,8:00 PM,N/A,"Memphis, Tenn.",Win,2,False,127,False,14:47,,12,,13 ,"SUB OUT by FERIA,NICK DE",,,"SUB OUT by FERIA,NICK DE",1,subbing out,,rhodes,"feria,nick de",,"['johnson,caleb', 'atkinson,quinn', 'moore,myles', 'ellingsworth,coleman', 'marder,nick']","['de,nick', 'berry,bryce', 'evans,andrew', 'darst,daniel', 'nyawata,anesu', 'galvin,owen', 'mcintyre,william', 'nestlehutt,jake', 'dalton,price']",887
143,0864,Rhodes,Berry,1,102-114,"59,55","54,48",7-6; 1-1 SAA,5-8; 0-2 SAA,N/A,N/A,01/05/18,8:00 PM,N/A,"Memphis, Tenn.",Win,2,False,127,False,14:47,,12,,13 ,"SUB OUT by DARST,DANIEL",,,"SUB OUT by DARST,DANIEL",1,subbing out,,rhodes,"darst,daniel",,"['johnson,caleb', 'atkinson,quinn', 'moore,myles', 'ellingsworth,coleman', 'marder,nick']","['de,nick', 'berry,bryce', 'evans,andrew', 'nyawata,anesu', 'galvin,owen', 'mcintyre,william', 'nestlehutt,jake', 'dalton,price']",887
144,0864,Rhodes,Berry,1,102-114,"59,55","54,48",7-6; 1-1 SAA,5-8; 0-2 SAA,N/A,N/A,01/05/18,8:00 PM,N/A,"Memphis, Tenn.",Win,2,False,127,False,14:47,,12,,13 ,"SUB OUT by BERRY,BRYCE",,,"SUB OUT by BERRY,BRYCE",1,subbing out,,rhodes,"berry,bryce",,"['johnson,caleb', 'atkinson,quinn', 'moore,myles', 'ellingsworth,coleman', 'marder,nick']","['de,nick', 'evans,andrew', 'nyawata,anesu', 'galvin,owen', 'mcintyre,william', 'nestlehutt,jake', 'dalton,price']",887
145,0864,Rhodes,Berry,1,102-114,"59,55","54,48",7-6; 1-1 SAA,5-8; 0-2 SAA,N/A,N/A,01/05/18,8:00 PM,N/A,"Memphis, Tenn.",Win,2,False,127,False,14:41,"GOOD DUNK by ELLINGSWORTH,COLEMAN(fastbreak)(in the paint)",14 ,,13,,BCM 14-13 (+1),,"GOOD DUNK by ELLINGSWORTH,COLEMAN(fastbreak)(in the paint)",1,dunk,good,berry,,2,"['johnson,caleb', 'atkinson,quinn', 'moore,myles', 'ellingsworth,coleman', 'marder,nick']","['de,nick', 'evans,andrew', 'nyawata,anesu', 'galvin,owen', 'mcintyre,william', 'nestlehutt,jake', 'dalton,price']",881
146,0864,Rhodes,Berry,1,102-114,"59,55","54,48",7-6; 1-1 SAA,5-8; 0-2 SAA,N/A,N/A,01/05/18,8:00 PM,N/A,"Memphis, Tenn.",Win,2,False,127,False,--,"ASSIST  by JOHNSON,CORY",14 ,,13,,,,"ASSIST  by JOHNSON,CORY",1,assist,,berry,"johnson,cory",,"['johnson,caleb', 'atkinson,quinn', 'moore,myles', 'ellingsworth,coleman', 'marder,nick']","['de,nick', 'evans,andrew', 'nyawata,anesu', 'galvin,owen', 'mcintyre,william', 'nestlehutt,jake', 'dalton,price']",
147,0864,Rhodes,Berry,1,102-114,"59,55","54,48",7-6; 1-1 SAA,5-8; 0-2 SAA,N/A,N/A,01/05/18,8:00 PM,N/A,"Memphis, Tenn.",Win,2,False,127,False,14:20,,14 ,,13,"TURNOVER  by NESTLEHUTT,JAKE",,,"TURNOVER  by NESTLEHUTT,JAKE",1,turnover,,rhodes,"nestlehutt,jake",,"['johnson,caleb', 'atkinson,quinn', 'moore,myles', 'ellingsworth,coleman', 'marder,nick']","['de,nick', 'evans,andrew', 'nyawata,anesu', 'galvin,owen', 'mcintyre,william', 'nestlehutt,jake', 'dalton,price']",860
148,0864,Rhodes,Berry,1,102-114,"59,55","54,48",7-6; 1-1 SAA,5-8; 0-2 SAA,N/A,N/A,01/05/18,8:00 PM,N/A,"Memphis, Tenn.",Win,2,False,127,False,14:18,"STEAL  by MOORE,MYLES",14 ,,13,,,,"STEAL  by MOORE,MYLES",1,steal,,berry,,,"['johnson,caleb', 'atkinson,quinn', 'moore,myles', 'ellingsworth,coleman', 'marder,nick']","['de,nick', 'evans,andrew', 'nyawata,anesu', 'galvin,owen', 'mcintyre,william', 'nestlehutt,jake', 'dalton,price']",858
149,0864,Rhodes,Berry,1,102-114,"59,55","54,48",7-6; 1-1 SAA,5-8; 0-2 SAA,N/A,N/A,01/05/18,8:00 PM,N/A,"Memphis, Tenn.",Win,2,False,127,False,14:13,"MISS 3PTR by JOHNSON,CORY",14 ,,13,,,,"MISS 3PTR by JOHNSON,CORY",1,three pointer,missed,berry,"johnson,cory",,"['johnson,caleb', 'atkinson,quinn', 'moore,myles', 'ellingsworth,coleman', 'marder,nick']","['de,nick', 'evans,andrew', 'nyawata,anesu', 'galvin,owen', 'mcintyre,william', 'nestlehutt,jake', 'dalton,price']",853
150,0864,Rhodes,Berry,1,102-114,"59,55","54,48",7-6; 1-1 SAA,5-8; 0-2 SAA,N/A,N/A,01/05/18,8:00 PM,N/A,"Memphis, Tenn.",Win,2,False,127,False,--,"REBOUND OFF by JOHNSON,CALEB",14 ,,13,,,,"REBOUND OFF by JOHNSON,CALEB",1,offensive rebound,,berry,"johnson,caleb",,"['johnson,caleb', 'atkinson,quinn', 'moore,myles', 'ellingsworth,coleman', 'marder,nick']","['de,nick', 'evans,andrew', 'nyawata,anesu', 'galvin,owen', 'mcintyre,william', 'nestlehutt,jake', 'dalton,price']",
151,0864,Rhodes,Berry,1,102-114,"59,55","54,48",7-6; 1-1 SAA,5-8; 0-2 SAA,N/A,N/A,01/05/18,8:00 PM,N/A,"Memphis, Tenn.",Win,2,False,127,False,14:10,"GOOD LAYUP by JOHNSON,CALEB(in the paint)",16 ,,13,,BCM 16-13 (+3),,"GOOD LAYUP by JOHNSON,CALEB(in the paint)",1,layup,good,berry,"johnson,caleb",2,"['johnson,caleb', 'atkinson,quinn', 'moore,myles', 'ellingsworth,coleman', 'marder,nick']","['de,nick', 'evans,andrew', 'nyawata,anesu', 'galvin,owen', 'mcintyre,william', 'nestlehutt,jake', 'dalton,price']",850
152,0864,Rhodes,Berry,1,102-114,"59,55","54,48",7-6; 1-1 SAA,5-8; 0-2 SAA,N/A,N/A,01/05/18,8:00 PM,N/A,"Memphis, Tenn.",Win,2,False,127,False,13:57,,16 ,,15,"GOOD LAYUP by NYAWATA,ANESU(in the paint)",RHODES 16-15 (+1),,"GOOD LAYUP by NYAWATA,ANESU(in the paint)",1,layup,good,rhodes,"nyawata,anesu",2,"['johnson,caleb', 'atkinson,quinn', 'moore,myles', 'ellingsworth,coleman', 'marder,nick']","['de,nick', 'evans,andrew', 'nyawata,anesu', 'galvin,owen', 'mcintyre,william', 'nestlehutt,jake', 'dalton,price']",837
153,0864,Rhodes,Berry,1,102-114,"59,55","54,48",7-6; 1-1 SAA,5-8; 0-2 SAA,N/A,N/A,01/05/18,8:00 PM,N/A,"Memphis, Tenn.",Win,2,False,127,False,13:45,"TURNOVER  by MCCLOUD,ALTON",16 ,,15,,,,"TURNOVER  by MCCLOUD,ALTON",1,turnover,,berry,"mccloud,alton",,"['johnson,caleb', 'atkinson,quinn', 'moore,myles', 'ellingsworth,coleman', 'marder,nick']","['de,nick', 'evans,andrew', 'nyawata,anesu', 'galvin,owen', 'mcintyre,william', 'nestlehutt,jake', 'dalton,price']",825
154,0864,Rhodes,Berry,1,102-114,"59,55","54,48",7-6; 1-1 SAA,5-8; 0-2 SAA,N/A,N/A,01/05/18,8:00 PM,N/A,"Memphis, Tenn.",Win,2,False,127,False,13:45,"SUB IN by CLARK,ETHAN",16 ,,15,,,,"SUB IN by CLARK,ETHAN",1,subbing in,,berry,"clark,ethan",,"['johnson,caleb', 'atkinson,quinn', 'moore,myles', 'ellingsworth,coleman', 'marder,nick', 'clark,ethan']","['de,nick', 'evans,andrew', 'nyawata,anesu', 'galvin,owen', 'mcintyre,william', 'nestlehutt,jake', 'dalton,price']",825
155,0864,Rhodes,Berry,1,102-114,"59,55","54,48",7-6; 1-1 SAA,5-8; 0-2 SAA,N/A,N/A,01/05/18,8:00 PM,N/A,"Memphis, Tenn.",Win,2,False,127,False,13:45,"SUB IN by MCCLOUD,ALTON",16 ,,15,,,,"SUB IN by MCCLOUD,ALTON",1,subbing in,,berry,"mccloud,alton",,"['johnson,caleb', 'atkinson,quinn', 'moore,myles', 'ellingsworth,coleman', 'marder,nick', 'clark,ethan', 'mccloud,alton']","['de,nick', 'evans,andrew', 'nyawata,anesu', 'galvin,owen', 'mcintyre,william', 'nestlehutt,jake', 'dalton,price']",825
156,0864,Rhodes,Berry,1,102-114,"59,55","54,48",7-6; 1-1 SAA,5-8; 0-2 SAA,N/A,N/A,01/05/18,8:00 PM,N/A,"Memphis, Tenn.",Win,2,False,127,False,13:45,"SUB OUT by MOORE,MYLES",16 ,,15,,,,"SUB OUT by MOORE,MYLES",1,subbing out,,berry,"moore,myles",,"['johnson,caleb', 'atkinson,quinn', 'ellingsworth,coleman', 'marder,nick', 'clark,ethan', 'mccloud,alton']","['de,nick', 'evans,andrew', 'nyawata,anesu', 'galvin,owen', 'mcintyre,william', 'nestlehutt,jake', 'dalton,price']",825
157,0864,Rhodes,Berry,1,102-114,"59,55","54,48",7-6; 1-1 SAA,5-8; 0-2 SAA,N/A,N/A,01/05/18,8:00 PM,N/A,"Memphis, Tenn.",Win,2,False,127,False,13:45,"SUB OUT by JOHNSON,CALEB",16 ,,15,,,,"SUB OUT by JOHNSON,CALEB",1,subbing out,,berry,"johnson,caleb",,"['atkinson,quinn', 'ellingsworth,coleman', 'marder,nick', 'clark,ethan', 'mccloud,alton']","['de,nick', 'evans,andrew', 'nyawata,anesu', 'galvin,owen', 'mcintyre,william', 'nestlehutt,jake', 'dalton,price']",825
158,0864,Rhodes,Berry,1,102-114,"59,55","54,48",7-6; 1-1 SAA,5-8; 0-2 SAA,N/A,N/A,01/05/18,8:00 PM,N/A,"Memphis, Tenn.",Win,2,False,127,False,13:45,,16 ,,15,"SUB IN by EVANS,ANDREW",,,"SUB IN by EVANS,ANDREW",1,subbing in,,rhodes,"evans,andrew",,"['atkinson,quinn', 'ellingsworth,coleman', 'marder,nick', 'clark,ethan', 'mccloud,alton']","['de,nick', 'evans,andrew', 'nyawata,anesu', 'galvin,owen', 'mcintyre,william', 'nestlehutt,jake', 'dalton,price']",825
159,0864,Rhodes,Berry,1,102-114,"59,55","54,48",7-6; 1-1 SAA,5-8; 0-2 SAA,N/A,N/A,01/05/18,8:00 PM,N/A,"Memphis, Tenn.",Win,2,False,127,False,13:45,,16 ,,15,"SUB IN by GIROUX,PRESTON",,,"SUB IN by GIROUX,PRESTON",1,subbing in,,rhodes,"giroux,preston",,"['atkinson,quinn', 'ellingsworth,coleman', 'marder,nick', 'clark,ethan', 'mccloud,alton']","['de,nick', 'evans,andrew', 'nyawata,anesu', 'galvin,owen', 'mcintyre,william', 'nestlehutt,jake', 'dalton,price']",825
160,0864,Rhodes,Berry,1,102-114,"59,55","54,48",7-6; 1-1 SAA,5-8; 0-2 SAA,N/A,N/A,01/05/18,8:00 PM,N/A,"Memphis, Tenn.",Win,2,False,127,False,13:45,,16 ,,15,"SUB IN by SAMSON,VAUGHN",,,"SUB IN by SAMSON,VAUGHN",1,subbing in,,rhodes,"samson,vaughn",,"['atkinson,quinn', 'ellingsworth,coleman', 'marder,nick', 'clark,ethan', 'mccloud,alton']","['de,nick', 'evans,andrew', 'nyawata,anesu', 'galvin,owen', 'mcintyre,william', 'nestlehutt,jake', 'dalton,price', 'samson,vaughn']",825
161,0864,Rhodes,Berry,1,102-114,"59,55","54,48",7-6; 1-1 SAA,5-8; 0-2 SAA,N/A,N/A,01/05/18,8:00 PM,N/A,"Memphis, Tenn.",Win,2,False,127,False,13:45,,16 ,,15,"SUB IN by SWIFT,DJ",,,"SUB IN by SWIFT,DJ",1,subbing in,,rhodes,"swift,dj",,"['atkinson,quinn', 'ellingsworth,coleman', 'marder,nick', 'clark,ethan', 'mccloud,alton']","['de,nick', 'evans,andrew', 'nyawata,anesu', 'galvin,owen', 'mcintyre,william', 'nestlehutt,jake', 'dalton,price', 'samson,vaughn', 'swift,dj']",825
162,0864,Rhodes,Berry,1,102-114,"59,55","54,48",7-6; 1-1 SAA,5-8; 0-2 SAA,N/A,N/A,01/05/18,8:00 PM,N/A,"Memphis, Tenn.",Win,2,False,127,False,13:45,,16 ,,15,"SUB IN by WEATHERFORD,MITCH",,,"SUB IN by WEATHERFORD,MITCH",1,subbing in,,rhodes,"weatherford,mitch",,"['atkinson,quinn', 'ellingsworth,coleman', 'marder,nick', 'clark,ethan', 'mccloud,alton']","['de,nick', 'evans,andrew', 'nyawata,anesu', 'galvin,owen', 'mcintyre,william', 'nestlehutt,jake', 'dalton,price', 'samson,vaughn', 'swift,dj', 'weatherford,mitch']",825
163,0864,Rhodes,Berry,1,102-114,"59,55","54,48",7-6; 1-1 SAA,5-8; 0-2 SAA,N/A,N/A,01/05/18,8:00 PM,N/A,"Memphis, Tenn.",Win,2,False,127,False,13:45,,16 ,,15,"SUB OUT by GALVIN,OWEN",,,"SUB OUT by GALVIN,OWEN",1,subbing out,,rhodes,"galvin,owen",,"['atkinson,quinn', 'ellingsworth,coleman', 'marder,nick', 'clark,ethan', 'mccloud,alton']","['de,nick', 'evans,andrew', 'nyawata,anesu', 'mcintyre,william', 'nestlehutt,jake', 'dalton,price', 'samson,vaughn', 'swift,dj', 'weatherford,mitch']",825
164,0864,Rhodes,Berry,1,102-114,"59,55","54,48",7-6; 1-1 SAA,5-8; 0-2 SAA,N/A,N/A,01/05/18,8:00 PM,N/A,"Memphis, Tenn.",Win,2,False,127,False,13:45,,16 ,,15,"SUB OUT by MCINTYRE,WILLIAM",,,"SUB OUT by MCINTYRE,WILLIAM",1,subbing out,,rhodes,"mcintyre,william",,"['atkinson,quinn', 'ellingsworth,coleman', 'marder,nick', 'clark,ethan', 'mccloud,alton']","['de,nick', 'evans,andrew', 'nyawata,anesu', 'nestlehutt,jake', 'dalton,price', 'samson,vaughn', 'swift,dj', 'weatherford,mitch']",825
165,0864,Rhodes,Berry,1,102-114,"59,55","54,48",7-6; 1-1 SAA,5-8; 0-2 SAA,N/A,N/A,01/05/18,8:00 PM,N/A,"Memphis, Tenn.",Win,2,False,127,False,13:45,,16 ,,15,"SUB OUT by NESTLEHUTT,JAKE",,,"SUB OUT by NESTLEHUTT,JAKE",1,subbing out,,rhodes,"nestlehutt,jake",,"['atkinson,quinn', 'ellingsworth,coleman', 'marder,nick', 'clark,ethan', 'mccloud,alton']","['de,nick', 'evans,andrew', 'nyawata,anesu', 'dalton,price', 'samson,vaughn', 'swift,dj', 'weatherford,mitch']",825
166,0864,Rhodes,Berry,1,102-114,"59,55","54,48",7-6; 1-1 SAA,5-8; 0-2 SAA,N/A,N/A,01/05/18,8:00 PM,N/A,"Memphis, Tenn.",Win,2,False,127,False,13:45,,16 ,,15,"SUB OUT by NYAWATA,ANESU",,,"SUB OUT by NYAWATA,ANESU",1,subbing out,,rhodes,"nyawata,anesu",,"['atkinson,quinn', 'ellingsworth,coleman', 'marder,nick', 'clark,ethan', 'mccloud,alton']","['de,nick', 'evans,andrew', 'dalton,price', 'samson,vaughn', 'swift,dj', 'weatherford,mitch']",825
167,0864,Rhodes,Berry,1,102-114,"59,55","54,48",7-6; 1-1 SAA,5-8; 0-2 SAA,N/A,N/A,01/05/18,8:00 PM,N/A,"Memphis, Tenn.",Win,2,False,127,False,13:45,,16 ,,15,"SUB OUT by DALTON,PRICE",,,"SUB OUT by DALTON,PRICE",1,subbing out,,rhodes,"dalton,price",,"['atkinson,quinn', 'ellingsworth,coleman', 'marder,nick', 'clark,ethan', 'mccloud,alton']","['de,nick', 'evans,andrew', 'samson,vaughn', 'swift,dj', 'weatherford,mitch']",825
168,0864,Rhodes,Berry,1,102-114,"59,55","54,48",7-6; 1-1 SAA,5-8; 0-2 SAA,N/A,N/A,01/05/18,8:00 PM,N/A,"Memphis, Tenn.",Win,2,False,127,False,13:38,,16 ,,15,"TURNOVER  by WEATHERFORD,MITCH",,,"TURNOVER  by WEATHERFORD,MITCH",1,turnover,,rhodes,"weatherford,mitch",,"['atkinson,quinn', 'ellingsworth,coleman', 'marder,nick', 'clark,ethan', 'mccloud,alton']","['de,nick', 'evans,andrew', 'samson,vaughn', 'swift,dj', 'weatherford,mitch']",818
169,0864,Rhodes,Berry,1,102-114,"59,55","54,48",7-6; 1-1 SAA,5-8; 0-2 SAA,N/A,N/A,01/05/18,8:00 PM,N/A,"Memphis, Tenn.",Win,2,False,127,False,13:38,,16 ,,15,"FOUL  by WEATHERFORD,MITCH",,,"FOUL  by WEATHERFORD,MITCH",1,foul,,rhodes,"weatherford,mitch",,"['atkinson,quinn', 'ellingsworth,coleman', 'marder,nick', 'clark,ethan', 'mccloud,alton']","['de,nick', 'evans,andrew', 'samson,vaughn', 'swift,dj', 'weatherford,mitch']",818
170,0864,Rhodes,Berry,1,102-114,"59,55","54,48",7-6; 1-1 SAA,5-8; 0-2 SAA,N/A,N/A,01/05/18,8:00 PM,N/A,"Memphis, Tenn.",Win,2,False,127,False,13:38,,16 ,,15,"SUB IN by ROTEMAN,EVAN",,,"SUB IN by ROTEMAN,EVAN",1,subbing in,,rhodes,"roteman,evan",,"['atkinson,quinn', 'ellingsworth,coleman', 'marder,nick', 'clark,ethan', 'mccloud,alton']","['de,nick', 'evans,andrew', 'samson,vaughn', 'swift,dj', 'weatherford,mitch', 'roteman,evan']",818
171,0864,Rhodes,Berry,1,102-114,"59,55","54,48",7-6; 1-1 SAA,5-8; 0-2 SAA,N/A,N/A,01/05/18,8:00 PM,N/A,"Memphis, Tenn.",Win,2,False,127,False,13:38,,16 ,,15,"SUB OUT by WEATHERFORD,MITCH",,,"SUB OUT by WEATHERFORD,MITCH",1,subbing out,,rhodes,"weatherford,mitch",,"['atkinson,quinn', 'ellingsworth,coleman', 'marder,nick', 'clark,ethan', 'mccloud,alton']","['de,nick', 'evans,andrew', 'samson,vaughn', 'swift,dj', 'roteman,evan']",818
172,0864,Rhodes,Berry,1,102-114,"59,55","54,48",7-6; 1-1 SAA,5-8; 0-2 SAA,N/A,N/A,01/05/18,8:00 PM,N/A,"Memphis, Tenn.",Win,2,False,127,False,13:27,"TURNOVER  by ELLINGSWORTH,COLEMAN",16 ,,15,,,,"TURNOVER  by ELLINGSWORTH,COLEMAN",1,turnover,,berry,"ellingsworth,coleman",,"['atkinson,quinn', 'ellingsworth,coleman', 'marder,nick', 'clark,ethan', 'mccloud,alton']","['de,nick', 'evans,andrew', 'samson,vaughn', 'swift,dj', 'roteman,evan']",807
173,0864,Rhodes,Berry,1,102-114,"59,55","54,48",7-6; 1-1 SAA,5-8; 0-2 SAA,N/A,N/A,01/05/18,8:00 PM,N/A,"Memphis, Tenn.",Win,2,False,127,False,13:27,"SUB IN by HIRSH,ELIJAH",16 ,,15,,,,"SUB IN by HIRSH,ELIJAH",1,subbing in,,berry,"hirsh,elijah",,"['atkinson,quinn', 'ellingsworth,coleman', 'marder,nick', 'clark,ethan', 'mccloud,alton', 'hirsh,elijah']","['de,nick', 'evans,andrew', 'samson,vaughn', 'swift,dj', 'roteman,evan']",807
174,0864,Rhodes,Berry,1,102-114,"59,55","54,48",7-6; 1-1 SAA,5-8; 0-2 SAA,N/A,N/A,01/05/18,8:00 PM,N/A,"Memphis, Tenn.",Win,2,False,127,False,13:27,"SUB OUT by ELLINGSWORTH,COLEMAN",16 ,,15,,,,"SUB OUT by ELLINGSWORTH,COLEMAN",1,subbing out,,berry,"ellingsworth,coleman",,"['atkinson,quinn', 'marder,nick', 'clark,ethan', 'mccloud,alton', 'hirsh,elijah']","['de,nick', 'evans,andrew', 'samson,vaughn', 'swift,dj', 'roteman,evan']",807
175,0864,Rhodes,Berry,1,102-114,"59,55","54,48",7-6; 1-1 SAA,5-8; 0-2 SAA,N/A,N/A,01/05/18,8:00 PM,N/A,"Memphis, Tenn.",Win,2,False,127,False,13:13,,16 ,,15,"TURNOVER  by EVANS,ANDREW",,,"TURNOVER  by EVANS,ANDREW",1,turnover,,rhodes,"evans,andrew",,"['atkinson,quinn', 'marder,nick', 'clark,ethan', 'mccloud,alton', 'hirsh,elijah']","['de,nick', 'evans,andrew', 'samson,vaughn', 'swift,dj', 'roteman,evan']",793
176,0864,Rhodes,Berry,1,102-114,"59,55","54,48",7-6; 1-1 SAA,5-8; 0-2 SAA,N/A,N/A,01/05/18,8:00 PM,N/A,"Memphis, Tenn.",Win,2,False,127,False,13:13,,16 ,,15,"FOUL  by EVANS,ANDREW",,,"FOUL  by EVANS,ANDREW",1,foul,,rhodes,"evans,andrew",,"['atkinson,quinn', 'marder,nick', 'clark,ethan', 'mccloud,alton', 'hirsh,elijah']","['de,nick', 'evans,andrew', 'samson,vaughn', 'swift,dj', 'roteman,evan']",793
177,0864,Rhodes,Berry,1,102-114,"59,55","54,48",7-6; 1-1 SAA,5-8; 0-2 SAA,N/A,N/A,01/05/18,8:00 PM,N/A,"Memphis, Tenn.",Win,2,False,127,False,13:13,,16 ,,15,"SUB IN by LOVE,KERRY",,,"SUB IN by LOVE,KERRY",1,subbing in,,rhodes,"love,kerry",,"['atkinson,quinn', 'marder,nick', 'clark,ethan', 'mccloud,alton', 'hirsh,elijah']","['de,nick', 'evans,andrew', 'samson,vaughn', 'swift,dj', 'roteman,evan', 'love,kerry']",793
178,0864,Rhodes,Berry,1,102-114,"59,55","54,48",7-6; 1-1 SAA,5-8; 0-2 SAA,N/A,N/A,01/05/18,8:00 PM,N/A,"Memphis, Tenn.",Win,2,False,127,False,13:13,,16 ,,15,"SUB IN by ASHBY,KENDRICK",,,"SUB IN by ASHBY,KENDRICK",1,subbing in,,rhodes,"ashby,kendrick",,"['atkinson,quinn', 'marder,nick', 'clark,ethan', 'mccloud,alton', 'hirsh,elijah']","['de,nick', 'evans,andrew', 'samson,vaughn', 'swift,dj', 'roteman,evan', 'love,kerry', 'ashby,kendrick']",793
179,0864,Rhodes,Berry,1,102-114,"59,55","54,48",7-6; 1-1 SAA,5-8; 0-2 SAA,N/A,N/A,01/05/18,8:00 PM,N/A,"Memphis, Tenn.",Win,2,False,127,False,13:13,,16 ,,15,"SUB IN by FERIA,NICK DE",,,"SUB IN by FERIA,NICK DE",1,subbing in,,rhodes,"feria,nick de",,"['atkinson,quinn', 'marder,nick', 'clark,ethan', 'mccloud,alton', 'hirsh,elijah']","['de,nick', 'evans,andrew', 'samson,vaughn', 'swift,dj', 'roteman,evan', 'love,kerry', 'ashby,kendrick', 'feria,nick de']",793
180,0864,Rhodes,Berry,1,102-114,"59,55","54,48",7-6; 1-1 SAA,5-8; 0-2 SAA,N/A,N/A,01/05/18,8:00 PM,N/A,"Memphis, Tenn.",Win,2,False,127,False,13:13,,16 ,,15,"SUB IN by DARST,DANIEL",,,"SUB IN by DARST,DANIEL",1,subbing in,,rhodes,"darst,daniel",,"['atkinson,quinn', 'marder,nick', 'clark,ethan', 'mccloud,alton', 'hirsh,elijah']","['de,nick', 'evans,andrew', 'samson,vaughn', 'swift,dj', 'roteman,evan', 'love,kerry', 'ashby,kendrick', 'feria,nick de', 'darst,daniel']",793
181,0864,Rhodes,Berry,1,102-114,"59,55","54,48",7-6; 1-1 SAA,5-8; 0-2 SAA,N/A,N/A,01/05/18,8:00 PM,N/A,"Memphis, Tenn.",Win,2,False,127,False,13:13,,16 ,,15,"SUB IN by BERRY,BRYCE",,,"SUB IN by BERRY,BRYCE",1,subbing in,,rhodes,"berry,bryce",,"['atkinson,quinn', 'marder,nick', 'clark,ethan', 'mccloud,alton', 'hirsh,elijah']","['de,nick', 'evans,andrew', 'samson,vaughn', 'swift,dj', 'roteman,evan', 'love,kerry', 'ashby,kendrick', 'feria,nick de', 'darst,daniel', 'berry,bryce']",793
182,0864,Rhodes,Berry,1,102-114,"59,55","54,48",7-6; 1-1 SAA,5-8; 0-2 SAA,N/A,N/A,01/05/18,8:00 PM,N/A,"Memphis, Tenn.",Win,2,False,127,False,13:13,,16 ,,15,"SUB OUT by EVANS,ANDREW",,,"SUB OUT by EVANS,ANDREW",1,subbing out,,rhodes,"evans,andrew",,"['atkinson,quinn', 'marder,nick', 'clark,ethan', 'mccloud,alton', 'hirsh,elijah']","['de,nick', 'samson,vaughn', 'swift,dj', 'roteman,evan', 'love,kerry', 'ashby,kendrick', 'feria,nick de', 'darst,daniel', 'berry,bryce']",793
183,0864,Rhodes,Berry,1,102-114,"59,55","54,48",7-6; 1-1 SAA,5-8; 0-2 SAA,N/A,N/A,01/05/18,8:00 PM,N/A,"Memphis, Tenn.",Win,2,False,127,False,13:13,,16 ,,15,"SUB OUT by GIROUX,PRESTON",,,"SUB OUT by GIROUX,PRESTON",1,subbing out,,rhodes,"giroux,preston",,"['atkinson,quinn', 'marder,nick', 'clark,ethan', 'mccloud,alton', 'hirsh,elijah']","['de,nick', 'samson,vaughn', 'swift,dj', 'roteman,evan', 'love,kerry', 'ashby,kendrick', 'feria,nick de', 'darst,daniel', 'berry,bryce']",793
184,0864,Rhodes,Berry,1,102-114,"59,55","54,48",7-6; 1-1 SAA,5-8; 0-2 SAA,N/A,N/A,01/05/18,8:00 PM,N/A,"Memphis, Tenn.",Win,2,False,127,False,13:13,,16 ,,15,"SUB OUT by SAMSON,VAUGHN",,,"SUB OUT by SAMSON,VAUGHN",1,subbing out,,rhodes,"samson,vaughn",,"['atkinson,quinn', 'marder,nick', 'clark,ethan', 'mccloud,alton', 'hirsh,elijah']","['de,nick', 'samson,vaughn', 'swift,dj', 'roteman,evan', 'love,kerry', 'ashby,kendrick', 'feria,nick de', 'darst,daniel', 'berry,bryce']",793
185,0864,Rhodes,Berry,1,102-114,"59,55","54,48",7-6; 1-1 SAA,5-8; 0-2 SAA,N/A,N/A,01/05/18,8:00 PM,N/A,"Memphis, Tenn.",Win,2,False,127,False,13:13,,16 ,,15,"SUB OUT by SWIFT,DJ",,,"SUB OUT by SWIFT,DJ",1,subbing out,,rhodes,"swift,dj",,"['atkinson,quinn', 'marder,nick', 'clark,ethan', 'mccloud,alton', 'hirsh,elijah']","['de,nick', 'samson,vaughn', 'roteman,evan', 'love,kerry', 'ashby,kendrick', 'feria,nick de', 'darst,daniel', 'berry,bryce']",793
186,0864,Rhodes,Berry,1,102-114,"59,55","54,48",7-6; 1-1 SAA,5-8; 0-2 SAA,N/A,N/A,01/05/18,8:00 PM,N/A,"Memphis, Tenn.",Win,2,False,127,False,13:13,,16 ,,15,"SUB OUT by ROTEMAN,EVAN",,,"SUB OUT by ROTEMAN,EVAN",1,subbing out,,rhodes,"roteman,evan",,"['atkinson,quinn', 'marder,nick', 'clark,ethan', 'mccloud,alton', 'hirsh,elijah']","['de,nick', 'samson,vaughn', 'love,kerry', 'ashby,kendrick', 'feria,nick de', 'darst,daniel', 'berry,bryce']",793
187,0864,Rhodes,Berry,1,102-114,"59,55","54,48",7-6; 1-1 SAA,5-8; 0-2 SAA,N/A,N/A,01/05/18,8:00 PM,N/A,"Memphis, Tenn.",Win,2,False,127,False,13:05,"MISS LAYUP by JOHNSON,CORY",16 ,,15,,,,"MISS LAYUP by JOHNSON,CORY",1,layup,missed,berry,"johnson,cory",,"['atkinson,quinn', 'marder,nick', 'clark,ethan', 'mccloud,alton', 'hirsh,elijah']","['de,nick', 'samson,vaughn', 'love,kerry', 'ashby,kendrick', 'feria,nick de', 'darst,daniel', 'berry,bryce']",785
188,0864,Rhodes,Berry,1,102-114,"59,55","54,48",7-6; 1-1 SAA,5-8; 0-2 SAA,N/A,N/A,01/05/18,8:00 PM,N/A,"Memphis, Tenn.",Win,2,False,127,False,--,"REBOUND OFF by HIRSH,ELIJAH",16 ,,15,,,,"REBOUND OFF by HIRSH,ELIJAH",1,offensive rebound,,berry,"hirsh,elijah",,"['atkinson,quinn', 'marder,nick', 'clark,ethan', 'mccloud,alton', 'hirsh,elijah']","['de,nick', 'samson,vaughn', 'love,kerry', 'ashby,kendrick', 'feria,nick de', 'darst,daniel', 'berry,bryce']",
189,0864,Rhodes,Berry,1,102-114,"59,55","54,48",7-6; 1-1 SAA,5-8; 0-2 SAA,N/A,N/A,01/05/18,8:00 PM,N/A,"Memphis, Tenn.",Win,2,False,127,False,13:01,"GOOD LAYUP by HIRSH,ELIJAH(in the paint)",18 ,,15,,BCM 18-15 (+3),,"GOOD LAYUP by HIRSH,ELIJAH(in the paint)",1,layup,good,berry,"hirsh,elijah",2,"['atkinson,quinn', 'marder,nick', 'clark,ethan', 'mccloud,alton', 'hirsh,elijah']","['de,nick', 'samson,vaughn', 'love,kerry', 'ashby,kendrick', 'feria,nick de', 'darst,daniel', 'berry,bryce']",781
190,0864,Rhodes,Berry,1,102-114,"59,55","54,48",7-6; 1-1 SAA,5-8; 0-2 SAA,N/A,N/A,01/05/18,8:00 PM,N/A,"Memphis, Tenn.",Win,2,False,127,False,12:55,,18 ,,15,"MISS 3PTR by BERRY,BRYCE",,,"MISS 3PTR by BERRY,BRYCE",1,three pointer,missed,rhodes,"berry,bryce",,"['atkinson,quinn', 'marder,nick', 'clark,ethan', 'mccloud,alton', 'hirsh,elijah']","['de,nick', 'samson,vaughn', 'love,kerry', 'ashby,kendrick', 'feria,nick de', 'darst,daniel', 'berry,bryce']",775
191,0864,Rhodes,Berry,1,102-114,"59,55","54,48",7-6; 1-1 SAA,5-8; 0-2 SAA,N/A,N/A,01/05/18,8:00 PM,N/A,"Memphis, Tenn.",Win,2,False,127,False,--,"REBOUND DEF by CLARK,ETHAN",18 ,,15,,,,"REBOUND DEF by CLARK,ETHAN",1,defensive rebound,,berry,"clark,ethan",,"['atkinson,quinn', 'marder,nick', 'clark,ethan', 'mccloud,alton', 'hirsh,elijah']","['de,nick', 'samson,vaughn', 'love,kerry', 'ashby,kendrick', 'feria,nick de', 'darst,daniel', 'berry,bryce']",
192,0864,Rhodes,Berry,1,102-114,"59,55","54,48",7-6; 1-1 SAA,5-8; 0-2 SAA,N/A,N/A,01/05/18,8:00 PM,N/A,"Memphis, Tenn.",Win,2,False,127,False,12:45,"TURNOVER  by MCCLOUD,ALTON",18 ,,15,,,,"TURNOVER  by MCCLOUD,ALTON",1,turnover,,berry,"mccloud,alton",,"['atkinson,quinn', 'marder,nick', 'clark,ethan', 'mccloud,alton', 'hirsh,elijah']","['de,nick', 'samson,vaughn', 'love,kerry', 'ashby,kendrick', 'feria,nick de', 'darst,daniel', 'berry,bryce']",765
193,0864,Rhodes,Berry,1,102-114,"59,55","54,48",7-6; 1-1 SAA,5-8; 0-2 SAA,N/A,N/A,01/05/18,8:00 PM,N/A,"Memphis, Tenn.",Win,2,False,127,False,12:43,,18 ,,15,"STEAL  by BERRY,BRYCE",,,"STEAL  by BERRY,BRYCE",1,steal,,rhodes,,,"['atkinson,quinn', 'marder,nick', 'clark,ethan', 'mccloud,alton', 'hirsh,elijah']","['de,nick', 'samson,vaughn', 'love,kerry', 'ashby,kendrick', 'feria,nick de', 'darst,daniel', 'berry,bryce']",763
194,0864,Rhodes,Berry,1,102-114,"59,55","54,48",7-6; 1-1 SAA,5-8; 0-2 SAA,N/A,N/A,01/05/18,8:00 PM,N/A,"Memphis, Tenn.",Win,2,False,127,False,12:42,"FOUL  by MCCLOUD,ALTON",18 ,,15,,,,"FOUL  by MCCLOUD,ALTON",1,foul,,berry,"mccloud,alton",,"['atkinson,quinn', 'marder,nick', 'clark,ethan', 'mccloud,alton', 'hirsh,elijah']","['de,nick', 'samson,vaughn', 'love,kerry', 'ashby,kendrick', 'feria,nick de', 'darst,daniel', 'berry,bryce']",762
195,0864,Rhodes,Berry,1,102-114,"59,55","54,48",7-6; 1-1 SAA,5-8; 0-2 SAA,N/A,N/A,01/05/18,8:00 PM,N/A,"Memphis, Tenn.",Win,2,False,127,False,12:42,,18 ,,16,"GOOD FT by BERRY,BRYCE",RHODES 18-16 (+2),,"GOOD FT by BERRY,BRYCE",1,free throw,good,rhodes,"berry,bryce",1,"['atkinson,quinn', 'marder,nick', 'clark,ethan', 'mccloud,alton', 'hirsh,elijah']","['de,nick', 'samson,vaughn', 'love,kerry', 'ashby,kendrick', 'feria,nick de', 'darst,daniel', 'berry,bryce']",762
196,0864,Rhodes,Berry,1,102-114,"59,55","54,48",7-6; 1-1 SAA,5-8; 0-2 SAA,N/A,N/A,01/05/18,8:00 PM,N/A,"Memphis, Tenn.",Win,2,False,127,False,12:42,,18 ,,17,"GOOD FT by BERRY,BRYCE",RHODES 18-17 (+1),,"GOOD FT by BERRY,BRYCE",1,free throw,good,rhodes,"berry,bryce",1,"['atkinson,quinn', 'marder,nick', 'clark,ethan', 'mccloud,alton', 'hirsh,elijah']","['de,nick', 'samson,vaughn', 'love,kerry', 'ashby,kendrick', 'feria,nick de', 'darst,daniel', 'berry,bryce']",762
197,0864,Rhodes,Berry,1,102-114,"59,55","54,48",7-6; 1-1 SAA,5-8; 0-2 SAA,N/A,N/A,01/05/18,8:00 PM,N/A,"Memphis, Tenn.",Win,2,False,127,False,12:42,"SUB IN by JOHNSON,CORY",18 ,,17,,,,"SUB IN by JOHNSON,CORY",1,subbing in,,berry,"johnson,cory",,"['atkinson,quinn', 'marder,nick', 'clark,ethan', 'mccloud,alton', 'hirsh,elijah', 'johnson,cory']","['de,nick', 'samson,vaughn', 'love,kerry', 'ashby,kendrick', 'feria,nick de', 'darst,daniel', 'berry,bryce']",762
198,0864,Rhodes,Berry,1,102-114,"59,55","54,48",7-6; 1-1 SAA,5-8; 0-2 SAA,N/A,N/A,01/05/18,8:00 PM,N/A,"Memphis, Tenn.",Win,2,False,127,False,12:42,"SUB OUT by ATKINSON,QUINN",18 ,,17,,,,"SUB OUT by ATKINSON,QUINN",1,subbing out,,berry,"atkinson,quinn",,"['marder,nick', 'clark,ethan', 'mccloud,alton', 'hirsh,elijah', 'johnson,cory']","['de,nick', 'samson,vaughn', 'love,kerry', 'ashby,kendrick', 'feria,nick de', 'darst,daniel', 'berry,bryce']",762
199,0864,Rhodes,Berry,1,102-114,"59,55","54,48",7-6; 1-1 SAA,5-8; 0-2 SAA,N/A,N/A,01/05/18,8:00 PM,N/A,"Memphis, Tenn.",Win,2,False,127,False,12:42,,18 ,,17,"SUB IN by DALTON,PRICE",,,"SUB IN by DALTON,PRICE",1,subbing in,,rhodes,"dalton,price",,"['marder,nick', 'clark,ethan', 'mccloud,alton', 'hirsh,elijah', 'johnson,cory']","['de,nick', 'samson,vaughn', 'love,kerry', 'ashby,kendrick', 'feria,nick de', 'darst,daniel', 'berry,bryce', 'dalton,price']",762
200,0864,Rhodes,Berry,1,102-114,"59,55","54,48",7-6; 1-1 SAA,5-8; 0-2 SAA,N/A,N/A,01/05/18,8:00 PM,N/A,"Memphis, Tenn.",Win,2,False,127,False,12:42,,18 ,,17,"SUB IN by GALVIN,OWEN",,,"SUB IN by GALVIN,OWEN",1,subbing in,,rhodes,"galvin,owen",,"['marder,nick', 'clark,ethan', 'mccloud,alton', 'hirsh,elijah', 'johnson,cory']","['de,nick', 'samson,vaughn', 'love,kerry', 'ashby,kendrick', 'feria,nick de', 'darst,daniel', 'berry,bryce', 'dalton,price', 'galvin,owen']",762
201,0864,Rhodes,Berry,1,102-114,"59,55","54,48",7-6; 1-1 SAA,5-8; 0-2 SAA,N/A,N/A,01/05/18,8:00 PM,N/A,"Memphis, Tenn.",Win,2,False,127,False,12:42,,18 ,,17,"SUB IN by MCINTYRE,WILLIAM",,,"SUB IN by MCINTYRE,WILLIAM",1,subbing in,,rhodes,"mcintyre,william",,"['marder,nick', 'clark,ethan', 'mccloud,alton', 'hirsh,elijah', 'johnson,cory']","['de,nick', 'samson,vaughn', 'love,kerry', 'ashby,kendrick', 'feria,nick de', 'darst,daniel', 'berry,bryce', 'dalton,price', 'galvin,owen', 'mcintyre,william']",762
202,0864,Rhodes,Berry,1,102-114,"59,55","54,48",7-6; 1-1 SAA,5-8; 0-2 SAA,N/A,N/A,01/05/18,8:00 PM,N/A,"Memphis, Tenn.",Win,2,False,127,False,12:42,,18 ,,17,"SUB IN by NESTLEHUTT,JAKE",,,"SUB IN by NESTLEHUTT,JAKE",1,subbing in,,rhodes,"nestlehutt,jake",,"['marder,nick', 'clark,ethan', 'mccloud,alton', 'hirsh,elijah', 'johnson,cory']","['de,nick', 'samson,vaughn', 'love,kerry', 'ashby,kendrick', 'feria,nick de', 'darst,daniel', 'berry,bryce', 'dalton,price', 'galvin,owen', 'mcintyre,william', 'nestlehutt,jake']",762
203,0864,Rhodes,Berry,1,102-114,"59,55","54,48",7-6; 1-1 SAA,5-8; 0-2 SAA,N/A,N/A,01/05/18,8:00 PM,N/A,"Memphis, Tenn.",Win,2,False,127,False,12:42,,18 ,,17,"SUB IN by NYAWATA,ANESU",,,"SUB IN by NYAWATA,ANESU",1,subbing in,,rhodes,"nyawata,anesu",,"['marder,nick', 'clark,ethan', 'mccloud,alton', 'hirsh,elijah', 'johnson,cory']","['de,nick', 'samson,vaughn', 'love,kerry', 'ashby,kendrick', 'feria,nick de', 'darst,daniel', 'berry,bryce', 'dalton,price', 'galvin,owen', 'mcintyre,william', 'nestlehutt,jake', 'nyawata,anesu']",762
204,0864,Rhodes,Berry,1,102-114,"59,55","54,48",7-6; 1-1 SAA,5-8; 0-2 SAA,N/A,N/A,01/05/18,8:00 PM,N/A,"Memphis, Tenn.",Win,2,False,127,False,12:42,,18 ,,17,"SUB OUT by BERRY,BRYCE",,,"SUB OUT by BERRY,BRYCE",1,subbing out,,rhodes,"berry,bryce",,"['marder,nick', 'clark,ethan', 'mccloud,alton', 'hirsh,elijah', 'johnson,cory']","['de,nick', 'samson,vaughn', 'love,kerry', 'ashby,kendrick', 'feria,nick de', 'darst,daniel', 'dalton,price', 'galvin,owen', 'mcintyre,william', 'nestlehutt,jake', 'nyawata,anesu']",762
205,0864,Rhodes,Berry,1,102-114,"59,55","54,48",7-6; 1-1 SAA,5-8; 0-2 SAA,N/A,N/A,01/05/18,8:00 PM,N/A,"Memphis, Tenn.",Win,2,False,127,False,12:42,,18 ,,17,"SUB OUT by LOVE,KERRY",,,"SUB OUT by LOVE,KERRY",1,subbing out,,rhodes,"love,kerry",,"['marder,nick', 'clark,ethan', 'mccloud,alton', 'hirsh,elijah', 'johnson,cory']","['de,nick', 'samson,vaughn', 'ashby,kendrick', 'feria,nick de', 'darst,daniel', 'dalton,price', 'galvin,owen', 'mcintyre,william', 'nestlehutt,jake', 'nyawata,anesu']",762
206,0864,Rhodes,Berry,1,102-114,"59,55","54,48",7-6; 1-1 SAA,5-8; 0-2 SAA,N/A,N/A,01/05/18,8:00 PM,N/A,"Memphis, Tenn.",Win,2,False,127,False,12:42,,18 ,,17,"SUB OUT by ASHBY,KENDRICK",,,"SUB OUT by ASHBY,KENDRICK",1,subbing out,,rhodes,"ashby,kendrick",,"['marder,nick', 'clark,ethan', 'mccloud,alton', 'hirsh,elijah', 'johnson,cory']","['de,nick', 'samson,vaughn', 'feria,nick de', 'darst,daniel', 'dalton,price', 'galvin,owen', 'mcintyre,william', 'nestlehutt,jake', 'nyawata,anesu']",762
207,0864,Rhodes,Berry,1,102-114,"59,55","54,48",7-6; 1-1 SAA,5-8; 0-2 SAA,N/A,N/A,01/05/18,8:00 PM,N/A,"Memphis, Tenn.",Win,2,False,127,False,12:42,,18 ,,17,"SUB OUT by FERIA,NICK DE",,,"SUB OUT by FERIA,NICK DE",1,subbing out,,rhodes,"feria,nick de",,"['marder,nick', 'clark,ethan', 'mccloud,alton', 'hirsh,elijah', 'johnson,cory']","['de,nick', 'samson,vaughn', 'darst,daniel', 'dalton,price', 'galvin,owen', 'mcintyre,william', 'nestlehutt,jake', 'nyawata,anesu']",762
208,0864,Rhodes,Berry,1,102-114,"59,55","54,48",7-6; 1-1 SAA,5-8; 0-2 SAA,N/A,N/A,01/05/18,8:00 PM,N/A,"Memphis, Tenn.",Win,2,False,127,False,12:42,,18 ,,17,"SUB OUT by DARST,DANIEL",,,"SUB OUT by DARST,DANIEL",1,subbing out,,rhodes,"darst,daniel",,"['marder,nick', 'clark,ethan', 'mccloud,alton', 'hirsh,elijah', 'johnson,cory']","['de,nick', 'samson,vaughn', 'dalton,price', 'galvin,owen', 'mcintyre,william', 'nestlehutt,jake', 'nyawata,anesu']",762
209,0864,Rhodes,Berry,1,102-114,"59,55","54,48",7-6; 1-1 SAA,5-8; 0-2 SAA,N/A,N/A,01/05/18,8:00 PM,N/A,"Memphis, Tenn.",Win,2,False,127,False,12:35,"GOOD LAYUP by HIRSH,ELIJAH(fastbreak)(in the paint)",20 ,,17,,BCM 20-17 (+3),,"GOOD LAYUP by HIRSH,ELIJAH(fastbreak)(in the paint)",1,layup,good,berry,"hirsh,elijah(fastbreak)",2,"['marder,nick', 'clark,ethan', 'mccloud,alton', 'hirsh,elijah', 'johnson,cory']","['de,nick', 'samson,vaughn', 'dalton,price', 'galvin,owen', 'mcintyre,william', 'nestlehutt,jake', 'nyawata,anesu']",755
210,0864,Rhodes,Berry,1,102-114,"59,55","54,48",7-6; 1-1 SAA,5-8; 0-2 SAA,N/A,N/A,01/05/18,8:00 PM,N/A,"Memphis, Tenn.",Win,2,False,127,False,12:14,,20,,20,"GOOD 3PTR by NESTLEHUTT,JAKE",RHODES 20-20 (0),,"GOOD 3PTR by NESTLEHUTT,JAKE",1,three pointer,good,rhodes,"nestlehutt,jake",3,"['marder,nick', 'clark,ethan', 'mccloud,alton', 'hirsh,elijah', 'johnson,cory']","['de,nick', 'samson,vaughn', 'dalton,price', 'galvin,owen', 'mcintyre,william', 'nestlehutt,jake', 'nyawata,anesu']",734
211,0864,Rhodes,Berry,1,102-114,"59,55","54,48",7-6; 1-1 SAA,5-8; 0-2 SAA,N/A,N/A,01/05/18,8:00 PM,N/A,"Memphis, Tenn.",Win,2,False,127,False,--,,20,,20,"ASSIST  by MCINTYRE,WILLIAM",,,"ASSIST  by MCINTYRE,WILLIAM",1,assist,,rhodes,"mcintyre,william",,"['marder,nick', 'clark,ethan', 'mccloud,alton', 'hirsh,elijah', 'johnson,cory']","['de,nick', 'samson,vaughn', 'dalton,price', 'galvin,owen', 'mcintyre,william', 'nestlehutt,jake', 'nyawata,anesu']",
212,0864,Rhodes,Berry,1,102-114,"59,55","54,48",7-6; 1-1 SAA,5-8; 0-2 SAA,N/A,N/A,01/05/18,8:00 PM,N/A,"Memphis, Tenn.",Win,2,False,127,False,11:34,"GOOD LAYUP by ATKINSON,QUINN(in the paint)",22 ,,20,,BCM 22-20 (+2),,"GOOD LAYUP by ATKINSON,QUINN(in the paint)",1,layup,good,berry,"atkinson,quinn",2,"['marder,nick', 'clark,ethan', 'mccloud,alton', 'hirsh,elijah', 'johnson,cory']","['de,nick', 'samson,vaughn', 'dalton,price', 'galvin,owen', 'mcintyre,william', 'nestlehutt,jake', 'nyawata,anesu']",694
213,0864,Rhodes,Berry,1,102-114,"59,55","54,48",7-6; 1-1 SAA,5-8; 0-2 SAA,N/A,N/A,01/05/18,8:00 PM,N/A,"Memphis, Tenn.",Win,2,False,127,False,11:29,,22 ,,20,"TURNOVER  by NYAWATA,ANESU",,,"TURNOVER  by NYAWATA,ANESU",1,turnover,,rhodes,"nyawata,anesu",,"['marder,nick', 'clark,ethan', 'mccloud,alton', 'hirsh,elijah', 'johnson,cory']","['de,nick', 'samson,vaughn', 'dalton,price', 'galvin,owen', 'mcintyre,william', 'nestlehutt,jake', 'nyawata,anesu']",689
214,0864,Rhodes,Berry,1,102-114,"59,55","54,48",7-6; 1-1 SAA,5-8; 0-2 SAA,N/A,N/A,01/05/18,8:00 PM,N/A,"Memphis, Tenn.",Win,2,False,127,False,11:28,"STEAL  by ATKINSON,QUINN",22 ,,20,,,,"STEAL  by ATKINSON,QUINN",1,steal,,berry,,,"['marder,nick', 'clark,ethan', 'mccloud,alton', 'hirsh,elijah', 'johnson,cory']","['de,nick', 'samson,vaughn', 'dalton,price', 'galvin,owen', 'mcintyre,william', 'nestlehutt,jake', 'nyawata,anesu']",688
215,0864,Rhodes,Berry,1,102-114,"59,55","54,48",7-6; 1-1 SAA,5-8; 0-2 SAA,N/A,N/A,01/05/18,8:00 PM,N/A,"Memphis, Tenn.",Win,2,False,127,False,11:27,"GOOD LAYUP by ATKINSON,QUINN(fastbreak)(in the paint)",24 ,,20,,BCM 24-20 (+4),,"GOOD LAYUP by ATKINSON,QUINN(fastbreak)(in the paint)",1,layup,good,berry,"atkinson,quinn(fastbreak)",2,"['marder,nick', 'clark,ethan', 'mccloud,alton', 'hirsh,elijah', 'johnson,cory']","['de,nick', 'samson,vaughn', 'dalton,price', 'galvin,owen', 'mcintyre,william', 'nestlehutt,jake', 'nyawata,anesu']",687
216,0864,Rhodes,Berry,1,102-114,"59,55","54,48",7-6; 1-1 SAA,5-8; 0-2 SAA,N/A,N/A,01/05/18,8:00 PM,N/A,"Memphis, Tenn.",Win,2,False,127,False,11:19,,24 ,,20,TIMEOUT 30SEC by TEAM,,,TIMEOUT 30SEC by TEAM,1,timeout,,rhodes,,,"['marder,nick', 'clark,ethan', 'mccloud,alton', 'hirsh,elijah', 'johnson,cory']","['de,nick', 'samson,vaughn', 'dalton,price', 'galvin,owen', 'mcintyre,william', 'nestlehutt,jake', 'nyawata,anesu']",679
217,0864,Rhodes,Berry,1,102-114,"59,55","54,48",7-6; 1-1 SAA,5-8; 0-2 SAA,N/A,N/A,01/05/18,8:00 PM,N/A,"Memphis, Tenn.",Win,2,False,127,False,11:19,,24 ,,20,TIMEOUT 20SEC by TEAM,,,TIMEOUT 20SEC by TEAM,1,timeout,,rhodes,,,"['marder,nick', 'clark,ethan', 'mccloud,alton', 'hirsh,elijah', 'johnson,cory']","['de,nick', 'samson,vaughn', 'dalton,price', 'galvin,owen', 'mcintyre,william', 'nestlehutt,jake', 'nyawata,anesu']",679
218,0864,Rhodes,Berry,1,102-114,"59,55","54,48",7-6; 1-1 SAA,5-8; 0-2 SAA,N/A,N/A,01/05/18,8:00 PM,N/A,"Memphis, Tenn.",Win,2,False,127,False,11:19,,24 ,,20,"SUB IN by EVANS,ANDREW",,,"SUB IN by EVANS,ANDREW",1,subbing in,,rhodes,"evans,andrew",,"['marder,nick', 'clark,ethan', 'mccloud,alton', 'hirsh,elijah', 'johnson,cory']","['de,nick', 'samson,vaughn', 'dalton,price', 'galvin,owen', 'mcintyre,william', 'nestlehutt,jake', 'nyawata,anesu', 'evans,andrew']",679
219,0864,Rhodes,Berry,1,102-114,"59,55","54,48",7-6; 1-1 SAA,5-8; 0-2 SAA,N/A,N/A,01/05/18,8:00 PM,N/A,"Memphis, Tenn.",Win,2,False,127,False,11:19,,24 ,,20,"SUB IN by GIROUX,PRESTON",,,"SUB IN by GIROUX,PRESTON",1,subbing in,,rhodes,"giroux,preston",,"['marder,nick', 'clark,ethan', 'mccloud,alton', 'hirsh,elijah', 'johnson,cory']","['de,nick', 'samson,vaughn', 'dalton,price', 'galvin,owen', 'mcintyre,william', 'nestlehutt,jake', 'nyawata,anesu', 'evans,andrew', 'giroux,preston']",679
220,0864,Rhodes,Berry,1,102-114,"59,55","54,48",7-6; 1-1 SAA,5-8; 0-2 SAA,N/A,N/A,01/05/18,8:00 PM,N/A,"Memphis, Tenn.",Win,2,False,127,False,11:19,,24 ,,20,"SUB IN by SAMSON,VAUGHN",,,"SUB IN by SAMSON,VAUGHN",1,subbing in,,rhodes,"samson,vaughn",,"['marder,nick', 'clark,ethan', 'mccloud,alton', 'hirsh,elijah', 'johnson,cory']","['de,nick', 'samson,vaughn', 'dalton,price', 'galvin,owen', 'mcintyre,william', 'nestlehutt,jake', 'nyawata,anesu', 'evans,andrew', 'giroux,preston']",679
221,0864,Rhodes,Berry,1,102-114,"59,55","54,48",7-6; 1-1 SAA,5-8; 0-2 SAA,N/A,N/A,01/05/18,8:00 PM,N/A,"Memphis, Tenn.",Win,2,False,127,False,11:19,,24 ,,20,"SUB IN by SWIFT,DJ",,,"SUB IN by SWIFT,DJ",1,subbing in,,rhodes,"swift,dj",,"['marder,nick', 'clark,ethan', 'mccloud,alton', 'hirsh,elijah', 'johnson,cory']","['de,nick', 'samson,vaughn', 'dalton,price', 'galvin,owen', 'mcintyre,william', 'nestlehutt,jake', 'nyawata,anesu', 'evans,andrew', 'giroux,preston']",679
222,0864,Rhodes,Berry,1,102-114,"59,55","54,48",7-6; 1-1 SAA,5-8; 0-2 SAA,N/A,N/A,01/05/18,8:00 PM,N/A,"Memphis, Tenn.",Win,2,False,127,False,11:19,,24 ,,20,"SUB IN by WEATHERFORD,MITCH",,,"SUB IN by WEATHERFORD,MITCH",1,subbing in,,rhodes,"weatherford,mitch",,"['marder,nick', 'clark,ethan', 'mccloud,alton', 'hirsh,elijah', 'johnson,cory']","['de,nick', 'samson,vaughn', 'dalton,price', 'galvin,owen', 'mcintyre,william', 'nestlehutt,jake', 'nyawata,anesu', 'evans,andrew', 'giroux,preston', 'weatherford,mitch']",679
223,0864,Rhodes,Berry,1,102-114,"59,55","54,48",7-6; 1-1 SAA,5-8; 0-2 SAA,N/A,N/A,01/05/18,8:00 PM,N/A,"Memphis, Tenn.",Win,2,False,127,False,11:19,,24 ,,20,"SUB OUT by GALVIN,OWEN",,,"SUB OUT by GALVIN,OWEN",1,subbing out,,rhodes,"galvin,owen",,"['marder,nick', 'clark,ethan', 'mccloud,alton', 'hirsh,elijah', 'johnson,cory']","['de,nick', 'samson,vaughn', 'dalton,price', 'mcintyre,william', 'nestlehutt,jake', 'nyawata,anesu', 'evans,andrew', 'giroux,preston', 'weatherford,mitch']",679
224,0864,Rhodes,Berry,1,102-114,"59,55","54,48",7-6; 1-1 SAA,5-8; 0-2 SAA,N/A,N/A,01/05/18,8:00 PM,N/A,"Memphis, Tenn.",Win,2,False,127,False,11:19,,24 ,,20,"SUB OUT by MCINTYRE,WILLIAM",,,"SUB OUT by MCINTYRE,WILLIAM",1,subbing out,,rhodes,"mcintyre,william",,"['marder,nick', 'clark,ethan', 'mccloud,alton', 'hirsh,elijah', 'johnson,cory']","['de,nick', 'samson,vaughn', 'dalton,price', 'nestlehutt,jake', 'nyawata,anesu', 'evans,andrew', 'giroux,preston', 'weatherford,mitch']",679
225,0864,Rhodes,Berry,1,102-114,"59,55","54,48",7-6; 1-1 SAA,5-8; 0-2 SAA,N/A,N/A,01/05/18,8:00 PM,N/A,"Memphis, Tenn.",Win,2,False,127,False,11:19,,24 ,,20,"SUB OUT by NESTLEHUTT,JAKE",,,"SUB OUT by NESTLEHUTT,JAKE",1,subbing out,,rhodes,"nestlehutt,jake",,"['marder,nick', 'clark,ethan', 'mccloud,alton', 'hirsh,elijah', 'johnson,cory']","['de,nick', 'samson,vaughn', 'dalton,price', 'nyawata,anesu', 'evans,andrew', 'giroux,preston', 'weatherford,mitch']",679
226,0864,Rhodes,Berry,1,102-114,"59,55","54,48",7-6; 1-1 SAA,5-8; 0-2 SAA,N/A,N/A,01/05/18,8:00 PM,N/A,"Memphis, Tenn.",Win,2,False,127,False,11:19,,24 ,,20,"SUB OUT by NYAWATA,ANESU",,,"SUB OUT by NYAWATA,ANESU",1,subbing out,,rhodes,"nyawata,anesu",,"['marder,nick', 'clark,ethan', 'mccloud,alton', 'hirsh,elijah', 'johnson,cory']","['de,nick', 'samson,vaughn', 'dalton,price', 'evans,andrew', 'giroux,preston', 'weatherford,mitch']",679
227,0864,Rhodes,Berry,1,102-114,"59,55","54,48",7-6; 1-1 SAA,5-8; 0-2 SAA,N/A,N/A,01/05/18,8:00 PM,N/A,"Memphis, Tenn.",Win,2,False,127,False,11:19,,24 ,,20,"SUB OUT by DALTON,PRICE",,,"SUB OUT by DALTON,PRICE",1,subbing out,,rhodes,"dalton,price",,"['marder,nick', 'clark,ethan', 'mccloud,alton', 'hirsh,elijah', 'johnson,cory']","['de,nick', 'samson,vaughn', 'evans,andrew', 'giroux,preston', 'weatherford,mitch']",679
228,0864,Rhodes,Berry,1,102-114,"59,55","54,48",7-6; 1-1 SAA,5-8; 0-2 SAA,N/A,N/A,01/05/18,8:00 PM,N/A,"Memphis, Tenn.",Win,2,False,127,False,11:05,,24 ,,22,"GOOD LAYUP by WEATHERFORD,MITCH(in the paint)",RHODES 24-22 (+2),,"GOOD LAYUP by WEATHERFORD,MITCH(in the paint)",1,layup,good,rhodes,"weatherford,mitch",2,"['marder,nick', 'clark,ethan', 'mccloud,alton', 'hirsh,elijah', 'johnson,cory']","['de,nick', 'samson,vaughn', 'evans,andrew', 'giroux,preston', 'weatherford,mitch']",665
229,0864,Rhodes,Berry,1,102-114,"59,55","54,48",7-6; 1-1 SAA,5-8; 0-2 SAA,N/A,N/A,01/05/18,8:00 PM,N/A,"Memphis, Tenn.",Win,2,False,127,False,--,,24 ,,22,"ASSIST  by EVANS,ANDREW",,,"ASSIST  by EVANS,ANDREW",1,assist,,rhodes,"evans,andrew",,"['marder,nick', 'clark,ethan', 'mccloud,alton', 'hirsh,elijah', 'johnson,cory']","['de,nick', 'samson,vaughn', 'evans,andrew', 'giroux,preston', 'weatherford,mitch']",
230,0864,Rhodes,Berry,1,102-114,"59,55","54,48",7-6; 1-1 SAA,5-8; 0-2 SAA,N/A,N/A,01/05/18,8:00 PM,N/A,"Memphis, Tenn.",Win,2,False,127,False,10:53,"MISS JUMPER by JOHNSON,CALEB",24 ,,22,,,,"MISS JUMPER by JOHNSON,CALEB",1,jumper,missed,berry,"johnson,caleb",,"['marder,nick', 'clark,ethan', 'mccloud,alton', 'hirsh,elijah', 'johnson,cory']","['de,nick', 'samson,vaughn', 'evans,andrew', 'giroux,preston', 'weatherford,mitch']",653
231,0864,Rhodes,Berry,1,102-114,"59,55","54,48",7-6; 1-1 SAA,5-8; 0-2 SAA,N/A,N/A,01/05/18,8:00 PM,N/A,"Memphis, Tenn.",Win,2,False,127,False,--,,24 ,,22,"REBOUND DEF by EVANS,ANDREW",,,"REBOUND DEF by EVANS,ANDREW",1,defensive rebound,,rhodes,"evans,andrew",,"['marder,nick', 'clark,ethan', 'mccloud,alton', 'hirsh,elijah', 'johnson,cory']","['de,nick', 'samson,vaughn', 'evans,andrew', 'giroux,preston', 'weatherford,mitch']",
232,0864,Rhodes,Berry,1,102-114,"59,55","54,48",7-6; 1-1 SAA,5-8; 0-2 SAA,N/A,N/A,01/05/18,8:00 PM,N/A,"Memphis, Tenn.",Win,2,False,127,False,10:44,,24 ,,22,"MISS 3PTR by EVANS,ANDREW",,,"MISS 3PTR by EVANS,ANDREW",1,three pointer,missed,rhodes,"evans,andrew",,"['marder,nick', 'clark,ethan', 'mccloud,alton', 'hirsh,elijah', 'johnson,cory']","['de,nick', 'samson,vaughn', 'evans,andrew', 'giroux,preston', 'weatherford,mitch']",644
233,0864,Rhodes,Berry,1,102-114,"59,55","54,48",7-6; 1-1 SAA,5-8; 0-2 SAA,N/A,N/A,01/05/18,8:00 PM,N/A,"Memphis, Tenn.",Win,2,False,127,False,--,"REBOUND DEF by HIRSH,ELIJAH",24 ,,22,,,,"REBOUND DEF by HIRSH,ELIJAH",1,defensive rebound,,berry,"hirsh,elijah",,"['marder,nick', 'clark,ethan', 'mccloud,alton', 'hirsh,elijah', 'johnson,cory']","['de,nick', 'samson,vaughn', 'evans,andrew', 'giroux,preston', 'weatherford,mitch']",
234,0864,Rhodes,Berry,1,102-114,"59,55","54,48",7-6; 1-1 SAA,5-8; 0-2 SAA,N/A,N/A,01/05/18,8:00 PM,N/A,"Memphis, Tenn.",Win,2,False,127,False,10:34,"TURNOVER  by JOHNSON,CALEB",24 ,,22,,,,"TURNOVER  by JOHNSON,CALEB",1,turnover,,berry,"johnson,caleb",,"['marder,nick', 'clark,ethan', 'mccloud,alton', 'hirsh,elijah', 'johnson,cory']","['de,nick', 'samson,vaughn', 'evans,andrew', 'giroux,preston', 'weatherford,mitch']",634
235,0864,Rhodes,Berry,1,102-114,"59,55","54,48",7-6; 1-1 SAA,5-8; 0-2 SAA,N/A,N/A,01/05/18,8:00 PM,N/A,"Memphis, Tenn.",Win,2,False,127,False,10:33,"SUB IN by MOORE,MYLES",24 ,,22,,,,"SUB IN by MOORE,MYLES",1,subbing in,,berry,"moore,myles",,"['marder,nick', 'clark,ethan', 'mccloud,alton', 'hirsh,elijah', 'johnson,cory', 'moore,myles']","['de,nick', 'samson,vaughn', 'evans,andrew', 'giroux,preston', 'weatherford,mitch']",633
236,0864,Rhodes,Berry,1,102-114,"59,55","54,48",7-6; 1-1 SAA,5-8; 0-2 SAA,N/A,N/A,01/05/18,8:00 PM,N/A,"Memphis, Tenn.",Win,2,False,127,False,10:33,"SUB IN by JOHNSON,CALEB",24 ,,22,,,,"SUB IN by JOHNSON,CALEB",1,subbing in,,berry,"johnson,caleb",,"['marder,nick', 'clark,ethan', 'mccloud,alton', 'hirsh,elijah', 'johnson,cory', 'moore,myles', 'johnson,caleb']","['de,nick', 'samson,vaughn', 'evans,andrew', 'giroux,preston', 'weatherford,mitch']",633
237,0864,Rhodes,Berry,1,102-114,"59,55","54,48",7-6; 1-1 SAA,5-8; 0-2 SAA,N/A,N/A,01/05/18,8:00 PM,N/A,"Memphis, Tenn.",Win,2,False,127,False,10:33,"SUB OUT by MARDER,NICK",24 ,,22,,,,"SUB OUT by MARDER,NICK",1,subbing out,,berry,"marder,nick",,"['clark,ethan', 'mccloud,alton', 'hirsh,elijah', 'johnson,cory', 'moore,myles', 'johnson,caleb']","['de,nick', 'samson,vaughn', 'evans,andrew', 'giroux,preston', 'weatherford,mitch']",633
238,0864,Rhodes,Berry,1,102-114,"59,55","54,48",7-6; 1-1 SAA,5-8; 0-2 SAA,N/A,N/A,01/05/18,8:00 PM,N/A,"Memphis, Tenn.",Win,2,False,127,False,10:33,"SUB OUT by JOHNSON,CORY",24 ,,22,,,,"SUB OUT by JOHNSON,CORY",1,subbing out,,berry,"johnson,cory",,"['clark,ethan', 'mccloud,alton', 'hirsh,elijah', 'moore,myles', 'johnson,caleb']","['de,nick', 'samson,vaughn', 'evans,andrew', 'giroux,preston', 'weatherford,mitch']",633
239,0864,Rhodes,Berry,1,102-114,"59,55","54,48",7-6; 1-1 SAA,5-8; 0-2 SAA,N/A,N/A,01/05/18,8:00 PM,N/A,"Memphis, Tenn.",Win,2,False,127,False,10:33,,24 ,,22,"SUB IN by LOVE,KERRY",,,"SUB IN by LOVE,KERRY",1,subbing in,,rhodes,"love,kerry",,"['clark,ethan', 'mccloud,alton', 'hirsh,elijah', 'moore,myles', 'johnson,caleb']","['de,nick', 'samson,vaughn', 'evans,andrew', 'giroux,preston', 'weatherford,mitch', 'love,kerry']",633
240,0864,Rhodes,Berry,1,102-114,"59,55","54,48",7-6; 1-1 SAA,5-8; 0-2 SAA,N/A,N/A,01/05/18,8:00 PM,N/A,"Memphis, Tenn.",Win,2,False,127,False,10:33,,24 ,,22,"SUB IN by FERIA,NICK DE",,,"SUB IN by FERIA,NICK DE",1,subbing in,,rhodes,"feria,nick de",,"['clark,ethan', 'mccloud,alton', 'hirsh,elijah', 'moore,myles', 'johnson,caleb']","['de,nick', 'samson,vaughn', 'evans,andrew', 'giroux,preston', 'weatherford,mitch', 'love,kerry', 'feria,nick de']",633
241,0864,Rhodes,Berry,1,102-114,"59,55","54,48",7-6; 1-1 SAA,5-8; 0-2 SAA,N/A,N/A,01/05/18,8:00 PM,N/A,"Memphis, Tenn.",Win,2,False,127,False,10:33,,24 ,,22,"SUB IN by DARST,DANIEL",,,"SUB IN by DARST,DANIEL",1,subbing in,,rhodes,"darst,daniel",,"['clark,ethan', 'mccloud,alton', 'hirsh,elijah', 'moore,myles', 'johnson,caleb']","['de,nick', 'samson,vaughn', 'evans,andrew', 'giroux,preston', 'weatherford,mitch', 'love,kerry', 'feria,nick de', 'darst,daniel']",633
242,0864,Rhodes,Berry,1,102-114,"59,55","54,48",7-6; 1-1 SAA,5-8; 0-2 SAA,N/A,N/A,01/05/18,8:00 PM,N/A,"Memphis, Tenn.",Win,2,False,127,False,10:33,,24 ,,22,"SUB IN by BERRY,BRYCE",,,"SUB IN by BERRY,BRYCE",1,subbing in,,rhodes,"berry,bryce",,"['clark,ethan', 'mccloud,alton', 'hirsh,elijah', 'moore,myles', 'johnson,caleb']","['de,nick', 'samson,vaughn', 'evans,andrew', 'giroux,preston', 'weatherford,mitch', 'love,kerry', 'feria,nick de', 'darst,daniel', 'berry,bryce']",633
243,0864,Rhodes,Berry,1,102-114,"59,55","54,48",7-6; 1-1 SAA,5-8; 0-2 SAA,N/A,N/A,01/05/18,8:00 PM,N/A,"Memphis, Tenn.",Win,2,False,127,False,10:33,,24 ,,22,"SUB OUT by EVANS,ANDREW",,,"SUB OUT by EVANS,ANDREW",1,subbing out,,rhodes,"evans,andrew",,"['clark,ethan', 'mccloud,alton', 'hirsh,elijah', 'moore,myles', 'johnson,caleb']","['de,nick', 'samson,vaughn', 'giroux,preston', 'weatherford,mitch', 'love,kerry', 'feria,nick de', 'darst,daniel', 'berry,bryce']",633
244,0864,Rhodes,Berry,1,102-114,"59,55","54,48",7-6; 1-1 SAA,5-8; 0-2 SAA,N/A,N/A,01/05/18,8:00 PM,N/A,"Memphis, Tenn.",Win,2,False,127,False,10:33,,24 ,,22,"SUB OUT by GIROUX,PRESTON",,,"SUB OUT by GIROUX,PRESTON",1,subbing out,,rhodes,"giroux,preston",,"['clark,ethan', 'mccloud,alton', 'hirsh,elijah', 'moore,myles', 'johnson,caleb']","['de,nick', 'samson,vaughn', 'weatherford,mitch', 'love,kerry', 'feria,nick de', 'darst,daniel', 'berry,bryce']",633
245,0864,Rhodes,Berry,1,102-114,"59,55","54,48",7-6; 1-1 SAA,5-8; 0-2 SAA,N/A,N/A,01/05/18,8:00 PM,N/A,"Memphis, Tenn.",Win,2,False,127,False,10:33,,24 ,,22,"SUB OUT by SAMSON,VAUGHN",,,"SUB OUT by SAMSON,VAUGHN",1,subbing out,,rhodes,"samson,vaughn",,"['clark,ethan', 'mccloud,alton', 'hirsh,elijah', 'moore,myles', 'johnson,caleb']","['de,nick', 'weatherford,mitch', 'love,kerry', 'feria,nick de', 'darst,daniel', 'berry,bryce']",633
246,0864,Rhodes,Berry,1,102-114,"59,55","54,48",7-6; 1-1 SAA,5-8; 0-2 SAA,N/A,N/A,01/05/18,8:00 PM,N/A,"Memphis, Tenn.",Win,2,False,127,False,10:33,,24 ,,22,"SUB OUT by WEATHERFORD,MITCH",,,"SUB OUT by WEATHERFORD,MITCH",1,subbing out,,rhodes,"weatherford,mitch",,"['clark,ethan', 'mccloud,alton', 'hirsh,elijah', 'moore,myles', 'johnson,caleb']","['de,nick', 'love,kerry', 'feria,nick de', 'darst,daniel', 'berry,bryce']",633
247,0864,Rhodes,Berry,1,102-114,"59,55","54,48",7-6; 1-1 SAA,5-8; 0-2 SAA,N/A,N/A,01/05/18,8:00 PM,N/A,"Memphis, Tenn.",Win,2,False,127,False,10:28,,24,,24,"GOOD LAYUP by BERRY,BRYCE(in the paint)",RHODES 24-24 (0),,"GOOD LAYUP by BERRY,BRYCE(in the paint)",1,layup,good,rhodes,"berry,bryce",2,"['clark,ethan', 'mccloud,alton', 'hirsh,elijah', 'moore,myles', 'johnson,caleb']","['de,nick', 'love,kerry', 'feria,nick de', 'darst,daniel', 'berry,bryce']",628
248,0864,Rhodes,Berry,1,102-114,"59,55","54,48",7-6; 1-1 SAA,5-8; 0-2 SAA,N/A,N/A,01/05/18,8:00 PM,N/A,"Memphis, Tenn.",Win,2,False,127,False,10:28,"FOUL  by JOHNSON,CALEB",24,,24,,,,"FOUL  by JOHNSON,CALEB",1,foul,,berry,"johnson,caleb",,"['clark,ethan', 'mccloud,alton', 'hirsh,elijah', 'moore,myles', 'johnson,caleb']","['de,nick', 'love,kerry', 'feria,nick de', 'darst,daniel', 'berry,bryce']",628
249,0864,Rhodes,Berry,1,102-114,"59,55","54,48",7-6; 1-1 SAA,5-8; 0-2 SAA,N/A,N/A,01/05/18,8:00 PM,N/A,"Memphis, Tenn.",Win,2,False,127,False,10:28,,24,,25 ,"GOOD FT by BERRY,BRYCE",RHODES 24-25 (-1),,"GOOD FT by BERRY,BRYCE",1,free throw,good,rhodes,"berry,bryce",1,"['clark,ethan', 'mccloud,alton', 'hirsh,elijah', 'moore,myles', 'johnson,caleb']","['de,nick', 'love,kerry', 'feria,nick de', 'darst,daniel', 'berry,bryce']",628
250,0864,Rhodes,Berry,1,102-114,"59,55","54,48",7-6; 1-1 SAA,5-8; 0-2 SAA,N/A,N/A,01/05/18,8:00 PM,N/A,"Memphis, Tenn.",Win,2,False,127,False,10:12,"GOOD LAYUP by JOHNSON,CALEB(in the paint)",26 ,,25,,BCM 26-25 (+1),,"GOOD LAYUP by JOHNSON,CALEB(in the paint)",1,layup,good,berry,"johnson,caleb",2,"['clark,ethan', 'mccloud,alton', 'hirsh,elijah', 'moore,myles', 'johnson,caleb']","['de,nick', 'love,kerry', 'feria,nick de', 'darst,daniel', 'berry,bryce']",612
251,0864,Rhodes,Berry,1,102-114,"59,55","54,48",7-6; 1-1 SAA,5-8; 0-2 SAA,N/A,N/A,01/05/18,8:00 PM,N/A,"Memphis, Tenn.",Win,2,False,127,False,--,"ASSIST  by HIRSH,ELIJAH",26 ,,25,,,,"ASSIST  by HIRSH,ELIJAH",1,assist,,berry,"hirsh,elijah",,"['clark,ethan', 'mccloud,alton', 'hirsh,elijah', 'moore,myles', 'johnson,caleb']","['de,nick', 'love,kerry', 'feria,nick de', 'darst,daniel', 'berry,bryce']",
252,0864,Rhodes,Berry,1,102-114,"59,55","54,48",7-6; 1-1 SAA,5-8; 0-2 SAA,N/A,N/A,01/05/18,8:00 PM,N/A,"Memphis, Tenn.",Win,2,False,127,False,10:03,,26 ,,25,"MISS 3PTR by FERIA,NICK DE",,,"MISS 3PTR by FERIA,NICK DE",1,three pointer,missed,rhodes,"feria,nick de",,"['clark,ethan', 'mccloud,alton', 'hirsh,elijah', 'moore,myles', 'johnson,caleb']","['de,nick', 'love,kerry', 'feria,nick de', 'darst,daniel', 'berry,bryce']",603
253,0864,Rhodes,Berry,1,102-114,"59,55","54,48",7-6; 1-1 SAA,5-8; 0-2 SAA,N/A,N/A,01/05/18,8:00 PM,N/A,"Memphis, Tenn.",Win,2,False,127,False,--,"REBOUND DEF by MOORE,MYLES",26 ,,25,,,,"REBOUND DEF by MOORE,MYLES",1,defensive rebound,,berry,"moore,myles",,"['clark,ethan', 'mccloud,alton', 'hirsh,elijah', 'moore,myles', 'johnson,caleb']","['de,nick', 'love,kerry', 'feria,nick de', 'darst,daniel', 'berry,bryce']",
254,0864,Rhodes,Berry,1,102-114,"59,55","54,48",7-6; 1-1 SAA,5-8; 0-2 SAA,N/A,N/A,01/05/18,8:00 PM,N/A,"Memphis, Tenn.",Win,2,False,127,False,10:00,"MISS JUMPER by HIRSH,ELIJAH",26 ,,25,,,,"MISS JUMPER by HIRSH,ELIJAH",1,jumper,missed,berry,"hirsh,elijah",,"['clark,ethan', 'mccloud,alton', 'hirsh,elijah', 'moore,myles', 'johnson,caleb']","['de,nick', 'love,kerry', 'feria,nick de', 'darst,daniel', 'berry,bryce']",600
255,0864,Rhodes,Berry,1,102-114,"59,55","54,48",7-6; 1-1 SAA,5-8; 0-2 SAA,N/A,N/A,01/05/18,8:00 PM,N/A,"Memphis, Tenn.",Win,2,False,127,False,09:59,,26 ,,25,"BLOCK  by DARST,DANIEL",,,"BLOCK  by DARST,DANIEL",1,block,,rhodes,"darst,daniel",,"['clark,ethan', 'mccloud,alton', 'hirsh,elijah', 'moore,myles', 'johnson,caleb']","['de,nick', 'love,kerry', 'feria,nick de', 'darst,daniel', 'berry,bryce']",599
256,0864,Rhodes,Berry,1,102-114,"59,55","54,48",7-6; 1-1 SAA,5-8; 0-2 SAA,N/A,N/A,01/05/18,8:00 PM,N/A,"Memphis, Tenn.",Win,2,False,127,False,--,REBOUND OFF by TEAM,26 ,,25,,,,REBOUND OFF by TEAM,1,offensive rebound,,berry,,,"['clark,ethan', 'mccloud,alton', 'hirsh,elijah', 'moore,myles', 'johnson,caleb']","['de,nick', 'love,kerry', 'feria,nick de', 'darst,daniel', 'berry,bryce']",
257,0864,Rhodes,Berry,1,102-114,"59,55","54,48",7-6; 1-1 SAA,5-8; 0-2 SAA,N/A,N/A,01/05/18,8:00 PM,N/A,"Memphis, Tenn.",Win,2,False,127,False,09:50,"GOOD LAYUP by HIRSH,ELIJAH(in the paint)",28 ,,25,,BCM 28-25 (+3),,"GOOD LAYUP by HIRSH,ELIJAH(in the paint)",1,layup,good,berry,"hirsh,elijah",2,"['clark,ethan', 'mccloud,alton', 'hirsh,elijah', 'moore,myles', 'johnson,caleb']","['de,nick', 'love,kerry', 'feria,nick de', 'darst,daniel', 'berry,bryce']",590
258,0864,Rhodes,Berry,1,102-114,"59,55","54,48",7-6; 1-1 SAA,5-8; 0-2 SAA,N/A,N/A,01/05/18,8:00 PM,N/A,"Memphis, Tenn.",Win,2,False,127,False,--,"ASSIST  by MCCLOUD,ALTON",28 ,,25,,,,"ASSIST  by MCCLOUD,ALTON",1,assist,,berry,"mccloud,alton",,"['clark,ethan', 'mccloud,alton', 'hirsh,elijah', 'moore,myles', 'johnson,caleb']","['de,nick', 'love,kerry', 'feria,nick de', 'darst,daniel', 'berry,bryce']",
259,0864,Rhodes,Berry,1,102-114,"59,55","54,48",7-6; 1-1 SAA,5-8; 0-2 SAA,N/A,N/A,01/05/18,8:00 PM,N/A,"Memphis, Tenn.",Win,2,False,127,False,09:41,,28 ,,25,"MISS LAYUP by LOVE,KERRY",,,"MISS LAYUP by LOVE,KERRY",1,layup,missed,rhodes,"love,kerry",,"['clark,ethan', 'mccloud,alton', 'hirsh,elijah', 'moore,myles', 'johnson,caleb']","['de,nick', 'love,kerry', 'feria,nick de', 'darst,daniel', 'berry,bryce']",581
260,0864,Rhodes,Berry,1,102-114,"59,55","54,48",7-6; 1-1 SAA,5-8; 0-2 SAA,N/A,N/A,01/05/18,8:00 PM,N/A,"Memphis, Tenn.",Win,2,False,127,False,--,"REBOUND DEF by MCCLOUD,ALTON",28 ,,25,,,,"REBOUND DEF by MCCLOUD,ALTON",1,defensive rebound,,berry,"mccloud,alton",,"['clark,ethan', 'mccloud,alton', 'hirsh,elijah', 'moore,myles', 'johnson,caleb']","['de,nick', 'love,kerry', 'feria,nick de', 'darst,daniel', 'berry,bryce']",
261,0864,Rhodes,Berry,1,102-114,"59,55","54,48",7-6; 1-1 SAA,5-8; 0-2 SAA,N/A,N/A,01/05/18,8:00 PM,N/A,"Memphis, Tenn.",Win,2,False,127,False,09:38,,28 ,,25,"FOUL  by DARST,DANIEL",,,"FOUL  by DARST,DANIEL",1,foul,,rhodes,"darst,daniel",,"['clark,ethan', 'mccloud,alton', 'hirsh,elijah', 'moore,myles', 'johnson,caleb']","['de,nick', 'love,kerry', 'feria,nick de', 'darst,daniel', 'berry,bryce']",578
262,0864,Rhodes,Berry,1,102-114,"59,55","54,48",7-6; 1-1 SAA,5-8; 0-2 SAA,N/A,N/A,01/05/18,8:00 PM,N/A,"Memphis, Tenn.",Win,2,False,127,False,09:38,"MISS FT by MCCLOUD,ALTON",28 ,,25,,,,"MISS FT by MCCLOUD,ALTON",1,free throw,missed,berry,"mccloud,alton",,"['clark,ethan', 'mccloud,alton', 'hirsh,elijah', 'moore,myles', 'johnson,caleb']","['de,nick', 'love,kerry', 'feria,nick de', 'darst,daniel', 'berry,bryce']",578
263,0864,Rhodes,Berry,1,102-114,"59,55","54,48",7-6; 1-1 SAA,5-8; 0-2 SAA,N/A,N/A,01/05/18,8:00 PM,N/A,"Memphis, Tenn.",Win,2,False,127,False,--,,28 ,,25,"REBOUND DEF by NYAWATA,ANESU",,,"REBOUND DEF by NYAWATA,ANESU",1,defensive rebound,,rhodes,"nyawata,anesu",,"['clark,ethan', 'mccloud,alton', 'hirsh,elijah', 'moore,myles', 'johnson,caleb']","['de,nick', 'love,kerry', 'feria,nick de', 'darst,daniel', 'berry,bryce']",
264,0864,Rhodes,Berry,1,102-114,"59,55","54,48",7-6; 1-1 SAA,5-8; 0-2 SAA,N/A,N/A,01/05/18,8:00 PM,N/A,"Memphis, Tenn.",Win,2,False,127,False,09:38,"SUB IN by ELLINGSWORTH,COLEMAN",28 ,,25,,,,"SUB IN by ELLINGSWORTH,COLEMAN",1,subbing in,,berry,"ellingsworth,coleman",,"['clark,ethan', 'mccloud,alton', 'hirsh,elijah', 'moore,myles', 'johnson,caleb', 'ellingsworth,coleman']","['de,nick', 'love,kerry', 'feria,nick de', 'darst,daniel', 'berry,bryce']",578
265,0864,Rhodes,Berry,1,102-114,"59,55","54,48",7-6; 1-1 SAA,5-8; 0-2 SAA,N/A,N/A,01/05/18,8:00 PM,N/A,"Memphis, Tenn.",Win,2,False,127,False,09:38,"SUB OUT by HIRSH,ELIJAH",28 ,,25,,,,"SUB OUT by HIRSH,ELIJAH",1,subbing out,,berry,"hirsh,elijah",,"['clark,ethan', 'mccloud,alton', 'moore,myles', 'johnson,caleb', 'ellingsworth,coleman']","['de,nick', 'love,kerry', 'feria,nick de', 'darst,daniel', 'berry,bryce']",578
266,0864,Rhodes,Berry,1,102-114,"59,55","54,48",7-6; 1-1 SAA,5-8; 0-2 SAA,N/A,N/A,01/05/18,8:00 PM,N/A,"Memphis, Tenn.",Win,2,False,127,False,09:38,,28 ,,25,"SUB IN by GALVIN,OWEN",,,"SUB IN by GALVIN,OWEN",1,subbing in,,rhodes,"galvin,owen",,"['clark,ethan', 'mccloud,alton', 'moore,myles', 'johnson,caleb', 'ellingsworth,coleman']","['de,nick', 'love,kerry', 'feria,nick de', 'darst,daniel', 'berry,bryce', 'galvin,owen']",578
267,0864,Rhodes,Berry,1,102-114,"59,55","54,48",7-6; 1-1 SAA,5-8; 0-2 SAA,N/A,N/A,01/05/18,8:00 PM,N/A,"Memphis, Tenn.",Win,2,False,127,False,09:38,,28 ,,25,"SUB IN by MCINTYRE,WILLIAM",,,"SUB IN by MCINTYRE,WILLIAM",1,subbing in,,rhodes,"mcintyre,william",,"['clark,ethan', 'mccloud,alton', 'moore,myles', 'johnson,caleb', 'ellingsworth,coleman']","['de,nick', 'love,kerry', 'feria,nick de', 'darst,daniel', 'berry,bryce', 'galvin,owen', 'mcintyre,william']",578
268,0864,Rhodes,Berry,1,102-114,"59,55","54,48",7-6; 1-1 SAA,5-8; 0-2 SAA,N/A,N/A,01/05/18,8:00 PM,N/A,"Memphis, Tenn.",Win,2,False,127,False,09:38,,28 ,,25,"SUB IN by NESTLEHUTT,JAKE",,,"SUB IN by NESTLEHUTT,JAKE",1,subbing in,,rhodes,"nestlehutt,jake",,"['clark,ethan', 'mccloud,alton', 'moore,myles', 'johnson,caleb', 'ellingsworth,coleman']","['de,nick', 'love,kerry', 'feria,nick de', 'darst,daniel', 'berry,bryce', 'galvin,owen', 'mcintyre,william', 'nestlehutt,jake']",578
269,0864,Rhodes,Berry,1,102-114,"59,55","54,48",7-6; 1-1 SAA,5-8; 0-2 SAA,N/A,N/A,01/05/18,8:00 PM,N/A,"Memphis, Tenn.",Win,2,False,127,False,09:38,,28 ,,25,"SUB IN by NYAWATA,ANESU",,,"SUB IN by NYAWATA,ANESU",1,subbing in,,rhodes,"nyawata,anesu",,"['clark,ethan', 'mccloud,alton', 'moore,myles', 'johnson,caleb', 'ellingsworth,coleman']","['de,nick', 'love,kerry', 'feria,nick de', 'darst,daniel', 'berry,bryce', 'galvin,owen', 'mcintyre,william', 'nestlehutt,jake', 'nyawata,anesu']",578
270,0864,Rhodes,Berry,1,102-114,"59,55","54,48",7-6; 1-1 SAA,5-8; 0-2 SAA,N/A,N/A,01/05/18,8:00 PM,N/A,"Memphis, Tenn.",Win,2,False,127,False,09:38,,28 ,,25,"SUB IN by DALTON,PRICE",,,"SUB IN by DALTON,PRICE",1,subbing in,,rhodes,"dalton,price",,"['clark,ethan', 'mccloud,alton', 'moore,myles', 'johnson,caleb', 'ellingsworth,coleman']","['de,nick', 'love,kerry', 'feria,nick de', 'darst,daniel', 'berry,bryce', 'galvin,owen', 'mcintyre,william', 'nestlehutt,jake', 'nyawata,anesu', 'dalton,price']",578
271,0864,Rhodes,Berry,1,102-114,"59,55","54,48",7-6; 1-1 SAA,5-8; 0-2 SAA,N/A,N/A,01/05/18,8:00 PM,N/A,"Memphis, Tenn.",Win,2,False,127,False,09:38,,28 ,,25,"SUB OUT by LOVE,KERRY",,,"SUB OUT by LOVE,KERRY",1,subbing out,,rhodes,"love,kerry",,"['clark,ethan', 'mccloud,alton', 'moore,myles', 'johnson,caleb', 'ellingsworth,coleman']","['de,nick', 'feria,nick de', 'darst,daniel', 'berry,bryce', 'galvin,owen', 'mcintyre,william', 'nestlehutt,jake', 'nyawata,anesu', 'dalton,price']",578
272,0864,Rhodes,Berry,1,102-114,"59,55","54,48",7-6; 1-1 SAA,5-8; 0-2 SAA,N/A,N/A,01/05/18,8:00 PM,N/A,"Memphis, Tenn.",Win,2,False,127,False,09:38,,28 ,,25,"SUB OUT by SWIFT,DJ",,,"SUB OUT by SWIFT,DJ",1,subbing out,,rhodes,"swift,dj",,"['clark,ethan', 'mccloud,alton', 'moore,myles', 'johnson,caleb', 'ellingsworth,coleman']","['de,nick', 'feria,nick de', 'darst,daniel', 'berry,bryce', 'galvin,owen', 'mcintyre,william', 'nestlehutt,jake', 'nyawata,anesu', 'dalton,price']",578
273,0864,Rhodes,Berry,1,102-114,"59,55","54,48",7-6; 1-1 SAA,5-8; 0-2 SAA,N/A,N/A,01/05/18,8:00 PM,N/A,"Memphis, Tenn.",Win,2,False,127,False,09:38,,28 ,,25,"SUB OUT by FERIA,NICK DE",,,"SUB OUT by FERIA,NICK DE",1,subbing out,,rhodes,"feria,nick de",,"['clark,ethan', 'mccloud,alton', 'moore,myles', 'johnson,caleb', 'ellingsworth,coleman']","['de,nick', 'feria,nick de', 'darst,daniel', 'berry,bryce', 'galvin,owen', 'mcintyre,william', 'nestlehutt,jake', 'nyawata,anesu', 'dalton,price']",578
274,0864,Rhodes,Berry,1,102-114,"59,55","54,48",7-6; 1-1 SAA,5-8; 0-2 SAA,N/A,N/A,01/05/18,8:00 PM,N/A,"Memphis, Tenn.",Win,2,False,127,False,09:38,,28 ,,25,"SUB OUT by DARST,DANIEL",,,"SUB OUT by DARST,DANIEL",1,subbing out,,rhodes,"darst,daniel",,"['clark,ethan', 'mccloud,alton', 'moore,myles', 'johnson,caleb', 'ellingsworth,coleman']","['de,nick', 'feria,nick de', 'berry,bryce', 'galvin,owen', 'mcintyre,william', 'nestlehutt,jake', 'nyawata,anesu', 'dalton,price']",578
275,0864,Rhodes,Berry,1,102-114,"59,55","54,48",7-6; 1-1 SAA,5-8; 0-2 SAA,N/A,N/A,01/05/18,8:00 PM,N/A,"Memphis, Tenn.",Win,2,False,127,False,09:38,,28 ,,25,"SUB OUT by BERRY,BRYCE",,,"SUB OUT by BERRY,BRYCE",1,subbing out,,rhodes,"berry,bryce",,"['clark,ethan', 'mccloud,alton', 'moore,myles', 'johnson,caleb', 'ellingsworth,coleman']","['de,nick', 'feria,nick de', 'galvin,owen', 'mcintyre,william', 'nestlehutt,jake', 'nyawata,anesu', 'dalton,price']",578
276,0864,Rhodes,Berry,1,102-114,"59,55","54,48",7-6; 1-1 SAA,5-8; 0-2 SAA,N/A,N/A,01/05/18,8:00 PM,N/A,"Memphis, Tenn.",Win,2,False,127,False,09:25,,28,,28,"GOOD 3PTR by GALVIN,OWEN",RHODES 28-28 (0),,"GOOD 3PTR by GALVIN,OWEN",1,three pointer,good,rhodes,"galvin,owen",3,"['clark,ethan', 'mccloud,alton', 'moore,myles', 'johnson,caleb', 'ellingsworth,coleman']","['de,nick', 'feria,nick de', 'galvin,owen', 'mcintyre,william', 'nestlehutt,jake', 'nyawata,anesu', 'dalton,price']",565
277,0864,Rhodes,Berry,1,102-114,"59,55","54,48",7-6; 1-1 SAA,5-8; 0-2 SAA,N/A,N/A,01/05/18,8:00 PM,N/A,"Memphis, Tenn.",Win,2,False,127,False,--,,28,,28,"ASSIST  by DALTON,PRICE",,,"ASSIST  by DALTON,PRICE",1,assist,,rhodes,"dalton,price",,"['clark,ethan', 'mccloud,alton', 'moore,myles', 'johnson,caleb', 'ellingsworth,coleman']","['de,nick', 'feria,nick de', 'galvin,owen', 'mcintyre,william', 'nestlehutt,jake', 'nyawata,anesu', 'dalton,price']",
278,0864,Rhodes,Berry,1,102-114,"59,55","54,48",7-6; 1-1 SAA,5-8; 0-2 SAA,N/A,N/A,01/05/18,8:00 PM,N/A,"Memphis, Tenn.",Win,2,False,127,False,09:15,"TURNOVER  by MCCLOUD,ALTON",28,,28,,,,"TURNOVER  by MCCLOUD,ALTON",1,turnover,,berry,"mccloud,alton",,"['clark,ethan', 'mccloud,alton', 'moore,myles', 'johnson,caleb', 'ellingsworth,coleman']","['de,nick', 'feria,nick de', 'galvin,owen', 'mcintyre,william', 'nestlehutt,jake', 'nyawata,anesu', 'dalton,price']",555
279,0864,Rhodes,Berry,1,102-114,"59,55","54,48",7-6; 1-1 SAA,5-8; 0-2 SAA,N/A,N/A,01/05/18,8:00 PM,N/A,"Memphis, Tenn.",Win,2,False,127,False,09:11,"SUB IN by SUMMERVILLE,MARK",28,,28,,,,"SUB IN by SUMMERVILLE,MARK",1,subbing in,,berry,"summerville,mark",,"['clark,ethan', 'mccloud,alton', 'moore,myles', 'johnson,caleb', 'ellingsworth,coleman', 'summerville,mark']","['de,nick', 'feria,nick de', 'galvin,owen', 'mcintyre,william', 'nestlehutt,jake', 'nyawata,anesu', 'dalton,price']",551
280,0864,Rhodes,Berry,1,102-114,"59,55","54,48",7-6; 1-1 SAA,5-8; 0-2 SAA,N/A,N/A,01/05/18,8:00 PM,N/A,"Memphis, Tenn.",Win,2,False,127,False,09:11,"SUB OUT by MCCLOUD,ALTON",28,,28,,,,"SUB OUT by MCCLOUD,ALTON",1,subbing out,,berry,"mccloud,alton",,"['clark,ethan', 'moore,myles', 'johnson,caleb', 'ellingsworth,coleman', 'summerville,mark']","['de,nick', 'feria,nick de', 'galvin,owen', 'mcintyre,william', 'nestlehutt,jake', 'nyawata,anesu', 'dalton,price']",551
281,0864,Rhodes,Berry,1,102-114,"59,55","54,48",7-6; 1-1 SAA,5-8; 0-2 SAA,N/A,N/A,01/05/18,8:00 PM,N/A,"Memphis, Tenn.",Win,2,False,127,False,09:01,,28,,30 ,"GOOD LAYUP by NYAWATA,ANESU(in the paint)",RHODES 28-30 (-2),,"GOOD LAYUP by NYAWATA,ANESU(in the paint)",1,layup,good,rhodes,"nyawata,anesu",2,"['clark,ethan', 'moore,myles', 'johnson,caleb', 'ellingsworth,coleman', 'summerville,mark']","['de,nick', 'feria,nick de', 'galvin,owen', 'mcintyre,william', 'nestlehutt,jake', 'nyawata,anesu', 'dalton,price']",541
282,0864,Rhodes,Berry,1,102-114,"59,55","54,48",7-6; 1-1 SAA,5-8; 0-2 SAA,N/A,N/A,01/05/18,8:00 PM,N/A,"Memphis, Tenn.",Win,2,False,127,False,08:56,"FOUL  by SUMMERVILLE,MARK",28,,30 ,,,,"FOUL  by SUMMERVILLE,MARK",1,foul,,berry,"summerville,mark",,"['clark,ethan', 'moore,myles', 'johnson,caleb', 'ellingsworth,coleman', 'summerville,mark']","['de,nick', 'feria,nick de', 'galvin,owen', 'mcintyre,william', 'nestlehutt,jake', 'nyawata,anesu', 'dalton,price']",536
283,0864,Rhodes,Berry,1,102-114,"59,55","54,48",7-6; 1-1 SAA,5-8; 0-2 SAA,N/A,N/A,01/05/18,8:00 PM,N/A,"Memphis, Tenn.",Win,2,False,127,False,08:56,,28,,31 ,"GOOD FT by NYAWATA,ANESU",RHODES 28-31 (-3),,"GOOD FT by NYAWATA,ANESU",1,free throw,good,rhodes,"nyawata,anesu",1,"['clark,ethan', 'moore,myles', 'johnson,caleb', 'ellingsworth,coleman', 'summerville,mark']","['de,nick', 'feria,nick de', 'galvin,owen', 'mcintyre,william', 'nestlehutt,jake', 'nyawata,anesu', 'dalton,price']",536
284,0864,Rhodes,Berry,1,102-114,"59,55","54,48",7-6; 1-1 SAA,5-8; 0-2 SAA,N/A,N/A,01/05/18,8:00 PM,N/A,"Memphis, Tenn.",Win,2,False,127,False,08:56,,28,,31 ,"SUB IN by ROTEMAN,EVAN",,,"SUB IN by ROTEMAN,EVAN",1,subbing in,,rhodes,"roteman,evan",,"['clark,ethan', 'moore,myles', 'johnson,caleb', 'ellingsworth,coleman', 'summerville,mark']","['de,nick', 'feria,nick de', 'galvin,owen', 'mcintyre,william', 'nestlehutt,jake', 'nyawata,anesu', 'dalton,price', 'roteman,evan']",536
285,0864,Rhodes,Berry,1,102-114,"59,55","54,48",7-6; 1-1 SAA,5-8; 0-2 SAA,N/A,N/A,01/05/18,8:00 PM,N/A,"Memphis, Tenn.",Win,2,False,127,False,08:56,,28,,31 ,"SUB IN by EVANS,ANDREW",,,"SUB IN by EVANS,ANDREW",1,subbing in,,rhodes,"evans,andrew",,"['clark,ethan', 'moore,myles', 'johnson,caleb', 'ellingsworth,coleman', 'summerville,mark']","['de,nick', 'feria,nick de', 'galvin,owen', 'mcintyre,william', 'nestlehutt,jake', 'nyawata,anesu', 'dalton,price', 'roteman,evan', 'evans,andrew']",536
286,0864,Rhodes,Berry,1,102-114,"59,55","54,48",7-6; 1-1 SAA,5-8; 0-2 SAA,N/A,N/A,01/05/18,8:00 PM,N/A,"Memphis, Tenn.",Win,2,False,127,False,08:56,,28,,31 ,"SUB IN by GIROUX,PRESTON",,,"SUB IN by GIROUX,PRESTON",1,subbing in,,rhodes,"giroux,preston",,"['clark,ethan', 'moore,myles', 'johnson,caleb', 'ellingsworth,coleman', 'summerville,mark']","['de,nick', 'feria,nick de', 'galvin,owen', 'mcintyre,william', 'nestlehutt,jake', 'nyawata,anesu', 'dalton,price', 'roteman,evan', 'evans,andrew', 'giroux,preston']",536
287,0864,Rhodes,Berry,1,102-114,"59,55","54,48",7-6; 1-1 SAA,5-8; 0-2 SAA,N/A,N/A,01/05/18,8:00 PM,N/A,"Memphis, Tenn.",Win,2,False,127,False,08:56,,28,,31 ,"SUB IN by SAMSON,VAUGHN",,,"SUB IN by SAMSON,VAUGHN",1,subbing in,,rhodes,"samson,vaughn",,"['clark,ethan', 'moore,myles', 'johnson,caleb', 'ellingsworth,coleman', 'summerville,mark']","['de,nick', 'feria,nick de', 'galvin,owen', 'mcintyre,william', 'nestlehutt,jake', 'nyawata,anesu', 'dalton,price', 'roteman,evan', 'evans,andrew', 'giroux,preston', 'samson,vaughn']",536
288,0864,Rhodes,Berry,1,102-114,"59,55","54,48",7-6; 1-1 SAA,5-8; 0-2 SAA,N/A,N/A,01/05/18,8:00 PM,N/A,"Memphis, Tenn.",Win,2,False,127,False,08:56,,28,,31 ,"SUB IN by SWIFT,DJ",,,"SUB IN by SWIFT,DJ",1,subbing in,,rhodes,"swift,dj",,"['clark,ethan', 'moore,myles', 'johnson,caleb', 'ellingsworth,coleman', 'summerville,mark']","['de,nick', 'feria,nick de', 'galvin,owen', 'mcintyre,william', 'nestlehutt,jake', 'nyawata,anesu', 'dalton,price', 'roteman,evan', 'evans,andrew', 'giroux,preston', 'samson,vaughn', 'swift,dj']",536
289,0864,Rhodes,Berry,1,102-114,"59,55","54,48",7-6; 1-1 SAA,5-8; 0-2 SAA,N/A,N/A,01/05/18,8:00 PM,N/A,"Memphis, Tenn.",Win,2,False,127,False,08:56,,28,,31 ,"SUB OUT by NYAWATA,ANESU",,,"SUB OUT by NYAWATA,ANESU",1,subbing out,,rhodes,"nyawata,anesu",,"['clark,ethan', 'moore,myles', 'johnson,caleb', 'ellingsworth,coleman', 'summerville,mark']","['de,nick', 'feria,nick de', 'galvin,owen', 'mcintyre,william', 'nestlehutt,jake', 'dalton,price', 'roteman,evan', 'evans,andrew', 'giroux,preston', 'samson,vaughn', 'swift,dj']",536
290,0864,Rhodes,Berry,1,102-114,"59,55","54,48",7-6; 1-1 SAA,5-8; 0-2 SAA,N/A,N/A,01/05/18,8:00 PM,N/A,"Memphis, Tenn.",Win,2,False,127,False,08:56,,28,,31 ,"SUB OUT by GALVIN,OWEN",,,"SUB OUT by GALVIN,OWEN",1,subbing out,,rhodes,"galvin,owen",,"['clark,ethan', 'moore,myles', 'johnson,caleb', 'ellingsworth,coleman', 'summerville,mark']","['de,nick', 'feria,nick de', 'mcintyre,william', 'nestlehutt,jake', 'dalton,price', 'roteman,evan', 'evans,andrew', 'giroux,preston', 'samson,vaughn', 'swift,dj']",536
291,0864,Rhodes,Berry,1,102-114,"59,55","54,48",7-6; 1-1 SAA,5-8; 0-2 SAA,N/A,N/A,01/05/18,8:00 PM,N/A,"Memphis, Tenn.",Win,2,False,127,False,08:56,,28,,31 ,"SUB OUT by MCINTYRE,WILLIAM",,,"SUB OUT by MCINTYRE,WILLIAM",1,subbing out,,rhodes,"mcintyre,william",,"['clark,ethan', 'moore,myles', 'johnson,caleb', 'ellingsworth,coleman', 'summerville,mark']","['de,nick', 'feria,nick de', 'nestlehutt,jake', 'dalton,price', 'roteman,evan', 'evans,andrew', 'giroux,preston', 'samson,vaughn', 'swift,dj']",536
292,0864,Rhodes,Berry,1,102-114,"59,55","54,48",7-6; 1-1 SAA,5-8; 0-2 SAA,N/A,N/A,01/05/18,8:00 PM,N/A,"Memphis, Tenn.",Win,2,False,127,False,08:56,,28,,31 ,"SUB OUT by NESTLEHUTT,JAKE",,,"SUB OUT by NESTLEHUTT,JAKE",1,subbing out,,rhodes,"nestlehutt,jake",,"['clark,ethan', 'moore,myles', 'johnson,caleb', 'ellingsworth,coleman', 'summerville,mark']","['de,nick', 'feria,nick de', 'dalton,price', 'roteman,evan', 'evans,andrew', 'giroux,preston', 'samson,vaughn', 'swift,dj']",536
293,0864,Rhodes,Berry,1,102-114,"59,55","54,48",7-6; 1-1 SAA,5-8; 0-2 SAA,N/A,N/A,01/05/18,8:00 PM,N/A,"Memphis, Tenn.",Win,2,False,127,False,08:56,,28,,31 ,"SUB OUT by DALTON,PRICE",,,"SUB OUT by DALTON,PRICE",1,subbing out,,rhodes,"dalton,price",,"['clark,ethan', 'moore,myles', 'johnson,caleb', 'ellingsworth,coleman', 'summerville,mark']","['de,nick', 'feria,nick de', 'roteman,evan', 'evans,andrew', 'giroux,preston', 'samson,vaughn', 'swift,dj']",536
294,0864,Rhodes,Berry,1,102-114,"59,55","54,48",7-6; 1-1 SAA,5-8; 0-2 SAA,N/A,N/A,01/05/18,8:00 PM,N/A,"Memphis, Tenn.",Win,2,False,127,False,08:54,"SUB IN by MARDER,NICK",28,,31 ,,,,"SUB IN by MARDER,NICK",1,subbing in,,berry,"marder,nick",,"['clark,ethan', 'moore,myles', 'johnson,caleb', 'ellingsworth,coleman', 'summerville,mark', 'marder,nick']","['de,nick', 'feria,nick de', 'roteman,evan', 'evans,andrew', 'giroux,preston', 'samson,vaughn', 'swift,dj']",534
295,0864,Rhodes,Berry,1,102-114,"59,55","54,48",7-6; 1-1 SAA,5-8; 0-2 SAA,N/A,N/A,01/05/18,8:00 PM,N/A,"Memphis, Tenn.",Win,2,False,127,False,08:54,"SUB OUT by ELLINGSWORTH,COLEMAN",28,,31 ,,,,"SUB OUT by ELLINGSWORTH,COLEMAN",1,subbing out,,berry,"ellingsworth,coleman",,"['clark,ethan', 'moore,myles', 'johnson,caleb', 'summerville,mark', 'marder,nick']","['de,nick', 'feria,nick de', 'roteman,evan', 'evans,andrew', 'giroux,preston', 'samson,vaughn', 'swift,dj']",534
296,0864,Rhodes,Berry,1,102-114,"59,55","54,48",7-6; 1-1 SAA,5-8; 0-2 SAA,N/A,N/A,01/05/18,8:00 PM,N/A,"Memphis, Tenn.",Win,2,False,127,False,08:50,"GOOD LAYUP by ATKINSON,QUINN(in the paint)",30,,31 ,,BCM 30-31 (-1),,"GOOD LAYUP by ATKINSON,QUINN(in the paint)",1,layup,good,berry,"atkinson,quinn",2,"['clark,ethan', 'moore,myles', 'johnson,caleb', 'summerville,mark', 'marder,nick']","['de,nick', 'feria,nick de', 'roteman,evan', 'evans,andrew', 'giroux,preston', 'samson,vaughn', 'swift,dj']",530
297,0864,Rhodes,Berry,1,102-114,"59,55","54,48",7-6; 1-1 SAA,5-8; 0-2 SAA,N/A,N/A,01/05/18,8:00 PM,N/A,"Memphis, Tenn.",Win,2,False,127,False,08:32,,30,,31 ,"MISS 3PTR by ROTEMAN,EVAN",,,"MISS 3PTR by ROTEMAN,EVAN",1,three pointer,missed,rhodes,"roteman,evan",,"['clark,ethan', 'moore,myles', 'johnson,caleb', 'summerville,mark', 'marder,nick']","['de,nick', 'feria,nick de', 'roteman,evan', 'evans,andrew', 'giroux,preston', 'samson,vaughn', 'swift,dj']",512
298,0864,Rhodes,Berry,1,102-114,"59,55","54,48",7-6; 1-1 SAA,5-8; 0-2 SAA,N/A,N/A,01/05/18,8:00 PM,N/A,"Memphis, Tenn.",Win,2,False,127,False,--,,30,,31 ,"REBOUND OFF by SAMSON,VAUGHN",,,"REBOUND OFF by SAMSON,VAUGHN",1,offensive rebound,,rhodes,"samson,vaughn",,"['clark,ethan', 'moore,myles', 'johnson,caleb', 'summerville,mark', 'marder,nick']","['de,nick', 'feria,nick de', 'roteman,evan', 'evans,andrew', 'giroux,preston', 'samson,vaughn', 'swift,dj']",
299,0864,Rhodes,Berry,1,102-114,"59,55","54,48",7-6; 1-1 SAA,5-8; 0-2 SAA,N/A,N/A,01/05/18,8:00 PM,N/A,"Memphis, Tenn.",Win,2,False,127,False,08:15,,30,,31 ,"MISS 3PTR by EVANS,ANDREW",,,"MISS 3PTR by EVANS,ANDREW",1,three pointer,missed,rhodes,"evans,andrew",,"['clark,ethan', 'moore,myles', 'johnson,caleb', 'summerville,mark', 'marder,nick']","['de,nick', 'feria,nick de', 'roteman,evan', 'evans,andrew', 'giroux,preston', 'samson,vaughn', 'swift,dj']",495
300,0864,Rhodes,Berry,1,102-114,"59,55","54,48",7-6; 1-1 SAA,5-8; 0-2 SAA,N/A,N/A,01/05/18,8:00 PM,N/A,"Memphis, Tenn.",Win,2,False,127,False,--,,30,,31 ,"REBOUND OFF by SWIFT,DJ",,,"REBOUND OFF by SWIFT,DJ",1,offensive rebound,,rhodes,"swift,dj",,"['clark,ethan', 'moore,myles', 'johnson,caleb', 'summerville,mark', 'marder,nick']","['de,nick', 'feria,nick de', 'roteman,evan', 'evans,andrew', 'giroux,preston', 'samson,vaughn', 'swift,dj']",
301,0864,Rhodes,Berry,1,102-114,"59,55","54,48",7-6; 1-1 SAA,5-8; 0-2 SAA,N/A,N/A,01/05/18,8:00 PM,N/A,"Memphis, Tenn.",Win,2,False,127,False,07:58,,30,,31 ,"TURNOVER  by ROTEMAN,EVAN",,,"TURNOVER  by ROTEMAN,EVAN",1,turnover,,rhodes,"roteman,evan",,"['clark,ethan', 'moore,myles', 'johnson,caleb', 'summerville,mark', 'marder,nick']","['de,nick', 'feria,nick de', 'roteman,evan', 'evans,andrew', 'giroux,preston', 'samson,vaughn', 'swift,dj']",478
302,0864,Rhodes,Berry,1,102-114,"59,55","54,48",7-6; 1-1 SAA,5-8; 0-2 SAA,N/A,N/A,01/05/18,8:00 PM,N/A,"Memphis, Tenn.",Win,2,False,127,False,07:55,"STEAL  by SUMMERVILLE,MARK",30,,31 ,,,,"STEAL  by SUMMERVILLE,MARK",1,steal,,berry,,,"['clark,ethan', 'moore,myles', 'johnson,caleb', 'summerville,mark', 'marder,nick']","['de,nick', 'feria,nick de', 'roteman,evan', 'evans,andrew', 'giroux,preston', 'samson,vaughn', 'swift,dj']",475
303,0864,Rhodes,Berry,1,102-114,"59,55","54,48",7-6; 1-1 SAA,5-8; 0-2 SAA,N/A,N/A,01/05/18,8:00 PM,N/A,"Memphis, Tenn.",Win,2,False,127,False,07:51,"MISS LAYUP by MARDER,NICK",30,,31 ,,,,"MISS LAYUP by MARDER,NICK",1,layup,missed,berry,"marder,nick",,"['clark,ethan', 'moore,myles', 'johnson,caleb', 'summerville,mark', 'marder,nick']","['de,nick', 'feria,nick de', 'roteman,evan', 'evans,andrew', 'giroux,preston', 'samson,vaughn', 'swift,dj']",471
304,0864,Rhodes,Berry,1,102-114,"59,55","54,48",7-6; 1-1 SAA,5-8; 0-2 SAA,N/A,N/A,01/05/18,8:00 PM,N/A,"Memphis, Tenn.",Win,2,False,127,False,07:44,,30,,31 ,"BLOCK  by SAMSON,VAUGHN",,,"BLOCK  by SAMSON,VAUGHN",1,block,,rhodes,"samson,vaughn",,"['clark,ethan', 'moore,myles', 'johnson,caleb', 'summerville,mark', 'marder,nick']","['de,nick', 'feria,nick de', 'roteman,evan', 'evans,andrew', 'giroux,preston', 'samson,vaughn', 'swift,dj']",464
305,0864,Rhodes,Berry,1,102-114,"59,55","54,48",7-6; 1-1 SAA,5-8; 0-2 SAA,N/A,N/A,01/05/18,8:00 PM,N/A,"Memphis, Tenn.",Win,2,False,127,False,--,"REBOUND OFF by JOHNSON,CALEB",30,,31 ,,,,"REBOUND OFF by JOHNSON,CALEB",1,offensive rebound,,berry,"johnson,caleb",,"['clark,ethan', 'moore,myles', 'johnson,caleb', 'summerville,mark', 'marder,nick']","['de,nick', 'feria,nick de', 'roteman,evan', 'evans,andrew', 'giroux,preston', 'samson,vaughn', 'swift,dj']",
306,0864,Rhodes,Berry,1,102-114,"59,55","54,48",7-6; 1-1 SAA,5-8; 0-2 SAA,N/A,N/A,01/05/18,8:00 PM,N/A,"Memphis, Tenn.",Win,2,False,127,False,07:29,,30,,31 ,"FOUL  by ROTEMAN,EVAN",,,"FOUL  by ROTEMAN,EVAN",1,foul,,rhodes,"roteman,evan",,"['clark,ethan', 'moore,myles', 'johnson,caleb', 'summerville,mark', 'marder,nick']","['de,nick', 'feria,nick de', 'roteman,evan', 'evans,andrew', 'giroux,preston', 'samson,vaughn', 'swift,dj']",449
307,0864,Rhodes,Berry,1,102-114,"59,55","54,48",7-6; 1-1 SAA,5-8; 0-2 SAA,N/A,N/A,01/05/18,8:00 PM,N/A,"Memphis, Tenn.",Win,2,False,127,False,07:29,TIMEOUT 20SEC by TEAM,30,,31 ,,,,TIMEOUT 20SEC by TEAM,1,timeout,,berry,,,"['clark,ethan', 'moore,myles', 'johnson,caleb', 'summerville,mark', 'marder,nick']","['de,nick', 'feria,nick de', 'roteman,evan', 'evans,andrew', 'giroux,preston', 'samson,vaughn', 'swift,dj']",449
308,0864,Rhodes,Berry,1,102-114,"59,55","54,48",7-6; 1-1 SAA,5-8; 0-2 SAA,N/A,N/A,01/05/18,8:00 PM,N/A,"Memphis, Tenn.",Win,2,False,127,False,07:29,"MISS FT by MARDER,NICK",30,,31 ,,,,"MISS FT by MARDER,NICK",1,free throw,missed,berry,"marder,nick",,"['clark,ethan', 'moore,myles', 'johnson,caleb', 'summerville,mark', 'marder,nick']","['de,nick', 'feria,nick de', 'roteman,evan', 'evans,andrew', 'giroux,preston', 'samson,vaughn', 'swift,dj']",449
309,0864,Rhodes,Berry,1,102-114,"59,55","54,48",7-6; 1-1 SAA,5-8; 0-2 SAA,N/A,N/A,01/05/18,8:00 PM,N/A,"Memphis, Tenn.",Win,2,False,127,False,--,,30,,31 ,"REBOUND DEF by ASHBY,KENDRICK",,,"REBOUND DEF by ASHBY,KENDRICK",1,defensive rebound,,rhodes,"ashby,kendrick",,"['clark,ethan', 'moore,myles', 'johnson,caleb', 'summerville,mark', 'marder,nick']","['de,nick', 'feria,nick de', 'roteman,evan', 'evans,andrew', 'giroux,preston', 'samson,vaughn', 'swift,dj']",
310,0864,Rhodes,Berry,1,102-114,"59,55","54,48",7-6; 1-1 SAA,5-8; 0-2 SAA,N/A,N/A,01/05/18,8:00 PM,N/A,"Memphis, Tenn.",Win,2,False,127,False,07:29,"SUB IN by ATKINSON,QUINN",30,,31 ,,,,"SUB IN by ATKINSON,QUINN",1,subbing in,,berry,"atkinson,quinn",,"['clark,ethan', 'moore,myles', 'johnson,caleb', 'summerville,mark', 'marder,nick', 'atkinson,quinn']","['de,nick', 'feria,nick de', 'roteman,evan', 'evans,andrew', 'giroux,preston', 'samson,vaughn', 'swift,dj']",449
311,0864,Rhodes,Berry,1,102-114,"59,55","54,48",7-6; 1-1 SAA,5-8; 0-2 SAA,N/A,N/A,01/05/18,8:00 PM,N/A,"Memphis, Tenn.",Win,2,False,127,False,07:29,"SUB OUT by CLARK,ETHAN",30,,31 ,,,,"SUB OUT by CLARK,ETHAN",1,subbing out,,berry,"clark,ethan",,"['moore,myles', 'johnson,caleb', 'summerville,mark', 'marder,nick', 'atkinson,quinn']","['de,nick', 'feria,nick de', 'roteman,evan', 'evans,andrew', 'giroux,preston', 'samson,vaughn', 'swift,dj']",449
312,0864,Rhodes,Berry,1,102-114,"59,55","54,48",7-6; 1-1 SAA,5-8; 0-2 SAA,N/A,N/A,01/05/18,8:00 PM,N/A,"Memphis, Tenn.",Win,2,False,127,False,07:29,,30,,31 ,"SUB IN by LOVE,KERRY",,,"SUB IN by LOVE,KERRY",1,subbing in,,rhodes,"love,kerry",,"['moore,myles', 'johnson,caleb', 'summerville,mark', 'marder,nick', 'atkinson,quinn']","['de,nick', 'feria,nick de', 'roteman,evan', 'evans,andrew', 'giroux,preston', 'samson,vaughn', 'swift,dj', 'love,kerry']",449
313,0864,Rhodes,Berry,1,102-114,"59,55","54,48",7-6; 1-1 SAA,5-8; 0-2 SAA,N/A,N/A,01/05/18,8:00 PM,N/A,"Memphis, Tenn.",Win,2,False,127,False,07:29,,30,,31 ,"SUB IN by ASHBY,KENDRICK",,,"SUB IN by ASHBY,KENDRICK",1,subbing in,,rhodes,"ashby,kendrick",,"['moore,myles', 'johnson,caleb', 'summerville,mark', 'marder,nick', 'atkinson,quinn']","['de,nick', 'feria,nick de', 'roteman,evan', 'evans,andrew', 'giroux,preston', 'samson,vaughn', 'swift,dj', 'love,kerry', 'ashby,kendrick']",449
314,0864,Rhodes,Berry,1,102-114,"59,55","54,48",7-6; 1-1 SAA,5-8; 0-2 SAA,N/A,N/A,01/05/18,8:00 PM,N/A,"Memphis, Tenn.",Win,2,False,127,False,07:29,,30,,31 ,"SUB IN by FERIA,NICK DE",,,"SUB IN by FERIA,NICK DE",1,subbing in,,rhodes,"feria,nick de",,"['moore,myles', 'johnson,caleb', 'summerville,mark', 'marder,nick', 'atkinson,quinn']","['de,nick', 'feria,nick de', 'roteman,evan', 'evans,andrew', 'giroux,preston', 'samson,vaughn', 'swift,dj', 'love,kerry', 'ashby,kendrick']",449
315,0864,Rhodes,Berry,1,102-114,"59,55","54,48",7-6; 1-1 SAA,5-8; 0-2 SAA,N/A,N/A,01/05/18,8:00 PM,N/A,"Memphis, Tenn.",Win,2,False,127,False,07:29,,30,,31 ,"SUB IN by DARST,DANIEL",,,"SUB IN by DARST,DANIEL",1,subbing in,,rhodes,"darst,daniel",,"['moore,myles', 'johnson,caleb', 'summerville,mark', 'marder,nick', 'atkinson,quinn']","['de,nick', 'feria,nick de', 'roteman,evan', 'evans,andrew', 'giroux,preston', 'samson,vaughn', 'swift,dj', 'love,kerry', 'ashby,kendrick']",449
316,0864,Rhodes,Berry,1,102-114,"59,55","54,48",7-6; 1-1 SAA,5-8; 0-2 SAA,N/A,N/A,01/05/18,8:00 PM,N/A,"Memphis, Tenn.",Win,2,False,127,False,07:29,,30,,31 ,"SUB IN by BERRY,BRYCE",,,"SUB IN by BERRY,BRYCE",1,subbing in,,rhodes,"berry,bryce",,"['moore,myles', 'johnson,caleb', 'summerville,mark', 'marder,nick', 'atkinson,quinn']","['de,nick', 'feria,nick de', 'roteman,evan', 'evans,andrew', 'giroux,preston', 'samson,vaughn', 'swift,dj', 'love,kerry', 'ashby,kendrick', 'berry,bryce']",449
317,0864,Rhodes,Berry,1,102-114,"59,55","54,48",7-6; 1-1 SAA,5-8; 0-2 SAA,N/A,N/A,01/05/18,8:00 PM,N/A,"Memphis, Tenn.",Win,2,False,127,False,07:29,,30,,31 ,"SUB OUT by EVANS,ANDREW",,,"SUB OUT by EVANS,ANDREW",1,subbing out,,rhodes,"evans,andrew",,"['moore,myles', 'johnson,caleb', 'summerville,mark', 'marder,nick', 'atkinson,quinn']","['de,nick', 'feria,nick de', 'roteman,evan', 'giroux,preston', 'samson,vaughn', 'swift,dj', 'love,kerry', 'ashby,kendrick', 'berry,bryce']",449
318,0864,Rhodes,Berry,1,102-114,"59,55","54,48",7-6; 1-1 SAA,5-8; 0-2 SAA,N/A,N/A,01/05/18,8:00 PM,N/A,"Memphis, Tenn.",Win,2,False,127,False,07:29,,30,,31 ,"SUB OUT by GIROUX,PRESTON",,,"SUB OUT by GIROUX,PRESTON",1,subbing out,,rhodes,"giroux,preston",,"['moore,myles', 'johnson,caleb', 'summerville,mark', 'marder,nick', 'atkinson,quinn']","['de,nick', 'feria,nick de', 'roteman,evan', 'samson,vaughn', 'swift,dj', 'love,kerry', 'ashby,kendrick', 'berry,bryce']",449
319,0864,Rhodes,Berry,1,102-114,"59,55","54,48",7-6; 1-1 SAA,5-8; 0-2 SAA,N/A,N/A,01/05/18,8:00 PM,N/A,"Memphis, Tenn.",Win,2,False,127,False,07:29,,30,,31 ,"SUB OUT by SAMSON,VAUGHN",,,"SUB OUT by SAMSON,VAUGHN",1,subbing out,,rhodes,"samson,vaughn",,"['moore,myles', 'johnson,caleb', 'summerville,mark', 'marder,nick', 'atkinson,quinn']","['de,nick', 'feria,nick de', 'roteman,evan', 'swift,dj', 'love,kerry', 'ashby,kendrick', 'berry,bryce']",449
320,0864,Rhodes,Berry,1,102-114,"59,55","54,48",7-6; 1-1 SAA,5-8; 0-2 SAA,N/A,N/A,01/05/18,8:00 PM,N/A,"Memphis, Tenn.",Win,2,False,127,False,07:29,,30,,31 ,"SUB OUT by SWIFT,DJ",,,"SUB OUT by SWIFT,DJ",1,subbing out,,rhodes,"swift,dj",,"['moore,myles', 'johnson,caleb', 'summerville,mark', 'marder,nick', 'atkinson,quinn']","['de,nick', 'feria,nick de', 'roteman,evan', 'love,kerry', 'ashby,kendrick', 'berry,bryce']",449
321,0864,Rhodes,Berry,1,102-114,"59,55","54,48",7-6; 1-1 SAA,5-8; 0-2 SAA,N/A,N/A,01/05/18,8:00 PM,N/A,"Memphis, Tenn.",Win,2,False,127,False,07:29,,30,,31 ,"SUB OUT by ROTEMAN,EVAN",,,"SUB OUT by ROTEMAN,EVAN",1,subbing out,,rhodes,"roteman,evan",,"['moore,myles', 'johnson,caleb', 'summerville,mark', 'marder,nick', 'atkinson,quinn']","['de,nick', 'feria,nick de', 'love,kerry', 'ashby,kendrick', 'berry,bryce']",449
322,0864,Rhodes,Berry,1,102-114,"59,55","54,48",7-6; 1-1 SAA,5-8; 0-2 SAA,N/A,N/A,01/05/18,8:00 PM,N/A,"Memphis, Tenn.",Win,2,False,127,False,07:27,"FOUL  by SUMMERVILLE,MARK",30,,31 ,,,,"FOUL  by SUMMERVILLE,MARK",1,foul,,berry,"summerville,mark",,"['moore,myles', 'johnson,caleb', 'summerville,mark', 'marder,nick', 'atkinson,quinn']","['de,nick', 'feria,nick de', 'love,kerry', 'ashby,kendrick', 'berry,bryce']",447
323,0864,Rhodes,Berry,1,102-114,"59,55","54,48",7-6; 1-1 SAA,5-8; 0-2 SAA,N/A,N/A,01/05/18,8:00 PM,N/A,"Memphis, Tenn.",Win,2,False,127,False,07:27,,30,,31 ,"MISS FT by DARST,DANIEL",,,"MISS FT by DARST,DANIEL",1,free throw,missed,rhodes,"darst,daniel",,"['moore,myles', 'johnson,caleb', 'summerville,mark', 'marder,nick', 'atkinson,quinn']","['de,nick', 'feria,nick de', 'love,kerry', 'ashby,kendrick', 'berry,bryce']",447
324,0864,Rhodes,Berry,1,102-114,"59,55","54,48",7-6; 1-1 SAA,5-8; 0-2 SAA,N/A,N/A,01/05/18,8:00 PM,N/A,"Memphis, Tenn.",Win,2,False,127,False,--,,30,,31 ,REBOUND DEADB by TEAM,,,REBOUND DEADB by TEAM,1,deadball rebound,,rhodes,,,"['moore,myles', 'johnson,caleb', 'summerville,mark', 'marder,nick', 'atkinson,quinn']","['de,nick', 'feria,nick de', 'love,kerry', 'ashby,kendrick', 'berry,bryce']",
325,0864,Rhodes,Berry,1,102-114,"59,55","54,48",7-6; 1-1 SAA,5-8; 0-2 SAA,N/A,N/A,01/05/18,8:00 PM,N/A,"Memphis, Tenn.",Win,2,False,127,False,07:27,,30,,32 ,"GOOD FT by DARST,DANIEL",RHODES 30-32 (-2),,"GOOD FT by DARST,DANIEL",1,free throw,good,rhodes,"darst,daniel",1,"['moore,myles', 'johnson,caleb', 'summerville,mark', 'marder,nick', 'atkinson,quinn']","['de,nick', 'feria,nick de', 'love,kerry', 'ashby,kendrick', 'berry,bryce']",447
326,0864,Rhodes,Berry,1,102-114,"59,55","54,48",7-6; 1-1 SAA,5-8; 0-2 SAA,N/A,N/A,01/05/18,8:00 PM,N/A,"Memphis, Tenn.",Win,2,False,127,False,07:25,"TURNOVER  by ATKINSON,QUINN",30,,32 ,,,,"TURNOVER  by ATKINSON,QUINN",1,turnover,,berry,"atkinson,quinn",,"['moore,myles', 'johnson,caleb', 'summerville,mark', 'marder,nick', 'atkinson,quinn']","['de,nick', 'feria,nick de', 'love,kerry', 'ashby,kendrick', 'berry,bryce']",445
327,0864,Rhodes,Berry,1,102-114,"59,55","54,48",7-6; 1-1 SAA,5-8; 0-2 SAA,N/A,N/A,01/05/18,8:00 PM,N/A,"Memphis, Tenn.",Win,2,False,127,False,07:24,,30,,32 ,"STEAL  by ASHBY,KENDRICK",,,"STEAL  by ASHBY,KENDRICK",1,steal,,rhodes,,,"['moore,myles', 'johnson,caleb', 'summerville,mark', 'marder,nick', 'atkinson,quinn']","['de,nick', 'feria,nick de', 'love,kerry', 'ashby,kendrick', 'berry,bryce']",444
328,0864,Rhodes,Berry,1,102-114,"59,55","54,48",7-6; 1-1 SAA,5-8; 0-2 SAA,N/A,N/A,01/05/18,8:00 PM,N/A,"Memphis, Tenn.",Win,2,False,127,False,07:21,,30,,32 ,"MISS LAYUP by ASHBY,KENDRICK",,,"MISS LAYUP by ASHBY,KENDRICK",1,layup,missed,rhodes,"ashby,kendrick",,"['moore,myles', 'johnson,caleb', 'summerville,mark', 'marder,nick', 'atkinson,quinn']","['de,nick', 'feria,nick de', 'love,kerry', 'ashby,kendrick', 'berry,bryce']",441
329,0864,Rhodes,Berry,1,102-114,"59,55","54,48",7-6; 1-1 SAA,5-8; 0-2 SAA,N/A,N/A,01/05/18,8:00 PM,N/A,"Memphis, Tenn.",Win,2,False,127,False,--,"REBOUND DEF by MARDER,NICK",30,,32 ,,,,"REBOUND DEF by MARDER,NICK",1,defensive rebound,,berry,"marder,nick",,"['moore,myles', 'johnson,caleb', 'summerville,mark', 'marder,nick', 'atkinson,quinn']","['de,nick', 'feria,nick de', 'love,kerry', 'ashby,kendrick', 'berry,bryce']",
330,0864,Rhodes,Berry,1,102-114,"59,55","54,48",7-6; 1-1 SAA,5-8; 0-2 SAA,N/A,N/A,01/05/18,8:00 PM,N/A,"Memphis, Tenn.",Win,2,False,127,False,07:09,"GOOD LAYUP by JOHNSON,CALEB(fastbreak)(in the paint)",32,,32,,BCM 32-32 (0),,"GOOD LAYUP by JOHNSON,CALEB(fastbreak)(in the paint)",1,layup,good,berry,"johnson,caleb(fastbreak)",2,"['moore,myles', 'johnson,caleb', 'summerville,mark', 'marder,nick', 'atkinson,quinn']","['de,nick', 'feria,nick de', 'love,kerry', 'ashby,kendrick', 'berry,bryce']",429
331,0864,Rhodes,Berry,1,102-114,"59,55","54,48",7-6; 1-1 SAA,5-8; 0-2 SAA,N/A,N/A,01/05/18,8:00 PM,N/A,"Memphis, Tenn.",Win,2,False,127,False,--,"ASSIST  by MOORE,MYLES",32,,32,,,,"ASSIST  by MOORE,MYLES",1,assist,,berry,"moore,myles",,"['moore,myles', 'johnson,caleb', 'summerville,mark', 'marder,nick', 'atkinson,quinn']","['de,nick', 'feria,nick de', 'love,kerry', 'ashby,kendrick', 'berry,bryce']",
332,0864,Rhodes,Berry,1,102-114,"59,55","54,48",7-6; 1-1 SAA,5-8; 0-2 SAA,N/A,N/A,01/05/18,8:00 PM,N/A,"Memphis, Tenn.",Win,2,False,127,False,06:58,,32,,35 ,"GOOD 3PTR by BERRY,BRYCE",RHODES 32-35 (-3),,"GOOD 3PTR by BERRY,BRYCE",1,three pointer,good,rhodes,"berry,bryce",3,"['moore,myles', 'johnson,caleb', 'summerville,mark', 'marder,nick', 'atkinson,quinn']","['de,nick', 'feria,nick de', 'love,kerry', 'ashby,kendrick', 'berry,bryce']",418
333,0864,Rhodes,Berry,1,102-114,"59,55","54,48",7-6; 1-1 SAA,5-8; 0-2 SAA,N/A,N/A,01/05/18,8:00 PM,N/A,"Memphis, Tenn.",Win,2,False,127,False,--,,32,,35 ,"ASSIST  by DARST,DANIEL",,,"ASSIST  by DARST,DANIEL",1,assist,,rhodes,"darst,daniel",,"['moore,myles', 'johnson,caleb', 'summerville,mark', 'marder,nick', 'atkinson,quinn']","['de,nick', 'feria,nick de', 'love,kerry', 'ashby,kendrick', 'berry,bryce']",
334,0864,Rhodes,Berry,1,102-114,"59,55","54,48",7-6; 1-1 SAA,5-8; 0-2 SAA,N/A,N/A,01/05/18,8:00 PM,N/A,"Memphis, Tenn.",Win,2,False,127,False,06:49,"GOOD LAYUP by JOHNSON,CALEB(fastbreak)(in the paint)",34,,35 ,,BCM 34-35 (-1),,"GOOD LAYUP by JOHNSON,CALEB(fastbreak)(in the paint)",1,layup,good,berry,"johnson,caleb(fastbreak)",2,"['moore,myles', 'johnson,caleb', 'summerville,mark', 'marder,nick', 'atkinson,quinn']","['de,nick', 'feria,nick de', 'love,kerry', 'ashby,kendrick', 'berry,bryce']",409
335,0864,Rhodes,Berry,1,102-114,"59,55","54,48",7-6; 1-1 SAA,5-8; 0-2 SAA,N/A,N/A,01/05/18,8:00 PM,N/A,"Memphis, Tenn.",Win,2,False,127,False,--,"ASSIST  by MARDER,NICK",34,,35 ,,,,"ASSIST  by MARDER,NICK",1,assist,,berry,"marder,nick",,"['moore,myles', 'johnson,caleb', 'summerville,mark', 'marder,nick', 'atkinson,quinn']","['de,nick', 'feria,nick de', 'love,kerry', 'ashby,kendrick', 'berry,bryce']",
336,0864,Rhodes,Berry,1,102-114,"59,55","54,48",7-6; 1-1 SAA,5-8; 0-2 SAA,N/A,N/A,01/05/18,8:00 PM,N/A,"Memphis, Tenn.",Win,2,False,127,False,06:49,,34,,35 ,"FOUL  by ASHBY,KENDRICK",,,"FOUL  by ASHBY,KENDRICK",1,foul,,rhodes,"ashby,kendrick",,"['moore,myles', 'johnson,caleb', 'summerville,mark', 'marder,nick', 'atkinson,quinn']","['de,nick', 'feria,nick de', 'love,kerry', 'ashby,kendrick', 'berry,bryce']",409
337,0864,Rhodes,Berry,1,102-114,"59,55","54,48",7-6; 1-1 SAA,5-8; 0-2 SAA,N/A,N/A,01/05/18,8:00 PM,N/A,"Memphis, Tenn.",Win,2,False,127,False,06:49,"MISS FT by JOHNSON,CALEB",34,,35 ,,,,"MISS FT by JOHNSON,CALEB",1,free throw,missed,berry,"johnson,caleb",,"['moore,myles', 'johnson,caleb', 'summerville,mark', 'marder,nick', 'atkinson,quinn']","['de,nick', 'feria,nick de', 'love,kerry', 'ashby,kendrick', 'berry,bryce']",409
338,0864,Rhodes,Berry,1,102-114,"59,55","54,48",7-6; 1-1 SAA,5-8; 0-2 SAA,N/A,N/A,01/05/18,8:00 PM,N/A,"Memphis, Tenn.",Win,2,False,127,False,--,,34,,35 ,"REBOUND DEF by GALVIN,OWEN",,,"REBOUND DEF by GALVIN,OWEN",1,defensive rebound,,rhodes,"galvin,owen",,"['moore,myles', 'johnson,caleb', 'summerville,mark', 'marder,nick', 'atkinson,quinn']","['de,nick', 'feria,nick de', 'love,kerry', 'ashby,kendrick', 'berry,bryce']",
339,0864,Rhodes,Berry,1,102-114,"59,55","54,48",7-6; 1-1 SAA,5-8; 0-2 SAA,N/A,N/A,01/05/18,8:00 PM,N/A,"Memphis, Tenn.",Win,2,False,127,False,06:49,,34,,35 ,"SUB IN by GALVIN,OWEN",,,"SUB IN by GALVIN,OWEN",1,subbing in,,rhodes,"galvin,owen",,"['moore,myles', 'johnson,caleb', 'summerville,mark', 'marder,nick', 'atkinson,quinn']","['de,nick', 'feria,nick de', 'love,kerry', 'ashby,kendrick', 'berry,bryce', 'galvin,owen']",409
340,0864,Rhodes,Berry,1,102-114,"59,55","54,48",7-6; 1-1 SAA,5-8; 0-2 SAA,N/A,N/A,01/05/18,8:00 PM,N/A,"Memphis, Tenn.",Win,2,False,127,False,06:49,,34,,35 ,"SUB IN by MCINTYRE,WILLIAM",,,"SUB IN by MCINTYRE,WILLIAM",1,subbing in,,rhodes,"mcintyre,william",,"['moore,myles', 'johnson,caleb', 'summerville,mark', 'marder,nick', 'atkinson,quinn']","['de,nick', 'feria,nick de', 'love,kerry', 'ashby,kendrick', 'berry,bryce', 'galvin,owen', 'mcintyre,william']",409
341,0864,Rhodes,Berry,1,102-114,"59,55","54,48",7-6; 1-1 SAA,5-8; 0-2 SAA,N/A,N/A,01/05/18,8:00 PM,N/A,"Memphis, Tenn.",Win,2,False,127,False,06:49,,34,,35 ,"SUB IN by NESTLEHUTT,JAKE",,,"SUB IN by NESTLEHUTT,JAKE",1,subbing in,,rhodes,"nestlehutt,jake",,"['moore,myles', 'johnson,caleb', 'summerville,mark', 'marder,nick', 'atkinson,quinn']","['de,nick', 'feria,nick de', 'love,kerry', 'ashby,kendrick', 'berry,bryce', 'galvin,owen', 'mcintyre,william', 'nestlehutt,jake']",409
342,0864,Rhodes,Berry,1,102-114,"59,55","54,48",7-6; 1-1 SAA,5-8; 0-2 SAA,N/A,N/A,01/05/18,8:00 PM,N/A,"Memphis, Tenn.",Win,2,False,127,False,06:49,,34,,35 ,"SUB IN by NYAWATA,ANESU",,,"SUB IN by NYAWATA,ANESU",1,subbing in,,rhodes,"nyawata,anesu",,"['moore,myles', 'johnson,caleb', 'summerville,mark', 'marder,nick', 'atkinson,quinn']","['de,nick', 'feria,nick de', 'love,kerry', 'ashby,kendrick', 'berry,bryce', 'galvin,owen', 'mcintyre,william', 'nestlehutt,jake', 'nyawata,anesu']",409
343,0864,Rhodes,Berry,1,102-114,"59,55","54,48",7-6; 1-1 SAA,5-8; 0-2 SAA,N/A,N/A,01/05/18,8:00 PM,N/A,"Memphis, Tenn.",Win,2,False,127,False,06:49,,34,,35 ,"SUB IN by DALTON,PRICE",,,"SUB IN by DALTON,PRICE",1,subbing in,,rhodes,"dalton,price",,"['moore,myles', 'johnson,caleb', 'summerville,mark', 'marder,nick', 'atkinson,quinn']","['de,nick', 'feria,nick de', 'love,kerry', 'ashby,kendrick', 'berry,bryce', 'galvin,owen', 'mcintyre,william', 'nestlehutt,jake', 'nyawata,anesu', 'dalton,price']",409
344,0864,Rhodes,Berry,1,102-114,"59,55","54,48",7-6; 1-1 SAA,5-8; 0-2 SAA,N/A,N/A,01/05/18,8:00 PM,N/A,"Memphis, Tenn.",Win,2,False,127,False,06:49,,34,,35 ,"SUB OUT by LOVE,KERRY",,,"SUB OUT by LOVE,KERRY",1,subbing out,,rhodes,"love,kerry",,"['moore,myles', 'johnson,caleb', 'summerville,mark', 'marder,nick', 'atkinson,quinn']","['de,nick', 'feria,nick de', 'ashby,kendrick', 'berry,bryce', 'galvin,owen', 'mcintyre,william', 'nestlehutt,jake', 'nyawata,anesu', 'dalton,price']",409
345,0864,Rhodes,Berry,1,102-114,"59,55","54,48",7-6; 1-1 SAA,5-8; 0-2 SAA,N/A,N/A,01/05/18,8:00 PM,N/A,"Memphis, Tenn.",Win,2,False,127,False,06:49,,34,,35 ,"SUB OUT by ASHBY,KENDRICK",,,"SUB OUT by ASHBY,KENDRICK",1,subbing out,,rhodes,"ashby,kendrick",,"['moore,myles', 'johnson,caleb', 'summerville,mark', 'marder,nick', 'atkinson,quinn']","['de,nick', 'feria,nick de', 'berry,bryce', 'galvin,owen', 'mcintyre,william', 'nestlehutt,jake', 'nyawata,anesu', 'dalton,price']",409
346,0864,Rhodes,Berry,1,102-114,"59,55","54,48",7-6; 1-1 SAA,5-8; 0-2 SAA,N/A,N/A,01/05/18,8:00 PM,N/A,"Memphis, Tenn.",Win,2,False,127,False,06:49,,34,,35 ,"SUB OUT by FERIA,NICK DE",,,"SUB OUT by FERIA,NICK DE",1,subbing out,,rhodes,"feria,nick de",,"['moore,myles', 'johnson,caleb', 'summerville,mark', 'marder,nick', 'atkinson,quinn']","['de,nick', 'berry,bryce', 'galvin,owen', 'mcintyre,william', 'nestlehutt,jake', 'nyawata,anesu', 'dalton,price']",409
347,0864,Rhodes,Berry,1,102-114,"59,55","54,48",7-6; 1-1 SAA,5-8; 0-2 SAA,N/A,N/A,01/05/18,8:00 PM,N/A,"Memphis, Tenn.",Win,2,False,127,False,06:49,,34,,35 ,"SUB OUT by DARST,DANIEL",,,"SUB OUT by DARST,DANIEL",1,subbing out,,rhodes,"darst,daniel",,"['moore,myles', 'johnson,caleb', 'summerville,mark', 'marder,nick', 'atkinson,quinn']","['de,nick', 'berry,bryce', 'galvin,owen', 'mcintyre,william', 'nestlehutt,jake', 'nyawata,anesu', 'dalton,price']",409
348,0864,Rhodes,Berry,1,102-114,"59,55","54,48",7-6; 1-1 SAA,5-8; 0-2 SAA,N/A,N/A,01/05/18,8:00 PM,N/A,"Memphis, Tenn.",Win,2,False,127,False,06:49,,34,,35 ,"SUB OUT by BERRY,BRYCE",,,"SUB OUT by BERRY,BRYCE",1,subbing out,,rhodes,"berry,bryce",,"['moore,myles', 'johnson,caleb', 'summerville,mark', 'marder,nick', 'atkinson,quinn']","['de,nick', 'berry,bryce', 'galvin,owen', 'mcintyre,william', 'nestlehutt,jake', 'nyawata,anesu', 'dalton,price']",409
349,0864,Rhodes,Berry,1,102-114,"59,55","54,48",7-6; 1-1 SAA,5-8; 0-2 SAA,N/A,N/A,01/05/18,8:00 PM,N/A,"Memphis, Tenn.",Win,2,False,127,False,06:38,,34,,37 ,"GOOD LAYUP by GALVIN,OWEN(in the paint)",RHODES 34-37 (-3),,"GOOD LAYUP by GALVIN,OWEN(in the paint)",1,layup,good,rhodes,"galvin,owen",2,"['moore,myles', 'johnson,caleb', 'summerville,mark', 'marder,nick', 'atkinson,quinn']","['de,nick', 'berry,bryce', 'galvin,owen', 'mcintyre,william', 'nestlehutt,jake', 'nyawata,anesu', 'dalton,price']",398
350,0864,Rhodes,Berry,1,102-114,"59,55","54,48",7-6; 1-1 SAA,5-8; 0-2 SAA,N/A,N/A,01/05/18,8:00 PM,N/A,"Memphis, Tenn.",Win,2,False,127,False,--,,34,,37 ,"ASSIST  by DALTON,PRICE",,,"ASSIST  by DALTON,PRICE",1,assist,,rhodes,"dalton,price",,"['moore,myles', 'johnson,caleb', 'summerville,mark', 'marder,nick', 'atkinson,quinn']","['de,nick', 'berry,bryce', 'galvin,owen', 'mcintyre,william', 'nestlehutt,jake', 'nyawata,anesu', 'dalton,price']",
351,0864,Rhodes,Berry,1,102-114,"59,55","54,48",7-6; 1-1 SAA,5-8; 0-2 SAA,N/A,N/A,01/05/18,8:00 PM,N/A,"Memphis, Tenn.",Win,2,False,127,False,06:27,"MISS LAYUP by JOHNSON,CALEB",34,,37 ,,,,"MISS LAYUP by JOHNSON,CALEB",1,layup,missed,berry,"johnson,caleb",,"['moore,myles', 'johnson,caleb', 'summerville,mark', 'marder,nick', 'atkinson,quinn']","['de,nick', 'berry,bryce', 'galvin,owen', 'mcintyre,william', 'nestlehutt,jake', 'nyawata,anesu', 'dalton,price']",387
352,0864,Rhodes,Berry,1,102-114,"59,55","54,48",7-6; 1-1 SAA,5-8; 0-2 SAA,N/A,N/A,01/05/18,8:00 PM,N/A,"Memphis, Tenn.",Win,2,False,127,False,--,"REBOUND OFF by MARDER,NICK",34,,37 ,,,,"REBOUND OFF by MARDER,NICK",1,offensive rebound,,berry,"marder,nick",,"['moore,myles', 'johnson,caleb', 'summerville,mark', 'marder,nick', 'atkinson,quinn']","['de,nick', 'berry,bryce', 'galvin,owen', 'mcintyre,william', 'nestlehutt,jake', 'nyawata,anesu', 'dalton,price']",
353,0864,Rhodes,Berry,1,102-114,"59,55","54,48",7-6; 1-1 SAA,5-8; 0-2 SAA,N/A,N/A,01/05/18,8:00 PM,N/A,"Memphis, Tenn.",Win,2,False,127,False,06:19,,34,,37 ,"FOUL  by MCINTYRE,WILLIAM",,,"FOUL  by MCINTYRE,WILLIAM",1,foul,,rhodes,"mcintyre,william",,"['moore,myles', 'johnson,caleb', 'summerville,mark', 'marder,nick', 'atkinson,quinn']","['de,nick', 'berry,bryce', 'galvin,owen', 'mcintyre,william', 'nestlehutt,jake', 'nyawata,anesu', 'dalton,price']",379
354,0864,Rhodes,Berry,1,102-114,"59,55","54,48",7-6; 1-1 SAA,5-8; 0-2 SAA,N/A,N/A,01/05/18,8:00 PM,N/A,"Memphis, Tenn.",Win,2,False,127,False,06:19,"MISS FT by MOORE,MYLES",34,,37 ,,,,"MISS FT by MOORE,MYLES",1,free throw,missed,berry,"moore,myles",,"['moore,myles', 'johnson,caleb', 'summerville,mark', 'marder,nick', 'atkinson,quinn']","['de,nick', 'berry,bryce', 'galvin,owen', 'mcintyre,william', 'nestlehutt,jake', 'nyawata,anesu', 'dalton,price']",379
355,0864,Rhodes,Berry,1,102-114,"59,55","54,48",7-6; 1-1 SAA,5-8; 0-2 SAA,N/A,N/A,01/05/18,8:00 PM,N/A,"Memphis, Tenn.",Win,2,False,127,False,--,REBOUND DEADB by TEAM,34,,37 ,,,,REBOUND DEADB by TEAM,1,deadball rebound,,berry,,,"['moore,myles', 'johnson,caleb', 'summerville,mark', 'marder,nick', 'atkinson,quinn']","['de,nick', 'berry,bryce', 'galvin,owen', 'mcintyre,william', 'nestlehutt,jake', 'nyawata,anesu', 'dalton,price']",
356,0864,Rhodes,Berry,1,102-114,"59,55","54,48",7-6; 1-1 SAA,5-8; 0-2 SAA,N/A,N/A,01/05/18,8:00 PM,N/A,"Memphis, Tenn.",Win,2,False,127,False,06:19,"GOOD FT by MOORE,MYLES",35,,37 ,,BCM 35-37 (-2),,"GOOD FT by MOORE,MYLES",1,free throw,good,berry,"moore,myles",1,"['moore,myles', 'johnson,caleb', 'summerville,mark', 'marder,nick', 'atkinson,quinn']","['de,nick', 'berry,bryce', 'galvin,owen', 'mcintyre,william', 'nestlehutt,jake', 'nyawata,anesu', 'dalton,price']",379
357,0864,Rhodes,Berry,1,102-114,"59,55","54,48",7-6; 1-1 SAA,5-8; 0-2 SAA,N/A,N/A,01/05/18,8:00 PM,N/A,"Memphis, Tenn.",Win,2,False,127,False,06:19,"SUB IN by HIRSH,ELIJAH",35,,37 ,,,,"SUB IN by HIRSH,ELIJAH",1,subbing in,,berry,"hirsh,elijah",,"['moore,myles', 'johnson,caleb', 'summerville,mark', 'marder,nick', 'atkinson,quinn', 'hirsh,elijah']","['de,nick', 'berry,bryce', 'galvin,owen', 'mcintyre,william', 'nestlehutt,jake', 'nyawata,anesu', 'dalton,price']",379
358,0864,Rhodes,Berry,1,102-114,"59,55","54,48",7-6; 1-1 SAA,5-8; 0-2 SAA,N/A,N/A,01/05/18,8:00 PM,N/A,"Memphis, Tenn.",Win,2,False,127,False,06:19,"SUB IN by MCCLOUD,ALTON",35,,37 ,,,,"SUB IN by MCCLOUD,ALTON",1,subbing in,,berry,"mccloud,alton",,"['moore,myles', 'johnson,caleb', 'summerville,mark', 'marder,nick', 'atkinson,quinn', 'hirsh,elijah', 'mccloud,alton']","['de,nick', 'berry,bryce', 'galvin,owen', 'mcintyre,william', 'nestlehutt,jake', 'nyawata,anesu', 'dalton,price']",379
359,0864,Rhodes,Berry,1,102-114,"59,55","54,48",7-6; 1-1 SAA,5-8; 0-2 SAA,N/A,N/A,01/05/18,8:00 PM,N/A,"Memphis, Tenn.",Win,2,False,127,False,06:19,"SUB IN by JOHNSON,CORY",35,,37 ,,,,"SUB IN by JOHNSON,CORY",1,subbing in,,berry,"johnson,cory",,"['moore,myles', 'johnson,caleb', 'summerville,mark', 'marder,nick', 'atkinson,quinn', 'hirsh,elijah', 'mccloud,alton', 'johnson,cory']","['de,nick', 'berry,bryce', 'galvin,owen', 'mcintyre,william', 'nestlehutt,jake', 'nyawata,anesu', 'dalton,price']",379
360,0864,Rhodes,Berry,1,102-114,"59,55","54,48",7-6; 1-1 SAA,5-8; 0-2 SAA,N/A,N/A,01/05/18,8:00 PM,N/A,"Memphis, Tenn.",Win,2,False,127,False,06:19,"SUB OUT by ATKINSON,QUINN",35,,37 ,,,,"SUB OUT by ATKINSON,QUINN",1,subbing out,,berry,"atkinson,quinn",,"['moore,myles', 'johnson,caleb', 'summerville,mark', 'marder,nick', 'hirsh,elijah', 'mccloud,alton', 'johnson,cory']","['de,nick', 'berry,bryce', 'galvin,owen', 'mcintyre,william', 'nestlehutt,jake', 'nyawata,anesu', 'dalton,price']",379
361,0864,Rhodes,Berry,1,102-114,"59,55","54,48",7-6; 1-1 SAA,5-8; 0-2 SAA,N/A,N/A,01/05/18,8:00 PM,N/A,"Memphis, Tenn.",Win,2,False,127,False,06:19,"SUB OUT by SUMMERVILLE,MARK",35,,37 ,,,,"SUB OUT by SUMMERVILLE,MARK",1,subbing out,,berry,"summerville,mark",,"['moore,myles', 'johnson,caleb', 'marder,nick', 'hirsh,elijah', 'mccloud,alton', 'johnson,cory']","['de,nick', 'berry,bryce', 'galvin,owen', 'mcintyre,william', 'nestlehutt,jake', 'nyawata,anesu', 'dalton,price']",379
362,0864,Rhodes,Berry,1,102-114,"59,55","54,48",7-6; 1-1 SAA,5-8; 0-2 SAA,N/A,N/A,01/05/18,8:00 PM,N/A,"Memphis, Tenn.",Win,2,False,127,False,06:19,"SUB OUT by JOHNSON,CALEB",35,,37 ,,,,"SUB OUT by JOHNSON,CALEB",1,subbing out,,berry,"johnson,caleb",,"['moore,myles', 'marder,nick', 'hirsh,elijah', 'mccloud,alton', 'johnson,cory']","['de,nick', 'berry,bryce', 'galvin,owen', 'mcintyre,william', 'nestlehutt,jake', 'nyawata,anesu', 'dalton,price']",379
363,0864,Rhodes,Berry,1,102-114,"59,55","54,48",7-6; 1-1 SAA,5-8; 0-2 SAA,N/A,N/A,01/05/18,8:00 PM,N/A,"Memphis, Tenn.",Win,2,False,127,False,06:19,,35,,37 ,"SUB IN by EVANS,ANDREW",,,"SUB IN by EVANS,ANDREW",1,subbing in,,rhodes,"evans,andrew",,"['moore,myles', 'marder,nick', 'hirsh,elijah', 'mccloud,alton', 'johnson,cory']","['de,nick', 'berry,bryce', 'galvin,owen', 'mcintyre,william', 'nestlehutt,jake', 'nyawata,anesu', 'dalton,price', 'evans,andrew']",379
364,0864,Rhodes,Berry,1,102-114,"59,55","54,48",7-6; 1-1 SAA,5-8; 0-2 SAA,N/A,N/A,01/05/18,8:00 PM,N/A,"Memphis, Tenn.",Win,2,False,127,False,06:19,,35,,37 ,"SUB IN by GIROUX,PRESTON",,,"SUB IN by GIROUX,PRESTON",1,subbing in,,rhodes,"giroux,preston",,"['moore,myles', 'marder,nick', 'hirsh,elijah', 'mccloud,alton', 'johnson,cory']","['de,nick', 'berry,bryce', 'galvin,owen', 'mcintyre,william', 'nestlehutt,jake', 'nyawata,anesu', 'dalton,price', 'evans,andrew', 'giroux,preston']",379
365,0864,Rhodes,Berry,1,102-114,"59,55","54,48",7-6; 1-1 SAA,5-8; 0-2 SAA,N/A,N/A,01/05/18,8:00 PM,N/A,"Memphis, Tenn.",Win,2,False,127,False,06:19,,35,,37 ,"SUB IN by SAMSON,VAUGHN",,,"SUB IN by SAMSON,VAUGHN",1,subbing in,,rhodes,"samson,vaughn",,"['moore,myles', 'marder,nick', 'hirsh,elijah', 'mccloud,alton', 'johnson,cory']","['de,nick', 'berry,bryce', 'galvin,owen', 'mcintyre,william', 'nestlehutt,jake', 'nyawata,anesu', 'dalton,price', 'evans,andrew', 'giroux,preston', 'samson,vaughn']",379
366,0864,Rhodes,Berry,1,102-114,"59,55","54,48",7-6; 1-1 SAA,5-8; 0-2 SAA,N/A,N/A,01/05/18,8:00 PM,N/A,"Memphis, Tenn.",Win,2,False,127,False,06:19,,35,,37 ,"SUB IN by SWIFT,DJ",,,"SUB IN by SWIFT,DJ",1,subbing in,,rhodes,"swift,dj",,"['moore,myles', 'marder,nick', 'hirsh,elijah', 'mccloud,alton', 'johnson,cory']","['de,nick', 'berry,bryce', 'galvin,owen', 'mcintyre,william', 'nestlehutt,jake', 'nyawata,anesu', 'dalton,price', 'evans,andrew', 'giroux,preston', 'samson,vaughn', 'swift,dj']",379
367,0864,Rhodes,Berry,1,102-114,"59,55","54,48",7-6; 1-1 SAA,5-8; 0-2 SAA,N/A,N/A,01/05/18,8:00 PM,N/A,"Memphis, Tenn.",Win,2,False,127,False,06:19,,35,,37 ,"SUB IN by WEATHERFORD,MITCH",,,"SUB IN by WEATHERFORD,MITCH",1,subbing in,,rhodes,"weatherford,mitch",,"['moore,myles', 'marder,nick', 'hirsh,elijah', 'mccloud,alton', 'johnson,cory']","['de,nick', 'berry,bryce', 'galvin,owen', 'mcintyre,william', 'nestlehutt,jake', 'nyawata,anesu', 'dalton,price', 'evans,andrew', 'giroux,preston', 'samson,vaughn', 'swift,dj', 'weatherford,mitch']",379
368,0864,Rhodes,Berry,1,102-114,"59,55","54,48",7-6; 1-1 SAA,5-8; 0-2 SAA,N/A,N/A,01/05/18,8:00 PM,N/A,"Memphis, Tenn.",Win,2,False,127,False,06:19,,35,,37 ,"SUB OUT by GALVIN,OWEN",,,"SUB OUT by GALVIN,OWEN",1,subbing out,,rhodes,"galvin,owen",,"['moore,myles', 'marder,nick', 'hirsh,elijah', 'mccloud,alton', 'johnson,cory']","['de,nick', 'berry,bryce', 'mcintyre,william', 'nestlehutt,jake', 'nyawata,anesu', 'dalton,price', 'evans,andrew', 'giroux,preston', 'samson,vaughn', 'swift,dj', 'weatherford,mitch']",379
369,0864,Rhodes,Berry,1,102-114,"59,55","54,48",7-6; 1-1 SAA,5-8; 0-2 SAA,N/A,N/A,01/05/18,8:00 PM,N/A,"Memphis, Tenn.",Win,2,False,127,False,06:19,,35,,37 ,"SUB OUT by MCINTYRE,WILLIAM",,,"SUB OUT by MCINTYRE,WILLIAM",1,subbing out,,rhodes,"mcintyre,william",,"['moore,myles', 'marder,nick', 'hirsh,elijah', 'mccloud,alton', 'johnson,cory']","['de,nick', 'berry,bryce', 'nestlehutt,jake', 'nyawata,anesu', 'dalton,price', 'evans,andrew', 'giroux,preston', 'samson,vaughn', 'swift,dj', 'weatherford,mitch']",379
370,0864,Rhodes,Berry,1,102-114,"59,55","54,48",7-6; 1-1 SAA,5-8; 0-2 SAA,N/A,N/A,01/05/18,8:00 PM,N/A,"Memphis, Tenn.",Win,2,False,127,False,06:19,,35,,37 ,"SUB OUT by NESTLEHUTT,JAKE",,,"SUB OUT by NESTLEHUTT,JAKE",1,subbing out,,rhodes,"nestlehutt,jake",,"['moore,myles', 'marder,nick', 'hirsh,elijah', 'mccloud,alton', 'johnson,cory']","['de,nick', 'berry,bryce', 'nyawata,anesu', 'dalton,price', 'evans,andrew', 'giroux,preston', 'samson,vaughn', 'swift,dj', 'weatherford,mitch']",379
371,0864,Rhodes,Berry,1,102-114,"59,55","54,48",7-6; 1-1 SAA,5-8; 0-2 SAA,N/A,N/A,01/05/18,8:00 PM,N/A,"Memphis, Tenn.",Win,2,False,127,False,06:19,,35,,37 ,"SUB OUT by NYAWATA,ANESU",,,"SUB OUT by NYAWATA,ANESU",1,subbing out,,rhodes,"nyawata,anesu",,"['moore,myles', 'marder,nick', 'hirsh,elijah', 'mccloud,alton', 'johnson,cory']","['de,nick', 'berry,bryce', 'dalton,price', 'evans,andrew', 'giroux,preston', 'samson,vaughn', 'swift,dj', 'weatherford,mitch']",379
372,0864,Rhodes,Berry,1,102-114,"59,55","54,48",7-6; 1-1 SAA,5-8; 0-2 SAA,N/A,N/A,01/05/18,8:00 PM,N/A,"Memphis, Tenn.",Win,2,False,127,False,06:19,,35,,37 ,"SUB OUT by DALTON,PRICE",,,"SUB OUT by DALTON,PRICE",1,subbing out,,rhodes,"dalton,price",,"['moore,myles', 'marder,nick', 'hirsh,elijah', 'mccloud,alton', 'johnson,cory']","['de,nick', 'berry,bryce', 'evans,andrew', 'giroux,preston', 'samson,vaughn', 'swift,dj', 'weatherford,mitch']",379
373,0864,Rhodes,Berry,1,102-114,"59,55","54,48",7-6; 1-1 SAA,5-8; 0-2 SAA,N/A,N/A,01/05/18,8:00 PM,N/A,"Memphis, Tenn.",Win,2,False,127,False,06:13,,35,,40 ,"GOOD 3PTR by SAMSON,VAUGHN",RHODES 35-40 (-5),,"GOOD 3PTR by SAMSON,VAUGHN",1,three pointer,good,rhodes,"samson,vaughn",3,"['moore,myles', 'marder,nick', 'hirsh,elijah', 'mccloud,alton', 'johnson,cory']","['de,nick', 'berry,bryce', 'evans,andrew', 'giroux,preston', 'samson,vaughn', 'swift,dj', 'weatherford,mitch']",373
374,0864,Rhodes,Berry,1,102-114,"59,55","54,48",7-6; 1-1 SAA,5-8; 0-2 SAA,N/A,N/A,01/05/18,8:00 PM,N/A,"Memphis, Tenn.",Win,2,False,127,False,--,,35,,40 ,"ASSIST  by WEATHERFORD,MITCH",,,"ASSIST  by WEATHERFORD,MITCH",1,assist,,rhodes,"weatherford,mitch",,"['moore,myles', 'marder,nick', 'hirsh,elijah', 'mccloud,alton', 'johnson,cory']","['de,nick', 'berry,bryce', 'evans,andrew', 'giroux,preston', 'samson,vaughn', 'swift,dj', 'weatherford,mitch']",
375,0864,Rhodes,Berry,1,102-114,"59,55","54,48",7-6; 1-1 SAA,5-8; 0-2 SAA,N/A,N/A,01/05/18,8:00 PM,N/A,"Memphis, Tenn.",Win,2,False,127,False,06:08,TIMEOUT 30SEC by TEAM,35,,40 ,,,,TIMEOUT 30SEC by TEAM,1,timeout,,berry,,,"['moore,myles', 'marder,nick', 'hirsh,elijah', 'mccloud,alton', 'johnson,cory']","['de,nick', 'berry,bryce', 'evans,andrew', 'giroux,preston', 'samson,vaughn', 'swift,dj', 'weatherford,mitch']",368
376,0864,Rhodes,Berry,1,102-114,"59,55","54,48",7-6; 1-1 SAA,5-8; 0-2 SAA,N/A,N/A,01/05/18,8:00 PM,N/A,"Memphis, Tenn.",Win,2,False,127,False,06:08,,35,,40 ,"SUB IN by ROTEMAN,EVAN",,,"SUB IN by ROTEMAN,EVAN",1,subbing in,,rhodes,"roteman,evan",,"['moore,myles', 'marder,nick', 'hirsh,elijah', 'mccloud,alton', 'johnson,cory']","['de,nick', 'berry,bryce', 'evans,andrew', 'giroux,preston', 'samson,vaughn', 'swift,dj', 'weatherford,mitch', 'roteman,evan']",368
377,0864,Rhodes,Berry,1,102-114,"59,55","54,48",7-6; 1-1 SAA,5-8; 0-2 SAA,N/A,N/A,01/05/18,8:00 PM,N/A,"Memphis, Tenn.",Win,2,False,127,False,06:08,,35,,40 ,"SUB OUT by WEATHERFORD,MITCH",,,"SUB OUT by WEATHERFORD,MITCH",1,subbing out,,rhodes,"weatherford,mitch",,"['moore,myles', 'marder,nick', 'hirsh,elijah', 'mccloud,alton', 'johnson,cory']","['de,nick', 'berry,bryce', 'evans,andrew', 'giroux,preston', 'samson,vaughn', 'swift,dj', 'roteman,evan']",368
378,0864,Rhodes,Berry,1,102-114,"59,55","54,48",7-6; 1-1 SAA,5-8; 0-2 SAA,N/A,N/A,01/05/18,8:00 PM,N/A,"Memphis, Tenn.",Win,2,False,127,False,05:57,"GOOD LAYUP by MOORE,MYLES(in the paint)",37,,40 ,,BCM 37-40 (-3),,"GOOD LAYUP by MOORE,MYLES(in the paint)",1,layup,good,berry,"moore,myles",2,"['moore,myles', 'marder,nick', 'hirsh,elijah', 'mccloud,alton', 'johnson,cory']","['de,nick', 'berry,bryce', 'evans,andrew', 'giroux,preston', 'samson,vaughn', 'swift,dj', 'roteman,evan']",357
379,0864,Rhodes,Berry,1,102-114,"59,55","54,48",7-6; 1-1 SAA,5-8; 0-2 SAA,N/A,N/A,01/05/18,8:00 PM,N/A,"Memphis, Tenn.",Win,2,False,127,False,--,"ASSIST  by JOHNSON,CORY",37,,40 ,,,,"ASSIST  by JOHNSON,CORY",1,assist,,berry,"johnson,cory",,"['moore,myles', 'marder,nick', 'hirsh,elijah', 'mccloud,alton', 'johnson,cory']","['de,nick', 'berry,bryce', 'evans,andrew', 'giroux,preston', 'samson,vaughn', 'swift,dj', 'roteman,evan']",
380,0864,Rhodes,Berry,1,102-114,"59,55","54,48",7-6; 1-1 SAA,5-8; 0-2 SAA,N/A,N/A,01/05/18,8:00 PM,N/A,"Memphis, Tenn.",Win,2,False,127,False,05:42,,37,,40 ,"MISS LAYUP by SWIFT,DJ",,,"MISS LAYUP by SWIFT,DJ",1,layup,missed,rhodes,"swift,dj",,"['moore,myles', 'marder,nick', 'hirsh,elijah', 'mccloud,alton', 'johnson,cory']","['de,nick', 'berry,bryce', 'evans,andrew', 'giroux,preston', 'samson,vaughn', 'swift,dj', 'roteman,evan']",342
381,0864,Rhodes,Berry,1,102-114,"59,55","54,48",7-6; 1-1 SAA,5-8; 0-2 SAA,N/A,N/A,01/05/18,8:00 PM,N/A,"Memphis, Tenn.",Win,2,False,127,False,--,"REBOUND DEF by JOHNSON,CORY",37,,40 ,,,,"REBOUND DEF by JOHNSON,CORY",1,defensive rebound,,berry,"johnson,cory",,"['moore,myles', 'marder,nick', 'hirsh,elijah', 'mccloud,alton', 'johnson,cory']","['de,nick', 'berry,bryce', 'evans,andrew', 'giroux,preston', 'samson,vaughn', 'swift,dj', 'roteman,evan']",
382,0864,Rhodes,Berry,1,102-114,"59,55","54,48",7-6; 1-1 SAA,5-8; 0-2 SAA,N/A,N/A,01/05/18,8:00 PM,N/A,"Memphis, Tenn.",Win,2,False,127,False,05:30,"TURNOVER  by HIRSH,ELIJAH",37,,40 ,,,,"TURNOVER  by HIRSH,ELIJAH",1,turnover,,berry,"hirsh,elijah",,"['moore,myles', 'marder,nick', 'hirsh,elijah', 'mccloud,alton', 'johnson,cory']","['de,nick', 'berry,bryce', 'evans,andrew', 'giroux,preston', 'samson,vaughn', 'swift,dj', 'roteman,evan']",330
383,0864,Rhodes,Berry,1,102-114,"59,55","54,48",7-6; 1-1 SAA,5-8; 0-2 SAA,N/A,N/A,01/05/18,8:00 PM,N/A,"Memphis, Tenn.",Win,2,False,127,False,05:30,,37,,40 ,TIMEOUT 30SEC by TEAM,,,TIMEOUT 30SEC by TEAM,1,timeout,,rhodes,,,"['moore,myles', 'marder,nick', 'hirsh,elijah', 'mccloud,alton', 'johnson,cory']","['de,nick', 'berry,bryce', 'evans,andrew', 'giroux,preston', 'samson,vaughn', 'swift,dj', 'roteman,evan']",330
384,0864,Rhodes,Berry,1,102-114,"59,55","54,48",7-6; 1-1 SAA,5-8; 0-2 SAA,N/A,N/A,01/05/18,8:00 PM,N/A,"Memphis, Tenn.",Win,2,False,127,False,05:30,,37,,40 ,"SUB IN by LOVE,KERRY",,,"SUB IN by LOVE,KERRY",1,subbing in,,rhodes,"love,kerry",,"['moore,myles', 'marder,nick', 'hirsh,elijah', 'mccloud,alton', 'johnson,cory']","['de,nick', 'berry,bryce', 'evans,andrew', 'giroux,preston', 'samson,vaughn', 'swift,dj', 'roteman,evan', 'love,kerry']",330
385,0864,Rhodes,Berry,1,102-114,"59,55","54,48",7-6; 1-1 SAA,5-8; 0-2 SAA,N/A,N/A,01/05/18,8:00 PM,N/A,"Memphis, Tenn.",Win,2,False,127,False,05:30,,37,,40 ,"SUB IN by ASHBY,KENDRICK",,,"SUB IN by ASHBY,KENDRICK",1,subbing in,,rhodes,"ashby,kendrick",,"['moore,myles', 'marder,nick', 'hirsh,elijah', 'mccloud,alton', 'johnson,cory']","['de,nick', 'berry,bryce', 'evans,andrew', 'giroux,preston', 'samson,vaughn', 'swift,dj', 'roteman,evan', 'love,kerry', 'ashby,kendrick']",330
386,0864,Rhodes,Berry,1,102-114,"59,55","54,48",7-6; 1-1 SAA,5-8; 0-2 SAA,N/A,N/A,01/05/18,8:00 PM,N/A,"Memphis, Tenn.",Win,2,False,127,False,05:30,,37,,40 ,"SUB IN by FERIA,NICK DE",,,"SUB IN by FERIA,NICK DE",1,subbing in,,rhodes,"feria,nick de",,"['moore,myles', 'marder,nick', 'hirsh,elijah', 'mccloud,alton', 'johnson,cory']","['de,nick', 'berry,bryce', 'evans,andrew', 'giroux,preston', 'samson,vaughn', 'swift,dj', 'roteman,evan', 'love,kerry', 'ashby,kendrick', 'feria,nick de']",330
387,0864,Rhodes,Berry,1,102-114,"59,55","54,48",7-6; 1-1 SAA,5-8; 0-2 SAA,N/A,N/A,01/05/18,8:00 PM,N/A,"Memphis, Tenn.",Win,2,False,127,False,05:30,,37,,40 ,"SUB IN by DARST,DANIEL",,,"SUB IN by DARST,DANIEL",1,subbing in,,rhodes,"darst,daniel",,"['moore,myles', 'marder,nick', 'hirsh,elijah', 'mccloud,alton', 'johnson,cory']","['de,nick', 'berry,bryce', 'evans,andrew', 'giroux,preston', 'samson,vaughn', 'swift,dj', 'roteman,evan', 'love,kerry', 'ashby,kendrick', 'feria,nick de', 'darst,daniel']",330
388,0864,Rhodes,Berry,1,102-114,"59,55","54,48",7-6; 1-1 SAA,5-8; 0-2 SAA,N/A,N/A,01/05/18,8:00 PM,N/A,"Memphis, Tenn.",Win,2,False,127,False,05:30,,37,,40 ,"SUB IN by BERRY,BRYCE",,,"SUB IN by BERRY,BRYCE",1,subbing in,,rhodes,"berry,bryce",,"['moore,myles', 'marder,nick', 'hirsh,elijah', 'mccloud,alton', 'johnson,cory']","['de,nick', 'berry,bryce', 'evans,andrew', 'giroux,preston', 'samson,vaughn', 'swift,dj', 'roteman,evan', 'love,kerry', 'ashby,kendrick', 'feria,nick de', 'darst,daniel']",330
389,0864,Rhodes,Berry,1,102-114,"59,55","54,48",7-6; 1-1 SAA,5-8; 0-2 SAA,N/A,N/A,01/05/18,8:00 PM,N/A,"Memphis, Tenn.",Win,2,False,127,False,05:30,,37,,40 ,"SUB OUT by EVANS,ANDREW",,,"SUB OUT by EVANS,ANDREW",1,subbing out,,rhodes,"evans,andrew",,"['moore,myles', 'marder,nick', 'hirsh,elijah', 'mccloud,alton', 'johnson,cory']","['de,nick', 'berry,bryce', 'evans,andrew', 'giroux,preston', 'samson,vaughn', 'swift,dj', 'roteman,evan', 'love,kerry', 'ashby,kendrick', 'feria,nick de', 'darst,daniel']",330
390,0864,Rhodes,Berry,1,102-114,"59,55","54,48",7-6; 1-1 SAA,5-8; 0-2 SAA,N/A,N/A,01/05/18,8:00 PM,N/A,"Memphis, Tenn.",Win,2,False,127,False,05:30,,37,,40 ,"SUB OUT by GIROUX,PRESTON",,,"SUB OUT by GIROUX,PRESTON",1,subbing out,,rhodes,"giroux,preston",,"['moore,myles', 'marder,nick', 'hirsh,elijah', 'mccloud,alton', 'johnson,cory']","['de,nick', 'berry,bryce', 'evans,andrew', 'samson,vaughn', 'swift,dj', 'roteman,evan', 'love,kerry', 'ashby,kendrick', 'feria,nick de', 'darst,daniel']",330
391,0864,Rhodes,Berry,1,102-114,"59,55","54,48",7-6; 1-1 SAA,5-8; 0-2 SAA,N/A,N/A,01/05/18,8:00 PM,N/A,"Memphis, Tenn.",Win,2,False,127,False,05:30,,37,,40 ,"SUB OUT by SAMSON,VAUGHN",,,"SUB OUT by SAMSON,VAUGHN",1,subbing out,,rhodes,"samson,vaughn",,"['moore,myles', 'marder,nick', 'hirsh,elijah', 'mccloud,alton', 'johnson,cory']","['de,nick', 'berry,bryce', 'evans,andrew', 'swift,dj', 'roteman,evan', 'love,kerry', 'ashby,kendrick', 'feria,nick de', 'darst,daniel']",330
392,0864,Rhodes,Berry,1,102-114,"59,55","54,48",7-6; 1-1 SAA,5-8; 0-2 SAA,N/A,N/A,01/05/18,8:00 PM,N/A,"Memphis, Tenn.",Win,2,False,127,False,05:30,,37,,40 ,"SUB OUT by SWIFT,DJ",,,"SUB OUT by SWIFT,DJ",1,subbing out,,rhodes,"swift,dj",,"['moore,myles', 'marder,nick', 'hirsh,elijah', 'mccloud,alton', 'johnson,cory']","['de,nick', 'berry,bryce', 'evans,andrew', 'roteman,evan', 'love,kerry', 'ashby,kendrick', 'feria,nick de', 'darst,daniel']",330
393,0864,Rhodes,Berry,1,102-114,"59,55","54,48",7-6; 1-1 SAA,5-8; 0-2 SAA,N/A,N/A,01/05/18,8:00 PM,N/A,"Memphis, Tenn.",Win,2,False,127,False,05:30,,37,,40 ,"SUB OUT by ROTEMAN,EVAN",,,"SUB OUT by ROTEMAN,EVAN",1,subbing out,,rhodes,"roteman,evan",,"['moore,myles', 'marder,nick', 'hirsh,elijah', 'mccloud,alton', 'johnson,cory']","['de,nick', 'berry,bryce', 'evans,andrew', 'love,kerry', 'ashby,kendrick', 'feria,nick de', 'darst,daniel']",330
394,0864,Rhodes,Berry,1,102-114,"59,55","54,48",7-6; 1-1 SAA,5-8; 0-2 SAA,N/A,N/A,01/05/18,8:00 PM,N/A,"Memphis, Tenn.",Win,2,False,127,False,05:16,,37,,42 ,"GOOD LAYUP by DARST,DANIEL(in the paint)",RHODES 37-42 (-5),,"GOOD LAYUP by DARST,DANIEL(in the paint)",1,layup,good,rhodes,"darst,daniel",2,"['moore,myles', 'marder,nick', 'hirsh,elijah', 'mccloud,alton', 'johnson,cory']","['de,nick', 'berry,bryce', 'evans,andrew', 'love,kerry', 'ashby,kendrick', 'feria,nick de', 'darst,daniel']",316
395,0864,Rhodes,Berry,1,102-114,"59,55","54,48",7-6; 1-1 SAA,5-8; 0-2 SAA,N/A,N/A,01/05/18,8:00 PM,N/A,"Memphis, Tenn.",Win,2,False,127,False,--,,37,,42 ,"ASSIST  by FERIA,NICK DE",,,"ASSIST  by FERIA,NICK DE",1,assist,,rhodes,"feria,nick de",,"['moore,myles', 'marder,nick', 'hirsh,elijah', 'mccloud,alton', 'johnson,cory']","['de,nick', 'berry,bryce', 'evans,andrew', 'love,kerry', 'ashby,kendrick', 'feria,nick de', 'darst,daniel']",
396,0864,Rhodes,Berry,1,102-114,"59,55","54,48",7-6; 1-1 SAA,5-8; 0-2 SAA,N/A,N/A,01/05/18,8:00 PM,N/A,"Memphis, Tenn.",Win,2,False,127,False,05:05,,37,,42 ,"FOUL  by FERIA,NICK DE",,,"FOUL  by FERIA,NICK DE",1,foul,,rhodes,"feria,nick de",,"['moore,myles', 'marder,nick', 'hirsh,elijah', 'mccloud,alton', 'johnson,cory']","['de,nick', 'berry,bryce', 'evans,andrew', 'love,kerry', 'ashby,kendrick', 'feria,nick de', 'darst,daniel']",305
397,0864,Rhodes,Berry,1,102-114,"59,55","54,48",7-6; 1-1 SAA,5-8; 0-2 SAA,N/A,N/A,01/05/18,8:00 PM,N/A,"Memphis, Tenn.",Win,2,False,127,False,05:05,"MISS FT by JOHNSON,CORY",37,,42 ,,,,"MISS FT by JOHNSON,CORY",1,free throw,missed,berry,"johnson,cory",,"['moore,myles', 'marder,nick', 'hirsh,elijah', 'mccloud,alton', 'johnson,cory']","['de,nick', 'berry,bryce', 'evans,andrew', 'love,kerry', 'ashby,kendrick', 'feria,nick de', 'darst,daniel']",305
398,0864,Rhodes,Berry,1,102-114,"59,55","54,48",7-6; 1-1 SAA,5-8; 0-2 SAA,N/A,N/A,01/05/18,8:00 PM,N/A,"Memphis, Tenn.",Win,2,False,127,False,--,REBOUND DEADB by TEAM,37,,42 ,,,,REBOUND DEADB by TEAM,1,deadball rebound,,berry,,,"['moore,myles', 'marder,nick', 'hirsh,elijah', 'mccloud,alton', 'johnson,cory']","['de,nick', 'berry,bryce', 'evans,andrew', 'love,kerry', 'ashby,kendrick', 'feria,nick de', 'darst,daniel']",
399,0864,Rhodes,Berry,1,102-114,"59,55","54,48",7-6; 1-1 SAA,5-8; 0-2 SAA,N/A,N/A,01/05/18,8:00 PM,N/A,"Memphis, Tenn.",Win,2,False,127,False,05:05,"GOOD FT by JOHNSON,CORY",38,,42 ,,BCM 38-42 (-4),,"GOOD FT by JOHNSON,CORY",1,free throw,good,berry,"johnson,cory",1,"['moore,myles', 'marder,nick', 'hirsh,elijah', 'mccloud,alton', 'johnson,cory']","['de,nick', 'berry,bryce', 'evans,andrew', 'love,kerry', 'ashby,kendrick', 'feria,nick de', 'darst,daniel']",305
400,0864,Rhodes,Berry,1,102-114,"59,55","54,48",7-6; 1-1 SAA,5-8; 0-2 SAA,N/A,N/A,01/05/18,8:00 PM,N/A,"Memphis, Tenn.",Win,2,False,127,False,04:51,,38,,42 ,"TURNOVER  by DARST,DANIEL",,,"TURNOVER  by DARST,DANIEL",1,turnover,,rhodes,"darst,daniel",,"['moore,myles', 'marder,nick', 'hirsh,elijah', 'mccloud,alton', 'johnson,cory']","['de,nick', 'berry,bryce', 'evans,andrew', 'love,kerry', 'ashby,kendrick', 'feria,nick de', 'darst,daniel']",291
401,0864,Rhodes,Berry,1,102-114,"59,55","54,48",7-6; 1-1 SAA,5-8; 0-2 SAA,N/A,N/A,01/05/18,8:00 PM,N/A,"Memphis, Tenn.",Win,2,False,127,False,04:50,"STEAL  by JOHNSON,CORY",38,,42 ,,,,"STEAL  by JOHNSON,CORY",1,steal,,berry,,,"['moore,myles', 'marder,nick', 'hirsh,elijah', 'mccloud,alton', 'johnson,cory']","['de,nick', 'berry,bryce', 'evans,andrew', 'love,kerry', 'ashby,kendrick', 'feria,nick de', 'darst,daniel']",290
402,0864,Rhodes,Berry,1,102-114,"59,55","54,48",7-6; 1-1 SAA,5-8; 0-2 SAA,N/A,N/A,01/05/18,8:00 PM,N/A,"Memphis, Tenn.",Win,2,False,127,False,04:45,"SUB IN by JOHNSON,CALEB",38,,42 ,,,,"SUB IN by JOHNSON,CALEB",1,subbing in,,berry,"johnson,caleb",,"['moore,myles', 'marder,nick', 'hirsh,elijah', 'mccloud,alton', 'johnson,cory', 'johnson,caleb']","['de,nick', 'berry,bryce', 'evans,andrew', 'love,kerry', 'ashby,kendrick', 'feria,nick de', 'darst,daniel']",285
403,0864,Rhodes,Berry,1,102-114,"59,55","54,48",7-6; 1-1 SAA,5-8; 0-2 SAA,N/A,N/A,01/05/18,8:00 PM,N/A,"Memphis, Tenn.",Win,2,False,127,False,04:45,"SUB OUT by JOHNSON,CORY",38,,42 ,,,,"SUB OUT by JOHNSON,CORY",1,subbing out,,berry,"johnson,cory",,"['moore,myles', 'marder,nick', 'hirsh,elijah', 'mccloud,alton', 'johnson,caleb']","['de,nick', 'berry,bryce', 'evans,andrew', 'love,kerry', 'ashby,kendrick', 'feria,nick de', 'darst,daniel']",285
404,0864,Rhodes,Berry,1,102-114,"59,55","54,48",7-6; 1-1 SAA,5-8; 0-2 SAA,N/A,N/A,01/05/18,8:00 PM,N/A,"Memphis, Tenn.",Win,2,False,127,False,04:45,,38,,42 ,"SUB IN by GALVIN,OWEN",,,"SUB IN by GALVIN,OWEN",1,subbing in,,rhodes,"galvin,owen",,"['moore,myles', 'marder,nick', 'hirsh,elijah', 'mccloud,alton', 'johnson,caleb']","['de,nick', 'berry,bryce', 'evans,andrew', 'love,kerry', 'ashby,kendrick', 'feria,nick de', 'darst,daniel', 'galvin,owen']",285
405,0864,Rhodes,Berry,1,102-114,"59,55","54,48",7-6; 1-1 SAA,5-8; 0-2 SAA,N/A,N/A,01/05/18,8:00 PM,N/A,"Memphis, Tenn.",Win,2,False,127,False,04:45,,38,,42 ,"SUB IN by MCINTYRE,WILLIAM",,,"SUB IN by MCINTYRE,WILLIAM",1,subbing in,,rhodes,"mcintyre,william",,"['moore,myles', 'marder,nick', 'hirsh,elijah', 'mccloud,alton', 'johnson,caleb']","['de,nick', 'berry,bryce', 'evans,andrew', 'love,kerry', 'ashby,kendrick', 'feria,nick de', 'darst,daniel', 'galvin,owen', 'mcintyre,william']",285
406,0864,Rhodes,Berry,1,102-114,"59,55","54,48",7-6; 1-1 SAA,5-8; 0-2 SAA,N/A,N/A,01/05/18,8:00 PM,N/A,"Memphis, Tenn.",Win,2,False,127,False,04:45,,38,,42 ,"SUB IN by NESTLEHUTT,JAKE",,,"SUB IN by NESTLEHUTT,JAKE",1,subbing in,,rhodes,"nestlehutt,jake",,"['moore,myles', 'marder,nick', 'hirsh,elijah', 'mccloud,alton', 'johnson,caleb']","['de,nick', 'berry,bryce', 'evans,andrew', 'love,kerry', 'ashby,kendrick', 'feria,nick de', 'darst,daniel', 'galvin,owen', 'mcintyre,william', 'nestlehutt,jake']",285
407,0864,Rhodes,Berry,1,102-114,"59,55","54,48",7-6; 1-1 SAA,5-8; 0-2 SAA,N/A,N/A,01/05/18,8:00 PM,N/A,"Memphis, Tenn.",Win,2,False,127,False,04:45,,38,,42 ,"SUB IN by NYAWATA,ANESU",,,"SUB IN by NYAWATA,ANESU",1,subbing in,,rhodes,"nyawata,anesu",,"['moore,myles', 'marder,nick', 'hirsh,elijah', 'mccloud,alton', 'johnson,caleb']","['de,nick', 'berry,bryce', 'evans,andrew', 'love,kerry', 'ashby,kendrick', 'feria,nick de', 'darst,daniel', 'galvin,owen', 'mcintyre,william', 'nestlehutt,jake', 'nyawata,anesu']",285
408,0864,Rhodes,Berry,1,102-114,"59,55","54,48",7-6; 1-1 SAA,5-8; 0-2 SAA,N/A,N/A,01/05/18,8:00 PM,N/A,"Memphis, Tenn.",Win,2,False,127,False,04:45,,38,,42 ,"SUB IN by DALTON,PRICE",,,"SUB IN by DALTON,PRICE",1,subbing in,,rhodes,"dalton,price",,"['moore,myles', 'marder,nick', 'hirsh,elijah', 'mccloud,alton', 'johnson,caleb']","['de,nick', 'berry,bryce', 'evans,andrew', 'love,kerry', 'ashby,kendrick', 'feria,nick de', 'darst,daniel', 'galvin,owen', 'mcintyre,william', 'nestlehutt,jake', 'nyawata,anesu', 'dalton,price']",285
409,0864,Rhodes,Berry,1,102-114,"59,55","54,48",7-6; 1-1 SAA,5-8; 0-2 SAA,N/A,N/A,01/05/18,8:00 PM,N/A,"Memphis, Tenn.",Win,2,False,127,False,04:45,,38,,42 ,"SUB OUT by LOVE,KERRY",,,"SUB OUT by LOVE,KERRY",1,subbing out,,rhodes,"love,kerry",,"['moore,myles', 'marder,nick', 'hirsh,elijah', 'mccloud,alton', 'johnson,caleb']","['de,nick', 'berry,bryce', 'evans,andrew', 'ashby,kendrick', 'feria,nick de', 'darst,daniel', 'galvin,owen', 'mcintyre,william', 'nestlehutt,jake', 'nyawata,anesu', 'dalton,price']",285
410,0864,Rhodes,Berry,1,102-114,"59,55","54,48",7-6; 1-1 SAA,5-8; 0-2 SAA,N/A,N/A,01/05/18,8:00 PM,N/A,"Memphis, Tenn.",Win,2,False,127,False,04:45,,38,,42 ,"SUB OUT by ASHBY,KENDRICK",,,"SUB OUT by ASHBY,KENDRICK",1,subbing out,,rhodes,"ashby,kendrick",,"['moore,myles', 'marder,nick', 'hirsh,elijah', 'mccloud,alton', 'johnson,caleb']","['de,nick', 'berry,bryce', 'evans,andrew', 'feria,nick de', 'darst,daniel', 'galvin,owen', 'mcintyre,william', 'nestlehutt,jake', 'nyawata,anesu', 'dalton,price']",285
411,0864,Rhodes,Berry,1,102-114,"59,55","54,48",7-6; 1-1 SAA,5-8; 0-2 SAA,N/A,N/A,01/05/18,8:00 PM,N/A,"Memphis, Tenn.",Win,2,False,127,False,04:45,,38,,42 ,"SUB OUT by FERIA,NICK DE",,,"SUB OUT by FERIA,NICK DE",1,subbing out,,rhodes,"feria,nick de",,"['moore,myles', 'marder,nick', 'hirsh,elijah', 'mccloud,alton', 'johnson,caleb']","['de,nick', 'berry,bryce', 'evans,andrew', 'darst,daniel', 'galvin,owen', 'mcintyre,william', 'nestlehutt,jake', 'nyawata,anesu', 'dalton,price']",285
412,0864,Rhodes,Berry,1,102-114,"59,55","54,48",7-6; 1-1 SAA,5-8; 0-2 SAA,N/A,N/A,01/05/18,8:00 PM,N/A,"Memphis, Tenn.",Win,2,False,127,False,04:45,,38,,42 ,"SUB OUT by DARST,DANIEL",,,"SUB OUT by DARST,DANIEL",1,subbing out,,rhodes,"darst,daniel",,"['moore,myles', 'marder,nick', 'hirsh,elijah', 'mccloud,alton', 'johnson,caleb']","['de,nick', 'berry,bryce', 'evans,andrew', 'galvin,owen', 'mcintyre,william', 'nestlehutt,jake', 'nyawata,anesu', 'dalton,price']",285
413,0864,Rhodes,Berry,1,102-114,"59,55","54,48",7-6; 1-1 SAA,5-8; 0-2 SAA,N/A,N/A,01/05/18,8:00 PM,N/A,"Memphis, Tenn.",Win,2,False,127,False,04:45,,38,,42 ,"SUB OUT by BERRY,BRYCE",,,"SUB OUT by BERRY,BRYCE",1,subbing out,,rhodes,"berry,bryce",,"['moore,myles', 'marder,nick', 'hirsh,elijah', 'mccloud,alton', 'johnson,caleb']","['de,nick', 'evans,andrew', 'galvin,owen', 'mcintyre,william', 'nestlehutt,jake', 'nyawata,anesu', 'dalton,price']",285
414,0864,Rhodes,Berry,1,102-114,"59,55","54,48",7-6; 1-1 SAA,5-8; 0-2 SAA,N/A,N/A,01/05/18,8:00 PM,N/A,"Memphis, Tenn.",Win,2,False,127,False,04:41,"GOOD LAYUP by JOHNSON,CALEB(in the paint)",40,,42 ,,BCM 40-42 (-2),,"GOOD LAYUP by JOHNSON,CALEB(in the paint)",1,layup,good,berry,"johnson,caleb",2,"['moore,myles', 'marder,nick', 'hirsh,elijah', 'mccloud,alton', 'johnson,caleb']","['de,nick', 'evans,andrew', 'galvin,owen', 'mcintyre,william', 'nestlehutt,jake', 'nyawata,anesu', 'dalton,price']",281
415,0864,Rhodes,Berry,1,102-114,"59,55","54,48",7-6; 1-1 SAA,5-8; 0-2 SAA,N/A,N/A,01/05/18,8:00 PM,N/A,"Memphis, Tenn.",Win,2,False,127,False,--,"ASSIST  by HIRSH,ELIJAH",40,,42 ,,,,"ASSIST  by HIRSH,ELIJAH",1,assist,,berry,"hirsh,elijah",,"['moore,myles', 'marder,nick', 'hirsh,elijah', 'mccloud,alton', 'johnson,caleb']","['de,nick', 'evans,andrew', 'galvin,owen', 'mcintyre,william', 'nestlehutt,jake', 'nyawata,anesu', 'dalton,price']",
416,0864,Rhodes,Berry,1,102-114,"59,55","54,48",7-6; 1-1 SAA,5-8; 0-2 SAA,N/A,N/A,01/05/18,8:00 PM,N/A,"Memphis, Tenn.",Win,2,False,127,False,04:24,,40,,42 ,"MISS 3PTR by NYAWATA,ANESU",,,"MISS 3PTR by NYAWATA,ANESU",1,three pointer,missed,rhodes,"nyawata,anesu",,"['moore,myles', 'marder,nick', 'hirsh,elijah', 'mccloud,alton', 'johnson,caleb']","['de,nick', 'evans,andrew', 'galvin,owen', 'mcintyre,william', 'nestlehutt,jake', 'nyawata,anesu', 'dalton,price']",264
417,0864,Rhodes,Berry,1,102-114,"59,55","54,48",7-6; 1-1 SAA,5-8; 0-2 SAA,N/A,N/A,01/05/18,8:00 PM,N/A,"Memphis, Tenn.",Win,2,False,127,False,--,"REBOUND DEF by HIRSH,ELIJAH",40,,42 ,,,,"REBOUND DEF by HIRSH,ELIJAH",1,defensive rebound,,berry,"hirsh,elijah",,"['moore,myles', 'marder,nick', 'hirsh,elijah', 'mccloud,alton', 'johnson,caleb']","['de,nick', 'evans,andrew', 'galvin,owen', 'mcintyre,william', 'nestlehutt,jake', 'nyawata,anesu', 'dalton,price']",
418,0864,Rhodes,Berry,1,102-114,"59,55","54,48",7-6; 1-1 SAA,5-8; 0-2 SAA,N/A,N/A,01/05/18,8:00 PM,N/A,"Memphis, Tenn.",Win,2,False,127,False,04:14,"GOOD LAYUP by MARDER,NICK(fastbreak)(in the paint)",42,,42,,BCM 42-42 (0),,"GOOD LAYUP by MARDER,NICK(fastbreak)(in the paint)",1,layup,good,berry,"marder,nick(fastbreak)",2,"['moore,myles', 'marder,nick', 'hirsh,elijah', 'mccloud,alton', 'johnson,caleb']","['de,nick', 'evans,andrew', 'galvin,owen', 'mcintyre,william', 'nestlehutt,jake', 'nyawata,anesu', 'dalton,price']",254
419,0864,Rhodes,Berry,1,102-114,"59,55","54,48",7-6; 1-1 SAA,5-8; 0-2 SAA,N/A,N/A,01/05/18,8:00 PM,N/A,"Memphis, Tenn.",Win,2,False,127,False,--,"ASSIST  by MOORE,MYLES",42,,42,,,,"ASSIST  by MOORE,MYLES",1,assist,,berry,"moore,myles",,"['moore,myles', 'marder,nick', 'hirsh,elijah', 'mccloud,alton', 'johnson,caleb']","['de,nick', 'evans,andrew', 'galvin,owen', 'mcintyre,william', 'nestlehutt,jake', 'nyawata,anesu', 'dalton,price']",
420,0864,Rhodes,Berry,1,102-114,"59,55","54,48",7-6; 1-1 SAA,5-8; 0-2 SAA,N/A,N/A,01/05/18,8:00 PM,N/A,"Memphis, Tenn.",Win,2,False,127,False,04:12,,42,,42,"SUB IN by EVANS,ANDREW",,,"SUB IN by EVANS,ANDREW",1,subbing in,,rhodes,"evans,andrew",,"['moore,myles', 'marder,nick', 'hirsh,elijah', 'mccloud,alton', 'johnson,caleb']","['de,nick', 'evans,andrew', 'galvin,owen', 'mcintyre,william', 'nestlehutt,jake', 'nyawata,anesu', 'dalton,price']",252
421,0864,Rhodes,Berry,1,102-114,"59,55","54,48",7-6; 1-1 SAA,5-8; 0-2 SAA,N/A,N/A,01/05/18,8:00 PM,N/A,"Memphis, Tenn.",Win,2,False,127,False,04:12,,42,,42,"SUB IN by GIROUX,PRESTON",,,"SUB IN by GIROUX,PRESTON",1,subbing in,,rhodes,"giroux,preston",,"['moore,myles', 'marder,nick', 'hirsh,elijah', 'mccloud,alton', 'johnson,caleb']","['de,nick', 'evans,andrew', 'galvin,owen', 'mcintyre,william', 'nestlehutt,jake', 'nyawata,anesu', 'dalton,price']",252
422,0864,Rhodes,Berry,1,102-114,"59,55","54,48",7-6; 1-1 SAA,5-8; 0-2 SAA,N/A,N/A,01/05/18,8:00 PM,N/A,"Memphis, Tenn.",Win,2,False,127,False,04:12,,42,,42,"SUB IN by SAMSON,VAUGHN",,,"SUB IN by SAMSON,VAUGHN",1,subbing in,,rhodes,"samson,vaughn",,"['moore,myles', 'marder,nick', 'hirsh,elijah', 'mccloud,alton', 'johnson,caleb']","['de,nick', 'evans,andrew', 'galvin,owen', 'mcintyre,william', 'nestlehutt,jake', 'nyawata,anesu', 'dalton,price', 'samson,vaughn']",252
423,0864,Rhodes,Berry,1,102-114,"59,55","54,48",7-6; 1-1 SAA,5-8; 0-2 SAA,N/A,N/A,01/05/18,8:00 PM,N/A,"Memphis, Tenn.",Win,2,False,127,False,04:12,,42,,42,"SUB IN by SWIFT,DJ",,,"SUB IN by SWIFT,DJ",1,subbing in,,rhodes,"swift,dj",,"['moore,myles', 'marder,nick', 'hirsh,elijah', 'mccloud,alton', 'johnson,caleb']","['de,nick', 'evans,andrew', 'galvin,owen', 'mcintyre,william', 'nestlehutt,jake', 'nyawata,anesu', 'dalton,price', 'samson,vaughn', 'swift,dj']",252
424,0864,Rhodes,Berry,1,102-114,"59,55","54,48",7-6; 1-1 SAA,5-8; 0-2 SAA,N/A,N/A,01/05/18,8:00 PM,N/A,"Memphis, Tenn.",Win,2,False,127,False,04:12,,42,,42,"SUB IN by WEATHERFORD,MITCH",,,"SUB IN by WEATHERFORD,MITCH",1,subbing in,,rhodes,"weatherford,mitch",,"['moore,myles', 'marder,nick', 'hirsh,elijah', 'mccloud,alton', 'johnson,caleb']","['de,nick', 'evans,andrew', 'galvin,owen', 'mcintyre,william', 'nestlehutt,jake', 'nyawata,anesu', 'dalton,price', 'samson,vaughn', 'swift,dj', 'weatherford,mitch']",252
425,0864,Rhodes,Berry,1,102-114,"59,55","54,48",7-6; 1-1 SAA,5-8; 0-2 SAA,N/A,N/A,01/05/18,8:00 PM,N/A,"Memphis, Tenn.",Win,2,False,127,False,04:12,,42,,42,"SUB OUT by GALVIN,OWEN",,,"SUB OUT by GALVIN,OWEN",1,subbing out,,rhodes,"galvin,owen",,"['moore,myles', 'marder,nick', 'hirsh,elijah', 'mccloud,alton', 'johnson,caleb']","['de,nick', 'evans,andrew', 'mcintyre,william', 'nestlehutt,jake', 'nyawata,anesu', 'dalton,price', 'samson,vaughn', 'swift,dj', 'weatherford,mitch']",252
426,0864,Rhodes,Berry,1,102-114,"59,55","54,48",7-6; 1-1 SAA,5-8; 0-2 SAA,N/A,N/A,01/05/18,8:00 PM,N/A,"Memphis, Tenn.",Win,2,False,127,False,04:12,,42,,42,"SUB OUT by MCINTYRE,WILLIAM",,,"SUB OUT by MCINTYRE,WILLIAM",1,subbing out,,rhodes,"mcintyre,william",,"['moore,myles', 'marder,nick', 'hirsh,elijah', 'mccloud,alton', 'johnson,caleb']","['de,nick', 'evans,andrew', 'nestlehutt,jake', 'nyawata,anesu', 'dalton,price', 'samson,vaughn', 'swift,dj', 'weatherford,mitch']",252
427,0864,Rhodes,Berry,1,102-114,"59,55","54,48",7-6; 1-1 SAA,5-8; 0-2 SAA,N/A,N/A,01/05/18,8:00 PM,N/A,"Memphis, Tenn.",Win,2,False,127,False,04:12,,42,,42,"SUB OUT by NESTLEHUTT,JAKE",,,"SUB OUT by NESTLEHUTT,JAKE",1,subbing out,,rhodes,"nestlehutt,jake",,"['moore,myles', 'marder,nick', 'hirsh,elijah', 'mccloud,alton', 'johnson,caleb']","['de,nick', 'evans,andrew', 'nyawata,anesu', 'dalton,price', 'samson,vaughn', 'swift,dj', 'weatherford,mitch']",252
428,0864,Rhodes,Berry,1,102-114,"59,55","54,48",7-6; 1-1 SAA,5-8; 0-2 SAA,N/A,N/A,01/05/18,8:00 PM,N/A,"Memphis, Tenn.",Win,2,False,127,False,04:12,,42,,42,"SUB OUT by NYAWATA,ANESU",,,"SUB OUT by NYAWATA,ANESU",1,subbing out,,rhodes,"nyawata,anesu",,"['moore,myles', 'marder,nick', 'hirsh,elijah', 'mccloud,alton', 'johnson,caleb']","['de,nick', 'evans,andrew', 'dalton,price', 'samson,vaughn', 'swift,dj', 'weatherford,mitch']",252
429,0864,Rhodes,Berry,1,102-114,"59,55","54,48",7-6; 1-1 SAA,5-8; 0-2 SAA,N/A,N/A,01/05/18,8:00 PM,N/A,"Memphis, Tenn.",Win,2,False,127,False,04:12,,42,,42,"SUB OUT by DALTON,PRICE",,,"SUB OUT by DALTON,PRICE",1,subbing out,,rhodes,"dalton,price",,"['moore,myles', 'marder,nick', 'hirsh,elijah', 'mccloud,alton', 'johnson,caleb']","['de,nick', 'evans,andrew', 'samson,vaughn', 'swift,dj', 'weatherford,mitch']",252
430,0864,Rhodes,Berry,1,102-114,"59,55","54,48",7-6; 1-1 SAA,5-8; 0-2 SAA,N/A,N/A,01/05/18,8:00 PM,N/A,"Memphis, Tenn.",Win,2,False,127,False,04:00,,42,,45 ,"GOOD 3PTR by SAMSON,VAUGHN",RHODES 42-45 (-3),,"GOOD 3PTR by SAMSON,VAUGHN",1,three pointer,good,rhodes,"samson,vaughn",3,"['moore,myles', 'marder,nick', 'hirsh,elijah', 'mccloud,alton', 'johnson,caleb']","['de,nick', 'evans,andrew', 'samson,vaughn', 'swift,dj', 'weatherford,mitch']",240
431,0864,Rhodes,Berry,1,102-114,"59,55","54,48",7-6; 1-1 SAA,5-8; 0-2 SAA,N/A,N/A,01/05/18,8:00 PM,N/A,"Memphis, Tenn.",Win,2,False,127,False,--,,42,,45 ,"ASSIST  by GIROUX,PRESTON",,,"ASSIST  by GIROUX,PRESTON",1,assist,,rhodes,"giroux,preston",,"['moore,myles', 'marder,nick', 'hirsh,elijah', 'mccloud,alton', 'johnson,caleb']","['de,nick', 'evans,andrew', 'samson,vaughn', 'swift,dj', 'weatherford,mitch']",
432,0864,Rhodes,Berry,1,102-114,"59,55","54,48",7-6; 1-1 SAA,5-8; 0-2 SAA,N/A,N/A,01/05/18,8:00 PM,N/A,"Memphis, Tenn.",Win,2,False,127,False,03:47,"GOOD LAYUP by MCCLOUD,ALTON(fastbreak)(in the paint)",44,,45 ,,BCM 44-45 (-1),,"GOOD LAYUP by MCCLOUD,ALTON(fastbreak)(in the paint)",1,layup,good,berry,"mccloud,alton(fastbreak)",2,"['moore,myles', 'marder,nick', 'hirsh,elijah', 'mccloud,alton', 'johnson,caleb']","['de,nick', 'evans,andrew', 'samson,vaughn', 'swift,dj', 'weatherford,mitch']",227
433,0864,Rhodes,Berry,1,102-114,"59,55","54,48",7-6; 1-1 SAA,5-8; 0-2 SAA,N/A,N/A,01/05/18,8:00 PM,N/A,"Memphis, Tenn.",Win,2,False,127,False,--,"ASSIST  by JOHNSON,CALEB",44,,45 ,,,,"ASSIST  by JOHNSON,CALEB",1,assist,,berry,"johnson,caleb",,"['moore,myles', 'marder,nick', 'hirsh,elijah', 'mccloud,alton', 'johnson,caleb']","['de,nick', 'evans,andrew', 'samson,vaughn', 'swift,dj', 'weatherford,mitch']",
434,0864,Rhodes,Berry,1,102-114,"59,55","54,48",7-6; 1-1 SAA,5-8; 0-2 SAA,N/A,N/A,01/05/18,8:00 PM,N/A,"Memphis, Tenn.",Win,2,False,127,False,03:33,,44,,47 ,"GOOD LAYUP by SAMSON,VAUGHN(in the paint)",RHODES 44-47 (-3),,"GOOD LAYUP by SAMSON,VAUGHN(in the paint)",1,layup,good,rhodes,"samson,vaughn",2,"['moore,myles', 'marder,nick', 'hirsh,elijah', 'mccloud,alton', 'johnson,caleb']","['de,nick', 'evans,andrew', 'samson,vaughn', 'swift,dj', 'weatherford,mitch']",213
435,0864,Rhodes,Berry,1,102-114,"59,55","54,48",7-6; 1-1 SAA,5-8; 0-2 SAA,N/A,N/A,01/05/18,8:00 PM,N/A,"Memphis, Tenn.",Win,2,False,127,False,--,,44,,47 ,"ASSIST  by WEATHERFORD,MITCH",,,"ASSIST  by WEATHERFORD,MITCH",1,assist,,rhodes,"weatherford,mitch",,"['moore,myles', 'marder,nick', 'hirsh,elijah', 'mccloud,alton', 'johnson,caleb']","['de,nick', 'evans,andrew', 'samson,vaughn', 'swift,dj', 'weatherford,mitch']",
436,0864,Rhodes,Berry,1,102-114,"59,55","54,48",7-6; 1-1 SAA,5-8; 0-2 SAA,N/A,N/A,01/05/18,8:00 PM,N/A,"Memphis, Tenn.",Win,2,False,127,False,03:27,"TURNOVER  by MCCLOUD,ALTON",44,,47 ,,,,"TURNOVER  by MCCLOUD,ALTON",1,turnover,,berry,"mccloud,alton",,"['moore,myles', 'marder,nick', 'hirsh,elijah', 'mccloud,alton', 'johnson,caleb']","['de,nick', 'evans,andrew', 'samson,vaughn', 'swift,dj', 'weatherford,mitch']",207
437,0864,Rhodes,Berry,1,102-114,"59,55","54,48",7-6; 1-1 SAA,5-8; 0-2 SAA,N/A,N/A,01/05/18,8:00 PM,N/A,"Memphis, Tenn.",Win,2,False,127,False,03:25,,44,,47 ,"STEAL  by GIROUX,PRESTON",,,"STEAL  by GIROUX,PRESTON",1,steal,,rhodes,,,"['moore,myles', 'marder,nick', 'hirsh,elijah', 'mccloud,alton', 'johnson,caleb']","['de,nick', 'evans,andrew', 'samson,vaughn', 'swift,dj', 'weatherford,mitch']",205
438,0864,Rhodes,Berry,1,102-114,"59,55","54,48",7-6; 1-1 SAA,5-8; 0-2 SAA,N/A,N/A,01/05/18,8:00 PM,N/A,"Memphis, Tenn.",Win,2,False,127,False,03:24,,44,,47 ,"TURNOVER  by GIROUX,PRESTON",,,"TURNOVER  by GIROUX,PRESTON",1,turnover,,rhodes,"giroux,preston",,"['moore,myles', 'marder,nick', 'hirsh,elijah', 'mccloud,alton', 'johnson,caleb']","['de,nick', 'evans,andrew', 'samson,vaughn', 'swift,dj', 'weatherford,mitch']",204
439,0864,Rhodes,Berry,1,102-114,"59,55","54,48",7-6; 1-1 SAA,5-8; 0-2 SAA,N/A,N/A,01/05/18,8:00 PM,N/A,"Memphis, Tenn.",Win,2,False,127,False,03:22,"STEAL  by MARDER,NICK",44,,47 ,,,,"STEAL  by MARDER,NICK",1,steal,,berry,,,"['moore,myles', 'marder,nick', 'hirsh,elijah', 'mccloud,alton', 'johnson,caleb']","['de,nick', 'evans,andrew', 'samson,vaughn', 'swift,dj', 'weatherford,mitch']",202
440,0864,Rhodes,Berry,1,102-114,"59,55","54,48",7-6; 1-1 SAA,5-8; 0-2 SAA,N/A,N/A,01/05/18,8:00 PM,N/A,"Memphis, Tenn.",Win,2,False,127,False,03:20,"GOOD LAYUP by JOHNSON,CALEB(fastbreak)(in the paint)",46,,47 ,,BCM 46-47 (-1),,"GOOD LAYUP by JOHNSON,CALEB(fastbreak)(in the paint)",1,layup,good,berry,"johnson,caleb(fastbreak)",2,"['moore,myles', 'marder,nick', 'hirsh,elijah', 'mccloud,alton', 'johnson,caleb']","['de,nick', 'evans,andrew', 'samson,vaughn', 'swift,dj', 'weatherford,mitch']",200
441,0864,Rhodes,Berry,1,102-114,"59,55","54,48",7-6; 1-1 SAA,5-8; 0-2 SAA,N/A,N/A,01/05/18,8:00 PM,N/A,"Memphis, Tenn.",Win,2,False,127,False,--,"ASSIST  by MARDER,NICK",46,,47 ,,,,"ASSIST  by MARDER,NICK",1,assist,,berry,"marder,nick",,"['moore,myles', 'marder,nick', 'hirsh,elijah', 'mccloud,alton', 'johnson,caleb']","['de,nick', 'evans,andrew', 'samson,vaughn', 'swift,dj', 'weatherford,mitch']",
442,0864,Rhodes,Berry,1,102-114,"59,55","54,48",7-6; 1-1 SAA,5-8; 0-2 SAA,N/A,N/A,01/05/18,8:00 PM,N/A,"Memphis, Tenn.",Win,2,False,127,False,03:08,,46,,49 ,"GOOD LAYUP by GIROUX,PRESTON(in the paint)",RHODES 46-49 (-3),,"GOOD LAYUP by GIROUX,PRESTON(in the paint)",1,layup,good,rhodes,"giroux,preston",2,"['moore,myles', 'marder,nick', 'hirsh,elijah', 'mccloud,alton', 'johnson,caleb']","['de,nick', 'evans,andrew', 'samson,vaughn', 'swift,dj', 'weatherford,mitch']",188
443,0864,Rhodes,Berry,1,102-114,"59,55","54,48",7-6; 1-1 SAA,5-8; 0-2 SAA,N/A,N/A,01/05/18,8:00 PM,N/A,"Memphis, Tenn.",Win,2,False,127,False,--,,46,,49 ,"ASSIST  by WEATHERFORD,MITCH",,,"ASSIST  by WEATHERFORD,MITCH",1,assist,,rhodes,"weatherford,mitch",,"['moore,myles', 'marder,nick', 'hirsh,elijah', 'mccloud,alton', 'johnson,caleb']","['de,nick', 'evans,andrew', 'samson,vaughn', 'swift,dj', 'weatherford,mitch']",
444,0864,Rhodes,Berry,1,102-114,"59,55","54,48",7-6; 1-1 SAA,5-8; 0-2 SAA,N/A,N/A,01/05/18,8:00 PM,N/A,"Memphis, Tenn.",Win,2,False,127,False,03:08,"FOUL  by MARDER,NICK",46,,49 ,,,,"FOUL  by MARDER,NICK",1,foul,,berry,"marder,nick",,"['moore,myles', 'marder,nick', 'hirsh,elijah', 'mccloud,alton', 'johnson,caleb']","['de,nick', 'evans,andrew', 'samson,vaughn', 'swift,dj', 'weatherford,mitch']",188
445,0864,Rhodes,Berry,1,102-114,"59,55","54,48",7-6; 1-1 SAA,5-8; 0-2 SAA,N/A,N/A,01/05/18,8:00 PM,N/A,"Memphis, Tenn.",Win,2,False,127,False,03:08,,46,,49 ,TIMEOUT 20SEC by TEAM,,,TIMEOUT 20SEC by TEAM,1,timeout,,rhodes,,,"['moore,myles', 'marder,nick', 'hirsh,elijah', 'mccloud,alton', 'johnson,caleb']","['de,nick', 'evans,andrew', 'samson,vaughn', 'swift,dj', 'weatherford,mitch']",188
446,0864,Rhodes,Berry,1,102-114,"59,55","54,48",7-6; 1-1 SAA,5-8; 0-2 SAA,N/A,N/A,01/05/18,8:00 PM,N/A,"Memphis, Tenn.",Win,2,False,127,False,03:08,,46,,50 ,"GOOD FT by GIROUX,PRESTON",RHODES 46-50 (-4),,"GOOD FT by GIROUX,PRESTON",1,free throw,good,rhodes,"giroux,preston",1,"['moore,myles', 'marder,nick', 'hirsh,elijah', 'mccloud,alton', 'johnson,caleb']","['de,nick', 'evans,andrew', 'samson,vaughn', 'swift,dj', 'weatherford,mitch']",188
447,0864,Rhodes,Berry,1,102-114,"59,55","54,48",7-6; 1-1 SAA,5-8; 0-2 SAA,N/A,N/A,01/05/18,8:00 PM,N/A,"Memphis, Tenn.",Win,2,False,127,False,03:08,,46,,50 ,"SUB IN by GRUBBS,COBY",,,"SUB IN by GRUBBS,COBY",1,subbing in,,rhodes,"grubbs,coby",,"['moore,myles', 'marder,nick', 'hirsh,elijah', 'mccloud,alton', 'johnson,caleb']","['de,nick', 'evans,andrew', 'samson,vaughn', 'swift,dj', 'weatherford,mitch', 'grubbs,coby']",188
448,0864,Rhodes,Berry,1,102-114,"59,55","54,48",7-6; 1-1 SAA,5-8; 0-2 SAA,N/A,N/A,01/05/18,8:00 PM,N/A,"Memphis, Tenn.",Win,2,False,127,False,03:08,,46,,50 ,"SUB IN by LOVE,KERRY",,,"SUB IN by LOVE,KERRY",1,subbing in,,rhodes,"love,kerry",,"['moore,myles', 'marder,nick', 'hirsh,elijah', 'mccloud,alton', 'johnson,caleb']","['de,nick', 'evans,andrew', 'samson,vaughn', 'swift,dj', 'weatherford,mitch', 'grubbs,coby', 'love,kerry']",188
449,0864,Rhodes,Berry,1,102-114,"59,55","54,48",7-6; 1-1 SAA,5-8; 0-2 SAA,N/A,N/A,01/05/18,8:00 PM,N/A,"Memphis, Tenn.",Win,2,False,127,False,03:08,,46,,50 ,"SUB IN by FERIA,NICK DE",,,"SUB IN by FERIA,NICK DE",1,subbing in,,rhodes,"feria,nick de",,"['moore,myles', 'marder,nick', 'hirsh,elijah', 'mccloud,alton', 'johnson,caleb']","['de,nick', 'evans,andrew', 'samson,vaughn', 'swift,dj', 'weatherford,mitch', 'grubbs,coby', 'love,kerry', 'feria,nick de']",188
450,0864,Rhodes,Berry,1,102-114,"59,55","54,48",7-6; 1-1 SAA,5-8; 0-2 SAA,N/A,N/A,01/05/18,8:00 PM,N/A,"Memphis, Tenn.",Win,2,False,127,False,03:08,,46,,50 ,"SUB IN by DARST,DANIEL",,,"SUB IN by DARST,DANIEL",1,subbing in,,rhodes,"darst,daniel",,"['moore,myles', 'marder,nick', 'hirsh,elijah', 'mccloud,alton', 'johnson,caleb']","['de,nick', 'evans,andrew', 'samson,vaughn', 'swift,dj', 'weatherford,mitch', 'grubbs,coby', 'love,kerry', 'feria,nick de', 'darst,daniel']",188
451,0864,Rhodes,Berry,1,102-114,"59,55","54,48",7-6; 1-1 SAA,5-8; 0-2 SAA,N/A,N/A,01/05/18,8:00 PM,N/A,"Memphis, Tenn.",Win,2,False,127,False,03:08,,46,,50 ,"SUB IN by BERRY,BRYCE",,,"SUB IN by BERRY,BRYCE",1,subbing in,,rhodes,"berry,bryce",,"['moore,myles', 'marder,nick', 'hirsh,elijah', 'mccloud,alton', 'johnson,caleb']","['de,nick', 'evans,andrew', 'samson,vaughn', 'swift,dj', 'weatherford,mitch', 'grubbs,coby', 'love,kerry', 'feria,nick de', 'darst,daniel', 'berry,bryce']",188
452,0864,Rhodes,Berry,1,102-114,"59,55","54,48",7-6; 1-1 SAA,5-8; 0-2 SAA,N/A,N/A,01/05/18,8:00 PM,N/A,"Memphis, Tenn.",Win,2,False,127,False,03:08,,46,,50 ,"SUB OUT by GIROUX,PRESTON",,,"SUB OUT by GIROUX,PRESTON",1,subbing out,,rhodes,"giroux,preston",,"['moore,myles', 'marder,nick', 'hirsh,elijah', 'mccloud,alton', 'johnson,caleb']","['de,nick', 'evans,andrew', 'samson,vaughn', 'swift,dj', 'weatherford,mitch', 'grubbs,coby', 'love,kerry', 'feria,nick de', 'darst,daniel', 'berry,bryce']",188
453,0864,Rhodes,Berry,1,102-114,"59,55","54,48",7-6; 1-1 SAA,5-8; 0-2 SAA,N/A,N/A,01/05/18,8:00 PM,N/A,"Memphis, Tenn.",Win,2,False,127,False,03:08,,46,,50 ,"SUB OUT by EVANS,ANDREW",,,"SUB OUT by EVANS,ANDREW",1,subbing out,,rhodes,"evans,andrew",,"['moore,myles', 'marder,nick', 'hirsh,elijah', 'mccloud,alton', 'johnson,caleb']","['de,nick', 'evans,andrew', 'samson,vaughn', 'swift,dj', 'weatherford,mitch', 'grubbs,coby', 'love,kerry', 'feria,nick de', 'darst,daniel', 'berry,bryce']",188
454,0864,Rhodes,Berry,1,102-114,"59,55","54,48",7-6; 1-1 SAA,5-8; 0-2 SAA,N/A,N/A,01/05/18,8:00 PM,N/A,"Memphis, Tenn.",Win,2,False,127,False,03:08,,46,,50 ,"SUB OUT by SAMSON,VAUGHN",,,"SUB OUT by SAMSON,VAUGHN",1,subbing out,,rhodes,"samson,vaughn",,"['moore,myles', 'marder,nick', 'hirsh,elijah', 'mccloud,alton', 'johnson,caleb']","['de,nick', 'evans,andrew', 'swift,dj', 'weatherford,mitch', 'grubbs,coby', 'love,kerry', 'feria,nick de', 'darst,daniel', 'berry,bryce']",188
455,0864,Rhodes,Berry,1,102-114,"59,55","54,48",7-6; 1-1 SAA,5-8; 0-2 SAA,N/A,N/A,01/05/18,8:00 PM,N/A,"Memphis, Tenn.",Win,2,False,127,False,03:08,,46,,50 ,"SUB OUT by SWIFT,DJ",,,"SUB OUT by SWIFT,DJ",1,subbing out,,rhodes,"swift,dj",,"['moore,myles', 'marder,nick', 'hirsh,elijah', 'mccloud,alton', 'johnson,caleb']","['de,nick', 'evans,andrew', 'weatherford,mitch', 'grubbs,coby', 'love,kerry', 'feria,nick de', 'darst,daniel', 'berry,bryce']",188
456,0864,Rhodes,Berry,1,102-114,"59,55","54,48",7-6; 1-1 SAA,5-8; 0-2 SAA,N/A,N/A,01/05/18,8:00 PM,N/A,"Memphis, Tenn.",Win,2,False,127,False,03:08,,46,,50 ,"SUB OUT by WEATHERFORD,MITCH",,,"SUB OUT by WEATHERFORD,MITCH",1,subbing out,,rhodes,"weatherford,mitch",,"['moore,myles', 'marder,nick', 'hirsh,elijah', 'mccloud,alton', 'johnson,caleb']","['de,nick', 'evans,andrew', 'grubbs,coby', 'love,kerry', 'feria,nick de', 'darst,daniel', 'berry,bryce']",188
457,0864,Rhodes,Berry,1,102-114,"59,55","54,48",7-6; 1-1 SAA,5-8; 0-2 SAA,N/A,N/A,01/05/18,8:00 PM,N/A,"Memphis, Tenn.",Win,2,False,127,False,03:06,"TURNOVER  by MOORE,MYLES",46,,50 ,,,,"TURNOVER  by MOORE,MYLES",1,turnover,,berry,"moore,myles",,"['moore,myles', 'marder,nick', 'hirsh,elijah', 'mccloud,alton', 'johnson,caleb']","['de,nick', 'evans,andrew', 'grubbs,coby', 'love,kerry', 'feria,nick de', 'darst,daniel', 'berry,bryce']",186
458,0864,Rhodes,Berry,1,102-114,"59,55","54,48",7-6; 1-1 SAA,5-8; 0-2 SAA,N/A,N/A,01/05/18,8:00 PM,N/A,"Memphis, Tenn.",Win,2,False,127,False,03:05,,46,,50 ,"STEAL  by BERRY,BRYCE",,,"STEAL  by BERRY,BRYCE",1,steal,,rhodes,,,"['moore,myles', 'marder,nick', 'hirsh,elijah', 'mccloud,alton', 'johnson,caleb']","['de,nick', 'evans,andrew', 'grubbs,coby', 'love,kerry', 'feria,nick de', 'darst,daniel', 'berry,bryce']",185
459,0864,Rhodes,Berry,1,102-114,"59,55","54,48",7-6; 1-1 SAA,5-8; 0-2 SAA,N/A,N/A,01/05/18,8:00 PM,N/A,"Memphis, Tenn.",Win,2,False,127,False,02:58,,46,,50 ,"TURNOVER  by FERIA,NICK DE",,,"TURNOVER  by FERIA,NICK DE",1,turnover,,rhodes,"feria,nick de",,"['moore,myles', 'marder,nick', 'hirsh,elijah', 'mccloud,alton', 'johnson,caleb']","['de,nick', 'evans,andrew', 'grubbs,coby', 'love,kerry', 'feria,nick de', 'darst,daniel', 'berry,bryce']",178
460,0864,Rhodes,Berry,1,102-114,"59,55","54,48",7-6; 1-1 SAA,5-8; 0-2 SAA,N/A,N/A,01/05/18,8:00 PM,N/A,"Memphis, Tenn.",Win,2,False,127,False,02:58,"SUB IN by ATKINSON,QUINN",46,,50 ,,,,"SUB IN by ATKINSON,QUINN",1,subbing in,,berry,"atkinson,quinn",,"['moore,myles', 'marder,nick', 'hirsh,elijah', 'mccloud,alton', 'johnson,caleb', 'atkinson,quinn']","['de,nick', 'evans,andrew', 'grubbs,coby', 'love,kerry', 'feria,nick de', 'darst,daniel', 'berry,bryce']",178
461,0864,Rhodes,Berry,1,102-114,"59,55","54,48",7-6; 1-1 SAA,5-8; 0-2 SAA,N/A,N/A,01/05/18,8:00 PM,N/A,"Memphis, Tenn.",Win,2,False,127,False,02:58,"SUB OUT by MOORE,MYLES",46,,50 ,,,,"SUB OUT by MOORE,MYLES",1,subbing out,,berry,"moore,myles",,"['marder,nick', 'hirsh,elijah', 'mccloud,alton', 'johnson,caleb', 'atkinson,quinn']","['de,nick', 'evans,andrew', 'grubbs,coby', 'love,kerry', 'feria,nick de', 'darst,daniel', 'berry,bryce']",178
462,0864,Rhodes,Berry,1,102-114,"59,55","54,48",7-6; 1-1 SAA,5-8; 0-2 SAA,N/A,N/A,01/05/18,8:00 PM,N/A,"Memphis, Tenn.",Win,2,False,127,False,02:52,"GOOD LAYUP by HIRSH,ELIJAH(fastbreak)(in the paint)",48,,50 ,,BCM 48-50 (-2),,"GOOD LAYUP by HIRSH,ELIJAH(fastbreak)(in the paint)",1,layup,good,berry,"hirsh,elijah(fastbreak)",2,"['marder,nick', 'hirsh,elijah', 'mccloud,alton', 'johnson,caleb', 'atkinson,quinn']","['de,nick', 'evans,andrew', 'grubbs,coby', 'love,kerry', 'feria,nick de', 'darst,daniel', 'berry,bryce']",172
463,0864,Rhodes,Berry,1,102-114,"59,55","54,48",7-6; 1-1 SAA,5-8; 0-2 SAA,N/A,N/A,01/05/18,8:00 PM,N/A,"Memphis, Tenn.",Win,2,False,127,False,--,"ASSIST  by JOHNSON,CALEB",48,,50 ,,,,"ASSIST  by JOHNSON,CALEB",1,assist,,berry,"johnson,caleb",,"['marder,nick', 'hirsh,elijah', 'mccloud,alton', 'johnson,caleb', 'atkinson,quinn']","['de,nick', 'evans,andrew', 'grubbs,coby', 'love,kerry', 'feria,nick de', 'darst,daniel', 'berry,bryce']",
464,0864,Rhodes,Berry,1,102-114,"59,55","54,48",7-6; 1-1 SAA,5-8; 0-2 SAA,N/A,N/A,01/05/18,8:00 PM,N/A,"Memphis, Tenn.",Win,2,False,127,False,02:24,,48,,50 ,"MISS JUMPER by DARST,DANIEL",,,"MISS JUMPER by DARST,DANIEL",1,jumper,missed,rhodes,"darst,daniel",,"['marder,nick', 'hirsh,elijah', 'mccloud,alton', 'johnson,caleb', 'atkinson,quinn']","['de,nick', 'evans,andrew', 'grubbs,coby', 'love,kerry', 'feria,nick de', 'darst,daniel', 'berry,bryce']",144
465,0864,Rhodes,Berry,1,102-114,"59,55","54,48",7-6; 1-1 SAA,5-8; 0-2 SAA,N/A,N/A,01/05/18,8:00 PM,N/A,"Memphis, Tenn.",Win,2,False,127,False,02:24,"BLOCK  by HIRSH,ELIJAH",48,,50 ,,,,"BLOCK  by HIRSH,ELIJAH",1,block,,berry,"hirsh,elijah",,"['marder,nick', 'hirsh,elijah', 'mccloud,alton', 'johnson,caleb', 'atkinson,quinn']","['de,nick', 'evans,andrew', 'grubbs,coby', 'love,kerry', 'feria,nick de', 'darst,daniel', 'berry,bryce']",144
466,0864,Rhodes,Berry,1,102-114,"59,55","54,48",7-6; 1-1 SAA,5-8; 0-2 SAA,N/A,N/A,01/05/18,8:00 PM,N/A,"Memphis, Tenn.",Win,2,False,127,False,--,"REBOUND DEF by MARDER,NICK",48,,50 ,,,,"REBOUND DEF by MARDER,NICK",1,defensive rebound,,berry,"marder,nick",,"['marder,nick', 'hirsh,elijah', 'mccloud,alton', 'johnson,caleb', 'atkinson,quinn']","['de,nick', 'evans,andrew', 'grubbs,coby', 'love,kerry', 'feria,nick de', 'darst,daniel', 'berry,bryce']",
467,0864,Rhodes,Berry,1,102-114,"59,55","54,48",7-6; 1-1 SAA,5-8; 0-2 SAA,N/A,N/A,01/05/18,8:00 PM,N/A,"Memphis, Tenn.",Win,2,False,127,False,02:14,"GOOD JUMPER by MCCLOUD,ALTON(in the paint)",50,,50,,BCM 50-50 (0),,"GOOD JUMPER by MCCLOUD,ALTON(in the paint)",1,jumper,good,berry,"mccloud,alton",2,"['marder,nick', 'hirsh,elijah', 'mccloud,alton', 'johnson,caleb', 'atkinson,quinn']","['de,nick', 'evans,andrew', 'grubbs,coby', 'love,kerry', 'feria,nick de', 'darst,daniel', 'berry,bryce']",134
468,0864,Rhodes,Berry,1,102-114,"59,55","54,48",7-6; 1-1 SAA,5-8; 0-2 SAA,N/A,N/A,01/05/18,8:00 PM,N/A,"Memphis, Tenn.",Win,2,False,127,False,--,"ASSIST  by ATKINSON,QUINN",50,,50,,,,"ASSIST  by ATKINSON,QUINN",1,assist,,berry,"atkinson,quinn",,"['marder,nick', 'hirsh,elijah', 'mccloud,alton', 'johnson,caleb', 'atkinson,quinn']","['de,nick', 'evans,andrew', 'grubbs,coby', 'love,kerry', 'feria,nick de', 'darst,daniel', 'berry,bryce']",
469,0864,Rhodes,Berry,1,102-114,"59,55","54,48",7-6; 1-1 SAA,5-8; 0-2 SAA,N/A,N/A,01/05/18,8:00 PM,N/A,"Memphis, Tenn.",Win,2,False,127,False,02:02,"FOUL  by JOHNSON,CALEB",50,,50,,,,"FOUL  by JOHNSON,CALEB",1,foul,,berry,"johnson,caleb",,"['marder,nick', 'hirsh,elijah', 'mccloud,alton', 'johnson,caleb', 'atkinson,quinn']","['de,nick', 'evans,andrew', 'grubbs,coby', 'love,kerry', 'feria,nick de', 'darst,daniel', 'berry,bryce']",122
470,0864,Rhodes,Berry,1,102-114,"59,55","54,48",7-6; 1-1 SAA,5-8; 0-2 SAA,N/A,N/A,01/05/18,8:00 PM,N/A,"Memphis, Tenn.",Win,2,False,127,False,02:02,,50,,51 ,"GOOD FT by LOVE,KERRY",RHODES 50-51 (-1),,"GOOD FT by LOVE,KERRY",1,free throw,good,rhodes,"love,kerry",1,"['marder,nick', 'hirsh,elijah', 'mccloud,alton', 'johnson,caleb', 'atkinson,quinn']","['de,nick', 'evans,andrew', 'grubbs,coby', 'love,kerry', 'feria,nick de', 'darst,daniel', 'berry,bryce']",122
471,0864,Rhodes,Berry,1,102-114,"59,55","54,48",7-6; 1-1 SAA,5-8; 0-2 SAA,N/A,N/A,01/05/18,8:00 PM,N/A,"Memphis, Tenn.",Win,2,False,127,False,02:02,,50,,51 ,"MISS FT by LOVE,KERRY",,,"MISS FT by LOVE,KERRY",1,free throw,missed,rhodes,"love,kerry",,"['marder,nick', 'hirsh,elijah', 'mccloud,alton', 'johnson,caleb', 'atkinson,quinn']","['de,nick', 'evans,andrew', 'grubbs,coby', 'love,kerry', 'feria,nick de', 'darst,daniel', 'berry,bryce']",122
472,0864,Rhodes,Berry,1,102-114,"59,55","54,48",7-6; 1-1 SAA,5-8; 0-2 SAA,N/A,N/A,01/05/18,8:00 PM,N/A,"Memphis, Tenn.",Win,2,False,127,False,--,"REBOUND DEF by HIRSH,ELIJAH",50,,51 ,,,,"REBOUND DEF by HIRSH,ELIJAH",1,defensive rebound,,berry,"hirsh,elijah",,"['marder,nick', 'hirsh,elijah', 'mccloud,alton', 'johnson,caleb', 'atkinson,quinn']","['de,nick', 'evans,andrew', 'grubbs,coby', 'love,kerry', 'feria,nick de', 'darst,daniel', 'berry,bryce']",
473,0864,Rhodes,Berry,1,102-114,"59,55","54,48",7-6; 1-1 SAA,5-8; 0-2 SAA,N/A,N/A,01/05/18,8:00 PM,N/A,"Memphis, Tenn.",Win,2,False,127,False,02:02,"SUB IN by SUMMERVILLE,MARK",50,,51 ,,,,"SUB IN by SUMMERVILLE,MARK",1,subbing in,,berry,"summerville,mark",,"['marder,nick', 'hirsh,elijah', 'mccloud,alton', 'johnson,caleb', 'atkinson,quinn', 'summerville,mark']","['de,nick', 'evans,andrew', 'grubbs,coby', 'love,kerry', 'feria,nick de', 'darst,daniel', 'berry,bryce']",122
474,0864,Rhodes,Berry,1,102-114,"59,55","54,48",7-6; 1-1 SAA,5-8; 0-2 SAA,N/A,N/A,01/05/18,8:00 PM,N/A,"Memphis, Tenn.",Win,2,False,127,False,02:02,"SUB OUT by MARDER,NICK",50,,51 ,,,,"SUB OUT by MARDER,NICK",1,subbing out,,berry,"marder,nick",,"['hirsh,elijah', 'mccloud,alton', 'johnson,caleb', 'atkinson,quinn', 'summerville,mark']","['de,nick', 'evans,andrew', 'grubbs,coby', 'love,kerry', 'feria,nick de', 'darst,daniel', 'berry,bryce']",122
475,0864,Rhodes,Berry,1,102-114,"59,55","54,48",7-6; 1-1 SAA,5-8; 0-2 SAA,N/A,N/A,01/05/18,8:00 PM,N/A,"Memphis, Tenn.",Win,2,False,127,False,02:02,,50,,51 ,"SUB IN by GALVIN,OWEN",,,"SUB IN by GALVIN,OWEN",1,subbing in,,rhodes,"galvin,owen",,"['hirsh,elijah', 'mccloud,alton', 'johnson,caleb', 'atkinson,quinn', 'summerville,mark']","['de,nick', 'evans,andrew', 'grubbs,coby', 'love,kerry', 'feria,nick de', 'darst,daniel', 'berry,bryce', 'galvin,owen']",122
476,0864,Rhodes,Berry,1,102-114,"59,55","54,48",7-6; 1-1 SAA,5-8; 0-2 SAA,N/A,N/A,01/05/18,8:00 PM,N/A,"Memphis, Tenn.",Win,2,False,127,False,02:02,,50,,51 ,"SUB IN by MCINTYRE,WILLIAM",,,"SUB IN by MCINTYRE,WILLIAM",1,subbing in,,rhodes,"mcintyre,william",,"['hirsh,elijah', 'mccloud,alton', 'johnson,caleb', 'atkinson,quinn', 'summerville,mark']","['de,nick', 'evans,andrew', 'grubbs,coby', 'love,kerry', 'feria,nick de', 'darst,daniel', 'berry,bryce', 'galvin,owen', 'mcintyre,william']",122
477,0864,Rhodes,Berry,1,102-114,"59,55","54,48",7-6; 1-1 SAA,5-8; 0-2 SAA,N/A,N/A,01/05/18,8:00 PM,N/A,"Memphis, Tenn.",Win,2,False,127,False,02:02,,50,,51 ,"SUB IN by NESTLEHUTT,JAKE",,,"SUB IN by NESTLEHUTT,JAKE",1,subbing in,,rhodes,"nestlehutt,jake",,"['hirsh,elijah', 'mccloud,alton', 'johnson,caleb', 'atkinson,quinn', 'summerville,mark']","['de,nick', 'evans,andrew', 'grubbs,coby', 'love,kerry', 'feria,nick de', 'darst,daniel', 'berry,bryce', 'galvin,owen', 'mcintyre,william', 'nestlehutt,jake']",122
478,0864,Rhodes,Berry,1,102-114,"59,55","54,48",7-6; 1-1 SAA,5-8; 0-2 SAA,N/A,N/A,01/05/18,8:00 PM,N/A,"Memphis, Tenn.",Win,2,False,127,False,02:02,,50,,51 ,"SUB IN by DALTON,PRICE",,,"SUB IN by DALTON,PRICE",1,subbing in,,rhodes,"dalton,price",,"['hirsh,elijah', 'mccloud,alton', 'johnson,caleb', 'atkinson,quinn', 'summerville,mark']","['de,nick', 'evans,andrew', 'grubbs,coby', 'love,kerry', 'feria,nick de', 'darst,daniel', 'berry,bryce', 'galvin,owen', 'mcintyre,william', 'nestlehutt,jake', 'dalton,price']",122
479,0864,Rhodes,Berry,1,102-114,"59,55","54,48",7-6; 1-1 SAA,5-8; 0-2 SAA,N/A,N/A,01/05/18,8:00 PM,N/A,"Memphis, Tenn.",Win,2,False,127,False,02:02,,50,,51 ,"SUB OUT by FERIA,NICK DE",,,"SUB OUT by FERIA,NICK DE",1,subbing out,,rhodes,"feria,nick de",,"['hirsh,elijah', 'mccloud,alton', 'johnson,caleb', 'atkinson,quinn', 'summerville,mark']","['de,nick', 'evans,andrew', 'grubbs,coby', 'love,kerry', 'darst,daniel', 'berry,bryce', 'galvin,owen', 'mcintyre,william', 'nestlehutt,jake', 'dalton,price']",122
480,0864,Rhodes,Berry,1,102-114,"59,55","54,48",7-6; 1-1 SAA,5-8; 0-2 SAA,N/A,N/A,01/05/18,8:00 PM,N/A,"Memphis, Tenn.",Win,2,False,127,False,02:02,,50,,51 ,"SUB OUT by DARST,DANIEL",,,"SUB OUT by DARST,DANIEL",1,subbing out,,rhodes,"darst,daniel",,"['hirsh,elijah', 'mccloud,alton', 'johnson,caleb', 'atkinson,quinn', 'summerville,mark']","['de,nick', 'evans,andrew', 'grubbs,coby', 'love,kerry', 'berry,bryce', 'galvin,owen', 'mcintyre,william', 'nestlehutt,jake', 'dalton,price']",122
481,0864,Rhodes,Berry,1,102-114,"59,55","54,48",7-6; 1-1 SAA,5-8; 0-2 SAA,N/A,N/A,01/05/18,8:00 PM,N/A,"Memphis, Tenn.",Win,2,False,127,False,02:02,,50,,51 ,"SUB OUT by BERRY,BRYCE",,,"SUB OUT by BERRY,BRYCE",1,subbing out,,rhodes,"berry,bryce",,"['hirsh,elijah', 'mccloud,alton', 'johnson,caleb', 'atkinson,quinn', 'summerville,mark']","['de,nick', 'evans,andrew', 'grubbs,coby', 'love,kerry', 'galvin,owen', 'mcintyre,william', 'nestlehutt,jake', 'dalton,price']",122
482,0864,Rhodes,Berry,1,102-114,"59,55","54,48",7-6; 1-1 SAA,5-8; 0-2 SAA,N/A,N/A,01/05/18,8:00 PM,N/A,"Memphis, Tenn.",Win,2,False,127,False,02:02,,50,,51 ,"SUB OUT by GRUBBS,COBY",,,"SUB OUT by GRUBBS,COBY",1,subbing out,,rhodes,"grubbs,coby",,"['hirsh,elijah', 'mccloud,alton', 'johnson,caleb', 'atkinson,quinn', 'summerville,mark']","['de,nick', 'evans,andrew', 'love,kerry', 'galvin,owen', 'mcintyre,william', 'nestlehutt,jake', 'dalton,price']",122
483,0864,Rhodes,Berry,1,102-114,"59,55","54,48",7-6; 1-1 SAA,5-8; 0-2 SAA,N/A,N/A,01/05/18,8:00 PM,N/A,"Memphis, Tenn.",Win,2,False,127,False,01:49,,50,,51 ,"FOUL  by GALVIN,OWEN",,,"FOUL  by GALVIN,OWEN",1,foul,,rhodes,"galvin,owen",,"['hirsh,elijah', 'mccloud,alton', 'johnson,caleb', 'atkinson,quinn', 'summerville,mark']","['de,nick', 'evans,andrew', 'love,kerry', 'galvin,owen', 'mcintyre,william', 'nestlehutt,jake', 'dalton,price']",109
484,0864,Rhodes,Berry,1,102-114,"59,55","54,48",7-6; 1-1 SAA,5-8; 0-2 SAA,N/A,N/A,01/05/18,8:00 PM,N/A,"Memphis, Tenn.",Win,2,False,127,False,01:49,"GOOD FT by JOHNSON,CALEB",51,,51,,BCM 51-51 (0),,"GOOD FT by JOHNSON,CALEB",1,free throw,good,berry,"johnson,caleb",1,"['hirsh,elijah', 'mccloud,alton', 'johnson,caleb', 'atkinson,quinn', 'summerville,mark']","['de,nick', 'evans,andrew', 'love,kerry', 'galvin,owen', 'mcintyre,william', 'nestlehutt,jake', 'dalton,price']",109
485,0864,Rhodes,Berry,1,102-114,"59,55","54,48",7-6; 1-1 SAA,5-8; 0-2 SAA,N/A,N/A,01/05/18,8:00 PM,N/A,"Memphis, Tenn.",Win,2,False,127,False,01:49,"GOOD FT by JOHNSON,CALEB",52 ,,51,,BCM 52-51 (+1),,"GOOD FT by JOHNSON,CALEB",1,free throw,good,berry,"johnson,caleb",1,"['hirsh,elijah', 'mccloud,alton', 'johnson,caleb', 'atkinson,quinn', 'summerville,mark']","['de,nick', 'evans,andrew', 'love,kerry', 'galvin,owen', 'mcintyre,william', 'nestlehutt,jake', 'dalton,price']",109
486,0864,Rhodes,Berry,1,102-114,"59,55","54,48",7-6; 1-1 SAA,5-8; 0-2 SAA,N/A,N/A,01/05/18,8:00 PM,N/A,"Memphis, Tenn.",Win,2,False,127,False,01:49,"SUB IN by CLARK,ETHAN",52 ,,51,,,,"SUB IN by CLARK,ETHAN",1,subbing in,,berry,"clark,ethan",,"['hirsh,elijah', 'mccloud,alton', 'johnson,caleb', 'atkinson,quinn', 'summerville,mark', 'clark,ethan']","['de,nick', 'evans,andrew', 'love,kerry', 'galvin,owen', 'mcintyre,william', 'nestlehutt,jake', 'dalton,price']",109
487,0864,Rhodes,Berry,1,102-114,"59,55","54,48",7-6; 1-1 SAA,5-8; 0-2 SAA,N/A,N/A,01/05/18,8:00 PM,N/A,"Memphis, Tenn.",Win,2,False,127,False,01:49,"SUB OUT by JOHNSON,CALEB",52 ,,51,,,,"SUB OUT by JOHNSON,CALEB",1,subbing out,,berry,"johnson,caleb",,"['hirsh,elijah', 'mccloud,alton', 'atkinson,quinn', 'summerville,mark', 'clark,ethan']","['de,nick', 'evans,andrew', 'love,kerry', 'galvin,owen', 'mcintyre,william', 'nestlehutt,jake', 'dalton,price']",109
488,0864,Rhodes,Berry,1,102-114,"59,55","54,48",7-6; 1-1 SAA,5-8; 0-2 SAA,N/A,N/A,01/05/18,8:00 PM,N/A,"Memphis, Tenn.",Win,2,False,127,False,01:49,,52 ,,51,"SUB IN by NYAWATA,ANESU",,,"SUB IN by NYAWATA,ANESU",1,subbing in,,rhodes,"nyawata,anesu",,"['hirsh,elijah', 'mccloud,alton', 'atkinson,quinn', 'summerville,mark', 'clark,ethan']","['de,nick', 'evans,andrew', 'love,kerry', 'galvin,owen', 'mcintyre,william', 'nestlehutt,jake', 'dalton,price', 'nyawata,anesu']",109
489,0864,Rhodes,Berry,1,102-114,"59,55","54,48",7-6; 1-1 SAA,5-8; 0-2 SAA,N/A,N/A,01/05/18,8:00 PM,N/A,"Memphis, Tenn.",Win,2,False,127,False,01:49,,52 ,,51,"SUB OUT by LOVE,KERRY",,,"SUB OUT by LOVE,KERRY",1,subbing out,,rhodes,"love,kerry",,"['hirsh,elijah', 'mccloud,alton', 'atkinson,quinn', 'summerville,mark', 'clark,ethan']","['de,nick', 'evans,andrew', 'galvin,owen', 'mcintyre,william', 'nestlehutt,jake', 'dalton,price', 'nyawata,anesu']",109
490,0864,Rhodes,Berry,1,102-114,"59,55","54,48",7-6; 1-1 SAA,5-8; 0-2 SAA,N/A,N/A,01/05/18,8:00 PM,N/A,"Memphis, Tenn.",Win,2,False,127,False,01:21,,52,,53 ,"GOOD JUMPER by MCINTYRE,WILLIAM(in the paint)",RHODES 52-53 (-1),,"GOOD JUMPER by MCINTYRE,WILLIAM(in the paint)",1,jumper,good,rhodes,"mcintyre,william",2,"['hirsh,elijah', 'mccloud,alton', 'atkinson,quinn', 'summerville,mark', 'clark,ethan']","['de,nick', 'evans,andrew', 'galvin,owen', 'mcintyre,william', 'nestlehutt,jake', 'dalton,price', 'nyawata,anesu']",81
491,0864,Rhodes,Berry,1,102-114,"59,55","54,48",7-6; 1-1 SAA,5-8; 0-2 SAA,N/A,N/A,01/05/18,8:00 PM,N/A,"Memphis, Tenn.",Win,2,False,127,False,01:13,,52,,53 ,"FOUL  by MCINTYRE,WILLIAM",,,"FOUL  by MCINTYRE,WILLIAM",1,foul,,rhodes,"mcintyre,william",,"['hirsh,elijah', 'mccloud,alton', 'atkinson,quinn', 'summerville,mark', 'clark,ethan']","['de,nick', 'evans,andrew', 'galvin,owen', 'mcintyre,william', 'nestlehutt,jake', 'dalton,price', 'nyawata,anesu']",73
492,0864,Rhodes,Berry,1,102-114,"59,55","54,48",7-6; 1-1 SAA,5-8; 0-2 SAA,N/A,N/A,01/05/18,8:00 PM,N/A,"Memphis, Tenn.",Win,2,False,127,False,01:13,"GOOD FT by HIRSH,ELIJAH",53,,53,,BCM 53-53 (0),,"GOOD FT by HIRSH,ELIJAH",1,free throw,good,berry,"hirsh,elijah",1,"['hirsh,elijah', 'mccloud,alton', 'atkinson,quinn', 'summerville,mark', 'clark,ethan']","['de,nick', 'evans,andrew', 'galvin,owen', 'mcintyre,william', 'nestlehutt,jake', 'dalton,price', 'nyawata,anesu']",73
493,0864,Rhodes,Berry,1,102-114,"59,55","54,48",7-6; 1-1 SAA,5-8; 0-2 SAA,N/A,N/A,01/05/18,8:00 PM,N/A,"Memphis, Tenn.",Win,2,False,127,False,01:13,"GOOD FT by HIRSH,ELIJAH",54 ,,53,,BCM 54-53 (+1),,"GOOD FT by HIRSH,ELIJAH",1,free throw,good,berry,"hirsh,elijah",1,"['hirsh,elijah', 'mccloud,alton', 'atkinson,quinn', 'summerville,mark', 'clark,ethan']","['de,nick', 'evans,andrew', 'galvin,owen', 'mcintyre,william', 'nestlehutt,jake', 'dalton,price', 'nyawata,anesu']",73
494,0864,Rhodes,Berry,1,102-114,"59,55","54,48",7-6; 1-1 SAA,5-8; 0-2 SAA,N/A,N/A,01/05/18,8:00 PM,N/A,"Memphis, Tenn.",Win,2,False,127,False,01:13,,54 ,,53,"SUB IN by EVANS,ANDREW",,,"SUB IN by EVANS,ANDREW",1,subbing in,,rhodes,"evans,andrew",,"['hirsh,elijah', 'mccloud,alton', 'atkinson,quinn', 'summerville,mark', 'clark,ethan']","['de,nick', 'evans,andrew', 'galvin,owen', 'mcintyre,william', 'nestlehutt,jake', 'dalton,price', 'nyawata,anesu']",73
495,0864,Rhodes,Berry,1,102-114,"59,55","54,48",7-6; 1-1 SAA,5-8; 0-2 SAA,N/A,N/A,01/05/18,8:00 PM,N/A,"Memphis, Tenn.",Win,2,False,127,False,01:13,,54 ,,53,"SUB IN by GIROUX,PRESTON",,,"SUB IN by GIROUX,PRESTON",1,subbing in,,rhodes,"giroux,preston",,"['hirsh,elijah', 'mccloud,alton', 'atkinson,quinn', 'summerville,mark', 'clark,ethan']","['de,nick', 'evans,andrew', 'galvin,owen', 'mcintyre,william', 'nestlehutt,jake', 'dalton,price', 'nyawata,anesu']",73
496,0864,Rhodes,Berry,1,102-114,"59,55","54,48",7-6; 1-1 SAA,5-8; 0-2 SAA,N/A,N/A,01/05/18,8:00 PM,N/A,"Memphis, Tenn.",Win,2,False,127,False,01:13,,54 ,,53,"SUB IN by SAMSON,VAUGHN",,,"SUB IN by SAMSON,VAUGHN",1,subbing in,,rhodes,"samson,vaughn",,"['hirsh,elijah', 'mccloud,alton', 'atkinson,quinn', 'summerville,mark', 'clark,ethan']","['de,nick', 'evans,andrew', 'galvin,owen', 'mcintyre,william', 'nestlehutt,jake', 'dalton,price', 'nyawata,anesu', 'samson,vaughn']",73
497,0864,Rhodes,Berry,1,102-114,"59,55","54,48",7-6; 1-1 SAA,5-8; 0-2 SAA,N/A,N/A,01/05/18,8:00 PM,N/A,"Memphis, Tenn.",Win,2,False,127,False,01:13,,54 ,,53,"SUB IN by SWIFT,DJ",,,"SUB IN by SWIFT,DJ",1,subbing in,,rhodes,"swift,dj",,"['hirsh,elijah', 'mccloud,alton', 'atkinson,quinn', 'summerville,mark', 'clark,ethan']","['de,nick', 'evans,andrew', 'galvin,owen', 'mcintyre,william', 'nestlehutt,jake', 'dalton,price', 'nyawata,anesu', 'samson,vaughn', 'swift,dj']",73
498,0864,Rhodes,Berry,1,102-114,"59,55","54,48",7-6; 1-1 SAA,5-8; 0-2 SAA,N/A,N/A,01/05/18,8:00 PM,N/A,"Memphis, Tenn.",Win,2,False,127,False,01:13,,54 ,,53,"SUB IN by WEATHERFORD,MITCH",,,"SUB IN by WEATHERFORD,MITCH",1,subbing in,,rhodes,"weatherford,mitch",,"['hirsh,elijah', 'mccloud,alton', 'atkinson,quinn', 'summerville,mark', 'clark,ethan']","['de,nick', 'evans,andrew', 'galvin,owen', 'mcintyre,william', 'nestlehutt,jake', 'dalton,price', 'nyawata,anesu', 'samson,vaughn', 'swift,dj', 'weatherford,mitch']",73
499,0864,Rhodes,Berry,1,102-114,"59,55","54,48",7-6; 1-1 SAA,5-8; 0-2 SAA,N/A,N/A,01/05/18,8:00 PM,N/A,"Memphis, Tenn.",Win,2,False,127,False,01:13,,54 ,,53,"SUB OUT by GALVIN,OWEN",,,"SUB OUT by GALVIN,OWEN",1,subbing out,,rhodes,"galvin,owen",,"['hirsh,elijah', 'mccloud,alton', 'atkinson,quinn', 'summerville,mark', 'clark,ethan']","['de,nick', 'evans,andrew', 'mcintyre,william', 'nestlehutt,jake', 'dalton,price', 'nyawata,anesu', 'samson,vaughn', 'swift,dj', 'weatherford,mitch']",73
500,0864,Rhodes,Berry,1,102-114,"59,55","54,48",7-6; 1-1 SAA,5-8; 0-2 SAA,N/A,N/A,01/05/18,8:00 PM,N/A,"Memphis, Tenn.",Win,2,False,127,False,01:13,,54 ,,53,"SUB OUT by MCINTYRE,WILLIAM",,,"SUB OUT by MCINTYRE,WILLIAM",1,subbing out,,rhodes,"mcintyre,william",,"['hirsh,elijah', 'mccloud,alton', 'atkinson,quinn', 'summerville,mark', 'clark,ethan']","['de,nick', 'evans,andrew', 'nestlehutt,jake', 'dalton,price', 'nyawata,anesu', 'samson,vaughn', 'swift,dj', 'weatherford,mitch']",73
501,0864,Rhodes,Berry,1,102-114,"59,55","54,48",7-6; 1-1 SAA,5-8; 0-2 SAA,N/A,N/A,01/05/18,8:00 PM,N/A,"Memphis, Tenn.",Win,2,False,127,False,01:13,,54 ,,53,"SUB OUT by NESTLEHUTT,JAKE",,,"SUB OUT by NESTLEHUTT,JAKE",1,subbing out,,rhodes,"nestlehutt,jake",,"['hirsh,elijah', 'mccloud,alton', 'atkinson,quinn', 'summerville,mark', 'clark,ethan']","['de,nick', 'evans,andrew', 'dalton,price', 'nyawata,anesu', 'samson,vaughn', 'swift,dj', 'weatherford,mitch']",73
502,0864,Rhodes,Berry,1,102-114,"59,55","54,48",7-6; 1-1 SAA,5-8; 0-2 SAA,N/A,N/A,01/05/18,8:00 PM,N/A,"Memphis, Tenn.",Win,2,False,127,False,01:13,,54 ,,53,"SUB OUT by NYAWATA,ANESU",,,"SUB OUT by NYAWATA,ANESU",1,subbing out,,rhodes,"nyawata,anesu",,"['hirsh,elijah', 'mccloud,alton', 'atkinson,quinn', 'summerville,mark', 'clark,ethan']","['de,nick', 'evans,andrew', 'dalton,price', 'samson,vaughn', 'swift,dj', 'weatherford,mitch']",73
503,0864,Rhodes,Berry,1,102-114,"59,55","54,48",7-6; 1-1 SAA,5-8; 0-2 SAA,N/A,N/A,01/05/18,8:00 PM,N/A,"Memphis, Tenn.",Win,2,False,127,False,01:13,,54 ,,53,"SUB OUT by DALTON,PRICE",,,"SUB OUT by DALTON,PRICE",1,subbing out,,rhodes,"dalton,price",,"['hirsh,elijah', 'mccloud,alton', 'atkinson,quinn', 'summerville,mark', 'clark,ethan']","['de,nick', 'evans,andrew', 'samson,vaughn', 'swift,dj', 'weatherford,mitch']",73
504,0864,Rhodes,Berry,1,102-114,"59,55","54,48",7-6; 1-1 SAA,5-8; 0-2 SAA,N/A,N/A,01/05/18,8:00 PM,N/A,"Memphis, Tenn.",Win,2,False,127,False,00:57,,54,,55 ,"GOOD LAYUP by SWIFT,DJ(in the paint)",RHODES 54-55 (-1),,"GOOD LAYUP by SWIFT,DJ(in the paint)",1,layup,good,rhodes,"swift,dj",2,"['hirsh,elijah', 'mccloud,alton', 'atkinson,quinn', 'summerville,mark', 'clark,ethan']","['de,nick', 'evans,andrew', 'samson,vaughn', 'swift,dj', 'weatherford,mitch']",57
505,0864,Rhodes,Berry,1,102-114,"59,55","54,48",7-6; 1-1 SAA,5-8; 0-2 SAA,N/A,N/A,01/05/18,8:00 PM,N/A,"Memphis, Tenn.",Win,2,False,127,False,--,,54,,55 ,"ASSIST  by EVANS,ANDREW",,,"ASSIST  by EVANS,ANDREW",1,assist,,rhodes,"evans,andrew",,"['hirsh,elijah', 'mccloud,alton', 'atkinson,quinn', 'summerville,mark', 'clark,ethan']","['de,nick', 'evans,andrew', 'samson,vaughn', 'swift,dj', 'weatherford,mitch']",
506,0864,Rhodes,Berry,1,102-114,"59,55","54,48",7-6; 1-1 SAA,5-8; 0-2 SAA,N/A,N/A,01/05/18,8:00 PM,N/A,"Memphis, Tenn.",Win,2,False,127,False,00:47,"TURNOVER  by MCCLOUD,ALTON",54,,55 ,,,,"TURNOVER  by MCCLOUD,ALTON",1,turnover,,berry,"mccloud,alton",,"['hirsh,elijah', 'mccloud,alton', 'atkinson,quinn', 'summerville,mark', 'clark,ethan']","['de,nick', 'evans,andrew', 'samson,vaughn', 'swift,dj', 'weatherford,mitch']",47
507,0864,Rhodes,Berry,1,102-114,"59,55","54,48",7-6; 1-1 SAA,5-8; 0-2 SAA,N/A,N/A,01/05/18,8:00 PM,N/A,"Memphis, Tenn.",Win,2,False,127,False,00:46,,54,,55 ,"STEAL  by EVANS,ANDREW",,,"STEAL  by EVANS,ANDREW",1,steal,,rhodes,,,"['hirsh,elijah', 'mccloud,alton', 'atkinson,quinn', 'summerville,mark', 'clark,ethan']","['de,nick', 'evans,andrew', 'samson,vaughn', 'swift,dj', 'weatherford,mitch']",46
508,0864,Rhodes,Berry,1,102-114,"59,55","54,48",7-6; 1-1 SAA,5-8; 0-2 SAA,N/A,N/A,01/05/18,8:00 PM,N/A,"Memphis, Tenn.",Win,2,False,127,False,00:44,,54,,55 ,"MISS 3PTR by SWIFT,DJ",,,"MISS 3PTR by SWIFT,DJ",1,three pointer,missed,rhodes,"swift,dj",,"['hirsh,elijah', 'mccloud,alton', 'atkinson,quinn', 'summerville,mark', 'clark,ethan']","['de,nick', 'evans,andrew', 'samson,vaughn', 'swift,dj', 'weatherford,mitch']",44
509,0864,Rhodes,Berry,1,102-114,"59,55","54,48",7-6; 1-1 SAA,5-8; 0-2 SAA,N/A,N/A,01/05/18,8:00 PM,N/A,"Memphis, Tenn.",Win,2,False,127,False,--,"REBOUND DEF by SUMMERVILLE,MARK",54,,55 ,,,,"REBOUND DEF by SUMMERVILLE,MARK",1,defensive rebound,,berry,"summerville,mark",,"['hirsh,elijah', 'mccloud,alton', 'atkinson,quinn', 'summerville,mark', 'clark,ethan']","['de,nick', 'evans,andrew', 'samson,vaughn', 'swift,dj', 'weatherford,mitch']",
510,0864,Rhodes,Berry,1,102-114,"59,55","54,48",7-6; 1-1 SAA,5-8; 0-2 SAA,N/A,N/A,01/05/18,8:00 PM,N/A,"Memphis, Tenn.",Win,2,False,127,False,00:37,"MISS 3PTR by MCCLOUD,ALTON",54,,55 ,,,,"MISS 3PTR by MCCLOUD,ALTON",1,three pointer,missed,berry,"mccloud,alton",,"['hirsh,elijah', 'mccloud,alton', 'atkinson,quinn', 'summerville,mark', 'clark,ethan']","['de,nick', 'evans,andrew', 'samson,vaughn', 'swift,dj', 'weatherford,mitch']",37
511,0864,Rhodes,Berry,1,102-114,"59,55","54,48",7-6; 1-1 SAA,5-8; 0-2 SAA,N/A,N/A,01/05/18,8:00 PM,N/A,"Memphis, Tenn.",Win,2,False,127,False,--,,54,,55 ,"REBOUND DEF by GIROUX,PRESTON",,,"REBOUND DEF by GIROUX,PRESTON",1,defensive rebound,,rhodes,"giroux,preston",,"['hirsh,elijah', 'mccloud,alton', 'atkinson,quinn', 'summerville,mark', 'clark,ethan']","['de,nick', 'evans,andrew', 'samson,vaughn', 'swift,dj', 'weatherford,mitch']",
512,0864,Rhodes,Berry,1,102-114,"59,55","54,48",7-6; 1-1 SAA,5-8; 0-2 SAA,N/A,N/A,01/05/18,8:00 PM,N/A,"Memphis, Tenn.",Win,2,False,127,False,00:27,,54,,57 ,"GOOD LAYUP by EVANS,ANDREW(in the paint)",RHODES 54-57 (-3),,"GOOD LAYUP by EVANS,ANDREW(in the paint)",1,layup,good,rhodes,"evans,andrew",2,"['hirsh,elijah', 'mccloud,alton', 'atkinson,quinn', 'summerville,mark', 'clark,ethan']","['de,nick', 'evans,andrew', 'samson,vaughn', 'swift,dj', 'weatherford,mitch']",27
513,0864,Rhodes,Berry,1,102-114,"59,55","54,48",7-6; 1-1 SAA,5-8; 0-2 SAA,N/A,N/A,01/05/18,8:00 PM,N/A,"Memphis, Tenn.",Win,2,False,127,False,00:16,"TURNOVER  by ATKINSON,QUINN",54,,57 ,,,,"TURNOVER  by ATKINSON,QUINN",1,turnover,,berry,"atkinson,quinn",,"['hirsh,elijah', 'mccloud,alton', 'atkinson,quinn', 'summerville,mark', 'clark,ethan']","['de,nick', 'evans,andrew', 'samson,vaughn', 'swift,dj', 'weatherford,mitch']",16
514,0864,Rhodes,Berry,1,102-114,"59,55","54,48",7-6; 1-1 SAA,5-8; 0-2 SAA,N/A,N/A,01/05/18,8:00 PM,N/A,"Memphis, Tenn.",Win,2,False,127,False,00:14,,54,,57 ,"STEAL  by SAMSON,VAUGHN",,,"STEAL  by SAMSON,VAUGHN",1,steal,,rhodes,,,"['hirsh,elijah', 'mccloud,alton', 'atkinson,quinn', 'summerville,mark', 'clark,ethan']","['de,nick', 'evans,andrew', 'samson,vaughn', 'swift,dj', 'weatherford,mitch']",14
515,0864,Rhodes,Berry,1,102-114,"59,55","54,48",7-6; 1-1 SAA,5-8; 0-2 SAA,N/A,N/A,01/05/18,8:00 PM,N/A,"Memphis, Tenn.",Win,2,False,127,False,00:11,"SUB IN by JOHNSON,CORY",54,,57 ,,,,"SUB IN by JOHNSON,CORY",1,subbing in,,berry,"johnson,cory",,"['hirsh,elijah', 'mccloud,alton', 'atkinson,quinn', 'summerville,mark', 'clark,ethan', 'johnson,cory']","['de,nick', 'evans,andrew', 'samson,vaughn', 'swift,dj', 'weatherford,mitch']",11
516,0864,Rhodes,Berry,1,102-114,"59,55","54,48",7-6; 1-1 SAA,5-8; 0-2 SAA,N/A,N/A,01/05/18,8:00 PM,N/A,"Memphis, Tenn.",Win,2,False,127,False,00:11,"SUB IN by MOORE,MYLES",54,,57 ,,,,"SUB IN by MOORE,MYLES",1,subbing in,,berry,"moore,myles",,"['hirsh,elijah', 'mccloud,alton', 'atkinson,quinn', 'summerville,mark', 'clark,ethan', 'johnson,cory', 'moore,myles']","['de,nick', 'evans,andrew', 'samson,vaughn', 'swift,dj', 'weatherford,mitch']",11
517,0864,Rhodes,Berry,1,102-114,"59,55","54,48",7-6; 1-1 SAA,5-8; 0-2 SAA,N/A,N/A,01/05/18,8:00 PM,N/A,"Memphis, Tenn.",Win,2,False,127,False,00:11,"SUB OUT by SUMMERVILLE,MARK",54,,57 ,,,,"SUB OUT by SUMMERVILLE,MARK",1,subbing out,,berry,"summerville,mark",,"['hirsh,elijah', 'mccloud,alton', 'atkinson,quinn', 'clark,ethan', 'johnson,cory', 'moore,myles']","['de,nick', 'evans,andrew', 'samson,vaughn', 'swift,dj', 'weatherford,mitch']",11
518,0864,Rhodes,Berry,1,102-114,"59,55","54,48",7-6; 1-1 SAA,5-8; 0-2 SAA,N/A,N/A,01/05/18,8:00 PM,N/A,"Memphis, Tenn.",Win,2,False,127,False,00:11,"SUB OUT by ATKINSON,QUINN",54,,57 ,,,,"SUB OUT by ATKINSON,QUINN",1,subbing out,,berry,"atkinson,quinn",,"['hirsh,elijah', 'mccloud,alton', 'clark,ethan', 'johnson,cory', 'moore,myles']","['de,nick', 'evans,andrew', 'samson,vaughn', 'swift,dj', 'weatherford,mitch']",11
519,0864,Rhodes,Berry,1,102-114,"59,55","54,48",7-6; 1-1 SAA,5-8; 0-2 SAA,N/A,N/A,01/05/18,8:00 PM,N/A,"Memphis, Tenn.",Win,2,False,127,False,00:11,,54,,57 ,"SUB IN by ASHBY,KENDRICK",,,"SUB IN by ASHBY,KENDRICK",1,subbing in,,rhodes,"ashby,kendrick",,"['hirsh,elijah', 'mccloud,alton', 'clark,ethan', 'johnson,cory', 'moore,myles']","['de,nick', 'evans,andrew', 'samson,vaughn', 'swift,dj', 'weatherford,mitch', 'ashby,kendrick']",11
520,0864,Rhodes,Berry,1,102-114,"59,55","54,48",7-6; 1-1 SAA,5-8; 0-2 SAA,N/A,N/A,01/05/18,8:00 PM,N/A,"Memphis, Tenn.",Win,2,False,127,False,00:11,,54,,57 ,"SUB IN by FERIA,NICK DE",,,"SUB IN by FERIA,NICK DE",1,subbing in,,rhodes,"feria,nick de",,"['hirsh,elijah', 'mccloud,alton', 'clark,ethan', 'johnson,cory', 'moore,myles']","['de,nick', 'evans,andrew', 'samson,vaughn', 'swift,dj', 'weatherford,mitch', 'ashby,kendrick', 'feria,nick de']",11
521,0864,Rhodes,Berry,1,102-114,"59,55","54,48",7-6; 1-1 SAA,5-8; 0-2 SAA,N/A,N/A,01/05/18,8:00 PM,N/A,"Memphis, Tenn.",Win,2,False,127,False,00:11,,54,,57 ,"SUB IN by NYAWATA,ANESU",,,"SUB IN by NYAWATA,ANESU",1,subbing in,,rhodes,"nyawata,anesu",,"['hirsh,elijah', 'mccloud,alton', 'clark,ethan', 'johnson,cory', 'moore,myles']","['de,nick', 'evans,andrew', 'samson,vaughn', 'swift,dj', 'weatherford,mitch', 'ashby,kendrick', 'feria,nick de', 'nyawata,anesu']",11
522,0864,Rhodes,Berry,1,102-114,"59,55","54,48",7-6; 1-1 SAA,5-8; 0-2 SAA,N/A,N/A,01/05/18,8:00 PM,N/A,"Memphis, Tenn.",Win,2,False,127,False,00:11,,54,,57 ,"SUB IN by DARST,DANIEL",,,"SUB IN by DARST,DANIEL",1,subbing in,,rhodes,"darst,daniel",,"['hirsh,elijah', 'mccloud,alton', 'clark,ethan', 'johnson,cory', 'moore,myles']","['de,nick', 'evans,andrew', 'samson,vaughn', 'swift,dj', 'weatherford,mitch', 'ashby,kendrick', 'feria,nick de', 'nyawata,anesu', 'darst,daniel']",11
523,0864,Rhodes,Berry,1,102-114,"59,55","54,48",7-6; 1-1 SAA,5-8; 0-2 SAA,N/A,N/A,01/05/18,8:00 PM,N/A,"Memphis, Tenn.",Win,2,False,127,False,00:11,,54,,57 ,"SUB IN by BERRY,BRYCE",,,"SUB IN by BERRY,BRYCE",1,subbing in,,rhodes,"berry,bryce",,"['hirsh,elijah', 'mccloud,alton', 'clark,ethan', 'johnson,cory', 'moore,myles']","['de,nick', 'evans,andrew', 'samson,vaughn', 'swift,dj', 'weatherford,mitch', 'ashby,kendrick', 'feria,nick de', 'nyawata,anesu', 'darst,daniel', 'berry,bryce']",11
524,0864,Rhodes,Berry,1,102-114,"59,55","54,48",7-6; 1-1 SAA,5-8; 0-2 SAA,N/A,N/A,01/05/18,8:00 PM,N/A,"Memphis, Tenn.",Win,2,False,127,False,00:11,,54,,57 ,"SUB OUT by EVANS,ANDREW",,,"SUB OUT by EVANS,ANDREW",1,subbing out,,rhodes,"evans,andrew",,"['hirsh,elijah', 'mccloud,alton', 'clark,ethan', 'johnson,cory', 'moore,myles']","['de,nick', 'samson,vaughn', 'swift,dj', 'weatherford,mitch', 'ashby,kendrick', 'feria,nick de', 'nyawata,anesu', 'darst,daniel', 'berry,bryce']",11
525,0864,Rhodes,Berry,1,102-114,"59,55","54,48",7-6; 1-1 SAA,5-8; 0-2 SAA,N/A,N/A,01/05/18,8:00 PM,N/A,"Memphis, Tenn.",Win,2,False,127,False,00:11,,54,,57 ,"SUB OUT by GIROUX,PRESTON",,,"SUB OUT by GIROUX,PRESTON",1,subbing out,,rhodes,"giroux,preston",,"['hirsh,elijah', 'mccloud,alton', 'clark,ethan', 'johnson,cory', 'moore,myles']","['de,nick', 'samson,vaughn', 'swift,dj', 'weatherford,mitch', 'ashby,kendrick', 'feria,nick de', 'nyawata,anesu', 'darst,daniel', 'berry,bryce']",11
526,0864,Rhodes,Berry,1,102-114,"59,55","54,48",7-6; 1-1 SAA,5-8; 0-2 SAA,N/A,N/A,01/05/18,8:00 PM,N/A,"Memphis, Tenn.",Win,2,False,127,False,00:11,,54,,57 ,"SUB OUT by SAMSON,VAUGHN",,,"SUB OUT by SAMSON,VAUGHN",1,subbing out,,rhodes,"samson,vaughn",,"['hirsh,elijah', 'mccloud,alton', 'clark,ethan', 'johnson,cory', 'moore,myles']","['de,nick', 'samson,vaughn', 'swift,dj', 'weatherford,mitch', 'ashby,kendrick', 'feria,nick de', 'nyawata,anesu', 'darst,daniel', 'berry,bryce']",11
527,0864,Rhodes,Berry,1,102-114,"59,55","54,48",7-6; 1-1 SAA,5-8; 0-2 SAA,N/A,N/A,01/05/18,8:00 PM,N/A,"Memphis, Tenn.",Win,2,False,127,False,00:11,,54,,57 ,"SUB OUT by SWIFT,DJ",,,"SUB OUT by SWIFT,DJ",1,subbing out,,rhodes,"swift,dj",,"['hirsh,elijah', 'mccloud,alton', 'clark,ethan', 'johnson,cory', 'moore,myles']","['de,nick', 'samson,vaughn', 'weatherford,mitch', 'ashby,kendrick', 'feria,nick de', 'nyawata,anesu', 'darst,daniel', 'berry,bryce']",11
528,0864,Rhodes,Berry,1,102-114,"59,55","54,48",7-6; 1-1 SAA,5-8; 0-2 SAA,N/A,N/A,01/05/18,8:00 PM,N/A,"Memphis, Tenn.",Win,2,False,127,False,00:11,,54,,57 ,"SUB OUT by WEATHERFORD,MITCH",,,"SUB OUT by WEATHERFORD,MITCH",1,subbing out,,rhodes,"weatherford,mitch",,"['hirsh,elijah', 'mccloud,alton', 'clark,ethan', 'johnson,cory', 'moore,myles']","['de,nick', 'samson,vaughn', 'ashby,kendrick', 'feria,nick de', 'nyawata,anesu', 'darst,daniel', 'berry,bryce']",11
529,0864,Rhodes,Berry,1,102-114,"59,55","54,48",7-6; 1-1 SAA,5-8; 0-2 SAA,N/A,N/A,01/05/18,8:00 PM,N/A,"Memphis, Tenn.",Win,2,False,127,False,00:04,,54,,59 ,"GOOD LAYUP by NYAWATA,ANESU(in the paint)",RHODES 54-59 (-5),,"GOOD LAYUP by NYAWATA,ANESU(in the paint)",1,layup,good,rhodes,"nyawata,anesu",2,"['hirsh,elijah', 'mccloud,alton', 'clark,ethan', 'johnson,cory', 'moore,myles']","['de,nick', 'samson,vaughn', 'ashby,kendrick', 'feria,nick de', 'nyawata,anesu', 'darst,daniel', 'berry,bryce']",4
530,0864,Rhodes,Berry,1,102-114,"59,55","54,48",7-6; 1-1 SAA,5-8; 0-2 SAA,N/A,N/A,01/05/18,8:00 PM,N/A,"Memphis, Tenn.",Win,2,False,127,False,20:00,"TURNOVER  by MARDER,NICK",54,,59 ,,,,"TURNOVER  by MARDER,NICK",2,turnover,,berry,"marder,nick",,"['hirsh,elijah', 'mccloud,alton', 'clark,ethan', 'johnson,cory', 'moore,myles']","['de,nick', 'samson,vaughn', 'ashby,kendrick', 'feria,nick de', 'nyawata,anesu', 'darst,daniel', 'berry,bryce']",1200
531,0864,Rhodes,Berry,1,102-114,"59,55","54,48",7-6; 1-1 SAA,5-8; 0-2 SAA,N/A,N/A,01/05/18,8:00 PM,N/A,"Memphis, Tenn.",Win,2,False,127,False,20:00,,54,,59 ,"STEAL  by ASHBY,KENDRICK",,,"STEAL  by ASHBY,KENDRICK",2,steal,,rhodes,,,"['hirsh,elijah', 'mccloud,alton', 'clark,ethan', 'johnson,cory', 'moore,myles']","['de,nick', 'samson,vaughn', 'ashby,kendrick', 'feria,nick de', 'nyawata,anesu', 'darst,daniel', 'berry,bryce']",1200
532,0864,Rhodes,Berry,1,102-114,"59,55","54,48",7-6; 1-1 SAA,5-8; 0-2 SAA,N/A,N/A,01/05/18,8:00 PM,N/A,"Memphis, Tenn.",Win,2,False,127,False,19:56,"FOUL  by MARDER,NICK",54,,59 ,,,,"FOUL  by MARDER,NICK",2,foul,,berry,"marder,nick",,"['hirsh,elijah', 'mccloud,alton', 'clark,ethan', 'johnson,cory', 'moore,myles']","['de,nick', 'samson,vaughn', 'ashby,kendrick', 'feria,nick de', 'nyawata,anesu', 'darst,daniel', 'berry,bryce']",1196
533,0864,Rhodes,Berry,1,102-114,"59,55","54,48",7-6; 1-1 SAA,5-8; 0-2 SAA,N/A,N/A,01/05/18,8:00 PM,N/A,"Memphis, Tenn.",Win,2,False,127,False,19:51,,54,,60 ,"GOOD FT by LOVE,KERRY",RHODES 54-60 (-6),,"GOOD FT by LOVE,KERRY",2,free throw,good,rhodes,"love,kerry",1,"['hirsh,elijah', 'mccloud,alton', 'clark,ethan', 'johnson,cory', 'moore,myles']","['de,nick', 'samson,vaughn', 'ashby,kendrick', 'feria,nick de', 'nyawata,anesu', 'darst,daniel', 'berry,bryce']",1191
534,0864,Rhodes,Berry,1,102-114,"59,55","54,48",7-6; 1-1 SAA,5-8; 0-2 SAA,N/A,N/A,01/05/18,8:00 PM,N/A,"Memphis, Tenn.",Win,2,False,127,False,19:40,,54,,60 ,"MISS FT by LOVE,KERRY",,,"MISS FT by LOVE,KERRY",2,free throw,missed,rhodes,"love,kerry",,"['hirsh,elijah', 'mccloud,alton', 'clark,ethan', 'johnson,cory', 'moore,myles']","['de,nick', 'samson,vaughn', 'ashby,kendrick', 'feria,nick de', 'nyawata,anesu', 'darst,daniel', 'berry,bryce']",1180
535,0864,Rhodes,Berry,1,102-114,"59,55","54,48",7-6; 1-1 SAA,5-8; 0-2 SAA,N/A,N/A,01/05/18,8:00 PM,N/A,"Memphis, Tenn.",Win,2,False,127,False,--,"REBOUND DEF by HIRSH,ELIJAH",54,,60 ,,,,"REBOUND DEF by HIRSH,ELIJAH",2,defensive rebound,,berry,"hirsh,elijah",,"['hirsh,elijah', 'mccloud,alton', 'clark,ethan', 'johnson,cory', 'moore,myles']","['de,nick', 'samson,vaughn', 'ashby,kendrick', 'feria,nick de', 'nyawata,anesu', 'darst,daniel', 'berry,bryce']",
536,0864,Rhodes,Berry,1,102-114,"59,55","54,48",7-6; 1-1 SAA,5-8; 0-2 SAA,N/A,N/A,01/05/18,8:00 PM,N/A,"Memphis, Tenn.",Win,2,False,127,False,19:32,"TURNOVER  by ATKINSON,QUINN",54,,60 ,,,,"TURNOVER  by ATKINSON,QUINN",2,turnover,,berry,"atkinson,quinn",,"['hirsh,elijah', 'mccloud,alton', 'clark,ethan', 'johnson,cory', 'moore,myles']","['de,nick', 'samson,vaughn', 'ashby,kendrick', 'feria,nick de', 'nyawata,anesu', 'darst,daniel', 'berry,bryce']",1172
537,0864,Rhodes,Berry,1,102-114,"59,55","54,48",7-6; 1-1 SAA,5-8; 0-2 SAA,N/A,N/A,01/05/18,8:00 PM,N/A,"Memphis, Tenn.",Win,2,False,127,False,19:32,,54,,60 ,"STEAL  by DARST,DANIEL",,,"STEAL  by DARST,DANIEL",2,steal,,rhodes,,,"['hirsh,elijah', 'mccloud,alton', 'clark,ethan', 'johnson,cory', 'moore,myles']","['de,nick', 'samson,vaughn', 'ashby,kendrick', 'feria,nick de', 'nyawata,anesu', 'darst,daniel', 'berry,bryce']",1172
538,0864,Rhodes,Berry,1,102-114,"59,55","54,48",7-6; 1-1 SAA,5-8; 0-2 SAA,N/A,N/A,01/05/18,8:00 PM,N/A,"Memphis, Tenn.",Win,2,False,127,False,19:32,"SUB IN by MOORE,MYLES",54,,60 ,,,,"SUB IN by MOORE,MYLES",2,subbing in,,berry,"moore,myles",,"['hirsh,elijah', 'mccloud,alton', 'clark,ethan', 'johnson,cory', 'moore,myles']","['de,nick', 'samson,vaughn', 'ashby,kendrick', 'feria,nick de', 'nyawata,anesu', 'darst,daniel', 'berry,bryce']",1172
539,0864,Rhodes,Berry,1,102-114,"59,55","54,48",7-6; 1-1 SAA,5-8; 0-2 SAA,N/A,N/A,01/05/18,8:00 PM,N/A,"Memphis, Tenn.",Win,2,False,127,False,19:32,"SUB OUT by MARDER,NICK",54,,60 ,,,,"SUB OUT by MARDER,NICK",2,subbing out,,berry,"marder,nick",,"['hirsh,elijah', 'mccloud,alton', 'clark,ethan', 'johnson,cory', 'moore,myles']","['de,nick', 'samson,vaughn', 'ashby,kendrick', 'feria,nick de', 'nyawata,anesu', 'darst,daniel', 'berry,bryce']",1172
540,0864,Rhodes,Berry,1,102-114,"59,55","54,48",7-6; 1-1 SAA,5-8; 0-2 SAA,N/A,N/A,01/05/18,8:00 PM,N/A,"Memphis, Tenn.",Win,2,False,127,False,19:31,,54,,62 ,"GOOD LAYUP by BERRY,BRYCE(fastbreak)(in the paint)",RHODES 54-62 (-8),,"GOOD LAYUP by BERRY,BRYCE(fastbreak)(in the paint)",2,layup,good,rhodes,"berry,bryce(fastbreak)",2,"['hirsh,elijah', 'mccloud,alton', 'clark,ethan', 'johnson,cory', 'moore,myles']","['de,nick', 'samson,vaughn', 'ashby,kendrick', 'feria,nick de', 'nyawata,anesu', 'darst,daniel', 'berry,bryce']",1171
541,0864,Rhodes,Berry,1,102-114,"59,55","54,48",7-6; 1-1 SAA,5-8; 0-2 SAA,N/A,N/A,01/05/18,8:00 PM,N/A,"Memphis, Tenn.",Win,2,False,127,False,19:25,"TURNOVER  by HIRSH,ELIJAH",54,,62 ,,,,"TURNOVER  by HIRSH,ELIJAH",2,turnover,,berry,"hirsh,elijah",,"['hirsh,elijah', 'mccloud,alton', 'clark,ethan', 'johnson,cory', 'moore,myles']","['de,nick', 'samson,vaughn', 'ashby,kendrick', 'feria,nick de', 'nyawata,anesu', 'darst,daniel', 'berry,bryce']",1165
542,0864,Rhodes,Berry,1,102-114,"59,55","54,48",7-6; 1-1 SAA,5-8; 0-2 SAA,N/A,N/A,01/05/18,8:00 PM,N/A,"Memphis, Tenn.",Win,2,False,127,False,19:24,,54,,62 ,"STEAL  by LOVE,KERRY",,,"STEAL  by LOVE,KERRY",2,steal,,rhodes,,,"['hirsh,elijah', 'mccloud,alton', 'clark,ethan', 'johnson,cory', 'moore,myles']","['de,nick', 'samson,vaughn', 'ashby,kendrick', 'feria,nick de', 'nyawata,anesu', 'darst,daniel', 'berry,bryce']",1164
543,0864,Rhodes,Berry,1,102-114,"59,55","54,48",7-6; 1-1 SAA,5-8; 0-2 SAA,N/A,N/A,01/05/18,8:00 PM,N/A,"Memphis, Tenn.",Win,2,False,127,False,19:04,,54,,62 ,"TURNOVER  by DARST,DANIEL",,,"TURNOVER  by DARST,DANIEL",2,turnover,,rhodes,"darst,daniel",,"['hirsh,elijah', 'mccloud,alton', 'clark,ethan', 'johnson,cory', 'moore,myles']","['de,nick', 'samson,vaughn', 'ashby,kendrick', 'feria,nick de', 'nyawata,anesu', 'darst,daniel', 'berry,bryce']",1144
544,0864,Rhodes,Berry,1,102-114,"59,55","54,48",7-6; 1-1 SAA,5-8; 0-2 SAA,N/A,N/A,01/05/18,8:00 PM,N/A,"Memphis, Tenn.",Win,2,False,127,False,19:04,,54,,62 ,"FOUL  by DARST,DANIEL",,,"FOUL  by DARST,DANIEL",2,foul,,rhodes,"darst,daniel",,"['hirsh,elijah', 'mccloud,alton', 'clark,ethan', 'johnson,cory', 'moore,myles']","['de,nick', 'samson,vaughn', 'ashby,kendrick', 'feria,nick de', 'nyawata,anesu', 'darst,daniel', 'berry,bryce']",1144
545,0864,Rhodes,Berry,1,102-114,"59,55","54,48",7-6; 1-1 SAA,5-8; 0-2 SAA,N/A,N/A,01/05/18,8:00 PM,N/A,"Memphis, Tenn.",Win,2,False,127,False,19:04,"SUB IN by ELLINGSWORTH,COLEMAN",54,,62 ,,,,"SUB IN by ELLINGSWORTH,COLEMAN",2,subbing in,,berry,"ellingsworth,coleman",,"['hirsh,elijah', 'mccloud,alton', 'clark,ethan', 'johnson,cory', 'moore,myles', 'ellingsworth,coleman']","['de,nick', 'samson,vaughn', 'ashby,kendrick', 'feria,nick de', 'nyawata,anesu', 'darst,daniel', 'berry,bryce']",1144
546,0864,Rhodes,Berry,1,102-114,"59,55","54,48",7-6; 1-1 SAA,5-8; 0-2 SAA,N/A,N/A,01/05/18,8:00 PM,N/A,"Memphis, Tenn.",Win,2,False,127,False,19:04,"SUB IN by JOHNSON,CORY",54,,62 ,,,,"SUB IN by JOHNSON,CORY",2,subbing in,,berry,"johnson,cory",,"['hirsh,elijah', 'mccloud,alton', 'clark,ethan', 'johnson,cory', 'moore,myles', 'ellingsworth,coleman']","['de,nick', 'samson,vaughn', 'ashby,kendrick', 'feria,nick de', 'nyawata,anesu', 'darst,daniel', 'berry,bryce']",1144
547,0864,Rhodes,Berry,1,102-114,"59,55","54,48",7-6; 1-1 SAA,5-8; 0-2 SAA,N/A,N/A,01/05/18,8:00 PM,N/A,"Memphis, Tenn.",Win,2,False,127,False,19:04,"SUB OUT by ATKINSON,QUINN",54,,62 ,,,,"SUB OUT by ATKINSON,QUINN",2,subbing out,,berry,"atkinson,quinn",,"['hirsh,elijah', 'mccloud,alton', 'clark,ethan', 'johnson,cory', 'moore,myles', 'ellingsworth,coleman']","['de,nick', 'samson,vaughn', 'ashby,kendrick', 'feria,nick de', 'nyawata,anesu', 'darst,daniel', 'berry,bryce']",1144
548,0864,Rhodes,Berry,1,102-114,"59,55","54,48",7-6; 1-1 SAA,5-8; 0-2 SAA,N/A,N/A,01/05/18,8:00 PM,N/A,"Memphis, Tenn.",Win,2,False,127,False,19:04,"SUB OUT by HIRSH,ELIJAH",54,,62 ,,,,"SUB OUT by HIRSH,ELIJAH",2,subbing out,,berry,"hirsh,elijah",,"['mccloud,alton', 'clark,ethan', 'johnson,cory', 'moore,myles', 'ellingsworth,coleman']","['de,nick', 'samson,vaughn', 'ashby,kendrick', 'feria,nick de', 'nyawata,anesu', 'darst,daniel', 'berry,bryce']",1144
549,0864,Rhodes,Berry,1,102-114,"59,55","54,48",7-6; 1-1 SAA,5-8; 0-2 SAA,N/A,N/A,01/05/18,8:00 PM,N/A,"Memphis, Tenn.",Win,2,False,127,False,19:04,,54,,62 ,"SUB IN by GALVIN,OWEN",,,"SUB IN by GALVIN,OWEN",2,subbing in,,rhodes,"galvin,owen",,"['mccloud,alton', 'clark,ethan', 'johnson,cory', 'moore,myles', 'ellingsworth,coleman']","['de,nick', 'samson,vaughn', 'ashby,kendrick', 'feria,nick de', 'nyawata,anesu', 'darst,daniel', 'berry,bryce', 'galvin,owen']",1144
550,0864,Rhodes,Berry,1,102-114,"59,55","54,48",7-6; 1-1 SAA,5-8; 0-2 SAA,N/A,N/A,01/05/18,8:00 PM,N/A,"Memphis, Tenn.",Win,2,False,127,False,19:04,,54,,62 ,"SUB IN by MCINTYRE,WILLIAM",,,"SUB IN by MCINTYRE,WILLIAM",2,subbing in,,rhodes,"mcintyre,william",,"['mccloud,alton', 'clark,ethan', 'johnson,cory', 'moore,myles', 'ellingsworth,coleman']","['de,nick', 'samson,vaughn', 'ashby,kendrick', 'feria,nick de', 'nyawata,anesu', 'darst,daniel', 'berry,bryce', 'galvin,owen', 'mcintyre,william']",1144
551,0864,Rhodes,Berry,1,102-114,"59,55","54,48",7-6; 1-1 SAA,5-8; 0-2 SAA,N/A,N/A,01/05/18,8:00 PM,N/A,"Memphis, Tenn.",Win,2,False,127,False,19:04,,54,,62 ,"SUB IN by NESTLEHUTT,JAKE",,,"SUB IN by NESTLEHUTT,JAKE",2,subbing in,,rhodes,"nestlehutt,jake",,"['mccloud,alton', 'clark,ethan', 'johnson,cory', 'moore,myles', 'ellingsworth,coleman']","['de,nick', 'samson,vaughn', 'ashby,kendrick', 'feria,nick de', 'nyawata,anesu', 'darst,daniel', 'berry,bryce', 'galvin,owen', 'mcintyre,william', 'nestlehutt,jake']",1144
552,0864,Rhodes,Berry,1,102-114,"59,55","54,48",7-6; 1-1 SAA,5-8; 0-2 SAA,N/A,N/A,01/05/18,8:00 PM,N/A,"Memphis, Tenn.",Win,2,False,127,False,19:04,,54,,62 ,"SUB IN by NYAWATA,ANESU",,,"SUB IN by NYAWATA,ANESU",2,subbing in,,rhodes,"nyawata,anesu",,"['mccloud,alton', 'clark,ethan', 'johnson,cory', 'moore,myles', 'ellingsworth,coleman']","['de,nick', 'samson,vaughn', 'ashby,kendrick', 'feria,nick de', 'nyawata,anesu', 'darst,daniel', 'berry,bryce', 'galvin,owen', 'mcintyre,william', 'nestlehutt,jake']",1144
553,0864,Rhodes,Berry,1,102-114,"59,55","54,48",7-6; 1-1 SAA,5-8; 0-2 SAA,N/A,N/A,01/05/18,8:00 PM,N/A,"Memphis, Tenn.",Win,2,False,127,False,19:04,,54,,62 ,"SUB IN by DALTON,PRICE",,,"SUB IN by DALTON,PRICE",2,subbing in,,rhodes,"dalton,price",,"['mccloud,alton', 'clark,ethan', 'johnson,cory', 'moore,myles', 'ellingsworth,coleman']","['de,nick', 'samson,vaughn', 'ashby,kendrick', 'feria,nick de', 'nyawata,anesu', 'darst,daniel', 'berry,bryce', 'galvin,owen', 'mcintyre,william', 'nestlehutt,jake']",1144
554,0864,Rhodes,Berry,1,102-114,"59,55","54,48",7-6; 1-1 SAA,5-8; 0-2 SAA,N/A,N/A,01/05/18,8:00 PM,N/A,"Memphis, Tenn.",Win,2,False,127,False,19:04,,54,,62 ,"SUB OUT by LOVE,KERRY",,,"SUB OUT by LOVE,KERRY",2,subbing out,,rhodes,"love,kerry",,"['mccloud,alton', 'clark,ethan', 'johnson,cory', 'moore,myles', 'ellingsworth,coleman']","['de,nick', 'samson,vaughn', 'ashby,kendrick', 'feria,nick de', 'nyawata,anesu', 'darst,daniel', 'berry,bryce', 'galvin,owen', 'mcintyre,william', 'nestlehutt,jake']",1144
555,0864,Rhodes,Berry,1,102-114,"59,55","54,48",7-6; 1-1 SAA,5-8; 0-2 SAA,N/A,N/A,01/05/18,8:00 PM,N/A,"Memphis, Tenn.",Win,2,False,127,False,19:04,,54,,62 ,"SUB OUT by ASHBY,KENDRICK",,,"SUB OUT by ASHBY,KENDRICK",2,subbing out,,rhodes,"ashby,kendrick",,"['mccloud,alton', 'clark,ethan', 'johnson,cory', 'moore,myles', 'ellingsworth,coleman']","['de,nick', 'samson,vaughn', 'ashby,kendrick', 'feria,nick de', 'nyawata,anesu', 'darst,daniel', 'berry,bryce', 'galvin,owen', 'mcintyre,william', 'nestlehutt,jake']",1144
556,0864,Rhodes,Berry,1,102-114,"59,55","54,48",7-6; 1-1 SAA,5-8; 0-2 SAA,N/A,N/A,01/05/18,8:00 PM,N/A,"Memphis, Tenn.",Win,2,False,127,False,19:04,,54,,62 ,"SUB OUT by FERIA,NICK DE",,,"SUB OUT by FERIA,NICK DE",2,subbing out,,rhodes,"feria,nick de",,"['mccloud,alton', 'clark,ethan', 'johnson,cory', 'moore,myles', 'ellingsworth,coleman']","['de,nick', 'samson,vaughn', 'ashby,kendrick', 'nyawata,anesu', 'darst,daniel', 'berry,bryce', 'galvin,owen', 'mcintyre,william', 'nestlehutt,jake']",1144
557,0864,Rhodes,Berry,1,102-114,"59,55","54,48",7-6; 1-1 SAA,5-8; 0-2 SAA,N/A,N/A,01/05/18,8:00 PM,N/A,"Memphis, Tenn.",Win,2,False,127,False,19:04,,54,,62 ,"SUB OUT by DARST,DANIEL",,,"SUB OUT by DARST,DANIEL",2,subbing out,,rhodes,"darst,daniel",,"['mccloud,alton', 'clark,ethan', 'johnson,cory', 'moore,myles', 'ellingsworth,coleman']","['de,nick', 'samson,vaughn', 'ashby,kendrick', 'nyawata,anesu', 'berry,bryce', 'galvin,owen', 'mcintyre,william', 'nestlehutt,jake']",1144
558,0864,Rhodes,Berry,1,102-114,"59,55","54,48",7-6; 1-1 SAA,5-8; 0-2 SAA,N/A,N/A,01/05/18,8:00 PM,N/A,"Memphis, Tenn.",Win,2,False,127,False,19:04,,54,,62 ,"SUB OUT by BERRY,BRYCE",,,"SUB OUT by BERRY,BRYCE",2,subbing out,,rhodes,"berry,bryce",,"['mccloud,alton', 'clark,ethan', 'johnson,cory', 'moore,myles', 'ellingsworth,coleman']","['de,nick', 'samson,vaughn', 'ashby,kendrick', 'nyawata,anesu', 'galvin,owen', 'mcintyre,william', 'nestlehutt,jake']",1144
559,0864,Rhodes,Berry,1,102-114,"59,55","54,48",7-6; 1-1 SAA,5-8; 0-2 SAA,N/A,N/A,01/05/18,8:00 PM,N/A,"Memphis, Tenn.",Win,2,False,127,False,19:01,"GOOD LAYUP by JOHNSON,CORY(fastbreak)(in the paint)",56,,62 ,,BCM 56-62 (-6),,"GOOD LAYUP by JOHNSON,CORY(fastbreak)(in the paint)",2,layup,good,berry,"johnson,cory(fastbreak)",2,"['mccloud,alton', 'clark,ethan', 'johnson,cory', 'moore,myles', 'ellingsworth,coleman']","['de,nick', 'samson,vaughn', 'ashby,kendrick', 'nyawata,anesu', 'galvin,owen', 'mcintyre,william', 'nestlehutt,jake']",1141
560,0864,Rhodes,Berry,1,102-114,"59,55","54,48",7-6; 1-1 SAA,5-8; 0-2 SAA,N/A,N/A,01/05/18,8:00 PM,N/A,"Memphis, Tenn.",Win,2,False,127,False,18:46,,56,,62 ,"MISS 3PTR by NESTLEHUTT,JAKE",,,"MISS 3PTR by NESTLEHUTT,JAKE",2,three pointer,missed,rhodes,"nestlehutt,jake",,"['mccloud,alton', 'clark,ethan', 'johnson,cory', 'moore,myles', 'ellingsworth,coleman']","['de,nick', 'samson,vaughn', 'ashby,kendrick', 'nyawata,anesu', 'galvin,owen', 'mcintyre,william', 'nestlehutt,jake']",1126
561,0864,Rhodes,Berry,1,102-114,"59,55","54,48",7-6; 1-1 SAA,5-8; 0-2 SAA,N/A,N/A,01/05/18,8:00 PM,N/A,"Memphis, Tenn.",Win,2,False,127,False,--,,56,,62 ,"REBOUND OFF by MCINTYRE,WILLIAM",,,"REBOUND OFF by MCINTYRE,WILLIAM",2,offensive rebound,,rhodes,"mcintyre,william",,"['mccloud,alton', 'clark,ethan', 'johnson,cory', 'moore,myles', 'ellingsworth,coleman']","['de,nick', 'samson,vaughn', 'ashby,kendrick', 'nyawata,anesu', 'galvin,owen', 'mcintyre,william', 'nestlehutt,jake']",
562,0864,Rhodes,Berry,1,102-114,"59,55","54,48",7-6; 1-1 SAA,5-8; 0-2 SAA,N/A,N/A,01/05/18,8:00 PM,N/A,"Memphis, Tenn.",Win,2,False,127,False,18:40,,56,,62 ,"MISS JUMPER by MCINTYRE,WILLIAM",,,"MISS JUMPER by MCINTYRE,WILLIAM",2,jumper,missed,rhodes,"mcintyre,william",,"['mccloud,alton', 'clark,ethan', 'johnson,cory', 'moore,myles', 'ellingsworth,coleman']","['de,nick', 'samson,vaughn', 'ashby,kendrick', 'nyawata,anesu', 'galvin,owen', 'mcintyre,william', 'nestlehutt,jake']",1120
563,0864,Rhodes,Berry,1,102-114,"59,55","54,48",7-6; 1-1 SAA,5-8; 0-2 SAA,N/A,N/A,01/05/18,8:00 PM,N/A,"Memphis, Tenn.",Win,2,False,127,False,18:40,"BLOCK  by ELLINGSWORTH,COLEMAN",56,,62 ,,,,"BLOCK  by ELLINGSWORTH,COLEMAN",2,block,,berry,"ellingsworth,coleman",,"['mccloud,alton', 'clark,ethan', 'johnson,cory', 'moore,myles', 'ellingsworth,coleman']","['de,nick', 'samson,vaughn', 'ashby,kendrick', 'nyawata,anesu', 'galvin,owen', 'mcintyre,william', 'nestlehutt,jake']",1120
564,0864,Rhodes,Berry,1,102-114,"59,55","54,48",7-6; 1-1 SAA,5-8; 0-2 SAA,N/A,N/A,01/05/18,8:00 PM,N/A,"Memphis, Tenn.",Win,2,False,127,False,--,"REBOUND DEF by MOORE,MYLES",56,,62 ,,,,"REBOUND DEF by MOORE,MYLES",2,defensive rebound,,berry,"moore,myles",,"['mccloud,alton', 'clark,ethan', 'johnson,cory', 'moore,myles', 'ellingsworth,coleman']","['de,nick', 'samson,vaughn', 'ashby,kendrick', 'nyawata,anesu', 'galvin,owen', 'mcintyre,william', 'nestlehutt,jake']",
565,0864,Rhodes,Berry,1,102-114,"59,55","54,48",7-6; 1-1 SAA,5-8; 0-2 SAA,N/A,N/A,01/05/18,8:00 PM,N/A,"Memphis, Tenn.",Win,2,False,127,False,18:31,"TURNOVER  by MOORE,MYLES",56,,62 ,,,,"TURNOVER  by MOORE,MYLES",2,turnover,,berry,"moore,myles",,"['mccloud,alton', 'clark,ethan', 'johnson,cory', 'moore,myles', 'ellingsworth,coleman']","['de,nick', 'samson,vaughn', 'ashby,kendrick', 'nyawata,anesu', 'galvin,owen', 'mcintyre,william', 'nestlehutt,jake']",1111
566,0864,Rhodes,Berry,1,102-114,"59,55","54,48",7-6; 1-1 SAA,5-8; 0-2 SAA,N/A,N/A,01/05/18,8:00 PM,N/A,"Memphis, Tenn.",Win,2,False,127,False,18:31,,56,,62 ,"STEAL  by DALTON,PRICE",,,"STEAL  by DALTON,PRICE",2,steal,,rhodes,,,"['mccloud,alton', 'clark,ethan', 'johnson,cory', 'moore,myles', 'ellingsworth,coleman']","['de,nick', 'samson,vaughn', 'ashby,kendrick', 'nyawata,anesu', 'galvin,owen', 'mcintyre,william', 'nestlehutt,jake']",1111
567,0864,Rhodes,Berry,1,102-114,"59,55","54,48",7-6; 1-1 SAA,5-8; 0-2 SAA,N/A,N/A,01/05/18,8:00 PM,N/A,"Memphis, Tenn.",Win,2,False,127,False,18:31,,56,,62 ,"SUB IN by EVANS,ANDREW",,,"SUB IN by EVANS,ANDREW",2,subbing in,,rhodes,"evans,andrew",,"['mccloud,alton', 'clark,ethan', 'johnson,cory', 'moore,myles', 'ellingsworth,coleman']","['de,nick', 'samson,vaughn', 'ashby,kendrick', 'nyawata,anesu', 'galvin,owen', 'mcintyre,william', 'nestlehutt,jake', 'evans,andrew']",1111
568,0864,Rhodes,Berry,1,102-114,"59,55","54,48",7-6; 1-1 SAA,5-8; 0-2 SAA,N/A,N/A,01/05/18,8:00 PM,N/A,"Memphis, Tenn.",Win,2,False,127,False,18:31,,56,,62 ,"SUB IN by GIROUX,PRESTON",,,"SUB IN by GIROUX,PRESTON",2,subbing in,,rhodes,"giroux,preston",,"['mccloud,alton', 'clark,ethan', 'johnson,cory', 'moore,myles', 'ellingsworth,coleman']","['de,nick', 'samson,vaughn', 'ashby,kendrick', 'nyawata,anesu', 'galvin,owen', 'mcintyre,william', 'nestlehutt,jake', 'evans,andrew', 'giroux,preston']",1111
569,0864,Rhodes,Berry,1,102-114,"59,55","54,48",7-6; 1-1 SAA,5-8; 0-2 SAA,N/A,N/A,01/05/18,8:00 PM,N/A,"Memphis, Tenn.",Win,2,False,127,False,18:31,,56,,62 ,"SUB IN by SAMSON,VAUGHN",,,"SUB IN by SAMSON,VAUGHN",2,subbing in,,rhodes,"samson,vaughn",,"['mccloud,alton', 'clark,ethan', 'johnson,cory', 'moore,myles', 'ellingsworth,coleman']","['de,nick', 'samson,vaughn', 'ashby,kendrick', 'nyawata,anesu', 'galvin,owen', 'mcintyre,william', 'nestlehutt,jake', 'evans,andrew', 'giroux,preston']",1111
570,0864,Rhodes,Berry,1,102-114,"59,55","54,48",7-6; 1-1 SAA,5-8; 0-2 SAA,N/A,N/A,01/05/18,8:00 PM,N/A,"Memphis, Tenn.",Win,2,False,127,False,18:31,,56,,62 ,"SUB IN by SWIFT,DJ",,,"SUB IN by SWIFT,DJ",2,subbing in,,rhodes,"swift,dj",,"['mccloud,alton', 'clark,ethan', 'johnson,cory', 'moore,myles', 'ellingsworth,coleman']","['de,nick', 'samson,vaughn', 'ashby,kendrick', 'nyawata,anesu', 'galvin,owen', 'mcintyre,william', 'nestlehutt,jake', 'evans,andrew', 'giroux,preston']",1111
571,0864,Rhodes,Berry,1,102-114,"59,55","54,48",7-6; 1-1 SAA,5-8; 0-2 SAA,N/A,N/A,01/05/18,8:00 PM,N/A,"Memphis, Tenn.",Win,2,False,127,False,18:31,,56,,62 ,"SUB IN by WEATHERFORD,MITCH",,,"SUB IN by WEATHERFORD,MITCH",2,subbing in,,rhodes,"weatherford,mitch",,"['mccloud,alton', 'clark,ethan', 'johnson,cory', 'moore,myles', 'ellingsworth,coleman']","['de,nick', 'samson,vaughn', 'ashby,kendrick', 'nyawata,anesu', 'galvin,owen', 'mcintyre,william', 'nestlehutt,jake', 'evans,andrew', 'giroux,preston', 'weatherford,mitch']",1111
572,0864,Rhodes,Berry,1,102-114,"59,55","54,48",7-6; 1-1 SAA,5-8; 0-2 SAA,N/A,N/A,01/05/18,8:00 PM,N/A,"Memphis, Tenn.",Win,2,False,127,False,18:31,,56,,62 ,"SUB OUT by GALVIN,OWEN",,,"SUB OUT by GALVIN,OWEN",2,subbing out,,rhodes,"galvin,owen",,"['mccloud,alton', 'clark,ethan', 'johnson,cory', 'moore,myles', 'ellingsworth,coleman']","['de,nick', 'samson,vaughn', 'ashby,kendrick', 'nyawata,anesu', 'mcintyre,william', 'nestlehutt,jake', 'evans,andrew', 'giroux,preston', 'weatherford,mitch']",1111
573,0864,Rhodes,Berry,1,102-114,"59,55","54,48",7-6; 1-1 SAA,5-8; 0-2 SAA,N/A,N/A,01/05/18,8:00 PM,N/A,"Memphis, Tenn.",Win,2,False,127,False,18:31,,56,,62 ,"SUB OUT by MCINTYRE,WILLIAM",,,"SUB OUT by MCINTYRE,WILLIAM",2,subbing out,,rhodes,"mcintyre,william",,"['mccloud,alton', 'clark,ethan', 'johnson,cory', 'moore,myles', 'ellingsworth,coleman']","['de,nick', 'samson,vaughn', 'ashby,kendrick', 'nyawata,anesu', 'nestlehutt,jake', 'evans,andrew', 'giroux,preston', 'weatherford,mitch']",1111
574,0864,Rhodes,Berry,1,102-114,"59,55","54,48",7-6; 1-1 SAA,5-8; 0-2 SAA,N/A,N/A,01/05/18,8:00 PM,N/A,"Memphis, Tenn.",Win,2,False,127,False,18:31,,56,,62 ,"SUB OUT by NESTLEHUTT,JAKE",,,"SUB OUT by NESTLEHUTT,JAKE",2,subbing out,,rhodes,"nestlehutt,jake",,"['mccloud,alton', 'clark,ethan', 'johnson,cory', 'moore,myles', 'ellingsworth,coleman']","['de,nick', 'samson,vaughn', 'ashby,kendrick', 'nyawata,anesu', 'evans,andrew', 'giroux,preston', 'weatherford,mitch']",1111
575,0864,Rhodes,Berry,1,102-114,"59,55","54,48",7-6; 1-1 SAA,5-8; 0-2 SAA,N/A,N/A,01/05/18,8:00 PM,N/A,"Memphis, Tenn.",Win,2,False,127,False,18:31,,56,,62 ,"SUB OUT by NYAWATA,ANESU",,,"SUB OUT by NYAWATA,ANESU",2,subbing out,,rhodes,"nyawata,anesu",,"['mccloud,alton', 'clark,ethan', 'johnson,cory', 'moore,myles', 'ellingsworth,coleman']","['de,nick', 'samson,vaughn', 'ashby,kendrick', 'evans,andrew', 'giroux,preston', 'weatherford,mitch']",1111
576,0864,Rhodes,Berry,1,102-114,"59,55","54,48",7-6; 1-1 SAA,5-8; 0-2 SAA,N/A,N/A,01/05/18,8:00 PM,N/A,"Memphis, Tenn.",Win,2,False,127,False,18:31,,56,,62 ,"SUB OUT by DALTON,PRICE",,,"SUB OUT by DALTON,PRICE",2,subbing out,,rhodes,"dalton,price",,"['mccloud,alton', 'clark,ethan', 'johnson,cory', 'moore,myles', 'ellingsworth,coleman']","['de,nick', 'samson,vaughn', 'ashby,kendrick', 'evans,andrew', 'giroux,preston', 'weatherford,mitch']",1111
577,0864,Rhodes,Berry,1,102-114,"59,55","54,48",7-6; 1-1 SAA,5-8; 0-2 SAA,N/A,N/A,01/05/18,8:00 PM,N/A,"Memphis, Tenn.",Win,2,False,127,False,18:22,"FOUL  by MOORE,MYLES",56,,62 ,,,,"FOUL  by MOORE,MYLES",2,foul,,berry,"moore,myles",,"['mccloud,alton', 'clark,ethan', 'johnson,cory', 'moore,myles', 'ellingsworth,coleman']","['de,nick', 'samson,vaughn', 'ashby,kendrick', 'evans,andrew', 'giroux,preston', 'weatherford,mitch']",1102
578,0864,Rhodes,Berry,1,102-114,"59,55","54,48",7-6; 1-1 SAA,5-8; 0-2 SAA,N/A,N/A,01/05/18,8:00 PM,N/A,"Memphis, Tenn.",Win,2,False,127,False,18:16,,56,,64 ,"GOOD LAYUP by GIROUX,PRESTON(in the paint)",RHODES 56-64 (-8),,"GOOD LAYUP by GIROUX,PRESTON(in the paint)",2,layup,good,rhodes,"giroux,preston",2,"['mccloud,alton', 'clark,ethan', 'johnson,cory', 'moore,myles', 'ellingsworth,coleman']","['de,nick', 'samson,vaughn', 'ashby,kendrick', 'evans,andrew', 'giroux,preston', 'weatherford,mitch']",1096
579,0864,Rhodes,Berry,1,102-114,"59,55","54,48",7-6; 1-1 SAA,5-8; 0-2 SAA,N/A,N/A,01/05/18,8:00 PM,N/A,"Memphis, Tenn.",Win,2,False,127,False,18:08,"GOOD LAYUP by JOHNSON,CALEB(fastbreak)(in the paint)",58,,64 ,,BCM 58-64 (-6),,"GOOD LAYUP by JOHNSON,CALEB(fastbreak)(in the paint)",2,layup,good,berry,"johnson,caleb(fastbreak)",2,"['mccloud,alton', 'clark,ethan', 'johnson,cory', 'moore,myles', 'ellingsworth,coleman']","['de,nick', 'samson,vaughn', 'ashby,kendrick', 'evans,andrew', 'giroux,preston', 'weatherford,mitch']",1088
580,0864,Rhodes,Berry,1,102-114,"59,55","54,48",7-6; 1-1 SAA,5-8; 0-2 SAA,N/A,N/A,01/05/18,8:00 PM,N/A,"Memphis, Tenn.",Win,2,False,127,False,--,"ASSIST  by JOHNSON,CORY",58,,64 ,,,,"ASSIST  by JOHNSON,CORY",2,assist,,berry,"johnson,cory",,"['mccloud,alton', 'clark,ethan', 'johnson,cory', 'moore,myles', 'ellingsworth,coleman']","['de,nick', 'samson,vaughn', 'ashby,kendrick', 'evans,andrew', 'giroux,preston', 'weatherford,mitch']",
581,0864,Rhodes,Berry,1,102-114,"59,55","54,48",7-6; 1-1 SAA,5-8; 0-2 SAA,N/A,N/A,01/05/18,8:00 PM,N/A,"Memphis, Tenn.",Win,2,False,127,False,17:45,"FOUL  by JOHNSON,CORY",58,,64 ,,,,"FOUL  by JOHNSON,CORY",2,foul,,berry,"johnson,cory",,"['mccloud,alton', 'clark,ethan', 'johnson,cory', 'moore,myles', 'ellingsworth,coleman']","['de,nick', 'samson,vaughn', 'ashby,kendrick', 'evans,andrew', 'giroux,preston', 'weatherford,mitch']",1065
582,0864,Rhodes,Berry,1,102-114,"59,55","54,48",7-6; 1-1 SAA,5-8; 0-2 SAA,N/A,N/A,01/05/18,8:00 PM,N/A,"Memphis, Tenn.",Win,2,False,127,False,17:45,,58,,65 ,"GOOD FT by SWIFT,DJ",RHODES 58-65 (-7),,"GOOD FT by SWIFT,DJ",2,free throw,good,rhodes,"swift,dj",1,"['mccloud,alton', 'clark,ethan', 'johnson,cory', 'moore,myles', 'ellingsworth,coleman']","['de,nick', 'samson,vaughn', 'ashby,kendrick', 'evans,andrew', 'giroux,preston', 'weatherford,mitch']",1065
583,0864,Rhodes,Berry,1,102-114,"59,55","54,48",7-6; 1-1 SAA,5-8; 0-2 SAA,N/A,N/A,01/05/18,8:00 PM,N/A,"Memphis, Tenn.",Win,2,False,127,False,17:45,,58,,66 ,"GOOD FT by SWIFT,DJ",RHODES 58-66 (-8),,"GOOD FT by SWIFT,DJ",2,free throw,good,rhodes,"swift,dj",1,"['mccloud,alton', 'clark,ethan', 'johnson,cory', 'moore,myles', 'ellingsworth,coleman']","['de,nick', 'samson,vaughn', 'ashby,kendrick', 'evans,andrew', 'giroux,preston', 'weatherford,mitch']",1065
584,0864,Rhodes,Berry,1,102-114,"59,55","54,48",7-6; 1-1 SAA,5-8; 0-2 SAA,N/A,N/A,01/05/18,8:00 PM,N/A,"Memphis, Tenn.",Win,2,False,127,False,17:45,,58,,66 ,"SUB IN by ROTEMAN,EVAN",,,"SUB IN by ROTEMAN,EVAN",2,subbing in,,rhodes,"roteman,evan",,"['mccloud,alton', 'clark,ethan', 'johnson,cory', 'moore,myles', 'ellingsworth,coleman']","['de,nick', 'samson,vaughn', 'ashby,kendrick', 'evans,andrew', 'giroux,preston', 'weatherford,mitch']",1065
585,0864,Rhodes,Berry,1,102-114,"59,55","54,48",7-6; 1-1 SAA,5-8; 0-2 SAA,N/A,N/A,01/05/18,8:00 PM,N/A,"Memphis, Tenn.",Win,2,False,127,False,17:45,,58,,66 ,"SUB IN by LOVE,KERRY",,,"SUB IN by LOVE,KERRY",2,subbing in,,rhodes,"love,kerry",,"['mccloud,alton', 'clark,ethan', 'johnson,cory', 'moore,myles', 'ellingsworth,coleman']","['de,nick', 'samson,vaughn', 'ashby,kendrick', 'evans,andrew', 'giroux,preston', 'weatherford,mitch', 'love,kerry']",1065
586,0864,Rhodes,Berry,1,102-114,"59,55","54,48",7-6; 1-1 SAA,5-8; 0-2 SAA,N/A,N/A,01/05/18,8:00 PM,N/A,"Memphis, Tenn.",Win,2,False,127,False,17:45,,58,,66 ,"SUB IN by ASHBY,KENDRICK",,,"SUB IN by ASHBY,KENDRICK",2,subbing in,,rhodes,"ashby,kendrick",,"['mccloud,alton', 'clark,ethan', 'johnson,cory', 'moore,myles', 'ellingsworth,coleman']","['de,nick', 'samson,vaughn', 'ashby,kendrick', 'evans,andrew', 'giroux,preston', 'weatherford,mitch', 'love,kerry']",1065
587,0864,Rhodes,Berry,1,102-114,"59,55","54,48",7-6; 1-1 SAA,5-8; 0-2 SAA,N/A,N/A,01/05/18,8:00 PM,N/A,"Memphis, Tenn.",Win,2,False,127,False,17:45,,58,,66 ,"SUB IN by DARST,DANIEL",,,"SUB IN by DARST,DANIEL",2,subbing in,,rhodes,"darst,daniel",,"['mccloud,alton', 'clark,ethan', 'johnson,cory', 'moore,myles', 'ellingsworth,coleman']","['de,nick', 'samson,vaughn', 'ashby,kendrick', 'evans,andrew', 'giroux,preston', 'weatherford,mitch', 'love,kerry']",1065
588,0864,Rhodes,Berry,1,102-114,"59,55","54,48",7-6; 1-1 SAA,5-8; 0-2 SAA,N/A,N/A,01/05/18,8:00 PM,N/A,"Memphis, Tenn.",Win,2,False,127,False,17:45,,58,,66 ,"SUB IN by BERRY,BRYCE",,,"SUB IN by BERRY,BRYCE",2,subbing in,,rhodes,"berry,bryce",,"['mccloud,alton', 'clark,ethan', 'johnson,cory', 'moore,myles', 'ellingsworth,coleman']","['de,nick', 'samson,vaughn', 'ashby,kendrick', 'evans,andrew', 'giroux,preston', 'weatherford,mitch', 'love,kerry', 'berry,bryce']",1065
589,0864,Rhodes,Berry,1,102-114,"59,55","54,48",7-6; 1-1 SAA,5-8; 0-2 SAA,N/A,N/A,01/05/18,8:00 PM,N/A,"Memphis, Tenn.",Win,2,False,127,False,17:45,,58,,66 ,"SUB OUT by SWIFT,DJ",,,"SUB OUT by SWIFT,DJ",2,subbing out,,rhodes,"swift,dj",,"['mccloud,alton', 'clark,ethan', 'johnson,cory', 'moore,myles', 'ellingsworth,coleman']","['de,nick', 'samson,vaughn', 'ashby,kendrick', 'evans,andrew', 'giroux,preston', 'weatherford,mitch', 'love,kerry', 'berry,bryce']",1065
590,0864,Rhodes,Berry,1,102-114,"59,55","54,48",7-6; 1-1 SAA,5-8; 0-2 SAA,N/A,N/A,01/05/18,8:00 PM,N/A,"Memphis, Tenn.",Win,2,False,127,False,17:45,,58,,66 ,"SUB OUT by EVANS,ANDREW",,,"SUB OUT by EVANS,ANDREW",2,subbing out,,rhodes,"evans,andrew",,"['mccloud,alton', 'clark,ethan', 'johnson,cory', 'moore,myles', 'ellingsworth,coleman']","['de,nick', 'samson,vaughn', 'ashby,kendrick', 'evans,andrew', 'giroux,preston', 'weatherford,mitch', 'love,kerry', 'berry,bryce']",1065
591,0864,Rhodes,Berry,1,102-114,"59,55","54,48",7-6; 1-1 SAA,5-8; 0-2 SAA,N/A,N/A,01/05/18,8:00 PM,N/A,"Memphis, Tenn.",Win,2,False,127,False,17:45,,58,,66 ,"SUB OUT by GIROUX,PRESTON",,,"SUB OUT by GIROUX,PRESTON",2,subbing out,,rhodes,"giroux,preston",,"['mccloud,alton', 'clark,ethan', 'johnson,cory', 'moore,myles', 'ellingsworth,coleman']","['de,nick', 'samson,vaughn', 'ashby,kendrick', 'evans,andrew', 'weatherford,mitch', 'love,kerry', 'berry,bryce']",1065
592,0864,Rhodes,Berry,1,102-114,"59,55","54,48",7-6; 1-1 SAA,5-8; 0-2 SAA,N/A,N/A,01/05/18,8:00 PM,N/A,"Memphis, Tenn.",Win,2,False,127,False,17:45,,58,,66 ,"SUB OUT by SAMSON,VAUGHN",,,"SUB OUT by SAMSON,VAUGHN",2,subbing out,,rhodes,"samson,vaughn",,"['mccloud,alton', 'clark,ethan', 'johnson,cory', 'moore,myles', 'ellingsworth,coleman']","['de,nick', 'ashby,kendrick', 'evans,andrew', 'weatherford,mitch', 'love,kerry', 'berry,bryce']",1065
593,0864,Rhodes,Berry,1,102-114,"59,55","54,48",7-6; 1-1 SAA,5-8; 0-2 SAA,N/A,N/A,01/05/18,8:00 PM,N/A,"Memphis, Tenn.",Win,2,False,127,False,17:45,,58,,66 ,"SUB OUT by WEATHERFORD,MITCH",,,"SUB OUT by WEATHERFORD,MITCH",2,subbing out,,rhodes,"weatherford,mitch",,"['mccloud,alton', 'clark,ethan', 'johnson,cory', 'moore,myles', 'ellingsworth,coleman']","['de,nick', 'ashby,kendrick', 'evans,andrew', 'love,kerry', 'berry,bryce']",1065
594,0864,Rhodes,Berry,1,102-114,"59,55","54,48",7-6; 1-1 SAA,5-8; 0-2 SAA,N/A,N/A,01/05/18,8:00 PM,N/A,"Memphis, Tenn.",Win,2,False,127,False,17:33,"MISS LAYUP by MOORE,MYLES",58,,66 ,,,,"MISS LAYUP by MOORE,MYLES",2,layup,missed,berry,"moore,myles",,"['mccloud,alton', 'clark,ethan', 'johnson,cory', 'moore,myles', 'ellingsworth,coleman']","['de,nick', 'ashby,kendrick', 'evans,andrew', 'love,kerry', 'berry,bryce']",1053
595,0864,Rhodes,Berry,1,102-114,"59,55","54,48",7-6; 1-1 SAA,5-8; 0-2 SAA,N/A,N/A,01/05/18,8:00 PM,N/A,"Memphis, Tenn.",Win,2,False,127,False,17:33,,58,,66 ,"BLOCK  by ASHBY,KENDRICK",,,"BLOCK  by ASHBY,KENDRICK",2,block,,rhodes,"ashby,kendrick",,"['mccloud,alton', 'clark,ethan', 'johnson,cory', 'moore,myles', 'ellingsworth,coleman']","['de,nick', 'ashby,kendrick', 'evans,andrew', 'love,kerry', 'berry,bryce']",1053
596,0864,Rhodes,Berry,1,102-114,"59,55","54,48",7-6; 1-1 SAA,5-8; 0-2 SAA,N/A,N/A,01/05/18,8:00 PM,N/A,"Memphis, Tenn.",Win,2,False,127,False,--,,58,,66 ,"REBOUND DEF by ASHBY,KENDRICK",,,"REBOUND DEF by ASHBY,KENDRICK",2,defensive rebound,,rhodes,"ashby,kendrick",,"['mccloud,alton', 'clark,ethan', 'johnson,cory', 'moore,myles', 'ellingsworth,coleman']","['de,nick', 'ashby,kendrick', 'evans,andrew', 'love,kerry', 'berry,bryce']",
597,0864,Rhodes,Berry,1,102-114,"59,55","54,48",7-6; 1-1 SAA,5-8; 0-2 SAA,N/A,N/A,01/05/18,8:00 PM,N/A,"Memphis, Tenn.",Win,2,False,127,False,17:29,,58,,66 ,"MISS LAYUP by BERRY,BRYCE",,,"MISS LAYUP by BERRY,BRYCE",2,layup,missed,rhodes,"berry,bryce",,"['mccloud,alton', 'clark,ethan', 'johnson,cory', 'moore,myles', 'ellingsworth,coleman']","['de,nick', 'ashby,kendrick', 'evans,andrew', 'love,kerry', 'berry,bryce']",1049
598,0864,Rhodes,Berry,1,102-114,"59,55","54,48",7-6; 1-1 SAA,5-8; 0-2 SAA,N/A,N/A,01/05/18,8:00 PM,N/A,"Memphis, Tenn.",Win,2,False,127,False,--,"REBOUND DEF by JOHNSON,CALEB",58,,66 ,,,,"REBOUND DEF by JOHNSON,CALEB",2,defensive rebound,,berry,"johnson,caleb",,"['mccloud,alton', 'clark,ethan', 'johnson,cory', 'moore,myles', 'ellingsworth,coleman']","['de,nick', 'ashby,kendrick', 'evans,andrew', 'love,kerry', 'berry,bryce']",
599,0864,Rhodes,Berry,1,102-114,"59,55","54,48",7-6; 1-1 SAA,5-8; 0-2 SAA,N/A,N/A,01/05/18,8:00 PM,N/A,"Memphis, Tenn.",Win,2,False,127,False,17:23,"TURNOVER  by JOHNSON,CALEB",58,,66 ,,,,"TURNOVER  by JOHNSON,CALEB",2,turnover,,berry,"johnson,caleb",,"['mccloud,alton', 'clark,ethan', 'johnson,cory', 'moore,myles', 'ellingsworth,coleman']","['de,nick', 'ashby,kendrick', 'evans,andrew', 'love,kerry', 'berry,bryce']",1043
600,0864,Rhodes,Berry,1,102-114,"59,55","54,48",7-6; 1-1 SAA,5-8; 0-2 SAA,N/A,N/A,01/05/18,8:00 PM,N/A,"Memphis, Tenn.",Win,2,False,127,False,17:22,,58,,66 ,"STEAL  by ASHBY,KENDRICK",,,"STEAL  by ASHBY,KENDRICK",2,steal,,rhodes,,,"['mccloud,alton', 'clark,ethan', 'johnson,cory', 'moore,myles', 'ellingsworth,coleman']","['de,nick', 'ashby,kendrick', 'evans,andrew', 'love,kerry', 'berry,bryce']",1042
601,0864,Rhodes,Berry,1,102-114,"59,55","54,48",7-6; 1-1 SAA,5-8; 0-2 SAA,N/A,N/A,01/05/18,8:00 PM,N/A,"Memphis, Tenn.",Win,2,False,127,False,17:19,,58,,68 ,"GOOD LAYUP by BERRY,BRYCE(fastbreak)(in the paint)",RHODES 58-68 (-10),,"GOOD LAYUP by BERRY,BRYCE(fastbreak)(in the paint)",2,layup,good,rhodes,"berry,bryce(fastbreak)",2,"['mccloud,alton', 'clark,ethan', 'johnson,cory', 'moore,myles', 'ellingsworth,coleman']","['de,nick', 'ashby,kendrick', 'evans,andrew', 'love,kerry', 'berry,bryce']",1039
602,0864,Rhodes,Berry,1,102-114,"59,55","54,48",7-6; 1-1 SAA,5-8; 0-2 SAA,N/A,N/A,01/05/18,8:00 PM,N/A,"Memphis, Tenn.",Win,2,False,127,False,--,,58,,68 ,"ASSIST  by DARST,DANIEL",,,"ASSIST  by DARST,DANIEL",2,assist,,rhodes,"darst,daniel",,"['mccloud,alton', 'clark,ethan', 'johnson,cory', 'moore,myles', 'ellingsworth,coleman']","['de,nick', 'ashby,kendrick', 'evans,andrew', 'love,kerry', 'berry,bryce']",
603,0864,Rhodes,Berry,1,102-114,"59,55","54,48",7-6; 1-1 SAA,5-8; 0-2 SAA,N/A,N/A,01/05/18,8:00 PM,N/A,"Memphis, Tenn.",Win,2,False,127,False,17:06,"GOOD LAYUP by JOHNSON,CALEB(fastbreak)(in the paint)",60,,68 ,,BCM 60-68 (-8),,"GOOD LAYUP by JOHNSON,CALEB(fastbreak)(in the paint)",2,layup,good,berry,"johnson,caleb(fastbreak)",2,"['mccloud,alton', 'clark,ethan', 'johnson,cory', 'moore,myles', 'ellingsworth,coleman']","['de,nick', 'ashby,kendrick', 'evans,andrew', 'love,kerry', 'berry,bryce']",1026
604,0864,Rhodes,Berry,1,102-114,"59,55","54,48",7-6; 1-1 SAA,5-8; 0-2 SAA,N/A,N/A,01/05/18,8:00 PM,N/A,"Memphis, Tenn.",Win,2,False,127,False,--,"ASSIST  by JOHNSON,CORY",60,,68 ,,,,"ASSIST  by JOHNSON,CORY",2,assist,,berry,"johnson,cory",,"['mccloud,alton', 'clark,ethan', 'johnson,cory', 'moore,myles', 'ellingsworth,coleman']","['de,nick', 'ashby,kendrick', 'evans,andrew', 'love,kerry', 'berry,bryce']",
605,0864,Rhodes,Berry,1,102-114,"59,55","54,48",7-6; 1-1 SAA,5-8; 0-2 SAA,N/A,N/A,01/05/18,8:00 PM,N/A,"Memphis, Tenn.",Win,2,False,127,False,16:57,,60,,68 ,"MISS 3PTR by BERRY,BRYCE",,,"MISS 3PTR by BERRY,BRYCE",2,three pointer,missed,rhodes,"berry,bryce",,"['mccloud,alton', 'clark,ethan', 'johnson,cory', 'moore,myles', 'ellingsworth,coleman']","['de,nick', 'ashby,kendrick', 'evans,andrew', 'love,kerry', 'berry,bryce']",1017
606,0864,Rhodes,Berry,1,102-114,"59,55","54,48",7-6; 1-1 SAA,5-8; 0-2 SAA,N/A,N/A,01/05/18,8:00 PM,N/A,"Memphis, Tenn.",Win,2,False,127,False,--,,60,,68 ,"REBOUND OFF by BERRY,BRYCE",,,"REBOUND OFF by BERRY,BRYCE",2,offensive rebound,,rhodes,"berry,bryce",,"['mccloud,alton', 'clark,ethan', 'johnson,cory', 'moore,myles', 'ellingsworth,coleman']","['de,nick', 'ashby,kendrick', 'evans,andrew', 'love,kerry', 'berry,bryce']",
607,0864,Rhodes,Berry,1,102-114,"59,55","54,48",7-6; 1-1 SAA,5-8; 0-2 SAA,N/A,N/A,01/05/18,8:00 PM,N/A,"Memphis, Tenn.",Win,2,False,127,False,16:54,,60,,70 ,"GOOD LAYUP by BERRY,BRYCE(in the paint)",RHODES 60-70 (-10),,"GOOD LAYUP by BERRY,BRYCE(in the paint)",2,layup,good,rhodes,"berry,bryce",2,"['mccloud,alton', 'clark,ethan', 'johnson,cory', 'moore,myles', 'ellingsworth,coleman']","['de,nick', 'ashby,kendrick', 'evans,andrew', 'love,kerry', 'berry,bryce']",1014
608,0864,Rhodes,Berry,1,102-114,"59,55","54,48",7-6; 1-1 SAA,5-8; 0-2 SAA,N/A,N/A,01/05/18,8:00 PM,N/A,"Memphis, Tenn.",Win,2,False,127,False,16:42,"TURNOVER  by JOHNSON,CALEB",60,,70 ,,,,"TURNOVER  by JOHNSON,CALEB",2,turnover,,berry,"johnson,caleb",,"['mccloud,alton', 'clark,ethan', 'johnson,cory', 'moore,myles', 'ellingsworth,coleman']","['de,nick', 'ashby,kendrick', 'evans,andrew', 'love,kerry', 'berry,bryce']",1002
609,0864,Rhodes,Berry,1,102-114,"59,55","54,48",7-6; 1-1 SAA,5-8; 0-2 SAA,N/A,N/A,01/05/18,8:00 PM,N/A,"Memphis, Tenn.",Win,2,False,127,False,16:42,,60,,70 ,TIMEOUT 20SEC by TEAM,,,TIMEOUT 20SEC by TEAM,2,timeout,,rhodes,,,"['mccloud,alton', 'clark,ethan', 'johnson,cory', 'moore,myles', 'ellingsworth,coleman']","['de,nick', 'ashby,kendrick', 'evans,andrew', 'love,kerry', 'berry,bryce']",1002
610,0864,Rhodes,Berry,1,102-114,"59,55","54,48",7-6; 1-1 SAA,5-8; 0-2 SAA,N/A,N/A,01/05/18,8:00 PM,N/A,"Memphis, Tenn.",Win,2,False,127,False,16:42,"SUB IN by ATKINSON,QUINN",60,,70 ,,,,"SUB IN by ATKINSON,QUINN",2,subbing in,,berry,"atkinson,quinn",,"['mccloud,alton', 'clark,ethan', 'johnson,cory', 'moore,myles', 'ellingsworth,coleman', 'atkinson,quinn']","['de,nick', 'ashby,kendrick', 'evans,andrew', 'love,kerry', 'berry,bryce']",1002
611,0864,Rhodes,Berry,1,102-114,"59,55","54,48",7-6; 1-1 SAA,5-8; 0-2 SAA,N/A,N/A,01/05/18,8:00 PM,N/A,"Memphis, Tenn.",Win,2,False,127,False,16:42,"SUB OUT by MCCLOUD,ALTON",60,,70 ,,,,"SUB OUT by MCCLOUD,ALTON",2,subbing out,,berry,"mccloud,alton",,"['clark,ethan', 'johnson,cory', 'moore,myles', 'ellingsworth,coleman', 'atkinson,quinn']","['de,nick', 'ashby,kendrick', 'evans,andrew', 'love,kerry', 'berry,bryce']",1002
612,0864,Rhodes,Berry,1,102-114,"59,55","54,48",7-6; 1-1 SAA,5-8; 0-2 SAA,N/A,N/A,01/05/18,8:00 PM,N/A,"Memphis, Tenn.",Win,2,False,127,False,16:42,,60,,70 ,"SUB IN by GALVIN,OWEN",,,"SUB IN by GALVIN,OWEN",2,subbing in,,rhodes,"galvin,owen",,"['clark,ethan', 'johnson,cory', 'moore,myles', 'ellingsworth,coleman', 'atkinson,quinn']","['de,nick', 'ashby,kendrick', 'evans,andrew', 'love,kerry', 'berry,bryce', 'galvin,owen']",1002
613,0864,Rhodes,Berry,1,102-114,"59,55","54,48",7-6; 1-1 SAA,5-8; 0-2 SAA,N/A,N/A,01/05/18,8:00 PM,N/A,"Memphis, Tenn.",Win,2,False,127,False,16:42,,60,,70 ,"SUB IN by MCINTYRE,WILLIAM",,,"SUB IN by MCINTYRE,WILLIAM",2,subbing in,,rhodes,"mcintyre,william",,"['clark,ethan', 'johnson,cory', 'moore,myles', 'ellingsworth,coleman', 'atkinson,quinn']","['de,nick', 'ashby,kendrick', 'evans,andrew', 'love,kerry', 'berry,bryce', 'galvin,owen', 'mcintyre,william']",1002
614,0864,Rhodes,Berry,1,102-114,"59,55","54,48",7-6; 1-1 SAA,5-8; 0-2 SAA,N/A,N/A,01/05/18,8:00 PM,N/A,"Memphis, Tenn.",Win,2,False,127,False,16:42,,60,,70 ,"SUB IN by NESTLEHUTT,JAKE",,,"SUB IN by NESTLEHUTT,JAKE",2,subbing in,,rhodes,"nestlehutt,jake",,"['clark,ethan', 'johnson,cory', 'moore,myles', 'ellingsworth,coleman', 'atkinson,quinn']","['de,nick', 'ashby,kendrick', 'evans,andrew', 'love,kerry', 'berry,bryce', 'galvin,owen', 'mcintyre,william', 'nestlehutt,jake']",1002
615,0864,Rhodes,Berry,1,102-114,"59,55","54,48",7-6; 1-1 SAA,5-8; 0-2 SAA,N/A,N/A,01/05/18,8:00 PM,N/A,"Memphis, Tenn.",Win,2,False,127,False,16:42,,60,,70 ,"SUB IN by NYAWATA,ANESU",,,"SUB IN by NYAWATA,ANESU",2,subbing in,,rhodes,"nyawata,anesu",,"['clark,ethan', 'johnson,cory', 'moore,myles', 'ellingsworth,coleman', 'atkinson,quinn']","['de,nick', 'ashby,kendrick', 'evans,andrew', 'love,kerry', 'berry,bryce', 'galvin,owen', 'mcintyre,william', 'nestlehutt,jake', 'nyawata,anesu']",1002
616,0864,Rhodes,Berry,1,102-114,"59,55","54,48",7-6; 1-1 SAA,5-8; 0-2 SAA,N/A,N/A,01/05/18,8:00 PM,N/A,"Memphis, Tenn.",Win,2,False,127,False,16:42,,60,,70 ,"SUB IN by DALTON,PRICE",,,"SUB IN by DALTON,PRICE",2,subbing in,,rhodes,"dalton,price",,"['clark,ethan', 'johnson,cory', 'moore,myles', 'ellingsworth,coleman', 'atkinson,quinn']","['de,nick', 'ashby,kendrick', 'evans,andrew', 'love,kerry', 'berry,bryce', 'galvin,owen', 'mcintyre,william', 'nestlehutt,jake', 'nyawata,anesu', 'dalton,price']",1002
617,0864,Rhodes,Berry,1,102-114,"59,55","54,48",7-6; 1-1 SAA,5-8; 0-2 SAA,N/A,N/A,01/05/18,8:00 PM,N/A,"Memphis, Tenn.",Win,2,False,127,False,16:42,,60,,70 ,"SUB OUT by LOVE,KERRY",,,"SUB OUT by LOVE,KERRY",2,subbing out,,rhodes,"love,kerry",,"['clark,ethan', 'johnson,cory', 'moore,myles', 'ellingsworth,coleman', 'atkinson,quinn']","['de,nick', 'ashby,kendrick', 'evans,andrew', 'berry,bryce', 'galvin,owen', 'mcintyre,william', 'nestlehutt,jake', 'nyawata,anesu', 'dalton,price']",1002
618,0864,Rhodes,Berry,1,102-114,"59,55","54,48",7-6; 1-1 SAA,5-8; 0-2 SAA,N/A,N/A,01/05/18,8:00 PM,N/A,"Memphis, Tenn.",Win,2,False,127,False,16:42,,60,,70 ,"SUB OUT by ASHBY,KENDRICK",,,"SUB OUT by ASHBY,KENDRICK",2,subbing out,,rhodes,"ashby,kendrick",,"['clark,ethan', 'johnson,cory', 'moore,myles', 'ellingsworth,coleman', 'atkinson,quinn']","['de,nick', 'evans,andrew', 'berry,bryce', 'galvin,owen', 'mcintyre,william', 'nestlehutt,jake', 'nyawata,anesu', 'dalton,price']",1002
619,0864,Rhodes,Berry,1,102-114,"59,55","54,48",7-6; 1-1 SAA,5-8; 0-2 SAA,N/A,N/A,01/05/18,8:00 PM,N/A,"Memphis, Tenn.",Win,2,False,127,False,16:42,,60,,70 ,"SUB OUT by DARST,DANIEL",,,"SUB OUT by DARST,DANIEL",2,subbing out,,rhodes,"darst,daniel",,"['clark,ethan', 'johnson,cory', 'moore,myles', 'ellingsworth,coleman', 'atkinson,quinn']","['de,nick', 'evans,andrew', 'berry,bryce', 'galvin,owen', 'mcintyre,william', 'nestlehutt,jake', 'nyawata,anesu', 'dalton,price']",1002
620,0864,Rhodes,Berry,1,102-114,"59,55","54,48",7-6; 1-1 SAA,5-8; 0-2 SAA,N/A,N/A,01/05/18,8:00 PM,N/A,"Memphis, Tenn.",Win,2,False,127,False,16:42,,60,,70 ,"SUB OUT by ROTEMAN,EVAN",,,"SUB OUT by ROTEMAN,EVAN",2,subbing out,,rhodes,"roteman,evan",,"['clark,ethan', 'johnson,cory', 'moore,myles', 'ellingsworth,coleman', 'atkinson,quinn']","['de,nick', 'evans,andrew', 'berry,bryce', 'galvin,owen', 'mcintyre,william', 'nestlehutt,jake', 'nyawata,anesu', 'dalton,price']",1002
621,0864,Rhodes,Berry,1,102-114,"59,55","54,48",7-6; 1-1 SAA,5-8; 0-2 SAA,N/A,N/A,01/05/18,8:00 PM,N/A,"Memphis, Tenn.",Win,2,False,127,False,16:42,,60,,70 ,"SUB OUT by BERRY,BRYCE",,,"SUB OUT by BERRY,BRYCE",2,subbing out,,rhodes,"berry,bryce",,"['clark,ethan', 'johnson,cory', 'moore,myles', 'ellingsworth,coleman', 'atkinson,quinn']","['de,nick', 'evans,andrew', 'galvin,owen', 'mcintyre,william', 'nestlehutt,jake', 'nyawata,anesu', 'dalton,price']",1002
622,0864,Rhodes,Berry,1,102-114,"59,55","54,48",7-6; 1-1 SAA,5-8; 0-2 SAA,N/A,N/A,01/05/18,8:00 PM,N/A,"Memphis, Tenn.",Win,2,False,127,False,16:27,,60,,70 ,"TURNOVER  by MCINTYRE,WILLIAM",,,"TURNOVER  by MCINTYRE,WILLIAM",2,turnover,,rhodes,"mcintyre,william",,"['clark,ethan', 'johnson,cory', 'moore,myles', 'ellingsworth,coleman', 'atkinson,quinn']","['de,nick', 'evans,andrew', 'galvin,owen', 'mcintyre,william', 'nestlehutt,jake', 'nyawata,anesu', 'dalton,price']",987
623,0864,Rhodes,Berry,1,102-114,"59,55","54,48",7-6; 1-1 SAA,5-8; 0-2 SAA,N/A,N/A,01/05/18,8:00 PM,N/A,"Memphis, Tenn.",Win,2,False,127,False,16:26,"TURNOVER  by ATKINSON,QUINN",60,,70 ,,,,"TURNOVER  by ATKINSON,QUINN",2,turnover,,berry,"atkinson,quinn",,"['clark,ethan', 'johnson,cory', 'moore,myles', 'ellingsworth,coleman', 'atkinson,quinn']","['de,nick', 'evans,andrew', 'galvin,owen', 'mcintyre,william', 'nestlehutt,jake', 'nyawata,anesu', 'dalton,price']",986
624,0864,Rhodes,Berry,1,102-114,"59,55","54,48",7-6; 1-1 SAA,5-8; 0-2 SAA,N/A,N/A,01/05/18,8:00 PM,N/A,"Memphis, Tenn.",Win,2,False,127,False,16:24,"SUB IN by FORTE,MCCARTY",60,,70 ,,,,"SUB IN by FORTE,MCCARTY",2,subbing in,,berry,"forte,mccarty",,"['clark,ethan', 'johnson,cory', 'moore,myles', 'ellingsworth,coleman', 'atkinson,quinn', 'forte,mccarty']","['de,nick', 'evans,andrew', 'galvin,owen', 'mcintyre,william', 'nestlehutt,jake', 'nyawata,anesu', 'dalton,price']",984
625,0864,Rhodes,Berry,1,102-114,"59,55","54,48",7-6; 1-1 SAA,5-8; 0-2 SAA,N/A,N/A,01/05/18,8:00 PM,N/A,"Memphis, Tenn.",Win,2,False,127,False,16:24,"SUB OUT by ATKINSON,QUINN",60,,70 ,,,,"SUB OUT by ATKINSON,QUINN",2,subbing out,,berry,"atkinson,quinn",,"['clark,ethan', 'johnson,cory', 'moore,myles', 'ellingsworth,coleman', 'forte,mccarty']","['de,nick', 'evans,andrew', 'galvin,owen', 'mcintyre,william', 'nestlehutt,jake', 'nyawata,anesu', 'dalton,price']",984
626,0864,Rhodes,Berry,1,102-114,"59,55","54,48",7-6; 1-1 SAA,5-8; 0-2 SAA,N/A,N/A,01/05/18,8:00 PM,N/A,"Memphis, Tenn.",Win,2,False,127,False,16:13,,60,,70 ,"MISS 3PTR by DALTON,PRICE",,,"MISS 3PTR by DALTON,PRICE",2,three pointer,missed,rhodes,"dalton,price",,"['clark,ethan', 'johnson,cory', 'moore,myles', 'ellingsworth,coleman', 'forte,mccarty']","['de,nick', 'evans,andrew', 'galvin,owen', 'mcintyre,william', 'nestlehutt,jake', 'nyawata,anesu', 'dalton,price']",973
627,0864,Rhodes,Berry,1,102-114,"59,55","54,48",7-6; 1-1 SAA,5-8; 0-2 SAA,N/A,N/A,01/05/18,8:00 PM,N/A,"Memphis, Tenn.",Win,2,False,127,False,--,REBOUND DEADB by TEAM,60,,70 ,,,,REBOUND DEADB by TEAM,2,deadball rebound,,berry,,,"['clark,ethan', 'johnson,cory', 'moore,myles', 'ellingsworth,coleman', 'forte,mccarty']","['de,nick', 'evans,andrew', 'galvin,owen', 'mcintyre,william', 'nestlehutt,jake', 'nyawata,anesu', 'dalton,price']",
628,0864,Rhodes,Berry,1,102-114,"59,55","54,48",7-6; 1-1 SAA,5-8; 0-2 SAA,N/A,N/A,01/05/18,8:00 PM,N/A,"Memphis, Tenn.",Win,2,False,127,False,16:09,,60,,70 ,"FOUL  by NESTLEHUTT,JAKE",,,"FOUL  by NESTLEHUTT,JAKE",2,foul,,rhodes,"nestlehutt,jake",,"['clark,ethan', 'johnson,cory', 'moore,myles', 'ellingsworth,coleman', 'forte,mccarty']","['de,nick', 'evans,andrew', 'galvin,owen', 'mcintyre,william', 'nestlehutt,jake', 'nyawata,anesu', 'dalton,price']",969
629,0864,Rhodes,Berry,1,102-114,"59,55","54,48",7-6; 1-1 SAA,5-8; 0-2 SAA,N/A,N/A,01/05/18,8:00 PM,N/A,"Memphis, Tenn.",Win,2,False,127,False,16:09,"SUB IN by HIRSH,ELIJAH",60,,70 ,,,,"SUB IN by HIRSH,ELIJAH",2,subbing in,,berry,"hirsh,elijah",,"['clark,ethan', 'johnson,cory', 'moore,myles', 'ellingsworth,coleman', 'forte,mccarty', 'hirsh,elijah']","['de,nick', 'evans,andrew', 'galvin,owen', 'mcintyre,william', 'nestlehutt,jake', 'nyawata,anesu', 'dalton,price']",969
630,0864,Rhodes,Berry,1,102-114,"59,55","54,48",7-6; 1-1 SAA,5-8; 0-2 SAA,N/A,N/A,01/05/18,8:00 PM,N/A,"Memphis, Tenn.",Win,2,False,127,False,16:09,"SUB OUT by ELLINGSWORTH,COLEMAN",60,,70 ,,,,"SUB OUT by ELLINGSWORTH,COLEMAN",2,subbing out,,berry,"ellingsworth,coleman",,"['clark,ethan', 'johnson,cory', 'moore,myles', 'forte,mccarty', 'hirsh,elijah']","['de,nick', 'evans,andrew', 'galvin,owen', 'mcintyre,william', 'nestlehutt,jake', 'nyawata,anesu', 'dalton,price']",969
631,0864,Rhodes,Berry,1,102-114,"59,55","54,48",7-6; 1-1 SAA,5-8; 0-2 SAA,N/A,N/A,01/05/18,8:00 PM,N/A,"Memphis, Tenn.",Win,2,False,127,False,16:09,,60,,70 ,"SUB IN by EVANS,ANDREW",,,"SUB IN by EVANS,ANDREW",2,subbing in,,rhodes,"evans,andrew",,"['clark,ethan', 'johnson,cory', 'moore,myles', 'forte,mccarty', 'hirsh,elijah']","['de,nick', 'evans,andrew', 'galvin,owen', 'mcintyre,william', 'nestlehutt,jake', 'nyawata,anesu', 'dalton,price']",969
632,0864,Rhodes,Berry,1,102-114,"59,55","54,48",7-6; 1-1 SAA,5-8; 0-2 SAA,N/A,N/A,01/05/18,8:00 PM,N/A,"Memphis, Tenn.",Win,2,False,127,False,16:09,,60,,70 ,"SUB IN by GIROUX,PRESTON",,,"SUB IN by GIROUX,PRESTON",2,subbing in,,rhodes,"giroux,preston",,"['clark,ethan', 'johnson,cory', 'moore,myles', 'forte,mccarty', 'hirsh,elijah']","['de,nick', 'evans,andrew', 'galvin,owen', 'mcintyre,william', 'nestlehutt,jake', 'nyawata,anesu', 'dalton,price']",969
633,0864,Rhodes,Berry,1,102-114,"59,55","54,48",7-6; 1-1 SAA,5-8; 0-2 SAA,N/A,N/A,01/05/18,8:00 PM,N/A,"Memphis, Tenn.",Win,2,False,127,False,16:09,,60,,70 ,"SUB IN by SAMSON,VAUGHN",,,"SUB IN by SAMSON,VAUGHN",2,subbing in,,rhodes,"samson,vaughn",,"['clark,ethan', 'johnson,cory', 'moore,myles', 'forte,mccarty', 'hirsh,elijah']","['de,nick', 'evans,andrew', 'galvin,owen', 'mcintyre,william', 'nestlehutt,jake', 'nyawata,anesu', 'dalton,price', 'samson,vaughn']",969
634,0864,Rhodes,Berry,1,102-114,"59,55","54,48",7-6; 1-1 SAA,5-8; 0-2 SAA,N/A,N/A,01/05/18,8:00 PM,N/A,"Memphis, Tenn.",Win,2,False,127,False,16:09,,60,,70 ,"SUB IN by SWIFT,DJ",,,"SUB IN by SWIFT,DJ",2,subbing in,,rhodes,"swift,dj",,"['clark,ethan', 'johnson,cory', 'moore,myles', 'forte,mccarty', 'hirsh,elijah']","['de,nick', 'evans,andrew', 'galvin,owen', 'mcintyre,william', 'nestlehutt,jake', 'nyawata,anesu', 'dalton,price', 'samson,vaughn', 'swift,dj']",969
635,0864,Rhodes,Berry,1,102-114,"59,55","54,48",7-6; 1-1 SAA,5-8; 0-2 SAA,N/A,N/A,01/05/18,8:00 PM,N/A,"Memphis, Tenn.",Win,2,False,127,False,16:09,,60,,70 ,"SUB IN by WEATHERFORD,MITCH",,,"SUB IN by WEATHERFORD,MITCH",2,subbing in,,rhodes,"weatherford,mitch",,"['clark,ethan', 'johnson,cory', 'moore,myles', 'forte,mccarty', 'hirsh,elijah']","['de,nick', 'evans,andrew', 'galvin,owen', 'mcintyre,william', 'nestlehutt,jake', 'nyawata,anesu', 'dalton,price', 'samson,vaughn', 'swift,dj', 'weatherford,mitch']",969
636,0864,Rhodes,Berry,1,102-114,"59,55","54,48",7-6; 1-1 SAA,5-8; 0-2 SAA,N/A,N/A,01/05/18,8:00 PM,N/A,"Memphis, Tenn.",Win,2,False,127,False,16:09,,60,,70 ,"SUB OUT by GALVIN,OWEN",,,"SUB OUT by GALVIN,OWEN",2,subbing out,,rhodes,"galvin,owen",,"['clark,ethan', 'johnson,cory', 'moore,myles', 'forte,mccarty', 'hirsh,elijah']","['de,nick', 'evans,andrew', 'mcintyre,william', 'nestlehutt,jake', 'nyawata,anesu', 'dalton,price', 'samson,vaughn', 'swift,dj', 'weatherford,mitch']",969
637,0864,Rhodes,Berry,1,102-114,"59,55","54,48",7-6; 1-1 SAA,5-8; 0-2 SAA,N/A,N/A,01/05/18,8:00 PM,N/A,"Memphis, Tenn.",Win,2,False,127,False,16:09,,60,,70 ,"SUB OUT by MCINTYRE,WILLIAM",,,"SUB OUT by MCINTYRE,WILLIAM",2,subbing out,,rhodes,"mcintyre,william",,"['clark,ethan', 'johnson,cory', 'moore,myles', 'forte,mccarty', 'hirsh,elijah']","['de,nick', 'evans,andrew', 'nestlehutt,jake', 'nyawata,anesu', 'dalton,price', 'samson,vaughn', 'swift,dj', 'weatherford,mitch']",969
638,0864,Rhodes,Berry,1,102-114,"59,55","54,48",7-6; 1-1 SAA,5-8; 0-2 SAA,N/A,N/A,01/05/18,8:00 PM,N/A,"Memphis, Tenn.",Win,2,False,127,False,16:09,,60,,70 ,"SUB OUT by NESTLEHUTT,JAKE",,,"SUB OUT by NESTLEHUTT,JAKE",2,subbing out,,rhodes,"nestlehutt,jake",,"['clark,ethan', 'johnson,cory', 'moore,myles', 'forte,mccarty', 'hirsh,elijah']","['de,nick', 'evans,andrew', 'nyawata,anesu', 'dalton,price', 'samson,vaughn', 'swift,dj', 'weatherford,mitch']",969
639,0864,Rhodes,Berry,1,102-114,"59,55","54,48",7-6; 1-1 SAA,5-8; 0-2 SAA,N/A,N/A,01/05/18,8:00 PM,N/A,"Memphis, Tenn.",Win,2,False,127,False,16:09,,60,,70 ,"SUB OUT by NYAWATA,ANESU",,,"SUB OUT by NYAWATA,ANESU",2,subbing out,,rhodes,"nyawata,anesu",,"['clark,ethan', 'johnson,cory', 'moore,myles', 'forte,mccarty', 'hirsh,elijah']","['de,nick', 'evans,andrew', 'dalton,price', 'samson,vaughn', 'swift,dj', 'weatherford,mitch']",969
640,0864,Rhodes,Berry,1,102-114,"59,55","54,48",7-6; 1-1 SAA,5-8; 0-2 SAA,N/A,N/A,01/05/18,8:00 PM,N/A,"Memphis, Tenn.",Win,2,False,127,False,16:09,,60,,70 ,"SUB OUT by DALTON,PRICE",,,"SUB OUT by DALTON,PRICE",2,subbing out,,rhodes,"dalton,price",,"['clark,ethan', 'johnson,cory', 'moore,myles', 'forte,mccarty', 'hirsh,elijah']","['de,nick', 'evans,andrew', 'samson,vaughn', 'swift,dj', 'weatherford,mitch']",969
641,0864,Rhodes,Berry,1,102-114,"59,55","54,48",7-6; 1-1 SAA,5-8; 0-2 SAA,N/A,N/A,01/05/18,8:00 PM,N/A,"Memphis, Tenn.",Win,2,False,127,False,16:06,"GOOD LAYUP by HIRSH,ELIJAH(fastbreak)(in the paint)",62,,70 ,,BCM 62-70 (-8),,"GOOD LAYUP by HIRSH,ELIJAH(fastbreak)(in the paint)",2,layup,good,berry,"hirsh,elijah(fastbreak)",2,"['clark,ethan', 'johnson,cory', 'moore,myles', 'forte,mccarty', 'hirsh,elijah']","['de,nick', 'evans,andrew', 'samson,vaughn', 'swift,dj', 'weatherford,mitch']",966
642,0864,Rhodes,Berry,1,102-114,"59,55","54,48",7-6; 1-1 SAA,5-8; 0-2 SAA,N/A,N/A,01/05/18,8:00 PM,N/A,"Memphis, Tenn.",Win,2,False,127,False,--,"ASSIST  by JOHNSON,CORY",62,,70 ,,,,"ASSIST  by JOHNSON,CORY",2,assist,,berry,"johnson,cory",,"['clark,ethan', 'johnson,cory', 'moore,myles', 'forte,mccarty', 'hirsh,elijah']","['de,nick', 'evans,andrew', 'samson,vaughn', 'swift,dj', 'weatherford,mitch']",
643,0864,Rhodes,Berry,1,102-114,"59,55","54,48",7-6; 1-1 SAA,5-8; 0-2 SAA,N/A,N/A,01/05/18,8:00 PM,N/A,"Memphis, Tenn.",Win,2,False,127,False,16:00,,62,,72 ,"GOOD JUMPER by SWIFT,DJ(in the paint)",RHODES 62-72 (-10),,"GOOD JUMPER by SWIFT,DJ(in the paint)",2,jumper,good,rhodes,"swift,dj",2,"['clark,ethan', 'johnson,cory', 'moore,myles', 'forte,mccarty', 'hirsh,elijah']","['de,nick', 'evans,andrew', 'samson,vaughn', 'swift,dj', 'weatherford,mitch']",960
644,0864,Rhodes,Berry,1,102-114,"59,55","54,48",7-6; 1-1 SAA,5-8; 0-2 SAA,N/A,N/A,01/05/18,8:00 PM,N/A,"Memphis, Tenn.",Win,2,False,127,False,15:46,TIMEOUT 20SEC by TEAM,62,,72 ,,,,TIMEOUT 20SEC by TEAM,2,timeout,,berry,,,"['clark,ethan', 'johnson,cory', 'moore,myles', 'forte,mccarty', 'hirsh,elijah']","['de,nick', 'evans,andrew', 'samson,vaughn', 'swift,dj', 'weatherford,mitch']",946
645,0864,Rhodes,Berry,1,102-114,"59,55","54,48",7-6; 1-1 SAA,5-8; 0-2 SAA,N/A,N/A,01/05/18,8:00 PM,N/A,"Memphis, Tenn.",Win,2,False,127,False,15:46,"SUB IN by FALCONER,TREY",62,,72 ,,,,"SUB IN by FALCONER,TREY",2,subbing in,,berry,"falconer,trey",,"['clark,ethan', 'johnson,cory', 'moore,myles', 'forte,mccarty', 'hirsh,elijah', 'falconer,trey']","['de,nick', 'evans,andrew', 'samson,vaughn', 'swift,dj', 'weatherford,mitch']",946
646,0864,Rhodes,Berry,1,102-114,"59,55","54,48",7-6; 1-1 SAA,5-8; 0-2 SAA,N/A,N/A,01/05/18,8:00 PM,N/A,"Memphis, Tenn.",Win,2,False,127,False,15:46,"SUB OUT by FORTE,MCCARTY",62,,72 ,,,,"SUB OUT by FORTE,MCCARTY",2,subbing out,,berry,"forte,mccarty",,"['clark,ethan', 'johnson,cory', 'moore,myles', 'hirsh,elijah', 'falconer,trey']","['de,nick', 'evans,andrew', 'samson,vaughn', 'swift,dj', 'weatherford,mitch']",946
647,0864,Rhodes,Berry,1,102-114,"59,55","54,48",7-6; 1-1 SAA,5-8; 0-2 SAA,N/A,N/A,01/05/18,8:00 PM,N/A,"Memphis, Tenn.",Win,2,False,127,False,15:46,,62,,72 ,"SUB IN by LOVE,KERRY",,,"SUB IN by LOVE,KERRY",2,subbing in,,rhodes,"love,kerry",,"['clark,ethan', 'johnson,cory', 'moore,myles', 'hirsh,elijah', 'falconer,trey']","['de,nick', 'evans,andrew', 'samson,vaughn', 'swift,dj', 'weatherford,mitch', 'love,kerry']",946
648,0864,Rhodes,Berry,1,102-114,"59,55","54,48",7-6; 1-1 SAA,5-8; 0-2 SAA,N/A,N/A,01/05/18,8:00 PM,N/A,"Memphis, Tenn.",Win,2,False,127,False,15:46,,62,,72 ,"SUB IN by ASHBY,KENDRICK",,,"SUB IN by ASHBY,KENDRICK",2,subbing in,,rhodes,"ashby,kendrick",,"['clark,ethan', 'johnson,cory', 'moore,myles', 'hirsh,elijah', 'falconer,trey']","['de,nick', 'evans,andrew', 'samson,vaughn', 'swift,dj', 'weatherford,mitch', 'love,kerry', 'ashby,kendrick']",946
649,0864,Rhodes,Berry,1,102-114,"59,55","54,48",7-6; 1-1 SAA,5-8; 0-2 SAA,N/A,N/A,01/05/18,8:00 PM,N/A,"Memphis, Tenn.",Win,2,False,127,False,15:46,,62,,72 ,"SUB IN by FERIA,NICK DE",,,"SUB IN by FERIA,NICK DE",2,subbing in,,rhodes,"feria,nick de",,"['clark,ethan', 'johnson,cory', 'moore,myles', 'hirsh,elijah', 'falconer,trey']","['de,nick', 'evans,andrew', 'samson,vaughn', 'swift,dj', 'weatherford,mitch', 'love,kerry', 'ashby,kendrick', 'feria,nick de']",946
650,0864,Rhodes,Berry,1,102-114,"59,55","54,48",7-6; 1-1 SAA,5-8; 0-2 SAA,N/A,N/A,01/05/18,8:00 PM,N/A,"Memphis, Tenn.",Win,2,False,127,False,15:46,,62,,72 ,"SUB IN by DARST,DANIEL",,,"SUB IN by DARST,DANIEL",2,subbing in,,rhodes,"darst,daniel",,"['clark,ethan', 'johnson,cory', 'moore,myles', 'hirsh,elijah', 'falconer,trey']","['de,nick', 'evans,andrew', 'samson,vaughn', 'swift,dj', 'weatherford,mitch', 'love,kerry', 'ashby,kendrick', 'feria,nick de', 'darst,daniel']",946
651,0864,Rhodes,Berry,1,102-114,"59,55","54,48",7-6; 1-1 SAA,5-8; 0-2 SAA,N/A,N/A,01/05/18,8:00 PM,N/A,"Memphis, Tenn.",Win,2,False,127,False,15:46,,62,,72 ,"SUB IN by BERRY,BRYCE",,,"SUB IN by BERRY,BRYCE",2,subbing in,,rhodes,"berry,bryce",,"['clark,ethan', 'johnson,cory', 'moore,myles', 'hirsh,elijah', 'falconer,trey']","['de,nick', 'evans,andrew', 'samson,vaughn', 'swift,dj', 'weatherford,mitch', 'love,kerry', 'ashby,kendrick', 'feria,nick de', 'darst,daniel', 'berry,bryce']",946
652,0864,Rhodes,Berry,1,102-114,"59,55","54,48",7-6; 1-1 SAA,5-8; 0-2 SAA,N/A,N/A,01/05/18,8:00 PM,N/A,"Memphis, Tenn.",Win,2,False,127,False,15:46,,62,,72 ,"SUB OUT by EVANS,ANDREW",,,"SUB OUT by EVANS,ANDREW",2,subbing out,,rhodes,"evans,andrew",,"['clark,ethan', 'johnson,cory', 'moore,myles', 'hirsh,elijah', 'falconer,trey']","['de,nick', 'samson,vaughn', 'swift,dj', 'weatherford,mitch', 'love,kerry', 'ashby,kendrick', 'feria,nick de', 'darst,daniel', 'berry,bryce']",946
653,0864,Rhodes,Berry,1,102-114,"59,55","54,48",7-6; 1-1 SAA,5-8; 0-2 SAA,N/A,N/A,01/05/18,8:00 PM,N/A,"Memphis, Tenn.",Win,2,False,127,False,15:46,,62,,72 ,"SUB OUT by GIROUX,PRESTON",,,"SUB OUT by GIROUX,PRESTON",2,subbing out,,rhodes,"giroux,preston",,"['clark,ethan', 'johnson,cory', 'moore,myles', 'hirsh,elijah', 'falconer,trey']","['de,nick', 'samson,vaughn', 'swift,dj', 'weatherford,mitch', 'love,kerry', 'ashby,kendrick', 'feria,nick de', 'darst,daniel', 'berry,bryce']",946
654,0864,Rhodes,Berry,1,102-114,"59,55","54,48",7-6; 1-1 SAA,5-8; 0-2 SAA,N/A,N/A,01/05/18,8:00 PM,N/A,"Memphis, Tenn.",Win,2,False,127,False,15:46,,62,,72 ,"SUB OUT by SAMSON,VAUGHN",,,"SUB OUT by SAMSON,VAUGHN",2,subbing out,,rhodes,"samson,vaughn",,"['clark,ethan', 'johnson,cory', 'moore,myles', 'hirsh,elijah', 'falconer,trey']","['de,nick', 'samson,vaughn', 'swift,dj', 'weatherford,mitch', 'love,kerry', 'ashby,kendrick', 'feria,nick de', 'darst,daniel', 'berry,bryce']",946
655,0864,Rhodes,Berry,1,102-114,"59,55","54,48",7-6; 1-1 SAA,5-8; 0-2 SAA,N/A,N/A,01/05/18,8:00 PM,N/A,"Memphis, Tenn.",Win,2,False,127,False,15:46,,62,,72 ,"SUB OUT by SWIFT,DJ",,,"SUB OUT by SWIFT,DJ",2,subbing out,,rhodes,"swift,dj",,"['clark,ethan', 'johnson,cory', 'moore,myles', 'hirsh,elijah', 'falconer,trey']","['de,nick', 'samson,vaughn', 'weatherford,mitch', 'love,kerry', 'ashby,kendrick', 'feria,nick de', 'darst,daniel', 'berry,bryce']",946
656,0864,Rhodes,Berry,1,102-114,"59,55","54,48",7-6; 1-1 SAA,5-8; 0-2 SAA,N/A,N/A,01/05/18,8:00 PM,N/A,"Memphis, Tenn.",Win,2,False,127,False,15:46,,62,,72 ,"SUB OUT by WEATHERFORD,MITCH",,,"SUB OUT by WEATHERFORD,MITCH",2,subbing out,,rhodes,"weatherford,mitch",,"['clark,ethan', 'johnson,cory', 'moore,myles', 'hirsh,elijah', 'falconer,trey']","['de,nick', 'samson,vaughn', 'love,kerry', 'ashby,kendrick', 'feria,nick de', 'darst,daniel', 'berry,bryce']",946
657,0864,Rhodes,Berry,1,102-114,"59,55","54,48",7-6; 1-1 SAA,5-8; 0-2 SAA,N/A,N/A,01/05/18,8:00 PM,N/A,"Memphis, Tenn.",Win,2,False,127,False,15:43,"TURNOVER  by FALCONER,TREY",62,,72 ,,,,"TURNOVER  by FALCONER,TREY",2,turnover,,berry,"falconer,trey",,"['clark,ethan', 'johnson,cory', 'moore,myles', 'hirsh,elijah', 'falconer,trey']","['de,nick', 'samson,vaughn', 'love,kerry', 'ashby,kendrick', 'feria,nick de', 'darst,daniel', 'berry,bryce']",943
658,0864,Rhodes,Berry,1,102-114,"59,55","54,48",7-6; 1-1 SAA,5-8; 0-2 SAA,N/A,N/A,01/05/18,8:00 PM,N/A,"Memphis, Tenn.",Win,2,False,127,False,15:30,,62,,72 ,"TURNOVER  by LOVE,KERRY",,,"TURNOVER  by LOVE,KERRY",2,turnover,,rhodes,"love,kerry",,"['clark,ethan', 'johnson,cory', 'moore,myles', 'hirsh,elijah', 'falconer,trey']","['de,nick', 'samson,vaughn', 'love,kerry', 'ashby,kendrick', 'feria,nick de', 'darst,daniel', 'berry,bryce']",930
659,0864,Rhodes,Berry,1,102-114,"59,55","54,48",7-6; 1-1 SAA,5-8; 0-2 SAA,N/A,N/A,01/05/18,8:00 PM,N/A,"Memphis, Tenn.",Win,2,False,127,False,15:29,"STEAL  by JOHNSON,CALEB",62,,72 ,,,,"STEAL  by JOHNSON,CALEB",2,steal,,berry,,,"['clark,ethan', 'johnson,cory', 'moore,myles', 'hirsh,elijah', 'falconer,trey']","['de,nick', 'samson,vaughn', 'love,kerry', 'ashby,kendrick', 'feria,nick de', 'darst,daniel', 'berry,bryce']",929
660,0864,Rhodes,Berry,1,102-114,"59,55","54,48",7-6; 1-1 SAA,5-8; 0-2 SAA,N/A,N/A,01/05/18,8:00 PM,N/A,"Memphis, Tenn.",Win,2,False,127,False,15:27,"MISS JUMPER by JOHNSON,CORY",62,,72 ,,,,"MISS JUMPER by JOHNSON,CORY",2,jumper,missed,berry,"johnson,cory",,"['clark,ethan', 'johnson,cory', 'moore,myles', 'hirsh,elijah', 'falconer,trey']","['de,nick', 'samson,vaughn', 'love,kerry', 'ashby,kendrick', 'feria,nick de', 'darst,daniel', 'berry,bryce']",927
661,0864,Rhodes,Berry,1,102-114,"59,55","54,48",7-6; 1-1 SAA,5-8; 0-2 SAA,N/A,N/A,01/05/18,8:00 PM,N/A,"Memphis, Tenn.",Win,2,False,127,False,--,,62,,72 ,"REBOUND DEF by FERIA,NICK DE",,,"REBOUND DEF by FERIA,NICK DE",2,defensive rebound,,rhodes,"feria,nick de",,"['clark,ethan', 'johnson,cory', 'moore,myles', 'hirsh,elijah', 'falconer,trey']","['de,nick', 'samson,vaughn', 'love,kerry', 'ashby,kendrick', 'feria,nick de', 'darst,daniel', 'berry,bryce']",
662,0864,Rhodes,Berry,1,102-114,"59,55","54,48",7-6; 1-1 SAA,5-8; 0-2 SAA,N/A,N/A,01/05/18,8:00 PM,N/A,"Memphis, Tenn.",Win,2,False,127,False,15:14,,62,,72 ,"TURNOVER  by DARST,DANIEL",,,"TURNOVER  by DARST,DANIEL",2,turnover,,rhodes,"darst,daniel",,"['clark,ethan', 'johnson,cory', 'moore,myles', 'hirsh,elijah', 'falconer,trey']","['de,nick', 'samson,vaughn', 'love,kerry', 'ashby,kendrick', 'feria,nick de', 'darst,daniel', 'berry,bryce']",914
663,0864,Rhodes,Berry,1,102-114,"59,55","54,48",7-6; 1-1 SAA,5-8; 0-2 SAA,N/A,N/A,01/05/18,8:00 PM,N/A,"Memphis, Tenn.",Win,2,False,127,False,15:13,"STEAL  by JOHNSON,CALEB",62,,72 ,,,,"STEAL  by JOHNSON,CALEB",2,steal,,berry,,,"['clark,ethan', 'johnson,cory', 'moore,myles', 'hirsh,elijah', 'falconer,trey']","['de,nick', 'samson,vaughn', 'love,kerry', 'ashby,kendrick', 'feria,nick de', 'darst,daniel', 'berry,bryce']",913
664,0864,Rhodes,Berry,1,102-114,"59,55","54,48",7-6; 1-1 SAA,5-8; 0-2 SAA,N/A,N/A,01/05/18,8:00 PM,N/A,"Memphis, Tenn.",Win,2,False,127,False,15:10,,62,,72 ,"FOUL  by DARST,DANIEL",,,"FOUL  by DARST,DANIEL",2,foul,,rhodes,"darst,daniel",,"['clark,ethan', 'johnson,cory', 'moore,myles', 'hirsh,elijah', 'falconer,trey']","['de,nick', 'samson,vaughn', 'love,kerry', 'ashby,kendrick', 'feria,nick de', 'darst,daniel', 'berry,bryce']",910
665,0864,Rhodes,Berry,1,102-114,"59,55","54,48",7-6; 1-1 SAA,5-8; 0-2 SAA,N/A,N/A,01/05/18,8:00 PM,N/A,"Memphis, Tenn.",Win,2,False,127,False,15:10,"SUB IN by MCCLOUD,ALTON",62,,72 ,,,,"SUB IN by MCCLOUD,ALTON",2,subbing in,,berry,"mccloud,alton",,"['clark,ethan', 'johnson,cory', 'moore,myles', 'hirsh,elijah', 'falconer,trey', 'mccloud,alton']","['de,nick', 'samson,vaughn', 'love,kerry', 'ashby,kendrick', 'feria,nick de', 'darst,daniel', 'berry,bryce']",910
666,0864,Rhodes,Berry,1,102-114,"59,55","54,48",7-6; 1-1 SAA,5-8; 0-2 SAA,N/A,N/A,01/05/18,8:00 PM,N/A,"Memphis, Tenn.",Win,2,False,127,False,15:10,"SUB OUT by JOHNSON,CORY",62,,72 ,,,,"SUB OUT by JOHNSON,CORY",2,subbing out,,berry,"johnson,cory",,"['clark,ethan', 'moore,myles', 'hirsh,elijah', 'falconer,trey', 'mccloud,alton']","['de,nick', 'samson,vaughn', 'love,kerry', 'ashby,kendrick', 'feria,nick de', 'darst,daniel', 'berry,bryce']",910
667,0864,Rhodes,Berry,1,102-114,"59,55","54,48",7-6; 1-1 SAA,5-8; 0-2 SAA,N/A,N/A,01/05/18,8:00 PM,N/A,"Memphis, Tenn.",Win,2,False,127,False,15:10,,62,,72 ,"SUB IN by GALVIN,OWEN",,,"SUB IN by GALVIN,OWEN",2,subbing in,,rhodes,"galvin,owen",,"['clark,ethan', 'moore,myles', 'hirsh,elijah', 'falconer,trey', 'mccloud,alton']","['de,nick', 'samson,vaughn', 'love,kerry', 'ashby,kendrick', 'feria,nick de', 'darst,daniel', 'berry,bryce', 'galvin,owen']",910
668,0864,Rhodes,Berry,1,102-114,"59,55","54,48",7-6; 1-1 SAA,5-8; 0-2 SAA,N/A,N/A,01/05/18,8:00 PM,N/A,"Memphis, Tenn.",Win,2,False,127,False,15:10,,62,,72 ,"SUB IN by MCINTYRE,WILLIAM",,,"SUB IN by MCINTYRE,WILLIAM",2,subbing in,,rhodes,"mcintyre,william",,"['clark,ethan', 'moore,myles', 'hirsh,elijah', 'falconer,trey', 'mccloud,alton']","['de,nick', 'samson,vaughn', 'love,kerry', 'ashby,kendrick', 'feria,nick de', 'darst,daniel', 'berry,bryce', 'galvin,owen', 'mcintyre,william']",910
669,0864,Rhodes,Berry,1,102-114,"59,55","54,48",7-6; 1-1 SAA,5-8; 0-2 SAA,N/A,N/A,01/05/18,8:00 PM,N/A,"Memphis, Tenn.",Win,2,False,127,False,15:10,,62,,72 ,"SUB IN by NESTLEHUTT,JAKE",,,"SUB IN by NESTLEHUTT,JAKE",2,subbing in,,rhodes,"nestlehutt,jake",,"['clark,ethan', 'moore,myles', 'hirsh,elijah', 'falconer,trey', 'mccloud,alton']","['de,nick', 'samson,vaughn', 'love,kerry', 'ashby,kendrick', 'feria,nick de', 'darst,daniel', 'berry,bryce', 'galvin,owen', 'mcintyre,william', 'nestlehutt,jake']",910
670,0864,Rhodes,Berry,1,102-114,"59,55","54,48",7-6; 1-1 SAA,5-8; 0-2 SAA,N/A,N/A,01/05/18,8:00 PM,N/A,"Memphis, Tenn.",Win,2,False,127,False,15:10,,62,,72 ,"SUB IN by NYAWATA,ANESU",,,"SUB IN by NYAWATA,ANESU",2,subbing in,,rhodes,"nyawata,anesu",,"['clark,ethan', 'moore,myles', 'hirsh,elijah', 'falconer,trey', 'mccloud,alton']","['de,nick', 'samson,vaughn', 'love,kerry', 'ashby,kendrick', 'feria,nick de', 'darst,daniel', 'berry,bryce', 'galvin,owen', 'mcintyre,william', 'nestlehutt,jake', 'nyawata,anesu']",910
671,0864,Rhodes,Berry,1,102-114,"59,55","54,48",7-6; 1-1 SAA,5-8; 0-2 SAA,N/A,N/A,01/05/18,8:00 PM,N/A,"Memphis, Tenn.",Win,2,False,127,False,15:10,,62,,72 ,"SUB IN by DALTON,PRICE",,,"SUB IN by DALTON,PRICE",2,subbing in,,rhodes,"dalton,price",,"['clark,ethan', 'moore,myles', 'hirsh,elijah', 'falconer,trey', 'mccloud,alton']","['de,nick', 'samson,vaughn', 'love,kerry', 'ashby,kendrick', 'feria,nick de', 'darst,daniel', 'berry,bryce', 'galvin,owen', 'mcintyre,william', 'nestlehutt,jake', 'nyawata,anesu', 'dalton,price']",910
672,0864,Rhodes,Berry,1,102-114,"59,55","54,48",7-6; 1-1 SAA,5-8; 0-2 SAA,N/A,N/A,01/05/18,8:00 PM,N/A,"Memphis, Tenn.",Win,2,False,127,False,15:10,,62,,72 ,"SUB OUT by LOVE,KERRY",,,"SUB OUT by LOVE,KERRY",2,subbing out,,rhodes,"love,kerry",,"['clark,ethan', 'moore,myles', 'hirsh,elijah', 'falconer,trey', 'mccloud,alton']","['de,nick', 'samson,vaughn', 'ashby,kendrick', 'feria,nick de', 'darst,daniel', 'berry,bryce', 'galvin,owen', 'mcintyre,william', 'nestlehutt,jake', 'nyawata,anesu', 'dalton,price']",910
673,0864,Rhodes,Berry,1,102-114,"59,55","54,48",7-6; 1-1 SAA,5-8; 0-2 SAA,N/A,N/A,01/05/18,8:00 PM,N/A,"Memphis, Tenn.",Win,2,False,127,False,15:10,,62,,72 ,"SUB OUT by ASHBY,KENDRICK",,,"SUB OUT by ASHBY,KENDRICK",2,subbing out,,rhodes,"ashby,kendrick",,"['clark,ethan', 'moore,myles', 'hirsh,elijah', 'falconer,trey', 'mccloud,alton']","['de,nick', 'samson,vaughn', 'feria,nick de', 'darst,daniel', 'berry,bryce', 'galvin,owen', 'mcintyre,william', 'nestlehutt,jake', 'nyawata,anesu', 'dalton,price']",910
674,0864,Rhodes,Berry,1,102-114,"59,55","54,48",7-6; 1-1 SAA,5-8; 0-2 SAA,N/A,N/A,01/05/18,8:00 PM,N/A,"Memphis, Tenn.",Win,2,False,127,False,15:10,,62,,72 ,"SUB OUT by FERIA,NICK DE",,,"SUB OUT by FERIA,NICK DE",2,subbing out,,rhodes,"feria,nick de",,"['clark,ethan', 'moore,myles', 'hirsh,elijah', 'falconer,trey', 'mccloud,alton']","['de,nick', 'samson,vaughn', 'darst,daniel', 'berry,bryce', 'galvin,owen', 'mcintyre,william', 'nestlehutt,jake', 'nyawata,anesu', 'dalton,price']",910
675,0864,Rhodes,Berry,1,102-114,"59,55","54,48",7-6; 1-1 SAA,5-8; 0-2 SAA,N/A,N/A,01/05/18,8:00 PM,N/A,"Memphis, Tenn.",Win,2,False,127,False,15:10,,62,,72 ,"SUB OUT by DARST,DANIEL",,,"SUB OUT by DARST,DANIEL",2,subbing out,,rhodes,"darst,daniel",,"['clark,ethan', 'moore,myles', 'hirsh,elijah', 'falconer,trey', 'mccloud,alton']","['de,nick', 'samson,vaughn', 'berry,bryce', 'galvin,owen', 'mcintyre,william', 'nestlehutt,jake', 'nyawata,anesu', 'dalton,price']",910
676,0864,Rhodes,Berry,1,102-114,"59,55","54,48",7-6; 1-1 SAA,5-8; 0-2 SAA,N/A,N/A,01/05/18,8:00 PM,N/A,"Memphis, Tenn.",Win,2,False,127,False,15:10,,62,,72 ,"SUB OUT by BERRY,BRYCE",,,"SUB OUT by BERRY,BRYCE",2,subbing out,,rhodes,"berry,bryce",,"['clark,ethan', 'moore,myles', 'hirsh,elijah', 'falconer,trey', 'mccloud,alton']","['de,nick', 'samson,vaughn', 'galvin,owen', 'mcintyre,william', 'nestlehutt,jake', 'nyawata,anesu', 'dalton,price']",910
677,0864,Rhodes,Berry,1,102-114,"59,55","54,48",7-6; 1-1 SAA,5-8; 0-2 SAA,N/A,N/A,01/05/18,8:00 PM,N/A,"Memphis, Tenn.",Win,2,False,127,False,15:07,"MISS LAYUP by JOHNSON,CALEB",62,,72 ,,,,"MISS LAYUP by JOHNSON,CALEB",2,layup,missed,berry,"johnson,caleb",,"['clark,ethan', 'moore,myles', 'hirsh,elijah', 'falconer,trey', 'mccloud,alton']","['de,nick', 'samson,vaughn', 'galvin,owen', 'mcintyre,william', 'nestlehutt,jake', 'nyawata,anesu', 'dalton,price']",907
678,0864,Rhodes,Berry,1,102-114,"59,55","54,48",7-6; 1-1 SAA,5-8; 0-2 SAA,N/A,N/A,01/05/18,8:00 PM,N/A,"Memphis, Tenn.",Win,2,False,127,False,--,"REBOUND OFF by MOORE,MYLES",62,,72 ,,,,"REBOUND OFF by MOORE,MYLES",2,offensive rebound,,berry,"moore,myles",,"['clark,ethan', 'moore,myles', 'hirsh,elijah', 'falconer,trey', 'mccloud,alton']","['de,nick', 'samson,vaughn', 'galvin,owen', 'mcintyre,william', 'nestlehutt,jake', 'nyawata,anesu', 'dalton,price']",
679,0864,Rhodes,Berry,1,102-114,"59,55","54,48",7-6; 1-1 SAA,5-8; 0-2 SAA,N/A,N/A,01/05/18,8:00 PM,N/A,"Memphis, Tenn.",Win,2,False,127,False,15:04,"GOOD LAYUP by MOORE,MYLES(in the paint)",64,,72 ,,BCM 64-72 (-8),,"GOOD LAYUP by MOORE,MYLES(in the paint)",2,layup,good,berry,"moore,myles",2,"['clark,ethan', 'moore,myles', 'hirsh,elijah', 'falconer,trey', 'mccloud,alton']","['de,nick', 'samson,vaughn', 'galvin,owen', 'mcintyre,william', 'nestlehutt,jake', 'nyawata,anesu', 'dalton,price']",904
680,0864,Rhodes,Berry,1,102-114,"59,55","54,48",7-6; 1-1 SAA,5-8; 0-2 SAA,N/A,N/A,01/05/18,8:00 PM,N/A,"Memphis, Tenn.",Win,2,False,127,False,14:46,,64,,75 ,"GOOD 3PTR by DALTON,PRICE",RHODES 64-75 (-11),,"GOOD 3PTR by DALTON,PRICE",2,three pointer,good,rhodes,"dalton,price",3,"['clark,ethan', 'moore,myles', 'hirsh,elijah', 'falconer,trey', 'mccloud,alton']","['de,nick', 'samson,vaughn', 'galvin,owen', 'mcintyre,william', 'nestlehutt,jake', 'nyawata,anesu', 'dalton,price']",886
681,0864,Rhodes,Berry,1,102-114,"59,55","54,48",7-6; 1-1 SAA,5-8; 0-2 SAA,N/A,N/A,01/05/18,8:00 PM,N/A,"Memphis, Tenn.",Win,2,False,127,False,--,,64,,75 ,"ASSIST  by MCINTYRE,WILLIAM",,,"ASSIST  by MCINTYRE,WILLIAM",2,assist,,rhodes,"mcintyre,william",,"['clark,ethan', 'moore,myles', 'hirsh,elijah', 'falconer,trey', 'mccloud,alton']","['de,nick', 'samson,vaughn', 'galvin,owen', 'mcintyre,william', 'nestlehutt,jake', 'nyawata,anesu', 'dalton,price']",
682,0864,Rhodes,Berry,1,102-114,"59,55","54,48",7-6; 1-1 SAA,5-8; 0-2 SAA,N/A,N/A,01/05/18,8:00 PM,N/A,"Memphis, Tenn.",Win,2,False,127,False,14:37,,64,,75 ,"FOUL  by NESTLEHUTT,JAKE",,,"FOUL  by NESTLEHUTT,JAKE",2,foul,,rhodes,"nestlehutt,jake",,"['clark,ethan', 'moore,myles', 'hirsh,elijah', 'falconer,trey', 'mccloud,alton']","['de,nick', 'samson,vaughn', 'galvin,owen', 'mcintyre,william', 'nestlehutt,jake', 'nyawata,anesu', 'dalton,price']",877
683,0864,Rhodes,Berry,1,102-114,"59,55","54,48",7-6; 1-1 SAA,5-8; 0-2 SAA,N/A,N/A,01/05/18,8:00 PM,N/A,"Memphis, Tenn.",Win,2,False,127,False,14:37,"SUB IN by ATKINSON,QUINN",64,,75 ,,,,"SUB IN by ATKINSON,QUINN",2,subbing in,,berry,"atkinson,quinn",,"['clark,ethan', 'moore,myles', 'hirsh,elijah', 'falconer,trey', 'mccloud,alton', 'atkinson,quinn']","['de,nick', 'samson,vaughn', 'galvin,owen', 'mcintyre,william', 'nestlehutt,jake', 'nyawata,anesu', 'dalton,price']",877
684,0864,Rhodes,Berry,1,102-114,"59,55","54,48",7-6; 1-1 SAA,5-8; 0-2 SAA,N/A,N/A,01/05/18,8:00 PM,N/A,"Memphis, Tenn.",Win,2,False,127,False,14:37,"SUB OUT by FALCONER,TREY",64,,75 ,,,,"SUB OUT by FALCONER,TREY",2,subbing out,,berry,"falconer,trey",,"['clark,ethan', 'moore,myles', 'hirsh,elijah', 'mccloud,alton', 'atkinson,quinn']","['de,nick', 'samson,vaughn', 'galvin,owen', 'mcintyre,william', 'nestlehutt,jake', 'nyawata,anesu', 'dalton,price']",877
685,0864,Rhodes,Berry,1,102-114,"59,55","54,48",7-6; 1-1 SAA,5-8; 0-2 SAA,N/A,N/A,01/05/18,8:00 PM,N/A,"Memphis, Tenn.",Win,2,False,127,False,14:37,,64,,75 ,"SUB IN by EVANS,ANDREW",,,"SUB IN by EVANS,ANDREW",2,subbing in,,rhodes,"evans,andrew",,"['clark,ethan', 'moore,myles', 'hirsh,elijah', 'mccloud,alton', 'atkinson,quinn']","['de,nick', 'samson,vaughn', 'galvin,owen', 'mcintyre,william', 'nestlehutt,jake', 'nyawata,anesu', 'dalton,price', 'evans,andrew']",877
686,0864,Rhodes,Berry,1,102-114,"59,55","54,48",7-6; 1-1 SAA,5-8; 0-2 SAA,N/A,N/A,01/05/18,8:00 PM,N/A,"Memphis, Tenn.",Win,2,False,127,False,14:37,,64,,75 ,"SUB IN by GIROUX,PRESTON",,,"SUB IN by GIROUX,PRESTON",2,subbing in,,rhodes,"giroux,preston",,"['clark,ethan', 'moore,myles', 'hirsh,elijah', 'mccloud,alton', 'atkinson,quinn']","['de,nick', 'samson,vaughn', 'galvin,owen', 'mcintyre,william', 'nestlehutt,jake', 'nyawata,anesu', 'dalton,price', 'evans,andrew', 'giroux,preston']",877
687,0864,Rhodes,Berry,1,102-114,"59,55","54,48",7-6; 1-1 SAA,5-8; 0-2 SAA,N/A,N/A,01/05/18,8:00 PM,N/A,"Memphis, Tenn.",Win,2,False,127,False,14:37,,64,,75 ,"SUB IN by SAMSON,VAUGHN",,,"SUB IN by SAMSON,VAUGHN",2,subbing in,,rhodes,"samson,vaughn",,"['clark,ethan', 'moore,myles', 'hirsh,elijah', 'mccloud,alton', 'atkinson,quinn']","['de,nick', 'samson,vaughn', 'galvin,owen', 'mcintyre,william', 'nestlehutt,jake', 'nyawata,anesu', 'dalton,price', 'evans,andrew', 'giroux,preston']",877
688,0864,Rhodes,Berry,1,102-114,"59,55","54,48",7-6; 1-1 SAA,5-8; 0-2 SAA,N/A,N/A,01/05/18,8:00 PM,N/A,"Memphis, Tenn.",Win,2,False,127,False,14:37,,64,,75 ,"SUB IN by SWIFT,DJ",,,"SUB IN by SWIFT,DJ",2,subbing in,,rhodes,"swift,dj",,"['clark,ethan', 'moore,myles', 'hirsh,elijah', 'mccloud,alton', 'atkinson,quinn']","['de,nick', 'samson,vaughn', 'galvin,owen', 'mcintyre,william', 'nestlehutt,jake', 'nyawata,anesu', 'dalton,price', 'evans,andrew', 'giroux,preston']",877
689,0864,Rhodes,Berry,1,102-114,"59,55","54,48",7-6; 1-1 SAA,5-8; 0-2 SAA,N/A,N/A,01/05/18,8:00 PM,N/A,"Memphis, Tenn.",Win,2,False,127,False,14:37,,64,,75 ,"SUB IN by WEATHERFORD,MITCH",,,"SUB IN by WEATHERFORD,MITCH",2,subbing in,,rhodes,"weatherford,mitch",,"['clark,ethan', 'moore,myles', 'hirsh,elijah', 'mccloud,alton', 'atkinson,quinn']","['de,nick', 'samson,vaughn', 'galvin,owen', 'mcintyre,william', 'nestlehutt,jake', 'nyawata,anesu', 'dalton,price', 'evans,andrew', 'giroux,preston', 'weatherford,mitch']",877
690,0864,Rhodes,Berry,1,102-114,"59,55","54,48",7-6; 1-1 SAA,5-8; 0-2 SAA,N/A,N/A,01/05/18,8:00 PM,N/A,"Memphis, Tenn.",Win,2,False,127,False,14:37,,64,,75 ,"SUB OUT by GALVIN,OWEN",,,"SUB OUT by GALVIN,OWEN",2,subbing out,,rhodes,"galvin,owen",,"['clark,ethan', 'moore,myles', 'hirsh,elijah', 'mccloud,alton', 'atkinson,quinn']","['de,nick', 'samson,vaughn', 'mcintyre,william', 'nestlehutt,jake', 'nyawata,anesu', 'dalton,price', 'evans,andrew', 'giroux,preston', 'weatherford,mitch']",877
691,0864,Rhodes,Berry,1,102-114,"59,55","54,48",7-6; 1-1 SAA,5-8; 0-2 SAA,N/A,N/A,01/05/18,8:00 PM,N/A,"Memphis, Tenn.",Win,2,False,127,False,14:37,,64,,75 ,"SUB OUT by MCINTYRE,WILLIAM",,,"SUB OUT by MCINTYRE,WILLIAM",2,subbing out,,rhodes,"mcintyre,william",,"['clark,ethan', 'moore,myles', 'hirsh,elijah', 'mccloud,alton', 'atkinson,quinn']","['de,nick', 'samson,vaughn', 'nestlehutt,jake', 'nyawata,anesu', 'dalton,price', 'evans,andrew', 'giroux,preston', 'weatherford,mitch']",877
692,0864,Rhodes,Berry,1,102-114,"59,55","54,48",7-6; 1-1 SAA,5-8; 0-2 SAA,N/A,N/A,01/05/18,8:00 PM,N/A,"Memphis, Tenn.",Win,2,False,127,False,14:37,,64,,75 ,"SUB OUT by NESTLEHUTT,JAKE",,,"SUB OUT by NESTLEHUTT,JAKE",2,subbing out,,rhodes,"nestlehutt,jake",,"['clark,ethan', 'moore,myles', 'hirsh,elijah', 'mccloud,alton', 'atkinson,quinn']","['de,nick', 'samson,vaughn', 'nyawata,anesu', 'dalton,price', 'evans,andrew', 'giroux,preston', 'weatherford,mitch']",877
693,0864,Rhodes,Berry,1,102-114,"59,55","54,48",7-6; 1-1 SAA,5-8; 0-2 SAA,N/A,N/A,01/05/18,8:00 PM,N/A,"Memphis, Tenn.",Win,2,False,127,False,14:37,,64,,75 ,"SUB OUT by NYAWATA,ANESU",,,"SUB OUT by NYAWATA,ANESU",2,subbing out,,rhodes,"nyawata,anesu",,"['clark,ethan', 'moore,myles', 'hirsh,elijah', 'mccloud,alton', 'atkinson,quinn']","['de,nick', 'samson,vaughn', 'dalton,price', 'evans,andrew', 'giroux,preston', 'weatherford,mitch']",877
694,0864,Rhodes,Berry,1,102-114,"59,55","54,48",7-6; 1-1 SAA,5-8; 0-2 SAA,N/A,N/A,01/05/18,8:00 PM,N/A,"Memphis, Tenn.",Win,2,False,127,False,14:37,,64,,75 ,"SUB OUT by DALTON,PRICE",,,"SUB OUT by DALTON,PRICE",2,subbing out,,rhodes,"dalton,price",,"['clark,ethan', 'moore,myles', 'hirsh,elijah', 'mccloud,alton', 'atkinson,quinn']","['de,nick', 'samson,vaughn', 'evans,andrew', 'giroux,preston', 'weatherford,mitch']",877
695,0864,Rhodes,Berry,1,102-114,"59,55","54,48",7-6; 1-1 SAA,5-8; 0-2 SAA,N/A,N/A,01/05/18,8:00 PM,N/A,"Memphis, Tenn.",Win,2,False,127,False,14:32,"TURNOVER  by MOORE,MYLES",64,,75 ,,,,"TURNOVER  by MOORE,MYLES",2,turnover,,berry,"moore,myles",,"['clark,ethan', 'moore,myles', 'hirsh,elijah', 'mccloud,alton', 'atkinson,quinn']","['de,nick', 'samson,vaughn', 'evans,andrew', 'giroux,preston', 'weatherford,mitch']",872
696,0864,Rhodes,Berry,1,102-114,"59,55","54,48",7-6; 1-1 SAA,5-8; 0-2 SAA,N/A,N/A,01/05/18,8:00 PM,N/A,"Memphis, Tenn.",Win,2,False,127,False,14:29,,64,,75 ,"STEAL  by WEATHERFORD,MITCH",,,"STEAL  by WEATHERFORD,MITCH",2,steal,,rhodes,,,"['clark,ethan', 'moore,myles', 'hirsh,elijah', 'mccloud,alton', 'atkinson,quinn']","['de,nick', 'samson,vaughn', 'evans,andrew', 'giroux,preston', 'weatherford,mitch']",869
697,0864,Rhodes,Berry,1,102-114,"59,55","54,48",7-6; 1-1 SAA,5-8; 0-2 SAA,N/A,N/A,01/05/18,8:00 PM,N/A,"Memphis, Tenn.",Win,2,False,127,False,14:28,,64,,75 ,"MISS LAYUP by WEATHERFORD,MITCH",,,"MISS LAYUP by WEATHERFORD,MITCH",2,layup,missed,rhodes,"weatherford,mitch",,"['clark,ethan', 'moore,myles', 'hirsh,elijah', 'mccloud,alton', 'atkinson,quinn']","['de,nick', 'samson,vaughn', 'evans,andrew', 'giroux,preston', 'weatherford,mitch']",868
698,0864,Rhodes,Berry,1,102-114,"59,55","54,48",7-6; 1-1 SAA,5-8; 0-2 SAA,N/A,N/A,01/05/18,8:00 PM,N/A,"Memphis, Tenn.",Win,2,False,127,False,--,"REBOUND DEF by ATKINSON,QUINN",64,,75 ,,,,"REBOUND DEF by ATKINSON,QUINN",2,defensive rebound,,berry,"atkinson,quinn",,"['clark,ethan', 'moore,myles', 'hirsh,elijah', 'mccloud,alton', 'atkinson,quinn']","['de,nick', 'samson,vaughn', 'evans,andrew', 'giroux,preston', 'weatherford,mitch']",
699,0864,Rhodes,Berry,1,102-114,"59,55","54,48",7-6; 1-1 SAA,5-8; 0-2 SAA,N/A,N/A,01/05/18,8:00 PM,N/A,"Memphis, Tenn.",Win,2,False,127,False,14:24,"MISS LAYUP by ATKINSON,QUINN",64,,75 ,,,,"MISS LAYUP by ATKINSON,QUINN",2,layup,missed,berry,"atkinson,quinn",,"['clark,ethan', 'moore,myles', 'hirsh,elijah', 'mccloud,alton', 'atkinson,quinn']","['de,nick', 'samson,vaughn', 'evans,andrew', 'giroux,preston', 'weatherford,mitch']",864
700,0864,Rhodes,Berry,1,102-114,"59,55","54,48",7-6; 1-1 SAA,5-8; 0-2 SAA,N/A,N/A,01/05/18,8:00 PM,N/A,"Memphis, Tenn.",Win,2,False,127,False,--,,64,,75 ,"REBOUND DEF by SWIFT,DJ",,,"REBOUND DEF by SWIFT,DJ",2,defensive rebound,,rhodes,"swift,dj",,"['clark,ethan', 'moore,myles', 'hirsh,elijah', 'mccloud,alton', 'atkinson,quinn']","['de,nick', 'samson,vaughn', 'evans,andrew', 'giroux,preston', 'weatherford,mitch']",
701,0864,Rhodes,Berry,1,102-114,"59,55","54,48",7-6; 1-1 SAA,5-8; 0-2 SAA,N/A,N/A,01/05/18,8:00 PM,N/A,"Memphis, Tenn.",Win,2,False,127,False,14:14,"FOUL  by ATKINSON,QUINN",64,,75 ,,,,"FOUL  by ATKINSON,QUINN",2,foul,,berry,"atkinson,quinn",,"['clark,ethan', 'moore,myles', 'hirsh,elijah', 'mccloud,alton', 'atkinson,quinn']","['de,nick', 'samson,vaughn', 'evans,andrew', 'giroux,preston', 'weatherford,mitch']",854
702,0864,Rhodes,Berry,1,102-114,"59,55","54,48",7-6; 1-1 SAA,5-8; 0-2 SAA,N/A,N/A,01/05/18,8:00 PM,N/A,"Memphis, Tenn.",Win,2,False,127,False,14:12,"SUB IN by CLARK,ETHAN",64,,75 ,,,,"SUB IN by CLARK,ETHAN",2,subbing in,,berry,"clark,ethan",,"['clark,ethan', 'moore,myles', 'hirsh,elijah', 'mccloud,alton', 'atkinson,quinn']","['de,nick', 'samson,vaughn', 'evans,andrew', 'giroux,preston', 'weatherford,mitch']",852
703,0864,Rhodes,Berry,1,102-114,"59,55","54,48",7-6; 1-1 SAA,5-8; 0-2 SAA,N/A,N/A,01/05/18,8:00 PM,N/A,"Memphis, Tenn.",Win,2,False,127,False,14:12,"SUB IN by MARDER,NICK",64,,75 ,,,,"SUB IN by MARDER,NICK",2,subbing in,,berry,"marder,nick",,"['clark,ethan', 'moore,myles', 'hirsh,elijah', 'mccloud,alton', 'atkinson,quinn']","['de,nick', 'samson,vaughn', 'evans,andrew', 'giroux,preston', 'weatherford,mitch']",852
704,0864,Rhodes,Berry,1,102-114,"59,55","54,48",7-6; 1-1 SAA,5-8; 0-2 SAA,N/A,N/A,01/05/18,8:00 PM,N/A,"Memphis, Tenn.",Win,2,False,127,False,14:12,"SUB OUT by ATKINSON,QUINN",64,,75 ,,,,"SUB OUT by ATKINSON,QUINN",2,subbing out,,berry,"atkinson,quinn",,"['clark,ethan', 'moore,myles', 'hirsh,elijah', 'mccloud,alton']","['de,nick', 'samson,vaughn', 'evans,andrew', 'giroux,preston', 'weatherford,mitch']",852
705,0864,Rhodes,Berry,1,102-114,"59,55","54,48",7-6; 1-1 SAA,5-8; 0-2 SAA,N/A,N/A,01/05/18,8:00 PM,N/A,"Memphis, Tenn.",Win,2,False,127,False,14:12,"SUB OUT by MOORE,MYLES",64,,75 ,,,,"SUB OUT by MOORE,MYLES",2,subbing out,,berry,"moore,myles",,"['clark,ethan', 'hirsh,elijah', 'mccloud,alton']","['de,nick', 'samson,vaughn', 'evans,andrew', 'giroux,preston', 'weatherford,mitch']",852
706,0864,Rhodes,Berry,1,102-114,"59,55","54,48",7-6; 1-1 SAA,5-8; 0-2 SAA,N/A,N/A,01/05/18,8:00 PM,N/A,"Memphis, Tenn.",Win,2,False,127,False,14:12,,64,,75 ,"SUB IN by LOVE,KERRY",,,"SUB IN by LOVE,KERRY",2,subbing in,,rhodes,"love,kerry",,"['clark,ethan', 'hirsh,elijah', 'mccloud,alton']","['de,nick', 'samson,vaughn', 'evans,andrew', 'giroux,preston', 'weatherford,mitch', 'love,kerry']",852
707,0864,Rhodes,Berry,1,102-114,"59,55","54,48",7-6; 1-1 SAA,5-8; 0-2 SAA,N/A,N/A,01/05/18,8:00 PM,N/A,"Memphis, Tenn.",Win,2,False,127,False,14:12,,64,,75 ,"SUB IN by ASHBY,KENDRICK",,,"SUB IN by ASHBY,KENDRICK",2,subbing in,,rhodes,"ashby,kendrick",,"['clark,ethan', 'hirsh,elijah', 'mccloud,alton']","['de,nick', 'samson,vaughn', 'evans,andrew', 'giroux,preston', 'weatherford,mitch', 'love,kerry', 'ashby,kendrick']",852
708,0864,Rhodes,Berry,1,102-114,"59,55","54,48",7-6; 1-1 SAA,5-8; 0-2 SAA,N/A,N/A,01/05/18,8:00 PM,N/A,"Memphis, Tenn.",Win,2,False,127,False,14:12,,64,,75 ,"SUB IN by ROTEMAN,EVAN",,,"SUB IN by ROTEMAN,EVAN",2,subbing in,,rhodes,"roteman,evan",,"['clark,ethan', 'hirsh,elijah', 'mccloud,alton']","['de,nick', 'samson,vaughn', 'evans,andrew', 'giroux,preston', 'weatherford,mitch', 'love,kerry', 'ashby,kendrick', 'roteman,evan']",852
709,0864,Rhodes,Berry,1,102-114,"59,55","54,48",7-6; 1-1 SAA,5-8; 0-2 SAA,N/A,N/A,01/05/18,8:00 PM,N/A,"Memphis, Tenn.",Win,2,False,127,False,14:12,,64,,75 ,"SUB IN by BERRY,BRYCE",,,"SUB IN by BERRY,BRYCE",2,subbing in,,rhodes,"berry,bryce",,"['clark,ethan', 'hirsh,elijah', 'mccloud,alton']","['de,nick', 'samson,vaughn', 'evans,andrew', 'giroux,preston', 'weatherford,mitch', 'love,kerry', 'ashby,kendrick', 'roteman,evan', 'berry,bryce']",852
710,0864,Rhodes,Berry,1,102-114,"59,55","54,48",7-6; 1-1 SAA,5-8; 0-2 SAA,N/A,N/A,01/05/18,8:00 PM,N/A,"Memphis, Tenn.",Win,2,False,127,False,14:12,,64,,75 ,"SUB IN by GRUBBS,COBY",,,"SUB IN by GRUBBS,COBY",2,subbing in,,rhodes,"grubbs,coby",,"['clark,ethan', 'hirsh,elijah', 'mccloud,alton']","['de,nick', 'samson,vaughn', 'evans,andrew', 'giroux,preston', 'weatherford,mitch', 'love,kerry', 'ashby,kendrick', 'roteman,evan', 'berry,bryce', 'grubbs,coby']",852
711,0864,Rhodes,Berry,1,102-114,"59,55","54,48",7-6; 1-1 SAA,5-8; 0-2 SAA,N/A,N/A,01/05/18,8:00 PM,N/A,"Memphis, Tenn.",Win,2,False,127,False,14:12,,64,,75 ,"SUB OUT by EVANS,ANDREW",,,"SUB OUT by EVANS,ANDREW",2,subbing out,,rhodes,"evans,andrew",,"['clark,ethan', 'hirsh,elijah', 'mccloud,alton']","['de,nick', 'samson,vaughn', 'giroux,preston', 'weatherford,mitch', 'love,kerry', 'ashby,kendrick', 'roteman,evan', 'berry,bryce', 'grubbs,coby']",852
712,0864,Rhodes,Berry,1,102-114,"59,55","54,48",7-6; 1-1 SAA,5-8; 0-2 SAA,N/A,N/A,01/05/18,8:00 PM,N/A,"Memphis, Tenn.",Win,2,False,127,False,14:12,,64,,75 ,"SUB OUT by GIROUX,PRESTON",,,"SUB OUT by GIROUX,PRESTON",2,subbing out,,rhodes,"giroux,preston",,"['clark,ethan', 'hirsh,elijah', 'mccloud,alton']","['de,nick', 'samson,vaughn', 'weatherford,mitch', 'love,kerry', 'ashby,kendrick', 'roteman,evan', 'berry,bryce', 'grubbs,coby']",852
713,0864,Rhodes,Berry,1,102-114,"59,55","54,48",7-6; 1-1 SAA,5-8; 0-2 SAA,N/A,N/A,01/05/18,8:00 PM,N/A,"Memphis, Tenn.",Win,2,False,127,False,14:12,,64,,75 ,"SUB OUT by SAMSON,VAUGHN",,,"SUB OUT by SAMSON,VAUGHN",2,subbing out,,rhodes,"samson,vaughn",,"['clark,ethan', 'hirsh,elijah', 'mccloud,alton']","['de,nick', 'weatherford,mitch', 'love,kerry', 'ashby,kendrick', 'roteman,evan', 'berry,bryce', 'grubbs,coby']",852
714,0864,Rhodes,Berry,1,102-114,"59,55","54,48",7-6; 1-1 SAA,5-8; 0-2 SAA,N/A,N/A,01/05/18,8:00 PM,N/A,"Memphis, Tenn.",Win,2,False,127,False,14:12,,64,,75 ,"SUB OUT by SWIFT,DJ",,,"SUB OUT by SWIFT,DJ",2,subbing out,,rhodes,"swift,dj",,"['clark,ethan', 'hirsh,elijah', 'mccloud,alton']","['de,nick', 'weatherford,mitch', 'love,kerry', 'ashby,kendrick', 'roteman,evan', 'berry,bryce', 'grubbs,coby']",852
715,0864,Rhodes,Berry,1,102-114,"59,55","54,48",7-6; 1-1 SAA,5-8; 0-2 SAA,N/A,N/A,01/05/18,8:00 PM,N/A,"Memphis, Tenn.",Win,2,False,127,False,14:12,,64,,75 ,"SUB OUT by WEATHERFORD,MITCH",,,"SUB OUT by WEATHERFORD,MITCH",2,subbing out,,rhodes,"weatherford,mitch",,"['clark,ethan', 'hirsh,elijah', 'mccloud,alton']","['de,nick', 'weatherford,mitch', 'love,kerry', 'ashby,kendrick', 'roteman,evan', 'berry,bryce', 'grubbs,coby']",852
716,0864,Rhodes,Berry,1,102-114,"59,55","54,48",7-6; 1-1 SAA,5-8; 0-2 SAA,N/A,N/A,01/05/18,8:00 PM,N/A,"Memphis, Tenn.",Win,2,False,127,False,14:00,,64,,75 ,"TURNOVER  by ROTEMAN,EVAN",,,"TURNOVER  by ROTEMAN,EVAN",2,turnover,,rhodes,"roteman,evan",,"['clark,ethan', 'hirsh,elijah', 'mccloud,alton']","['de,nick', 'weatherford,mitch', 'love,kerry', 'ashby,kendrick', 'roteman,evan', 'berry,bryce', 'grubbs,coby']",840
717,0864,Rhodes,Berry,1,102-114,"59,55","54,48",7-6; 1-1 SAA,5-8; 0-2 SAA,N/A,N/A,01/05/18,8:00 PM,N/A,"Memphis, Tenn.",Win,2,False,127,False,13:58,"STEAL  by CLARK,ETHAN",64,,75 ,,,,"STEAL  by CLARK,ETHAN",2,steal,,berry,,,"['clark,ethan', 'hirsh,elijah', 'mccloud,alton']","['de,nick', 'weatherford,mitch', 'love,kerry', 'ashby,kendrick', 'roteman,evan', 'berry,bryce', 'grubbs,coby']",838
718,0864,Rhodes,Berry,1,102-114,"59,55","54,48",7-6; 1-1 SAA,5-8; 0-2 SAA,N/A,N/A,01/05/18,8:00 PM,N/A,"Memphis, Tenn.",Win,2,False,127,False,13:46,,64,,75 ,"SUB IN by GALVIN,OWEN",,,"SUB IN by GALVIN,OWEN",2,subbing in,,rhodes,"galvin,owen",,"['clark,ethan', 'hirsh,elijah', 'mccloud,alton']","['de,nick', 'weatherford,mitch', 'love,kerry', 'ashby,kendrick', 'roteman,evan', 'berry,bryce', 'grubbs,coby', 'galvin,owen']",826
719,0864,Rhodes,Berry,1,102-114,"59,55","54,48",7-6; 1-1 SAA,5-8; 0-2 SAA,N/A,N/A,01/05/18,8:00 PM,N/A,"Memphis, Tenn.",Win,2,False,127,False,13:46,,64,,75 ,"SUB IN by MCINTYRE,WILLIAM",,,"SUB IN by MCINTYRE,WILLIAM",2,subbing in,,rhodes,"mcintyre,william",,"['clark,ethan', 'hirsh,elijah', 'mccloud,alton']","['de,nick', 'weatherford,mitch', 'love,kerry', 'ashby,kendrick', 'roteman,evan', 'berry,bryce', 'grubbs,coby', 'galvin,owen', 'mcintyre,william']",826
720,0864,Rhodes,Berry,1,102-114,"59,55","54,48",7-6; 1-1 SAA,5-8; 0-2 SAA,N/A,N/A,01/05/18,8:00 PM,N/A,"Memphis, Tenn.",Win,2,False,127,False,13:46,,64,,75 ,"SUB IN by NESTLEHUTT,JAKE",,,"SUB IN by NESTLEHUTT,JAKE",2,subbing in,,rhodes,"nestlehutt,jake",,"['clark,ethan', 'hirsh,elijah', 'mccloud,alton']","['de,nick', 'weatherford,mitch', 'love,kerry', 'ashby,kendrick', 'roteman,evan', 'berry,bryce', 'grubbs,coby', 'galvin,owen', 'mcintyre,william', 'nestlehutt,jake']",826
721,0864,Rhodes,Berry,1,102-114,"59,55","54,48",7-6; 1-1 SAA,5-8; 0-2 SAA,N/A,N/A,01/05/18,8:00 PM,N/A,"Memphis, Tenn.",Win,2,False,127,False,13:46,,64,,75 ,"SUB IN by NYAWATA,ANESU",,,"SUB IN by NYAWATA,ANESU",2,subbing in,,rhodes,"nyawata,anesu",,"['clark,ethan', 'hirsh,elijah', 'mccloud,alton']","['de,nick', 'weatherford,mitch', 'love,kerry', 'ashby,kendrick', 'roteman,evan', 'berry,bryce', 'grubbs,coby', 'galvin,owen', 'mcintyre,william', 'nestlehutt,jake', 'nyawata,anesu']",826
722,0864,Rhodes,Berry,1,102-114,"59,55","54,48",7-6; 1-1 SAA,5-8; 0-2 SAA,N/A,N/A,01/05/18,8:00 PM,N/A,"Memphis, Tenn.",Win,2,False,127,False,13:46,,64,,75 ,"SUB IN by DALTON,PRICE",,,"SUB IN by DALTON,PRICE",2,subbing in,,rhodes,"dalton,price",,"['clark,ethan', 'hirsh,elijah', 'mccloud,alton']","['de,nick', 'weatherford,mitch', 'love,kerry', 'ashby,kendrick', 'roteman,evan', 'berry,bryce', 'grubbs,coby', 'galvin,owen', 'mcintyre,william', 'nestlehutt,jake', 'nyawata,anesu', 'dalton,price']",826
723,0864,Rhodes,Berry,1,102-114,"59,55","54,48",7-6; 1-1 SAA,5-8; 0-2 SAA,N/A,N/A,01/05/18,8:00 PM,N/A,"Memphis, Tenn.",Win,2,False,127,False,13:46,,64,,75 ,"SUB OUT by LOVE,KERRY",,,"SUB OUT by LOVE,KERRY",2,subbing out,,rhodes,"love,kerry",,"['clark,ethan', 'hirsh,elijah', 'mccloud,alton']","['de,nick', 'weatherford,mitch', 'ashby,kendrick', 'roteman,evan', 'berry,bryce', 'grubbs,coby', 'galvin,owen', 'mcintyre,william', 'nestlehutt,jake', 'nyawata,anesu', 'dalton,price']",826
724,0864,Rhodes,Berry,1,102-114,"59,55","54,48",7-6; 1-1 SAA,5-8; 0-2 SAA,N/A,N/A,01/05/18,8:00 PM,N/A,"Memphis, Tenn.",Win,2,False,127,False,13:46,,64,,75 ,"SUB OUT by ASHBY,KENDRICK",,,"SUB OUT by ASHBY,KENDRICK",2,subbing out,,rhodes,"ashby,kendrick",,"['clark,ethan', 'hirsh,elijah', 'mccloud,alton']","['de,nick', 'weatherford,mitch', 'roteman,evan', 'berry,bryce', 'grubbs,coby', 'galvin,owen', 'mcintyre,william', 'nestlehutt,jake', 'nyawata,anesu', 'dalton,price']",826
725,0864,Rhodes,Berry,1,102-114,"59,55","54,48",7-6; 1-1 SAA,5-8; 0-2 SAA,N/A,N/A,01/05/18,8:00 PM,N/A,"Memphis, Tenn.",Win,2,False,127,False,13:46,,64,,75 ,"SUB OUT by ROTEMAN,EVAN",,,"SUB OUT by ROTEMAN,EVAN",2,subbing out,,rhodes,"roteman,evan",,"['clark,ethan', 'hirsh,elijah', 'mccloud,alton']","['de,nick', 'weatherford,mitch', 'berry,bryce', 'grubbs,coby', 'galvin,owen', 'mcintyre,william', 'nestlehutt,jake', 'nyawata,anesu', 'dalton,price']",826
726,0864,Rhodes,Berry,1,102-114,"59,55","54,48",7-6; 1-1 SAA,5-8; 0-2 SAA,N/A,N/A,01/05/18,8:00 PM,N/A,"Memphis, Tenn.",Win,2,False,127,False,13:46,,64,,75 ,"SUB OUT by BERRY,BRYCE",,,"SUB OUT by BERRY,BRYCE",2,subbing out,,rhodes,"berry,bryce",,"['clark,ethan', 'hirsh,elijah', 'mccloud,alton']","['de,nick', 'weatherford,mitch', 'grubbs,coby', 'galvin,owen', 'mcintyre,william', 'nestlehutt,jake', 'nyawata,anesu', 'dalton,price']",826
727,0864,Rhodes,Berry,1,102-114,"59,55","54,48",7-6; 1-1 SAA,5-8; 0-2 SAA,N/A,N/A,01/05/18,8:00 PM,N/A,"Memphis, Tenn.",Win,2,False,127,False,13:46,,64,,75 ,"SUB OUT by GRUBBS,COBY",,,"SUB OUT by GRUBBS,COBY",2,subbing out,,rhodes,"grubbs,coby",,"['clark,ethan', 'hirsh,elijah', 'mccloud,alton']","['de,nick', 'weatherford,mitch', 'galvin,owen', 'mcintyre,william', 'nestlehutt,jake', 'nyawata,anesu', 'dalton,price']",826
728,0864,Rhodes,Berry,1,102-114,"59,55","54,48",7-6; 1-1 SAA,5-8; 0-2 SAA,N/A,N/A,01/05/18,8:00 PM,N/A,"Memphis, Tenn.",Win,2,False,127,False,13:37,"TURNOVER  by MARDER,NICK",64,,75 ,,,,"TURNOVER  by MARDER,NICK",2,turnover,,berry,"marder,nick",,"['clark,ethan', 'hirsh,elijah', 'mccloud,alton']","['de,nick', 'weatherford,mitch', 'galvin,owen', 'mcintyre,william', 'nestlehutt,jake', 'nyawata,anesu', 'dalton,price']",817
729,0864,Rhodes,Berry,1,102-114,"59,55","54,48",7-6; 1-1 SAA,5-8; 0-2 SAA,N/A,N/A,01/05/18,8:00 PM,N/A,"Memphis, Tenn.",Win,2,False,127,False,13:35,,64,,75 ,"STEAL  by NYAWATA,ANESU",,,"STEAL  by NYAWATA,ANESU",2,steal,,rhodes,,,"['clark,ethan', 'hirsh,elijah', 'mccloud,alton']","['de,nick', 'weatherford,mitch', 'galvin,owen', 'mcintyre,william', 'nestlehutt,jake', 'nyawata,anesu', 'dalton,price']",815
730,0864,Rhodes,Berry,1,102-114,"59,55","54,48",7-6; 1-1 SAA,5-8; 0-2 SAA,N/A,N/A,01/05/18,8:00 PM,N/A,"Memphis, Tenn.",Win,2,False,127,False,13:09,,64,,75 ,"MISS LAYUP by GALVIN,OWEN",,,"MISS LAYUP by GALVIN,OWEN",2,layup,missed,rhodes,"galvin,owen",,"['clark,ethan', 'hirsh,elijah', 'mccloud,alton']","['de,nick', 'weatherford,mitch', 'galvin,owen', 'mcintyre,william', 'nestlehutt,jake', 'nyawata,anesu', 'dalton,price']",789
731,0864,Rhodes,Berry,1,102-114,"59,55","54,48",7-6; 1-1 SAA,5-8; 0-2 SAA,N/A,N/A,01/05/18,8:00 PM,N/A,"Memphis, Tenn.",Win,2,False,127,False,--,"REBOUND DEF by HIRSH,ELIJAH",64,,75 ,,,,"REBOUND DEF by HIRSH,ELIJAH",2,defensive rebound,,berry,"hirsh,elijah",,"['clark,ethan', 'hirsh,elijah', 'mccloud,alton']","['de,nick', 'weatherford,mitch', 'galvin,owen', 'mcintyre,william', 'nestlehutt,jake', 'nyawata,anesu', 'dalton,price']",
732,0864,Rhodes,Berry,1,102-114,"59,55","54,48",7-6; 1-1 SAA,5-8; 0-2 SAA,N/A,N/A,01/05/18,8:00 PM,N/A,"Memphis, Tenn.",Win,2,False,127,False,12:53,"MISS LAYUP by MARDER,NICK",64,,75 ,,,,"MISS LAYUP by MARDER,NICK",2,layup,missed,berry,"marder,nick",,"['clark,ethan', 'hirsh,elijah', 'mccloud,alton']","['de,nick', 'weatherford,mitch', 'galvin,owen', 'mcintyre,william', 'nestlehutt,jake', 'nyawata,anesu', 'dalton,price']",773
733,0864,Rhodes,Berry,1,102-114,"59,55","54,48",7-6; 1-1 SAA,5-8; 0-2 SAA,N/A,N/A,01/05/18,8:00 PM,N/A,"Memphis, Tenn.",Win,2,False,127,False,--,,64,,75 ,"REBOUND DEF by GALVIN,OWEN",,,"REBOUND DEF by GALVIN,OWEN",2,defensive rebound,,rhodes,"galvin,owen",,"['clark,ethan', 'hirsh,elijah', 'mccloud,alton']","['de,nick', 'weatherford,mitch', 'galvin,owen', 'mcintyre,william', 'nestlehutt,jake', 'nyawata,anesu', 'dalton,price']",
734,0864,Rhodes,Berry,1,102-114,"59,55","54,48",7-6; 1-1 SAA,5-8; 0-2 SAA,N/A,N/A,01/05/18,8:00 PM,N/A,"Memphis, Tenn.",Win,2,False,127,False,12:47,,64,,75 ,"TURNOVER  by GALVIN,OWEN",,,"TURNOVER  by GALVIN,OWEN",2,turnover,,rhodes,"galvin,owen",,"['clark,ethan', 'hirsh,elijah', 'mccloud,alton']","['de,nick', 'weatherford,mitch', 'galvin,owen', 'mcintyre,william', 'nestlehutt,jake', 'nyawata,anesu', 'dalton,price']",767
735,0864,Rhodes,Berry,1,102-114,"59,55","54,48",7-6; 1-1 SAA,5-8; 0-2 SAA,N/A,N/A,01/05/18,8:00 PM,N/A,"Memphis, Tenn.",Win,2,False,127,False,12:46,"STEAL  by CLARK,ETHAN",64,,75 ,,,,"STEAL  by CLARK,ETHAN",2,steal,,berry,,,"['clark,ethan', 'hirsh,elijah', 'mccloud,alton']","['de,nick', 'weatherford,mitch', 'galvin,owen', 'mcintyre,william', 'nestlehutt,jake', 'nyawata,anesu', 'dalton,price']",766
736,0864,Rhodes,Berry,1,102-114,"59,55","54,48",7-6; 1-1 SAA,5-8; 0-2 SAA,N/A,N/A,01/05/18,8:00 PM,N/A,"Memphis, Tenn.",Win,2,False,127,False,12:44,"MISS LAYUP by HIRSH,ELIJAH",64,,75 ,,,,"MISS LAYUP by HIRSH,ELIJAH",2,layup,missed,berry,"hirsh,elijah",,"['clark,ethan', 'hirsh,elijah', 'mccloud,alton']","['de,nick', 'weatherford,mitch', 'galvin,owen', 'mcintyre,william', 'nestlehutt,jake', 'nyawata,anesu', 'dalton,price']",764
737,0864,Rhodes,Berry,1,102-114,"59,55","54,48",7-6; 1-1 SAA,5-8; 0-2 SAA,N/A,N/A,01/05/18,8:00 PM,N/A,"Memphis, Tenn.",Win,2,False,127,False,--,REBOUND OFF by TEAM,64,,75 ,,,,REBOUND OFF by TEAM,2,offensive rebound,,berry,,,"['clark,ethan', 'hirsh,elijah', 'mccloud,alton']","['de,nick', 'weatherford,mitch', 'galvin,owen', 'mcintyre,william', 'nestlehutt,jake', 'nyawata,anesu', 'dalton,price']",
738,0864,Rhodes,Berry,1,102-114,"59,55","54,48",7-6; 1-1 SAA,5-8; 0-2 SAA,N/A,N/A,01/05/18,8:00 PM,N/A,"Memphis, Tenn.",Win,2,False,127,False,12:38,TIMEOUT 20SEC by TEAM,64,,75 ,,,,TIMEOUT 20SEC by TEAM,2,timeout,,berry,,,"['clark,ethan', 'hirsh,elijah', 'mccloud,alton']","['de,nick', 'weatherford,mitch', 'galvin,owen', 'mcintyre,william', 'nestlehutt,jake', 'nyawata,anesu', 'dalton,price']",758
739,0864,Rhodes,Berry,1,102-114,"59,55","54,48",7-6; 1-1 SAA,5-8; 0-2 SAA,N/A,N/A,01/05/18,8:00 PM,N/A,"Memphis, Tenn.",Win,2,False,127,False,12:38,,64,,75 ,"SUB IN by EVANS,ANDREW",,,"SUB IN by EVANS,ANDREW",2,subbing in,,rhodes,"evans,andrew",,"['clark,ethan', 'hirsh,elijah', 'mccloud,alton']","['de,nick', 'weatherford,mitch', 'galvin,owen', 'mcintyre,william', 'nestlehutt,jake', 'nyawata,anesu', 'dalton,price', 'evans,andrew']",758
740,0864,Rhodes,Berry,1,102-114,"59,55","54,48",7-6; 1-1 SAA,5-8; 0-2 SAA,N/A,N/A,01/05/18,8:00 PM,N/A,"Memphis, Tenn.",Win,2,False,127,False,12:38,,64,,75 ,"SUB IN by GIROUX,PRESTON",,,"SUB IN by GIROUX,PRESTON",2,subbing in,,rhodes,"giroux,preston",,"['clark,ethan', 'hirsh,elijah', 'mccloud,alton']","['de,nick', 'weatherford,mitch', 'galvin,owen', 'mcintyre,william', 'nestlehutt,jake', 'nyawata,anesu', 'dalton,price', 'evans,andrew', 'giroux,preston']",758
741,0864,Rhodes,Berry,1,102-114,"59,55","54,48",7-6; 1-1 SAA,5-8; 0-2 SAA,N/A,N/A,01/05/18,8:00 PM,N/A,"Memphis, Tenn.",Win,2,False,127,False,12:38,,64,,75 ,"SUB IN by SAMSON,VAUGHN",,,"SUB IN by SAMSON,VAUGHN",2,subbing in,,rhodes,"samson,vaughn",,"['clark,ethan', 'hirsh,elijah', 'mccloud,alton']","['de,nick', 'weatherford,mitch', 'galvin,owen', 'mcintyre,william', 'nestlehutt,jake', 'nyawata,anesu', 'dalton,price', 'evans,andrew', 'giroux,preston', 'samson,vaughn']",758
742,0864,Rhodes,Berry,1,102-114,"59,55","54,48",7-6; 1-1 SAA,5-8; 0-2 SAA,N/A,N/A,01/05/18,8:00 PM,N/A,"Memphis, Tenn.",Win,2,False,127,False,12:38,,64,,75 ,"SUB IN by SWIFT,DJ",,,"SUB IN by SWIFT,DJ",2,subbing in,,rhodes,"swift,dj",,"['clark,ethan', 'hirsh,elijah', 'mccloud,alton']","['de,nick', 'weatherford,mitch', 'galvin,owen', 'mcintyre,william', 'nestlehutt,jake', 'nyawata,anesu', 'dalton,price', 'evans,andrew', 'giroux,preston', 'samson,vaughn', 'swift,dj']",758
743,0864,Rhodes,Berry,1,102-114,"59,55","54,48",7-6; 1-1 SAA,5-8; 0-2 SAA,N/A,N/A,01/05/18,8:00 PM,N/A,"Memphis, Tenn.",Win,2,False,127,False,12:38,,64,,75 ,"SUB IN by WEATHERFORD,MITCH",,,"SUB IN by WEATHERFORD,MITCH",2,subbing in,,rhodes,"weatherford,mitch",,"['clark,ethan', 'hirsh,elijah', 'mccloud,alton']","['de,nick', 'weatherford,mitch', 'galvin,owen', 'mcintyre,william', 'nestlehutt,jake', 'nyawata,anesu', 'dalton,price', 'evans,andrew', 'giroux,preston', 'samson,vaughn', 'swift,dj']",758
744,0864,Rhodes,Berry,1,102-114,"59,55","54,48",7-6; 1-1 SAA,5-8; 0-2 SAA,N/A,N/A,01/05/18,8:00 PM,N/A,"Memphis, Tenn.",Win,2,False,127,False,12:38,,64,,75 ,"SUB OUT by GALVIN,OWEN",,,"SUB OUT by GALVIN,OWEN",2,subbing out,,rhodes,"galvin,owen",,"['clark,ethan', 'hirsh,elijah', 'mccloud,alton']","['de,nick', 'weatherford,mitch', 'galvin,owen', 'mcintyre,william', 'nestlehutt,jake', 'nyawata,anesu', 'dalton,price', 'evans,andrew', 'giroux,preston', 'samson,vaughn', 'swift,dj']",758
745,0864,Rhodes,Berry,1,102-114,"59,55","54,48",7-6; 1-1 SAA,5-8; 0-2 SAA,N/A,N/A,01/05/18,8:00 PM,N/A,"Memphis, Tenn.",Win,2,False,127,False,12:38,,64,,75 ,"SUB OUT by MCINTYRE,WILLIAM",,,"SUB OUT by MCINTYRE,WILLIAM",2,subbing out,,rhodes,"mcintyre,william",,"['clark,ethan', 'hirsh,elijah', 'mccloud,alton']","['de,nick', 'weatherford,mitch', 'galvin,owen', 'nestlehutt,jake', 'nyawata,anesu', 'dalton,price', 'evans,andrew', 'giroux,preston', 'samson,vaughn', 'swift,dj']",758
746,0864,Rhodes,Berry,1,102-114,"59,55","54,48",7-6; 1-1 SAA,5-8; 0-2 SAA,N/A,N/A,01/05/18,8:00 PM,N/A,"Memphis, Tenn.",Win,2,False,127,False,12:38,,64,,75 ,"SUB OUT by NESTLEHUTT,JAKE",,,"SUB OUT by NESTLEHUTT,JAKE",2,subbing out,,rhodes,"nestlehutt,jake",,"['clark,ethan', 'hirsh,elijah', 'mccloud,alton']","['de,nick', 'weatherford,mitch', 'galvin,owen', 'nyawata,anesu', 'dalton,price', 'evans,andrew', 'giroux,preston', 'samson,vaughn', 'swift,dj']",758
747,0864,Rhodes,Berry,1,102-114,"59,55","54,48",7-6; 1-1 SAA,5-8; 0-2 SAA,N/A,N/A,01/05/18,8:00 PM,N/A,"Memphis, Tenn.",Win,2,False,127,False,12:38,,64,,75 ,"SUB OUT by NYAWATA,ANESU",,,"SUB OUT by NYAWATA,ANESU",2,subbing out,,rhodes,"nyawata,anesu",,"['clark,ethan', 'hirsh,elijah', 'mccloud,alton']","['de,nick', 'weatherford,mitch', 'galvin,owen', 'dalton,price', 'evans,andrew', 'giroux,preston', 'samson,vaughn', 'swift,dj']",758
748,0864,Rhodes,Berry,1,102-114,"59,55","54,48",7-6; 1-1 SAA,5-8; 0-2 SAA,N/A,N/A,01/05/18,8:00 PM,N/A,"Memphis, Tenn.",Win,2,False,127,False,12:38,,64,,75 ,"SUB OUT by DALTON,PRICE",,,"SUB OUT by DALTON,PRICE",2,subbing out,,rhodes,"dalton,price",,"['clark,ethan', 'hirsh,elijah', 'mccloud,alton']","['de,nick', 'weatherford,mitch', 'galvin,owen', 'evans,andrew', 'giroux,preston', 'samson,vaughn', 'swift,dj']",758
749,0864,Rhodes,Berry,1,102-114,"59,55","54,48",7-6; 1-1 SAA,5-8; 0-2 SAA,N/A,N/A,01/05/18,8:00 PM,N/A,"Memphis, Tenn.",Win,2,False,127,False,12:35,"MISS LAYUP by MCCLOUD,ALTON",64,,75 ,,,,"MISS LAYUP by MCCLOUD,ALTON",2,layup,missed,berry,"mccloud,alton",,"['clark,ethan', 'hirsh,elijah', 'mccloud,alton']","['de,nick', 'weatherford,mitch', 'galvin,owen', 'evans,andrew', 'giroux,preston', 'samson,vaughn', 'swift,dj']",755
750,0864,Rhodes,Berry,1,102-114,"59,55","54,48",7-6; 1-1 SAA,5-8; 0-2 SAA,N/A,N/A,01/05/18,8:00 PM,N/A,"Memphis, Tenn.",Win,2,False,127,False,--,"REBOUND OFF by MCCLOUD,ALTON",64,,75 ,,,,"REBOUND OFF by MCCLOUD,ALTON",2,offensive rebound,,berry,"mccloud,alton",,"['clark,ethan', 'hirsh,elijah', 'mccloud,alton']","['de,nick', 'weatherford,mitch', 'galvin,owen', 'evans,andrew', 'giroux,preston', 'samson,vaughn', 'swift,dj']",
751,0864,Rhodes,Berry,1,102-114,"59,55","54,48",7-6; 1-1 SAA,5-8; 0-2 SAA,N/A,N/A,01/05/18,8:00 PM,N/A,"Memphis, Tenn.",Win,2,False,127,False,12:31,"GOOD LAYUP by MCCLOUD,ALTON(in the paint)",66,,75 ,,BCM 66-75 (-9),,"GOOD LAYUP by MCCLOUD,ALTON(in the paint)",2,layup,good,berry,"mccloud,alton",2,"['clark,ethan', 'hirsh,elijah', 'mccloud,alton']","['de,nick', 'weatherford,mitch', 'galvin,owen', 'evans,andrew', 'giroux,preston', 'samson,vaughn', 'swift,dj']",751
752,0864,Rhodes,Berry,1,102-114,"59,55","54,48",7-6; 1-1 SAA,5-8; 0-2 SAA,N/A,N/A,01/05/18,8:00 PM,N/A,"Memphis, Tenn.",Win,2,False,127,False,12:14,,66,,75 ,"MISS LAYUP by GIROUX,PRESTON",,,"MISS LAYUP by GIROUX,PRESTON",2,layup,missed,rhodes,"giroux,preston",,"['clark,ethan', 'hirsh,elijah', 'mccloud,alton']","['de,nick', 'weatherford,mitch', 'galvin,owen', 'evans,andrew', 'giroux,preston', 'samson,vaughn', 'swift,dj']",734
753,0864,Rhodes,Berry,1,102-114,"59,55","54,48",7-6; 1-1 SAA,5-8; 0-2 SAA,N/A,N/A,01/05/18,8:00 PM,N/A,"Memphis, Tenn.",Win,2,False,127,False,12:14,"BLOCK  by HIRSH,ELIJAH",66,,75 ,,,,"BLOCK  by HIRSH,ELIJAH",2,block,,berry,"hirsh,elijah",,"['clark,ethan', 'hirsh,elijah', 'mccloud,alton']","['de,nick', 'weatherford,mitch', 'galvin,owen', 'evans,andrew', 'giroux,preston', 'samson,vaughn', 'swift,dj']",734
754,0864,Rhodes,Berry,1,102-114,"59,55","54,48",7-6; 1-1 SAA,5-8; 0-2 SAA,N/A,N/A,01/05/18,8:00 PM,N/A,"Memphis, Tenn.",Win,2,False,127,False,--,,66,,75 ,REBOUND OFF by TEAM,,,REBOUND OFF by TEAM,2,offensive rebound,,rhodes,,,"['clark,ethan', 'hirsh,elijah', 'mccloud,alton']","['de,nick', 'weatherford,mitch', 'galvin,owen', 'evans,andrew', 'giroux,preston', 'samson,vaughn', 'swift,dj']",
755,0864,Rhodes,Berry,1,102-114,"59,55","54,48",7-6; 1-1 SAA,5-8; 0-2 SAA,N/A,N/A,01/05/18,8:00 PM,N/A,"Memphis, Tenn.",Win,2,False,127,False,12:06,,66,,75 ,"MISS 3PTR by WEATHERFORD,MITCH",,,"MISS 3PTR by WEATHERFORD,MITCH",2,three pointer,missed,rhodes,"weatherford,mitch",,"['clark,ethan', 'hirsh,elijah', 'mccloud,alton']","['de,nick', 'weatherford,mitch', 'galvin,owen', 'evans,andrew', 'giroux,preston', 'samson,vaughn', 'swift,dj']",726
756,0864,Rhodes,Berry,1,102-114,"59,55","54,48",7-6; 1-1 SAA,5-8; 0-2 SAA,N/A,N/A,01/05/18,8:00 PM,N/A,"Memphis, Tenn.",Win,2,False,127,False,--,,66,,75 ,"REBOUND OFF by EVANS,ANDREW",,,"REBOUND OFF by EVANS,ANDREW",2,offensive rebound,,rhodes,"evans,andrew",,"['clark,ethan', 'hirsh,elijah', 'mccloud,alton']","['de,nick', 'weatherford,mitch', 'galvin,owen', 'evans,andrew', 'giroux,preston', 'samson,vaughn', 'swift,dj']",
757,0864,Rhodes,Berry,1,102-114,"59,55","54,48",7-6; 1-1 SAA,5-8; 0-2 SAA,N/A,N/A,01/05/18,8:00 PM,N/A,"Memphis, Tenn.",Win,2,False,127,False,11:59,,66,,75 ,"MISS JUMPER by GIROUX,PRESTON",,,"MISS JUMPER by GIROUX,PRESTON",2,jumper,missed,rhodes,"giroux,preston",,"['clark,ethan', 'hirsh,elijah', 'mccloud,alton']","['de,nick', 'weatherford,mitch', 'galvin,owen', 'evans,andrew', 'giroux,preston', 'samson,vaughn', 'swift,dj']",719
758,0864,Rhodes,Berry,1,102-114,"59,55","54,48",7-6; 1-1 SAA,5-8; 0-2 SAA,N/A,N/A,01/05/18,8:00 PM,N/A,"Memphis, Tenn.",Win,2,False,127,False,11:59,"BLOCK  by HIRSH,ELIJAH",66,,75 ,,,,"BLOCK  by HIRSH,ELIJAH",2,block,,berry,"hirsh,elijah",,"['clark,ethan', 'hirsh,elijah', 'mccloud,alton']","['de,nick', 'weatherford,mitch', 'galvin,owen', 'evans,andrew', 'giroux,preston', 'samson,vaughn', 'swift,dj']",719
759,0864,Rhodes,Berry,1,102-114,"59,55","54,48",7-6; 1-1 SAA,5-8; 0-2 SAA,N/A,N/A,01/05/18,8:00 PM,N/A,"Memphis, Tenn.",Win,2,False,127,False,--,REBOUND DEF by TEAM,66,,75 ,,,,REBOUND DEF by TEAM,2,defensive rebound,,berry,,,"['clark,ethan', 'hirsh,elijah', 'mccloud,alton']","['de,nick', 'weatherford,mitch', 'galvin,owen', 'evans,andrew', 'giroux,preston', 'samson,vaughn', 'swift,dj']",
760,0864,Rhodes,Berry,1,102-114,"59,55","54,48",7-6; 1-1 SAA,5-8; 0-2 SAA,N/A,N/A,01/05/18,8:00 PM,N/A,"Memphis, Tenn.",Win,2,False,127,False,11:58,,66,,75 ,"FOUL  by EVANS,ANDREW",,,"FOUL  by EVANS,ANDREW",2,foul,,rhodes,"evans,andrew",,"['clark,ethan', 'hirsh,elijah', 'mccloud,alton']","['de,nick', 'weatherford,mitch', 'galvin,owen', 'evans,andrew', 'giroux,preston', 'samson,vaughn', 'swift,dj']",718
761,0864,Rhodes,Berry,1,102-114,"59,55","54,48",7-6; 1-1 SAA,5-8; 0-2 SAA,N/A,N/A,01/05/18,8:00 PM,N/A,"Memphis, Tenn.",Win,2,False,127,False,11:58,"SUB IN by MOORE,MYLES",66,,75 ,,,,"SUB IN by MOORE,MYLES",2,subbing in,,berry,"moore,myles",,"['clark,ethan', 'hirsh,elijah', 'mccloud,alton', 'moore,myles']","['de,nick', 'weatherford,mitch', 'galvin,owen', 'evans,andrew', 'giroux,preston', 'samson,vaughn', 'swift,dj']",718
762,0864,Rhodes,Berry,1,102-114,"59,55","54,48",7-6; 1-1 SAA,5-8; 0-2 SAA,N/A,N/A,01/05/18,8:00 PM,N/A,"Memphis, Tenn.",Win,2,False,127,False,11:58,"SUB OUT by MCCLOUD,ALTON",66,,75 ,,,,"SUB OUT by MCCLOUD,ALTON",2,subbing out,,berry,"mccloud,alton",,"['clark,ethan', 'hirsh,elijah', 'moore,myles']","['de,nick', 'weatherford,mitch', 'galvin,owen', 'evans,andrew', 'giroux,preston', 'samson,vaughn', 'swift,dj']",718
763,0864,Rhodes,Berry,1,102-114,"59,55","54,48",7-6; 1-1 SAA,5-8; 0-2 SAA,N/A,N/A,01/05/18,8:00 PM,N/A,"Memphis, Tenn.",Win,2,False,127,False,11:58,,66,,75 ,"SUB IN by LOVE,KERRY",,,"SUB IN by LOVE,KERRY",2,subbing in,,rhodes,"love,kerry",,"['clark,ethan', 'hirsh,elijah', 'moore,myles']","['de,nick', 'weatherford,mitch', 'galvin,owen', 'evans,andrew', 'giroux,preston', 'samson,vaughn', 'swift,dj', 'love,kerry']",718
764,0864,Rhodes,Berry,1,102-114,"59,55","54,48",7-6; 1-1 SAA,5-8; 0-2 SAA,N/A,N/A,01/05/18,8:00 PM,N/A,"Memphis, Tenn.",Win,2,False,127,False,11:58,,66,,75 ,"SUB IN by ASHBY,KENDRICK",,,"SUB IN by ASHBY,KENDRICK",2,subbing in,,rhodes,"ashby,kendrick",,"['clark,ethan', 'hirsh,elijah', 'moore,myles']","['de,nick', 'weatherford,mitch', 'galvin,owen', 'evans,andrew', 'giroux,preston', 'samson,vaughn', 'swift,dj', 'love,kerry', 'ashby,kendrick']",718
765,0864,Rhodes,Berry,1,102-114,"59,55","54,48",7-6; 1-1 SAA,5-8; 0-2 SAA,N/A,N/A,01/05/18,8:00 PM,N/A,"Memphis, Tenn.",Win,2,False,127,False,11:58,,66,,75 ,"SUB IN by FERIA,NICK DE",,,"SUB IN by FERIA,NICK DE",2,subbing in,,rhodes,"feria,nick de",,"['clark,ethan', 'hirsh,elijah', 'moore,myles']","['de,nick', 'weatherford,mitch', 'galvin,owen', 'evans,andrew', 'giroux,preston', 'samson,vaughn', 'swift,dj', 'love,kerry', 'ashby,kendrick', 'feria,nick de']",718
766,0864,Rhodes,Berry,1,102-114,"59,55","54,48",7-6; 1-1 SAA,5-8; 0-2 SAA,N/A,N/A,01/05/18,8:00 PM,N/A,"Memphis, Tenn.",Win,2,False,127,False,11:58,,66,,75 ,"SUB IN by BERRY,BRYCE",,,"SUB IN by BERRY,BRYCE",2,subbing in,,rhodes,"berry,bryce",,"['clark,ethan', 'hirsh,elijah', 'moore,myles']","['de,nick', 'weatherford,mitch', 'galvin,owen', 'evans,andrew', 'giroux,preston', 'samson,vaughn', 'swift,dj', 'love,kerry', 'ashby,kendrick', 'feria,nick de', 'berry,bryce']",718
767,0864,Rhodes,Berry,1,102-114,"59,55","54,48",7-6; 1-1 SAA,5-8; 0-2 SAA,N/A,N/A,01/05/18,8:00 PM,N/A,"Memphis, Tenn.",Win,2,False,127,False,11:58,,66,,75 ,"SUB IN by GRUBBS,COBY",,,"SUB IN by GRUBBS,COBY",2,subbing in,,rhodes,"grubbs,coby",,"['clark,ethan', 'hirsh,elijah', 'moore,myles']","['de,nick', 'weatherford,mitch', 'galvin,owen', 'evans,andrew', 'giroux,preston', 'samson,vaughn', 'swift,dj', 'love,kerry', 'ashby,kendrick', 'feria,nick de', 'berry,bryce', 'grubbs,coby']",718
768,0864,Rhodes,Berry,1,102-114,"59,55","54,48",7-6; 1-1 SAA,5-8; 0-2 SAA,N/A,N/A,01/05/18,8:00 PM,N/A,"Memphis, Tenn.",Win,2,False,127,False,11:58,,66,,75 ,"SUB OUT by EVANS,ANDREW",,,"SUB OUT by EVANS,ANDREW",2,subbing out,,rhodes,"evans,andrew",,"['clark,ethan', 'hirsh,elijah', 'moore,myles']","['de,nick', 'weatherford,mitch', 'galvin,owen', 'giroux,preston', 'samson,vaughn', 'swift,dj', 'love,kerry', 'ashby,kendrick', 'feria,nick de', 'berry,bryce', 'grubbs,coby']",718
769,0864,Rhodes,Berry,1,102-114,"59,55","54,48",7-6; 1-1 SAA,5-8; 0-2 SAA,N/A,N/A,01/05/18,8:00 PM,N/A,"Memphis, Tenn.",Win,2,False,127,False,11:58,,66,,75 ,"SUB OUT by GIROUX,PRESTON",,,"SUB OUT by GIROUX,PRESTON",2,subbing out,,rhodes,"giroux,preston",,"['clark,ethan', 'hirsh,elijah', 'moore,myles']","['de,nick', 'weatherford,mitch', 'galvin,owen', 'samson,vaughn', 'swift,dj', 'love,kerry', 'ashby,kendrick', 'feria,nick de', 'berry,bryce', 'grubbs,coby']",718
770,0864,Rhodes,Berry,1,102-114,"59,55","54,48",7-6; 1-1 SAA,5-8; 0-2 SAA,N/A,N/A,01/05/18,8:00 PM,N/A,"Memphis, Tenn.",Win,2,False,127,False,11:58,,66,,75 ,"SUB OUT by SAMSON,VAUGHN",,,"SUB OUT by SAMSON,VAUGHN",2,subbing out,,rhodes,"samson,vaughn",,"['clark,ethan', 'hirsh,elijah', 'moore,myles']","['de,nick', 'weatherford,mitch', 'galvin,owen', 'swift,dj', 'love,kerry', 'ashby,kendrick', 'feria,nick de', 'berry,bryce', 'grubbs,coby']",718
771,0864,Rhodes,Berry,1,102-114,"59,55","54,48",7-6; 1-1 SAA,5-8; 0-2 SAA,N/A,N/A,01/05/18,8:00 PM,N/A,"Memphis, Tenn.",Win,2,False,127,False,11:58,,66,,75 ,"SUB OUT by SWIFT,DJ",,,"SUB OUT by SWIFT,DJ",2,subbing out,,rhodes,"swift,dj",,"['clark,ethan', 'hirsh,elijah', 'moore,myles']","['de,nick', 'weatherford,mitch', 'galvin,owen', 'love,kerry', 'ashby,kendrick', 'feria,nick de', 'berry,bryce', 'grubbs,coby']",718
772,0864,Rhodes,Berry,1,102-114,"59,55","54,48",7-6; 1-1 SAA,5-8; 0-2 SAA,N/A,N/A,01/05/18,8:00 PM,N/A,"Memphis, Tenn.",Win,2,False,127,False,11:58,,66,,75 ,"SUB OUT by WEATHERFORD,MITCH",,,"SUB OUT by WEATHERFORD,MITCH",2,subbing out,,rhodes,"weatherford,mitch",,"['clark,ethan', 'hirsh,elijah', 'moore,myles']","['de,nick', 'galvin,owen', 'love,kerry', 'ashby,kendrick', 'feria,nick de', 'berry,bryce', 'grubbs,coby']",718
773,0864,Rhodes,Berry,1,102-114,"59,55","54,48",7-6; 1-1 SAA,5-8; 0-2 SAA,N/A,N/A,01/05/18,8:00 PM,N/A,"Memphis, Tenn.",Win,2,False,127,False,11:55,"GOOD LAYUP by CLARK,ETHAN(in the paint)",68,,75 ,,BCM 68-75 (-7),,"GOOD LAYUP by CLARK,ETHAN(in the paint)",2,layup,good,berry,"clark,ethan",2,"['clark,ethan', 'hirsh,elijah', 'moore,myles']","['de,nick', 'galvin,owen', 'love,kerry', 'ashby,kendrick', 'feria,nick de', 'berry,bryce', 'grubbs,coby']",715
774,0864,Rhodes,Berry,1,102-114,"59,55","54,48",7-6; 1-1 SAA,5-8; 0-2 SAA,N/A,N/A,01/05/18,8:00 PM,N/A,"Memphis, Tenn.",Win,2,False,127,False,--,"ASSIST  by MOORE,MYLES",68,,75 ,,,,"ASSIST  by MOORE,MYLES",2,assist,,berry,"moore,myles",,"['clark,ethan', 'hirsh,elijah', 'moore,myles']","['de,nick', 'galvin,owen', 'love,kerry', 'ashby,kendrick', 'feria,nick de', 'berry,bryce', 'grubbs,coby']",
775,0864,Rhodes,Berry,1,102-114,"59,55","54,48",7-6; 1-1 SAA,5-8; 0-2 SAA,N/A,N/A,01/05/18,8:00 PM,N/A,"Memphis, Tenn.",Win,2,False,127,False,11:40,"FOUL  by HIRSH,ELIJAH",68,,75 ,,,,"FOUL  by HIRSH,ELIJAH",2,foul,,berry,"hirsh,elijah",,"['clark,ethan', 'hirsh,elijah', 'moore,myles']","['de,nick', 'galvin,owen', 'love,kerry', 'ashby,kendrick', 'feria,nick de', 'berry,bryce', 'grubbs,coby']",700
776,0864,Rhodes,Berry,1,102-114,"59,55","54,48",7-6; 1-1 SAA,5-8; 0-2 SAA,N/A,N/A,01/05/18,8:00 PM,N/A,"Memphis, Tenn.",Win,2,False,127,False,11:40,,68,,75 ,TIMEOUT 20SEC by TEAM,,,TIMEOUT 20SEC by TEAM,2,timeout,,rhodes,,,"['clark,ethan', 'hirsh,elijah', 'moore,myles']","['de,nick', 'galvin,owen', 'love,kerry', 'ashby,kendrick', 'feria,nick de', 'berry,bryce', 'grubbs,coby']",700
777,0864,Rhodes,Berry,1,102-114,"59,55","54,48",7-6; 1-1 SAA,5-8; 0-2 SAA,N/A,N/A,01/05/18,8:00 PM,N/A,"Memphis, Tenn.",Win,2,False,127,False,11:40,,68,,76 ,"GOOD FT by BERRY,BRYCE",RHODES 68-76 (-8),,"GOOD FT by BERRY,BRYCE",2,free throw,good,rhodes,"berry,bryce",1,"['clark,ethan', 'hirsh,elijah', 'moore,myles']","['de,nick', 'galvin,owen', 'love,kerry', 'ashby,kendrick', 'feria,nick de', 'berry,bryce', 'grubbs,coby']",700
778,0864,Rhodes,Berry,1,102-114,"59,55","54,48",7-6; 1-1 SAA,5-8; 0-2 SAA,N/A,N/A,01/05/18,8:00 PM,N/A,"Memphis, Tenn.",Win,2,False,127,False,11:40,,68,,77 ,"GOOD FT by BERRY,BRYCE",RHODES 68-77 (-9),,"GOOD FT by BERRY,BRYCE",2,free throw,good,rhodes,"berry,bryce",1,"['clark,ethan', 'hirsh,elijah', 'moore,myles']","['de,nick', 'galvin,owen', 'love,kerry', 'ashby,kendrick', 'feria,nick de', 'berry,bryce', 'grubbs,coby']",700
779,0864,Rhodes,Berry,1,102-114,"59,55","54,48",7-6; 1-1 SAA,5-8; 0-2 SAA,N/A,N/A,01/05/18,8:00 PM,N/A,"Memphis, Tenn.",Win,2,False,127,False,11:40,"SUB IN by ATKINSON,QUINN",68,,77 ,,,,"SUB IN by ATKINSON,QUINN",2,subbing in,,berry,"atkinson,quinn",,"['clark,ethan', 'hirsh,elijah', 'moore,myles', 'atkinson,quinn']","['de,nick', 'galvin,owen', 'love,kerry', 'ashby,kendrick', 'feria,nick de', 'berry,bryce', 'grubbs,coby']",700
780,0864,Rhodes,Berry,1,102-114,"59,55","54,48",7-6; 1-1 SAA,5-8; 0-2 SAA,N/A,N/A,01/05/18,8:00 PM,N/A,"Memphis, Tenn.",Win,2,False,127,False,11:40,"SUB OUT by MARDER,NICK",68,,77 ,,,,"SUB OUT by MARDER,NICK",2,subbing out,,berry,"marder,nick",,"['clark,ethan', 'hirsh,elijah', 'moore,myles', 'atkinson,quinn']","['de,nick', 'galvin,owen', 'love,kerry', 'ashby,kendrick', 'feria,nick de', 'berry,bryce', 'grubbs,coby']",700
781,0864,Rhodes,Berry,1,102-114,"59,55","54,48",7-6; 1-1 SAA,5-8; 0-2 SAA,N/A,N/A,01/05/18,8:00 PM,N/A,"Memphis, Tenn.",Win,2,False,127,False,11:35,"TURNOVER  by ATKINSON,QUINN",68,,77 ,,,,"TURNOVER  by ATKINSON,QUINN",2,turnover,,berry,"atkinson,quinn",,"['clark,ethan', 'hirsh,elijah', 'moore,myles', 'atkinson,quinn']","['de,nick', 'galvin,owen', 'love,kerry', 'ashby,kendrick', 'feria,nick de', 'berry,bryce', 'grubbs,coby']",695
782,0864,Rhodes,Berry,1,102-114,"59,55","54,48",7-6; 1-1 SAA,5-8; 0-2 SAA,N/A,N/A,01/05/18,8:00 PM,N/A,"Memphis, Tenn.",Win,2,False,127,False,11:34,,68,,77 ,"STEAL  by BERRY,BRYCE",,,"STEAL  by BERRY,BRYCE",2,steal,,rhodes,,,"['clark,ethan', 'hirsh,elijah', 'moore,myles', 'atkinson,quinn']","['de,nick', 'galvin,owen', 'love,kerry', 'ashby,kendrick', 'feria,nick de', 'berry,bryce', 'grubbs,coby']",694
783,0864,Rhodes,Berry,1,102-114,"59,55","54,48",7-6; 1-1 SAA,5-8; 0-2 SAA,N/A,N/A,01/05/18,8:00 PM,N/A,"Memphis, Tenn.",Win,2,False,127,False,11:20,,68,,77 ,"SUB IN by GALVIN,OWEN",,,"SUB IN by GALVIN,OWEN",2,subbing in,,rhodes,"galvin,owen",,"['clark,ethan', 'hirsh,elijah', 'moore,myles', 'atkinson,quinn']","['de,nick', 'galvin,owen', 'love,kerry', 'ashby,kendrick', 'feria,nick de', 'berry,bryce', 'grubbs,coby']",680
784,0864,Rhodes,Berry,1,102-114,"59,55","54,48",7-6; 1-1 SAA,5-8; 0-2 SAA,N/A,N/A,01/05/18,8:00 PM,N/A,"Memphis, Tenn.",Win,2,False,127,False,11:20,,68,,77 ,"SUB IN by MCINTYRE,WILLIAM",,,"SUB IN by MCINTYRE,WILLIAM",2,subbing in,,rhodes,"mcintyre,william",,"['clark,ethan', 'hirsh,elijah', 'moore,myles', 'atkinson,quinn']","['de,nick', 'galvin,owen', 'love,kerry', 'ashby,kendrick', 'feria,nick de', 'berry,bryce', 'grubbs,coby', 'mcintyre,william']",680
785,0864,Rhodes,Berry,1,102-114,"59,55","54,48",7-6; 1-1 SAA,5-8; 0-2 SAA,N/A,N/A,01/05/18,8:00 PM,N/A,"Memphis, Tenn.",Win,2,False,127,False,11:20,,68,,77 ,"SUB IN by NESTLEHUTT,JAKE",,,"SUB IN by NESTLEHUTT,JAKE",2,subbing in,,rhodes,"nestlehutt,jake",,"['clark,ethan', 'hirsh,elijah', 'moore,myles', 'atkinson,quinn']","['de,nick', 'galvin,owen', 'love,kerry', 'ashby,kendrick', 'feria,nick de', 'berry,bryce', 'grubbs,coby', 'mcintyre,william', 'nestlehutt,jake']",680
786,0864,Rhodes,Berry,1,102-114,"59,55","54,48",7-6; 1-1 SAA,5-8; 0-2 SAA,N/A,N/A,01/05/18,8:00 PM,N/A,"Memphis, Tenn.",Win,2,False,127,False,11:20,,68,,77 ,"SUB IN by NYAWATA,ANESU",,,"SUB IN by NYAWATA,ANESU",2,subbing in,,rhodes,"nyawata,anesu",,"['clark,ethan', 'hirsh,elijah', 'moore,myles', 'atkinson,quinn']","['de,nick', 'galvin,owen', 'love,kerry', 'ashby,kendrick', 'feria,nick de', 'berry,bryce', 'grubbs,coby', 'mcintyre,william', 'nestlehutt,jake', 'nyawata,anesu']",680
787,0864,Rhodes,Berry,1,102-114,"59,55","54,48",7-6; 1-1 SAA,5-8; 0-2 SAA,N/A,N/A,01/05/18,8:00 PM,N/A,"Memphis, Tenn.",Win,2,False,127,False,11:20,,68,,77 ,"SUB IN by DALTON,PRICE",,,"SUB IN by DALTON,PRICE",2,subbing in,,rhodes,"dalton,price",,"['clark,ethan', 'hirsh,elijah', 'moore,myles', 'atkinson,quinn']","['de,nick', 'galvin,owen', 'love,kerry', 'ashby,kendrick', 'feria,nick de', 'berry,bryce', 'grubbs,coby', 'mcintyre,william', 'nestlehutt,jake', 'nyawata,anesu', 'dalton,price']",680
788,0864,Rhodes,Berry,1,102-114,"59,55","54,48",7-6; 1-1 SAA,5-8; 0-2 SAA,N/A,N/A,01/05/18,8:00 PM,N/A,"Memphis, Tenn.",Win,2,False,127,False,11:20,,68,,77 ,"SUB OUT by LOVE,KERRY",,,"SUB OUT by LOVE,KERRY",2,subbing out,,rhodes,"love,kerry",,"['clark,ethan', 'hirsh,elijah', 'moore,myles', 'atkinson,quinn']","['de,nick', 'galvin,owen', 'ashby,kendrick', 'feria,nick de', 'berry,bryce', 'grubbs,coby', 'mcintyre,william', 'nestlehutt,jake', 'nyawata,anesu', 'dalton,price']",680
789,0864,Rhodes,Berry,1,102-114,"59,55","54,48",7-6; 1-1 SAA,5-8; 0-2 SAA,N/A,N/A,01/05/18,8:00 PM,N/A,"Memphis, Tenn.",Win,2,False,127,False,11:20,,68,,77 ,"SUB OUT by ASHBY,KENDRICK",,,"SUB OUT by ASHBY,KENDRICK",2,subbing out,,rhodes,"ashby,kendrick",,"['clark,ethan', 'hirsh,elijah', 'moore,myles', 'atkinson,quinn']","['de,nick', 'galvin,owen', 'feria,nick de', 'berry,bryce', 'grubbs,coby', 'mcintyre,william', 'nestlehutt,jake', 'nyawata,anesu', 'dalton,price']",680
790,0864,Rhodes,Berry,1,102-114,"59,55","54,48",7-6; 1-1 SAA,5-8; 0-2 SAA,N/A,N/A,01/05/18,8:00 PM,N/A,"Memphis, Tenn.",Win,2,False,127,False,11:20,,68,,77 ,"SUB OUT by FERIA,NICK DE",,,"SUB OUT by FERIA,NICK DE",2,subbing out,,rhodes,"feria,nick de",,"['clark,ethan', 'hirsh,elijah', 'moore,myles', 'atkinson,quinn']","['de,nick', 'galvin,owen', 'berry,bryce', 'grubbs,coby', 'mcintyre,william', 'nestlehutt,jake', 'nyawata,anesu', 'dalton,price']",680
791,0864,Rhodes,Berry,1,102-114,"59,55","54,48",7-6; 1-1 SAA,5-8; 0-2 SAA,N/A,N/A,01/05/18,8:00 PM,N/A,"Memphis, Tenn.",Win,2,False,127,False,11:20,,68,,77 ,"SUB OUT by BERRY,BRYCE",,,"SUB OUT by BERRY,BRYCE",2,subbing out,,rhodes,"berry,bryce",,"['clark,ethan', 'hirsh,elijah', 'moore,myles', 'atkinson,quinn']","['de,nick', 'galvin,owen', 'grubbs,coby', 'mcintyre,william', 'nestlehutt,jake', 'nyawata,anesu', 'dalton,price']",680
792,0864,Rhodes,Berry,1,102-114,"59,55","54,48",7-6; 1-1 SAA,5-8; 0-2 SAA,N/A,N/A,01/05/18,8:00 PM,N/A,"Memphis, Tenn.",Win,2,False,127,False,11:20,,68,,77 ,"SUB OUT by GRUBBS,COBY",,,"SUB OUT by GRUBBS,COBY",2,subbing out,,rhodes,"grubbs,coby",,"['clark,ethan', 'hirsh,elijah', 'moore,myles', 'atkinson,quinn']","['de,nick', 'galvin,owen', 'mcintyre,william', 'nestlehutt,jake', 'nyawata,anesu', 'dalton,price']",680
793,0864,Rhodes,Berry,1,102-114,"59,55","54,48",7-6; 1-1 SAA,5-8; 0-2 SAA,N/A,N/A,01/05/18,8:00 PM,N/A,"Memphis, Tenn.",Win,2,False,127,False,11:08,,68,,80 ,"GOOD 3PTR by MCINTYRE,WILLIAM",RHODES 68-80 (-12),,"GOOD 3PTR by MCINTYRE,WILLIAM",2,three pointer,good,rhodes,"mcintyre,william",3,"['clark,ethan', 'hirsh,elijah', 'moore,myles', 'atkinson,quinn']","['de,nick', 'galvin,owen', 'mcintyre,william', 'nestlehutt,jake', 'nyawata,anesu', 'dalton,price']",668
794,0864,Rhodes,Berry,1,102-114,"59,55","54,48",7-6; 1-1 SAA,5-8; 0-2 SAA,N/A,N/A,01/05/18,8:00 PM,N/A,"Memphis, Tenn.",Win,2,False,127,False,--,,68,,80 ,"ASSIST  by GALVIN,OWEN",,,"ASSIST  by GALVIN,OWEN",2,assist,,rhodes,"galvin,owen",,"['clark,ethan', 'hirsh,elijah', 'moore,myles', 'atkinson,quinn']","['de,nick', 'galvin,owen', 'mcintyre,william', 'nestlehutt,jake', 'nyawata,anesu', 'dalton,price']",
795,0864,Rhodes,Berry,1,102-114,"59,55","54,48",7-6; 1-1 SAA,5-8; 0-2 SAA,N/A,N/A,01/05/18,8:00 PM,N/A,"Memphis, Tenn.",Win,2,False,127,False,10:58,,68,,80 ,"SUB IN by EVANS,ANDREW",,,"SUB IN by EVANS,ANDREW",2,subbing in,,rhodes,"evans,andrew",,"['clark,ethan', 'hirsh,elijah', 'moore,myles', 'atkinson,quinn']","['de,nick', 'galvin,owen', 'mcintyre,william', 'nestlehutt,jake', 'nyawata,anesu', 'dalton,price', 'evans,andrew']",658
796,0864,Rhodes,Berry,1,102-114,"59,55","54,48",7-6; 1-1 SAA,5-8; 0-2 SAA,N/A,N/A,01/05/18,8:00 PM,N/A,"Memphis, Tenn.",Win,2,False,127,False,10:58,,68,,80 ,"SUB IN by GIROUX,PRESTON",,,"SUB IN by GIROUX,PRESTON",2,subbing in,,rhodes,"giroux,preston",,"['clark,ethan', 'hirsh,elijah', 'moore,myles', 'atkinson,quinn']","['de,nick', 'galvin,owen', 'mcintyre,william', 'nestlehutt,jake', 'nyawata,anesu', 'dalton,price', 'evans,andrew', 'giroux,preston']",658
797,0864,Rhodes,Berry,1,102-114,"59,55","54,48",7-6; 1-1 SAA,5-8; 0-2 SAA,N/A,N/A,01/05/18,8:00 PM,N/A,"Memphis, Tenn.",Win,2,False,127,False,10:58,,68,,80 ,"SUB IN by SAMSON,VAUGHN",,,"SUB IN by SAMSON,VAUGHN",2,subbing in,,rhodes,"samson,vaughn",,"['clark,ethan', 'hirsh,elijah', 'moore,myles', 'atkinson,quinn']","['de,nick', 'galvin,owen', 'mcintyre,william', 'nestlehutt,jake', 'nyawata,anesu', 'dalton,price', 'evans,andrew', 'giroux,preston', 'samson,vaughn']",658
798,0864,Rhodes,Berry,1,102-114,"59,55","54,48",7-6; 1-1 SAA,5-8; 0-2 SAA,N/A,N/A,01/05/18,8:00 PM,N/A,"Memphis, Tenn.",Win,2,False,127,False,10:58,,68,,80 ,"SUB IN by SWIFT,DJ",,,"SUB IN by SWIFT,DJ",2,subbing in,,rhodes,"swift,dj",,"['clark,ethan', 'hirsh,elijah', 'moore,myles', 'atkinson,quinn']","['de,nick', 'galvin,owen', 'mcintyre,william', 'nestlehutt,jake', 'nyawata,anesu', 'dalton,price', 'evans,andrew', 'giroux,preston', 'samson,vaughn', 'swift,dj']",658
799,0864,Rhodes,Berry,1,102-114,"59,55","54,48",7-6; 1-1 SAA,5-8; 0-2 SAA,N/A,N/A,01/05/18,8:00 PM,N/A,"Memphis, Tenn.",Win,2,False,127,False,10:58,,68,,80 ,"SUB IN by WEATHERFORD,MITCH",,,"SUB IN by WEATHERFORD,MITCH",2,subbing in,,rhodes,"weatherford,mitch",,"['clark,ethan', 'hirsh,elijah', 'moore,myles', 'atkinson,quinn']","['de,nick', 'galvin,owen', 'mcintyre,william', 'nestlehutt,jake', 'nyawata,anesu', 'dalton,price', 'evans,andrew', 'giroux,preston', 'samson,vaughn', 'swift,dj', 'weatherford,mitch']",658
800,0864,Rhodes,Berry,1,102-114,"59,55","54,48",7-6; 1-1 SAA,5-8; 0-2 SAA,N/A,N/A,01/05/18,8:00 PM,N/A,"Memphis, Tenn.",Win,2,False,127,False,10:58,,68,,80 ,"SUB OUT by GALVIN,OWEN",,,"SUB OUT by GALVIN,OWEN",2,subbing out,,rhodes,"galvin,owen",,"['clark,ethan', 'hirsh,elijah', 'moore,myles', 'atkinson,quinn']","['de,nick', 'mcintyre,william', 'nestlehutt,jake', 'nyawata,anesu', 'dalton,price', 'evans,andrew', 'giroux,preston', 'samson,vaughn', 'swift,dj', 'weatherford,mitch']",658
801,0864,Rhodes,Berry,1,102-114,"59,55","54,48",7-6; 1-1 SAA,5-8; 0-2 SAA,N/A,N/A,01/05/18,8:00 PM,N/A,"Memphis, Tenn.",Win,2,False,127,False,10:58,,68,,80 ,"SUB OUT by MCINTYRE,WILLIAM",,,"SUB OUT by MCINTYRE,WILLIAM",2,subbing out,,rhodes,"mcintyre,william",,"['clark,ethan', 'hirsh,elijah', 'moore,myles', 'atkinson,quinn']","['de,nick', 'nestlehutt,jake', 'nyawata,anesu', 'dalton,price', 'evans,andrew', 'giroux,preston', 'samson,vaughn', 'swift,dj', 'weatherford,mitch']",658
802,0864,Rhodes,Berry,1,102-114,"59,55","54,48",7-6; 1-1 SAA,5-8; 0-2 SAA,N/A,N/A,01/05/18,8:00 PM,N/A,"Memphis, Tenn.",Win,2,False,127,False,10:58,,68,,80 ,"SUB OUT by NESTLEHUTT,JAKE",,,"SUB OUT by NESTLEHUTT,JAKE",2,subbing out,,rhodes,"nestlehutt,jake",,"['clark,ethan', 'hirsh,elijah', 'moore,myles', 'atkinson,quinn']","['de,nick', 'nyawata,anesu', 'dalton,price', 'evans,andrew', 'giroux,preston', 'samson,vaughn', 'swift,dj', 'weatherford,mitch']",658
803,0864,Rhodes,Berry,1,102-114,"59,55","54,48",7-6; 1-1 SAA,5-8; 0-2 SAA,N/A,N/A,01/05/18,8:00 PM,N/A,"Memphis, Tenn.",Win,2,False,127,False,10:58,,68,,80 ,"SUB OUT by NYAWATA,ANESU",,,"SUB OUT by NYAWATA,ANESU",2,subbing out,,rhodes,"nyawata,anesu",,"['clark,ethan', 'hirsh,elijah', 'moore,myles', 'atkinson,quinn']","['de,nick', 'dalton,price', 'evans,andrew', 'giroux,preston', 'samson,vaughn', 'swift,dj', 'weatherford,mitch']",658
804,0864,Rhodes,Berry,1,102-114,"59,55","54,48",7-6; 1-1 SAA,5-8; 0-2 SAA,N/A,N/A,01/05/18,8:00 PM,N/A,"Memphis, Tenn.",Win,2,False,127,False,10:58,,68,,80 ,"SUB OUT by DALTON,PRICE",,,"SUB OUT by DALTON,PRICE",2,subbing out,,rhodes,"dalton,price",,"['clark,ethan', 'hirsh,elijah', 'moore,myles', 'atkinson,quinn']","['de,nick', 'evans,andrew', 'giroux,preston', 'samson,vaughn', 'swift,dj', 'weatherford,mitch']",658
805,0864,Rhodes,Berry,1,102-114,"59,55","54,48",7-6; 1-1 SAA,5-8; 0-2 SAA,N/A,N/A,01/05/18,8:00 PM,N/A,"Memphis, Tenn.",Win,2,False,127,False,10:56,"TURNOVER  by MOORE,MYLES",68,,80 ,,,,"TURNOVER  by MOORE,MYLES",2,turnover,,berry,"moore,myles",,"['clark,ethan', 'hirsh,elijah', 'moore,myles', 'atkinson,quinn']","['de,nick', 'evans,andrew', 'giroux,preston', 'samson,vaughn', 'swift,dj', 'weatherford,mitch']",656
806,0864,Rhodes,Berry,1,102-114,"59,55","54,48",7-6; 1-1 SAA,5-8; 0-2 SAA,N/A,N/A,01/05/18,8:00 PM,N/A,"Memphis, Tenn.",Win,2,False,127,False,10:54,,68,,80 ,"STEAL  by WEATHERFORD,MITCH",,,"STEAL  by WEATHERFORD,MITCH",2,steal,,rhodes,,,"['clark,ethan', 'hirsh,elijah', 'moore,myles', 'atkinson,quinn']","['de,nick', 'evans,andrew', 'giroux,preston', 'samson,vaughn', 'swift,dj', 'weatherford,mitch']",654
807,0864,Rhodes,Berry,1,102-114,"59,55","54,48",7-6; 1-1 SAA,5-8; 0-2 SAA,N/A,N/A,01/05/18,8:00 PM,N/A,"Memphis, Tenn.",Win,2,False,127,False,10:51,,68,,82 ,"GOOD LAYUP by WEATHERFORD,MITCH(fastbreak)(in the paint)",RHODES 68-82 (-14),,"GOOD LAYUP by WEATHERFORD,MITCH(fastbreak)(in the paint)",2,layup,good,rhodes,"weatherford,mitch(fastbreak)",2,"['clark,ethan', 'hirsh,elijah', 'moore,myles', 'atkinson,quinn']","['de,nick', 'evans,andrew', 'giroux,preston', 'samson,vaughn', 'swift,dj', 'weatherford,mitch']",651
808,0864,Rhodes,Berry,1,102-114,"59,55","54,48",7-6; 1-1 SAA,5-8; 0-2 SAA,N/A,N/A,01/05/18,8:00 PM,N/A,"Memphis, Tenn.",Win,2,False,127,False,--,,68,,82 ,"ASSIST  by GIROUX,PRESTON",,,"ASSIST  by GIROUX,PRESTON",2,assist,,rhodes,"giroux,preston",,"['clark,ethan', 'hirsh,elijah', 'moore,myles', 'atkinson,quinn']","['de,nick', 'evans,andrew', 'giroux,preston', 'samson,vaughn', 'swift,dj', 'weatherford,mitch']",
809,0864,Rhodes,Berry,1,102-114,"59,55","54,48",7-6; 1-1 SAA,5-8; 0-2 SAA,N/A,N/A,01/05/18,8:00 PM,N/A,"Memphis, Tenn.",Win,2,False,127,False,10:39,"MISS 3PTR by CLARK,ETHAN",68,,82 ,,,,"MISS 3PTR by CLARK,ETHAN",2,three pointer,missed,berry,"clark,ethan",,"['clark,ethan', 'hirsh,elijah', 'moore,myles', 'atkinson,quinn']","['de,nick', 'evans,andrew', 'giroux,preston', 'samson,vaughn', 'swift,dj', 'weatherford,mitch']",639
810,0864,Rhodes,Berry,1,102-114,"59,55","54,48",7-6; 1-1 SAA,5-8; 0-2 SAA,N/A,N/A,01/05/18,8:00 PM,N/A,"Memphis, Tenn.",Win,2,False,127,False,--,,68,,82 ,"REBOUND DEF by EVANS,ANDREW",,,"REBOUND DEF by EVANS,ANDREW",2,defensive rebound,,rhodes,"evans,andrew",,"['clark,ethan', 'hirsh,elijah', 'moore,myles', 'atkinson,quinn']","['de,nick', 'evans,andrew', 'giroux,preston', 'samson,vaughn', 'swift,dj', 'weatherford,mitch']",
811,0864,Rhodes,Berry,1,102-114,"59,55","54,48",7-6; 1-1 SAA,5-8; 0-2 SAA,N/A,N/A,01/05/18,8:00 PM,N/A,"Memphis, Tenn.",Win,2,False,127,False,10:30,,68,,84 ,"GOOD LAYUP by SWIFT,DJ(fastbreak)(in the paint)",RHODES 68-84 (-16),,"GOOD LAYUP by SWIFT,DJ(fastbreak)(in the paint)",2,layup,good,rhodes,"swift,dj(fastbreak)",2,"['clark,ethan', 'hirsh,elijah', 'moore,myles', 'atkinson,quinn']","['de,nick', 'evans,andrew', 'giroux,preston', 'samson,vaughn', 'swift,dj', 'weatherford,mitch']",630
812,0864,Rhodes,Berry,1,102-114,"59,55","54,48",7-6; 1-1 SAA,5-8; 0-2 SAA,N/A,N/A,01/05/18,8:00 PM,N/A,"Memphis, Tenn.",Win,2,False,127,False,--,,68,,84 ,"ASSIST  by EVANS,ANDREW",,,"ASSIST  by EVANS,ANDREW",2,assist,,rhodes,"evans,andrew",,"['clark,ethan', 'hirsh,elijah', 'moore,myles', 'atkinson,quinn']","['de,nick', 'evans,andrew', 'giroux,preston', 'samson,vaughn', 'swift,dj', 'weatherford,mitch']",
813,0864,Rhodes,Berry,1,102-114,"59,55","54,48",7-6; 1-1 SAA,5-8; 0-2 SAA,N/A,N/A,01/05/18,8:00 PM,N/A,"Memphis, Tenn.",Win,2,False,127,False,10:22,"TURNOVER  by CLARK,ETHAN",68,,84 ,,,,"TURNOVER  by CLARK,ETHAN",2,turnover,,berry,"clark,ethan",,"['clark,ethan', 'hirsh,elijah', 'moore,myles', 'atkinson,quinn']","['de,nick', 'evans,andrew', 'giroux,preston', 'samson,vaughn', 'swift,dj', 'weatherford,mitch']",622
814,0864,Rhodes,Berry,1,102-114,"59,55","54,48",7-6; 1-1 SAA,5-8; 0-2 SAA,N/A,N/A,01/05/18,8:00 PM,N/A,"Memphis, Tenn.",Win,2,False,127,False,10:22,,68,,84 ,"STEAL  by WEATHERFORD,MITCH",,,"STEAL  by WEATHERFORD,MITCH",2,steal,,rhodes,,,"['clark,ethan', 'hirsh,elijah', 'moore,myles', 'atkinson,quinn']","['de,nick', 'evans,andrew', 'giroux,preston', 'samson,vaughn', 'swift,dj', 'weatherford,mitch']",622
815,0864,Rhodes,Berry,1,102-114,"59,55","54,48",7-6; 1-1 SAA,5-8; 0-2 SAA,N/A,N/A,01/05/18,8:00 PM,N/A,"Memphis, Tenn.",Win,2,False,127,False,10:20,,68,,86 ,"GOOD LAYUP by SWIFT,DJ(fastbreak)(in the paint)",RHODES 68-86 (-18),,"GOOD LAYUP by SWIFT,DJ(fastbreak)(in the paint)",2,layup,good,rhodes,"swift,dj(fastbreak)",2,"['clark,ethan', 'hirsh,elijah', 'moore,myles', 'atkinson,quinn']","['de,nick', 'evans,andrew', 'giroux,preston', 'samson,vaughn', 'swift,dj', 'weatherford,mitch']",620
816,0864,Rhodes,Berry,1,102-114,"59,55","54,48",7-6; 1-1 SAA,5-8; 0-2 SAA,N/A,N/A,01/05/18,8:00 PM,N/A,"Memphis, Tenn.",Win,2,False,127,False,--,,68,,86 ,"ASSIST  by WEATHERFORD,MITCH",,,"ASSIST  by WEATHERFORD,MITCH",2,assist,,rhodes,"weatherford,mitch",,"['clark,ethan', 'hirsh,elijah', 'moore,myles', 'atkinson,quinn']","['de,nick', 'evans,andrew', 'giroux,preston', 'samson,vaughn', 'swift,dj', 'weatherford,mitch']",
817,0864,Rhodes,Berry,1,102-114,"59,55","54,48",7-6; 1-1 SAA,5-8; 0-2 SAA,N/A,N/A,01/05/18,8:00 PM,N/A,"Memphis, Tenn.",Win,2,False,127,False,09:59,,68,,86 ,"FOUL  by GIROUX,PRESTON",,,"FOUL  by GIROUX,PRESTON",2,foul,,rhodes,"giroux,preston",,"['clark,ethan', 'hirsh,elijah', 'moore,myles', 'atkinson,quinn']","['de,nick', 'evans,andrew', 'giroux,preston', 'samson,vaughn', 'swift,dj', 'weatherford,mitch']",599
818,0864,Rhodes,Berry,1,102-114,"59,55","54,48",7-6; 1-1 SAA,5-8; 0-2 SAA,N/A,N/A,01/05/18,8:00 PM,N/A,"Memphis, Tenn.",Win,2,False,127,False,09:59,"GOOD FT by HIRSH,ELIJAH",69,,86 ,,BCM 69-86 (-17),,"GOOD FT by HIRSH,ELIJAH",2,free throw,good,berry,"hirsh,elijah",1,"['clark,ethan', 'hirsh,elijah', 'moore,myles', 'atkinson,quinn']","['de,nick', 'evans,andrew', 'giroux,preston', 'samson,vaughn', 'swift,dj', 'weatherford,mitch']",599
819,0864,Rhodes,Berry,1,102-114,"59,55","54,48",7-6; 1-1 SAA,5-8; 0-2 SAA,N/A,N/A,01/05/18,8:00 PM,N/A,"Memphis, Tenn.",Win,2,False,127,False,09:59,"GOOD FT by HIRSH,ELIJAH",70,,86 ,,BCM 70-86 (-16),,"GOOD FT by HIRSH,ELIJAH",2,free throw,good,berry,"hirsh,elijah",1,"['clark,ethan', 'hirsh,elijah', 'moore,myles', 'atkinson,quinn']","['de,nick', 'evans,andrew', 'giroux,preston', 'samson,vaughn', 'swift,dj', 'weatherford,mitch']",599
820,0864,Rhodes,Berry,1,102-114,"59,55","54,48",7-6; 1-1 SAA,5-8; 0-2 SAA,N/A,N/A,01/05/18,8:00 PM,N/A,"Memphis, Tenn.",Win,2,False,127,False,09:59,"SUB IN by SUMMERVILLE,MARK",70,,86 ,,,,"SUB IN by SUMMERVILLE,MARK",2,subbing in,,berry,"summerville,mark",,"['clark,ethan', 'hirsh,elijah', 'moore,myles', 'atkinson,quinn', 'summerville,mark']","['de,nick', 'evans,andrew', 'giroux,preston', 'samson,vaughn', 'swift,dj', 'weatherford,mitch']",599
821,0864,Rhodes,Berry,1,102-114,"59,55","54,48",7-6; 1-1 SAA,5-8; 0-2 SAA,N/A,N/A,01/05/18,8:00 PM,N/A,"Memphis, Tenn.",Win,2,False,127,False,09:59,"SUB IN by MCCLOUD,ALTON",70,,86 ,,,,"SUB IN by MCCLOUD,ALTON",2,subbing in,,berry,"mccloud,alton",,"['clark,ethan', 'hirsh,elijah', 'moore,myles', 'atkinson,quinn', 'summerville,mark', 'mccloud,alton']","['de,nick', 'evans,andrew', 'giroux,preston', 'samson,vaughn', 'swift,dj', 'weatherford,mitch']",599
822,0864,Rhodes,Berry,1,102-114,"59,55","54,48",7-6; 1-1 SAA,5-8; 0-2 SAA,N/A,N/A,01/05/18,8:00 PM,N/A,"Memphis, Tenn.",Win,2,False,127,False,09:59,"SUB IN by JOHNSON,CORY",70,,86 ,,,,"SUB IN by JOHNSON,CORY",2,subbing in,,berry,"johnson,cory",,"['clark,ethan', 'hirsh,elijah', 'moore,myles', 'atkinson,quinn', 'summerville,mark', 'mccloud,alton', 'johnson,cory']","['de,nick', 'evans,andrew', 'giroux,preston', 'samson,vaughn', 'swift,dj', 'weatherford,mitch']",599
823,0864,Rhodes,Berry,1,102-114,"59,55","54,48",7-6; 1-1 SAA,5-8; 0-2 SAA,N/A,N/A,01/05/18,8:00 PM,N/A,"Memphis, Tenn.",Win,2,False,127,False,09:59,"SUB OUT by HIRSH,ELIJAH",70,,86 ,,,,"SUB OUT by HIRSH,ELIJAH",2,subbing out,,berry,"hirsh,elijah",,"['clark,ethan', 'moore,myles', 'atkinson,quinn', 'summerville,mark', 'mccloud,alton', 'johnson,cory']","['de,nick', 'evans,andrew', 'giroux,preston', 'samson,vaughn', 'swift,dj', 'weatherford,mitch']",599
824,0864,Rhodes,Berry,1,102-114,"59,55","54,48",7-6; 1-1 SAA,5-8; 0-2 SAA,N/A,N/A,01/05/18,8:00 PM,N/A,"Memphis, Tenn.",Win,2,False,127,False,09:59,"SUB OUT by MOORE,MYLES",70,,86 ,,,,"SUB OUT by MOORE,MYLES",2,subbing out,,berry,"moore,myles",,"['clark,ethan', 'atkinson,quinn', 'summerville,mark', 'mccloud,alton', 'johnson,cory']","['de,nick', 'evans,andrew', 'giroux,preston', 'samson,vaughn', 'swift,dj', 'weatherford,mitch']",599
825,0864,Rhodes,Berry,1,102-114,"59,55","54,48",7-6; 1-1 SAA,5-8; 0-2 SAA,N/A,N/A,01/05/18,8:00 PM,N/A,"Memphis, Tenn.",Win,2,False,127,False,09:59,"SUB OUT by CLARK,ETHAN",70,,86 ,,,,"SUB OUT by CLARK,ETHAN",2,subbing out,,berry,"clark,ethan",,"['atkinson,quinn', 'summerville,mark', 'mccloud,alton', 'johnson,cory']","['de,nick', 'evans,andrew', 'giroux,preston', 'samson,vaughn', 'swift,dj', 'weatherford,mitch']",599
826,0864,Rhodes,Berry,1,102-114,"59,55","54,48",7-6; 1-1 SAA,5-8; 0-2 SAA,N/A,N/A,01/05/18,8:00 PM,N/A,"Memphis, Tenn.",Win,2,False,127,False,09:59,,70,,86 ,"SUB IN by LOVE,KERRY",,,"SUB IN by LOVE,KERRY",2,subbing in,,rhodes,"love,kerry",,"['atkinson,quinn', 'summerville,mark', 'mccloud,alton', 'johnson,cory']","['de,nick', 'evans,andrew', 'giroux,preston', 'samson,vaughn', 'swift,dj', 'weatherford,mitch', 'love,kerry']",599
827,0864,Rhodes,Berry,1,102-114,"59,55","54,48",7-6; 1-1 SAA,5-8; 0-2 SAA,N/A,N/A,01/05/18,8:00 PM,N/A,"Memphis, Tenn.",Win,2,False,127,False,09:59,,70,,86 ,"SUB IN by ASHBY,KENDRICK",,,"SUB IN by ASHBY,KENDRICK",2,subbing in,,rhodes,"ashby,kendrick",,"['atkinson,quinn', 'summerville,mark', 'mccloud,alton', 'johnson,cory']","['de,nick', 'evans,andrew', 'giroux,preston', 'samson,vaughn', 'swift,dj', 'weatherford,mitch', 'love,kerry', 'ashby,kendrick']",599
828,0864,Rhodes,Berry,1,102-114,"59,55","54,48",7-6; 1-1 SAA,5-8; 0-2 SAA,N/A,N/A,01/05/18,8:00 PM,N/A,"Memphis, Tenn.",Win,2,False,127,False,09:59,,70,,86 ,"SUB IN by ROTEMAN,EVAN",,,"SUB IN by ROTEMAN,EVAN",2,subbing in,,rhodes,"roteman,evan",,"['atkinson,quinn', 'summerville,mark', 'mccloud,alton', 'johnson,cory']","['de,nick', 'evans,andrew', 'giroux,preston', 'samson,vaughn', 'swift,dj', 'weatherford,mitch', 'love,kerry', 'ashby,kendrick', 'roteman,evan']",599
829,0864,Rhodes,Berry,1,102-114,"59,55","54,48",7-6; 1-1 SAA,5-8; 0-2 SAA,N/A,N/A,01/05/18,8:00 PM,N/A,"Memphis, Tenn.",Win,2,False,127,False,09:59,,70,,86 ,"SUB IN by BERRY,BRYCE",,,"SUB IN by BERRY,BRYCE",2,subbing in,,rhodes,"berry,bryce",,"['atkinson,quinn', 'summerville,mark', 'mccloud,alton', 'johnson,cory']","['de,nick', 'evans,andrew', 'giroux,preston', 'samson,vaughn', 'swift,dj', 'weatherford,mitch', 'love,kerry', 'ashby,kendrick', 'roteman,evan', 'berry,bryce']",599
830,0864,Rhodes,Berry,1,102-114,"59,55","54,48",7-6; 1-1 SAA,5-8; 0-2 SAA,N/A,N/A,01/05/18,8:00 PM,N/A,"Memphis, Tenn.",Win,2,False,127,False,09:59,,70,,86 ,"SUB IN by GRUBBS,COBY",,,"SUB IN by GRUBBS,COBY",2,subbing in,,rhodes,"grubbs,coby",,"['atkinson,quinn', 'summerville,mark', 'mccloud,alton', 'johnson,cory']","['de,nick', 'evans,andrew', 'giroux,preston', 'samson,vaughn', 'swift,dj', 'weatherford,mitch', 'love,kerry', 'ashby,kendrick', 'roteman,evan', 'berry,bryce', 'grubbs,coby']",599
831,0864,Rhodes,Berry,1,102-114,"59,55","54,48",7-6; 1-1 SAA,5-8; 0-2 SAA,N/A,N/A,01/05/18,8:00 PM,N/A,"Memphis, Tenn.",Win,2,False,127,False,09:59,,70,,86 ,"SUB OUT by EVANS,ANDREW",,,"SUB OUT by EVANS,ANDREW",2,subbing out,,rhodes,"evans,andrew",,"['atkinson,quinn', 'summerville,mark', 'mccloud,alton', 'johnson,cory']","['de,nick', 'giroux,preston', 'samson,vaughn', 'swift,dj', 'weatherford,mitch', 'love,kerry', 'ashby,kendrick', 'roteman,evan', 'berry,bryce', 'grubbs,coby']",599
832,0864,Rhodes,Berry,1,102-114,"59,55","54,48",7-6; 1-1 SAA,5-8; 0-2 SAA,N/A,N/A,01/05/18,8:00 PM,N/A,"Memphis, Tenn.",Win,2,False,127,False,09:59,,70,,86 ,"SUB OUT by GIROUX,PRESTON",,,"SUB OUT by GIROUX,PRESTON",2,subbing out,,rhodes,"giroux,preston",,"['atkinson,quinn', 'summerville,mark', 'mccloud,alton', 'johnson,cory']","['de,nick', 'samson,vaughn', 'swift,dj', 'weatherford,mitch', 'love,kerry', 'ashby,kendrick', 'roteman,evan', 'berry,bryce', 'grubbs,coby']",599
833,0864,Rhodes,Berry,1,102-114,"59,55","54,48",7-6; 1-1 SAA,5-8; 0-2 SAA,N/A,N/A,01/05/18,8:00 PM,N/A,"Memphis, Tenn.",Win,2,False,127,False,09:59,,70,,86 ,"SUB OUT by SAMSON,VAUGHN",,,"SUB OUT by SAMSON,VAUGHN",2,subbing out,,rhodes,"samson,vaughn",,"['atkinson,quinn', 'summerville,mark', 'mccloud,alton', 'johnson,cory']","['de,nick', 'swift,dj', 'weatherford,mitch', 'love,kerry', 'ashby,kendrick', 'roteman,evan', 'berry,bryce', 'grubbs,coby']",599
834,0864,Rhodes,Berry,1,102-114,"59,55","54,48",7-6; 1-1 SAA,5-8; 0-2 SAA,N/A,N/A,01/05/18,8:00 PM,N/A,"Memphis, Tenn.",Win,2,False,127,False,09:59,,70,,86 ,"SUB OUT by SWIFT,DJ",,,"SUB OUT by SWIFT,DJ",2,subbing out,,rhodes,"swift,dj",,"['atkinson,quinn', 'summerville,mark', 'mccloud,alton', 'johnson,cory']","['de,nick', 'weatherford,mitch', 'love,kerry', 'ashby,kendrick', 'roteman,evan', 'berry,bryce', 'grubbs,coby']",599
835,0864,Rhodes,Berry,1,102-114,"59,55","54,48",7-6; 1-1 SAA,5-8; 0-2 SAA,N/A,N/A,01/05/18,8:00 PM,N/A,"Memphis, Tenn.",Win,2,False,127,False,09:59,,70,,86 ,"SUB OUT by WEATHERFORD,MITCH",,,"SUB OUT by WEATHERFORD,MITCH",2,subbing out,,rhodes,"weatherford,mitch",,"['atkinson,quinn', 'summerville,mark', 'mccloud,alton', 'johnson,cory']","['de,nick', 'love,kerry', 'ashby,kendrick', 'roteman,evan', 'berry,bryce', 'grubbs,coby']",599
836,0864,Rhodes,Berry,1,102-114,"59,55","54,48",7-6; 1-1 SAA,5-8; 0-2 SAA,N/A,N/A,01/05/18,8:00 PM,N/A,"Memphis, Tenn.",Win,2,False,127,False,09:51,,70,,89 ,"GOOD 3PTR by ROTEMAN,EVAN",RHODES 70-89 (-19),,"GOOD 3PTR by ROTEMAN,EVAN",2,three pointer,good,rhodes,"roteman,evan",3,"['atkinson,quinn', 'summerville,mark', 'mccloud,alton', 'johnson,cory']","['de,nick', 'love,kerry', 'ashby,kendrick', 'roteman,evan', 'berry,bryce', 'grubbs,coby']",591
837,0864,Rhodes,Berry,1,102-114,"59,55","54,48",7-6; 1-1 SAA,5-8; 0-2 SAA,N/A,N/A,01/05/18,8:00 PM,N/A,"Memphis, Tenn.",Win,2,False,127,False,--,,70,,89 ,"ASSIST  by LOVE,KERRY",,,"ASSIST  by LOVE,KERRY",2,assist,,rhodes,"love,kerry",,"['atkinson,quinn', 'summerville,mark', 'mccloud,alton', 'johnson,cory']","['de,nick', 'love,kerry', 'ashby,kendrick', 'roteman,evan', 'berry,bryce', 'grubbs,coby']",
838,0864,Rhodes,Berry,1,102-114,"59,55","54,48",7-6; 1-1 SAA,5-8; 0-2 SAA,N/A,N/A,01/05/18,8:00 PM,N/A,"Memphis, Tenn.",Win,2,False,127,False,09:37,"TURNOVER  by SUMMERVILLE,MARK",70,,89 ,,,,"TURNOVER  by SUMMERVILLE,MARK",2,turnover,,berry,"summerville,mark",,"['atkinson,quinn', 'summerville,mark', 'mccloud,alton', 'johnson,cory']","['de,nick', 'love,kerry', 'ashby,kendrick', 'roteman,evan', 'berry,bryce', 'grubbs,coby']",577
839,0864,Rhodes,Berry,1,102-114,"59,55","54,48",7-6; 1-1 SAA,5-8; 0-2 SAA,N/A,N/A,01/05/18,8:00 PM,N/A,"Memphis, Tenn.",Win,2,False,127,False,09:36,,70,,89 ,"STEAL  by GRUBBS,COBY",,,"STEAL  by GRUBBS,COBY",2,steal,,rhodes,,,"['atkinson,quinn', 'summerville,mark', 'mccloud,alton', 'johnson,cory']","['de,nick', 'love,kerry', 'ashby,kendrick', 'roteman,evan', 'berry,bryce', 'grubbs,coby']",576
840,0864,Rhodes,Berry,1,102-114,"59,55","54,48",7-6; 1-1 SAA,5-8; 0-2 SAA,N/A,N/A,01/05/18,8:00 PM,N/A,"Memphis, Tenn.",Win,2,False,127,False,09:31,,70,,89 ,"TURNOVER  by LOVE,KERRY",,,"TURNOVER  by LOVE,KERRY",2,turnover,,rhodes,"love,kerry",,"['atkinson,quinn', 'summerville,mark', 'mccloud,alton', 'johnson,cory']","['de,nick', 'love,kerry', 'ashby,kendrick', 'roteman,evan', 'berry,bryce', 'grubbs,coby']",571
841,0864,Rhodes,Berry,1,102-114,"59,55","54,48",7-6; 1-1 SAA,5-8; 0-2 SAA,N/A,N/A,01/05/18,8:00 PM,N/A,"Memphis, Tenn.",Win,2,False,127,False,09:31,"SUB IN by MOORE,MYLES",70,,89 ,,,,"SUB IN by MOORE,MYLES",2,subbing in,,berry,"moore,myles",,"['atkinson,quinn', 'summerville,mark', 'mccloud,alton', 'johnson,cory', 'moore,myles']","['de,nick', 'love,kerry', 'ashby,kendrick', 'roteman,evan', 'berry,bryce', 'grubbs,coby']",571
842,0864,Rhodes,Berry,1,102-114,"59,55","54,48",7-6; 1-1 SAA,5-8; 0-2 SAA,N/A,N/A,01/05/18,8:00 PM,N/A,"Memphis, Tenn.",Win,2,False,127,False,09:31,"SUB IN by WEHUNT,DAWSON",70,,89 ,,,,"SUB IN by WEHUNT,DAWSON",2,subbing in,,berry,"wehunt,dawson",,"['atkinson,quinn', 'summerville,mark', 'mccloud,alton', 'johnson,cory', 'moore,myles', 'wehunt,dawson']","['de,nick', 'love,kerry', 'ashby,kendrick', 'roteman,evan', 'berry,bryce', 'grubbs,coby']",571
843,0864,Rhodes,Berry,1,102-114,"59,55","54,48",7-6; 1-1 SAA,5-8; 0-2 SAA,N/A,N/A,01/05/18,8:00 PM,N/A,"Memphis, Tenn.",Win,2,False,127,False,09:31,"SUB OUT by SUMMERVILLE,MARK",70,,89 ,,,,"SUB OUT by SUMMERVILLE,MARK",2,subbing out,,berry,"summerville,mark",,"['atkinson,quinn', 'mccloud,alton', 'johnson,cory', 'moore,myles', 'wehunt,dawson']","['de,nick', 'love,kerry', 'ashby,kendrick', 'roteman,evan', 'berry,bryce', 'grubbs,coby']",571
844,0864,Rhodes,Berry,1,102-114,"59,55","54,48",7-6; 1-1 SAA,5-8; 0-2 SAA,N/A,N/A,01/05/18,8:00 PM,N/A,"Memphis, Tenn.",Win,2,False,127,False,09:31,"SUB OUT by JOHNSON,CORY",70,,89 ,,,,"SUB OUT by JOHNSON,CORY",2,subbing out,,berry,"johnson,cory",,"['atkinson,quinn', 'mccloud,alton', 'moore,myles', 'wehunt,dawson']","['de,nick', 'love,kerry', 'ashby,kendrick', 'roteman,evan', 'berry,bryce', 'grubbs,coby']",571
845,0864,Rhodes,Berry,1,102-114,"59,55","54,48",7-6; 1-1 SAA,5-8; 0-2 SAA,N/A,N/A,01/05/18,8:00 PM,N/A,"Memphis, Tenn.",Win,2,False,127,False,09:31,,70,,89 ,"SUB IN by GALVIN,OWEN",,,"SUB IN by GALVIN,OWEN",2,subbing in,,rhodes,"galvin,owen",,"['atkinson,quinn', 'mccloud,alton', 'moore,myles', 'wehunt,dawson']","['de,nick', 'love,kerry', 'ashby,kendrick', 'roteman,evan', 'berry,bryce', 'grubbs,coby', 'galvin,owen']",571
846,0864,Rhodes,Berry,1,102-114,"59,55","54,48",7-6; 1-1 SAA,5-8; 0-2 SAA,N/A,N/A,01/05/18,8:00 PM,N/A,"Memphis, Tenn.",Win,2,False,127,False,09:31,,70,,89 ,"SUB IN by NESTLEHUTT,JAKE",,,"SUB IN by NESTLEHUTT,JAKE",2,subbing in,,rhodes,"nestlehutt,jake",,"['atkinson,quinn', 'mccloud,alton', 'moore,myles', 'wehunt,dawson']","['de,nick', 'love,kerry', 'ashby,kendrick', 'roteman,evan', 'berry,bryce', 'grubbs,coby', 'galvin,owen', 'nestlehutt,jake']",571
847,0864,Rhodes,Berry,1,102-114,"59,55","54,48",7-6; 1-1 SAA,5-8; 0-2 SAA,N/A,N/A,01/05/18,8:00 PM,N/A,"Memphis, Tenn.",Win,2,False,127,False,09:31,,70,,89 ,"SUB IN by NYAWATA,ANESU",,,"SUB IN by NYAWATA,ANESU",2,subbing in,,rhodes,"nyawata,anesu",,"['atkinson,quinn', 'mccloud,alton', 'moore,myles', 'wehunt,dawson']","['de,nick', 'love,kerry', 'ashby,kendrick', 'roteman,evan', 'berry,bryce', 'grubbs,coby', 'galvin,owen', 'nestlehutt,jake', 'nyawata,anesu']",571
848,0864,Rhodes,Berry,1,102-114,"59,55","54,48",7-6; 1-1 SAA,5-8; 0-2 SAA,N/A,N/A,01/05/18,8:00 PM,N/A,"Memphis, Tenn.",Win,2,False,127,False,09:31,,70,,89 ,"SUB IN by WEATHERFORD,MITCH",,,"SUB IN by WEATHERFORD,MITCH",2,subbing in,,rhodes,"weatherford,mitch",,"['atkinson,quinn', 'mccloud,alton', 'moore,myles', 'wehunt,dawson']","['de,nick', 'love,kerry', 'ashby,kendrick', 'roteman,evan', 'berry,bryce', 'grubbs,coby', 'galvin,owen', 'nestlehutt,jake', 'nyawata,anesu', 'weatherford,mitch']",571
849,0864,Rhodes,Berry,1,102-114,"59,55","54,48",7-6; 1-1 SAA,5-8; 0-2 SAA,N/A,N/A,01/05/18,8:00 PM,N/A,"Memphis, Tenn.",Win,2,False,127,False,09:31,,70,,89 ,"SUB IN by DALTON,PRICE",,,"SUB IN by DALTON,PRICE",2,subbing in,,rhodes,"dalton,price",,"['atkinson,quinn', 'mccloud,alton', 'moore,myles', 'wehunt,dawson']","['de,nick', 'love,kerry', 'ashby,kendrick', 'roteman,evan', 'berry,bryce', 'grubbs,coby', 'galvin,owen', 'nestlehutt,jake', 'nyawata,anesu', 'weatherford,mitch', 'dalton,price']",571
850,0864,Rhodes,Berry,1,102-114,"59,55","54,48",7-6; 1-1 SAA,5-8; 0-2 SAA,N/A,N/A,01/05/18,8:00 PM,N/A,"Memphis, Tenn.",Win,2,False,127,False,09:31,,70,,89 ,"SUB OUT by LOVE,KERRY",,,"SUB OUT by LOVE,KERRY",2,subbing out,,rhodes,"love,kerry",,"['atkinson,quinn', 'mccloud,alton', 'moore,myles', 'wehunt,dawson']","['de,nick', 'ashby,kendrick', 'roteman,evan', 'berry,bryce', 'grubbs,coby', 'galvin,owen', 'nestlehutt,jake', 'nyawata,anesu', 'weatherford,mitch', 'dalton,price']",571
851,0864,Rhodes,Berry,1,102-114,"59,55","54,48",7-6; 1-1 SAA,5-8; 0-2 SAA,N/A,N/A,01/05/18,8:00 PM,N/A,"Memphis, Tenn.",Win,2,False,127,False,09:31,,70,,89 ,"SUB OUT by ASHBY,KENDRICK",,,"SUB OUT by ASHBY,KENDRICK",2,subbing out,,rhodes,"ashby,kendrick",,"['atkinson,quinn', 'mccloud,alton', 'moore,myles', 'wehunt,dawson']","['de,nick', 'roteman,evan', 'berry,bryce', 'grubbs,coby', 'galvin,owen', 'nestlehutt,jake', 'nyawata,anesu', 'weatherford,mitch', 'dalton,price']",571
852,0864,Rhodes,Berry,1,102-114,"59,55","54,48",7-6; 1-1 SAA,5-8; 0-2 SAA,N/A,N/A,01/05/18,8:00 PM,N/A,"Memphis, Tenn.",Win,2,False,127,False,09:31,,70,,89 ,"SUB OUT by ROTEMAN,EVAN",,,"SUB OUT by ROTEMAN,EVAN",2,subbing out,,rhodes,"roteman,evan",,"['atkinson,quinn', 'mccloud,alton', 'moore,myles', 'wehunt,dawson']","['de,nick', 'berry,bryce', 'grubbs,coby', 'galvin,owen', 'nestlehutt,jake', 'nyawata,anesu', 'weatherford,mitch', 'dalton,price']",571
853,0864,Rhodes,Berry,1,102-114,"59,55","54,48",7-6; 1-1 SAA,5-8; 0-2 SAA,N/A,N/A,01/05/18,8:00 PM,N/A,"Memphis, Tenn.",Win,2,False,127,False,09:31,,70,,89 ,"SUB OUT by BERRY,BRYCE",,,"SUB OUT by BERRY,BRYCE",2,subbing out,,rhodes,"berry,bryce",,"['atkinson,quinn', 'mccloud,alton', 'moore,myles', 'wehunt,dawson']","['de,nick', 'grubbs,coby', 'galvin,owen', 'nestlehutt,jake', 'nyawata,anesu', 'weatherford,mitch', 'dalton,price']",571
854,0864,Rhodes,Berry,1,102-114,"59,55","54,48",7-6; 1-1 SAA,5-8; 0-2 SAA,N/A,N/A,01/05/18,8:00 PM,N/A,"Memphis, Tenn.",Win,2,False,127,False,09:31,,70,,89 ,"SUB OUT by GRUBBS,COBY",,,"SUB OUT by GRUBBS,COBY",2,subbing out,,rhodes,"grubbs,coby",,"['atkinson,quinn', 'mccloud,alton', 'moore,myles', 'wehunt,dawson']","['de,nick', 'galvin,owen', 'nestlehutt,jake', 'nyawata,anesu', 'weatherford,mitch', 'dalton,price']",571
855,0864,Rhodes,Berry,1,102-114,"59,55","54,48",7-6; 1-1 SAA,5-8; 0-2 SAA,N/A,N/A,01/05/18,8:00 PM,N/A,"Memphis, Tenn.",Win,2,False,127,False,09:26,,70,,89 ,"FOUL  by MCINTYRE,WILLIAM",,,"FOUL  by MCINTYRE,WILLIAM",2,foul,,rhodes,"mcintyre,william",,"['atkinson,quinn', 'mccloud,alton', 'moore,myles', 'wehunt,dawson']","['de,nick', 'galvin,owen', 'nestlehutt,jake', 'nyawata,anesu', 'weatherford,mitch', 'dalton,price']",566
856,0864,Rhodes,Berry,1,102-114,"59,55","54,48",7-6; 1-1 SAA,5-8; 0-2 SAA,N/A,N/A,01/05/18,8:00 PM,N/A,"Memphis, Tenn.",Win,2,False,127,False,09:26,"MISS FT by ATKINSON,QUINN",70,,89 ,,,,"MISS FT by ATKINSON,QUINN",2,free throw,missed,berry,"atkinson,quinn",,"['atkinson,quinn', 'mccloud,alton', 'moore,myles', 'wehunt,dawson']","['de,nick', 'galvin,owen', 'nestlehutt,jake', 'nyawata,anesu', 'weatherford,mitch', 'dalton,price']",566
857,0864,Rhodes,Berry,1,102-114,"59,55","54,48",7-6; 1-1 SAA,5-8; 0-2 SAA,N/A,N/A,01/05/18,8:00 PM,N/A,"Memphis, Tenn.",Win,2,False,127,False,--,REBOUND DEADB by TEAM,70,,89 ,,,,REBOUND DEADB by TEAM,2,deadball rebound,,berry,,,"['atkinson,quinn', 'mccloud,alton', 'moore,myles', 'wehunt,dawson']","['de,nick', 'galvin,owen', 'nestlehutt,jake', 'nyawata,anesu', 'weatherford,mitch', 'dalton,price']",
858,0864,Rhodes,Berry,1,102-114,"59,55","54,48",7-6; 1-1 SAA,5-8; 0-2 SAA,N/A,N/A,01/05/18,8:00 PM,N/A,"Memphis, Tenn.",Win,2,False,127,False,09:26,"GOOD FT by ATKINSON,QUINN",71,,89 ,,BCM 71-89 (-18),,"GOOD FT by ATKINSON,QUINN",2,free throw,good,berry,"atkinson,quinn",1,"['atkinson,quinn', 'mccloud,alton', 'moore,myles', 'wehunt,dawson']","['de,nick', 'galvin,owen', 'nestlehutt,jake', 'nyawata,anesu', 'weatherford,mitch', 'dalton,price']",566
859,0864,Rhodes,Berry,1,102-114,"59,55","54,48",7-6; 1-1 SAA,5-8; 0-2 SAA,N/A,N/A,01/05/18,8:00 PM,N/A,"Memphis, Tenn.",Win,2,False,127,False,09:26,"SUB IN by CLARK,ETHAN",71,,89 ,,,,"SUB IN by CLARK,ETHAN",2,subbing in,,berry,"clark,ethan",,"['atkinson,quinn', 'mccloud,alton', 'moore,myles', 'wehunt,dawson', 'clark,ethan']","['de,nick', 'galvin,owen', 'nestlehutt,jake', 'nyawata,anesu', 'weatherford,mitch', 'dalton,price']",566
860,0864,Rhodes,Berry,1,102-114,"59,55","54,48",7-6; 1-1 SAA,5-8; 0-2 SAA,N/A,N/A,01/05/18,8:00 PM,N/A,"Memphis, Tenn.",Win,2,False,127,False,09:26,"SUB OUT by ATKINSON,QUINN",71,,89 ,,,,"SUB OUT by ATKINSON,QUINN",2,subbing out,,berry,"atkinson,quinn",,"['mccloud,alton', 'moore,myles', 'wehunt,dawson', 'clark,ethan']","['de,nick', 'galvin,owen', 'nestlehutt,jake', 'nyawata,anesu', 'weatherford,mitch', 'dalton,price']",566
861,0864,Rhodes,Berry,1,102-114,"59,55","54,48",7-6; 1-1 SAA,5-8; 0-2 SAA,N/A,N/A,01/05/18,8:00 PM,N/A,"Memphis, Tenn.",Win,2,False,127,False,09:22,,71,,89 ,"MISS LAYUP by NYAWATA,ANESU",,,"MISS LAYUP by NYAWATA,ANESU",2,layup,missed,rhodes,"nyawata,anesu",,"['mccloud,alton', 'moore,myles', 'wehunt,dawson', 'clark,ethan']","['de,nick', 'galvin,owen', 'nestlehutt,jake', 'nyawata,anesu', 'weatherford,mitch', 'dalton,price']",562
862,0864,Rhodes,Berry,1,102-114,"59,55","54,48",7-6; 1-1 SAA,5-8; 0-2 SAA,N/A,N/A,01/05/18,8:00 PM,N/A,"Memphis, Tenn.",Win,2,False,127,False,--,"REBOUND DEF by HIRSH,ELIJAH",71,,89 ,,,,"REBOUND DEF by HIRSH,ELIJAH",2,defensive rebound,,berry,"hirsh,elijah",,"['mccloud,alton', 'moore,myles', 'wehunt,dawson', 'clark,ethan']","['de,nick', 'galvin,owen', 'nestlehutt,jake', 'nyawata,anesu', 'weatherford,mitch', 'dalton,price']",
863,0864,Rhodes,Berry,1,102-114,"59,55","54,48",7-6; 1-1 SAA,5-8; 0-2 SAA,N/A,N/A,01/05/18,8:00 PM,N/A,"Memphis, Tenn.",Win,2,False,127,False,09:17,"TURNOVER  by HIRSH,ELIJAH",71,,89 ,,,,"TURNOVER  by HIRSH,ELIJAH",2,turnover,,berry,"hirsh,elijah",,"['mccloud,alton', 'moore,myles', 'wehunt,dawson', 'clark,ethan']","['de,nick', 'galvin,owen', 'nestlehutt,jake', 'nyawata,anesu', 'weatherford,mitch', 'dalton,price']",557
864,0864,Rhodes,Berry,1,102-114,"59,55","54,48",7-6; 1-1 SAA,5-8; 0-2 SAA,N/A,N/A,01/05/18,8:00 PM,N/A,"Memphis, Tenn.",Win,2,False,127,False,09:16,,71,,89 ,"STEAL  by NYAWATA,ANESU",,,"STEAL  by NYAWATA,ANESU",2,steal,,rhodes,,,"['mccloud,alton', 'moore,myles', 'wehunt,dawson', 'clark,ethan']","['de,nick', 'galvin,owen', 'nestlehutt,jake', 'nyawata,anesu', 'weatherford,mitch', 'dalton,price']",556
865,0864,Rhodes,Berry,1,102-114,"59,55","54,48",7-6; 1-1 SAA,5-8; 0-2 SAA,N/A,N/A,01/05/18,8:00 PM,N/A,"Memphis, Tenn.",Win,2,False,127,False,09:02,,71,,91 ,"GOOD LAYUP by GALVIN,OWEN(in the paint)",RHODES 71-91 (-20),,"GOOD LAYUP by GALVIN,OWEN(in the paint)",2,layup,good,rhodes,"galvin,owen",2,"['mccloud,alton', 'moore,myles', 'wehunt,dawson', 'clark,ethan']","['de,nick', 'galvin,owen', 'nestlehutt,jake', 'nyawata,anesu', 'weatherford,mitch', 'dalton,price']",542
866,0864,Rhodes,Berry,1,102-114,"59,55","54,48",7-6; 1-1 SAA,5-8; 0-2 SAA,N/A,N/A,01/05/18,8:00 PM,N/A,"Memphis, Tenn.",Win,2,False,127,False,08:44,"GOOD LAYUP by CLARK,ETHAN(in the paint)",73,,91 ,,BCM 73-91 (-18),,"GOOD LAYUP by CLARK,ETHAN(in the paint)",2,layup,good,berry,"clark,ethan",2,"['mccloud,alton', 'moore,myles', 'wehunt,dawson', 'clark,ethan']","['de,nick', 'galvin,owen', 'nestlehutt,jake', 'nyawata,anesu', 'weatherford,mitch', 'dalton,price']",524
867,0864,Rhodes,Berry,1,102-114,"59,55","54,48",7-6; 1-1 SAA,5-8; 0-2 SAA,N/A,N/A,01/05/18,8:00 PM,N/A,"Memphis, Tenn.",Win,2,False,127,False,--,"ASSIST  by WEHUNT,DAWSON",73,,91 ,,,,"ASSIST  by WEHUNT,DAWSON",2,assist,,berry,"wehunt,dawson",,"['mccloud,alton', 'moore,myles', 'wehunt,dawson', 'clark,ethan']","['de,nick', 'galvin,owen', 'nestlehutt,jake', 'nyawata,anesu', 'weatherford,mitch', 'dalton,price']",
868,0864,Rhodes,Berry,1,102-114,"59,55","54,48",7-6; 1-1 SAA,5-8; 0-2 SAA,N/A,N/A,01/05/18,8:00 PM,N/A,"Memphis, Tenn.",Win,2,False,127,False,08:32,,73,,91 ,"MISS LAYUP by NYAWATA,ANESU",,,"MISS LAYUP by NYAWATA,ANESU",2,layup,missed,rhodes,"nyawata,anesu",,"['mccloud,alton', 'moore,myles', 'wehunt,dawson', 'clark,ethan']","['de,nick', 'galvin,owen', 'nestlehutt,jake', 'nyawata,anesu', 'weatherford,mitch', 'dalton,price']",512
869,0864,Rhodes,Berry,1,102-114,"59,55","54,48",7-6; 1-1 SAA,5-8; 0-2 SAA,N/A,N/A,01/05/18,8:00 PM,N/A,"Memphis, Tenn.",Win,2,False,127,False,--,"REBOUND DEF by JOHNSON,CALEB",73,,91 ,,,,"REBOUND DEF by JOHNSON,CALEB",2,defensive rebound,,berry,"johnson,caleb",,"['mccloud,alton', 'moore,myles', 'wehunt,dawson', 'clark,ethan']","['de,nick', 'galvin,owen', 'nestlehutt,jake', 'nyawata,anesu', 'weatherford,mitch', 'dalton,price']",
870,0864,Rhodes,Berry,1,102-114,"59,55","54,48",7-6; 1-1 SAA,5-8; 0-2 SAA,N/A,N/A,01/05/18,8:00 PM,N/A,"Memphis, Tenn.",Win,2,False,127,False,08:25,"GOOD LAYUP by MOORE,MYLES(fastbreak)(in the paint)",75,,91 ,,BCM 75-91 (-16),,"GOOD LAYUP by MOORE,MYLES(fastbreak)(in the paint)",2,layup,good,berry,"moore,myles(fastbreak)",2,"['mccloud,alton', 'moore,myles', 'wehunt,dawson', 'clark,ethan']","['de,nick', 'galvin,owen', 'nestlehutt,jake', 'nyawata,anesu', 'weatherford,mitch', 'dalton,price']",505
871,0864,Rhodes,Berry,1,102-114,"59,55","54,48",7-6; 1-1 SAA,5-8; 0-2 SAA,N/A,N/A,01/05/18,8:00 PM,N/A,"Memphis, Tenn.",Win,2,False,127,False,--,"ASSIST  by WEHUNT,DAWSON",75,,91 ,,,,"ASSIST  by WEHUNT,DAWSON",2,assist,,berry,"wehunt,dawson",,"['mccloud,alton', 'moore,myles', 'wehunt,dawson', 'clark,ethan']","['de,nick', 'galvin,owen', 'nestlehutt,jake', 'nyawata,anesu', 'weatherford,mitch', 'dalton,price']",
872,0864,Rhodes,Berry,1,102-114,"59,55","54,48",7-6; 1-1 SAA,5-8; 0-2 SAA,N/A,N/A,01/05/18,8:00 PM,N/A,"Memphis, Tenn.",Win,2,False,127,False,08:25,,75,,91 ,"FOUL  by DALTON,PRICE",,,"FOUL  by DALTON,PRICE",2,foul,,rhodes,"dalton,price",,"['mccloud,alton', 'moore,myles', 'wehunt,dawson', 'clark,ethan']","['de,nick', 'galvin,owen', 'nestlehutt,jake', 'nyawata,anesu', 'weatherford,mitch', 'dalton,price']",505
873,0864,Rhodes,Berry,1,102-114,"59,55","54,48",7-6; 1-1 SAA,5-8; 0-2 SAA,N/A,N/A,01/05/18,8:00 PM,N/A,"Memphis, Tenn.",Win,2,False,127,False,08:25,"MISS FT by MOORE,MYLES",75,,91 ,,,,"MISS FT by MOORE,MYLES",2,free throw,missed,berry,"moore,myles",,"['mccloud,alton', 'moore,myles', 'wehunt,dawson', 'clark,ethan']","['de,nick', 'galvin,owen', 'nestlehutt,jake', 'nyawata,anesu', 'weatherford,mitch', 'dalton,price']",505
874,0864,Rhodes,Berry,1,102-114,"59,55","54,48",7-6; 1-1 SAA,5-8; 0-2 SAA,N/A,N/A,01/05/18,8:00 PM,N/A,"Memphis, Tenn.",Win,2,False,127,False,--,,75,,91 ,"REBOUND DEF by EVANS,ANDREW",,,"REBOUND DEF by EVANS,ANDREW",2,defensive rebound,,rhodes,"evans,andrew",,"['mccloud,alton', 'moore,myles', 'wehunt,dawson', 'clark,ethan']","['de,nick', 'galvin,owen', 'nestlehutt,jake', 'nyawata,anesu', 'weatherford,mitch', 'dalton,price']",
875,0864,Rhodes,Berry,1,102-114,"59,55","54,48",7-6; 1-1 SAA,5-8; 0-2 SAA,N/A,N/A,01/05/18,8:00 PM,N/A,"Memphis, Tenn.",Win,2,False,127,False,08:25,"SUB IN by JOHNSON,CORY",75,,91 ,,,,"SUB IN by JOHNSON,CORY",2,subbing in,,berry,"johnson,cory",,"['mccloud,alton', 'moore,myles', 'wehunt,dawson', 'clark,ethan', 'johnson,cory']","['de,nick', 'galvin,owen', 'nestlehutt,jake', 'nyawata,anesu', 'weatherford,mitch', 'dalton,price']",505
876,0864,Rhodes,Berry,1,102-114,"59,55","54,48",7-6; 1-1 SAA,5-8; 0-2 SAA,N/A,N/A,01/05/18,8:00 PM,N/A,"Memphis, Tenn.",Win,2,False,127,False,08:25,"SUB OUT by WEHUNT,DAWSON",75,,91 ,,,,"SUB OUT by WEHUNT,DAWSON",2,subbing out,,berry,"wehunt,dawson",,"['mccloud,alton', 'moore,myles', 'clark,ethan', 'johnson,cory']","['de,nick', 'galvin,owen', 'nestlehutt,jake', 'nyawata,anesu', 'weatherford,mitch', 'dalton,price']",505
877,0864,Rhodes,Berry,1,102-114,"59,55","54,48",7-6; 1-1 SAA,5-8; 0-2 SAA,N/A,N/A,01/05/18,8:00 PM,N/A,"Memphis, Tenn.",Win,2,False,127,False,08:25,,75,,91 ,"SUB IN by EVANS,ANDREW",,,"SUB IN by EVANS,ANDREW",2,subbing in,,rhodes,"evans,andrew",,"['mccloud,alton', 'moore,myles', 'clark,ethan', 'johnson,cory']","['de,nick', 'galvin,owen', 'nestlehutt,jake', 'nyawata,anesu', 'weatherford,mitch', 'dalton,price', 'evans,andrew']",505
878,0864,Rhodes,Berry,1,102-114,"59,55","54,48",7-6; 1-1 SAA,5-8; 0-2 SAA,N/A,N/A,01/05/18,8:00 PM,N/A,"Memphis, Tenn.",Win,2,False,127,False,08:25,,75,,91 ,"SUB IN by GIROUX,PRESTON",,,"SUB IN by GIROUX,PRESTON",2,subbing in,,rhodes,"giroux,preston",,"['mccloud,alton', 'moore,myles', 'clark,ethan', 'johnson,cory']","['de,nick', 'galvin,owen', 'nestlehutt,jake', 'nyawata,anesu', 'weatherford,mitch', 'dalton,price', 'evans,andrew', 'giroux,preston']",505
879,0864,Rhodes,Berry,1,102-114,"59,55","54,48",7-6; 1-1 SAA,5-8; 0-2 SAA,N/A,N/A,01/05/18,8:00 PM,N/A,"Memphis, Tenn.",Win,2,False,127,False,08:25,,75,,91 ,"SUB IN by SAMSON,VAUGHN",,,"SUB IN by SAMSON,VAUGHN",2,subbing in,,rhodes,"samson,vaughn",,"['mccloud,alton', 'moore,myles', 'clark,ethan', 'johnson,cory']","['de,nick', 'galvin,owen', 'nestlehutt,jake', 'nyawata,anesu', 'weatherford,mitch', 'dalton,price', 'evans,andrew', 'giroux,preston', 'samson,vaughn']",505
880,0864,Rhodes,Berry,1,102-114,"59,55","54,48",7-6; 1-1 SAA,5-8; 0-2 SAA,N/A,N/A,01/05/18,8:00 PM,N/A,"Memphis, Tenn.",Win,2,False,127,False,08:25,,75,,91 ,"SUB IN by SWIFT,DJ",,,"SUB IN by SWIFT,DJ",2,subbing in,,rhodes,"swift,dj",,"['mccloud,alton', 'moore,myles', 'clark,ethan', 'johnson,cory']","['de,nick', 'galvin,owen', 'nestlehutt,jake', 'nyawata,anesu', 'weatherford,mitch', 'dalton,price', 'evans,andrew', 'giroux,preston', 'samson,vaughn', 'swift,dj']",505
881,0864,Rhodes,Berry,1,102-114,"59,55","54,48",7-6; 1-1 SAA,5-8; 0-2 SAA,N/A,N/A,01/05/18,8:00 PM,N/A,"Memphis, Tenn.",Win,2,False,127,False,08:25,,75,,91 ,"SUB OUT by GALVIN,OWEN",,,"SUB OUT by GALVIN,OWEN",2,subbing out,,rhodes,"galvin,owen",,"['mccloud,alton', 'moore,myles', 'clark,ethan', 'johnson,cory']","['de,nick', 'nestlehutt,jake', 'nyawata,anesu', 'weatherford,mitch', 'dalton,price', 'evans,andrew', 'giroux,preston', 'samson,vaughn', 'swift,dj']",505
882,0864,Rhodes,Berry,1,102-114,"59,55","54,48",7-6; 1-1 SAA,5-8; 0-2 SAA,N/A,N/A,01/05/18,8:00 PM,N/A,"Memphis, Tenn.",Win,2,False,127,False,08:25,,75,,91 ,"SUB OUT by NESTLEHUTT,JAKE",,,"SUB OUT by NESTLEHUTT,JAKE",2,subbing out,,rhodes,"nestlehutt,jake",,"['mccloud,alton', 'moore,myles', 'clark,ethan', 'johnson,cory']","['de,nick', 'nyawata,anesu', 'weatherford,mitch', 'dalton,price', 'evans,andrew', 'giroux,preston', 'samson,vaughn', 'swift,dj']",505
883,0864,Rhodes,Berry,1,102-114,"59,55","54,48",7-6; 1-1 SAA,5-8; 0-2 SAA,N/A,N/A,01/05/18,8:00 PM,N/A,"Memphis, Tenn.",Win,2,False,127,False,08:25,,75,,91 ,"SUB OUT by NYAWATA,ANESU",,,"SUB OUT by NYAWATA,ANESU",2,subbing out,,rhodes,"nyawata,anesu",,"['mccloud,alton', 'moore,myles', 'clark,ethan', 'johnson,cory']","['de,nick', 'weatherford,mitch', 'dalton,price', 'evans,andrew', 'giroux,preston', 'samson,vaughn', 'swift,dj']",505
884,0864,Rhodes,Berry,1,102-114,"59,55","54,48",7-6; 1-1 SAA,5-8; 0-2 SAA,N/A,N/A,01/05/18,8:00 PM,N/A,"Memphis, Tenn.",Win,2,False,127,False,08:25,,75,,91 ,"SUB OUT by DALTON,PRICE",,,"SUB OUT by DALTON,PRICE",2,subbing out,,rhodes,"dalton,price",,"['mccloud,alton', 'moore,myles', 'clark,ethan', 'johnson,cory']","['de,nick', 'weatherford,mitch', 'evans,andrew', 'giroux,preston', 'samson,vaughn', 'swift,dj']",505
885,0864,Rhodes,Berry,1,102-114,"59,55","54,48",7-6; 1-1 SAA,5-8; 0-2 SAA,N/A,N/A,01/05/18,8:00 PM,N/A,"Memphis, Tenn.",Win,2,False,127,False,08:15,,75,,93 ,"GOOD LAYUP by SAMSON,VAUGHN(in the paint)",RHODES 75-93 (-18),,"GOOD LAYUP by SAMSON,VAUGHN(in the paint)",2,layup,good,rhodes,"samson,vaughn",2,"['mccloud,alton', 'moore,myles', 'clark,ethan', 'johnson,cory']","['de,nick', 'weatherford,mitch', 'evans,andrew', 'giroux,preston', 'samson,vaughn', 'swift,dj']",495
886,0864,Rhodes,Berry,1,102-114,"59,55","54,48",7-6; 1-1 SAA,5-8; 0-2 SAA,N/A,N/A,01/05/18,8:00 PM,N/A,"Memphis, Tenn.",Win,2,False,127,False,--,,75,,93 ,"ASSIST  by WEATHERFORD,MITCH",,,"ASSIST  by WEATHERFORD,MITCH",2,assist,,rhodes,"weatherford,mitch",,"['mccloud,alton', 'moore,myles', 'clark,ethan', 'johnson,cory']","['de,nick', 'weatherford,mitch', 'evans,andrew', 'giroux,preston', 'samson,vaughn', 'swift,dj']",
887,0864,Rhodes,Berry,1,102-114,"59,55","54,48",7-6; 1-1 SAA,5-8; 0-2 SAA,N/A,N/A,01/05/18,8:00 PM,N/A,"Memphis, Tenn.",Win,2,False,127,False,08:08,,75,,93 ,"FOUL  by SAMSON,VAUGHN",,,"FOUL  by SAMSON,VAUGHN",2,foul,,rhodes,"samson,vaughn",,"['mccloud,alton', 'moore,myles', 'clark,ethan', 'johnson,cory']","['de,nick', 'weatherford,mitch', 'evans,andrew', 'giroux,preston', 'samson,vaughn', 'swift,dj']",488
888,0864,Rhodes,Berry,1,102-114,"59,55","54,48",7-6; 1-1 SAA,5-8; 0-2 SAA,N/A,N/A,01/05/18,8:00 PM,N/A,"Memphis, Tenn.",Win,2,False,127,False,08:08,"GOOD FT by MOORE,MYLES",76,,93 ,,BCM 76-93 (-17),,"GOOD FT by MOORE,MYLES",2,free throw,good,berry,"moore,myles",1,"['mccloud,alton', 'moore,myles', 'clark,ethan', 'johnson,cory']","['de,nick', 'weatherford,mitch', 'evans,andrew', 'giroux,preston', 'samson,vaughn', 'swift,dj']",488
889,0864,Rhodes,Berry,1,102-114,"59,55","54,48",7-6; 1-1 SAA,5-8; 0-2 SAA,N/A,N/A,01/05/18,8:00 PM,N/A,"Memphis, Tenn.",Win,2,False,127,False,08:08,"GOOD FT by MOORE,MYLES",77,,93 ,,BCM 77-93 (-16),,"GOOD FT by MOORE,MYLES",2,free throw,good,berry,"moore,myles",1,"['mccloud,alton', 'moore,myles', 'clark,ethan', 'johnson,cory']","['de,nick', 'weatherford,mitch', 'evans,andrew', 'giroux,preston', 'samson,vaughn', 'swift,dj']",488
890,0864,Rhodes,Berry,1,102-114,"59,55","54,48",7-6; 1-1 SAA,5-8; 0-2 SAA,N/A,N/A,01/05/18,8:00 PM,N/A,"Memphis, Tenn.",Win,2,False,127,False,08:08,"SUB IN by HIRSH,ELIJAH",77,,93 ,,,,"SUB IN by HIRSH,ELIJAH",2,subbing in,,berry,"hirsh,elijah",,"['mccloud,alton', 'moore,myles', 'clark,ethan', 'johnson,cory', 'hirsh,elijah']","['de,nick', 'weatherford,mitch', 'evans,andrew', 'giroux,preston', 'samson,vaughn', 'swift,dj']",488
891,0864,Rhodes,Berry,1,102-114,"59,55","54,48",7-6; 1-1 SAA,5-8; 0-2 SAA,N/A,N/A,01/05/18,8:00 PM,N/A,"Memphis, Tenn.",Win,2,False,127,False,08:08,"SUB OUT by JOHNSON,CORY",77,,93 ,,,,"SUB OUT by JOHNSON,CORY",2,subbing out,,berry,"johnson,cory",,"['mccloud,alton', 'moore,myles', 'clark,ethan', 'hirsh,elijah']","['de,nick', 'weatherford,mitch', 'evans,andrew', 'giroux,preston', 'samson,vaughn', 'swift,dj']",488
892,0864,Rhodes,Berry,1,102-114,"59,55","54,48",7-6; 1-1 SAA,5-8; 0-2 SAA,N/A,N/A,01/05/18,8:00 PM,N/A,"Memphis, Tenn.",Win,2,False,127,False,07:53,,77,,93 ,"MISS 3PTR by SAMSON,VAUGHN",,,"MISS 3PTR by SAMSON,VAUGHN",2,three pointer,missed,rhodes,"samson,vaughn",,"['mccloud,alton', 'moore,myles', 'clark,ethan', 'hirsh,elijah']","['de,nick', 'weatherford,mitch', 'evans,andrew', 'giroux,preston', 'samson,vaughn', 'swift,dj']",473
893,0864,Rhodes,Berry,1,102-114,"59,55","54,48",7-6; 1-1 SAA,5-8; 0-2 SAA,N/A,N/A,01/05/18,8:00 PM,N/A,"Memphis, Tenn.",Win,2,False,127,False,--,"REBOUND DEF by CLARK,ETHAN",77,,93 ,,,,"REBOUND DEF by CLARK,ETHAN",2,defensive rebound,,berry,"clark,ethan",,"['mccloud,alton', 'moore,myles', 'clark,ethan', 'hirsh,elijah']","['de,nick', 'weatherford,mitch', 'evans,andrew', 'giroux,preston', 'samson,vaughn', 'swift,dj']",
894,0864,Rhodes,Berry,1,102-114,"59,55","54,48",7-6; 1-1 SAA,5-8; 0-2 SAA,N/A,N/A,01/05/18,8:00 PM,N/A,"Memphis, Tenn.",Win,2,False,127,False,07:39,"GOOD LAYUP by MOORE,MYLES(in the paint)",79,,93 ,,BCM 79-93 (-14),,"GOOD LAYUP by MOORE,MYLES(in the paint)",2,layup,good,berry,"moore,myles",2,"['mccloud,alton', 'moore,myles', 'clark,ethan', 'hirsh,elijah']","['de,nick', 'weatherford,mitch', 'evans,andrew', 'giroux,preston', 'samson,vaughn', 'swift,dj']",459
895,0864,Rhodes,Berry,1,102-114,"59,55","54,48",7-6; 1-1 SAA,5-8; 0-2 SAA,N/A,N/A,01/05/18,8:00 PM,N/A,"Memphis, Tenn.",Win,2,False,127,False,--,"ASSIST  by HIRSH,ELIJAH",79,,93 ,,,,"ASSIST  by HIRSH,ELIJAH",2,assist,,berry,"hirsh,elijah",,"['mccloud,alton', 'moore,myles', 'clark,ethan', 'hirsh,elijah']","['de,nick', 'weatherford,mitch', 'evans,andrew', 'giroux,preston', 'samson,vaughn', 'swift,dj']",
896,0864,Rhodes,Berry,1,102-114,"59,55","54,48",7-6; 1-1 SAA,5-8; 0-2 SAA,N/A,N/A,01/05/18,8:00 PM,N/A,"Memphis, Tenn.",Win,2,False,127,False,07:31,,79,,93 ,"MISS 3PTR by EVANS,ANDREW",,,"MISS 3PTR by EVANS,ANDREW",2,three pointer,missed,rhodes,"evans,andrew",,"['mccloud,alton', 'moore,myles', 'clark,ethan', 'hirsh,elijah']","['de,nick', 'weatherford,mitch', 'evans,andrew', 'giroux,preston', 'samson,vaughn', 'swift,dj']",451
897,0864,Rhodes,Berry,1,102-114,"59,55","54,48",7-6; 1-1 SAA,5-8; 0-2 SAA,N/A,N/A,01/05/18,8:00 PM,N/A,"Memphis, Tenn.",Win,2,False,127,False,--,"REBOUND DEF by CLARK,ETHAN",79,,93 ,,,,"REBOUND DEF by CLARK,ETHAN",2,defensive rebound,,berry,"clark,ethan",,"['mccloud,alton', 'moore,myles', 'clark,ethan', 'hirsh,elijah']","['de,nick', 'weatherford,mitch', 'evans,andrew', 'giroux,preston', 'samson,vaughn', 'swift,dj']",
898,0864,Rhodes,Berry,1,102-114,"59,55","54,48",7-6; 1-1 SAA,5-8; 0-2 SAA,N/A,N/A,01/05/18,8:00 PM,N/A,"Memphis, Tenn.",Win,2,False,127,False,07:19,"GOOD LAYUP by HIRSH,ELIJAH(fastbreak)(in the paint)",81,,93 ,,BCM 81-93 (-12),,"GOOD LAYUP by HIRSH,ELIJAH(fastbreak)(in the paint)",2,layup,good,berry,"hirsh,elijah(fastbreak)",2,"['mccloud,alton', 'moore,myles', 'clark,ethan', 'hirsh,elijah']","['de,nick', 'weatherford,mitch', 'evans,andrew', 'giroux,preston', 'samson,vaughn', 'swift,dj']",439
899,0864,Rhodes,Berry,1,102-114,"59,55","54,48",7-6; 1-1 SAA,5-8; 0-2 SAA,N/A,N/A,01/05/18,8:00 PM,N/A,"Memphis, Tenn.",Win,2,False,127,False,--,"ASSIST  by MOORE,MYLES",81,,93 ,,,,"ASSIST  by MOORE,MYLES",2,assist,,berry,"moore,myles",,"['mccloud,alton', 'moore,myles', 'clark,ethan', 'hirsh,elijah']","['de,nick', 'weatherford,mitch', 'evans,andrew', 'giroux,preston', 'samson,vaughn', 'swift,dj']",
900,0864,Rhodes,Berry,1,102-114,"59,55","54,48",7-6; 1-1 SAA,5-8; 0-2 SAA,N/A,N/A,01/05/18,8:00 PM,N/A,"Memphis, Tenn.",Win,2,False,127,False,07:09,,81,,93 ,TIMEOUT 20SEC by TEAM,,,TIMEOUT 20SEC by TEAM,2,timeout,,rhodes,,,"['mccloud,alton', 'moore,myles', 'clark,ethan', 'hirsh,elijah']","['de,nick', 'weatherford,mitch', 'evans,andrew', 'giroux,preston', 'samson,vaughn', 'swift,dj']",429
901,0864,Rhodes,Berry,1,102-114,"59,55","54,48",7-6; 1-1 SAA,5-8; 0-2 SAA,N/A,N/A,01/05/18,8:00 PM,N/A,"Memphis, Tenn.",Win,2,False,127,False,07:09,"SUB IN by MARDER,NICK",81,,93 ,,,,"SUB IN by MARDER,NICK",2,subbing in,,berry,"marder,nick",,"['mccloud,alton', 'moore,myles', 'clark,ethan', 'hirsh,elijah', 'marder,nick']","['de,nick', 'weatherford,mitch', 'evans,andrew', 'giroux,preston', 'samson,vaughn', 'swift,dj']",429
902,0864,Rhodes,Berry,1,102-114,"59,55","54,48",7-6; 1-1 SAA,5-8; 0-2 SAA,N/A,N/A,01/05/18,8:00 PM,N/A,"Memphis, Tenn.",Win,2,False,127,False,07:09,"SUB OUT by MOORE,MYLES",81,,93 ,,,,"SUB OUT by MOORE,MYLES",2,subbing out,,berry,"moore,myles",,"['mccloud,alton', 'clark,ethan', 'hirsh,elijah', 'marder,nick']","['de,nick', 'weatherford,mitch', 'evans,andrew', 'giroux,preston', 'samson,vaughn', 'swift,dj']",429
903,0864,Rhodes,Berry,1,102-114,"59,55","54,48",7-6; 1-1 SAA,5-8; 0-2 SAA,N/A,N/A,01/05/18,8:00 PM,N/A,"Memphis, Tenn.",Win,2,False,127,False,07:09,,81,,93 ,"SUB IN by LOVE,KERRY",,,"SUB IN by LOVE,KERRY",2,subbing in,,rhodes,"love,kerry",,"['mccloud,alton', 'clark,ethan', 'hirsh,elijah', 'marder,nick']","['de,nick', 'weatherford,mitch', 'evans,andrew', 'giroux,preston', 'samson,vaughn', 'swift,dj', 'love,kerry']",429
904,0864,Rhodes,Berry,1,102-114,"59,55","54,48",7-6; 1-1 SAA,5-8; 0-2 SAA,N/A,N/A,01/05/18,8:00 PM,N/A,"Memphis, Tenn.",Win,2,False,127,False,07:09,,81,,93 ,"SUB IN by ASHBY,KENDRICK",,,"SUB IN by ASHBY,KENDRICK",2,subbing in,,rhodes,"ashby,kendrick",,"['mccloud,alton', 'clark,ethan', 'hirsh,elijah', 'marder,nick']","['de,nick', 'weatherford,mitch', 'evans,andrew', 'giroux,preston', 'samson,vaughn', 'swift,dj', 'love,kerry', 'ashby,kendrick']",429
905,0864,Rhodes,Berry,1,102-114,"59,55","54,48",7-6; 1-1 SAA,5-8; 0-2 SAA,N/A,N/A,01/05/18,8:00 PM,N/A,"Memphis, Tenn.",Win,2,False,127,False,07:09,,81,,93 ,"SUB IN by FERIA,NICK DE",,,"SUB IN by FERIA,NICK DE",2,subbing in,,rhodes,"feria,nick de",,"['mccloud,alton', 'clark,ethan', 'hirsh,elijah', 'marder,nick']","['de,nick', 'weatherford,mitch', 'evans,andrew', 'giroux,preston', 'samson,vaughn', 'swift,dj', 'love,kerry', 'ashby,kendrick', 'feria,nick de']",429
906,0864,Rhodes,Berry,1,102-114,"59,55","54,48",7-6; 1-1 SAA,5-8; 0-2 SAA,N/A,N/A,01/05/18,8:00 PM,N/A,"Memphis, Tenn.",Win,2,False,127,False,07:09,,81,,93 ,"SUB IN by BERRY,BRYCE",,,"SUB IN by BERRY,BRYCE",2,subbing in,,rhodes,"berry,bryce",,"['mccloud,alton', 'clark,ethan', 'hirsh,elijah', 'marder,nick']","['de,nick', 'weatherford,mitch', 'evans,andrew', 'giroux,preston', 'samson,vaughn', 'swift,dj', 'love,kerry', 'ashby,kendrick', 'feria,nick de', 'berry,bryce']",429
907,0864,Rhodes,Berry,1,102-114,"59,55","54,48",7-6; 1-1 SAA,5-8; 0-2 SAA,N/A,N/A,01/05/18,8:00 PM,N/A,"Memphis, Tenn.",Win,2,False,127,False,07:09,,81,,93 ,"SUB IN by GRUBBS,COBY",,,"SUB IN by GRUBBS,COBY",2,subbing in,,rhodes,"grubbs,coby",,"['mccloud,alton', 'clark,ethan', 'hirsh,elijah', 'marder,nick']","['de,nick', 'weatherford,mitch', 'evans,andrew', 'giroux,preston', 'samson,vaughn', 'swift,dj', 'love,kerry', 'ashby,kendrick', 'feria,nick de', 'berry,bryce', 'grubbs,coby']",429
908,0864,Rhodes,Berry,1,102-114,"59,55","54,48",7-6; 1-1 SAA,5-8; 0-2 SAA,N/A,N/A,01/05/18,8:00 PM,N/A,"Memphis, Tenn.",Win,2,False,127,False,07:09,,81,,93 ,"SUB OUT by EVANS,ANDREW",,,"SUB OUT by EVANS,ANDREW",2,subbing out,,rhodes,"evans,andrew",,"['mccloud,alton', 'clark,ethan', 'hirsh,elijah', 'marder,nick']","['de,nick', 'weatherford,mitch', 'giroux,preston', 'samson,vaughn', 'swift,dj', 'love,kerry', 'ashby,kendrick', 'feria,nick de', 'berry,bryce', 'grubbs,coby']",429
909,0864,Rhodes,Berry,1,102-114,"59,55","54,48",7-6; 1-1 SAA,5-8; 0-2 SAA,N/A,N/A,01/05/18,8:00 PM,N/A,"Memphis, Tenn.",Win,2,False,127,False,07:09,,81,,93 ,"SUB OUT by GIROUX,PRESTON",,,"SUB OUT by GIROUX,PRESTON",2,subbing out,,rhodes,"giroux,preston",,"['mccloud,alton', 'clark,ethan', 'hirsh,elijah', 'marder,nick']","['de,nick', 'weatherford,mitch', 'samson,vaughn', 'swift,dj', 'love,kerry', 'ashby,kendrick', 'feria,nick de', 'berry,bryce', 'grubbs,coby']",429
910,0864,Rhodes,Berry,1,102-114,"59,55","54,48",7-6; 1-1 SAA,5-8; 0-2 SAA,N/A,N/A,01/05/18,8:00 PM,N/A,"Memphis, Tenn.",Win,2,False,127,False,07:09,,81,,93 ,"SUB OUT by SAMSON,VAUGHN",,,"SUB OUT by SAMSON,VAUGHN",2,subbing out,,rhodes,"samson,vaughn",,"['mccloud,alton', 'clark,ethan', 'hirsh,elijah', 'marder,nick']","['de,nick', 'weatherford,mitch', 'swift,dj', 'love,kerry', 'ashby,kendrick', 'feria,nick de', 'berry,bryce', 'grubbs,coby']",429
911,0864,Rhodes,Berry,1,102-114,"59,55","54,48",7-6; 1-1 SAA,5-8; 0-2 SAA,N/A,N/A,01/05/18,8:00 PM,N/A,"Memphis, Tenn.",Win,2,False,127,False,07:09,,81,,93 ,"SUB OUT by SWIFT,DJ",,,"SUB OUT by SWIFT,DJ",2,subbing out,,rhodes,"swift,dj",,"['mccloud,alton', 'clark,ethan', 'hirsh,elijah', 'marder,nick']","['de,nick', 'weatherford,mitch', 'love,kerry', 'ashby,kendrick', 'feria,nick de', 'berry,bryce', 'grubbs,coby']",429
912,0864,Rhodes,Berry,1,102-114,"59,55","54,48",7-6; 1-1 SAA,5-8; 0-2 SAA,N/A,N/A,01/05/18,8:00 PM,N/A,"Memphis, Tenn.",Win,2,False,127,False,07:09,,81,,93 ,"SUB OUT by WEATHERFORD,MITCH",,,"SUB OUT by WEATHERFORD,MITCH",2,subbing out,,rhodes,"weatherford,mitch",,"['mccloud,alton', 'clark,ethan', 'hirsh,elijah', 'marder,nick']","['de,nick', 'love,kerry', 'ashby,kendrick', 'feria,nick de', 'berry,bryce', 'grubbs,coby']",429
913,0864,Rhodes,Berry,1,102-114,"59,55","54,48",7-6; 1-1 SAA,5-8; 0-2 SAA,N/A,N/A,01/05/18,8:00 PM,N/A,"Memphis, Tenn.",Win,2,False,127,False,07:00,,81,,93 ,"TURNOVER  by LOVE,KERRY",,,"TURNOVER  by LOVE,KERRY",2,turnover,,rhodes,"love,kerry",,"['mccloud,alton', 'clark,ethan', 'hirsh,elijah', 'marder,nick']","['de,nick', 'love,kerry', 'ashby,kendrick', 'feria,nick de', 'berry,bryce', 'grubbs,coby']",420
914,0864,Rhodes,Berry,1,102-114,"59,55","54,48",7-6; 1-1 SAA,5-8; 0-2 SAA,N/A,N/A,01/05/18,8:00 PM,N/A,"Memphis, Tenn.",Win,2,False,127,False,06:58,"STEAL  by HIRSH,ELIJAH",81,,93 ,,,,"STEAL  by HIRSH,ELIJAH",2,steal,,berry,,,"['mccloud,alton', 'clark,ethan', 'hirsh,elijah', 'marder,nick']","['de,nick', 'love,kerry', 'ashby,kendrick', 'feria,nick de', 'berry,bryce', 'grubbs,coby']",418
915,0864,Rhodes,Berry,1,102-114,"59,55","54,48",7-6; 1-1 SAA,5-8; 0-2 SAA,N/A,N/A,01/05/18,8:00 PM,N/A,"Memphis, Tenn.",Win,2,False,127,False,06:55,"MISS JUMPER by HIRSH,ELIJAH",81,,93 ,,,,"MISS JUMPER by HIRSH,ELIJAH",2,jumper,missed,berry,"hirsh,elijah",,"['mccloud,alton', 'clark,ethan', 'hirsh,elijah', 'marder,nick']","['de,nick', 'love,kerry', 'ashby,kendrick', 'feria,nick de', 'berry,bryce', 'grubbs,coby']",415
916,0864,Rhodes,Berry,1,102-114,"59,55","54,48",7-6; 1-1 SAA,5-8; 0-2 SAA,N/A,N/A,01/05/18,8:00 PM,N/A,"Memphis, Tenn.",Win,2,False,127,False,06:55,,81,,93 ,"BLOCK  by BERRY,BRYCE",,,"BLOCK  by BERRY,BRYCE",2,block,,rhodes,"berry,bryce",,"['mccloud,alton', 'clark,ethan', 'hirsh,elijah', 'marder,nick']","['de,nick', 'love,kerry', 'ashby,kendrick', 'feria,nick de', 'berry,bryce', 'grubbs,coby']",415
917,0864,Rhodes,Berry,1,102-114,"59,55","54,48",7-6; 1-1 SAA,5-8; 0-2 SAA,N/A,N/A,01/05/18,8:00 PM,N/A,"Memphis, Tenn.",Win,2,False,127,False,--,"REBOUND OFF by CLARK,ETHAN",81,,93 ,,,,"REBOUND OFF by CLARK,ETHAN",2,offensive rebound,,berry,"clark,ethan",,"['mccloud,alton', 'clark,ethan', 'hirsh,elijah', 'marder,nick']","['de,nick', 'love,kerry', 'ashby,kendrick', 'feria,nick de', 'berry,bryce', 'grubbs,coby']",
918,0864,Rhodes,Berry,1,102-114,"59,55","54,48",7-6; 1-1 SAA,5-8; 0-2 SAA,N/A,N/A,01/05/18,8:00 PM,N/A,"Memphis, Tenn.",Win,2,False,127,False,06:47,"GOOD 3PTR by CLARK,ETHAN",84,,93 ,,BCM 84-93 (-9),,"GOOD 3PTR by CLARK,ETHAN",2,three pointer,good,berry,"clark,ethan",3,"['mccloud,alton', 'clark,ethan', 'hirsh,elijah', 'marder,nick']","['de,nick', 'love,kerry', 'ashby,kendrick', 'feria,nick de', 'berry,bryce', 'grubbs,coby']",407
919,0864,Rhodes,Berry,1,102-114,"59,55","54,48",7-6; 1-1 SAA,5-8; 0-2 SAA,N/A,N/A,01/05/18,8:00 PM,N/A,"Memphis, Tenn.",Win,2,False,127,False,06:43,,84,,93 ,"SUB IN by GALVIN,OWEN",,,"SUB IN by GALVIN,OWEN",2,subbing in,,rhodes,"galvin,owen",,"['mccloud,alton', 'clark,ethan', 'hirsh,elijah', 'marder,nick']","['de,nick', 'love,kerry', 'ashby,kendrick', 'feria,nick de', 'berry,bryce', 'grubbs,coby', 'galvin,owen']",403
920,0864,Rhodes,Berry,1,102-114,"59,55","54,48",7-6; 1-1 SAA,5-8; 0-2 SAA,N/A,N/A,01/05/18,8:00 PM,N/A,"Memphis, Tenn.",Win,2,False,127,False,06:43,,84,,93 ,"SUB IN by MCINTYRE,WILLIAM",,,"SUB IN by MCINTYRE,WILLIAM",2,subbing in,,rhodes,"mcintyre,william",,"['mccloud,alton', 'clark,ethan', 'hirsh,elijah', 'marder,nick']","['de,nick', 'love,kerry', 'ashby,kendrick', 'feria,nick de', 'berry,bryce', 'grubbs,coby', 'galvin,owen', 'mcintyre,william']",403
921,0864,Rhodes,Berry,1,102-114,"59,55","54,48",7-6; 1-1 SAA,5-8; 0-2 SAA,N/A,N/A,01/05/18,8:00 PM,N/A,"Memphis, Tenn.",Win,2,False,127,False,06:43,,84,,93 ,"SUB IN by NESTLEHUTT,JAKE",,,"SUB IN by NESTLEHUTT,JAKE",2,subbing in,,rhodes,"nestlehutt,jake",,"['mccloud,alton', 'clark,ethan', 'hirsh,elijah', 'marder,nick']","['de,nick', 'love,kerry', 'ashby,kendrick', 'feria,nick de', 'berry,bryce', 'grubbs,coby', 'galvin,owen', 'mcintyre,william', 'nestlehutt,jake']",403
922,0864,Rhodes,Berry,1,102-114,"59,55","54,48",7-6; 1-1 SAA,5-8; 0-2 SAA,N/A,N/A,01/05/18,8:00 PM,N/A,"Memphis, Tenn.",Win,2,False,127,False,06:43,,84,,93 ,"SUB IN by NYAWATA,ANESU",,,"SUB IN by NYAWATA,ANESU",2,subbing in,,rhodes,"nyawata,anesu",,"['mccloud,alton', 'clark,ethan', 'hirsh,elijah', 'marder,nick']","['de,nick', 'love,kerry', 'ashby,kendrick', 'feria,nick de', 'berry,bryce', 'grubbs,coby', 'galvin,owen', 'mcintyre,william', 'nestlehutt,jake', 'nyawata,anesu']",403
923,0864,Rhodes,Berry,1,102-114,"59,55","54,48",7-6; 1-1 SAA,5-8; 0-2 SAA,N/A,N/A,01/05/18,8:00 PM,N/A,"Memphis, Tenn.",Win,2,False,127,False,06:43,,84,,93 ,"SUB IN by DALTON,PRICE",,,"SUB IN by DALTON,PRICE",2,subbing in,,rhodes,"dalton,price",,"['mccloud,alton', 'clark,ethan', 'hirsh,elijah', 'marder,nick']","['de,nick', 'love,kerry', 'ashby,kendrick', 'feria,nick de', 'berry,bryce', 'grubbs,coby', 'galvin,owen', 'mcintyre,william', 'nestlehutt,jake', 'nyawata,anesu', 'dalton,price']",403
924,0864,Rhodes,Berry,1,102-114,"59,55","54,48",7-6; 1-1 SAA,5-8; 0-2 SAA,N/A,N/A,01/05/18,8:00 PM,N/A,"Memphis, Tenn.",Win,2,False,127,False,06:43,,84,,93 ,"SUB OUT by LOVE,KERRY",,,"SUB OUT by LOVE,KERRY",2,subbing out,,rhodes,"love,kerry",,"['mccloud,alton', 'clark,ethan', 'hirsh,elijah', 'marder,nick']","['de,nick', 'ashby,kendrick', 'feria,nick de', 'berry,bryce', 'grubbs,coby', 'galvin,owen', 'mcintyre,william', 'nestlehutt,jake', 'nyawata,anesu', 'dalton,price']",403
925,0864,Rhodes,Berry,1,102-114,"59,55","54,48",7-6; 1-1 SAA,5-8; 0-2 SAA,N/A,N/A,01/05/18,8:00 PM,N/A,"Memphis, Tenn.",Win,2,False,127,False,06:43,,84,,93 ,"SUB OUT by ASHBY,KENDRICK",,,"SUB OUT by ASHBY,KENDRICK",2,subbing out,,rhodes,"ashby,kendrick",,"['mccloud,alton', 'clark,ethan', 'hirsh,elijah', 'marder,nick']","['de,nick', 'feria,nick de', 'berry,bryce', 'grubbs,coby', 'galvin,owen', 'mcintyre,william', 'nestlehutt,jake', 'nyawata,anesu', 'dalton,price']",403
926,0864,Rhodes,Berry,1,102-114,"59,55","54,48",7-6; 1-1 SAA,5-8; 0-2 SAA,N/A,N/A,01/05/18,8:00 PM,N/A,"Memphis, Tenn.",Win,2,False,127,False,06:43,,84,,93 ,"SUB OUT by FERIA,NICK DE",,,"SUB OUT by FERIA,NICK DE",2,subbing out,,rhodes,"feria,nick de",,"['mccloud,alton', 'clark,ethan', 'hirsh,elijah', 'marder,nick']","['de,nick', 'berry,bryce', 'grubbs,coby', 'galvin,owen', 'mcintyre,william', 'nestlehutt,jake', 'nyawata,anesu', 'dalton,price']",403
927,0864,Rhodes,Berry,1,102-114,"59,55","54,48",7-6; 1-1 SAA,5-8; 0-2 SAA,N/A,N/A,01/05/18,8:00 PM,N/A,"Memphis, Tenn.",Win,2,False,127,False,06:43,,84,,93 ,"SUB OUT by BERRY,BRYCE",,,"SUB OUT by BERRY,BRYCE",2,subbing out,,rhodes,"berry,bryce",,"['mccloud,alton', 'clark,ethan', 'hirsh,elijah', 'marder,nick']","['de,nick', 'grubbs,coby', 'galvin,owen', 'mcintyre,william', 'nestlehutt,jake', 'nyawata,anesu', 'dalton,price']",403
928,0864,Rhodes,Berry,1,102-114,"59,55","54,48",7-6; 1-1 SAA,5-8; 0-2 SAA,N/A,N/A,01/05/18,8:00 PM,N/A,"Memphis, Tenn.",Win,2,False,127,False,06:43,,84,,93 ,"SUB OUT by GRUBBS,COBY",,,"SUB OUT by GRUBBS,COBY",2,subbing out,,rhodes,"grubbs,coby",,"['mccloud,alton', 'clark,ethan', 'hirsh,elijah', 'marder,nick']","['de,nick', 'galvin,owen', 'mcintyre,william', 'nestlehutt,jake', 'nyawata,anesu', 'dalton,price']",403
929,0864,Rhodes,Berry,1,102-114,"59,55","54,48",7-6; 1-1 SAA,5-8; 0-2 SAA,N/A,N/A,01/05/18,8:00 PM,N/A,"Memphis, Tenn.",Win,2,False,127,False,06:29,,84,,93 ,"TURNOVER  by GALVIN,OWEN",,,"TURNOVER  by GALVIN,OWEN",2,turnover,,rhodes,"galvin,owen",,"['mccloud,alton', 'clark,ethan', 'hirsh,elijah', 'marder,nick']","['de,nick', 'galvin,owen', 'mcintyre,william', 'nestlehutt,jake', 'nyawata,anesu', 'dalton,price']",389
930,0864,Rhodes,Berry,1,102-114,"59,55","54,48",7-6; 1-1 SAA,5-8; 0-2 SAA,N/A,N/A,01/05/18,8:00 PM,N/A,"Memphis, Tenn.",Win,2,False,127,False,06:28,"STEAL  by MCCLOUD,ALTON",84,,93 ,,,,"STEAL  by MCCLOUD,ALTON",2,steal,,berry,,,"['mccloud,alton', 'clark,ethan', 'hirsh,elijah', 'marder,nick']","['de,nick', 'galvin,owen', 'mcintyre,william', 'nestlehutt,jake', 'nyawata,anesu', 'dalton,price']",388
931,0864,Rhodes,Berry,1,102-114,"59,55","54,48",7-6; 1-1 SAA,5-8; 0-2 SAA,N/A,N/A,01/05/18,8:00 PM,N/A,"Memphis, Tenn.",Win,2,False,127,False,06:26,"GOOD LAYUP by MCCLOUD,ALTON(fastbreak)(in the paint)",86,,93 ,,BCM 86-93 (-7),,"GOOD LAYUP by MCCLOUD,ALTON(fastbreak)(in the paint)",2,layup,good,berry,"mccloud,alton(fastbreak)",2,"['mccloud,alton', 'clark,ethan', 'hirsh,elijah', 'marder,nick']","['de,nick', 'galvin,owen', 'mcintyre,william', 'nestlehutt,jake', 'nyawata,anesu', 'dalton,price']",386
932,0864,Rhodes,Berry,1,102-114,"59,55","54,48",7-6; 1-1 SAA,5-8; 0-2 SAA,N/A,N/A,01/05/18,8:00 PM,N/A,"Memphis, Tenn.",Win,2,False,127,False,06:11,,86,,93 ,"MISS 3PTR by NESTLEHUTT,JAKE",,,"MISS 3PTR by NESTLEHUTT,JAKE",2,three pointer,missed,rhodes,"nestlehutt,jake",,"['mccloud,alton', 'clark,ethan', 'hirsh,elijah', 'marder,nick']","['de,nick', 'galvin,owen', 'mcintyre,william', 'nestlehutt,jake', 'nyawata,anesu', 'dalton,price']",371
933,0864,Rhodes,Berry,1,102-114,"59,55","54,48",7-6; 1-1 SAA,5-8; 0-2 SAA,N/A,N/A,01/05/18,8:00 PM,N/A,"Memphis, Tenn.",Win,2,False,127,False,--,,86,,93 ,"REBOUND OFF by NYAWATA,ANESU",,,"REBOUND OFF by NYAWATA,ANESU",2,offensive rebound,,rhodes,"nyawata,anesu",,"['mccloud,alton', 'clark,ethan', 'hirsh,elijah', 'marder,nick']","['de,nick', 'galvin,owen', 'mcintyre,william', 'nestlehutt,jake', 'nyawata,anesu', 'dalton,price']",
934,0864,Rhodes,Berry,1,102-114,"59,55","54,48",7-6; 1-1 SAA,5-8; 0-2 SAA,N/A,N/A,01/05/18,8:00 PM,N/A,"Memphis, Tenn.",Win,2,False,127,False,05:55,,86,,93 ,"MISS 3PTR by MCINTYRE,WILLIAM",,,"MISS 3PTR by MCINTYRE,WILLIAM",2,three pointer,missed,rhodes,"mcintyre,william",,"['mccloud,alton', 'clark,ethan', 'hirsh,elijah', 'marder,nick']","['de,nick', 'galvin,owen', 'mcintyre,william', 'nestlehutt,jake', 'nyawata,anesu', 'dalton,price']",355
935,0864,Rhodes,Berry,1,102-114,"59,55","54,48",7-6; 1-1 SAA,5-8; 0-2 SAA,N/A,N/A,01/05/18,8:00 PM,N/A,"Memphis, Tenn.",Win,2,False,127,False,--,REBOUND DEF by TEAM,86,,93 ,,,,REBOUND DEF by TEAM,2,defensive rebound,,berry,,,"['mccloud,alton', 'clark,ethan', 'hirsh,elijah', 'marder,nick']","['de,nick', 'galvin,owen', 'mcintyre,william', 'nestlehutt,jake', 'nyawata,anesu', 'dalton,price']",
936,0864,Rhodes,Berry,1,102-114,"59,55","54,48",7-6; 1-1 SAA,5-8; 0-2 SAA,N/A,N/A,01/05/18,8:00 PM,N/A,"Memphis, Tenn.",Win,2,False,127,False,05:48,"SUB IN by MOORE,MYLES",86,,93 ,,,,"SUB IN by MOORE,MYLES",2,subbing in,,berry,"moore,myles",,"['mccloud,alton', 'clark,ethan', 'hirsh,elijah', 'marder,nick', 'moore,myles']","['de,nick', 'galvin,owen', 'mcintyre,william', 'nestlehutt,jake', 'nyawata,anesu', 'dalton,price']",348
937,0864,Rhodes,Berry,1,102-114,"59,55","54,48",7-6; 1-1 SAA,5-8; 0-2 SAA,N/A,N/A,01/05/18,8:00 PM,N/A,"Memphis, Tenn.",Win,2,False,127,False,05:48,"SUB OUT by MARDER,NICK",86,,93 ,,,,"SUB OUT by MARDER,NICK",2,subbing out,,berry,"marder,nick",,"['mccloud,alton', 'clark,ethan', 'hirsh,elijah', 'moore,myles']","['de,nick', 'galvin,owen', 'mcintyre,william', 'nestlehutt,jake', 'nyawata,anesu', 'dalton,price']",348
938,0864,Rhodes,Berry,1,102-114,"59,55","54,48",7-6; 1-1 SAA,5-8; 0-2 SAA,N/A,N/A,01/05/18,8:00 PM,N/A,"Memphis, Tenn.",Win,2,False,127,False,05:48,,86,,93 ,"SUB IN by EVANS,ANDREW",,,"SUB IN by EVANS,ANDREW",2,subbing in,,rhodes,"evans,andrew",,"['mccloud,alton', 'clark,ethan', 'hirsh,elijah', 'moore,myles']","['de,nick', 'galvin,owen', 'mcintyre,william', 'nestlehutt,jake', 'nyawata,anesu', 'dalton,price', 'evans,andrew']",348
939,0864,Rhodes,Berry,1,102-114,"59,55","54,48",7-6; 1-1 SAA,5-8; 0-2 SAA,N/A,N/A,01/05/18,8:00 PM,N/A,"Memphis, Tenn.",Win,2,False,127,False,05:48,,86,,93 ,"SUB IN by GIROUX,PRESTON",,,"SUB IN by GIROUX,PRESTON",2,subbing in,,rhodes,"giroux,preston",,"['mccloud,alton', 'clark,ethan', 'hirsh,elijah', 'moore,myles']","['de,nick', 'galvin,owen', 'mcintyre,william', 'nestlehutt,jake', 'nyawata,anesu', 'dalton,price', 'evans,andrew', 'giroux,preston']",348
940,0864,Rhodes,Berry,1,102-114,"59,55","54,48",7-6; 1-1 SAA,5-8; 0-2 SAA,N/A,N/A,01/05/18,8:00 PM,N/A,"Memphis, Tenn.",Win,2,False,127,False,05:48,,86,,93 ,"SUB IN by SAMSON,VAUGHN",,,"SUB IN by SAMSON,VAUGHN",2,subbing in,,rhodes,"samson,vaughn",,"['mccloud,alton', 'clark,ethan', 'hirsh,elijah', 'moore,myles']","['de,nick', 'galvin,owen', 'mcintyre,william', 'nestlehutt,jake', 'nyawata,anesu', 'dalton,price', 'evans,andrew', 'giroux,preston', 'samson,vaughn']",348
941,0864,Rhodes,Berry,1,102-114,"59,55","54,48",7-6; 1-1 SAA,5-8; 0-2 SAA,N/A,N/A,01/05/18,8:00 PM,N/A,"Memphis, Tenn.",Win,2,False,127,False,05:48,,86,,93 ,"SUB IN by SWIFT,DJ",,,"SUB IN by SWIFT,DJ",2,subbing in,,rhodes,"swift,dj",,"['mccloud,alton', 'clark,ethan', 'hirsh,elijah', 'moore,myles']","['de,nick', 'galvin,owen', 'mcintyre,william', 'nestlehutt,jake', 'nyawata,anesu', 'dalton,price', 'evans,andrew', 'giroux,preston', 'samson,vaughn', 'swift,dj']",348
942,0864,Rhodes,Berry,1,102-114,"59,55","54,48",7-6; 1-1 SAA,5-8; 0-2 SAA,N/A,N/A,01/05/18,8:00 PM,N/A,"Memphis, Tenn.",Win,2,False,127,False,05:48,,86,,93 ,"SUB IN by WEATHERFORD,MITCH",,,"SUB IN by WEATHERFORD,MITCH",2,subbing in,,rhodes,"weatherford,mitch",,"['mccloud,alton', 'clark,ethan', 'hirsh,elijah', 'moore,myles']","['de,nick', 'galvin,owen', 'mcintyre,william', 'nestlehutt,jake', 'nyawata,anesu', 'dalton,price', 'evans,andrew', 'giroux,preston', 'samson,vaughn', 'swift,dj', 'weatherford,mitch']",348
943,0864,Rhodes,Berry,1,102-114,"59,55","54,48",7-6; 1-1 SAA,5-8; 0-2 SAA,N/A,N/A,01/05/18,8:00 PM,N/A,"Memphis, Tenn.",Win,2,False,127,False,05:48,,86,,93 ,"SUB OUT by GALVIN,OWEN",,,"SUB OUT by GALVIN,OWEN",2,subbing out,,rhodes,"galvin,owen",,"['mccloud,alton', 'clark,ethan', 'hirsh,elijah', 'moore,myles']","['de,nick', 'mcintyre,william', 'nestlehutt,jake', 'nyawata,anesu', 'dalton,price', 'evans,andrew', 'giroux,preston', 'samson,vaughn', 'swift,dj', 'weatherford,mitch']",348
944,0864,Rhodes,Berry,1,102-114,"59,55","54,48",7-6; 1-1 SAA,5-8; 0-2 SAA,N/A,N/A,01/05/18,8:00 PM,N/A,"Memphis, Tenn.",Win,2,False,127,False,05:48,,86,,93 ,"SUB OUT by MCINTYRE,WILLIAM",,,"SUB OUT by MCINTYRE,WILLIAM",2,subbing out,,rhodes,"mcintyre,william",,"['mccloud,alton', 'clark,ethan', 'hirsh,elijah', 'moore,myles']","['de,nick', 'nestlehutt,jake', 'nyawata,anesu', 'dalton,price', 'evans,andrew', 'giroux,preston', 'samson,vaughn', 'swift,dj', 'weatherford,mitch']",348
945,0864,Rhodes,Berry,1,102-114,"59,55","54,48",7-6; 1-1 SAA,5-8; 0-2 SAA,N/A,N/A,01/05/18,8:00 PM,N/A,"Memphis, Tenn.",Win,2,False,127,False,05:48,,86,,93 ,"SUB OUT by NESTLEHUTT,JAKE",,,"SUB OUT by NESTLEHUTT,JAKE",2,subbing out,,rhodes,"nestlehutt,jake",,"['mccloud,alton', 'clark,ethan', 'hirsh,elijah', 'moore,myles']","['de,nick', 'nyawata,anesu', 'dalton,price', 'evans,andrew', 'giroux,preston', 'samson,vaughn', 'swift,dj', 'weatherford,mitch']",348
946,0864,Rhodes,Berry,1,102-114,"59,55","54,48",7-6; 1-1 SAA,5-8; 0-2 SAA,N/A,N/A,01/05/18,8:00 PM,N/A,"Memphis, Tenn.",Win,2,False,127,False,05:48,,86,,93 ,"SUB OUT by NYAWATA,ANESU",,,"SUB OUT by NYAWATA,ANESU",2,subbing out,,rhodes,"nyawata,anesu",,"['mccloud,alton', 'clark,ethan', 'hirsh,elijah', 'moore,myles']","['de,nick', 'dalton,price', 'evans,andrew', 'giroux,preston', 'samson,vaughn', 'swift,dj', 'weatherford,mitch']",348
947,0864,Rhodes,Berry,1,102-114,"59,55","54,48",7-6; 1-1 SAA,5-8; 0-2 SAA,N/A,N/A,01/05/18,8:00 PM,N/A,"Memphis, Tenn.",Win,2,False,127,False,05:48,,86,,93 ,"SUB OUT by DALTON,PRICE",,,"SUB OUT by DALTON,PRICE",2,subbing out,,rhodes,"dalton,price",,"['mccloud,alton', 'clark,ethan', 'hirsh,elijah', 'moore,myles']","['de,nick', 'evans,andrew', 'giroux,preston', 'samson,vaughn', 'swift,dj', 'weatherford,mitch']",348
948,0864,Rhodes,Berry,1,102-114,"59,55","54,48",7-6; 1-1 SAA,5-8; 0-2 SAA,N/A,N/A,01/05/18,8:00 PM,N/A,"Memphis, Tenn.",Win,2,False,127,False,05:41,"GOOD LAYUP by HIRSH,ELIJAH(fastbreak)(in the paint)",88,,93 ,,BCM 88-93 (-5),,"GOOD LAYUP by HIRSH,ELIJAH(fastbreak)(in the paint)",2,layup,good,berry,"hirsh,elijah(fastbreak)",2,"['mccloud,alton', 'clark,ethan', 'hirsh,elijah', 'moore,myles']","['de,nick', 'evans,andrew', 'giroux,preston', 'samson,vaughn', 'swift,dj', 'weatherford,mitch']",341
949,0864,Rhodes,Berry,1,102-114,"59,55","54,48",7-6; 1-1 SAA,5-8; 0-2 SAA,N/A,N/A,01/05/18,8:00 PM,N/A,"Memphis, Tenn.",Win,2,False,127,False,--,"ASSIST  by MOORE,MYLES",88,,93 ,,,,"ASSIST  by MOORE,MYLES",2,assist,,berry,"moore,myles",,"['mccloud,alton', 'clark,ethan', 'hirsh,elijah', 'moore,myles']","['de,nick', 'evans,andrew', 'giroux,preston', 'samson,vaughn', 'swift,dj', 'weatherford,mitch']",
950,0864,Rhodes,Berry,1,102-114,"59,55","54,48",7-6; 1-1 SAA,5-8; 0-2 SAA,N/A,N/A,01/05/18,8:00 PM,N/A,"Memphis, Tenn.",Win,2,False,127,False,05:31,"FOUL  by JOHNSON,CALEB",88,,93 ,,,,"FOUL  by JOHNSON,CALEB",2,foul,,berry,"johnson,caleb",,"['mccloud,alton', 'clark,ethan', 'hirsh,elijah', 'moore,myles']","['de,nick', 'evans,andrew', 'giroux,preston', 'samson,vaughn', 'swift,dj', 'weatherford,mitch']",331
951,0864,Rhodes,Berry,1,102-114,"59,55","54,48",7-6; 1-1 SAA,5-8; 0-2 SAA,N/A,N/A,01/05/18,8:00 PM,N/A,"Memphis, Tenn.",Win,2,False,127,False,05:31,,88,,93 ,"SUB IN by ASHBY,KENDRICK",,,"SUB IN by ASHBY,KENDRICK",2,subbing in,,rhodes,"ashby,kendrick",,"['mccloud,alton', 'clark,ethan', 'hirsh,elijah', 'moore,myles']","['de,nick', 'evans,andrew', 'giroux,preston', 'samson,vaughn', 'swift,dj', 'weatherford,mitch', 'ashby,kendrick']",331
952,0864,Rhodes,Berry,1,102-114,"59,55","54,48",7-6; 1-1 SAA,5-8; 0-2 SAA,N/A,N/A,01/05/18,8:00 PM,N/A,"Memphis, Tenn.",Win,2,False,127,False,05:31,,88,,93 ,"SUB IN by FERIA,NICK DE",,,"SUB IN by FERIA,NICK DE",2,subbing in,,rhodes,"feria,nick de",,"['mccloud,alton', 'clark,ethan', 'hirsh,elijah', 'moore,myles']","['de,nick', 'evans,andrew', 'giroux,preston', 'samson,vaughn', 'swift,dj', 'weatherford,mitch', 'ashby,kendrick', 'feria,nick de']",331
953,0864,Rhodes,Berry,1,102-114,"59,55","54,48",7-6; 1-1 SAA,5-8; 0-2 SAA,N/A,N/A,01/05/18,8:00 PM,N/A,"Memphis, Tenn.",Win,2,False,127,False,05:31,,88,,93 ,"SUB IN by NYAWATA,ANESU",,,"SUB IN by NYAWATA,ANESU",2,subbing in,,rhodes,"nyawata,anesu",,"['mccloud,alton', 'clark,ethan', 'hirsh,elijah', 'moore,myles']","['de,nick', 'evans,andrew', 'giroux,preston', 'samson,vaughn', 'swift,dj', 'weatherford,mitch', 'ashby,kendrick', 'feria,nick de', 'nyawata,anesu']",331
954,0864,Rhodes,Berry,1,102-114,"59,55","54,48",7-6; 1-1 SAA,5-8; 0-2 SAA,N/A,N/A,01/05/18,8:00 PM,N/A,"Memphis, Tenn.",Win,2,False,127,False,05:31,,88,,93 ,"SUB IN by DARST,DANIEL",,,"SUB IN by DARST,DANIEL",2,subbing in,,rhodes,"darst,daniel",,"['mccloud,alton', 'clark,ethan', 'hirsh,elijah', 'moore,myles']","['de,nick', 'evans,andrew', 'giroux,preston', 'samson,vaughn', 'swift,dj', 'weatherford,mitch', 'ashby,kendrick', 'feria,nick de', 'nyawata,anesu', 'darst,daniel']",331
955,0864,Rhodes,Berry,1,102-114,"59,55","54,48",7-6; 1-1 SAA,5-8; 0-2 SAA,N/A,N/A,01/05/18,8:00 PM,N/A,"Memphis, Tenn.",Win,2,False,127,False,05:31,,88,,93 ,"SUB IN by BERRY,BRYCE",,,"SUB IN by BERRY,BRYCE",2,subbing in,,rhodes,"berry,bryce",,"['mccloud,alton', 'clark,ethan', 'hirsh,elijah', 'moore,myles']","['de,nick', 'evans,andrew', 'giroux,preston', 'samson,vaughn', 'swift,dj', 'weatherford,mitch', 'ashby,kendrick', 'feria,nick de', 'nyawata,anesu', 'darst,daniel', 'berry,bryce']",331
956,0864,Rhodes,Berry,1,102-114,"59,55","54,48",7-6; 1-1 SAA,5-8; 0-2 SAA,N/A,N/A,01/05/18,8:00 PM,N/A,"Memphis, Tenn.",Win,2,False,127,False,05:31,,88,,93 ,"SUB OUT by EVANS,ANDREW",,,"SUB OUT by EVANS,ANDREW",2,subbing out,,rhodes,"evans,andrew",,"['mccloud,alton', 'clark,ethan', 'hirsh,elijah', 'moore,myles']","['de,nick', 'giroux,preston', 'samson,vaughn', 'swift,dj', 'weatherford,mitch', 'ashby,kendrick', 'feria,nick de', 'nyawata,anesu', 'darst,daniel', 'berry,bryce']",331
957,0864,Rhodes,Berry,1,102-114,"59,55","54,48",7-6; 1-1 SAA,5-8; 0-2 SAA,N/A,N/A,01/05/18,8:00 PM,N/A,"Memphis, Tenn.",Win,2,False,127,False,05:31,,88,,93 ,"SUB OUT by GIROUX,PRESTON",,,"SUB OUT by GIROUX,PRESTON",2,subbing out,,rhodes,"giroux,preston",,"['mccloud,alton', 'clark,ethan', 'hirsh,elijah', 'moore,myles']","['de,nick', 'samson,vaughn', 'swift,dj', 'weatherford,mitch', 'ashby,kendrick', 'feria,nick de', 'nyawata,anesu', 'darst,daniel', 'berry,bryce']",331
958,0864,Rhodes,Berry,1,102-114,"59,55","54,48",7-6; 1-1 SAA,5-8; 0-2 SAA,N/A,N/A,01/05/18,8:00 PM,N/A,"Memphis, Tenn.",Win,2,False,127,False,05:31,,88,,93 ,"SUB OUT by SAMSON,VAUGHN",,,"SUB OUT by SAMSON,VAUGHN",2,subbing out,,rhodes,"samson,vaughn",,"['mccloud,alton', 'clark,ethan', 'hirsh,elijah', 'moore,myles']","['de,nick', 'swift,dj', 'weatherford,mitch', 'ashby,kendrick', 'feria,nick de', 'nyawata,anesu', 'darst,daniel', 'berry,bryce']",331
959,0864,Rhodes,Berry,1,102-114,"59,55","54,48",7-6; 1-1 SAA,5-8; 0-2 SAA,N/A,N/A,01/05/18,8:00 PM,N/A,"Memphis, Tenn.",Win,2,False,127,False,05:31,,88,,93 ,"SUB OUT by SWIFT,DJ",,,"SUB OUT by SWIFT,DJ",2,subbing out,,rhodes,"swift,dj",,"['mccloud,alton', 'clark,ethan', 'hirsh,elijah', 'moore,myles']","['de,nick', 'weatherford,mitch', 'ashby,kendrick', 'feria,nick de', 'nyawata,anesu', 'darst,daniel', 'berry,bryce']",331
960,0864,Rhodes,Berry,1,102-114,"59,55","54,48",7-6; 1-1 SAA,5-8; 0-2 SAA,N/A,N/A,01/05/18,8:00 PM,N/A,"Memphis, Tenn.",Win,2,False,127,False,05:31,,88,,93 ,"SUB OUT by WEATHERFORD,MITCH",,,"SUB OUT by WEATHERFORD,MITCH",2,subbing out,,rhodes,"weatherford,mitch",,"['mccloud,alton', 'clark,ethan', 'hirsh,elijah', 'moore,myles']","['de,nick', 'ashby,kendrick', 'feria,nick de', 'nyawata,anesu', 'darst,daniel', 'berry,bryce']",331
961,0864,Rhodes,Berry,1,102-114,"59,55","54,48",7-6; 1-1 SAA,5-8; 0-2 SAA,N/A,N/A,01/05/18,8:00 PM,N/A,"Memphis, Tenn.",Win,2,False,127,False,05:20,"FOUL  by MCCLOUD,ALTON",88,,93 ,,,,"FOUL  by MCCLOUD,ALTON",2,foul,,berry,"mccloud,alton",,"['mccloud,alton', 'clark,ethan', 'hirsh,elijah', 'moore,myles']","['de,nick', 'ashby,kendrick', 'feria,nick de', 'nyawata,anesu', 'darst,daniel', 'berry,bryce']",320
962,0864,Rhodes,Berry,1,102-114,"59,55","54,48",7-6; 1-1 SAA,5-8; 0-2 SAA,N/A,N/A,01/05/18,8:00 PM,N/A,"Memphis, Tenn.",Win,2,False,127,False,05:20,,88,,94 ,"GOOD FT by DARST,DANIEL",RHODES 88-94 (-6),,"GOOD FT by DARST,DANIEL",2,free throw,good,rhodes,"darst,daniel",1,"['mccloud,alton', 'clark,ethan', 'hirsh,elijah', 'moore,myles']","['de,nick', 'ashby,kendrick', 'feria,nick de', 'nyawata,anesu', 'darst,daniel', 'berry,bryce']",320
963,0864,Rhodes,Berry,1,102-114,"59,55","54,48",7-6; 1-1 SAA,5-8; 0-2 SAA,N/A,N/A,01/05/18,8:00 PM,N/A,"Memphis, Tenn.",Win,2,False,127,False,05:20,,88,,95 ,"GOOD FT by DARST,DANIEL",RHODES 88-95 (-7),,"GOOD FT by DARST,DANIEL",2,free throw,good,rhodes,"darst,daniel",1,"['mccloud,alton', 'clark,ethan', 'hirsh,elijah', 'moore,myles']","['de,nick', 'ashby,kendrick', 'feria,nick de', 'nyawata,anesu', 'darst,daniel', 'berry,bryce']",320
964,0864,Rhodes,Berry,1,102-114,"59,55","54,48",7-6; 1-1 SAA,5-8; 0-2 SAA,N/A,N/A,01/05/18,8:00 PM,N/A,"Memphis, Tenn.",Win,2,False,127,False,05:17,"TURNOVER  by MCCLOUD,ALTON",88,,95 ,,,,"TURNOVER  by MCCLOUD,ALTON",2,turnover,,berry,"mccloud,alton",,"['mccloud,alton', 'clark,ethan', 'hirsh,elijah', 'moore,myles']","['de,nick', 'ashby,kendrick', 'feria,nick de', 'nyawata,anesu', 'darst,daniel', 'berry,bryce']",317
965,0864,Rhodes,Berry,1,102-114,"59,55","54,48",7-6; 1-1 SAA,5-8; 0-2 SAA,N/A,N/A,01/05/18,8:00 PM,N/A,"Memphis, Tenn.",Win,2,False,127,False,05:15,,88,,95 ,"STEAL  by FERIA,NICK DE",,,"STEAL  by FERIA,NICK DE",2,steal,,rhodes,,,"['mccloud,alton', 'clark,ethan', 'hirsh,elijah', 'moore,myles']","['de,nick', 'ashby,kendrick', 'feria,nick de', 'nyawata,anesu', 'darst,daniel', 'berry,bryce']",315
966,0864,Rhodes,Berry,1,102-114,"59,55","54,48",7-6; 1-1 SAA,5-8; 0-2 SAA,N/A,N/A,01/05/18,8:00 PM,N/A,"Memphis, Tenn.",Win,2,False,127,False,05:05,,88,,98 ,"GOOD 3PTR by DARST,DANIEL",RHODES 88-98 (-10),,"GOOD 3PTR by DARST,DANIEL",2,three pointer,good,rhodes,"darst,daniel",3,"['mccloud,alton', 'clark,ethan', 'hirsh,elijah', 'moore,myles']","['de,nick', 'ashby,kendrick', 'feria,nick de', 'nyawata,anesu', 'darst,daniel', 'berry,bryce']",305
967,0864,Rhodes,Berry,1,102-114,"59,55","54,48",7-6; 1-1 SAA,5-8; 0-2 SAA,N/A,N/A,01/05/18,8:00 PM,N/A,"Memphis, Tenn.",Win,2,False,127,False,--,,88,,98 ,"ASSIST  by FERIA,NICK DE",,,"ASSIST  by FERIA,NICK DE",2,assist,,rhodes,"feria,nick de",,"['mccloud,alton', 'clark,ethan', 'hirsh,elijah', 'moore,myles']","['de,nick', 'ashby,kendrick', 'feria,nick de', 'nyawata,anesu', 'darst,daniel', 'berry,bryce']",
968,0864,Rhodes,Berry,1,102-114,"59,55","54,48",7-6; 1-1 SAA,5-8; 0-2 SAA,N/A,N/A,01/05/18,8:00 PM,N/A,"Memphis, Tenn.",Win,2,False,127,False,04:56,TIMEOUT 30SEC by TEAM,88,,98 ,,,,TIMEOUT 30SEC by TEAM,2,timeout,,berry,,,"['mccloud,alton', 'clark,ethan', 'hirsh,elijah', 'moore,myles']","['de,nick', 'ashby,kendrick', 'feria,nick de', 'nyawata,anesu', 'darst,daniel', 'berry,bryce']",296
969,0864,Rhodes,Berry,1,102-114,"59,55","54,48",7-6; 1-1 SAA,5-8; 0-2 SAA,N/A,N/A,01/05/18,8:00 PM,N/A,"Memphis, Tenn.",Win,2,False,127,False,04:56,"SUB IN by SUMMERVILLE,MARK",88,,98 ,,,,"SUB IN by SUMMERVILLE,MARK",2,subbing in,,berry,"summerville,mark",,"['mccloud,alton', 'clark,ethan', 'hirsh,elijah', 'moore,myles', 'summerville,mark']","['de,nick', 'ashby,kendrick', 'feria,nick de', 'nyawata,anesu', 'darst,daniel', 'berry,bryce']",296
970,0864,Rhodes,Berry,1,102-114,"59,55","54,48",7-6; 1-1 SAA,5-8; 0-2 SAA,N/A,N/A,01/05/18,8:00 PM,N/A,"Memphis, Tenn.",Win,2,False,127,False,04:56,"SUB OUT by MCCLOUD,ALTON",88,,98 ,,,,"SUB OUT by MCCLOUD,ALTON",2,subbing out,,berry,"mccloud,alton",,"['clark,ethan', 'hirsh,elijah', 'moore,myles', 'summerville,mark']","['de,nick', 'ashby,kendrick', 'feria,nick de', 'nyawata,anesu', 'darst,daniel', 'berry,bryce']",296
971,0864,Rhodes,Berry,1,102-114,"59,55","54,48",7-6; 1-1 SAA,5-8; 0-2 SAA,N/A,N/A,01/05/18,8:00 PM,N/A,"Memphis, Tenn.",Win,2,False,127,False,04:56,,88,,98 ,"SUB IN by GALVIN,OWEN",,,"SUB IN by GALVIN,OWEN",2,subbing in,,rhodes,"galvin,owen",,"['clark,ethan', 'hirsh,elijah', 'moore,myles', 'summerville,mark']","['de,nick', 'ashby,kendrick', 'feria,nick de', 'nyawata,anesu', 'darst,daniel', 'berry,bryce', 'galvin,owen']",296
972,0864,Rhodes,Berry,1,102-114,"59,55","54,48",7-6; 1-1 SAA,5-8; 0-2 SAA,N/A,N/A,01/05/18,8:00 PM,N/A,"Memphis, Tenn.",Win,2,False,127,False,04:56,,88,,98 ,"SUB IN by GIROUX,PRESTON",,,"SUB IN by GIROUX,PRESTON",2,subbing in,,rhodes,"giroux,preston",,"['clark,ethan', 'hirsh,elijah', 'moore,myles', 'summerville,mark']","['de,nick', 'ashby,kendrick', 'feria,nick de', 'nyawata,anesu', 'darst,daniel', 'berry,bryce', 'galvin,owen', 'giroux,preston']",296
973,0864,Rhodes,Berry,1,102-114,"59,55","54,48",7-6; 1-1 SAA,5-8; 0-2 SAA,N/A,N/A,01/05/18,8:00 PM,N/A,"Memphis, Tenn.",Win,2,False,127,False,04:56,,88,,98 ,"SUB IN by SAMSON,VAUGHN",,,"SUB IN by SAMSON,VAUGHN",2,subbing in,,rhodes,"samson,vaughn",,"['clark,ethan', 'hirsh,elijah', 'moore,myles', 'summerville,mark']","['de,nick', 'ashby,kendrick', 'feria,nick de', 'nyawata,anesu', 'darst,daniel', 'berry,bryce', 'galvin,owen', 'giroux,preston', 'samson,vaughn']",296
974,0864,Rhodes,Berry,1,102-114,"59,55","54,48",7-6; 1-1 SAA,5-8; 0-2 SAA,N/A,N/A,01/05/18,8:00 PM,N/A,"Memphis, Tenn.",Win,2,False,127,False,04:56,,88,,98 ,"SUB IN by WEATHERFORD,MITCH",,,"SUB IN by WEATHERFORD,MITCH",2,subbing in,,rhodes,"weatherford,mitch",,"['clark,ethan', 'hirsh,elijah', 'moore,myles', 'summerville,mark']","['de,nick', 'ashby,kendrick', 'feria,nick de', 'nyawata,anesu', 'darst,daniel', 'berry,bryce', 'galvin,owen', 'giroux,preston', 'samson,vaughn', 'weatherford,mitch']",296
975,0864,Rhodes,Berry,1,102-114,"59,55","54,48",7-6; 1-1 SAA,5-8; 0-2 SAA,N/A,N/A,01/05/18,8:00 PM,N/A,"Memphis, Tenn.",Win,2,False,127,False,04:56,,88,,98 ,"SUB IN by DALTON,PRICE",,,"SUB IN by DALTON,PRICE",2,subbing in,,rhodes,"dalton,price",,"['clark,ethan', 'hirsh,elijah', 'moore,myles', 'summerville,mark']","['de,nick', 'ashby,kendrick', 'feria,nick de', 'nyawata,anesu', 'darst,daniel', 'berry,bryce', 'galvin,owen', 'giroux,preston', 'samson,vaughn', 'weatherford,mitch', 'dalton,price']",296
976,0864,Rhodes,Berry,1,102-114,"59,55","54,48",7-6; 1-1 SAA,5-8; 0-2 SAA,N/A,N/A,01/05/18,8:00 PM,N/A,"Memphis, Tenn.",Win,2,False,127,False,04:56,,88,,98 ,"SUB OUT by ASHBY,KENDRICK",,,"SUB OUT by ASHBY,KENDRICK",2,subbing out,,rhodes,"ashby,kendrick",,"['clark,ethan', 'hirsh,elijah', 'moore,myles', 'summerville,mark']","['de,nick', 'feria,nick de', 'nyawata,anesu', 'darst,daniel', 'berry,bryce', 'galvin,owen', 'giroux,preston', 'samson,vaughn', 'weatherford,mitch', 'dalton,price']",296
977,0864,Rhodes,Berry,1,102-114,"59,55","54,48",7-6; 1-1 SAA,5-8; 0-2 SAA,N/A,N/A,01/05/18,8:00 PM,N/A,"Memphis, Tenn.",Win,2,False,127,False,04:56,,88,,98 ,"SUB OUT by FERIA,NICK DE",,,"SUB OUT by FERIA,NICK DE",2,subbing out,,rhodes,"feria,nick de",,"['clark,ethan', 'hirsh,elijah', 'moore,myles', 'summerville,mark']","['de,nick', 'nyawata,anesu', 'darst,daniel', 'berry,bryce', 'galvin,owen', 'giroux,preston', 'samson,vaughn', 'weatherford,mitch', 'dalton,price']",296
978,0864,Rhodes,Berry,1,102-114,"59,55","54,48",7-6; 1-1 SAA,5-8; 0-2 SAA,N/A,N/A,01/05/18,8:00 PM,N/A,"Memphis, Tenn.",Win,2,False,127,False,04:56,,88,,98 ,"SUB OUT by NYAWATA,ANESU",,,"SUB OUT by NYAWATA,ANESU",2,subbing out,,rhodes,"nyawata,anesu",,"['clark,ethan', 'hirsh,elijah', 'moore,myles', 'summerville,mark']","['de,nick', 'darst,daniel', 'berry,bryce', 'galvin,owen', 'giroux,preston', 'samson,vaughn', 'weatherford,mitch', 'dalton,price']",296
979,0864,Rhodes,Berry,1,102-114,"59,55","54,48",7-6; 1-1 SAA,5-8; 0-2 SAA,N/A,N/A,01/05/18,8:00 PM,N/A,"Memphis, Tenn.",Win,2,False,127,False,04:56,,88,,98 ,"SUB OUT by DARST,DANIEL",,,"SUB OUT by DARST,DANIEL",2,subbing out,,rhodes,"darst,daniel",,"['clark,ethan', 'hirsh,elijah', 'moore,myles', 'summerville,mark']","['de,nick', 'berry,bryce', 'galvin,owen', 'giroux,preston', 'samson,vaughn', 'weatherford,mitch', 'dalton,price']",296
980,0864,Rhodes,Berry,1,102-114,"59,55","54,48",7-6; 1-1 SAA,5-8; 0-2 SAA,N/A,N/A,01/05/18,8:00 PM,N/A,"Memphis, Tenn.",Win,2,False,127,False,04:56,,88,,98 ,"SUB OUT by BERRY,BRYCE",,,"SUB OUT by BERRY,BRYCE",2,subbing out,,rhodes,"berry,bryce",,"['clark,ethan', 'hirsh,elijah', 'moore,myles', 'summerville,mark']","['de,nick', 'galvin,owen', 'giroux,preston', 'samson,vaughn', 'weatherford,mitch', 'dalton,price']",296
981,0864,Rhodes,Berry,1,102-114,"59,55","54,48",7-6; 1-1 SAA,5-8; 0-2 SAA,N/A,N/A,01/05/18,8:00 PM,N/A,"Memphis, Tenn.",Win,2,False,127,False,04:49,,88,,98 ,"FOUL  by SAMSON,VAUGHN",,,"FOUL  by SAMSON,VAUGHN",2,foul,,rhodes,"samson,vaughn",,"['clark,ethan', 'hirsh,elijah', 'moore,myles', 'summerville,mark']","['de,nick', 'galvin,owen', 'giroux,preston', 'samson,vaughn', 'weatherford,mitch', 'dalton,price']",289
982,0864,Rhodes,Berry,1,102-114,"59,55","54,48",7-6; 1-1 SAA,5-8; 0-2 SAA,N/A,N/A,01/05/18,8:00 PM,N/A,"Memphis, Tenn.",Win,2,False,127,False,04:49,"MISS FT by SUMMERVILLE,MARK",88,,98 ,,,,"MISS FT by SUMMERVILLE,MARK",2,free throw,missed,berry,"summerville,mark",,"['clark,ethan', 'hirsh,elijah', 'moore,myles', 'summerville,mark']","['de,nick', 'galvin,owen', 'giroux,preston', 'samson,vaughn', 'weatherford,mitch', 'dalton,price']",289
983,0864,Rhodes,Berry,1,102-114,"59,55","54,48",7-6; 1-1 SAA,5-8; 0-2 SAA,N/A,N/A,01/05/18,8:00 PM,N/A,"Memphis, Tenn.",Win,2,False,127,False,--,REBOUND DEADB by TEAM,88,,98 ,,,,REBOUND DEADB by TEAM,2,deadball rebound,,berry,,,"['clark,ethan', 'hirsh,elijah', 'moore,myles', 'summerville,mark']","['de,nick', 'galvin,owen', 'giroux,preston', 'samson,vaughn', 'weatherford,mitch', 'dalton,price']",
984,0864,Rhodes,Berry,1,102-114,"59,55","54,48",7-6; 1-1 SAA,5-8; 0-2 SAA,N/A,N/A,01/05/18,8:00 PM,N/A,"Memphis, Tenn.",Win,2,False,127,False,04:49,"GOOD FT by SUMMERVILLE,MARK",89,,98 ,,BCM 89-98 (-9),,"GOOD FT by SUMMERVILLE,MARK",2,free throw,good,berry,"summerville,mark",1,"['clark,ethan', 'hirsh,elijah', 'moore,myles', 'summerville,mark']","['de,nick', 'galvin,owen', 'giroux,preston', 'samson,vaughn', 'weatherford,mitch', 'dalton,price']",289
985,0864,Rhodes,Berry,1,102-114,"59,55","54,48",7-6; 1-1 SAA,5-8; 0-2 SAA,N/A,N/A,01/05/18,8:00 PM,N/A,"Memphis, Tenn.",Win,2,False,127,False,04:49,"SUB IN by MCCLOUD,ALTON",89,,98 ,,,,"SUB IN by MCCLOUD,ALTON",2,subbing in,,berry,"mccloud,alton",,"['clark,ethan', 'hirsh,elijah', 'moore,myles', 'summerville,mark', 'mccloud,alton']","['de,nick', 'galvin,owen', 'giroux,preston', 'samson,vaughn', 'weatherford,mitch', 'dalton,price']",289
986,0864,Rhodes,Berry,1,102-114,"59,55","54,48",7-6; 1-1 SAA,5-8; 0-2 SAA,N/A,N/A,01/05/18,8:00 PM,N/A,"Memphis, Tenn.",Win,2,False,127,False,04:49,"SUB OUT by SUMMERVILLE,MARK",89,,98 ,,,,"SUB OUT by SUMMERVILLE,MARK",2,subbing out,,berry,"summerville,mark",,"['clark,ethan', 'hirsh,elijah', 'moore,myles', 'mccloud,alton']","['de,nick', 'galvin,owen', 'giroux,preston', 'samson,vaughn', 'weatherford,mitch', 'dalton,price']",289
987,0864,Rhodes,Berry,1,102-114,"59,55","54,48",7-6; 1-1 SAA,5-8; 0-2 SAA,N/A,N/A,01/05/18,8:00 PM,N/A,"Memphis, Tenn.",Win,2,False,127,False,04:33,,89,,100 ,"GOOD LAYUP by SAMSON,VAUGHN(in the paint)",RHODES 89-100 (-11),,"GOOD LAYUP by SAMSON,VAUGHN(in the paint)",2,layup,good,rhodes,"samson,vaughn",2,"['clark,ethan', 'hirsh,elijah', 'moore,myles', 'mccloud,alton']","['de,nick', 'galvin,owen', 'giroux,preston', 'samson,vaughn', 'weatherford,mitch', 'dalton,price']",273
988,0864,Rhodes,Berry,1,102-114,"59,55","54,48",7-6; 1-1 SAA,5-8; 0-2 SAA,N/A,N/A,01/05/18,8:00 PM,N/A,"Memphis, Tenn.",Win,2,False,127,False,04:19,,89,,100 ,"FOUL  by ASHBY,KENDRICK",,,"FOUL  by ASHBY,KENDRICK",2,foul,,rhodes,"ashby,kendrick",,"['clark,ethan', 'hirsh,elijah', 'moore,myles', 'mccloud,alton']","['de,nick', 'galvin,owen', 'giroux,preston', 'samson,vaughn', 'weatherford,mitch', 'dalton,price']",259
989,0864,Rhodes,Berry,1,102-114,"59,55","54,48",7-6; 1-1 SAA,5-8; 0-2 SAA,N/A,N/A,01/05/18,8:00 PM,N/A,"Memphis, Tenn.",Win,2,False,127,False,04:19,"GOOD FT by MOORE,MYLES",90,,100 ,,BCM 90-100 (-10),,"GOOD FT by MOORE,MYLES",2,free throw,good,berry,"moore,myles",1,"['clark,ethan', 'hirsh,elijah', 'moore,myles', 'mccloud,alton']","['de,nick', 'galvin,owen', 'giroux,preston', 'samson,vaughn', 'weatherford,mitch', 'dalton,price']",259
990,0864,Rhodes,Berry,1,102-114,"59,55","54,48",7-6; 1-1 SAA,5-8; 0-2 SAA,N/A,N/A,01/05/18,8:00 PM,N/A,"Memphis, Tenn.",Win,2,False,127,False,04:19,"GOOD FT by MOORE,MYLES",91,,100 ,,BCM 91-100 (-9),,"GOOD FT by MOORE,MYLES",2,free throw,good,berry,"moore,myles",1,"['clark,ethan', 'hirsh,elijah', 'moore,myles', 'mccloud,alton']","['de,nick', 'galvin,owen', 'giroux,preston', 'samson,vaughn', 'weatherford,mitch', 'dalton,price']",259
991,0864,Rhodes,Berry,1,102-114,"59,55","54,48",7-6; 1-1 SAA,5-8; 0-2 SAA,N/A,N/A,01/05/18,8:00 PM,N/A,"Memphis, Tenn.",Win,2,False,127,False,04:19,"SUB IN by MARDER,NICK",91,,100 ,,,,"SUB IN by MARDER,NICK",2,subbing in,,berry,"marder,nick",,"['clark,ethan', 'hirsh,elijah', 'moore,myles', 'mccloud,alton', 'marder,nick']","['de,nick', 'galvin,owen', 'giroux,preston', 'samson,vaughn', 'weatherford,mitch', 'dalton,price']",259
992,0864,Rhodes,Berry,1,102-114,"59,55","54,48",7-6; 1-1 SAA,5-8; 0-2 SAA,N/A,N/A,01/05/18,8:00 PM,N/A,"Memphis, Tenn.",Win,2,False,127,False,04:19,"SUB IN by ATKINSON,QUINN",91,,100 ,,,,"SUB IN by ATKINSON,QUINN",2,subbing in,,berry,"atkinson,quinn",,"['clark,ethan', 'hirsh,elijah', 'moore,myles', 'mccloud,alton', 'marder,nick', 'atkinson,quinn']","['de,nick', 'galvin,owen', 'giroux,preston', 'samson,vaughn', 'weatherford,mitch', 'dalton,price']",259
993,0864,Rhodes,Berry,1,102-114,"59,55","54,48",7-6; 1-1 SAA,5-8; 0-2 SAA,N/A,N/A,01/05/18,8:00 PM,N/A,"Memphis, Tenn.",Win,2,False,127,False,04:19,"SUB OUT by CLARK,ETHAN",91,,100 ,,,,"SUB OUT by CLARK,ETHAN",2,subbing out,,berry,"clark,ethan",,"['hirsh,elijah', 'moore,myles', 'mccloud,alton', 'marder,nick', 'atkinson,quinn']","['de,nick', 'galvin,owen', 'giroux,preston', 'samson,vaughn', 'weatherford,mitch', 'dalton,price']",259
994,0864,Rhodes,Berry,1,102-114,"59,55","54,48",7-6; 1-1 SAA,5-8; 0-2 SAA,N/A,N/A,01/05/18,8:00 PM,N/A,"Memphis, Tenn.",Win,2,False,127,False,04:19,"SUB OUT by JOHNSON,CALEB",91,,100 ,,,,"SUB OUT by JOHNSON,CALEB",2,subbing out,,berry,"johnson,caleb",,"['hirsh,elijah', 'moore,myles', 'mccloud,alton', 'marder,nick', 'atkinson,quinn']","['de,nick', 'galvin,owen', 'giroux,preston', 'samson,vaughn', 'weatherford,mitch', 'dalton,price']",259
995,0864,Rhodes,Berry,1,102-114,"59,55","54,48",7-6; 1-1 SAA,5-8; 0-2 SAA,N/A,N/A,01/05/18,8:00 PM,N/A,"Memphis, Tenn.",Win,2,False,127,False,04:19,,91,,100 ,"SUB IN by ASHBY,KENDRICK",,,"SUB IN by ASHBY,KENDRICK",2,subbing in,,rhodes,"ashby,kendrick",,"['hirsh,elijah', 'moore,myles', 'mccloud,alton', 'marder,nick', 'atkinson,quinn']","['de,nick', 'galvin,owen', 'giroux,preston', 'samson,vaughn', 'weatherford,mitch', 'dalton,price']",259
996,0864,Rhodes,Berry,1,102-114,"59,55","54,48",7-6; 1-1 SAA,5-8; 0-2 SAA,N/A,N/A,01/05/18,8:00 PM,N/A,"Memphis, Tenn.",Win,2,False,127,False,04:19,,91,,100 ,"SUB IN by FERIA,NICK DE",,,"SUB IN by FERIA,NICK DE",2,subbing in,,rhodes,"feria,nick de",,"['hirsh,elijah', 'moore,myles', 'mccloud,alton', 'marder,nick', 'atkinson,quinn']","['de,nick', 'galvin,owen', 'giroux,preston', 'samson,vaughn', 'weatherford,mitch', 'dalton,price', 'feria,nick de']",259
997,0864,Rhodes,Berry,1,102-114,"59,55","54,48",7-6; 1-1 SAA,5-8; 0-2 SAA,N/A,N/A,01/05/18,8:00 PM,N/A,"Memphis, Tenn.",Win,2,False,127,False,04:19,,91,,100 ,"SUB IN by NYAWATA,ANESU",,,"SUB IN by NYAWATA,ANESU",2,subbing in,,rhodes,"nyawata,anesu",,"['hirsh,elijah', 'moore,myles', 'mccloud,alton', 'marder,nick', 'atkinson,quinn']","['de,nick', 'galvin,owen', 'giroux,preston', 'samson,vaughn', 'weatherford,mitch', 'dalton,price', 'feria,nick de', 'nyawata,anesu']",259
998,0864,Rhodes,Berry,1,102-114,"59,55","54,48",7-6; 1-1 SAA,5-8; 0-2 SAA,N/A,N/A,01/05/18,8:00 PM,N/A,"Memphis, Tenn.",Win,2,False,127,False,04:19,,91,,100 ,"SUB IN by DARST,DANIEL",,,"SUB IN by DARST,DANIEL",2,subbing in,,rhodes,"darst,daniel",,"['hirsh,elijah', 'moore,myles', 'mccloud,alton', 'marder,nick', 'atkinson,quinn']","['de,nick', 'galvin,owen', 'giroux,preston', 'samson,vaughn', 'weatherford,mitch', 'dalton,price', 'feria,nick de', 'nyawata,anesu', 'darst,daniel']",259
999,0864,Rhodes,Berry,1,102-114,"59,55","54,48",7-6; 1-1 SAA,5-8; 0-2 SAA,N/A,N/A,01/05/18,8:00 PM,N/A,"Memphis, Tenn.",Win,2,False,127,False,04:19,,91,,100 ,"SUB IN by BERRY,BRYCE",,,"SUB IN by BERRY,BRYCE",2,subbing in,,rhodes,"berry,bryce",,"['hirsh,elijah', 'moore,myles', 'mccloud,alton', 'marder,nick', 'atkinson,quinn']","['de,nick', 'galvin,owen', 'giroux,preston', 'samson,vaughn', 'weatherford,mitch', 'dalton,price', 'feria,nick de', 'nyawata,anesu', 'darst,daniel', 'berry,bryce']",259
1000,0864,Rhodes,Berry,1,102-114,"59,55","54,48",7-6; 1-1 SAA,5-8; 0-2 SAA,N/A,N/A,01/05/18,8:00 PM,N/A,"Memphis, Tenn.",Win,2,False,127,False,04:19,,91,,100 ,"SUB OUT by GALVIN,OWEN",,,"SUB OUT by GALVIN,OWEN",2,subbing out,,rhodes,"galvin,owen",,"['hirsh,elijah', 'moore,myles', 'mccloud,alton', 'marder,nick', 'atkinson,quinn']","['de,nick', 'giroux,preston', 'samson,vaughn', 'weatherford,mitch', 'dalton,price', 'feria,nick de', 'nyawata,anesu', 'darst,daniel', 'berry,bryce']",259
1001,0864,Rhodes,Berry,1,102-114,"59,55","54,48",7-6; 1-1 SAA,5-8; 0-2 SAA,N/A,N/A,01/05/18,8:00 PM,N/A,"Memphis, Tenn.",Win,2,False,127,False,04:19,,91,,100 ,"SUB OUT by GIROUX,PRESTON",,,"SUB OUT by GIROUX,PRESTON",2,subbing out,,rhodes,"giroux,preston",,"['hirsh,elijah', 'moore,myles', 'mccloud,alton', 'marder,nick', 'atkinson,quinn']","['de,nick', 'samson,vaughn', 'weatherford,mitch', 'dalton,price', 'feria,nick de', 'nyawata,anesu', 'darst,daniel', 'berry,bryce']",259
1002,0864,Rhodes,Berry,1,102-114,"59,55","54,48",7-6; 1-1 SAA,5-8; 0-2 SAA,N/A,N/A,01/05/18,8:00 PM,N/A,"Memphis, Tenn.",Win,2,False,127,False,04:19,,91,,100 ,"SUB OUT by SAMSON,VAUGHN",,,"SUB OUT by SAMSON,VAUGHN",2,subbing out,,rhodes,"samson,vaughn",,"['hirsh,elijah', 'moore,myles', 'mccloud,alton', 'marder,nick', 'atkinson,quinn']","['de,nick', 'weatherford,mitch', 'dalton,price', 'feria,nick de', 'nyawata,anesu', 'darst,daniel', 'berry,bryce']",259
1003,0864,Rhodes,Berry,1,102-114,"59,55","54,48",7-6; 1-1 SAA,5-8; 0-2 SAA,N/A,N/A,01/05/18,8:00 PM,N/A,"Memphis, Tenn.",Win,2,False,127,False,04:19,,91,,100 ,"SUB OUT by WEATHERFORD,MITCH",,,"SUB OUT by WEATHERFORD,MITCH",2,subbing out,,rhodes,"weatherford,mitch",,"['hirsh,elijah', 'moore,myles', 'mccloud,alton', 'marder,nick', 'atkinson,quinn']","['de,nick', 'dalton,price', 'feria,nick de', 'nyawata,anesu', 'darst,daniel', 'berry,bryce']",259
1004,0864,Rhodes,Berry,1,102-114,"59,55","54,48",7-6; 1-1 SAA,5-8; 0-2 SAA,N/A,N/A,01/05/18,8:00 PM,N/A,"Memphis, Tenn.",Win,2,False,127,False,04:19,,91,,100 ,"SUB OUT by DALTON,PRICE",,,"SUB OUT by DALTON,PRICE",2,subbing out,,rhodes,"dalton,price",,"['hirsh,elijah', 'moore,myles', 'mccloud,alton', 'marder,nick', 'atkinson,quinn']","['de,nick', 'feria,nick de', 'nyawata,anesu', 'darst,daniel', 'berry,bryce']",259
1005,0864,Rhodes,Berry,1,102-114,"59,55","54,48",7-6; 1-1 SAA,5-8; 0-2 SAA,N/A,N/A,01/05/18,8:00 PM,N/A,"Memphis, Tenn.",Win,2,False,127,False,04:10,"FOUL  by MOORE,MYLES",91,,100 ,,,,"FOUL  by MOORE,MYLES",2,foul,,berry,"moore,myles",,"['hirsh,elijah', 'moore,myles', 'mccloud,alton', 'marder,nick', 'atkinson,quinn']","['de,nick', 'feria,nick de', 'nyawata,anesu', 'darst,daniel', 'berry,bryce']",250
1006,0864,Rhodes,Berry,1,102-114,"59,55","54,48",7-6; 1-1 SAA,5-8; 0-2 SAA,N/A,N/A,01/05/18,8:00 PM,N/A,"Memphis, Tenn.",Win,2,False,127,False,04:10,,91,,101 ,"GOOD FT by BERRY,BRYCE",RHODES 91-101 (-10),,"GOOD FT by BERRY,BRYCE",2,free throw,good,rhodes,"berry,bryce",1,"['hirsh,elijah', 'moore,myles', 'mccloud,alton', 'marder,nick', 'atkinson,quinn']","['de,nick', 'feria,nick de', 'nyawata,anesu', 'darst,daniel', 'berry,bryce']",250
1007,0864,Rhodes,Berry,1,102-114,"59,55","54,48",7-6; 1-1 SAA,5-8; 0-2 SAA,N/A,N/A,01/05/18,8:00 PM,N/A,"Memphis, Tenn.",Win,2,False,127,False,04:10,,91,,102 ,"GOOD FT by BERRY,BRYCE",RHODES 91-102 (-11),,"GOOD FT by BERRY,BRYCE",2,free throw,good,rhodes,"berry,bryce",1,"['hirsh,elijah', 'moore,myles', 'mccloud,alton', 'marder,nick', 'atkinson,quinn']","['de,nick', 'feria,nick de', 'nyawata,anesu', 'darst,daniel', 'berry,bryce']",250
1008,0864,Rhodes,Berry,1,102-114,"59,55","54,48",7-6; 1-1 SAA,5-8; 0-2 SAA,N/A,N/A,01/05/18,8:00 PM,N/A,"Memphis, Tenn.",Win,2,False,127,False,04:10,"SUB IN by CLARK,ETHAN",91,,102 ,,,,"SUB IN by CLARK,ETHAN",2,subbing in,,berry,"clark,ethan",,"['hirsh,elijah', 'moore,myles', 'mccloud,alton', 'marder,nick', 'atkinson,quinn', 'clark,ethan']","['de,nick', 'feria,nick de', 'nyawata,anesu', 'darst,daniel', 'berry,bryce']",250
1009,0864,Rhodes,Berry,1,102-114,"59,55","54,48",7-6; 1-1 SAA,5-8; 0-2 SAA,N/A,N/A,01/05/18,8:00 PM,N/A,"Memphis, Tenn.",Win,2,False,127,False,04:10,"SUB OUT by MARDER,NICK",91,,102 ,,,,"SUB OUT by MARDER,NICK",2,subbing out,,berry,"marder,nick",,"['hirsh,elijah', 'moore,myles', 'mccloud,alton', 'atkinson,quinn', 'clark,ethan']","['de,nick', 'feria,nick de', 'nyawata,anesu', 'darst,daniel', 'berry,bryce']",250
1010,0864,Rhodes,Berry,1,102-114,"59,55","54,48",7-6; 1-1 SAA,5-8; 0-2 SAA,N/A,N/A,01/05/18,8:00 PM,N/A,"Memphis, Tenn.",Win,2,False,127,False,04:05,"MISS LAYUP by MOORE,MYLES",91,,102 ,,,,"MISS LAYUP by MOORE,MYLES",2,layup,missed,berry,"moore,myles",,"['hirsh,elijah', 'moore,myles', 'mccloud,alton', 'atkinson,quinn', 'clark,ethan']","['de,nick', 'feria,nick de', 'nyawata,anesu', 'darst,daniel', 'berry,bryce']",245
1011,0864,Rhodes,Berry,1,102-114,"59,55","54,48",7-6; 1-1 SAA,5-8; 0-2 SAA,N/A,N/A,01/05/18,8:00 PM,N/A,"Memphis, Tenn.",Win,2,False,127,False,--,,91,,102 ,"REBOUND DEF by NYAWATA,ANESU",,,"REBOUND DEF by NYAWATA,ANESU",2,defensive rebound,,rhodes,"nyawata,anesu",,"['hirsh,elijah', 'moore,myles', 'mccloud,alton', 'atkinson,quinn', 'clark,ethan']","['de,nick', 'feria,nick de', 'nyawata,anesu', 'darst,daniel', 'berry,bryce']",
1012,0864,Rhodes,Berry,1,102-114,"59,55","54,48",7-6; 1-1 SAA,5-8; 0-2 SAA,N/A,N/A,01/05/18,8:00 PM,N/A,"Memphis, Tenn.",Win,2,False,127,False,03:51,,91,,102 ,"MISS 3PTR by FERIA,NICK DE",,,"MISS 3PTR by FERIA,NICK DE",2,three pointer,missed,rhodes,"feria,nick de",,"['hirsh,elijah', 'moore,myles', 'mccloud,alton', 'atkinson,quinn', 'clark,ethan']","['de,nick', 'feria,nick de', 'nyawata,anesu', 'darst,daniel', 'berry,bryce']",231
1013,0864,Rhodes,Berry,1,102-114,"59,55","54,48",7-6; 1-1 SAA,5-8; 0-2 SAA,N/A,N/A,01/05/18,8:00 PM,N/A,"Memphis, Tenn.",Win,2,False,127,False,--,"REBOUND DEF by MOORE,MYLES",91,,102 ,,,,"REBOUND DEF by MOORE,MYLES",2,defensive rebound,,berry,"moore,myles",,"['hirsh,elijah', 'moore,myles', 'mccloud,alton', 'atkinson,quinn', 'clark,ethan']","['de,nick', 'feria,nick de', 'nyawata,anesu', 'darst,daniel', 'berry,bryce']",
1014,0864,Rhodes,Berry,1,102-114,"59,55","54,48",7-6; 1-1 SAA,5-8; 0-2 SAA,N/A,N/A,01/05/18,8:00 PM,N/A,"Memphis, Tenn.",Win,2,False,127,False,03:45,"MISS LAYUP by ATKINSON,QUINN",91,,102 ,,,,"MISS LAYUP by ATKINSON,QUINN",2,layup,missed,berry,"atkinson,quinn",,"['hirsh,elijah', 'moore,myles', 'mccloud,alton', 'atkinson,quinn', 'clark,ethan']","['de,nick', 'feria,nick de', 'nyawata,anesu', 'darst,daniel', 'berry,bryce']",225
1015,0864,Rhodes,Berry,1,102-114,"59,55","54,48",7-6; 1-1 SAA,5-8; 0-2 SAA,N/A,N/A,01/05/18,8:00 PM,N/A,"Memphis, Tenn.",Win,2,False,127,False,--,,91,,102 ,REBOUND DEF by TEAM,,,REBOUND DEF by TEAM,2,defensive rebound,,rhodes,,,"['hirsh,elijah', 'moore,myles', 'mccloud,alton', 'atkinson,quinn', 'clark,ethan']","['de,nick', 'feria,nick de', 'nyawata,anesu', 'darst,daniel', 'berry,bryce']",
1016,0864,Rhodes,Berry,1,102-114,"59,55","54,48",7-6; 1-1 SAA,5-8; 0-2 SAA,N/A,N/A,01/05/18,8:00 PM,N/A,"Memphis, Tenn.",Win,2,False,127,False,03:39,,91,,102 ,TIMEOUT 20SEC by TEAM,,,TIMEOUT 20SEC by TEAM,2,timeout,,rhodes,,,"['hirsh,elijah', 'moore,myles', 'mccloud,alton', 'atkinson,quinn', 'clark,ethan']","['de,nick', 'feria,nick de', 'nyawata,anesu', 'darst,daniel', 'berry,bryce']",219
1017,0864,Rhodes,Berry,1,102-114,"59,55","54,48",7-6; 1-1 SAA,5-8; 0-2 SAA,N/A,N/A,01/05/18,8:00 PM,N/A,"Memphis, Tenn.",Win,2,False,127,False,03:39,"SUB IN by JOHNSON,CALEB",91,,102 ,,,,"SUB IN by JOHNSON,CALEB",2,subbing in,,berry,"johnson,caleb",,"['hirsh,elijah', 'moore,myles', 'mccloud,alton', 'atkinson,quinn', 'clark,ethan', 'johnson,caleb']","['de,nick', 'feria,nick de', 'nyawata,anesu', 'darst,daniel', 'berry,bryce']",219
1018,0864,Rhodes,Berry,1,102-114,"59,55","54,48",7-6; 1-1 SAA,5-8; 0-2 SAA,N/A,N/A,01/05/18,8:00 PM,N/A,"Memphis, Tenn.",Win,2,False,127,False,03:39,"SUB OUT by ATKINSON,QUINN",91,,102 ,,,,"SUB OUT by ATKINSON,QUINN",2,subbing out,,berry,"atkinson,quinn",,"['hirsh,elijah', 'moore,myles', 'mccloud,alton', 'clark,ethan', 'johnson,caleb']","['de,nick', 'feria,nick de', 'nyawata,anesu', 'darst,daniel', 'berry,bryce']",219
1019,0864,Rhodes,Berry,1,102-114,"59,55","54,48",7-6; 1-1 SAA,5-8; 0-2 SAA,N/A,N/A,01/05/18,8:00 PM,N/A,"Memphis, Tenn.",Win,2,False,127,False,03:39,,91,,102 ,"SUB IN by GALVIN,OWEN",,,"SUB IN by GALVIN,OWEN",2,subbing in,,rhodes,"galvin,owen",,"['hirsh,elijah', 'moore,myles', 'mccloud,alton', 'clark,ethan', 'johnson,caleb']","['de,nick', 'feria,nick de', 'nyawata,anesu', 'darst,daniel', 'berry,bryce', 'galvin,owen']",219
1020,0864,Rhodes,Berry,1,102-114,"59,55","54,48",7-6; 1-1 SAA,5-8; 0-2 SAA,N/A,N/A,01/05/18,8:00 PM,N/A,"Memphis, Tenn.",Win,2,False,127,False,03:39,,91,,102 ,"SUB IN by GIROUX,PRESTON",,,"SUB IN by GIROUX,PRESTON",2,subbing in,,rhodes,"giroux,preston",,"['hirsh,elijah', 'moore,myles', 'mccloud,alton', 'clark,ethan', 'johnson,caleb']","['de,nick', 'feria,nick de', 'nyawata,anesu', 'darst,daniel', 'berry,bryce', 'galvin,owen', 'giroux,preston']",219
1021,0864,Rhodes,Berry,1,102-114,"59,55","54,48",7-6; 1-1 SAA,5-8; 0-2 SAA,N/A,N/A,01/05/18,8:00 PM,N/A,"Memphis, Tenn.",Win,2,False,127,False,03:39,,91,,102 ,"SUB IN by SAMSON,VAUGHN",,,"SUB IN by SAMSON,VAUGHN",2,subbing in,,rhodes,"samson,vaughn",,"['hirsh,elijah', 'moore,myles', 'mccloud,alton', 'clark,ethan', 'johnson,caleb']","['de,nick', 'feria,nick de', 'nyawata,anesu', 'darst,daniel', 'berry,bryce', 'galvin,owen', 'giroux,preston', 'samson,vaughn']",219
1022,0864,Rhodes,Berry,1,102-114,"59,55","54,48",7-6; 1-1 SAA,5-8; 0-2 SAA,N/A,N/A,01/05/18,8:00 PM,N/A,"Memphis, Tenn.",Win,2,False,127,False,03:39,,91,,102 ,"SUB IN by WEATHERFORD,MITCH",,,"SUB IN by WEATHERFORD,MITCH",2,subbing in,,rhodes,"weatherford,mitch",,"['hirsh,elijah', 'moore,myles', 'mccloud,alton', 'clark,ethan', 'johnson,caleb']","['de,nick', 'feria,nick de', 'nyawata,anesu', 'darst,daniel', 'berry,bryce', 'galvin,owen', 'giroux,preston', 'samson,vaughn', 'weatherford,mitch']",219
1023,0864,Rhodes,Berry,1,102-114,"59,55","54,48",7-6; 1-1 SAA,5-8; 0-2 SAA,N/A,N/A,01/05/18,8:00 PM,N/A,"Memphis, Tenn.",Win,2,False,127,False,03:39,,91,,102 ,"SUB IN by DALTON,PRICE",,,"SUB IN by DALTON,PRICE",2,subbing in,,rhodes,"dalton,price",,"['hirsh,elijah', 'moore,myles', 'mccloud,alton', 'clark,ethan', 'johnson,caleb']","['de,nick', 'feria,nick de', 'nyawata,anesu', 'darst,daniel', 'berry,bryce', 'galvin,owen', 'giroux,preston', 'samson,vaughn', 'weatherford,mitch', 'dalton,price']",219
1024,0864,Rhodes,Berry,1,102-114,"59,55","54,48",7-6; 1-1 SAA,5-8; 0-2 SAA,N/A,N/A,01/05/18,8:00 PM,N/A,"Memphis, Tenn.",Win,2,False,127,False,03:39,,91,,102 ,"SUB OUT by ASHBY,KENDRICK",,,"SUB OUT by ASHBY,KENDRICK",2,subbing out,,rhodes,"ashby,kendrick",,"['hirsh,elijah', 'moore,myles', 'mccloud,alton', 'clark,ethan', 'johnson,caleb']","['de,nick', 'feria,nick de', 'nyawata,anesu', 'darst,daniel', 'berry,bryce', 'galvin,owen', 'giroux,preston', 'samson,vaughn', 'weatherford,mitch', 'dalton,price']",219
1025,0864,Rhodes,Berry,1,102-114,"59,55","54,48",7-6; 1-1 SAA,5-8; 0-2 SAA,N/A,N/A,01/05/18,8:00 PM,N/A,"Memphis, Tenn.",Win,2,False,127,False,03:39,,91,,102 ,"SUB OUT by FERIA,NICK DE",,,"SUB OUT by FERIA,NICK DE",2,subbing out,,rhodes,"feria,nick de",,"['hirsh,elijah', 'moore,myles', 'mccloud,alton', 'clark,ethan', 'johnson,caleb']","['de,nick', 'feria,nick de', 'nyawata,anesu', 'darst,daniel', 'berry,bryce', 'galvin,owen', 'giroux,preston', 'samson,vaughn', 'weatherford,mitch', 'dalton,price']",219
1026,0864,Rhodes,Berry,1,102-114,"59,55","54,48",7-6; 1-1 SAA,5-8; 0-2 SAA,N/A,N/A,01/05/18,8:00 PM,N/A,"Memphis, Tenn.",Win,2,False,127,False,03:39,,91,,102 ,"SUB OUT by NYAWATA,ANESU",,,"SUB OUT by NYAWATA,ANESU",2,subbing out,,rhodes,"nyawata,anesu",,"['hirsh,elijah', 'moore,myles', 'mccloud,alton', 'clark,ethan', 'johnson,caleb']","['de,nick', 'feria,nick de', 'darst,daniel', 'berry,bryce', 'galvin,owen', 'giroux,preston', 'samson,vaughn', 'weatherford,mitch', 'dalton,price']",219
1027,0864,Rhodes,Berry,1,102-114,"59,55","54,48",7-6; 1-1 SAA,5-8; 0-2 SAA,N/A,N/A,01/05/18,8:00 PM,N/A,"Memphis, Tenn.",Win,2,False,127,False,03:39,,91,,102 ,"SUB OUT by DARST,DANIEL",,,"SUB OUT by DARST,DANIEL",2,subbing out,,rhodes,"darst,daniel",,"['hirsh,elijah', 'moore,myles', 'mccloud,alton', 'clark,ethan', 'johnson,caleb']","['de,nick', 'feria,nick de', 'berry,bryce', 'galvin,owen', 'giroux,preston', 'samson,vaughn', 'weatherford,mitch', 'dalton,price']",219
1028,0864,Rhodes,Berry,1,102-114,"59,55","54,48",7-6; 1-1 SAA,5-8; 0-2 SAA,N/A,N/A,01/05/18,8:00 PM,N/A,"Memphis, Tenn.",Win,2,False,127,False,03:39,,91,,102 ,"SUB OUT by BERRY,BRYCE",,,"SUB OUT by BERRY,BRYCE",2,subbing out,,rhodes,"berry,bryce",,"['hirsh,elijah', 'moore,myles', 'mccloud,alton', 'clark,ethan', 'johnson,caleb']","['de,nick', 'feria,nick de', 'galvin,owen', 'giroux,preston', 'samson,vaughn', 'weatherford,mitch', 'dalton,price']",219
1029,0864,Rhodes,Berry,1,102-114,"59,55","54,48",7-6; 1-1 SAA,5-8; 0-2 SAA,N/A,N/A,01/05/18,8:00 PM,N/A,"Memphis, Tenn.",Win,2,False,127,False,03:26,,91,,102 ,"MISS LAYUP by GALVIN,OWEN",,,"MISS LAYUP by GALVIN,OWEN",2,layup,missed,rhodes,"galvin,owen",,"['hirsh,elijah', 'moore,myles', 'mccloud,alton', 'clark,ethan', 'johnson,caleb']","['de,nick', 'feria,nick de', 'galvin,owen', 'giroux,preston', 'samson,vaughn', 'weatherford,mitch', 'dalton,price']",206
1030,0864,Rhodes,Berry,1,102-114,"59,55","54,48",7-6; 1-1 SAA,5-8; 0-2 SAA,N/A,N/A,01/05/18,8:00 PM,N/A,"Memphis, Tenn.",Win,2,False,127,False,--,,91,,102 ,"REBOUND OFF by GALVIN,OWEN",,,"REBOUND OFF by GALVIN,OWEN",2,offensive rebound,,rhodes,"galvin,owen",,"['hirsh,elijah', 'moore,myles', 'mccloud,alton', 'clark,ethan', 'johnson,caleb']","['de,nick', 'feria,nick de', 'galvin,owen', 'giroux,preston', 'samson,vaughn', 'weatherford,mitch', 'dalton,price']",
1031,0864,Rhodes,Berry,1,102-114,"59,55","54,48",7-6; 1-1 SAA,5-8; 0-2 SAA,N/A,N/A,01/05/18,8:00 PM,N/A,"Memphis, Tenn.",Win,2,False,127,False,03:17,,91,,105 ,"GOOD 3PTR by DALTON,PRICE",RHODES 91-105 (-14),,"GOOD 3PTR by DALTON,PRICE",2,three pointer,good,rhodes,"dalton,price",3,"['hirsh,elijah', 'moore,myles', 'mccloud,alton', 'clark,ethan', 'johnson,caleb']","['de,nick', 'feria,nick de', 'galvin,owen', 'giroux,preston', 'samson,vaughn', 'weatherford,mitch', 'dalton,price']",197
1032,0864,Rhodes,Berry,1,102-114,"59,55","54,48",7-6; 1-1 SAA,5-8; 0-2 SAA,N/A,N/A,01/05/18,8:00 PM,N/A,"Memphis, Tenn.",Win,2,False,127,False,--,,91,,105 ,"ASSIST  by SAMSON,VAUGHN",,,"ASSIST  by SAMSON,VAUGHN",2,assist,,rhodes,"samson,vaughn",,"['hirsh,elijah', 'moore,myles', 'mccloud,alton', 'clark,ethan', 'johnson,caleb']","['de,nick', 'feria,nick de', 'galvin,owen', 'giroux,preston', 'samson,vaughn', 'weatherford,mitch', 'dalton,price']",
1033,0864,Rhodes,Berry,1,102-114,"59,55","54,48",7-6; 1-1 SAA,5-8; 0-2 SAA,N/A,N/A,01/05/18,8:00 PM,N/A,"Memphis, Tenn.",Win,2,False,127,False,03:02,"GOOD 3PTR by CLARK,ETHAN",94,,105 ,,BCM 94-105 (-11),,"GOOD 3PTR by CLARK,ETHAN",2,three pointer,good,berry,"clark,ethan",3,"['hirsh,elijah', 'moore,myles', 'mccloud,alton', 'clark,ethan', 'johnson,caleb']","['de,nick', 'feria,nick de', 'galvin,owen', 'giroux,preston', 'samson,vaughn', 'weatherford,mitch', 'dalton,price']",182
1034,0864,Rhodes,Berry,1,102-114,"59,55","54,48",7-6; 1-1 SAA,5-8; 0-2 SAA,N/A,N/A,01/05/18,8:00 PM,N/A,"Memphis, Tenn.",Win,2,False,127,False,--,"ASSIST  by MOORE,MYLES",94,,105 ,,,,"ASSIST  by MOORE,MYLES",2,assist,,berry,"moore,myles",,"['hirsh,elijah', 'moore,myles', 'mccloud,alton', 'clark,ethan', 'johnson,caleb']","['de,nick', 'feria,nick de', 'galvin,owen', 'giroux,preston', 'samson,vaughn', 'weatherford,mitch', 'dalton,price']",
1035,0864,Rhodes,Berry,1,102-114,"59,55","54,48",7-6; 1-1 SAA,5-8; 0-2 SAA,N/A,N/A,01/05/18,8:00 PM,N/A,"Memphis, Tenn.",Win,2,False,127,False,02:36,,94,,105 ,"MISS LAYUP by DALTON,PRICE",,,"MISS LAYUP by DALTON,PRICE",2,layup,missed,rhodes,"dalton,price",,"['hirsh,elijah', 'moore,myles', 'mccloud,alton', 'clark,ethan', 'johnson,caleb']","['de,nick', 'feria,nick de', 'galvin,owen', 'giroux,preston', 'samson,vaughn', 'weatherford,mitch', 'dalton,price']",156
1036,0864,Rhodes,Berry,1,102-114,"59,55","54,48",7-6; 1-1 SAA,5-8; 0-2 SAA,N/A,N/A,01/05/18,8:00 PM,N/A,"Memphis, Tenn.",Win,2,False,127,False,02:36,"BLOCK  by HIRSH,ELIJAH",94,,105 ,,,,"BLOCK  by HIRSH,ELIJAH",2,block,,berry,"hirsh,elijah",,"['hirsh,elijah', 'moore,myles', 'mccloud,alton', 'clark,ethan', 'johnson,caleb']","['de,nick', 'feria,nick de', 'galvin,owen', 'giroux,preston', 'samson,vaughn', 'weatherford,mitch', 'dalton,price']",156
1037,0864,Rhodes,Berry,1,102-114,"59,55","54,48",7-6; 1-1 SAA,5-8; 0-2 SAA,N/A,N/A,01/05/18,8:00 PM,N/A,"Memphis, Tenn.",Win,2,False,127,False,--,"REBOUND DEF by MCCLOUD,ALTON",94,,105 ,,,,"REBOUND DEF by MCCLOUD,ALTON",2,defensive rebound,,berry,"mccloud,alton",,"['hirsh,elijah', 'moore,myles', 'mccloud,alton', 'clark,ethan', 'johnson,caleb']","['de,nick', 'feria,nick de', 'galvin,owen', 'giroux,preston', 'samson,vaughn', 'weatherford,mitch', 'dalton,price']",
1038,0864,Rhodes,Berry,1,102-114,"59,55","54,48",7-6; 1-1 SAA,5-8; 0-2 SAA,N/A,N/A,01/05/18,8:00 PM,N/A,"Memphis, Tenn.",Win,2,False,127,False,02:26,,94,,105 ,"FOUL  by SAMSON,VAUGHN",,,"FOUL  by SAMSON,VAUGHN",2,foul,,rhodes,"samson,vaughn",,"['hirsh,elijah', 'moore,myles', 'mccloud,alton', 'clark,ethan', 'johnson,caleb']","['de,nick', 'feria,nick de', 'galvin,owen', 'giroux,preston', 'samson,vaughn', 'weatherford,mitch', 'dalton,price']",146
1039,0864,Rhodes,Berry,1,102-114,"59,55","54,48",7-6; 1-1 SAA,5-8; 0-2 SAA,N/A,N/A,01/05/18,8:00 PM,N/A,"Memphis, Tenn.",Win,2,False,127,False,02:26,"GOOD FT by JOHNSON,CALEB",95,,105 ,,BCM 95-105 (-10),,"GOOD FT by JOHNSON,CALEB",2,free throw,good,berry,"johnson,caleb",1,"['hirsh,elijah', 'moore,myles', 'mccloud,alton', 'clark,ethan', 'johnson,caleb']","['de,nick', 'feria,nick de', 'galvin,owen', 'giroux,preston', 'samson,vaughn', 'weatherford,mitch', 'dalton,price']",146
1040,0864,Rhodes,Berry,1,102-114,"59,55","54,48",7-6; 1-1 SAA,5-8; 0-2 SAA,N/A,N/A,01/05/18,8:00 PM,N/A,"Memphis, Tenn.",Win,2,False,127,False,02:26,"GOOD FT by JOHNSON,CALEB",96,,105 ,,BCM 96-105 (-9),,"GOOD FT by JOHNSON,CALEB",2,free throw,good,berry,"johnson,caleb",1,"['hirsh,elijah', 'moore,myles', 'mccloud,alton', 'clark,ethan', 'johnson,caleb']","['de,nick', 'feria,nick de', 'galvin,owen', 'giroux,preston', 'samson,vaughn', 'weatherford,mitch', 'dalton,price']",146
1041,0864,Rhodes,Berry,1,102-114,"59,55","54,48",7-6; 1-1 SAA,5-8; 0-2 SAA,N/A,N/A,01/05/18,8:00 PM,N/A,"Memphis, Tenn.",Win,2,False,127,False,02:26,"SUB IN by SUMMERVILLE,MARK",96,,105 ,,,,"SUB IN by SUMMERVILLE,MARK",2,subbing in,,berry,"summerville,mark",,"['hirsh,elijah', 'moore,myles', 'mccloud,alton', 'clark,ethan', 'johnson,caleb', 'summerville,mark']","['de,nick', 'feria,nick de', 'galvin,owen', 'giroux,preston', 'samson,vaughn', 'weatherford,mitch', 'dalton,price']",146
1042,0864,Rhodes,Berry,1,102-114,"59,55","54,48",7-6; 1-1 SAA,5-8; 0-2 SAA,N/A,N/A,01/05/18,8:00 PM,N/A,"Memphis, Tenn.",Win,2,False,127,False,02:26,"SUB OUT by HIRSH,ELIJAH",96,,105 ,,,,"SUB OUT by HIRSH,ELIJAH",2,subbing out,,berry,"hirsh,elijah",,"['moore,myles', 'mccloud,alton', 'clark,ethan', 'johnson,caleb', 'summerville,mark']","['de,nick', 'feria,nick de', 'galvin,owen', 'giroux,preston', 'samson,vaughn', 'weatherford,mitch', 'dalton,price']",146
1043,0864,Rhodes,Berry,1,102-114,"59,55","54,48",7-6; 1-1 SAA,5-8; 0-2 SAA,N/A,N/A,01/05/18,8:00 PM,N/A,"Memphis, Tenn.",Win,2,False,127,False,02:26,,96,,105 ,"SUB IN by ASHBY,KENDRICK",,,"SUB IN by ASHBY,KENDRICK",2,subbing in,,rhodes,"ashby,kendrick",,"['moore,myles', 'mccloud,alton', 'clark,ethan', 'johnson,caleb', 'summerville,mark']","['de,nick', 'feria,nick de', 'galvin,owen', 'giroux,preston', 'samson,vaughn', 'weatherford,mitch', 'dalton,price', 'ashby,kendrick']",146
1044,0864,Rhodes,Berry,1,102-114,"59,55","54,48",7-6; 1-1 SAA,5-8; 0-2 SAA,N/A,N/A,01/05/18,8:00 PM,N/A,"Memphis, Tenn.",Win,2,False,127,False,02:26,,96,,105 ,"SUB IN by FERIA,NICK DE",,,"SUB IN by FERIA,NICK DE",2,subbing in,,rhodes,"feria,nick de",,"['moore,myles', 'mccloud,alton', 'clark,ethan', 'johnson,caleb', 'summerville,mark']","['de,nick', 'feria,nick de', 'galvin,owen', 'giroux,preston', 'samson,vaughn', 'weatherford,mitch', 'dalton,price', 'ashby,kendrick']",146
1045,0864,Rhodes,Berry,1,102-114,"59,55","54,48",7-6; 1-1 SAA,5-8; 0-2 SAA,N/A,N/A,01/05/18,8:00 PM,N/A,"Memphis, Tenn.",Win,2,False,127,False,02:26,,96,,105 ,"SUB IN by NYAWATA,ANESU",,,"SUB IN by NYAWATA,ANESU",2,subbing in,,rhodes,"nyawata,anesu",,"['moore,myles', 'mccloud,alton', 'clark,ethan', 'johnson,caleb', 'summerville,mark']","['de,nick', 'feria,nick de', 'galvin,owen', 'giroux,preston', 'samson,vaughn', 'weatherford,mitch', 'dalton,price', 'ashby,kendrick']",146
1046,0864,Rhodes,Berry,1,102-114,"59,55","54,48",7-6; 1-1 SAA,5-8; 0-2 SAA,N/A,N/A,01/05/18,8:00 PM,N/A,"Memphis, Tenn.",Win,2,False,127,False,02:26,,96,,105 ,"SUB IN by DARST,DANIEL",,,"SUB IN by DARST,DANIEL",2,subbing in,,rhodes,"darst,daniel",,"['moore,myles', 'mccloud,alton', 'clark,ethan', 'johnson,caleb', 'summerville,mark']","['de,nick', 'feria,nick de', 'galvin,owen', 'giroux,preston', 'samson,vaughn', 'weatherford,mitch', 'dalton,price', 'ashby,kendrick', 'darst,daniel']",146
1047,0864,Rhodes,Berry,1,102-114,"59,55","54,48",7-6; 1-1 SAA,5-8; 0-2 SAA,N/A,N/A,01/05/18,8:00 PM,N/A,"Memphis, Tenn.",Win,2,False,127,False,02:26,,96,,105 ,"SUB IN by BERRY,BRYCE",,,"SUB IN by BERRY,BRYCE",2,subbing in,,rhodes,"berry,bryce",,"['moore,myles', 'mccloud,alton', 'clark,ethan', 'johnson,caleb', 'summerville,mark']","['de,nick', 'feria,nick de', 'galvin,owen', 'giroux,preston', 'samson,vaughn', 'weatherford,mitch', 'dalton,price', 'ashby,kendrick', 'darst,daniel', 'berry,bryce']",146
1048,0864,Rhodes,Berry,1,102-114,"59,55","54,48",7-6; 1-1 SAA,5-8; 0-2 SAA,N/A,N/A,01/05/18,8:00 PM,N/A,"Memphis, Tenn.",Win,2,False,127,False,02:26,,96,,105 ,"SUB OUT by GALVIN,OWEN",,,"SUB OUT by GALVIN,OWEN",2,subbing out,,rhodes,"galvin,owen",,"['moore,myles', 'mccloud,alton', 'clark,ethan', 'johnson,caleb', 'summerville,mark']","['de,nick', 'feria,nick de', 'giroux,preston', 'samson,vaughn', 'weatherford,mitch', 'dalton,price', 'ashby,kendrick', 'darst,daniel', 'berry,bryce']",146
1049,0864,Rhodes,Berry,1,102-114,"59,55","54,48",7-6; 1-1 SAA,5-8; 0-2 SAA,N/A,N/A,01/05/18,8:00 PM,N/A,"Memphis, Tenn.",Win,2,False,127,False,02:26,,96,,105 ,"SUB OUT by GIROUX,PRESTON",,,"SUB OUT by GIROUX,PRESTON",2,subbing out,,rhodes,"giroux,preston",,"['moore,myles', 'mccloud,alton', 'clark,ethan', 'johnson,caleb', 'summerville,mark']","['de,nick', 'feria,nick de', 'samson,vaughn', 'weatherford,mitch', 'dalton,price', 'ashby,kendrick', 'darst,daniel', 'berry,bryce']",146
1050,0864,Rhodes,Berry,1,102-114,"59,55","54,48",7-6; 1-1 SAA,5-8; 0-2 SAA,N/A,N/A,01/05/18,8:00 PM,N/A,"Memphis, Tenn.",Win,2,False,127,False,02:26,,96,,105 ,"SUB OUT by SAMSON,VAUGHN",,,"SUB OUT by SAMSON,VAUGHN",2,subbing out,,rhodes,"samson,vaughn",,"['moore,myles', 'mccloud,alton', 'clark,ethan', 'johnson,caleb', 'summerville,mark']","['de,nick', 'feria,nick de', 'weatherford,mitch', 'dalton,price', 'ashby,kendrick', 'darst,daniel', 'berry,bryce']",146
1051,0864,Rhodes,Berry,1,102-114,"59,55","54,48",7-6; 1-1 SAA,5-8; 0-2 SAA,N/A,N/A,01/05/18,8:00 PM,N/A,"Memphis, Tenn.",Win,2,False,127,False,02:26,,96,,105 ,"SUB OUT by WEATHERFORD,MITCH",,,"SUB OUT by WEATHERFORD,MITCH",2,subbing out,,rhodes,"weatherford,mitch",,"['moore,myles', 'mccloud,alton', 'clark,ethan', 'johnson,caleb', 'summerville,mark']","['de,nick', 'feria,nick de', 'dalton,price', 'ashby,kendrick', 'darst,daniel', 'berry,bryce']",146
1052,0864,Rhodes,Berry,1,102-114,"59,55","54,48",7-6; 1-1 SAA,5-8; 0-2 SAA,N/A,N/A,01/05/18,8:00 PM,N/A,"Memphis, Tenn.",Win,2,False,127,False,02:26,,96,,105 ,"SUB OUT by DALTON,PRICE",,,"SUB OUT by DALTON,PRICE",2,subbing out,,rhodes,"dalton,price",,"['moore,myles', 'mccloud,alton', 'clark,ethan', 'johnson,caleb', 'summerville,mark']","['de,nick', 'feria,nick de', 'ashby,kendrick', 'darst,daniel', 'berry,bryce']",146
1053,0864,Rhodes,Berry,1,102-114,"59,55","54,48",7-6; 1-1 SAA,5-8; 0-2 SAA,N/A,N/A,01/05/18,8:00 PM,N/A,"Memphis, Tenn.",Win,2,False,127,False,02:21,,96,,107 ,"GOOD LAYUP by BERRY,BRYCE(in the paint)",RHODES 96-107 (-11),,"GOOD LAYUP by BERRY,BRYCE(in the paint)",2,layup,good,rhodes,"berry,bryce",2,"['moore,myles', 'mccloud,alton', 'clark,ethan', 'johnson,caleb', 'summerville,mark']","['de,nick', 'feria,nick de', 'ashby,kendrick', 'darst,daniel', 'berry,bryce']",141
1054,0864,Rhodes,Berry,1,102-114,"59,55","54,48",7-6; 1-1 SAA,5-8; 0-2 SAA,N/A,N/A,01/05/18,8:00 PM,N/A,"Memphis, Tenn.",Win,2,False,127,False,--,,96,,107 ,"ASSIST  by DARST,DANIEL",,,"ASSIST  by DARST,DANIEL",2,assist,,rhodes,"darst,daniel",,"['moore,myles', 'mccloud,alton', 'clark,ethan', 'johnson,caleb', 'summerville,mark']","['de,nick', 'feria,nick de', 'ashby,kendrick', 'darst,daniel', 'berry,bryce']",
1055,0864,Rhodes,Berry,1,102-114,"59,55","54,48",7-6; 1-1 SAA,5-8; 0-2 SAA,N/A,N/A,01/05/18,8:00 PM,N/A,"Memphis, Tenn.",Win,2,False,127,False,02:09,"MISS 3PTR by MOORE,MYLES",96,,107 ,,,,"MISS 3PTR by MOORE,MYLES",2,three pointer,missed,berry,"moore,myles",,"['moore,myles', 'mccloud,alton', 'clark,ethan', 'johnson,caleb', 'summerville,mark']","['de,nick', 'feria,nick de', 'ashby,kendrick', 'darst,daniel', 'berry,bryce']",129
1056,0864,Rhodes,Berry,1,102-114,"59,55","54,48",7-6; 1-1 SAA,5-8; 0-2 SAA,N/A,N/A,01/05/18,8:00 PM,N/A,"Memphis, Tenn.",Win,2,False,127,False,--,,96,,107 ,"REBOUND DEF by DARST,DANIEL",,,"REBOUND DEF by DARST,DANIEL",2,defensive rebound,,rhodes,"darst,daniel",,"['moore,myles', 'mccloud,alton', 'clark,ethan', 'johnson,caleb', 'summerville,mark']","['de,nick', 'feria,nick de', 'ashby,kendrick', 'darst,daniel', 'berry,bryce']",
1057,0864,Rhodes,Berry,1,102-114,"59,55","54,48",7-6; 1-1 SAA,5-8; 0-2 SAA,N/A,N/A,01/05/18,8:00 PM,N/A,"Memphis, Tenn.",Win,2,False,127,False,01:53,,96,,107 ,"MISS 3PTR by NYAWATA,ANESU",,,"MISS 3PTR by NYAWATA,ANESU",2,three pointer,missed,rhodes,"nyawata,anesu",,"['moore,myles', 'mccloud,alton', 'clark,ethan', 'johnson,caleb', 'summerville,mark']","['de,nick', 'feria,nick de', 'ashby,kendrick', 'darst,daniel', 'berry,bryce']",113
1058,0864,Rhodes,Berry,1,102-114,"59,55","54,48",7-6; 1-1 SAA,5-8; 0-2 SAA,N/A,N/A,01/05/18,8:00 PM,N/A,"Memphis, Tenn.",Win,2,False,127,False,--,,96,,107 ,"REBOUND OFF by DARST,DANIEL",,,"REBOUND OFF by DARST,DANIEL",2,offensive rebound,,rhodes,"darst,daniel",,"['moore,myles', 'mccloud,alton', 'clark,ethan', 'johnson,caleb', 'summerville,mark']","['de,nick', 'feria,nick de', 'ashby,kendrick', 'darst,daniel', 'berry,bryce']",
1059,0864,Rhodes,Berry,1,102-114,"59,55","54,48",7-6; 1-1 SAA,5-8; 0-2 SAA,N/A,N/A,01/05/18,8:00 PM,N/A,"Memphis, Tenn.",Win,2,False,127,False,01:49,,96,,109 ,"GOOD LAYUP by DARST,DANIEL(in the paint)",RHODES 96-109 (-13),,"GOOD LAYUP by DARST,DANIEL(in the paint)",2,layup,good,rhodes,"darst,daniel",2,"['moore,myles', 'mccloud,alton', 'clark,ethan', 'johnson,caleb', 'summerville,mark']","['de,nick', 'feria,nick de', 'ashby,kendrick', 'darst,daniel', 'berry,bryce']",109
1060,0864,Rhodes,Berry,1,102-114,"59,55","54,48",7-6; 1-1 SAA,5-8; 0-2 SAA,N/A,N/A,01/05/18,8:00 PM,N/A,"Memphis, Tenn.",Win,2,False,127,False,01:33,,96,,109 ,"FOUL  by DARST,DANIEL",,,"FOUL  by DARST,DANIEL",2,foul,,rhodes,"darst,daniel",,"['moore,myles', 'mccloud,alton', 'clark,ethan', 'johnson,caleb', 'summerville,mark']","['de,nick', 'feria,nick de', 'ashby,kendrick', 'darst,daniel', 'berry,bryce']",93
1061,0864,Rhodes,Berry,1,102-114,"59,55","54,48",7-6; 1-1 SAA,5-8; 0-2 SAA,N/A,N/A,01/05/18,8:00 PM,N/A,"Memphis, Tenn.",Win,2,False,127,False,01:33,"GOOD FT by JOHNSON,CALEB",97,,109 ,,BCM 97-109 (-12),,"GOOD FT by JOHNSON,CALEB",2,free throw,good,berry,"johnson,caleb",1,"['moore,myles', 'mccloud,alton', 'clark,ethan', 'johnson,caleb', 'summerville,mark']","['de,nick', 'feria,nick de', 'ashby,kendrick', 'darst,daniel', 'berry,bryce']",93
1062,0864,Rhodes,Berry,1,102-114,"59,55","54,48",7-6; 1-1 SAA,5-8; 0-2 SAA,N/A,N/A,01/05/18,8:00 PM,N/A,"Memphis, Tenn.",Win,2,False,127,False,01:33,"GOOD FT by JOHNSON,CALEB",98,,109 ,,BCM 98-109 (-11),,"GOOD FT by JOHNSON,CALEB",2,free throw,good,berry,"johnson,caleb",1,"['moore,myles', 'mccloud,alton', 'clark,ethan', 'johnson,caleb', 'summerville,mark']","['de,nick', 'feria,nick de', 'ashby,kendrick', 'darst,daniel', 'berry,bryce']",93
1063,0864,Rhodes,Berry,1,102-114,"59,55","54,48",7-6; 1-1 SAA,5-8; 0-2 SAA,N/A,N/A,01/05/18,8:00 PM,N/A,"Memphis, Tenn.",Win,2,False,127,False,01:33,"SUB IN by HIRSH,ELIJAH",98,,109 ,,,,"SUB IN by HIRSH,ELIJAH",2,subbing in,,berry,"hirsh,elijah",,"['moore,myles', 'mccloud,alton', 'clark,ethan', 'johnson,caleb', 'summerville,mark', 'hirsh,elijah']","['de,nick', 'feria,nick de', 'ashby,kendrick', 'darst,daniel', 'berry,bryce']",93
1064,0864,Rhodes,Berry,1,102-114,"59,55","54,48",7-6; 1-1 SAA,5-8; 0-2 SAA,N/A,N/A,01/05/18,8:00 PM,N/A,"Memphis, Tenn.",Win,2,False,127,False,01:33,"SUB OUT by CLARK,ETHAN",98,,109 ,,,,"SUB OUT by CLARK,ETHAN",2,subbing out,,berry,"clark,ethan",,"['moore,myles', 'mccloud,alton', 'johnson,caleb', 'summerville,mark', 'hirsh,elijah']","['de,nick', 'feria,nick de', 'ashby,kendrick', 'darst,daniel', 'berry,bryce']",93
1065,0864,Rhodes,Berry,1,102-114,"59,55","54,48",7-6; 1-1 SAA,5-8; 0-2 SAA,N/A,N/A,01/05/18,8:00 PM,N/A,"Memphis, Tenn.",Win,2,False,127,False,01:33,,98,,109 ,"SUB IN by GIROUX,PRESTON",,,"SUB IN by GIROUX,PRESTON",2,subbing in,,rhodes,"giroux,preston",,"['moore,myles', 'mccloud,alton', 'johnson,caleb', 'summerville,mark', 'hirsh,elijah']","['de,nick', 'feria,nick de', 'ashby,kendrick', 'darst,daniel', 'berry,bryce', 'giroux,preston']",93
1066,0864,Rhodes,Berry,1,102-114,"59,55","54,48",7-6; 1-1 SAA,5-8; 0-2 SAA,N/A,N/A,01/05/18,8:00 PM,N/A,"Memphis, Tenn.",Win,2,False,127,False,01:33,,98,,109 ,"SUB IN by WEATHERFORD,MITCH",,,"SUB IN by WEATHERFORD,MITCH",2,subbing in,,rhodes,"weatherford,mitch",,"['moore,myles', 'mccloud,alton', 'johnson,caleb', 'summerville,mark', 'hirsh,elijah']","['de,nick', 'feria,nick de', 'ashby,kendrick', 'darst,daniel', 'berry,bryce', 'giroux,preston', 'weatherford,mitch']",93
1067,0864,Rhodes,Berry,1,102-114,"59,55","54,48",7-6; 1-1 SAA,5-8; 0-2 SAA,N/A,N/A,01/05/18,8:00 PM,N/A,"Memphis, Tenn.",Win,2,False,127,False,01:33,,98,,109 ,"SUB OUT by FERIA,NICK DE",,,"SUB OUT by FERIA,NICK DE",2,subbing out,,rhodes,"feria,nick de",,"['moore,myles', 'mccloud,alton', 'johnson,caleb', 'summerville,mark', 'hirsh,elijah']","['de,nick', 'ashby,kendrick', 'darst,daniel', 'berry,bryce', 'giroux,preston', 'weatherford,mitch']",93
1068,0864,Rhodes,Berry,1,102-114,"59,55","54,48",7-6; 1-1 SAA,5-8; 0-2 SAA,N/A,N/A,01/05/18,8:00 PM,N/A,"Memphis, Tenn.",Win,2,False,127,False,01:33,,98,,109 ,"SUB OUT by DARST,DANIEL",,,"SUB OUT by DARST,DANIEL",2,subbing out,,rhodes,"darst,daniel",,"['moore,myles', 'mccloud,alton', 'johnson,caleb', 'summerville,mark', 'hirsh,elijah']","['de,nick', 'ashby,kendrick', 'berry,bryce', 'giroux,preston', 'weatherford,mitch']",93
1069,0864,Rhodes,Berry,1,102-114,"59,55","54,48",7-6; 1-1 SAA,5-8; 0-2 SAA,N/A,N/A,01/05/18,8:00 PM,N/A,"Memphis, Tenn.",Win,2,False,127,False,01:17,,98,,109 ,"MISS LAYUP by GIROUX,PRESTON",,,"MISS LAYUP by GIROUX,PRESTON",2,layup,missed,rhodes,"giroux,preston",,"['moore,myles', 'mccloud,alton', 'johnson,caleb', 'summerville,mark', 'hirsh,elijah']","['de,nick', 'ashby,kendrick', 'berry,bryce', 'giroux,preston', 'weatherford,mitch']",77
1070,0864,Rhodes,Berry,1,102-114,"59,55","54,48",7-6; 1-1 SAA,5-8; 0-2 SAA,N/A,N/A,01/05/18,8:00 PM,N/A,"Memphis, Tenn.",Win,2,False,127,False,--,"REBOUND DEF by JOHNSON,CALEB",98,,109 ,,,,"REBOUND DEF by JOHNSON,CALEB",2,defensive rebound,,berry,"johnson,caleb",,"['moore,myles', 'mccloud,alton', 'johnson,caleb', 'summerville,mark', 'hirsh,elijah']","['de,nick', 'ashby,kendrick', 'berry,bryce', 'giroux,preston', 'weatherford,mitch']",
1071,0864,Rhodes,Berry,1,102-114,"59,55","54,48",7-6; 1-1 SAA,5-8; 0-2 SAA,N/A,N/A,01/05/18,8:00 PM,N/A,"Memphis, Tenn.",Win,2,False,127,False,01:11,,98,,109 ,"FOUL  by GIROUX,PRESTON",,,"FOUL  by GIROUX,PRESTON",2,foul,,rhodes,"giroux,preston",,"['moore,myles', 'mccloud,alton', 'johnson,caleb', 'summerville,mark', 'hirsh,elijah']","['de,nick', 'ashby,kendrick', 'berry,bryce', 'giroux,preston', 'weatherford,mitch']",71
1072,0864,Rhodes,Berry,1,102-114,"59,55","54,48",7-6; 1-1 SAA,5-8; 0-2 SAA,N/A,N/A,01/05/18,8:00 PM,N/A,"Memphis, Tenn.",Win,2,False,127,False,01:11,"MISS FT by JOHNSON,CALEB",98,,109 ,,,,"MISS FT by JOHNSON,CALEB",2,free throw,missed,berry,"johnson,caleb",,"['moore,myles', 'mccloud,alton', 'johnson,caleb', 'summerville,mark', 'hirsh,elijah']","['de,nick', 'ashby,kendrick', 'berry,bryce', 'giroux,preston', 'weatherford,mitch']",71
1073,0864,Rhodes,Berry,1,102-114,"59,55","54,48",7-6; 1-1 SAA,5-8; 0-2 SAA,N/A,N/A,01/05/18,8:00 PM,N/A,"Memphis, Tenn.",Win,2,False,127,False,--,REBOUND DEADB by TEAM,98,,109 ,,,,REBOUND DEADB by TEAM,2,deadball rebound,,berry,,,"['moore,myles', 'mccloud,alton', 'johnson,caleb', 'summerville,mark', 'hirsh,elijah']","['de,nick', 'ashby,kendrick', 'berry,bryce', 'giroux,preston', 'weatherford,mitch']",
1074,0864,Rhodes,Berry,1,102-114,"59,55","54,48",7-6; 1-1 SAA,5-8; 0-2 SAA,N/A,N/A,01/05/18,8:00 PM,N/A,"Memphis, Tenn.",Win,2,False,127,False,01:11,"MISS FT by JOHNSON,CALEB",98,,109 ,,,,"MISS FT by JOHNSON,CALEB",2,free throw,missed,berry,"johnson,caleb",,"['moore,myles', 'mccloud,alton', 'johnson,caleb', 'summerville,mark', 'hirsh,elijah']","['de,nick', 'ashby,kendrick', 'berry,bryce', 'giroux,preston', 'weatherford,mitch']",71
1075,0864,Rhodes,Berry,1,102-114,"59,55","54,48",7-6; 1-1 SAA,5-8; 0-2 SAA,N/A,N/A,01/05/18,8:00 PM,N/A,"Memphis, Tenn.",Win,2,False,127,False,--,,98,,109 ,"REBOUND DEF by GIROUX,PRESTON",,,"REBOUND DEF by GIROUX,PRESTON",2,defensive rebound,,rhodes,"giroux,preston",,"['moore,myles', 'mccloud,alton', 'johnson,caleb', 'summerville,mark', 'hirsh,elijah']","['de,nick', 'ashby,kendrick', 'berry,bryce', 'giroux,preston', 'weatherford,mitch']",
1076,0864,Rhodes,Berry,1,102-114,"59,55","54,48",7-6; 1-1 SAA,5-8; 0-2 SAA,N/A,N/A,01/05/18,8:00 PM,N/A,"Memphis, Tenn.",Win,2,False,127,False,00:52,,98,,112 ,"GOOD 3PTR by BERRY,BRYCE",RHODES 98-112 (-14),,"GOOD 3PTR by BERRY,BRYCE",2,three pointer,good,rhodes,"berry,bryce",3,"['moore,myles', 'mccloud,alton', 'johnson,caleb', 'summerville,mark', 'hirsh,elijah']","['de,nick', 'ashby,kendrick', 'berry,bryce', 'giroux,preston', 'weatherford,mitch']",52
1077,0864,Rhodes,Berry,1,102-114,"59,55","54,48",7-6; 1-1 SAA,5-8; 0-2 SAA,N/A,N/A,01/05/18,8:00 PM,N/A,"Memphis, Tenn.",Win,2,False,127,False,--,,98,,112 ,"ASSIST  by WEATHERFORD,MITCH",,,"ASSIST  by WEATHERFORD,MITCH",2,assist,,rhodes,"weatherford,mitch",,"['moore,myles', 'mccloud,alton', 'johnson,caleb', 'summerville,mark', 'hirsh,elijah']","['de,nick', 'ashby,kendrick', 'berry,bryce', 'giroux,preston', 'weatherford,mitch']",
1078,0864,Rhodes,Berry,1,102-114,"59,55","54,48",7-6; 1-1 SAA,5-8; 0-2 SAA,N/A,N/A,01/05/18,8:00 PM,N/A,"Memphis, Tenn.",Win,2,False,127,False,00:40,"GOOD JUMPER by HIRSH,ELIJAH(in the paint)",100,,112 ,,BCM 100-112 (-12),,"GOOD JUMPER by HIRSH,ELIJAH(in the paint)",2,jumper,good,berry,"hirsh,elijah",2,"['moore,myles', 'mccloud,alton', 'johnson,caleb', 'summerville,mark', 'hirsh,elijah']","['de,nick', 'ashby,kendrick', 'berry,bryce', 'giroux,preston', 'weatherford,mitch']",40
1079,0864,Rhodes,Berry,1,102-114,"59,55","54,48",7-6; 1-1 SAA,5-8; 0-2 SAA,N/A,N/A,01/05/18,8:00 PM,N/A,"Memphis, Tenn.",Win,2,False,127,False,--,"ASSIST  by JOHNSON,CALEB",100,,112 ,,,,"ASSIST  by JOHNSON,CALEB",2,assist,,berry,"johnson,caleb",,"['moore,myles', 'mccloud,alton', 'johnson,caleb', 'summerville,mark', 'hirsh,elijah']","['de,nick', 'ashby,kendrick', 'berry,bryce', 'giroux,preston', 'weatherford,mitch']",
1080,0864,Rhodes,Berry,1,102-114,"59,55","54,48",7-6; 1-1 SAA,5-8; 0-2 SAA,N/A,N/A,01/05/18,8:00 PM,N/A,"Memphis, Tenn.",Win,2,False,127,False,00:38,"FOUL  by SUMMERVILLE,MARK",100,,112 ,,,,"FOUL  by SUMMERVILLE,MARK",2,foul,,berry,"summerville,mark",,"['moore,myles', 'mccloud,alton', 'johnson,caleb', 'summerville,mark', 'hirsh,elijah']","['de,nick', 'ashby,kendrick', 'berry,bryce', 'giroux,preston', 'weatherford,mitch']",38
1081,0864,Rhodes,Berry,1,102-114,"59,55","54,48",7-6; 1-1 SAA,5-8; 0-2 SAA,N/A,N/A,01/05/18,8:00 PM,N/A,"Memphis, Tenn.",Win,2,False,127,False,00:36,,100,,112 ,"MISS FT by WEATHERFORD,MITCH",,,"MISS FT by WEATHERFORD,MITCH",2,free throw,missed,rhodes,"weatherford,mitch",,"['moore,myles', 'mccloud,alton', 'johnson,caleb', 'summerville,mark', 'hirsh,elijah']","['de,nick', 'ashby,kendrick', 'berry,bryce', 'giroux,preston', 'weatherford,mitch']",36
1082,0864,Rhodes,Berry,1,102-114,"59,55","54,48",7-6; 1-1 SAA,5-8; 0-2 SAA,N/A,N/A,01/05/18,8:00 PM,N/A,"Memphis, Tenn.",Win,2,False,127,False,--,"REBOUND DEF by HIRSH,ELIJAH",100,,112 ,,,,"REBOUND DEF by HIRSH,ELIJAH",2,defensive rebound,,berry,"hirsh,elijah",,"['moore,myles', 'mccloud,alton', 'johnson,caleb', 'summerville,mark', 'hirsh,elijah']","['de,nick', 'ashby,kendrick', 'berry,bryce', 'giroux,preston', 'weatherford,mitch']",
1083,0864,Rhodes,Berry,1,102-114,"59,55","54,48",7-6; 1-1 SAA,5-8; 0-2 SAA,N/A,N/A,01/05/18,8:00 PM,N/A,"Memphis, Tenn.",Win,2,False,127,False,00:36,,100,,112 ,"SUB IN by GALVIN,OWEN",,,"SUB IN by GALVIN,OWEN",2,subbing in,,rhodes,"galvin,owen",,"['moore,myles', 'mccloud,alton', 'johnson,caleb', 'summerville,mark', 'hirsh,elijah']","['de,nick', 'ashby,kendrick', 'berry,bryce', 'giroux,preston', 'weatherford,mitch', 'galvin,owen']",36
1084,0864,Rhodes,Berry,1,102-114,"59,55","54,48",7-6; 1-1 SAA,5-8; 0-2 SAA,N/A,N/A,01/05/18,8:00 PM,N/A,"Memphis, Tenn.",Win,2,False,127,False,00:36,,100,,112 ,"SUB IN by DALTON,PRICE",,,"SUB IN by DALTON,PRICE",2,subbing in,,rhodes,"dalton,price",,"['moore,myles', 'mccloud,alton', 'johnson,caleb', 'summerville,mark', 'hirsh,elijah']","['de,nick', 'ashby,kendrick', 'berry,bryce', 'giroux,preston', 'weatherford,mitch', 'galvin,owen', 'dalton,price']",36
1085,0864,Rhodes,Berry,1,102-114,"59,55","54,48",7-6; 1-1 SAA,5-8; 0-2 SAA,N/A,N/A,01/05/18,8:00 PM,N/A,"Memphis, Tenn.",Win,2,False,127,False,00:36,,100,,112 ,"SUB OUT by ASHBY,KENDRICK",,,"SUB OUT by ASHBY,KENDRICK",2,subbing out,,rhodes,"ashby,kendrick",,"['moore,myles', 'mccloud,alton', 'johnson,caleb', 'summerville,mark', 'hirsh,elijah']","['de,nick', 'berry,bryce', 'giroux,preston', 'weatherford,mitch', 'galvin,owen', 'dalton,price']",36
1086,0864,Rhodes,Berry,1,102-114,"59,55","54,48",7-6; 1-1 SAA,5-8; 0-2 SAA,N/A,N/A,01/05/18,8:00 PM,N/A,"Memphis, Tenn.",Win,2,False,127,False,00:36,,100,,112 ,"SUB OUT by NYAWATA,ANESU",,,"SUB OUT by NYAWATA,ANESU",2,subbing out,,rhodes,"nyawata,anesu",,"['moore,myles', 'mccloud,alton', 'johnson,caleb', 'summerville,mark', 'hirsh,elijah']","['de,nick', 'berry,bryce', 'giroux,preston', 'weatherford,mitch', 'galvin,owen', 'dalton,price']",36
1087,0864,Rhodes,Berry,1,102-114,"59,55","54,48",7-6; 1-1 SAA,5-8; 0-2 SAA,N/A,N/A,01/05/18,8:00 PM,N/A,"Memphis, Tenn.",Win,2,False,127,False,00:31,"MISS 3PTR by JOHNSON,CALEB",100,,112 ,,,,"MISS 3PTR by JOHNSON,CALEB",2,three pointer,missed,berry,"johnson,caleb",,"['moore,myles', 'mccloud,alton', 'johnson,caleb', 'summerville,mark', 'hirsh,elijah']","['de,nick', 'berry,bryce', 'giroux,preston', 'weatherford,mitch', 'galvin,owen', 'dalton,price']",31
1088,0864,Rhodes,Berry,1,102-114,"59,55","54,48",7-6; 1-1 SAA,5-8; 0-2 SAA,N/A,N/A,01/05/18,8:00 PM,N/A,"Memphis, Tenn.",Win,2,False,127,False,--,"REBOUND OFF by SUMMERVILLE,MARK",100,,112 ,,,,"REBOUND OFF by SUMMERVILLE,MARK",2,offensive rebound,,berry,"summerville,mark",,"['moore,myles', 'mccloud,alton', 'johnson,caleb', 'summerville,mark', 'hirsh,elijah']","['de,nick', 'berry,bryce', 'giroux,preston', 'weatherford,mitch', 'galvin,owen', 'dalton,price']",
1089,0864,Rhodes,Berry,1,102-114,"59,55","54,48",7-6; 1-1 SAA,5-8; 0-2 SAA,N/A,N/A,01/05/18,8:00 PM,N/A,"Memphis, Tenn.",Win,2,False,127,False,00:27,"GOOD LAYUP by SUMMERVILLE,MARK(in the paint)",102,,112 ,,BCM 102-112 (-10),,"GOOD LAYUP by SUMMERVILLE,MARK(in the paint)",2,layup,good,berry,"summerville,mark",2,"['moore,myles', 'mccloud,alton', 'johnson,caleb', 'summerville,mark', 'hirsh,elijah']","['de,nick', 'berry,bryce', 'giroux,preston', 'weatherford,mitch', 'galvin,owen', 'dalton,price']",27
1090,0864,Rhodes,Berry,1,102-114,"59,55","54,48",7-6; 1-1 SAA,5-8; 0-2 SAA,N/A,N/A,01/05/18,8:00 PM,N/A,"Memphis, Tenn.",Win,2,False,127,False,00:17,"SUB IN by BIRDSONG,JAKE",102,,112 ,,,,"SUB IN by BIRDSONG,JAKE",2,subbing in,,berry,"birdsong,jake",,"['moore,myles', 'mccloud,alton', 'johnson,caleb', 'summerville,mark', 'hirsh,elijah']","['de,nick', 'berry,bryce', 'giroux,preston', 'weatherford,mitch', 'galvin,owen', 'dalton,price']",17
1091,0864,Rhodes,Berry,1,102-114,"59,55","54,48",7-6; 1-1 SAA,5-8; 0-2 SAA,N/A,N/A,01/05/18,8:00 PM,N/A,"Memphis, Tenn.",Win,2,False,127,False,00:17,"SUB OUT by SUMMERVILLE,MARK",102,,112 ,,,,"SUB OUT by SUMMERVILLE,MARK",2,subbing out,,berry,"summerville,mark",,"['moore,myles', 'mccloud,alton', 'johnson,caleb', 'hirsh,elijah']","['de,nick', 'berry,bryce', 'giroux,preston', 'weatherford,mitch', 'galvin,owen', 'dalton,price']",17
1092,0864,Rhodes,Berry,1,102-114,"59,55","54,48",7-6; 1-1 SAA,5-8; 0-2 SAA,N/A,N/A,01/05/18,8:00 PM,N/A,"Memphis, Tenn.",Win,2,False,127,False,00:16,"FOUL  by JOHNSON,CALEB",102,,112 ,,,,"FOUL  by JOHNSON,CALEB",2,foul,,berry,"johnson,caleb",,"['moore,myles', 'mccloud,alton', 'johnson,caleb', 'hirsh,elijah']","['de,nick', 'berry,bryce', 'giroux,preston', 'weatherford,mitch', 'galvin,owen', 'dalton,price']",16
1093,0864,Rhodes,Berry,1,102-114,"59,55","54,48",7-6; 1-1 SAA,5-8; 0-2 SAA,N/A,N/A,01/05/18,8:00 PM,N/A,"Memphis, Tenn.",Win,2,False,127,False,00:16,,102,,113 ,"GOOD FT by GALVIN,OWEN",RHODES 102-113 (-11),,"GOOD FT by GALVIN,OWEN",2,free throw,good,rhodes,"galvin,owen",1,"['moore,myles', 'mccloud,alton', 'johnson,caleb', 'hirsh,elijah']","['de,nick', 'berry,bryce', 'giroux,preston', 'weatherford,mitch', 'galvin,owen', 'dalton,price']",16
1094,0864,Rhodes,Berry,1,102-114,"59,55","54,48",7-6; 1-1 SAA,5-8; 0-2 SAA,N/A,N/A,01/05/18,8:00 PM,N/A,"Memphis, Tenn.",Win,2,False,127,False,00:16,"SUB IN by BENTON,THOMAS",102,,113 ,,,,"SUB IN by BENTON,THOMAS",2,subbing in,,berry,"benton,thomas",,"['moore,myles', 'mccloud,alton', 'johnson,caleb', 'hirsh,elijah', 'benton,thomas']","['de,nick', 'berry,bryce', 'giroux,preston', 'weatherford,mitch', 'galvin,owen', 'dalton,price']",16
1095,0864,Rhodes,Berry,1,102-114,"59,55","54,48",7-6; 1-1 SAA,5-8; 0-2 SAA,N/A,N/A,01/05/18,8:00 PM,N/A,"Memphis, Tenn.",Win,2,False,127,False,00:16,"SUB IN by DELF-MONTGOMERY,JOHN",102,,113 ,,,,"SUB IN by DELF-MONTGOMERY,JOHN",2,subbing in,,berry,"delf-montgomery,john",,"['moore,myles', 'mccloud,alton', 'johnson,caleb', 'hirsh,elijah', 'benton,thomas', 'delf-montgomery,john']","['de,nick', 'berry,bryce', 'giroux,preston', 'weatherford,mitch', 'galvin,owen', 'dalton,price']",16
1096,0864,Rhodes,Berry,1,102-114,"59,55","54,48",7-6; 1-1 SAA,5-8; 0-2 SAA,N/A,N/A,01/05/18,8:00 PM,N/A,"Memphis, Tenn.",Win,2,False,127,False,00:16,"SUB IN by CLARK,ETHAN",102,,113 ,,,,"SUB IN by CLARK,ETHAN",2,subbing in,,berry,"clark,ethan",,"['moore,myles', 'mccloud,alton', 'johnson,caleb', 'hirsh,elijah', 'benton,thomas', 'delf-montgomery,john', 'clark,ethan']","['de,nick', 'berry,bryce', 'giroux,preston', 'weatherford,mitch', 'galvin,owen', 'dalton,price']",16
1097,0864,Rhodes,Berry,1,102-114,"59,55","54,48",7-6; 1-1 SAA,5-8; 0-2 SAA,N/A,N/A,01/05/18,8:00 PM,N/A,"Memphis, Tenn.",Win,2,False,127,False,00:16,"SUB OUT by MCCLOUD,ALTON",102,,113 ,,,,"SUB OUT by MCCLOUD,ALTON",2,subbing out,,berry,"mccloud,alton",,"['moore,myles', 'johnson,caleb', 'hirsh,elijah', 'benton,thomas', 'delf-montgomery,john', 'clark,ethan']","['de,nick', 'berry,bryce', 'giroux,preston', 'weatherford,mitch', 'galvin,owen', 'dalton,price']",16
1098,0864,Rhodes,Berry,1,102-114,"59,55","54,48",7-6; 1-1 SAA,5-8; 0-2 SAA,N/A,N/A,01/05/18,8:00 PM,N/A,"Memphis, Tenn.",Win,2,False,127,False,00:16,"SUB OUT by HIRSH,ELIJAH",102,,113 ,,,,"SUB OUT by HIRSH,ELIJAH",2,subbing out,,berry,"hirsh,elijah",,"['moore,myles', 'johnson,caleb', 'benton,thomas', 'delf-montgomery,john', 'clark,ethan']","['de,nick', 'berry,bryce', 'giroux,preston', 'weatherford,mitch', 'galvin,owen', 'dalton,price']",16
1099,0864,Rhodes,Berry,1,102-114,"59,55","54,48",7-6; 1-1 SAA,5-8; 0-2 SAA,N/A,N/A,01/05/18,8:00 PM,N/A,"Memphis, Tenn.",Win,2,False,127,False,00:16,"SUB OUT by JOHNSON,CALEB",102,,113 ,,,,"SUB OUT by JOHNSON,CALEB",2,subbing out,,berry,"johnson,caleb",,"['moore,myles', 'benton,thomas', 'delf-montgomery,john', 'clark,ethan']","['de,nick', 'berry,bryce', 'giroux,preston', 'weatherford,mitch', 'galvin,owen', 'dalton,price']",16
1100,0864,Rhodes,Berry,1,102-114,"59,55","54,48",7-6; 1-1 SAA,5-8; 0-2 SAA,N/A,N/A,01/05/18,8:00 PM,N/A,"Memphis, Tenn.",Win,2,False,127,False,00:16,,102,,113 ,"SUB IN by SWIFT,DJ",,,"SUB IN by SWIFT,DJ",2,subbing in,,rhodes,"swift,dj",,"['moore,myles', 'benton,thomas', 'delf-montgomery,john', 'clark,ethan']","['de,nick', 'berry,bryce', 'giroux,preston', 'weatherford,mitch', 'galvin,owen', 'dalton,price', 'swift,dj']",16
1101,0864,Rhodes,Berry,1,102-114,"59,55","54,48",7-6; 1-1 SAA,5-8; 0-2 SAA,N/A,N/A,01/05/18,8:00 PM,N/A,"Memphis, Tenn.",Win,2,False,127,False,00:16,,102,,113 ,"SUB OUT by DALTON,PRICE",,,"SUB OUT by DALTON,PRICE",2,subbing out,,rhodes,"dalton,price",,"['moore,myles', 'benton,thomas', 'delf-montgomery,john', 'clark,ethan']","['de,nick', 'berry,bryce', 'giroux,preston', 'weatherford,mitch', 'galvin,owen', 'swift,dj']",16
1102,0864,Rhodes,Berry,1,102-114,"59,55","54,48",7-6; 1-1 SAA,5-8; 0-2 SAA,N/A,N/A,01/05/18,8:00 PM,N/A,"Memphis, Tenn.",Win,2,False,127,False,00:15,,102,,114 ,"GOOD FT by GALVIN,OWEN",RHODES 102-114 (-12),,"GOOD FT by GALVIN,OWEN",2,free throw,good,rhodes,"galvin,owen",1,"['moore,myles', 'benton,thomas', 'delf-montgomery,john', 'clark,ethan']","['de,nick', 'berry,bryce', 'giroux,preston', 'weatherford,mitch', 'galvin,owen', 'swift,dj']",15
1103,0864,Rhodes,Berry,1,102-114,"59,55","54,48",7-6; 1-1 SAA,5-8; 0-2 SAA,N/A,N/A,01/05/18,8:00 PM,N/A,"Memphis, Tenn.",Win,2,False,127,False,00:08,,102,,114 ,"MISS 3PTR by MCINTYRE,WILLIAM",,,"MISS 3PTR by MCINTYRE,WILLIAM",2,three pointer,missed,rhodes,"mcintyre,william",,"['moore,myles', 'benton,thomas', 'delf-montgomery,john', 'clark,ethan']","['de,nick', 'berry,bryce', 'giroux,preston', 'weatherford,mitch', 'galvin,owen', 'swift,dj']",8
1104,0864,Rhodes,Berry,1,102-114,"59,55","54,48",7-6; 1-1 SAA,5-8; 0-2 SAA,N/A,N/A,01/05/18,8:00 PM,N/A,"Memphis, Tenn.",Win,2,False,127,False,--,,102,,114 ,"REBOUND OFF by NESTLEHUTT,JAKE",,,"REBOUND OFF by NESTLEHUTT,JAKE",2,offensive rebound,,rhodes,"nestlehutt,jake",,"['moore,myles', 'benton,thomas', 'delf-montgomery,john', 'clark,ethan']","['de,nick', 'berry,bryce', 'giroux,preston', 'weatherford,mitch', 'galvin,owen', 'swift,dj']",
1105,0864,Rhodes,Berry,1,102-114,"59,55","54,48",7-6; 1-1 SAA,5-8; 0-2 SAA,N/A,N/A,01/05/18,8:00 PM,N/A,"Memphis, Tenn.",Win,2,False,127,False,00:01,,102,,114 ,"MISS JUMPER by NESTLEHUTT,JAKE",,,"MISS JUMPER by NESTLEHUTT,JAKE",2,jumper,missed,rhodes,"nestlehutt,jake",,"['moore,myles', 'benton,thomas', 'delf-montgomery,john', 'clark,ethan']","['de,nick', 'berry,bryce', 'giroux,preston', 'weatherford,mitch', 'galvin,owen', 'swift,dj']",1
1106,0864,Rhodes,Berry,1,102-114,"59,55","54,48",7-6; 1-1 SAA,5-8; 0-2 SAA,N/A,N/A,01/05/18,8:00 PM,N/A,"Memphis, Tenn.",Win,2,False,127,False,--,REBOUND DEF by TEAM,102,,114 ,,,,REBOUND DEF by TEAM,2,defensive rebound,,berry,,,"['moore,myles', 'benton,thomas', 'delf-montgomery,john', 'clark,ethan']","['de,nick', 'berry,bryce', 'giroux,preston', 'weatherford,mitch', 'galvin,owen', 'swift,dj']",
