game,boxscore_visitor_name,boxscore_home_name,final score,visitorFinalScore,homeFinalScore,visitorRecord,homeRecord,gameDate,outcome,attendance,gameLocation,gameTime,Time Remaining,Away Team,Away Team Score,Home Team Score,Home Team,Point Differential,Period,Home Play Type,Home Shot Good,Home Shots Taken,Home 3PTRs Taken,Home Shooting PCT,Home 3PTRs PCT,Away Play Type,Away Shot Good,Away Shots Taken,Away 3PTRs Taken,Away Shooting PCT,Away 3PTRs PCT,Time Remaining Mins,Time Remaining Secs
12,Birmingham-Southern,Centre College,66-61,66,61,"8-4, 1-1 SAA","9-3, 0-2 SAA",01/09/15,Lose,486,No Location Recorded,8:00 PM,19:41,,0,0,"MISS 3PTR by GUMP,MATT",0,1,,,0,0,,,3ptr,miss,1,1,0.0,0.0,39,2381
12,Birmingham-Southern,Centre College,66-61,66,61,"8-4, 1-1 SAA","9-3, 0-2 SAA",01/09/15,Lose,486,No Location Recorded,8:00 PM,19:41,"REBOUND DEF by WELCH,ROSS",0,0,,0,1,,,0,0,,,,,1,1,0.0,0.0,39,2381
12,Birmingham-Southern,Centre College,66-61,66,61,"8-4, 1-1 SAA","9-3, 0-2 SAA",01/09/15,Lose,486,No Location Recorded,8:00 PM,19:17,"GOOD 3PTR by THOM,IAN",3,0,,-3,1,3ptr,good,1,1,1.0,1.0,,,1,1,0.0,0.0,39,2357
12,Birmingham-Southern,Centre College,66-61,66,61,"8-4, 1-1 SAA","9-3, 0-2 SAA",01/09/15,Lose,486,No Location Recorded,8:00 PM,19:17,"ASSIST  by AVERY,ALEX",3,0,,-3,1,,,1,1,1.0,1.0,,,1,1,0.0,0.0,39,2357
12,Birmingham-Southern,Centre College,66-61,66,61,"8-4, 1-1 SAA","9-3, 0-2 SAA",01/09/15,Lose,486,No Location Recorded,8:00 PM,18:59,,3,3,"GOOD 3PTR by KARSNER,JOSH",0,1,,,1,1,1.0,1.0,3ptr,good,2,2,0.5,0.5,38,2339
12,Birmingham-Southern,Centre College,66-61,66,61,"8-4, 1-1 SAA","9-3, 0-2 SAA",01/09/15,Lose,486,No Location Recorded,8:00 PM,18:59,,3,3,"ASSIST  by SCINTA,BLAKE",0,1,,,1,1,1.0,1.0,,,2,2,0.5,0.5,38,2339
12,Birmingham-Southern,Centre College,66-61,66,61,"8-4, 1-1 SAA","9-3, 0-2 SAA",01/09/15,Lose,486,No Location Recorded,8:00 PM,18:31,"MISS LAYUP by AVERY,ALEX",3,3,,0,1,layup,miss,2,1,0.5,1.0,,,2,2,0.5,0.5,38,2311
12,Birmingham-Southern,Centre College,66-61,66,61,"8-4, 1-1 SAA","9-3, 0-2 SAA",01/09/15,Lose,486,No Location Recorded,8:00 PM,18:31,,3,3,"REBOUND DEF by STEGGEMAN,ANDREW",0,1,,,2,1,0.5,1.0,,,2,2,0.5,0.5,38,2311
12,Birmingham-Southern,Centre College,66-61,66,61,"8-4, 1-1 SAA","9-3, 0-2 SAA",01/09/15,Lose,486,No Location Recorded,8:00 PM,18:12,,3,3,"MISS 3PTR by GUMP,MATT",0,1,,,2,1,0.5,1.0,3ptr,miss,3,3,0.333,0.333,38,2292
12,Birmingham-Southern,Centre College,66-61,66,61,"8-4, 1-1 SAA","9-3, 0-2 SAA",01/09/15,Lose,486,No Location Recorded,8:00 PM,18:12,"REBOUND DEF by AVERY,ALEX",3,3,,0,1,,,2,1,0.5,1.0,,,3,3,0.333,0.333,38,2292
12,Birmingham-Southern,Centre College,66-61,66,61,"8-4, 1-1 SAA","9-3, 0-2 SAA",01/09/15,Lose,486,No Location Recorded,8:00 PM,18:01,"MISS 3PTR by THOM,IAN",3,3,,0,1,3ptr,miss,3,2,0.333,0.5,,,3,3,0.333,0.333,38,2281
12,Birmingham-Southern,Centre College,66-61,66,61,"8-4, 1-1 SAA","9-3, 0-2 SAA",01/09/15,Lose,486,No Location Recorded,8:00 PM,18:01,,3,3,"REBOUND DEF by STEGGEMAN,ANDREW",0,1,,,3,2,0.333,0.5,,,3,3,0.333,0.333,38,2281
12,Birmingham-Southern,Centre College,66-61,66,61,"8-4, 1-1 SAA","9-3, 0-2 SAA",01/09/15,Lose,486,No Location Recorded,8:00 PM,17:58,"FOUL  by THOM,IAN",3,3,,0,1,foul,,3,2,0.333,0.5,,,3,3,0.333,0.333,37,2278
12,Birmingham-Southern,Centre College,66-61,66,61,"8-4, 1-1 SAA","9-3, 0-2 SAA",01/09/15,Lose,486,No Location Recorded,8:00 PM,17:57,,3,3,"TURNOVER  by STEGGEMAN,ANDREW",0,1,,,3,2,0.333,0.5,,,3,3,0.333,0.333,37,2277
12,Birmingham-Southern,Centre College,66-61,66,61,"8-4, 1-1 SAA","9-3, 0-2 SAA",01/09/15,Lose,486,No Location Recorded,8:00 PM,17:54,"STEAL  by AVERY,ALEX",3,3,,0,1,,,3,2,0.333,0.5,,,3,3,0.333,0.333,37,2274
12,Birmingham-Southern,Centre College,66-61,66,61,"8-4, 1-1 SAA","9-3, 0-2 SAA",01/09/15,Lose,486,No Location Recorded,8:00 PM,17:51,"GOOD LAYUP by THOMAS,LARRY(in the paint)",5,3,,-2,1,layup,good,4,2,0.5,0.5,,,3,3,0.333,0.333,37,2271
12,Birmingham-Southern,Centre College,66-61,66,61,"8-4, 1-1 SAA","9-3, 0-2 SAA",01/09/15,Lose,486,No Location Recorded,8:00 PM,17:21,,5,3,"MISS LAYUP by WESLEY,TYLER",-2,1,,,4,2,0.5,0.5,layup,miss,4,3,0.25,0.333,37,2241
12,Birmingham-Southern,Centre College,66-61,66,61,"8-4, 1-1 SAA","9-3, 0-2 SAA",01/09/15,Lose,486,No Location Recorded,8:00 PM,17:21,"REBOUND DEF by DENEKA,HARRISON",5,3,,-2,1,,,4,2,0.5,0.5,,,4,3,0.25,0.333,37,2241
12,Birmingham-Southern,Centre College,66-61,66,61,"8-4, 1-1 SAA","9-3, 0-2 SAA",01/09/15,Lose,486,No Location Recorded,8:00 PM,17:14,"GOOD LAYUP by THOM,IAN(in the paint)",7,3,,-4,1,layup,good,5,2,0.6,0.5,,,4,3,0.25,0.333,37,2234
12,Birmingham-Southern,Centre College,66-61,66,61,"8-4, 1-1 SAA","9-3, 0-2 SAA",01/09/15,Lose,486,No Location Recorded,8:00 PM,17:00,,7,3,"MISS LAYUP by SCINTA,BLAKE",-4,1,,,5,2,0.6,0.5,layup,miss,5,3,0.2,0.333,37,2220
12,Birmingham-Southern,Centre College,66-61,66,61,"8-4, 1-1 SAA","9-3, 0-2 SAA",01/09/15,Lose,486,No Location Recorded,8:00 PM,17:00,"REBOUND DEF by THOMAS,LARRY",7,3,,-4,1,,,5,2,0.6,0.5,,,5,3,0.2,0.333,37,2220
12,Birmingham-Southern,Centre College,66-61,66,61,"8-4, 1-1 SAA","9-3, 0-2 SAA",01/09/15,Lose,486,No Location Recorded,8:00 PM,16:47,"MISS LAYUP by WELCH,ROSS",7,3,,-4,1,layup,miss,6,2,0.5,0.5,,,5,3,0.2,0.333,36,2207
12,Birmingham-Southern,Centre College,66-61,66,61,"8-4, 1-1 SAA","9-3, 0-2 SAA",01/09/15,Lose,486,No Location Recorded,8:00 PM,16:47,,7,3,"REBOUND DEF by STEGGEMAN,ANDREW",-4,1,,,6,2,0.5,0.5,,,5,3,0.2,0.333,36,2207
12,Birmingham-Southern,Centre College,66-61,66,61,"8-4, 1-1 SAA","9-3, 0-2 SAA",01/09/15,Lose,486,No Location Recorded,8:00 PM,16:41,,7,3,"TURNOVER  by STEGGEMAN,ANDREW",-4,1,,,6,2,0.5,0.5,,,5,3,0.2,0.333,36,2201
12,Birmingham-Southern,Centre College,66-61,66,61,"8-4, 1-1 SAA","9-3, 0-2 SAA",01/09/15,Lose,486,No Location Recorded,8:00 PM,16:28,"GOOD JUMPER by THOM,IAN",9,3,,-6,1,jumper,good,7,2,0.571,0.5,,,5,3,0.2,0.333,36,2188
12,Birmingham-Southern,Centre College,66-61,66,61,"8-4, 1-1 SAA","9-3, 0-2 SAA",01/09/15,Lose,486,No Location Recorded,8:00 PM,16:24,,9,3,TIMEOUT TEAM by TEAM,-6,1,,,7,2,0.571,0.5,,,5,3,0.2,0.333,36,2184
12,Birmingham-Southern,Centre College,66-61,66,61,"8-4, 1-1 SAA","9-3, 0-2 SAA",01/09/15,Lose,486,No Location Recorded,8:00 PM,16:03,,9,6,"GOOD 3PTR by KARSNER,JOSH",-3,1,,,7,2,0.571,0.5,3ptr,good,6,4,0.333,0.5,36,2163
12,Birmingham-Southern,Centre College,66-61,66,61,"8-4, 1-1 SAA","9-3, 0-2 SAA",01/09/15,Lose,486,No Location Recorded,8:00 PM,15:53,"GOOD 3PTR by THOMAS,LARRY",12,6,,-6,1,3ptr,good,8,3,0.625,0.667,,,6,4,0.333,0.5,35,2153
12,Birmingham-Southern,Centre College,66-61,66,61,"8-4, 1-1 SAA","9-3, 0-2 SAA",01/09/15,Lose,486,No Location Recorded,8:00 PM,15:53,"ASSIST  by THOM,IAN",12,6,,-6,1,,,8,3,0.625,0.667,,,6,4,0.333,0.5,35,2153
12,Birmingham-Southern,Centre College,66-61,66,61,"8-4, 1-1 SAA","9-3, 0-2 SAA",01/09/15,Lose,486,No Location Recorded,8:00 PM,15:35,,12,6,"SUB IN by GEEGAN,MIKE",-6,1,,,8,3,0.625,0.667,,,6,4,0.333,0.5,35,2135
12,Birmingham-Southern,Centre College,66-61,66,61,"8-4, 1-1 SAA","9-3, 0-2 SAA",01/09/15,Lose,486,No Location Recorded,8:00 PM,15:35,,12,6,"SUB OUT by GUMP,MATT",-6,1,,,8,3,0.625,0.667,,,6,4,0.333,0.5,35,2135
12,Birmingham-Southern,Centre College,66-61,66,61,"8-4, 1-1 SAA","9-3, 0-2 SAA",01/09/15,Lose,486,No Location Recorded,8:00 PM,15:29,,12,6,"FOUL  by WESLEY,TYLER",-6,1,,,8,3,0.625,0.667,foul,,6,4,0.333,0.5,35,2129
12,Birmingham-Southern,Centre College,66-61,66,61,"8-4, 1-1 SAA","9-3, 0-2 SAA",01/09/15,Lose,486,No Location Recorded,8:00 PM,15:29,,12,6,"TURNOVER  by WESLEY,TYLER",-6,1,,,8,3,0.625,0.667,,,6,4,0.333,0.5,35,2129
12,Birmingham-Southern,Centre College,66-61,66,61,"8-4, 1-1 SAA","9-3, 0-2 SAA",01/09/15,Lose,486,No Location Recorded,8:00 PM,15:29,,12,6,"SUB IN by SCHMUCKER,ZACH",-6,1,,,8,3,0.625,0.667,,,6,4,0.333,0.5,35,2129
12,Birmingham-Southern,Centre College,66-61,66,61,"8-4, 1-1 SAA","9-3, 0-2 SAA",01/09/15,Lose,486,No Location Recorded,8:00 PM,15:29,,12,6,"SUB OUT by WESLEY,TYLER",-6,1,,,8,3,0.625,0.667,,,6,4,0.333,0.5,35,2129
12,Birmingham-Southern,Centre College,66-61,66,61,"8-4, 1-1 SAA","9-3, 0-2 SAA",01/09/15,Lose,486,No Location Recorded,8:00 PM,15:10,"MISS 3PTR by DENEKA,HARRISON",12,6,,-6,1,3ptr,miss,9,4,0.556,0.5,,,6,4,0.333,0.5,35,2110
12,Birmingham-Southern,Centre College,66-61,66,61,"8-4, 1-1 SAA","9-3, 0-2 SAA",01/09/15,Lose,486,No Location Recorded,8:00 PM,15:10,,12,6,"REBOUND DEF by KARSNER,JOSH",-6,1,,,9,4,0.556,0.5,,,6,4,0.333,0.5,35,2110
12,Birmingham-Southern,Centre College,66-61,66,61,"8-4, 1-1 SAA","9-3, 0-2 SAA",01/09/15,Lose,486,No Location Recorded,8:00 PM,14:46,,12,6,"MISS LAYUP by GEEGAN,MIKE",-6,1,,,9,4,0.556,0.5,layup,miss,7,4,0.286,0.5,34,2086
12,Birmingham-Southern,Centre College,66-61,66,61,"8-4, 1-1 SAA","9-3, 0-2 SAA",01/09/15,Lose,486,No Location Recorded,8:00 PM,14:46,"REBOUND DEF by DENEKA,HARRISON",12,6,,-6,1,,,9,4,0.556,0.5,,,7,4,0.286,0.5,34,2086
12,Birmingham-Southern,Centre College,66-61,66,61,"8-4, 1-1 SAA","9-3, 0-2 SAA",01/09/15,Lose,486,No Location Recorded,8:00 PM,14:20,"GOOD LAYUP by AVERY,ALEX(in the paint)",14,6,,-8,1,layup,good,10,4,0.6,0.5,,,7,4,0.286,0.5,34,2060
12,Birmingham-Southern,Centre College,66-61,66,61,"8-4, 1-1 SAA","9-3, 0-2 SAA",01/09/15,Lose,486,No Location Recorded,8:00 PM,13:55,,14,9,"GOOD 3PTR by KARSNER,JOSH",-5,1,,,10,4,0.6,0.5,3ptr,good,8,5,0.375,0.6,33,2035
12,Birmingham-Southern,Centre College,66-61,66,61,"8-4, 1-1 SAA","9-3, 0-2 SAA",01/09/15,Lose,486,No Location Recorded,8:00 PM,13:55,,14,9,"ASSIST  by STEGGEMAN,ANDREW",-5,1,,,10,4,0.6,0.5,,,8,5,0.375,0.6,33,2035
12,Birmingham-Southern,Centre College,66-61,66,61,"8-4, 1-1 SAA","9-3, 0-2 SAA",01/09/15,Lose,486,No Location Recorded,8:00 PM,13:41,"MISS 3PTR by THOM,IAN",14,9,,-5,1,3ptr,miss,11,5,0.545,0.4,,,8,5,0.375,0.6,33,2021
12,Birmingham-Southern,Centre College,66-61,66,61,"8-4, 1-1 SAA","9-3, 0-2 SAA",01/09/15,Lose,486,No Location Recorded,8:00 PM,13:41,,14,9,"REBOUND DEF by SCHMUCKER,ZACH",-5,1,,,11,5,0.545,0.4,,,8,5,0.375,0.6,33,2021
12,Birmingham-Southern,Centre College,66-61,66,61,"8-4, 1-1 SAA","9-3, 0-2 SAA",01/09/15,Lose,486,No Location Recorded,8:00 PM,13:24,,14,9,"MISS 3PTR by STEGGEMAN,ANDREW",-5,1,,,11,5,0.545,0.4,3ptr,miss,9,6,0.333,0.5,33,2004
12,Birmingham-Southern,Centre College,66-61,66,61,"8-4, 1-1 SAA","9-3, 0-2 SAA",01/09/15,Lose,486,No Location Recorded,8:00 PM,13:24,"REBOUND DEF by AVERY,ALEX",14,9,,-5,1,,,11,5,0.545,0.4,,,9,6,0.333,0.5,33,2004
12,Birmingham-Southern,Centre College,66-61,66,61,"8-4, 1-1 SAA","9-3, 0-2 SAA",01/09/15,Lose,486,No Location Recorded,8:00 PM,13:16,,14,9,"FOUL  by KARSNER,JOSH",-5,1,,,11,5,0.545,0.4,foul,,9,6,0.333,0.5,33,1996
12,Birmingham-Southern,Centre College,66-61,66,61,"8-4, 1-1 SAA","9-3, 0-2 SAA",01/09/15,Lose,486,No Location Recorded,8:00 PM,13:16,"SUB IN by HARDIMAN,BEN",14,9,,-5,1,,,11,5,0.545,0.4,,,9,6,0.333,0.5,33,1996
12,Birmingham-Southern,Centre College,66-61,66,61,"8-4, 1-1 SAA","9-3, 0-2 SAA",01/09/15,Lose,486,No Location Recorded,8:00 PM,13:16,"SUB IN by CRAIN,JOHN",14,9,,-5,1,,,11,5,0.545,0.4,,,9,6,0.333,0.5,33,1996
12,Birmingham-Southern,Centre College,66-61,66,61,"8-4, 1-1 SAA","9-3, 0-2 SAA",01/09/15,Lose,486,No Location Recorded,8:00 PM,13:16,"SUB IN by HOLLE,MASON",14,9,,-5,1,,,11,5,0.545,0.4,,,9,6,0.333,0.5,33,1996
12,Birmingham-Southern,Centre College,66-61,66,61,"8-4, 1-1 SAA","9-3, 0-2 SAA",01/09/15,Lose,486,No Location Recorded,8:00 PM,13:16,"SUB IN by LEWIS,EVAN",14,9,,-5,1,,,11,5,0.545,0.4,,,9,6,0.333,0.5,33,1996
12,Birmingham-Southern,Centre College,66-61,66,61,"8-4, 1-1 SAA","9-3, 0-2 SAA",01/09/15,Lose,486,No Location Recorded,8:00 PM,13:16,"SUB IN by MCLEAN,JAMES",14,9,,-5,1,,,11,5,0.545,0.4,,,9,6,0.333,0.5,33,1996
12,Birmingham-Southern,Centre College,66-61,66,61,"8-4, 1-1 SAA","9-3, 0-2 SAA",01/09/15,Lose,486,No Location Recorded,8:00 PM,13:16,"SUB OUT by DENEKA,HARRISON",14,9,,-5,1,,,11,5,0.545,0.4,,,9,6,0.333,0.5,33,1996
12,Birmingham-Southern,Centre College,66-61,66,61,"8-4, 1-1 SAA","9-3, 0-2 SAA",01/09/15,Lose,486,No Location Recorded,8:00 PM,13:16,"SUB OUT by THOMAS,LARRY",14,9,,-5,1,,,11,5,0.545,0.4,,,9,6,0.333,0.5,33,1996
12,Birmingham-Southern,Centre College,66-61,66,61,"8-4, 1-1 SAA","9-3, 0-2 SAA",01/09/15,Lose,486,No Location Recorded,8:00 PM,13:16,"SUB OUT by AVERY,ALEX",14,9,,-5,1,,,11,5,0.545,0.4,,,9,6,0.333,0.5,33,1996
12,Birmingham-Southern,Centre College,66-61,66,61,"8-4, 1-1 SAA","9-3, 0-2 SAA",01/09/15,Lose,486,No Location Recorded,8:00 PM,13:16,"SUB OUT by THOM,IAN",14,9,,-5,1,,,11,5,0.545,0.4,,,9,6,0.333,0.5,33,1996
12,Birmingham-Southern,Centre College,66-61,66,61,"8-4, 1-1 SAA","9-3, 0-2 SAA",01/09/15,Lose,486,No Location Recorded,8:00 PM,13:16,"SUB OUT by WELCH,ROSS",14,9,,-5,1,,,11,5,0.545,0.4,,,9,6,0.333,0.5,33,1996
12,Birmingham-Southern,Centre College,66-61,66,61,"8-4, 1-1 SAA","9-3, 0-2 SAA",01/09/15,Lose,486,No Location Recorded,8:00 PM,13:16,,14,9,"SUB IN by WESLEY,TYLER",-5,1,,,11,5,0.545,0.4,,,9,6,0.333,0.5,33,1996
12,Birmingham-Southern,Centre College,66-61,66,61,"8-4, 1-1 SAA","9-3, 0-2 SAA",01/09/15,Lose,486,No Location Recorded,8:00 PM,13:16,,14,9,"SUB IN by GUMP,MATT",-5,1,,,11,5,0.545,0.4,,,9,6,0.333,0.5,33,1996
12,Birmingham-Southern,Centre College,66-61,66,61,"8-4, 1-1 SAA","9-3, 0-2 SAA",01/09/15,Lose,486,No Location Recorded,8:00 PM,13:16,,14,9,"SUB IN by GRUBER,SAM",-5,1,,,11,5,0.545,0.4,,,9,6,0.333,0.5,33,1996
12,Birmingham-Southern,Centre College,66-61,66,61,"8-4, 1-1 SAA","9-3, 0-2 SAA",01/09/15,Lose,486,No Location Recorded,8:00 PM,13:16,,14,9,"SUB OUT by KARSNER,JOSH",-5,1,,,11,5,0.545,0.4,,,9,6,0.333,0.5,33,1996
12,Birmingham-Southern,Centre College,66-61,66,61,"8-4, 1-1 SAA","9-3, 0-2 SAA",01/09/15,Lose,486,No Location Recorded,8:00 PM,13:16,,14,9,"SUB OUT by SCINTA,BLAKE",-5,1,,,11,5,0.545,0.4,,,9,6,0.333,0.5,33,1996
12,Birmingham-Southern,Centre College,66-61,66,61,"8-4, 1-1 SAA","9-3, 0-2 SAA",01/09/15,Lose,486,No Location Recorded,8:00 PM,13:16,,14,9,"SUB OUT by STEGGEMAN,ANDREW",-5,1,,,11,5,0.545,0.4,,,9,6,0.333,0.5,33,1996
12,Birmingham-Southern,Centre College,66-61,66,61,"8-4, 1-1 SAA","9-3, 0-2 SAA",01/09/15,Lose,486,No Location Recorded,8:00 PM,13:03,"TURNOVER  by LEWIS,EVAN",14,9,,-5,1,,,11,5,0.545,0.4,,,9,6,0.333,0.5,33,1983
12,Birmingham-Southern,Centre College,66-61,66,61,"8-4, 1-1 SAA","9-3, 0-2 SAA",01/09/15,Lose,486,No Location Recorded,8:00 PM,12:49,,14,11,"GOOD JUMPER by SCHMUCKER,ZACH",-3,1,,,11,5,0.545,0.4,jumper,good,10,6,0.4,0.5,32,1969
12,Birmingham-Southern,Centre College,66-61,66,61,"8-4, 1-1 SAA","9-3, 0-2 SAA",01/09/15,Lose,486,No Location Recorded,8:00 PM,12:49,,14,11,"ASSIST  by GUMP,MATT",-3,1,,,11,5,0.545,0.4,,,10,6,0.4,0.5,32,1969
12,Birmingham-Southern,Centre College,66-61,66,61,"8-4, 1-1 SAA","9-3, 0-2 SAA",01/09/15,Lose,486,No Location Recorded,8:00 PM,12:28,,14,11,"FOUL  by SCHMUCKER,ZACH",-3,1,,,11,5,0.545,0.4,foul,,10,6,0.4,0.5,32,1948
12,Birmingham-Southern,Centre College,66-61,66,61,"8-4, 1-1 SAA","9-3, 0-2 SAA",01/09/15,Lose,486,No Location Recorded,8:00 PM,12:18,"GOOD LAYUP by MCLEAN,JAMES(in the paint)",16,11,,-5,1,layup,good,12,5,0.583,0.4,,,10,6,0.4,0.5,32,1938
12,Birmingham-Southern,Centre College,66-61,66,61,"8-4, 1-1 SAA","9-3, 0-2 SAA",01/09/15,Lose,486,No Location Recorded,8:00 PM,11:53,,16,11,"MISS 3PTR by GEEGAN,MIKE",-5,1,,,12,5,0.583,0.4,3ptr,miss,11,7,0.364,0.429,31,1913
12,Birmingham-Southern,Centre College,66-61,66,61,"8-4, 1-1 SAA","9-3, 0-2 SAA",01/09/15,Lose,486,No Location Recorded,8:00 PM,11:53,"REBOUND DEF by HARDIMAN,BEN",16,11,,-5,1,,,12,5,0.583,0.4,,,11,7,0.364,0.429,31,1913
12,Birmingham-Southern,Centre College,66-61,66,61,"8-4, 1-1 SAA","9-3, 0-2 SAA",01/09/15,Lose,486,No Location Recorded,8:00 PM,11:42,"MISS JUMPER by LEWIS,EVAN",16,11,,-5,1,jumper,miss,13,5,0.538,0.4,,,11,7,0.364,0.429,31,1902
12,Birmingham-Southern,Centre College,66-61,66,61,"8-4, 1-1 SAA","9-3, 0-2 SAA",01/09/15,Lose,486,No Location Recorded,8:00 PM,11:42,,16,11,"REBOUND DEF by GUMP,MATT",-5,1,,,13,5,0.538,0.4,,,11,7,0.364,0.429,31,1902
12,Birmingham-Southern,Centre College,66-61,66,61,"8-4, 1-1 SAA","9-3, 0-2 SAA",01/09/15,Lose,486,No Location Recorded,8:00 PM,11:34,,16,14,"GOOD 3PTR by GRUBER,SAM",-2,1,,,13,5,0.538,0.4,3ptr,good,12,8,0.417,0.5,31,1894
12,Birmingham-Southern,Centre College,66-61,66,61,"8-4, 1-1 SAA","9-3, 0-2 SAA",01/09/15,Lose,486,No Location Recorded,8:00 PM,11:34,,16,14,"ASSIST  by GUMP,MATT",-2,1,,,13,5,0.538,0.4,,,12,8,0.417,0.5,31,1894
12,Birmingham-Southern,Centre College,66-61,66,61,"8-4, 1-1 SAA","9-3, 0-2 SAA",01/09/15,Lose,486,No Location Recorded,8:00 PM,11:10,"TURNOVER  by HARDIMAN,BEN",16,14,,-2,1,,,13,5,0.538,0.4,,,12,8,0.417,0.5,31,1870
12,Birmingham-Southern,Centre College,66-61,66,61,"8-4, 1-1 SAA","9-3, 0-2 SAA",01/09/15,Lose,486,No Location Recorded,8:00 PM,10:54,,16,14,"MISS LAYUP by WESLEY,TYLER",-2,1,,,13,5,0.538,0.4,layup,miss,13,8,0.385,0.5,30,1854
12,Birmingham-Southern,Centre College,66-61,66,61,"8-4, 1-1 SAA","9-3, 0-2 SAA",01/09/15,Lose,486,No Location Recorded,8:00 PM,10:54,"REBOUND DEF by HARDIMAN,BEN",16,14,,-2,1,,,13,5,0.538,0.4,,,13,8,0.385,0.5,30,1854
12,Birmingham-Southern,Centre College,66-61,66,61,"8-4, 1-1 SAA","9-3, 0-2 SAA",01/09/15,Lose,486,No Location Recorded,8:00 PM,10:33,"MISS LAYUP by MCLEAN,JAMES",16,14,,-2,1,layup,miss,14,5,0.5,0.4,,,13,8,0.385,0.5,30,1833
12,Birmingham-Southern,Centre College,66-61,66,61,"8-4, 1-1 SAA","9-3, 0-2 SAA",01/09/15,Lose,486,No Location Recorded,8:00 PM,10:33,,16,14,"BLOCK  by WESLEY,TYLER",-2,1,,,14,5,0.5,0.4,,,13,8,0.385,0.5,30,1833
12,Birmingham-Southern,Centre College,66-61,66,61,"8-4, 1-1 SAA","9-3, 0-2 SAA",01/09/15,Lose,486,No Location Recorded,8:00 PM,10:33,,16,14,"REBOUND DEF by WESLEY,TYLER",-2,1,,,14,5,0.5,0.4,,,13,8,0.385,0.5,30,1833
12,Birmingham-Southern,Centre College,66-61,66,61,"8-4, 1-1 SAA","9-3, 0-2 SAA",01/09/15,Lose,486,No Location Recorded,8:00 PM,10:23,,16,17,"GOOD 3PTR by GRUBER,SAM",1,1,,,14,5,0.5,0.4,3ptr,good,14,9,0.429,0.556,30,1823
12,Birmingham-Southern,Centre College,66-61,66,61,"8-4, 1-1 SAA","9-3, 0-2 SAA",01/09/15,Lose,486,No Location Recorded,8:00 PM,10:23,,16,17,"ASSIST  by GUMP,MATT",1,1,,,14,5,0.5,0.4,,,14,9,0.429,0.556,30,1823
12,Birmingham-Southern,Centre College,66-61,66,61,"8-4, 1-1 SAA","9-3, 0-2 SAA",01/09/15,Lose,486,No Location Recorded,8:00 PM,10:11,"FOUL  by HOLLE,MASON",16,17,,1,1,foul,,14,5,0.5,0.4,,,14,9,0.429,0.556,30,1811
12,Birmingham-Southern,Centre College,66-61,66,61,"8-4, 1-1 SAA","9-3, 0-2 SAA",01/09/15,Lose,486,No Location Recorded,8:00 PM,10:11,"TURNOVER  by HOLLE,MASON",16,17,,1,1,,,14,5,0.5,0.4,,,14,9,0.429,0.556,30,1811
12,Birmingham-Southern,Centre College,66-61,66,61,"8-4, 1-1 SAA","9-3, 0-2 SAA",01/09/15,Lose,486,No Location Recorded,8:00 PM,10:11,"SUB IN by BARRON,MAC",16,17,,1,1,,,14,5,0.5,0.4,,,14,9,0.429,0.556,30,1811
12,Birmingham-Southern,Centre College,66-61,66,61,"8-4, 1-1 SAA","9-3, 0-2 SAA",01/09/15,Lose,486,No Location Recorded,8:00 PM,10:11,"SUB IN by THOMAS,LARRY",16,17,,1,1,,,14,5,0.5,0.4,,,14,9,0.429,0.556,30,1811
12,Birmingham-Southern,Centre College,66-61,66,61,"8-4, 1-1 SAA","9-3, 0-2 SAA",01/09/15,Lose,486,No Location Recorded,8:00 PM,10:11,"SUB IN by GALFSKY,ANDER",16,17,,1,1,,,14,5,0.5,0.4,,,14,9,0.429,0.556,30,1811
12,Birmingham-Southern,Centre College,66-61,66,61,"8-4, 1-1 SAA","9-3, 0-2 SAA",01/09/15,Lose,486,No Location Recorded,8:00 PM,10:11,"SUB IN by WELCH,ROSS",16,17,,1,1,,,14,5,0.5,0.4,,,14,9,0.429,0.556,30,1811
12,Birmingham-Southern,Centre College,66-61,66,61,"8-4, 1-1 SAA","9-3, 0-2 SAA",01/09/15,Lose,486,No Location Recorded,8:00 PM,10:11,"SUB OUT by HARDIMAN,BEN",16,17,,1,1,,,14,5,0.5,0.4,,,14,9,0.429,0.556,30,1811
12,Birmingham-Southern,Centre College,66-61,66,61,"8-4, 1-1 SAA","9-3, 0-2 SAA",01/09/15,Lose,486,No Location Recorded,8:00 PM,10:11,"SUB OUT by HOLLE,MASON",16,17,,1,1,,,14,5,0.5,0.4,,,14,9,0.429,0.556,30,1811
12,Birmingham-Southern,Centre College,66-61,66,61,"8-4, 1-1 SAA","9-3, 0-2 SAA",01/09/15,Lose,486,No Location Recorded,8:00 PM,10:11,"SUB OUT by LEWIS,EVAN",16,17,,1,1,,,14,5,0.5,0.4,,,14,9,0.429,0.556,30,1811
12,Birmingham-Southern,Centre College,66-61,66,61,"8-4, 1-1 SAA","9-3, 0-2 SAA",01/09/15,Lose,486,No Location Recorded,8:00 PM,10:11,"SUB OUT by MCLEAN,JAMES",16,17,,1,1,,,14,5,0.5,0.4,,,14,9,0.429,0.556,30,1811
12,Birmingham-Southern,Centre College,66-61,66,61,"8-4, 1-1 SAA","9-3, 0-2 SAA",01/09/15,Lose,486,No Location Recorded,8:00 PM,10:11,,16,17,"SUB IN by SCINTA,BLAKE",1,1,,,14,5,0.5,0.4,,,14,9,0.429,0.556,30,1811
12,Birmingham-Southern,Centre College,66-61,66,61,"8-4, 1-1 SAA","9-3, 0-2 SAA",01/09/15,Lose,486,No Location Recorded,8:00 PM,10:11,,16,17,"SUB OUT by GEEGAN,MIKE",1,1,,,14,5,0.5,0.4,,,14,9,0.429,0.556,30,1811
12,Birmingham-Southern,Centre College,66-61,66,61,"8-4, 1-1 SAA","9-3, 0-2 SAA",01/09/15,Lose,486,No Location Recorded,8:00 PM,10:08,,16,17,"SUB IN by KARSNER,JOSH",1,1,,,14,5,0.5,0.4,,,14,9,0.429,0.556,30,1808
12,Birmingham-Southern,Centre College,66-61,66,61,"8-4, 1-1 SAA","9-3, 0-2 SAA",01/09/15,Lose,486,No Location Recorded,8:00 PM,10:08,,16,17,"SUB OUT by SCHMUCKER,ZACH",1,1,,,14,5,0.5,0.4,,,14,9,0.429,0.556,30,1808
12,Birmingham-Southern,Centre College,66-61,66,61,"8-4, 1-1 SAA","9-3, 0-2 SAA",01/09/15,Lose,486,No Location Recorded,8:00 PM,10:00,"FOUL  by GALFSKY,ANDER",16,17,,1,1,foul,,14,5,0.5,0.4,,,14,9,0.429,0.556,30,1800
12,Birmingham-Southern,Centre College,66-61,66,61,"8-4, 1-1 SAA","9-3, 0-2 SAA",01/09/15,Lose,486,No Location Recorded,8:00 PM,09:44,,16,17,"MISS 3PTR by GUMP,MATT",1,1,,,14,5,0.5,0.4,3ptr,miss,15,10,0.4,0.5,29,1784
12,Birmingham-Southern,Centre College,66-61,66,61,"8-4, 1-1 SAA","9-3, 0-2 SAA",01/09/15,Lose,486,No Location Recorded,8:00 PM,09:44,,16,17,"REBOUND OFF by WESLEY,TYLER",1,1,,,14,5,0.5,0.4,,,15,10,0.4,0.5,29,1784
12,Birmingham-Southern,Centre College,66-61,66,61,"8-4, 1-1 SAA","9-3, 0-2 SAA",01/09/15,Lose,486,No Location Recorded,8:00 PM,09:36,,16,17,"MISS LAYUP by WESLEY,TYLER",1,1,,,14,5,0.5,0.4,layup,miss,16,10,0.375,0.5,29,1776
12,Birmingham-Southern,Centre College,66-61,66,61,"8-4, 1-1 SAA","9-3, 0-2 SAA",01/09/15,Lose,486,No Location Recorded,8:00 PM,09:36,"REBOUND DEF by CRAIN,JOHN",16,17,,1,1,,,14,5,0.5,0.4,,,16,10,0.375,0.5,29,1776
12,Birmingham-Southern,Centre College,66-61,66,61,"8-4, 1-1 SAA","9-3, 0-2 SAA",01/09/15,Lose,486,No Location Recorded,8:00 PM,09:30,"MISS 3PTR by THOMAS,LARRY",16,17,,1,1,3ptr,miss,15,6,0.467,0.333,,,16,10,0.375,0.5,29,1770
12,Birmingham-Southern,Centre College,66-61,66,61,"8-4, 1-1 SAA","9-3, 0-2 SAA",01/09/15,Lose,486,No Location Recorded,8:00 PM,09:30,,16,17,"REBOUND DEF by SCINTA,BLAKE",1,1,,,15,6,0.467,0.333,,,16,10,0.375,0.5,29,1770
12,Birmingham-Southern,Centre College,66-61,66,61,"8-4, 1-1 SAA","9-3, 0-2 SAA",01/09/15,Lose,486,No Location Recorded,8:00 PM,09:09,,16,19,"GOOD LAYUP by SCINTA,BLAKE(in the paint)",3,1,,,15,6,0.467,0.333,layup,good,17,10,0.412,0.5,29,1749
12,Birmingham-Southern,Centre College,66-61,66,61,"8-4, 1-1 SAA","9-3, 0-2 SAA",01/09/15,Lose,486,No Location Recorded,8:00 PM,08:50,"MISS LAYUP by WELCH,ROSS",16,19,,3,1,layup,miss,16,6,0.438,0.333,,,17,10,0.412,0.5,28,1730
12,Birmingham-Southern,Centre College,66-61,66,61,"8-4, 1-1 SAA","9-3, 0-2 SAA",01/09/15,Lose,486,No Location Recorded,8:00 PM,08:50,,16,19,"BLOCK  by KARSNER,JOSH",3,1,,,16,6,0.438,0.333,,,17,10,0.412,0.5,28,1730
12,Birmingham-Southern,Centre College,66-61,66,61,"8-4, 1-1 SAA","9-3, 0-2 SAA",01/09/15,Lose,486,No Location Recorded,8:00 PM,08:50,,16,19,"REBOUND DEF by GRUBER,SAM",3,1,,,16,6,0.438,0.333,,,17,10,0.412,0.5,28,1730
12,Birmingham-Southern,Centre College,66-61,66,61,"8-4, 1-1 SAA","9-3, 0-2 SAA",01/09/15,Lose,486,No Location Recorded,8:00 PM,08:44,"FOUL  by BARRON,MAC",16,19,,3,1,foul,,16,6,0.438,0.333,,,17,10,0.412,0.5,28,1724
12,Birmingham-Southern,Centre College,66-61,66,61,"8-4, 1-1 SAA","9-3, 0-2 SAA",01/09/15,Lose,486,No Location Recorded,8:00 PM,08:44,TIMEOUT TEAM by TEAM,16,19,,3,1,,,16,6,0.438,0.333,,,17,10,0.412,0.5,28,1724
12,Birmingham-Southern,Centre College,66-61,66,61,"8-4, 1-1 SAA","9-3, 0-2 SAA",01/09/15,Lose,486,No Location Recorded,8:00 PM,08:40,,16,19,"MISS FT by GUMP,MATT",3,1,,,16,6,0.438,0.333,ft,miss,18,10,0.389,0.5,28,1720
12,Birmingham-Southern,Centre College,66-61,66,61,"8-4, 1-1 SAA","9-3, 0-2 SAA",01/09/15,Lose,486,No Location Recorded,8:00 PM,08:40,,16,19,REBOUND DEADB by TEAM,3,1,,,16,6,0.438,0.333,,,18,10,0.389,0.5,28,1720
12,Birmingham-Southern,Centre College,66-61,66,61,"8-4, 1-1 SAA","9-3, 0-2 SAA",01/09/15,Lose,486,No Location Recorded,8:00 PM,08:40,,16,20,"GOOD FT by GUMP,MATT",4,1,,,16,6,0.438,0.333,ft,good,19,10,0.421,0.5,28,1720
12,Birmingham-Southern,Centre College,66-61,66,61,"8-4, 1-1 SAA","9-3, 0-2 SAA",01/09/15,Lose,486,No Location Recorded,8:00 PM,08:20,"GOOD LAYUP by BARRON,MAC(in the paint)",18,20,,2,1,layup,good,17,6,0.471,0.333,,,19,10,0.421,0.5,28,1700
12,Birmingham-Southern,Centre College,66-61,66,61,"8-4, 1-1 SAA","9-3, 0-2 SAA",01/09/15,Lose,486,No Location Recorded,8:00 PM,08:20,"ASSIST  by THOMAS,LARRY",18,20,,2,1,,,17,6,0.471,0.333,,,19,10,0.421,0.5,28,1700
12,Birmingham-Southern,Centre College,66-61,66,61,"8-4, 1-1 SAA","9-3, 0-2 SAA",01/09/15,Lose,486,No Location Recorded,8:00 PM,08:02,,18,20,"FOUL  by SCINTA,BLAKE",2,1,,,17,6,0.471,0.333,foul,,19,10,0.421,0.5,28,1682
12,Birmingham-Southern,Centre College,66-61,66,61,"8-4, 1-1 SAA","9-3, 0-2 SAA",01/09/15,Lose,486,No Location Recorded,8:00 PM,08:02,,18,20,"TURNOVER  by SCINTA,BLAKE",2,1,,,17,6,0.471,0.333,,,19,10,0.421,0.5,28,1682
12,Birmingham-Southern,Centre College,66-61,66,61,"8-4, 1-1 SAA","9-3, 0-2 SAA",01/09/15,Lose,486,No Location Recorded,8:00 PM,08:02,,18,20,"SUB IN by SCHMUCKER,ZACH",2,1,,,17,6,0.471,0.333,,,19,10,0.421,0.5,28,1682
12,Birmingham-Southern,Centre College,66-61,66,61,"8-4, 1-1 SAA","9-3, 0-2 SAA",01/09/15,Lose,486,No Location Recorded,8:00 PM,08:02,,18,20,"SUB OUT by WESLEY,TYLER",2,1,,,17,6,0.471,0.333,,,19,10,0.421,0.5,28,1682
12,Birmingham-Southern,Centre College,66-61,66,61,"8-4, 1-1 SAA","9-3, 0-2 SAA",01/09/15,Lose,486,No Location Recorded,8:00 PM,07:49,"FOUL  by WELCH,ROSS",18,20,,2,1,foul,,17,6,0.471,0.333,,,19,10,0.421,0.5,27,1669
12,Birmingham-Southern,Centre College,66-61,66,61,"8-4, 1-1 SAA","9-3, 0-2 SAA",01/09/15,Lose,486,No Location Recorded,8:00 PM,07:49,"TURNOVER  by WELCH,ROSS",18,20,,2,1,,,17,6,0.471,0.333,,,19,10,0.421,0.5,27,1669
12,Birmingham-Southern,Centre College,66-61,66,61,"8-4, 1-1 SAA","9-3, 0-2 SAA",01/09/15,Lose,486,No Location Recorded,8:00 PM,07:49,"SUB IN by MCLEAN,JAMES",18,20,,2,1,,,17,6,0.471,0.333,,,19,10,0.421,0.5,27,1669
12,Birmingham-Southern,Centre College,66-61,66,61,"8-4, 1-1 SAA","9-3, 0-2 SAA",01/09/15,Lose,486,No Location Recorded,8:00 PM,07:49,"SUB OUT by THOMAS,LARRY",18,20,,2,1,,,17,6,0.471,0.333,,,19,10,0.421,0.5,27,1669
12,Birmingham-Southern,Centre College,66-61,66,61,"8-4, 1-1 SAA","9-3, 0-2 SAA",01/09/15,Lose,486,No Location Recorded,8:00 PM,07:33,,18,20,"MISS 3PTR by STEGGEMAN,ANDREW",2,1,,,17,6,0.471,0.333,3ptr,miss,20,11,0.4,0.455,27,1653
12,Birmingham-Southern,Centre College,66-61,66,61,"8-4, 1-1 SAA","9-3, 0-2 SAA",01/09/15,Lose,486,No Location Recorded,8:00 PM,07:33,"REBOUND DEF by DENEKA,HARRISON",18,20,,2,1,,,17,6,0.471,0.333,,,20,11,0.4,0.455,27,1653
12,Birmingham-Southern,Centre College,66-61,66,61,"8-4, 1-1 SAA","9-3, 0-2 SAA",01/09/15,Lose,486,No Location Recorded,8:00 PM,07:08,"GOOD 3PTR by AVERY,ALEX",21,20,,-1,1,3ptr,good,18,7,0.5,0.429,,,20,11,0.4,0.455,27,1628
12,Birmingham-Southern,Centre College,66-61,66,61,"8-4, 1-1 SAA","9-3, 0-2 SAA",01/09/15,Lose,486,No Location Recorded,8:00 PM,07:08,"ASSIST  by WELCH,ROSS",21,20,,-1,1,,,18,7,0.5,0.429,,,20,11,0.4,0.455,27,1628
12,Birmingham-Southern,Centre College,66-61,66,61,"8-4, 1-1 SAA","9-3, 0-2 SAA",01/09/15,Lose,486,No Location Recorded,8:00 PM,06:53,,21,20,"MISS 3PTR by KARSNER,JOSH",-1,1,,,18,7,0.5,0.429,3ptr,miss,21,12,0.381,0.417,26,1613
12,Birmingham-Southern,Centre College,66-61,66,61,"8-4, 1-1 SAA","9-3, 0-2 SAA",01/09/15,Lose,486,No Location Recorded,8:00 PM,06:53,"REBOUND DEF by DENEKA,HARRISON",21,20,,-1,1,,,18,7,0.5,0.429,,,21,12,0.381,0.417,26,1613
12,Birmingham-Southern,Centre College,66-61,66,61,"8-4, 1-1 SAA","9-3, 0-2 SAA",01/09/15,Lose,486,No Location Recorded,8:00 PM,06:35,"TURNOVER  by THOM,IAN",21,20,,-1,1,,,18,7,0.5,0.429,,,21,12,0.381,0.417,26,1595
12,Birmingham-Southern,Centre College,66-61,66,61,"8-4, 1-1 SAA","9-3, 0-2 SAA",01/09/15,Lose,486,No Location Recorded,8:00 PM,06:35,,21,20,"SUB IN by GEEGAN,MIKE",-1,1,,,18,7,0.5,0.429,,,21,12,0.381,0.417,26,1595
12,Birmingham-Southern,Centre College,66-61,66,61,"8-4, 1-1 SAA","9-3, 0-2 SAA",01/09/15,Lose,486,No Location Recorded,8:00 PM,06:35,,21,20,"SUB OUT by GUMP,MATT",-1,1,,,18,7,0.5,0.429,,,21,12,0.381,0.417,26,1595
12,Birmingham-Southern,Centre College,66-61,66,61,"8-4, 1-1 SAA","9-3, 0-2 SAA",01/09/15,Lose,486,No Location Recorded,8:00 PM,06:20,,21,22,"GOOD LAYUP by SCINTA,BLAKE(in the paint)",1,1,,,18,7,0.5,0.429,layup,good,22,12,0.409,0.417,26,1580
12,Birmingham-Southern,Centre College,66-61,66,61,"8-4, 1-1 SAA","9-3, 0-2 SAA",01/09/15,Lose,486,No Location Recorded,8:00 PM,06:06,"GOOD 3PTR by DENEKA,HARRISON",24,22,,-2,1,3ptr,good,19,8,0.526,0.5,,,22,12,0.409,0.417,26,1566
12,Birmingham-Southern,Centre College,66-61,66,61,"8-4, 1-1 SAA","9-3, 0-2 SAA",01/09/15,Lose,486,No Location Recorded,8:00 PM,06:06,"ASSIST  by WELCH,ROSS",24,22,,-2,1,,,19,8,0.526,0.5,,,22,12,0.409,0.417,26,1566
12,Birmingham-Southern,Centre College,66-61,66,61,"8-4, 1-1 SAA","9-3, 0-2 SAA",01/09/15,Lose,486,No Location Recorded,8:00 PM,05:58,"SUB IN by DENEKA,HARRISON",24,22,,-2,1,,,19,8,0.526,0.5,,,22,12,0.409,0.417,25,1558
12,Birmingham-Southern,Centre College,66-61,66,61,"8-4, 1-1 SAA","9-3, 0-2 SAA",01/09/15,Lose,486,No Location Recorded,8:00 PM,05:58,"SUB IN by AVERY,ALEX",24,22,,-2,1,,,19,8,0.526,0.5,,,22,12,0.409,0.417,25,1558
12,Birmingham-Southern,Centre College,66-61,66,61,"8-4, 1-1 SAA","9-3, 0-2 SAA",01/09/15,Lose,486,No Location Recorded,8:00 PM,05:58,"SUB IN by THOM,IAN",24,22,,-2,1,,,19,8,0.526,0.5,,,22,12,0.409,0.417,25,1558
12,Birmingham-Southern,Centre College,66-61,66,61,"8-4, 1-1 SAA","9-3, 0-2 SAA",01/09/15,Lose,486,No Location Recorded,8:00 PM,05:58,"SUB OUT by BARRON,MAC",24,22,,-2,1,,,19,8,0.526,0.5,,,22,12,0.409,0.417,25,1558
12,Birmingham-Southern,Centre College,66-61,66,61,"8-4, 1-1 SAA","9-3, 0-2 SAA",01/09/15,Lose,486,No Location Recorded,8:00 PM,05:58,"SUB OUT by CRAIN,JOHN",24,22,,-2,1,,,19,8,0.526,0.5,,,22,12,0.409,0.417,25,1558
12,Birmingham-Southern,Centre College,66-61,66,61,"8-4, 1-1 SAA","9-3, 0-2 SAA",01/09/15,Lose,486,No Location Recorded,8:00 PM,05:58,"SUB OUT by GALFSKY,ANDER",24,22,,-2,1,,,19,8,0.526,0.5,,,22,12,0.409,0.417,25,1558
12,Birmingham-Southern,Centre College,66-61,66,61,"8-4, 1-1 SAA","9-3, 0-2 SAA",01/09/15,Lose,486,No Location Recorded,8:00 PM,05:44,,24,24,"GOOD LAYUP by SCINTA,BLAKE(in the paint)",0,1,,,19,8,0.526,0.5,layup,good,23,12,0.435,0.417,25,1544
12,Birmingham-Southern,Centre College,66-61,66,61,"8-4, 1-1 SAA","9-3, 0-2 SAA",01/09/15,Lose,486,No Location Recorded,8:00 PM,05:08,"MISS JUMPER by MCLEAN,JAMES",24,24,,0,1,jumper,miss,20,8,0.5,0.5,,,23,12,0.435,0.417,25,1508
12,Birmingham-Southern,Centre College,66-61,66,61,"8-4, 1-1 SAA","9-3, 0-2 SAA",01/09/15,Lose,486,No Location Recorded,8:00 PM,05:08,,24,24,"REBOUND DEF by SCINTA,BLAKE",0,1,,,20,8,0.5,0.5,,,23,12,0.435,0.417,25,1508
12,Birmingham-Southern,Centre College,66-61,66,61,"8-4, 1-1 SAA","9-3, 0-2 SAA",01/09/15,Lose,486,No Location Recorded,8:00 PM,04:41,,24,24,"TURNOVER  by SCINTA,BLAKE",0,1,,,20,8,0.5,0.5,,,23,12,0.435,0.417,24,1481
12,Birmingham-Southern,Centre College,66-61,66,61,"8-4, 1-1 SAA","9-3, 0-2 SAA",01/09/15,Lose,486,No Location Recorded,8:00 PM,04:39,"SUB IN by BARRON,MAC",24,24,,0,1,,,20,8,0.5,0.5,,,23,12,0.435,0.417,24,1479
12,Birmingham-Southern,Centre College,66-61,66,61,"8-4, 1-1 SAA","9-3, 0-2 SAA",01/09/15,Lose,486,No Location Recorded,8:00 PM,04:39,"SUB IN by THOMAS,LARRY",24,24,,0,1,,,20,8,0.5,0.5,,,23,12,0.435,0.417,24,1479
12,Birmingham-Southern,Centre College,66-61,66,61,"8-4, 1-1 SAA","9-3, 0-2 SAA",01/09/15,Lose,486,No Location Recorded,8:00 PM,04:39,"SUB IN by CRAIN,JOHN",24,24,,0,1,,,20,8,0.5,0.5,,,23,12,0.435,0.417,24,1479
12,Birmingham-Southern,Centre College,66-61,66,61,"8-4, 1-1 SAA","9-3, 0-2 SAA",01/09/15,Lose,486,No Location Recorded,8:00 PM,04:39,"SUB OUT by AVERY,ALEX",24,24,,0,1,,,20,8,0.5,0.5,,,23,12,0.435,0.417,24,1479
12,Birmingham-Southern,Centre College,66-61,66,61,"8-4, 1-1 SAA","9-3, 0-2 SAA",01/09/15,Lose,486,No Location Recorded,8:00 PM,04:39,"SUB OUT by THOM,IAN",24,24,,0,1,,,20,8,0.5,0.5,,,23,12,0.435,0.417,24,1479
12,Birmingham-Southern,Centre College,66-61,66,61,"8-4, 1-1 SAA","9-3, 0-2 SAA",01/09/15,Lose,486,No Location Recorded,8:00 PM,04:39,"SUB OUT by MCLEAN,JAMES",24,24,,0,1,,,20,8,0.5,0.5,,,23,12,0.435,0.417,24,1479
12,Birmingham-Southern,Centre College,66-61,66,61,"8-4, 1-1 SAA","9-3, 0-2 SAA",01/09/15,Lose,486,No Location Recorded,8:00 PM,04:39,,24,24,"SUB IN by WESLEY,TYLER",0,1,,,20,8,0.5,0.5,,,23,12,0.435,0.417,24,1479
12,Birmingham-Southern,Centre College,66-61,66,61,"8-4, 1-1 SAA","9-3, 0-2 SAA",01/09/15,Lose,486,No Location Recorded,8:00 PM,04:39,,24,24,"SUB IN by GUMP,MATT",0,1,,,20,8,0.5,0.5,,,23,12,0.435,0.417,24,1479
12,Birmingham-Southern,Centre College,66-61,66,61,"8-4, 1-1 SAA","9-3, 0-2 SAA",01/09/15,Lose,486,No Location Recorded,8:00 PM,04:39,,24,24,"SUB OUT by SCHMUCKER,ZACH",0,1,,,20,8,0.5,0.5,,,23,12,0.435,0.417,24,1479
12,Birmingham-Southern,Centre College,66-61,66,61,"8-4, 1-1 SAA","9-3, 0-2 SAA",01/09/15,Lose,486,No Location Recorded,8:00 PM,04:39,,24,24,"SUB OUT by KARSNER,JOSH",0,1,,,20,8,0.5,0.5,,,23,12,0.435,0.417,24,1479
12,Birmingham-Southern,Centre College,66-61,66,61,"8-4, 1-1 SAA","9-3, 0-2 SAA",01/09/15,Lose,486,No Location Recorded,8:00 PM,04:28,"MISS 3PTR by DENEKA,HARRISON",24,24,,0,1,3ptr,miss,21,9,0.476,0.444,,,23,12,0.435,0.417,24,1468
12,Birmingham-Southern,Centre College,66-61,66,61,"8-4, 1-1 SAA","9-3, 0-2 SAA",01/09/15,Lose,486,No Location Recorded,8:00 PM,04:28,,24,24,"REBOUND DEF by GUMP,MATT",0,1,,,21,9,0.476,0.444,,,23,12,0.435,0.417,24,1468
12,Birmingham-Southern,Centre College,66-61,66,61,"8-4, 1-1 SAA","9-3, 0-2 SAA",01/09/15,Lose,486,No Location Recorded,8:00 PM,04:14,"SUB IN by THOM,IAN",24,24,,0,1,,,21,9,0.476,0.444,,,23,12,0.435,0.417,24,1454
12,Birmingham-Southern,Centre College,66-61,66,61,"8-4, 1-1 SAA","9-3, 0-2 SAA",01/09/15,Lose,486,No Location Recorded,8:00 PM,04:14,"SUB OUT by WELCH,ROSS",24,24,,0,1,,,21,9,0.476,0.444,,,23,12,0.435,0.417,24,1454
12,Birmingham-Southern,Centre College,66-61,66,61,"8-4, 1-1 SAA","9-3, 0-2 SAA",01/09/15,Lose,486,No Location Recorded,8:00 PM,04:03,,24,24,"MISS JUMPER by GUMP,MATT",0,1,,,21,9,0.476,0.444,jumper,miss,24,12,0.417,0.417,24,1443
12,Birmingham-Southern,Centre College,66-61,66,61,"8-4, 1-1 SAA","9-3, 0-2 SAA",01/09/15,Lose,486,No Location Recorded,8:00 PM,04:03,"REBOUND DEF by DENEKA,HARRISON",24,24,,0,1,,,21,9,0.476,0.444,,,24,12,0.417,0.417,24,1443
12,Birmingham-Southern,Centre College,66-61,66,61,"8-4, 1-1 SAA","9-3, 0-2 SAA",01/09/15,Lose,486,No Location Recorded,8:00 PM,03:52,"GOOD 3PTR by DENEKA,HARRISON",27,24,,-3,1,3ptr,good,22,10,0.5,0.5,,,24,12,0.417,0.417,23,1432
12,Birmingham-Southern,Centre College,66-61,66,61,"8-4, 1-1 SAA","9-3, 0-2 SAA",01/09/15,Lose,486,No Location Recorded,8:00 PM,03:52,"ASSIST  by THOMAS,LARRY",27,24,,-3,1,,,22,10,0.5,0.5,,,24,12,0.417,0.417,23,1432
12,Birmingham-Southern,Centre College,66-61,66,61,"8-4, 1-1 SAA","9-3, 0-2 SAA",01/09/15,Lose,486,No Location Recorded,8:00 PM,03:13,,27,24,"MISS 3PTR by GRUBER,SAM",-3,1,,,22,10,0.5,0.5,3ptr,miss,25,13,0.4,0.385,23,1393
12,Birmingham-Southern,Centre College,66-61,66,61,"8-4, 1-1 SAA","9-3, 0-2 SAA",01/09/15,Lose,486,No Location Recorded,8:00 PM,03:13,"REBOUND DEF by CRAIN,JOHN",27,24,,-3,1,,,22,10,0.5,0.5,,,25,13,0.4,0.385,23,1393
12,Birmingham-Southern,Centre College,66-61,66,61,"8-4, 1-1 SAA","9-3, 0-2 SAA",01/09/15,Lose,486,No Location Recorded,8:00 PM,03:01,"FOUL  by BARRON,MAC",27,24,,-3,1,foul,,22,10,0.5,0.5,,,25,13,0.4,0.385,23,1381
12,Birmingham-Southern,Centre College,66-61,66,61,"8-4, 1-1 SAA","9-3, 0-2 SAA",01/09/15,Lose,486,No Location Recorded,8:00 PM,03:01,"TURNOVER  by BARRON,MAC",27,24,,-3,1,,,22,10,0.5,0.5,,,25,13,0.4,0.385,23,1381
12,Birmingham-Southern,Centre College,66-61,66,61,"8-4, 1-1 SAA","9-3, 0-2 SAA",01/09/15,Lose,486,No Location Recorded,8:00 PM,02:48,,27,24,"TURNOVER  by GUMP,MATT",-3,1,,,22,10,0.5,0.5,,,25,13,0.4,0.385,22,1368
12,Birmingham-Southern,Centre College,66-61,66,61,"8-4, 1-1 SAA","9-3, 0-2 SAA",01/09/15,Lose,486,No Location Recorded,8:00 PM,02:47,"STEAL  by CRAIN,JOHN",27,24,,-3,1,,,22,10,0.5,0.5,,,25,13,0.4,0.385,22,1367
12,Birmingham-Southern,Centre College,66-61,66,61,"8-4, 1-1 SAA","9-3, 0-2 SAA",01/09/15,Lose,486,No Location Recorded,8:00 PM,02:45,,27,24,"FOUL  by GRUBER,SAM",-3,1,,,22,10,0.5,0.5,foul,,25,13,0.4,0.385,22,1365
12,Birmingham-Southern,Centre College,66-61,66,61,"8-4, 1-1 SAA","9-3, 0-2 SAA",01/09/15,Lose,486,No Location Recorded,8:00 PM,02:45,"GOOD FT by CRAIN,JOHN",28,24,,-4,1,ft,good,23,10,0.522,0.5,,,25,13,0.4,0.385,22,1365
12,Birmingham-Southern,Centre College,66-61,66,61,"8-4, 1-1 SAA","9-3, 0-2 SAA",01/09/15,Lose,486,No Location Recorded,8:00 PM,02:45,"GOOD FT by CRAIN,JOHN",29,24,,-5,1,ft,good,24,10,0.542,0.5,,,25,13,0.4,0.385,22,1365
12,Birmingham-Southern,Centre College,66-61,66,61,"8-4, 1-1 SAA","9-3, 0-2 SAA",01/09/15,Lose,486,No Location Recorded,8:00 PM,02:45,"SUB IN by WELCH,ROSS",29,24,,-5,1,,,24,10,0.542,0.5,,,25,13,0.4,0.385,22,1365
12,Birmingham-Southern,Centre College,66-61,66,61,"8-4, 1-1 SAA","9-3, 0-2 SAA",01/09/15,Lose,486,No Location Recorded,8:00 PM,02:45,"SUB OUT by CRAIN,JOHN",29,24,,-5,1,,,24,10,0.542,0.5,,,25,13,0.4,0.385,22,1365
12,Birmingham-Southern,Centre College,66-61,66,61,"8-4, 1-1 SAA","9-3, 0-2 SAA",01/09/15,Lose,486,No Location Recorded,8:00 PM,02:45,,29,24,"SUB IN by KARSNER,JOSH",-5,1,,,24,10,0.542,0.5,,,25,13,0.4,0.385,22,1365
12,Birmingham-Southern,Centre College,66-61,66,61,"8-4, 1-1 SAA","9-3, 0-2 SAA",01/09/15,Lose,486,No Location Recorded,8:00 PM,02:45,,29,24,"SUB OUT by SCINTA,BLAKE",-5,1,,,24,10,0.542,0.5,,,25,13,0.4,0.385,22,1365
12,Birmingham-Southern,Centre College,66-61,66,61,"8-4, 1-1 SAA","9-3, 0-2 SAA",01/09/15,Lose,486,No Location Recorded,8:00 PM,02:30,,29,24,"TURNOVER  by GEEGAN,MIKE",-5,1,,,24,10,0.542,0.5,,,25,13,0.4,0.385,22,1350
12,Birmingham-Southern,Centre College,66-61,66,61,"8-4, 1-1 SAA","9-3, 0-2 SAA",01/09/15,Lose,486,No Location Recorded,8:00 PM,02:30,"SUB IN by AVERY,ALEX",29,24,,-5,1,,,24,10,0.542,0.5,,,25,13,0.4,0.385,22,1350
12,Birmingham-Southern,Centre College,66-61,66,61,"8-4, 1-1 SAA","9-3, 0-2 SAA",01/09/15,Lose,486,No Location Recorded,8:00 PM,02:30,"SUB OUT by BARRON,MAC",29,24,,-5,1,,,24,10,0.542,0.5,,,25,13,0.4,0.385,22,1350
12,Birmingham-Southern,Centre College,66-61,66,61,"8-4, 1-1 SAA","9-3, 0-2 SAA",01/09/15,Lose,486,No Location Recorded,8:00 PM,02:04,,29,24,"FOUL  by GRUBER,SAM",-5,1,,,24,10,0.542,0.5,foul,,25,13,0.4,0.385,22,1324
12,Birmingham-Southern,Centre College,66-61,66,61,"8-4, 1-1 SAA","9-3, 0-2 SAA",01/09/15,Lose,486,No Location Recorded,8:00 PM,02:04,"GOOD FT by AVERY,ALEX",30,24,,-6,1,ft,good,25,10,0.56,0.5,,,25,13,0.4,0.385,22,1324
12,Birmingham-Southern,Centre College,66-61,66,61,"8-4, 1-1 SAA","9-3, 0-2 SAA",01/09/15,Lose,486,No Location Recorded,8:00 PM,02:04,"GOOD FT by AVERY,ALEX",31,24,,-7,1,ft,good,26,10,0.577,0.5,,,25,13,0.4,0.385,22,1324
12,Birmingham-Southern,Centre College,66-61,66,61,"8-4, 1-1 SAA","9-3, 0-2 SAA",01/09/15,Lose,486,No Location Recorded,8:00 PM,02:04,"SUB IN by LEWIS,EVAN",31,24,,-7,1,,,26,10,0.577,0.5,,,25,13,0.4,0.385,22,1324
12,Birmingham-Southern,Centre College,66-61,66,61,"8-4, 1-1 SAA","9-3, 0-2 SAA",01/09/15,Lose,486,No Location Recorded,8:00 PM,02:04,"SUB OUT by DENEKA,HARRISON",31,24,,-7,1,,,26,10,0.577,0.5,,,25,13,0.4,0.385,22,1324
12,Birmingham-Southern,Centre College,66-61,66,61,"8-4, 1-1 SAA","9-3, 0-2 SAA",01/09/15,Lose,486,No Location Recorded,8:00 PM,02:04,,31,24,"SUB IN by SCINTA,BLAKE",-7,1,,,26,10,0.577,0.5,,,25,13,0.4,0.385,22,1324
12,Birmingham-Southern,Centre College,66-61,66,61,"8-4, 1-1 SAA","9-3, 0-2 SAA",01/09/15,Lose,486,No Location Recorded,8:00 PM,02:04,,31,24,"SUB OUT by WESLEY,TYLER",-7,1,,,26,10,0.577,0.5,,,25,13,0.4,0.385,22,1324
12,Birmingham-Southern,Centre College,66-61,66,61,"8-4, 1-1 SAA","9-3, 0-2 SAA",01/09/15,Lose,486,No Location Recorded,8:00 PM,01:45,"FOUL  by THOMAS,LARRY",31,24,,-7,1,foul,,26,10,0.577,0.5,,,25,13,0.4,0.385,21,1305
12,Birmingham-Southern,Centre College,66-61,66,61,"8-4, 1-1 SAA","9-3, 0-2 SAA",01/09/15,Lose,486,No Location Recorded,8:00 PM,01:45,,31,25,"GOOD FT by SCINTA,BLAKE",-6,1,,,26,10,0.577,0.5,ft,good,26,13,0.423,0.385,21,1305
12,Birmingham-Southern,Centre College,66-61,66,61,"8-4, 1-1 SAA","9-3, 0-2 SAA",01/09/15,Lose,486,No Location Recorded,8:00 PM,01:45,,31,26,"GOOD FT by SCINTA,BLAKE",-5,1,,,26,10,0.577,0.5,ft,good,27,13,0.444,0.385,21,1305
12,Birmingham-Southern,Centre College,66-61,66,61,"8-4, 1-1 SAA","9-3, 0-2 SAA",01/09/15,Lose,486,No Location Recorded,8:00 PM,01:45,,31,26,"SUB IN by STEGGEMAN,ANDREW",-5,1,,,26,10,0.577,0.5,,,27,13,0.444,0.385,21,1305
12,Birmingham-Southern,Centre College,66-61,66,61,"8-4, 1-1 SAA","9-3, 0-2 SAA",01/09/15,Lose,486,No Location Recorded,8:00 PM,01:45,,31,26,"SUB OUT by GRUBER,SAM",-5,1,,,26,10,0.577,0.5,,,27,13,0.444,0.385,21,1305
12,Birmingham-Southern,Centre College,66-61,66,61,"8-4, 1-1 SAA","9-3, 0-2 SAA",01/09/15,Lose,486,No Location Recorded,8:00 PM,01:41,"GOOD LAYUP by AVERY,ALEX(in the paint)",33,26,,-7,1,layup,good,27,10,0.593,0.5,,,27,13,0.444,0.385,21,1301
12,Birmingham-Southern,Centre College,66-61,66,61,"8-4, 1-1 SAA","9-3, 0-2 SAA",01/09/15,Lose,486,No Location Recorded,8:00 PM,01:41,"ASSIST  by LEWIS,EVAN",33,26,,-7,1,,,27,10,0.593,0.5,,,27,13,0.444,0.385,21,1301
12,Birmingham-Southern,Centre College,66-61,66,61,"8-4, 1-1 SAA","9-3, 0-2 SAA",01/09/15,Lose,486,No Location Recorded,8:00 PM,01:29,,33,26,"MISS 3PTR by KARSNER,JOSH",-7,1,,,27,10,0.593,0.5,3ptr,miss,28,14,0.429,0.357,21,1289
12,Birmingham-Southern,Centre College,66-61,66,61,"8-4, 1-1 SAA","9-3, 0-2 SAA",01/09/15,Lose,486,No Location Recorded,8:00 PM,01:29,"REBOUND DEF by LEWIS,EVAN",33,26,,-7,1,,,27,10,0.593,0.5,,,28,14,0.429,0.357,21,1289
12,Birmingham-Southern,Centre College,66-61,66,61,"8-4, 1-1 SAA","9-3, 0-2 SAA",01/09/15,Lose,486,No Location Recorded,8:00 PM,01:17,"GOOD LAYUP by THOM,IAN(in the paint)",35,26,,-9,1,layup,good,28,10,0.607,0.5,,,28,14,0.429,0.357,21,1277
12,Birmingham-Southern,Centre College,66-61,66,61,"8-4, 1-1 SAA","9-3, 0-2 SAA",01/09/15,Lose,486,No Location Recorded,8:00 PM,01:17,"ASSIST  by AVERY,ALEX",35,26,,-9,1,,,28,10,0.607,0.5,,,28,14,0.429,0.357,21,1277
12,Birmingham-Southern,Centre College,66-61,66,61,"8-4, 1-1 SAA","9-3, 0-2 SAA",01/09/15,Lose,486,No Location Recorded,8:00 PM,00:53,,35,26,"MISS LAYUP by STEGGEMAN,ANDREW",-9,1,,,28,10,0.607,0.5,layup,miss,29,14,0.414,0.357,20,1253
12,Birmingham-Southern,Centre College,66-61,66,61,"8-4, 1-1 SAA","9-3, 0-2 SAA",01/09/15,Lose,486,No Location Recorded,8:00 PM,00:53,,35,26,REBOUND OFF by TEAM,-9,1,,,28,10,0.607,0.5,,,29,14,0.414,0.357,20,1253
12,Birmingham-Southern,Centre College,66-61,66,61,"8-4, 1-1 SAA","9-3, 0-2 SAA",01/09/15,Lose,486,No Location Recorded,8:00 PM,00:45,,35,26,"SUB IN by WESLEY,TYLER",-9,1,,,28,10,0.607,0.5,,,29,14,0.414,0.357,20,1245
12,Birmingham-Southern,Centre College,66-61,66,61,"8-4, 1-1 SAA","9-3, 0-2 SAA",01/09/15,Lose,486,No Location Recorded,8:00 PM,00:45,,35,26,"SUB OUT by STEGGEMAN,ANDREW",-9,1,,,28,10,0.607,0.5,,,29,14,0.414,0.357,20,1245
12,Birmingham-Southern,Centre College,66-61,66,61,"8-4, 1-1 SAA","9-3, 0-2 SAA",01/09/15,Lose,486,No Location Recorded,8:00 PM,00:36,,35,28,"GOOD LAYUP by WESLEY,TYLER(in the paint)",-7,1,,,28,10,0.607,0.5,layup,good,30,14,0.433,0.357,20,1236
12,Birmingham-Southern,Centre College,66-61,66,61,"8-4, 1-1 SAA","9-3, 0-2 SAA",01/09/15,Lose,486,No Location Recorded,8:00 PM,00:36,,35,28,"ASSIST  by GEEGAN,MIKE",-7,1,,,28,10,0.607,0.5,,,30,14,0.433,0.357,20,1236
12,Birmingham-Southern,Centre College,66-61,66,61,"8-4, 1-1 SAA","9-3, 0-2 SAA",01/09/15,Lose,486,No Location Recorded,8:00 PM,00:02,"GOOD LAYUP by THOMAS,LARRY(in the paint)",37,28,,-9,1,layup,good,29,10,0.621,0.5,,,30,14,0.433,0.357,20,1202
12,Birmingham-Southern,Centre College,66-61,66,61,"8-4, 1-1 SAA","9-3, 0-2 SAA",01/09/15,Lose,486,No Location Recorded,8:00 PM,19:42,"MISS 3PTR by DENEKA,HARRISON",37,28,,-9,2,3ptr,miss,30,11,0.6,0.455,,,30,14,0.433,0.357,19,1182
12,Birmingham-Southern,Centre College,66-61,66,61,"8-4, 1-1 SAA","9-3, 0-2 SAA",01/09/15,Lose,486,No Location Recorded,8:00 PM,19:42,,37,28,REBOUND DEF by TEAM,-9,2,,,30,11,0.6,0.455,,,30,14,0.433,0.357,19,1182
12,Birmingham-Southern,Centre College,66-61,66,61,"8-4, 1-1 SAA","9-3, 0-2 SAA",01/09/15,Lose,486,No Location Recorded,8:00 PM,19:40,"FOUL  by THOMAS,LARRY",37,28,,-9,2,foul,,30,11,0.6,0.455,,,30,14,0.433,0.357,19,1180
12,Birmingham-Southern,Centre College,66-61,66,61,"8-4, 1-1 SAA","9-3, 0-2 SAA",01/09/15,Lose,486,No Location Recorded,8:00 PM,19:16,,37,28,"MISS LAYUP by SCINTA,BLAKE",-9,2,,,30,11,0.6,0.455,layup,miss,31,14,0.419,0.357,19,1156
12,Birmingham-Southern,Centre College,66-61,66,61,"8-4, 1-1 SAA","9-3, 0-2 SAA",01/09/15,Lose,486,No Location Recorded,8:00 PM,19:16,"REBOUND DEF by THOMAS,LARRY",37,28,,-9,2,,,30,11,0.6,0.455,,,31,14,0.419,0.357,19,1156
12,Birmingham-Southern,Centre College,66-61,66,61,"8-4, 1-1 SAA","9-3, 0-2 SAA",01/09/15,Lose,486,No Location Recorded,8:00 PM,18:56,"TURNOVER  by WELCH,ROSS",37,28,,-9,2,,,30,11,0.6,0.455,,,31,14,0.419,0.357,18,1136
12,Birmingham-Southern,Centre College,66-61,66,61,"8-4, 1-1 SAA","9-3, 0-2 SAA",01/09/15,Lose,486,No Location Recorded,8:00 PM,18:53,,37,28,"STEAL  by STEGGEMAN,ANDREW",-9,2,,,30,11,0.6,0.455,,,31,14,0.419,0.357,18,1133
12,Birmingham-Southern,Centre College,66-61,66,61,"8-4, 1-1 SAA","9-3, 0-2 SAA",01/09/15,Lose,486,No Location Recorded,8:00 PM,18:50,,37,28,"MISS 3PTR by KARSNER,JOSH",-9,2,,,30,11,0.6,0.455,3ptr,miss,32,15,0.406,0.333,18,1130
12,Birmingham-Southern,Centre College,66-61,66,61,"8-4, 1-1 SAA","9-3, 0-2 SAA",01/09/15,Lose,486,No Location Recorded,8:00 PM,18:50,REBOUND DEF by TEAM,37,28,,-9,2,,,30,11,0.6,0.455,,,32,15,0.406,0.333,18,1130
12,Birmingham-Southern,Centre College,66-61,66,61,"8-4, 1-1 SAA","9-3, 0-2 SAA",01/09/15,Lose,486,No Location Recorded,8:00 PM,18:24,"MISS LAYUP by AVERY,ALEX",37,28,,-9,2,layup,miss,31,11,0.581,0.455,,,32,15,0.406,0.333,18,1104
12,Birmingham-Southern,Centre College,66-61,66,61,"8-4, 1-1 SAA","9-3, 0-2 SAA",01/09/15,Lose,486,No Location Recorded,8:00 PM,18:24,,37,28,"BLOCK  by WESLEY,TYLER",-9,2,,,31,11,0.581,0.455,,,32,15,0.406,0.333,18,1104
12,Birmingham-Southern,Centre College,66-61,66,61,"8-4, 1-1 SAA","9-3, 0-2 SAA",01/09/15,Lose,486,No Location Recorded,8:00 PM,18:24,"REBOUND OFF by AVERY,ALEX",37,28,,-9,2,,,31,11,0.581,0.455,,,32,15,0.406,0.333,18,1104
12,Birmingham-Southern,Centre College,66-61,66,61,"8-4, 1-1 SAA","9-3, 0-2 SAA",01/09/15,Lose,486,No Location Recorded,8:00 PM,18:21,,37,28,"FOUL  by WESLEY,TYLER",-9,2,,,31,11,0.581,0.455,foul,,32,15,0.406,0.333,18,1101
12,Birmingham-Southern,Centre College,66-61,66,61,"8-4, 1-1 SAA","9-3, 0-2 SAA",01/09/15,Lose,486,No Location Recorded,8:00 PM,18:21,"GOOD FT by AVERY,ALEX",38,28,,-10,2,ft,good,32,11,0.594,0.455,,,32,15,0.406,0.333,18,1101
12,Birmingham-Southern,Centre College,66-61,66,61,"8-4, 1-1 SAA","9-3, 0-2 SAA",01/09/15,Lose,486,No Location Recorded,8:00 PM,18:21,"MISS FT by AVERY,ALEX",38,28,,-10,2,ft,miss,33,11,0.576,0.455,,,32,15,0.406,0.333,18,1101
12,Birmingham-Southern,Centre College,66-61,66,61,"8-4, 1-1 SAA","9-3, 0-2 SAA",01/09/15,Lose,486,No Location Recorded,8:00 PM,18:21,,38,28,"REBOUND DEF by KARSNER,JOSH",-10,2,,,33,11,0.576,0.455,,,32,15,0.406,0.333,18,1101
12,Birmingham-Southern,Centre College,66-61,66,61,"8-4, 1-1 SAA","9-3, 0-2 SAA",01/09/15,Lose,486,No Location Recorded,8:00 PM,18:05,,38,28,"TURNOVER  by GUMP,MATT",-10,2,,,33,11,0.576,0.455,,,32,15,0.406,0.333,18,1085
12,Birmingham-Southern,Centre College,66-61,66,61,"8-4, 1-1 SAA","9-3, 0-2 SAA",01/09/15,Lose,486,No Location Recorded,8:00 PM,17:43,"GOOD LAYUP by THOM,IAN(in the paint)",40,28,,-12,2,layup,good,34,11,0.588,0.455,,,32,15,0.406,0.333,17,1063
12,Birmingham-Southern,Centre College,66-61,66,61,"8-4, 1-1 SAA","9-3, 0-2 SAA",01/09/15,Lose,486,No Location Recorded,8:00 PM,17:43,"ASSIST  by AVERY,ALEX",40,28,,-12,2,,,34,11,0.588,0.455,,,32,15,0.406,0.333,17,1063
12,Birmingham-Southern,Centre College,66-61,66,61,"8-4, 1-1 SAA","9-3, 0-2 SAA",01/09/15,Lose,486,No Location Recorded,8:00 PM,17:30,,40,28,"TURNOVER  by SCINTA,BLAKE",-12,2,,,34,11,0.588,0.455,,,32,15,0.406,0.333,17,1050
12,Birmingham-Southern,Centre College,66-61,66,61,"8-4, 1-1 SAA","9-3, 0-2 SAA",01/09/15,Lose,486,No Location Recorded,8:00 PM,17:30,,40,28,TIMEOUT TEAM by TEAM,-12,2,,,34,11,0.588,0.455,,,32,15,0.406,0.333,17,1050
12,Birmingham-Southern,Centre College,66-61,66,61,"8-4, 1-1 SAA","9-3, 0-2 SAA",01/09/15,Lose,486,No Location Recorded,8:00 PM,17:19,"MISS 3PTR by WELCH,ROSS",40,28,,-12,2,3ptr,miss,35,12,0.571,0.417,,,32,15,0.406,0.333,17,1039
12,Birmingham-Southern,Centre College,66-61,66,61,"8-4, 1-1 SAA","9-3, 0-2 SAA",01/09/15,Lose,486,No Location Recorded,8:00 PM,17:19,,40,28,REBOUND DEF by TEAM,-12,2,,,35,12,0.571,0.417,,,32,15,0.406,0.333,17,1039
12,Birmingham-Southern,Centre College,66-61,66,61,"8-4, 1-1 SAA","9-3, 0-2 SAA",01/09/15,Lose,486,No Location Recorded,8:00 PM,16:59,,40,28,"MISS 3PTR by GUMP,MATT",-12,2,,,35,12,0.571,0.417,3ptr,miss,33,16,0.394,0.312,16,1019
12,Birmingham-Southern,Centre College,66-61,66,61,"8-4, 1-1 SAA","9-3, 0-2 SAA",01/09/15,Lose,486,No Location Recorded,8:00 PM,16:59,"REBOUND DEF by DENEKA,HARRISON",40,28,,-12,2,,,35,12,0.571,0.417,,,33,16,0.394,0.312,16,1019
12,Birmingham-Southern,Centre College,66-61,66,61,"8-4, 1-1 SAA","9-3, 0-2 SAA",01/09/15,Lose,486,No Location Recorded,8:00 PM,16:21,,40,28,"SUB IN by GEEGAN,MIKE",-12,2,,,35,12,0.571,0.417,,,33,16,0.394,0.312,16,981
12,Birmingham-Southern,Centre College,66-61,66,61,"8-4, 1-1 SAA","9-3, 0-2 SAA",01/09/15,Lose,486,No Location Recorded,8:00 PM,16:21,,40,28,"SUB OUT by STEGGEMAN,ANDREW",-12,2,,,35,12,0.571,0.417,,,33,16,0.394,0.312,16,981
12,Birmingham-Southern,Centre College,66-61,66,61,"8-4, 1-1 SAA","9-3, 0-2 SAA",01/09/15,Lose,486,No Location Recorded,8:00 PM,16:18,TURNOVER  by TEAM,40,28,,-12,2,,,35,12,0.571,0.417,,,33,16,0.394,0.312,16,978
12,Birmingham-Southern,Centre College,66-61,66,61,"8-4, 1-1 SAA","9-3, 0-2 SAA",01/09/15,Lose,486,No Location Recorded,8:00 PM,16:06,,40,28,"MISS LAYUP by SCINTA,BLAKE",-12,2,,,35,12,0.571,0.417,layup,miss,34,16,0.382,0.312,16,966
12,Birmingham-Southern,Centre College,66-61,66,61,"8-4, 1-1 SAA","9-3, 0-2 SAA",01/09/15,Lose,486,No Location Recorded,8:00 PM,16:06,"REBOUND DEF by WELCH,ROSS",40,28,,-12,2,,,35,12,0.571,0.417,,,34,16,0.382,0.312,16,966
12,Birmingham-Southern,Centre College,66-61,66,61,"8-4, 1-1 SAA","9-3, 0-2 SAA",01/09/15,Lose,486,No Location Recorded,8:00 PM,15:52,,40,28,"FOUL  by GUMP,MATT",-12,2,,,35,12,0.571,0.417,foul,,34,16,0.382,0.312,15,952
12,Birmingham-Southern,Centre College,66-61,66,61,"8-4, 1-1 SAA","9-3, 0-2 SAA",01/09/15,Lose,486,No Location Recorded,8:00 PM,15:49,,40,28,"FOUL  by GUMP,MATT",-12,2,,,35,12,0.571,0.417,foul,,34,16,0.382,0.312,15,949
12,Birmingham-Southern,Centre College,66-61,66,61,"8-4, 1-1 SAA","9-3, 0-2 SAA",01/09/15,Lose,486,No Location Recorded,8:00 PM,15:48,"GOOD LAYUP by AVERY,ALEX(in the paint)",42,28,,-14,2,layup,good,36,12,0.583,0.417,,,34,16,0.382,0.312,15,948
12,Birmingham-Southern,Centre College,66-61,66,61,"8-4, 1-1 SAA","9-3, 0-2 SAA",01/09/15,Lose,486,No Location Recorded,8:00 PM,15:21,,42,28,"MISS 3PTR by GUMP,MATT",-14,2,,,36,12,0.583,0.417,3ptr,miss,35,17,0.371,0.294,15,921
12,Birmingham-Southern,Centre College,66-61,66,61,"8-4, 1-1 SAA","9-3, 0-2 SAA",01/09/15,Lose,486,No Location Recorded,8:00 PM,15:21,,42,28,"REBOUND OFF by WESLEY,TYLER",-14,2,,,36,12,0.583,0.417,,,35,17,0.371,0.294,15,921
12,Birmingham-Southern,Centre College,66-61,66,61,"8-4, 1-1 SAA","9-3, 0-2 SAA",01/09/15,Lose,486,No Location Recorded,8:00 PM,15:15,,42,28,"TURNOVER  by WESLEY,TYLER",-14,2,,,36,12,0.583,0.417,,,35,17,0.371,0.294,15,915
12,Birmingham-Southern,Centre College,66-61,66,61,"8-4, 1-1 SAA","9-3, 0-2 SAA",01/09/15,Lose,486,No Location Recorded,8:00 PM,15:08,"GOOD 3PTR by DENEKA,HARRISON",45,28,,-17,2,3ptr,good,37,13,0.595,0.462,,,35,17,0.371,0.294,15,908
12,Birmingham-Southern,Centre College,66-61,66,61,"8-4, 1-1 SAA","9-3, 0-2 SAA",01/09/15,Lose,486,No Location Recorded,8:00 PM,15:08,"ASSIST  by WELCH,ROSS",45,28,,-17,2,,,37,13,0.595,0.462,,,35,17,0.371,0.294,15,908
12,Birmingham-Southern,Centre College,66-61,66,61,"8-4, 1-1 SAA","9-3, 0-2 SAA",01/09/15,Lose,486,No Location Recorded,8:00 PM,15:04,,45,28,TIMEOUT TEAM by TEAM,-17,2,,,37,13,0.595,0.462,,,35,17,0.371,0.294,15,904
12,Birmingham-Southern,Centre College,66-61,66,61,"8-4, 1-1 SAA","9-3, 0-2 SAA",01/09/15,Lose,486,No Location Recorded,8:00 PM,14:54,,45,31,"GOOD 3PTR by KARSNER,JOSH",-14,2,,,37,13,0.595,0.462,3ptr,good,36,18,0.389,0.333,14,894
12,Birmingham-Southern,Centre College,66-61,66,61,"8-4, 1-1 SAA","9-3, 0-2 SAA",01/09/15,Lose,486,No Location Recorded,8:00 PM,14:39,"MISS 3PTR by WELCH,ROSS",45,31,,-14,2,3ptr,miss,38,14,0.579,0.429,,,36,18,0.389,0.333,14,879
12,Birmingham-Southern,Centre College,66-61,66,61,"8-4, 1-1 SAA","9-3, 0-2 SAA",01/09/15,Lose,486,No Location Recorded,8:00 PM,14:39,,45,31,"REBOUND DEF by KARSNER,JOSH",-14,2,,,38,14,0.579,0.429,,,36,18,0.389,0.333,14,879
12,Birmingham-Southern,Centre College,66-61,66,61,"8-4, 1-1 SAA","9-3, 0-2 SAA",01/09/15,Lose,486,No Location Recorded,8:00 PM,14:37,"FOUL  by AVERY,ALEX",45,31,,-14,2,foul,,38,14,0.579,0.429,,,36,18,0.389,0.333,14,877
12,Birmingham-Southern,Centre College,66-61,66,61,"8-4, 1-1 SAA","9-3, 0-2 SAA",01/09/15,Lose,486,No Location Recorded,8:00 PM,14:37,,45,31,"SUB IN by SCHMUCKER,ZACH",-14,2,,,38,14,0.579,0.429,,,36,18,0.389,0.333,14,877
12,Birmingham-Southern,Centre College,66-61,66,61,"8-4, 1-1 SAA","9-3, 0-2 SAA",01/09/15,Lose,486,No Location Recorded,8:00 PM,14:37,,45,31,"SUB OUT by WESLEY,TYLER",-14,2,,,38,14,0.579,0.429,,,36,18,0.389,0.333,14,877
12,Birmingham-Southern,Centre College,66-61,66,61,"8-4, 1-1 SAA","9-3, 0-2 SAA",01/09/15,Lose,486,No Location Recorded,8:00 PM,14:30,"FOUL  by THOMAS,LARRY",45,31,,-14,2,foul,,38,14,0.579,0.429,,,36,18,0.389,0.333,14,870
12,Birmingham-Southern,Centre College,66-61,66,61,"8-4, 1-1 SAA","9-3, 0-2 SAA",01/09/15,Lose,486,No Location Recorded,8:00 PM,14:20,,45,33,"GOOD LAYUP by SCINTA,BLAKE(in the paint)",-12,2,,,38,14,0.579,0.429,layup,good,37,18,0.405,0.333,14,860
12,Birmingham-Southern,Centre College,66-61,66,61,"8-4, 1-1 SAA","9-3, 0-2 SAA",01/09/15,Lose,486,No Location Recorded,8:00 PM,14:09,"MISS 3PTR by WELCH,ROSS",45,33,,-12,2,3ptr,miss,39,15,0.564,0.4,,,37,18,0.405,0.333,14,849
12,Birmingham-Southern,Centre College,66-61,66,61,"8-4, 1-1 SAA","9-3, 0-2 SAA",01/09/15,Lose,486,No Location Recorded,8:00 PM,14:09,,45,33,"REBOUND DEF by SCHMUCKER,ZACH",-12,2,,,39,15,0.564,0.4,,,37,18,0.405,0.333,14,849
12,Birmingham-Southern,Centre College,66-61,66,61,"8-4, 1-1 SAA","9-3, 0-2 SAA",01/09/15,Lose,486,No Location Recorded,8:00 PM,13:58,,45,33,"MISS 3PTR by KARSNER,JOSH",-12,2,,,39,15,0.564,0.4,3ptr,miss,38,19,0.395,0.316,13,838
12,Birmingham-Southern,Centre College,66-61,66,61,"8-4, 1-1 SAA","9-3, 0-2 SAA",01/09/15,Lose,486,No Location Recorded,8:00 PM,13:58,"REBOUND DEF by DENEKA,HARRISON",45,33,,-12,2,,,39,15,0.564,0.4,,,38,19,0.395,0.316,13,838
12,Birmingham-Southern,Centre College,66-61,66,61,"8-4, 1-1 SAA","9-3, 0-2 SAA",01/09/15,Lose,486,No Location Recorded,8:00 PM,13:47,,45,33,"FOUL  by GEEGAN,MIKE",-12,2,,,39,15,0.564,0.4,foul,,38,19,0.395,0.316,13,827
12,Birmingham-Southern,Centre College,66-61,66,61,"8-4, 1-1 SAA","9-3, 0-2 SAA",01/09/15,Lose,486,No Location Recorded,8:00 PM,13:47,"SUB IN by BARRON,MAC",45,33,,-12,2,,,39,15,0.564,0.4,,,38,19,0.395,0.316,13,827
12,Birmingham-Southern,Centre College,66-61,66,61,"8-4, 1-1 SAA","9-3, 0-2 SAA",01/09/15,Lose,486,No Location Recorded,8:00 PM,13:47,"SUB IN by CRAIN,JOHN",45,33,,-12,2,,,39,15,0.564,0.4,,,38,19,0.395,0.316,13,827
12,Birmingham-Southern,Centre College,66-61,66,61,"8-4, 1-1 SAA","9-3, 0-2 SAA",01/09/15,Lose,486,No Location Recorded,8:00 PM,13:47,"SUB IN by HOLLE,MASON",45,33,,-12,2,,,39,15,0.564,0.4,,,38,19,0.395,0.316,13,827
12,Birmingham-Southern,Centre College,66-61,66,61,"8-4, 1-1 SAA","9-3, 0-2 SAA",01/09/15,Lose,486,No Location Recorded,8:00 PM,13:47,"SUB IN by LEWIS,EVAN",45,33,,-12,2,,,39,15,0.564,0.4,,,38,19,0.395,0.316,13,827
12,Birmingham-Southern,Centre College,66-61,66,61,"8-4, 1-1 SAA","9-3, 0-2 SAA",01/09/15,Lose,486,No Location Recorded,8:00 PM,13:47,"SUB IN by MCLEAN,JAMES",45,33,,-12,2,,,39,15,0.564,0.4,,,38,19,0.395,0.316,13,827
12,Birmingham-Southern,Centre College,66-61,66,61,"8-4, 1-1 SAA","9-3, 0-2 SAA",01/09/15,Lose,486,No Location Recorded,8:00 PM,13:47,"SUB OUT by DENEKA,HARRISON",45,33,,-12,2,,,39,15,0.564,0.4,,,38,19,0.395,0.316,13,827
12,Birmingham-Southern,Centre College,66-61,66,61,"8-4, 1-1 SAA","9-3, 0-2 SAA",01/09/15,Lose,486,No Location Recorded,8:00 PM,13:47,"SUB OUT by THOMAS,LARRY",45,33,,-12,2,,,39,15,0.564,0.4,,,38,19,0.395,0.316,13,827
12,Birmingham-Southern,Centre College,66-61,66,61,"8-4, 1-1 SAA","9-3, 0-2 SAA",01/09/15,Lose,486,No Location Recorded,8:00 PM,13:47,"SUB OUT by AVERY,ALEX",45,33,,-12,2,,,39,15,0.564,0.4,,,38,19,0.395,0.316,13,827
12,Birmingham-Southern,Centre College,66-61,66,61,"8-4, 1-1 SAA","9-3, 0-2 SAA",01/09/15,Lose,486,No Location Recorded,8:00 PM,13:47,"SUB OUT by THOM,IAN",45,33,,-12,2,,,39,15,0.564,0.4,,,38,19,0.395,0.316,13,827
12,Birmingham-Southern,Centre College,66-61,66,61,"8-4, 1-1 SAA","9-3, 0-2 SAA",01/09/15,Lose,486,No Location Recorded,8:00 PM,13:47,"SUB OUT by WELCH,ROSS",45,33,,-12,2,,,39,15,0.564,0.4,,,38,19,0.395,0.316,13,827
12,Birmingham-Southern,Centre College,66-61,66,61,"8-4, 1-1 SAA","9-3, 0-2 SAA",01/09/15,Lose,486,No Location Recorded,8:00 PM,13:47,,45,33,"SUB IN by WESLEY,TYLER",-12,2,,,39,15,0.564,0.4,,,38,19,0.395,0.316,13,827
12,Birmingham-Southern,Centre College,66-61,66,61,"8-4, 1-1 SAA","9-3, 0-2 SAA",01/09/15,Lose,486,No Location Recorded,8:00 PM,13:47,,45,33,"SUB IN by GRUBER,SAM",-12,2,,,39,15,0.564,0.4,,,38,19,0.395,0.316,13,827
12,Birmingham-Southern,Centre College,66-61,66,61,"8-4, 1-1 SAA","9-3, 0-2 SAA",01/09/15,Lose,486,No Location Recorded,8:00 PM,13:47,,45,33,"SUB OUT by SCHMUCKER,ZACH",-12,2,,,39,15,0.564,0.4,,,38,19,0.395,0.316,13,827
12,Birmingham-Southern,Centre College,66-61,66,61,"8-4, 1-1 SAA","9-3, 0-2 SAA",01/09/15,Lose,486,No Location Recorded,8:00 PM,13:47,,45,33,"SUB OUT by GUMP,MATT",-12,2,,,39,15,0.564,0.4,,,38,19,0.395,0.316,13,827
12,Birmingham-Southern,Centre College,66-61,66,61,"8-4, 1-1 SAA","9-3, 0-2 SAA",01/09/15,Lose,486,No Location Recorded,8:00 PM,13:29,"TURNOVER  by BARRON,MAC",45,33,,-12,2,,,39,15,0.564,0.4,,,38,19,0.395,0.316,13,809
12,Birmingham-Southern,Centre College,66-61,66,61,"8-4, 1-1 SAA","9-3, 0-2 SAA",01/09/15,Lose,486,No Location Recorded,8:00 PM,13:17,"FOUL  by HOLLE,MASON",45,33,,-12,2,foul,,39,15,0.564,0.4,,,38,19,0.395,0.316,13,797
12,Birmingham-Southern,Centre College,66-61,66,61,"8-4, 1-1 SAA","9-3, 0-2 SAA",01/09/15,Lose,486,No Location Recorded,8:00 PM,13:10,"FOUL  by CRAIN,JOHN",45,33,,-12,2,foul,,39,15,0.564,0.4,,,38,19,0.395,0.316,13,790
12,Birmingham-Southern,Centre College,66-61,66,61,"8-4, 1-1 SAA","9-3, 0-2 SAA",01/09/15,Lose,486,No Location Recorded,8:00 PM,13:10,,45,34,"GOOD FT by GEEGAN,MIKE",-11,2,,,39,15,0.564,0.4,ft,good,39,19,0.41,0.316,13,790
12,Birmingham-Southern,Centre College,66-61,66,61,"8-4, 1-1 SAA","9-3, 0-2 SAA",01/09/15,Lose,486,No Location Recorded,8:00 PM,13:10,,45,35,"GOOD FT by GEEGAN,MIKE",-10,2,,,39,15,0.564,0.4,ft,good,40,19,0.425,0.316,13,790
12,Birmingham-Southern,Centre College,66-61,66,61,"8-4, 1-1 SAA","9-3, 0-2 SAA",01/09/15,Lose,486,No Location Recorded,8:00 PM,13:01,"MISS LAYUP by MCLEAN,JAMES",45,35,,-10,2,layup,miss,40,15,0.55,0.4,,,40,19,0.425,0.316,13,781
12,Birmingham-Southern,Centre College,66-61,66,61,"8-4, 1-1 SAA","9-3, 0-2 SAA",01/09/15,Lose,486,No Location Recorded,8:00 PM,13:01,,45,35,"BLOCK  by WESLEY,TYLER",-10,2,,,40,15,0.55,0.4,,,40,19,0.425,0.316,13,781
12,Birmingham-Southern,Centre College,66-61,66,61,"8-4, 1-1 SAA","9-3, 0-2 SAA",01/09/15,Lose,486,No Location Recorded,8:00 PM,13:01,REBOUND OFF by TEAM,45,35,,-10,2,,,40,15,0.55,0.4,,,40,19,0.425,0.316,13,781
12,Birmingham-Southern,Centre College,66-61,66,61,"8-4, 1-1 SAA","9-3, 0-2 SAA",01/09/15,Lose,486,No Location Recorded,8:00 PM,12:59,"TURNOVER  by CRAIN,JOHN",45,35,,-10,2,,,40,15,0.55,0.4,,,40,19,0.425,0.316,12,779
12,Birmingham-Southern,Centre College,66-61,66,61,"8-4, 1-1 SAA","9-3, 0-2 SAA",01/09/15,Lose,486,No Location Recorded,8:00 PM,12:58,,45,35,"STEAL  by GEEGAN,MIKE",-10,2,,,40,15,0.55,0.4,,,40,19,0.425,0.316,12,778
12,Birmingham-Southern,Centre College,66-61,66,61,"8-4, 1-1 SAA","9-3, 0-2 SAA",01/09/15,Lose,486,No Location Recorded,8:00 PM,12:56,"FOUL  by LEWIS,EVAN",45,35,,-10,2,foul,,40,15,0.55,0.4,,,40,19,0.425,0.316,12,776
12,Birmingham-Southern,Centre College,66-61,66,61,"8-4, 1-1 SAA","9-3, 0-2 SAA",01/09/15,Lose,486,No Location Recorded,8:00 PM,12:56,,45,36,"GOOD FT by GEEGAN,MIKE",-9,2,,,40,15,0.55,0.4,ft,good,41,19,0.439,0.316,12,776
12,Birmingham-Southern,Centre College,66-61,66,61,"8-4, 1-1 SAA","9-3, 0-2 SAA",01/09/15,Lose,486,No Location Recorded,8:00 PM,12:56,,45,36,"MISS FT by GEEGAN,MIKE",-9,2,,,40,15,0.55,0.4,ft,miss,42,19,0.429,0.316,12,776
12,Birmingham-Southern,Centre College,66-61,66,61,"8-4, 1-1 SAA","9-3, 0-2 SAA",01/09/15,Lose,486,No Location Recorded,8:00 PM,12:56,"REBOUND DEF by BARRON,MAC",45,36,,-9,2,,,40,15,0.55,0.4,,,42,19,0.429,0.316,12,776
12,Birmingham-Southern,Centre College,66-61,66,61,"8-4, 1-1 SAA","9-3, 0-2 SAA",01/09/15,Lose,486,No Location Recorded,8:00 PM,12:54,,45,36,"FOUL  by SCINTA,BLAKE",-9,2,,,40,15,0.55,0.4,foul,,42,19,0.429,0.316,12,774
12,Birmingham-Southern,Centre College,66-61,66,61,"8-4, 1-1 SAA","9-3, 0-2 SAA",01/09/15,Lose,486,No Location Recorded,8:00 PM,12:40,"MISS 3PTR by HOLLE,MASON",45,36,,-9,2,3ptr,miss,41,16,0.537,0.375,,,42,19,0.429,0.316,12,760
12,Birmingham-Southern,Centre College,66-61,66,61,"8-4, 1-1 SAA","9-3, 0-2 SAA",01/09/15,Lose,486,No Location Recorded,8:00 PM,12:40,"REBOUND OFF by HOLLE,MASON",45,36,,-9,2,,,41,16,0.537,0.375,,,42,19,0.429,0.316,12,760
12,Birmingham-Southern,Centre College,66-61,66,61,"8-4, 1-1 SAA","9-3, 0-2 SAA",01/09/15,Lose,486,No Location Recorded,8:00 PM,12:29,"GOOD 3PTR by HOLLE,MASON",48,36,,-12,2,3ptr,good,42,17,0.548,0.412,,,42,19,0.429,0.316,12,749
12,Birmingham-Southern,Centre College,66-61,66,61,"8-4, 1-1 SAA","9-3, 0-2 SAA",01/09/15,Lose,486,No Location Recorded,8:00 PM,12:21,,48,39,"GOOD 3PTR by GRUBER,SAM",-9,2,,,42,17,0.548,0.412,3ptr,good,43,20,0.442,0.35,12,741
12,Birmingham-Southern,Centre College,66-61,66,61,"8-4, 1-1 SAA","9-3, 0-2 SAA",01/09/15,Lose,486,No Location Recorded,8:00 PM,12:21,,48,39,"ASSIST  by GEEGAN,MIKE",-9,2,,,42,17,0.548,0.412,,,43,20,0.442,0.35,12,741
12,Birmingham-Southern,Centre College,66-61,66,61,"8-4, 1-1 SAA","9-3, 0-2 SAA",01/09/15,Lose,486,No Location Recorded,8:00 PM,11:59,"GOOD 3PTR by CRAIN,JOHN",51,39,,-12,2,3ptr,good,43,18,0.558,0.444,,,43,20,0.442,0.35,11,719
12,Birmingham-Southern,Centre College,66-61,66,61,"8-4, 1-1 SAA","9-3, 0-2 SAA",01/09/15,Lose,486,No Location Recorded,8:00 PM,11:59,"ASSIST  by LEWIS,EVAN",51,39,,-12,2,,,43,18,0.558,0.444,,,43,20,0.442,0.35,11,719
12,Birmingham-Southern,Centre College,66-61,66,61,"8-4, 1-1 SAA","9-3, 0-2 SAA",01/09/15,Lose,486,No Location Recorded,8:00 PM,11:44,,51,39,"MISS LAYUP by SCINTA,BLAKE",-12,2,,,43,18,0.558,0.444,layup,miss,44,20,0.432,0.35,11,704
12,Birmingham-Southern,Centre College,66-61,66,61,"8-4, 1-1 SAA","9-3, 0-2 SAA",01/09/15,Lose,486,No Location Recorded,8:00 PM,11:44,"BLOCK  by BARRON,MAC",51,39,,-12,2,,,43,18,0.558,0.444,,,44,20,0.432,0.35,11,704
12,Birmingham-Southern,Centre College,66-61,66,61,"8-4, 1-1 SAA","9-3, 0-2 SAA",01/09/15,Lose,486,No Location Recorded,8:00 PM,11:44,,51,39,"REBOUND OFF by WESLEY,TYLER",-12,2,,,43,18,0.558,0.444,,,44,20,0.432,0.35,11,704
12,Birmingham-Southern,Centre College,66-61,66,61,"8-4, 1-1 SAA","9-3, 0-2 SAA",01/09/15,Lose,486,No Location Recorded,8:00 PM,11:36,,51,39,"MISS 3PTR by KARSNER,JOSH",-12,2,,,43,18,0.558,0.444,3ptr,miss,45,21,0.422,0.333,11,696
12,Birmingham-Southern,Centre College,66-61,66,61,"8-4, 1-1 SAA","9-3, 0-2 SAA",01/09/15,Lose,486,No Location Recorded,8:00 PM,11:36,"REBOUND DEF by BARRON,MAC",51,39,,-12,2,,,43,18,0.558,0.444,,,45,21,0.422,0.333,11,696
12,Birmingham-Southern,Centre College,66-61,66,61,"8-4, 1-1 SAA","9-3, 0-2 SAA",01/09/15,Lose,486,No Location Recorded,8:00 PM,11:34,"FOUL  by BARRON,MAC",51,39,,-12,2,foul,,43,18,0.558,0.444,,,45,21,0.422,0.333,11,694
12,Birmingham-Southern,Centre College,66-61,66,61,"8-4, 1-1 SAA","9-3, 0-2 SAA",01/09/15,Lose,486,No Location Recorded,8:00 PM,11:34,"SUB IN by THOMAS,LARRY",51,39,,-12,2,,,43,18,0.558,0.444,,,45,21,0.422,0.333,11,694
12,Birmingham-Southern,Centre College,66-61,66,61,"8-4, 1-1 SAA","9-3, 0-2 SAA",01/09/15,Lose,486,No Location Recorded,8:00 PM,11:34,"SUB IN by AVERY,ALEX",51,39,,-12,2,,,43,18,0.558,0.444,,,45,21,0.422,0.333,11,694
12,Birmingham-Southern,Centre College,66-61,66,61,"8-4, 1-1 SAA","9-3, 0-2 SAA",01/09/15,Lose,486,No Location Recorded,8:00 PM,11:34,"SUB IN by WELCH,ROSS",51,39,,-12,2,,,43,18,0.558,0.444,,,45,21,0.422,0.333,11,694
12,Birmingham-Southern,Centre College,66-61,66,61,"8-4, 1-1 SAA","9-3, 0-2 SAA",01/09/15,Lose,486,No Location Recorded,8:00 PM,11:34,"SUB OUT by BARRON,MAC",51,39,,-12,2,,,43,18,0.558,0.444,,,45,21,0.422,0.333,11,694
12,Birmingham-Southern,Centre College,66-61,66,61,"8-4, 1-1 SAA","9-3, 0-2 SAA",01/09/15,Lose,486,No Location Recorded,8:00 PM,11:34,"SUB OUT by HOLLE,MASON",51,39,,-12,2,,,43,18,0.558,0.444,,,45,21,0.422,0.333,11,694
12,Birmingham-Southern,Centre College,66-61,66,61,"8-4, 1-1 SAA","9-3, 0-2 SAA",01/09/15,Lose,486,No Location Recorded,8:00 PM,11:34,"SUB OUT by MCLEAN,JAMES",51,39,,-12,2,,,43,18,0.558,0.444,,,45,21,0.422,0.333,11,694
12,Birmingham-Southern,Centre College,66-61,66,61,"8-4, 1-1 SAA","9-3, 0-2 SAA",01/09/15,Lose,486,No Location Recorded,8:00 PM,11:34,,51,39,"SUB IN by GUMP,MATT",-12,2,,,43,18,0.558,0.444,,,45,21,0.422,0.333,11,694
12,Birmingham-Southern,Centre College,66-61,66,61,"8-4, 1-1 SAA","9-3, 0-2 SAA",01/09/15,Lose,486,No Location Recorded,8:00 PM,11:34,,51,39,"SUB OUT by KARSNER,JOSH",-12,2,,,43,18,0.558,0.444,,,45,21,0.422,0.333,11,694
12,Birmingham-Southern,Centre College,66-61,66,61,"8-4, 1-1 SAA","9-3, 0-2 SAA",01/09/15,Lose,486,No Location Recorded,8:00 PM,11:12,,51,39,"TURNOVER  by SCINTA,BLAKE",-12,2,,,43,18,0.558,0.444,,,45,21,0.422,0.333,11,672
12,Birmingham-Southern,Centre College,66-61,66,61,"8-4, 1-1 SAA","9-3, 0-2 SAA",01/09/15,Lose,486,No Location Recorded,8:00 PM,10:57,"TURNOVER  by AVERY,ALEX",51,39,,-12,2,,,43,18,0.558,0.444,,,45,21,0.422,0.333,10,657
12,Birmingham-Southern,Centre College,66-61,66,61,"8-4, 1-1 SAA","9-3, 0-2 SAA",01/09/15,Lose,486,No Location Recorded,8:00 PM,10:32,"FOUL  by AVERY,ALEX",51,39,,-12,2,foul,,43,18,0.558,0.444,,,45,21,0.422,0.333,10,632
12,Birmingham-Southern,Centre College,66-61,66,61,"8-4, 1-1 SAA","9-3, 0-2 SAA",01/09/15,Lose,486,No Location Recorded,8:00 PM,10:32,,51,40,"GOOD FT by WESLEY,TYLER",-11,2,,,43,18,0.558,0.444,ft,good,46,21,0.435,0.333,10,632
12,Birmingham-Southern,Centre College,66-61,66,61,"8-4, 1-1 SAA","9-3, 0-2 SAA",01/09/15,Lose,486,No Location Recorded,8:00 PM,10:32,,51,40,"MISS FT by WESLEY,TYLER",-11,2,,,43,18,0.558,0.444,ft,miss,47,21,0.426,0.333,10,632
12,Birmingham-Southern,Centre College,66-61,66,61,"8-4, 1-1 SAA","9-3, 0-2 SAA",01/09/15,Lose,486,No Location Recorded,8:00 PM,10:32,"REBOUND DEF by AVERY,ALEX",51,40,,-11,2,,,43,18,0.558,0.444,,,47,21,0.426,0.333,10,632
12,Birmingham-Southern,Centre College,66-61,66,61,"8-4, 1-1 SAA","9-3, 0-2 SAA",01/09/15,Lose,486,No Location Recorded,8:00 PM,10:15,"MISS LAYUP by CRAIN,JOHN",51,40,,-11,2,layup,miss,44,18,0.545,0.444,,,47,21,0.426,0.333,10,615
12,Birmingham-Southern,Centre College,66-61,66,61,"8-4, 1-1 SAA","9-3, 0-2 SAA",01/09/15,Lose,486,No Location Recorded,8:00 PM,10:15,,51,40,"BLOCK  by WESLEY,TYLER",-11,2,,,44,18,0.545,0.444,,,47,21,0.426,0.333,10,615
12,Birmingham-Southern,Centre College,66-61,66,61,"8-4, 1-1 SAA","9-3, 0-2 SAA",01/09/15,Lose,486,No Location Recorded,8:00 PM,10:15,,51,40,"REBOUND DEF by GRUBER,SAM",-11,2,,,44,18,0.545,0.444,,,47,21,0.426,0.333,10,615
12,Birmingham-Southern,Centre College,66-61,66,61,"8-4, 1-1 SAA","9-3, 0-2 SAA",01/09/15,Lose,486,No Location Recorded,8:00 PM,10:04,,51,40,"MISS LAYUP by WESLEY,TYLER",-11,2,,,44,18,0.545,0.444,layup,miss,48,21,0.417,0.333,10,604
12,Birmingham-Southern,Centre College,66-61,66,61,"8-4, 1-1 SAA","9-3, 0-2 SAA",01/09/15,Lose,486,No Location Recorded,8:00 PM,10:04,"REBOUND DEF by AVERY,ALEX",51,40,,-11,2,,,44,18,0.545,0.444,,,48,21,0.417,0.333,10,604
12,Birmingham-Southern,Centre College,66-61,66,61,"8-4, 1-1 SAA","9-3, 0-2 SAA",01/09/15,Lose,486,No Location Recorded,8:00 PM,09:47,"GOOD LAYUP by THOMAS,LARRY(in the paint)",53,40,,-13,2,layup,good,45,18,0.556,0.444,,,48,21,0.417,0.333,09,587
12,Birmingham-Southern,Centre College,66-61,66,61,"8-4, 1-1 SAA","9-3, 0-2 SAA",01/09/15,Lose,486,No Location Recorded,8:00 PM,09:32,,53,43,"GOOD 3PTR by GRUBER,SAM",-10,2,,,45,18,0.556,0.444,3ptr,good,49,22,0.429,0.364,09,572
12,Birmingham-Southern,Centre College,66-61,66,61,"8-4, 1-1 SAA","9-3, 0-2 SAA",01/09/15,Lose,486,No Location Recorded,8:00 PM,09:13,,53,43,"FOUL  by GEEGAN,MIKE",-10,2,,,45,18,0.556,0.444,foul,,49,22,0.429,0.364,09,553
12,Birmingham-Southern,Centre College,66-61,66,61,"8-4, 1-1 SAA","9-3, 0-2 SAA",01/09/15,Lose,486,No Location Recorded,8:00 PM,09:13,"SUB IN by BARRON,MAC",53,43,,-10,2,,,45,18,0.556,0.444,,,49,22,0.429,0.364,09,553
12,Birmingham-Southern,Centre College,66-61,66,61,"8-4, 1-1 SAA","9-3, 0-2 SAA",01/09/15,Lose,486,No Location Recorded,8:00 PM,09:13,"SUB IN by DENEKA,HARRISON",53,43,,-10,2,,,45,18,0.556,0.444,,,49,22,0.429,0.364,09,553
12,Birmingham-Southern,Centre College,66-61,66,61,"8-4, 1-1 SAA","9-3, 0-2 SAA",01/09/15,Lose,486,No Location Recorded,8:00 PM,09:13,"SUB IN by THOM,IAN",53,43,,-10,2,,,45,18,0.556,0.444,,,49,22,0.429,0.364,09,553
12,Birmingham-Southern,Centre College,66-61,66,61,"8-4, 1-1 SAA","9-3, 0-2 SAA",01/09/15,Lose,486,No Location Recorded,8:00 PM,09:13,"SUB IN by MCLEAN,JAMES",53,43,,-10,2,,,45,18,0.556,0.444,,,49,22,0.429,0.364,09,553
12,Birmingham-Southern,Centre College,66-61,66,61,"8-4, 1-1 SAA","9-3, 0-2 SAA",01/09/15,Lose,486,No Location Recorded,8:00 PM,09:13,"SUB OUT by AVERY,ALEX",53,43,,-10,2,,,45,18,0.556,0.444,,,49,22,0.429,0.364,09,553
12,Birmingham-Southern,Centre College,66-61,66,61,"8-4, 1-1 SAA","9-3, 0-2 SAA",01/09/15,Lose,486,No Location Recorded,8:00 PM,09:13,"SUB OUT by CRAIN,JOHN",53,43,,-10,2,,,45,18,0.556,0.444,,,49,22,0.429,0.364,09,553
12,Birmingham-Southern,Centre College,66-61,66,61,"8-4, 1-1 SAA","9-3, 0-2 SAA",01/09/15,Lose,486,No Location Recorded,8:00 PM,09:13,"SUB OUT by LEWIS,EVAN",53,43,,-10,2,,,45,18,0.556,0.444,,,49,22,0.429,0.364,09,553
12,Birmingham-Southern,Centre College,66-61,66,61,"8-4, 1-1 SAA","9-3, 0-2 SAA",01/09/15,Lose,486,No Location Recorded,8:00 PM,09:13,"SUB OUT by WELCH,ROSS",53,43,,-10,2,,,45,18,0.556,0.444,,,49,22,0.429,0.364,09,553
12,Birmingham-Southern,Centre College,66-61,66,61,"8-4, 1-1 SAA","9-3, 0-2 SAA",01/09/15,Lose,486,No Location Recorded,8:00 PM,09:13,,53,43,"SUB IN by SCHMUCKER,ZACH",-10,2,,,45,18,0.556,0.444,,,49,22,0.429,0.364,09,553
12,Birmingham-Southern,Centre College,66-61,66,61,"8-4, 1-1 SAA","9-3, 0-2 SAA",01/09/15,Lose,486,No Location Recorded,8:00 PM,09:13,,53,43,"SUB IN by KARSNER,JOSH",-10,2,,,45,18,0.556,0.444,,,49,22,0.429,0.364,09,553
12,Birmingham-Southern,Centre College,66-61,66,61,"8-4, 1-1 SAA","9-3, 0-2 SAA",01/09/15,Lose,486,No Location Recorded,8:00 PM,09:13,,53,43,"SUB OUT by GEEGAN,MIKE",-10,2,,,45,18,0.556,0.444,,,49,22,0.429,0.364,09,553
12,Birmingham-Southern,Centre College,66-61,66,61,"8-4, 1-1 SAA","9-3, 0-2 SAA",01/09/15,Lose,486,No Location Recorded,8:00 PM,09:13,,53,43,"SUB OUT by SCINTA,BLAKE",-10,2,,,45,18,0.556,0.444,,,49,22,0.429,0.364,09,553
12,Birmingham-Southern,Centre College,66-61,66,61,"8-4, 1-1 SAA","9-3, 0-2 SAA",01/09/15,Lose,486,No Location Recorded,8:00 PM,09:07,"MISS LAYUP by BARRON,MAC",53,43,,-10,2,layup,miss,46,18,0.543,0.444,,,49,22,0.429,0.364,09,547
12,Birmingham-Southern,Centre College,66-61,66,61,"8-4, 1-1 SAA","9-3, 0-2 SAA",01/09/15,Lose,486,No Location Recorded,8:00 PM,09:07,,53,43,"REBOUND DEF by KARSNER,JOSH",-10,2,,,46,18,0.543,0.444,,,49,22,0.429,0.364,09,547
12,Birmingham-Southern,Centre College,66-61,66,61,"8-4, 1-1 SAA","9-3, 0-2 SAA",01/09/15,Lose,486,No Location Recorded,8:00 PM,08:51,,53,43,"TURNOVER  by KARSNER,JOSH",-10,2,,,46,18,0.543,0.444,,,49,22,0.429,0.364,08,531
12,Birmingham-Southern,Centre College,66-61,66,61,"8-4, 1-1 SAA","9-3, 0-2 SAA",01/09/15,Lose,486,No Location Recorded,8:00 PM,08:49,"STEAL  by MCLEAN,JAMES",53,43,,-10,2,,,46,18,0.543,0.444,,,49,22,0.429,0.364,08,529
12,Birmingham-Southern,Centre College,66-61,66,61,"8-4, 1-1 SAA","9-3, 0-2 SAA",01/09/15,Lose,486,No Location Recorded,8:00 PM,08:44,"TURNOVER  by THOM,IAN",53,43,,-10,2,,,46,18,0.543,0.444,,,49,22,0.429,0.364,08,524
12,Birmingham-Southern,Centre College,66-61,66,61,"8-4, 1-1 SAA","9-3, 0-2 SAA",01/09/15,Lose,486,No Location Recorded,8:00 PM,08:33,,53,43,"MISS LAYUP by GUMP,MATT",-10,2,,,46,18,0.543,0.444,layup,miss,50,22,0.42,0.364,08,513
12,Birmingham-Southern,Centre College,66-61,66,61,"8-4, 1-1 SAA","9-3, 0-2 SAA",01/09/15,Lose,486,No Location Recorded,8:00 PM,08:33,"BLOCK  by BARRON,MAC",53,43,,-10,2,,,46,18,0.543,0.444,,,50,22,0.42,0.364,08,513
12,Birmingham-Southern,Centre College,66-61,66,61,"8-4, 1-1 SAA","9-3, 0-2 SAA",01/09/15,Lose,486,No Location Recorded,8:00 PM,08:33,"REBOUND DEF by THOMAS,LARRY",53,43,,-10,2,,,46,18,0.543,0.444,,,50,22,0.42,0.364,08,513
12,Birmingham-Southern,Centre College,66-61,66,61,"8-4, 1-1 SAA","9-3, 0-2 SAA",01/09/15,Lose,486,No Location Recorded,8:00 PM,08:27,"TURNOVER  by THOMAS,LARRY",53,43,,-10,2,,,46,18,0.543,0.444,,,50,22,0.42,0.364,08,507
12,Birmingham-Southern,Centre College,66-61,66,61,"8-4, 1-1 SAA","9-3, 0-2 SAA",01/09/15,Lose,486,No Location Recorded,8:00 PM,08:21,"FOUL  by MCLEAN,JAMES",53,43,,-10,2,foul,,46,18,0.543,0.444,,,50,22,0.42,0.364,08,501
12,Birmingham-Southern,Centre College,66-61,66,61,"8-4, 1-1 SAA","9-3, 0-2 SAA",01/09/15,Lose,486,No Location Recorded,8:00 PM,08:21,"SUB IN by WELCH,ROSS",53,43,,-10,2,,,46,18,0.543,0.444,,,50,22,0.42,0.364,08,501
12,Birmingham-Southern,Centre College,66-61,66,61,"8-4, 1-1 SAA","9-3, 0-2 SAA",01/09/15,Lose,486,No Location Recorded,8:00 PM,08:21,"SUB OUT by THOMAS,LARRY",53,43,,-10,2,,,46,18,0.543,0.444,,,50,22,0.42,0.364,08,501
12,Birmingham-Southern,Centre College,66-61,66,61,"8-4, 1-1 SAA","9-3, 0-2 SAA",01/09/15,Lose,486,No Location Recorded,8:00 PM,08:21,,53,43,"SUB IN by SCINTA,BLAKE",-10,2,,,46,18,0.543,0.444,,,50,22,0.42,0.364,08,501
12,Birmingham-Southern,Centre College,66-61,66,61,"8-4, 1-1 SAA","9-3, 0-2 SAA",01/09/15,Lose,486,No Location Recorded,8:00 PM,08:21,,53,43,"SUB OUT by WESLEY,TYLER",-10,2,,,46,18,0.543,0.444,,,50,22,0.42,0.364,08,501
12,Birmingham-Southern,Centre College,66-61,66,61,"8-4, 1-1 SAA","9-3, 0-2 SAA",01/09/15,Lose,486,No Location Recorded,8:00 PM,07:58,"MISS LAYUP by THOM,IAN",53,43,,-10,2,layup,miss,47,18,0.532,0.444,,,50,22,0.42,0.364,07,478
12,Birmingham-Southern,Centre College,66-61,66,61,"8-4, 1-1 SAA","9-3, 0-2 SAA",01/09/15,Lose,486,No Location Recorded,8:00 PM,07:58,,53,43,"REBOUND DEF by KARSNER,JOSH",-10,2,,,47,18,0.532,0.444,,,50,22,0.42,0.364,07,478
12,Birmingham-Southern,Centre College,66-61,66,61,"8-4, 1-1 SAA","9-3, 0-2 SAA",01/09/15,Lose,486,No Location Recorded,8:00 PM,07:46,,53,45,"GOOD LAYUP by SCINTA,BLAKE(in the paint)",-8,2,,,47,18,0.532,0.444,layup,good,51,22,0.431,0.364,07,466
12,Birmingham-Southern,Centre College,66-61,66,61,"8-4, 1-1 SAA","9-3, 0-2 SAA",01/09/15,Lose,486,No Location Recorded,8:00 PM,07:27,TIMEOUT TEAM by TEAM,53,45,,-8,2,,,47,18,0.532,0.444,,,51,22,0.431,0.364,07,447
12,Birmingham-Southern,Centre College,66-61,66,61,"8-4, 1-1 SAA","9-3, 0-2 SAA",01/09/15,Lose,486,No Location Recorded,8:00 PM,07:11,"TURNOVER  by MCLEAN,JAMES",53,45,,-8,2,,,47,18,0.532,0.444,,,51,22,0.431,0.364,07,431
12,Birmingham-Southern,Centre College,66-61,66,61,"8-4, 1-1 SAA","9-3, 0-2 SAA",01/09/15,Lose,486,No Location Recorded,8:00 PM,07:09,,53,45,"STEAL  by SCHMUCKER,ZACH",-8,2,,,47,18,0.532,0.444,,,51,22,0.431,0.364,07,429
12,Birmingham-Southern,Centre College,66-61,66,61,"8-4, 1-1 SAA","9-3, 0-2 SAA",01/09/15,Lose,486,No Location Recorded,8:00 PM,07:02,,53,45,"MISS 3PTR by GRUBER,SAM",-8,2,,,47,18,0.532,0.444,3ptr,miss,52,23,0.423,0.348,07,422
12,Birmingham-Southern,Centre College,66-61,66,61,"8-4, 1-1 SAA","9-3, 0-2 SAA",01/09/15,Lose,486,No Location Recorded,8:00 PM,07:02,"REBOUND DEF by LEWIS,EVAN",53,45,,-8,2,,,47,18,0.532,0.444,,,52,23,0.423,0.348,07,422
12,Birmingham-Southern,Centre College,66-61,66,61,"8-4, 1-1 SAA","9-3, 0-2 SAA",01/09/15,Lose,486,No Location Recorded,8:00 PM,06:32,"GOOD 3PTR by MCLEAN,JAMES",56,45,,-11,2,3ptr,good,48,19,0.542,0.474,,,52,23,0.423,0.348,06,392
12,Birmingham-Southern,Centre College,66-61,66,61,"8-4, 1-1 SAA","9-3, 0-2 SAA",01/09/15,Lose,486,No Location Recorded,8:00 PM,06:32,"ASSIST  by HOLLE,MASON",56,45,,-11,2,,,48,19,0.542,0.474,,,52,23,0.423,0.348,06,392
12,Birmingham-Southern,Centre College,66-61,66,61,"8-4, 1-1 SAA","9-3, 0-2 SAA",01/09/15,Lose,486,No Location Recorded,8:00 PM,06:18,,56,45,"MISS 3PTR by GRUBER,SAM",-11,2,,,48,19,0.542,0.474,3ptr,miss,53,24,0.415,0.333,06,378
12,Birmingham-Southern,Centre College,66-61,66,61,"8-4, 1-1 SAA","9-3, 0-2 SAA",01/09/15,Lose,486,No Location Recorded,8:00 PM,06:18,"REBOUND DEF by LEWIS,EVAN",56,45,,-11,2,,,48,19,0.542,0.474,,,53,24,0.415,0.333,06,378
12,Birmingham-Southern,Centre College,66-61,66,61,"8-4, 1-1 SAA","9-3, 0-2 SAA",01/09/15,Lose,486,No Location Recorded,8:00 PM,05:59,"MISS 3PTR by WELCH,ROSS",56,45,,-11,2,3ptr,miss,49,20,0.531,0.45,,,53,24,0.415,0.333,05,359
12,Birmingham-Southern,Centre College,66-61,66,61,"8-4, 1-1 SAA","9-3, 0-2 SAA",01/09/15,Lose,486,No Location Recorded,8:00 PM,05:59,,56,45,"REBOUND DEF by SCINTA,BLAKE",-11,2,,,49,20,0.531,0.45,,,53,24,0.415,0.333,05,359
12,Birmingham-Southern,Centre College,66-61,66,61,"8-4, 1-1 SAA","9-3, 0-2 SAA",01/09/15,Lose,486,No Location Recorded,8:00 PM,05:48,"FOUL  by BARRON,MAC",56,45,,-11,2,foul,,49,20,0.531,0.45,,,53,24,0.415,0.333,05,348
12,Birmingham-Southern,Centre College,66-61,66,61,"8-4, 1-1 SAA","9-3, 0-2 SAA",01/09/15,Lose,486,No Location Recorded,8:00 PM,05:48,,56,46,"GOOD FT by SCINTA,BLAKE",-10,2,,,49,20,0.531,0.45,ft,good,54,24,0.426,0.333,05,348
12,Birmingham-Southern,Centre College,66-61,66,61,"8-4, 1-1 SAA","9-3, 0-2 SAA",01/09/15,Lose,486,No Location Recorded,8:00 PM,05:48,,56,46,"MISS FT by SCINTA,BLAKE",-10,2,,,49,20,0.531,0.45,ft,miss,55,24,0.418,0.333,05,348
12,Birmingham-Southern,Centre College,66-61,66,61,"8-4, 1-1 SAA","9-3, 0-2 SAA",01/09/15,Lose,486,No Location Recorded,8:00 PM,05:48,"REBOUND DEF by LEWIS,EVAN",56,46,,-10,2,,,49,20,0.531,0.45,,,55,24,0.418,0.333,05,348
12,Birmingham-Southern,Centre College,66-61,66,61,"8-4, 1-1 SAA","9-3, 0-2 SAA",01/09/15,Lose,486,No Location Recorded,8:00 PM,05:48,"SUB IN by CRAIN,JOHN",56,46,,-10,2,,,49,20,0.531,0.45,,,55,24,0.418,0.333,05,348
12,Birmingham-Southern,Centre College,66-61,66,61,"8-4, 1-1 SAA","9-3, 0-2 SAA",01/09/15,Lose,486,No Location Recorded,8:00 PM,05:48,"SUB IN by LEWIS,EVAN",56,46,,-10,2,,,49,20,0.531,0.45,,,55,24,0.418,0.333,05,348
12,Birmingham-Southern,Centre College,66-61,66,61,"8-4, 1-1 SAA","9-3, 0-2 SAA",01/09/15,Lose,486,No Location Recorded,8:00 PM,05:48,"SUB OUT by DENEKA,HARRISON",56,46,,-10,2,,,49,20,0.531,0.45,,,55,24,0.418,0.333,05,348
12,Birmingham-Southern,Centre College,66-61,66,61,"8-4, 1-1 SAA","9-3, 0-2 SAA",01/09/15,Lose,486,No Location Recorded,8:00 PM,05:48,"SUB OUT by THOM,IAN",56,46,,-10,2,,,49,20,0.531,0.45,,,55,24,0.418,0.333,05,348
12,Birmingham-Southern,Centre College,66-61,66,61,"8-4, 1-1 SAA","9-3, 0-2 SAA",01/09/15,Lose,486,No Location Recorded,8:00 PM,05:48,,56,46,"SUB IN by WESLEY,TYLER",-10,2,,,49,20,0.531,0.45,,,55,24,0.418,0.333,05,348
12,Birmingham-Southern,Centre College,66-61,66,61,"8-4, 1-1 SAA","9-3, 0-2 SAA",01/09/15,Lose,486,No Location Recorded,8:00 PM,05:48,,56,46,"SUB IN by GEEGAN,MIKE",-10,2,,,49,20,0.531,0.45,,,55,24,0.418,0.333,05,348
12,Birmingham-Southern,Centre College,66-61,66,61,"8-4, 1-1 SAA","9-3, 0-2 SAA",01/09/15,Lose,486,No Location Recorded,8:00 PM,05:48,,56,46,"SUB OUT by SCHMUCKER,ZACH",-10,2,,,49,20,0.531,0.45,,,55,24,0.418,0.333,05,348
12,Birmingham-Southern,Centre College,66-61,66,61,"8-4, 1-1 SAA","9-3, 0-2 SAA",01/09/15,Lose,486,No Location Recorded,8:00 PM,05:48,,56,46,"SUB OUT by GRUBER,SAM",-10,2,,,49,20,0.531,0.45,,,55,24,0.418,0.333,05,348
12,Birmingham-Southern,Centre College,66-61,66,61,"8-4, 1-1 SAA","9-3, 0-2 SAA",01/09/15,Lose,486,No Location Recorded,8:00 PM,05:32,,56,46,"FOUL  by SCINTA,BLAKE",-10,2,,,49,20,0.531,0.45,foul,,55,24,0.418,0.333,05,332
12,Birmingham-Southern,Centre College,66-61,66,61,"8-4, 1-1 SAA","9-3, 0-2 SAA",01/09/15,Lose,486,No Location Recorded,8:00 PM,05:32,"MISS FT by MCLEAN,JAMES",56,46,,-10,2,ft,miss,50,20,0.52,0.45,,,55,24,0.418,0.333,05,332
12,Birmingham-Southern,Centre College,66-61,66,61,"8-4, 1-1 SAA","9-3, 0-2 SAA",01/09/15,Lose,486,No Location Recorded,8:00 PM,05:32,,56,46,"REBOUND DEF by KARSNER,JOSH",-10,2,,,50,20,0.52,0.45,,,55,24,0.418,0.333,05,332
12,Birmingham-Southern,Centre College,66-61,66,61,"8-4, 1-1 SAA","9-3, 0-2 SAA",01/09/15,Lose,486,No Location Recorded,8:00 PM,05:18,,56,48,"GOOD LAYUP by GEEGAN,MIKE(in the paint)",-8,2,,,50,20,0.52,0.45,layup,good,56,24,0.429,0.333,05,318
12,Birmingham-Southern,Centre College,66-61,66,61,"8-4, 1-1 SAA","9-3, 0-2 SAA",01/09/15,Lose,486,No Location Recorded,8:00 PM,04:56,,56,48,"FOUL  by KARSNER,JOSH",-8,2,,,50,20,0.52,0.45,foul,,56,24,0.429,0.333,04,296
12,Birmingham-Southern,Centre College,66-61,66,61,"8-4, 1-1 SAA","9-3, 0-2 SAA",01/09/15,Lose,486,No Location Recorded,8:00 PM,04:56,"GOOD FT by MCLEAN,JAMES",57,48,,-9,2,ft,good,51,20,0.529,0.45,,,56,24,0.429,0.333,04,296
12,Birmingham-Southern,Centre College,66-61,66,61,"8-4, 1-1 SAA","9-3, 0-2 SAA",01/09/15,Lose,486,No Location Recorded,8:00 PM,04:56,"GOOD FT by MCLEAN,JAMES",58,48,,-10,2,ft,good,52,20,0.538,0.45,,,56,24,0.429,0.333,04,296
12,Birmingham-Southern,Centre College,66-61,66,61,"8-4, 1-1 SAA","9-3, 0-2 SAA",01/09/15,Lose,486,No Location Recorded,8:00 PM,04:56,"SUB IN by THOMAS,LARRY",58,48,,-10,2,,,52,20,0.538,0.45,,,56,24,0.429,0.333,04,296
12,Birmingham-Southern,Centre College,66-61,66,61,"8-4, 1-1 SAA","9-3, 0-2 SAA",01/09/15,Lose,486,No Location Recorded,8:00 PM,04:56,"SUB OUT by WELCH,ROSS",58,48,,-10,2,,,52,20,0.538,0.45,,,56,24,0.429,0.333,04,296
12,Birmingham-Southern,Centre College,66-61,66,61,"8-4, 1-1 SAA","9-3, 0-2 SAA",01/09/15,Lose,486,No Location Recorded,8:00 PM,04:43,,58,48,"TURNOVER  by SCINTA,BLAKE",-10,2,,,52,20,0.538,0.45,,,56,24,0.429,0.333,04,283
12,Birmingham-Southern,Centre College,66-61,66,61,"8-4, 1-1 SAA","9-3, 0-2 SAA",01/09/15,Lose,486,No Location Recorded,8:00 PM,04:43,"SUB IN by AVERY,ALEX",58,48,,-10,2,,,52,20,0.538,0.45,,,56,24,0.429,0.333,04,283
12,Birmingham-Southern,Centre College,66-61,66,61,"8-4, 1-1 SAA","9-3, 0-2 SAA",01/09/15,Lose,486,No Location Recorded,8:00 PM,04:43,"SUB IN by THOM,IAN",58,48,,-10,2,,,52,20,0.538,0.45,,,56,24,0.429,0.333,04,283
12,Birmingham-Southern,Centre College,66-61,66,61,"8-4, 1-1 SAA","9-3, 0-2 SAA",01/09/15,Lose,486,No Location Recorded,8:00 PM,04:43,"SUB OUT by BARRON,MAC",58,48,,-10,2,,,52,20,0.538,0.45,,,56,24,0.429,0.333,04,283
12,Birmingham-Southern,Centre College,66-61,66,61,"8-4, 1-1 SAA","9-3, 0-2 SAA",01/09/15,Lose,486,No Location Recorded,8:00 PM,04:43,"SUB OUT by MCLEAN,JAMES",58,48,,-10,2,,,52,20,0.538,0.45,,,56,24,0.429,0.333,04,283
12,Birmingham-Southern,Centre College,66-61,66,61,"8-4, 1-1 SAA","9-3, 0-2 SAA",01/09/15,Lose,486,No Location Recorded,8:00 PM,04:15,"MISS 3PTR by LEWIS,EVAN",58,48,,-10,2,3ptr,miss,53,21,0.528,0.429,,,56,24,0.429,0.333,04,255
12,Birmingham-Southern,Centre College,66-61,66,61,"8-4, 1-1 SAA","9-3, 0-2 SAA",01/09/15,Lose,486,No Location Recorded,8:00 PM,04:15,,58,48,"REBOUND DEF by GEEGAN,MIKE",-10,2,,,53,21,0.528,0.429,,,56,24,0.429,0.333,04,255
12,Birmingham-Southern,Centre College,66-61,66,61,"8-4, 1-1 SAA","9-3, 0-2 SAA",01/09/15,Lose,486,No Location Recorded,8:00 PM,03:52,,58,50,"GOOD LAYUP by SCINTA,BLAKE(in the paint)",-8,2,,,53,21,0.528,0.429,layup,good,57,24,0.439,0.333,03,232
12,Birmingham-Southern,Centre College,66-61,66,61,"8-4, 1-1 SAA","9-3, 0-2 SAA",01/09/15,Lose,486,No Location Recorded,8:00 PM,03:51,,58,50,TIMEOUT TEAM by TEAM,-8,2,,,53,21,0.528,0.429,,,57,24,0.439,0.333,03,231
12,Birmingham-Southern,Centre College,66-61,66,61,"8-4, 1-1 SAA","9-3, 0-2 SAA",01/09/15,Lose,486,No Location Recorded,8:00 PM,03:23,"MISS LAYUP by DENEKA,HARRISON",58,50,,-8,2,layup,miss,54,21,0.519,0.429,,,57,24,0.439,0.333,03,203
12,Birmingham-Southern,Centre College,66-61,66,61,"8-4, 1-1 SAA","9-3, 0-2 SAA",01/09/15,Lose,486,No Location Recorded,8:00 PM,03:23,"REBOUND OFF by THOM,IAN",58,50,,-8,2,,,54,21,0.519,0.429,,,57,24,0.439,0.333,03,203
12,Birmingham-Southern,Centre College,66-61,66,61,"8-4, 1-1 SAA","9-3, 0-2 SAA",01/09/15,Lose,486,No Location Recorded,8:00 PM,03:17,"GOOD 3PTR by THOMAS,LARRY",61,50,,-11,2,3ptr,good,55,22,0.527,0.455,,,57,24,0.439,0.333,03,197
12,Birmingham-Southern,Centre College,66-61,66,61,"8-4, 1-1 SAA","9-3, 0-2 SAA",01/09/15,Lose,486,No Location Recorded,8:00 PM,03:17,"ASSIST  by THOM,IAN",61,50,,-11,2,,,55,22,0.527,0.455,,,57,24,0.439,0.333,03,197
12,Birmingham-Southern,Centre College,66-61,66,61,"8-4, 1-1 SAA","9-3, 0-2 SAA",01/09/15,Lose,486,No Location Recorded,8:00 PM,02:59,"FOUL  by DENEKA,HARRISON",61,50,,-11,2,foul,,55,22,0.527,0.455,,,57,24,0.439,0.333,02,179
12,Birmingham-Southern,Centre College,66-61,66,61,"8-4, 1-1 SAA","9-3, 0-2 SAA",01/09/15,Lose,486,No Location Recorded,8:00 PM,02:59,,61,51,"GOOD FT by SCINTA,BLAKE",-10,2,,,55,22,0.527,0.455,ft,good,58,24,0.448,0.333,02,179
12,Birmingham-Southern,Centre College,66-61,66,61,"8-4, 1-1 SAA","9-3, 0-2 SAA",01/09/15,Lose,486,No Location Recorded,8:00 PM,02:59,,61,52,"GOOD FT by SCINTA,BLAKE",-9,2,,,55,22,0.527,0.455,ft,good,59,24,0.458,0.333,02,179
12,Birmingham-Southern,Centre College,66-61,66,61,"8-4, 1-1 SAA","9-3, 0-2 SAA",01/09/15,Lose,486,No Location Recorded,8:00 PM,02:42,"MISS LAYUP by AVERY,ALEX",61,52,,-9,2,layup,miss,56,22,0.518,0.455,,,59,24,0.458,0.333,02,162
12,Birmingham-Southern,Centre College,66-61,66,61,"8-4, 1-1 SAA","9-3, 0-2 SAA",01/09/15,Lose,486,No Location Recorded,8:00 PM,02:42,,61,52,"REBOUND DEF by GEEGAN,MIKE",-9,2,,,56,22,0.518,0.455,,,59,24,0.458,0.333,02,162
12,Birmingham-Southern,Centre College,66-61,66,61,"8-4, 1-1 SAA","9-3, 0-2 SAA",01/09/15,Lose,486,No Location Recorded,8:00 PM,02:41,"FOUL  by THOM,IAN",61,52,,-9,2,foul,,56,22,0.518,0.455,,,59,24,0.458,0.333,02,161
12,Birmingham-Southern,Centre College,66-61,66,61,"8-4, 1-1 SAA","9-3, 0-2 SAA",01/09/15,Lose,486,No Location Recorded,8:00 PM,02:41,,61,53,"GOOD FT by GEEGAN,MIKE",-8,2,,,56,22,0.518,0.455,ft,good,60,24,0.467,0.333,02,161
12,Birmingham-Southern,Centre College,66-61,66,61,"8-4, 1-1 SAA","9-3, 0-2 SAA",01/09/15,Lose,486,No Location Recorded,8:00 PM,02:41,,61,54,"GOOD FT by GEEGAN,MIKE",-7,2,,,56,22,0.518,0.455,ft,good,61,24,0.475,0.333,02,161
12,Birmingham-Southern,Centre College,66-61,66,61,"8-4, 1-1 SAA","9-3, 0-2 SAA",01/09/15,Lose,486,No Location Recorded,8:00 PM,02:05,TURNOVER  by TEAM,61,54,,-7,2,,,56,22,0.518,0.455,,,61,24,0.475,0.333,02,125
12,Birmingham-Southern,Centre College,66-61,66,61,"8-4, 1-1 SAA","9-3, 0-2 SAA",01/09/15,Lose,486,No Location Recorded,8:00 PM,02:05,"SUB IN by DENEKA,HARRISON",61,54,,-7,2,,,56,22,0.518,0.455,,,61,24,0.475,0.333,02,125
12,Birmingham-Southern,Centre College,66-61,66,61,"8-4, 1-1 SAA","9-3, 0-2 SAA",01/09/15,Lose,486,No Location Recorded,8:00 PM,02:05,"SUB OUT by LEWIS,EVAN",61,54,,-7,2,,,56,22,0.518,0.455,,,61,24,0.475,0.333,02,125
12,Birmingham-Southern,Centre College,66-61,66,61,"8-4, 1-1 SAA","9-3, 0-2 SAA",01/09/15,Lose,486,No Location Recorded,8:00 PM,01:56,,61,54,"MISS LAYUP by GUMP,MATT",-7,2,,,56,22,0.518,0.455,layup,miss,62,24,0.468,0.333,01,116
12,Birmingham-Southern,Centre College,66-61,66,61,"8-4, 1-1 SAA","9-3, 0-2 SAA",01/09/15,Lose,486,No Location Recorded,8:00 PM,01:56,"BLOCK  by THOM,IAN",61,54,,-7,2,,,56,22,0.518,0.455,,,62,24,0.468,0.333,01,116
12,Birmingham-Southern,Centre College,66-61,66,61,"8-4, 1-1 SAA","9-3, 0-2 SAA",01/09/15,Lose,486,No Location Recorded,8:00 PM,01:56,,61,54,"REBOUND OFF by GUMP,MATT",-7,2,,,56,22,0.518,0.455,,,62,24,0.468,0.333,01,116
12,Birmingham-Southern,Centre College,66-61,66,61,"8-4, 1-1 SAA","9-3, 0-2 SAA",01/09/15,Lose,486,No Location Recorded,8:00 PM,01:55,"FOUL  by AVERY,ALEX",61,54,,-7,2,foul,,56,22,0.518,0.455,,,62,24,0.468,0.333,01,115
12,Birmingham-Southern,Centre College,66-61,66,61,"8-4, 1-1 SAA","9-3, 0-2 SAA",01/09/15,Lose,486,No Location Recorded,8:00 PM,01:55,,61,55,"GOOD FT by GUMP,MATT",-6,2,,,56,22,0.518,0.455,ft,good,63,24,0.476,0.333,01,115
12,Birmingham-Southern,Centre College,66-61,66,61,"8-4, 1-1 SAA","9-3, 0-2 SAA",01/09/15,Lose,486,No Location Recorded,8:00 PM,01:55,,61,56,"GOOD FT by GUMP,MATT",-5,2,,,56,22,0.518,0.455,ft,good,64,24,0.484,0.333,01,115
12,Birmingham-Southern,Centre College,66-61,66,61,"8-4, 1-1 SAA","9-3, 0-2 SAA",01/09/15,Lose,486,No Location Recorded,8:00 PM,01:46,,61,56,"FOUL  by WESLEY,TYLER",-5,2,,,56,22,0.518,0.455,foul,,64,24,0.484,0.333,01,106
12,Birmingham-Southern,Centre College,66-61,66,61,"8-4, 1-1 SAA","9-3, 0-2 SAA",01/09/15,Lose,486,No Location Recorded,8:00 PM,01:46,"GOOD FT by THOMAS,LARRY",62,56,,-6,2,ft,good,57,22,0.526,0.455,,,64,24,0.484,0.333,01,106
12,Birmingham-Southern,Centre College,66-61,66,61,"8-4, 1-1 SAA","9-3, 0-2 SAA",01/09/15,Lose,486,No Location Recorded,8:00 PM,01:46,"MISS FT by THOMAS,LARRY",62,56,,-6,2,ft,miss,58,22,0.517,0.455,,,64,24,0.484,0.333,01,106
12,Birmingham-Southern,Centre College,66-61,66,61,"8-4, 1-1 SAA","9-3, 0-2 SAA",01/09/15,Lose,486,No Location Recorded,8:00 PM,01:46,,62,56,"REBOUND DEF by GUMP,MATT",-6,2,,,58,22,0.517,0.455,,,64,24,0.484,0.333,01,106
12,Birmingham-Southern,Centre College,66-61,66,61,"8-4, 1-1 SAA","9-3, 0-2 SAA",01/09/15,Lose,486,No Location Recorded,8:00 PM,01:38,,62,56,"TURNOVER  by GEEGAN,MIKE",-6,2,,,58,22,0.517,0.455,,,64,24,0.484,0.333,01,98
12,Birmingham-Southern,Centre College,66-61,66,61,"8-4, 1-1 SAA","9-3, 0-2 SAA",01/09/15,Lose,486,No Location Recorded,8:00 PM,01:33,,62,56,"FOUL  by KARSNER,JOSH",-6,2,,,58,22,0.517,0.455,foul,,64,24,0.484,0.333,01,93
12,Birmingham-Southern,Centre College,66-61,66,61,"8-4, 1-1 SAA","9-3, 0-2 SAA",01/09/15,Lose,486,No Location Recorded,8:00 PM,01:33,"GOOD FT by THOM,IAN",63,56,,-7,2,ft,good,59,22,0.525,0.455,,,64,24,0.484,0.333,01,93
12,Birmingham-Southern,Centre College,66-61,66,61,"8-4, 1-1 SAA","9-3, 0-2 SAA",01/09/15,Lose,486,No Location Recorded,8:00 PM,01:33,"MISS FT by THOM,IAN",63,56,,-7,2,ft,miss,60,22,0.517,0.455,,,64,24,0.484,0.333,01,93
12,Birmingham-Southern,Centre College,66-61,66,61,"8-4, 1-1 SAA","9-3, 0-2 SAA",01/09/15,Lose,486,No Location Recorded,8:00 PM,01:33,,63,56,"REBOUND DEF by KARSNER,JOSH",-7,2,,,60,22,0.517,0.455,,,64,24,0.484,0.333,01,93
12,Birmingham-Southern,Centre College,66-61,66,61,"8-4, 1-1 SAA","9-3, 0-2 SAA",01/09/15,Lose,486,No Location Recorded,8:00 PM,01:16,,63,58,"GOOD LAYUP by WESLEY,TYLER(in the paint)",-5,2,,,60,22,0.517,0.455,layup,good,65,24,0.492,0.333,01,76
12,Birmingham-Southern,Centre College,66-61,66,61,"8-4, 1-1 SAA","9-3, 0-2 SAA",01/09/15,Lose,486,No Location Recorded,8:00 PM,01:16,,63,58,TIMEOUT TEAM by TEAM,-5,2,,,60,22,0.517,0.455,,,65,24,0.492,0.333,01,76
12,Birmingham-Southern,Centre College,66-61,66,61,"8-4, 1-1 SAA","9-3, 0-2 SAA",01/09/15,Lose,486,No Location Recorded,8:00 PM,01:11,"TURNOVER  by THOM,IAN",63,58,,-5,2,,,60,22,0.517,0.455,,,65,24,0.492,0.333,01,71
12,Birmingham-Southern,Centre College,66-61,66,61,"8-4, 1-1 SAA","9-3, 0-2 SAA",01/09/15,Lose,486,No Location Recorded,8:00 PM,01:07,,63,58,"MISS 3PTR by KARSNER,JOSH",-5,2,,,60,22,0.517,0.455,3ptr,miss,66,25,0.485,0.32,01,67
12,Birmingham-Southern,Centre College,66-61,66,61,"8-4, 1-1 SAA","9-3, 0-2 SAA",01/09/15,Lose,486,No Location Recorded,8:00 PM,01:07,"REBOUND DEF by THOMAS,LARRY",63,58,,-5,2,,,60,22,0.517,0.455,,,66,25,0.485,0.32,01,67
12,Birmingham-Southern,Centre College,66-61,66,61,"8-4, 1-1 SAA","9-3, 0-2 SAA",01/09/15,Lose,486,No Location Recorded,8:00 PM,00:49,,63,58,"FOUL  by SCINTA,BLAKE",-5,2,,,60,22,0.517,0.455,foul,,66,25,0.485,0.32,00,49
12,Birmingham-Southern,Centre College,66-61,66,61,"8-4, 1-1 SAA","9-3, 0-2 SAA",01/09/15,Lose,486,No Location Recorded,8:00 PM,00:49,"MISS FT by LEWIS,EVAN",63,58,,-5,2,ft,miss,61,22,0.508,0.455,,,66,25,0.485,0.32,00,49
12,Birmingham-Southern,Centre College,66-61,66,61,"8-4, 1-1 SAA","9-3, 0-2 SAA",01/09/15,Lose,486,No Location Recorded,8:00 PM,00:49,REBOUND DEADB by TEAM,63,58,,-5,2,,,61,22,0.508,0.455,,,66,25,0.485,0.32,00,49
12,Birmingham-Southern,Centre College,66-61,66,61,"8-4, 1-1 SAA","9-3, 0-2 SAA",01/09/15,Lose,486,No Location Recorded,8:00 PM,00:49,"GOOD FT by LEWIS,EVAN",64,58,,-6,2,ft,good,62,22,0.516,0.455,,,66,25,0.485,0.32,00,49
12,Birmingham-Southern,Centre College,66-61,66,61,"8-4, 1-1 SAA","9-3, 0-2 SAA",01/09/15,Lose,486,No Location Recorded,8:00 PM,00:49,"SUB IN by MCLEAN,JAMES",64,58,,-6,2,,,62,22,0.516,0.455,,,66,25,0.485,0.32,00,49
12,Birmingham-Southern,Centre College,66-61,66,61,"8-4, 1-1 SAA","9-3, 0-2 SAA",01/09/15,Lose,486,No Location Recorded,8:00 PM,00:49,"SUB OUT by THOM,IAN",64,58,,-6,2,,,62,22,0.516,0.455,,,66,25,0.485,0.32,00,49
12,Birmingham-Southern,Centre College,66-61,66,61,"8-4, 1-1 SAA","9-3, 0-2 SAA",01/09/15,Lose,486,No Location Recorded,8:00 PM,00:36,,64,58,"MISS 3PTR by KARSNER,JOSH",-6,2,,,62,22,0.516,0.455,3ptr,miss,67,26,0.478,0.308,00,36
12,Birmingham-Southern,Centre College,66-61,66,61,"8-4, 1-1 SAA","9-3, 0-2 SAA",01/09/15,Lose,486,No Location Recorded,8:00 PM,00:36,,64,58,"REBOUND OFF by SCINTA,BLAKE",-6,2,,,62,22,0.516,0.455,,,67,26,0.478,0.308,00,36
12,Birmingham-Southern,Centre College,66-61,66,61,"8-4, 1-1 SAA","9-3, 0-2 SAA",01/09/15,Lose,486,No Location Recorded,8:00 PM,00:31,,64,61,"GOOD 3PTR by KARSNER,JOSH",-3,2,,,62,22,0.516,0.455,3ptr,good,68,27,0.485,0.333,00,31
12,Birmingham-Southern,Centre College,66-61,66,61,"8-4, 1-1 SAA","9-3, 0-2 SAA",01/09/15,Lose,486,No Location Recorded,8:00 PM,00:31,,64,61,"ASSIST  by GEEGAN,MIKE",-3,2,,,62,22,0.516,0.455,,,68,27,0.485,0.333,00,31
12,Birmingham-Southern,Centre College,66-61,66,61,"8-4, 1-1 SAA","9-3, 0-2 SAA",01/09/15,Lose,486,No Location Recorded,8:00 PM,00:25,,64,61,"FOUL  by SCINTA,BLAKE",-3,2,,,62,22,0.516,0.455,foul,,68,27,0.485,0.333,00,25
12,Birmingham-Southern,Centre College,66-61,66,61,"8-4, 1-1 SAA","9-3, 0-2 SAA",01/09/15,Lose,486,No Location Recorded,8:00 PM,00:25,"GOOD FT by LEWIS,EVAN",65,61,,-4,2,ft,good,63,22,0.524,0.455,,,68,27,0.485,0.333,00,25
12,Birmingham-Southern,Centre College,66-61,66,61,"8-4, 1-1 SAA","9-3, 0-2 SAA",01/09/15,Lose,486,No Location Recorded,8:00 PM,00:25,"MISS FT by LEWIS,EVAN",65,61,,-4,2,ft,miss,64,22,0.516,0.455,,,68,27,0.485,0.333,00,25
12,Birmingham-Southern,Centre College,66-61,66,61,"8-4, 1-1 SAA","9-3, 0-2 SAA",01/09/15,Lose,486,No Location Recorded,8:00 PM,00:25,REBOUND DEADB by TEAM,65,61,,-4,2,,,64,22,0.516,0.455,,,68,27,0.485,0.333,00,25
12,Birmingham-Southern,Centre College,66-61,66,61,"8-4, 1-1 SAA","9-3, 0-2 SAA",01/09/15,Lose,486,No Location Recorded,8:00 PM,00:25,TIMEOUT TEAM by TEAM,65,61,,-4,2,,,64,22,0.516,0.455,,,68,27,0.485,0.333,00,25
12,Birmingham-Southern,Centre College,66-61,66,61,"8-4, 1-1 SAA","9-3, 0-2 SAA",01/09/15,Lose,486,No Location Recorded,8:00 PM,00:25,TIMEOUT TEAM by TEAM,65,61,,-4,2,,,64,22,0.516,0.455,,,68,27,0.485,0.333,00,25
12,Birmingham-Southern,Centre College,66-61,66,61,"8-4, 1-1 SAA","9-3, 0-2 SAA",01/09/15,Lose,486,No Location Recorded,8:00 PM,00:25,,65,61,"SUB IN by GRUBER,SAM",-4,2,,,64,22,0.516,0.455,,,68,27,0.485,0.333,00,25
12,Birmingham-Southern,Centre College,66-61,66,61,"8-4, 1-1 SAA","9-3, 0-2 SAA",01/09/15,Lose,486,No Location Recorded,8:00 PM,00:25,,65,61,"SUB OUT by SCINTA,BLAKE",-4,2,,,64,22,0.516,0.455,,,68,27,0.485,0.333,00,25
12,Birmingham-Southern,Centre College,66-61,66,61,"8-4, 1-1 SAA","9-3, 0-2 SAA",01/09/15,Lose,486,No Location Recorded,8:00 PM,00:21,,65,61,"FOUL  by GEEGAN,MIKE",-4,2,,,64,22,0.516,0.455,foul,,68,27,0.485,0.333,00,21
12,Birmingham-Southern,Centre College,66-61,66,61,"8-4, 1-1 SAA","9-3, 0-2 SAA",01/09/15,Lose,486,No Location Recorded,8:00 PM,00:21,"MISS FT by MCLEAN,JAMES",65,61,,-4,2,ft,miss,65,22,0.508,0.455,,,68,27,0.485,0.333,00,21
12,Birmingham-Southern,Centre College,66-61,66,61,"8-4, 1-1 SAA","9-3, 0-2 SAA",01/09/15,Lose,486,No Location Recorded,8:00 PM,00:21,REBOUND DEADB by TEAM,65,61,,-4,2,,,65,22,0.508,0.455,,,68,27,0.485,0.333,00,21
12,Birmingham-Southern,Centre College,66-61,66,61,"8-4, 1-1 SAA","9-3, 0-2 SAA",01/09/15,Lose,486,No Location Recorded,8:00 PM,00:21,"MISS FT by MCLEAN,JAMES",65,61,,-4,2,ft,miss,66,22,0.5,0.455,,,68,27,0.485,0.333,00,21
12,Birmingham-Southern,Centre College,66-61,66,61,"8-4, 1-1 SAA","9-3, 0-2 SAA",01/09/15,Lose,486,No Location Recorded,8:00 PM,00:21,,65,61,"REBOUND DEF by WESLEY,TYLER",-4,2,,,66,22,0.5,0.455,,,68,27,0.485,0.333,00,21
12,Birmingham-Southern,Centre College,66-61,66,61,"8-4, 1-1 SAA","9-3, 0-2 SAA",01/09/15,Lose,486,No Location Recorded,8:00 PM,00:21,"SUB IN by LEWIS,EVAN",65,61,,-4,2,,,66,22,0.5,0.455,,,68,27,0.485,0.333,00,21
12,Birmingham-Southern,Centre College,66-61,66,61,"8-4, 1-1 SAA","9-3, 0-2 SAA",01/09/15,Lose,486,No Location Recorded,8:00 PM,00:21,"SUB IN by WELCH,ROSS",65,61,,-4,2,,,66,22,0.5,0.455,,,68,27,0.485,0.333,00,21
12,Birmingham-Southern,Centre College,66-61,66,61,"8-4, 1-1 SAA","9-3, 0-2 SAA",01/09/15,Lose,486,No Location Recorded,8:00 PM,00:21,"SUB OUT by DENEKA,HARRISON",65,61,,-4,2,,,66,22,0.5,0.455,,,68,27,0.485,0.333,00,21
12,Birmingham-Southern,Centre College,66-61,66,61,"8-4, 1-1 SAA","9-3, 0-2 SAA",01/09/15,Lose,486,No Location Recorded,8:00 PM,00:21,"SUB OUT by AVERY,ALEX",65,61,,-4,2,,,66,22,0.5,0.455,,,68,27,0.485,0.333,00,21
12,Birmingham-Southern,Centre College,66-61,66,61,"8-4, 1-1 SAA","9-3, 0-2 SAA",01/09/15,Lose,486,No Location Recorded,8:00 PM,00:14,,65,61,"MISS 3PTR by KARSNER,JOSH",-4,2,,,66,22,0.5,0.455,3ptr,miss,69,28,0.478,0.321,00,14
12,Birmingham-Southern,Centre College,66-61,66,61,"8-4, 1-1 SAA","9-3, 0-2 SAA",01/09/15,Lose,486,No Location Recorded,8:00 PM,00:14,,65,61,"REBOUND OFF by WESLEY,TYLER",-4,2,,,66,22,0.5,0.455,,,69,28,0.478,0.321,00,14
12,Birmingham-Southern,Centre College,66-61,66,61,"8-4, 1-1 SAA","9-3, 0-2 SAA",01/09/15,Lose,486,No Location Recorded,8:00 PM,00:09,,65,61,"TURNOVER  by WESLEY,TYLER",-4,2,,,66,22,0.5,0.455,,,69,28,0.478,0.321,00,9
12,Birmingham-Southern,Centre College,66-61,66,61,"8-4, 1-1 SAA","9-3, 0-2 SAA",01/09/15,Lose,486,No Location Recorded,8:00 PM,00:09,,65,61,"FOUL  by GEEGAN,MIKE",-4,2,,,66,22,0.5,0.455,foul,,69,28,0.478,0.321,00,9
12,Birmingham-Southern,Centre College,66-61,66,61,"8-4, 1-1 SAA","9-3, 0-2 SAA",01/09/15,Lose,486,No Location Recorded,8:00 PM,00:09,"GOOD FT by LEWIS,EVAN",66,61,,-5,2,ft,good,67,22,0.507,0.455,,,69,28,0.478,0.321,00,9
12,Birmingham-Southern,Centre College,66-61,66,61,"8-4, 1-1 SAA","9-3, 0-2 SAA",01/09/15,Lose,486,No Location Recorded,8:00 PM,00:09,"MISS FT by LEWIS,EVAN",66,61,,-5,2,ft,miss,68,22,0.5,0.455,,,69,28,0.478,0.321,00,9
12,Birmingham-Southern,Centre College,66-61,66,61,"8-4, 1-1 SAA","9-3, 0-2 SAA",01/09/15,Lose,486,No Location Recorded,8:00 PM,00:09,,66,61,"REBOUND DEF by WESLEY,TYLER",-5,2,,,68,22,0.5,0.455,,,69,28,0.478,0.321,00,9
12,Birmingham-Southern,Centre College,66-61,66,61,"8-4, 1-1 SAA","9-3, 0-2 SAA",01/09/15,Lose,486,No Location Recorded,8:00 PM,00:09,,66,61,"MISS 3PTR by KARSNER,JOSH",-5,2,,,68,22,0.5,0.455,3ptr,miss,70,29,0.471,0.31,00,9
12,Birmingham-Southern,Centre College,66-61,66,61,"8-4, 1-1 SAA","9-3, 0-2 SAA",01/09/15,Lose,486,No Location Recorded,8:00 PM,00:09,,66,61,"REBOUND OFF by KARSNER,JOSH",-5,2,,,68,22,0.5,0.455,,,70,29,0.471,0.31,00,9
12,Birmingham-Southern,Centre College,66-61,66,61,"8-4, 1-1 SAA","9-3, 0-2 SAA",01/09/15,Lose,486,No Location Recorded,8:00 PM,00:05,,66,61,"MISS 3PTR by KARSNER,JOSH",-5,2,,,68,22,0.5,0.455,3ptr,miss,71,30,0.465,0.3,00,5
12,Birmingham-Southern,Centre College,66-61,66,61,"8-4, 1-1 SAA","9-3, 0-2 SAA",01/09/15,Lose,486,No Location Recorded,8:00 PM,00:05,REBOUND DEADB by TEAM,66,61,,-5,2,,,68,22,0.5,0.455,,,71,30,0.465,0.3,00,5
