,gameID,homeTeam,awayTeam,saaGame,finalScore,homeScoreByPeriod,awayScoreByPeriod,homeRecord,awayRecord,homeConfRecord,awayConfRecord,gameDate,startTime,gameLength,gameLocation,homeWin,numPeriods,isOvertime,attendance,isNeutral,timeRemaining,awayPlay,awayTeamScore,playTeamIndicator,homeTeamScore,homePlay,gameScore,teamIndicator,Play,Period,playType,shotOutcome,Team,Player,pointsEarned,awayLineup,homeLineup,timeSeconds
0,1141,Sewanee,Oglethorpe,1,61-72,"27,45","30,31",17-7,11-13,10-3,6-7,02/19/16,8:00 PM,N/A,"Juhan Gymnasium, Sewanee, Tennessee",Win,2,False,872,False,19:49,"MISS 3PTR by SMITH,CONNOR",,,,,,,"MISS 3PTR by SMITH,CONNOR",1,three pointer,missed,oglethorpe,"smith,connor",,"['smith,connor', 'lawrence,chris', 'edwards,justin', 'mcgrath,josh', 'inungu,tom']","['carter,keshonn', 'mccullough,jacob', 'jones,cody', 'born,clay', 'stone,brody']",1189
1,1141,Sewanee,Oglethorpe,1,61-72,"27,45","30,31",17-7,11-13,10-3,6-7,02/19/16,8:00 PM,N/A,"Juhan Gymnasium, Sewanee, Tennessee",Win,2,False,872,False,--,,,,,"REBOUND DEF by BORN,CLAY",,,"REBOUND DEF by BORN,CLAY",1,defensive rebound,,sewanee,"born,clay",,"['smith,connor', 'lawrence,chris', 'edwards,justin', 'mcgrath,josh', 'inungu,tom']","['carter,keshonn', 'mccullough,jacob', 'jones,cody', 'born,clay', 'stone,brody']",
2,1141,Sewanee,Oglethorpe,1,61-72,"27,45","30,31",17-7,11-13,10-3,6-7,02/19/16,8:00 PM,N/A,"Juhan Gymnasium, Sewanee, Tennessee",Win,2,False,872,False,19:49,,,,,"FOUL  by STONE,BRODY",,,"FOUL  by STONE,BRODY",1,foul,,sewanee,"stone,brody",,"['smith,connor', 'lawrence,chris', 'edwards,justin', 'mcgrath,josh', 'inungu,tom']","['carter,keshonn', 'mccullough,jacob', 'jones,cody', 'born,clay', 'stone,brody']",1189
3,1141,Sewanee,Oglethorpe,1,61-72,"27,45","30,31",17-7,11-13,10-3,6-7,02/19/16,8:00 PM,N/A,"Juhan Gymnasium, Sewanee, Tennessee",Win,2,False,872,False,19:46,"GOOD 3PTR by LAWRENCE,CHRIS",3 ,,0,,OUM 3-0 (-3),,"GOOD 3PTR by LAWRENCE,CHRIS",1,three pointer,good,oglethorpe,"lawrence,chris",3,"['smith,connor', 'lawrence,chris', 'edwards,justin', 'mcgrath,josh', 'inungu,tom']","['carter,keshonn', 'mccullough,jacob', 'jones,cody', 'born,clay', 'stone,brody']",1186
4,1141,Sewanee,Oglethorpe,1,61-72,"27,45","30,31",17-7,11-13,10-3,6-7,02/19/16,8:00 PM,N/A,"Juhan Gymnasium, Sewanee, Tennessee",Win,2,False,872,False,19:24,,3 ,,0,"MISS 3PTR by JONES,CODY",,,"MISS 3PTR by JONES,CODY",1,three pointer,missed,sewanee,"jones,cody",,"['smith,connor', 'lawrence,chris', 'edwards,justin', 'mcgrath,josh', 'inungu,tom']","['carter,keshonn', 'mccullough,jacob', 'jones,cody', 'born,clay', 'stone,brody']",1164
5,1141,Sewanee,Oglethorpe,1,61-72,"27,45","30,31",17-7,11-13,10-3,6-7,02/19/16,8:00 PM,N/A,"Juhan Gymnasium, Sewanee, Tennessee",Win,2,False,872,False,--,,3 ,,0,"REBOUND OFF by STONE,BRODY",,,"REBOUND OFF by STONE,BRODY",1,offensive rebound,,sewanee,"stone,brody",,"['smith,connor', 'lawrence,chris', 'edwards,justin', 'mcgrath,josh', 'inungu,tom']","['carter,keshonn', 'mccullough,jacob', 'jones,cody', 'born,clay', 'stone,brody']",
6,1141,Sewanee,Oglethorpe,1,61-72,"27,45","30,31",17-7,11-13,10-3,6-7,02/19/16,8:00 PM,N/A,"Juhan Gymnasium, Sewanee, Tennessee",Win,2,False,872,False,19:17,,3,,3,"GOOD 3PTR by BORN,CLAY",SEWM 3-3 (0),,"GOOD 3PTR by BORN,CLAY",1,three pointer,good,sewanee,"born,clay",3,"['smith,connor', 'lawrence,chris', 'edwards,justin', 'mcgrath,josh', 'inungu,tom']","['carter,keshonn', 'mccullough,jacob', 'jones,cody', 'born,clay', 'stone,brody']",1157
7,1141,Sewanee,Oglethorpe,1,61-72,"27,45","30,31",17-7,11-13,10-3,6-7,02/19/16,8:00 PM,N/A,"Juhan Gymnasium, Sewanee, Tennessee",Win,2,False,872,False,18:34,"GOOD LAYUP by MCGRATH,JOSH(in the paint)",5 ,,3,,OUM 5-3 (-2),,"GOOD LAYUP by MCGRATH,JOSH(in the paint)",1,layup,good,oglethorpe,"mcgrath,josh",2,"['smith,connor', 'lawrence,chris', 'edwards,justin', 'mcgrath,josh', 'inungu,tom']","['carter,keshonn', 'mccullough,jacob', 'jones,cody', 'born,clay', 'stone,brody']",1114
8,1141,Sewanee,Oglethorpe,1,61-72,"27,45","30,31",17-7,11-13,10-3,6-7,02/19/16,8:00 PM,N/A,"Juhan Gymnasium, Sewanee, Tennessee",Win,2,False,872,False,--,"ASSIST  by SMITH,CONNOR",5 ,,3,,,,"ASSIST  by SMITH,CONNOR",1,assist,,oglethorpe,"smith,connor",,"['smith,connor', 'lawrence,chris', 'edwards,justin', 'mcgrath,josh', 'inungu,tom']","['carter,keshonn', 'mccullough,jacob', 'jones,cody', 'born,clay', 'stone,brody']",
9,1141,Sewanee,Oglethorpe,1,61-72,"27,45","30,31",17-7,11-13,10-3,6-7,02/19/16,8:00 PM,N/A,"Juhan Gymnasium, Sewanee, Tennessee",Win,2,False,872,False,18:09,,5 ,,3,"MISS 3PTR by JONES,CODY",,,"MISS 3PTR by JONES,CODY",1,three pointer,missed,sewanee,"jones,cody",,"['smith,connor', 'lawrence,chris', 'edwards,justin', 'mcgrath,josh', 'inungu,tom']","['carter,keshonn', 'mccullough,jacob', 'jones,cody', 'born,clay', 'stone,brody']",1089
10,1141,Sewanee,Oglethorpe,1,61-72,"27,45","30,31",17-7,11-13,10-3,6-7,02/19/16,8:00 PM,N/A,"Juhan Gymnasium, Sewanee, Tennessee",Win,2,False,872,False,--,"REBOUND DEF by LAWRENCE,CHRIS",5 ,,3,,,,"REBOUND DEF by LAWRENCE,CHRIS",1,defensive rebound,,oglethorpe,"lawrence,chris",,"['smith,connor', 'lawrence,chris', 'edwards,justin', 'mcgrath,josh', 'inungu,tom']","['carter,keshonn', 'mccullough,jacob', 'jones,cody', 'born,clay', 'stone,brody']",
11,1141,Sewanee,Oglethorpe,1,61-72,"27,45","30,31",17-7,11-13,10-3,6-7,02/19/16,8:00 PM,N/A,"Juhan Gymnasium, Sewanee, Tennessee",Win,2,False,872,False,17:31,"GOOD LAYUP by INUNGU,TOM(in the paint)",7 ,,3,,OUM 7-3 (-4),,"GOOD LAYUP by INUNGU,TOM(in the paint)",1,layup,good,oglethorpe,"inungu,tom",2,"['smith,connor', 'lawrence,chris', 'edwards,justin', 'mcgrath,josh', 'inungu,tom']","['carter,keshonn', 'mccullough,jacob', 'jones,cody', 'born,clay', 'stone,brody']",1051
12,1141,Sewanee,Oglethorpe,1,61-72,"27,45","30,31",17-7,11-13,10-3,6-7,02/19/16,8:00 PM,N/A,"Juhan Gymnasium, Sewanee, Tennessee",Win,2,False,872,False,--,"ASSIST  by EDWARDS,JUSTIN",7 ,,3,,,,"ASSIST  by EDWARDS,JUSTIN",1,assist,,oglethorpe,"edwards,justin",,"['smith,connor', 'lawrence,chris', 'edwards,justin', 'mcgrath,josh', 'inungu,tom']","['carter,keshonn', 'mccullough,jacob', 'jones,cody', 'born,clay', 'stone,brody']",
13,1141,Sewanee,Oglethorpe,1,61-72,"27,45","30,31",17-7,11-13,10-3,6-7,02/19/16,8:00 PM,N/A,"Juhan Gymnasium, Sewanee, Tennessee",Win,2,False,872,False,17:19,,7 ,,3,"MISS 3PTR by BORN,CLAY",,,"MISS 3PTR by BORN,CLAY",1,three pointer,missed,sewanee,"born,clay",,"['smith,connor', 'lawrence,chris', 'edwards,justin', 'mcgrath,josh', 'inungu,tom']","['carter,keshonn', 'mccullough,jacob', 'jones,cody', 'born,clay', 'stone,brody']",1039
14,1141,Sewanee,Oglethorpe,1,61-72,"27,45","30,31",17-7,11-13,10-3,6-7,02/19/16,8:00 PM,N/A,"Juhan Gymnasium, Sewanee, Tennessee",Win,2,False,872,False,--,,7 ,,3,"REBOUND OFF by JONES,CODY",,,"REBOUND OFF by JONES,CODY",1,offensive rebound,,sewanee,"jones,cody",,"['smith,connor', 'lawrence,chris', 'edwards,justin', 'mcgrath,josh', 'inungu,tom']","['carter,keshonn', 'mccullough,jacob', 'jones,cody', 'born,clay', 'stone,brody']",
15,1141,Sewanee,Oglethorpe,1,61-72,"27,45","30,31",17-7,11-13,10-3,6-7,02/19/16,8:00 PM,N/A,"Juhan Gymnasium, Sewanee, Tennessee",Win,2,False,872,False,17:11,,7 ,,3,"TURNOVER  by JONES,CODY",,,"TURNOVER  by JONES,CODY",1,turnover,,sewanee,"jones,cody",,"['smith,connor', 'lawrence,chris', 'edwards,justin', 'mcgrath,josh', 'inungu,tom']","['carter,keshonn', 'mccullough,jacob', 'jones,cody', 'born,clay', 'stone,brody']",1031
16,1141,Sewanee,Oglethorpe,1,61-72,"27,45","30,31",17-7,11-13,10-3,6-7,02/19/16,8:00 PM,N/A,"Juhan Gymnasium, Sewanee, Tennessee",Win,2,False,872,False,17:01,"GOOD 3PTR by SMITH,CONNOR",10 ,,3,,OUM 10-3 (-7),,"GOOD 3PTR by SMITH,CONNOR",1,three pointer,good,oglethorpe,"smith,connor",3,"['smith,connor', 'lawrence,chris', 'edwards,justin', 'mcgrath,josh', 'inungu,tom']","['carter,keshonn', 'mccullough,jacob', 'jones,cody', 'born,clay', 'stone,brody']",1021
17,1141,Sewanee,Oglethorpe,1,61-72,"27,45","30,31",17-7,11-13,10-3,6-7,02/19/16,8:00 PM,N/A,"Juhan Gymnasium, Sewanee, Tennessee",Win,2,False,872,False,--,"ASSIST  by MCGRATH,JOSH",10 ,,3,,,,"ASSIST  by MCGRATH,JOSH",1,assist,,oglethorpe,"mcgrath,josh",,"['smith,connor', 'lawrence,chris', 'edwards,justin', 'mcgrath,josh', 'inungu,tom']","['carter,keshonn', 'mccullough,jacob', 'jones,cody', 'born,clay', 'stone,brody']",
18,1141,Sewanee,Oglethorpe,1,61-72,"27,45","30,31",17-7,11-13,10-3,6-7,02/19/16,8:00 PM,N/A,"Juhan Gymnasium, Sewanee, Tennessee",Win,2,False,872,False,16:42,,10 ,,3,"MISS 3PTR by JONES,CODY",,,"MISS 3PTR by JONES,CODY",1,three pointer,missed,sewanee,"jones,cody",,"['smith,connor', 'lawrence,chris', 'edwards,justin', 'mcgrath,josh', 'inungu,tom']","['carter,keshonn', 'mccullough,jacob', 'jones,cody', 'born,clay', 'stone,brody']",1002
19,1141,Sewanee,Oglethorpe,1,61-72,"27,45","30,31",17-7,11-13,10-3,6-7,02/19/16,8:00 PM,N/A,"Juhan Gymnasium, Sewanee, Tennessee",Win,2,False,872,False,--,"REBOUND DEF by EDWARDS,JUSTIN",10 ,,3,,,,"REBOUND DEF by EDWARDS,JUSTIN",1,defensive rebound,,oglethorpe,"edwards,justin",,"['smith,connor', 'lawrence,chris', 'edwards,justin', 'mcgrath,josh', 'inungu,tom']","['carter,keshonn', 'mccullough,jacob', 'jones,cody', 'born,clay', 'stone,brody']",
20,1141,Sewanee,Oglethorpe,1,61-72,"27,45","30,31",17-7,11-13,10-3,6-7,02/19/16,8:00 PM,N/A,"Juhan Gymnasium, Sewanee, Tennessee",Win,2,False,872,False,16:12,"MISS 3PTR by EDWARDS,JUSTIN",10 ,,3,,,,"MISS 3PTR by EDWARDS,JUSTIN",1,three pointer,missed,oglethorpe,"edwards,justin",,"['smith,connor', 'lawrence,chris', 'edwards,justin', 'mcgrath,josh', 'inungu,tom']","['carter,keshonn', 'mccullough,jacob', 'jones,cody', 'born,clay', 'stone,brody']",972
21,1141,Sewanee,Oglethorpe,1,61-72,"27,45","30,31",17-7,11-13,10-3,6-7,02/19/16,8:00 PM,N/A,"Juhan Gymnasium, Sewanee, Tennessee",Win,2,False,872,False,--,,10 ,,3,"REBOUND DEF by BORN,CLAY",,,"REBOUND DEF by BORN,CLAY",1,defensive rebound,,sewanee,"born,clay",,"['smith,connor', 'lawrence,chris', 'edwards,justin', 'mcgrath,josh', 'inungu,tom']","['carter,keshonn', 'mccullough,jacob', 'jones,cody', 'born,clay', 'stone,brody']",
22,1141,Sewanee,Oglethorpe,1,61-72,"27,45","30,31",17-7,11-13,10-3,6-7,02/19/16,8:00 PM,N/A,"Juhan Gymnasium, Sewanee, Tennessee",Win,2,False,872,False,15:51,,10 ,,3,"MISS 3PTR by BORN,CLAY",,,"MISS 3PTR by BORN,CLAY",1,three pointer,missed,sewanee,"born,clay",,"['smith,connor', 'lawrence,chris', 'edwards,justin', 'mcgrath,josh', 'inungu,tom']","['carter,keshonn', 'mccullough,jacob', 'jones,cody', 'born,clay', 'stone,brody']",951
23,1141,Sewanee,Oglethorpe,1,61-72,"27,45","30,31",17-7,11-13,10-3,6-7,02/19/16,8:00 PM,N/A,"Juhan Gymnasium, Sewanee, Tennessee",Win,2,False,872,False,--,"REBOUND DEF by SMITH,CONNOR",10 ,,3,,,,"REBOUND DEF by SMITH,CONNOR",1,defensive rebound,,oglethorpe,"smith,connor",,"['smith,connor', 'lawrence,chris', 'edwards,justin', 'mcgrath,josh', 'inungu,tom']","['carter,keshonn', 'mccullough,jacob', 'jones,cody', 'born,clay', 'stone,brody']",
24,1141,Sewanee,Oglethorpe,1,61-72,"27,45","30,31",17-7,11-13,10-3,6-7,02/19/16,8:00 PM,N/A,"Juhan Gymnasium, Sewanee, Tennessee",Win,2,False,872,False,15:35,"TURNOVER  by SMITH,CONNOR",10 ,,3,,,,"TURNOVER  by SMITH,CONNOR",1,turnover,,oglethorpe,"smith,connor",,"['smith,connor', 'lawrence,chris', 'edwards,justin', 'mcgrath,josh', 'inungu,tom']","['carter,keshonn', 'mccullough,jacob', 'jones,cody', 'born,clay', 'stone,brody']",935
25,1141,Sewanee,Oglethorpe,1,61-72,"27,45","30,31",17-7,11-13,10-3,6-7,02/19/16,8:00 PM,N/A,"Juhan Gymnasium, Sewanee, Tennessee",Win,2,False,872,False,15:35,,10 ,,3,"STEAL  by STONE,BRODY",,,"STEAL  by STONE,BRODY",1,steal,,sewanee,,,"['smith,connor', 'lawrence,chris', 'edwards,justin', 'mcgrath,josh', 'inungu,tom']","['carter,keshonn', 'mccullough,jacob', 'jones,cody', 'born,clay', 'stone,brody']",935
26,1141,Sewanee,Oglethorpe,1,61-72,"27,45","30,31",17-7,11-13,10-3,6-7,02/19/16,8:00 PM,N/A,"Juhan Gymnasium, Sewanee, Tennessee",Win,2,False,872,False,15:25,"SUB IN by ANDINO,GEORGE",10 ,,3,,,,"SUB IN by ANDINO,GEORGE",1,subbing in,,oglethorpe,"andino,george",,"['smith,connor', 'lawrence,chris', 'edwards,justin', 'mcgrath,josh', 'inungu,tom', 'andino,george']","['carter,keshonn', 'mccullough,jacob', 'jones,cody', 'born,clay', 'stone,brody']",925
27,1141,Sewanee,Oglethorpe,1,61-72,"27,45","30,31",17-7,11-13,10-3,6-7,02/19/16,8:00 PM,N/A,"Juhan Gymnasium, Sewanee, Tennessee",Win,2,False,872,False,15:25,"SUB IN by SIGRIST,CONNOR",10 ,,3,,,,"SUB IN by SIGRIST,CONNOR",1,subbing in,,oglethorpe,"sigrist,connor",,"['smith,connor', 'lawrence,chris', 'edwards,justin', 'mcgrath,josh', 'inungu,tom', 'andino,george', 'sigrist,connor']","['carter,keshonn', 'mccullough,jacob', 'jones,cody', 'born,clay', 'stone,brody']",925
28,1141,Sewanee,Oglethorpe,1,61-72,"27,45","30,31",17-7,11-13,10-3,6-7,02/19/16,8:00 PM,N/A,"Juhan Gymnasium, Sewanee, Tennessee",Win,2,False,872,False,15:25,"SUB OUT by INUNGU,TOM",10 ,,3,,,,"SUB OUT by INUNGU,TOM",1,subbing out,,oglethorpe,"inungu,tom",,"['smith,connor', 'lawrence,chris', 'edwards,justin', 'mcgrath,josh', 'andino,george', 'sigrist,connor']","['carter,keshonn', 'mccullough,jacob', 'jones,cody', 'born,clay', 'stone,brody']",925
29,1141,Sewanee,Oglethorpe,1,61-72,"27,45","30,31",17-7,11-13,10-3,6-7,02/19/16,8:00 PM,N/A,"Juhan Gymnasium, Sewanee, Tennessee",Win,2,False,872,False,15:25,"SUB OUT by EDWARDS,JUSTIN",10 ,,3,,,,"SUB OUT by EDWARDS,JUSTIN",1,subbing out,,oglethorpe,"edwards,justin",,"['smith,connor', 'lawrence,chris', 'mcgrath,josh', 'andino,george', 'sigrist,connor']","['carter,keshonn', 'mccullough,jacob', 'jones,cody', 'born,clay', 'stone,brody']",925
30,1141,Sewanee,Oglethorpe,1,61-72,"27,45","30,31",17-7,11-13,10-3,6-7,02/19/16,8:00 PM,N/A,"Juhan Gymnasium, Sewanee, Tennessee",Win,2,False,872,False,15:25,,10 ,,3,"SUB IN by BROWN,SETH",,,"SUB IN by BROWN,SETH",1,subbing in,,sewanee,"brown,seth",,"['smith,connor', 'lawrence,chris', 'mcgrath,josh', 'andino,george', 'sigrist,connor']","['carter,keshonn', 'mccullough,jacob', 'jones,cody', 'born,clay', 'stone,brody', 'brown,seth']",925
31,1141,Sewanee,Oglethorpe,1,61-72,"27,45","30,31",17-7,11-13,10-3,6-7,02/19/16,8:00 PM,N/A,"Juhan Gymnasium, Sewanee, Tennessee",Win,2,False,872,False,15:25,,10 ,,3,"SUB OUT by STONE,BRODY",,,"SUB OUT by STONE,BRODY",1,subbing out,,sewanee,"stone,brody",,"['smith,connor', 'lawrence,chris', 'mcgrath,josh', 'andino,george', 'sigrist,connor']","['carter,keshonn', 'mccullough,jacob', 'jones,cody', 'born,clay', 'brown,seth']",925
32,1141,Sewanee,Oglethorpe,1,61-72,"27,45","30,31",17-7,11-13,10-3,6-7,02/19/16,8:00 PM,N/A,"Juhan Gymnasium, Sewanee, Tennessee",Win,2,False,872,False,15:09,,10 ,,5,"GOOD JUMPER by JONES,CODY",SEWM 10-5 (-5),,"GOOD JUMPER by JONES,CODY",1,jumper,good,sewanee,"jones,cody",2,"['smith,connor', 'lawrence,chris', 'mcgrath,josh', 'andino,george', 'sigrist,connor']","['carter,keshonn', 'mccullough,jacob', 'jones,cody', 'born,clay', 'brown,seth']",909
33,1141,Sewanee,Oglethorpe,1,61-72,"27,45","30,31",17-7,11-13,10-3,6-7,02/19/16,8:00 PM,N/A,"Juhan Gymnasium, Sewanee, Tennessee",Win,2,False,872,False,14:50,"TURNOVER  by SMITH,CONNOR",10 ,,5,,,,"TURNOVER  by SMITH,CONNOR",1,turnover,,oglethorpe,"smith,connor",,"['smith,connor', 'lawrence,chris', 'mcgrath,josh', 'andino,george', 'sigrist,connor']","['carter,keshonn', 'mccullough,jacob', 'jones,cody', 'born,clay', 'brown,seth']",890
34,1141,Sewanee,Oglethorpe,1,61-72,"27,45","30,31",17-7,11-13,10-3,6-7,02/19/16,8:00 PM,N/A,"Juhan Gymnasium, Sewanee, Tennessee",Win,2,False,872,False,14:48,,10 ,,5,"SUB IN by TOME,MATT",,,"SUB IN by TOME,MATT",1,subbing in,,sewanee,"tome,matt",,"['smith,connor', 'lawrence,chris', 'mcgrath,josh', 'andino,george', 'sigrist,connor']","['carter,keshonn', 'mccullough,jacob', 'jones,cody', 'born,clay', 'brown,seth', 'tome,matt']",888
35,1141,Sewanee,Oglethorpe,1,61-72,"27,45","30,31",17-7,11-13,10-3,6-7,02/19/16,8:00 PM,N/A,"Juhan Gymnasium, Sewanee, Tennessee",Win,2,False,872,False,14:48,,10 ,,5,"SUB OUT by JONES,CODY",,,"SUB OUT by JONES,CODY",1,subbing out,,sewanee,"jones,cody",,"['smith,connor', 'lawrence,chris', 'mcgrath,josh', 'andino,george', 'sigrist,connor']","['carter,keshonn', 'mccullough,jacob', 'born,clay', 'brown,seth', 'tome,matt']",888
36,1141,Sewanee,Oglethorpe,1,61-72,"27,45","30,31",17-7,11-13,10-3,6-7,02/19/16,8:00 PM,N/A,"Juhan Gymnasium, Sewanee, Tennessee",Win,2,False,872,False,14:23,,10 ,,5,"MISS JUMPER by CARTER,KESHONN",,,"MISS JUMPER by CARTER,KESHONN",1,jumper,missed,sewanee,"carter,keshonn",,"['smith,connor', 'lawrence,chris', 'mcgrath,josh', 'andino,george', 'sigrist,connor']","['carter,keshonn', 'mccullough,jacob', 'born,clay', 'brown,seth', 'tome,matt']",863
37,1141,Sewanee,Oglethorpe,1,61-72,"27,45","30,31",17-7,11-13,10-3,6-7,02/19/16,8:00 PM,N/A,"Juhan Gymnasium, Sewanee, Tennessee",Win,2,False,872,False,--,"REBOUND DEF by SMITH,CONNOR",10 ,,5,,,,"REBOUND DEF by SMITH,CONNOR",1,defensive rebound,,oglethorpe,"smith,connor",,"['smith,connor', 'lawrence,chris', 'mcgrath,josh', 'andino,george', 'sigrist,connor']","['carter,keshonn', 'mccullough,jacob', 'born,clay', 'brown,seth', 'tome,matt']",
38,1141,Sewanee,Oglethorpe,1,61-72,"27,45","30,31",17-7,11-13,10-3,6-7,02/19/16,8:00 PM,N/A,"Juhan Gymnasium, Sewanee, Tennessee",Win,2,False,872,False,14:11,"GOOD 3PTR by SMITH,CONNOR",13 ,,5,,OUM 13-5 (-8),,"GOOD 3PTR by SMITH,CONNOR",1,three pointer,good,oglethorpe,"smith,connor",3,"['smith,connor', 'lawrence,chris', 'mcgrath,josh', 'andino,george', 'sigrist,connor']","['carter,keshonn', 'mccullough,jacob', 'born,clay', 'brown,seth', 'tome,matt']",851
39,1141,Sewanee,Oglethorpe,1,61-72,"27,45","30,31",17-7,11-13,10-3,6-7,02/19/16,8:00 PM,N/A,"Juhan Gymnasium, Sewanee, Tennessee",Win,2,False,872,False,--,"ASSIST  by LAWRENCE,CHRIS",13 ,,5,,,,"ASSIST  by LAWRENCE,CHRIS",1,assist,,oglethorpe,"lawrence,chris",,"['smith,connor', 'lawrence,chris', 'mcgrath,josh', 'andino,george', 'sigrist,connor']","['carter,keshonn', 'mccullough,jacob', 'born,clay', 'brown,seth', 'tome,matt']",
40,1141,Sewanee,Oglethorpe,1,61-72,"27,45","30,31",17-7,11-13,10-3,6-7,02/19/16,8:00 PM,N/A,"Juhan Gymnasium, Sewanee, Tennessee",Win,2,False,872,False,13:47,,13 ,,5,"MISS JUMPER by BROWN,SETH",,,"MISS JUMPER by BROWN,SETH",1,jumper,missed,sewanee,"brown,seth",,"['smith,connor', 'lawrence,chris', 'mcgrath,josh', 'andino,george', 'sigrist,connor']","['carter,keshonn', 'mccullough,jacob', 'born,clay', 'brown,seth', 'tome,matt']",827
41,1141,Sewanee,Oglethorpe,1,61-72,"27,45","30,31",17-7,11-13,10-3,6-7,02/19/16,8:00 PM,N/A,"Juhan Gymnasium, Sewanee, Tennessee",Win,2,False,872,False,--,"REBOUND DEF by SIGRIST,CONNOR",13 ,,5,,,,"REBOUND DEF by SIGRIST,CONNOR",1,defensive rebound,,oglethorpe,"sigrist,connor",,"['smith,connor', 'lawrence,chris', 'mcgrath,josh', 'andino,george', 'sigrist,connor']","['carter,keshonn', 'mccullough,jacob', 'born,clay', 'brown,seth', 'tome,matt']",
42,1141,Sewanee,Oglethorpe,1,61-72,"27,45","30,31",17-7,11-13,10-3,6-7,02/19/16,8:00 PM,N/A,"Juhan Gymnasium, Sewanee, Tennessee",Win,2,False,872,False,13:25,"MISS LAYUP by LAWRENCE,CHRIS",13 ,,5,,,,"MISS LAYUP by LAWRENCE,CHRIS",1,layup,missed,oglethorpe,"lawrence,chris",,"['smith,connor', 'lawrence,chris', 'mcgrath,josh', 'andino,george', 'sigrist,connor']","['carter,keshonn', 'mccullough,jacob', 'born,clay', 'brown,seth', 'tome,matt']",805
43,1141,Sewanee,Oglethorpe,1,61-72,"27,45","30,31",17-7,11-13,10-3,6-7,02/19/16,8:00 PM,N/A,"Juhan Gymnasium, Sewanee, Tennessee",Win,2,False,872,False,--,,13 ,,5,"REBOUND DEF by CARTER,KESHONN",,,"REBOUND DEF by CARTER,KESHONN",1,defensive rebound,,sewanee,"carter,keshonn",,"['smith,connor', 'lawrence,chris', 'mcgrath,josh', 'andino,george', 'sigrist,connor']","['carter,keshonn', 'mccullough,jacob', 'born,clay', 'brown,seth', 'tome,matt']",
44,1141,Sewanee,Oglethorpe,1,61-72,"27,45","30,31",17-7,11-13,10-3,6-7,02/19/16,8:00 PM,N/A,"Juhan Gymnasium, Sewanee, Tennessee",Win,2,False,872,False,13:07,"FOUL  by SIGRIST,CONNOR",13 ,,5,,,,"FOUL  by SIGRIST,CONNOR",1,foul,,oglethorpe,"sigrist,connor",,"['smith,connor', 'lawrence,chris', 'mcgrath,josh', 'andino,george', 'sigrist,connor']","['carter,keshonn', 'mccullough,jacob', 'born,clay', 'brown,seth', 'tome,matt']",787
45,1141,Sewanee,Oglethorpe,1,61-72,"27,45","30,31",17-7,11-13,10-3,6-7,02/19/16,8:00 PM,N/A,"Juhan Gymnasium, Sewanee, Tennessee",Win,2,False,872,False,13:07,,13 ,,5,"MISS FT by CARTER,KESHONN",,,"MISS FT by CARTER,KESHONN",1,free throw,missed,sewanee,"carter,keshonn",,"['smith,connor', 'lawrence,chris', 'mcgrath,josh', 'andino,george', 'sigrist,connor']","['carter,keshonn', 'mccullough,jacob', 'born,clay', 'brown,seth', 'tome,matt']",787
46,1141,Sewanee,Oglethorpe,1,61-72,"27,45","30,31",17-7,11-13,10-3,6-7,02/19/16,8:00 PM,N/A,"Juhan Gymnasium, Sewanee, Tennessee",Win,2,False,872,False,--,,13 ,,5,REBOUND DEADB by TEAM,,,REBOUND DEADB by TEAM,1,deadball rebound,,sewanee,,,"['smith,connor', 'lawrence,chris', 'mcgrath,josh', 'andino,george', 'sigrist,connor']","['carter,keshonn', 'mccullough,jacob', 'born,clay', 'brown,seth', 'tome,matt']",
47,1141,Sewanee,Oglethorpe,1,61-72,"27,45","30,31",17-7,11-13,10-3,6-7,02/19/16,8:00 PM,N/A,"Juhan Gymnasium, Sewanee, Tennessee",Win,2,False,872,False,13:07,,13 ,,6,"GOOD FT by CARTER,KESHONN",SEWM 13-6 (-7),,"GOOD FT by CARTER,KESHONN",1,free throw,good,sewanee,"carter,keshonn",1,"['smith,connor', 'lawrence,chris', 'mcgrath,josh', 'andino,george', 'sigrist,connor']","['carter,keshonn', 'mccullough,jacob', 'born,clay', 'brown,seth', 'tome,matt']",787
48,1141,Sewanee,Oglethorpe,1,61-72,"27,45","30,31",17-7,11-13,10-3,6-7,02/19/16,8:00 PM,N/A,"Juhan Gymnasium, Sewanee, Tennessee",Win,2,False,872,False,13:07,"SUB IN by EDWARDS,JUSTIN",13 ,,6,,,,"SUB IN by EDWARDS,JUSTIN",1,subbing in,,oglethorpe,"edwards,justin",,"['smith,connor', 'lawrence,chris', 'mcgrath,josh', 'andino,george', 'sigrist,connor', 'edwards,justin']","['carter,keshonn', 'mccullough,jacob', 'born,clay', 'brown,seth', 'tome,matt']",787
49,1141,Sewanee,Oglethorpe,1,61-72,"27,45","30,31",17-7,11-13,10-3,6-7,02/19/16,8:00 PM,N/A,"Juhan Gymnasium, Sewanee, Tennessee",Win,2,False,872,False,13:07,"SUB IN by HUFFMAN,DEVIN",13 ,,6,,,,"SUB IN by HUFFMAN,DEVIN",1,subbing in,,oglethorpe,"huffman,devin",,"['smith,connor', 'lawrence,chris', 'mcgrath,josh', 'andino,george', 'sigrist,connor', 'edwards,justin', 'huffman,devin']","['carter,keshonn', 'mccullough,jacob', 'born,clay', 'brown,seth', 'tome,matt']",787
50,1141,Sewanee,Oglethorpe,1,61-72,"27,45","30,31",17-7,11-13,10-3,6-7,02/19/16,8:00 PM,N/A,"Juhan Gymnasium, Sewanee, Tennessee",Win,2,False,872,False,13:07,"SUB OUT by MCGRATH,JOSH",13 ,,6,,,,"SUB OUT by MCGRATH,JOSH",1,subbing out,,oglethorpe,"mcgrath,josh",,"['smith,connor', 'lawrence,chris', 'andino,george', 'sigrist,connor', 'edwards,justin', 'huffman,devin']","['carter,keshonn', 'mccullough,jacob', 'born,clay', 'brown,seth', 'tome,matt']",787
51,1141,Sewanee,Oglethorpe,1,61-72,"27,45","30,31",17-7,11-13,10-3,6-7,02/19/16,8:00 PM,N/A,"Juhan Gymnasium, Sewanee, Tennessee",Win,2,False,872,False,13:07,"SUB OUT by SMITH,CONNOR",13 ,,6,,,,"SUB OUT by SMITH,CONNOR",1,subbing out,,oglethorpe,"smith,connor",,"['lawrence,chris', 'andino,george', 'sigrist,connor', 'edwards,justin', 'huffman,devin']","['carter,keshonn', 'mccullough,jacob', 'born,clay', 'brown,seth', 'tome,matt']",787
52,1141,Sewanee,Oglethorpe,1,61-72,"27,45","30,31",17-7,11-13,10-3,6-7,02/19/16,8:00 PM,N/A,"Juhan Gymnasium, Sewanee, Tennessee",Win,2,False,872,False,13:07,,13 ,,6,"SUB IN by TURNER,BYRON",,,"SUB IN by TURNER,BYRON",1,subbing in,,sewanee,"turner,byron",,"['lawrence,chris', 'andino,george', 'sigrist,connor', 'edwards,justin', 'huffman,devin']","['carter,keshonn', 'mccullough,jacob', 'born,clay', 'brown,seth', 'tome,matt', 'turner,byron']",787
53,1141,Sewanee,Oglethorpe,1,61-72,"27,45","30,31",17-7,11-13,10-3,6-7,02/19/16,8:00 PM,N/A,"Juhan Gymnasium, Sewanee, Tennessee",Win,2,False,872,False,13:07,,13 ,,6,"SUB IN by JONES,CODY",,,"SUB IN by JONES,CODY",1,subbing in,,sewanee,"jones,cody",,"['lawrence,chris', 'andino,george', 'sigrist,connor', 'edwards,justin', 'huffman,devin']","['carter,keshonn', 'mccullough,jacob', 'born,clay', 'brown,seth', 'tome,matt', 'turner,byron', 'jones,cody']",787
54,1141,Sewanee,Oglethorpe,1,61-72,"27,45","30,31",17-7,11-13,10-3,6-7,02/19/16,8:00 PM,N/A,"Juhan Gymnasium, Sewanee, Tennessee",Win,2,False,872,False,13:07,,13 ,,6,"SUB IN by BUESCHER,HUNTER",,,"SUB IN by BUESCHER,HUNTER",1,subbing in,,sewanee,"buescher,hunter",,"['lawrence,chris', 'andino,george', 'sigrist,connor', 'edwards,justin', 'huffman,devin']","['carter,keshonn', 'mccullough,jacob', 'born,clay', 'brown,seth', 'tome,matt', 'turner,byron', 'jones,cody', 'buescher,hunter']",787
55,1141,Sewanee,Oglethorpe,1,61-72,"27,45","30,31",17-7,11-13,10-3,6-7,02/19/16,8:00 PM,N/A,"Juhan Gymnasium, Sewanee, Tennessee",Win,2,False,872,False,13:07,,13 ,,6,"SUB OUT by CARTER,KESHONN",,,"SUB OUT by CARTER,KESHONN",1,subbing out,,sewanee,"carter,keshonn",,"['lawrence,chris', 'andino,george', 'sigrist,connor', 'edwards,justin', 'huffman,devin']","['mccullough,jacob', 'born,clay', 'brown,seth', 'tome,matt', 'turner,byron', 'jones,cody', 'buescher,hunter']",787
56,1141,Sewanee,Oglethorpe,1,61-72,"27,45","30,31",17-7,11-13,10-3,6-7,02/19/16,8:00 PM,N/A,"Juhan Gymnasium, Sewanee, Tennessee",Win,2,False,872,False,13:07,,13 ,,6,"SUB OUT by MCCULLOUGH,JACOB",,,"SUB OUT by MCCULLOUGH,JACOB",1,subbing out,,sewanee,"mccullough,jacob",,"['lawrence,chris', 'andino,george', 'sigrist,connor', 'edwards,justin', 'huffman,devin']","['born,clay', 'brown,seth', 'tome,matt', 'turner,byron', 'jones,cody', 'buescher,hunter']",787
57,1141,Sewanee,Oglethorpe,1,61-72,"27,45","30,31",17-7,11-13,10-3,6-7,02/19/16,8:00 PM,N/A,"Juhan Gymnasium, Sewanee, Tennessee",Win,2,False,872,False,13:07,,13 ,,6,"SUB OUT by BORN,CLAY",,,"SUB OUT by BORN,CLAY",1,subbing out,,sewanee,"born,clay",,"['lawrence,chris', 'andino,george', 'sigrist,connor', 'edwards,justin', 'huffman,devin']","['brown,seth', 'tome,matt', 'turner,byron', 'jones,cody', 'buescher,hunter']",787
58,1141,Sewanee,Oglethorpe,1,61-72,"27,45","30,31",17-7,11-13,10-3,6-7,02/19/16,8:00 PM,N/A,"Juhan Gymnasium, Sewanee, Tennessee",Win,2,False,872,False,12:50,"TURNOVER  by ANDINO,GEORGE",13 ,,6,,,,"TURNOVER  by ANDINO,GEORGE",1,turnover,,oglethorpe,"andino,george",,"['lawrence,chris', 'andino,george', 'sigrist,connor', 'edwards,justin', 'huffman,devin']","['brown,seth', 'tome,matt', 'turner,byron', 'jones,cody', 'buescher,hunter']",770
59,1141,Sewanee,Oglethorpe,1,61-72,"27,45","30,31",17-7,11-13,10-3,6-7,02/19/16,8:00 PM,N/A,"Juhan Gymnasium, Sewanee, Tennessee",Win,2,False,872,False,12:48,,13 ,,6,"STEAL  by JONES,CODY",,,"STEAL  by JONES,CODY",1,steal,,sewanee,,,"['lawrence,chris', 'andino,george', 'sigrist,connor', 'edwards,justin', 'huffman,devin']","['brown,seth', 'tome,matt', 'turner,byron', 'jones,cody', 'buescher,hunter']",768
60,1141,Sewanee,Oglethorpe,1,61-72,"27,45","30,31",17-7,11-13,10-3,6-7,02/19/16,8:00 PM,N/A,"Juhan Gymnasium, Sewanee, Tennessee",Win,2,False,872,False,12:34,,13 ,,8,"GOOD LAYUP by BROWN,SETH(in the paint)",SEWM 13-8 (-5),,"GOOD LAYUP by BROWN,SETH(in the paint)",1,layup,good,sewanee,"brown,seth",2,"['lawrence,chris', 'andino,george', 'sigrist,connor', 'edwards,justin', 'huffman,devin']","['brown,seth', 'tome,matt', 'turner,byron', 'jones,cody', 'buescher,hunter']",754
61,1141,Sewanee,Oglethorpe,1,61-72,"27,45","30,31",17-7,11-13,10-3,6-7,02/19/16,8:00 PM,N/A,"Juhan Gymnasium, Sewanee, Tennessee",Win,2,False,872,False,--,,13 ,,8,"ASSIST  by JONES,CODY",,,"ASSIST  by JONES,CODY",1,assist,,sewanee,"jones,cody",,"['lawrence,chris', 'andino,george', 'sigrist,connor', 'edwards,justin', 'huffman,devin']","['brown,seth', 'tome,matt', 'turner,byron', 'jones,cody', 'buescher,hunter']",
62,1141,Sewanee,Oglethorpe,1,61-72,"27,45","30,31",17-7,11-13,10-3,6-7,02/19/16,8:00 PM,N/A,"Juhan Gymnasium, Sewanee, Tennessee",Win,2,False,872,False,12:12,"MISS JUMPER by EDWARDS,JUSTIN",13 ,,8,,,,"MISS JUMPER by EDWARDS,JUSTIN",1,jumper,missed,oglethorpe,"edwards,justin",,"['lawrence,chris', 'andino,george', 'sigrist,connor', 'edwards,justin', 'huffman,devin']","['brown,seth', 'tome,matt', 'turner,byron', 'jones,cody', 'buescher,hunter']",732
63,1141,Sewanee,Oglethorpe,1,61-72,"27,45","30,31",17-7,11-13,10-3,6-7,02/19/16,8:00 PM,N/A,"Juhan Gymnasium, Sewanee, Tennessee",Win,2,False,872,False,--,,13 ,,8,"REBOUND DEF by TURNER,BYRON",,,"REBOUND DEF by TURNER,BYRON",1,defensive rebound,,sewanee,"turner,byron",,"['lawrence,chris', 'andino,george', 'sigrist,connor', 'edwards,justin', 'huffman,devin']","['brown,seth', 'tome,matt', 'turner,byron', 'jones,cody', 'buescher,hunter']",
64,1141,Sewanee,Oglethorpe,1,61-72,"27,45","30,31",17-7,11-13,10-3,6-7,02/19/16,8:00 PM,N/A,"Juhan Gymnasium, Sewanee, Tennessee",Win,2,False,872,False,11:58,,13 ,,8,"MISS 3PTR by TOME,MATT",,,"MISS 3PTR by TOME,MATT",1,three pointer,missed,sewanee,"tome,matt",,"['lawrence,chris', 'andino,george', 'sigrist,connor', 'edwards,justin', 'huffman,devin']","['brown,seth', 'tome,matt', 'turner,byron', 'jones,cody', 'buescher,hunter']",718
65,1141,Sewanee,Oglethorpe,1,61-72,"27,45","30,31",17-7,11-13,10-3,6-7,02/19/16,8:00 PM,N/A,"Juhan Gymnasium, Sewanee, Tennessee",Win,2,False,872,False,--,,13 ,,8,"REBOUND OFF by BROWN,SETH",,,"REBOUND OFF by BROWN,SETH",1,offensive rebound,,sewanee,"brown,seth",,"['lawrence,chris', 'andino,george', 'sigrist,connor', 'edwards,justin', 'huffman,devin']","['brown,seth', 'tome,matt', 'turner,byron', 'jones,cody', 'buescher,hunter']",
66,1141,Sewanee,Oglethorpe,1,61-72,"27,45","30,31",17-7,11-13,10-3,6-7,02/19/16,8:00 PM,N/A,"Juhan Gymnasium, Sewanee, Tennessee",Win,2,False,872,False,11:51,,13 ,,10,"GOOD TIPIN by BROWN,SETH(in the paint)",SEWM 13-10 (-3),,"GOOD TIPIN by BROWN,SETH(in the paint)",1,tipin,good,sewanee,"brown,seth",2,"['lawrence,chris', 'andino,george', 'sigrist,connor', 'edwards,justin', 'huffman,devin']","['brown,seth', 'tome,matt', 'turner,byron', 'jones,cody', 'buescher,hunter']",711
67,1141,Sewanee,Oglethorpe,1,61-72,"27,45","30,31",17-7,11-13,10-3,6-7,02/19/16,8:00 PM,N/A,"Juhan Gymnasium, Sewanee, Tennessee",Win,2,False,872,False,11:50,TIMEOUT 30SEC by TEAM,13 ,,10,,,,TIMEOUT 30SEC by TEAM,1,timeout,,oglethorpe,,,"['lawrence,chris', 'andino,george', 'sigrist,connor', 'edwards,justin', 'huffman,devin']","['brown,seth', 'tome,matt', 'turner,byron', 'jones,cody', 'buescher,hunter']",710
68,1141,Sewanee,Oglethorpe,1,61-72,"27,45","30,31",17-7,11-13,10-3,6-7,02/19/16,8:00 PM,N/A,"Juhan Gymnasium, Sewanee, Tennessee",Win,2,False,872,False,11:45,,13 ,,10,"FOUL  by TOME,MATT",,,"FOUL  by TOME,MATT",1,foul,,sewanee,"tome,matt",,"['lawrence,chris', 'andino,george', 'sigrist,connor', 'edwards,justin', 'huffman,devin']","['brown,seth', 'tome,matt', 'turner,byron', 'jones,cody', 'buescher,hunter']",705
69,1141,Sewanee,Oglethorpe,1,61-72,"27,45","30,31",17-7,11-13,10-3,6-7,02/19/16,8:00 PM,N/A,"Juhan Gymnasium, Sewanee, Tennessee",Win,2,False,872,False,11:45,,13 ,,10,TIMEOUT TEAM by TEAM,,,TIMEOUT TEAM by TEAM,1,timeout,,sewanee,,,"['lawrence,chris', 'andino,george', 'sigrist,connor', 'edwards,justin', 'huffman,devin']","['brown,seth', 'tome,matt', 'turner,byron', 'jones,cody', 'buescher,hunter']",705
70,1141,Sewanee,Oglethorpe,1,61-72,"27,45","30,31",17-7,11-13,10-3,6-7,02/19/16,8:00 PM,N/A,"Juhan Gymnasium, Sewanee, Tennessee",Win,2,False,872,False,11:45,TIMEOUT 30SEC by TEAM,13 ,,10,,,,TIMEOUT 30SEC by TEAM,1,timeout,,oglethorpe,,,"['lawrence,chris', 'andino,george', 'sigrist,connor', 'edwards,justin', 'huffman,devin']","['brown,seth', 'tome,matt', 'turner,byron', 'jones,cody', 'buescher,hunter']",705
71,1141,Sewanee,Oglethorpe,1,61-72,"27,45","30,31",17-7,11-13,10-3,6-7,02/19/16,8:00 PM,N/A,"Juhan Gymnasium, Sewanee, Tennessee",Win,2,False,872,False,11:45,"SUB IN by MCGRATH,JOSH",13 ,,10,,,,"SUB IN by MCGRATH,JOSH",1,subbing in,,oglethorpe,"mcgrath,josh",,"['lawrence,chris', 'andino,george', 'sigrist,connor', 'edwards,justin', 'huffman,devin', 'mcgrath,josh']","['brown,seth', 'tome,matt', 'turner,byron', 'jones,cody', 'buescher,hunter']",705
72,1141,Sewanee,Oglethorpe,1,61-72,"27,45","30,31",17-7,11-13,10-3,6-7,02/19/16,8:00 PM,N/A,"Juhan Gymnasium, Sewanee, Tennessee",Win,2,False,872,False,11:45,"SUB IN by SMITH,CONNOR",13 ,,10,,,,"SUB IN by SMITH,CONNOR",1,subbing in,,oglethorpe,"smith,connor",,"['lawrence,chris', 'andino,george', 'sigrist,connor', 'edwards,justin', 'huffman,devin', 'mcgrath,josh', 'smith,connor']","['brown,seth', 'tome,matt', 'turner,byron', 'jones,cody', 'buescher,hunter']",705
73,1141,Sewanee,Oglethorpe,1,61-72,"27,45","30,31",17-7,11-13,10-3,6-7,02/19/16,8:00 PM,N/A,"Juhan Gymnasium, Sewanee, Tennessee",Win,2,False,872,False,11:45,"SUB OUT by LAWRENCE,CHRIS",13 ,,10,,,,"SUB OUT by LAWRENCE,CHRIS",1,subbing out,,oglethorpe,"lawrence,chris",,"['andino,george', 'sigrist,connor', 'edwards,justin', 'huffman,devin', 'mcgrath,josh', 'smith,connor']","['brown,seth', 'tome,matt', 'turner,byron', 'jones,cody', 'buescher,hunter']",705
74,1141,Sewanee,Oglethorpe,1,61-72,"27,45","30,31",17-7,11-13,10-3,6-7,02/19/16,8:00 PM,N/A,"Juhan Gymnasium, Sewanee, Tennessee",Win,2,False,872,False,11:45,"SUB OUT by SIGRIST,CONNOR",13 ,,10,,,,"SUB OUT by SIGRIST,CONNOR",1,subbing out,,oglethorpe,"sigrist,connor",,"['andino,george', 'edwards,justin', 'huffman,devin', 'mcgrath,josh', 'smith,connor']","['brown,seth', 'tome,matt', 'turner,byron', 'jones,cody', 'buescher,hunter']",705
75,1141,Sewanee,Oglethorpe,1,61-72,"27,45","30,31",17-7,11-13,10-3,6-7,02/19/16,8:00 PM,N/A,"Juhan Gymnasium, Sewanee, Tennessee",Win,2,False,872,False,11:27,"GOOD LAYUP by MCGRATH,JOSH(in the paint)",15 ,,10,,OUM 15-10 (-5),,"GOOD LAYUP by MCGRATH,JOSH(in the paint)",1,layup,good,oglethorpe,"mcgrath,josh",2,"['andino,george', 'edwards,justin', 'huffman,devin', 'mcgrath,josh', 'smith,connor']","['brown,seth', 'tome,matt', 'turner,byron', 'jones,cody', 'buescher,hunter']",687
76,1141,Sewanee,Oglethorpe,1,61-72,"27,45","30,31",17-7,11-13,10-3,6-7,02/19/16,8:00 PM,N/A,"Juhan Gymnasium, Sewanee, Tennessee",Win,2,False,872,False,--,"ASSIST  by EDWARDS,JUSTIN",15 ,,10,,,,"ASSIST  by EDWARDS,JUSTIN",1,assist,,oglethorpe,"edwards,justin",,"['andino,george', 'edwards,justin', 'huffman,devin', 'mcgrath,josh', 'smith,connor']","['brown,seth', 'tome,matt', 'turner,byron', 'jones,cody', 'buescher,hunter']",
77,1141,Sewanee,Oglethorpe,1,61-72,"27,45","30,31",17-7,11-13,10-3,6-7,02/19/16,8:00 PM,N/A,"Juhan Gymnasium, Sewanee, Tennessee",Win,2,False,872,False,10:55,,15 ,,10,"MISS JUMPER by JONES,CODY",,,"MISS JUMPER by JONES,CODY",1,jumper,missed,sewanee,"jones,cody",,"['andino,george', 'edwards,justin', 'huffman,devin', 'mcgrath,josh', 'smith,connor']","['brown,seth', 'tome,matt', 'turner,byron', 'jones,cody', 'buescher,hunter']",655
78,1141,Sewanee,Oglethorpe,1,61-72,"27,45","30,31",17-7,11-13,10-3,6-7,02/19/16,8:00 PM,N/A,"Juhan Gymnasium, Sewanee, Tennessee",Win,2,False,872,False,--,"REBOUND DEF by MCGRATH,JOSH",15 ,,10,,,,"REBOUND DEF by MCGRATH,JOSH",1,defensive rebound,,oglethorpe,"mcgrath,josh",,"['andino,george', 'edwards,justin', 'huffman,devin', 'mcgrath,josh', 'smith,connor']","['brown,seth', 'tome,matt', 'turner,byron', 'jones,cody', 'buescher,hunter']",
79,1141,Sewanee,Oglethorpe,1,61-72,"27,45","30,31",17-7,11-13,10-3,6-7,02/19/16,8:00 PM,N/A,"Juhan Gymnasium, Sewanee, Tennessee",Win,2,False,872,False,10:33,"TURNOVER  by EDWARDS,JUSTIN",15 ,,10,,,,"TURNOVER  by EDWARDS,JUSTIN",1,turnover,,oglethorpe,"edwards,justin",,"['andino,george', 'edwards,justin', 'huffman,devin', 'mcgrath,josh', 'smith,connor']","['brown,seth', 'tome,matt', 'turner,byron', 'jones,cody', 'buescher,hunter']",633
80,1141,Sewanee,Oglethorpe,1,61-72,"27,45","30,31",17-7,11-13,10-3,6-7,02/19/16,8:00 PM,N/A,"Juhan Gymnasium, Sewanee, Tennessee",Win,2,False,872,False,10:33,,15 ,,10,"STEAL  by BROWN,SETH",,,"STEAL  by BROWN,SETH",1,steal,,sewanee,,,"['andino,george', 'edwards,justin', 'huffman,devin', 'mcgrath,josh', 'smith,connor']","['brown,seth', 'tome,matt', 'turner,byron', 'jones,cody', 'buescher,hunter']",633
81,1141,Sewanee,Oglethorpe,1,61-72,"27,45","30,31",17-7,11-13,10-3,6-7,02/19/16,8:00 PM,N/A,"Juhan Gymnasium, Sewanee, Tennessee",Win,2,False,872,False,10:06,,15 ,,10,"MISS 3PTR by TURNER,BYRON",,,"MISS 3PTR by TURNER,BYRON",1,three pointer,missed,sewanee,"turner,byron",,"['andino,george', 'edwards,justin', 'huffman,devin', 'mcgrath,josh', 'smith,connor']","['brown,seth', 'tome,matt', 'turner,byron', 'jones,cody', 'buescher,hunter']",606
82,1141,Sewanee,Oglethorpe,1,61-72,"27,45","30,31",17-7,11-13,10-3,6-7,02/19/16,8:00 PM,N/A,"Juhan Gymnasium, Sewanee, Tennessee",Win,2,False,872,False,--,"REBOUND DEF by MCGRATH,JOSH",15 ,,10,,,,"REBOUND DEF by MCGRATH,JOSH",1,defensive rebound,,oglethorpe,"mcgrath,josh",,"['andino,george', 'edwards,justin', 'huffman,devin', 'mcgrath,josh', 'smith,connor']","['brown,seth', 'tome,matt', 'turner,byron', 'jones,cody', 'buescher,hunter']",
83,1141,Sewanee,Oglethorpe,1,61-72,"27,45","30,31",17-7,11-13,10-3,6-7,02/19/16,8:00 PM,N/A,"Juhan Gymnasium, Sewanee, Tennessee",Win,2,False,872,False,09:52,"GOOD 3PTR by SMITH,CONNOR",18 ,,10,,OUM 18-10 (-8),,"GOOD 3PTR by SMITH,CONNOR",1,three pointer,good,oglethorpe,"smith,connor",3,"['andino,george', 'edwards,justin', 'huffman,devin', 'mcgrath,josh', 'smith,connor']","['brown,seth', 'tome,matt', 'turner,byron', 'jones,cody', 'buescher,hunter']",592
84,1141,Sewanee,Oglethorpe,1,61-72,"27,45","30,31",17-7,11-13,10-3,6-7,02/19/16,8:00 PM,N/A,"Juhan Gymnasium, Sewanee, Tennessee",Win,2,False,872,False,--,"ASSIST  by EDWARDS,JUSTIN",18 ,,10,,,,"ASSIST  by EDWARDS,JUSTIN",1,assist,,oglethorpe,"edwards,justin",,"['andino,george', 'edwards,justin', 'huffman,devin', 'mcgrath,josh', 'smith,connor']","['brown,seth', 'tome,matt', 'turner,byron', 'jones,cody', 'buescher,hunter']",
85,1141,Sewanee,Oglethorpe,1,61-72,"27,45","30,31",17-7,11-13,10-3,6-7,02/19/16,8:00 PM,N/A,"Juhan Gymnasium, Sewanee, Tennessee",Win,2,False,872,False,09:33,,18 ,,10,"MISS 3PTR by JONES,CODY",,,"MISS 3PTR by JONES,CODY",1,three pointer,missed,sewanee,"jones,cody",,"['andino,george', 'edwards,justin', 'huffman,devin', 'mcgrath,josh', 'smith,connor']","['brown,seth', 'tome,matt', 'turner,byron', 'jones,cody', 'buescher,hunter']",573
86,1141,Sewanee,Oglethorpe,1,61-72,"27,45","30,31",17-7,11-13,10-3,6-7,02/19/16,8:00 PM,N/A,"Juhan Gymnasium, Sewanee, Tennessee",Win,2,False,872,False,09:33,"BLOCK  by EDWARDS,JUSTIN",18 ,,10,,,,"BLOCK  by EDWARDS,JUSTIN",1,block,,oglethorpe,"edwards,justin",,"['andino,george', 'edwards,justin', 'huffman,devin', 'mcgrath,josh', 'smith,connor']","['brown,seth', 'tome,matt', 'turner,byron', 'jones,cody', 'buescher,hunter']",573
87,1141,Sewanee,Oglethorpe,1,61-72,"27,45","30,31",17-7,11-13,10-3,6-7,02/19/16,8:00 PM,N/A,"Juhan Gymnasium, Sewanee, Tennessee",Win,2,False,872,False,--,,18 ,,10,"REBOUND OFF by JONES,CODY",,,"REBOUND OFF by JONES,CODY",1,offensive rebound,,sewanee,"jones,cody",,"['andino,george', 'edwards,justin', 'huffman,devin', 'mcgrath,josh', 'smith,connor']","['brown,seth', 'tome,matt', 'turner,byron', 'jones,cody', 'buescher,hunter']",
88,1141,Sewanee,Oglethorpe,1,61-72,"27,45","30,31",17-7,11-13,10-3,6-7,02/19/16,8:00 PM,N/A,"Juhan Gymnasium, Sewanee, Tennessee",Win,2,False,872,False,09:28,,18 ,,13,"GOOD 3PTR by TOME,MATT",SEWM 18-13 (-5),,"GOOD 3PTR by TOME,MATT",1,three pointer,good,sewanee,"tome,matt",3,"['andino,george', 'edwards,justin', 'huffman,devin', 'mcgrath,josh', 'smith,connor']","['brown,seth', 'tome,matt', 'turner,byron', 'jones,cody', 'buescher,hunter']",568
89,1141,Sewanee,Oglethorpe,1,61-72,"27,45","30,31",17-7,11-13,10-3,6-7,02/19/16,8:00 PM,N/A,"Juhan Gymnasium, Sewanee, Tennessee",Win,2,False,872,False,--,,18 ,,13,"ASSIST  by JONES,CODY",,,"ASSIST  by JONES,CODY",1,assist,,sewanee,"jones,cody",,"['andino,george', 'edwards,justin', 'huffman,devin', 'mcgrath,josh', 'smith,connor']","['brown,seth', 'tome,matt', 'turner,byron', 'jones,cody', 'buescher,hunter']",
90,1141,Sewanee,Oglethorpe,1,61-72,"27,45","30,31",17-7,11-13,10-3,6-7,02/19/16,8:00 PM,N/A,"Juhan Gymnasium, Sewanee, Tennessee",Win,2,False,872,False,09:10,"GOOD 3PTR by SMITH,CONNOR",21 ,,13,,OUM 21-13 (-8),,"GOOD 3PTR by SMITH,CONNOR",1,three pointer,good,oglethorpe,"smith,connor",3,"['andino,george', 'edwards,justin', 'huffman,devin', 'mcgrath,josh', 'smith,connor']","['brown,seth', 'tome,matt', 'turner,byron', 'jones,cody', 'buescher,hunter']",550
91,1141,Sewanee,Oglethorpe,1,61-72,"27,45","30,31",17-7,11-13,10-3,6-7,02/19/16,8:00 PM,N/A,"Juhan Gymnasium, Sewanee, Tennessee",Win,2,False,872,False,08:38,,21 ,,15,"GOOD LAYUP by TURNER,BYRON(in the paint)",SEWM 21-15 (-6),,"GOOD LAYUP by TURNER,BYRON(in the paint)",1,layup,good,sewanee,"turner,byron",2,"['andino,george', 'edwards,justin', 'huffman,devin', 'mcgrath,josh', 'smith,connor']","['brown,seth', 'tome,matt', 'turner,byron', 'jones,cody', 'buescher,hunter']",518
92,1141,Sewanee,Oglethorpe,1,61-72,"27,45","30,31",17-7,11-13,10-3,6-7,02/19/16,8:00 PM,N/A,"Juhan Gymnasium, Sewanee, Tennessee",Win,2,False,872,False,--,,21 ,,15,"ASSIST  by JONES,CODY",,,"ASSIST  by JONES,CODY",1,assist,,sewanee,"jones,cody",,"['andino,george', 'edwards,justin', 'huffman,devin', 'mcgrath,josh', 'smith,connor']","['brown,seth', 'tome,matt', 'turner,byron', 'jones,cody', 'buescher,hunter']",
93,1141,Sewanee,Oglethorpe,1,61-72,"27,45","30,31",17-7,11-13,10-3,6-7,02/19/16,8:00 PM,N/A,"Juhan Gymnasium, Sewanee, Tennessee",Win,2,False,872,False,08:20,"MISS 3PTR by SMITH,CONNOR",21 ,,15,,,,"MISS 3PTR by SMITH,CONNOR",1,three pointer,missed,oglethorpe,"smith,connor",,"['andino,george', 'edwards,justin', 'huffman,devin', 'mcgrath,josh', 'smith,connor']","['brown,seth', 'tome,matt', 'turner,byron', 'jones,cody', 'buescher,hunter']",500
94,1141,Sewanee,Oglethorpe,1,61-72,"27,45","30,31",17-7,11-13,10-3,6-7,02/19/16,8:00 PM,N/A,"Juhan Gymnasium, Sewanee, Tennessee",Win,2,False,872,False,--,,21 ,,15,"REBOUND DEF by BROWN,SETH",,,"REBOUND DEF by BROWN,SETH",1,defensive rebound,,sewanee,"brown,seth",,"['andino,george', 'edwards,justin', 'huffman,devin', 'mcgrath,josh', 'smith,connor']","['brown,seth', 'tome,matt', 'turner,byron', 'jones,cody', 'buescher,hunter']",
95,1141,Sewanee,Oglethorpe,1,61-72,"27,45","30,31",17-7,11-13,10-3,6-7,02/19/16,8:00 PM,N/A,"Juhan Gymnasium, Sewanee, Tennessee",Win,2,False,872,False,08:00,,21 ,,15,"MISS 3PTR by JONES,CODY",,,"MISS 3PTR by JONES,CODY",1,three pointer,missed,sewanee,"jones,cody",,"['andino,george', 'edwards,justin', 'huffman,devin', 'mcgrath,josh', 'smith,connor']","['brown,seth', 'tome,matt', 'turner,byron', 'jones,cody', 'buescher,hunter']",480
96,1141,Sewanee,Oglethorpe,1,61-72,"27,45","30,31",17-7,11-13,10-3,6-7,02/19/16,8:00 PM,N/A,"Juhan Gymnasium, Sewanee, Tennessee",Win,2,False,872,False,--,,21 ,,15,REBOUND OFF by TEAM,,,REBOUND OFF by TEAM,1,offensive rebound,,sewanee,,,"['andino,george', 'edwards,justin', 'huffman,devin', 'mcgrath,josh', 'smith,connor']","['brown,seth', 'tome,matt', 'turner,byron', 'jones,cody', 'buescher,hunter']",
97,1141,Sewanee,Oglethorpe,1,61-72,"27,45","30,31",17-7,11-13,10-3,6-7,02/19/16,8:00 PM,N/A,"Juhan Gymnasium, Sewanee, Tennessee",Win,2,False,872,False,07:57,"SUB IN by LAWRENCE,CHRIS",21 ,,15,,,,"SUB IN by LAWRENCE,CHRIS",1,subbing in,,oglethorpe,"lawrence,chris",,"['andino,george', 'edwards,justin', 'huffman,devin', 'mcgrath,josh', 'smith,connor', 'lawrence,chris']","['brown,seth', 'tome,matt', 'turner,byron', 'jones,cody', 'buescher,hunter']",477
98,1141,Sewanee,Oglethorpe,1,61-72,"27,45","30,31",17-7,11-13,10-3,6-7,02/19/16,8:00 PM,N/A,"Juhan Gymnasium, Sewanee, Tennessee",Win,2,False,872,False,07:57,"SUB IN by ROMAGUERA,COLE",21 ,,15,,,,"SUB IN by ROMAGUERA,COLE",1,subbing in,,oglethorpe,"romaguera,cole",,"['andino,george', 'edwards,justin', 'huffman,devin', 'mcgrath,josh', 'smith,connor', 'lawrence,chris', 'romaguera,cole']","['brown,seth', 'tome,matt', 'turner,byron', 'jones,cody', 'buescher,hunter']",477
99,1141,Sewanee,Oglethorpe,1,61-72,"27,45","30,31",17-7,11-13,10-3,6-7,02/19/16,8:00 PM,N/A,"Juhan Gymnasium, Sewanee, Tennessee",Win,2,False,872,False,07:57,"SUB IN by BRITVAR,STEFAN",21 ,,15,,,,"SUB IN by BRITVAR,STEFAN",1,subbing in,,oglethorpe,"britvar,stefan",,"['andino,george', 'edwards,justin', 'huffman,devin', 'mcgrath,josh', 'smith,connor', 'lawrence,chris', 'romaguera,cole', 'britvar,stefan']","['brown,seth', 'tome,matt', 'turner,byron', 'jones,cody', 'buescher,hunter']",477
100,1141,Sewanee,Oglethorpe,1,61-72,"27,45","30,31",17-7,11-13,10-3,6-7,02/19/16,8:00 PM,N/A,"Juhan Gymnasium, Sewanee, Tennessee",Win,2,False,872,False,07:57,"SUB OUT by HUFFMAN,DEVIN",21 ,,15,,,,"SUB OUT by HUFFMAN,DEVIN",1,subbing out,,oglethorpe,"huffman,devin",,"['andino,george', 'edwards,justin', 'mcgrath,josh', 'smith,connor', 'lawrence,chris', 'romaguera,cole', 'britvar,stefan']","['brown,seth', 'tome,matt', 'turner,byron', 'jones,cody', 'buescher,hunter']",477
101,1141,Sewanee,Oglethorpe,1,61-72,"27,45","30,31",17-7,11-13,10-3,6-7,02/19/16,8:00 PM,N/A,"Juhan Gymnasium, Sewanee, Tennessee",Win,2,False,872,False,07:57,"SUB OUT by SMITH,CONNOR",21 ,,15,,,,"SUB OUT by SMITH,CONNOR",1,subbing out,,oglethorpe,"smith,connor",,"['andino,george', 'edwards,justin', 'mcgrath,josh', 'lawrence,chris', 'romaguera,cole', 'britvar,stefan']","['brown,seth', 'tome,matt', 'turner,byron', 'jones,cody', 'buescher,hunter']",477
102,1141,Sewanee,Oglethorpe,1,61-72,"27,45","30,31",17-7,11-13,10-3,6-7,02/19/16,8:00 PM,N/A,"Juhan Gymnasium, Sewanee, Tennessee",Win,2,False,872,False,07:57,"SUB OUT by ANDINO,GEORGE",21 ,,15,,,,"SUB OUT by ANDINO,GEORGE",1,subbing out,,oglethorpe,"andino,george",,"['edwards,justin', 'mcgrath,josh', 'lawrence,chris', 'romaguera,cole', 'britvar,stefan']","['brown,seth', 'tome,matt', 'turner,byron', 'jones,cody', 'buescher,hunter']",477
103,1141,Sewanee,Oglethorpe,1,61-72,"27,45","30,31",17-7,11-13,10-3,6-7,02/19/16,8:00 PM,N/A,"Juhan Gymnasium, Sewanee, Tennessee",Win,2,False,872,False,07:57,,21 ,,15,"SUB IN by BORN,CLAY",,,"SUB IN by BORN,CLAY",1,subbing in,,sewanee,"born,clay",,"['edwards,justin', 'mcgrath,josh', 'lawrence,chris', 'romaguera,cole', 'britvar,stefan']","['brown,seth', 'tome,matt', 'turner,byron', 'jones,cody', 'buescher,hunter', 'born,clay']",477
104,1141,Sewanee,Oglethorpe,1,61-72,"27,45","30,31",17-7,11-13,10-3,6-7,02/19/16,8:00 PM,N/A,"Juhan Gymnasium, Sewanee, Tennessee",Win,2,False,872,False,07:57,,21 ,,15,"SUB IN by CALDWELL,CAM",,,"SUB IN by CALDWELL,CAM",1,subbing in,,sewanee,"caldwell,cam",,"['edwards,justin', 'mcgrath,josh', 'lawrence,chris', 'romaguera,cole', 'britvar,stefan']","['brown,seth', 'tome,matt', 'turner,byron', 'jones,cody', 'buescher,hunter', 'born,clay', 'caldwell,cam']",477
105,1141,Sewanee,Oglethorpe,1,61-72,"27,45","30,31",17-7,11-13,10-3,6-7,02/19/16,8:00 PM,N/A,"Juhan Gymnasium, Sewanee, Tennessee",Win,2,False,872,False,07:57,,21 ,,15,"SUB IN by STONE,BRODY",,,"SUB IN by STONE,BRODY",1,subbing in,,sewanee,"stone,brody",,"['edwards,justin', 'mcgrath,josh', 'lawrence,chris', 'romaguera,cole', 'britvar,stefan']","['brown,seth', 'tome,matt', 'turner,byron', 'jones,cody', 'buescher,hunter', 'born,clay', 'caldwell,cam', 'stone,brody']",477
106,1141,Sewanee,Oglethorpe,1,61-72,"27,45","30,31",17-7,11-13,10-3,6-7,02/19/16,8:00 PM,N/A,"Juhan Gymnasium, Sewanee, Tennessee",Win,2,False,872,False,07:57,,21 ,,15,"SUB IN by CARTER,KESHONN",,,"SUB IN by CARTER,KESHONN",1,subbing in,,sewanee,"carter,keshonn",,"['edwards,justin', 'mcgrath,josh', 'lawrence,chris', 'romaguera,cole', 'britvar,stefan']","['brown,seth', 'tome,matt', 'turner,byron', 'jones,cody', 'buescher,hunter', 'born,clay', 'caldwell,cam', 'stone,brody', 'carter,keshonn']",477
107,1141,Sewanee,Oglethorpe,1,61-72,"27,45","30,31",17-7,11-13,10-3,6-7,02/19/16,8:00 PM,N/A,"Juhan Gymnasium, Sewanee, Tennessee",Win,2,False,872,False,07:57,,21 ,,15,"SUB IN by MCCULLOUGH,JACOB",,,"SUB IN by MCCULLOUGH,JACOB",1,subbing in,,sewanee,"mccullough,jacob",,"['edwards,justin', 'mcgrath,josh', 'lawrence,chris', 'romaguera,cole', 'britvar,stefan']","['brown,seth', 'tome,matt', 'turner,byron', 'jones,cody', 'buescher,hunter', 'born,clay', 'caldwell,cam', 'stone,brody', 'carter,keshonn', 'mccullough,jacob']",477
108,1141,Sewanee,Oglethorpe,1,61-72,"27,45","30,31",17-7,11-13,10-3,6-7,02/19/16,8:00 PM,N/A,"Juhan Gymnasium, Sewanee, Tennessee",Win,2,False,872,False,07:57,,21 ,,15,"SUB OUT by TOME,MATT",,,"SUB OUT by TOME,MATT",1,subbing out,,sewanee,"tome,matt",,"['edwards,justin', 'mcgrath,josh', 'lawrence,chris', 'romaguera,cole', 'britvar,stefan']","['brown,seth', 'turner,byron', 'jones,cody', 'buescher,hunter', 'born,clay', 'caldwell,cam', 'stone,brody', 'carter,keshonn', 'mccullough,jacob']",477
109,1141,Sewanee,Oglethorpe,1,61-72,"27,45","30,31",17-7,11-13,10-3,6-7,02/19/16,8:00 PM,N/A,"Juhan Gymnasium, Sewanee, Tennessee",Win,2,False,872,False,07:57,,21 ,,15,"SUB OUT by BROWN,SETH",,,"SUB OUT by BROWN,SETH",1,subbing out,,sewanee,"brown,seth",,"['edwards,justin', 'mcgrath,josh', 'lawrence,chris', 'romaguera,cole', 'britvar,stefan']","['turner,byron', 'jones,cody', 'buescher,hunter', 'born,clay', 'caldwell,cam', 'stone,brody', 'carter,keshonn', 'mccullough,jacob']",477
110,1141,Sewanee,Oglethorpe,1,61-72,"27,45","30,31",17-7,11-13,10-3,6-7,02/19/16,8:00 PM,N/A,"Juhan Gymnasium, Sewanee, Tennessee",Win,2,False,872,False,07:57,,21 ,,15,"SUB OUT by TURNER,BYRON",,,"SUB OUT by TURNER,BYRON",1,subbing out,,sewanee,"turner,byron",,"['edwards,justin', 'mcgrath,josh', 'lawrence,chris', 'romaguera,cole', 'britvar,stefan']","['jones,cody', 'buescher,hunter', 'born,clay', 'caldwell,cam', 'stone,brody', 'carter,keshonn', 'mccullough,jacob']",477
111,1141,Sewanee,Oglethorpe,1,61-72,"27,45","30,31",17-7,11-13,10-3,6-7,02/19/16,8:00 PM,N/A,"Juhan Gymnasium, Sewanee, Tennessee",Win,2,False,872,False,07:57,,21 ,,15,"SUB OUT by BUESCHER,HUNTER",,,"SUB OUT by BUESCHER,HUNTER",1,subbing out,,sewanee,"buescher,hunter",,"['edwards,justin', 'mcgrath,josh', 'lawrence,chris', 'romaguera,cole', 'britvar,stefan']","['jones,cody', 'born,clay', 'caldwell,cam', 'stone,brody', 'carter,keshonn', 'mccullough,jacob']",477
112,1141,Sewanee,Oglethorpe,1,61-72,"27,45","30,31",17-7,11-13,10-3,6-7,02/19/16,8:00 PM,N/A,"Juhan Gymnasium, Sewanee, Tennessee",Win,2,False,872,False,07:57,,21 ,,15,"SUB OUT by JONES,CODY",,,"SUB OUT by JONES,CODY",1,subbing out,,sewanee,"jones,cody",,"['edwards,justin', 'mcgrath,josh', 'lawrence,chris', 'romaguera,cole', 'britvar,stefan']","['born,clay', 'caldwell,cam', 'stone,brody', 'carter,keshonn', 'mccullough,jacob']",477
113,1141,Sewanee,Oglethorpe,1,61-72,"27,45","30,31",17-7,11-13,10-3,6-7,02/19/16,8:00 PM,N/A,"Juhan Gymnasium, Sewanee, Tennessee",Win,2,False,872,False,07:55,,21 ,,17,"GOOD JUMPER by CARTER,KESHONN",SEWM 21-17 (-4),,"GOOD JUMPER by CARTER,KESHONN",1,jumper,good,sewanee,"carter,keshonn",2,"['edwards,justin', 'mcgrath,josh', 'lawrence,chris', 'romaguera,cole', 'britvar,stefan']","['born,clay', 'caldwell,cam', 'stone,brody', 'carter,keshonn', 'mccullough,jacob']",475
114,1141,Sewanee,Oglethorpe,1,61-72,"27,45","30,31",17-7,11-13,10-3,6-7,02/19/16,8:00 PM,N/A,"Juhan Gymnasium, Sewanee, Tennessee",Win,2,False,872,False,07:19,TURNOVER  by TEAM,21 ,,17,,,,TURNOVER  by TEAM,1,turnover,,oglethorpe,,,"['edwards,justin', 'mcgrath,josh', 'lawrence,chris', 'romaguera,cole', 'britvar,stefan']","['born,clay', 'caldwell,cam', 'stone,brody', 'carter,keshonn', 'mccullough,jacob']",439
115,1141,Sewanee,Oglethorpe,1,61-72,"27,45","30,31",17-7,11-13,10-3,6-7,02/19/16,8:00 PM,N/A,"Juhan Gymnasium, Sewanee, Tennessee",Win,2,False,872,False,06:52,,21 ,,19,"GOOD LAYUP by CARTER,KESHONN(in the paint)",SEWM 21-19 (-2),,"GOOD LAYUP by CARTER,KESHONN(in the paint)",1,layup,good,sewanee,"carter,keshonn",2,"['edwards,justin', 'mcgrath,josh', 'lawrence,chris', 'romaguera,cole', 'britvar,stefan']","['born,clay', 'caldwell,cam', 'stone,brody', 'carter,keshonn', 'mccullough,jacob']",412
116,1141,Sewanee,Oglethorpe,1,61-72,"27,45","30,31",17-7,11-13,10-3,6-7,02/19/16,8:00 PM,N/A,"Juhan Gymnasium, Sewanee, Tennessee",Win,2,False,872,False,06:38,"GOOD LAYUP by ROMAGUERA,COLE(in the paint)",23 ,,19,,OUM 23-19 (-4),,"GOOD LAYUP by ROMAGUERA,COLE(in the paint)",1,layup,good,oglethorpe,"romaguera,cole",2,"['edwards,justin', 'mcgrath,josh', 'lawrence,chris', 'romaguera,cole', 'britvar,stefan']","['born,clay', 'caldwell,cam', 'stone,brody', 'carter,keshonn', 'mccullough,jacob']",398
117,1141,Sewanee,Oglethorpe,1,61-72,"27,45","30,31",17-7,11-13,10-3,6-7,02/19/16,8:00 PM,N/A,"Juhan Gymnasium, Sewanee, Tennessee",Win,2,False,872,False,--,"ASSIST  by MCGRATH,JOSH",23 ,,19,,,,"ASSIST  by MCGRATH,JOSH",1,assist,,oglethorpe,"mcgrath,josh",,"['edwards,justin', 'mcgrath,josh', 'lawrence,chris', 'romaguera,cole', 'britvar,stefan']","['born,clay', 'caldwell,cam', 'stone,brody', 'carter,keshonn', 'mccullough,jacob']",
118,1141,Sewanee,Oglethorpe,1,61-72,"27,45","30,31",17-7,11-13,10-3,6-7,02/19/16,8:00 PM,N/A,"Juhan Gymnasium, Sewanee, Tennessee",Win,2,False,872,False,06:14,"SUB IN by SMITH,CONNOR",23 ,,19,,,,"SUB IN by SMITH,CONNOR",1,subbing in,,oglethorpe,"smith,connor",,"['edwards,justin', 'mcgrath,josh', 'lawrence,chris', 'romaguera,cole', 'britvar,stefan', 'smith,connor']","['born,clay', 'caldwell,cam', 'stone,brody', 'carter,keshonn', 'mccullough,jacob']",374
119,1141,Sewanee,Oglethorpe,1,61-72,"27,45","30,31",17-7,11-13,10-3,6-7,02/19/16,8:00 PM,N/A,"Juhan Gymnasium, Sewanee, Tennessee",Win,2,False,872,False,06:14,"SUB OUT by EDWARDS,JUSTIN",23 ,,19,,,,"SUB OUT by EDWARDS,JUSTIN",1,subbing out,,oglethorpe,"edwards,justin",,"['mcgrath,josh', 'lawrence,chris', 'romaguera,cole', 'britvar,stefan', 'smith,connor']","['born,clay', 'caldwell,cam', 'stone,brody', 'carter,keshonn', 'mccullough,jacob']",374
120,1141,Sewanee,Oglethorpe,1,61-72,"27,45","30,31",17-7,11-13,10-3,6-7,02/19/16,8:00 PM,N/A,"Juhan Gymnasium, Sewanee, Tennessee",Win,2,False,872,False,06:13,,23 ,,19,TIMEOUT TEAM by TEAM,,,TIMEOUT TEAM by TEAM,1,timeout,,sewanee,,,"['mcgrath,josh', 'lawrence,chris', 'romaguera,cole', 'britvar,stefan', 'smith,connor']","['born,clay', 'caldwell,cam', 'stone,brody', 'carter,keshonn', 'mccullough,jacob']",373
121,1141,Sewanee,Oglethorpe,1,61-72,"27,45","30,31",17-7,11-13,10-3,6-7,02/19/16,8:00 PM,N/A,"Juhan Gymnasium, Sewanee, Tennessee",Win,2,False,872,False,06:13,,23 ,,19,"SUB IN by JONES,CODY",,,"SUB IN by JONES,CODY",1,subbing in,,sewanee,"jones,cody",,"['mcgrath,josh', 'lawrence,chris', 'romaguera,cole', 'britvar,stefan', 'smith,connor']","['born,clay', 'caldwell,cam', 'stone,brody', 'carter,keshonn', 'mccullough,jacob', 'jones,cody']",373
122,1141,Sewanee,Oglethorpe,1,61-72,"27,45","30,31",17-7,11-13,10-3,6-7,02/19/16,8:00 PM,N/A,"Juhan Gymnasium, Sewanee, Tennessee",Win,2,False,872,False,06:13,,23 ,,19,"SUB OUT by CALDWELL,CAM",,,"SUB OUT by CALDWELL,CAM",1,subbing out,,sewanee,"caldwell,cam",,"['mcgrath,josh', 'lawrence,chris', 'romaguera,cole', 'britvar,stefan', 'smith,connor']","['born,clay', 'stone,brody', 'carter,keshonn', 'mccullough,jacob', 'jones,cody']",373
123,1141,Sewanee,Oglethorpe,1,61-72,"27,45","30,31",17-7,11-13,10-3,6-7,02/19/16,8:00 PM,N/A,"Juhan Gymnasium, Sewanee, Tennessee",Win,2,False,872,False,06:08,,23 ,,19,"MISS JUMPER by CARTER,KESHONN",,,"MISS JUMPER by CARTER,KESHONN",1,jumper,missed,sewanee,"carter,keshonn",,"['mcgrath,josh', 'lawrence,chris', 'romaguera,cole', 'britvar,stefan', 'smith,connor']","['born,clay', 'stone,brody', 'carter,keshonn', 'mccullough,jacob', 'jones,cody']",368
124,1141,Sewanee,Oglethorpe,1,61-72,"27,45","30,31",17-7,11-13,10-3,6-7,02/19/16,8:00 PM,N/A,"Juhan Gymnasium, Sewanee, Tennessee",Win,2,False,872,False,--,,23 ,,19,"REBOUND OFF by STONE,BRODY",,,"REBOUND OFF by STONE,BRODY",1,offensive rebound,,sewanee,"stone,brody",,"['mcgrath,josh', 'lawrence,chris', 'romaguera,cole', 'britvar,stefan', 'smith,connor']","['born,clay', 'stone,brody', 'carter,keshonn', 'mccullough,jacob', 'jones,cody']",
125,1141,Sewanee,Oglethorpe,1,61-72,"27,45","30,31",17-7,11-13,10-3,6-7,02/19/16,8:00 PM,N/A,"Juhan Gymnasium, Sewanee, Tennessee",Win,2,False,872,False,06:03,,23 ,,19,"MISS JUMPER by STONE,BRODY",,,"MISS JUMPER by STONE,BRODY",1,jumper,missed,sewanee,"stone,brody",,"['mcgrath,josh', 'lawrence,chris', 'romaguera,cole', 'britvar,stefan', 'smith,connor']","['born,clay', 'stone,brody', 'carter,keshonn', 'mccullough,jacob', 'jones,cody']",363
126,1141,Sewanee,Oglethorpe,1,61-72,"27,45","30,31",17-7,11-13,10-3,6-7,02/19/16,8:00 PM,N/A,"Juhan Gymnasium, Sewanee, Tennessee",Win,2,False,872,False,--,,23 ,,19,"REBOUND OFF by STONE,BRODY",,,"REBOUND OFF by STONE,BRODY",1,offensive rebound,,sewanee,"stone,brody",,"['mcgrath,josh', 'lawrence,chris', 'romaguera,cole', 'britvar,stefan', 'smith,connor']","['born,clay', 'stone,brody', 'carter,keshonn', 'mccullough,jacob', 'jones,cody']",
127,1141,Sewanee,Oglethorpe,1,61-72,"27,45","30,31",17-7,11-13,10-3,6-7,02/19/16,8:00 PM,N/A,"Juhan Gymnasium, Sewanee, Tennessee",Win,2,False,872,False,05:59,,23 ,,19,"MISS JUMPER by STONE,BRODY",,,"MISS JUMPER by STONE,BRODY",1,jumper,missed,sewanee,"stone,brody",,"['mcgrath,josh', 'lawrence,chris', 'romaguera,cole', 'britvar,stefan', 'smith,connor']","['born,clay', 'stone,brody', 'carter,keshonn', 'mccullough,jacob', 'jones,cody']",359
128,1141,Sewanee,Oglethorpe,1,61-72,"27,45","30,31",17-7,11-13,10-3,6-7,02/19/16,8:00 PM,N/A,"Juhan Gymnasium, Sewanee, Tennessee",Win,2,False,872,False,05:59,"BLOCK  by BRITVAR,STEFAN",23 ,,19,,,,"BLOCK  by BRITVAR,STEFAN",1,block,,oglethorpe,"britvar,stefan",,"['mcgrath,josh', 'lawrence,chris', 'romaguera,cole', 'britvar,stefan', 'smith,connor']","['born,clay', 'stone,brody', 'carter,keshonn', 'mccullough,jacob', 'jones,cody']",359
129,1141,Sewanee,Oglethorpe,1,61-72,"27,45","30,31",17-7,11-13,10-3,6-7,02/19/16,8:00 PM,N/A,"Juhan Gymnasium, Sewanee, Tennessee",Win,2,False,872,False,--,,23 ,,19,"REBOUND OFF by JONES,CODY",,,"REBOUND OFF by JONES,CODY",1,offensive rebound,,sewanee,"jones,cody",,"['mcgrath,josh', 'lawrence,chris', 'romaguera,cole', 'britvar,stefan', 'smith,connor']","['born,clay', 'stone,brody', 'carter,keshonn', 'mccullough,jacob', 'jones,cody']",
130,1141,Sewanee,Oglethorpe,1,61-72,"27,45","30,31",17-7,11-13,10-3,6-7,02/19/16,8:00 PM,N/A,"Juhan Gymnasium, Sewanee, Tennessee",Win,2,False,872,False,05:42,,23 ,,21,"GOOD JUMPER by CARTER,KESHONN",SEWM 23-21 (-2),,"GOOD JUMPER by CARTER,KESHONN",1,jumper,good,sewanee,"carter,keshonn",2,"['mcgrath,josh', 'lawrence,chris', 'romaguera,cole', 'britvar,stefan', 'smith,connor']","['born,clay', 'stone,brody', 'carter,keshonn', 'mccullough,jacob', 'jones,cody']",342
131,1141,Sewanee,Oglethorpe,1,61-72,"27,45","30,31",17-7,11-13,10-3,6-7,02/19/16,8:00 PM,N/A,"Juhan Gymnasium, Sewanee, Tennessee",Win,2,False,872,False,05:12,"MISS 3PTR by LAWRENCE,CHRIS",23 ,,21,,,,"MISS 3PTR by LAWRENCE,CHRIS",1,three pointer,missed,oglethorpe,"lawrence,chris",,"['mcgrath,josh', 'lawrence,chris', 'romaguera,cole', 'britvar,stefan', 'smith,connor']","['born,clay', 'stone,brody', 'carter,keshonn', 'mccullough,jacob', 'jones,cody']",312
132,1141,Sewanee,Oglethorpe,1,61-72,"27,45","30,31",17-7,11-13,10-3,6-7,02/19/16,8:00 PM,N/A,"Juhan Gymnasium, Sewanee, Tennessee",Win,2,False,872,False,--,,23 ,,21,"REBOUND DEF by BORN,CLAY",,,"REBOUND DEF by BORN,CLAY",1,defensive rebound,,sewanee,"born,clay",,"['mcgrath,josh', 'lawrence,chris', 'romaguera,cole', 'britvar,stefan', 'smith,connor']","['born,clay', 'stone,brody', 'carter,keshonn', 'mccullough,jacob', 'jones,cody']",
133,1141,Sewanee,Oglethorpe,1,61-72,"27,45","30,31",17-7,11-13,10-3,6-7,02/19/16,8:00 PM,N/A,"Juhan Gymnasium, Sewanee, Tennessee",Win,2,False,872,False,05:01,,23 ,,21,"MISS 3PTR by JONES,CODY",,,"MISS 3PTR by JONES,CODY",1,three pointer,missed,sewanee,"jones,cody",,"['mcgrath,josh', 'lawrence,chris', 'romaguera,cole', 'britvar,stefan', 'smith,connor']","['born,clay', 'stone,brody', 'carter,keshonn', 'mccullough,jacob', 'jones,cody']",301
134,1141,Sewanee,Oglethorpe,1,61-72,"27,45","30,31",17-7,11-13,10-3,6-7,02/19/16,8:00 PM,N/A,"Juhan Gymnasium, Sewanee, Tennessee",Win,2,False,872,False,--,"REBOUND DEF by SMITH,CONNOR",23 ,,21,,,,"REBOUND DEF by SMITH,CONNOR",1,defensive rebound,,oglethorpe,"smith,connor",,"['mcgrath,josh', 'lawrence,chris', 'romaguera,cole', 'britvar,stefan', 'smith,connor']","['born,clay', 'stone,brody', 'carter,keshonn', 'mccullough,jacob', 'jones,cody']",
135,1141,Sewanee,Oglethorpe,1,61-72,"27,45","30,31",17-7,11-13,10-3,6-7,02/19/16,8:00 PM,N/A,"Juhan Gymnasium, Sewanee, Tennessee",Win,2,False,872,False,04:46,"GOOD JUMPER by LAWRENCE,CHRIS",25 ,,21,,OUM 25-21 (-4),,"GOOD JUMPER by LAWRENCE,CHRIS",1,jumper,good,oglethorpe,"lawrence,chris",2,"['mcgrath,josh', 'lawrence,chris', 'romaguera,cole', 'britvar,stefan', 'smith,connor']","['born,clay', 'stone,brody', 'carter,keshonn', 'mccullough,jacob', 'jones,cody']",286
136,1141,Sewanee,Oglethorpe,1,61-72,"27,45","30,31",17-7,11-13,10-3,6-7,02/19/16,8:00 PM,N/A,"Juhan Gymnasium, Sewanee, Tennessee",Win,2,False,872,False,04:22,,25 ,,21,"MISS JUMPER by MCCULLOUGH,JACOB",,,"MISS JUMPER by MCCULLOUGH,JACOB",1,jumper,missed,sewanee,"mccullough,jacob",,"['mcgrath,josh', 'lawrence,chris', 'romaguera,cole', 'britvar,stefan', 'smith,connor']","['born,clay', 'stone,brody', 'carter,keshonn', 'mccullough,jacob', 'jones,cody']",262
137,1141,Sewanee,Oglethorpe,1,61-72,"27,45","30,31",17-7,11-13,10-3,6-7,02/19/16,8:00 PM,N/A,"Juhan Gymnasium, Sewanee, Tennessee",Win,2,False,872,False,--,,25 ,,21,"REBOUND OFF by CARTER,KESHONN",,,"REBOUND OFF by CARTER,KESHONN",1,offensive rebound,,sewanee,"carter,keshonn",,"['mcgrath,josh', 'lawrence,chris', 'romaguera,cole', 'britvar,stefan', 'smith,connor']","['born,clay', 'stone,brody', 'carter,keshonn', 'mccullough,jacob', 'jones,cody']",
138,1141,Sewanee,Oglethorpe,1,61-72,"27,45","30,31",17-7,11-13,10-3,6-7,02/19/16,8:00 PM,N/A,"Juhan Gymnasium, Sewanee, Tennessee",Win,2,False,872,False,04:04,,25 ,,23,"GOOD JUMPER by STONE,BRODY",SEWM 25-23 (-2),,"GOOD JUMPER by STONE,BRODY",1,jumper,good,sewanee,"stone,brody",2,"['mcgrath,josh', 'lawrence,chris', 'romaguera,cole', 'britvar,stefan', 'smith,connor']","['born,clay', 'stone,brody', 'carter,keshonn', 'mccullough,jacob', 'jones,cody']",244
139,1141,Sewanee,Oglethorpe,1,61-72,"27,45","30,31",17-7,11-13,10-3,6-7,02/19/16,8:00 PM,N/A,"Juhan Gymnasium, Sewanee, Tennessee",Win,2,False,872,False,--,,25 ,,23,"ASSIST  by JONES,CODY",,,"ASSIST  by JONES,CODY",1,assist,,sewanee,"jones,cody",,"['mcgrath,josh', 'lawrence,chris', 'romaguera,cole', 'britvar,stefan', 'smith,connor']","['born,clay', 'stone,brody', 'carter,keshonn', 'mccullough,jacob', 'jones,cody']",
140,1141,Sewanee,Oglethorpe,1,61-72,"27,45","30,31",17-7,11-13,10-3,6-7,02/19/16,8:00 PM,N/A,"Juhan Gymnasium, Sewanee, Tennessee",Win,2,False,872,False,03:37,"MISS 3PTR by SMITH,CONNOR",25 ,,23,,,,"MISS 3PTR by SMITH,CONNOR",1,three pointer,missed,oglethorpe,"smith,connor",,"['mcgrath,josh', 'lawrence,chris', 'romaguera,cole', 'britvar,stefan', 'smith,connor']","['born,clay', 'stone,brody', 'carter,keshonn', 'mccullough,jacob', 'jones,cody']",217
141,1141,Sewanee,Oglethorpe,1,61-72,"27,45","30,31",17-7,11-13,10-3,6-7,02/19/16,8:00 PM,N/A,"Juhan Gymnasium, Sewanee, Tennessee",Win,2,False,872,False,--,,25 ,,23,"REBOUND DEF by JONES,CODY",,,"REBOUND DEF by JONES,CODY",1,defensive rebound,,sewanee,"jones,cody",,"['mcgrath,josh', 'lawrence,chris', 'romaguera,cole', 'britvar,stefan', 'smith,connor']","['born,clay', 'stone,brody', 'carter,keshonn', 'mccullough,jacob', 'jones,cody']",
142,1141,Sewanee,Oglethorpe,1,61-72,"27,45","30,31",17-7,11-13,10-3,6-7,02/19/16,8:00 PM,N/A,"Juhan Gymnasium, Sewanee, Tennessee",Win,2,False,872,False,03:12,,25,,25,"GOOD JUMPER by MCCULLOUGH,JACOB",SEWM 25-25 (0),,"GOOD JUMPER by MCCULLOUGH,JACOB",1,jumper,good,sewanee,"mccullough,jacob",2,"['mcgrath,josh', 'lawrence,chris', 'romaguera,cole', 'britvar,stefan', 'smith,connor']","['born,clay', 'stone,brody', 'carter,keshonn', 'mccullough,jacob', 'jones,cody']",192
143,1141,Sewanee,Oglethorpe,1,61-72,"27,45","30,31",17-7,11-13,10-3,6-7,02/19/16,8:00 PM,N/A,"Juhan Gymnasium, Sewanee, Tennessee",Win,2,False,872,False,03:07,TIMEOUT FULL by TEAM,25,,25,,,,TIMEOUT FULL by TEAM,1,timeout,,oglethorpe,,,"['mcgrath,josh', 'lawrence,chris', 'romaguera,cole', 'britvar,stefan', 'smith,connor']","['born,clay', 'stone,brody', 'carter,keshonn', 'mccullough,jacob', 'jones,cody']",187
144,1141,Sewanee,Oglethorpe,1,61-72,"27,45","30,31",17-7,11-13,10-3,6-7,02/19/16,8:00 PM,N/A,"Juhan Gymnasium, Sewanee, Tennessee",Win,2,False,872,False,03:07,"SUB IN by ANDINO,GEORGE",25,,25,,,,"SUB IN by ANDINO,GEORGE",1,subbing in,,oglethorpe,"andino,george",,"['mcgrath,josh', 'lawrence,chris', 'romaguera,cole', 'britvar,stefan', 'smith,connor', 'andino,george']","['born,clay', 'stone,brody', 'carter,keshonn', 'mccullough,jacob', 'jones,cody']",187
145,1141,Sewanee,Oglethorpe,1,61-72,"27,45","30,31",17-7,11-13,10-3,6-7,02/19/16,8:00 PM,N/A,"Juhan Gymnasium, Sewanee, Tennessee",Win,2,False,872,False,03:07,"SUB IN by INUNGU,TOM",25,,25,,,,"SUB IN by INUNGU,TOM",1,subbing in,,oglethorpe,"inungu,tom",,"['mcgrath,josh', 'lawrence,chris', 'romaguera,cole', 'britvar,stefan', 'smith,connor', 'andino,george', 'inungu,tom']","['born,clay', 'stone,brody', 'carter,keshonn', 'mccullough,jacob', 'jones,cody']",187
146,1141,Sewanee,Oglethorpe,1,61-72,"27,45","30,31",17-7,11-13,10-3,6-7,02/19/16,8:00 PM,N/A,"Juhan Gymnasium, Sewanee, Tennessee",Win,2,False,872,False,03:07,"SUB IN by EDWARDS,JUSTIN",25,,25,,,,"SUB IN by EDWARDS,JUSTIN",1,subbing in,,oglethorpe,"edwards,justin",,"['mcgrath,josh', 'lawrence,chris', 'romaguera,cole', 'britvar,stefan', 'smith,connor', 'andino,george', 'inungu,tom', 'edwards,justin']","['born,clay', 'stone,brody', 'carter,keshonn', 'mccullough,jacob', 'jones,cody']",187
147,1141,Sewanee,Oglethorpe,1,61-72,"27,45","30,31",17-7,11-13,10-3,6-7,02/19/16,8:00 PM,N/A,"Juhan Gymnasium, Sewanee, Tennessee",Win,2,False,872,False,03:07,"SUB OUT by MCGRATH,JOSH",25,,25,,,,"SUB OUT by MCGRATH,JOSH",1,subbing out,,oglethorpe,"mcgrath,josh",,"['lawrence,chris', 'romaguera,cole', 'britvar,stefan', 'smith,connor', 'andino,george', 'inungu,tom', 'edwards,justin']","['born,clay', 'stone,brody', 'carter,keshonn', 'mccullough,jacob', 'jones,cody']",187
148,1141,Sewanee,Oglethorpe,1,61-72,"27,45","30,31",17-7,11-13,10-3,6-7,02/19/16,8:00 PM,N/A,"Juhan Gymnasium, Sewanee, Tennessee",Win,2,False,872,False,03:07,"SUB OUT by ROMAGUERA,COLE",25,,25,,,,"SUB OUT by ROMAGUERA,COLE",1,subbing out,,oglethorpe,"romaguera,cole",,"['lawrence,chris', 'britvar,stefan', 'smith,connor', 'andino,george', 'inungu,tom', 'edwards,justin']","['born,clay', 'stone,brody', 'carter,keshonn', 'mccullough,jacob', 'jones,cody']",187
149,1141,Sewanee,Oglethorpe,1,61-72,"27,45","30,31",17-7,11-13,10-3,6-7,02/19/16,8:00 PM,N/A,"Juhan Gymnasium, Sewanee, Tennessee",Win,2,False,872,False,03:07,"SUB OUT by BRITVAR,STEFAN",25,,25,,,,"SUB OUT by BRITVAR,STEFAN",1,subbing out,,oglethorpe,"britvar,stefan",,"['lawrence,chris', 'smith,connor', 'andino,george', 'inungu,tom', 'edwards,justin']","['born,clay', 'stone,brody', 'carter,keshonn', 'mccullough,jacob', 'jones,cody']",187
150,1141,Sewanee,Oglethorpe,1,61-72,"27,45","30,31",17-7,11-13,10-3,6-7,02/19/16,8:00 PM,N/A,"Juhan Gymnasium, Sewanee, Tennessee",Win,2,False,872,False,03:07,,25,,25,"SUB IN by BROWN,SETH",,,"SUB IN by BROWN,SETH",1,subbing in,,sewanee,"brown,seth",,"['lawrence,chris', 'smith,connor', 'andino,george', 'inungu,tom', 'edwards,justin']","['born,clay', 'stone,brody', 'carter,keshonn', 'mccullough,jacob', 'jones,cody', 'brown,seth']",187
151,1141,Sewanee,Oglethorpe,1,61-72,"27,45","30,31",17-7,11-13,10-3,6-7,02/19/16,8:00 PM,N/A,"Juhan Gymnasium, Sewanee, Tennessee",Win,2,False,872,False,03:07,,25,,25,"SUB OUT by STONE,BRODY",,,"SUB OUT by STONE,BRODY",1,subbing out,,sewanee,"stone,brody",,"['lawrence,chris', 'smith,connor', 'andino,george', 'inungu,tom', 'edwards,justin']","['born,clay', 'carter,keshonn', 'mccullough,jacob', 'jones,cody', 'brown,seth']",187
152,1141,Sewanee,Oglethorpe,1,61-72,"27,45","30,31",17-7,11-13,10-3,6-7,02/19/16,8:00 PM,N/A,"Juhan Gymnasium, Sewanee, Tennessee",Win,2,False,872,False,02:58,,25,,25,"FOUL  by CARTER,KESHONN",,,"FOUL  by CARTER,KESHONN",1,foul,,sewanee,"carter,keshonn",,"['lawrence,chris', 'smith,connor', 'andino,george', 'inungu,tom', 'edwards,justin']","['born,clay', 'carter,keshonn', 'mccullough,jacob', 'jones,cody', 'brown,seth']",178
153,1141,Sewanee,Oglethorpe,1,61-72,"27,45","30,31",17-7,11-13,10-3,6-7,02/19/16,8:00 PM,N/A,"Juhan Gymnasium, Sewanee, Tennessee",Win,2,False,872,False,02:58,"MISS FT by INUNGU,TOM",25,,25,,,,"MISS FT by INUNGU,TOM",1,free throw,missed,oglethorpe,"inungu,tom",,"['lawrence,chris', 'smith,connor', 'andino,george', 'inungu,tom', 'edwards,justin']","['born,clay', 'carter,keshonn', 'mccullough,jacob', 'jones,cody', 'brown,seth']",178
154,1141,Sewanee,Oglethorpe,1,61-72,"27,45","30,31",17-7,11-13,10-3,6-7,02/19/16,8:00 PM,N/A,"Juhan Gymnasium, Sewanee, Tennessee",Win,2,False,872,False,--,REBOUND DEADB by TEAM,25,,25,,,,REBOUND DEADB by TEAM,1,deadball rebound,,oglethorpe,,,"['lawrence,chris', 'smith,connor', 'andino,george', 'inungu,tom', 'edwards,justin']","['born,clay', 'carter,keshonn', 'mccullough,jacob', 'jones,cody', 'brown,seth']",
155,1141,Sewanee,Oglethorpe,1,61-72,"27,45","30,31",17-7,11-13,10-3,6-7,02/19/16,8:00 PM,N/A,"Juhan Gymnasium, Sewanee, Tennessee",Win,2,False,872,False,02:58,"MISS FT by INUNGU,TOM",25,,25,,,,"MISS FT by INUNGU,TOM",1,free throw,missed,oglethorpe,"inungu,tom",,"['lawrence,chris', 'smith,connor', 'andino,george', 'inungu,tom', 'edwards,justin']","['born,clay', 'carter,keshonn', 'mccullough,jacob', 'jones,cody', 'brown,seth']",178
156,1141,Sewanee,Oglethorpe,1,61-72,"27,45","30,31",17-7,11-13,10-3,6-7,02/19/16,8:00 PM,N/A,"Juhan Gymnasium, Sewanee, Tennessee",Win,2,False,872,False,--,,25,,25,"REBOUND DEF by CARTER,KESHONN",,,"REBOUND DEF by CARTER,KESHONN",1,defensive rebound,,sewanee,"carter,keshonn",,"['lawrence,chris', 'smith,connor', 'andino,george', 'inungu,tom', 'edwards,justin']","['born,clay', 'carter,keshonn', 'mccullough,jacob', 'jones,cody', 'brown,seth']",
157,1141,Sewanee,Oglethorpe,1,61-72,"27,45","30,31",17-7,11-13,10-3,6-7,02/19/16,8:00 PM,N/A,"Juhan Gymnasium, Sewanee, Tennessee",Win,2,False,872,False,02:34,,25,,25,"TURNOVER  by JONES,CODY",,,"TURNOVER  by JONES,CODY",1,turnover,,sewanee,"jones,cody",,"['lawrence,chris', 'smith,connor', 'andino,george', 'inungu,tom', 'edwards,justin']","['born,clay', 'carter,keshonn', 'mccullough,jacob', 'jones,cody', 'brown,seth']",154
158,1141,Sewanee,Oglethorpe,1,61-72,"27,45","30,31",17-7,11-13,10-3,6-7,02/19/16,8:00 PM,N/A,"Juhan Gymnasium, Sewanee, Tennessee",Win,2,False,872,False,02:33,"STEAL  by EDWARDS,JUSTIN",25,,25,,,,"STEAL  by EDWARDS,JUSTIN",1,steal,,oglethorpe,,,"['lawrence,chris', 'smith,connor', 'andino,george', 'inungu,tom', 'edwards,justin']","['born,clay', 'carter,keshonn', 'mccullough,jacob', 'jones,cody', 'brown,seth']",153
159,1141,Sewanee,Oglethorpe,1,61-72,"27,45","30,31",17-7,11-13,10-3,6-7,02/19/16,8:00 PM,N/A,"Juhan Gymnasium, Sewanee, Tennessee",Win,2,False,872,False,02:33,,25,,25,"FOUL  by JONES,CODY",,,"FOUL  by JONES,CODY",1,foul,,sewanee,"jones,cody",,"['lawrence,chris', 'smith,connor', 'andino,george', 'inungu,tom', 'edwards,justin']","['born,clay', 'carter,keshonn', 'mccullough,jacob', 'jones,cody', 'brown,seth']",153
160,1141,Sewanee,Oglethorpe,1,61-72,"27,45","30,31",17-7,11-13,10-3,6-7,02/19/16,8:00 PM,N/A,"Juhan Gymnasium, Sewanee, Tennessee",Win,2,False,872,False,02:33,,25,,25,"SUB IN by TOME,MATT",,,"SUB IN by TOME,MATT",1,subbing in,,sewanee,"tome,matt",,"['lawrence,chris', 'smith,connor', 'andino,george', 'inungu,tom', 'edwards,justin']","['born,clay', 'carter,keshonn', 'mccullough,jacob', 'jones,cody', 'brown,seth', 'tome,matt']",153
161,1141,Sewanee,Oglethorpe,1,61-72,"27,45","30,31",17-7,11-13,10-3,6-7,02/19/16,8:00 PM,N/A,"Juhan Gymnasium, Sewanee, Tennessee",Win,2,False,872,False,02:33,,25,,25,"SUB OUT by JONES,CODY",,,"SUB OUT by JONES,CODY",1,subbing out,,sewanee,"jones,cody",,"['lawrence,chris', 'smith,connor', 'andino,george', 'inungu,tom', 'edwards,justin']","['born,clay', 'carter,keshonn', 'mccullough,jacob', 'brown,seth', 'tome,matt']",153
162,1141,Sewanee,Oglethorpe,1,61-72,"27,45","30,31",17-7,11-13,10-3,6-7,02/19/16,8:00 PM,N/A,"Juhan Gymnasium, Sewanee, Tennessee",Win,2,False,872,False,02:16,"GOOD 3PTR by ANDINO,GEORGE",28 ,,25,,OUM 28-25 (-3),,"GOOD 3PTR by ANDINO,GEORGE",1,three pointer,good,oglethorpe,"andino,george",3,"['lawrence,chris', 'smith,connor', 'andino,george', 'inungu,tom', 'edwards,justin']","['born,clay', 'carter,keshonn', 'mccullough,jacob', 'brown,seth', 'tome,matt']",136
163,1141,Sewanee,Oglethorpe,1,61-72,"27,45","30,31",17-7,11-13,10-3,6-7,02/19/16,8:00 PM,N/A,"Juhan Gymnasium, Sewanee, Tennessee",Win,2,False,872,False,--,"ASSIST  by EDWARDS,JUSTIN",28 ,,25,,,,"ASSIST  by EDWARDS,JUSTIN",1,assist,,oglethorpe,"edwards,justin",,"['lawrence,chris', 'smith,connor', 'andino,george', 'inungu,tom', 'edwards,justin']","['born,clay', 'carter,keshonn', 'mccullough,jacob', 'brown,seth', 'tome,matt']",
164,1141,Sewanee,Oglethorpe,1,61-72,"27,45","30,31",17-7,11-13,10-3,6-7,02/19/16,8:00 PM,N/A,"Juhan Gymnasium, Sewanee, Tennessee",Win,2,False,872,False,01:56,,28 ,,25,"TURNOVER  by BROWN,SETH",,,"TURNOVER  by BROWN,SETH",1,turnover,,sewanee,"brown,seth",,"['lawrence,chris', 'smith,connor', 'andino,george', 'inungu,tom', 'edwards,justin']","['born,clay', 'carter,keshonn', 'mccullough,jacob', 'brown,seth', 'tome,matt']",116
165,1141,Sewanee,Oglethorpe,1,61-72,"27,45","30,31",17-7,11-13,10-3,6-7,02/19/16,8:00 PM,N/A,"Juhan Gymnasium, Sewanee, Tennessee",Win,2,False,872,False,01:39,"GOOD JUMPER by INUNGU,TOM",30 ,,25,,OUM 30-25 (-5),,"GOOD JUMPER by INUNGU,TOM",1,jumper,good,oglethorpe,"inungu,tom",2,"['lawrence,chris', 'smith,connor', 'andino,george', 'inungu,tom', 'edwards,justin']","['born,clay', 'carter,keshonn', 'mccullough,jacob', 'brown,seth', 'tome,matt']",99
166,1141,Sewanee,Oglethorpe,1,61-72,"27,45","30,31",17-7,11-13,10-3,6-7,02/19/16,8:00 PM,N/A,"Juhan Gymnasium, Sewanee, Tennessee",Win,2,False,872,False,01:17,,30 ,,27,"GOOD LAYUP by BROWN,SETH(in the paint)",SEWM 30-27 (-3),,"GOOD LAYUP by BROWN,SETH(in the paint)",1,layup,good,sewanee,"brown,seth",2,"['lawrence,chris', 'smith,connor', 'andino,george', 'inungu,tom', 'edwards,justin']","['born,clay', 'carter,keshonn', 'mccullough,jacob', 'brown,seth', 'tome,matt']",77
167,1141,Sewanee,Oglethorpe,1,61-72,"27,45","30,31",17-7,11-13,10-3,6-7,02/19/16,8:00 PM,N/A,"Juhan Gymnasium, Sewanee, Tennessee",Win,2,False,872,False,--,,30 ,,27,"ASSIST  by CARTER,KESHONN",,,"ASSIST  by CARTER,KESHONN",1,assist,,sewanee,"carter,keshonn",,"['lawrence,chris', 'smith,connor', 'andino,george', 'inungu,tom', 'edwards,justin']","['born,clay', 'carter,keshonn', 'mccullough,jacob', 'brown,seth', 'tome,matt']",
168,1141,Sewanee,Oglethorpe,1,61-72,"27,45","30,31",17-7,11-13,10-3,6-7,02/19/16,8:00 PM,N/A,"Juhan Gymnasium, Sewanee, Tennessee",Win,2,False,872,False,01:02,"TURNOVER  by EDWARDS,JUSTIN",30 ,,27,,,,"TURNOVER  by EDWARDS,JUSTIN",1,turnover,,oglethorpe,"edwards,justin",,"['lawrence,chris', 'smith,connor', 'andino,george', 'inungu,tom', 'edwards,justin']","['born,clay', 'carter,keshonn', 'mccullough,jacob', 'brown,seth', 'tome,matt']",62
169,1141,Sewanee,Oglethorpe,1,61-72,"27,45","30,31",17-7,11-13,10-3,6-7,02/19/16,8:00 PM,N/A,"Juhan Gymnasium, Sewanee, Tennessee",Win,2,False,872,False,01:02,,30 ,,27,"SUB IN by STONE,BRODY",,,"SUB IN by STONE,BRODY",1,subbing in,,sewanee,"stone,brody",,"['lawrence,chris', 'smith,connor', 'andino,george', 'inungu,tom', 'edwards,justin']","['born,clay', 'carter,keshonn', 'mccullough,jacob', 'brown,seth', 'tome,matt', 'stone,brody']",62
170,1141,Sewanee,Oglethorpe,1,61-72,"27,45","30,31",17-7,11-13,10-3,6-7,02/19/16,8:00 PM,N/A,"Juhan Gymnasium, Sewanee, Tennessee",Win,2,False,872,False,01:02,,30 ,,27,"SUB IN by JONES,CODY",,,"SUB IN by JONES,CODY",1,subbing in,,sewanee,"jones,cody",,"['lawrence,chris', 'smith,connor', 'andino,george', 'inungu,tom', 'edwards,justin']","['born,clay', 'carter,keshonn', 'mccullough,jacob', 'brown,seth', 'tome,matt', 'stone,brody', 'jones,cody']",62
171,1141,Sewanee,Oglethorpe,1,61-72,"27,45","30,31",17-7,11-13,10-3,6-7,02/19/16,8:00 PM,N/A,"Juhan Gymnasium, Sewanee, Tennessee",Win,2,False,872,False,01:02,,30 ,,27,"SUB OUT by BROWN,SETH",,,"SUB OUT by BROWN,SETH",1,subbing out,,sewanee,"brown,seth",,"['lawrence,chris', 'smith,connor', 'andino,george', 'inungu,tom', 'edwards,justin']","['born,clay', 'carter,keshonn', 'mccullough,jacob', 'tome,matt', 'stone,brody', 'jones,cody']",62
172,1141,Sewanee,Oglethorpe,1,61-72,"27,45","30,31",17-7,11-13,10-3,6-7,02/19/16,8:00 PM,N/A,"Juhan Gymnasium, Sewanee, Tennessee",Win,2,False,872,False,01:02,,30 ,,27,"SUB OUT by BORN,CLAY",,,"SUB OUT by BORN,CLAY",1,subbing out,,sewanee,"born,clay",,"['lawrence,chris', 'smith,connor', 'andino,george', 'inungu,tom', 'edwards,justin']","['carter,keshonn', 'mccullough,jacob', 'tome,matt', 'stone,brody', 'jones,cody']",62
173,1141,Sewanee,Oglethorpe,1,61-72,"27,45","30,31",17-7,11-13,10-3,6-7,02/19/16,8:00 PM,N/A,"Juhan Gymnasium, Sewanee, Tennessee",Win,2,False,872,False,00:41,,30 ,,27,"MISS JUMPER by CARTER,KESHONN",,,"MISS JUMPER by CARTER,KESHONN",1,jumper,missed,sewanee,"carter,keshonn",,"['lawrence,chris', 'smith,connor', 'andino,george', 'inungu,tom', 'edwards,justin']","['carter,keshonn', 'mccullough,jacob', 'tome,matt', 'stone,brody', 'jones,cody']",41
174,1141,Sewanee,Oglethorpe,1,61-72,"27,45","30,31",17-7,11-13,10-3,6-7,02/19/16,8:00 PM,N/A,"Juhan Gymnasium, Sewanee, Tennessee",Win,2,False,872,False,--,"REBOUND DEF by ANDINO,GEORGE",30 ,,27,,,,"REBOUND DEF by ANDINO,GEORGE",1,defensive rebound,,oglethorpe,"andino,george",,"['lawrence,chris', 'smith,connor', 'andino,george', 'inungu,tom', 'edwards,justin']","['carter,keshonn', 'mccullough,jacob', 'tome,matt', 'stone,brody', 'jones,cody']",
175,1141,Sewanee,Oglethorpe,1,61-72,"27,45","30,31",17-7,11-13,10-3,6-7,02/19/16,8:00 PM,N/A,"Juhan Gymnasium, Sewanee, Tennessee",Win,2,False,872,False,00:30,"MISS JUMPER by EDWARDS,JUSTIN",30 ,,27,,,,"MISS JUMPER by EDWARDS,JUSTIN",1,jumper,missed,oglethorpe,"edwards,justin",,"['lawrence,chris', 'smith,connor', 'andino,george', 'inungu,tom', 'edwards,justin']","['carter,keshonn', 'mccullough,jacob', 'tome,matt', 'stone,brody', 'jones,cody']",30
176,1141,Sewanee,Oglethorpe,1,61-72,"27,45","30,31",17-7,11-13,10-3,6-7,02/19/16,8:00 PM,N/A,"Juhan Gymnasium, Sewanee, Tennessee",Win,2,False,872,False,--,,30 ,,27,"REBOUND DEF by TOME,MATT",,,"REBOUND DEF by TOME,MATT",1,defensive rebound,,sewanee,"tome,matt",,"['lawrence,chris', 'smith,connor', 'andino,george', 'inungu,tom', 'edwards,justin']","['carter,keshonn', 'mccullough,jacob', 'tome,matt', 'stone,brody', 'jones,cody']",
177,1141,Sewanee,Oglethorpe,1,61-72,"27,45","30,31",17-7,11-13,10-3,6-7,02/19/16,8:00 PM,N/A,"Juhan Gymnasium, Sewanee, Tennessee",Win,2,False,872,False,00:00,,30 ,,27,"MISS 3PTR by TOME,MATT",,,"MISS 3PTR by TOME,MATT",1,three pointer,missed,sewanee,"tome,matt",,"['lawrence,chris', 'smith,connor', 'andino,george', 'inungu,tom', 'edwards,justin']","['carter,keshonn', 'mccullough,jacob', 'tome,matt', 'stone,brody', 'jones,cody']",0
178,1141,Sewanee,Oglethorpe,1,61-72,"27,45","30,31",17-7,11-13,10-3,6-7,02/19/16,8:00 PM,N/A,"Juhan Gymnasium, Sewanee, Tennessee",Win,2,False,872,False,--,,30 ,,27,"REBOUND OFF by MCCULLOUGH,JACOB",,,"REBOUND OFF by MCCULLOUGH,JACOB",1,offensive rebound,,sewanee,"mccullough,jacob",,"['lawrence,chris', 'smith,connor', 'andino,george', 'inungu,tom', 'edwards,justin']","['carter,keshonn', 'mccullough,jacob', 'tome,matt', 'stone,brody', 'jones,cody']",
179,1141,Sewanee,Oglethorpe,1,61-72,"27,45","30,31",17-7,11-13,10-3,6-7,02/19/16,8:00 PM,N/A,"Juhan Gymnasium, Sewanee, Tennessee",Win,2,False,872,False,20:00,,30 ,,27,"MISS 3PTR by JONES,CODY",,,"MISS 3PTR by JONES,CODY",2,three pointer,missed,sewanee,"jones,cody",,"['lawrence,chris', 'smith,connor', 'andino,george', 'inungu,tom', 'edwards,justin']","['carter,keshonn', 'mccullough,jacob', 'tome,matt', 'stone,brody', 'jones,cody']",1200
180,1141,Sewanee,Oglethorpe,1,61-72,"27,45","30,31",17-7,11-13,10-3,6-7,02/19/16,8:00 PM,N/A,"Juhan Gymnasium, Sewanee, Tennessee",Win,2,False,872,False,--,"REBOUND DEF by ANDINO,GEORGE",30 ,,27,,,,"REBOUND DEF by ANDINO,GEORGE",2,defensive rebound,,oglethorpe,"andino,george",,"['lawrence,chris', 'smith,connor', 'andino,george', 'inungu,tom', 'edwards,justin']","['carter,keshonn', 'mccullough,jacob', 'tome,matt', 'stone,brody', 'jones,cody']",
181,1141,Sewanee,Oglethorpe,1,61-72,"27,45","30,31",17-7,11-13,10-3,6-7,02/19/16,8:00 PM,N/A,"Juhan Gymnasium, Sewanee, Tennessee",Win,2,False,872,False,19:45,"SUB IN by ANDINO,GEORGE",30 ,,27,,,,"SUB IN by ANDINO,GEORGE",2,subbing in,,oglethorpe,"andino,george",,"['lawrence,chris', 'smith,connor', 'andino,george', 'inungu,tom', 'edwards,justin']","['carter,keshonn', 'mccullough,jacob', 'tome,matt', 'stone,brody', 'jones,cody']",1185
182,1141,Sewanee,Oglethorpe,1,61-72,"27,45","30,31",17-7,11-13,10-3,6-7,02/19/16,8:00 PM,N/A,"Juhan Gymnasium, Sewanee, Tennessee",Win,2,False,872,False,19:45,"SUB OUT by MCGRATH,JOSH",30 ,,27,,,,"SUB OUT by MCGRATH,JOSH",2,subbing out,,oglethorpe,"mcgrath,josh",,"['lawrence,chris', 'smith,connor', 'andino,george', 'inungu,tom', 'edwards,justin']","['carter,keshonn', 'mccullough,jacob', 'tome,matt', 'stone,brody', 'jones,cody']",1185
183,1141,Sewanee,Oglethorpe,1,61-72,"27,45","30,31",17-7,11-13,10-3,6-7,02/19/16,8:00 PM,N/A,"Juhan Gymnasium, Sewanee, Tennessee",Win,2,False,872,False,19:42,"MISS 3PTR by EDWARDS,JUSTIN",30 ,,27,,,,"MISS 3PTR by EDWARDS,JUSTIN",2,three pointer,missed,oglethorpe,"edwards,justin",,"['lawrence,chris', 'smith,connor', 'andino,george', 'inungu,tom', 'edwards,justin']","['carter,keshonn', 'mccullough,jacob', 'tome,matt', 'stone,brody', 'jones,cody']",1182
184,1141,Sewanee,Oglethorpe,1,61-72,"27,45","30,31",17-7,11-13,10-3,6-7,02/19/16,8:00 PM,N/A,"Juhan Gymnasium, Sewanee, Tennessee",Win,2,False,872,False,--,,30 ,,27,"REBOUND DEF by BORN,CLAY",,,"REBOUND DEF by BORN,CLAY",2,defensive rebound,,sewanee,"born,clay",,"['lawrence,chris', 'smith,connor', 'andino,george', 'inungu,tom', 'edwards,justin']","['carter,keshonn', 'mccullough,jacob', 'tome,matt', 'stone,brody', 'jones,cody']",
185,1141,Sewanee,Oglethorpe,1,61-72,"27,45","30,31",17-7,11-13,10-3,6-7,02/19/16,8:00 PM,N/A,"Juhan Gymnasium, Sewanee, Tennessee",Win,2,False,872,False,19:09,,30,,30,"GOOD 3PTR by JONES,CODY",SEWM 30-30 (0),,"GOOD 3PTR by JONES,CODY",2,three pointer,good,sewanee,"jones,cody",3,"['lawrence,chris', 'smith,connor', 'andino,george', 'inungu,tom', 'edwards,justin']","['carter,keshonn', 'mccullough,jacob', 'tome,matt', 'stone,brody', 'jones,cody']",1149
186,1141,Sewanee,Oglethorpe,1,61-72,"27,45","30,31",17-7,11-13,10-3,6-7,02/19/16,8:00 PM,N/A,"Juhan Gymnasium, Sewanee, Tennessee",Win,2,False,872,False,--,,30,,30,"ASSIST  by BORN,CLAY",,,"ASSIST  by BORN,CLAY",2,assist,,sewanee,"born,clay",,"['lawrence,chris', 'smith,connor', 'andino,george', 'inungu,tom', 'edwards,justin']","['carter,keshonn', 'mccullough,jacob', 'tome,matt', 'stone,brody', 'jones,cody']",
187,1141,Sewanee,Oglethorpe,1,61-72,"27,45","30,31",17-7,11-13,10-3,6-7,02/19/16,8:00 PM,N/A,"Juhan Gymnasium, Sewanee, Tennessee",Win,2,False,872,False,18:54,"TURNOVER  by LAWRENCE,CHRIS",30,,30,,,,"TURNOVER  by LAWRENCE,CHRIS",2,turnover,,oglethorpe,"lawrence,chris",,"['lawrence,chris', 'smith,connor', 'andino,george', 'inungu,tom', 'edwards,justin']","['carter,keshonn', 'mccullough,jacob', 'tome,matt', 'stone,brody', 'jones,cody']",1134
188,1141,Sewanee,Oglethorpe,1,61-72,"27,45","30,31",17-7,11-13,10-3,6-7,02/19/16,8:00 PM,N/A,"Juhan Gymnasium, Sewanee, Tennessee",Win,2,False,872,False,18:42,,30,,32 ,"GOOD LAYUP by STONE,BRODY(in the paint)",SEWM 30-32 (+2),,"GOOD LAYUP by STONE,BRODY(in the paint)",2,layup,good,sewanee,"stone,brody",2,"['lawrence,chris', 'smith,connor', 'andino,george', 'inungu,tom', 'edwards,justin']","['carter,keshonn', 'mccullough,jacob', 'tome,matt', 'stone,brody', 'jones,cody']",1122
189,1141,Sewanee,Oglethorpe,1,61-72,"27,45","30,31",17-7,11-13,10-3,6-7,02/19/16,8:00 PM,N/A,"Juhan Gymnasium, Sewanee, Tennessee",Win,2,False,872,False,--,,30,,32 ,"ASSIST  by MCCULLOUGH,JACOB",,,"ASSIST  by MCCULLOUGH,JACOB",2,assist,,sewanee,"mccullough,jacob",,"['lawrence,chris', 'smith,connor', 'andino,george', 'inungu,tom', 'edwards,justin']","['carter,keshonn', 'mccullough,jacob', 'tome,matt', 'stone,brody', 'jones,cody']",
190,1141,Sewanee,Oglethorpe,1,61-72,"27,45","30,31",17-7,11-13,10-3,6-7,02/19/16,8:00 PM,N/A,"Juhan Gymnasium, Sewanee, Tennessee",Win,2,False,872,False,18:26,,30,,32 ,"FOUL  by MCCULLOUGH,JACOB",,,"FOUL  by MCCULLOUGH,JACOB",2,foul,,sewanee,"mccullough,jacob",,"['lawrence,chris', 'smith,connor', 'andino,george', 'inungu,tom', 'edwards,justin']","['carter,keshonn', 'mccullough,jacob', 'tome,matt', 'stone,brody', 'jones,cody']",1106
191,1141,Sewanee,Oglethorpe,1,61-72,"27,45","30,31",17-7,11-13,10-3,6-7,02/19/16,8:00 PM,N/A,"Juhan Gymnasium, Sewanee, Tennessee",Win,2,False,872,False,18:23,"GOOD 3PTR by LAWRENCE,CHRIS",33 ,,32,,OUM 33-32 (-1),,"GOOD 3PTR by LAWRENCE,CHRIS",2,three pointer,good,oglethorpe,"lawrence,chris",3,"['lawrence,chris', 'smith,connor', 'andino,george', 'inungu,tom', 'edwards,justin']","['carter,keshonn', 'mccullough,jacob', 'tome,matt', 'stone,brody', 'jones,cody']",1103
192,1141,Sewanee,Oglethorpe,1,61-72,"27,45","30,31",17-7,11-13,10-3,6-7,02/19/16,8:00 PM,N/A,"Juhan Gymnasium, Sewanee, Tennessee",Win,2,False,872,False,--,"ASSIST  by SMITH,CONNOR",33 ,,32,,,,"ASSIST  by SMITH,CONNOR",2,assist,,oglethorpe,"smith,connor",,"['lawrence,chris', 'smith,connor', 'andino,george', 'inungu,tom', 'edwards,justin']","['carter,keshonn', 'mccullough,jacob', 'tome,matt', 'stone,brody', 'jones,cody']",
193,1141,Sewanee,Oglethorpe,1,61-72,"27,45","30,31",17-7,11-13,10-3,6-7,02/19/16,8:00 PM,N/A,"Juhan Gymnasium, Sewanee, Tennessee",Win,2,False,872,False,18:09,,33,,34 ,"GOOD JUMPER by MCCULLOUGH,JACOB(in the paint)",SEWM 33-34 (+1),,"GOOD JUMPER by MCCULLOUGH,JACOB(in the paint)",2,jumper,good,sewanee,"mccullough,jacob",2,"['lawrence,chris', 'smith,connor', 'andino,george', 'inungu,tom', 'edwards,justin']","['carter,keshonn', 'mccullough,jacob', 'tome,matt', 'stone,brody', 'jones,cody']",1089
194,1141,Sewanee,Oglethorpe,1,61-72,"27,45","30,31",17-7,11-13,10-3,6-7,02/19/16,8:00 PM,N/A,"Juhan Gymnasium, Sewanee, Tennessee",Win,2,False,872,False,--,,33,,34 ,"ASSIST  by CARTER,KESHONN",,,"ASSIST  by CARTER,KESHONN",2,assist,,sewanee,"carter,keshonn",,"['lawrence,chris', 'smith,connor', 'andino,george', 'inungu,tom', 'edwards,justin']","['carter,keshonn', 'mccullough,jacob', 'tome,matt', 'stone,brody', 'jones,cody']",
195,1141,Sewanee,Oglethorpe,1,61-72,"27,45","30,31",17-7,11-13,10-3,6-7,02/19/16,8:00 PM,N/A,"Juhan Gymnasium, Sewanee, Tennessee",Win,2,False,872,False,18:03,"TURNOVER  by EDWARDS,JUSTIN",33,,34 ,,,,"TURNOVER  by EDWARDS,JUSTIN",2,turnover,,oglethorpe,"edwards,justin",,"['lawrence,chris', 'smith,connor', 'andino,george', 'inungu,tom', 'edwards,justin']","['carter,keshonn', 'mccullough,jacob', 'tome,matt', 'stone,brody', 'jones,cody']",1083
196,1141,Sewanee,Oglethorpe,1,61-72,"27,45","30,31",17-7,11-13,10-3,6-7,02/19/16,8:00 PM,N/A,"Juhan Gymnasium, Sewanee, Tennessee",Win,2,False,872,False,18:03,,33,,34 ,"STEAL  by BORN,CLAY",,,"STEAL  by BORN,CLAY",2,steal,,sewanee,,,"['lawrence,chris', 'smith,connor', 'andino,george', 'inungu,tom', 'edwards,justin']","['carter,keshonn', 'mccullough,jacob', 'tome,matt', 'stone,brody', 'jones,cody']",1083
197,1141,Sewanee,Oglethorpe,1,61-72,"27,45","30,31",17-7,11-13,10-3,6-7,02/19/16,8:00 PM,N/A,"Juhan Gymnasium, Sewanee, Tennessee",Win,2,False,872,False,17:41,,33,,36 ,"GOOD LAYUP by CARTER,KESHONN(in the paint)",SEWM 33-36 (+3),,"GOOD LAYUP by CARTER,KESHONN(in the paint)",2,layup,good,sewanee,"carter,keshonn",2,"['lawrence,chris', 'smith,connor', 'andino,george', 'inungu,tom', 'edwards,justin']","['carter,keshonn', 'mccullough,jacob', 'tome,matt', 'stone,brody', 'jones,cody']",1061
198,1141,Sewanee,Oglethorpe,1,61-72,"27,45","30,31",17-7,11-13,10-3,6-7,02/19/16,8:00 PM,N/A,"Juhan Gymnasium, Sewanee, Tennessee",Win,2,False,872,False,--,,33,,36 ,"ASSIST  by STONE,BRODY",,,"ASSIST  by STONE,BRODY",2,assist,,sewanee,"stone,brody",,"['lawrence,chris', 'smith,connor', 'andino,george', 'inungu,tom', 'edwards,justin']","['carter,keshonn', 'mccullough,jacob', 'tome,matt', 'stone,brody', 'jones,cody']",
199,1141,Sewanee,Oglethorpe,1,61-72,"27,45","30,31",17-7,11-13,10-3,6-7,02/19/16,8:00 PM,N/A,"Juhan Gymnasium, Sewanee, Tennessee",Win,2,False,872,False,17:33,TIMEOUT FULL by TEAM,33,,36 ,,,,TIMEOUT FULL by TEAM,2,timeout,,oglethorpe,,,"['lawrence,chris', 'smith,connor', 'andino,george', 'inungu,tom', 'edwards,justin']","['carter,keshonn', 'mccullough,jacob', 'tome,matt', 'stone,brody', 'jones,cody']",1053
200,1141,Sewanee,Oglethorpe,1,61-72,"27,45","30,31",17-7,11-13,10-3,6-7,02/19/16,8:00 PM,N/A,"Juhan Gymnasium, Sewanee, Tennessee",Win,2,False,872,False,17:21,,33,,36 ,"FOUL  by STONE,BRODY",,,"FOUL  by STONE,BRODY",2,foul,,sewanee,"stone,brody",,"['lawrence,chris', 'smith,connor', 'andino,george', 'inungu,tom', 'edwards,justin']","['carter,keshonn', 'mccullough,jacob', 'tome,matt', 'stone,brody', 'jones,cody']",1041
201,1141,Sewanee,Oglethorpe,1,61-72,"27,45","30,31",17-7,11-13,10-3,6-7,02/19/16,8:00 PM,N/A,"Juhan Gymnasium, Sewanee, Tennessee",Win,2,False,872,False,17:21,"GOOD FT by SMITH,CONNOR",34,,36 ,,OUM 34-36 (+2),,"GOOD FT by SMITH,CONNOR",2,free throw,good,oglethorpe,"smith,connor",1,"['lawrence,chris', 'smith,connor', 'andino,george', 'inungu,tom', 'edwards,justin']","['carter,keshonn', 'mccullough,jacob', 'tome,matt', 'stone,brody', 'jones,cody']",1041
202,1141,Sewanee,Oglethorpe,1,61-72,"27,45","30,31",17-7,11-13,10-3,6-7,02/19/16,8:00 PM,N/A,"Juhan Gymnasium, Sewanee, Tennessee",Win,2,False,872,False,17:21,"GOOD FT by SMITH,CONNOR",35,,36 ,,OUM 35-36 (+1),,"GOOD FT by SMITH,CONNOR",2,free throw,good,oglethorpe,"smith,connor",1,"['lawrence,chris', 'smith,connor', 'andino,george', 'inungu,tom', 'edwards,justin']","['carter,keshonn', 'mccullough,jacob', 'tome,matt', 'stone,brody', 'jones,cody']",1041
203,1141,Sewanee,Oglethorpe,1,61-72,"27,45","30,31",17-7,11-13,10-3,6-7,02/19/16,8:00 PM,N/A,"Juhan Gymnasium, Sewanee, Tennessee",Win,2,False,872,False,16:56,,35,,36 ,"MISS 3PTR by BORN,CLAY",,,"MISS 3PTR by BORN,CLAY",2,three pointer,missed,sewanee,"born,clay",,"['lawrence,chris', 'smith,connor', 'andino,george', 'inungu,tom', 'edwards,justin']","['carter,keshonn', 'mccullough,jacob', 'tome,matt', 'stone,brody', 'jones,cody']",1016
204,1141,Sewanee,Oglethorpe,1,61-72,"27,45","30,31",17-7,11-13,10-3,6-7,02/19/16,8:00 PM,N/A,"Juhan Gymnasium, Sewanee, Tennessee",Win,2,False,872,False,--,"REBOUND DEF by INUNGU,TOM",35,,36 ,,,,"REBOUND DEF by INUNGU,TOM",2,defensive rebound,,oglethorpe,"inungu,tom",,"['lawrence,chris', 'smith,connor', 'andino,george', 'inungu,tom', 'edwards,justin']","['carter,keshonn', 'mccullough,jacob', 'tome,matt', 'stone,brody', 'jones,cody']",
205,1141,Sewanee,Oglethorpe,1,61-72,"27,45","30,31",17-7,11-13,10-3,6-7,02/19/16,8:00 PM,N/A,"Juhan Gymnasium, Sewanee, Tennessee",Win,2,False,872,False,16:39,"FOUL  by INUNGU,TOM",35,,36 ,,,,"FOUL  by INUNGU,TOM",2,foul,,oglethorpe,"inungu,tom",,"['lawrence,chris', 'smith,connor', 'andino,george', 'inungu,tom', 'edwards,justin']","['carter,keshonn', 'mccullough,jacob', 'tome,matt', 'stone,brody', 'jones,cody']",999
206,1141,Sewanee,Oglethorpe,1,61-72,"27,45","30,31",17-7,11-13,10-3,6-7,02/19/16,8:00 PM,N/A,"Juhan Gymnasium, Sewanee, Tennessee",Win,2,False,872,False,16:39,"TURNOVER  by INUNGU,TOM",35,,36 ,,,,"TURNOVER  by INUNGU,TOM",2,turnover,,oglethorpe,"inungu,tom",,"['lawrence,chris', 'smith,connor', 'andino,george', 'inungu,tom', 'edwards,justin']","['carter,keshonn', 'mccullough,jacob', 'tome,matt', 'stone,brody', 'jones,cody']",999
207,1141,Sewanee,Oglethorpe,1,61-72,"27,45","30,31",17-7,11-13,10-3,6-7,02/19/16,8:00 PM,N/A,"Juhan Gymnasium, Sewanee, Tennessee",Win,2,False,872,False,16:39,"SUB IN by MCGRATH,JOSH",35,,36 ,,,,"SUB IN by MCGRATH,JOSH",2,subbing in,,oglethorpe,"mcgrath,josh",,"['lawrence,chris', 'smith,connor', 'andino,george', 'inungu,tom', 'edwards,justin', 'mcgrath,josh']","['carter,keshonn', 'mccullough,jacob', 'tome,matt', 'stone,brody', 'jones,cody']",999
208,1141,Sewanee,Oglethorpe,1,61-72,"27,45","30,31",17-7,11-13,10-3,6-7,02/19/16,8:00 PM,N/A,"Juhan Gymnasium, Sewanee, Tennessee",Win,2,False,872,False,16:39,"SUB OUT by INUNGU,TOM",35,,36 ,,,,"SUB OUT by INUNGU,TOM",2,subbing out,,oglethorpe,"inungu,tom",,"['lawrence,chris', 'smith,connor', 'andino,george', 'edwards,justin', 'mcgrath,josh']","['carter,keshonn', 'mccullough,jacob', 'tome,matt', 'stone,brody', 'jones,cody']",999
209,1141,Sewanee,Oglethorpe,1,61-72,"27,45","30,31",17-7,11-13,10-3,6-7,02/19/16,8:00 PM,N/A,"Juhan Gymnasium, Sewanee, Tennessee",Win,2,False,872,False,16:18,,35,,36 ,TIMEOUT 30SEC by TEAM,,,TIMEOUT 30SEC by TEAM,2,timeout,,sewanee,,,"['lawrence,chris', 'smith,connor', 'andino,george', 'edwards,justin', 'mcgrath,josh']","['carter,keshonn', 'mccullough,jacob', 'tome,matt', 'stone,brody', 'jones,cody']",978
210,1141,Sewanee,Oglethorpe,1,61-72,"27,45","30,31",17-7,11-13,10-3,6-7,02/19/16,8:00 PM,N/A,"Juhan Gymnasium, Sewanee, Tennessee",Win,2,False,872,False,16:09,,35,,36 ,"MISS 3PTR by MCCULLOUGH,JACOB",,,"MISS 3PTR by MCCULLOUGH,JACOB",2,three pointer,missed,sewanee,"mccullough,jacob",,"['lawrence,chris', 'smith,connor', 'andino,george', 'edwards,justin', 'mcgrath,josh']","['carter,keshonn', 'mccullough,jacob', 'tome,matt', 'stone,brody', 'jones,cody']",969
211,1141,Sewanee,Oglethorpe,1,61-72,"27,45","30,31",17-7,11-13,10-3,6-7,02/19/16,8:00 PM,N/A,"Juhan Gymnasium, Sewanee, Tennessee",Win,2,False,872,False,--,"REBOUND DEF by INUNGU,TOM",35,,36 ,,,,"REBOUND DEF by INUNGU,TOM",2,defensive rebound,,oglethorpe,"inungu,tom",,"['lawrence,chris', 'smith,connor', 'andino,george', 'edwards,justin', 'mcgrath,josh']","['carter,keshonn', 'mccullough,jacob', 'tome,matt', 'stone,brody', 'jones,cody']",
212,1141,Sewanee,Oglethorpe,1,61-72,"27,45","30,31",17-7,11-13,10-3,6-7,02/19/16,8:00 PM,N/A,"Juhan Gymnasium, Sewanee, Tennessee",Win,2,False,872,False,16:02,"SUB IN by INUNGU,TOM",35,,36 ,,,,"SUB IN by INUNGU,TOM",2,subbing in,,oglethorpe,"inungu,tom",,"['lawrence,chris', 'smith,connor', 'andino,george', 'edwards,justin', 'mcgrath,josh', 'inungu,tom']","['carter,keshonn', 'mccullough,jacob', 'tome,matt', 'stone,brody', 'jones,cody']",962
213,1141,Sewanee,Oglethorpe,1,61-72,"27,45","30,31",17-7,11-13,10-3,6-7,02/19/16,8:00 PM,N/A,"Juhan Gymnasium, Sewanee, Tennessee",Win,2,False,872,False,16:02,"SUB OUT by LAWRENCE,CHRIS",35,,36 ,,,,"SUB OUT by LAWRENCE,CHRIS",2,subbing out,,oglethorpe,"lawrence,chris",,"['smith,connor', 'andino,george', 'edwards,justin', 'mcgrath,josh', 'inungu,tom']","['carter,keshonn', 'mccullough,jacob', 'tome,matt', 'stone,brody', 'jones,cody']",962
214,1141,Sewanee,Oglethorpe,1,61-72,"27,45","30,31",17-7,11-13,10-3,6-7,02/19/16,8:00 PM,N/A,"Juhan Gymnasium, Sewanee, Tennessee",Win,2,False,872,False,15:58,"MISS 3PTR by ANDINO,GEORGE",35,,36 ,,,,"MISS 3PTR by ANDINO,GEORGE",2,three pointer,missed,oglethorpe,"andino,george",,"['smith,connor', 'andino,george', 'edwards,justin', 'mcgrath,josh', 'inungu,tom']","['carter,keshonn', 'mccullough,jacob', 'tome,matt', 'stone,brody', 'jones,cody']",958
215,1141,Sewanee,Oglethorpe,1,61-72,"27,45","30,31",17-7,11-13,10-3,6-7,02/19/16,8:00 PM,N/A,"Juhan Gymnasium, Sewanee, Tennessee",Win,2,False,872,False,--,,35,,36 ,"REBOUND DEF by BORN,CLAY",,,"REBOUND DEF by BORN,CLAY",2,defensive rebound,,sewanee,"born,clay",,"['smith,connor', 'andino,george', 'edwards,justin', 'mcgrath,josh', 'inungu,tom']","['carter,keshonn', 'mccullough,jacob', 'tome,matt', 'stone,brody', 'jones,cody']",
216,1141,Sewanee,Oglethorpe,1,61-72,"27,45","30,31",17-7,11-13,10-3,6-7,02/19/16,8:00 PM,N/A,"Juhan Gymnasium, Sewanee, Tennessee",Win,2,False,872,False,15:53,,35,,38 ,"GOOD LAYUP by MCCULLOUGH,JACOB(fastbreak)(in the paint)",SEWM 35-38 (+3),,"GOOD LAYUP by MCCULLOUGH,JACOB(fastbreak)(in the paint)",2,layup,good,sewanee,"mccullough,jacob(fastbreak)",2,"['smith,connor', 'andino,george', 'edwards,justin', 'mcgrath,josh', 'inungu,tom']","['carter,keshonn', 'mccullough,jacob', 'tome,matt', 'stone,brody', 'jones,cody']",953
217,1141,Sewanee,Oglethorpe,1,61-72,"27,45","30,31",17-7,11-13,10-3,6-7,02/19/16,8:00 PM,N/A,"Juhan Gymnasium, Sewanee, Tennessee",Win,2,False,872,False,--,,35,,38 ,"ASSIST  by BORN,CLAY",,,"ASSIST  by BORN,CLAY",2,assist,,sewanee,"born,clay",,"['smith,connor', 'andino,george', 'edwards,justin', 'mcgrath,josh', 'inungu,tom']","['carter,keshonn', 'mccullough,jacob', 'tome,matt', 'stone,brody', 'jones,cody']",
218,1141,Sewanee,Oglethorpe,1,61-72,"27,45","30,31",17-7,11-13,10-3,6-7,02/19/16,8:00 PM,N/A,"Juhan Gymnasium, Sewanee, Tennessee",Win,2,False,872,False,15:36,,35,,38 ,"FOUL  by CARTER,KESHONN",,,"FOUL  by CARTER,KESHONN",2,foul,,sewanee,"carter,keshonn",,"['smith,connor', 'andino,george', 'edwards,justin', 'mcgrath,josh', 'inungu,tom']","['carter,keshonn', 'mccullough,jacob', 'tome,matt', 'stone,brody', 'jones,cody']",936
219,1141,Sewanee,Oglethorpe,1,61-72,"27,45","30,31",17-7,11-13,10-3,6-7,02/19/16,8:00 PM,N/A,"Juhan Gymnasium, Sewanee, Tennessee",Win,2,False,872,False,15:36,"SUB IN by LAWRENCE,CHRIS",35,,38 ,,,,"SUB IN by LAWRENCE,CHRIS",2,subbing in,,oglethorpe,"lawrence,chris",,"['smith,connor', 'andino,george', 'edwards,justin', 'mcgrath,josh', 'inungu,tom', 'lawrence,chris']","['carter,keshonn', 'mccullough,jacob', 'tome,matt', 'stone,brody', 'jones,cody']",936
220,1141,Sewanee,Oglethorpe,1,61-72,"27,45","30,31",17-7,11-13,10-3,6-7,02/19/16,8:00 PM,N/A,"Juhan Gymnasium, Sewanee, Tennessee",Win,2,False,872,False,15:36,"SUB OUT by EDWARDS,JUSTIN",35,,38 ,,,,"SUB OUT by EDWARDS,JUSTIN",2,subbing out,,oglethorpe,"edwards,justin",,"['smith,connor', 'andino,george', 'mcgrath,josh', 'inungu,tom', 'lawrence,chris']","['carter,keshonn', 'mccullough,jacob', 'tome,matt', 'stone,brody', 'jones,cody']",936
221,1141,Sewanee,Oglethorpe,1,61-72,"27,45","30,31",17-7,11-13,10-3,6-7,02/19/16,8:00 PM,N/A,"Juhan Gymnasium, Sewanee, Tennessee",Win,2,False,872,False,15:36,,35,,38 ,"SUB IN by TOME,MATT",,,"SUB IN by TOME,MATT",2,subbing in,,sewanee,"tome,matt",,"['smith,connor', 'andino,george', 'mcgrath,josh', 'inungu,tom', 'lawrence,chris']","['carter,keshonn', 'mccullough,jacob', 'tome,matt', 'stone,brody', 'jones,cody']",936
222,1141,Sewanee,Oglethorpe,1,61-72,"27,45","30,31",17-7,11-13,10-3,6-7,02/19/16,8:00 PM,N/A,"Juhan Gymnasium, Sewanee, Tennessee",Win,2,False,872,False,15:36,,35,,38 ,"SUB IN by BROWN,SETH",,,"SUB IN by BROWN,SETH",2,subbing in,,sewanee,"brown,seth",,"['smith,connor', 'andino,george', 'mcgrath,josh', 'inungu,tom', 'lawrence,chris']","['carter,keshonn', 'mccullough,jacob', 'tome,matt', 'stone,brody', 'jones,cody']",936
223,1141,Sewanee,Oglethorpe,1,61-72,"27,45","30,31",17-7,11-13,10-3,6-7,02/19/16,8:00 PM,N/A,"Juhan Gymnasium, Sewanee, Tennessee",Win,2,False,872,False,15:36,,35,,38 ,"SUB OUT by STONE,BRODY",,,"SUB OUT by STONE,BRODY",2,subbing out,,sewanee,"stone,brody",,"['smith,connor', 'andino,george', 'mcgrath,josh', 'inungu,tom', 'lawrence,chris']","['carter,keshonn', 'mccullough,jacob', 'tome,matt', 'jones,cody']",936
224,1141,Sewanee,Oglethorpe,1,61-72,"27,45","30,31",17-7,11-13,10-3,6-7,02/19/16,8:00 PM,N/A,"Juhan Gymnasium, Sewanee, Tennessee",Win,2,False,872,False,15:36,,35,,38 ,"SUB OUT by BORN,CLAY",,,"SUB OUT by BORN,CLAY",2,subbing out,,sewanee,"born,clay",,"['smith,connor', 'andino,george', 'mcgrath,josh', 'inungu,tom', 'lawrence,chris']","['carter,keshonn', 'mccullough,jacob', 'tome,matt', 'jones,cody']",936
225,1141,Sewanee,Oglethorpe,1,61-72,"27,45","30,31",17-7,11-13,10-3,6-7,02/19/16,8:00 PM,N/A,"Juhan Gymnasium, Sewanee, Tennessee",Win,2,False,872,False,15:28,"MISS 3PTR by SMITH,CONNOR",35,,38 ,,,,"MISS 3PTR by SMITH,CONNOR",2,three pointer,missed,oglethorpe,"smith,connor",,"['smith,connor', 'andino,george', 'mcgrath,josh', 'inungu,tom', 'lawrence,chris']","['carter,keshonn', 'mccullough,jacob', 'tome,matt', 'jones,cody']",928
226,1141,Sewanee,Oglethorpe,1,61-72,"27,45","30,31",17-7,11-13,10-3,6-7,02/19/16,8:00 PM,N/A,"Juhan Gymnasium, Sewanee, Tennessee",Win,2,False,872,False,--,,35,,38 ,"REBOUND DEF by TOME,MATT",,,"REBOUND DEF by TOME,MATT",2,defensive rebound,,sewanee,"tome,matt",,"['smith,connor', 'andino,george', 'mcgrath,josh', 'inungu,tom', 'lawrence,chris']","['carter,keshonn', 'mccullough,jacob', 'tome,matt', 'jones,cody']",
227,1141,Sewanee,Oglethorpe,1,61-72,"27,45","30,31",17-7,11-13,10-3,6-7,02/19/16,8:00 PM,N/A,"Juhan Gymnasium, Sewanee, Tennessee",Win,2,False,872,False,15:17,,35,,40 ,"GOOD JUMPER by MCCULLOUGH,JACOB",SEWM 35-40 (+5),,"GOOD JUMPER by MCCULLOUGH,JACOB",2,jumper,good,sewanee,"mccullough,jacob",2,"['smith,connor', 'andino,george', 'mcgrath,josh', 'inungu,tom', 'lawrence,chris']","['carter,keshonn', 'mccullough,jacob', 'tome,matt', 'jones,cody']",917
228,1141,Sewanee,Oglethorpe,1,61-72,"27,45","30,31",17-7,11-13,10-3,6-7,02/19/16,8:00 PM,N/A,"Juhan Gymnasium, Sewanee, Tennessee",Win,2,False,872,False,15:13,"SUB IN by SIGRIST,CONNOR",35,,40 ,,,,"SUB IN by SIGRIST,CONNOR",2,subbing in,,oglethorpe,"sigrist,connor",,"['smith,connor', 'andino,george', 'mcgrath,josh', 'inungu,tom', 'lawrence,chris']","['carter,keshonn', 'mccullough,jacob', 'tome,matt', 'jones,cody']",913
229,1141,Sewanee,Oglethorpe,1,61-72,"27,45","30,31",17-7,11-13,10-3,6-7,02/19/16,8:00 PM,N/A,"Juhan Gymnasium, Sewanee, Tennessee",Win,2,False,872,False,15:13,"SUB OUT by INUNGU,TOM",35,,40 ,,,,"SUB OUT by INUNGU,TOM",2,subbing out,,oglethorpe,"inungu,tom",,"['smith,connor', 'andino,george', 'mcgrath,josh', 'lawrence,chris']","['carter,keshonn', 'mccullough,jacob', 'tome,matt', 'jones,cody']",913
230,1141,Sewanee,Oglethorpe,1,61-72,"27,45","30,31",17-7,11-13,10-3,6-7,02/19/16,8:00 PM,N/A,"Juhan Gymnasium, Sewanee, Tennessee",Win,2,False,872,False,14:37,"MISS 3PTR by SMITH,CONNOR",35,,40 ,,,,"MISS 3PTR by SMITH,CONNOR",2,three pointer,missed,oglethorpe,"smith,connor",,"['smith,connor', 'andino,george', 'mcgrath,josh', 'lawrence,chris']","['carter,keshonn', 'mccullough,jacob', 'tome,matt', 'jones,cody']",877
231,1141,Sewanee,Oglethorpe,1,61-72,"27,45","30,31",17-7,11-13,10-3,6-7,02/19/16,8:00 PM,N/A,"Juhan Gymnasium, Sewanee, Tennessee",Win,2,False,872,False,--,,35,,40 ,"REBOUND DEF by MCCULLOUGH,JACOB",,,"REBOUND DEF by MCCULLOUGH,JACOB",2,defensive rebound,,sewanee,"mccullough,jacob",,"['smith,connor', 'andino,george', 'mcgrath,josh', 'lawrence,chris']","['carter,keshonn', 'mccullough,jacob', 'tome,matt', 'jones,cody']",
232,1141,Sewanee,Oglethorpe,1,61-72,"27,45","30,31",17-7,11-13,10-3,6-7,02/19/16,8:00 PM,N/A,"Juhan Gymnasium, Sewanee, Tennessee",Win,2,False,872,False,14:17,,35,,42 ,"GOOD LAYUP by BROWN,SETH(in the paint)",SEWM 35-42 (+7),,"GOOD LAYUP by BROWN,SETH(in the paint)",2,layup,good,sewanee,"brown,seth",2,"['smith,connor', 'andino,george', 'mcgrath,josh', 'lawrence,chris']","['carter,keshonn', 'mccullough,jacob', 'tome,matt', 'jones,cody']",857
233,1141,Sewanee,Oglethorpe,1,61-72,"27,45","30,31",17-7,11-13,10-3,6-7,02/19/16,8:00 PM,N/A,"Juhan Gymnasium, Sewanee, Tennessee",Win,2,False,872,False,14:17,"FOUL  by SIGRIST,CONNOR",35,,42 ,,,,"FOUL  by SIGRIST,CONNOR",2,foul,,oglethorpe,"sigrist,connor",,"['smith,connor', 'andino,george', 'mcgrath,josh', 'lawrence,chris']","['carter,keshonn', 'mccullough,jacob', 'tome,matt', 'jones,cody']",857
234,1141,Sewanee,Oglethorpe,1,61-72,"27,45","30,31",17-7,11-13,10-3,6-7,02/19/16,8:00 PM,N/A,"Juhan Gymnasium, Sewanee, Tennessee",Win,2,False,872,False,14:17,,35,,43 ,"GOOD FT by BROWN,SETH",SEWM 35-43 (+8),,"GOOD FT by BROWN,SETH",2,free throw,good,sewanee,"brown,seth",1,"['smith,connor', 'andino,george', 'mcgrath,josh', 'lawrence,chris']","['carter,keshonn', 'mccullough,jacob', 'tome,matt', 'jones,cody']",857
235,1141,Sewanee,Oglethorpe,1,61-72,"27,45","30,31",17-7,11-13,10-3,6-7,02/19/16,8:00 PM,N/A,"Juhan Gymnasium, Sewanee, Tennessee",Win,2,False,872,False,14:17,"SUB IN by EDWARDS,JUSTIN",35,,43 ,,,,"SUB IN by EDWARDS,JUSTIN",2,subbing in,,oglethorpe,"edwards,justin",,"['smith,connor', 'andino,george', 'mcgrath,josh', 'lawrence,chris', 'edwards,justin']","['carter,keshonn', 'mccullough,jacob', 'tome,matt', 'jones,cody']",857
236,1141,Sewanee,Oglethorpe,1,61-72,"27,45","30,31",17-7,11-13,10-3,6-7,02/19/16,8:00 PM,N/A,"Juhan Gymnasium, Sewanee, Tennessee",Win,2,False,872,False,14:17,"SUB IN by HUFFMAN,DEVIN",35,,43 ,,,,"SUB IN by HUFFMAN,DEVIN",2,subbing in,,oglethorpe,"huffman,devin",,"['smith,connor', 'andino,george', 'mcgrath,josh', 'lawrence,chris', 'edwards,justin', 'huffman,devin']","['carter,keshonn', 'mccullough,jacob', 'tome,matt', 'jones,cody']",857
237,1141,Sewanee,Oglethorpe,1,61-72,"27,45","30,31",17-7,11-13,10-3,6-7,02/19/16,8:00 PM,N/A,"Juhan Gymnasium, Sewanee, Tennessee",Win,2,False,872,False,14:17,"SUB OUT by SMITH,CONNOR",35,,43 ,,,,"SUB OUT by SMITH,CONNOR",2,subbing out,,oglethorpe,"smith,connor",,"['andino,george', 'mcgrath,josh', 'lawrence,chris', 'edwards,justin', 'huffman,devin']","['carter,keshonn', 'mccullough,jacob', 'tome,matt', 'jones,cody']",857
238,1141,Sewanee,Oglethorpe,1,61-72,"27,45","30,31",17-7,11-13,10-3,6-7,02/19/16,8:00 PM,N/A,"Juhan Gymnasium, Sewanee, Tennessee",Win,2,False,872,False,14:17,"SUB OUT by ANDINO,GEORGE",35,,43 ,,,,"SUB OUT by ANDINO,GEORGE",2,subbing out,,oglethorpe,"andino,george",,"['mcgrath,josh', 'lawrence,chris', 'edwards,justin', 'huffman,devin']","['carter,keshonn', 'mccullough,jacob', 'tome,matt', 'jones,cody']",857
239,1141,Sewanee,Oglethorpe,1,61-72,"27,45","30,31",17-7,11-13,10-3,6-7,02/19/16,8:00 PM,N/A,"Juhan Gymnasium, Sewanee, Tennessee",Win,2,False,872,False,14:17,,35,,43 ,"SUB IN by BUESCHER,HUNTER",,,"SUB IN by BUESCHER,HUNTER",2,subbing in,,sewanee,"buescher,hunter",,"['mcgrath,josh', 'lawrence,chris', 'edwards,justin', 'huffman,devin']","['carter,keshonn', 'mccullough,jacob', 'tome,matt', 'jones,cody', 'buescher,hunter']",857
240,1141,Sewanee,Oglethorpe,1,61-72,"27,45","30,31",17-7,11-13,10-3,6-7,02/19/16,8:00 PM,N/A,"Juhan Gymnasium, Sewanee, Tennessee",Win,2,False,872,False,14:17,,35,,43 ,"SUB OUT by JONES,CODY",,,"SUB OUT by JONES,CODY",2,subbing out,,sewanee,"jones,cody",,"['mcgrath,josh', 'lawrence,chris', 'edwards,justin', 'huffman,devin']","['carter,keshonn', 'mccullough,jacob', 'tome,matt', 'buescher,hunter']",857
241,1141,Sewanee,Oglethorpe,1,61-72,"27,45","30,31",17-7,11-13,10-3,6-7,02/19/16,8:00 PM,N/A,"Juhan Gymnasium, Sewanee, Tennessee",Win,2,False,872,False,14:01,,35,,43 ,"FOUL  by BUESCHER,HUNTER",,,"FOUL  by BUESCHER,HUNTER",2,foul,,sewanee,"buescher,hunter",,"['mcgrath,josh', 'lawrence,chris', 'edwards,justin', 'huffman,devin']","['carter,keshonn', 'mccullough,jacob', 'tome,matt', 'buescher,hunter']",841
242,1141,Sewanee,Oglethorpe,1,61-72,"27,45","30,31",17-7,11-13,10-3,6-7,02/19/16,8:00 PM,N/A,"Juhan Gymnasium, Sewanee, Tennessee",Win,2,False,872,False,13:44,"TURNOVER  by HUFFMAN,DEVIN",35,,43 ,,,,"TURNOVER  by HUFFMAN,DEVIN",2,turnover,,oglethorpe,"huffman,devin",,"['mcgrath,josh', 'lawrence,chris', 'edwards,justin', 'huffman,devin']","['carter,keshonn', 'mccullough,jacob', 'tome,matt', 'buescher,hunter']",824
243,1141,Sewanee,Oglethorpe,1,61-72,"27,45","30,31",17-7,11-13,10-3,6-7,02/19/16,8:00 PM,N/A,"Juhan Gymnasium, Sewanee, Tennessee",Win,2,False,872,False,13:44,,35,,43 ,"STEAL  by TOME,MATT",,,"STEAL  by TOME,MATT",2,steal,,sewanee,,,"['mcgrath,josh', 'lawrence,chris', 'edwards,justin', 'huffman,devin']","['carter,keshonn', 'mccullough,jacob', 'tome,matt', 'buescher,hunter']",824
244,1141,Sewanee,Oglethorpe,1,61-72,"27,45","30,31",17-7,11-13,10-3,6-7,02/19/16,8:00 PM,N/A,"Juhan Gymnasium, Sewanee, Tennessee",Win,2,False,872,False,13:33,,35,,45 ,"GOOD LAYUP by BROWN,SETH(in the paint)",SEWM 35-45 (+10),,"GOOD LAYUP by BROWN,SETH(in the paint)",2,layup,good,sewanee,"brown,seth",2,"['mcgrath,josh', 'lawrence,chris', 'edwards,justin', 'huffman,devin']","['carter,keshonn', 'mccullough,jacob', 'tome,matt', 'buescher,hunter']",813
245,1141,Sewanee,Oglethorpe,1,61-72,"27,45","30,31",17-7,11-13,10-3,6-7,02/19/16,8:00 PM,N/A,"Juhan Gymnasium, Sewanee, Tennessee",Win,2,False,872,False,--,,35,,45 ,"ASSIST  by TOME,MATT",,,"ASSIST  by TOME,MATT",2,assist,,sewanee,"tome,matt",,"['mcgrath,josh', 'lawrence,chris', 'edwards,justin', 'huffman,devin']","['carter,keshonn', 'mccullough,jacob', 'tome,matt', 'buescher,hunter']",
246,1141,Sewanee,Oglethorpe,1,61-72,"27,45","30,31",17-7,11-13,10-3,6-7,02/19/16,8:00 PM,N/A,"Juhan Gymnasium, Sewanee, Tennessee",Win,2,False,872,False,13:03,"MISS 3PTR by HUFFMAN,DEVIN",35,,45 ,,,,"MISS 3PTR by HUFFMAN,DEVIN",2,three pointer,missed,oglethorpe,"huffman,devin",,"['mcgrath,josh', 'lawrence,chris', 'edwards,justin', 'huffman,devin']","['carter,keshonn', 'mccullough,jacob', 'tome,matt', 'buescher,hunter']",783
247,1141,Sewanee,Oglethorpe,1,61-72,"27,45","30,31",17-7,11-13,10-3,6-7,02/19/16,8:00 PM,N/A,"Juhan Gymnasium, Sewanee, Tennessee",Win,2,False,872,False,--,,35,,45 ,"REBOUND DEF by BROWN,SETH",,,"REBOUND DEF by BROWN,SETH",2,defensive rebound,,sewanee,"brown,seth",,"['mcgrath,josh', 'lawrence,chris', 'edwards,justin', 'huffman,devin']","['carter,keshonn', 'mccullough,jacob', 'tome,matt', 'buescher,hunter']",
248,1141,Sewanee,Oglethorpe,1,61-72,"27,45","30,31",17-7,11-13,10-3,6-7,02/19/16,8:00 PM,N/A,"Juhan Gymnasium, Sewanee, Tennessee",Win,2,False,872,False,12:47,,35,,45 ,"MISS 3PTR by TOME,MATT",,,"MISS 3PTR by TOME,MATT",2,three pointer,missed,sewanee,"tome,matt",,"['mcgrath,josh', 'lawrence,chris', 'edwards,justin', 'huffman,devin']","['carter,keshonn', 'mccullough,jacob', 'tome,matt', 'buescher,hunter']",767
249,1141,Sewanee,Oglethorpe,1,61-72,"27,45","30,31",17-7,11-13,10-3,6-7,02/19/16,8:00 PM,N/A,"Juhan Gymnasium, Sewanee, Tennessee",Win,2,False,872,False,--,"REBOUND DEF by HUFFMAN,DEVIN",35,,45 ,,,,"REBOUND DEF by HUFFMAN,DEVIN",2,defensive rebound,,oglethorpe,"huffman,devin",,"['mcgrath,josh', 'lawrence,chris', 'edwards,justin', 'huffman,devin']","['carter,keshonn', 'mccullough,jacob', 'tome,matt', 'buescher,hunter']",
250,1141,Sewanee,Oglethorpe,1,61-72,"27,45","30,31",17-7,11-13,10-3,6-7,02/19/16,8:00 PM,N/A,"Juhan Gymnasium, Sewanee, Tennessee",Win,2,False,872,False,12:40,"GOOD LAYUP by EDWARDS,JUSTIN(in the paint)",37,,45 ,,OUM 37-45 (+8),,"GOOD LAYUP by EDWARDS,JUSTIN(in the paint)",2,layup,good,oglethorpe,"edwards,justin",2,"['mcgrath,josh', 'lawrence,chris', 'edwards,justin', 'huffman,devin']","['carter,keshonn', 'mccullough,jacob', 'tome,matt', 'buescher,hunter']",760
251,1141,Sewanee,Oglethorpe,1,61-72,"27,45","30,31",17-7,11-13,10-3,6-7,02/19/16,8:00 PM,N/A,"Juhan Gymnasium, Sewanee, Tennessee",Win,2,False,872,False,12:31,,37,,45 ,TIMEOUT 30SEC by TEAM,,,TIMEOUT 30SEC by TEAM,2,timeout,,sewanee,,,"['mcgrath,josh', 'lawrence,chris', 'edwards,justin', 'huffman,devin']","['carter,keshonn', 'mccullough,jacob', 'tome,matt', 'buescher,hunter']",751
252,1141,Sewanee,Oglethorpe,1,61-72,"27,45","30,31",17-7,11-13,10-3,6-7,02/19/16,8:00 PM,N/A,"Juhan Gymnasium, Sewanee, Tennessee",Win,2,False,872,False,12:31,"SUB IN by ANDINO,GEORGE",37,,45 ,,,,"SUB IN by ANDINO,GEORGE",2,subbing in,,oglethorpe,"andino,george",,"['mcgrath,josh', 'lawrence,chris', 'edwards,justin', 'huffman,devin', 'andino,george']","['carter,keshonn', 'mccullough,jacob', 'tome,matt', 'buescher,hunter']",751
253,1141,Sewanee,Oglethorpe,1,61-72,"27,45","30,31",17-7,11-13,10-3,6-7,02/19/16,8:00 PM,N/A,"Juhan Gymnasium, Sewanee, Tennessee",Win,2,False,872,False,12:31,"SUB IN by SMITH,CONNOR",37,,45 ,,,,"SUB IN by SMITH,CONNOR",2,subbing in,,oglethorpe,"smith,connor",,"['mcgrath,josh', 'lawrence,chris', 'edwards,justin', 'huffman,devin', 'andino,george', 'smith,connor']","['carter,keshonn', 'mccullough,jacob', 'tome,matt', 'buescher,hunter']",751
254,1141,Sewanee,Oglethorpe,1,61-72,"27,45","30,31",17-7,11-13,10-3,6-7,02/19/16,8:00 PM,N/A,"Juhan Gymnasium, Sewanee, Tennessee",Win,2,False,872,False,12:31,"SUB IN by BRITVAR,STEFAN",37,,45 ,,,,"SUB IN by BRITVAR,STEFAN",2,subbing in,,oglethorpe,"britvar,stefan",,"['mcgrath,josh', 'lawrence,chris', 'edwards,justin', 'huffman,devin', 'andino,george', 'smith,connor', 'britvar,stefan']","['carter,keshonn', 'mccullough,jacob', 'tome,matt', 'buescher,hunter']",751
255,1141,Sewanee,Oglethorpe,1,61-72,"27,45","30,31",17-7,11-13,10-3,6-7,02/19/16,8:00 PM,N/A,"Juhan Gymnasium, Sewanee, Tennessee",Win,2,False,872,False,12:31,"SUB OUT by MCGRATH,JOSH",37,,45 ,,,,"SUB OUT by MCGRATH,JOSH",2,subbing out,,oglethorpe,"mcgrath,josh",,"['lawrence,chris', 'edwards,justin', 'huffman,devin', 'andino,george', 'smith,connor', 'britvar,stefan']","['carter,keshonn', 'mccullough,jacob', 'tome,matt', 'buescher,hunter']",751
256,1141,Sewanee,Oglethorpe,1,61-72,"27,45","30,31",17-7,11-13,10-3,6-7,02/19/16,8:00 PM,N/A,"Juhan Gymnasium, Sewanee, Tennessee",Win,2,False,872,False,12:31,"SUB OUT by LAWRENCE,CHRIS",37,,45 ,,,,"SUB OUT by LAWRENCE,CHRIS",2,subbing out,,oglethorpe,"lawrence,chris",,"['edwards,justin', 'huffman,devin', 'andino,george', 'smith,connor', 'britvar,stefan']","['carter,keshonn', 'mccullough,jacob', 'tome,matt', 'buescher,hunter']",751
257,1141,Sewanee,Oglethorpe,1,61-72,"27,45","30,31",17-7,11-13,10-3,6-7,02/19/16,8:00 PM,N/A,"Juhan Gymnasium, Sewanee, Tennessee",Win,2,False,872,False,12:31,"SUB OUT by SIGRIST,CONNOR",37,,45 ,,,,"SUB OUT by SIGRIST,CONNOR",2,subbing out,,oglethorpe,"sigrist,connor",,"['edwards,justin', 'huffman,devin', 'andino,george', 'smith,connor', 'britvar,stefan']","['carter,keshonn', 'mccullough,jacob', 'tome,matt', 'buescher,hunter']",751
258,1141,Sewanee,Oglethorpe,1,61-72,"27,45","30,31",17-7,11-13,10-3,6-7,02/19/16,8:00 PM,N/A,"Juhan Gymnasium, Sewanee, Tennessee",Win,2,False,872,False,12:31,,37,,45 ,"SUB IN by BORN,CLAY",,,"SUB IN by BORN,CLAY",2,subbing in,,sewanee,"born,clay",,"['edwards,justin', 'huffman,devin', 'andino,george', 'smith,connor', 'britvar,stefan']","['carter,keshonn', 'mccullough,jacob', 'tome,matt', 'buescher,hunter']",751
259,1141,Sewanee,Oglethorpe,1,61-72,"27,45","30,31",17-7,11-13,10-3,6-7,02/19/16,8:00 PM,N/A,"Juhan Gymnasium, Sewanee, Tennessee",Win,2,False,872,False,12:31,,37,,45 ,"SUB IN by JONES,CODY",,,"SUB IN by JONES,CODY",2,subbing in,,sewanee,"jones,cody",,"['edwards,justin', 'huffman,devin', 'andino,george', 'smith,connor', 'britvar,stefan']","['carter,keshonn', 'mccullough,jacob', 'tome,matt', 'buescher,hunter', 'jones,cody']",751
260,1141,Sewanee,Oglethorpe,1,61-72,"27,45","30,31",17-7,11-13,10-3,6-7,02/19/16,8:00 PM,N/A,"Juhan Gymnasium, Sewanee, Tennessee",Win,2,False,872,False,12:31,,37,,45 ,"SUB IN by TURNER,BYRON",,,"SUB IN by TURNER,BYRON",2,subbing in,,sewanee,"turner,byron",,"['edwards,justin', 'huffman,devin', 'andino,george', 'smith,connor', 'britvar,stefan']","['carter,keshonn', 'mccullough,jacob', 'tome,matt', 'buescher,hunter', 'jones,cody', 'turner,byron']",751
261,1141,Sewanee,Oglethorpe,1,61-72,"27,45","30,31",17-7,11-13,10-3,6-7,02/19/16,8:00 PM,N/A,"Juhan Gymnasium, Sewanee, Tennessee",Win,2,False,872,False,12:31,,37,,45 ,"SUB IN by STONE,BRODY",,,"SUB IN by STONE,BRODY",2,subbing in,,sewanee,"stone,brody",,"['edwards,justin', 'huffman,devin', 'andino,george', 'smith,connor', 'britvar,stefan']","['carter,keshonn', 'mccullough,jacob', 'tome,matt', 'buescher,hunter', 'jones,cody', 'turner,byron', 'stone,brody']",751
262,1141,Sewanee,Oglethorpe,1,61-72,"27,45","30,31",17-7,11-13,10-3,6-7,02/19/16,8:00 PM,N/A,"Juhan Gymnasium, Sewanee, Tennessee",Win,2,False,872,False,12:31,,37,,45 ,"SUB OUT by BROWN,SETH",,,"SUB OUT by BROWN,SETH",2,subbing out,,sewanee,"brown,seth",,"['edwards,justin', 'huffman,devin', 'andino,george', 'smith,connor', 'britvar,stefan']","['carter,keshonn', 'mccullough,jacob', 'tome,matt', 'buescher,hunter', 'jones,cody', 'turner,byron', 'stone,brody']",751
263,1141,Sewanee,Oglethorpe,1,61-72,"27,45","30,31",17-7,11-13,10-3,6-7,02/19/16,8:00 PM,N/A,"Juhan Gymnasium, Sewanee, Tennessee",Win,2,False,872,False,12:31,,37,,45 ,"SUB OUT by BUESCHER,HUNTER",,,"SUB OUT by BUESCHER,HUNTER",2,subbing out,,sewanee,"buescher,hunter",,"['edwards,justin', 'huffman,devin', 'andino,george', 'smith,connor', 'britvar,stefan']","['carter,keshonn', 'mccullough,jacob', 'tome,matt', 'buescher,hunter', 'jones,cody', 'turner,byron', 'stone,brody']",751
264,1141,Sewanee,Oglethorpe,1,61-72,"27,45","30,31",17-7,11-13,10-3,6-7,02/19/16,8:00 PM,N/A,"Juhan Gymnasium, Sewanee, Tennessee",Win,2,False,872,False,12:31,,37,,45 ,"SUB OUT by CARTER,KESHONN",,,"SUB OUT by CARTER,KESHONN",2,subbing out,,sewanee,"carter,keshonn",,"['edwards,justin', 'huffman,devin', 'andino,george', 'smith,connor', 'britvar,stefan']","['mccullough,jacob', 'tome,matt', 'buescher,hunter', 'jones,cody', 'turner,byron', 'stone,brody']",751
265,1141,Sewanee,Oglethorpe,1,61-72,"27,45","30,31",17-7,11-13,10-3,6-7,02/19/16,8:00 PM,N/A,"Juhan Gymnasium, Sewanee, Tennessee",Win,2,False,872,False,12:31,,37,,45 ,"SUB OUT by MCCULLOUGH,JACOB",,,"SUB OUT by MCCULLOUGH,JACOB",2,subbing out,,sewanee,"mccullough,jacob",,"['edwards,justin', 'huffman,devin', 'andino,george', 'smith,connor', 'britvar,stefan']","['tome,matt', 'buescher,hunter', 'jones,cody', 'turner,byron', 'stone,brody']",751
266,1141,Sewanee,Oglethorpe,1,61-72,"27,45","30,31",17-7,11-13,10-3,6-7,02/19/16,8:00 PM,N/A,"Juhan Gymnasium, Sewanee, Tennessee",Win,2,False,872,False,12:19,,37,,45 ,"TURNOVER  by JONES,CODY",,,"TURNOVER  by JONES,CODY",2,turnover,,sewanee,"jones,cody",,"['edwards,justin', 'huffman,devin', 'andino,george', 'smith,connor', 'britvar,stefan']","['tome,matt', 'buescher,hunter', 'jones,cody', 'turner,byron', 'stone,brody']",739
267,1141,Sewanee,Oglethorpe,1,61-72,"27,45","30,31",17-7,11-13,10-3,6-7,02/19/16,8:00 PM,N/A,"Juhan Gymnasium, Sewanee, Tennessee",Win,2,False,872,False,12:18,"STEAL  by EDWARDS,JUSTIN",37,,45 ,,,,"STEAL  by EDWARDS,JUSTIN",2,steal,,oglethorpe,,,"['edwards,justin', 'huffman,devin', 'andino,george', 'smith,connor', 'britvar,stefan']","['tome,matt', 'buescher,hunter', 'jones,cody', 'turner,byron', 'stone,brody']",738
268,1141,Sewanee,Oglethorpe,1,61-72,"27,45","30,31",17-7,11-13,10-3,6-7,02/19/16,8:00 PM,N/A,"Juhan Gymnasium, Sewanee, Tennessee",Win,2,False,872,False,12:15,"TURNOVER  by EDWARDS,JUSTIN",37,,45 ,,,,"TURNOVER  by EDWARDS,JUSTIN",2,turnover,,oglethorpe,"edwards,justin",,"['edwards,justin', 'huffman,devin', 'andino,george', 'smith,connor', 'britvar,stefan']","['tome,matt', 'buescher,hunter', 'jones,cody', 'turner,byron', 'stone,brody']",735
269,1141,Sewanee,Oglethorpe,1,61-72,"27,45","30,31",17-7,11-13,10-3,6-7,02/19/16,8:00 PM,N/A,"Juhan Gymnasium, Sewanee, Tennessee",Win,2,False,872,False,12:14,,37,,45 ,"STEAL  by JONES,CODY",,,"STEAL  by JONES,CODY",2,steal,,sewanee,,,"['edwards,justin', 'huffman,devin', 'andino,george', 'smith,connor', 'britvar,stefan']","['tome,matt', 'buescher,hunter', 'jones,cody', 'turner,byron', 'stone,brody']",734
270,1141,Sewanee,Oglethorpe,1,61-72,"27,45","30,31",17-7,11-13,10-3,6-7,02/19/16,8:00 PM,N/A,"Juhan Gymnasium, Sewanee, Tennessee",Win,2,False,872,False,12:13,"FOUL  by HUFFMAN,DEVIN",37,,45 ,,,,"FOUL  by HUFFMAN,DEVIN",2,foul,,oglethorpe,"huffman,devin",,"['edwards,justin', 'huffman,devin', 'andino,george', 'smith,connor', 'britvar,stefan']","['tome,matt', 'buescher,hunter', 'jones,cody', 'turner,byron', 'stone,brody']",733
271,1141,Sewanee,Oglethorpe,1,61-72,"27,45","30,31",17-7,11-13,10-3,6-7,02/19/16,8:00 PM,N/A,"Juhan Gymnasium, Sewanee, Tennessee",Win,2,False,872,False,12:13,,37,,45 ,TIMEOUT TEAM by TEAM,,,TIMEOUT TEAM by TEAM,2,timeout,,sewanee,,,"['edwards,justin', 'huffman,devin', 'andino,george', 'smith,connor', 'britvar,stefan']","['tome,matt', 'buescher,hunter', 'jones,cody', 'turner,byron', 'stone,brody']",733
272,1141,Sewanee,Oglethorpe,1,61-72,"27,45","30,31",17-7,11-13,10-3,6-7,02/19/16,8:00 PM,N/A,"Juhan Gymnasium, Sewanee, Tennessee",Win,2,False,872,False,11:59,,37,,45 ,"MISS 3PTR by BORN,CLAY",,,"MISS 3PTR by BORN,CLAY",2,three pointer,missed,sewanee,"born,clay",,"['edwards,justin', 'huffman,devin', 'andino,george', 'smith,connor', 'britvar,stefan']","['tome,matt', 'buescher,hunter', 'jones,cody', 'turner,byron', 'stone,brody']",719
273,1141,Sewanee,Oglethorpe,1,61-72,"27,45","30,31",17-7,11-13,10-3,6-7,02/19/16,8:00 PM,N/A,"Juhan Gymnasium, Sewanee, Tennessee",Win,2,False,872,False,--,,37,,45 ,REBOUND OFF by TEAM,,,REBOUND OFF by TEAM,2,offensive rebound,,sewanee,,,"['edwards,justin', 'huffman,devin', 'andino,george', 'smith,connor', 'britvar,stefan']","['tome,matt', 'buescher,hunter', 'jones,cody', 'turner,byron', 'stone,brody']",
274,1141,Sewanee,Oglethorpe,1,61-72,"27,45","30,31",17-7,11-13,10-3,6-7,02/19/16,8:00 PM,N/A,"Juhan Gymnasium, Sewanee, Tennessee",Win,2,False,872,False,11:36,,37,,45 ,"MISS 3PTR by BORN,CLAY",,,"MISS 3PTR by BORN,CLAY",2,three pointer,missed,sewanee,"born,clay",,"['edwards,justin', 'huffman,devin', 'andino,george', 'smith,connor', 'britvar,stefan']","['tome,matt', 'buescher,hunter', 'jones,cody', 'turner,byron', 'stone,brody']",696
275,1141,Sewanee,Oglethorpe,1,61-72,"27,45","30,31",17-7,11-13,10-3,6-7,02/19/16,8:00 PM,N/A,"Juhan Gymnasium, Sewanee, Tennessee",Win,2,False,872,False,--,,37,,45 ,"REBOUND OFF by TOME,MATT",,,"REBOUND OFF by TOME,MATT",2,offensive rebound,,sewanee,"tome,matt",,"['edwards,justin', 'huffman,devin', 'andino,george', 'smith,connor', 'britvar,stefan']","['tome,matt', 'buescher,hunter', 'jones,cody', 'turner,byron', 'stone,brody']",
276,1141,Sewanee,Oglethorpe,1,61-72,"27,45","30,31",17-7,11-13,10-3,6-7,02/19/16,8:00 PM,N/A,"Juhan Gymnasium, Sewanee, Tennessee",Win,2,False,872,False,11:30,"FOUL  by ANDINO,GEORGE",37,,45 ,,,,"FOUL  by ANDINO,GEORGE",2,foul,,oglethorpe,"andino,george",,"['edwards,justin', 'huffman,devin', 'andino,george', 'smith,connor', 'britvar,stefan']","['tome,matt', 'buescher,hunter', 'jones,cody', 'turner,byron', 'stone,brody']",690
277,1141,Sewanee,Oglethorpe,1,61-72,"27,45","30,31",17-7,11-13,10-3,6-7,02/19/16,8:00 PM,N/A,"Juhan Gymnasium, Sewanee, Tennessee",Win,2,False,872,False,11:30,"SUB IN by LAWRENCE,CHRIS",37,,45 ,,,,"SUB IN by LAWRENCE,CHRIS",2,subbing in,,oglethorpe,"lawrence,chris",,"['edwards,justin', 'huffman,devin', 'andino,george', 'smith,connor', 'britvar,stefan', 'lawrence,chris']","['tome,matt', 'buescher,hunter', 'jones,cody', 'turner,byron', 'stone,brody']",690
278,1141,Sewanee,Oglethorpe,1,61-72,"27,45","30,31",17-7,11-13,10-3,6-7,02/19/16,8:00 PM,N/A,"Juhan Gymnasium, Sewanee, Tennessee",Win,2,False,872,False,11:30,"SUB OUT by HUFFMAN,DEVIN",37,,45 ,,,,"SUB OUT by HUFFMAN,DEVIN",2,subbing out,,oglethorpe,"huffman,devin",,"['edwards,justin', 'andino,george', 'smith,connor', 'britvar,stefan', 'lawrence,chris']","['tome,matt', 'buescher,hunter', 'jones,cody', 'turner,byron', 'stone,brody']",690
279,1141,Sewanee,Oglethorpe,1,61-72,"27,45","30,31",17-7,11-13,10-3,6-7,02/19/16,8:00 PM,N/A,"Juhan Gymnasium, Sewanee, Tennessee",Win,2,False,872,False,11:25,,37,,45 ,"TURNOVER  by STONE,BRODY",,,"TURNOVER  by STONE,BRODY",2,turnover,,sewanee,"stone,brody",,"['edwards,justin', 'andino,george', 'smith,connor', 'britvar,stefan', 'lawrence,chris']","['tome,matt', 'buescher,hunter', 'jones,cody', 'turner,byron', 'stone,brody']",685
280,1141,Sewanee,Oglethorpe,1,61-72,"27,45","30,31",17-7,11-13,10-3,6-7,02/19/16,8:00 PM,N/A,"Juhan Gymnasium, Sewanee, Tennessee",Win,2,False,872,False,11:15,"GOOD LAYUP by EDWARDS,JUSTIN(in the paint)",39,,45 ,,OUM 39-45 (+6),,"GOOD LAYUP by EDWARDS,JUSTIN(in the paint)",2,layup,good,oglethorpe,"edwards,justin",2,"['edwards,justin', 'andino,george', 'smith,connor', 'britvar,stefan', 'lawrence,chris']","['tome,matt', 'buescher,hunter', 'jones,cody', 'turner,byron', 'stone,brody']",675
281,1141,Sewanee,Oglethorpe,1,61-72,"27,45","30,31",17-7,11-13,10-3,6-7,02/19/16,8:00 PM,N/A,"Juhan Gymnasium, Sewanee, Tennessee",Win,2,False,872,False,10:59,,39,,48 ,"GOOD 3PTR by TOME,MATT",SEWM 39-48 (+9),,"GOOD 3PTR by TOME,MATT",2,three pointer,good,sewanee,"tome,matt",3,"['edwards,justin', 'andino,george', 'smith,connor', 'britvar,stefan', 'lawrence,chris']","['tome,matt', 'buescher,hunter', 'jones,cody', 'turner,byron', 'stone,brody']",659
282,1141,Sewanee,Oglethorpe,1,61-72,"27,45","30,31",17-7,11-13,10-3,6-7,02/19/16,8:00 PM,N/A,"Juhan Gymnasium, Sewanee, Tennessee",Win,2,False,872,False,--,,39,,48 ,"ASSIST  by JONES,CODY",,,"ASSIST  by JONES,CODY",2,assist,,sewanee,"jones,cody",,"['edwards,justin', 'andino,george', 'smith,connor', 'britvar,stefan', 'lawrence,chris']","['tome,matt', 'buescher,hunter', 'jones,cody', 'turner,byron', 'stone,brody']",
283,1141,Sewanee,Oglethorpe,1,61-72,"27,45","30,31",17-7,11-13,10-3,6-7,02/19/16,8:00 PM,N/A,"Juhan Gymnasium, Sewanee, Tennessee",Win,2,False,872,False,10:35,,39,,48 ,"FOUL  by TURNER,BYRON",,,"FOUL  by TURNER,BYRON",2,foul,,sewanee,"turner,byron",,"['edwards,justin', 'andino,george', 'smith,connor', 'britvar,stefan', 'lawrence,chris']","['tome,matt', 'buescher,hunter', 'jones,cody', 'turner,byron', 'stone,brody']",635
284,1141,Sewanee,Oglethorpe,1,61-72,"27,45","30,31",17-7,11-13,10-3,6-7,02/19/16,8:00 PM,N/A,"Juhan Gymnasium, Sewanee, Tennessee",Win,2,False,872,False,10:35,,39,,48 ,"SUB IN by CARTER,KESHONN",,,"SUB IN by CARTER,KESHONN",2,subbing in,,sewanee,"carter,keshonn",,"['edwards,justin', 'andino,george', 'smith,connor', 'britvar,stefan', 'lawrence,chris']","['tome,matt', 'buescher,hunter', 'jones,cody', 'turner,byron', 'stone,brody', 'carter,keshonn']",635
285,1141,Sewanee,Oglethorpe,1,61-72,"27,45","30,31",17-7,11-13,10-3,6-7,02/19/16,8:00 PM,N/A,"Juhan Gymnasium, Sewanee, Tennessee",Win,2,False,872,False,10:35,,39,,48 ,"SUB IN by MCCULLOUGH,JACOB",,,"SUB IN by MCCULLOUGH,JACOB",2,subbing in,,sewanee,"mccullough,jacob",,"['edwards,justin', 'andino,george', 'smith,connor', 'britvar,stefan', 'lawrence,chris']","['tome,matt', 'buescher,hunter', 'jones,cody', 'turner,byron', 'stone,brody', 'carter,keshonn', 'mccullough,jacob']",635
286,1141,Sewanee,Oglethorpe,1,61-72,"27,45","30,31",17-7,11-13,10-3,6-7,02/19/16,8:00 PM,N/A,"Juhan Gymnasium, Sewanee, Tennessee",Win,2,False,872,False,10:35,,39,,48 ,"SUB OUT by TURNER,BYRON",,,"SUB OUT by TURNER,BYRON",2,subbing out,,sewanee,"turner,byron",,"['edwards,justin', 'andino,george', 'smith,connor', 'britvar,stefan', 'lawrence,chris']","['tome,matt', 'buescher,hunter', 'jones,cody', 'stone,brody', 'carter,keshonn', 'mccullough,jacob']",635
287,1141,Sewanee,Oglethorpe,1,61-72,"27,45","30,31",17-7,11-13,10-3,6-7,02/19/16,8:00 PM,N/A,"Juhan Gymnasium, Sewanee, Tennessee",Win,2,False,872,False,10:35,,39,,48 ,"SUB OUT by BORN,CLAY",,,"SUB OUT by BORN,CLAY",2,subbing out,,sewanee,"born,clay",,"['edwards,justin', 'andino,george', 'smith,connor', 'britvar,stefan', 'lawrence,chris']","['tome,matt', 'buescher,hunter', 'jones,cody', 'stone,brody', 'carter,keshonn', 'mccullough,jacob']",635
288,1141,Sewanee,Oglethorpe,1,61-72,"27,45","30,31",17-7,11-13,10-3,6-7,02/19/16,8:00 PM,N/A,"Juhan Gymnasium, Sewanee, Tennessee",Win,2,False,872,False,10:32,"TURNOVER  by ANDINO,GEORGE",39,,48 ,,,,"TURNOVER  by ANDINO,GEORGE",2,turnover,,oglethorpe,"andino,george",,"['edwards,justin', 'andino,george', 'smith,connor', 'britvar,stefan', 'lawrence,chris']","['tome,matt', 'buescher,hunter', 'jones,cody', 'stone,brody', 'carter,keshonn', 'mccullough,jacob']",632
289,1141,Sewanee,Oglethorpe,1,61-72,"27,45","30,31",17-7,11-13,10-3,6-7,02/19/16,8:00 PM,N/A,"Juhan Gymnasium, Sewanee, Tennessee",Win,2,False,872,False,10:19,,39,,48 ,"FOUL  by CARTER,KESHONN",,,"FOUL  by CARTER,KESHONN",2,foul,,sewanee,"carter,keshonn",,"['edwards,justin', 'andino,george', 'smith,connor', 'britvar,stefan', 'lawrence,chris']","['tome,matt', 'buescher,hunter', 'jones,cody', 'stone,brody', 'carter,keshonn', 'mccullough,jacob']",619
290,1141,Sewanee,Oglethorpe,1,61-72,"27,45","30,31",17-7,11-13,10-3,6-7,02/19/16,8:00 PM,N/A,"Juhan Gymnasium, Sewanee, Tennessee",Win,2,False,872,False,10:19,,39,,48 ,"TURNOVER  by CARTER,KESHONN",,,"TURNOVER  by CARTER,KESHONN",2,turnover,,sewanee,"carter,keshonn",,"['edwards,justin', 'andino,george', 'smith,connor', 'britvar,stefan', 'lawrence,chris']","['tome,matt', 'buescher,hunter', 'jones,cody', 'stone,brody', 'carter,keshonn', 'mccullough,jacob']",619
291,1141,Sewanee,Oglethorpe,1,61-72,"27,45","30,31",17-7,11-13,10-3,6-7,02/19/16,8:00 PM,N/A,"Juhan Gymnasium, Sewanee, Tennessee",Win,2,False,872,False,10:19,,39,,48 ,"SUB IN by BROWN,SETH",,,"SUB IN by BROWN,SETH",2,subbing in,,sewanee,"brown,seth",,"['edwards,justin', 'andino,george', 'smith,connor', 'britvar,stefan', 'lawrence,chris']","['tome,matt', 'buescher,hunter', 'jones,cody', 'stone,brody', 'carter,keshonn', 'mccullough,jacob']",619
292,1141,Sewanee,Oglethorpe,1,61-72,"27,45","30,31",17-7,11-13,10-3,6-7,02/19/16,8:00 PM,N/A,"Juhan Gymnasium, Sewanee, Tennessee",Win,2,False,872,False,10:19,,39,,48 ,"SUB OUT by CARTER,KESHONN",,,"SUB OUT by CARTER,KESHONN",2,subbing out,,sewanee,"carter,keshonn",,"['edwards,justin', 'andino,george', 'smith,connor', 'britvar,stefan', 'lawrence,chris']","['tome,matt', 'buescher,hunter', 'jones,cody', 'stone,brody', 'mccullough,jacob']",619
293,1141,Sewanee,Oglethorpe,1,61-72,"27,45","30,31",17-7,11-13,10-3,6-7,02/19/16,8:00 PM,N/A,"Juhan Gymnasium, Sewanee, Tennessee",Win,2,False,872,False,10:08,"GOOD LAYUP by BRITVAR,STEFAN(in the paint)",41,,48 ,,OUM 41-48 (+7),,"GOOD LAYUP by BRITVAR,STEFAN(in the paint)",2,layup,good,oglethorpe,"britvar,stefan",2,"['edwards,justin', 'andino,george', 'smith,connor', 'britvar,stefan', 'lawrence,chris']","['tome,matt', 'buescher,hunter', 'jones,cody', 'stone,brody', 'mccullough,jacob']",608
294,1141,Sewanee,Oglethorpe,1,61-72,"27,45","30,31",17-7,11-13,10-3,6-7,02/19/16,8:00 PM,N/A,"Juhan Gymnasium, Sewanee, Tennessee",Win,2,False,872,False,--,"ASSIST  by SMITH,CONNOR",41,,48 ,,,,"ASSIST  by SMITH,CONNOR",2,assist,,oglethorpe,"smith,connor",,"['edwards,justin', 'andino,george', 'smith,connor', 'britvar,stefan', 'lawrence,chris']","['tome,matt', 'buescher,hunter', 'jones,cody', 'stone,brody', 'mccullough,jacob']",
295,1141,Sewanee,Oglethorpe,1,61-72,"27,45","30,31",17-7,11-13,10-3,6-7,02/19/16,8:00 PM,N/A,"Juhan Gymnasium, Sewanee, Tennessee",Win,2,False,872,False,09:55,,41,,48 ,"MISS 3PTR by JONES,CODY",,,"MISS 3PTR by JONES,CODY",2,three pointer,missed,sewanee,"jones,cody",,"['edwards,justin', 'andino,george', 'smith,connor', 'britvar,stefan', 'lawrence,chris']","['tome,matt', 'buescher,hunter', 'jones,cody', 'stone,brody', 'mccullough,jacob']",595
296,1141,Sewanee,Oglethorpe,1,61-72,"27,45","30,31",17-7,11-13,10-3,6-7,02/19/16,8:00 PM,N/A,"Juhan Gymnasium, Sewanee, Tennessee",Win,2,False,872,False,--,,41,,48 ,"REBOUND OFF by STONE,BRODY",,,"REBOUND OFF by STONE,BRODY",2,offensive rebound,,sewanee,"stone,brody",,"['edwards,justin', 'andino,george', 'smith,connor', 'britvar,stefan', 'lawrence,chris']","['tome,matt', 'buescher,hunter', 'jones,cody', 'stone,brody', 'mccullough,jacob']",
297,1141,Sewanee,Oglethorpe,1,61-72,"27,45","30,31",17-7,11-13,10-3,6-7,02/19/16,8:00 PM,N/A,"Juhan Gymnasium, Sewanee, Tennessee",Win,2,False,872,False,09:35,,41,,48 ,"TURNOVER  by STONE,BRODY",,,"TURNOVER  by STONE,BRODY",2,turnover,,sewanee,"stone,brody",,"['edwards,justin', 'andino,george', 'smith,connor', 'britvar,stefan', 'lawrence,chris']","['tome,matt', 'buescher,hunter', 'jones,cody', 'stone,brody', 'mccullough,jacob']",575
298,1141,Sewanee,Oglethorpe,1,61-72,"27,45","30,31",17-7,11-13,10-3,6-7,02/19/16,8:00 PM,N/A,"Juhan Gymnasium, Sewanee, Tennessee",Win,2,False,872,False,09:34,,41,,48 ,TIMEOUT FULL by TEAM,,,TIMEOUT FULL by TEAM,2,timeout,,sewanee,,,"['edwards,justin', 'andino,george', 'smith,connor', 'britvar,stefan', 'lawrence,chris']","['tome,matt', 'buescher,hunter', 'jones,cody', 'stone,brody', 'mccullough,jacob']",574
299,1141,Sewanee,Oglethorpe,1,61-72,"27,45","30,31",17-7,11-13,10-3,6-7,02/19/16,8:00 PM,N/A,"Juhan Gymnasium, Sewanee, Tennessee",Win,2,False,872,False,09:26,"FOUL  by EDWARDS,JUSTIN",41,,48 ,,,,"FOUL  by EDWARDS,JUSTIN",2,foul,,oglethorpe,"edwards,justin",,"['edwards,justin', 'andino,george', 'smith,connor', 'britvar,stefan', 'lawrence,chris']","['tome,matt', 'buescher,hunter', 'jones,cody', 'stone,brody', 'mccullough,jacob']",566
300,1141,Sewanee,Oglethorpe,1,61-72,"27,45","30,31",17-7,11-13,10-3,6-7,02/19/16,8:00 PM,N/A,"Juhan Gymnasium, Sewanee, Tennessee",Win,2,False,872,False,09:26,"TURNOVER  by EDWARDS,JUSTIN",41,,48 ,,,,"TURNOVER  by EDWARDS,JUSTIN",2,turnover,,oglethorpe,"edwards,justin",,"['edwards,justin', 'andino,george', 'smith,connor', 'britvar,stefan', 'lawrence,chris']","['tome,matt', 'buescher,hunter', 'jones,cody', 'stone,brody', 'mccullough,jacob']",566
301,1141,Sewanee,Oglethorpe,1,61-72,"27,45","30,31",17-7,11-13,10-3,6-7,02/19/16,8:00 PM,N/A,"Juhan Gymnasium, Sewanee, Tennessee",Win,2,False,872,False,09:15,,41,,51 ,"GOOD 3PTR by JONES,CODY",SEWM 41-51 (+10),,"GOOD 3PTR by JONES,CODY",2,three pointer,good,sewanee,"jones,cody",3,"['edwards,justin', 'andino,george', 'smith,connor', 'britvar,stefan', 'lawrence,chris']","['tome,matt', 'buescher,hunter', 'jones,cody', 'stone,brody', 'mccullough,jacob']",555
302,1141,Sewanee,Oglethorpe,1,61-72,"27,45","30,31",17-7,11-13,10-3,6-7,02/19/16,8:00 PM,N/A,"Juhan Gymnasium, Sewanee, Tennessee",Win,2,False,872,False,--,,41,,51 ,"ASSIST  by TOME,MATT",,,"ASSIST  by TOME,MATT",2,assist,,sewanee,"tome,matt",,"['edwards,justin', 'andino,george', 'smith,connor', 'britvar,stefan', 'lawrence,chris']","['tome,matt', 'buescher,hunter', 'jones,cody', 'stone,brody', 'mccullough,jacob']",
303,1141,Sewanee,Oglethorpe,1,61-72,"27,45","30,31",17-7,11-13,10-3,6-7,02/19/16,8:00 PM,N/A,"Juhan Gymnasium, Sewanee, Tennessee",Win,2,False,872,False,08:55,,41,,51 ,"SUB IN by CALDWELL,CAM",,,"SUB IN by CALDWELL,CAM",2,subbing in,,sewanee,"caldwell,cam",,"['edwards,justin', 'andino,george', 'smith,connor', 'britvar,stefan', 'lawrence,chris']","['tome,matt', 'buescher,hunter', 'jones,cody', 'stone,brody', 'mccullough,jacob', 'caldwell,cam']",535
304,1141,Sewanee,Oglethorpe,1,61-72,"27,45","30,31",17-7,11-13,10-3,6-7,02/19/16,8:00 PM,N/A,"Juhan Gymnasium, Sewanee, Tennessee",Win,2,False,872,False,08:55,,41,,51 ,"SUB OUT by STONE,BRODY",,,"SUB OUT by STONE,BRODY",2,subbing out,,sewanee,"stone,brody",,"['edwards,justin', 'andino,george', 'smith,connor', 'britvar,stefan', 'lawrence,chris']","['tome,matt', 'buescher,hunter', 'jones,cody', 'mccullough,jacob', 'caldwell,cam']",535
305,1141,Sewanee,Oglethorpe,1,61-72,"27,45","30,31",17-7,11-13,10-3,6-7,02/19/16,8:00 PM,N/A,"Juhan Gymnasium, Sewanee, Tennessee",Win,2,False,872,False,08:47,,41,,51 ,"FOUL  by CALDWELL,CAM",,,"FOUL  by CALDWELL,CAM",2,foul,,sewanee,"caldwell,cam",,"['edwards,justin', 'andino,george', 'smith,connor', 'britvar,stefan', 'lawrence,chris']","['tome,matt', 'buescher,hunter', 'jones,cody', 'mccullough,jacob', 'caldwell,cam']",527
306,1141,Sewanee,Oglethorpe,1,61-72,"27,45","30,31",17-7,11-13,10-3,6-7,02/19/16,8:00 PM,N/A,"Juhan Gymnasium, Sewanee, Tennessee",Win,2,False,872,False,08:47,"GOOD FT by EDWARDS,JUSTIN",42,,51 ,,OUM 42-51 (+9),,"GOOD FT by EDWARDS,JUSTIN",2,free throw,good,oglethorpe,"edwards,justin",1,"['edwards,justin', 'andino,george', 'smith,connor', 'britvar,stefan', 'lawrence,chris']","['tome,matt', 'buescher,hunter', 'jones,cody', 'mccullough,jacob', 'caldwell,cam']",527
307,1141,Sewanee,Oglethorpe,1,61-72,"27,45","30,31",17-7,11-13,10-3,6-7,02/19/16,8:00 PM,N/A,"Juhan Gymnasium, Sewanee, Tennessee",Win,2,False,872,False,08:47,"GOOD FT by EDWARDS,JUSTIN",43,,51 ,,OUM 43-51 (+8),,"GOOD FT by EDWARDS,JUSTIN",2,free throw,good,oglethorpe,"edwards,justin",1,"['edwards,justin', 'andino,george', 'smith,connor', 'britvar,stefan', 'lawrence,chris']","['tome,matt', 'buescher,hunter', 'jones,cody', 'mccullough,jacob', 'caldwell,cam']",527
308,1141,Sewanee,Oglethorpe,1,61-72,"27,45","30,31",17-7,11-13,10-3,6-7,02/19/16,8:00 PM,N/A,"Juhan Gymnasium, Sewanee, Tennessee",Win,2,False,872,False,08:39,,43,,51 ,"TURNOVER  by JONES,CODY",,,"TURNOVER  by JONES,CODY",2,turnover,,sewanee,"jones,cody",,"['edwards,justin', 'andino,george', 'smith,connor', 'britvar,stefan', 'lawrence,chris']","['tome,matt', 'buescher,hunter', 'jones,cody', 'mccullough,jacob', 'caldwell,cam']",519
309,1141,Sewanee,Oglethorpe,1,61-72,"27,45","30,31",17-7,11-13,10-3,6-7,02/19/16,8:00 PM,N/A,"Juhan Gymnasium, Sewanee, Tennessee",Win,2,False,872,False,08:39,,43,,51 ,"SUB IN by BORN,CLAY",,,"SUB IN by BORN,CLAY",2,subbing in,,sewanee,"born,clay",,"['edwards,justin', 'andino,george', 'smith,connor', 'britvar,stefan', 'lawrence,chris']","['tome,matt', 'buescher,hunter', 'jones,cody', 'mccullough,jacob', 'caldwell,cam', 'born,clay']",519
310,1141,Sewanee,Oglethorpe,1,61-72,"27,45","30,31",17-7,11-13,10-3,6-7,02/19/16,8:00 PM,N/A,"Juhan Gymnasium, Sewanee, Tennessee",Win,2,False,872,False,08:39,,43,,51 ,"SUB IN by CARTER,KESHONN",,,"SUB IN by CARTER,KESHONN",2,subbing in,,sewanee,"carter,keshonn",,"['edwards,justin', 'andino,george', 'smith,connor', 'britvar,stefan', 'lawrence,chris']","['tome,matt', 'buescher,hunter', 'jones,cody', 'mccullough,jacob', 'caldwell,cam', 'born,clay', 'carter,keshonn']",519
311,1141,Sewanee,Oglethorpe,1,61-72,"27,45","30,31",17-7,11-13,10-3,6-7,02/19/16,8:00 PM,N/A,"Juhan Gymnasium, Sewanee, Tennessee",Win,2,False,872,False,08:39,,43,,51 ,"SUB OUT by TOME,MATT",,,"SUB OUT by TOME,MATT",2,subbing out,,sewanee,"tome,matt",,"['edwards,justin', 'andino,george', 'smith,connor', 'britvar,stefan', 'lawrence,chris']","['buescher,hunter', 'jones,cody', 'mccullough,jacob', 'caldwell,cam', 'born,clay', 'carter,keshonn']",519
312,1141,Sewanee,Oglethorpe,1,61-72,"27,45","30,31",17-7,11-13,10-3,6-7,02/19/16,8:00 PM,N/A,"Juhan Gymnasium, Sewanee, Tennessee",Win,2,False,872,False,08:39,,43,,51 ,"SUB OUT by CALDWELL,CAM",,,"SUB OUT by CALDWELL,CAM",2,subbing out,,sewanee,"caldwell,cam",,"['edwards,justin', 'andino,george', 'smith,connor', 'britvar,stefan', 'lawrence,chris']","['buescher,hunter', 'jones,cody', 'mccullough,jacob', 'born,clay', 'carter,keshonn']",519
313,1141,Sewanee,Oglethorpe,1,61-72,"27,45","30,31",17-7,11-13,10-3,6-7,02/19/16,8:00 PM,N/A,"Juhan Gymnasium, Sewanee, Tennessee",Win,2,False,872,False,08:18,"MISS JUMPER by EDWARDS,JUSTIN",43,,51 ,,,,"MISS JUMPER by EDWARDS,JUSTIN",2,jumper,missed,oglethorpe,"edwards,justin",,"['edwards,justin', 'andino,george', 'smith,connor', 'britvar,stefan', 'lawrence,chris']","['buescher,hunter', 'jones,cody', 'mccullough,jacob', 'born,clay', 'carter,keshonn']",498
314,1141,Sewanee,Oglethorpe,1,61-72,"27,45","30,31",17-7,11-13,10-3,6-7,02/19/16,8:00 PM,N/A,"Juhan Gymnasium, Sewanee, Tennessee",Win,2,False,872,False,08:18,,43,,51 ,"BLOCK  by BROWN,SETH",,,"BLOCK  by BROWN,SETH",2,block,,sewanee,"brown,seth",,"['edwards,justin', 'andino,george', 'smith,connor', 'britvar,stefan', 'lawrence,chris']","['buescher,hunter', 'jones,cody', 'mccullough,jacob', 'born,clay', 'carter,keshonn']",498
315,1141,Sewanee,Oglethorpe,1,61-72,"27,45","30,31",17-7,11-13,10-3,6-7,02/19/16,8:00 PM,N/A,"Juhan Gymnasium, Sewanee, Tennessee",Win,2,False,872,False,--,REBOUND OFF by TEAM,43,,51 ,,,,REBOUND OFF by TEAM,2,offensive rebound,,oglethorpe,,,"['edwards,justin', 'andino,george', 'smith,connor', 'britvar,stefan', 'lawrence,chris']","['buescher,hunter', 'jones,cody', 'mccullough,jacob', 'born,clay', 'carter,keshonn']",
316,1141,Sewanee,Oglethorpe,1,61-72,"27,45","30,31",17-7,11-13,10-3,6-7,02/19/16,8:00 PM,N/A,"Juhan Gymnasium, Sewanee, Tennessee",Win,2,False,872,False,08:13,"TURNOVER  by EDWARDS,JUSTIN",43,,51 ,,,,"TURNOVER  by EDWARDS,JUSTIN",2,turnover,,oglethorpe,"edwards,justin",,"['edwards,justin', 'andino,george', 'smith,connor', 'britvar,stefan', 'lawrence,chris']","['buescher,hunter', 'jones,cody', 'mccullough,jacob', 'born,clay', 'carter,keshonn']",493
317,1141,Sewanee,Oglethorpe,1,61-72,"27,45","30,31",17-7,11-13,10-3,6-7,02/19/16,8:00 PM,N/A,"Juhan Gymnasium, Sewanee, Tennessee",Win,2,False,872,False,08:12,,43,,51 ,"STEAL  by MCCULLOUGH,JACOB",,,"STEAL  by MCCULLOUGH,JACOB",2,steal,,sewanee,,,"['edwards,justin', 'andino,george', 'smith,connor', 'britvar,stefan', 'lawrence,chris']","['buescher,hunter', 'jones,cody', 'mccullough,jacob', 'born,clay', 'carter,keshonn']",492
318,1141,Sewanee,Oglethorpe,1,61-72,"27,45","30,31",17-7,11-13,10-3,6-7,02/19/16,8:00 PM,N/A,"Juhan Gymnasium, Sewanee, Tennessee",Win,2,False,872,False,08:11,,43,,53 ,"GOOD LAYUP by MCCULLOUGH,JACOB(fastbreak)(in the paint)",SEWM 43-53 (+10),,"GOOD LAYUP by MCCULLOUGH,JACOB(fastbreak)(in the paint)",2,layup,good,sewanee,"mccullough,jacob(fastbreak)",2,"['edwards,justin', 'andino,george', 'smith,connor', 'britvar,stefan', 'lawrence,chris']","['buescher,hunter', 'jones,cody', 'mccullough,jacob', 'born,clay', 'carter,keshonn']",491
319,1141,Sewanee,Oglethorpe,1,61-72,"27,45","30,31",17-7,11-13,10-3,6-7,02/19/16,8:00 PM,N/A,"Juhan Gymnasium, Sewanee, Tennessee",Win,2,False,872,False,07:51,"MISS JUMPER by SMITH,CONNOR",43,,53 ,,,,"MISS JUMPER by SMITH,CONNOR",2,jumper,missed,oglethorpe,"smith,connor",,"['edwards,justin', 'andino,george', 'smith,connor', 'britvar,stefan', 'lawrence,chris']","['buescher,hunter', 'jones,cody', 'mccullough,jacob', 'born,clay', 'carter,keshonn']",471
320,1141,Sewanee,Oglethorpe,1,61-72,"27,45","30,31",17-7,11-13,10-3,6-7,02/19/16,8:00 PM,N/A,"Juhan Gymnasium, Sewanee, Tennessee",Win,2,False,872,False,--,,43,,53 ,"REBOUND DEF by MCCULLOUGH,JACOB",,,"REBOUND DEF by MCCULLOUGH,JACOB",2,defensive rebound,,sewanee,"mccullough,jacob",,"['edwards,justin', 'andino,george', 'smith,connor', 'britvar,stefan', 'lawrence,chris']","['buescher,hunter', 'jones,cody', 'mccullough,jacob', 'born,clay', 'carter,keshonn']",
321,1141,Sewanee,Oglethorpe,1,61-72,"27,45","30,31",17-7,11-13,10-3,6-7,02/19/16,8:00 PM,N/A,"Juhan Gymnasium, Sewanee, Tennessee",Win,2,False,872,False,07:28,"FOUL  by SMITH,CONNOR",43,,53 ,,,,"FOUL  by SMITH,CONNOR",2,foul,,oglethorpe,"smith,connor",,"['edwards,justin', 'andino,george', 'smith,connor', 'britvar,stefan', 'lawrence,chris']","['buescher,hunter', 'jones,cody', 'mccullough,jacob', 'born,clay', 'carter,keshonn']",448
322,1141,Sewanee,Oglethorpe,1,61-72,"27,45","30,31",17-7,11-13,10-3,6-7,02/19/16,8:00 PM,N/A,"Juhan Gymnasium, Sewanee, Tennessee",Win,2,False,872,False,07:28,,43,,54 ,"GOOD FT by CARTER,KESHONN",SEWM 43-54 (+11),,"GOOD FT by CARTER,KESHONN",2,free throw,good,sewanee,"carter,keshonn",1,"['edwards,justin', 'andino,george', 'smith,connor', 'britvar,stefan', 'lawrence,chris']","['buescher,hunter', 'jones,cody', 'mccullough,jacob', 'born,clay', 'carter,keshonn']",448
323,1141,Sewanee,Oglethorpe,1,61-72,"27,45","30,31",17-7,11-13,10-3,6-7,02/19/16,8:00 PM,N/A,"Juhan Gymnasium, Sewanee, Tennessee",Win,2,False,872,False,07:28,,43,,55 ,"GOOD FT by CARTER,KESHONN",SEWM 43-55 (+12),,"GOOD FT by CARTER,KESHONN",2,free throw,good,sewanee,"carter,keshonn",1,"['edwards,justin', 'andino,george', 'smith,connor', 'britvar,stefan', 'lawrence,chris']","['buescher,hunter', 'jones,cody', 'mccullough,jacob', 'born,clay', 'carter,keshonn']",448
324,1141,Sewanee,Oglethorpe,1,61-72,"27,45","30,31",17-7,11-13,10-3,6-7,02/19/16,8:00 PM,N/A,"Juhan Gymnasium, Sewanee, Tennessee",Win,2,False,872,False,07:28,"SUB IN by INUNGU,TOM",43,,55 ,,,,"SUB IN by INUNGU,TOM",2,subbing in,,oglethorpe,"inungu,tom",,"['edwards,justin', 'andino,george', 'smith,connor', 'britvar,stefan', 'lawrence,chris', 'inungu,tom']","['buescher,hunter', 'jones,cody', 'mccullough,jacob', 'born,clay', 'carter,keshonn']",448
325,1141,Sewanee,Oglethorpe,1,61-72,"27,45","30,31",17-7,11-13,10-3,6-7,02/19/16,8:00 PM,N/A,"Juhan Gymnasium, Sewanee, Tennessee",Win,2,False,872,False,07:28,"SUB OUT by BRITVAR,STEFAN",43,,55 ,,,,"SUB OUT by BRITVAR,STEFAN",2,subbing out,,oglethorpe,"britvar,stefan",,"['edwards,justin', 'andino,george', 'smith,connor', 'lawrence,chris', 'inungu,tom']","['buescher,hunter', 'jones,cody', 'mccullough,jacob', 'born,clay', 'carter,keshonn']",448
326,1141,Sewanee,Oglethorpe,1,61-72,"27,45","30,31",17-7,11-13,10-3,6-7,02/19/16,8:00 PM,N/A,"Juhan Gymnasium, Sewanee, Tennessee",Win,2,False,872,False,07:15,"GOOD JUMPER by ANDINO,GEORGE",45,,55 ,,OUM 45-55 (+10),,"GOOD JUMPER by ANDINO,GEORGE",2,jumper,good,oglethorpe,"andino,george",2,"['edwards,justin', 'andino,george', 'smith,connor', 'lawrence,chris', 'inungu,tom']","['buescher,hunter', 'jones,cody', 'mccullough,jacob', 'born,clay', 'carter,keshonn']",435
327,1141,Sewanee,Oglethorpe,1,61-72,"27,45","30,31",17-7,11-13,10-3,6-7,02/19/16,8:00 PM,N/A,"Juhan Gymnasium, Sewanee, Tennessee",Win,2,False,872,False,07:15,,45,,55 ,"FOUL  by BORN,CLAY",,,"FOUL  by BORN,CLAY",2,foul,,sewanee,"born,clay",,"['edwards,justin', 'andino,george', 'smith,connor', 'lawrence,chris', 'inungu,tom']","['buescher,hunter', 'jones,cody', 'mccullough,jacob', 'born,clay', 'carter,keshonn']",435
328,1141,Sewanee,Oglethorpe,1,61-72,"27,45","30,31",17-7,11-13,10-3,6-7,02/19/16,8:00 PM,N/A,"Juhan Gymnasium, Sewanee, Tennessee",Win,2,False,872,False,07:15,"MISS FT by ANDINO,GEORGE",45,,55 ,,,,"MISS FT by ANDINO,GEORGE",2,free throw,missed,oglethorpe,"andino,george",,"['edwards,justin', 'andino,george', 'smith,connor', 'lawrence,chris', 'inungu,tom']","['buescher,hunter', 'jones,cody', 'mccullough,jacob', 'born,clay', 'carter,keshonn']",435
329,1141,Sewanee,Oglethorpe,1,61-72,"27,45","30,31",17-7,11-13,10-3,6-7,02/19/16,8:00 PM,N/A,"Juhan Gymnasium, Sewanee, Tennessee",Win,2,False,872,False,--,,45,,55 ,"REBOUND DEF by CARTER,KESHONN",,,"REBOUND DEF by CARTER,KESHONN",2,defensive rebound,,sewanee,"carter,keshonn",,"['edwards,justin', 'andino,george', 'smith,connor', 'lawrence,chris', 'inungu,tom']","['buescher,hunter', 'jones,cody', 'mccullough,jacob', 'born,clay', 'carter,keshonn']",
330,1141,Sewanee,Oglethorpe,1,61-72,"27,45","30,31",17-7,11-13,10-3,6-7,02/19/16,8:00 PM,N/A,"Juhan Gymnasium, Sewanee, Tennessee",Win,2,False,872,False,06:52,,45,,57 ,"GOOD LAYUP by CARTER,KESHONN(in the paint)",SEWM 45-57 (+12),,"GOOD LAYUP by CARTER,KESHONN(in the paint)",2,layup,good,sewanee,"carter,keshonn",2,"['edwards,justin', 'andino,george', 'smith,connor', 'lawrence,chris', 'inungu,tom']","['buescher,hunter', 'jones,cody', 'mccullough,jacob', 'born,clay', 'carter,keshonn']",412
331,1141,Sewanee,Oglethorpe,1,61-72,"27,45","30,31",17-7,11-13,10-3,6-7,02/19/16,8:00 PM,N/A,"Juhan Gymnasium, Sewanee, Tennessee",Win,2,False,872,False,--,,45,,57 ,"ASSIST  by BROWN,SETH",,,"ASSIST  by BROWN,SETH",2,assist,,sewanee,"brown,seth",,"['edwards,justin', 'andino,george', 'smith,connor', 'lawrence,chris', 'inungu,tom']","['buescher,hunter', 'jones,cody', 'mccullough,jacob', 'born,clay', 'carter,keshonn']",
332,1141,Sewanee,Oglethorpe,1,61-72,"27,45","30,31",17-7,11-13,10-3,6-7,02/19/16,8:00 PM,N/A,"Juhan Gymnasium, Sewanee, Tennessee",Win,2,False,872,False,06:31,"TURNOVER  by EDWARDS,JUSTIN",45,,57 ,,,,"TURNOVER  by EDWARDS,JUSTIN",2,turnover,,oglethorpe,"edwards,justin",,"['edwards,justin', 'andino,george', 'smith,connor', 'lawrence,chris', 'inungu,tom']","['buescher,hunter', 'jones,cody', 'mccullough,jacob', 'born,clay', 'carter,keshonn']",391
333,1141,Sewanee,Oglethorpe,1,61-72,"27,45","30,31",17-7,11-13,10-3,6-7,02/19/16,8:00 PM,N/A,"Juhan Gymnasium, Sewanee, Tennessee",Win,2,False,872,False,06:31,,45,,57 ,"STEAL  by BORN,CLAY",,,"STEAL  by BORN,CLAY",2,steal,,sewanee,,,"['edwards,justin', 'andino,george', 'smith,connor', 'lawrence,chris', 'inungu,tom']","['buescher,hunter', 'jones,cody', 'mccullough,jacob', 'born,clay', 'carter,keshonn']",391
334,1141,Sewanee,Oglethorpe,1,61-72,"27,45","30,31",17-7,11-13,10-3,6-7,02/19/16,8:00 PM,N/A,"Juhan Gymnasium, Sewanee, Tennessee",Win,2,False,872,False,06:28,,45,,59 ,"GOOD LAYUP by CARTER,KESHONN(in the paint)",SEWM 45-59 (+14),,"GOOD LAYUP by CARTER,KESHONN(in the paint)",2,layup,good,sewanee,"carter,keshonn",2,"['edwards,justin', 'andino,george', 'smith,connor', 'lawrence,chris', 'inungu,tom']","['buescher,hunter', 'jones,cody', 'mccullough,jacob', 'born,clay', 'carter,keshonn']",388
335,1141,Sewanee,Oglethorpe,1,61-72,"27,45","30,31",17-7,11-13,10-3,6-7,02/19/16,8:00 PM,N/A,"Juhan Gymnasium, Sewanee, Tennessee",Win,2,False,872,False,--,,45,,59 ,"ASSIST  by BORN,CLAY",,,"ASSIST  by BORN,CLAY",2,assist,,sewanee,"born,clay",,"['edwards,justin', 'andino,george', 'smith,connor', 'lawrence,chris', 'inungu,tom']","['buescher,hunter', 'jones,cody', 'mccullough,jacob', 'born,clay', 'carter,keshonn']",
336,1141,Sewanee,Oglethorpe,1,61-72,"27,45","30,31",17-7,11-13,10-3,6-7,02/19/16,8:00 PM,N/A,"Juhan Gymnasium, Sewanee, Tennessee",Win,2,False,872,False,06:20,TIMEOUT FULL by TEAM,45,,59 ,,,,TIMEOUT FULL by TEAM,2,timeout,,oglethorpe,,,"['edwards,justin', 'andino,george', 'smith,connor', 'lawrence,chris', 'inungu,tom']","['buescher,hunter', 'jones,cody', 'mccullough,jacob', 'born,clay', 'carter,keshonn']",380
337,1141,Sewanee,Oglethorpe,1,61-72,"27,45","30,31",17-7,11-13,10-3,6-7,02/19/16,8:00 PM,N/A,"Juhan Gymnasium, Sewanee, Tennessee",Win,2,False,872,False,06:20,"SUB IN by ROMAGUERA,COLE",45,,59 ,,,,"SUB IN by ROMAGUERA,COLE",2,subbing in,,oglethorpe,"romaguera,cole",,"['edwards,justin', 'andino,george', 'smith,connor', 'lawrence,chris', 'inungu,tom', 'romaguera,cole']","['buescher,hunter', 'jones,cody', 'mccullough,jacob', 'born,clay', 'carter,keshonn']",380
338,1141,Sewanee,Oglethorpe,1,61-72,"27,45","30,31",17-7,11-13,10-3,6-7,02/19/16,8:00 PM,N/A,"Juhan Gymnasium, Sewanee, Tennessee",Win,2,False,872,False,06:20,"SUB OUT by EDWARDS,JUSTIN",45,,59 ,,,,"SUB OUT by EDWARDS,JUSTIN",2,subbing out,,oglethorpe,"edwards,justin",,"['andino,george', 'smith,connor', 'lawrence,chris', 'inungu,tom', 'romaguera,cole']","['buescher,hunter', 'jones,cody', 'mccullough,jacob', 'born,clay', 'carter,keshonn']",380
339,1141,Sewanee,Oglethorpe,1,61-72,"27,45","30,31",17-7,11-13,10-3,6-7,02/19/16,8:00 PM,N/A,"Juhan Gymnasium, Sewanee, Tennessee",Win,2,False,872,False,06:11,,45,,59 ,"FOUL  by BORN,CLAY",,,"FOUL  by BORN,CLAY",2,foul,,sewanee,"born,clay",,"['andino,george', 'smith,connor', 'lawrence,chris', 'inungu,tom', 'romaguera,cole']","['buescher,hunter', 'jones,cody', 'mccullough,jacob', 'born,clay', 'carter,keshonn']",371
340,1141,Sewanee,Oglethorpe,1,61-72,"27,45","30,31",17-7,11-13,10-3,6-7,02/19/16,8:00 PM,N/A,"Juhan Gymnasium, Sewanee, Tennessee",Win,2,False,872,False,06:11,,45,,59 ,TIMEOUT TEAM by TEAM,,,TIMEOUT TEAM by TEAM,2,timeout,,sewanee,,,"['andino,george', 'smith,connor', 'lawrence,chris', 'inungu,tom', 'romaguera,cole']","['buescher,hunter', 'jones,cody', 'mccullough,jacob', 'born,clay', 'carter,keshonn']",371
341,1141,Sewanee,Oglethorpe,1,61-72,"27,45","30,31",17-7,11-13,10-3,6-7,02/19/16,8:00 PM,N/A,"Juhan Gymnasium, Sewanee, Tennessee",Win,2,False,872,False,06:11,"GOOD FT by ANDINO,GEORGE",46,,59 ,,OUM 46-59 (+13),,"GOOD FT by ANDINO,GEORGE",2,free throw,good,oglethorpe,"andino,george",1,"['andino,george', 'smith,connor', 'lawrence,chris', 'inungu,tom', 'romaguera,cole']","['buescher,hunter', 'jones,cody', 'mccullough,jacob', 'born,clay', 'carter,keshonn']",371
342,1141,Sewanee,Oglethorpe,1,61-72,"27,45","30,31",17-7,11-13,10-3,6-7,02/19/16,8:00 PM,N/A,"Juhan Gymnasium, Sewanee, Tennessee",Win,2,False,872,False,06:11,"GOOD FT by ANDINO,GEORGE",47,,59 ,,OUM 47-59 (+12),,"GOOD FT by ANDINO,GEORGE",2,free throw,good,oglethorpe,"andino,george",1,"['andino,george', 'smith,connor', 'lawrence,chris', 'inungu,tom', 'romaguera,cole']","['buescher,hunter', 'jones,cody', 'mccullough,jacob', 'born,clay', 'carter,keshonn']",371
343,1141,Sewanee,Oglethorpe,1,61-72,"27,45","30,31",17-7,11-13,10-3,6-7,02/19/16,8:00 PM,N/A,"Juhan Gymnasium, Sewanee, Tennessee",Win,2,False,872,False,05:58,,47,,59 ,"TURNOVER  by MCCULLOUGH,JACOB",,,"TURNOVER  by MCCULLOUGH,JACOB",2,turnover,,sewanee,"mccullough,jacob",,"['andino,george', 'smith,connor', 'lawrence,chris', 'inungu,tom', 'romaguera,cole']","['buescher,hunter', 'jones,cody', 'mccullough,jacob', 'born,clay', 'carter,keshonn']",358
344,1141,Sewanee,Oglethorpe,1,61-72,"27,45","30,31",17-7,11-13,10-3,6-7,02/19/16,8:00 PM,N/A,"Juhan Gymnasium, Sewanee, Tennessee",Win,2,False,872,False,05:58,"STEAL  by SMITH,CONNOR",47,,59 ,,,,"STEAL  by SMITH,CONNOR",2,steal,,oglethorpe,,,"['andino,george', 'smith,connor', 'lawrence,chris', 'inungu,tom', 'romaguera,cole']","['buescher,hunter', 'jones,cody', 'mccullough,jacob', 'born,clay', 'carter,keshonn']",358
345,1141,Sewanee,Oglethorpe,1,61-72,"27,45","30,31",17-7,11-13,10-3,6-7,02/19/16,8:00 PM,N/A,"Juhan Gymnasium, Sewanee, Tennessee",Win,2,False,872,False,05:50,"MISS 3PTR by ANDINO,GEORGE",47,,59 ,,,,"MISS 3PTR by ANDINO,GEORGE",2,three pointer,missed,oglethorpe,"andino,george",,"['andino,george', 'smith,connor', 'lawrence,chris', 'inungu,tom', 'romaguera,cole']","['buescher,hunter', 'jones,cody', 'mccullough,jacob', 'born,clay', 'carter,keshonn']",350
346,1141,Sewanee,Oglethorpe,1,61-72,"27,45","30,31",17-7,11-13,10-3,6-7,02/19/16,8:00 PM,N/A,"Juhan Gymnasium, Sewanee, Tennessee",Win,2,False,872,False,--,,47,,59 ,"REBOUND DEF by BORN,CLAY",,,"REBOUND DEF by BORN,CLAY",2,defensive rebound,,sewanee,"born,clay",,"['andino,george', 'smith,connor', 'lawrence,chris', 'inungu,tom', 'romaguera,cole']","['buescher,hunter', 'jones,cody', 'mccullough,jacob', 'born,clay', 'carter,keshonn']",
347,1141,Sewanee,Oglethorpe,1,61-72,"27,45","30,31",17-7,11-13,10-3,6-7,02/19/16,8:00 PM,N/A,"Juhan Gymnasium, Sewanee, Tennessee",Win,2,False,872,False,05:49,"FOUL  by SMITH,CONNOR",47,,59 ,,,,"FOUL  by SMITH,CONNOR",2,foul,,oglethorpe,"smith,connor",,"['andino,george', 'smith,connor', 'lawrence,chris', 'inungu,tom', 'romaguera,cole']","['buescher,hunter', 'jones,cody', 'mccullough,jacob', 'born,clay', 'carter,keshonn']",349
348,1141,Sewanee,Oglethorpe,1,61-72,"27,45","30,31",17-7,11-13,10-3,6-7,02/19/16,8:00 PM,N/A,"Juhan Gymnasium, Sewanee, Tennessee",Win,2,False,872,False,05:49,,47,,60 ,"GOOD FT by BORN,CLAY",SEWM 47-60 (+13),,"GOOD FT by BORN,CLAY",2,free throw,good,sewanee,"born,clay",1,"['andino,george', 'smith,connor', 'lawrence,chris', 'inungu,tom', 'romaguera,cole']","['buescher,hunter', 'jones,cody', 'mccullough,jacob', 'born,clay', 'carter,keshonn']",349
349,1141,Sewanee,Oglethorpe,1,61-72,"27,45","30,31",17-7,11-13,10-3,6-7,02/19/16,8:00 PM,N/A,"Juhan Gymnasium, Sewanee, Tennessee",Win,2,False,872,False,05:49,,47,,61 ,"GOOD FT by BORN,CLAY",SEWM 47-61 (+14),,"GOOD FT by BORN,CLAY",2,free throw,good,sewanee,"born,clay",1,"['andino,george', 'smith,connor', 'lawrence,chris', 'inungu,tom', 'romaguera,cole']","['buescher,hunter', 'jones,cody', 'mccullough,jacob', 'born,clay', 'carter,keshonn']",349
350,1141,Sewanee,Oglethorpe,1,61-72,"27,45","30,31",17-7,11-13,10-3,6-7,02/19/16,8:00 PM,N/A,"Juhan Gymnasium, Sewanee, Tennessee",Win,2,False,872,False,05:37,"GOOD LAYUP by ANDINO,GEORGE(in the paint)",49,,61 ,,OUM 49-61 (+12),,"GOOD LAYUP by ANDINO,GEORGE(in the paint)",2,layup,good,oglethorpe,"andino,george",2,"['andino,george', 'smith,connor', 'lawrence,chris', 'inungu,tom', 'romaguera,cole']","['buescher,hunter', 'jones,cody', 'mccullough,jacob', 'born,clay', 'carter,keshonn']",337
351,1141,Sewanee,Oglethorpe,1,61-72,"27,45","30,31",17-7,11-13,10-3,6-7,02/19/16,8:00 PM,N/A,"Juhan Gymnasium, Sewanee, Tennessee",Win,2,False,872,False,05:20,,49,,61 ,"TURNOVER  by MCCULLOUGH,JACOB",,,"TURNOVER  by MCCULLOUGH,JACOB",2,turnover,,sewanee,"mccullough,jacob",,"['andino,george', 'smith,connor', 'lawrence,chris', 'inungu,tom', 'romaguera,cole']","['buescher,hunter', 'jones,cody', 'mccullough,jacob', 'born,clay', 'carter,keshonn']",320
352,1141,Sewanee,Oglethorpe,1,61-72,"27,45","30,31",17-7,11-13,10-3,6-7,02/19/16,8:00 PM,N/A,"Juhan Gymnasium, Sewanee, Tennessee",Win,2,False,872,False,05:09,"GOOD LAYUP by ANDINO,GEORGE(in the paint)",51,,61 ,,OUM 51-61 (+10),,"GOOD LAYUP by ANDINO,GEORGE(in the paint)",2,layup,good,oglethorpe,"andino,george",2,"['andino,george', 'smith,connor', 'lawrence,chris', 'inungu,tom', 'romaguera,cole']","['buescher,hunter', 'jones,cody', 'mccullough,jacob', 'born,clay', 'carter,keshonn']",309
353,1141,Sewanee,Oglethorpe,1,61-72,"27,45","30,31",17-7,11-13,10-3,6-7,02/19/16,8:00 PM,N/A,"Juhan Gymnasium, Sewanee, Tennessee",Win,2,False,872,False,04:44,,51,,61 ,"MISS JUMPER by MCCULLOUGH,JACOB",,,"MISS JUMPER by MCCULLOUGH,JACOB",2,jumper,missed,sewanee,"mccullough,jacob",,"['andino,george', 'smith,connor', 'lawrence,chris', 'inungu,tom', 'romaguera,cole']","['buescher,hunter', 'jones,cody', 'mccullough,jacob', 'born,clay', 'carter,keshonn']",284
354,1141,Sewanee,Oglethorpe,1,61-72,"27,45","30,31",17-7,11-13,10-3,6-7,02/19/16,8:00 PM,N/A,"Juhan Gymnasium, Sewanee, Tennessee",Win,2,False,872,False,--,"REBOUND DEF by ANDINO,GEORGE",51,,61 ,,,,"REBOUND DEF by ANDINO,GEORGE",2,defensive rebound,,oglethorpe,"andino,george",,"['andino,george', 'smith,connor', 'lawrence,chris', 'inungu,tom', 'romaguera,cole']","['buescher,hunter', 'jones,cody', 'mccullough,jacob', 'born,clay', 'carter,keshonn']",
355,1141,Sewanee,Oglethorpe,1,61-72,"27,45","30,31",17-7,11-13,10-3,6-7,02/19/16,8:00 PM,N/A,"Juhan Gymnasium, Sewanee, Tennessee",Win,2,False,872,False,04:34,"GOOD 3PTR by ANDINO,GEORGE",54,,61 ,,OUM 54-61 (+7),,"GOOD 3PTR by ANDINO,GEORGE",2,three pointer,good,oglethorpe,"andino,george",3,"['andino,george', 'smith,connor', 'lawrence,chris', 'inungu,tom', 'romaguera,cole']","['buescher,hunter', 'jones,cody', 'mccullough,jacob', 'born,clay', 'carter,keshonn']",274
356,1141,Sewanee,Oglethorpe,1,61-72,"27,45","30,31",17-7,11-13,10-3,6-7,02/19/16,8:00 PM,N/A,"Juhan Gymnasium, Sewanee, Tennessee",Win,2,False,872,False,04:05,,54,,61 ,"MISS 3PTR by JONES,CODY",,,"MISS 3PTR by JONES,CODY",2,three pointer,missed,sewanee,"jones,cody",,"['andino,george', 'smith,connor', 'lawrence,chris', 'inungu,tom', 'romaguera,cole']","['buescher,hunter', 'jones,cody', 'mccullough,jacob', 'born,clay', 'carter,keshonn']",245
357,1141,Sewanee,Oglethorpe,1,61-72,"27,45","30,31",17-7,11-13,10-3,6-7,02/19/16,8:00 PM,N/A,"Juhan Gymnasium, Sewanee, Tennessee",Win,2,False,872,False,--,"REBOUND DEF by ROMAGUERA,COLE",54,,61 ,,,,"REBOUND DEF by ROMAGUERA,COLE",2,defensive rebound,,oglethorpe,"romaguera,cole",,"['andino,george', 'smith,connor', 'lawrence,chris', 'inungu,tom', 'romaguera,cole']","['buescher,hunter', 'jones,cody', 'mccullough,jacob', 'born,clay', 'carter,keshonn']",
358,1141,Sewanee,Oglethorpe,1,61-72,"27,45","30,31",17-7,11-13,10-3,6-7,02/19/16,8:00 PM,N/A,"Juhan Gymnasium, Sewanee, Tennessee",Win,2,False,872,False,03:48,,54,,61 ,"FOUL  by JONES,CODY",,,"FOUL  by JONES,CODY",2,foul,,sewanee,"jones,cody",,"['andino,george', 'smith,connor', 'lawrence,chris', 'inungu,tom', 'romaguera,cole']","['buescher,hunter', 'jones,cody', 'mccullough,jacob', 'born,clay', 'carter,keshonn']",228
359,1141,Sewanee,Oglethorpe,1,61-72,"27,45","30,31",17-7,11-13,10-3,6-7,02/19/16,8:00 PM,N/A,"Juhan Gymnasium, Sewanee, Tennessee",Win,2,False,872,False,03:48,"MISS FT by ANDINO,GEORGE",54,,61 ,,,,"MISS FT by ANDINO,GEORGE",2,free throw,missed,oglethorpe,"andino,george",,"['andino,george', 'smith,connor', 'lawrence,chris', 'inungu,tom', 'romaguera,cole']","['buescher,hunter', 'jones,cody', 'mccullough,jacob', 'born,clay', 'carter,keshonn']",228
360,1141,Sewanee,Oglethorpe,1,61-72,"27,45","30,31",17-7,11-13,10-3,6-7,02/19/16,8:00 PM,N/A,"Juhan Gymnasium, Sewanee, Tennessee",Win,2,False,872,False,--,REBOUND DEADB by TEAM,54,,61 ,,,,REBOUND DEADB by TEAM,2,deadball rebound,,oglethorpe,,,"['andino,george', 'smith,connor', 'lawrence,chris', 'inungu,tom', 'romaguera,cole']","['buescher,hunter', 'jones,cody', 'mccullough,jacob', 'born,clay', 'carter,keshonn']",
361,1141,Sewanee,Oglethorpe,1,61-72,"27,45","30,31",17-7,11-13,10-3,6-7,02/19/16,8:00 PM,N/A,"Juhan Gymnasium, Sewanee, Tennessee",Win,2,False,872,False,03:48,"MISS FT by ANDINO,GEORGE",54,,61 ,,,,"MISS FT by ANDINO,GEORGE",2,free throw,missed,oglethorpe,"andino,george",,"['andino,george', 'smith,connor', 'lawrence,chris', 'inungu,tom', 'romaguera,cole']","['buescher,hunter', 'jones,cody', 'mccullough,jacob', 'born,clay', 'carter,keshonn']",228
362,1141,Sewanee,Oglethorpe,1,61-72,"27,45","30,31",17-7,11-13,10-3,6-7,02/19/16,8:00 PM,N/A,"Juhan Gymnasium, Sewanee, Tennessee",Win,2,False,872,False,--,,54,,61 ,"REBOUND DEF by CARTER,KESHONN",,,"REBOUND DEF by CARTER,KESHONN",2,defensive rebound,,sewanee,"carter,keshonn",,"['andino,george', 'smith,connor', 'lawrence,chris', 'inungu,tom', 'romaguera,cole']","['buescher,hunter', 'jones,cody', 'mccullough,jacob', 'born,clay', 'carter,keshonn']",
363,1141,Sewanee,Oglethorpe,1,61-72,"27,45","30,31",17-7,11-13,10-3,6-7,02/19/16,8:00 PM,N/A,"Juhan Gymnasium, Sewanee, Tennessee",Win,2,False,872,False,03:48,,54,,61 ,"SUB IN by TOME,MATT",,,"SUB IN by TOME,MATT",2,subbing in,,sewanee,"tome,matt",,"['andino,george', 'smith,connor', 'lawrence,chris', 'inungu,tom', 'romaguera,cole']","['buescher,hunter', 'jones,cody', 'mccullough,jacob', 'born,clay', 'carter,keshonn', 'tome,matt']",228
364,1141,Sewanee,Oglethorpe,1,61-72,"27,45","30,31",17-7,11-13,10-3,6-7,02/19/16,8:00 PM,N/A,"Juhan Gymnasium, Sewanee, Tennessee",Win,2,False,872,False,03:48,,54,,61 ,"SUB IN by STONE,BRODY",,,"SUB IN by STONE,BRODY",2,subbing in,,sewanee,"stone,brody",,"['andino,george', 'smith,connor', 'lawrence,chris', 'inungu,tom', 'romaguera,cole']","['buescher,hunter', 'jones,cody', 'mccullough,jacob', 'born,clay', 'carter,keshonn', 'tome,matt', 'stone,brody']",228
365,1141,Sewanee,Oglethorpe,1,61-72,"27,45","30,31",17-7,11-13,10-3,6-7,02/19/16,8:00 PM,N/A,"Juhan Gymnasium, Sewanee, Tennessee",Win,2,False,872,False,03:48,,54,,61 ,"SUB OUT by BROWN,SETH",,,"SUB OUT by BROWN,SETH",2,subbing out,,sewanee,"brown,seth",,"['andino,george', 'smith,connor', 'lawrence,chris', 'inungu,tom', 'romaguera,cole']","['buescher,hunter', 'jones,cody', 'mccullough,jacob', 'born,clay', 'carter,keshonn', 'tome,matt', 'stone,brody']",228
366,1141,Sewanee,Oglethorpe,1,61-72,"27,45","30,31",17-7,11-13,10-3,6-7,02/19/16,8:00 PM,N/A,"Juhan Gymnasium, Sewanee, Tennessee",Win,2,False,872,False,03:48,,54,,61 ,"SUB OUT by BORN,CLAY",,,"SUB OUT by BORN,CLAY",2,subbing out,,sewanee,"born,clay",,"['andino,george', 'smith,connor', 'lawrence,chris', 'inungu,tom', 'romaguera,cole']","['buescher,hunter', 'jones,cody', 'mccullough,jacob', 'born,clay', 'carter,keshonn', 'tome,matt', 'stone,brody']",228
367,1141,Sewanee,Oglethorpe,1,61-72,"27,45","30,31",17-7,11-13,10-3,6-7,02/19/16,8:00 PM,N/A,"Juhan Gymnasium, Sewanee, Tennessee",Win,2,False,872,False,03:19,,54,,64 ,"GOOD 3PTR by TOME,MATT",SEWM 54-64 (+10),,"GOOD 3PTR by TOME,MATT",2,three pointer,good,sewanee,"tome,matt",3,"['andino,george', 'smith,connor', 'lawrence,chris', 'inungu,tom', 'romaguera,cole']","['buescher,hunter', 'jones,cody', 'mccullough,jacob', 'born,clay', 'carter,keshonn', 'tome,matt', 'stone,brody']",199
368,1141,Sewanee,Oglethorpe,1,61-72,"27,45","30,31",17-7,11-13,10-3,6-7,02/19/16,8:00 PM,N/A,"Juhan Gymnasium, Sewanee, Tennessee",Win,2,False,872,False,--,,54,,64 ,"ASSIST  by MCCULLOUGH,JACOB",,,"ASSIST  by MCCULLOUGH,JACOB",2,assist,,sewanee,"mccullough,jacob",,"['andino,george', 'smith,connor', 'lawrence,chris', 'inungu,tom', 'romaguera,cole']","['buescher,hunter', 'jones,cody', 'mccullough,jacob', 'born,clay', 'carter,keshonn', 'tome,matt', 'stone,brody']",
369,1141,Sewanee,Oglethorpe,1,61-72,"27,45","30,31",17-7,11-13,10-3,6-7,02/19/16,8:00 PM,N/A,"Juhan Gymnasium, Sewanee, Tennessee",Win,2,False,872,False,03:18,,54,,64 ,TIMEOUT FULL by TEAM,,,TIMEOUT FULL by TEAM,2,timeout,,sewanee,,,"['andino,george', 'smith,connor', 'lawrence,chris', 'inungu,tom', 'romaguera,cole']","['buescher,hunter', 'jones,cody', 'mccullough,jacob', 'born,clay', 'carter,keshonn', 'tome,matt', 'stone,brody']",198
370,1141,Sewanee,Oglethorpe,1,61-72,"27,45","30,31",17-7,11-13,10-3,6-7,02/19/16,8:00 PM,N/A,"Juhan Gymnasium, Sewanee, Tennessee",Win,2,False,872,False,03:18,"SUB IN by EDWARDS,JUSTIN",54,,64 ,,,,"SUB IN by EDWARDS,JUSTIN",2,subbing in,,oglethorpe,"edwards,justin",,"['andino,george', 'smith,connor', 'lawrence,chris', 'inungu,tom', 'romaguera,cole', 'edwards,justin']","['buescher,hunter', 'jones,cody', 'mccullough,jacob', 'born,clay', 'carter,keshonn', 'tome,matt', 'stone,brody']",198
371,1141,Sewanee,Oglethorpe,1,61-72,"27,45","30,31",17-7,11-13,10-3,6-7,02/19/16,8:00 PM,N/A,"Juhan Gymnasium, Sewanee, Tennessee",Win,2,False,872,False,03:18,"SUB OUT by INUNGU,TOM",54,,64 ,,,,"SUB OUT by INUNGU,TOM",2,subbing out,,oglethorpe,"inungu,tom",,"['andino,george', 'smith,connor', 'lawrence,chris', 'romaguera,cole', 'edwards,justin']","['buescher,hunter', 'jones,cody', 'mccullough,jacob', 'born,clay', 'carter,keshonn', 'tome,matt', 'stone,brody']",198
372,1141,Sewanee,Oglethorpe,1,61-72,"27,45","30,31",17-7,11-13,10-3,6-7,02/19/16,8:00 PM,N/A,"Juhan Gymnasium, Sewanee, Tennessee",Win,2,False,872,False,03:06,"MISS JUMPER by ANDINO,GEORGE",54,,64 ,,,,"MISS JUMPER by ANDINO,GEORGE",2,jumper,missed,oglethorpe,"andino,george",,"['andino,george', 'smith,connor', 'lawrence,chris', 'romaguera,cole', 'edwards,justin']","['buescher,hunter', 'jones,cody', 'mccullough,jacob', 'born,clay', 'carter,keshonn', 'tome,matt', 'stone,brody']",186
373,1141,Sewanee,Oglethorpe,1,61-72,"27,45","30,31",17-7,11-13,10-3,6-7,02/19/16,8:00 PM,N/A,"Juhan Gymnasium, Sewanee, Tennessee",Win,2,False,872,False,--,"REBOUND OFF by ANDINO,GEORGE",54,,64 ,,,,"REBOUND OFF by ANDINO,GEORGE",2,offensive rebound,,oglethorpe,"andino,george",,"['andino,george', 'smith,connor', 'lawrence,chris', 'romaguera,cole', 'edwards,justin']","['buescher,hunter', 'jones,cody', 'mccullough,jacob', 'born,clay', 'carter,keshonn', 'tome,matt', 'stone,brody']",
374,1141,Sewanee,Oglethorpe,1,61-72,"27,45","30,31",17-7,11-13,10-3,6-7,02/19/16,8:00 PM,N/A,"Juhan Gymnasium, Sewanee, Tennessee",Win,2,False,872,False,03:04,"TURNOVER  by ANDINO,GEORGE",54,,64 ,,,,"TURNOVER  by ANDINO,GEORGE",2,turnover,,oglethorpe,"andino,george",,"['andino,george', 'smith,connor', 'lawrence,chris', 'romaguera,cole', 'edwards,justin']","['buescher,hunter', 'jones,cody', 'mccullough,jacob', 'born,clay', 'carter,keshonn', 'tome,matt', 'stone,brody']",184
375,1141,Sewanee,Oglethorpe,1,61-72,"27,45","30,31",17-7,11-13,10-3,6-7,02/19/16,8:00 PM,N/A,"Juhan Gymnasium, Sewanee, Tennessee",Win,2,False,872,False,03:02,"SUB IN by INUNGU,TOM",54,,64 ,,,,"SUB IN by INUNGU,TOM",2,subbing in,,oglethorpe,"inungu,tom",,"['andino,george', 'smith,connor', 'lawrence,chris', 'romaguera,cole', 'edwards,justin', 'inungu,tom']","['buescher,hunter', 'jones,cody', 'mccullough,jacob', 'born,clay', 'carter,keshonn', 'tome,matt', 'stone,brody']",182
376,1141,Sewanee,Oglethorpe,1,61-72,"27,45","30,31",17-7,11-13,10-3,6-7,02/19/16,8:00 PM,N/A,"Juhan Gymnasium, Sewanee, Tennessee",Win,2,False,872,False,03:02,"SUB OUT by ROMAGUERA,COLE",54,,64 ,,,,"SUB OUT by ROMAGUERA,COLE",2,subbing out,,oglethorpe,"romaguera,cole",,"['andino,george', 'smith,connor', 'lawrence,chris', 'edwards,justin', 'inungu,tom']","['buescher,hunter', 'jones,cody', 'mccullough,jacob', 'born,clay', 'carter,keshonn', 'tome,matt', 'stone,brody']",182
377,1141,Sewanee,Oglethorpe,1,61-72,"27,45","30,31",17-7,11-13,10-3,6-7,02/19/16,8:00 PM,N/A,"Juhan Gymnasium, Sewanee, Tennessee",Win,2,False,872,False,02:39,,54,,64 ,"MISS JUMPER by STONE,BRODY",,,"MISS JUMPER by STONE,BRODY",2,jumper,missed,sewanee,"stone,brody",,"['andino,george', 'smith,connor', 'lawrence,chris', 'edwards,justin', 'inungu,tom']","['buescher,hunter', 'jones,cody', 'mccullough,jacob', 'born,clay', 'carter,keshonn', 'tome,matt', 'stone,brody']",159
378,1141,Sewanee,Oglethorpe,1,61-72,"27,45","30,31",17-7,11-13,10-3,6-7,02/19/16,8:00 PM,N/A,"Juhan Gymnasium, Sewanee, Tennessee",Win,2,False,872,False,--,,54,,64 ,"REBOUND OFF by CARTER,KESHONN",,,"REBOUND OFF by CARTER,KESHONN",2,offensive rebound,,sewanee,"carter,keshonn",,"['andino,george', 'smith,connor', 'lawrence,chris', 'edwards,justin', 'inungu,tom']","['buescher,hunter', 'jones,cody', 'mccullough,jacob', 'born,clay', 'carter,keshonn', 'tome,matt', 'stone,brody']",
379,1141,Sewanee,Oglethorpe,1,61-72,"27,45","30,31",17-7,11-13,10-3,6-7,02/19/16,8:00 PM,N/A,"Juhan Gymnasium, Sewanee, Tennessee",Win,2,False,872,False,02:17,,54,,64 ,"MISS JUMPER by CARTER,KESHONN",,,"MISS JUMPER by CARTER,KESHONN",2,jumper,missed,sewanee,"carter,keshonn",,"['andino,george', 'smith,connor', 'lawrence,chris', 'edwards,justin', 'inungu,tom']","['buescher,hunter', 'jones,cody', 'mccullough,jacob', 'born,clay', 'carter,keshonn', 'tome,matt', 'stone,brody']",137
380,1141,Sewanee,Oglethorpe,1,61-72,"27,45","30,31",17-7,11-13,10-3,6-7,02/19/16,8:00 PM,N/A,"Juhan Gymnasium, Sewanee, Tennessee",Win,2,False,872,False,--,,54,,64 ,"REBOUND OFF by STONE,BRODY",,,"REBOUND OFF by STONE,BRODY",2,offensive rebound,,sewanee,"stone,brody",,"['andino,george', 'smith,connor', 'lawrence,chris', 'edwards,justin', 'inungu,tom']","['buescher,hunter', 'jones,cody', 'mccullough,jacob', 'born,clay', 'carter,keshonn', 'tome,matt', 'stone,brody']",
381,1141,Sewanee,Oglethorpe,1,61-72,"27,45","30,31",17-7,11-13,10-3,6-7,02/19/16,8:00 PM,N/A,"Juhan Gymnasium, Sewanee, Tennessee",Win,2,False,872,False,01:51,,54,,64 ,"MISS 3PTR by JONES,CODY",,,"MISS 3PTR by JONES,CODY",2,three pointer,missed,sewanee,"jones,cody",,"['andino,george', 'smith,connor', 'lawrence,chris', 'edwards,justin', 'inungu,tom']","['buescher,hunter', 'jones,cody', 'mccullough,jacob', 'born,clay', 'carter,keshonn', 'tome,matt', 'stone,brody']",111
382,1141,Sewanee,Oglethorpe,1,61-72,"27,45","30,31",17-7,11-13,10-3,6-7,02/19/16,8:00 PM,N/A,"Juhan Gymnasium, Sewanee, Tennessee",Win,2,False,872,False,--,"REBOUND DEF by INUNGU,TOM",54,,64 ,,,,"REBOUND DEF by INUNGU,TOM",2,defensive rebound,,oglethorpe,"inungu,tom",,"['andino,george', 'smith,connor', 'lawrence,chris', 'edwards,justin', 'inungu,tom']","['buescher,hunter', 'jones,cody', 'mccullough,jacob', 'born,clay', 'carter,keshonn', 'tome,matt', 'stone,brody']",
383,1141,Sewanee,Oglethorpe,1,61-72,"27,45","30,31",17-7,11-13,10-3,6-7,02/19/16,8:00 PM,N/A,"Juhan Gymnasium, Sewanee, Tennessee",Win,2,False,872,False,01:51,,54,,64 ,"FOUL  by STONE,BRODY",,,"FOUL  by STONE,BRODY",2,foul,,sewanee,"stone,brody",,"['andino,george', 'smith,connor', 'lawrence,chris', 'edwards,justin', 'inungu,tom']","['buescher,hunter', 'jones,cody', 'mccullough,jacob', 'born,clay', 'carter,keshonn', 'tome,matt', 'stone,brody']",111
384,1141,Sewanee,Oglethorpe,1,61-72,"27,45","30,31",17-7,11-13,10-3,6-7,02/19/16,8:00 PM,N/A,"Juhan Gymnasium, Sewanee, Tennessee",Win,2,False,872,False,01:51,"MISS FT by INUNGU,TOM",54,,64 ,,,,"MISS FT by INUNGU,TOM",2,free throw,missed,oglethorpe,"inungu,tom",,"['andino,george', 'smith,connor', 'lawrence,chris', 'edwards,justin', 'inungu,tom']","['buescher,hunter', 'jones,cody', 'mccullough,jacob', 'born,clay', 'carter,keshonn', 'tome,matt', 'stone,brody']",111
385,1141,Sewanee,Oglethorpe,1,61-72,"27,45","30,31",17-7,11-13,10-3,6-7,02/19/16,8:00 PM,N/A,"Juhan Gymnasium, Sewanee, Tennessee",Win,2,False,872,False,--,REBOUND DEADB by TEAM,54,,64 ,,,,REBOUND DEADB by TEAM,2,deadball rebound,,oglethorpe,,,"['andino,george', 'smith,connor', 'lawrence,chris', 'edwards,justin', 'inungu,tom']","['buescher,hunter', 'jones,cody', 'mccullough,jacob', 'born,clay', 'carter,keshonn', 'tome,matt', 'stone,brody']",
386,1141,Sewanee,Oglethorpe,1,61-72,"27,45","30,31",17-7,11-13,10-3,6-7,02/19/16,8:00 PM,N/A,"Juhan Gymnasium, Sewanee, Tennessee",Win,2,False,872,False,01:51,"SUB IN by HUFFMAN,DEVIN",54,,64 ,,,,"SUB IN by HUFFMAN,DEVIN",2,subbing in,,oglethorpe,"huffman,devin",,"['andino,george', 'smith,connor', 'lawrence,chris', 'edwards,justin', 'inungu,tom', 'huffman,devin']","['buescher,hunter', 'jones,cody', 'mccullough,jacob', 'born,clay', 'carter,keshonn', 'tome,matt', 'stone,brody']",111
387,1141,Sewanee,Oglethorpe,1,61-72,"27,45","30,31",17-7,11-13,10-3,6-7,02/19/16,8:00 PM,N/A,"Juhan Gymnasium, Sewanee, Tennessee",Win,2,False,872,False,01:51,"SUB OUT by INUNGU,TOM",54,,64 ,,,,"SUB OUT by INUNGU,TOM",2,subbing out,,oglethorpe,"inungu,tom",,"['andino,george', 'smith,connor', 'lawrence,chris', 'edwards,justin', 'huffman,devin']","['buescher,hunter', 'jones,cody', 'mccullough,jacob', 'born,clay', 'carter,keshonn', 'tome,matt', 'stone,brody']",111
388,1141,Sewanee,Oglethorpe,1,61-72,"27,45","30,31",17-7,11-13,10-3,6-7,02/19/16,8:00 PM,N/A,"Juhan Gymnasium, Sewanee, Tennessee",Win,2,False,872,False,01:51,,54,,64 ,"SUB IN by BORN,CLAY",,,"SUB IN by BORN,CLAY",2,subbing in,,sewanee,"born,clay",,"['andino,george', 'smith,connor', 'lawrence,chris', 'edwards,justin', 'huffman,devin']","['buescher,hunter', 'jones,cody', 'mccullough,jacob', 'born,clay', 'carter,keshonn', 'tome,matt', 'stone,brody']",111
389,1141,Sewanee,Oglethorpe,1,61-72,"27,45","30,31",17-7,11-13,10-3,6-7,02/19/16,8:00 PM,N/A,"Juhan Gymnasium, Sewanee, Tennessee",Win,2,False,872,False,01:51,,54,,64 ,"SUB OUT by STONE,BRODY",,,"SUB OUT by STONE,BRODY",2,subbing out,,sewanee,"stone,brody",,"['andino,george', 'smith,connor', 'lawrence,chris', 'edwards,justin', 'huffman,devin']","['buescher,hunter', 'jones,cody', 'mccullough,jacob', 'born,clay', 'carter,keshonn', 'tome,matt', 'stone,brody']",111
390,1141,Sewanee,Oglethorpe,1,61-72,"27,45","30,31",17-7,11-13,10-3,6-7,02/19/16,8:00 PM,N/A,"Juhan Gymnasium, Sewanee, Tennessee",Win,2,False,872,False,01:45,,54,,64 ,TIMEOUT FULL by TEAM,,,TIMEOUT FULL by TEAM,2,timeout,,sewanee,,,"['andino,george', 'smith,connor', 'lawrence,chris', 'edwards,justin', 'huffman,devin']","['buescher,hunter', 'jones,cody', 'mccullough,jacob', 'born,clay', 'carter,keshonn', 'tome,matt', 'stone,brody']",105
391,1141,Sewanee,Oglethorpe,1,61-72,"27,45","30,31",17-7,11-13,10-3,6-7,02/19/16,8:00 PM,N/A,"Juhan Gymnasium, Sewanee, Tennessee",Win,2,False,872,False,01:45,,54,,64 ,"SUB IN by BROWN,SETH",,,"SUB IN by BROWN,SETH",2,subbing in,,sewanee,"brown,seth",,"['andino,george', 'smith,connor', 'lawrence,chris', 'edwards,justin', 'huffman,devin']","['buescher,hunter', 'jones,cody', 'mccullough,jacob', 'born,clay', 'carter,keshonn', 'tome,matt', 'stone,brody', 'brown,seth']",105
392,1141,Sewanee,Oglethorpe,1,61-72,"27,45","30,31",17-7,11-13,10-3,6-7,02/19/16,8:00 PM,N/A,"Juhan Gymnasium, Sewanee, Tennessee",Win,2,False,872,False,01:45,,54,,64 ,"SUB OUT by TOME,MATT",,,"SUB OUT by TOME,MATT",2,subbing out,,sewanee,"tome,matt",,"['andino,george', 'smith,connor', 'lawrence,chris', 'edwards,justin', 'huffman,devin']","['buescher,hunter', 'jones,cody', 'mccullough,jacob', 'born,clay', 'carter,keshonn', 'stone,brody', 'brown,seth']",105
393,1141,Sewanee,Oglethorpe,1,61-72,"27,45","30,31",17-7,11-13,10-3,6-7,02/19/16,8:00 PM,N/A,"Juhan Gymnasium, Sewanee, Tennessee",Win,2,False,872,False,01:38,,54,,64 ,"TURNOVER  by CARTER,KESHONN",,,"TURNOVER  by CARTER,KESHONN",2,turnover,,sewanee,"carter,keshonn",,"['andino,george', 'smith,connor', 'lawrence,chris', 'edwards,justin', 'huffman,devin']","['buescher,hunter', 'jones,cody', 'mccullough,jacob', 'born,clay', 'carter,keshonn', 'stone,brody', 'brown,seth']",98
394,1141,Sewanee,Oglethorpe,1,61-72,"27,45","30,31",17-7,11-13,10-3,6-7,02/19/16,8:00 PM,N/A,"Juhan Gymnasium, Sewanee, Tennessee",Win,2,False,872,False,01:38,"STEAL  by ANDINO,GEORGE",54,,64 ,,,,"STEAL  by ANDINO,GEORGE",2,steal,,oglethorpe,,,"['andino,george', 'smith,connor', 'lawrence,chris', 'edwards,justin', 'huffman,devin']","['buescher,hunter', 'jones,cody', 'mccullough,jacob', 'born,clay', 'carter,keshonn', 'stone,brody', 'brown,seth']",98
395,1141,Sewanee,Oglethorpe,1,61-72,"27,45","30,31",17-7,11-13,10-3,6-7,02/19/16,8:00 PM,N/A,"Juhan Gymnasium, Sewanee, Tennessee",Win,2,False,872,False,01:38,TIMEOUT FULL by TEAM,54,,64 ,,,,TIMEOUT FULL by TEAM,2,timeout,,oglethorpe,,,"['andino,george', 'smith,connor', 'lawrence,chris', 'edwards,justin', 'huffman,devin']","['buescher,hunter', 'jones,cody', 'mccullough,jacob', 'born,clay', 'carter,keshonn', 'stone,brody', 'brown,seth']",98
396,1141,Sewanee,Oglethorpe,1,61-72,"27,45","30,31",17-7,11-13,10-3,6-7,02/19/16,8:00 PM,N/A,"Juhan Gymnasium, Sewanee, Tennessee",Win,2,False,872,False,01:38,,54,,64 ,"SUB IN by TOME,MATT",,,"SUB IN by TOME,MATT",2,subbing in,,sewanee,"tome,matt",,"['andino,george', 'smith,connor', 'lawrence,chris', 'edwards,justin', 'huffman,devin']","['buescher,hunter', 'jones,cody', 'mccullough,jacob', 'born,clay', 'carter,keshonn', 'stone,brody', 'brown,seth', 'tome,matt']",98
397,1141,Sewanee,Oglethorpe,1,61-72,"27,45","30,31",17-7,11-13,10-3,6-7,02/19/16,8:00 PM,N/A,"Juhan Gymnasium, Sewanee, Tennessee",Win,2,False,872,False,01:38,,54,,64 ,"SUB OUT by BROWN,SETH",,,"SUB OUT by BROWN,SETH",2,subbing out,,sewanee,"brown,seth",,"['andino,george', 'smith,connor', 'lawrence,chris', 'edwards,justin', 'huffman,devin']","['buescher,hunter', 'jones,cody', 'mccullough,jacob', 'born,clay', 'carter,keshonn', 'stone,brody', 'tome,matt']",98
398,1141,Sewanee,Oglethorpe,1,61-72,"27,45","30,31",17-7,11-13,10-3,6-7,02/19/16,8:00 PM,N/A,"Juhan Gymnasium, Sewanee, Tennessee",Win,2,False,872,False,01:34,"MISS JUMPER by EDWARDS,JUSTIN",54,,64 ,,,,"MISS JUMPER by EDWARDS,JUSTIN",2,jumper,missed,oglethorpe,"edwards,justin",,"['andino,george', 'smith,connor', 'lawrence,chris', 'edwards,justin', 'huffman,devin']","['buescher,hunter', 'jones,cody', 'mccullough,jacob', 'born,clay', 'carter,keshonn', 'stone,brody', 'tome,matt']",94
399,1141,Sewanee,Oglethorpe,1,61-72,"27,45","30,31",17-7,11-13,10-3,6-7,02/19/16,8:00 PM,N/A,"Juhan Gymnasium, Sewanee, Tennessee",Win,2,False,872,False,--,"REBOUND OFF by EDWARDS,JUSTIN",54,,64 ,,,,"REBOUND OFF by EDWARDS,JUSTIN",2,offensive rebound,,oglethorpe,"edwards,justin",,"['andino,george', 'smith,connor', 'lawrence,chris', 'edwards,justin', 'huffman,devin']","['buescher,hunter', 'jones,cody', 'mccullough,jacob', 'born,clay', 'carter,keshonn', 'stone,brody', 'tome,matt']",
400,1141,Sewanee,Oglethorpe,1,61-72,"27,45","30,31",17-7,11-13,10-3,6-7,02/19/16,8:00 PM,N/A,"Juhan Gymnasium, Sewanee, Tennessee",Win,2,False,872,False,01:30,,54,,64 ,"FOUL  by CARTER,KESHONN",,,"FOUL  by CARTER,KESHONN",2,foul,,sewanee,"carter,keshonn",,"['andino,george', 'smith,connor', 'lawrence,chris', 'edwards,justin', 'huffman,devin']","['buescher,hunter', 'jones,cody', 'mccullough,jacob', 'born,clay', 'carter,keshonn', 'stone,brody', 'tome,matt']",90
401,1141,Sewanee,Oglethorpe,1,61-72,"27,45","30,31",17-7,11-13,10-3,6-7,02/19/16,8:00 PM,N/A,"Juhan Gymnasium, Sewanee, Tennessee",Win,2,False,872,False,01:30,"GOOD FT by EDWARDS,JUSTIN",55,,64 ,,OUM 55-64 (+9),,"GOOD FT by EDWARDS,JUSTIN",2,free throw,good,oglethorpe,"edwards,justin",1,"['andino,george', 'smith,connor', 'lawrence,chris', 'edwards,justin', 'huffman,devin']","['buescher,hunter', 'jones,cody', 'mccullough,jacob', 'born,clay', 'carter,keshonn', 'stone,brody', 'tome,matt']",90
402,1141,Sewanee,Oglethorpe,1,61-72,"27,45","30,31",17-7,11-13,10-3,6-7,02/19/16,8:00 PM,N/A,"Juhan Gymnasium, Sewanee, Tennessee",Win,2,False,872,False,01:30,"MISS FT by EDWARDS,JUSTIN",55,,64 ,,,,"MISS FT by EDWARDS,JUSTIN",2,free throw,missed,oglethorpe,"edwards,justin",,"['andino,george', 'smith,connor', 'lawrence,chris', 'edwards,justin', 'huffman,devin']","['buescher,hunter', 'jones,cody', 'mccullough,jacob', 'born,clay', 'carter,keshonn', 'stone,brody', 'tome,matt']",90
403,1141,Sewanee,Oglethorpe,1,61-72,"27,45","30,31",17-7,11-13,10-3,6-7,02/19/16,8:00 PM,N/A,"Juhan Gymnasium, Sewanee, Tennessee",Win,2,False,872,False,--,,55,,64 ,"REBOUND DEF by CARTER,KESHONN",,,"REBOUND DEF by CARTER,KESHONN",2,defensive rebound,,sewanee,"carter,keshonn",,"['andino,george', 'smith,connor', 'lawrence,chris', 'edwards,justin', 'huffman,devin']","['buescher,hunter', 'jones,cody', 'mccullough,jacob', 'born,clay', 'carter,keshonn', 'stone,brody', 'tome,matt']",
404,1141,Sewanee,Oglethorpe,1,61-72,"27,45","30,31",17-7,11-13,10-3,6-7,02/19/16,8:00 PM,N/A,"Juhan Gymnasium, Sewanee, Tennessee",Win,2,False,872,False,01:27,"FOUL  by HUFFMAN,DEVIN",55,,64 ,,,,"FOUL  by HUFFMAN,DEVIN",2,foul,,oglethorpe,"huffman,devin",,"['andino,george', 'smith,connor', 'lawrence,chris', 'edwards,justin', 'huffman,devin']","['buescher,hunter', 'jones,cody', 'mccullough,jacob', 'born,clay', 'carter,keshonn', 'stone,brody', 'tome,matt']",87
405,1141,Sewanee,Oglethorpe,1,61-72,"27,45","30,31",17-7,11-13,10-3,6-7,02/19/16,8:00 PM,N/A,"Juhan Gymnasium, Sewanee, Tennessee",Win,2,False,872,False,01:27,,55,,65 ,"GOOD FT by CARTER,KESHONN",SEWM 55-65 (+10),,"GOOD FT by CARTER,KESHONN",2,free throw,good,sewanee,"carter,keshonn",1,"['andino,george', 'smith,connor', 'lawrence,chris', 'edwards,justin', 'huffman,devin']","['buescher,hunter', 'jones,cody', 'mccullough,jacob', 'born,clay', 'carter,keshonn', 'stone,brody', 'tome,matt']",87
406,1141,Sewanee,Oglethorpe,1,61-72,"27,45","30,31",17-7,11-13,10-3,6-7,02/19/16,8:00 PM,N/A,"Juhan Gymnasium, Sewanee, Tennessee",Win,2,False,872,False,01:27,,55,,66 ,"GOOD FT by CARTER,KESHONN",SEWM 55-66 (+11),,"GOOD FT by CARTER,KESHONN",2,free throw,good,sewanee,"carter,keshonn",1,"['andino,george', 'smith,connor', 'lawrence,chris', 'edwards,justin', 'huffman,devin']","['buescher,hunter', 'jones,cody', 'mccullough,jacob', 'born,clay', 'carter,keshonn', 'stone,brody', 'tome,matt']",87
407,1141,Sewanee,Oglethorpe,1,61-72,"27,45","30,31",17-7,11-13,10-3,6-7,02/19/16,8:00 PM,N/A,"Juhan Gymnasium, Sewanee, Tennessee",Win,2,False,872,False,01:27,"SUB IN by CUNNINGHAM,ALEX",55,,66 ,,,,"SUB IN by CUNNINGHAM,ALEX",2,subbing in,,oglethorpe,"cunningham,alex",,"['andino,george', 'smith,connor', 'lawrence,chris', 'edwards,justin', 'huffman,devin', 'cunningham,alex']","['buescher,hunter', 'jones,cody', 'mccullough,jacob', 'born,clay', 'carter,keshonn', 'stone,brody', 'tome,matt']",87
408,1141,Sewanee,Oglethorpe,1,61-72,"27,45","30,31",17-7,11-13,10-3,6-7,02/19/16,8:00 PM,N/A,"Juhan Gymnasium, Sewanee, Tennessee",Win,2,False,872,False,01:27,"SUB OUT by LAWRENCE,CHRIS",55,,66 ,,,,"SUB OUT by LAWRENCE,CHRIS",2,subbing out,,oglethorpe,"lawrence,chris",,"['andino,george', 'smith,connor', 'edwards,justin', 'huffman,devin', 'cunningham,alex']","['buescher,hunter', 'jones,cody', 'mccullough,jacob', 'born,clay', 'carter,keshonn', 'stone,brody', 'tome,matt']",87
409,1141,Sewanee,Oglethorpe,1,61-72,"27,45","30,31",17-7,11-13,10-3,6-7,02/19/16,8:00 PM,N/A,"Juhan Gymnasium, Sewanee, Tennessee",Win,2,False,872,False,01:19,"GOOD 3PTR by LAWRENCE,CHRIS",58,,66 ,,OUM 58-66 (+8),,"GOOD 3PTR by LAWRENCE,CHRIS",2,three pointer,good,oglethorpe,"lawrence,chris",3,"['andino,george', 'smith,connor', 'edwards,justin', 'huffman,devin', 'cunningham,alex']","['buescher,hunter', 'jones,cody', 'mccullough,jacob', 'born,clay', 'carter,keshonn', 'stone,brody', 'tome,matt']",79
410,1141,Sewanee,Oglethorpe,1,61-72,"27,45","30,31",17-7,11-13,10-3,6-7,02/19/16,8:00 PM,N/A,"Juhan Gymnasium, Sewanee, Tennessee",Win,2,False,872,False,01:14,,58,,66 ,"TURNOVER  by JONES,CODY",,,"TURNOVER  by JONES,CODY",2,turnover,,sewanee,"jones,cody",,"['andino,george', 'smith,connor', 'edwards,justin', 'huffman,devin', 'cunningham,alex']","['buescher,hunter', 'jones,cody', 'mccullough,jacob', 'born,clay', 'carter,keshonn', 'stone,brody', 'tome,matt']",74
411,1141,Sewanee,Oglethorpe,1,61-72,"27,45","30,31",17-7,11-13,10-3,6-7,02/19/16,8:00 PM,N/A,"Juhan Gymnasium, Sewanee, Tennessee",Win,2,False,872,False,01:08,"MISS JUMPER by ANDINO,GEORGE",58,,66 ,,,,"MISS JUMPER by ANDINO,GEORGE",2,jumper,missed,oglethorpe,"andino,george",,"['andino,george', 'smith,connor', 'edwards,justin', 'huffman,devin', 'cunningham,alex']","['buescher,hunter', 'jones,cody', 'mccullough,jacob', 'born,clay', 'carter,keshonn', 'stone,brody', 'tome,matt']",68
412,1141,Sewanee,Oglethorpe,1,61-72,"27,45","30,31",17-7,11-13,10-3,6-7,02/19/16,8:00 PM,N/A,"Juhan Gymnasium, Sewanee, Tennessee",Win,2,False,872,False,--,,58,,66 ,"REBOUND DEF by CARTER,KESHONN",,,"REBOUND DEF by CARTER,KESHONN",2,defensive rebound,,sewanee,"carter,keshonn",,"['andino,george', 'smith,connor', 'edwards,justin', 'huffman,devin', 'cunningham,alex']","['buescher,hunter', 'jones,cody', 'mccullough,jacob', 'born,clay', 'carter,keshonn', 'stone,brody', 'tome,matt']",
413,1141,Sewanee,Oglethorpe,1,61-72,"27,45","30,31",17-7,11-13,10-3,6-7,02/19/16,8:00 PM,N/A,"Juhan Gymnasium, Sewanee, Tennessee",Win,2,False,872,False,01:06,"FOUL  by ANDINO,GEORGE",58,,66 ,,,,"FOUL  by ANDINO,GEORGE",2,foul,,oglethorpe,"andino,george",,"['andino,george', 'smith,connor', 'edwards,justin', 'huffman,devin', 'cunningham,alex']","['buescher,hunter', 'jones,cody', 'mccullough,jacob', 'born,clay', 'carter,keshonn', 'stone,brody', 'tome,matt']",66
414,1141,Sewanee,Oglethorpe,1,61-72,"27,45","30,31",17-7,11-13,10-3,6-7,02/19/16,8:00 PM,N/A,"Juhan Gymnasium, Sewanee, Tennessee",Win,2,False,872,False,01:06,,58,,67 ,"GOOD FT by CARTER,KESHONN",SEWM 58-67 (+9),,"GOOD FT by CARTER,KESHONN",2,free throw,good,sewanee,"carter,keshonn",1,"['andino,george', 'smith,connor', 'edwards,justin', 'huffman,devin', 'cunningham,alex']","['buescher,hunter', 'jones,cody', 'mccullough,jacob', 'born,clay', 'carter,keshonn', 'stone,brody', 'tome,matt']",66
415,1141,Sewanee,Oglethorpe,1,61-72,"27,45","30,31",17-7,11-13,10-3,6-7,02/19/16,8:00 PM,N/A,"Juhan Gymnasium, Sewanee, Tennessee",Win,2,False,872,False,01:06,,58,,68 ,"GOOD FT by CARTER,KESHONN",SEWM 58-68 (+10),,"GOOD FT by CARTER,KESHONN",2,free throw,good,sewanee,"carter,keshonn",1,"['andino,george', 'smith,connor', 'edwards,justin', 'huffman,devin', 'cunningham,alex']","['buescher,hunter', 'jones,cody', 'mccullough,jacob', 'born,clay', 'carter,keshonn', 'stone,brody', 'tome,matt']",66
416,1141,Sewanee,Oglethorpe,1,61-72,"27,45","30,31",17-7,11-13,10-3,6-7,02/19/16,8:00 PM,N/A,"Juhan Gymnasium, Sewanee, Tennessee",Win,2,False,872,False,00:56,"TURNOVER  by EDWARDS,JUSTIN",58,,68 ,,,,"TURNOVER  by EDWARDS,JUSTIN",2,turnover,,oglethorpe,"edwards,justin",,"['andino,george', 'smith,connor', 'edwards,justin', 'huffman,devin', 'cunningham,alex']","['buescher,hunter', 'jones,cody', 'mccullough,jacob', 'born,clay', 'carter,keshonn', 'stone,brody', 'tome,matt']",56
417,1141,Sewanee,Oglethorpe,1,61-72,"27,45","30,31",17-7,11-13,10-3,6-7,02/19/16,8:00 PM,N/A,"Juhan Gymnasium, Sewanee, Tennessee",Win,2,False,872,False,00:55,,58,,68 ,"STEAL  by TOME,MATT",,,"STEAL  by TOME,MATT",2,steal,,sewanee,,,"['andino,george', 'smith,connor', 'edwards,justin', 'huffman,devin', 'cunningham,alex']","['buescher,hunter', 'jones,cody', 'mccullough,jacob', 'born,clay', 'carter,keshonn', 'stone,brody', 'tome,matt']",55
418,1141,Sewanee,Oglethorpe,1,61-72,"27,45","30,31",17-7,11-13,10-3,6-7,02/19/16,8:00 PM,N/A,"Juhan Gymnasium, Sewanee, Tennessee",Win,2,False,872,False,00:51,"FOUL  by SMITH,CONNOR",58,,68 ,,,,"FOUL  by SMITH,CONNOR",2,foul,,oglethorpe,"smith,connor",,"['andino,george', 'smith,connor', 'edwards,justin', 'huffman,devin', 'cunningham,alex']","['buescher,hunter', 'jones,cody', 'mccullough,jacob', 'born,clay', 'carter,keshonn', 'stone,brody', 'tome,matt']",51
419,1141,Sewanee,Oglethorpe,1,61-72,"27,45","30,31",17-7,11-13,10-3,6-7,02/19/16,8:00 PM,N/A,"Juhan Gymnasium, Sewanee, Tennessee",Win,2,False,872,False,00:51,,58,,69 ,"GOOD FT by MCCULLOUGH,JACOB",SEWM 58-69 (+11),,"GOOD FT by MCCULLOUGH,JACOB",2,free throw,good,sewanee,"mccullough,jacob",1,"['andino,george', 'smith,connor', 'edwards,justin', 'huffman,devin', 'cunningham,alex']","['buescher,hunter', 'jones,cody', 'mccullough,jacob', 'born,clay', 'carter,keshonn', 'stone,brody', 'tome,matt']",51
420,1141,Sewanee,Oglethorpe,1,61-72,"27,45","30,31",17-7,11-13,10-3,6-7,02/19/16,8:00 PM,N/A,"Juhan Gymnasium, Sewanee, Tennessee",Win,2,False,872,False,00:51,,58,,70 ,"GOOD FT by MCCULLOUGH,JACOB",SEWM 58-70 (+12),,"GOOD FT by MCCULLOUGH,JACOB",2,free throw,good,sewanee,"mccullough,jacob",1,"['andino,george', 'smith,connor', 'edwards,justin', 'huffman,devin', 'cunningham,alex']","['buescher,hunter', 'jones,cody', 'mccullough,jacob', 'born,clay', 'carter,keshonn', 'stone,brody', 'tome,matt']",51
421,1141,Sewanee,Oglethorpe,1,61-72,"27,45","30,31",17-7,11-13,10-3,6-7,02/19/16,8:00 PM,N/A,"Juhan Gymnasium, Sewanee, Tennessee",Win,2,False,872,False,00:51,"SUB IN by ROMAGUERA,COLE",58,,70 ,,,,"SUB IN by ROMAGUERA,COLE",2,subbing in,,oglethorpe,"romaguera,cole",,"['andino,george', 'smith,connor', 'edwards,justin', 'huffman,devin', 'cunningham,alex', 'romaguera,cole']","['buescher,hunter', 'jones,cody', 'mccullough,jacob', 'born,clay', 'carter,keshonn', 'stone,brody', 'tome,matt']",51
422,1141,Sewanee,Oglethorpe,1,61-72,"27,45","30,31",17-7,11-13,10-3,6-7,02/19/16,8:00 PM,N/A,"Juhan Gymnasium, Sewanee, Tennessee",Win,2,False,872,False,00:51,"SUB OUT by EDWARDS,JUSTIN",58,,70 ,,,,"SUB OUT by EDWARDS,JUSTIN",2,subbing out,,oglethorpe,"edwards,justin",,"['andino,george', 'smith,connor', 'huffman,devin', 'cunningham,alex', 'romaguera,cole']","['buescher,hunter', 'jones,cody', 'mccullough,jacob', 'born,clay', 'carter,keshonn', 'stone,brody', 'tome,matt']",51
423,1141,Sewanee,Oglethorpe,1,61-72,"27,45","30,31",17-7,11-13,10-3,6-7,02/19/16,8:00 PM,N/A,"Juhan Gymnasium, Sewanee, Tennessee",Win,2,False,872,False,00:51,,58,,70 ,"SUB IN by JOHNSON,DAVID",,,"SUB IN by JOHNSON,DAVID",2,subbing in,,sewanee,"johnson,david",,"['andino,george', 'smith,connor', 'huffman,devin', 'cunningham,alex', 'romaguera,cole']","['buescher,hunter', 'jones,cody', 'mccullough,jacob', 'born,clay', 'carter,keshonn', 'stone,brody', 'tome,matt', 'johnson,david']",51
424,1141,Sewanee,Oglethorpe,1,61-72,"27,45","30,31",17-7,11-13,10-3,6-7,02/19/16,8:00 PM,N/A,"Juhan Gymnasium, Sewanee, Tennessee",Win,2,False,872,False,00:51,,58,,70 ,"SUB IN by HOWELL,TAYLOR",,,"SUB IN by HOWELL,TAYLOR",2,subbing in,,sewanee,"howell,taylor",,"['andino,george', 'smith,connor', 'huffman,devin', 'cunningham,alex', 'romaguera,cole']","['buescher,hunter', 'jones,cody', 'mccullough,jacob', 'born,clay', 'carter,keshonn', 'stone,brody', 'tome,matt', 'johnson,david', 'howell,taylor']",51
425,1141,Sewanee,Oglethorpe,1,61-72,"27,45","30,31",17-7,11-13,10-3,6-7,02/19/16,8:00 PM,N/A,"Juhan Gymnasium, Sewanee, Tennessee",Win,2,False,872,False,00:51,,58,,70 ,"SUB IN by KUELLING,CHRIS",,,"SUB IN by KUELLING,CHRIS",2,subbing in,,sewanee,"kuelling,chris",,"['andino,george', 'smith,connor', 'huffman,devin', 'cunningham,alex', 'romaguera,cole']","['buescher,hunter', 'jones,cody', 'mccullough,jacob', 'born,clay', 'carter,keshonn', 'stone,brody', 'tome,matt', 'johnson,david', 'howell,taylor', 'kuelling,chris']",51
426,1141,Sewanee,Oglethorpe,1,61-72,"27,45","30,31",17-7,11-13,10-3,6-7,02/19/16,8:00 PM,N/A,"Juhan Gymnasium, Sewanee, Tennessee",Win,2,False,872,False,00:51,,58,,70 ,"SUB IN by CALDWELL,CAM",,,"SUB IN by CALDWELL,CAM",2,subbing in,,sewanee,"caldwell,cam",,"['andino,george', 'smith,connor', 'huffman,devin', 'cunningham,alex', 'romaguera,cole']","['buescher,hunter', 'jones,cody', 'mccullough,jacob', 'born,clay', 'carter,keshonn', 'stone,brody', 'tome,matt', 'johnson,david', 'howell,taylor', 'kuelling,chris', 'caldwell,cam']",51
427,1141,Sewanee,Oglethorpe,1,61-72,"27,45","30,31",17-7,11-13,10-3,6-7,02/19/16,8:00 PM,N/A,"Juhan Gymnasium, Sewanee, Tennessee",Win,2,False,872,False,00:51,,58,,70 ,"SUB IN by BUESCHER,HUNTER",,,"SUB IN by BUESCHER,HUNTER",2,subbing in,,sewanee,"buescher,hunter",,"['andino,george', 'smith,connor', 'huffman,devin', 'cunningham,alex', 'romaguera,cole']","['buescher,hunter', 'jones,cody', 'mccullough,jacob', 'born,clay', 'carter,keshonn', 'stone,brody', 'tome,matt', 'johnson,david', 'howell,taylor', 'kuelling,chris', 'caldwell,cam']",51
428,1141,Sewanee,Oglethorpe,1,61-72,"27,45","30,31",17-7,11-13,10-3,6-7,02/19/16,8:00 PM,N/A,"Juhan Gymnasium, Sewanee, Tennessee",Win,2,False,872,False,00:51,,58,,70 ,"SUB OUT by MCCULLOUGH,JACOB",,,"SUB OUT by MCCULLOUGH,JACOB",2,subbing out,,sewanee,"mccullough,jacob",,"['andino,george', 'smith,connor', 'huffman,devin', 'cunningham,alex', 'romaguera,cole']","['buescher,hunter', 'jones,cody', 'mccullough,jacob', 'born,clay', 'carter,keshonn', 'stone,brody', 'tome,matt', 'johnson,david', 'howell,taylor', 'kuelling,chris', 'caldwell,cam']",51
429,1141,Sewanee,Oglethorpe,1,61-72,"27,45","30,31",17-7,11-13,10-3,6-7,02/19/16,8:00 PM,N/A,"Juhan Gymnasium, Sewanee, Tennessee",Win,2,False,872,False,00:51,,58,,70 ,"SUB OUT by TOME,MATT",,,"SUB OUT by TOME,MATT",2,subbing out,,sewanee,"tome,matt",,"['andino,george', 'smith,connor', 'huffman,devin', 'cunningham,alex', 'romaguera,cole']","['buescher,hunter', 'jones,cody', 'mccullough,jacob', 'born,clay', 'carter,keshonn', 'stone,brody', 'johnson,david', 'howell,taylor', 'kuelling,chris', 'caldwell,cam']",51
430,1141,Sewanee,Oglethorpe,1,61-72,"27,45","30,31",17-7,11-13,10-3,6-7,02/19/16,8:00 PM,N/A,"Juhan Gymnasium, Sewanee, Tennessee",Win,2,False,872,False,00:51,,58,,70 ,"SUB OUT by CARTER,KESHONN",,,"SUB OUT by CARTER,KESHONN",2,subbing out,,sewanee,"carter,keshonn",,"['andino,george', 'smith,connor', 'huffman,devin', 'cunningham,alex', 'romaguera,cole']","['buescher,hunter', 'jones,cody', 'mccullough,jacob', 'born,clay', 'stone,brody', 'johnson,david', 'howell,taylor', 'kuelling,chris', 'caldwell,cam']",51
431,1141,Sewanee,Oglethorpe,1,61-72,"27,45","30,31",17-7,11-13,10-3,6-7,02/19/16,8:00 PM,N/A,"Juhan Gymnasium, Sewanee, Tennessee",Win,2,False,872,False,00:51,,58,,70 ,"SUB OUT by BORN,CLAY",,,"SUB OUT by BORN,CLAY",2,subbing out,,sewanee,"born,clay",,"['andino,george', 'smith,connor', 'huffman,devin', 'cunningham,alex', 'romaguera,cole']","['buescher,hunter', 'jones,cody', 'mccullough,jacob', 'stone,brody', 'johnson,david', 'howell,taylor', 'kuelling,chris', 'caldwell,cam']",51
432,1141,Sewanee,Oglethorpe,1,61-72,"27,45","30,31",17-7,11-13,10-3,6-7,02/19/16,8:00 PM,N/A,"Juhan Gymnasium, Sewanee, Tennessee",Win,2,False,872,False,00:51,,58,,70 ,"SUB OUT by JONES,CODY",,,"SUB OUT by JONES,CODY",2,subbing out,,sewanee,"jones,cody",,"['andino,george', 'smith,connor', 'huffman,devin', 'cunningham,alex', 'romaguera,cole']","['buescher,hunter', 'mccullough,jacob', 'stone,brody', 'johnson,david', 'howell,taylor', 'kuelling,chris', 'caldwell,cam']",51
433,1141,Sewanee,Oglethorpe,1,61-72,"27,45","30,31",17-7,11-13,10-3,6-7,02/19/16,8:00 PM,N/A,"Juhan Gymnasium, Sewanee, Tennessee",Win,2,False,872,False,00:47,"MISS 3PTR by ANDINO,GEORGE",58,,70 ,,,,"MISS 3PTR by ANDINO,GEORGE",2,three pointer,missed,oglethorpe,"andino,george",,"['andino,george', 'smith,connor', 'huffman,devin', 'cunningham,alex', 'romaguera,cole']","['buescher,hunter', 'mccullough,jacob', 'stone,brody', 'johnson,david', 'howell,taylor', 'kuelling,chris', 'caldwell,cam']",47
434,1141,Sewanee,Oglethorpe,1,61-72,"27,45","30,31",17-7,11-13,10-3,6-7,02/19/16,8:00 PM,N/A,"Juhan Gymnasium, Sewanee, Tennessee",Win,2,False,872,False,--,,58,,70 ,"REBOUND DEF by CALDWELL,CAM",,,"REBOUND DEF by CALDWELL,CAM",2,defensive rebound,,sewanee,"caldwell,cam",,"['andino,george', 'smith,connor', 'huffman,devin', 'cunningham,alex', 'romaguera,cole']","['buescher,hunter', 'mccullough,jacob', 'stone,brody', 'johnson,david', 'howell,taylor', 'kuelling,chris', 'caldwell,cam']",
435,1141,Sewanee,Oglethorpe,1,61-72,"27,45","30,31",17-7,11-13,10-3,6-7,02/19/16,8:00 PM,N/A,"Juhan Gymnasium, Sewanee, Tennessee",Win,2,False,872,False,00:39,"FOUL  by LAWRENCE,CHRIS",58,,70 ,,,,"FOUL  by LAWRENCE,CHRIS",2,foul,,oglethorpe,"lawrence,chris",,"['andino,george', 'smith,connor', 'huffman,devin', 'cunningham,alex', 'romaguera,cole']","['buescher,hunter', 'mccullough,jacob', 'stone,brody', 'johnson,david', 'howell,taylor', 'kuelling,chris', 'caldwell,cam']",39
436,1141,Sewanee,Oglethorpe,1,61-72,"27,45","30,31",17-7,11-13,10-3,6-7,02/19/16,8:00 PM,N/A,"Juhan Gymnasium, Sewanee, Tennessee",Win,2,False,872,False,00:39,,58,,70 ,"MISS FT by CALDWELL,CAM",,,"MISS FT by CALDWELL,CAM",2,free throw,missed,sewanee,"caldwell,cam",,"['andino,george', 'smith,connor', 'huffman,devin', 'cunningham,alex', 'romaguera,cole']","['buescher,hunter', 'mccullough,jacob', 'stone,brody', 'johnson,david', 'howell,taylor', 'kuelling,chris', 'caldwell,cam']",39
437,1141,Sewanee,Oglethorpe,1,61-72,"27,45","30,31",17-7,11-13,10-3,6-7,02/19/16,8:00 PM,N/A,"Juhan Gymnasium, Sewanee, Tennessee",Win,2,False,872,False,--,,58,,70 ,REBOUND DEADB by TEAM,,,REBOUND DEADB by TEAM,2,deadball rebound,,sewanee,,,"['andino,george', 'smith,connor', 'huffman,devin', 'cunningham,alex', 'romaguera,cole']","['buescher,hunter', 'mccullough,jacob', 'stone,brody', 'johnson,david', 'howell,taylor', 'kuelling,chris', 'caldwell,cam']",
438,1141,Sewanee,Oglethorpe,1,61-72,"27,45","30,31",17-7,11-13,10-3,6-7,02/19/16,8:00 PM,N/A,"Juhan Gymnasium, Sewanee, Tennessee",Win,2,False,872,False,00:39,,58,,70 ,"MISS FT by CALDWELL,CAM",,,"MISS FT by CALDWELL,CAM",2,free throw,missed,sewanee,"caldwell,cam",,"['andino,george', 'smith,connor', 'huffman,devin', 'cunningham,alex', 'romaguera,cole']","['buescher,hunter', 'mccullough,jacob', 'stone,brody', 'johnson,david', 'howell,taylor', 'kuelling,chris', 'caldwell,cam']",39
439,1141,Sewanee,Oglethorpe,1,61-72,"27,45","30,31",17-7,11-13,10-3,6-7,02/19/16,8:00 PM,N/A,"Juhan Gymnasium, Sewanee, Tennessee",Win,2,False,872,False,--,"REBOUND DEF by MCGRATH,JOSH",58,,70 ,,,,"REBOUND DEF by MCGRATH,JOSH",2,defensive rebound,,oglethorpe,"mcgrath,josh",,"['andino,george', 'smith,connor', 'huffman,devin', 'cunningham,alex', 'romaguera,cole']","['buescher,hunter', 'mccullough,jacob', 'stone,brody', 'johnson,david', 'howell,taylor', 'kuelling,chris', 'caldwell,cam']",
440,1141,Sewanee,Oglethorpe,1,61-72,"27,45","30,31",17-7,11-13,10-3,6-7,02/19/16,8:00 PM,N/A,"Juhan Gymnasium, Sewanee, Tennessee",Win,2,False,872,False,00:39,"SUB IN by MCGRATH,JOSH",58,,70 ,,,,"SUB IN by MCGRATH,JOSH",2,subbing in,,oglethorpe,"mcgrath,josh",,"['andino,george', 'smith,connor', 'huffman,devin', 'cunningham,alex', 'romaguera,cole', 'mcgrath,josh']","['buescher,hunter', 'mccullough,jacob', 'stone,brody', 'johnson,david', 'howell,taylor', 'kuelling,chris', 'caldwell,cam']",39
441,1141,Sewanee,Oglethorpe,1,61-72,"27,45","30,31",17-7,11-13,10-3,6-7,02/19/16,8:00 PM,N/A,"Juhan Gymnasium, Sewanee, Tennessee",Win,2,False,872,False,00:39,"SUB IN by BOURDAGE,TAYLOR",58,,70 ,,,,"SUB IN by BOURDAGE,TAYLOR",2,subbing in,,oglethorpe,"bourdage,taylor",,"['andino,george', 'smith,connor', 'huffman,devin', 'cunningham,alex', 'romaguera,cole', 'mcgrath,josh', 'bourdage,taylor']","['buescher,hunter', 'mccullough,jacob', 'stone,brody', 'johnson,david', 'howell,taylor', 'kuelling,chris', 'caldwell,cam']",39
442,1141,Sewanee,Oglethorpe,1,61-72,"27,45","30,31",17-7,11-13,10-3,6-7,02/19/16,8:00 PM,N/A,"Juhan Gymnasium, Sewanee, Tennessee",Win,2,False,872,False,00:39,"SUB IN by BRITVAR,STEFAN",58,,70 ,,,,"SUB IN by BRITVAR,STEFAN",2,subbing in,,oglethorpe,"britvar,stefan",,"['andino,george', 'smith,connor', 'huffman,devin', 'cunningham,alex', 'romaguera,cole', 'mcgrath,josh', 'bourdage,taylor', 'britvar,stefan']","['buescher,hunter', 'mccullough,jacob', 'stone,brody', 'johnson,david', 'howell,taylor', 'kuelling,chris', 'caldwell,cam']",39
443,1141,Sewanee,Oglethorpe,1,61-72,"27,45","30,31",17-7,11-13,10-3,6-7,02/19/16,8:00 PM,N/A,"Juhan Gymnasium, Sewanee, Tennessee",Win,2,False,872,False,00:39,"SUB OUT by SMITH,CONNOR",58,,70 ,,,,"SUB OUT by SMITH,CONNOR",2,subbing out,,oglethorpe,"smith,connor",,"['andino,george', 'huffman,devin', 'cunningham,alex', 'romaguera,cole', 'mcgrath,josh', 'bourdage,taylor', 'britvar,stefan']","['buescher,hunter', 'mccullough,jacob', 'stone,brody', 'johnson,david', 'howell,taylor', 'kuelling,chris', 'caldwell,cam']",39
444,1141,Sewanee,Oglethorpe,1,61-72,"27,45","30,31",17-7,11-13,10-3,6-7,02/19/16,8:00 PM,N/A,"Juhan Gymnasium, Sewanee, Tennessee",Win,2,False,872,False,00:39,"SUB OUT by ANDINO,GEORGE",58,,70 ,,,,"SUB OUT by ANDINO,GEORGE",2,subbing out,,oglethorpe,"andino,george",,"['huffman,devin', 'cunningham,alex', 'romaguera,cole', 'mcgrath,josh', 'bourdage,taylor', 'britvar,stefan']","['buescher,hunter', 'mccullough,jacob', 'stone,brody', 'johnson,david', 'howell,taylor', 'kuelling,chris', 'caldwell,cam']",39
445,1141,Sewanee,Oglethorpe,1,61-72,"27,45","30,31",17-7,11-13,10-3,6-7,02/19/16,8:00 PM,N/A,"Juhan Gymnasium, Sewanee, Tennessee",Win,2,False,872,False,00:39,"SUB OUT by CUNNINGHAM,ALEX",58,,70 ,,,,"SUB OUT by CUNNINGHAM,ALEX",2,subbing out,,oglethorpe,"cunningham,alex",,"['huffman,devin', 'romaguera,cole', 'mcgrath,josh', 'bourdage,taylor', 'britvar,stefan']","['buescher,hunter', 'mccullough,jacob', 'stone,brody', 'johnson,david', 'howell,taylor', 'kuelling,chris', 'caldwell,cam']",39
446,1141,Sewanee,Oglethorpe,1,61-72,"27,45","30,31",17-7,11-13,10-3,6-7,02/19/16,8:00 PM,N/A,"Juhan Gymnasium, Sewanee, Tennessee",Win,2,False,872,False,00:39,,58,,70 ,"SUB IN by BRADEN,WILL",,,"SUB IN by BRADEN,WILL",2,subbing in,,sewanee,"braden,will",,"['huffman,devin', 'romaguera,cole', 'mcgrath,josh', 'bourdage,taylor', 'britvar,stefan']","['buescher,hunter', 'mccullough,jacob', 'stone,brody', 'johnson,david', 'howell,taylor', 'kuelling,chris', 'caldwell,cam', 'braden,will']",39
447,1141,Sewanee,Oglethorpe,1,61-72,"27,45","30,31",17-7,11-13,10-3,6-7,02/19/16,8:00 PM,N/A,"Juhan Gymnasium, Sewanee, Tennessee",Win,2,False,872,False,00:39,,58,,70 ,"SUB OUT by BUESCHER,HUNTER",,,"SUB OUT by BUESCHER,HUNTER",2,subbing out,,sewanee,"buescher,hunter",,"['huffman,devin', 'romaguera,cole', 'mcgrath,josh', 'bourdage,taylor', 'britvar,stefan']","['mccullough,jacob', 'stone,brody', 'johnson,david', 'howell,taylor', 'kuelling,chris', 'caldwell,cam', 'braden,will']",39
448,1141,Sewanee,Oglethorpe,1,61-72,"27,45","30,31",17-7,11-13,10-3,6-7,02/19/16,8:00 PM,N/A,"Juhan Gymnasium, Sewanee, Tennessee",Win,2,False,872,False,00:37,"GOOD 3PTR by BOURDAGE,TAYLOR",61,,70 ,,OUM 61-70 (+9),,"GOOD 3PTR by BOURDAGE,TAYLOR",2,three pointer,good,oglethorpe,"bourdage,taylor",3,"['huffman,devin', 'romaguera,cole', 'mcgrath,josh', 'bourdage,taylor', 'britvar,stefan']","['mccullough,jacob', 'stone,brody', 'johnson,david', 'howell,taylor', 'kuelling,chris', 'caldwell,cam', 'braden,will']",37
449,1141,Sewanee,Oglethorpe,1,61-72,"27,45","30,31",17-7,11-13,10-3,6-7,02/19/16,8:00 PM,N/A,"Juhan Gymnasium, Sewanee, Tennessee",Win,2,False,872,False,00:20,,61,,72 ,"GOOD DUNK by CALDWELL,CAM(in the paint)",SEWM 61-72 (+11),,"GOOD DUNK by CALDWELL,CAM(in the paint)",2,dunk,good,sewanee,,2,"['huffman,devin', 'romaguera,cole', 'mcgrath,josh', 'bourdage,taylor', 'britvar,stefan']","['mccullough,jacob', 'stone,brody', 'johnson,david', 'howell,taylor', 'kuelling,chris', 'caldwell,cam', 'braden,will']",20
450,1141,Sewanee,Oglethorpe,1,61-72,"27,45","30,31",17-7,11-13,10-3,6-7,02/19/16,8:00 PM,N/A,"Juhan Gymnasium, Sewanee, Tennessee",Win,2,False,872,False,00:00,"MISS 3PTR by BOURDAGE,TAYLOR",61,,72 ,,,,"MISS 3PTR by BOURDAGE,TAYLOR",2,three pointer,missed,oglethorpe,"bourdage,taylor",,"['huffman,devin', 'romaguera,cole', 'mcgrath,josh', 'bourdage,taylor', 'britvar,stefan']","['mccullough,jacob', 'stone,brody', 'johnson,david', 'howell,taylor', 'kuelling,chris', 'caldwell,cam', 'braden,will']",0
451,1141,Sewanee,Oglethorpe,1,61-72,"27,45","30,31",17-7,11-13,10-3,6-7,02/19/16,8:00 PM,N/A,"Juhan Gymnasium, Sewanee, Tennessee",Win,2,False,872,False,--,,61,,72 ,"REBOUND DEF by CALDWELL,CAM",,,"REBOUND DEF by CALDWELL,CAM",2,defensive rebound,,sewanee,"caldwell,cam",,"['huffman,devin', 'romaguera,cole', 'mcgrath,josh', 'bourdage,taylor', 'britvar,stefan']","['mccullough,jacob', 'stone,brody', 'johnson,david', 'howell,taylor', 'kuelling,chris', 'caldwell,cam', 'braden,will']",
