,Unnamed: 0,gameID,homeTeam,awayTeam,saaGame,finalScore,homeScoreByPeriod,awayScoreByPeriod,homeRecord,awayRecord,homeConfRecord,awayConfRecord,gameDate,startTime,gameLength,gameLocation,homeWin,numPeriods,isOvertime,attendance,isNeutral,timeRemaining,awayPlay,awayTeamScore,playTeamIndicator,homeTeamScore,homePlay,gameScore,teamIndicator,Play,Period,playType,shotOutcome,Team,Player,pointsEarned,awayLineup,homeLineup,timeSeconds,Poss,possNum,pppHome,pppAway
0,0,1017,Sewanee,OUM,1,60-61,"19,42","35,25",5-3,4-6,1-2,0-2,12/16/11,8:00 p.m.,,"Juhan Gymnasium (Sewanee, Tenn.)",Win,2,False,,False,19:43,"MISS 3PTR by PURDY,SAM",,,,,,,"MISS 3PTR by PURDY,SAM",1,three pointer,missed,oum,"purdy,sam",,"['steioff,andrew', 'pitts,alec', 'molinet,christian', 'davis,alex', 'purdy,sam']","['bryant,valentino', 'brown,tyler', 'nelson,anvil', 'affronti,lewis', 'williams,trent']",1183.0,oum,1,0,0.0
1,1,1017,Sewanee,OUM,1,60-61,"19,42","35,25",5-3,4-6,1-2,0-2,12/16/11,8:00 p.m.,,"Juhan Gymnasium (Sewanee, Tenn.)",Win,2,False,,False,--,"REBOUND OFF by DAVIS,ALEX",,,,,,,"REBOUND OFF by DAVIS,ALEX",1,offensive rebound,,oum,"davis,alex",,"['steioff,andrew', 'pitts,alec', 'molinet,christian', 'davis,alex', 'purdy,sam']","['bryant,valentino', 'brown,tyler', 'nelson,anvil', 'affronti,lewis', 'williams,trent']",,oum,1,0,0.0
2,2,1017,Sewanee,OUM,1,60-61,"19,42","35,25",5-3,4-6,1-2,0-2,12/16/11,8:00 p.m.,,"Juhan Gymnasium (Sewanee, Tenn.)",Win,2,False,,False,19:34,"MISS JUMPER by DAVIS,ALEX",,,,,,,"MISS JUMPER by DAVIS,ALEX",1,jumper,missed,oum,"davis,alex",,"['steioff,andrew', 'pitts,alec', 'molinet,christian', 'davis,alex', 'purdy,sam']","['bryant,valentino', 'brown,tyler', 'nelson,anvil', 'affronti,lewis', 'williams,trent']",1174.0,oum,1,0,0.0
3,3,1017,Sewanee,OUM,1,60-61,"19,42","35,25",5-3,4-6,1-2,0-2,12/16/11,8:00 p.m.,,"Juhan Gymnasium (Sewanee, Tenn.)",Win,2,False,,False,--,,,,,"REBOUND DEF by BROWN,TYLER",,,"REBOUND DEF by BROWN,TYLER",1,defensive rebound,,sewanee,"brown,tyler",,"['steioff,andrew', 'pitts,alec', 'molinet,christian', 'davis,alex', 'purdy,sam']","['bryant,valentino', 'brown,tyler', 'nelson,anvil', 'affronti,lewis', 'williams,trent']",,oum,1,0,0.0
4,4,1017,Sewanee,OUM,1,60-61,"19,42","35,25",5-3,4-6,1-2,0-2,12/16/11,8:00 p.m.,,"Juhan Gymnasium (Sewanee, Tenn.)",Win,2,False,,False,19:24,,,,,"MISS 3PTR by BRYANT,VALENTINO",,,"MISS 3PTR by BRYANT,VALENTINO",1,three pointer,missed,sewanee,"bryant,valentino",,"['steioff,andrew', 'pitts,alec', 'molinet,christian', 'davis,alex', 'purdy,sam']","['bryant,valentino', 'brown,tyler', 'nelson,anvil', 'affronti,lewis', 'williams,trent']",1164.0,sewanee,2,0,0.0
5,5,1017,Sewanee,OUM,1,60-61,"19,42","35,25",5-3,4-6,1-2,0-2,12/16/11,8:00 p.m.,,"Juhan Gymnasium (Sewanee, Tenn.)",Win,2,False,,False,--,"REBOUND DEF by DAVIS,ALEX",,,,,,,"REBOUND DEF by DAVIS,ALEX",1,defensive rebound,,oum,"davis,alex",,"['steioff,andrew', 'pitts,alec', 'molinet,christian', 'davis,alex', 'purdy,sam']","['bryant,valentino', 'brown,tyler', 'nelson,anvil', 'affronti,lewis', 'williams,trent']",,sewanee,2,0,0.0
6,6,1017,Sewanee,OUM,1,60-61,"19,42","35,25",5-3,4-6,1-2,0-2,12/16/11,8:00 p.m.,,"Juhan Gymnasium (Sewanee, Tenn.)",Win,2,False,,False,18:51,"MISS JUMPER by MOLINET,CHRISTIAN",,,,,,,"MISS JUMPER by MOLINET,CHRISTIAN",1,jumper,missed,oum,"molinet,christian",,"['steioff,andrew', 'pitts,alec', 'molinet,christian', 'davis,alex', 'purdy,sam']","['bryant,valentino', 'brown,tyler', 'nelson,anvil', 'affronti,lewis', 'williams,trent']",1131.0,oum,3,0,0.0
7,7,1017,Sewanee,OUM,1,60-61,"19,42","35,25",5-3,4-6,1-2,0-2,12/16/11,8:00 p.m.,,"Juhan Gymnasium (Sewanee, Tenn.)",Win,2,False,,False,--,,,,,REBOUND DEF by TEAM,,,REBOUND DEF by TEAM,1,defensive rebound,,sewanee,,,"['steioff,andrew', 'pitts,alec', 'molinet,christian', 'davis,alex', 'purdy,sam']","['bryant,valentino', 'brown,tyler', 'nelson,anvil', 'affronti,lewis', 'williams,trent']",,sewanee,4,0,0.0
8,8,1017,Sewanee,OUM,1,60-61,"19,42","35,25",5-3,4-6,1-2,0-2,12/16/11,8:00 p.m.,,"Juhan Gymnasium (Sewanee, Tenn.)",Win,2,False,,False,18:28,,,,,"MISS JUMPER by NELSON,ANVIL",,,"MISS JUMPER by NELSON,ANVIL",1,jumper,missed,sewanee,"nelson,anvil",,"['steioff,andrew', 'pitts,alec', 'molinet,christian', 'davis,alex', 'purdy,sam']","['bryant,valentino', 'brown,tyler', 'nelson,anvil', 'affronti,lewis', 'williams,trent']",1108.0,sewanee,4,0,0.0
9,9,1017,Sewanee,OUM,1,60-61,"19,42","35,25",5-3,4-6,1-2,0-2,12/16/11,8:00 p.m.,,"Juhan Gymnasium (Sewanee, Tenn.)",Win,2,False,,False,--,"REBOUND DEF by PITTS,ALEC",,,,,,,"REBOUND DEF by PITTS,ALEC",1,defensive rebound,,oum,"pitts,alec",,"['steioff,andrew', 'pitts,alec', 'molinet,christian', 'davis,alex', 'purdy,sam']","['bryant,valentino', 'brown,tyler', 'nelson,anvil', 'affronti,lewis', 'williams,trent']",,sewanee,4,0,0.0
10,10,1017,Sewanee,OUM,1,60-61,"19,42","35,25",5-3,4-6,1-2,0-2,12/16/11,8:00 p.m.,,"Juhan Gymnasium (Sewanee, Tenn.)",Win,2,False,,False,18:13,"GOOD LAYUP by STEIOFF,ANDREW(in the paint)",2.0,,0.0,,OUM 2-0 (-2),,"GOOD LAYUP by STEIOFF,ANDREW(in the paint)",1,layup,good,oum,"steioff,andrew",2.0,"['steioff,andrew', 'pitts,alec', 'molinet,christian', 'davis,alex', 'purdy,sam']","['bryant,valentino', 'brown,tyler', 'nelson,anvil', 'affronti,lewis', 'williams,trent']",1093.0,oum,5,0,0.0
11,11,1017,Sewanee,OUM,1,60-61,"19,42","35,25",5-3,4-6,1-2,0-2,12/16/11,8:00 p.m.,,"Juhan Gymnasium (Sewanee, Tenn.)",Win,2,False,,False,18:04,"FOUL  by PITTS,ALEC",2.0,,0.0,,,,"FOUL  by PITTS,ALEC",1,foul,,oum,"pitts,alec",,"['steioff,andrew', 'pitts,alec', 'molinet,christian', 'davis,alex', 'purdy,sam']","['bryant,valentino', 'brown,tyler', 'nelson,anvil', 'affronti,lewis', 'williams,trent']",1084.0,oum,5,0,0.0
12,12,1017,Sewanee,OUM,1,60-61,"19,42","35,25",5-3,4-6,1-2,0-2,12/16/11,8:00 p.m.,,"Juhan Gymnasium (Sewanee, Tenn.)",Win,2,False,,False,17:48,,2.0,,2.0,"GOOD LAYUP by NELSON,ANVIL(in the paint)",SEW 2-2 (0),,"GOOD LAYUP by NELSON,ANVIL(in the paint)",1,layup,good,sewanee,"nelson,anvil",2.0,"['steioff,andrew', 'pitts,alec', 'molinet,christian', 'davis,alex', 'purdy,sam']","['bryant,valentino', 'brown,tyler', 'nelson,anvil', 'affronti,lewis', 'williams,trent']",1068.0,oum,5,0,0.0
13,13,1017,Sewanee,OUM,1,60-61,"19,42","35,25",5-3,4-6,1-2,0-2,12/16/11,8:00 p.m.,,"Juhan Gymnasium (Sewanee, Tenn.)",Win,2,False,,False,--,,2.0,,2.0,"ASSIST  by BRYANT,VALENTINO",,,"ASSIST  by BRYANT,VALENTINO",1,assist,,sewanee,"bryant,valentino",,"['steioff,andrew', 'pitts,alec', 'molinet,christian', 'davis,alex', 'purdy,sam']","['bryant,valentino', 'brown,tyler', 'nelson,anvil', 'affronti,lewis', 'williams,trent']",,oum,5,0,0.0
14,14,1017,Sewanee,OUM,1,60-61,"19,42","35,25",5-3,4-6,1-2,0-2,12/16/11,8:00 p.m.,,"Juhan Gymnasium (Sewanee, Tenn.)",Win,2,False,,False,17:26,"GOOD LAYUP by DAVIS,ALEX(in the paint)",4.0,,2.0,,OUM 4-2 (-2),,"GOOD LAYUP by DAVIS,ALEX(in the paint)",1,layup,good,oum,"davis,alex",2.0,"['steioff,andrew', 'pitts,alec', 'molinet,christian', 'davis,alex', 'purdy,sam']","['bryant,valentino', 'brown,tyler', 'nelson,anvil', 'affronti,lewis', 'williams,trent']",1046.0,oum,5,0,0.0
15,15,1017,Sewanee,OUM,1,60-61,"19,42","35,25",5-3,4-6,1-2,0-2,12/16/11,8:00 p.m.,,"Juhan Gymnasium (Sewanee, Tenn.)",Win,2,False,,False,17:00,"FOUL  by PURDY,SAM",4.0,,2.0,,,,"FOUL  by PURDY,SAM",1,foul,,oum,"purdy,sam",,"['steioff,andrew', 'pitts,alec', 'molinet,christian', 'davis,alex', 'purdy,sam']","['bryant,valentino', 'brown,tyler', 'nelson,anvil', 'affronti,lewis', 'williams,trent']",1020.0,oum,5,0,0.0
16,16,1017,Sewanee,OUM,1,60-61,"19,42","35,25",5-3,4-6,1-2,0-2,12/16/11,8:00 p.m.,,"Juhan Gymnasium (Sewanee, Tenn.)",Win,2,False,,False,17:00,,4.0,,3.0,"GOOD FT by BROWN,TYLER",SEW 4-3 (-1),,"GOOD FT by BROWN,TYLER",1,free throw,good,sewanee,"brown,tyler",1.0,"['steioff,andrew', 'pitts,alec', 'molinet,christian', 'davis,alex', 'purdy,sam']","['bryant,valentino', 'brown,tyler', 'nelson,anvil', 'affronti,lewis', 'williams,trent']",1020.0,oum,5,0,0.0
17,17,1017,Sewanee,OUM,1,60-61,"19,42","35,25",5-3,4-6,1-2,0-2,12/16/11,8:00 p.m.,,"Juhan Gymnasium (Sewanee, Tenn.)",Win,2,False,,False,17:00,,4.0,,3.0,"MISS FT by BROWN,TYLER",,,"MISS FT by BROWN,TYLER",1,free throw,missed,sewanee,"brown,tyler",,"['steioff,andrew', 'pitts,alec', 'molinet,christian', 'davis,alex', 'purdy,sam']","['bryant,valentino', 'brown,tyler', 'nelson,anvil', 'affronti,lewis', 'williams,trent']",1020.0,oum,5,0,0.0
18,18,1017,Sewanee,OUM,1,60-61,"19,42","35,25",5-3,4-6,1-2,0-2,12/16/11,8:00 p.m.,,"Juhan Gymnasium (Sewanee, Tenn.)",Win,2,False,,False,--,"REBOUND DEF by PITTS,ALEC",4.0,,3.0,,,,"REBOUND DEF by PITTS,ALEC",1,defensive rebound,,oum,"pitts,alec",,"['steioff,andrew', 'pitts,alec', 'molinet,christian', 'davis,alex', 'purdy,sam']","['bryant,valentino', 'brown,tyler', 'nelson,anvil', 'affronti,lewis', 'williams,trent']",,oum,5,0,0.0
19,19,1017,Sewanee,OUM,1,60-61,"19,42","35,25",5-3,4-6,1-2,0-2,12/16/11,8:00 p.m.,,"Juhan Gymnasium (Sewanee, Tenn.)",Win,2,False,,False,16:45,"GOOD LAYUP by STEIOFF,ANDREW(in the paint)",6.0,,3.0,,OUM 6-3 (-3),,"GOOD LAYUP by STEIOFF,ANDREW(in the paint)",1,layup,good,oum,"steioff,andrew",2.0,"['steioff,andrew', 'pitts,alec', 'molinet,christian', 'davis,alex', 'purdy,sam']","['bryant,valentino', 'brown,tyler', 'nelson,anvil', 'affronti,lewis', 'williams,trent']",1005.0,oum,5,0,0.0
20,20,1017,Sewanee,OUM,1,60-61,"19,42","35,25",5-3,4-6,1-2,0-2,12/16/11,8:00 p.m.,,"Juhan Gymnasium (Sewanee, Tenn.)",Win,2,False,,False,--,"ASSIST  by PITTS,ALEC",6.0,,3.0,,,,"ASSIST  by PITTS,ALEC",1,assist,,oum,"pitts,alec",,"['steioff,andrew', 'pitts,alec', 'molinet,christian', 'davis,alex', 'purdy,sam']","['bryant,valentino', 'brown,tyler', 'nelson,anvil', 'affronti,lewis', 'williams,trent']",,oum,5,0,0.0
21,21,1017,Sewanee,OUM,1,60-61,"19,42","35,25",5-3,4-6,1-2,0-2,12/16/11,8:00 p.m.,,"Juhan Gymnasium (Sewanee, Tenn.)",Win,2,False,,False,16:17,,6.0,,5.0,"GOOD JUMPER by NELSON,ANVIL(in the paint)",SEW 6-5 (-1),,"GOOD JUMPER by NELSON,ANVIL(in the paint)",1,jumper,good,sewanee,"nelson,anvil",2.0,"['steioff,andrew', 'pitts,alec', 'molinet,christian', 'davis,alex', 'purdy,sam']","['bryant,valentino', 'brown,tyler', 'nelson,anvil', 'affronti,lewis', 'williams,trent']",977.0,oum,5,0,0.0
22,22,1017,Sewanee,OUM,1,60-61,"19,42","35,25",5-3,4-6,1-2,0-2,12/16/11,8:00 p.m.,,"Juhan Gymnasium (Sewanee, Tenn.)",Win,2,False,,False,15:55,"MISS JUMPER by PITTS,ALEC",6.0,,5.0,,,,"MISS JUMPER by PITTS,ALEC",1,jumper,missed,oum,"pitts,alec",,"['steioff,andrew', 'pitts,alec', 'molinet,christian', 'davis,alex', 'purdy,sam']","['bryant,valentino', 'brown,tyler', 'nelson,anvil', 'affronti,lewis', 'williams,trent']",955.0,oum,5,0,0.0
23,23,1017,Sewanee,OUM,1,60-61,"19,42","35,25",5-3,4-6,1-2,0-2,12/16/11,8:00 p.m.,,"Juhan Gymnasium (Sewanee, Tenn.)",Win,2,False,,False,--,,6.0,,5.0,"REBOUND DEF by BROWN,TYLER",,,"REBOUND DEF by BROWN,TYLER",1,defensive rebound,,sewanee,"brown,tyler",,"['steioff,andrew', 'pitts,alec', 'molinet,christian', 'davis,alex', 'purdy,sam']","['bryant,valentino', 'brown,tyler', 'nelson,anvil', 'affronti,lewis', 'williams,trent']",,oum,5,0,0.0
24,24,1017,Sewanee,OUM,1,60-61,"19,42","35,25",5-3,4-6,1-2,0-2,12/16/11,8:00 p.m.,,"Juhan Gymnasium (Sewanee, Tenn.)",Win,2,False,,False,15:48,,6.0,,5.0,"TURNOVER  by NELSON,ANVIL",,,"TURNOVER  by NELSON,ANVIL",1,turnover,,sewanee,"nelson,anvil",,"['steioff,andrew', 'pitts,alec', 'molinet,christian', 'davis,alex', 'purdy,sam']","['bryant,valentino', 'brown,tyler', 'nelson,anvil', 'affronti,lewis', 'williams,trent']",948.0,sewanee,6,0,0.0
25,25,1017,Sewanee,OUM,1,60-61,"19,42","35,25",5-3,4-6,1-2,0-2,12/16/11,8:00 p.m.,,"Juhan Gymnasium (Sewanee, Tenn.)",Win,2,False,,False,15:23,"GOOD DUNK by STEIOFF,ANDREW(in the paint)",8.0,,5.0,,OUM 8-5 (-3),,"GOOD DUNK by STEIOFF,ANDREW(in the paint)",1,dunk,good,oum,,2.0,"['steioff,andrew', 'pitts,alec', 'molinet,christian', 'davis,alex', 'purdy,sam']","['bryant,valentino', 'brown,tyler', 'nelson,anvil', 'affronti,lewis', 'williams,trent']",923.0,oum,7,0,0.0
26,26,1017,Sewanee,OUM,1,60-61,"19,42","35,25",5-3,4-6,1-2,0-2,12/16/11,8:00 p.m.,,"Juhan Gymnasium (Sewanee, Tenn.)",Win,2,False,,False,--,"ASSIST  by CERONE,TYLER",8.0,,5.0,,,,"ASSIST  by CERONE,TYLER",1,assist,,oum,"cerone,tyler",,"['steioff,andrew', 'pitts,alec', 'molinet,christian', 'davis,alex', 'purdy,sam']","['bryant,valentino', 'brown,tyler', 'nelson,anvil', 'affronti,lewis', 'williams,trent']",,oum,7,0,0.0
27,27,1017,Sewanee,OUM,1,60-61,"19,42","35,25",5-3,4-6,1-2,0-2,12/16/11,8:00 p.m.,,"Juhan Gymnasium (Sewanee, Tenn.)",Win,2,False,,False,15:09,,8.0,,7.0,"GOOD LAYUP by BROWN,TYLER(in the paint)",SEW 8-7 (-1),,"GOOD LAYUP by BROWN,TYLER(in the paint)",1,layup,good,sewanee,"brown,tyler",2.0,"['steioff,andrew', 'pitts,alec', 'molinet,christian', 'davis,alex', 'purdy,sam']","['bryant,valentino', 'brown,tyler', 'nelson,anvil', 'affronti,lewis', 'williams,trent']",909.0,sewanee,8,0,0.0
28,28,1017,Sewanee,OUM,1,60-61,"19,42","35,25",5-3,4-6,1-2,0-2,12/16/11,8:00 p.m.,,"Juhan Gymnasium (Sewanee, Tenn.)",Win,2,False,,False,14:50,"GOOD 3PTR by CERONE,TYLER",11.0,,7.0,,OUM 11-7 (-4),,"GOOD 3PTR by CERONE,TYLER",1,three pointer,good,oum,"cerone,tyler",3.0,"['steioff,andrew', 'pitts,alec', 'molinet,christian', 'davis,alex', 'purdy,sam']","['bryant,valentino', 'brown,tyler', 'nelson,anvil', 'affronti,lewis', 'williams,trent']",890.0,sewanee,8,0,0.0
29,29,1017,Sewanee,OUM,1,60-61,"19,42","35,25",5-3,4-6,1-2,0-2,12/16/11,8:00 p.m.,,"Juhan Gymnasium (Sewanee, Tenn.)",Win,2,False,,False,--,"ASSIST  by STEIOFF,ANDREW",11.0,,7.0,,,,"ASSIST  by STEIOFF,ANDREW",1,assist,,oum,"steioff,andrew",,"['steioff,andrew', 'pitts,alec', 'molinet,christian', 'davis,alex', 'purdy,sam']","['bryant,valentino', 'brown,tyler', 'nelson,anvil', 'affronti,lewis', 'williams,trent']",,sewanee,8,0,0.0
30,30,1017,Sewanee,OUM,1,60-61,"19,42","35,25",5-3,4-6,1-2,0-2,12/16/11,8:00 p.m.,,"Juhan Gymnasium (Sewanee, Tenn.)",Win,2,False,,False,14:22,,11.0,,7.0,"MISS 3PTR by WILLIAMS,TRENT",,,"MISS 3PTR by WILLIAMS,TRENT",1,three pointer,missed,sewanee,"williams,trent",,"['steioff,andrew', 'pitts,alec', 'molinet,christian', 'davis,alex', 'purdy,sam']","['bryant,valentino', 'brown,tyler', 'nelson,anvil', 'affronti,lewis', 'williams,trent']",862.0,sewanee,8,0,0.0
31,31,1017,Sewanee,OUM,1,60-61,"19,42","35,25",5-3,4-6,1-2,0-2,12/16/11,8:00 p.m.,,"Juhan Gymnasium (Sewanee, Tenn.)",Win,2,False,,False,--,"REBOUND DEF by JOVAAG,BRANDEN",11.0,,7.0,,,,"REBOUND DEF by JOVAAG,BRANDEN",1,defensive rebound,,oum,"jovaag,branden",,"['steioff,andrew', 'pitts,alec', 'molinet,christian', 'davis,alex', 'purdy,sam']","['bryant,valentino', 'brown,tyler', 'nelson,anvil', 'affronti,lewis', 'williams,trent']",,sewanee,8,0,0.0
32,32,1017,Sewanee,OUM,1,60-61,"19,42","35,25",5-3,4-6,1-2,0-2,12/16/11,8:00 p.m.,,"Juhan Gymnasium (Sewanee, Tenn.)",Win,2,False,,False,14:09,"GOOD LAYUP by STEIOFF,ANDREW(in the paint)",13.0,,7.0,,OUM 13-7 (-6),,"GOOD LAYUP by STEIOFF,ANDREW(in the paint)",1,layup,good,oum,"steioff,andrew",2.0,"['steioff,andrew', 'pitts,alec', 'molinet,christian', 'davis,alex', 'purdy,sam']","['bryant,valentino', 'brown,tyler', 'nelson,anvil', 'affronti,lewis', 'williams,trent']",849.0,oum,9,0,0.0
33,33,1017,Sewanee,OUM,1,60-61,"19,42","35,25",5-3,4-6,1-2,0-2,12/16/11,8:00 p.m.,,"Juhan Gymnasium (Sewanee, Tenn.)",Win,2,False,,False,--,"ASSIST  by CERONE,TYLER",13.0,,7.0,,,,"ASSIST  by CERONE,TYLER",1,assist,,oum,"cerone,tyler",,"['steioff,andrew', 'pitts,alec', 'molinet,christian', 'davis,alex', 'purdy,sam']","['bryant,valentino', 'brown,tyler', 'nelson,anvil', 'affronti,lewis', 'williams,trent']",,oum,9,0,0.0
34,34,1017,Sewanee,OUM,1,60-61,"19,42","35,25",5-3,4-6,1-2,0-2,12/16/11,8:00 p.m.,,"Juhan Gymnasium (Sewanee, Tenn.)",Win,2,False,,False,13:41,,13.0,,7.0,"MISS 3PTR by AFFRONTI,LEWIS",,,"MISS 3PTR by AFFRONTI,LEWIS",1,three pointer,missed,sewanee,"affronti,lewis",,"['steioff,andrew', 'pitts,alec', 'molinet,christian', 'davis,alex', 'purdy,sam']","['bryant,valentino', 'brown,tyler', 'nelson,anvil', 'affronti,lewis', 'williams,trent']",821.0,oum,9,0,0.0
35,35,1017,Sewanee,OUM,1,60-61,"19,42","35,25",5-3,4-6,1-2,0-2,12/16/11,8:00 p.m.,,"Juhan Gymnasium (Sewanee, Tenn.)",Win,2,False,,False,--,"REBOUND DEF by PURDY,SAM",13.0,,7.0,,,,"REBOUND DEF by PURDY,SAM",1,defensive rebound,,oum,"purdy,sam",,"['steioff,andrew', 'pitts,alec', 'molinet,christian', 'davis,alex', 'purdy,sam']","['bryant,valentino', 'brown,tyler', 'nelson,anvil', 'affronti,lewis', 'williams,trent']",,oum,9,0,0.0
36,36,1017,Sewanee,OUM,1,60-61,"19,42","35,25",5-3,4-6,1-2,0-2,12/16/11,8:00 p.m.,,"Juhan Gymnasium (Sewanee, Tenn.)",Win,2,False,,False,13:34,"GOOD LAYUP by STEIOFF,ANDREW(in the paint)",15.0,,7.0,,OUM 15-7 (-8),,"GOOD LAYUP by STEIOFF,ANDREW(in the paint)",1,layup,good,oum,"steioff,andrew",2.0,"['steioff,andrew', 'pitts,alec', 'molinet,christian', 'davis,alex', 'purdy,sam']","['bryant,valentino', 'brown,tyler', 'nelson,anvil', 'affronti,lewis', 'williams,trent']",814.0,oum,9,0,0.0
37,37,1017,Sewanee,OUM,1,60-61,"19,42","35,25",5-3,4-6,1-2,0-2,12/16/11,8:00 p.m.,,"Juhan Gymnasium (Sewanee, Tenn.)",Win,2,False,,False,13:13,,15.0,,7.0,"TURNOVER  by BROWN,TYLER",,,"TURNOVER  by BROWN,TYLER",1,turnover,,sewanee,"brown,tyler",,"['steioff,andrew', 'pitts,alec', 'molinet,christian', 'davis,alex', 'purdy,sam']","['bryant,valentino', 'brown,tyler', 'nelson,anvil', 'affronti,lewis', 'williams,trent']",793.0,oum,9,0,0.0
38,38,1017,Sewanee,OUM,1,60-61,"19,42","35,25",5-3,4-6,1-2,0-2,12/16/11,8:00 p.m.,,"Juhan Gymnasium (Sewanee, Tenn.)",Win,2,False,,False,13:11,"STEAL  by COURSON,TYLER",15.0,,7.0,,,,"STEAL  by COURSON,TYLER",1,steal,,oum,,,"['steioff,andrew', 'pitts,alec', 'molinet,christian', 'davis,alex', 'purdy,sam']","['bryant,valentino', 'brown,tyler', 'nelson,anvil', 'affronti,lewis', 'williams,trent']",791.0,oum,9,0,0.0
39,39,1017,Sewanee,OUM,1,60-61,"19,42","35,25",5-3,4-6,1-2,0-2,12/16/11,8:00 p.m.,,"Juhan Gymnasium (Sewanee, Tenn.)",Win,2,False,,False,12:50,"MISS LAYUP by PITTS,ALEC",15.0,,7.0,,,,"MISS LAYUP by PITTS,ALEC",1,layup,missed,oum,"pitts,alec",,"['steioff,andrew', 'pitts,alec', 'molinet,christian', 'davis,alex', 'purdy,sam']","['bryant,valentino', 'brown,tyler', 'nelson,anvil', 'affronti,lewis', 'williams,trent']",770.0,oum,9,0,0.0
40,40,1017,Sewanee,OUM,1,60-61,"19,42","35,25",5-3,4-6,1-2,0-2,12/16/11,8:00 p.m.,,"Juhan Gymnasium (Sewanee, Tenn.)",Win,2,False,,False,--,,15.0,,7.0,"REBOUND DEF by MARTIN,SAM",,,"REBOUND DEF by MARTIN,SAM",1,defensive rebound,,sewanee,"martin,sam",,"['steioff,andrew', 'pitts,alec', 'molinet,christian', 'davis,alex', 'purdy,sam']","['bryant,valentino', 'brown,tyler', 'nelson,anvil', 'affronti,lewis', 'williams,trent']",,oum,9,0,0.0
41,41,1017,Sewanee,OUM,1,60-61,"19,42","35,25",5-3,4-6,1-2,0-2,12/16/11,8:00 p.m.,,"Juhan Gymnasium (Sewanee, Tenn.)",Win,2,False,,False,12:35,,15.0,,7.0,"MISS 3PTR by BRYANT,VALENTINO",,,"MISS 3PTR by BRYANT,VALENTINO",1,three pointer,missed,sewanee,"bryant,valentino",,"['steioff,andrew', 'pitts,alec', 'molinet,christian', 'davis,alex', 'purdy,sam']","['bryant,valentino', 'brown,tyler', 'nelson,anvil', 'affronti,lewis', 'williams,trent']",755.0,sewanee,10,0,0.0
42,42,1017,Sewanee,OUM,1,60-61,"19,42","35,25",5-3,4-6,1-2,0-2,12/16/11,8:00 p.m.,,"Juhan Gymnasium (Sewanee, Tenn.)",Win,2,False,,False,--,,15.0,,7.0,"REBOUND OFF by MARTIN,SAM",,,"REBOUND OFF by MARTIN,SAM",1,offensive rebound,,sewanee,"martin,sam",,"['steioff,andrew', 'pitts,alec', 'molinet,christian', 'davis,alex', 'purdy,sam']","['bryant,valentino', 'brown,tyler', 'nelson,anvil', 'affronti,lewis', 'williams,trent']",,sewanee,10,0,0.0
43,43,1017,Sewanee,OUM,1,60-61,"19,42","35,25",5-3,4-6,1-2,0-2,12/16/11,8:00 p.m.,,"Juhan Gymnasium (Sewanee, Tenn.)",Win,2,False,,False,12:23,,15.0,,7.0,"MISS 3PTR by AFFRONTI,LEWIS",,,"MISS 3PTR by AFFRONTI,LEWIS",1,three pointer,missed,sewanee,"affronti,lewis",,"['steioff,andrew', 'pitts,alec', 'molinet,christian', 'davis,alex', 'purdy,sam']","['bryant,valentino', 'brown,tyler', 'nelson,anvil', 'affronti,lewis', 'williams,trent']",743.0,sewanee,10,0,0.0
44,44,1017,Sewanee,OUM,1,60-61,"19,42","35,25",5-3,4-6,1-2,0-2,12/16/11,8:00 p.m.,,"Juhan Gymnasium (Sewanee, Tenn.)",Win,2,False,,False,--,"REBOUND DEF by KINNEY,JORDAN",15.0,,7.0,,,,"REBOUND DEF by KINNEY,JORDAN",1,defensive rebound,,oum,"kinney,jordan",,"['steioff,andrew', 'pitts,alec', 'molinet,christian', 'davis,alex', 'purdy,sam']","['bryant,valentino', 'brown,tyler', 'nelson,anvil', 'affronti,lewis', 'williams,trent']",,sewanee,10,0,0.0
45,45,1017,Sewanee,OUM,1,60-61,"19,42","35,25",5-3,4-6,1-2,0-2,12/16/11,8:00 p.m.,,"Juhan Gymnasium (Sewanee, Tenn.)",Win,2,False,,False,11:50,"GOOD JUMPER by PITTS,ALEC(in the paint)",17.0,,7.0,,OUM 17-7 (-10),,"GOOD JUMPER by PITTS,ALEC(in the paint)",1,jumper,good,oum,"pitts,alec",2.0,"['steioff,andrew', 'pitts,alec', 'molinet,christian', 'davis,alex', 'purdy,sam']","['bryant,valentino', 'brown,tyler', 'nelson,anvil', 'affronti,lewis', 'williams,trent']",710.0,oum,11,0,0.0
46,46,1017,Sewanee,OUM,1,60-61,"19,42","35,25",5-3,4-6,1-2,0-2,12/16/11,8:00 p.m.,,"Juhan Gymnasium (Sewanee, Tenn.)",Win,2,False,,False,11:31,"FOUL  by CERONE,TYLER",17.0,,7.0,,,,"FOUL  by CERONE,TYLER",1,foul,,oum,"cerone,tyler",,"['steioff,andrew', 'pitts,alec', 'molinet,christian', 'davis,alex', 'purdy,sam']","['bryant,valentino', 'brown,tyler', 'nelson,anvil', 'affronti,lewis', 'williams,trent']",691.0,oum,11,0,0.0
47,47,1017,Sewanee,OUM,1,60-61,"19,42","35,25",5-3,4-6,1-2,0-2,12/16/11,8:00 p.m.,,"Juhan Gymnasium (Sewanee, Tenn.)",Win,2,False,,False,11:06,,17.0,,7.0,"MISS 3PTR by BOULDIN,BRETT",,,"MISS 3PTR by BOULDIN,BRETT",1,three pointer,missed,sewanee,"bouldin,brett",,"['steioff,andrew', 'pitts,alec', 'molinet,christian', 'davis,alex', 'purdy,sam']","['bryant,valentino', 'brown,tyler', 'nelson,anvil', 'affronti,lewis', 'williams,trent']",666.0,oum,11,0,0.0
48,48,1017,Sewanee,OUM,1,60-61,"19,42","35,25",5-3,4-6,1-2,0-2,12/16/11,8:00 p.m.,,"Juhan Gymnasium (Sewanee, Tenn.)",Win,2,False,,False,--,"REBOUND DEF by KINNEY,JORDAN",17.0,,7.0,,,,"REBOUND DEF by KINNEY,JORDAN",1,defensive rebound,,oum,"kinney,jordan",,"['steioff,andrew', 'pitts,alec', 'molinet,christian', 'davis,alex', 'purdy,sam']","['bryant,valentino', 'brown,tyler', 'nelson,anvil', 'affronti,lewis', 'williams,trent']",,oum,11,0,0.0
49,49,1017,Sewanee,OUM,1,60-61,"19,42","35,25",5-3,4-6,1-2,0-2,12/16/11,8:00 p.m.,,"Juhan Gymnasium (Sewanee, Tenn.)",Win,2,False,,False,10:57,"GOOD 3PTR by JOVAAG,BRANDEN",20.0,,7.0,,OUM 20-7 (-13),,"GOOD 3PTR by JOVAAG,BRANDEN",1,three pointer,good,oum,"jovaag,branden",3.0,"['steioff,andrew', 'pitts,alec', 'molinet,christian', 'davis,alex', 'purdy,sam']","['bryant,valentino', 'brown,tyler', 'nelson,anvil', 'affronti,lewis', 'williams,trent']",657.0,oum,11,0,0.0
50,50,1017,Sewanee,OUM,1,60-61,"19,42","35,25",5-3,4-6,1-2,0-2,12/16/11,8:00 p.m.,,"Juhan Gymnasium (Sewanee, Tenn.)",Win,2,False,,False,--,"ASSIST  by MOLINET,CHRISTIAN",20.0,,7.0,,,,"ASSIST  by MOLINET,CHRISTIAN",1,assist,,oum,"molinet,christian",,"['steioff,andrew', 'pitts,alec', 'molinet,christian', 'davis,alex', 'purdy,sam']","['bryant,valentino', 'brown,tyler', 'nelson,anvil', 'affronti,lewis', 'williams,trent']",,oum,11,0,0.0
51,51,1017,Sewanee,OUM,1,60-61,"19,42","35,25",5-3,4-6,1-2,0-2,12/16/11,8:00 p.m.,,"Juhan Gymnasium (Sewanee, Tenn.)",Win,2,False,,False,10:25,,20.0,,9.0,"GOOD JUMPER by BRYANT,VALENTINO",SEW 20-9 (-11),,"GOOD JUMPER by BRYANT,VALENTINO",1,jumper,good,sewanee,"bryant,valentino",2.0,"['steioff,andrew', 'pitts,alec', 'molinet,christian', 'davis,alex', 'purdy,sam']","['bryant,valentino', 'brown,tyler', 'nelson,anvil', 'affronti,lewis', 'williams,trent']",625.0,oum,11,0,0.0
52,52,1017,Sewanee,OUM,1,60-61,"19,42","35,25",5-3,4-6,1-2,0-2,12/16/11,8:00 p.m.,,"Juhan Gymnasium (Sewanee, Tenn.)",Win,2,False,,False,09:58,"MISS LAYUP by KINNEY,JORDAN",20.0,,9.0,,,,"MISS LAYUP by KINNEY,JORDAN",1,layup,missed,oum,"kinney,jordan",,"['steioff,andrew', 'pitts,alec', 'molinet,christian', 'davis,alex', 'purdy,sam']","['bryant,valentino', 'brown,tyler', 'nelson,anvil', 'affronti,lewis', 'williams,trent']",598.0,oum,11,0,0.0
53,53,1017,Sewanee,OUM,1,60-61,"19,42","35,25",5-3,4-6,1-2,0-2,12/16/11,8:00 p.m.,,"Juhan Gymnasium (Sewanee, Tenn.)",Win,2,False,,False,--,,20.0,,9.0,"REBOUND DEF by CALDWELL,MARCELLUS",,,"REBOUND DEF by CALDWELL,MARCELLUS",1,defensive rebound,,sewanee,"caldwell,marcellus",,"['steioff,andrew', 'pitts,alec', 'molinet,christian', 'davis,alex', 'purdy,sam']","['bryant,valentino', 'brown,tyler', 'nelson,anvil', 'affronti,lewis', 'williams,trent']",,oum,11,0,0.0
54,54,1017,Sewanee,OUM,1,60-61,"19,42","35,25",5-3,4-6,1-2,0-2,12/16/11,8:00 p.m.,,"Juhan Gymnasium (Sewanee, Tenn.)",Win,2,False,,False,09:49,,20.0,,11.0,"GOOD LAYUP by BROWN,TYLER(in the paint)",SEW 20-11 (-9),,"GOOD LAYUP by BROWN,TYLER(in the paint)",1,layup,good,sewanee,"brown,tyler",2.0,"['steioff,andrew', 'pitts,alec', 'molinet,christian', 'davis,alex', 'purdy,sam']","['bryant,valentino', 'brown,tyler', 'nelson,anvil', 'affronti,lewis', 'williams,trent']",589.0,sewanee,12,0,0.0
55,55,1017,Sewanee,OUM,1,60-61,"19,42","35,25",5-3,4-6,1-2,0-2,12/16/11,8:00 p.m.,,"Juhan Gymnasium (Sewanee, Tenn.)",Win,2,False,,False,09:26,"TURNOVER  by MOLINET,CHRISTIAN",20.0,,11.0,,,,"TURNOVER  by MOLINET,CHRISTIAN",1,turnover,,oum,"molinet,christian",,"['steioff,andrew', 'pitts,alec', 'molinet,christian', 'davis,alex', 'purdy,sam']","['bryant,valentino', 'brown,tyler', 'nelson,anvil', 'affronti,lewis', 'williams,trent']",566.0,sewanee,12,0,0.0
56,56,1017,Sewanee,OUM,1,60-61,"19,42","35,25",5-3,4-6,1-2,0-2,12/16/11,8:00 p.m.,,"Juhan Gymnasium (Sewanee, Tenn.)",Win,2,False,,False,08:57,,20.0,,13.0,"GOOD JUMPER by NELSON,ANVIL",SEW 20-13 (-7),,"GOOD JUMPER by NELSON,ANVIL",1,jumper,good,sewanee,"nelson,anvil",2.0,"['steioff,andrew', 'pitts,alec', 'molinet,christian', 'davis,alex', 'purdy,sam']","['bryant,valentino', 'brown,tyler', 'nelson,anvil', 'affronti,lewis', 'williams,trent']",537.0,sewanee,12,0,0.0
57,57,1017,Sewanee,OUM,1,60-61,"19,42","35,25",5-3,4-6,1-2,0-2,12/16/11,8:00 p.m.,,"Juhan Gymnasium (Sewanee, Tenn.)",Win,2,False,,False,08:50,"MISS DUNK by STEIOFF,ANDREW",20.0,,13.0,,,,"MISS DUNK by STEIOFF,ANDREW",1,dunk,,oum,,,"['steioff,andrew', 'pitts,alec', 'molinet,christian', 'davis,alex', 'purdy,sam']","['bryant,valentino', 'brown,tyler', 'nelson,anvil', 'affronti,lewis', 'williams,trent']",530.0,sewanee,12,0,0.0
58,58,1017,Sewanee,OUM,1,60-61,"19,42","35,25",5-3,4-6,1-2,0-2,12/16/11,8:00 p.m.,,"Juhan Gymnasium (Sewanee, Tenn.)",Win,2,False,,False,--,,20.0,,13.0,REBOUND DEF by TEAM,,,REBOUND DEF by TEAM,1,defensive rebound,,sewanee,,,"['steioff,andrew', 'pitts,alec', 'molinet,christian', 'davis,alex', 'purdy,sam']","['bryant,valentino', 'brown,tyler', 'nelson,anvil', 'affronti,lewis', 'williams,trent']",,sewanee,12,0,0.0
59,59,1017,Sewanee,OUM,1,60-61,"19,42","35,25",5-3,4-6,1-2,0-2,12/16/11,8:00 p.m.,,"Juhan Gymnasium (Sewanee, Tenn.)",Win,2,False,,False,08:50,"FOUL TECH by STEIOFF,ANDREW",20.0,,13.0,,,,"FOUL TECH by STEIOFF,ANDREW",1,foul,,oum,"steioff,andrew",,"['steioff,andrew', 'pitts,alec', 'molinet,christian', 'davis,alex', 'purdy,sam']","['bryant,valentino', 'brown,tyler', 'nelson,anvil', 'affronti,lewis', 'williams,trent']",530.0,sewanee,12,0,0.0
60,60,1017,Sewanee,OUM,1,60-61,"19,42","35,25",5-3,4-6,1-2,0-2,12/16/11,8:00 p.m.,,"Juhan Gymnasium (Sewanee, Tenn.)",Win,2,False,,False,08:50,,20.0,,13.0,"MISS FT by WILLIAMS,TRENT",,,"MISS FT by WILLIAMS,TRENT",1,free throw,missed,sewanee,"williams,trent",,"['steioff,andrew', 'pitts,alec', 'molinet,christian', 'davis,alex', 'purdy,sam']","['bryant,valentino', 'brown,tyler', 'nelson,anvil', 'affronti,lewis', 'williams,trent']",530.0,sewanee,12,0,0.0
61,61,1017,Sewanee,OUM,1,60-61,"19,42","35,25",5-3,4-6,1-2,0-2,12/16/11,8:00 p.m.,,"Juhan Gymnasium (Sewanee, Tenn.)",Win,2,False,,False,--,,20.0,,13.0,REBOUND DEADB by TEAM,,,REBOUND DEADB by TEAM,1,deadball rebound,,sewanee,,,"['steioff,andrew', 'pitts,alec', 'molinet,christian', 'davis,alex', 'purdy,sam']","['bryant,valentino', 'brown,tyler', 'nelson,anvil', 'affronti,lewis', 'williams,trent']",,sewanee,12,0,0.0
62,62,1017,Sewanee,OUM,1,60-61,"19,42","35,25",5-3,4-6,1-2,0-2,12/16/11,8:00 p.m.,,"Juhan Gymnasium (Sewanee, Tenn.)",Win,2,False,,False,08:50,,20.0,,14.0,"GOOD FT by WILLIAMS,TRENT",SEW 20-14 (-6),,"GOOD FT by WILLIAMS,TRENT",1,free throw,good,sewanee,"williams,trent",1.0,"['steioff,andrew', 'pitts,alec', 'molinet,christian', 'davis,alex', 'purdy,sam']","['bryant,valentino', 'brown,tyler', 'nelson,anvil', 'affronti,lewis', 'williams,trent']",530.0,sewanee,12,0,0.0
63,63,1017,Sewanee,OUM,1,60-61,"19,42","35,25",5-3,4-6,1-2,0-2,12/16/11,8:00 p.m.,,"Juhan Gymnasium (Sewanee, Tenn.)",Win,2,False,,False,08:43,,20.0,,14.0,"TURNOVER  by BOULDIN,BRETT",,,"TURNOVER  by BOULDIN,BRETT",1,turnover,,sewanee,"bouldin,brett",,"['steioff,andrew', 'pitts,alec', 'molinet,christian', 'davis,alex', 'purdy,sam']","['bryant,valentino', 'brown,tyler', 'nelson,anvil', 'affronti,lewis', 'williams,trent']",523.0,sewanee,12,0,0.0
64,64,1017,Sewanee,OUM,1,60-61,"19,42","35,25",5-3,4-6,1-2,0-2,12/16/11,8:00 p.m.,,"Juhan Gymnasium (Sewanee, Tenn.)",Win,2,False,,False,08:24,"MISS JUMPER by PITTS,ALEC",20.0,,14.0,,,,"MISS JUMPER by PITTS,ALEC",1,jumper,missed,oum,"pitts,alec",,"['steioff,andrew', 'pitts,alec', 'molinet,christian', 'davis,alex', 'purdy,sam']","['bryant,valentino', 'brown,tyler', 'nelson,anvil', 'affronti,lewis', 'williams,trent']",504.0,oum,13,0,0.0
65,65,1017,Sewanee,OUM,1,60-61,"19,42","35,25",5-3,4-6,1-2,0-2,12/16/11,8:00 p.m.,,"Juhan Gymnasium (Sewanee, Tenn.)",Win,2,False,,False,--,,20.0,,14.0,"REBOUND DEF by BOULDIN,BRETT",,,"REBOUND DEF by BOULDIN,BRETT",1,defensive rebound,,sewanee,"bouldin,brett",,"['steioff,andrew', 'pitts,alec', 'molinet,christian', 'davis,alex', 'purdy,sam']","['bryant,valentino', 'brown,tyler', 'nelson,anvil', 'affronti,lewis', 'williams,trent']",,oum,13,0,0.0
66,66,1017,Sewanee,OUM,1,60-61,"19,42","35,25",5-3,4-6,1-2,0-2,12/16/11,8:00 p.m.,,"Juhan Gymnasium (Sewanee, Tenn.)",Win,2,False,,False,08:16,"FOUL  by MOLINET,CHRISTIAN",20.0,,14.0,,,,"FOUL  by MOLINET,CHRISTIAN",1,foul,,oum,"molinet,christian",,"['steioff,andrew', 'pitts,alec', 'molinet,christian', 'davis,alex', 'purdy,sam']","['bryant,valentino', 'brown,tyler', 'nelson,anvil', 'affronti,lewis', 'williams,trent']",496.0,sewanee,14,0,0.0
67,67,1017,Sewanee,OUM,1,60-61,"19,42","35,25",5-3,4-6,1-2,0-2,12/16/11,8:00 p.m.,,"Juhan Gymnasium (Sewanee, Tenn.)",Win,2,False,,False,08:00,,20.0,,14.0,"MISS JUMPER by NELSON,ANVIL",,,"MISS JUMPER by NELSON,ANVIL",1,jumper,missed,sewanee,"nelson,anvil",,"['steioff,andrew', 'pitts,alec', 'molinet,christian', 'davis,alex', 'purdy,sam']","['bryant,valentino', 'brown,tyler', 'nelson,anvil', 'affronti,lewis', 'williams,trent']",480.0,sewanee,14,0,0.0
68,68,1017,Sewanee,OUM,1,60-61,"19,42","35,25",5-3,4-6,1-2,0-2,12/16/11,8:00 p.m.,,"Juhan Gymnasium (Sewanee, Tenn.)",Win,2,False,,False,--,"REBOUND DEF by MOLINET,CHRISTIAN",20.0,,14.0,,,,"REBOUND DEF by MOLINET,CHRISTIAN",1,defensive rebound,,oum,"molinet,christian",,"['steioff,andrew', 'pitts,alec', 'molinet,christian', 'davis,alex', 'purdy,sam']","['bryant,valentino', 'brown,tyler', 'nelson,anvil', 'affronti,lewis', 'williams,trent']",,sewanee,14,0,0.0
69,69,1017,Sewanee,OUM,1,60-61,"19,42","35,25",5-3,4-6,1-2,0-2,12/16/11,8:00 p.m.,,"Juhan Gymnasium (Sewanee, Tenn.)",Win,2,False,,False,07:36,"GOOD 3PTR by MOLINET,CHRISTIAN",23.0,,14.0,,OUM 23-14 (-9),,"GOOD 3PTR by MOLINET,CHRISTIAN",1,three pointer,good,oum,"molinet,christian",3.0,"['steioff,andrew', 'pitts,alec', 'molinet,christian', 'davis,alex', 'purdy,sam']","['bryant,valentino', 'brown,tyler', 'nelson,anvil', 'affronti,lewis', 'williams,trent']",456.0,oum,15,0,0.0
70,70,1017,Sewanee,OUM,1,60-61,"19,42","35,25",5-3,4-6,1-2,0-2,12/16/11,8:00 p.m.,,"Juhan Gymnasium (Sewanee, Tenn.)",Win,2,False,,False,--,"ASSIST  by JOVAAG,BRANDEN",23.0,,14.0,,,,"ASSIST  by JOVAAG,BRANDEN",1,assist,,oum,"jovaag,branden",,"['steioff,andrew', 'pitts,alec', 'molinet,christian', 'davis,alex', 'purdy,sam']","['bryant,valentino', 'brown,tyler', 'nelson,anvil', 'affronti,lewis', 'williams,trent']",,oum,15,0,0.0
71,71,1017,Sewanee,OUM,1,60-61,"19,42","35,25",5-3,4-6,1-2,0-2,12/16/11,8:00 p.m.,,"Juhan Gymnasium (Sewanee, Tenn.)",Win,2,False,,False,07:02,,23.0,,17.0,"GOOD 3PTR by BRYANT,VALENTINO",SEW 23-17 (-6),,"GOOD 3PTR by BRYANT,VALENTINO",1,three pointer,good,sewanee,"bryant,valentino",3.0,"['steioff,andrew', 'pitts,alec', 'molinet,christian', 'davis,alex', 'purdy,sam']","['bryant,valentino', 'brown,tyler', 'nelson,anvil', 'affronti,lewis', 'williams,trent']",422.0,oum,15,0,0.0
72,72,1017,Sewanee,OUM,1,60-61,"19,42","35,25",5-3,4-6,1-2,0-2,12/16/11,8:00 p.m.,,"Juhan Gymnasium (Sewanee, Tenn.)",Win,2,False,,False,06:45,,23.0,,17.0,"FOUL  by MARTIN,SAM",,,"FOUL  by MARTIN,SAM",1,foul,,sewanee,"martin,sam",,"['steioff,andrew', 'pitts,alec', 'molinet,christian', 'davis,alex', 'purdy,sam']","['bryant,valentino', 'brown,tyler', 'nelson,anvil', 'affronti,lewis', 'williams,trent']",405.0,oum,15,0,0.0
73,73,1017,Sewanee,OUM,1,60-61,"19,42","35,25",5-3,4-6,1-2,0-2,12/16/11,8:00 p.m.,,"Juhan Gymnasium (Sewanee, Tenn.)",Win,2,False,,False,06:45,"GOOD FT by STEIOFF,ANDREW",24.0,,17.0,,OUM 24-17 (-7),,"GOOD FT by STEIOFF,ANDREW",1,free throw,good,oum,"steioff,andrew",1.0,"['steioff,andrew', 'pitts,alec', 'molinet,christian', 'davis,alex', 'purdy,sam']","['bryant,valentino', 'brown,tyler', 'nelson,anvil', 'affronti,lewis', 'williams,trent']",405.0,oum,15,0,0.0
74,74,1017,Sewanee,OUM,1,60-61,"19,42","35,25",5-3,4-6,1-2,0-2,12/16/11,8:00 p.m.,,"Juhan Gymnasium (Sewanee, Tenn.)",Win,2,False,,False,06:45,"MISS FT by STEIOFF,ANDREW",24.0,,17.0,,,,"MISS FT by STEIOFF,ANDREW",1,free throw,missed,oum,"steioff,andrew",,"['steioff,andrew', 'pitts,alec', 'molinet,christian', 'davis,alex', 'purdy,sam']","['bryant,valentino', 'brown,tyler', 'nelson,anvil', 'affronti,lewis', 'williams,trent']",405.0,oum,15,0,0.0
75,75,1017,Sewanee,OUM,1,60-61,"19,42","35,25",5-3,4-6,1-2,0-2,12/16/11,8:00 p.m.,,"Juhan Gymnasium (Sewanee, Tenn.)",Win,2,False,,False,--,,24.0,,17.0,"REBOUND DEF by WILLIAMS,TRENT",,,"REBOUND DEF by WILLIAMS,TRENT",1,defensive rebound,,sewanee,"williams,trent",,"['steioff,andrew', 'pitts,alec', 'molinet,christian', 'davis,alex', 'purdy,sam']","['bryant,valentino', 'brown,tyler', 'nelson,anvil', 'affronti,lewis', 'williams,trent']",,oum,15,0,0.0
76,76,1017,Sewanee,OUM,1,60-61,"19,42","35,25",5-3,4-6,1-2,0-2,12/16/11,8:00 p.m.,,"Juhan Gymnasium (Sewanee, Tenn.)",Win,2,False,,False,06:32,,24.0,,17.0,"MISS 3PTR by WILLIAMS,TRENT",,,"MISS 3PTR by WILLIAMS,TRENT",1,three pointer,missed,sewanee,"williams,trent",,"['steioff,andrew', 'pitts,alec', 'molinet,christian', 'davis,alex', 'purdy,sam']","['bryant,valentino', 'brown,tyler', 'nelson,anvil', 'affronti,lewis', 'williams,trent']",392.0,sewanee,16,0,0.0
77,77,1017,Sewanee,OUM,1,60-61,"19,42","35,25",5-3,4-6,1-2,0-2,12/16/11,8:00 p.m.,,"Juhan Gymnasium (Sewanee, Tenn.)",Win,2,False,,False,--,"REBOUND DEF by MOLINET,CHRISTIAN",24.0,,17.0,,,,"REBOUND DEF by MOLINET,CHRISTIAN",1,defensive rebound,,oum,"molinet,christian",,"['steioff,andrew', 'pitts,alec', 'molinet,christian', 'davis,alex', 'purdy,sam']","['bryant,valentino', 'brown,tyler', 'nelson,anvil', 'affronti,lewis', 'williams,trent']",,sewanee,16,0,0.0
78,78,1017,Sewanee,OUM,1,60-61,"19,42","35,25",5-3,4-6,1-2,0-2,12/16/11,8:00 p.m.,,"Juhan Gymnasium (Sewanee, Tenn.)",Win,2,False,,False,06:26,,24.0,,17.0,"FOUL  by AFFRONTI,LEWIS",,,"FOUL  by AFFRONTI,LEWIS",1,foul,,sewanee,"affronti,lewis",,"['steioff,andrew', 'pitts,alec', 'molinet,christian', 'davis,alex', 'purdy,sam']","['bryant,valentino', 'brown,tyler', 'nelson,anvil', 'affronti,lewis', 'williams,trent']",386.0,oum,17,0,0.0
79,79,1017,Sewanee,OUM,1,60-61,"19,42","35,25",5-3,4-6,1-2,0-2,12/16/11,8:00 p.m.,,"Juhan Gymnasium (Sewanee, Tenn.)",Win,2,False,,False,06:26,"GOOD FT by JOVAAG,BRANDEN",25.0,,17.0,,OUM 25-17 (-8),,"GOOD FT by JOVAAG,BRANDEN",1,free throw,good,oum,"jovaag,branden",1.0,"['steioff,andrew', 'pitts,alec', 'molinet,christian', 'davis,alex', 'purdy,sam']","['bryant,valentino', 'brown,tyler', 'nelson,anvil', 'affronti,lewis', 'williams,trent']",386.0,oum,17,0,0.0
80,80,1017,Sewanee,OUM,1,60-61,"19,42","35,25",5-3,4-6,1-2,0-2,12/16/11,8:00 p.m.,,"Juhan Gymnasium (Sewanee, Tenn.)",Win,2,False,,False,06:26,"GOOD FT by JOVAAG,BRANDEN",26.0,,17.0,,OUM 26-17 (-9),,"GOOD FT by JOVAAG,BRANDEN",1,free throw,good,oum,"jovaag,branden",1.0,"['steioff,andrew', 'pitts,alec', 'molinet,christian', 'davis,alex', 'purdy,sam']","['bryant,valentino', 'brown,tyler', 'nelson,anvil', 'affronti,lewis', 'williams,trent']",386.0,oum,17,0,0.0
81,81,1017,Sewanee,OUM,1,60-61,"19,42","35,25",5-3,4-6,1-2,0-2,12/16/11,8:00 p.m.,,"Juhan Gymnasium (Sewanee, Tenn.)",Win,2,False,,False,05:56,,26.0,,17.0,"TURNOVER  by BROWN,TYLER",,,"TURNOVER  by BROWN,TYLER",1,turnover,,sewanee,"brown,tyler",,"['steioff,andrew', 'pitts,alec', 'molinet,christian', 'davis,alex', 'purdy,sam']","['bryant,valentino', 'brown,tyler', 'nelson,anvil', 'affronti,lewis', 'williams,trent']",356.0,oum,17,0,0.0
82,82,1017,Sewanee,OUM,1,60-61,"19,42","35,25",5-3,4-6,1-2,0-2,12/16/11,8:00 p.m.,,"Juhan Gymnasium (Sewanee, Tenn.)",Win,2,False,,False,05:46,"GOOD 3PTR by PITTS,ALEC",29.0,,17.0,,OUM 29-17 (-12),,"GOOD 3PTR by PITTS,ALEC",1,three pointer,good,oum,"pitts,alec",3.0,"['steioff,andrew', 'pitts,alec', 'molinet,christian', 'davis,alex', 'purdy,sam']","['bryant,valentino', 'brown,tyler', 'nelson,anvil', 'affronti,lewis', 'williams,trent']",346.0,oum,17,0,0.0
83,83,1017,Sewanee,OUM,1,60-61,"19,42","35,25",5-3,4-6,1-2,0-2,12/16/11,8:00 p.m.,,"Juhan Gymnasium (Sewanee, Tenn.)",Win,2,False,,False,--,"ASSIST  by MOLINET,CHRISTIAN",29.0,,17.0,,,,"ASSIST  by MOLINET,CHRISTIAN",1,assist,,oum,"molinet,christian",,"['steioff,andrew', 'pitts,alec', 'molinet,christian', 'davis,alex', 'purdy,sam']","['bryant,valentino', 'brown,tyler', 'nelson,anvil', 'affronti,lewis', 'williams,trent']",,oum,17,0,0.0
84,84,1017,Sewanee,OUM,1,60-61,"19,42","35,25",5-3,4-6,1-2,0-2,12/16/11,8:00 p.m.,,"Juhan Gymnasium (Sewanee, Tenn.)",Win,2,False,,False,05:24,,29.0,,17.0,"MISS 3PTR by BOULDIN,BRETT",,,"MISS 3PTR by BOULDIN,BRETT",1,three pointer,missed,sewanee,"bouldin,brett",,"['steioff,andrew', 'pitts,alec', 'molinet,christian', 'davis,alex', 'purdy,sam']","['bryant,valentino', 'brown,tyler', 'nelson,anvil', 'affronti,lewis', 'williams,trent']",324.0,oum,17,0,0.0
85,85,1017,Sewanee,OUM,1,60-61,"19,42","35,25",5-3,4-6,1-2,0-2,12/16/11,8:00 p.m.,,"Juhan Gymnasium (Sewanee, Tenn.)",Win,2,False,,False,--,"REBOUND DEF by MOLINET,CHRISTIAN",29.0,,17.0,,,,"REBOUND DEF by MOLINET,CHRISTIAN",1,defensive rebound,,oum,"molinet,christian",,"['steioff,andrew', 'pitts,alec', 'molinet,christian', 'davis,alex', 'purdy,sam']","['bryant,valentino', 'brown,tyler', 'nelson,anvil', 'affronti,lewis', 'williams,trent']",,oum,17,0,0.0
86,86,1017,Sewanee,OUM,1,60-61,"19,42","35,25",5-3,4-6,1-2,0-2,12/16/11,8:00 p.m.,,"Juhan Gymnasium (Sewanee, Tenn.)",Win,2,False,,False,04:58,"MISS JUMPER by MOLINET,CHRISTIAN",29.0,,17.0,,,,"MISS JUMPER by MOLINET,CHRISTIAN",1,jumper,missed,oum,"molinet,christian",,"['steioff,andrew', 'pitts,alec', 'molinet,christian', 'davis,alex', 'purdy,sam']","['bryant,valentino', 'brown,tyler', 'nelson,anvil', 'affronti,lewis', 'williams,trent']",298.0,oum,17,0,0.0
87,87,1017,Sewanee,OUM,1,60-61,"19,42","35,25",5-3,4-6,1-2,0-2,12/16/11,8:00 p.m.,,"Juhan Gymnasium (Sewanee, Tenn.)",Win,2,False,,False,--,"REBOUND OFF by KINNEY,JORDAN",29.0,,17.0,,,,"REBOUND OFF by KINNEY,JORDAN",1,offensive rebound,,oum,"kinney,jordan",,"['steioff,andrew', 'pitts,alec', 'molinet,christian', 'davis,alex', 'purdy,sam']","['bryant,valentino', 'brown,tyler', 'nelson,anvil', 'affronti,lewis', 'williams,trent']",,oum,17,0,0.0
88,88,1017,Sewanee,OUM,1,60-61,"19,42","35,25",5-3,4-6,1-2,0-2,12/16/11,8:00 p.m.,,"Juhan Gymnasium (Sewanee, Tenn.)",Win,2,False,,False,04:56,"GOOD 3PTR by PITTS,ALEC",32.0,,17.0,,OUM 32-17 (-15),,"GOOD 3PTR by PITTS,ALEC",1,three pointer,good,oum,"pitts,alec",3.0,"['steioff,andrew', 'pitts,alec', 'molinet,christian', 'davis,alex', 'purdy,sam']","['bryant,valentino', 'brown,tyler', 'nelson,anvil', 'affronti,lewis', 'williams,trent']",296.0,oum,17,0,0.0
89,89,1017,Sewanee,OUM,1,60-61,"19,42","35,25",5-3,4-6,1-2,0-2,12/16/11,8:00 p.m.,,"Juhan Gymnasium (Sewanee, Tenn.)",Win,2,False,,False,--,"ASSIST  by PURDY,SAM",32.0,,17.0,,,,"ASSIST  by PURDY,SAM",1,assist,,oum,"purdy,sam",,"['steioff,andrew', 'pitts,alec', 'molinet,christian', 'davis,alex', 'purdy,sam']","['bryant,valentino', 'brown,tyler', 'nelson,anvil', 'affronti,lewis', 'williams,trent']",,oum,17,0,0.0
90,90,1017,Sewanee,OUM,1,60-61,"19,42","35,25",5-3,4-6,1-2,0-2,12/16/11,8:00 p.m.,,"Juhan Gymnasium (Sewanee, Tenn.)",Win,2,False,,False,04:04,,32.0,,17.0,"MISS 3PTR by BRYANT,VALENTINO",,,"MISS 3PTR by BRYANT,VALENTINO",1,three pointer,missed,sewanee,"bryant,valentino",,"['steioff,andrew', 'pitts,alec', 'molinet,christian', 'davis,alex', 'purdy,sam']","['bryant,valentino', 'brown,tyler', 'nelson,anvil', 'affronti,lewis', 'williams,trent']",244.0,oum,17,0,0.0
91,91,1017,Sewanee,OUM,1,60-61,"19,42","35,25",5-3,4-6,1-2,0-2,12/16/11,8:00 p.m.,,"Juhan Gymnasium (Sewanee, Tenn.)",Win,2,False,,False,--,"REBOUND DEF by JOVAAG,BRANDEN",32.0,,17.0,,,,"REBOUND DEF by JOVAAG,BRANDEN",1,defensive rebound,,oum,"jovaag,branden",,"['steioff,andrew', 'pitts,alec', 'molinet,christian', 'davis,alex', 'purdy,sam']","['bryant,valentino', 'brown,tyler', 'nelson,anvil', 'affronti,lewis', 'williams,trent']",,oum,17,0,0.0
92,92,1017,Sewanee,OUM,1,60-61,"19,42","35,25",5-3,4-6,1-2,0-2,12/16/11,8:00 p.m.,,"Juhan Gymnasium (Sewanee, Tenn.)",Win,2,False,,False,04:04,,32.0,,17.0,"FOUL  by BOULDIN,BRETT",,,"FOUL  by BOULDIN,BRETT",1,foul,,sewanee,"bouldin,brett",,"['steioff,andrew', 'pitts,alec', 'molinet,christian', 'davis,alex', 'purdy,sam']","['bryant,valentino', 'brown,tyler', 'nelson,anvil', 'affronti,lewis', 'williams,trent']",244.0,oum,17,0,0.0
93,93,1017,Sewanee,OUM,1,60-61,"19,42","35,25",5-3,4-6,1-2,0-2,12/16/11,8:00 p.m.,,"Juhan Gymnasium (Sewanee, Tenn.)",Win,2,False,,False,03:49,"MISS JUMPER by PITTS,ALEC",32.0,,17.0,,,,"MISS JUMPER by PITTS,ALEC",1,jumper,missed,oum,"pitts,alec",,"['steioff,andrew', 'pitts,alec', 'molinet,christian', 'davis,alex', 'purdy,sam']","['bryant,valentino', 'brown,tyler', 'nelson,anvil', 'affronti,lewis', 'williams,trent']",229.0,oum,17,0,0.0
94,94,1017,Sewanee,OUM,1,60-61,"19,42","35,25",5-3,4-6,1-2,0-2,12/16/11,8:00 p.m.,,"Juhan Gymnasium (Sewanee, Tenn.)",Win,2,False,,False,--,,32.0,,17.0,"REBOUND DEF by BOULDIN,BRETT",,,"REBOUND DEF by BOULDIN,BRETT",1,defensive rebound,,sewanee,"bouldin,brett",,"['steioff,andrew', 'pitts,alec', 'molinet,christian', 'davis,alex', 'purdy,sam']","['bryant,valentino', 'brown,tyler', 'nelson,anvil', 'affronti,lewis', 'williams,trent']",,oum,17,0,0.0
95,95,1017,Sewanee,OUM,1,60-61,"19,42","35,25",5-3,4-6,1-2,0-2,12/16/11,8:00 p.m.,,"Juhan Gymnasium (Sewanee, Tenn.)",Win,2,False,,False,03:45,,32.0,,17.0,"TURNOVER  by AFFRONTI,LEWIS",,,"TURNOVER  by AFFRONTI,LEWIS",1,turnover,,sewanee,"affronti,lewis",,"['steioff,andrew', 'pitts,alec', 'molinet,christian', 'davis,alex', 'purdy,sam']","['bryant,valentino', 'brown,tyler', 'nelson,anvil', 'affronti,lewis', 'williams,trent']",225.0,sewanee,18,0,0.0
96,96,1017,Sewanee,OUM,1,60-61,"19,42","35,25",5-3,4-6,1-2,0-2,12/16/11,8:00 p.m.,,"Juhan Gymnasium (Sewanee, Tenn.)",Win,2,False,,False,03:42,"STEAL  by JOVAAG,BRANDEN",32.0,,17.0,,,,"STEAL  by JOVAAG,BRANDEN",1,steal,,oum,,,"['steioff,andrew', 'pitts,alec', 'molinet,christian', 'davis,alex', 'purdy,sam']","['bryant,valentino', 'brown,tyler', 'nelson,anvil', 'affronti,lewis', 'williams,trent']",222.0,sewanee,18,0,0.0
97,97,1017,Sewanee,OUM,1,60-61,"19,42","35,25",5-3,4-6,1-2,0-2,12/16/11,8:00 p.m.,,"Juhan Gymnasium (Sewanee, Tenn.)",Win,2,False,,False,03:40,"GOOD LAYUP by PITTS,ALEC(in the paint)",34.0,,17.0,,OUM 34-17 (-17),,"GOOD LAYUP by PITTS,ALEC(in the paint)",1,layup,good,oum,"pitts,alec",2.0,"['steioff,andrew', 'pitts,alec', 'molinet,christian', 'davis,alex', 'purdy,sam']","['bryant,valentino', 'brown,tyler', 'nelson,anvil', 'affronti,lewis', 'williams,trent']",220.0,oum,19,0,0.0
98,98,1017,Sewanee,OUM,1,60-61,"19,42","35,25",5-3,4-6,1-2,0-2,12/16/11,8:00 p.m.,,"Juhan Gymnasium (Sewanee, Tenn.)",Win,2,False,,False,03:37,,34.0,,17.0,"FOUL  by NELSON,ANVIL",,,"FOUL  by NELSON,ANVIL",1,foul,,sewanee,"nelson,anvil",,"['steioff,andrew', 'pitts,alec', 'molinet,christian', 'davis,alex', 'purdy,sam']","['bryant,valentino', 'brown,tyler', 'nelson,anvil', 'affronti,lewis', 'williams,trent']",217.0,oum,19,0,0.0
99,99,1017,Sewanee,OUM,1,60-61,"19,42","35,25",5-3,4-6,1-2,0-2,12/16/11,8:00 p.m.,,"Juhan Gymnasium (Sewanee, Tenn.)",Win,2,False,,False,03:37,"GOOD FT by PITTS,ALEC",35.0,,17.0,,OUM 35-17 (-18),,"GOOD FT by PITTS,ALEC",1,free throw,good,oum,"pitts,alec",1.0,"['steioff,andrew', 'pitts,alec', 'molinet,christian', 'davis,alex', 'purdy,sam']","['bryant,valentino', 'brown,tyler', 'nelson,anvil', 'affronti,lewis', 'williams,trent']",217.0,oum,19,0,0.0
100,100,1017,Sewanee,OUM,1,60-61,"19,42","35,25",5-3,4-6,1-2,0-2,12/16/11,8:00 p.m.,,"Juhan Gymnasium (Sewanee, Tenn.)",Win,2,False,,False,03:14,,35.0,,17.0,"MISS 3PTR by BRYANT,VALENTINO",,,"MISS 3PTR by BRYANT,VALENTINO",1,three pointer,missed,sewanee,"bryant,valentino",,"['steioff,andrew', 'pitts,alec', 'molinet,christian', 'davis,alex', 'purdy,sam']","['bryant,valentino', 'brown,tyler', 'nelson,anvil', 'affronti,lewis', 'williams,trent']",194.0,oum,19,0,0.0
101,101,1017,Sewanee,OUM,1,60-61,"19,42","35,25",5-3,4-6,1-2,0-2,12/16/11,8:00 p.m.,,"Juhan Gymnasium (Sewanee, Tenn.)",Win,2,False,,False,--,,35.0,,17.0,"REBOUND OFF by BROWN,TYLER",,,"REBOUND OFF by BROWN,TYLER",1,offensive rebound,,sewanee,"brown,tyler",,"['steioff,andrew', 'pitts,alec', 'molinet,christian', 'davis,alex', 'purdy,sam']","['bryant,valentino', 'brown,tyler', 'nelson,anvil', 'affronti,lewis', 'williams,trent']",,oum,19,0,0.0
102,102,1017,Sewanee,OUM,1,60-61,"19,42","35,25",5-3,4-6,1-2,0-2,12/16/11,8:00 p.m.,,"Juhan Gymnasium (Sewanee, Tenn.)",Win,2,False,,False,03:02,,35.0,,17.0,"MISS JUMPER by BROWN,TYLER",,,"MISS JUMPER by BROWN,TYLER",1,jumper,missed,sewanee,"brown,tyler",,"['steioff,andrew', 'pitts,alec', 'molinet,christian', 'davis,alex', 'purdy,sam']","['bryant,valentino', 'brown,tyler', 'nelson,anvil', 'affronti,lewis', 'williams,trent']",182.0,oum,19,0,0.0
103,103,1017,Sewanee,OUM,1,60-61,"19,42","35,25",5-3,4-6,1-2,0-2,12/16/11,8:00 p.m.,,"Juhan Gymnasium (Sewanee, Tenn.)",Win,2,False,,False,--,REBOUND DEF by TEAM,35.0,,17.0,,,,REBOUND DEF by TEAM,1,defensive rebound,,oum,,,"['steioff,andrew', 'pitts,alec', 'molinet,christian', 'davis,alex', 'purdy,sam']","['bryant,valentino', 'brown,tyler', 'nelson,anvil', 'affronti,lewis', 'williams,trent']",,oum,19,0,0.0
104,104,1017,Sewanee,OUM,1,60-61,"19,42","35,25",5-3,4-6,1-2,0-2,12/16/11,8:00 p.m.,,"Juhan Gymnasium (Sewanee, Tenn.)",Win,2,False,,False,02:43,"TURNOVER  by STEIOFF,ANDREW",35.0,,17.0,,,,"TURNOVER  by STEIOFF,ANDREW",1,turnover,,oum,"steioff,andrew",,"['steioff,andrew', 'pitts,alec', 'molinet,christian', 'davis,alex', 'purdy,sam']","['bryant,valentino', 'brown,tyler', 'nelson,anvil', 'affronti,lewis', 'williams,trent']",163.0,oum,19,0,0.0
105,105,1017,Sewanee,OUM,1,60-61,"19,42","35,25",5-3,4-6,1-2,0-2,12/16/11,8:00 p.m.,,"Juhan Gymnasium (Sewanee, Tenn.)",Win,2,False,,False,02:41,,35.0,,17.0,"STEAL  by BRYANT,VALENTINO",,,"STEAL  by BRYANT,VALENTINO",1,steal,,sewanee,,,"['steioff,andrew', 'pitts,alec', 'molinet,christian', 'davis,alex', 'purdy,sam']","['bryant,valentino', 'brown,tyler', 'nelson,anvil', 'affronti,lewis', 'williams,trent']",161.0,oum,19,0,0.0
106,106,1017,Sewanee,OUM,1,60-61,"19,42","35,25",5-3,4-6,1-2,0-2,12/16/11,8:00 p.m.,,"Juhan Gymnasium (Sewanee, Tenn.)",Win,2,False,,False,02:27,,35.0,,17.0,"MISS JUMPER by NELSON,ANVIL",,,"MISS JUMPER by NELSON,ANVIL",1,jumper,missed,sewanee,"nelson,anvil",,"['steioff,andrew', 'pitts,alec', 'molinet,christian', 'davis,alex', 'purdy,sam']","['bryant,valentino', 'brown,tyler', 'nelson,anvil', 'affronti,lewis', 'williams,trent']",147.0,sewanee,20,0,0.0
107,107,1017,Sewanee,OUM,1,60-61,"19,42","35,25",5-3,4-6,1-2,0-2,12/16/11,8:00 p.m.,,"Juhan Gymnasium (Sewanee, Tenn.)",Win,2,False,,False,--,REBOUND DEF by TEAM,35.0,,17.0,,,,REBOUND DEF by TEAM,1,defensive rebound,,oum,,,"['steioff,andrew', 'pitts,alec', 'molinet,christian', 'davis,alex', 'purdy,sam']","['bryant,valentino', 'brown,tyler', 'nelson,anvil', 'affronti,lewis', 'williams,trent']",,oum,21,0,0.0
108,108,1017,Sewanee,OUM,1,60-61,"19,42","35,25",5-3,4-6,1-2,0-2,12/16/11,8:00 p.m.,,"Juhan Gymnasium (Sewanee, Tenn.)",Win,2,False,,False,02:11,"MISS 3PTR by PURDY,SAM",35.0,,17.0,,,,"MISS 3PTR by PURDY,SAM",1,three pointer,missed,oum,"purdy,sam",,"['steioff,andrew', 'pitts,alec', 'molinet,christian', 'davis,alex', 'purdy,sam']","['bryant,valentino', 'brown,tyler', 'nelson,anvil', 'affronti,lewis', 'williams,trent']",131.0,oum,21,0,0.0
109,109,1017,Sewanee,OUM,1,60-61,"19,42","35,25",5-3,4-6,1-2,0-2,12/16/11,8:00 p.m.,,"Juhan Gymnasium (Sewanee, Tenn.)",Win,2,False,,False,--,,35.0,,17.0,REBOUND DEF by TEAM,,,REBOUND DEF by TEAM,1,defensive rebound,,sewanee,,,"['steioff,andrew', 'pitts,alec', 'molinet,christian', 'davis,alex', 'purdy,sam']","['bryant,valentino', 'brown,tyler', 'nelson,anvil', 'affronti,lewis', 'williams,trent']",,sewanee,22,0,0.0
110,110,1017,Sewanee,OUM,1,60-61,"19,42","35,25",5-3,4-6,1-2,0-2,12/16/11,8:00 p.m.,,"Juhan Gymnasium (Sewanee, Tenn.)",Win,2,False,,False,01:55,,35.0,,17.0,"MISS JUMPER by BRYANT,VALENTINO",,,"MISS JUMPER by BRYANT,VALENTINO",1,jumper,missed,sewanee,"bryant,valentino",,"['steioff,andrew', 'pitts,alec', 'molinet,christian', 'davis,alex', 'purdy,sam']","['bryant,valentino', 'brown,tyler', 'nelson,anvil', 'affronti,lewis', 'williams,trent']",115.0,sewanee,22,0,0.0
111,111,1017,Sewanee,OUM,1,60-61,"19,42","35,25",5-3,4-6,1-2,0-2,12/16/11,8:00 p.m.,,"Juhan Gymnasium (Sewanee, Tenn.)",Win,2,False,,False,--,"REBOUND DEF by KINNEY,JORDAN",35.0,,17.0,,,,"REBOUND DEF by KINNEY,JORDAN",1,defensive rebound,,oum,"kinney,jordan",,"['steioff,andrew', 'pitts,alec', 'molinet,christian', 'davis,alex', 'purdy,sam']","['bryant,valentino', 'brown,tyler', 'nelson,anvil', 'affronti,lewis', 'williams,trent']",,sewanee,22,0,0.0
112,112,1017,Sewanee,OUM,1,60-61,"19,42","35,25",5-3,4-6,1-2,0-2,12/16/11,8:00 p.m.,,"Juhan Gymnasium (Sewanee, Tenn.)",Win,2,False,,False,01:30,"MISS 3PTR by PITTS,ALEC",35.0,,17.0,,,,"MISS 3PTR by PITTS,ALEC",1,three pointer,missed,oum,"pitts,alec",,"['steioff,andrew', 'pitts,alec', 'molinet,christian', 'davis,alex', 'purdy,sam']","['bryant,valentino', 'brown,tyler', 'nelson,anvil', 'affronti,lewis', 'williams,trent']",90.0,oum,23,0,0.0
113,113,1017,Sewanee,OUM,1,60-61,"19,42","35,25",5-3,4-6,1-2,0-2,12/16/11,8:00 p.m.,,"Juhan Gymnasium (Sewanee, Tenn.)",Win,2,False,,False,--,REBOUND DEADB by TEAM,35.0,,17.0,,,,REBOUND DEADB by TEAM,1,deadball rebound,,oum,,,"['steioff,andrew', 'pitts,alec', 'molinet,christian', 'davis,alex', 'purdy,sam']","['bryant,valentino', 'brown,tyler', 'nelson,anvil', 'affronti,lewis', 'williams,trent']",,oum,23,0,0.0
114,114,1017,Sewanee,OUM,1,60-61,"19,42","35,25",5-3,4-6,1-2,0-2,12/16/11,8:00 p.m.,,"Juhan Gymnasium (Sewanee, Tenn.)",Win,2,False,,False,01:30,,35.0,,17.0,"FOUL  by BROWN,TYLER",,,"FOUL  by BROWN,TYLER",1,foul,,sewanee,"brown,tyler",,"['steioff,andrew', 'pitts,alec', 'molinet,christian', 'davis,alex', 'purdy,sam']","['bryant,valentino', 'brown,tyler', 'nelson,anvil', 'affronti,lewis', 'williams,trent']",90.0,oum,23,0,0.0
115,115,1017,Sewanee,OUM,1,60-61,"19,42","35,25",5-3,4-6,1-2,0-2,12/16/11,8:00 p.m.,,"Juhan Gymnasium (Sewanee, Tenn.)",Win,2,False,,False,01:27,"TURNOVER  by DAVIS,ALEX",35.0,,17.0,,,,"TURNOVER  by DAVIS,ALEX",1,turnover,,oum,"davis,alex",,"['steioff,andrew', 'pitts,alec', 'molinet,christian', 'davis,alex', 'purdy,sam']","['bryant,valentino', 'brown,tyler', 'nelson,anvil', 'affronti,lewis', 'williams,trent']",87.0,oum,23,0,0.0
116,116,1017,Sewanee,OUM,1,60-61,"19,42","35,25",5-3,4-6,1-2,0-2,12/16/11,8:00 p.m.,,"Juhan Gymnasium (Sewanee, Tenn.)",Win,2,False,,False,01:27,"FOUL  by DAVIS,ALEX",35.0,,17.0,,,,"FOUL  by DAVIS,ALEX",1,foul,,oum,"davis,alex",,"['steioff,andrew', 'pitts,alec', 'molinet,christian', 'davis,alex', 'purdy,sam']","['bryant,valentino', 'brown,tyler', 'nelson,anvil', 'affronti,lewis', 'williams,trent']",87.0,sewanee,24,0,0.0
117,117,1017,Sewanee,OUM,1,60-61,"19,42","35,25",5-3,4-6,1-2,0-2,12/16/11,8:00 p.m.,,"Juhan Gymnasium (Sewanee, Tenn.)",Win,2,False,,False,01:05,,35.0,,17.0,"MISS 3PTR by BOULDIN,BRETT",,,"MISS 3PTR by BOULDIN,BRETT",1,three pointer,missed,sewanee,"bouldin,brett",,"['steioff,andrew', 'pitts,alec', 'molinet,christian', 'davis,alex', 'purdy,sam']","['bryant,valentino', 'brown,tyler', 'nelson,anvil', 'affronti,lewis', 'williams,trent']",65.0,sewanee,24,0,0.0
118,118,1017,Sewanee,OUM,1,60-61,"19,42","35,25",5-3,4-6,1-2,0-2,12/16/11,8:00 p.m.,,"Juhan Gymnasium (Sewanee, Tenn.)",Win,2,False,,False,--,,35.0,,17.0,"REBOUND OFF by BROWN,TYLER",,,"REBOUND OFF by BROWN,TYLER",1,offensive rebound,,sewanee,"brown,tyler",,"['steioff,andrew', 'pitts,alec', 'molinet,christian', 'davis,alex', 'purdy,sam']","['bryant,valentino', 'brown,tyler', 'nelson,anvil', 'affronti,lewis', 'williams,trent']",,sewanee,24,0,0.0
119,119,1017,Sewanee,OUM,1,60-61,"19,42","35,25",5-3,4-6,1-2,0-2,12/16/11,8:00 p.m.,,"Juhan Gymnasium (Sewanee, Tenn.)",Win,2,False,,False,01:01,,35.0,,19.0,"GOOD JUMPER by BROWN,TYLER(in the paint)",SEW 35-19 (-16),,"GOOD JUMPER by BROWN,TYLER(in the paint)",1,jumper,good,sewanee,"brown,tyler",2.0,"['steioff,andrew', 'pitts,alec', 'molinet,christian', 'davis,alex', 'purdy,sam']","['bryant,valentino', 'brown,tyler', 'nelson,anvil', 'affronti,lewis', 'williams,trent']",61.0,sewanee,24,0,0.0
120,120,1017,Sewanee,OUM,1,60-61,"19,42","35,25",5-3,4-6,1-2,0-2,12/16/11,8:00 p.m.,,"Juhan Gymnasium (Sewanee, Tenn.)",Win,2,False,,False,00:42,"MISS JUMPER by PURDY,SAM",35.0,,19.0,,,,"MISS JUMPER by PURDY,SAM",1,jumper,missed,oum,"purdy,sam",,"['steioff,andrew', 'pitts,alec', 'molinet,christian', 'davis,alex', 'purdy,sam']","['bryant,valentino', 'brown,tyler', 'nelson,anvil', 'affronti,lewis', 'williams,trent']",42.0,sewanee,24,0,0.0
121,121,1017,Sewanee,OUM,1,60-61,"19,42","35,25",5-3,4-6,1-2,0-2,12/16/11,8:00 p.m.,,"Juhan Gymnasium (Sewanee, Tenn.)",Win,2,False,,False,--,,35.0,,19.0,"REBOUND DEF by BOULDIN,BRETT",,,"REBOUND DEF by BOULDIN,BRETT",1,defensive rebound,,sewanee,"bouldin,brett",,"['steioff,andrew', 'pitts,alec', 'molinet,christian', 'davis,alex', 'purdy,sam']","['bryant,valentino', 'brown,tyler', 'nelson,anvil', 'affronti,lewis', 'williams,trent']",,sewanee,24,0,0.0
122,122,1017,Sewanee,OUM,1,60-61,"19,42","35,25",5-3,4-6,1-2,0-2,12/16/11,8:00 p.m.,,"Juhan Gymnasium (Sewanee, Tenn.)",Win,2,False,,False,00:27,,35.0,,19.0,"MISS 3PTR by BRYANT,VALENTINO",,,"MISS 3PTR by BRYANT,VALENTINO",1,three pointer,missed,sewanee,"bryant,valentino",,"['steioff,andrew', 'pitts,alec', 'molinet,christian', 'davis,alex', 'purdy,sam']","['bryant,valentino', 'brown,tyler', 'nelson,anvil', 'affronti,lewis', 'williams,trent']",27.0,sewanee,24,0,0.0
123,123,1017,Sewanee,OUM,1,60-61,"19,42","35,25",5-3,4-6,1-2,0-2,12/16/11,8:00 p.m.,,"Juhan Gymnasium (Sewanee, Tenn.)",Win,2,False,,False,--,"REBOUND DEF by DAVIS,ALEX",35.0,,19.0,,,,"REBOUND DEF by DAVIS,ALEX",1,defensive rebound,,oum,"davis,alex",,"['steioff,andrew', 'pitts,alec', 'molinet,christian', 'davis,alex', 'purdy,sam']","['bryant,valentino', 'brown,tyler', 'nelson,anvil', 'affronti,lewis', 'williams,trent']",,sewanee,24,0,0.0
124,124,1017,Sewanee,OUM,1,60-61,"19,42","35,25",5-3,4-6,1-2,0-2,12/16/11,8:00 p.m.,,"Juhan Gymnasium (Sewanee, Tenn.)",Win,2,False,,False,00:01,"MISS JUMPER by CERONE,TYLER",35.0,,19.0,,,,"MISS JUMPER by CERONE,TYLER",1,jumper,missed,oum,"cerone,tyler",,"['steioff,andrew', 'pitts,alec', 'molinet,christian', 'davis,alex', 'purdy,sam']","['bryant,valentino', 'brown,tyler', 'nelson,anvil', 'affronti,lewis', 'williams,trent']",1.0,oum,25,0,0.0
125,125,1017,Sewanee,OUM,1,60-61,"19,42","35,25",5-3,4-6,1-2,0-2,12/16/11,8:00 p.m.,,"Juhan Gymnasium (Sewanee, Tenn.)",Win,2,False,,False,--,"REBOUND OFF by PURDY,SAM",35.0,,19.0,,,,"REBOUND OFF by PURDY,SAM",1,offensive rebound,,oum,"purdy,sam",,"['steioff,andrew', 'pitts,alec', 'molinet,christian', 'davis,alex', 'purdy,sam']","['bryant,valentino', 'brown,tyler', 'nelson,anvil', 'affronti,lewis', 'williams,trent']",,oum,25,0,0.0
126,126,1017,Sewanee,OUM,1,60-61,"19,42","35,25",5-3,4-6,1-2,0-2,12/16/11,8:00 p.m.,,"Juhan Gymnasium (Sewanee, Tenn.)",Win,2,False,,False,00:01,"MISS JUMPER by PURDY,SAM",35.0,,19.0,,,,"MISS JUMPER by PURDY,SAM",1,jumper,missed,oum,"purdy,sam",,"['steioff,andrew', 'pitts,alec', 'molinet,christian', 'davis,alex', 'purdy,sam']","['bryant,valentino', 'brown,tyler', 'nelson,anvil', 'affronti,lewis', 'williams,trent']",1.0,oum,25,0,0.0
127,127,1017,Sewanee,OUM,1,60-61,"19,42","35,25",5-3,4-6,1-2,0-2,12/16/11,8:00 p.m.,,"Juhan Gymnasium (Sewanee, Tenn.)",Win,2,False,,False,--,REBOUND DEADB by TEAM,35.0,,19.0,,,,REBOUND DEADB by TEAM,1,deadball rebound,,oum,,,"['steioff,andrew', 'pitts,alec', 'molinet,christian', 'davis,alex', 'purdy,sam']","['bryant,valentino', 'brown,tyler', 'nelson,anvil', 'affronti,lewis', 'williams,trent']",,oum,25,0,0.0
128,128,1017,Sewanee,OUM,1,60-61,"19,42","35,25",5-3,4-6,1-2,0-2,12/16/11,8:00 p.m.,,"Juhan Gymnasium (Sewanee, Tenn.)",Win,2,False,,False,19:40,"MISS 3PTR by JOVAAG,BRANDEN",35.0,,19.0,,,,"MISS 3PTR by JOVAAG,BRANDEN",2,three pointer,missed,oum,"jovaag,branden",,"['steioff,andrew', 'pitts,alec', 'molinet,christian', 'davis,alex', 'purdy,sam']","['bryant,valentino', 'brown,tyler', 'nelson,anvil', 'affronti,lewis', 'williams,trent']",1180.0,oum,25,0,0.0
129,129,1017,Sewanee,OUM,1,60-61,"19,42","35,25",5-3,4-6,1-2,0-2,12/16/11,8:00 p.m.,,"Juhan Gymnasium (Sewanee, Tenn.)",Win,2,False,,False,--,,35.0,,19.0,"REBOUND DEF by BROWN,TYLER",,,"REBOUND DEF by BROWN,TYLER",2,defensive rebound,,sewanee,"brown,tyler",,"['steioff,andrew', 'pitts,alec', 'molinet,christian', 'davis,alex', 'purdy,sam']","['bryant,valentino', 'brown,tyler', 'nelson,anvil', 'affronti,lewis', 'williams,trent']",,oum,25,0,0.0
130,130,1017,Sewanee,OUM,1,60-61,"19,42","35,25",5-3,4-6,1-2,0-2,12/16/11,8:00 p.m.,,"Juhan Gymnasium (Sewanee, Tenn.)",Win,2,False,,False,19:23,,35.0,,21.0,"GOOD LAYUP by WILLIAMS,TRENT(in the paint)",SEW 35-21 (-14),,"GOOD LAYUP by WILLIAMS,TRENT(in the paint)",2,layup,good,sewanee,"williams,trent",2.0,"['steioff,andrew', 'pitts,alec', 'molinet,christian', 'davis,alex', 'purdy,sam']","['bryant,valentino', 'brown,tyler', 'nelson,anvil', 'affronti,lewis', 'williams,trent']",1163.0,sewanee,26,0,0.0
131,131,1017,Sewanee,OUM,1,60-61,"19,42","35,25",5-3,4-6,1-2,0-2,12/16/11,8:00 p.m.,,"Juhan Gymnasium (Sewanee, Tenn.)",Win,2,False,,False,18:50,"MISS 3PTR by MOLINET,CHRISTIAN",35.0,,21.0,,,,"MISS 3PTR by MOLINET,CHRISTIAN",2,three pointer,missed,oum,"molinet,christian",,"['steioff,andrew', 'pitts,alec', 'molinet,christian', 'davis,alex', 'purdy,sam']","['bryant,valentino', 'brown,tyler', 'nelson,anvil', 'affronti,lewis', 'williams,trent']",1130.0,sewanee,26,0,0.0
132,132,1017,Sewanee,OUM,1,60-61,"19,42","35,25",5-3,4-6,1-2,0-2,12/16/11,8:00 p.m.,,"Juhan Gymnasium (Sewanee, Tenn.)",Win,2,False,,False,--,,35.0,,21.0,REBOUND DEF by TEAM,,,REBOUND DEF by TEAM,2,defensive rebound,,sewanee,,,"['steioff,andrew', 'pitts,alec', 'molinet,christian', 'davis,alex', 'purdy,sam']","['bryant,valentino', 'brown,tyler', 'nelson,anvil', 'affronti,lewis', 'williams,trent']",,sewanee,26,0,0.0
133,133,1017,Sewanee,OUM,1,60-61,"19,42","35,25",5-3,4-6,1-2,0-2,12/16/11,8:00 p.m.,,"Juhan Gymnasium (Sewanee, Tenn.)",Win,2,False,,False,18:26,,35.0,,24.0,"GOOD 3PTR by BRYANT,VALENTINO",SEW 35-24 (-11),,"GOOD 3PTR by BRYANT,VALENTINO",2,three pointer,good,sewanee,"bryant,valentino",3.0,"['steioff,andrew', 'pitts,alec', 'molinet,christian', 'davis,alex', 'purdy,sam']","['bryant,valentino', 'brown,tyler', 'nelson,anvil', 'affronti,lewis', 'williams,trent']",1106.0,sewanee,26,0,0.0
134,134,1017,Sewanee,OUM,1,60-61,"19,42","35,25",5-3,4-6,1-2,0-2,12/16/11,8:00 p.m.,,"Juhan Gymnasium (Sewanee, Tenn.)",Win,2,False,,False,--,,35.0,,24.0,"ASSIST  by WILLIAMS,TRENT",,,"ASSIST  by WILLIAMS,TRENT",2,assist,,sewanee,"williams,trent",,"['steioff,andrew', 'pitts,alec', 'molinet,christian', 'davis,alex', 'purdy,sam']","['bryant,valentino', 'brown,tyler', 'nelson,anvil', 'affronti,lewis', 'williams,trent']",,sewanee,26,0,0.0
135,135,1017,Sewanee,OUM,1,60-61,"19,42","35,25",5-3,4-6,1-2,0-2,12/16/11,8:00 p.m.,,"Juhan Gymnasium (Sewanee, Tenn.)",Win,2,False,,False,18:00,"MISS JUMPER by PITTS,ALEC",35.0,,24.0,,,,"MISS JUMPER by PITTS,ALEC",2,jumper,missed,oum,"pitts,alec",,"['steioff,andrew', 'pitts,alec', 'molinet,christian', 'davis,alex', 'purdy,sam']","['bryant,valentino', 'brown,tyler', 'nelson,anvil', 'affronti,lewis', 'williams,trent']",1080.0,sewanee,26,0,0.0
136,136,1017,Sewanee,OUM,1,60-61,"19,42","35,25",5-3,4-6,1-2,0-2,12/16/11,8:00 p.m.,,"Juhan Gymnasium (Sewanee, Tenn.)",Win,2,False,,False,--,,35.0,,24.0,"REBOUND DEF by BROWN,TYLER",,,"REBOUND DEF by BROWN,TYLER",2,defensive rebound,,sewanee,"brown,tyler",,"['steioff,andrew', 'pitts,alec', 'molinet,christian', 'davis,alex', 'purdy,sam']","['bryant,valentino', 'brown,tyler', 'nelson,anvil', 'affronti,lewis', 'williams,trent']",,sewanee,26,0,0.0
137,137,1017,Sewanee,OUM,1,60-61,"19,42","35,25",5-3,4-6,1-2,0-2,12/16/11,8:00 p.m.,,"Juhan Gymnasium (Sewanee, Tenn.)",Win,2,False,,False,17:53,,35.0,,26.0,"GOOD JUMPER by BRYANT,VALENTINO",SEW 35-26 (-9),,"GOOD JUMPER by BRYANT,VALENTINO",2,jumper,good,sewanee,"bryant,valentino",2.0,"['steioff,andrew', 'pitts,alec', 'molinet,christian', 'davis,alex', 'purdy,sam']","['bryant,valentino', 'brown,tyler', 'nelson,anvil', 'affronti,lewis', 'williams,trent']",1073.0,sewanee,26,0,0.0
138,138,1017,Sewanee,OUM,1,60-61,"19,42","35,25",5-3,4-6,1-2,0-2,12/16/11,8:00 p.m.,,"Juhan Gymnasium (Sewanee, Tenn.)",Win,2,False,,False,17:25,"MISS JUMPER by MOLINET,CHRISTIAN",35.0,,26.0,,,,"MISS JUMPER by MOLINET,CHRISTIAN",2,jumper,missed,oum,"molinet,christian",,"['steioff,andrew', 'pitts,alec', 'molinet,christian', 'davis,alex', 'purdy,sam']","['bryant,valentino', 'brown,tyler', 'nelson,anvil', 'affronti,lewis', 'williams,trent']",1045.0,sewanee,26,0,0.0
139,139,1017,Sewanee,OUM,1,60-61,"19,42","35,25",5-3,4-6,1-2,0-2,12/16/11,8:00 p.m.,,"Juhan Gymnasium (Sewanee, Tenn.)",Win,2,False,,False,--,,35.0,,26.0,"REBOUND DEF by NELSON,ANVIL",,,"REBOUND DEF by NELSON,ANVIL",2,defensive rebound,,sewanee,"nelson,anvil",,"['steioff,andrew', 'pitts,alec', 'molinet,christian', 'davis,alex', 'purdy,sam']","['bryant,valentino', 'brown,tyler', 'nelson,anvil', 'affronti,lewis', 'williams,trent']",,sewanee,26,0,0.0
140,140,1017,Sewanee,OUM,1,60-61,"19,42","35,25",5-3,4-6,1-2,0-2,12/16/11,8:00 p.m.,,"Juhan Gymnasium (Sewanee, Tenn.)",Win,2,False,,False,17:15,,35.0,,28.0,"GOOD LAYUP by BROWN,TYLER(in the paint)",SEW 35-28 (-7),,"GOOD LAYUP by BROWN,TYLER(in the paint)",2,layup,good,sewanee,"brown,tyler",2.0,"['steioff,andrew', 'pitts,alec', 'molinet,christian', 'davis,alex', 'purdy,sam']","['bryant,valentino', 'brown,tyler', 'nelson,anvil', 'affronti,lewis', 'williams,trent']",1035.0,sewanee,26,0,0.0
141,141,1017,Sewanee,OUM,1,60-61,"19,42","35,25",5-3,4-6,1-2,0-2,12/16/11,8:00 p.m.,,"Juhan Gymnasium (Sewanee, Tenn.)",Win,2,False,,False,--,,35.0,,28.0,"ASSIST  by BRYANT,VALENTINO",,,"ASSIST  by BRYANT,VALENTINO",2,assist,,sewanee,"bryant,valentino",,"['steioff,andrew', 'pitts,alec', 'molinet,christian', 'davis,alex', 'purdy,sam']","['bryant,valentino', 'brown,tyler', 'nelson,anvil', 'affronti,lewis', 'williams,trent']",,sewanee,26,0,0.0
142,142,1017,Sewanee,OUM,1,60-61,"19,42","35,25",5-3,4-6,1-2,0-2,12/16/11,8:00 p.m.,,"Juhan Gymnasium (Sewanee, Tenn.)",Win,2,False,,False,16:52,"MISS JUMPER by PITTS,ALEC",35.0,,28.0,,,,"MISS JUMPER by PITTS,ALEC",2,jumper,missed,oum,"pitts,alec",,"['steioff,andrew', 'pitts,alec', 'molinet,christian', 'davis,alex', 'purdy,sam']","['bryant,valentino', 'brown,tyler', 'nelson,anvil', 'affronti,lewis', 'williams,trent']",1012.0,sewanee,26,0,0.0
143,143,1017,Sewanee,OUM,1,60-61,"19,42","35,25",5-3,4-6,1-2,0-2,12/16/11,8:00 p.m.,,"Juhan Gymnasium (Sewanee, Tenn.)",Win,2,False,,False,16:52,,35.0,,28.0,"BLOCK  by BRYANT,VALENTINO",,,"BLOCK  by BRYANT,VALENTINO",2,block,,sewanee,"bryant,valentino",,"['steioff,andrew', 'pitts,alec', 'molinet,christian', 'davis,alex', 'purdy,sam']","['bryant,valentino', 'brown,tyler', 'nelson,anvil', 'affronti,lewis', 'williams,trent']",1012.0,sewanee,26,0,0.0
144,144,1017,Sewanee,OUM,1,60-61,"19,42","35,25",5-3,4-6,1-2,0-2,12/16/11,8:00 p.m.,,"Juhan Gymnasium (Sewanee, Tenn.)",Win,2,False,,False,--,REBOUND OFF by TEAM,35.0,,28.0,,,,REBOUND OFF by TEAM,2,offensive rebound,,oum,,,"['steioff,andrew', 'pitts,alec', 'molinet,christian', 'davis,alex', 'purdy,sam']","['bryant,valentino', 'brown,tyler', 'nelson,anvil', 'affronti,lewis', 'williams,trent']",,sewanee,26,0,0.0
145,145,1017,Sewanee,OUM,1,60-61,"19,42","35,25",5-3,4-6,1-2,0-2,12/16/11,8:00 p.m.,,"Juhan Gymnasium (Sewanee, Tenn.)",Win,2,False,,False,16:38,"TURNOVER  by PITTS,ALEC",35.0,,28.0,,,,"TURNOVER  by PITTS,ALEC",2,turnover,,oum,"pitts,alec",,"['steioff,andrew', 'pitts,alec', 'molinet,christian', 'davis,alex', 'purdy,sam']","['bryant,valentino', 'brown,tyler', 'nelson,anvil', 'affronti,lewis', 'williams,trent']",998.0,sewanee,26,0,0.0
146,146,1017,Sewanee,OUM,1,60-61,"19,42","35,25",5-3,4-6,1-2,0-2,12/16/11,8:00 p.m.,,"Juhan Gymnasium (Sewanee, Tenn.)",Win,2,False,,False,16:12,"FOUL  by PURDY,SAM",35.0,,28.0,,,,"FOUL  by PURDY,SAM",2,foul,,oum,"purdy,sam",,"['steioff,andrew', 'pitts,alec', 'molinet,christian', 'davis,alex', 'purdy,sam']","['bryant,valentino', 'brown,tyler', 'nelson,anvil', 'affronti,lewis', 'williams,trent']",972.0,sewanee,26,0,0.0
147,147,1017,Sewanee,OUM,1,60-61,"19,42","35,25",5-3,4-6,1-2,0-2,12/16/11,8:00 p.m.,,"Juhan Gymnasium (Sewanee, Tenn.)",Win,2,False,,False,16:12,,35.0,,29.0,"GOOD FT by BROWN,TYLER",SEW 35-29 (-6),,"GOOD FT by BROWN,TYLER",2,free throw,good,sewanee,"brown,tyler",1.0,"['steioff,andrew', 'pitts,alec', 'molinet,christian', 'davis,alex', 'purdy,sam']","['bryant,valentino', 'brown,tyler', 'nelson,anvil', 'affronti,lewis', 'williams,trent']",972.0,sewanee,26,0,0.0
148,148,1017,Sewanee,OUM,1,60-61,"19,42","35,25",5-3,4-6,1-2,0-2,12/16/11,8:00 p.m.,,"Juhan Gymnasium (Sewanee, Tenn.)",Win,2,False,,False,16:12,,35.0,,30.0,"GOOD FT by BROWN,TYLER",SEW 35-30 (-5),,"GOOD FT by BROWN,TYLER",2,free throw,good,sewanee,"brown,tyler",1.0,"['steioff,andrew', 'pitts,alec', 'molinet,christian', 'davis,alex', 'purdy,sam']","['bryant,valentino', 'brown,tyler', 'nelson,anvil', 'affronti,lewis', 'williams,trent']",972.0,sewanee,26,0,0.0
149,149,1017,Sewanee,OUM,1,60-61,"19,42","35,25",5-3,4-6,1-2,0-2,12/16/11,8:00 p.m.,,"Juhan Gymnasium (Sewanee, Tenn.)",Win,2,False,,False,15:52,"MISS 3PTR by JOVAAG,BRANDEN",35.0,,30.0,,,,"MISS 3PTR by JOVAAG,BRANDEN",2,three pointer,missed,oum,"jovaag,branden",,"['steioff,andrew', 'pitts,alec', 'molinet,christian', 'davis,alex', 'purdy,sam']","['bryant,valentino', 'brown,tyler', 'nelson,anvil', 'affronti,lewis', 'williams,trent']",952.0,sewanee,26,0,0.0
150,150,1017,Sewanee,OUM,1,60-61,"19,42","35,25",5-3,4-6,1-2,0-2,12/16/11,8:00 p.m.,,"Juhan Gymnasium (Sewanee, Tenn.)",Win,2,False,,False,--,REBOUND OFF by TEAM,35.0,,30.0,,,,REBOUND OFF by TEAM,2,offensive rebound,,oum,,,"['steioff,andrew', 'pitts,alec', 'molinet,christian', 'davis,alex', 'purdy,sam']","['bryant,valentino', 'brown,tyler', 'nelson,anvil', 'affronti,lewis', 'williams,trent']",,sewanee,26,0,0.0
151,151,1017,Sewanee,OUM,1,60-61,"19,42","35,25",5-3,4-6,1-2,0-2,12/16/11,8:00 p.m.,,"Juhan Gymnasium (Sewanee, Tenn.)",Win,2,False,,False,15:52,,35.0,,30.0,"FOUL  by NELSON,ANVIL",,,"FOUL  by NELSON,ANVIL",2,foul,,sewanee,"nelson,anvil",,"['steioff,andrew', 'pitts,alec', 'molinet,christian', 'davis,alex', 'purdy,sam']","['bryant,valentino', 'brown,tyler', 'nelson,anvil', 'affronti,lewis', 'williams,trent']",952.0,sewanee,26,0,0.0
152,152,1017,Sewanee,OUM,1,60-61,"19,42","35,25",5-3,4-6,1-2,0-2,12/16/11,8:00 p.m.,,"Juhan Gymnasium (Sewanee, Tenn.)",Win,2,False,,False,15:33,,35.0,,30.0,"FOUL  by NELSON,ANVIL",,,"FOUL  by NELSON,ANVIL",2,foul,,sewanee,"nelson,anvil",,"['steioff,andrew', 'pitts,alec', 'molinet,christian', 'davis,alex', 'purdy,sam']","['bryant,valentino', 'brown,tyler', 'nelson,anvil', 'affronti,lewis', 'williams,trent']",933.0,sewanee,26,0,0.0
153,153,1017,Sewanee,OUM,1,60-61,"19,42","35,25",5-3,4-6,1-2,0-2,12/16/11,8:00 p.m.,,"Juhan Gymnasium (Sewanee, Tenn.)",Win,2,False,,False,15:33,"TURNOVER  by PITTS,ALEC",35.0,,30.0,,,,"TURNOVER  by PITTS,ALEC",2,turnover,,oum,"pitts,alec",,"['steioff,andrew', 'pitts,alec', 'molinet,christian', 'davis,alex', 'purdy,sam']","['bryant,valentino', 'brown,tyler', 'nelson,anvil', 'affronti,lewis', 'williams,trent']",933.0,sewanee,26,0,0.0
154,154,1017,Sewanee,OUM,1,60-61,"19,42","35,25",5-3,4-6,1-2,0-2,12/16/11,8:00 p.m.,,"Juhan Gymnasium (Sewanee, Tenn.)",Win,2,False,,False,15:15,,35.0,,30.0,"MISS 3PTR by AFFRONTI,LEWIS",,,"MISS 3PTR by AFFRONTI,LEWIS",2,three pointer,missed,sewanee,"affronti,lewis",,"['steioff,andrew', 'pitts,alec', 'molinet,christian', 'davis,alex', 'purdy,sam']","['bryant,valentino', 'brown,tyler', 'nelson,anvil', 'affronti,lewis', 'williams,trent']",915.0,sewanee,26,0,0.0
155,155,1017,Sewanee,OUM,1,60-61,"19,42","35,25",5-3,4-6,1-2,0-2,12/16/11,8:00 p.m.,,"Juhan Gymnasium (Sewanee, Tenn.)",Win,2,False,,False,--,"REBOUND DEF by JOVAAG,BRANDEN",35.0,,30.0,,,,"REBOUND DEF by JOVAAG,BRANDEN",2,defensive rebound,,oum,"jovaag,branden",,"['steioff,andrew', 'pitts,alec', 'molinet,christian', 'davis,alex', 'purdy,sam']","['bryant,valentino', 'brown,tyler', 'nelson,anvil', 'affronti,lewis', 'williams,trent']",,sewanee,26,0,0.0
156,156,1017,Sewanee,OUM,1,60-61,"19,42","35,25",5-3,4-6,1-2,0-2,12/16/11,8:00 p.m.,,"Juhan Gymnasium (Sewanee, Tenn.)",Win,2,False,,False,15:00,"TURNOVER  by STEIOFF,ANDREW",35.0,,30.0,,,,"TURNOVER  by STEIOFF,ANDREW",2,turnover,,oum,"steioff,andrew",,"['steioff,andrew', 'pitts,alec', 'molinet,christian', 'davis,alex', 'purdy,sam']","['bryant,valentino', 'brown,tyler', 'nelson,anvil', 'affronti,lewis', 'williams,trent']",900.0,oum,27,0,0.0
157,157,1017,Sewanee,OUM,1,60-61,"19,42","35,25",5-3,4-6,1-2,0-2,12/16/11,8:00 p.m.,,"Juhan Gymnasium (Sewanee, Tenn.)",Win,2,False,,False,15:00,"FOUL  by STEIOFF,ANDREW",35.0,,30.0,,,,"FOUL  by STEIOFF,ANDREW",2,foul,,oum,"steioff,andrew",,"['steioff,andrew', 'pitts,alec', 'molinet,christian', 'davis,alex', 'purdy,sam']","['bryant,valentino', 'brown,tyler', 'nelson,anvil', 'affronti,lewis', 'williams,trent']",900.0,sewanee,28,0,0.0
158,158,1017,Sewanee,OUM,1,60-61,"19,42","35,25",5-3,4-6,1-2,0-2,12/16/11,8:00 p.m.,,"Juhan Gymnasium (Sewanee, Tenn.)",Win,2,False,,False,14:35,,35.0,,33.0,"GOOD 3PTR by BRYANT,VALENTINO",SEW 35-33 (-2),,"GOOD 3PTR by BRYANT,VALENTINO",2,three pointer,good,sewanee,"bryant,valentino",3.0,"['steioff,andrew', 'pitts,alec', 'molinet,christian', 'davis,alex', 'purdy,sam']","['bryant,valentino', 'brown,tyler', 'nelson,anvil', 'affronti,lewis', 'williams,trent']",875.0,sewanee,28,0,0.0
159,159,1017,Sewanee,OUM,1,60-61,"19,42","35,25",5-3,4-6,1-2,0-2,12/16/11,8:00 p.m.,,"Juhan Gymnasium (Sewanee, Tenn.)",Win,2,False,,False,--,,35.0,,33.0,"ASSIST  by AFFRONTI,LEWIS",,,"ASSIST  by AFFRONTI,LEWIS",2,assist,,sewanee,"affronti,lewis",,"['steioff,andrew', 'pitts,alec', 'molinet,christian', 'davis,alex', 'purdy,sam']","['bryant,valentino', 'brown,tyler', 'nelson,anvil', 'affronti,lewis', 'williams,trent']",,sewanee,28,0,0.0
160,160,1017,Sewanee,OUM,1,60-61,"19,42","35,25",5-3,4-6,1-2,0-2,12/16/11,8:00 p.m.,,"Juhan Gymnasium (Sewanee, Tenn.)",Win,2,False,,False,13:58,"TURNOVER  by MOLINET,CHRISTIAN",35.0,,33.0,,,,"TURNOVER  by MOLINET,CHRISTIAN",2,turnover,,oum,"molinet,christian",,"['steioff,andrew', 'pitts,alec', 'molinet,christian', 'davis,alex', 'purdy,sam']","['bryant,valentino', 'brown,tyler', 'nelson,anvil', 'affronti,lewis', 'williams,trent']",838.0,sewanee,28,0,0.0
161,161,1017,Sewanee,OUM,1,60-61,"19,42","35,25",5-3,4-6,1-2,0-2,12/16/11,8:00 p.m.,,"Juhan Gymnasium (Sewanee, Tenn.)",Win,2,False,,False,13:39,,35.0,,33.0,"MISS 3PTR by BRYANT,VALENTINO",,,"MISS 3PTR by BRYANT,VALENTINO",2,three pointer,missed,sewanee,"bryant,valentino",,"['steioff,andrew', 'pitts,alec', 'molinet,christian', 'davis,alex', 'purdy,sam']","['bryant,valentino', 'brown,tyler', 'nelson,anvil', 'affronti,lewis', 'williams,trent']",819.0,sewanee,28,0,0.0
162,162,1017,Sewanee,OUM,1,60-61,"19,42","35,25",5-3,4-6,1-2,0-2,12/16/11,8:00 p.m.,,"Juhan Gymnasium (Sewanee, Tenn.)",Win,2,False,,False,--,"REBOUND DEF by PURDY,SAM",35.0,,33.0,,,,"REBOUND DEF by PURDY,SAM",2,defensive rebound,,oum,"purdy,sam",,"['steioff,andrew', 'pitts,alec', 'molinet,christian', 'davis,alex', 'purdy,sam']","['bryant,valentino', 'brown,tyler', 'nelson,anvil', 'affronti,lewis', 'williams,trent']",,sewanee,28,0,0.0
163,163,1017,Sewanee,OUM,1,60-61,"19,42","35,25",5-3,4-6,1-2,0-2,12/16/11,8:00 p.m.,,"Juhan Gymnasium (Sewanee, Tenn.)",Win,2,False,,False,13:35,"TURNOVER  by PURDY,SAM",35.0,,33.0,,,,"TURNOVER  by PURDY,SAM",2,turnover,,oum,"purdy,sam",,"['steioff,andrew', 'pitts,alec', 'molinet,christian', 'davis,alex', 'purdy,sam']","['bryant,valentino', 'brown,tyler', 'nelson,anvil', 'affronti,lewis', 'williams,trent']",815.0,oum,29,0,0.0
164,164,1017,Sewanee,OUM,1,60-61,"19,42","35,25",5-3,4-6,1-2,0-2,12/16/11,8:00 p.m.,,"Juhan Gymnasium (Sewanee, Tenn.)",Win,2,False,,False,13:33,,35.0,,33.0,"STEAL  by AFFRONTI,LEWIS",,,"STEAL  by AFFRONTI,LEWIS",2,steal,,sewanee,,,"['steioff,andrew', 'pitts,alec', 'molinet,christian', 'davis,alex', 'purdy,sam']","['bryant,valentino', 'brown,tyler', 'nelson,anvil', 'affronti,lewis', 'williams,trent']",813.0,oum,29,0,0.0
165,165,1017,Sewanee,OUM,1,60-61,"19,42","35,25",5-3,4-6,1-2,0-2,12/16/11,8:00 p.m.,,"Juhan Gymnasium (Sewanee, Tenn.)",Win,2,False,,False,13:31,,35.0,,35.0,"GOOD LAYUP by BROWN,TYLER(in the paint)",SEW 35-35 (0),,"GOOD LAYUP by BROWN,TYLER(in the paint)",2,layup,good,sewanee,"brown,tyler",2.0,"['steioff,andrew', 'pitts,alec', 'molinet,christian', 'davis,alex', 'purdy,sam']","['bryant,valentino', 'brown,tyler', 'nelson,anvil', 'affronti,lewis', 'williams,trent']",811.0,sewanee,30,0,0.0
166,166,1017,Sewanee,OUM,1,60-61,"19,42","35,25",5-3,4-6,1-2,0-2,12/16/11,8:00 p.m.,,"Juhan Gymnasium (Sewanee, Tenn.)",Win,2,False,,False,--,,35.0,,35.0,"ASSIST  by AFFRONTI,LEWIS",,,"ASSIST  by AFFRONTI,LEWIS",2,assist,,sewanee,"affronti,lewis",,"['steioff,andrew', 'pitts,alec', 'molinet,christian', 'davis,alex', 'purdy,sam']","['bryant,valentino', 'brown,tyler', 'nelson,anvil', 'affronti,lewis', 'williams,trent']",,sewanee,30,0,0.0
167,167,1017,Sewanee,OUM,1,60-61,"19,42","35,25",5-3,4-6,1-2,0-2,12/16/11,8:00 p.m.,,"Juhan Gymnasium (Sewanee, Tenn.)",Win,2,False,,False,13:31,"FOUL  by DAVIS,ALEX",35.0,,35.0,,,,"FOUL  by DAVIS,ALEX",2,foul,,oum,"davis,alex",,"['steioff,andrew', 'pitts,alec', 'molinet,christian', 'davis,alex', 'purdy,sam']","['bryant,valentino', 'brown,tyler', 'nelson,anvil', 'affronti,lewis', 'williams,trent']",811.0,sewanee,30,0,0.0
168,168,1017,Sewanee,OUM,1,60-61,"19,42","35,25",5-3,4-6,1-2,0-2,12/16/11,8:00 p.m.,,"Juhan Gymnasium (Sewanee, Tenn.)",Win,2,False,,False,13:31,,35.0,,36.0,"GOOD FT by BROWN,TYLER",SEW 35-36 (+1),,"GOOD FT by BROWN,TYLER",2,free throw,good,sewanee,"brown,tyler",1.0,"['steioff,andrew', 'pitts,alec', 'molinet,christian', 'davis,alex', 'purdy,sam']","['bryant,valentino', 'brown,tyler', 'nelson,anvil', 'affronti,lewis', 'williams,trent']",811.0,sewanee,30,0,0.0
169,169,1017,Sewanee,OUM,1,60-61,"19,42","35,25",5-3,4-6,1-2,0-2,12/16/11,8:00 p.m.,,"Juhan Gymnasium (Sewanee, Tenn.)",Win,2,False,,False,13:20,"MISS 3PTR by JOVAAG,BRANDEN",35.0,,36.0,,,,"MISS 3PTR by JOVAAG,BRANDEN",2,three pointer,missed,oum,"jovaag,branden",,"['steioff,andrew', 'pitts,alec', 'molinet,christian', 'davis,alex', 'purdy,sam']","['bryant,valentino', 'brown,tyler', 'nelson,anvil', 'affronti,lewis', 'williams,trent']",800.0,sewanee,30,0,0.0
170,170,1017,Sewanee,OUM,1,60-61,"19,42","35,25",5-3,4-6,1-2,0-2,12/16/11,8:00 p.m.,,"Juhan Gymnasium (Sewanee, Tenn.)",Win,2,False,,False,--,,35.0,,36.0,"REBOUND DEF by BROWN,TYLER",,,"REBOUND DEF by BROWN,TYLER",2,defensive rebound,,sewanee,"brown,tyler",,"['steioff,andrew', 'pitts,alec', 'molinet,christian', 'davis,alex', 'purdy,sam']","['bryant,valentino', 'brown,tyler', 'nelson,anvil', 'affronti,lewis', 'williams,trent']",,sewanee,30,0,0.0
171,171,1017,Sewanee,OUM,1,60-61,"19,42","35,25",5-3,4-6,1-2,0-2,12/16/11,8:00 p.m.,,"Juhan Gymnasium (Sewanee, Tenn.)",Win,2,False,,False,13:11,,35.0,,36.0,"MISS 3PTR by AFFRONTI,LEWIS",,,"MISS 3PTR by AFFRONTI,LEWIS",2,three pointer,missed,sewanee,"affronti,lewis",,"['steioff,andrew', 'pitts,alec', 'molinet,christian', 'davis,alex', 'purdy,sam']","['bryant,valentino', 'brown,tyler', 'nelson,anvil', 'affronti,lewis', 'williams,trent']",791.0,sewanee,30,0,0.0
172,172,1017,Sewanee,OUM,1,60-61,"19,42","35,25",5-3,4-6,1-2,0-2,12/16/11,8:00 p.m.,,"Juhan Gymnasium (Sewanee, Tenn.)",Win,2,False,,False,--,"REBOUND DEF by PURDY,SAM",35.0,,36.0,,,,"REBOUND DEF by PURDY,SAM",2,defensive rebound,,oum,"purdy,sam",,"['steioff,andrew', 'pitts,alec', 'molinet,christian', 'davis,alex', 'purdy,sam']","['bryant,valentino', 'brown,tyler', 'nelson,anvil', 'affronti,lewis', 'williams,trent']",,sewanee,30,0,0.0
173,173,1017,Sewanee,OUM,1,60-61,"19,42","35,25",5-3,4-6,1-2,0-2,12/16/11,8:00 p.m.,,"Juhan Gymnasium (Sewanee, Tenn.)",Win,2,False,,False,12:50,"GOOD 3PTR by JOVAAG,BRANDEN",38.0,,36.0,,OUM 38-36 (-2),,"GOOD 3PTR by JOVAAG,BRANDEN",2,three pointer,good,oum,"jovaag,branden",3.0,"['steioff,andrew', 'pitts,alec', 'molinet,christian', 'davis,alex', 'purdy,sam']","['bryant,valentino', 'brown,tyler', 'nelson,anvil', 'affronti,lewis', 'williams,trent']",770.0,oum,31,0,0.0
174,174,1017,Sewanee,OUM,1,60-61,"19,42","35,25",5-3,4-6,1-2,0-2,12/16/11,8:00 p.m.,,"Juhan Gymnasium (Sewanee, Tenn.)",Win,2,False,,False,--,"ASSIST  by PURDY,SAM",38.0,,36.0,,,,"ASSIST  by PURDY,SAM",2,assist,,oum,"purdy,sam",,"['steioff,andrew', 'pitts,alec', 'molinet,christian', 'davis,alex', 'purdy,sam']","['bryant,valentino', 'brown,tyler', 'nelson,anvil', 'affronti,lewis', 'williams,trent']",,oum,31,0,0.0
175,175,1017,Sewanee,OUM,1,60-61,"19,42","35,25",5-3,4-6,1-2,0-2,12/16/11,8:00 p.m.,,"Juhan Gymnasium (Sewanee, Tenn.)",Win,2,False,,False,12:23,,38.0,,36.0,"MISS 3PTR by BRYANT,VALENTINO",,,"MISS 3PTR by BRYANT,VALENTINO",2,three pointer,missed,sewanee,"bryant,valentino",,"['steioff,andrew', 'pitts,alec', 'molinet,christian', 'davis,alex', 'purdy,sam']","['bryant,valentino', 'brown,tyler', 'nelson,anvil', 'affronti,lewis', 'williams,trent']",743.0,oum,31,0,0.0
176,176,1017,Sewanee,OUM,1,60-61,"19,42","35,25",5-3,4-6,1-2,0-2,12/16/11,8:00 p.m.,,"Juhan Gymnasium (Sewanee, Tenn.)",Win,2,False,,False,--,,38.0,,36.0,"REBOUND OFF by BROWN,TYLER",,,"REBOUND OFF by BROWN,TYLER",2,offensive rebound,,sewanee,"brown,tyler",,"['steioff,andrew', 'pitts,alec', 'molinet,christian', 'davis,alex', 'purdy,sam']","['bryant,valentino', 'brown,tyler', 'nelson,anvil', 'affronti,lewis', 'williams,trent']",,oum,31,0,0.0
177,177,1017,Sewanee,OUM,1,60-61,"19,42","35,25",5-3,4-6,1-2,0-2,12/16/11,8:00 p.m.,,"Juhan Gymnasium (Sewanee, Tenn.)",Win,2,False,,False,12:21,"FOUL  by MOLINET,CHRISTIAN",38.0,,36.0,,,,"FOUL  by MOLINET,CHRISTIAN",2,foul,,oum,"molinet,christian",,"['steioff,andrew', 'pitts,alec', 'molinet,christian', 'davis,alex', 'purdy,sam']","['bryant,valentino', 'brown,tyler', 'nelson,anvil', 'affronti,lewis', 'williams,trent']",741.0,oum,31,0,0.0
178,178,1017,Sewanee,OUM,1,60-61,"19,42","35,25",5-3,4-6,1-2,0-2,12/16/11,8:00 p.m.,,"Juhan Gymnasium (Sewanee, Tenn.)",Win,2,False,,False,12:19,,38.0,,38.0,"GOOD LAYUP by NELSON,ANVIL(in the paint)",SEW 38-38 (0),,"GOOD LAYUP by NELSON,ANVIL(in the paint)",2,layup,good,sewanee,"nelson,anvil",2.0,"['steioff,andrew', 'pitts,alec', 'molinet,christian', 'davis,alex', 'purdy,sam']","['bryant,valentino', 'brown,tyler', 'nelson,anvil', 'affronti,lewis', 'williams,trent']",739.0,oum,31,0,0.0
179,179,1017,Sewanee,OUM,1,60-61,"19,42","35,25",5-3,4-6,1-2,0-2,12/16/11,8:00 p.m.,,"Juhan Gymnasium (Sewanee, Tenn.)",Win,2,False,,False,--,,38.0,,38.0,"ASSIST  by BOULDIN,BRETT",,,"ASSIST  by BOULDIN,BRETT",2,assist,,sewanee,"bouldin,brett",,"['steioff,andrew', 'pitts,alec', 'molinet,christian', 'davis,alex', 'purdy,sam']","['bryant,valentino', 'brown,tyler', 'nelson,anvil', 'affronti,lewis', 'williams,trent']",,oum,31,0,0.0
180,180,1017,Sewanee,OUM,1,60-61,"19,42","35,25",5-3,4-6,1-2,0-2,12/16/11,8:00 p.m.,,"Juhan Gymnasium (Sewanee, Tenn.)",Win,2,False,,False,12:19,"FOUL  by STEIOFF,ANDREW",38.0,,38.0,,,,"FOUL  by STEIOFF,ANDREW",2,foul,,oum,"steioff,andrew",,"['steioff,andrew', 'pitts,alec', 'molinet,christian', 'davis,alex', 'purdy,sam']","['bryant,valentino', 'brown,tyler', 'nelson,anvil', 'affronti,lewis', 'williams,trent']",739.0,oum,31,0,0.0
181,181,1017,Sewanee,OUM,1,60-61,"19,42","35,25",5-3,4-6,1-2,0-2,12/16/11,8:00 p.m.,,"Juhan Gymnasium (Sewanee, Tenn.)",Win,2,False,,False,12:19,,38.0,,38.0,"MISS FT by NELSON,ANVIL",,,"MISS FT by NELSON,ANVIL",2,free throw,missed,sewanee,"nelson,anvil",,"['steioff,andrew', 'pitts,alec', 'molinet,christian', 'davis,alex', 'purdy,sam']","['bryant,valentino', 'brown,tyler', 'nelson,anvil', 'affronti,lewis', 'williams,trent']",739.0,oum,31,0,0.0
182,182,1017,Sewanee,OUM,1,60-61,"19,42","35,25",5-3,4-6,1-2,0-2,12/16/11,8:00 p.m.,,"Juhan Gymnasium (Sewanee, Tenn.)",Win,2,False,,False,--,,38.0,,38.0,"REBOUND OFF by AFFRONTI,LEWIS",,,"REBOUND OFF by AFFRONTI,LEWIS",2,offensive rebound,,sewanee,"affronti,lewis",,"['steioff,andrew', 'pitts,alec', 'molinet,christian', 'davis,alex', 'purdy,sam']","['bryant,valentino', 'brown,tyler', 'nelson,anvil', 'affronti,lewis', 'williams,trent']",,oum,31,0,0.0
183,183,1017,Sewanee,OUM,1,60-61,"19,42","35,25",5-3,4-6,1-2,0-2,12/16/11,8:00 p.m.,,"Juhan Gymnasium (Sewanee, Tenn.)",Win,2,False,,False,12:06,,38.0,,38.0,"MISS JUMPER by NELSON,ANVIL",,,"MISS JUMPER by NELSON,ANVIL",2,jumper,missed,sewanee,"nelson,anvil",,"['steioff,andrew', 'pitts,alec', 'molinet,christian', 'davis,alex', 'purdy,sam']","['bryant,valentino', 'brown,tyler', 'nelson,anvil', 'affronti,lewis', 'williams,trent']",726.0,oum,31,0,0.0
184,184,1017,Sewanee,OUM,1,60-61,"19,42","35,25",5-3,4-6,1-2,0-2,12/16/11,8:00 p.m.,,"Juhan Gymnasium (Sewanee, Tenn.)",Win,2,False,,False,--,"REBOUND DEF by DAVIS,ALEX",38.0,,38.0,,,,"REBOUND DEF by DAVIS,ALEX",2,defensive rebound,,oum,"davis,alex",,"['steioff,andrew', 'pitts,alec', 'molinet,christian', 'davis,alex', 'purdy,sam']","['bryant,valentino', 'brown,tyler', 'nelson,anvil', 'affronti,lewis', 'williams,trent']",,oum,31,0,0.0
185,185,1017,Sewanee,OUM,1,60-61,"19,42","35,25",5-3,4-6,1-2,0-2,12/16/11,8:00 p.m.,,"Juhan Gymnasium (Sewanee, Tenn.)",Win,2,False,,False,11:53,"MISS LAYUP by DAVIS,ALEX",38.0,,38.0,,,,"MISS LAYUP by DAVIS,ALEX",2,layup,missed,oum,"davis,alex",,"['steioff,andrew', 'pitts,alec', 'molinet,christian', 'davis,alex', 'purdy,sam']","['bryant,valentino', 'brown,tyler', 'nelson,anvil', 'affronti,lewis', 'williams,trent']",713.0,oum,31,0,0.0
186,186,1017,Sewanee,OUM,1,60-61,"19,42","35,25",5-3,4-6,1-2,0-2,12/16/11,8:00 p.m.,,"Juhan Gymnasium (Sewanee, Tenn.)",Win,2,False,,False,--,"REBOUND OFF by STEIOFF,ANDREW",38.0,,38.0,,,,"REBOUND OFF by STEIOFF,ANDREW",2,offensive rebound,,oum,"steioff,andrew",,"['steioff,andrew', 'pitts,alec', 'molinet,christian', 'davis,alex', 'purdy,sam']","['bryant,valentino', 'brown,tyler', 'nelson,anvil', 'affronti,lewis', 'williams,trent']",,oum,31,0,0.0
187,187,1017,Sewanee,OUM,1,60-61,"19,42","35,25",5-3,4-6,1-2,0-2,12/16/11,8:00 p.m.,,"Juhan Gymnasium (Sewanee, Tenn.)",Win,2,False,,False,11:51,,38.0,,38.0,"FOUL  by NELSON,ANVIL",,,"FOUL  by NELSON,ANVIL",2,foul,,sewanee,"nelson,anvil",,"['steioff,andrew', 'pitts,alec', 'molinet,christian', 'davis,alex', 'purdy,sam']","['bryant,valentino', 'brown,tyler', 'nelson,anvil', 'affronti,lewis', 'williams,trent']",711.0,oum,31,0,0.0
188,188,1017,Sewanee,OUM,1,60-61,"19,42","35,25",5-3,4-6,1-2,0-2,12/16/11,8:00 p.m.,,"Juhan Gymnasium (Sewanee, Tenn.)",Win,2,False,,False,11:51,"MISS FT by STEIOFF,ANDREW",38.0,,38.0,,,,"MISS FT by STEIOFF,ANDREW",2,free throw,missed,oum,"steioff,andrew",,"['steioff,andrew', 'pitts,alec', 'molinet,christian', 'davis,alex', 'purdy,sam']","['bryant,valentino', 'brown,tyler', 'nelson,anvil', 'affronti,lewis', 'williams,trent']",711.0,oum,31,0,0.0
189,189,1017,Sewanee,OUM,1,60-61,"19,42","35,25",5-3,4-6,1-2,0-2,12/16/11,8:00 p.m.,,"Juhan Gymnasium (Sewanee, Tenn.)",Win,2,False,,False,--,REBOUND DEADB by TEAM,38.0,,38.0,,,,REBOUND DEADB by TEAM,2,deadball rebound,,oum,,,"['steioff,andrew', 'pitts,alec', 'molinet,christian', 'davis,alex', 'purdy,sam']","['bryant,valentino', 'brown,tyler', 'nelson,anvil', 'affronti,lewis', 'williams,trent']",,oum,31,0,0.0
190,190,1017,Sewanee,OUM,1,60-61,"19,42","35,25",5-3,4-6,1-2,0-2,12/16/11,8:00 p.m.,,"Juhan Gymnasium (Sewanee, Tenn.)",Win,2,False,,False,11:51,"GOOD FT by STEIOFF,ANDREW",39.0,,38.0,,OUM 39-38 (-1),,"GOOD FT by STEIOFF,ANDREW",2,free throw,good,oum,"steioff,andrew",1.0,"['steioff,andrew', 'pitts,alec', 'molinet,christian', 'davis,alex', 'purdy,sam']","['bryant,valentino', 'brown,tyler', 'nelson,anvil', 'affronti,lewis', 'williams,trent']",711.0,oum,31,0,0.0
191,191,1017,Sewanee,OUM,1,60-61,"19,42","35,25",5-3,4-6,1-2,0-2,12/16/11,8:00 p.m.,,"Juhan Gymnasium (Sewanee, Tenn.)",Win,2,False,,False,11:15,"FOUL  by JOVAAG,BRANDEN",39.0,,38.0,,,,"FOUL  by JOVAAG,BRANDEN",2,foul,,oum,"jovaag,branden",,"['steioff,andrew', 'pitts,alec', 'molinet,christian', 'davis,alex', 'purdy,sam']","['bryant,valentino', 'brown,tyler', 'nelson,anvil', 'affronti,lewis', 'williams,trent']",675.0,oum,31,0,0.0
192,192,1017,Sewanee,OUM,1,60-61,"19,42","35,25",5-3,4-6,1-2,0-2,12/16/11,8:00 p.m.,,"Juhan Gymnasium (Sewanee, Tenn.)",Win,2,False,,False,11:15,,39.0,,39.0,"GOOD FT by BOULDIN,BRETT",SEW 39-39 (0),,"GOOD FT by BOULDIN,BRETT",2,free throw,good,sewanee,"bouldin,brett",1.0,"['steioff,andrew', 'pitts,alec', 'molinet,christian', 'davis,alex', 'purdy,sam']","['bryant,valentino', 'brown,tyler', 'nelson,anvil', 'affronti,lewis', 'williams,trent']",675.0,oum,31,0,0.0
193,193,1017,Sewanee,OUM,1,60-61,"19,42","35,25",5-3,4-6,1-2,0-2,12/16/11,8:00 p.m.,,"Juhan Gymnasium (Sewanee, Tenn.)",Win,2,False,,False,11:15,,39.0,,40.0,"GOOD FT by BOULDIN,BRETT",SEW 39-40 (+1),,"GOOD FT by BOULDIN,BRETT",2,free throw,good,sewanee,"bouldin,brett",1.0,"['steioff,andrew', 'pitts,alec', 'molinet,christian', 'davis,alex', 'purdy,sam']","['bryant,valentino', 'brown,tyler', 'nelson,anvil', 'affronti,lewis', 'williams,trent']",675.0,oum,31,0,0.0
194,194,1017,Sewanee,OUM,1,60-61,"19,42","35,25",5-3,4-6,1-2,0-2,12/16/11,8:00 p.m.,,"Juhan Gymnasium (Sewanee, Tenn.)",Win,2,False,,False,11:15,,39.0,,41.0,"GOOD FT by BOULDIN,BRETT",SEW 39-41 (+2),,"GOOD FT by BOULDIN,BRETT",2,free throw,good,sewanee,"bouldin,brett",1.0,"['steioff,andrew', 'pitts,alec', 'molinet,christian', 'davis,alex', 'purdy,sam']","['bryant,valentino', 'brown,tyler', 'nelson,anvil', 'affronti,lewis', 'williams,trent']",675.0,oum,31,0,0.0
195,195,1017,Sewanee,OUM,1,60-61,"19,42","35,25",5-3,4-6,1-2,0-2,12/16/11,8:00 p.m.,,"Juhan Gymnasium (Sewanee, Tenn.)",Win,2,False,,False,10:53,"GOOD LAYUP by STEIOFF,ANDREW(in the paint)",41.0,,41.0,,OUM 41-41 (0),,"GOOD LAYUP by STEIOFF,ANDREW(in the paint)",2,layup,good,oum,"steioff,andrew",2.0,"['steioff,andrew', 'pitts,alec', 'molinet,christian', 'davis,alex', 'purdy,sam']","['bryant,valentino', 'brown,tyler', 'nelson,anvil', 'affronti,lewis', 'williams,trent']",653.0,oum,31,0,0.0
196,196,1017,Sewanee,OUM,1,60-61,"19,42","35,25",5-3,4-6,1-2,0-2,12/16/11,8:00 p.m.,,"Juhan Gymnasium (Sewanee, Tenn.)",Win,2,False,,False,--,"ASSIST  by DAVIS,ALEX",41.0,,41.0,,,,"ASSIST  by DAVIS,ALEX",2,assist,,oum,"davis,alex",,"['steioff,andrew', 'pitts,alec', 'molinet,christian', 'davis,alex', 'purdy,sam']","['bryant,valentino', 'brown,tyler', 'nelson,anvil', 'affronti,lewis', 'williams,trent']",,oum,31,0,0.0
197,197,1017,Sewanee,OUM,1,60-61,"19,42","35,25",5-3,4-6,1-2,0-2,12/16/11,8:00 p.m.,,"Juhan Gymnasium (Sewanee, Tenn.)",Win,2,False,,False,10:33,,41.0,,41.0,"MISS JUMPER by BRYANT,VALENTINO",,,"MISS JUMPER by BRYANT,VALENTINO",2,jumper,missed,sewanee,"bryant,valentino",,"['steioff,andrew', 'pitts,alec', 'molinet,christian', 'davis,alex', 'purdy,sam']","['bryant,valentino', 'brown,tyler', 'nelson,anvil', 'affronti,lewis', 'williams,trent']",633.0,oum,31,0,0.0
198,198,1017,Sewanee,OUM,1,60-61,"19,42","35,25",5-3,4-6,1-2,0-2,12/16/11,8:00 p.m.,,"Juhan Gymnasium (Sewanee, Tenn.)",Win,2,False,,False,--,,41.0,,41.0,"REBOUND OFF by MARTIN,SAM",,,"REBOUND OFF by MARTIN,SAM",2,offensive rebound,,sewanee,"martin,sam",,"['steioff,andrew', 'pitts,alec', 'molinet,christian', 'davis,alex', 'purdy,sam']","['bryant,valentino', 'brown,tyler', 'nelson,anvil', 'affronti,lewis', 'williams,trent']",,oum,31,0,0.0
199,199,1017,Sewanee,OUM,1,60-61,"19,42","35,25",5-3,4-6,1-2,0-2,12/16/11,8:00 p.m.,,"Juhan Gymnasium (Sewanee, Tenn.)",Win,2,False,,False,10:23,,41.0,,41.0,"MISS JUMPER by MARTIN,SAM",,,"MISS JUMPER by MARTIN,SAM",2,jumper,missed,sewanee,"martin,sam",,"['steioff,andrew', 'pitts,alec', 'molinet,christian', 'davis,alex', 'purdy,sam']","['bryant,valentino', 'brown,tyler', 'nelson,anvil', 'affronti,lewis', 'williams,trent']",623.0,oum,31,0,0.0
200,200,1017,Sewanee,OUM,1,60-61,"19,42","35,25",5-3,4-6,1-2,0-2,12/16/11,8:00 p.m.,,"Juhan Gymnasium (Sewanee, Tenn.)",Win,2,False,,False,--,"REBOUND DEF by MOLINET,CHRISTIAN",41.0,,41.0,,,,"REBOUND DEF by MOLINET,CHRISTIAN",2,defensive rebound,,oum,"molinet,christian",,"['steioff,andrew', 'pitts,alec', 'molinet,christian', 'davis,alex', 'purdy,sam']","['bryant,valentino', 'brown,tyler', 'nelson,anvil', 'affronti,lewis', 'williams,trent']",,oum,31,0,0.0
201,201,1017,Sewanee,OUM,1,60-61,"19,42","35,25",5-3,4-6,1-2,0-2,12/16/11,8:00 p.m.,,"Juhan Gymnasium (Sewanee, Tenn.)",Win,2,False,,False,10:07,,41.0,,41.0,"FOUL  by BEVIACQUA,BRYAN",,,"FOUL  by BEVIACQUA,BRYAN",2,foul,,sewanee,"beviacqua,bryan",,"['steioff,andrew', 'pitts,alec', 'molinet,christian', 'davis,alex', 'purdy,sam']","['bryant,valentino', 'brown,tyler', 'nelson,anvil', 'affronti,lewis', 'williams,trent']",607.0,oum,31,0,0.0
202,202,1017,Sewanee,OUM,1,60-61,"19,42","35,25",5-3,4-6,1-2,0-2,12/16/11,8:00 p.m.,,"Juhan Gymnasium (Sewanee, Tenn.)",Win,2,False,,False,10:07,"MISS FT by STEIOFF,ANDREW",41.0,,41.0,,,,"MISS FT by STEIOFF,ANDREW",2,free throw,missed,oum,"steioff,andrew",,"['steioff,andrew', 'pitts,alec', 'molinet,christian', 'davis,alex', 'purdy,sam']","['bryant,valentino', 'brown,tyler', 'nelson,anvil', 'affronti,lewis', 'williams,trent']",607.0,oum,31,0,0.0
203,203,1017,Sewanee,OUM,1,60-61,"19,42","35,25",5-3,4-6,1-2,0-2,12/16/11,8:00 p.m.,,"Juhan Gymnasium (Sewanee, Tenn.)",Win,2,False,,False,--,REBOUND DEADB by TEAM,41.0,,41.0,,,,REBOUND DEADB by TEAM,2,deadball rebound,,oum,,,"['steioff,andrew', 'pitts,alec', 'molinet,christian', 'davis,alex', 'purdy,sam']","['bryant,valentino', 'brown,tyler', 'nelson,anvil', 'affronti,lewis', 'williams,trent']",,oum,31,0,0.0
204,204,1017,Sewanee,OUM,1,60-61,"19,42","35,25",5-3,4-6,1-2,0-2,12/16/11,8:00 p.m.,,"Juhan Gymnasium (Sewanee, Tenn.)",Win,2,False,,False,10:07,"MISS FT by STEIOFF,ANDREW",41.0,,41.0,,,,"MISS FT by STEIOFF,ANDREW",2,free throw,missed,oum,"steioff,andrew",,"['steioff,andrew', 'pitts,alec', 'molinet,christian', 'davis,alex', 'purdy,sam']","['bryant,valentino', 'brown,tyler', 'nelson,anvil', 'affronti,lewis', 'williams,trent']",607.0,oum,31,0,0.0
205,205,1017,Sewanee,OUM,1,60-61,"19,42","35,25",5-3,4-6,1-2,0-2,12/16/11,8:00 p.m.,,"Juhan Gymnasium (Sewanee, Tenn.)",Win,2,False,,False,--,"REBOUND OFF by STEIOFF,ANDREW",41.0,,41.0,,,,"REBOUND OFF by STEIOFF,ANDREW",2,offensive rebound,,oum,"steioff,andrew",,"['steioff,andrew', 'pitts,alec', 'molinet,christian', 'davis,alex', 'purdy,sam']","['bryant,valentino', 'brown,tyler', 'nelson,anvil', 'affronti,lewis', 'williams,trent']",,oum,31,0,0.0
206,206,1017,Sewanee,OUM,1,60-61,"19,42","35,25",5-3,4-6,1-2,0-2,12/16/11,8:00 p.m.,,"Juhan Gymnasium (Sewanee, Tenn.)",Win,2,False,,False,10:05,,41.0,,41.0,"FOUL  by WILLIAMS,TRENT",,,"FOUL  by WILLIAMS,TRENT",2,foul,,sewanee,"williams,trent",,"['steioff,andrew', 'pitts,alec', 'molinet,christian', 'davis,alex', 'purdy,sam']","['bryant,valentino', 'brown,tyler', 'nelson,anvil', 'affronti,lewis', 'williams,trent']",605.0,oum,31,0,0.0
207,207,1017,Sewanee,OUM,1,60-61,"19,42","35,25",5-3,4-6,1-2,0-2,12/16/11,8:00 p.m.,,"Juhan Gymnasium (Sewanee, Tenn.)",Win,2,False,,False,10:02,"MISS 3PTR by PITTS,ALEC",41.0,,41.0,,,,"MISS 3PTR by PITTS,ALEC",2,three pointer,missed,oum,"pitts,alec",,"['steioff,andrew', 'pitts,alec', 'molinet,christian', 'davis,alex', 'purdy,sam']","['bryant,valentino', 'brown,tyler', 'nelson,anvil', 'affronti,lewis', 'williams,trent']",602.0,oum,31,0,0.0
208,208,1017,Sewanee,OUM,1,60-61,"19,42","35,25",5-3,4-6,1-2,0-2,12/16/11,8:00 p.m.,,"Juhan Gymnasium (Sewanee, Tenn.)",Win,2,False,,False,--,,41.0,,41.0,"REBOUND DEF by BROWN,TYLER",,,"REBOUND DEF by BROWN,TYLER",2,defensive rebound,,sewanee,"brown,tyler",,"['steioff,andrew', 'pitts,alec', 'molinet,christian', 'davis,alex', 'purdy,sam']","['bryant,valentino', 'brown,tyler', 'nelson,anvil', 'affronti,lewis', 'williams,trent']",,oum,31,0,0.0
209,209,1017,Sewanee,OUM,1,60-61,"19,42","35,25",5-3,4-6,1-2,0-2,12/16/11,8:00 p.m.,,"Juhan Gymnasium (Sewanee, Tenn.)",Win,2,False,,False,09:40,,41.0,,41.0,"TURNOVER  by BOULDIN,BRETT",,,"TURNOVER  by BOULDIN,BRETT",2,turnover,,sewanee,"bouldin,brett",,"['steioff,andrew', 'pitts,alec', 'molinet,christian', 'davis,alex', 'purdy,sam']","['bryant,valentino', 'brown,tyler', 'nelson,anvil', 'affronti,lewis', 'williams,trent']",580.0,sewanee,32,0,0.0
210,210,1017,Sewanee,OUM,1,60-61,"19,42","35,25",5-3,4-6,1-2,0-2,12/16/11,8:00 p.m.,,"Juhan Gymnasium (Sewanee, Tenn.)",Win,2,False,,False,09:38,"STEAL  by MOLINET,CHRISTIAN",41.0,,41.0,,,,"STEAL  by MOLINET,CHRISTIAN",2,steal,,oum,,,"['steioff,andrew', 'pitts,alec', 'molinet,christian', 'davis,alex', 'purdy,sam']","['bryant,valentino', 'brown,tyler', 'nelson,anvil', 'affronti,lewis', 'williams,trent']",578.0,sewanee,32,0,0.0
211,211,1017,Sewanee,OUM,1,60-61,"19,42","35,25",5-3,4-6,1-2,0-2,12/16/11,8:00 p.m.,,"Juhan Gymnasium (Sewanee, Tenn.)",Win,2,False,,False,09:37,"GOOD LAYUP by MOLINET,CHRISTIAN(fastbreak)(in the paint)",43.0,,41.0,,OUM 43-41 (-2),,"GOOD LAYUP by MOLINET,CHRISTIAN(fastbreak)(in the paint)",2,layup,good,oum,"molinet,christian(fastbreak)",2.0,"['steioff,andrew', 'pitts,alec', 'molinet,christian', 'davis,alex', 'purdy,sam']","['bryant,valentino', 'brown,tyler', 'nelson,anvil', 'affronti,lewis', 'williams,trent']",577.0,oum,33,0,0.0
212,212,1017,Sewanee,OUM,1,60-61,"19,42","35,25",5-3,4-6,1-2,0-2,12/16/11,8:00 p.m.,,"Juhan Gymnasium (Sewanee, Tenn.)",Win,2,False,,False,09:28,"FOUL  by MOLINET,CHRISTIAN",43.0,,41.0,,,,"FOUL  by MOLINET,CHRISTIAN",2,foul,,oum,"molinet,christian",,"['steioff,andrew', 'pitts,alec', 'molinet,christian', 'davis,alex', 'purdy,sam']","['bryant,valentino', 'brown,tyler', 'nelson,anvil', 'affronti,lewis', 'williams,trent']",568.0,oum,33,0,0.0
213,213,1017,Sewanee,OUM,1,60-61,"19,42","35,25",5-3,4-6,1-2,0-2,12/16/11,8:00 p.m.,,"Juhan Gymnasium (Sewanee, Tenn.)",Win,2,False,,False,09:28,,43.0,,42.0,"GOOD FT by BRYANT,VALENTINO",SEW 43-42 (-1),,"GOOD FT by BRYANT,VALENTINO",2,free throw,good,sewanee,"bryant,valentino",1.0,"['steioff,andrew', 'pitts,alec', 'molinet,christian', 'davis,alex', 'purdy,sam']","['bryant,valentino', 'brown,tyler', 'nelson,anvil', 'affronti,lewis', 'williams,trent']",568.0,oum,33,0,0.0
214,214,1017,Sewanee,OUM,1,60-61,"19,42","35,25",5-3,4-6,1-2,0-2,12/16/11,8:00 p.m.,,"Juhan Gymnasium (Sewanee, Tenn.)",Win,2,False,,False,09:28,,43.0,,43.0,"GOOD FT by BRYANT,VALENTINO",SEW 43-43 (0),,"GOOD FT by BRYANT,VALENTINO",2,free throw,good,sewanee,"bryant,valentino",1.0,"['steioff,andrew', 'pitts,alec', 'molinet,christian', 'davis,alex', 'purdy,sam']","['bryant,valentino', 'brown,tyler', 'nelson,anvil', 'affronti,lewis', 'williams,trent']",568.0,oum,33,0,0.0
215,215,1017,Sewanee,OUM,1,60-61,"19,42","35,25",5-3,4-6,1-2,0-2,12/16/11,8:00 p.m.,,"Juhan Gymnasium (Sewanee, Tenn.)",Win,2,False,,False,09:15,"MISS JUMPER by DAVIS,ALEX",43.0,,43.0,,,,"MISS JUMPER by DAVIS,ALEX",2,jumper,missed,oum,"davis,alex",,"['steioff,andrew', 'pitts,alec', 'molinet,christian', 'davis,alex', 'purdy,sam']","['bryant,valentino', 'brown,tyler', 'nelson,anvil', 'affronti,lewis', 'williams,trent']",555.0,oum,33,0,0.0
216,216,1017,Sewanee,OUM,1,60-61,"19,42","35,25",5-3,4-6,1-2,0-2,12/16/11,8:00 p.m.,,"Juhan Gymnasium (Sewanee, Tenn.)",Win,2,False,,False,--,,43.0,,43.0,"REBOUND DEF by BROWN,TYLER",,,"REBOUND DEF by BROWN,TYLER",2,defensive rebound,,sewanee,"brown,tyler",,"['steioff,andrew', 'pitts,alec', 'molinet,christian', 'davis,alex', 'purdy,sam']","['bryant,valentino', 'brown,tyler', 'nelson,anvil', 'affronti,lewis', 'williams,trent']",,oum,33,0,0.0
217,217,1017,Sewanee,OUM,1,60-61,"19,42","35,25",5-3,4-6,1-2,0-2,12/16/11,8:00 p.m.,,"Juhan Gymnasium (Sewanee, Tenn.)",Win,2,False,,False,09:00,,43.0,,43.0,"MISS LAYUP by BRYANT,VALENTINO",,,"MISS LAYUP by BRYANT,VALENTINO",2,layup,missed,sewanee,"bryant,valentino",,"['steioff,andrew', 'pitts,alec', 'molinet,christian', 'davis,alex', 'purdy,sam']","['bryant,valentino', 'brown,tyler', 'nelson,anvil', 'affronti,lewis', 'williams,trent']",540.0,sewanee,34,0,0.0
218,218,1017,Sewanee,OUM,1,60-61,"19,42","35,25",5-3,4-6,1-2,0-2,12/16/11,8:00 p.m.,,"Juhan Gymnasium (Sewanee, Tenn.)",Win,2,False,,False,--,,43.0,,43.0,"REBOUND OFF by BROWN,TYLER",,,"REBOUND OFF by BROWN,TYLER",2,offensive rebound,,sewanee,"brown,tyler",,"['steioff,andrew', 'pitts,alec', 'molinet,christian', 'davis,alex', 'purdy,sam']","['bryant,valentino', 'brown,tyler', 'nelson,anvil', 'affronti,lewis', 'williams,trent']",,sewanee,34,0,0.0
219,219,1017,Sewanee,OUM,1,60-61,"19,42","35,25",5-3,4-6,1-2,0-2,12/16/11,8:00 p.m.,,"Juhan Gymnasium (Sewanee, Tenn.)",Win,2,False,,False,08:56,,43.0,,43.0,"MISS JUMPER by BROWN,TYLER",,,"MISS JUMPER by BROWN,TYLER",2,jumper,missed,sewanee,"brown,tyler",,"['steioff,andrew', 'pitts,alec', 'molinet,christian', 'davis,alex', 'purdy,sam']","['bryant,valentino', 'brown,tyler', 'nelson,anvil', 'affronti,lewis', 'williams,trent']",536.0,sewanee,34,0,0.0
220,220,1017,Sewanee,OUM,1,60-61,"19,42","35,25",5-3,4-6,1-2,0-2,12/16/11,8:00 p.m.,,"Juhan Gymnasium (Sewanee, Tenn.)",Win,2,False,,False,08:56,"BLOCK  by STEIOFF,ANDREW",43.0,,43.0,,,,"BLOCK  by STEIOFF,ANDREW",2,block,,oum,"steioff,andrew",,"['steioff,andrew', 'pitts,alec', 'molinet,christian', 'davis,alex', 'purdy,sam']","['bryant,valentino', 'brown,tyler', 'nelson,anvil', 'affronti,lewis', 'williams,trent']",536.0,sewanee,34,0,0.0
221,221,1017,Sewanee,OUM,1,60-61,"19,42","35,25",5-3,4-6,1-2,0-2,12/16/11,8:00 p.m.,,"Juhan Gymnasium (Sewanee, Tenn.)",Win,2,False,,False,--,"REBOUND DEF by PITTS,ALEC",43.0,,43.0,,,,"REBOUND DEF by PITTS,ALEC",2,defensive rebound,,oum,"pitts,alec",,"['steioff,andrew', 'pitts,alec', 'molinet,christian', 'davis,alex', 'purdy,sam']","['bryant,valentino', 'brown,tyler', 'nelson,anvil', 'affronti,lewis', 'williams,trent']",,sewanee,34,0,0.0
222,222,1017,Sewanee,OUM,1,60-61,"19,42","35,25",5-3,4-6,1-2,0-2,12/16/11,8:00 p.m.,,"Juhan Gymnasium (Sewanee, Tenn.)",Win,2,False,,False,08:50,"MISS LAYUP by PITTS,ALEC",43.0,,43.0,,,,"MISS LAYUP by PITTS,ALEC",2,layup,missed,oum,"pitts,alec",,"['steioff,andrew', 'pitts,alec', 'molinet,christian', 'davis,alex', 'purdy,sam']","['bryant,valentino', 'brown,tyler', 'nelson,anvil', 'affronti,lewis', 'williams,trent']",530.0,oum,35,0,0.0
223,223,1017,Sewanee,OUM,1,60-61,"19,42","35,25",5-3,4-6,1-2,0-2,12/16/11,8:00 p.m.,,"Juhan Gymnasium (Sewanee, Tenn.)",Win,2,False,,False,--,,43.0,,43.0,"REBOUND DEF by BRYANT,VALENTINO",,,"REBOUND DEF by BRYANT,VALENTINO",2,defensive rebound,,sewanee,"bryant,valentino",,"['steioff,andrew', 'pitts,alec', 'molinet,christian', 'davis,alex', 'purdy,sam']","['bryant,valentino', 'brown,tyler', 'nelson,anvil', 'affronti,lewis', 'williams,trent']",,oum,35,0,0.0
224,224,1017,Sewanee,OUM,1,60-61,"19,42","35,25",5-3,4-6,1-2,0-2,12/16/11,8:00 p.m.,,"Juhan Gymnasium (Sewanee, Tenn.)",Win,2,False,,False,08:31,,43.0,,46.0,"GOOD 3PTR by AFFRONTI,LEWIS",SEW 43-46 (+3),,"GOOD 3PTR by AFFRONTI,LEWIS",2,three pointer,good,sewanee,"affronti,lewis",3.0,"['steioff,andrew', 'pitts,alec', 'molinet,christian', 'davis,alex', 'purdy,sam']","['bryant,valentino', 'brown,tyler', 'nelson,anvil', 'affronti,lewis', 'williams,trent']",511.0,sewanee,36,0,0.0
225,225,1017,Sewanee,OUM,1,60-61,"19,42","35,25",5-3,4-6,1-2,0-2,12/16/11,8:00 p.m.,,"Juhan Gymnasium (Sewanee, Tenn.)",Win,2,False,,False,--,,43.0,,46.0,"ASSIST  by BROWN,TYLER",,,"ASSIST  by BROWN,TYLER",2,assist,,sewanee,"brown,tyler",,"['steioff,andrew', 'pitts,alec', 'molinet,christian', 'davis,alex', 'purdy,sam']","['bryant,valentino', 'brown,tyler', 'nelson,anvil', 'affronti,lewis', 'williams,trent']",,sewanee,36,0,0.0
226,226,1017,Sewanee,OUM,1,60-61,"19,42","35,25",5-3,4-6,1-2,0-2,12/16/11,8:00 p.m.,,"Juhan Gymnasium (Sewanee, Tenn.)",Win,2,False,,False,08:31,"FOUL  by CERONE,TYLER",43.0,,46.0,,,,"FOUL  by CERONE,TYLER",2,foul,,oum,"cerone,tyler",,"['steioff,andrew', 'pitts,alec', 'molinet,christian', 'davis,alex', 'purdy,sam']","['bryant,valentino', 'brown,tyler', 'nelson,anvil', 'affronti,lewis', 'williams,trent']",511.0,sewanee,36,0,0.0
227,227,1017,Sewanee,OUM,1,60-61,"19,42","35,25",5-3,4-6,1-2,0-2,12/16/11,8:00 p.m.,,"Juhan Gymnasium (Sewanee, Tenn.)",Win,2,False,,False,08:31,,43.0,,46.0,"MISS FT by VEAL,ROBERT",,,"MISS FT by VEAL,ROBERT",2,free throw,missed,sewanee,"veal,robert",,"['steioff,andrew', 'pitts,alec', 'molinet,christian', 'davis,alex', 'purdy,sam']","['bryant,valentino', 'brown,tyler', 'nelson,anvil', 'affronti,lewis', 'williams,trent']",511.0,sewanee,36,0,0.0
228,228,1017,Sewanee,OUM,1,60-61,"19,42","35,25",5-3,4-6,1-2,0-2,12/16/11,8:00 p.m.,,"Juhan Gymnasium (Sewanee, Tenn.)",Win,2,False,,False,--,"REBOUND DEF by PITTS,ALEC",43.0,,46.0,,,,"REBOUND DEF by PITTS,ALEC",2,defensive rebound,,oum,"pitts,alec",,"['steioff,andrew', 'pitts,alec', 'molinet,christian', 'davis,alex', 'purdy,sam']","['bryant,valentino', 'brown,tyler', 'nelson,anvil', 'affronti,lewis', 'williams,trent']",,sewanee,36,0,0.0
229,229,1017,Sewanee,OUM,1,60-61,"19,42","35,25",5-3,4-6,1-2,0-2,12/16/11,8:00 p.m.,,"Juhan Gymnasium (Sewanee, Tenn.)",Win,2,False,,False,08:29,"TURNOVER  by PITTS,ALEC",43.0,,46.0,,,,"TURNOVER  by PITTS,ALEC",2,turnover,,oum,"pitts,alec",,"['steioff,andrew', 'pitts,alec', 'molinet,christian', 'davis,alex', 'purdy,sam']","['bryant,valentino', 'brown,tyler', 'nelson,anvil', 'affronti,lewis', 'williams,trent']",509.0,oum,37,0,0.0
230,230,1017,Sewanee,OUM,1,60-61,"19,42","35,25",5-3,4-6,1-2,0-2,12/16/11,8:00 p.m.,,"Juhan Gymnasium (Sewanee, Tenn.)",Win,2,False,,False,08:27,,43.0,,46.0,"STEAL  by BRYANT,VALENTINO",,,"STEAL  by BRYANT,VALENTINO",2,steal,,sewanee,,,"['steioff,andrew', 'pitts,alec', 'molinet,christian', 'davis,alex', 'purdy,sam']","['bryant,valentino', 'brown,tyler', 'nelson,anvil', 'affronti,lewis', 'williams,trent']",507.0,oum,37,0,0.0
231,231,1017,Sewanee,OUM,1,60-61,"19,42","35,25",5-3,4-6,1-2,0-2,12/16/11,8:00 p.m.,,"Juhan Gymnasium (Sewanee, Tenn.)",Win,2,False,,False,08:16,,43.0,,48.0,"GOOD LAYUP by BRYANT,VALENTINO(in the paint)",SEW 43-48 (+5),,"GOOD LAYUP by BRYANT,VALENTINO(in the paint)",2,layup,good,sewanee,"bryant,valentino",2.0,"['steioff,andrew', 'pitts,alec', 'molinet,christian', 'davis,alex', 'purdy,sam']","['bryant,valentino', 'brown,tyler', 'nelson,anvil', 'affronti,lewis', 'williams,trent']",496.0,sewanee,38,0,0.0
232,232,1017,Sewanee,OUM,1,60-61,"19,42","35,25",5-3,4-6,1-2,0-2,12/16/11,8:00 p.m.,,"Juhan Gymnasium (Sewanee, Tenn.)",Win,2,False,,False,07:59,,43.0,,48.0,"FOUL  by BOULDIN,BRETT",,,"FOUL  by BOULDIN,BRETT",2,foul,,sewanee,"bouldin,brett",,"['steioff,andrew', 'pitts,alec', 'molinet,christian', 'davis,alex', 'purdy,sam']","['bryant,valentino', 'brown,tyler', 'nelson,anvil', 'affronti,lewis', 'williams,trent']",479.0,sewanee,38,0,0.0
233,233,1017,Sewanee,OUM,1,60-61,"19,42","35,25",5-3,4-6,1-2,0-2,12/16/11,8:00 p.m.,,"Juhan Gymnasium (Sewanee, Tenn.)",Win,2,False,,False,07:56,"GOOD LAYUP by STEIOFF,ANDREW(in the paint)",45.0,,48.0,,OUM 45-48 (+3),,"GOOD LAYUP by STEIOFF,ANDREW(in the paint)",2,layup,good,oum,"steioff,andrew",2.0,"['steioff,andrew', 'pitts,alec', 'molinet,christian', 'davis,alex', 'purdy,sam']","['bryant,valentino', 'brown,tyler', 'nelson,anvil', 'affronti,lewis', 'williams,trent']",476.0,sewanee,38,0,0.0
234,234,1017,Sewanee,OUM,1,60-61,"19,42","35,25",5-3,4-6,1-2,0-2,12/16/11,8:00 p.m.,,"Juhan Gymnasium (Sewanee, Tenn.)",Win,2,False,,False,--,"ASSIST  by CERONE,TYLER",45.0,,48.0,,,,"ASSIST  by CERONE,TYLER",2,assist,,oum,"cerone,tyler",,"['steioff,andrew', 'pitts,alec', 'molinet,christian', 'davis,alex', 'purdy,sam']","['bryant,valentino', 'brown,tyler', 'nelson,anvil', 'affronti,lewis', 'williams,trent']",,sewanee,38,0,0.0
235,235,1017,Sewanee,OUM,1,60-61,"19,42","35,25",5-3,4-6,1-2,0-2,12/16/11,8:00 p.m.,,"Juhan Gymnasium (Sewanee, Tenn.)",Win,2,False,,False,07:25,,45.0,,50.0,"GOOD LAYUP by WILLIAMS,TRENT(in the paint)",SEW 45-50 (+5),,"GOOD LAYUP by WILLIAMS,TRENT(in the paint)",2,layup,good,sewanee,"williams,trent",2.0,"['steioff,andrew', 'pitts,alec', 'molinet,christian', 'davis,alex', 'purdy,sam']","['bryant,valentino', 'brown,tyler', 'nelson,anvil', 'affronti,lewis', 'williams,trent']",445.0,sewanee,38,0,0.0
236,236,1017,Sewanee,OUM,1,60-61,"19,42","35,25",5-3,4-6,1-2,0-2,12/16/11,8:00 p.m.,,"Juhan Gymnasium (Sewanee, Tenn.)",Win,2,False,,False,--,,45.0,,50.0,"ASSIST  by BRYANT,VALENTINO",,,"ASSIST  by BRYANT,VALENTINO",2,assist,,sewanee,"bryant,valentino",,"['steioff,andrew', 'pitts,alec', 'molinet,christian', 'davis,alex', 'purdy,sam']","['bryant,valentino', 'brown,tyler', 'nelson,anvil', 'affronti,lewis', 'williams,trent']",,sewanee,38,0,0.0
237,237,1017,Sewanee,OUM,1,60-61,"19,42","35,25",5-3,4-6,1-2,0-2,12/16/11,8:00 p.m.,,"Juhan Gymnasium (Sewanee, Tenn.)",Win,2,False,,False,07:06,"GOOD LAYUP by STEIOFF,ANDREW(in the paint)",47.0,,50.0,,OUM 47-50 (+3),,"GOOD LAYUP by STEIOFF,ANDREW(in the paint)",2,layup,good,oum,"steioff,andrew",2.0,"['steioff,andrew', 'pitts,alec', 'molinet,christian', 'davis,alex', 'purdy,sam']","['bryant,valentino', 'brown,tyler', 'nelson,anvil', 'affronti,lewis', 'williams,trent']",426.0,sewanee,38,0,0.0
238,238,1017,Sewanee,OUM,1,60-61,"19,42","35,25",5-3,4-6,1-2,0-2,12/16/11,8:00 p.m.,,"Juhan Gymnasium (Sewanee, Tenn.)",Win,2,False,,False,06:42,,47.0,,53.0,"GOOD 3PTR by AFFRONTI,LEWIS",SEW 47-53 (+6),,"GOOD 3PTR by AFFRONTI,LEWIS",2,three pointer,good,sewanee,"affronti,lewis",3.0,"['steioff,andrew', 'pitts,alec', 'molinet,christian', 'davis,alex', 'purdy,sam']","['bryant,valentino', 'brown,tyler', 'nelson,anvil', 'affronti,lewis', 'williams,trent']",402.0,sewanee,38,0,0.0
239,239,1017,Sewanee,OUM,1,60-61,"19,42","35,25",5-3,4-6,1-2,0-2,12/16/11,8:00 p.m.,,"Juhan Gymnasium (Sewanee, Tenn.)",Win,2,False,,False,--,,47.0,,53.0,"ASSIST  by BRYANT,VALENTINO",,,"ASSIST  by BRYANT,VALENTINO",2,assist,,sewanee,"bryant,valentino",,"['steioff,andrew', 'pitts,alec', 'molinet,christian', 'davis,alex', 'purdy,sam']","['bryant,valentino', 'brown,tyler', 'nelson,anvil', 'affronti,lewis', 'williams,trent']",,sewanee,38,0,0.0
240,240,1017,Sewanee,OUM,1,60-61,"19,42","35,25",5-3,4-6,1-2,0-2,12/16/11,8:00 p.m.,,"Juhan Gymnasium (Sewanee, Tenn.)",Win,2,False,,False,06:15,"MISS LAYUP by STEIOFF,ANDREW",47.0,,53.0,,,,"MISS LAYUP by STEIOFF,ANDREW",2,layup,missed,oum,"steioff,andrew",,"['steioff,andrew', 'pitts,alec', 'molinet,christian', 'davis,alex', 'purdy,sam']","['bryant,valentino', 'brown,tyler', 'nelson,anvil', 'affronti,lewis', 'williams,trent']",375.0,sewanee,38,0,0.0
241,241,1017,Sewanee,OUM,1,60-61,"19,42","35,25",5-3,4-6,1-2,0-2,12/16/11,8:00 p.m.,,"Juhan Gymnasium (Sewanee, Tenn.)",Win,2,False,,False,--,"REBOUND OFF by DAVIS,ALEX",47.0,,53.0,,,,"REBOUND OFF by DAVIS,ALEX",2,offensive rebound,,oum,"davis,alex",,"['steioff,andrew', 'pitts,alec', 'molinet,christian', 'davis,alex', 'purdy,sam']","['bryant,valentino', 'brown,tyler', 'nelson,anvil', 'affronti,lewis', 'williams,trent']",,sewanee,38,0,0.0
242,242,1017,Sewanee,OUM,1,60-61,"19,42","35,25",5-3,4-6,1-2,0-2,12/16/11,8:00 p.m.,,"Juhan Gymnasium (Sewanee, Tenn.)",Win,2,False,,False,06:09,"GOOD JUMPER by DAVIS,ALEX(in the paint)",49.0,,53.0,,OUM 49-53 (+4),,"GOOD JUMPER by DAVIS,ALEX(in the paint)",2,jumper,good,oum,"davis,alex",2.0,"['steioff,andrew', 'pitts,alec', 'molinet,christian', 'davis,alex', 'purdy,sam']","['bryant,valentino', 'brown,tyler', 'nelson,anvil', 'affronti,lewis', 'williams,trent']",369.0,sewanee,38,0,0.0
243,243,1017,Sewanee,OUM,1,60-61,"19,42","35,25",5-3,4-6,1-2,0-2,12/16/11,8:00 p.m.,,"Juhan Gymnasium (Sewanee, Tenn.)",Win,2,False,,False,05:45,,49.0,,55.0,"GOOD LAYUP by BRYANT,VALENTINO(in the paint)",SEW 49-55 (+6),,"GOOD LAYUP by BRYANT,VALENTINO(in the paint)",2,layup,good,sewanee,"bryant,valentino",2.0,"['steioff,andrew', 'pitts,alec', 'molinet,christian', 'davis,alex', 'purdy,sam']","['bryant,valentino', 'brown,tyler', 'nelson,anvil', 'affronti,lewis', 'williams,trent']",345.0,sewanee,38,0,0.0
244,244,1017,Sewanee,OUM,1,60-61,"19,42","35,25",5-3,4-6,1-2,0-2,12/16/11,8:00 p.m.,,"Juhan Gymnasium (Sewanee, Tenn.)",Win,2,False,,False,05:18,"GOOD 3PTR by JOVAAG,BRANDEN",52.0,,55.0,,OUM 52-55 (+3),,"GOOD 3PTR by JOVAAG,BRANDEN",2,three pointer,good,oum,"jovaag,branden",3.0,"['steioff,andrew', 'pitts,alec', 'molinet,christian', 'davis,alex', 'purdy,sam']","['bryant,valentino', 'brown,tyler', 'nelson,anvil', 'affronti,lewis', 'williams,trent']",318.0,sewanee,38,0,0.0
245,245,1017,Sewanee,OUM,1,60-61,"19,42","35,25",5-3,4-6,1-2,0-2,12/16/11,8:00 p.m.,,"Juhan Gymnasium (Sewanee, Tenn.)",Win,2,False,,False,--,"ASSIST  by MOLINET,CHRISTIAN",52.0,,55.0,,,,"ASSIST  by MOLINET,CHRISTIAN",2,assist,,oum,"molinet,christian",,"['steioff,andrew', 'pitts,alec', 'molinet,christian', 'davis,alex', 'purdy,sam']","['bryant,valentino', 'brown,tyler', 'nelson,anvil', 'affronti,lewis', 'williams,trent']",,sewanee,38,0,0.0
246,246,1017,Sewanee,OUM,1,60-61,"19,42","35,25",5-3,4-6,1-2,0-2,12/16/11,8:00 p.m.,,"Juhan Gymnasium (Sewanee, Tenn.)",Win,2,False,,False,04:40,,52.0,,55.0,"MISS 3PTR by WILLIAMS,TRENT",,,"MISS 3PTR by WILLIAMS,TRENT",2,three pointer,missed,sewanee,"williams,trent",,"['steioff,andrew', 'pitts,alec', 'molinet,christian', 'davis,alex', 'purdy,sam']","['bryant,valentino', 'brown,tyler', 'nelson,anvil', 'affronti,lewis', 'williams,trent']",280.0,sewanee,38,0,0.0
247,247,1017,Sewanee,OUM,1,60-61,"19,42","35,25",5-3,4-6,1-2,0-2,12/16/11,8:00 p.m.,,"Juhan Gymnasium (Sewanee, Tenn.)",Win,2,False,,False,--,"REBOUND DEF by STEIOFF,ANDREW",52.0,,55.0,,,,"REBOUND DEF by STEIOFF,ANDREW",2,defensive rebound,,oum,"steioff,andrew",,"['steioff,andrew', 'pitts,alec', 'molinet,christian', 'davis,alex', 'purdy,sam']","['bryant,valentino', 'brown,tyler', 'nelson,anvil', 'affronti,lewis', 'williams,trent']",,sewanee,38,0,0.0
248,248,1017,Sewanee,OUM,1,60-61,"19,42","35,25",5-3,4-6,1-2,0-2,12/16/11,8:00 p.m.,,"Juhan Gymnasium (Sewanee, Tenn.)",Win,2,False,,False,04:29,"MISS LAYUP by STEIOFF,ANDREW",52.0,,55.0,,,,"MISS LAYUP by STEIOFF,ANDREW",2,layup,missed,oum,"steioff,andrew",,"['steioff,andrew', 'pitts,alec', 'molinet,christian', 'davis,alex', 'purdy,sam']","['bryant,valentino', 'brown,tyler', 'nelson,anvil', 'affronti,lewis', 'williams,trent']",269.0,oum,39,0,0.0
249,249,1017,Sewanee,OUM,1,60-61,"19,42","35,25",5-3,4-6,1-2,0-2,12/16/11,8:00 p.m.,,"Juhan Gymnasium (Sewanee, Tenn.)",Win,2,False,,False,--,"REBOUND OFF by PURDY,SAM",52.0,,55.0,,,,"REBOUND OFF by PURDY,SAM",2,offensive rebound,,oum,"purdy,sam",,"['steioff,andrew', 'pitts,alec', 'molinet,christian', 'davis,alex', 'purdy,sam']","['bryant,valentino', 'brown,tyler', 'nelson,anvil', 'affronti,lewis', 'williams,trent']",,oum,39,0,0.0
250,250,1017,Sewanee,OUM,1,60-61,"19,42","35,25",5-3,4-6,1-2,0-2,12/16/11,8:00 p.m.,,"Juhan Gymnasium (Sewanee, Tenn.)",Win,2,False,,False,04:24,"GOOD LAYUP by STEIOFF,ANDREW(in the paint)",54.0,,55.0,,OUM 54-55 (+1),,"GOOD LAYUP by STEIOFF,ANDREW(in the paint)",2,layup,good,oum,"steioff,andrew",2.0,"['steioff,andrew', 'pitts,alec', 'molinet,christian', 'davis,alex', 'purdy,sam']","['bryant,valentino', 'brown,tyler', 'nelson,anvil', 'affronti,lewis', 'williams,trent']",264.0,oum,39,0,0.0
251,251,1017,Sewanee,OUM,1,60-61,"19,42","35,25",5-3,4-6,1-2,0-2,12/16/11,8:00 p.m.,,"Juhan Gymnasium (Sewanee, Tenn.)",Win,2,False,,False,--,"ASSIST  by PURDY,SAM",54.0,,55.0,,,,"ASSIST  by PURDY,SAM",2,assist,,oum,"purdy,sam",,"['steioff,andrew', 'pitts,alec', 'molinet,christian', 'davis,alex', 'purdy,sam']","['bryant,valentino', 'brown,tyler', 'nelson,anvil', 'affronti,lewis', 'williams,trent']",,oum,39,0,0.0
252,252,1017,Sewanee,OUM,1,60-61,"19,42","35,25",5-3,4-6,1-2,0-2,12/16/11,8:00 p.m.,,"Juhan Gymnasium (Sewanee, Tenn.)",Win,2,False,,False,04:06,,54.0,,55.0,"MISS 3PTR by BRYANT,VALENTINO",,,"MISS 3PTR by BRYANT,VALENTINO",2,three pointer,missed,sewanee,"bryant,valentino",,"['steioff,andrew', 'pitts,alec', 'molinet,christian', 'davis,alex', 'purdy,sam']","['bryant,valentino', 'brown,tyler', 'nelson,anvil', 'affronti,lewis', 'williams,trent']",246.0,oum,39,0,0.0
253,253,1017,Sewanee,OUM,1,60-61,"19,42","35,25",5-3,4-6,1-2,0-2,12/16/11,8:00 p.m.,,"Juhan Gymnasium (Sewanee, Tenn.)",Win,2,False,,False,--,"REBOUND DEF by PURDY,SAM",54.0,,55.0,,,,"REBOUND DEF by PURDY,SAM",2,defensive rebound,,oum,"purdy,sam",,"['steioff,andrew', 'pitts,alec', 'molinet,christian', 'davis,alex', 'purdy,sam']","['bryant,valentino', 'brown,tyler', 'nelson,anvil', 'affronti,lewis', 'williams,trent']",,oum,39,0,0.0
254,254,1017,Sewanee,OUM,1,60-61,"19,42","35,25",5-3,4-6,1-2,0-2,12/16/11,8:00 p.m.,,"Juhan Gymnasium (Sewanee, Tenn.)",Win,2,False,,False,04:05,,54.0,,55.0,"FOUL  by AFFRONTI,LEWIS",,,"FOUL  by AFFRONTI,LEWIS",2,foul,,sewanee,"affronti,lewis",,"['steioff,andrew', 'pitts,alec', 'molinet,christian', 'davis,alex', 'purdy,sam']","['bryant,valentino', 'brown,tyler', 'nelson,anvil', 'affronti,lewis', 'williams,trent']",245.0,oum,39,0,0.0
255,255,1017,Sewanee,OUM,1,60-61,"19,42","35,25",5-3,4-6,1-2,0-2,12/16/11,8:00 p.m.,,"Juhan Gymnasium (Sewanee, Tenn.)",Win,2,False,,False,04:05,"MISS FT by PURDY,SAM",54.0,,55.0,,,,"MISS FT by PURDY,SAM",2,free throw,missed,oum,"purdy,sam",,"['steioff,andrew', 'pitts,alec', 'molinet,christian', 'davis,alex', 'purdy,sam']","['bryant,valentino', 'brown,tyler', 'nelson,anvil', 'affronti,lewis', 'williams,trent']",245.0,oum,39,0,0.0
256,256,1017,Sewanee,OUM,1,60-61,"19,42","35,25",5-3,4-6,1-2,0-2,12/16/11,8:00 p.m.,,"Juhan Gymnasium (Sewanee, Tenn.)",Win,2,False,,False,--,REBOUND OFF by TEAM,54.0,,55.0,,,,REBOUND OFF by TEAM,2,offensive rebound,,oum,,,"['steioff,andrew', 'pitts,alec', 'molinet,christian', 'davis,alex', 'purdy,sam']","['bryant,valentino', 'brown,tyler', 'nelson,anvil', 'affronti,lewis', 'williams,trent']",,oum,39,0,0.0
257,257,1017,Sewanee,OUM,1,60-61,"19,42","35,25",5-3,4-6,1-2,0-2,12/16/11,8:00 p.m.,,"Juhan Gymnasium (Sewanee, Tenn.)",Win,2,False,,False,04:00,"MISS 3PTR by JOVAAG,BRANDEN",54.0,,55.0,,,,"MISS 3PTR by JOVAAG,BRANDEN",2,three pointer,missed,oum,"jovaag,branden",,"['steioff,andrew', 'pitts,alec', 'molinet,christian', 'davis,alex', 'purdy,sam']","['bryant,valentino', 'brown,tyler', 'nelson,anvil', 'affronti,lewis', 'williams,trent']",240.0,oum,39,0,0.0
258,258,1017,Sewanee,OUM,1,60-61,"19,42","35,25",5-3,4-6,1-2,0-2,12/16/11,8:00 p.m.,,"Juhan Gymnasium (Sewanee, Tenn.)",Win,2,False,,False,--,,54.0,,55.0,"REBOUND DEF by WILLIAMS,TRENT",,,"REBOUND DEF by WILLIAMS,TRENT",2,defensive rebound,,sewanee,"williams,trent",,"['steioff,andrew', 'pitts,alec', 'molinet,christian', 'davis,alex', 'purdy,sam']","['bryant,valentino', 'brown,tyler', 'nelson,anvil', 'affronti,lewis', 'williams,trent']",,oum,39,0,0.0
259,259,1017,Sewanee,OUM,1,60-61,"19,42","35,25",5-3,4-6,1-2,0-2,12/16/11,8:00 p.m.,,"Juhan Gymnasium (Sewanee, Tenn.)",Win,2,False,,False,03:35,,54.0,,55.0,"MISS 3PTR by BRYANT,VALENTINO",,,"MISS 3PTR by BRYANT,VALENTINO",2,three pointer,missed,sewanee,"bryant,valentino",,"['steioff,andrew', 'pitts,alec', 'molinet,christian', 'davis,alex', 'purdy,sam']","['bryant,valentino', 'brown,tyler', 'nelson,anvil', 'affronti,lewis', 'williams,trent']",215.0,sewanee,40,0,0.0
260,260,1017,Sewanee,OUM,1,60-61,"19,42","35,25",5-3,4-6,1-2,0-2,12/16/11,8:00 p.m.,,"Juhan Gymnasium (Sewanee, Tenn.)",Win,2,False,,False,--,"REBOUND DEF by PURDY,SAM",54.0,,55.0,,,,"REBOUND DEF by PURDY,SAM",2,defensive rebound,,oum,"purdy,sam",,"['steioff,andrew', 'pitts,alec', 'molinet,christian', 'davis,alex', 'purdy,sam']","['bryant,valentino', 'brown,tyler', 'nelson,anvil', 'affronti,lewis', 'williams,trent']",,sewanee,40,0,0.0
261,261,1017,Sewanee,OUM,1,60-61,"19,42","35,25",5-3,4-6,1-2,0-2,12/16/11,8:00 p.m.,,"Juhan Gymnasium (Sewanee, Tenn.)",Win,2,False,,False,03:15,"GOOD LAYUP by MOLINET,CHRISTIAN(in the paint)",56.0,,55.0,,OUM 56-55 (-1),,"GOOD LAYUP by MOLINET,CHRISTIAN(in the paint)",2,layup,good,oum,"molinet,christian",2.0,"['steioff,andrew', 'pitts,alec', 'molinet,christian', 'davis,alex', 'purdy,sam']","['bryant,valentino', 'brown,tyler', 'nelson,anvil', 'affronti,lewis', 'williams,trent']",195.0,oum,41,0,0.0
262,262,1017,Sewanee,OUM,1,60-61,"19,42","35,25",5-3,4-6,1-2,0-2,12/16/11,8:00 p.m.,,"Juhan Gymnasium (Sewanee, Tenn.)",Win,2,False,,False,--,"ASSIST  by STEIOFF,ANDREW",56.0,,55.0,,,,"ASSIST  by STEIOFF,ANDREW",2,assist,,oum,"steioff,andrew",,"['steioff,andrew', 'pitts,alec', 'molinet,christian', 'davis,alex', 'purdy,sam']","['bryant,valentino', 'brown,tyler', 'nelson,anvil', 'affronti,lewis', 'williams,trent']",,oum,41,0,0.0
263,263,1017,Sewanee,OUM,1,60-61,"19,42","35,25",5-3,4-6,1-2,0-2,12/16/11,8:00 p.m.,,"Juhan Gymnasium (Sewanee, Tenn.)",Win,2,False,,False,02:55,,56.0,,55.0,"TURNOVER  by WILLIAMS,TRENT",,,"TURNOVER  by WILLIAMS,TRENT",2,turnover,,sewanee,"williams,trent",,"['steioff,andrew', 'pitts,alec', 'molinet,christian', 'davis,alex', 'purdy,sam']","['bryant,valentino', 'brown,tyler', 'nelson,anvil', 'affronti,lewis', 'williams,trent']",175.0,oum,41,0,0.0
264,264,1017,Sewanee,OUM,1,60-61,"19,42","35,25",5-3,4-6,1-2,0-2,12/16/11,8:00 p.m.,,"Juhan Gymnasium (Sewanee, Tenn.)",Win,2,False,,False,02:53,"STEAL  by PURDY,SAM",56.0,,55.0,,,,"STEAL  by PURDY,SAM",2,steal,,oum,,,"['steioff,andrew', 'pitts,alec', 'molinet,christian', 'davis,alex', 'purdy,sam']","['bryant,valentino', 'brown,tyler', 'nelson,anvil', 'affronti,lewis', 'williams,trent']",173.0,oum,41,0,0.0
265,265,1017,Sewanee,OUM,1,60-61,"19,42","35,25",5-3,4-6,1-2,0-2,12/16/11,8:00 p.m.,,"Juhan Gymnasium (Sewanee, Tenn.)",Win,2,False,,False,02:23,"GOOD LAYUP by MOLINET,CHRISTIAN(in the paint)",58.0,,55.0,,OUM 58-55 (-3),,"GOOD LAYUP by MOLINET,CHRISTIAN(in the paint)",2,layup,good,oum,"molinet,christian",2.0,"['steioff,andrew', 'pitts,alec', 'molinet,christian', 'davis,alex', 'purdy,sam']","['bryant,valentino', 'brown,tyler', 'nelson,anvil', 'affronti,lewis', 'williams,trent']",143.0,oum,41,0,0.0
266,266,1017,Sewanee,OUM,1,60-61,"19,42","35,25",5-3,4-6,1-2,0-2,12/16/11,8:00 p.m.,,"Juhan Gymnasium (Sewanee, Tenn.)",Win,2,False,,False,--,"ASSIST  by STEIOFF,ANDREW",58.0,,55.0,,,,"ASSIST  by STEIOFF,ANDREW",2,assist,,oum,"steioff,andrew",,"['steioff,andrew', 'pitts,alec', 'molinet,christian', 'davis,alex', 'purdy,sam']","['bryant,valentino', 'brown,tyler', 'nelson,anvil', 'affronti,lewis', 'williams,trent']",,oum,41,0,0.0
267,267,1017,Sewanee,OUM,1,60-61,"19,42","35,25",5-3,4-6,1-2,0-2,12/16/11,8:00 p.m.,,"Juhan Gymnasium (Sewanee, Tenn.)",Win,2,False,,False,02:04,,58.0,,55.0,"MISS 3PTR by AFFRONTI,LEWIS",,,"MISS 3PTR by AFFRONTI,LEWIS",2,three pointer,missed,sewanee,"affronti,lewis",,"['steioff,andrew', 'pitts,alec', 'molinet,christian', 'davis,alex', 'purdy,sam']","['bryant,valentino', 'brown,tyler', 'nelson,anvil', 'affronti,lewis', 'williams,trent']",124.0,oum,41,0,0.0
268,268,1017,Sewanee,OUM,1,60-61,"19,42","35,25",5-3,4-6,1-2,0-2,12/16/11,8:00 p.m.,,"Juhan Gymnasium (Sewanee, Tenn.)",Win,2,False,,False,--,,58.0,,55.0,"REBOUND OFF by BRYANT,VALENTINO",,,"REBOUND OFF by BRYANT,VALENTINO",2,offensive rebound,,sewanee,"bryant,valentino",,"['steioff,andrew', 'pitts,alec', 'molinet,christian', 'davis,alex', 'purdy,sam']","['bryant,valentino', 'brown,tyler', 'nelson,anvil', 'affronti,lewis', 'williams,trent']",,oum,41,0,0.0
269,269,1017,Sewanee,OUM,1,60-61,"19,42","35,25",5-3,4-6,1-2,0-2,12/16/11,8:00 p.m.,,"Juhan Gymnasium (Sewanee, Tenn.)",Win,2,False,,False,02:00,"FOUL  by PITTS,ALEC",58.0,,55.0,,,,"FOUL  by PITTS,ALEC",2,foul,,oum,"pitts,alec",,"['steioff,andrew', 'pitts,alec', 'molinet,christian', 'davis,alex', 'purdy,sam']","['bryant,valentino', 'brown,tyler', 'nelson,anvil', 'affronti,lewis', 'williams,trent']",120.0,oum,41,0,0.0
270,270,1017,Sewanee,OUM,1,60-61,"19,42","35,25",5-3,4-6,1-2,0-2,12/16/11,8:00 p.m.,,"Juhan Gymnasium (Sewanee, Tenn.)",Win,2,False,,False,02:00,,58.0,,56.0,"GOOD FT by BRYANT,VALENTINO",SEW 58-56 (-2),,"GOOD FT by BRYANT,VALENTINO",2,free throw,good,sewanee,"bryant,valentino",1.0,"['steioff,andrew', 'pitts,alec', 'molinet,christian', 'davis,alex', 'purdy,sam']","['bryant,valentino', 'brown,tyler', 'nelson,anvil', 'affronti,lewis', 'williams,trent']",120.0,oum,41,0,0.0
271,271,1017,Sewanee,OUM,1,60-61,"19,42","35,25",5-3,4-6,1-2,0-2,12/16/11,8:00 p.m.,,"Juhan Gymnasium (Sewanee, Tenn.)",Win,2,False,,False,02:00,,58.0,,57.0,"GOOD FT by BRYANT,VALENTINO",SEW 58-57 (-1),,"GOOD FT by BRYANT,VALENTINO",2,free throw,good,sewanee,"bryant,valentino",1.0,"['steioff,andrew', 'pitts,alec', 'molinet,christian', 'davis,alex', 'purdy,sam']","['bryant,valentino', 'brown,tyler', 'nelson,anvil', 'affronti,lewis', 'williams,trent']",120.0,oum,41,0,0.0
272,272,1017,Sewanee,OUM,1,60-61,"19,42","35,25",5-3,4-6,1-2,0-2,12/16/11,8:00 p.m.,,"Juhan Gymnasium (Sewanee, Tenn.)",Win,2,False,,False,01:38,"MISS LAYUP by MOLINET,CHRISTIAN",58.0,,57.0,,,,"MISS LAYUP by MOLINET,CHRISTIAN",2,layup,missed,oum,"molinet,christian",,"['steioff,andrew', 'pitts,alec', 'molinet,christian', 'davis,alex', 'purdy,sam']","['bryant,valentino', 'brown,tyler', 'nelson,anvil', 'affronti,lewis', 'williams,trent']",98.0,oum,41,0,0.0
273,273,1017,Sewanee,OUM,1,60-61,"19,42","35,25",5-3,4-6,1-2,0-2,12/16/11,8:00 p.m.,,"Juhan Gymnasium (Sewanee, Tenn.)",Win,2,False,,False,--,,58.0,,57.0,"REBOUND DEF by BROWN,TYLER",,,"REBOUND DEF by BROWN,TYLER",2,defensive rebound,,sewanee,"brown,tyler",,"['steioff,andrew', 'pitts,alec', 'molinet,christian', 'davis,alex', 'purdy,sam']","['bryant,valentino', 'brown,tyler', 'nelson,anvil', 'affronti,lewis', 'williams,trent']",,oum,41,0,0.0
274,274,1017,Sewanee,OUM,1,60-61,"19,42","35,25",5-3,4-6,1-2,0-2,12/16/11,8:00 p.m.,,"Juhan Gymnasium (Sewanee, Tenn.)",Win,2,False,,False,01:25,"FOUL  by MOLINET,CHRISTIAN",58.0,,57.0,,,,"FOUL  by MOLINET,CHRISTIAN",2,foul,,oum,"molinet,christian",,"['steioff,andrew', 'pitts,alec', 'molinet,christian', 'davis,alex', 'purdy,sam']","['bryant,valentino', 'brown,tyler', 'nelson,anvil', 'affronti,lewis', 'williams,trent']",85.0,sewanee,42,0,0.0
275,275,1017,Sewanee,OUM,1,60-61,"19,42","35,25",5-3,4-6,1-2,0-2,12/16/11,8:00 p.m.,,"Juhan Gymnasium (Sewanee, Tenn.)",Win,2,False,,False,01:25,,58.0,,58.0,"GOOD FT by NELSON,ANVIL",SEW 58-58 (0),,"GOOD FT by NELSON,ANVIL",2,free throw,good,sewanee,"nelson,anvil",1.0,"['steioff,andrew', 'pitts,alec', 'molinet,christian', 'davis,alex', 'purdy,sam']","['bryant,valentino', 'brown,tyler', 'nelson,anvil', 'affronti,lewis', 'williams,trent']",85.0,sewanee,42,0,0.0
276,276,1017,Sewanee,OUM,1,60-61,"19,42","35,25",5-3,4-6,1-2,0-2,12/16/11,8:00 p.m.,,"Juhan Gymnasium (Sewanee, Tenn.)",Win,2,False,,False,01:25,,58.0,,59.0,"GOOD FT by NELSON,ANVIL",SEW 58-59 (+1),,"GOOD FT by NELSON,ANVIL",2,free throw,good,sewanee,"nelson,anvil",1.0,"['steioff,andrew', 'pitts,alec', 'molinet,christian', 'davis,alex', 'purdy,sam']","['bryant,valentino', 'brown,tyler', 'nelson,anvil', 'affronti,lewis', 'williams,trent']",85.0,sewanee,42,0,0.0
277,277,1017,Sewanee,OUM,1,60-61,"19,42","35,25",5-3,4-6,1-2,0-2,12/16/11,8:00 p.m.,,"Juhan Gymnasium (Sewanee, Tenn.)",Win,2,False,,False,01:09,"GOOD LAYUP by STEIOFF,ANDREW(in the paint)",60.0,,59.0,,OUM 60-59 (-1),,"GOOD LAYUP by STEIOFF,ANDREW(in the paint)",2,layup,good,oum,"steioff,andrew",2.0,"['steioff,andrew', 'pitts,alec', 'molinet,christian', 'davis,alex', 'purdy,sam']","['bryant,valentino', 'brown,tyler', 'nelson,anvil', 'affronti,lewis', 'williams,trent']",69.0,sewanee,42,0,0.0
278,278,1017,Sewanee,OUM,1,60-61,"19,42","35,25",5-3,4-6,1-2,0-2,12/16/11,8:00 p.m.,,"Juhan Gymnasium (Sewanee, Tenn.)",Win,2,False,,False,--,"ASSIST  by MOLINET,CHRISTIAN",60.0,,59.0,,,,"ASSIST  by MOLINET,CHRISTIAN",2,assist,,oum,"molinet,christian",,"['steioff,andrew', 'pitts,alec', 'molinet,christian', 'davis,alex', 'purdy,sam']","['bryant,valentino', 'brown,tyler', 'nelson,anvil', 'affronti,lewis', 'williams,trent']",,sewanee,42,0,0.0
279,279,1017,Sewanee,OUM,1,60-61,"19,42","35,25",5-3,4-6,1-2,0-2,12/16/11,8:00 p.m.,,"Juhan Gymnasium (Sewanee, Tenn.)",Win,2,False,,False,00:44,,60.0,,59.0,"MISS JUMPER by NELSON,ANVIL",,,"MISS JUMPER by NELSON,ANVIL",2,jumper,missed,sewanee,"nelson,anvil",,"['steioff,andrew', 'pitts,alec', 'molinet,christian', 'davis,alex', 'purdy,sam']","['bryant,valentino', 'brown,tyler', 'nelson,anvil', 'affronti,lewis', 'williams,trent']",44.0,sewanee,42,0,0.0
280,280,1017,Sewanee,OUM,1,60-61,"19,42","35,25",5-3,4-6,1-2,0-2,12/16/11,8:00 p.m.,,"Juhan Gymnasium (Sewanee, Tenn.)",Win,2,False,,False,--,"REBOUND DEF by JOVAAG,BRANDEN",60.0,,59.0,,,,"REBOUND DEF by JOVAAG,BRANDEN",2,defensive rebound,,oum,"jovaag,branden",,"['steioff,andrew', 'pitts,alec', 'molinet,christian', 'davis,alex', 'purdy,sam']","['bryant,valentino', 'brown,tyler', 'nelson,anvil', 'affronti,lewis', 'williams,trent']",,sewanee,42,0,0.0
281,281,1017,Sewanee,OUM,1,60-61,"19,42","35,25",5-3,4-6,1-2,0-2,12/16/11,8:00 p.m.,,"Juhan Gymnasium (Sewanee, Tenn.)",Win,2,False,,False,00:20,"TURNOVER  by PITTS,ALEC",60.0,,59.0,,,,"TURNOVER  by PITTS,ALEC",2,turnover,,oum,"pitts,alec",,"['steioff,andrew', 'pitts,alec', 'molinet,christian', 'davis,alex', 'purdy,sam']","['bryant,valentino', 'brown,tyler', 'nelson,anvil', 'affronti,lewis', 'williams,trent']",20.0,oum,43,0,0.0
282,282,1017,Sewanee,OUM,1,60-61,"19,42","35,25",5-3,4-6,1-2,0-2,12/16/11,8:00 p.m.,,"Juhan Gymnasium (Sewanee, Tenn.)",Win,2,False,,False,00:18,,60.0,,59.0,"STEAL  by BRYANT,VALENTINO",,,"STEAL  by BRYANT,VALENTINO",2,steal,,sewanee,,,"['steioff,andrew', 'pitts,alec', 'molinet,christian', 'davis,alex', 'purdy,sam']","['bryant,valentino', 'brown,tyler', 'nelson,anvil', 'affronti,lewis', 'williams,trent']",18.0,oum,43,0,0.0
283,283,1017,Sewanee,OUM,1,60-61,"19,42","35,25",5-3,4-6,1-2,0-2,12/16/11,8:00 p.m.,,"Juhan Gymnasium (Sewanee, Tenn.)",Win,2,False,,False,00:18,,60.0,,61.0,"GOOD LAYUP by BRYANT,VALENTINO(fastbreak)(in the paint)",SEW 60-61 (+1),,"GOOD LAYUP by BRYANT,VALENTINO(fastbreak)(in the paint)",2,layup,good,sewanee,"bryant,valentino(fastbreak)",2.0,"['steioff,andrew', 'pitts,alec', 'molinet,christian', 'davis,alex', 'purdy,sam']","['bryant,valentino', 'brown,tyler', 'nelson,anvil', 'affronti,lewis', 'williams,trent']",18.0,sewanee,44,0,0.0
284,284,1017,Sewanee,OUM,1,60-61,"19,42","35,25",5-3,4-6,1-2,0-2,12/16/11,8:00 p.m.,,"Juhan Gymnasium (Sewanee, Tenn.)",Win,2,False,,False,00:18,"FOUL  by CERONE,TYLER",60.0,,61.0,,,,"FOUL  by CERONE,TYLER",2,foul,,oum,"cerone,tyler",,"['steioff,andrew', 'pitts,alec', 'molinet,christian', 'davis,alex', 'purdy,sam']","['bryant,valentino', 'brown,tyler', 'nelson,anvil', 'affronti,lewis', 'williams,trent']",18.0,sewanee,44,0,0.0
285,285,1017,Sewanee,OUM,1,60-61,"19,42","35,25",5-3,4-6,1-2,0-2,12/16/11,8:00 p.m.,,"Juhan Gymnasium (Sewanee, Tenn.)",Win,2,False,,False,00:18,,60.0,,61.0,"MISS FT by BRYANT,VALENTINO",,,"MISS FT by BRYANT,VALENTINO",2,free throw,missed,sewanee,"bryant,valentino",,"['steioff,andrew', 'pitts,alec', 'molinet,christian', 'davis,alex', 'purdy,sam']","['bryant,valentino', 'brown,tyler', 'nelson,anvil', 'affronti,lewis', 'williams,trent']",18.0,sewanee,44,0,0.0
286,286,1017,Sewanee,OUM,1,60-61,"19,42","35,25",5-3,4-6,1-2,0-2,12/16/11,8:00 p.m.,,"Juhan Gymnasium (Sewanee, Tenn.)",Win,2,False,,False,--,"REBOUND DEF by JOVAAG,BRANDEN",60.0,,61.0,,,,"REBOUND DEF by JOVAAG,BRANDEN",2,defensive rebound,,oum,"jovaag,branden",,"['steioff,andrew', 'pitts,alec', 'molinet,christian', 'davis,alex', 'purdy,sam']","['bryant,valentino', 'brown,tyler', 'nelson,anvil', 'affronti,lewis', 'williams,trent']",,sewanee,44,0,0.0
