,Unnamed: 0,gameID,homeTeam,awayTeam,saaGame,finalScore,homeScoreByPeriod,awayScoreByPeriod,homeRecord,awayRecord,homeConfRecord,awayConfRecord,gameDate,startTime,gameLength,gameLocation,homeWin,numPeriods,isOvertime,attendance,isNeutral,timeRemaining,awayPlay,awayTeamScore,playTeamIndicator,homeTeamScore,homePlay,gameScore,teamIndicator,Play,Period,playType,shotOutcome,Team,Player,pointsEarned,awayLineup,homeLineup,timeSeconds,Poss,possNum,pppHome,pppAway,1stPlayOfPoss
0,0,3461,Centre,Hendrix,1,56-72,"26,46","26,30",12-2 (3-0 SAA,5-9 (1-2 SAA,,,01/06/19,2:00 PM,,"Danville, KY (Alumni Gymnasium)",Win,2,False,851,False,19:40,,,,,"MISS 3PTR by SINE,TUCKER",,,"MISS 3PTR by SINE,TUCKER",1,three pointer,missed,centre,"sine,tucker",,"['stanley,seth', 'brasfield,kam', 'smith,preston', 'fitch,carl', 'coman,sean']","['bates,jacob', 'ayers,perry', 'rakes,bailey', 'sine,tucker', 'walker,art']",1180.0,hendrix,1,0,0.0,1
1,1,3461,Centre,Hendrix,1,56-72,"26,46","26,30",12-2 (3-0 SAA,5-9 (1-2 SAA,,,01/06/19,2:00 PM,,"Danville, KY (Alumni Gymnasium)",Win,2,False,851,False,--,"REBOUND DEF by FITCH,CARL",,,,,,,"REBOUND DEF by FITCH,CARL",1,defensive rebound,,hendrix,"fitch,carl",,"['stanley,seth', 'brasfield,kam', 'smith,preston', 'fitch,carl', 'coman,sean']","['bates,jacob', 'ayers,perry', 'rakes,bailey', 'sine,tucker', 'walker,art']",,hendrix,1,0,0.0,0
2,2,3461,Centre,Hendrix,1,56-72,"26,46","26,30",12-2 (3-0 SAA,5-9 (1-2 SAA,,,01/06/19,2:00 PM,,"Danville, KY (Alumni Gymnasium)",Win,2,False,851,False,19:08,"MISS 3PTR by COMAN,SEAN",,,,,,,"MISS 3PTR by COMAN,SEAN",1,three pointer,missed,hendrix,"coman,sean",,"['stanley,seth', 'brasfield,kam', 'smith,preston', 'fitch,carl', 'coman,sean']","['bates,jacob', 'ayers,perry', 'rakes,bailey', 'sine,tucker', 'walker,art']",1148.0,hendrix,1,0,0.0,0
3,3,3461,Centre,Hendrix,1,56-72,"26,46","26,30",12-2 (3-0 SAA,5-9 (1-2 SAA,,,01/06/19,2:00 PM,,"Danville, KY (Alumni Gymnasium)",Win,2,False,851,False,--,,,,,"REBOUND DEF by WALKER,ART",,,"REBOUND DEF by WALKER,ART",1,defensive rebound,,centre,"walker,art",,"['stanley,seth', 'brasfield,kam', 'smith,preston', 'fitch,carl', 'coman,sean']","['bates,jacob', 'ayers,perry', 'rakes,bailey', 'sine,tucker', 'walker,art']",,hendrix,1,0,0.0,0
4,4,3461,Centre,Hendrix,1,56-72,"26,46","26,30",12-2 (3-0 SAA,5-9 (1-2 SAA,,,01/06/19,2:00 PM,,"Danville, KY (Alumni Gymnasium)",Win,2,False,851,False,18:59,,,,,"TURNOVER  by RAKES,BAILEY",,,"TURNOVER  by RAKES,BAILEY",1,turnover,,centre,"rakes,bailey",,"['stanley,seth', 'brasfield,kam', 'smith,preston', 'fitch,carl', 'coman,sean']","['bates,jacob', 'ayers,perry', 'rakes,bailey', 'sine,tucker', 'walker,art']",1139.0,centre,2,0,0.0,1
5,5,3461,Centre,Hendrix,1,56-72,"26,46","26,30",12-2 (3-0 SAA,5-9 (1-2 SAA,,,01/06/19,2:00 PM,,"Danville, KY (Alumni Gymnasium)",Win,2,False,851,False,18:48,"MISS 3PTR by COMAN,SEAN",,,,,,,"MISS 3PTR by COMAN,SEAN",1,three pointer,missed,hendrix,"coman,sean",,"['stanley,seth', 'brasfield,kam', 'smith,preston', 'fitch,carl', 'coman,sean']","['bates,jacob', 'ayers,perry', 'rakes,bailey', 'sine,tucker', 'walker,art']",1128.0,hendrix,3,0,0.0,1
6,6,3461,Centre,Hendrix,1,56-72,"26,46","26,30",12-2 (3-0 SAA,5-9 (1-2 SAA,,,01/06/19,2:00 PM,,"Danville, KY (Alumni Gymnasium)",Win,2,False,851,False,--,,,,,"REBOUND DEF by RAKES,BAILEY",,,"REBOUND DEF by RAKES,BAILEY",1,defensive rebound,,centre,"rakes,bailey",,"['stanley,seth', 'brasfield,kam', 'smith,preston', 'fitch,carl', 'coman,sean']","['bates,jacob', 'ayers,perry', 'rakes,bailey', 'sine,tucker', 'walker,art']",,hendrix,3,0,0.0,0
7,7,3461,Centre,Hendrix,1,56-72,"26,46","26,30",12-2 (3-0 SAA,5-9 (1-2 SAA,,,01/06/19,2:00 PM,,"Danville, KY (Alumni Gymnasium)",Win,2,False,851,False,18:33,,0.0,,3.0,"GOOD 3PTR by RAKES,BAILEY",CENTRE-M 0-3 (+3),,"GOOD 3PTR by RAKES,BAILEY",1,three pointer,good,centre,"rakes,bailey",3.0,"['stanley,seth', 'brasfield,kam', 'smith,preston', 'fitch,carl', 'coman,sean']","['bates,jacob', 'ayers,perry', 'rakes,bailey', 'sine,tucker', 'walker,art']",1113.0,centre,4,0,0.0,1
8,8,3461,Centre,Hendrix,1,56-72,"26,46","26,30",12-2 (3-0 SAA,5-9 (1-2 SAA,,,01/06/19,2:00 PM,,"Danville, KY (Alumni Gymnasium)",Win,2,False,851,False,--,,0.0,,3.0,"ASSIST  by BATES,JACOB",,,"ASSIST  by BATES,JACOB",1,assist,,centre,"bates,jacob",,"['stanley,seth', 'brasfield,kam', 'smith,preston', 'fitch,carl', 'coman,sean']","['bates,jacob', 'ayers,perry', 'rakes,bailey', 'sine,tucker', 'walker,art']",,centre,4,0,0.0,0
9,9,3461,Centre,Hendrix,1,56-72,"26,46","26,30",12-2 (3-0 SAA,5-9 (1-2 SAA,,,01/06/19,2:00 PM,,"Danville, KY (Alumni Gymnasium)",Win,2,False,851,False,18:04,"GOOD LAYUP by STANLEY,SETH(in the paint)",2.0,,3.0,,HENDRIX 2-3 (+1),,"GOOD LAYUP by STANLEY,SETH(in the paint)",1,layup,good,hendrix,"stanley,seth",2.0,"['stanley,seth', 'brasfield,kam', 'smith,preston', 'fitch,carl', 'coman,sean']","['bates,jacob', 'ayers,perry', 'rakes,bailey', 'sine,tucker', 'walker,art']",1084.0,centre,4,0,0.0,0
10,10,3461,Centre,Hendrix,1,56-72,"26,46","26,30",12-2 (3-0 SAA,5-9 (1-2 SAA,,,01/06/19,2:00 PM,,"Danville, KY (Alumni Gymnasium)",Win,2,False,851,False,17:44,,2.0,,5.0,"GOOD JUMPER by SINE,TUCKER",CENTRE-M 2-5 (+3),,"GOOD JUMPER by SINE,TUCKER",1,jumper,good,centre,"sine,tucker",2.0,"['stanley,seth', 'brasfield,kam', 'smith,preston', 'fitch,carl', 'coman,sean']","['bates,jacob', 'ayers,perry', 'rakes,bailey', 'sine,tucker', 'walker,art']",1064.0,centre,4,0,0.0,0
11,11,3461,Centre,Hendrix,1,56-72,"26,46","26,30",12-2 (3-0 SAA,5-9 (1-2 SAA,,,01/06/19,2:00 PM,,"Danville, KY (Alumni Gymnasium)",Win,2,False,851,False,17:16,"FOUL  by FITCH,CARL",2.0,,5.0,,,,"FOUL  by FITCH,CARL",1,foul,,hendrix,"fitch,carl",,"['stanley,seth', 'brasfield,kam', 'smith,preston', 'fitch,carl', 'coman,sean']","['bates,jacob', 'ayers,perry', 'rakes,bailey', 'sine,tucker', 'walker,art']",1036.0,centre,4,0,0.0,0
12,12,3461,Centre,Hendrix,1,56-72,"26,46","26,30",12-2 (3-0 SAA,5-9 (1-2 SAA,,,01/06/19,2:00 PM,,"Danville, KY (Alumni Gymnasium)",Win,2,False,851,False,17:16,"TURNOVER  by FITCH,CARL",2.0,,5.0,,,,"TURNOVER  by FITCH,CARL",1,turnover,,hendrix,"fitch,carl",,"['stanley,seth', 'brasfield,kam', 'smith,preston', 'fitch,carl', 'coman,sean']","['bates,jacob', 'ayers,perry', 'rakes,bailey', 'sine,tucker', 'walker,art']",1036.0,centre,4,0,0.0,0
13,13,3461,Centre,Hendrix,1,56-72,"26,46","26,30",12-2 (3-0 SAA,5-9 (1-2 SAA,,,01/06/19,2:00 PM,,"Danville, KY (Alumni Gymnasium)",Win,2,False,851,False,17:08,,2.0,,5.0,"TURNOVER  by AYERS,PERRY",,,"TURNOVER  by AYERS,PERRY",1,turnover,,centre,"ayers,perry",,"['stanley,seth', 'brasfield,kam', 'smith,preston', 'fitch,carl', 'coman,sean']","['bates,jacob', 'ayers,perry', 'rakes,bailey', 'sine,tucker', 'walker,art']",1028.0,centre,4,0,0.0,0
14,14,3461,Centre,Hendrix,1,56-72,"26,46","26,30",12-2 (3-0 SAA,5-9 (1-2 SAA,,,01/06/19,2:00 PM,,"Danville, KY (Alumni Gymnasium)",Win,2,False,851,False,17:06,"STEAL  by SMITH,PRESTON",2.0,,5.0,,,,"STEAL  by SMITH,PRESTON",1,steal,,hendrix,,,"['stanley,seth', 'brasfield,kam', 'smith,preston', 'fitch,carl', 'coman,sean']","['bates,jacob', 'ayers,perry', 'rakes,bailey', 'sine,tucker', 'walker,art']",1026.0,centre,4,0,0.0,0
15,15,3461,Centre,Hendrix,1,56-72,"26,46","26,30",12-2 (3-0 SAA,5-9 (1-2 SAA,,,01/06/19,2:00 PM,,"Danville, KY (Alumni Gymnasium)",Win,2,False,851,False,16:59,"MISS LAYUP by SMITH,PRESTON",2.0,,5.0,,,,"MISS LAYUP by SMITH,PRESTON",1,layup,missed,hendrix,"smith,preston",,"['stanley,seth', 'brasfield,kam', 'smith,preston', 'fitch,carl', 'coman,sean']","['bates,jacob', 'ayers,perry', 'rakes,bailey', 'sine,tucker', 'walker,art']",1019.0,hendrix,5,0,0.0,1
16,16,3461,Centre,Hendrix,1,56-72,"26,46","26,30",12-2 (3-0 SAA,5-9 (1-2 SAA,,,01/06/19,2:00 PM,,"Danville, KY (Alumni Gymnasium)",Win,2,False,851,False,16:59,,2.0,,5.0,"BLOCK  by BATES,JACOB",,,"BLOCK  by BATES,JACOB",1,block,,centre,"bates,jacob",,"['stanley,seth', 'brasfield,kam', 'smith,preston', 'fitch,carl', 'coman,sean']","['bates,jacob', 'ayers,perry', 'rakes,bailey', 'sine,tucker', 'walker,art']",1019.0,hendrix,5,0,0.0,0
17,17,3461,Centre,Hendrix,1,56-72,"26,46","26,30",12-2 (3-0 SAA,5-9 (1-2 SAA,,,01/06/19,2:00 PM,,"Danville, KY (Alumni Gymnasium)",Win,2,False,851,False,--,REBOUND OFF by TEAM,2.0,,5.0,,,,REBOUND OFF by TEAM,1,offensive rebound,,hendrix,,,"['stanley,seth', 'brasfield,kam', 'smith,preston', 'fitch,carl', 'coman,sean']","['bates,jacob', 'ayers,perry', 'rakes,bailey', 'sine,tucker', 'walker,art']",,hendrix,5,0,0.0,0
18,18,3461,Centre,Hendrix,1,56-72,"26,46","26,30",12-2 (3-0 SAA,5-9 (1-2 SAA,,,01/06/19,2:00 PM,,"Danville, KY (Alumni Gymnasium)",Win,2,False,851,False,16:47,"MISS LAYUP by STANLEY,SETH",2.0,,5.0,,,,"MISS LAYUP by STANLEY,SETH",1,layup,missed,hendrix,"stanley,seth",,"['stanley,seth', 'brasfield,kam', 'smith,preston', 'fitch,carl', 'coman,sean']","['bates,jacob', 'ayers,perry', 'rakes,bailey', 'sine,tucker', 'walker,art']",1007.0,hendrix,5,0,0.0,0
19,19,3461,Centre,Hendrix,1,56-72,"26,46","26,30",12-2 (3-0 SAA,5-9 (1-2 SAA,,,01/06/19,2:00 PM,,"Danville, KY (Alumni Gymnasium)",Win,2,False,851,False,--,"REBOUND OFF by FITCH,CARL",2.0,,5.0,,,,"REBOUND OFF by FITCH,CARL",1,offensive rebound,,hendrix,"fitch,carl",,"['stanley,seth', 'brasfield,kam', 'smith,preston', 'fitch,carl', 'coman,sean']","['bates,jacob', 'ayers,perry', 'rakes,bailey', 'sine,tucker', 'walker,art']",,hendrix,5,0,0.0,0
20,20,3461,Centre,Hendrix,1,56-72,"26,46","26,30",12-2 (3-0 SAA,5-9 (1-2 SAA,,,01/06/19,2:00 PM,,"Danville, KY (Alumni Gymnasium)",Win,2,False,851,False,16:33,"MISS LAYUP by FITCH,CARL",2.0,,5.0,,,,"MISS LAYUP by FITCH,CARL",1,layup,missed,hendrix,"fitch,carl",,"['stanley,seth', 'brasfield,kam', 'smith,preston', 'fitch,carl', 'coman,sean']","['bates,jacob', 'ayers,perry', 'rakes,bailey', 'sine,tucker', 'walker,art']",993.0,hendrix,5,0,0.0,0
21,21,3461,Centre,Hendrix,1,56-72,"26,46","26,30",12-2 (3-0 SAA,5-9 (1-2 SAA,,,01/06/19,2:00 PM,,"Danville, KY (Alumni Gymnasium)",Win,2,False,851,False,--,,2.0,,5.0,"REBOUND DEF by WALKER,ART",,,"REBOUND DEF by WALKER,ART",1,defensive rebound,,centre,"walker,art",,"['stanley,seth', 'brasfield,kam', 'smith,preston', 'fitch,carl', 'coman,sean']","['bates,jacob', 'ayers,perry', 'rakes,bailey', 'sine,tucker', 'walker,art']",,hendrix,5,0,0.0,0
22,22,3461,Centre,Hendrix,1,56-72,"26,46","26,30",12-2 (3-0 SAA,5-9 (1-2 SAA,,,01/06/19,2:00 PM,,"Danville, KY (Alumni Gymnasium)",Win,2,False,851,False,16:21,,2.0,,5.0,"MISS 3PTR by SINE,TUCKER",,,"MISS 3PTR by SINE,TUCKER",1,three pointer,missed,centre,"sine,tucker",,"['stanley,seth', 'brasfield,kam', 'smith,preston', 'fitch,carl', 'coman,sean']","['bates,jacob', 'ayers,perry', 'rakes,bailey', 'sine,tucker', 'walker,art']",981.0,centre,6,0,0.0,1
23,23,3461,Centre,Hendrix,1,56-72,"26,46","26,30",12-2 (3-0 SAA,5-9 (1-2 SAA,,,01/06/19,2:00 PM,,"Danville, KY (Alumni Gymnasium)",Win,2,False,851,False,--,"REBOUND DEF by BRASFIELD,KAM",2.0,,5.0,,,,"REBOUND DEF by BRASFIELD,KAM",1,defensive rebound,,hendrix,"brasfield,kam",,"['stanley,seth', 'brasfield,kam', 'smith,preston', 'fitch,carl', 'coman,sean']","['bates,jacob', 'ayers,perry', 'rakes,bailey', 'sine,tucker', 'walker,art']",,centre,6,0,0.0,0
24,24,3461,Centre,Hendrix,1,56-72,"26,46","26,30",12-2 (3-0 SAA,5-9 (1-2 SAA,,,01/06/19,2:00 PM,,"Danville, KY (Alumni Gymnasium)",Win,2,False,851,False,16:12,"MISS 3PTR by FITCH,CARL",2.0,,5.0,,,,"MISS 3PTR by FITCH,CARL",1,three pointer,missed,hendrix,"fitch,carl",,"['stanley,seth', 'brasfield,kam', 'smith,preston', 'fitch,carl', 'coman,sean']","['bates,jacob', 'ayers,perry', 'rakes,bailey', 'sine,tucker', 'walker,art']",972.0,hendrix,7,0,0.0,1
25,25,3461,Centre,Hendrix,1,56-72,"26,46","26,30",12-2 (3-0 SAA,5-9 (1-2 SAA,,,01/06/19,2:00 PM,,"Danville, KY (Alumni Gymnasium)",Win,2,False,851,False,--,,2.0,,5.0,"REBOUND DEF by BATES,JACOB",,,"REBOUND DEF by BATES,JACOB",1,defensive rebound,,centre,"bates,jacob",,"['stanley,seth', 'brasfield,kam', 'smith,preston', 'fitch,carl', 'coman,sean']","['bates,jacob', 'ayers,perry', 'rakes,bailey', 'sine,tucker', 'walker,art']",,hendrix,7,0,0.0,0
26,26,3461,Centre,Hendrix,1,56-72,"26,46","26,30",12-2 (3-0 SAA,5-9 (1-2 SAA,,,01/06/19,2:00 PM,,"Danville, KY (Alumni Gymnasium)",Win,2,False,851,False,15:48,,2.0,,5.0,"MISS JUMPER by WALKER,ART",,,"MISS JUMPER by WALKER,ART",1,jumper,missed,centre,"walker,art",,"['stanley,seth', 'brasfield,kam', 'smith,preston', 'fitch,carl', 'coman,sean']","['bates,jacob', 'ayers,perry', 'rakes,bailey', 'sine,tucker', 'walker,art']",948.0,centre,8,0,0.0,1
27,27,3461,Centre,Hendrix,1,56-72,"26,46","26,30",12-2 (3-0 SAA,5-9 (1-2 SAA,,,01/06/19,2:00 PM,,"Danville, KY (Alumni Gymnasium)",Win,2,False,851,False,15:48,"BLOCK  by BRASFIELD,KAM",2.0,,5.0,,,,"BLOCK  by BRASFIELD,KAM",1,block,,hendrix,"brasfield,kam",,"['stanley,seth', 'brasfield,kam', 'smith,preston', 'fitch,carl', 'coman,sean']","['bates,jacob', 'ayers,perry', 'rakes,bailey', 'sine,tucker', 'walker,art']",948.0,centre,8,0,0.0,0
28,28,3461,Centre,Hendrix,1,56-72,"26,46","26,30",12-2 (3-0 SAA,5-9 (1-2 SAA,,,01/06/19,2:00 PM,,"Danville, KY (Alumni Gymnasium)",Win,2,False,851,False,--,"REBOUND DEF by SMITH,PRESTON",2.0,,5.0,,,,"REBOUND DEF by SMITH,PRESTON",1,defensive rebound,,hendrix,"smith,preston",,"['stanley,seth', 'brasfield,kam', 'smith,preston', 'fitch,carl', 'coman,sean']","['bates,jacob', 'ayers,perry', 'rakes,bailey', 'sine,tucker', 'walker,art']",,centre,8,0,0.0,0
29,29,3461,Centre,Hendrix,1,56-72,"26,46","26,30",12-2 (3-0 SAA,5-9 (1-2 SAA,,,01/06/19,2:00 PM,,"Danville, KY (Alumni Gymnasium)",Win,2,False,851,False,15:42,"MISS LAYUP by BRASFIELD,KAM",2.0,,5.0,,,,"MISS LAYUP by BRASFIELD,KAM",1,layup,missed,hendrix,"brasfield,kam",,"['stanley,seth', 'brasfield,kam', 'smith,preston', 'fitch,carl', 'coman,sean']","['bates,jacob', 'ayers,perry', 'rakes,bailey', 'sine,tucker', 'walker,art']",942.0,hendrix,9,0,0.0,1
30,30,3461,Centre,Hendrix,1,56-72,"26,46","26,30",12-2 (3-0 SAA,5-9 (1-2 SAA,,,01/06/19,2:00 PM,,"Danville, KY (Alumni Gymnasium)",Win,2,False,851,False,--,,2.0,,5.0,"REBOUND DEF by WALKER,ART",,,"REBOUND DEF by WALKER,ART",1,defensive rebound,,centre,"walker,art",,"['stanley,seth', 'brasfield,kam', 'smith,preston', 'fitch,carl', 'coman,sean']","['bates,jacob', 'ayers,perry', 'rakes,bailey', 'sine,tucker', 'walker,art']",,hendrix,9,0,0.0,0
31,31,3461,Centre,Hendrix,1,56-72,"26,46","26,30",12-2 (3-0 SAA,5-9 (1-2 SAA,,,01/06/19,2:00 PM,,"Danville, KY (Alumni Gymnasium)",Win,2,False,851,False,15:35,,2.0,,5.0,"MISS 3PTR by BATES,JACOB",,,"MISS 3PTR by BATES,JACOB",1,three pointer,missed,centre,"bates,jacob",,"['stanley,seth', 'brasfield,kam', 'smith,preston', 'fitch,carl', 'coman,sean']","['bates,jacob', 'ayers,perry', 'rakes,bailey', 'sine,tucker', 'walker,art']",935.0,centre,10,0,0.0,1
32,32,3461,Centre,Hendrix,1,56-72,"26,46","26,30",12-2 (3-0 SAA,5-9 (1-2 SAA,,,01/06/19,2:00 PM,,"Danville, KY (Alumni Gymnasium)",Win,2,False,851,False,--,"REBOUND DEF by COMAN,SEAN",2.0,,5.0,,,,"REBOUND DEF by COMAN,SEAN",1,defensive rebound,,hendrix,"coman,sean",,"['stanley,seth', 'brasfield,kam', 'smith,preston', 'fitch,carl', 'coman,sean']","['bates,jacob', 'ayers,perry', 'rakes,bailey', 'sine,tucker', 'walker,art']",,centre,10,0,0.0,0
33,33,3461,Centre,Hendrix,1,56-72,"26,46","26,30",12-2 (3-0 SAA,5-9 (1-2 SAA,,,01/06/19,2:00 PM,,"Danville, KY (Alumni Gymnasium)",Win,2,False,851,False,15:14,"GOOD LAYUP by COMAN,SEAN(in the paint)",4.0,,5.0,,HENDRIX 4-5 (+1),,"GOOD LAYUP by COMAN,SEAN(in the paint)",1,layup,good,hendrix,"coman,sean",2.0,"['stanley,seth', 'brasfield,kam', 'smith,preston', 'fitch,carl', 'coman,sean']","['bates,jacob', 'ayers,perry', 'rakes,bailey', 'sine,tucker', 'walker,art']",914.0,hendrix,11,0,0.0,1
34,34,3461,Centre,Hendrix,1,56-72,"26,46","26,30",12-2 (3-0 SAA,5-9 (1-2 SAA,,,01/06/19,2:00 PM,,"Danville, KY (Alumni Gymnasium)",Win,2,False,851,False,14:47,,4.0,,5.0,"MISS JUMPER by BATES,JACOB",,,"MISS JUMPER by BATES,JACOB",1,jumper,missed,centre,"bates,jacob",,"['stanley,seth', 'brasfield,kam', 'smith,preston', 'fitch,carl', 'coman,sean']","['bates,jacob', 'ayers,perry', 'rakes,bailey', 'sine,tucker', 'walker,art']",887.0,hendrix,11,0,0.0,0
35,35,3461,Centre,Hendrix,1,56-72,"26,46","26,30",12-2 (3-0 SAA,5-9 (1-2 SAA,,,01/06/19,2:00 PM,,"Danville, KY (Alumni Gymnasium)",Win,2,False,851,False,--,,4.0,,5.0,"REBOUND OFF by BATES,JACOB",,,"REBOUND OFF by BATES,JACOB",1,offensive rebound,,centre,"bates,jacob",,"['stanley,seth', 'brasfield,kam', 'smith,preston', 'fitch,carl', 'coman,sean']","['bates,jacob', 'ayers,perry', 'rakes,bailey', 'sine,tucker', 'walker,art']",,hendrix,11,0,0.0,0
36,36,3461,Centre,Hendrix,1,56-72,"26,46","26,30",12-2 (3-0 SAA,5-9 (1-2 SAA,,,01/06/19,2:00 PM,,"Danville, KY (Alumni Gymnasium)",Win,2,False,851,False,14:44,,4.0,,5.0,TIMEOUT MEDIA by TEAM,,,TIMEOUT MEDIA by TEAM,1,timeout,,centre,,,"['stanley,seth', 'brasfield,kam', 'smith,preston', 'fitch,carl', 'coman,sean']","['bates,jacob', 'ayers,perry', 'rakes,bailey', 'sine,tucker', 'walker,art']",884.0,hendrix,11,0,0.0,0
37,37,3461,Centre,Hendrix,1,56-72,"26,46","26,30",12-2 (3-0 SAA,5-9 (1-2 SAA,,,01/06/19,2:00 PM,,"Danville, KY (Alumni Gymnasium)",Win,2,False,851,False,14:44,"SUB IN by EATON,JACK",4.0,,5.0,,,,"SUB IN by EATON,JACK",1,subbing in,,hendrix,"eaton,jack",,"['stanley,seth', 'brasfield,kam', 'smith,preston', 'fitch,carl', 'coman,sean', 'eaton,jack']","['bates,jacob', 'ayers,perry', 'rakes,bailey', 'sine,tucker', 'walker,art']",884.0,hendrix,11,0,0.0,0
38,38,3461,Centre,Hendrix,1,56-72,"26,46","26,30",12-2 (3-0 SAA,5-9 (1-2 SAA,,,01/06/19,2:00 PM,,"Danville, KY (Alumni Gymnasium)",Win,2,False,851,False,14:44,"SUB IN by RIDING,JAKE",4.0,,5.0,,,,"SUB IN by RIDING,JAKE",1,subbing in,,hendrix,"riding,jake",,"['stanley,seth', 'brasfield,kam', 'smith,preston', 'fitch,carl', 'coman,sean', 'eaton,jack', 'riding,jake']","['bates,jacob', 'ayers,perry', 'rakes,bailey', 'sine,tucker', 'walker,art']",884.0,hendrix,11,0,0.0,0
39,39,3461,Centre,Hendrix,1,56-72,"26,46","26,30",12-2 (3-0 SAA,5-9 (1-2 SAA,,,01/06/19,2:00 PM,,"Danville, KY (Alumni Gymnasium)",Win,2,False,851,False,14:44,"SUB IN by CONRAD,ALEX",4.0,,5.0,,,,"SUB IN by CONRAD,ALEX",1,subbing in,,hendrix,"conrad,alex",,"['stanley,seth', 'brasfield,kam', 'smith,preston', 'fitch,carl', 'coman,sean', 'eaton,jack', 'riding,jake', 'conrad,alex']","['bates,jacob', 'ayers,perry', 'rakes,bailey', 'sine,tucker', 'walker,art']",884.0,hendrix,11,0,0.0,0
40,40,3461,Centre,Hendrix,1,56-72,"26,46","26,30",12-2 (3-0 SAA,5-9 (1-2 SAA,,,01/06/19,2:00 PM,,"Danville, KY (Alumni Gymnasium)",Win,2,False,851,False,14:44,"SUB OUT by COMAN,SEAN",4.0,,5.0,,,,"SUB OUT by COMAN,SEAN",1,subbing out,,hendrix,"coman,sean",,"['stanley,seth', 'brasfield,kam', 'smith,preston', 'fitch,carl', 'eaton,jack', 'riding,jake', 'conrad,alex']","['bates,jacob', 'ayers,perry', 'rakes,bailey', 'sine,tucker', 'walker,art']",884.0,hendrix,11,0,0.0,0
41,41,3461,Centre,Hendrix,1,56-72,"26,46","26,30",12-2 (3-0 SAA,5-9 (1-2 SAA,,,01/06/19,2:00 PM,,"Danville, KY (Alumni Gymnasium)",Win,2,False,851,False,14:44,"SUB OUT by STANLEY,SETH",4.0,,5.0,,,,"SUB OUT by STANLEY,SETH",1,subbing out,,hendrix,"stanley,seth",,"['brasfield,kam', 'smith,preston', 'fitch,carl', 'eaton,jack', 'riding,jake', 'conrad,alex']","['bates,jacob', 'ayers,perry', 'rakes,bailey', 'sine,tucker', 'walker,art']",884.0,hendrix,11,0,0.0,0
42,42,3461,Centre,Hendrix,1,56-72,"26,46","26,30",12-2 (3-0 SAA,5-9 (1-2 SAA,,,01/06/19,2:00 PM,,"Danville, KY (Alumni Gymnasium)",Win,2,False,851,False,14:44,"SUB OUT by FITCH,CARL",4.0,,5.0,,,,"SUB OUT by FITCH,CARL",1,subbing out,,hendrix,"fitch,carl",,"['brasfield,kam', 'smith,preston', 'eaton,jack', 'riding,jake', 'conrad,alex']","['bates,jacob', 'ayers,perry', 'rakes,bailey', 'sine,tucker', 'walker,art']",884.0,hendrix,11,0,0.0,0
43,43,3461,Centre,Hendrix,1,56-72,"26,46","26,30",12-2 (3-0 SAA,5-9 (1-2 SAA,,,01/06/19,2:00 PM,,"Danville, KY (Alumni Gymnasium)",Win,2,False,851,False,14:44,,4.0,,5.0,"SUB IN by PURVIS,KC",,,"SUB IN by PURVIS,KC",1,subbing in,,centre,"purvis,kc",,"['brasfield,kam', 'smith,preston', 'eaton,jack', 'riding,jake', 'conrad,alex']","['bates,jacob', 'ayers,perry', 'rakes,bailey', 'sine,tucker', 'walker,art', 'purvis,kc']",884.0,hendrix,11,0,0.0,0
44,44,3461,Centre,Hendrix,1,56-72,"26,46","26,30",12-2 (3-0 SAA,5-9 (1-2 SAA,,,01/06/19,2:00 PM,,"Danville, KY (Alumni Gymnasium)",Win,2,False,851,False,14:44,,4.0,,5.0,"SUB IN by GRIFFIN,JAROD",,,"SUB IN by GRIFFIN,JAROD",1,subbing in,,centre,"griffin,jarod",,"['brasfield,kam', 'smith,preston', 'eaton,jack', 'riding,jake', 'conrad,alex']","['bates,jacob', 'ayers,perry', 'rakes,bailey', 'sine,tucker', 'walker,art', 'purvis,kc', 'griffin,jarod']",884.0,hendrix,11,0,0.0,0
45,45,3461,Centre,Hendrix,1,56-72,"26,46","26,30",12-2 (3-0 SAA,5-9 (1-2 SAA,,,01/06/19,2:00 PM,,"Danville, KY (Alumni Gymnasium)",Win,2,False,851,False,14:44,,4.0,,5.0,"SUB IN by CRUMP,DAWSON",,,"SUB IN by CRUMP,DAWSON",1,subbing in,,centre,"crump,dawson",,"['brasfield,kam', 'smith,preston', 'eaton,jack', 'riding,jake', 'conrad,alex']","['bates,jacob', 'ayers,perry', 'rakes,bailey', 'sine,tucker', 'walker,art', 'purvis,kc', 'griffin,jarod', 'crump,dawson']",884.0,hendrix,11,0,0.0,0
46,46,3461,Centre,Hendrix,1,56-72,"26,46","26,30",12-2 (3-0 SAA,5-9 (1-2 SAA,,,01/06/19,2:00 PM,,"Danville, KY (Alumni Gymnasium)",Win,2,False,851,False,14:44,,4.0,,5.0,"SUB IN by GERALD,DUSTIN",,,"SUB IN by GERALD,DUSTIN",1,subbing in,,centre,"gerald,dustin",,"['brasfield,kam', 'smith,preston', 'eaton,jack', 'riding,jake', 'conrad,alex']","['bates,jacob', 'ayers,perry', 'rakes,bailey', 'sine,tucker', 'walker,art', 'purvis,kc', 'griffin,jarod', 'crump,dawson', 'gerald,dustin']",884.0,hendrix,11,0,0.0,0
47,47,3461,Centre,Hendrix,1,56-72,"26,46","26,30",12-2 (3-0 SAA,5-9 (1-2 SAA,,,01/06/19,2:00 PM,,"Danville, KY (Alumni Gymnasium)",Win,2,False,851,False,14:44,,4.0,,5.0,"SUB OUT by RAKES,BAILEY",,,"SUB OUT by RAKES,BAILEY",1,subbing out,,centre,"rakes,bailey",,"['brasfield,kam', 'smith,preston', 'eaton,jack', 'riding,jake', 'conrad,alex']","['bates,jacob', 'ayers,perry', 'sine,tucker', 'walker,art', 'purvis,kc', 'griffin,jarod', 'crump,dawson', 'gerald,dustin']",884.0,hendrix,11,0,0.0,0
48,48,3461,Centre,Hendrix,1,56-72,"26,46","26,30",12-2 (3-0 SAA,5-9 (1-2 SAA,,,01/06/19,2:00 PM,,"Danville, KY (Alumni Gymnasium)",Win,2,False,851,False,14:44,,4.0,,5.0,"SUB OUT by SINE,TUCKER",,,"SUB OUT by SINE,TUCKER",1,subbing out,,centre,"sine,tucker",,"['brasfield,kam', 'smith,preston', 'eaton,jack', 'riding,jake', 'conrad,alex']","['bates,jacob', 'ayers,perry', 'walker,art', 'purvis,kc', 'griffin,jarod', 'crump,dawson', 'gerald,dustin']",884.0,hendrix,11,0,0.0,0
49,49,3461,Centre,Hendrix,1,56-72,"26,46","26,30",12-2 (3-0 SAA,5-9 (1-2 SAA,,,01/06/19,2:00 PM,,"Danville, KY (Alumni Gymnasium)",Win,2,False,851,False,14:44,,4.0,,5.0,"SUB OUT by BATES,JACOB",,,"SUB OUT by BATES,JACOB",1,subbing out,,centre,"bates,jacob",,"['brasfield,kam', 'smith,preston', 'eaton,jack', 'riding,jake', 'conrad,alex']","['ayers,perry', 'walker,art', 'purvis,kc', 'griffin,jarod', 'crump,dawson', 'gerald,dustin']",884.0,hendrix,11,0,0.0,0
50,50,3461,Centre,Hendrix,1,56-72,"26,46","26,30",12-2 (3-0 SAA,5-9 (1-2 SAA,,,01/06/19,2:00 PM,,"Danville, KY (Alumni Gymnasium)",Win,2,False,851,False,14:44,,4.0,,5.0,"SUB OUT by AYERS,PERRY",,,"SUB OUT by AYERS,PERRY",1,subbing out,,centre,"ayers,perry",,"['brasfield,kam', 'smith,preston', 'eaton,jack', 'riding,jake', 'conrad,alex']","['walker,art', 'purvis,kc', 'griffin,jarod', 'crump,dawson', 'gerald,dustin']",884.0,hendrix,11,0,0.0,0
51,51,3461,Centre,Hendrix,1,56-72,"26,46","26,30",12-2 (3-0 SAA,5-9 (1-2 SAA,,,01/06/19,2:00 PM,,"Danville, KY (Alumni Gymnasium)",Win,2,False,851,False,14:22,,4.0,,5.0,"TURNOVER  by WALKER,ART",,,"TURNOVER  by WALKER,ART",1,turnover,,centre,"walker,art",,"['brasfield,kam', 'smith,preston', 'eaton,jack', 'riding,jake', 'conrad,alex']","['walker,art', 'purvis,kc', 'griffin,jarod', 'crump,dawson', 'gerald,dustin']",862.0,hendrix,11,0,0.0,0
52,52,3461,Centre,Hendrix,1,56-72,"26,46","26,30",12-2 (3-0 SAA,5-9 (1-2 SAA,,,01/06/19,2:00 PM,,"Danville, KY (Alumni Gymnasium)",Win,2,False,851,False,14:20,"STEAL  by SMITH,PRESTON",4.0,,5.0,,,,"STEAL  by SMITH,PRESTON",1,steal,,hendrix,,,"['brasfield,kam', 'smith,preston', 'eaton,jack', 'riding,jake', 'conrad,alex']","['walker,art', 'purvis,kc', 'griffin,jarod', 'crump,dawson', 'gerald,dustin']",860.0,hendrix,11,0,0.0,0
53,53,3461,Centre,Hendrix,1,56-72,"26,46","26,30",12-2 (3-0 SAA,5-9 (1-2 SAA,,,01/06/19,2:00 PM,,"Danville, KY (Alumni Gymnasium)",Win,2,False,851,False,14:18,"GOOD LAYUP by SMITH,PRESTON(fastbreak)(in the paint)",6.0,,5.0,,HENDRIX 6-5 (-1),,"GOOD LAYUP by SMITH,PRESTON(fastbreak)(in the paint)",1,layup,good,hendrix,"smith,preston(fastbreak)",2.0,"['brasfield,kam', 'smith,preston', 'eaton,jack', 'riding,jake', 'conrad,alex']","['walker,art', 'purvis,kc', 'griffin,jarod', 'crump,dawson', 'gerald,dustin']",858.0,hendrix,11,0,0.0,0
54,54,3461,Centre,Hendrix,1,56-72,"26,46","26,30",12-2 (3-0 SAA,5-9 (1-2 SAA,,,01/06/19,2:00 PM,,"Danville, KY (Alumni Gymnasium)",Win,2,False,851,False,13:57,,6.0,,5.0,"MISS JUMPER by GERALD,DUSTIN",,,"MISS JUMPER by GERALD,DUSTIN",1,jumper,missed,centre,"gerald,dustin",,"['brasfield,kam', 'smith,preston', 'eaton,jack', 'riding,jake', 'conrad,alex']","['walker,art', 'purvis,kc', 'griffin,jarod', 'crump,dawson', 'gerald,dustin']",837.0,hendrix,11,0,0.0,0
55,55,3461,Centre,Hendrix,1,56-72,"26,46","26,30",12-2 (3-0 SAA,5-9 (1-2 SAA,,,01/06/19,2:00 PM,,"Danville, KY (Alumni Gymnasium)",Win,2,False,851,False,--,"REBOUND DEF by BRASFIELD,KAM",6.0,,5.0,,,,"REBOUND DEF by BRASFIELD,KAM",1,defensive rebound,,hendrix,"brasfield,kam",,"['brasfield,kam', 'smith,preston', 'eaton,jack', 'riding,jake', 'conrad,alex']","['walker,art', 'purvis,kc', 'griffin,jarod', 'crump,dawson', 'gerald,dustin']",,hendrix,11,0,0.0,0
56,56,3461,Centre,Hendrix,1,56-72,"26,46","26,30",12-2 (3-0 SAA,5-9 (1-2 SAA,,,01/06/19,2:00 PM,,"Danville, KY (Alumni Gymnasium)",Win,2,False,851,False,13:23,"MISS LAYUP by BRASFIELD,KAM",6.0,,5.0,,,,"MISS LAYUP by BRASFIELD,KAM",1,layup,missed,hendrix,"brasfield,kam",,"['brasfield,kam', 'smith,preston', 'eaton,jack', 'riding,jake', 'conrad,alex']","['walker,art', 'purvis,kc', 'griffin,jarod', 'crump,dawson', 'gerald,dustin']",803.0,hendrix,11,0,0.0,0
57,57,3461,Centre,Hendrix,1,56-72,"26,46","26,30",12-2 (3-0 SAA,5-9 (1-2 SAA,,,01/06/19,2:00 PM,,"Danville, KY (Alumni Gymnasium)",Win,2,False,851,False,13:23,,6.0,,5.0,"BLOCK  by PURVIS,KC",,,"BLOCK  by PURVIS,KC",1,block,,centre,"purvis,kc",,"['brasfield,kam', 'smith,preston', 'eaton,jack', 'riding,jake', 'conrad,alex']","['walker,art', 'purvis,kc', 'griffin,jarod', 'crump,dawson', 'gerald,dustin']",803.0,hendrix,11,0,0.0,0
58,58,3461,Centre,Hendrix,1,56-72,"26,46","26,30",12-2 (3-0 SAA,5-9 (1-2 SAA,,,01/06/19,2:00 PM,,"Danville, KY (Alumni Gymnasium)",Win,2,False,851,False,--,"REBOUND OFF by LINK,JACOB",6.0,,5.0,,,,"REBOUND OFF by LINK,JACOB",1,offensive rebound,,hendrix,"link,jacob",,"['brasfield,kam', 'smith,preston', 'eaton,jack', 'riding,jake', 'conrad,alex']","['walker,art', 'purvis,kc', 'griffin,jarod', 'crump,dawson', 'gerald,dustin']",,hendrix,11,0,0.0,0
59,59,3461,Centre,Hendrix,1,56-72,"26,46","26,30",12-2 (3-0 SAA,5-9 (1-2 SAA,,,01/06/19,2:00 PM,,"Danville, KY (Alumni Gymnasium)",Win,2,False,851,False,13:10,,6.0,,5.0,"MISS 3PTR by GRIFFIN,JAROD",,,"MISS 3PTR by GRIFFIN,JAROD",1,three pointer,missed,centre,"griffin,jarod",,"['brasfield,kam', 'smith,preston', 'eaton,jack', 'riding,jake', 'conrad,alex']","['walker,art', 'purvis,kc', 'griffin,jarod', 'crump,dawson', 'gerald,dustin']",790.0,hendrix,11,0,0.0,0
60,60,3461,Centre,Hendrix,1,56-72,"26,46","26,30",12-2 (3-0 SAA,5-9 (1-2 SAA,,,01/06/19,2:00 PM,,"Danville, KY (Alumni Gymnasium)",Win,2,False,851,False,--,,6.0,,5.0,"REBOUND OFF by GERALD,DUSTIN",,,"REBOUND OFF by GERALD,DUSTIN",1,offensive rebound,,centre,"gerald,dustin",,"['brasfield,kam', 'smith,preston', 'eaton,jack', 'riding,jake', 'conrad,alex']","['walker,art', 'purvis,kc', 'griffin,jarod', 'crump,dawson', 'gerald,dustin']",,hendrix,11,0,0.0,0
61,61,3461,Centre,Hendrix,1,56-72,"26,46","26,30",12-2 (3-0 SAA,5-9 (1-2 SAA,,,01/06/19,2:00 PM,,"Danville, KY (Alumni Gymnasium)",Win,2,False,851,False,13:05,,6.0,,5.0,"TURNOVER  by PURVIS,KC",,,"TURNOVER  by PURVIS,KC",1,turnover,,centre,"purvis,kc",,"['brasfield,kam', 'smith,preston', 'eaton,jack', 'riding,jake', 'conrad,alex']","['walker,art', 'purvis,kc', 'griffin,jarod', 'crump,dawson', 'gerald,dustin']",785.0,hendrix,11,0,0.0,0
62,62,3461,Centre,Hendrix,1,56-72,"26,46","26,30",12-2 (3-0 SAA,5-9 (1-2 SAA,,,01/06/19,2:00 PM,,"Danville, KY (Alumni Gymnasium)",Win,2,False,851,False,13:05,"SUB IN by CALAMESE,MICHAEL",6.0,,5.0,,,,"SUB IN by CALAMESE,MICHAEL",1,subbing in,,hendrix,"calamese,michael",,"['brasfield,kam', 'smith,preston', 'eaton,jack', 'riding,jake', 'conrad,alex', 'calamese,michael']","['walker,art', 'purvis,kc', 'griffin,jarod', 'crump,dawson', 'gerald,dustin']",785.0,hendrix,11,0,0.0,0
63,63,3461,Centre,Hendrix,1,56-72,"26,46","26,30",12-2 (3-0 SAA,5-9 (1-2 SAA,,,01/06/19,2:00 PM,,"Danville, KY (Alumni Gymnasium)",Win,2,False,851,False,13:05,"SUB OUT by BRASFIELD,KAM",6.0,,5.0,,,,"SUB OUT by BRASFIELD,KAM",1,subbing out,,hendrix,"brasfield,kam",,"['smith,preston', 'eaton,jack', 'riding,jake', 'conrad,alex', 'calamese,michael']","['walker,art', 'purvis,kc', 'griffin,jarod', 'crump,dawson', 'gerald,dustin']",785.0,hendrix,11,0,0.0,0
64,64,3461,Centre,Hendrix,1,56-72,"26,46","26,30",12-2 (3-0 SAA,5-9 (1-2 SAA,,,01/06/19,2:00 PM,,"Danville, KY (Alumni Gymnasium)",Win,2,False,851,False,13:05,,6.0,,5.0,"SUB IN by BROWNLEY,HOGAN",,,"SUB IN by BROWNLEY,HOGAN",1,subbing in,,centre,"brownley,hogan",,"['smith,preston', 'eaton,jack', 'riding,jake', 'conrad,alex', 'calamese,michael']","['walker,art', 'purvis,kc', 'griffin,jarod', 'crump,dawson', 'gerald,dustin', 'brownley,hogan']",785.0,hendrix,11,0,0.0,0
65,65,3461,Centre,Hendrix,1,56-72,"26,46","26,30",12-2 (3-0 SAA,5-9 (1-2 SAA,,,01/06/19,2:00 PM,,"Danville, KY (Alumni Gymnasium)",Win,2,False,851,False,13:05,,6.0,,5.0,"SUB OUT by WALKER,ART",,,"SUB OUT by WALKER,ART",1,subbing out,,centre,"walker,art",,"['smith,preston', 'eaton,jack', 'riding,jake', 'conrad,alex', 'calamese,michael']","['purvis,kc', 'griffin,jarod', 'crump,dawson', 'gerald,dustin', 'brownley,hogan']",785.0,hendrix,11,0,0.0,0
66,66,3461,Centre,Hendrix,1,56-72,"26,46","26,30",12-2 (3-0 SAA,5-9 (1-2 SAA,,,01/06/19,2:00 PM,,"Danville, KY (Alumni Gymnasium)",Win,2,False,851,False,12:40,"MISS 3PTR by CALAMESE,MICHAEL",6.0,,5.0,,,,"MISS 3PTR by CALAMESE,MICHAEL",1,three pointer,missed,hendrix,"calamese,michael",,"['smith,preston', 'eaton,jack', 'riding,jake', 'conrad,alex', 'calamese,michael']","['purvis,kc', 'griffin,jarod', 'crump,dawson', 'gerald,dustin', 'brownley,hogan']",760.0,hendrix,11,0,0.0,0
67,67,3461,Centre,Hendrix,1,56-72,"26,46","26,30",12-2 (3-0 SAA,5-9 (1-2 SAA,,,01/06/19,2:00 PM,,"Danville, KY (Alumni Gymnasium)",Win,2,False,851,False,--,,6.0,,5.0,"REBOUND DEF by PURVIS,KC",,,"REBOUND DEF by PURVIS,KC",1,defensive rebound,,centre,"purvis,kc",,"['smith,preston', 'eaton,jack', 'riding,jake', 'conrad,alex', 'calamese,michael']","['purvis,kc', 'griffin,jarod', 'crump,dawson', 'gerald,dustin', 'brownley,hogan']",,hendrix,11,0,0.0,0
68,68,3461,Centre,Hendrix,1,56-72,"26,46","26,30",12-2 (3-0 SAA,5-9 (1-2 SAA,,,01/06/19,2:00 PM,,"Danville, KY (Alumni Gymnasium)",Win,2,False,851,False,12:30,,6.0,,7.0,"GOOD LAYUP by GERALD,DUSTIN(in the paint)",CENTRE-M 6-7 (+1),,"GOOD LAYUP by GERALD,DUSTIN(in the paint)",1,layup,good,centre,"gerald,dustin",2.0,"['smith,preston', 'eaton,jack', 'riding,jake', 'conrad,alex', 'calamese,michael']","['purvis,kc', 'griffin,jarod', 'crump,dawson', 'gerald,dustin', 'brownley,hogan']",750.0,centre,12,0,0.0,1
69,69,3461,Centre,Hendrix,1,56-72,"26,46","26,30",12-2 (3-0 SAA,5-9 (1-2 SAA,,,01/06/19,2:00 PM,,"Danville, KY (Alumni Gymnasium)",Win,2,False,851,False,--,,6.0,,7.0,"ASSIST  by CRUMP,DAWSON",,,"ASSIST  by CRUMP,DAWSON",1,assist,,centre,"crump,dawson",,"['smith,preston', 'eaton,jack', 'riding,jake', 'conrad,alex', 'calamese,michael']","['purvis,kc', 'griffin,jarod', 'crump,dawson', 'gerald,dustin', 'brownley,hogan']",,centre,12,0,0.0,0
70,70,3461,Centre,Hendrix,1,56-72,"26,46","26,30",12-2 (3-0 SAA,5-9 (1-2 SAA,,,01/06/19,2:00 PM,,"Danville, KY (Alumni Gymnasium)",Win,2,False,851,False,12:17,"MISS 3PTR by SMITH,PRESTON",6.0,,7.0,,,,"MISS 3PTR by SMITH,PRESTON",1,three pointer,missed,hendrix,"smith,preston",,"['smith,preston', 'eaton,jack', 'riding,jake', 'conrad,alex', 'calamese,michael']","['purvis,kc', 'griffin,jarod', 'crump,dawson', 'gerald,dustin', 'brownley,hogan']",737.0,centre,12,0,0.0,0
71,71,3461,Centre,Hendrix,1,56-72,"26,46","26,30",12-2 (3-0 SAA,5-9 (1-2 SAA,,,01/06/19,2:00 PM,,"Danville, KY (Alumni Gymnasium)",Win,2,False,851,False,--,,6.0,,7.0,"REBOUND DEF by GERALD,DUSTIN",,,"REBOUND DEF by GERALD,DUSTIN",1,defensive rebound,,centre,"gerald,dustin",,"['smith,preston', 'eaton,jack', 'riding,jake', 'conrad,alex', 'calamese,michael']","['purvis,kc', 'griffin,jarod', 'crump,dawson', 'gerald,dustin', 'brownley,hogan']",,centre,12,0,0.0,0
72,72,3461,Centre,Hendrix,1,56-72,"26,46","26,30",12-2 (3-0 SAA,5-9 (1-2 SAA,,,01/06/19,2:00 PM,,"Danville, KY (Alumni Gymnasium)",Win,2,False,851,False,12:01,,6.0,,7.0,"MISS LAYUP by BROWNLEY,HOGAN",,,"MISS LAYUP by BROWNLEY,HOGAN",1,layup,missed,centre,"brownley,hogan",,"['smith,preston', 'eaton,jack', 'riding,jake', 'conrad,alex', 'calamese,michael']","['purvis,kc', 'griffin,jarod', 'crump,dawson', 'gerald,dustin', 'brownley,hogan']",721.0,centre,12,0,0.0,0
73,73,3461,Centre,Hendrix,1,56-72,"26,46","26,30",12-2 (3-0 SAA,5-9 (1-2 SAA,,,01/06/19,2:00 PM,,"Danville, KY (Alumni Gymnasium)",Win,2,False,851,False,--,,6.0,,7.0,"REBOUND OFF by GERALD,DUSTIN",,,"REBOUND OFF by GERALD,DUSTIN",1,offensive rebound,,centre,"gerald,dustin",,"['smith,preston', 'eaton,jack', 'riding,jake', 'conrad,alex', 'calamese,michael']","['purvis,kc', 'griffin,jarod', 'crump,dawson', 'gerald,dustin', 'brownley,hogan']",,centre,12,0,0.0,0
74,74,3461,Centre,Hendrix,1,56-72,"26,46","26,30",12-2 (3-0 SAA,5-9 (1-2 SAA,,,01/06/19,2:00 PM,,"Danville, KY (Alumni Gymnasium)",Win,2,False,851,False,11:56,"FOUL  by EATON,JACK",6.0,,7.0,,,,"FOUL  by EATON,JACK",1,foul,,hendrix,"eaton,jack",,"['smith,preston', 'eaton,jack', 'riding,jake', 'conrad,alex', 'calamese,michael']","['purvis,kc', 'griffin,jarod', 'crump,dawson', 'gerald,dustin', 'brownley,hogan']",716.0,centre,12,0,0.0,0
75,75,3461,Centre,Hendrix,1,56-72,"26,46","26,30",12-2 (3-0 SAA,5-9 (1-2 SAA,,,01/06/19,2:00 PM,,"Danville, KY (Alumni Gymnasium)",Win,2,False,851,False,11:56,,6.0,,7.0,"MISS FT by GERALD,DUSTIN",,,"MISS FT by GERALD,DUSTIN",1,free throw,missed,centre,"gerald,dustin",,"['smith,preston', 'eaton,jack', 'riding,jake', 'conrad,alex', 'calamese,michael']","['purvis,kc', 'griffin,jarod', 'crump,dawson', 'gerald,dustin', 'brownley,hogan']",716.0,centre,12,0,0.0,0
76,76,3461,Centre,Hendrix,1,56-72,"26,46","26,30",12-2 (3-0 SAA,5-9 (1-2 SAA,,,01/06/19,2:00 PM,,"Danville, KY (Alumni Gymnasium)",Win,2,False,851,False,--,,6.0,,7.0,REBOUND DEADB by TEAM,,,REBOUND DEADB by TEAM,1,deadball rebound,,centre,,,"['smith,preston', 'eaton,jack', 'riding,jake', 'conrad,alex', 'calamese,michael']","['purvis,kc', 'griffin,jarod', 'crump,dawson', 'gerald,dustin', 'brownley,hogan']",,centre,12,0,0.0,0
77,77,3461,Centre,Hendrix,1,56-72,"26,46","26,30",12-2 (3-0 SAA,5-9 (1-2 SAA,,,01/06/19,2:00 PM,,"Danville, KY (Alumni Gymnasium)",Win,2,False,851,False,11:56,,6.0,,8.0,"GOOD FT by GERALD,DUSTIN",CENTRE-M 6-8 (+2),,"GOOD FT by GERALD,DUSTIN",1,free throw,good,centre,"gerald,dustin",1.0,"['smith,preston', 'eaton,jack', 'riding,jake', 'conrad,alex', 'calamese,michael']","['purvis,kc', 'griffin,jarod', 'crump,dawson', 'gerald,dustin', 'brownley,hogan']",716.0,centre,12,0,0.0,0
78,78,3461,Centre,Hendrix,1,56-72,"26,46","26,30",12-2 (3-0 SAA,5-9 (1-2 SAA,,,01/06/19,2:00 PM,,"Danville, KY (Alumni Gymnasium)",Win,2,False,851,False,11:56,"SUB IN by ROUSE,TREY",6.0,,8.0,,,,"SUB IN by ROUSE,TREY",1,subbing in,,hendrix,"rouse,trey",,"['smith,preston', 'eaton,jack', 'riding,jake', 'conrad,alex', 'calamese,michael', 'rouse,trey']","['purvis,kc', 'griffin,jarod', 'crump,dawson', 'gerald,dustin', 'brownley,hogan']",716.0,centre,12,0,0.0,0
79,79,3461,Centre,Hendrix,1,56-72,"26,46","26,30",12-2 (3-0 SAA,5-9 (1-2 SAA,,,01/06/19,2:00 PM,,"Danville, KY (Alumni Gymnasium)",Win,2,False,851,False,11:56,"SUB OUT by SMITH,PRESTON",6.0,,8.0,,,,"SUB OUT by SMITH,PRESTON",1,subbing out,,hendrix,"smith,preston",,"['eaton,jack', 'riding,jake', 'conrad,alex', 'calamese,michael', 'rouse,trey']","['purvis,kc', 'griffin,jarod', 'crump,dawson', 'gerald,dustin', 'brownley,hogan']",716.0,centre,12,0,0.0,0
80,80,3461,Centre,Hendrix,1,56-72,"26,46","26,30",12-2 (3-0 SAA,5-9 (1-2 SAA,,,01/06/19,2:00 PM,,"Danville, KY (Alumni Gymnasium)",Win,2,False,851,False,11:47,"GOOD LAYUP by RIDING,JAKE(in the paint)",8.0,,8.0,,HENDRIX 8-8 (0),,"GOOD LAYUP by RIDING,JAKE(in the paint)",1,layup,good,hendrix,"riding,jake",2.0,"['eaton,jack', 'riding,jake', 'conrad,alex', 'calamese,michael', 'rouse,trey']","['purvis,kc', 'griffin,jarod', 'crump,dawson', 'gerald,dustin', 'brownley,hogan']",707.0,centre,12,0,0.0,0
81,81,3461,Centre,Hendrix,1,56-72,"26,46","26,30",12-2 (3-0 SAA,5-9 (1-2 SAA,,,01/06/19,2:00 PM,,"Danville, KY (Alumni Gymnasium)",Win,2,False,851,False,11:24,,8.0,,10.0,"GOOD JUMPER by GRIFFIN,JAROD",CENTRE-M 8-10 (+2),,"GOOD JUMPER by GRIFFIN,JAROD",1,jumper,good,centre,"griffin,jarod",2.0,"['eaton,jack', 'riding,jake', 'conrad,alex', 'calamese,michael', 'rouse,trey']","['purvis,kc', 'griffin,jarod', 'crump,dawson', 'gerald,dustin', 'brownley,hogan']",684.0,centre,12,0,0.0,0
82,82,3461,Centre,Hendrix,1,56-72,"26,46","26,30",12-2 (3-0 SAA,5-9 (1-2 SAA,,,01/06/19,2:00 PM,,"Danville, KY (Alumni Gymnasium)",Win,2,False,851,False,11:11,"GOOD LAYUP by CONRAD,ALEX(in the paint)",10.0,,10.0,,HENDRIX 10-10 (0),,"GOOD LAYUP by CONRAD,ALEX(in the paint)",1,layup,good,hendrix,"conrad,alex",2.0,"['eaton,jack', 'riding,jake', 'conrad,alex', 'calamese,michael', 'rouse,trey']","['purvis,kc', 'griffin,jarod', 'crump,dawson', 'gerald,dustin', 'brownley,hogan']",671.0,centre,12,0,0.0,0
83,83,3461,Centre,Hendrix,1,56-72,"26,46","26,30",12-2 (3-0 SAA,5-9 (1-2 SAA,,,01/06/19,2:00 PM,,"Danville, KY (Alumni Gymnasium)",Win,2,False,851,False,10:43,,10.0,,10.0,"MISS 3PTR by GRIFFIN,JAROD",,,"MISS 3PTR by GRIFFIN,JAROD",1,three pointer,missed,centre,"griffin,jarod",,"['eaton,jack', 'riding,jake', 'conrad,alex', 'calamese,michael', 'rouse,trey']","['purvis,kc', 'griffin,jarod', 'crump,dawson', 'gerald,dustin', 'brownley,hogan']",643.0,centre,12,0,0.0,0
84,84,3461,Centre,Hendrix,1,56-72,"26,46","26,30",12-2 (3-0 SAA,5-9 (1-2 SAA,,,01/06/19,2:00 PM,,"Danville, KY (Alumni Gymnasium)",Win,2,False,851,False,--,,10.0,,10.0,"REBOUND OFF by PURVIS,KC",,,"REBOUND OFF by PURVIS,KC",1,offensive rebound,,centre,"purvis,kc",,"['eaton,jack', 'riding,jake', 'conrad,alex', 'calamese,michael', 'rouse,trey']","['purvis,kc', 'griffin,jarod', 'crump,dawson', 'gerald,dustin', 'brownley,hogan']",,centre,12,0,0.0,0
85,85,3461,Centre,Hendrix,1,56-72,"26,46","26,30",12-2 (3-0 SAA,5-9 (1-2 SAA,,,01/06/19,2:00 PM,,"Danville, KY (Alumni Gymnasium)",Win,2,False,851,False,10:35,,10.0,,10.0,"TURNOVER  by CRUMP,DAWSON",,,"TURNOVER  by CRUMP,DAWSON",1,turnover,,centre,"crump,dawson",,"['eaton,jack', 'riding,jake', 'conrad,alex', 'calamese,michael', 'rouse,trey']","['purvis,kc', 'griffin,jarod', 'crump,dawson', 'gerald,dustin', 'brownley,hogan']",635.0,centre,12,0,0.0,0
86,86,3461,Centre,Hendrix,1,56-72,"26,46","26,30",12-2 (3-0 SAA,5-9 (1-2 SAA,,,01/06/19,2:00 PM,,"Danville, KY (Alumni Gymnasium)",Win,2,False,851,False,10:34,"STEAL  by RIDING,JAKE",10.0,,10.0,,,,"STEAL  by RIDING,JAKE",1,steal,,hendrix,,,"['eaton,jack', 'riding,jake', 'conrad,alex', 'calamese,michael', 'rouse,trey']","['purvis,kc', 'griffin,jarod', 'crump,dawson', 'gerald,dustin', 'brownley,hogan']",634.0,centre,12,0,0.0,0
87,87,3461,Centre,Hendrix,1,56-72,"26,46","26,30",12-2 (3-0 SAA,5-9 (1-2 SAA,,,01/06/19,2:00 PM,,"Danville, KY (Alumni Gymnasium)",Win,2,False,851,False,10:29,"GOOD 3PTR by EATON,JACK",13.0,,10.0,,HENDRIX 13-10 (-3),,"GOOD 3PTR by EATON,JACK",1,three pointer,good,hendrix,"eaton,jack",3.0,"['eaton,jack', 'riding,jake', 'conrad,alex', 'calamese,michael', 'rouse,trey']","['purvis,kc', 'griffin,jarod', 'crump,dawson', 'gerald,dustin', 'brownley,hogan']",629.0,hendrix,13,0,0.0,1
88,88,3461,Centre,Hendrix,1,56-72,"26,46","26,30",12-2 (3-0 SAA,5-9 (1-2 SAA,,,01/06/19,2:00 PM,,"Danville, KY (Alumni Gymnasium)",Win,2,False,851,False,--,"ASSIST  by CALAMESE,MICHAEL",13.0,,10.0,,,,"ASSIST  by CALAMESE,MICHAEL",1,assist,,hendrix,"calamese,michael",,"['eaton,jack', 'riding,jake', 'conrad,alex', 'calamese,michael', 'rouse,trey']","['purvis,kc', 'griffin,jarod', 'crump,dawson', 'gerald,dustin', 'brownley,hogan']",,hendrix,13,0,0.0,0
89,89,3461,Centre,Hendrix,1,56-72,"26,46","26,30",12-2 (3-0 SAA,5-9 (1-2 SAA,,,01/06/19,2:00 PM,,"Danville, KY (Alumni Gymnasium)",Win,2,False,851,False,10:23,,13.0,,10.0,TIMEOUT MEDIA by TEAM,,,TIMEOUT MEDIA by TEAM,1,timeout,,centre,,,"['eaton,jack', 'riding,jake', 'conrad,alex', 'calamese,michael', 'rouse,trey']","['purvis,kc', 'griffin,jarod', 'crump,dawson', 'gerald,dustin', 'brownley,hogan']",623.0,hendrix,13,0,0.0,0
90,90,3461,Centre,Hendrix,1,56-72,"26,46","26,30",12-2 (3-0 SAA,5-9 (1-2 SAA,,,01/06/19,2:00 PM,,"Danville, KY (Alumni Gymnasium)",Win,2,False,851,False,10:23,,13.0,,10.0,"SUB IN by AYERS,PERRY",,,"SUB IN by AYERS,PERRY",1,subbing in,,centre,"ayers,perry",,"['eaton,jack', 'riding,jake', 'conrad,alex', 'calamese,michael', 'rouse,trey']","['purvis,kc', 'griffin,jarod', 'crump,dawson', 'gerald,dustin', 'brownley,hogan', 'ayers,perry']",623.0,hendrix,13,0,0.0,0
91,91,3461,Centre,Hendrix,1,56-72,"26,46","26,30",12-2 (3-0 SAA,5-9 (1-2 SAA,,,01/06/19,2:00 PM,,"Danville, KY (Alumni Gymnasium)",Win,2,False,851,False,10:23,,13.0,,10.0,"SUB IN by SINE,TUCKER",,,"SUB IN by SINE,TUCKER",1,subbing in,,centre,"sine,tucker",,"['eaton,jack', 'riding,jake', 'conrad,alex', 'calamese,michael', 'rouse,trey']","['purvis,kc', 'griffin,jarod', 'crump,dawson', 'gerald,dustin', 'brownley,hogan', 'ayers,perry', 'sine,tucker']",623.0,hendrix,13,0,0.0,0
92,92,3461,Centre,Hendrix,1,56-72,"26,46","26,30",12-2 (3-0 SAA,5-9 (1-2 SAA,,,01/06/19,2:00 PM,,"Danville, KY (Alumni Gymnasium)",Win,2,False,851,False,10:23,,13.0,,10.0,"SUB IN by RAKES,BAILEY",,,"SUB IN by RAKES,BAILEY",1,subbing in,,centre,"rakes,bailey",,"['eaton,jack', 'riding,jake', 'conrad,alex', 'calamese,michael', 'rouse,trey']","['purvis,kc', 'griffin,jarod', 'crump,dawson', 'gerald,dustin', 'brownley,hogan', 'ayers,perry', 'sine,tucker', 'rakes,bailey']",623.0,hendrix,13,0,0.0,0
93,93,3461,Centre,Hendrix,1,56-72,"26,46","26,30",12-2 (3-0 SAA,5-9 (1-2 SAA,,,01/06/19,2:00 PM,,"Danville, KY (Alumni Gymnasium)",Win,2,False,851,False,10:23,,13.0,,10.0,"SUB IN by SPITZER,JAKOB",,,"SUB IN by SPITZER,JAKOB",1,subbing in,,centre,"spitzer,jakob",,"['eaton,jack', 'riding,jake', 'conrad,alex', 'calamese,michael', 'rouse,trey']","['purvis,kc', 'griffin,jarod', 'crump,dawson', 'gerald,dustin', 'brownley,hogan', 'ayers,perry', 'sine,tucker', 'rakes,bailey', 'spitzer,jakob']",623.0,hendrix,13,0,0.0,0
94,94,3461,Centre,Hendrix,1,56-72,"26,46","26,30",12-2 (3-0 SAA,5-9 (1-2 SAA,,,01/06/19,2:00 PM,,"Danville, KY (Alumni Gymnasium)",Win,2,False,851,False,10:23,,13.0,,10.0,"SUB OUT by PURVIS,KC",,,"SUB OUT by PURVIS,KC",1,subbing out,,centre,"purvis,kc",,"['eaton,jack', 'riding,jake', 'conrad,alex', 'calamese,michael', 'rouse,trey']","['griffin,jarod', 'crump,dawson', 'gerald,dustin', 'brownley,hogan', 'ayers,perry', 'sine,tucker', 'rakes,bailey', 'spitzer,jakob']",623.0,hendrix,13,0,0.0,0
95,95,3461,Centre,Hendrix,1,56-72,"26,46","26,30",12-2 (3-0 SAA,5-9 (1-2 SAA,,,01/06/19,2:00 PM,,"Danville, KY (Alumni Gymnasium)",Win,2,False,851,False,10:23,,13.0,,10.0,"SUB OUT by BROWNLEY,HOGAN",,,"SUB OUT by BROWNLEY,HOGAN",1,subbing out,,centre,"brownley,hogan",,"['eaton,jack', 'riding,jake', 'conrad,alex', 'calamese,michael', 'rouse,trey']","['griffin,jarod', 'crump,dawson', 'gerald,dustin', 'ayers,perry', 'sine,tucker', 'rakes,bailey', 'spitzer,jakob']",623.0,hendrix,13,0,0.0,0
96,96,3461,Centre,Hendrix,1,56-72,"26,46","26,30",12-2 (3-0 SAA,5-9 (1-2 SAA,,,01/06/19,2:00 PM,,"Danville, KY (Alumni Gymnasium)",Win,2,False,851,False,10:23,,13.0,,10.0,"SUB OUT by GRIFFIN,JAROD",,,"SUB OUT by GRIFFIN,JAROD",1,subbing out,,centre,"griffin,jarod",,"['eaton,jack', 'riding,jake', 'conrad,alex', 'calamese,michael', 'rouse,trey']","['crump,dawson', 'gerald,dustin', 'ayers,perry', 'sine,tucker', 'rakes,bailey', 'spitzer,jakob']",623.0,hendrix,13,0,0.0,0
97,97,3461,Centre,Hendrix,1,56-72,"26,46","26,30",12-2 (3-0 SAA,5-9 (1-2 SAA,,,01/06/19,2:00 PM,,"Danville, KY (Alumni Gymnasium)",Win,2,False,851,False,10:23,,13.0,,10.0,"SUB OUT by CRUMP,DAWSON",,,"SUB OUT by CRUMP,DAWSON",1,subbing out,,centre,"crump,dawson",,"['eaton,jack', 'riding,jake', 'conrad,alex', 'calamese,michael', 'rouse,trey']","['gerald,dustin', 'ayers,perry', 'sine,tucker', 'rakes,bailey', 'spitzer,jakob']",623.0,hendrix,13,0,0.0,0
98,98,3461,Centre,Hendrix,1,56-72,"26,46","26,30",12-2 (3-0 SAA,5-9 (1-2 SAA,,,01/06/19,2:00 PM,,"Danville, KY (Alumni Gymnasium)",Win,2,False,851,False,10:08,,13.0,,10.0,"MISS JUMPER by AYERS,PERRY",,,"MISS JUMPER by AYERS,PERRY",1,jumper,missed,centre,"ayers,perry",,"['eaton,jack', 'riding,jake', 'conrad,alex', 'calamese,michael', 'rouse,trey']","['gerald,dustin', 'ayers,perry', 'sine,tucker', 'rakes,bailey', 'spitzer,jakob']",608.0,hendrix,13,0,0.0,0
99,99,3461,Centre,Hendrix,1,56-72,"26,46","26,30",12-2 (3-0 SAA,5-9 (1-2 SAA,,,01/06/19,2:00 PM,,"Danville, KY (Alumni Gymnasium)",Win,2,False,851,False,--,"REBOUND DEF by ROUSE,TREY",13.0,,10.0,,,,"REBOUND DEF by ROUSE,TREY",1,defensive rebound,,hendrix,"rouse,trey",,"['eaton,jack', 'riding,jake', 'conrad,alex', 'calamese,michael', 'rouse,trey']","['gerald,dustin', 'ayers,perry', 'sine,tucker', 'rakes,bailey', 'spitzer,jakob']",,hendrix,13,0,0.0,0
100,100,3461,Centre,Hendrix,1,56-72,"26,46","26,30",12-2 (3-0 SAA,5-9 (1-2 SAA,,,01/06/19,2:00 PM,,"Danville, KY (Alumni Gymnasium)",Win,2,False,851,False,09:45,,13.0,,10.0,"FOUL  by SPITZER,JAKOB",,,"FOUL  by SPITZER,JAKOB",1,foul,,centre,"spitzer,jakob",,"['eaton,jack', 'riding,jake', 'conrad,alex', 'calamese,michael', 'rouse,trey']","['gerald,dustin', 'ayers,perry', 'sine,tucker', 'rakes,bailey', 'spitzer,jakob']",585.0,hendrix,13,0,0.0,0
101,101,3461,Centre,Hendrix,1,56-72,"26,46","26,30",12-2 (3-0 SAA,5-9 (1-2 SAA,,,01/06/19,2:00 PM,,"Danville, KY (Alumni Gymnasium)",Win,2,False,851,False,09:45,"MISS FT by CONRAD,ALEX",13.0,,10.0,,,,"MISS FT by CONRAD,ALEX",1,free throw,missed,hendrix,"conrad,alex",,"['eaton,jack', 'riding,jake', 'conrad,alex', 'calamese,michael', 'rouse,trey']","['gerald,dustin', 'ayers,perry', 'sine,tucker', 'rakes,bailey', 'spitzer,jakob']",585.0,hendrix,13,0,0.0,0
102,102,3461,Centre,Hendrix,1,56-72,"26,46","26,30",12-2 (3-0 SAA,5-9 (1-2 SAA,,,01/06/19,2:00 PM,,"Danville, KY (Alumni Gymnasium)",Win,2,False,851,False,--,REBOUND DEADB by TEAM,13.0,,10.0,,,,REBOUND DEADB by TEAM,1,deadball rebound,,hendrix,,,"['eaton,jack', 'riding,jake', 'conrad,alex', 'calamese,michael', 'rouse,trey']","['gerald,dustin', 'ayers,perry', 'sine,tucker', 'rakes,bailey', 'spitzer,jakob']",,hendrix,13,0,0.0,0
103,103,3461,Centre,Hendrix,1,56-72,"26,46","26,30",12-2 (3-0 SAA,5-9 (1-2 SAA,,,01/06/19,2:00 PM,,"Danville, KY (Alumni Gymnasium)",Win,2,False,851,False,09:45,"MISS FT by CONRAD,ALEX",13.0,,10.0,,,,"MISS FT by CONRAD,ALEX",1,free throw,missed,hendrix,"conrad,alex",,"['eaton,jack', 'riding,jake', 'conrad,alex', 'calamese,michael', 'rouse,trey']","['gerald,dustin', 'ayers,perry', 'sine,tucker', 'rakes,bailey', 'spitzer,jakob']",585.0,hendrix,13,0,0.0,0
104,104,3461,Centre,Hendrix,1,56-72,"26,46","26,30",12-2 (3-0 SAA,5-9 (1-2 SAA,,,01/06/19,2:00 PM,,"Danville, KY (Alumni Gymnasium)",Win,2,False,851,False,--,,13.0,,10.0,"REBOUND DEF by GERALD,DUSTIN",,,"REBOUND DEF by GERALD,DUSTIN",1,defensive rebound,,centre,"gerald,dustin",,"['eaton,jack', 'riding,jake', 'conrad,alex', 'calamese,michael', 'rouse,trey']","['gerald,dustin', 'ayers,perry', 'sine,tucker', 'rakes,bailey', 'spitzer,jakob']",,hendrix,13,0,0.0,0
105,105,3461,Centre,Hendrix,1,56-72,"26,46","26,30",12-2 (3-0 SAA,5-9 (1-2 SAA,,,01/06/19,2:00 PM,,"Danville, KY (Alumni Gymnasium)",Win,2,False,851,False,09:31,,13.0,,10.0,"MISS JUMPER by SINE,TUCKER",,,"MISS JUMPER by SINE,TUCKER",1,jumper,missed,centre,"sine,tucker",,"['eaton,jack', 'riding,jake', 'conrad,alex', 'calamese,michael', 'rouse,trey']","['gerald,dustin', 'ayers,perry', 'sine,tucker', 'rakes,bailey', 'spitzer,jakob']",571.0,centre,14,0,0.0,1
106,106,3461,Centre,Hendrix,1,56-72,"26,46","26,30",12-2 (3-0 SAA,5-9 (1-2 SAA,,,01/06/19,2:00 PM,,"Danville, KY (Alumni Gymnasium)",Win,2,False,851,False,--,REBOUND DEF by TEAM,13.0,,10.0,,,,REBOUND DEF by TEAM,1,defensive rebound,,hendrix,,,"['eaton,jack', 'riding,jake', 'conrad,alex', 'calamese,michael', 'rouse,trey']","['gerald,dustin', 'ayers,perry', 'sine,tucker', 'rakes,bailey', 'spitzer,jakob']",,hendrix,15,0,0.0,1
107,107,3461,Centre,Hendrix,1,56-72,"26,46","26,30",12-2 (3-0 SAA,5-9 (1-2 SAA,,,01/06/19,2:00 PM,,"Danville, KY (Alumni Gymnasium)",Win,2,False,851,False,09:10,"GOOD LAYUP by RIDING,JAKE(in the paint)",15.0,,10.0,,HENDRIX 15-10 (-5),,"GOOD LAYUP by RIDING,JAKE(in the paint)",1,layup,good,hendrix,"riding,jake",2.0,"['eaton,jack', 'riding,jake', 'conrad,alex', 'calamese,michael', 'rouse,trey']","['gerald,dustin', 'ayers,perry', 'sine,tucker', 'rakes,bailey', 'spitzer,jakob']",550.0,hendrix,15,0,0.0,0
108,108,3461,Centre,Hendrix,1,56-72,"26,46","26,30",12-2 (3-0 SAA,5-9 (1-2 SAA,,,01/06/19,2:00 PM,,"Danville, KY (Alumni Gymnasium)",Win,2,False,851,False,08:54,,15.0,,10.0,"TURNOVER  by GERALD,DUSTIN",,,"TURNOVER  by GERALD,DUSTIN",1,turnover,,centre,"gerald,dustin",,"['eaton,jack', 'riding,jake', 'conrad,alex', 'calamese,michael', 'rouse,trey']","['gerald,dustin', 'ayers,perry', 'sine,tucker', 'rakes,bailey', 'spitzer,jakob']",534.0,hendrix,15,0,0.0,0
109,109,3461,Centre,Hendrix,1,56-72,"26,46","26,30",12-2 (3-0 SAA,5-9 (1-2 SAA,,,01/06/19,2:00 PM,,"Danville, KY (Alumni Gymnasium)",Win,2,False,851,False,08:53,"STEAL  by ROUSE,TREY",15.0,,10.0,,,,"STEAL  by ROUSE,TREY",1,steal,,hendrix,,,"['eaton,jack', 'riding,jake', 'conrad,alex', 'calamese,michael', 'rouse,trey']","['gerald,dustin', 'ayers,perry', 'sine,tucker', 'rakes,bailey', 'spitzer,jakob']",533.0,hendrix,15,0,0.0,0
110,110,3461,Centre,Hendrix,1,56-72,"26,46","26,30",12-2 (3-0 SAA,5-9 (1-2 SAA,,,01/06/19,2:00 PM,,"Danville, KY (Alumni Gymnasium)",Win,2,False,851,False,08:49,"MISS LAYUP by ROUSE,TREY",15.0,,10.0,,,,"MISS LAYUP by ROUSE,TREY",1,layup,missed,hendrix,"rouse,trey",,"['eaton,jack', 'riding,jake', 'conrad,alex', 'calamese,michael', 'rouse,trey']","['gerald,dustin', 'ayers,perry', 'sine,tucker', 'rakes,bailey', 'spitzer,jakob']",529.0,hendrix,15,0,0.0,0
111,111,3461,Centre,Hendrix,1,56-72,"26,46","26,30",12-2 (3-0 SAA,5-9 (1-2 SAA,,,01/06/19,2:00 PM,,"Danville, KY (Alumni Gymnasium)",Win,2,False,851,False,--,,15.0,,10.0,REBOUND DEF by TEAM,,,REBOUND DEF by TEAM,1,defensive rebound,,centre,,,"['eaton,jack', 'riding,jake', 'conrad,alex', 'calamese,michael', 'rouse,trey']","['gerald,dustin', 'ayers,perry', 'sine,tucker', 'rakes,bailey', 'spitzer,jakob']",,centre,16,0,0.0,1
112,112,3461,Centre,Hendrix,1,56-72,"26,46","26,30",12-2 (3-0 SAA,5-9 (1-2 SAA,,,01/06/19,2:00 PM,,"Danville, KY (Alumni Gymnasium)",Win,2,False,851,False,08:49,"SUB IN by STANLEY,SETH",15.0,,10.0,,,,"SUB IN by STANLEY,SETH",1,subbing in,,hendrix,"stanley,seth",,"['eaton,jack', 'riding,jake', 'conrad,alex', 'calamese,michael', 'rouse,trey', 'stanley,seth']","['gerald,dustin', 'ayers,perry', 'sine,tucker', 'rakes,bailey', 'spitzer,jakob']",529.0,centre,16,0,0.0,0
113,113,3461,Centre,Hendrix,1,56-72,"26,46","26,30",12-2 (3-0 SAA,5-9 (1-2 SAA,,,01/06/19,2:00 PM,,"Danville, KY (Alumni Gymnasium)",Win,2,False,851,False,08:49,"SUB IN by FITCH,CARL",15.0,,10.0,,,,"SUB IN by FITCH,CARL",1,subbing in,,hendrix,"fitch,carl",,"['eaton,jack', 'riding,jake', 'conrad,alex', 'calamese,michael', 'rouse,trey', 'stanley,seth', 'fitch,carl']","['gerald,dustin', 'ayers,perry', 'sine,tucker', 'rakes,bailey', 'spitzer,jakob']",529.0,centre,16,0,0.0,0
114,114,3461,Centre,Hendrix,1,56-72,"26,46","26,30",12-2 (3-0 SAA,5-9 (1-2 SAA,,,01/06/19,2:00 PM,,"Danville, KY (Alumni Gymnasium)",Win,2,False,851,False,08:49,"SUB IN by BRASFIELD,KAM",15.0,,10.0,,,,"SUB IN by BRASFIELD,KAM",1,subbing in,,hendrix,"brasfield,kam",,"['eaton,jack', 'riding,jake', 'conrad,alex', 'calamese,michael', 'rouse,trey', 'stanley,seth', 'fitch,carl', 'brasfield,kam']","['gerald,dustin', 'ayers,perry', 'sine,tucker', 'rakes,bailey', 'spitzer,jakob']",529.0,centre,16,0,0.0,0
115,115,3461,Centre,Hendrix,1,56-72,"26,46","26,30",12-2 (3-0 SAA,5-9 (1-2 SAA,,,01/06/19,2:00 PM,,"Danville, KY (Alumni Gymnasium)",Win,2,False,851,False,08:49,"SUB IN by SMITH,PRESTON",15.0,,10.0,,,,"SUB IN by SMITH,PRESTON",1,subbing in,,hendrix,"smith,preston",,"['eaton,jack', 'riding,jake', 'conrad,alex', 'calamese,michael', 'rouse,trey', 'stanley,seth', 'fitch,carl', 'brasfield,kam', 'smith,preston']","['gerald,dustin', 'ayers,perry', 'sine,tucker', 'rakes,bailey', 'spitzer,jakob']",529.0,centre,16,0,0.0,0
116,116,3461,Centre,Hendrix,1,56-72,"26,46","26,30",12-2 (3-0 SAA,5-9 (1-2 SAA,,,01/06/19,2:00 PM,,"Danville, KY (Alumni Gymnasium)",Win,2,False,851,False,08:49,"SUB OUT by CALAMESE,MICHAEL",15.0,,10.0,,,,"SUB OUT by CALAMESE,MICHAEL",1,subbing out,,hendrix,"calamese,michael",,"['eaton,jack', 'riding,jake', 'conrad,alex', 'rouse,trey', 'stanley,seth', 'fitch,carl', 'brasfield,kam', 'smith,preston']","['gerald,dustin', 'ayers,perry', 'sine,tucker', 'rakes,bailey', 'spitzer,jakob']",529.0,centre,16,0,0.0,0
117,117,3461,Centre,Hendrix,1,56-72,"26,46","26,30",12-2 (3-0 SAA,5-9 (1-2 SAA,,,01/06/19,2:00 PM,,"Danville, KY (Alumni Gymnasium)",Win,2,False,851,False,08:49,"SUB OUT by EATON,JACK",15.0,,10.0,,,,"SUB OUT by EATON,JACK",1,subbing out,,hendrix,"eaton,jack",,"['riding,jake', 'conrad,alex', 'rouse,trey', 'stanley,seth', 'fitch,carl', 'brasfield,kam', 'smith,preston']","['gerald,dustin', 'ayers,perry', 'sine,tucker', 'rakes,bailey', 'spitzer,jakob']",529.0,centre,16,0,0.0,0
118,118,3461,Centre,Hendrix,1,56-72,"26,46","26,30",12-2 (3-0 SAA,5-9 (1-2 SAA,,,01/06/19,2:00 PM,,"Danville, KY (Alumni Gymnasium)",Win,2,False,851,False,08:49,"SUB OUT by RIDING,JAKE",15.0,,10.0,,,,"SUB OUT by RIDING,JAKE",1,subbing out,,hendrix,"riding,jake",,"['conrad,alex', 'rouse,trey', 'stanley,seth', 'fitch,carl', 'brasfield,kam', 'smith,preston']","['gerald,dustin', 'ayers,perry', 'sine,tucker', 'rakes,bailey', 'spitzer,jakob']",529.0,centre,16,0,0.0,0
119,119,3461,Centre,Hendrix,1,56-72,"26,46","26,30",12-2 (3-0 SAA,5-9 (1-2 SAA,,,01/06/19,2:00 PM,,"Danville, KY (Alumni Gymnasium)",Win,2,False,851,False,08:49,"SUB OUT by CONRAD,ALEX",15.0,,10.0,,,,"SUB OUT by CONRAD,ALEX",1,subbing out,,hendrix,"conrad,alex",,"['rouse,trey', 'stanley,seth', 'fitch,carl', 'brasfield,kam', 'smith,preston']","['gerald,dustin', 'ayers,perry', 'sine,tucker', 'rakes,bailey', 'spitzer,jakob']",529.0,centre,16,0,0.0,0
120,120,3461,Centre,Hendrix,1,56-72,"26,46","26,30",12-2 (3-0 SAA,5-9 (1-2 SAA,,,01/06/19,2:00 PM,,"Danville, KY (Alumni Gymnasium)",Win,2,False,851,False,08:49,,15.0,,10.0,"SUB IN by BATES,JACOB",,,"SUB IN by BATES,JACOB",1,subbing in,,centre,"bates,jacob",,"['rouse,trey', 'stanley,seth', 'fitch,carl', 'brasfield,kam', 'smith,preston']","['gerald,dustin', 'ayers,perry', 'sine,tucker', 'rakes,bailey', 'spitzer,jakob', 'bates,jacob']",529.0,centre,16,0,0.0,0
121,121,3461,Centre,Hendrix,1,56-72,"26,46","26,30",12-2 (3-0 SAA,5-9 (1-2 SAA,,,01/06/19,2:00 PM,,"Danville, KY (Alumni Gymnasium)",Win,2,False,851,False,08:49,,15.0,,10.0,"SUB IN by WALKER,ART",,,"SUB IN by WALKER,ART",1,subbing in,,centre,"walker,art",,"['rouse,trey', 'stanley,seth', 'fitch,carl', 'brasfield,kam', 'smith,preston']","['gerald,dustin', 'ayers,perry', 'sine,tucker', 'rakes,bailey', 'spitzer,jakob', 'bates,jacob', 'walker,art']",529.0,centre,16,0,0.0,0
122,122,3461,Centre,Hendrix,1,56-72,"26,46","26,30",12-2 (3-0 SAA,5-9 (1-2 SAA,,,01/06/19,2:00 PM,,"Danville, KY (Alumni Gymnasium)",Win,2,False,851,False,08:49,,15.0,,10.0,"SUB OUT by SPITZER,JAKOB",,,"SUB OUT by SPITZER,JAKOB",1,subbing out,,centre,"spitzer,jakob",,"['rouse,trey', 'stanley,seth', 'fitch,carl', 'brasfield,kam', 'smith,preston']","['gerald,dustin', 'ayers,perry', 'sine,tucker', 'rakes,bailey', 'bates,jacob', 'walker,art']",529.0,centre,16,0,0.0,0
123,123,3461,Centre,Hendrix,1,56-72,"26,46","26,30",12-2 (3-0 SAA,5-9 (1-2 SAA,,,01/06/19,2:00 PM,,"Danville, KY (Alumni Gymnasium)",Win,2,False,851,False,08:49,,15.0,,10.0,"SUB OUT by GERALD,DUSTIN",,,"SUB OUT by GERALD,DUSTIN",1,subbing out,,centre,"gerald,dustin",,"['rouse,trey', 'stanley,seth', 'fitch,carl', 'brasfield,kam', 'smith,preston']","['ayers,perry', 'sine,tucker', 'rakes,bailey', 'bates,jacob', 'walker,art']",529.0,centre,16,0,0.0,0
124,124,3461,Centre,Hendrix,1,56-72,"26,46","26,30",12-2 (3-0 SAA,5-9 (1-2 SAA,,,01/06/19,2:00 PM,,"Danville, KY (Alumni Gymnasium)",Win,2,False,851,False,08:42,"FOUL  by ROUSE,TREY",15.0,,10.0,,,,"FOUL  by ROUSE,TREY",1,foul,,hendrix,"rouse,trey",,"['rouse,trey', 'stanley,seth', 'fitch,carl', 'brasfield,kam', 'smith,preston']","['ayers,perry', 'sine,tucker', 'rakes,bailey', 'bates,jacob', 'walker,art']",522.0,centre,16,0,0.0,0
125,125,3461,Centre,Hendrix,1,56-72,"26,46","26,30",12-2 (3-0 SAA,5-9 (1-2 SAA,,,01/06/19,2:00 PM,,"Danville, KY (Alumni Gymnasium)",Win,2,False,851,False,08:40,,15.0,,11.0,"GOOD FT by AYERS,PERRY",CENTRE-M 15-11 (-4),,"GOOD FT by AYERS,PERRY",1,free throw,good,centre,"ayers,perry",1.0,"['rouse,trey', 'stanley,seth', 'fitch,carl', 'brasfield,kam', 'smith,preston']","['ayers,perry', 'sine,tucker', 'rakes,bailey', 'bates,jacob', 'walker,art']",520.0,centre,16,0,0.0,0
126,126,3461,Centre,Hendrix,1,56-72,"26,46","26,30",12-2 (3-0 SAA,5-9 (1-2 SAA,,,01/06/19,2:00 PM,,"Danville, KY (Alumni Gymnasium)",Win,2,False,851,False,08:40,,15.0,,12.0,"GOOD FT by AYERS,PERRY",CENTRE-M 15-12 (-3),,"GOOD FT by AYERS,PERRY",1,free throw,good,centre,"ayers,perry",1.0,"['rouse,trey', 'stanley,seth', 'fitch,carl', 'brasfield,kam', 'smith,preston']","['ayers,perry', 'sine,tucker', 'rakes,bailey', 'bates,jacob', 'walker,art']",520.0,centre,16,0,0.0,0
127,127,3461,Centre,Hendrix,1,56-72,"26,46","26,30",12-2 (3-0 SAA,5-9 (1-2 SAA,,,01/06/19,2:00 PM,,"Danville, KY (Alumni Gymnasium)",Win,2,False,851,False,08:14,"MISS 3PTR by STANLEY,SETH",15.0,,12.0,,,,"MISS 3PTR by STANLEY,SETH",1,three pointer,missed,hendrix,"stanley,seth",,"['rouse,trey', 'stanley,seth', 'fitch,carl', 'brasfield,kam', 'smith,preston']","['ayers,perry', 'sine,tucker', 'rakes,bailey', 'bates,jacob', 'walker,art']",494.0,centre,16,0,0.0,0
128,128,3461,Centre,Hendrix,1,56-72,"26,46","26,30",12-2 (3-0 SAA,5-9 (1-2 SAA,,,01/06/19,2:00 PM,,"Danville, KY (Alumni Gymnasium)",Win,2,False,851,False,--,"REBOUND OFF by FITCH,CARL",15.0,,12.0,,,,"REBOUND OFF by FITCH,CARL",1,offensive rebound,,hendrix,"fitch,carl",,"['rouse,trey', 'stanley,seth', 'fitch,carl', 'brasfield,kam', 'smith,preston']","['ayers,perry', 'sine,tucker', 'rakes,bailey', 'bates,jacob', 'walker,art']",,centre,16,0,0.0,0
129,129,3461,Centre,Hendrix,1,56-72,"26,46","26,30",12-2 (3-0 SAA,5-9 (1-2 SAA,,,01/06/19,2:00 PM,,"Danville, KY (Alumni Gymnasium)",Win,2,False,851,False,08:08,"GOOD LAYUP by FITCH,CARL(in the paint)",17.0,,12.0,,HENDRIX 17-12 (-5),,"GOOD LAYUP by FITCH,CARL(in the paint)",1,layup,good,hendrix,"fitch,carl",2.0,"['rouse,trey', 'stanley,seth', 'fitch,carl', 'brasfield,kam', 'smith,preston']","['ayers,perry', 'sine,tucker', 'rakes,bailey', 'bates,jacob', 'walker,art']",488.0,centre,16,0,0.0,0
130,130,3461,Centre,Hendrix,1,56-72,"26,46","26,30",12-2 (3-0 SAA,5-9 (1-2 SAA,,,01/06/19,2:00 PM,,"Danville, KY (Alumni Gymnasium)",Win,2,False,851,False,07:52,,17.0,,14.0,"GOOD LAYUP by BATES,JACOB(in the paint)",CENTRE-M 17-14 (-3),,"GOOD LAYUP by BATES,JACOB(in the paint)",1,layup,good,centre,"bates,jacob",2.0,"['rouse,trey', 'stanley,seth', 'fitch,carl', 'brasfield,kam', 'smith,preston']","['ayers,perry', 'sine,tucker', 'rakes,bailey', 'bates,jacob', 'walker,art']",472.0,centre,16,0,0.0,0
131,131,3461,Centre,Hendrix,1,56-72,"26,46","26,30",12-2 (3-0 SAA,5-9 (1-2 SAA,,,01/06/19,2:00 PM,,"Danville, KY (Alumni Gymnasium)",Win,2,False,851,False,--,,17.0,,14.0,"ASSIST  by SINE,TUCKER",,,"ASSIST  by SINE,TUCKER",1,assist,,centre,"sine,tucker",,"['rouse,trey', 'stanley,seth', 'fitch,carl', 'brasfield,kam', 'smith,preston']","['ayers,perry', 'sine,tucker', 'rakes,bailey', 'bates,jacob', 'walker,art']",,centre,16,0,0.0,0
132,132,3461,Centre,Hendrix,1,56-72,"26,46","26,30",12-2 (3-0 SAA,5-9 (1-2 SAA,,,01/06/19,2:00 PM,,"Danville, KY (Alumni Gymnasium)",Win,2,False,851,False,07:29,"MISS LAYUP by ROUSE,TREY",17.0,,14.0,,,,"MISS LAYUP by ROUSE,TREY",1,layup,missed,hendrix,"rouse,trey",,"['rouse,trey', 'stanley,seth', 'fitch,carl', 'brasfield,kam', 'smith,preston']","['ayers,perry', 'sine,tucker', 'rakes,bailey', 'bates,jacob', 'walker,art']",449.0,centre,16,0,0.0,0
133,133,3461,Centre,Hendrix,1,56-72,"26,46","26,30",12-2 (3-0 SAA,5-9 (1-2 SAA,,,01/06/19,2:00 PM,,"Danville, KY (Alumni Gymnasium)",Win,2,False,851,False,--,,17.0,,14.0,"REBOUND DEF by RAKES,BAILEY",,,"REBOUND DEF by RAKES,BAILEY",1,defensive rebound,,centre,"rakes,bailey",,"['rouse,trey', 'stanley,seth', 'fitch,carl', 'brasfield,kam', 'smith,preston']","['ayers,perry', 'sine,tucker', 'rakes,bailey', 'bates,jacob', 'walker,art']",,centre,16,0,0.0,0
134,134,3461,Centre,Hendrix,1,56-72,"26,46","26,30",12-2 (3-0 SAA,5-9 (1-2 SAA,,,01/06/19,2:00 PM,,"Danville, KY (Alumni Gymnasium)",Win,2,False,851,False,07:21,,17.0,,14.0,TIMEOUT MEDIA by TEAM,,,TIMEOUT MEDIA by TEAM,1,timeout,,centre,,,"['rouse,trey', 'stanley,seth', 'fitch,carl', 'brasfield,kam', 'smith,preston']","['ayers,perry', 'sine,tucker', 'rakes,bailey', 'bates,jacob', 'walker,art']",441.0,centre,16,0,0.0,0
135,135,3461,Centre,Hendrix,1,56-72,"26,46","26,30",12-2 (3-0 SAA,5-9 (1-2 SAA,,,01/06/19,2:00 PM,,"Danville, KY (Alumni Gymnasium)",Win,2,False,851,False,07:15,,17.0,,14.0,"MISS LAYUP by BATES,JACOB",,,"MISS LAYUP by BATES,JACOB",1,layup,missed,centre,"bates,jacob",,"['rouse,trey', 'stanley,seth', 'fitch,carl', 'brasfield,kam', 'smith,preston']","['ayers,perry', 'sine,tucker', 'rakes,bailey', 'bates,jacob', 'walker,art']",435.0,centre,16,0,0.0,0
136,136,3461,Centre,Hendrix,1,56-72,"26,46","26,30",12-2 (3-0 SAA,5-9 (1-2 SAA,,,01/06/19,2:00 PM,,"Danville, KY (Alumni Gymnasium)",Win,2,False,851,False,--,"REBOUND DEF by SMITH,PRESTON",17.0,,14.0,,,,"REBOUND DEF by SMITH,PRESTON",1,defensive rebound,,hendrix,"smith,preston",,"['rouse,trey', 'stanley,seth', 'fitch,carl', 'brasfield,kam', 'smith,preston']","['ayers,perry', 'sine,tucker', 'rakes,bailey', 'bates,jacob', 'walker,art']",,centre,16,0,0.0,0
137,137,3461,Centre,Hendrix,1,56-72,"26,46","26,30",12-2 (3-0 SAA,5-9 (1-2 SAA,,,01/06/19,2:00 PM,,"Danville, KY (Alumni Gymnasium)",Win,2,False,851,False,07:03,"SUB IN by COMAN,SEAN",17.0,,14.0,,,,"SUB IN by COMAN,SEAN",1,subbing in,,hendrix,"coman,sean",,"['rouse,trey', 'stanley,seth', 'fitch,carl', 'brasfield,kam', 'smith,preston', 'coman,sean']","['ayers,perry', 'sine,tucker', 'rakes,bailey', 'bates,jacob', 'walker,art']",423.0,hendrix,17,0,0.0,1
138,138,3461,Centre,Hendrix,1,56-72,"26,46","26,30",12-2 (3-0 SAA,5-9 (1-2 SAA,,,01/06/19,2:00 PM,,"Danville, KY (Alumni Gymnasium)",Win,2,False,851,False,07:03,"SUB OUT by ROUSE,TREY",17.0,,14.0,,,,"SUB OUT by ROUSE,TREY",1,subbing out,,hendrix,"rouse,trey",,"['stanley,seth', 'fitch,carl', 'brasfield,kam', 'smith,preston', 'coman,sean']","['ayers,perry', 'sine,tucker', 'rakes,bailey', 'bates,jacob', 'walker,art']",423.0,hendrix,17,0,0.0,0
139,139,3461,Centre,Hendrix,1,56-72,"26,46","26,30",12-2 (3-0 SAA,5-9 (1-2 SAA,,,01/06/19,2:00 PM,,"Danville, KY (Alumni Gymnasium)",Win,2,False,851,False,07:01,"TURNOVER  by FITCH,CARL",17.0,,14.0,,,,"TURNOVER  by FITCH,CARL",1,turnover,,hendrix,"fitch,carl",,"['stanley,seth', 'fitch,carl', 'brasfield,kam', 'smith,preston', 'coman,sean']","['ayers,perry', 'sine,tucker', 'rakes,bailey', 'bates,jacob', 'walker,art']",421.0,hendrix,17,0,0.0,0
140,140,3461,Centre,Hendrix,1,56-72,"26,46","26,30",12-2 (3-0 SAA,5-9 (1-2 SAA,,,01/06/19,2:00 PM,,"Danville, KY (Alumni Gymnasium)",Win,2,False,851,False,06:37,"FOUL  by FITCH,CARL",17.0,,14.0,,,,"FOUL  by FITCH,CARL",1,foul,,hendrix,"fitch,carl",,"['stanley,seth', 'fitch,carl', 'brasfield,kam', 'smith,preston', 'coman,sean']","['ayers,perry', 'sine,tucker', 'rakes,bailey', 'bates,jacob', 'walker,art']",397.0,centre,18,0,0.0,1
141,141,3461,Centre,Hendrix,1,56-72,"26,46","26,30",12-2 (3-0 SAA,5-9 (1-2 SAA,,,01/06/19,2:00 PM,,"Danville, KY (Alumni Gymnasium)",Win,2,False,851,False,06:37,,17.0,,14.0,"MISS FT by BATES,JACOB",,,"MISS FT by BATES,JACOB",1,free throw,missed,centre,"bates,jacob",,"['stanley,seth', 'fitch,carl', 'brasfield,kam', 'smith,preston', 'coman,sean']","['ayers,perry', 'sine,tucker', 'rakes,bailey', 'bates,jacob', 'walker,art']",397.0,centre,18,0,0.0,0
142,142,3461,Centre,Hendrix,1,56-72,"26,46","26,30",12-2 (3-0 SAA,5-9 (1-2 SAA,,,01/06/19,2:00 PM,,"Danville, KY (Alumni Gymnasium)",Win,2,False,851,False,--,,17.0,,14.0,REBOUND DEADB by TEAM,,,REBOUND DEADB by TEAM,1,deadball rebound,,centre,,,"['stanley,seth', 'fitch,carl', 'brasfield,kam', 'smith,preston', 'coman,sean']","['ayers,perry', 'sine,tucker', 'rakes,bailey', 'bates,jacob', 'walker,art']",,centre,18,0,0.0,0
143,143,3461,Centre,Hendrix,1,56-72,"26,46","26,30",12-2 (3-0 SAA,5-9 (1-2 SAA,,,01/06/19,2:00 PM,,"Danville, KY (Alumni Gymnasium)",Win,2,False,851,False,06:37,,17.0,,15.0,"GOOD FT by BATES,JACOB",CENTRE-M 17-15 (-2),,"GOOD FT by BATES,JACOB",1,free throw,good,centre,"bates,jacob",1.0,"['stanley,seth', 'fitch,carl', 'brasfield,kam', 'smith,preston', 'coman,sean']","['ayers,perry', 'sine,tucker', 'rakes,bailey', 'bates,jacob', 'walker,art']",397.0,centre,18,0,0.0,0
144,144,3461,Centre,Hendrix,1,56-72,"26,46","26,30",12-2 (3-0 SAA,5-9 (1-2 SAA,,,01/06/19,2:00 PM,,"Danville, KY (Alumni Gymnasium)",Win,2,False,851,False,06:37,"SUB IN by CONRAD,ALEX",17.0,,15.0,,,,"SUB IN by CONRAD,ALEX",1,subbing in,,hendrix,"conrad,alex",,"['stanley,seth', 'fitch,carl', 'brasfield,kam', 'smith,preston', 'coman,sean', 'conrad,alex']","['ayers,perry', 'sine,tucker', 'rakes,bailey', 'bates,jacob', 'walker,art']",397.0,centre,18,0,0.0,0
145,145,3461,Centre,Hendrix,1,56-72,"26,46","26,30",12-2 (3-0 SAA,5-9 (1-2 SAA,,,01/06/19,2:00 PM,,"Danville, KY (Alumni Gymnasium)",Win,2,False,851,False,06:37,"SUB OUT by FITCH,CARL",17.0,,15.0,,,,"SUB OUT by FITCH,CARL",1,subbing out,,hendrix,"fitch,carl",,"['stanley,seth', 'brasfield,kam', 'smith,preston', 'coman,sean', 'conrad,alex']","['ayers,perry', 'sine,tucker', 'rakes,bailey', 'bates,jacob', 'walker,art']",397.0,centre,18,0,0.0,0
146,146,3461,Centre,Hendrix,1,56-72,"26,46","26,30",12-2 (3-0 SAA,5-9 (1-2 SAA,,,01/06/19,2:00 PM,,"Danville, KY (Alumni Gymnasium)",Win,2,False,851,False,06:37,,17.0,,15.0,"SUB IN by PURVIS,KC",,,"SUB IN by PURVIS,KC",1,subbing in,,centre,"purvis,kc",,"['stanley,seth', 'brasfield,kam', 'smith,preston', 'coman,sean', 'conrad,alex']","['ayers,perry', 'sine,tucker', 'rakes,bailey', 'bates,jacob', 'walker,art', 'purvis,kc']",397.0,centre,18,0,0.0,0
147,147,3461,Centre,Hendrix,1,56-72,"26,46","26,30",12-2 (3-0 SAA,5-9 (1-2 SAA,,,01/06/19,2:00 PM,,"Danville, KY (Alumni Gymnasium)",Win,2,False,851,False,06:37,,17.0,,15.0,"SUB IN by GRIFFIN,JAROD",,,"SUB IN by GRIFFIN,JAROD",1,subbing in,,centre,"griffin,jarod",,"['stanley,seth', 'brasfield,kam', 'smith,preston', 'coman,sean', 'conrad,alex']","['ayers,perry', 'sine,tucker', 'rakes,bailey', 'bates,jacob', 'walker,art', 'purvis,kc', 'griffin,jarod']",397.0,centre,18,0,0.0,0
148,148,3461,Centre,Hendrix,1,56-72,"26,46","26,30",12-2 (3-0 SAA,5-9 (1-2 SAA,,,01/06/19,2:00 PM,,"Danville, KY (Alumni Gymnasium)",Win,2,False,851,False,06:37,,17.0,,15.0,"SUB OUT by SINE,TUCKER",,,"SUB OUT by SINE,TUCKER",1,subbing out,,centre,"sine,tucker",,"['stanley,seth', 'brasfield,kam', 'smith,preston', 'coman,sean', 'conrad,alex']","['ayers,perry', 'rakes,bailey', 'bates,jacob', 'walker,art', 'purvis,kc', 'griffin,jarod']",397.0,centre,18,0,0.0,0
149,149,3461,Centre,Hendrix,1,56-72,"26,46","26,30",12-2 (3-0 SAA,5-9 (1-2 SAA,,,01/06/19,2:00 PM,,"Danville, KY (Alumni Gymnasium)",Win,2,False,851,False,06:37,,17.0,,15.0,"SUB OUT by BATES,JACOB",,,"SUB OUT by BATES,JACOB",1,subbing out,,centre,"bates,jacob",,"['stanley,seth', 'brasfield,kam', 'smith,preston', 'coman,sean', 'conrad,alex']","['ayers,perry', 'rakes,bailey', 'walker,art', 'purvis,kc', 'griffin,jarod']",397.0,centre,18,0,0.0,0
150,150,3461,Centre,Hendrix,1,56-72,"26,46","26,30",12-2 (3-0 SAA,5-9 (1-2 SAA,,,01/06/19,2:00 PM,,"Danville, KY (Alumni Gymnasium)",Win,2,False,851,False,06:16,"MISS JUMPER by BRASFIELD,KAM",17.0,,15.0,,,,"MISS JUMPER by BRASFIELD,KAM",1,jumper,missed,hendrix,"brasfield,kam",,"['stanley,seth', 'brasfield,kam', 'smith,preston', 'coman,sean', 'conrad,alex']","['ayers,perry', 'rakes,bailey', 'walker,art', 'purvis,kc', 'griffin,jarod']",376.0,centre,18,0,0.0,0
151,151,3461,Centre,Hendrix,1,56-72,"26,46","26,30",12-2 (3-0 SAA,5-9 (1-2 SAA,,,01/06/19,2:00 PM,,"Danville, KY (Alumni Gymnasium)",Win,2,False,851,False,--,,17.0,,15.0,"REBOUND DEF by RAKES,BAILEY",,,"REBOUND DEF by RAKES,BAILEY",1,defensive rebound,,centre,"rakes,bailey",,"['stanley,seth', 'brasfield,kam', 'smith,preston', 'coman,sean', 'conrad,alex']","['ayers,perry', 'rakes,bailey', 'walker,art', 'purvis,kc', 'griffin,jarod']",,centre,18,0,0.0,0
152,152,3461,Centre,Hendrix,1,56-72,"26,46","26,30",12-2 (3-0 SAA,5-9 (1-2 SAA,,,01/06/19,2:00 PM,,"Danville, KY (Alumni Gymnasium)",Win,2,False,851,False,05:59,,17.0,,17.0,"GOOD LAYUP by WALKER,ART(in the paint)",CENTRE-M 17-17 (0),,"GOOD LAYUP by WALKER,ART(in the paint)",1,layup,good,centre,"walker,art",2.0,"['stanley,seth', 'brasfield,kam', 'smith,preston', 'coman,sean', 'conrad,alex']","['ayers,perry', 'rakes,bailey', 'walker,art', 'purvis,kc', 'griffin,jarod']",359.0,centre,18,0,0.0,0
153,153,3461,Centre,Hendrix,1,56-72,"26,46","26,30",12-2 (3-0 SAA,5-9 (1-2 SAA,,,01/06/19,2:00 PM,,"Danville, KY (Alumni Gymnasium)",Win,2,False,851,False,05:49,"GOOD 3PTR by SMITH,PRESTON",20.0,,17.0,,HENDRIX 20-17 (-3),,"GOOD 3PTR by SMITH,PRESTON",1,three pointer,good,hendrix,"smith,preston",3.0,"['stanley,seth', 'brasfield,kam', 'smith,preston', 'coman,sean', 'conrad,alex']","['ayers,perry', 'rakes,bailey', 'walker,art', 'purvis,kc', 'griffin,jarod']",349.0,centre,18,0,0.0,0
154,154,3461,Centre,Hendrix,1,56-72,"26,46","26,30",12-2 (3-0 SAA,5-9 (1-2 SAA,,,01/06/19,2:00 PM,,"Danville, KY (Alumni Gymnasium)",Win,2,False,851,False,--,"ASSIST  by STANLEY,SETH",20.0,,17.0,,,,"ASSIST  by STANLEY,SETH",1,assist,,hendrix,"stanley,seth",,"['stanley,seth', 'brasfield,kam', 'smith,preston', 'coman,sean', 'conrad,alex']","['ayers,perry', 'rakes,bailey', 'walker,art', 'purvis,kc', 'griffin,jarod']",,centre,18,0,0.0,0
155,155,3461,Centre,Hendrix,1,56-72,"26,46","26,30",12-2 (3-0 SAA,5-9 (1-2 SAA,,,01/06/19,2:00 PM,,"Danville, KY (Alumni Gymnasium)",Win,2,False,851,False,05:32,,20.0,,17.0,"MISS 3PTR by WALKER,ART",,,"MISS 3PTR by WALKER,ART",1,three pointer,missed,centre,"walker,art",,"['stanley,seth', 'brasfield,kam', 'smith,preston', 'coman,sean', 'conrad,alex']","['ayers,perry', 'rakes,bailey', 'walker,art', 'purvis,kc', 'griffin,jarod']",332.0,centre,18,0,0.0,0
156,156,3461,Centre,Hendrix,1,56-72,"26,46","26,30",12-2 (3-0 SAA,5-9 (1-2 SAA,,,01/06/19,2:00 PM,,"Danville, KY (Alumni Gymnasium)",Win,2,False,851,False,--,"REBOUND DEF by BRASFIELD,KAM",20.0,,17.0,,,,"REBOUND DEF by BRASFIELD,KAM",1,defensive rebound,,hendrix,"brasfield,kam",,"['stanley,seth', 'brasfield,kam', 'smith,preston', 'coman,sean', 'conrad,alex']","['ayers,perry', 'rakes,bailey', 'walker,art', 'purvis,kc', 'griffin,jarod']",,centre,18,0,0.0,0
157,157,3461,Centre,Hendrix,1,56-72,"26,46","26,30",12-2 (3-0 SAA,5-9 (1-2 SAA,,,01/06/19,2:00 PM,,"Danville, KY (Alumni Gymnasium)",Win,2,False,851,False,05:15,"TURNOVER  by COMAN,SEAN",20.0,,17.0,,,,"TURNOVER  by COMAN,SEAN",1,turnover,,hendrix,"coman,sean",,"['stanley,seth', 'brasfield,kam', 'smith,preston', 'coman,sean', 'conrad,alex']","['ayers,perry', 'rakes,bailey', 'walker,art', 'purvis,kc', 'griffin,jarod']",315.0,hendrix,19,0,0.0,1
158,158,3461,Centre,Hendrix,1,56-72,"26,46","26,30",12-2 (3-0 SAA,5-9 (1-2 SAA,,,01/06/19,2:00 PM,,"Danville, KY (Alumni Gymnasium)",Win,2,False,851,False,05:14,,20.0,,17.0,"STEAL  by WALKER,ART",,,"STEAL  by WALKER,ART",1,steal,,centre,,,"['stanley,seth', 'brasfield,kam', 'smith,preston', 'coman,sean', 'conrad,alex']","['ayers,perry', 'rakes,bailey', 'walker,art', 'purvis,kc', 'griffin,jarod']",314.0,hendrix,19,0,0.0,0
159,159,3461,Centre,Hendrix,1,56-72,"26,46","26,30",12-2 (3-0 SAA,5-9 (1-2 SAA,,,01/06/19,2:00 PM,,"Danville, KY (Alumni Gymnasium)",Win,2,False,851,False,05:02,,20.0,,19.0,"GOOD LAYUP by PURVIS,KC(in the paint)",CENTRE-M 20-19 (-1),,"GOOD LAYUP by PURVIS,KC(in the paint)",1,layup,good,centre,"purvis,kc",2.0,"['stanley,seth', 'brasfield,kam', 'smith,preston', 'coman,sean', 'conrad,alex']","['ayers,perry', 'rakes,bailey', 'walker,art', 'purvis,kc', 'griffin,jarod']",302.0,centre,20,0,0.0,1
160,160,3461,Centre,Hendrix,1,56-72,"26,46","26,30",12-2 (3-0 SAA,5-9 (1-2 SAA,,,01/06/19,2:00 PM,,"Danville, KY (Alumni Gymnasium)",Win,2,False,851,False,--,,20.0,,19.0,"ASSIST  by AYERS,PERRY",,,"ASSIST  by AYERS,PERRY",1,assist,,centre,"ayers,perry",,"['stanley,seth', 'brasfield,kam', 'smith,preston', 'coman,sean', 'conrad,alex']","['ayers,perry', 'rakes,bailey', 'walker,art', 'purvis,kc', 'griffin,jarod']",,centre,20,0,0.0,0
161,161,3461,Centre,Hendrix,1,56-72,"26,46","26,30",12-2 (3-0 SAA,5-9 (1-2 SAA,,,01/06/19,2:00 PM,,"Danville, KY (Alumni Gymnasium)",Win,2,False,851,False,04:47,"GOOD LAYUP by BRASFIELD,KAM(in the paint)",22.0,,19.0,,HENDRIX 22-19 (-3),,"GOOD LAYUP by BRASFIELD,KAM(in the paint)",1,layup,good,hendrix,"brasfield,kam",2.0,"['stanley,seth', 'brasfield,kam', 'smith,preston', 'coman,sean', 'conrad,alex']","['ayers,perry', 'rakes,bailey', 'walker,art', 'purvis,kc', 'griffin,jarod']",287.0,centre,20,0,0.0,0
162,162,3461,Centre,Hendrix,1,56-72,"26,46","26,30",12-2 (3-0 SAA,5-9 (1-2 SAA,,,01/06/19,2:00 PM,,"Danville, KY (Alumni Gymnasium)",Win,2,False,851,False,04:32,,22.0,,19.0,"MISS 3PTR by AYERS,PERRY",,,"MISS 3PTR by AYERS,PERRY",1,three pointer,missed,centre,"ayers,perry",,"['stanley,seth', 'brasfield,kam', 'smith,preston', 'coman,sean', 'conrad,alex']","['ayers,perry', 'rakes,bailey', 'walker,art', 'purvis,kc', 'griffin,jarod']",272.0,centre,20,0,0.0,0
163,163,3461,Centre,Hendrix,1,56-72,"26,46","26,30",12-2 (3-0 SAA,5-9 (1-2 SAA,,,01/06/19,2:00 PM,,"Danville, KY (Alumni Gymnasium)",Win,2,False,851,False,--,REBOUND DEF by TEAM,22.0,,19.0,,,,REBOUND DEF by TEAM,1,defensive rebound,,hendrix,,,"['stanley,seth', 'brasfield,kam', 'smith,preston', 'coman,sean', 'conrad,alex']","['ayers,perry', 'rakes,bailey', 'walker,art', 'purvis,kc', 'griffin,jarod']",,hendrix,21,0,0.0,1
164,164,3461,Centre,Hendrix,1,56-72,"26,46","26,30",12-2 (3-0 SAA,5-9 (1-2 SAA,,,01/06/19,2:00 PM,,"Danville, KY (Alumni Gymnasium)",Win,2,False,851,False,04:22,,22.0,,19.0,"SUB IN by GERALD,DUSTIN",,,"SUB IN by GERALD,DUSTIN",1,subbing in,,centre,"gerald,dustin",,"['stanley,seth', 'brasfield,kam', 'smith,preston', 'coman,sean', 'conrad,alex']","['ayers,perry', 'rakes,bailey', 'walker,art', 'purvis,kc', 'griffin,jarod', 'gerald,dustin']",262.0,hendrix,21,0,0.0,0
165,165,3461,Centre,Hendrix,1,56-72,"26,46","26,30",12-2 (3-0 SAA,5-9 (1-2 SAA,,,01/06/19,2:00 PM,,"Danville, KY (Alumni Gymnasium)",Win,2,False,851,False,04:22,,22.0,,19.0,"SUB IN by CRUMP,DAWSON",,,"SUB IN by CRUMP,DAWSON",1,subbing in,,centre,"crump,dawson",,"['stanley,seth', 'brasfield,kam', 'smith,preston', 'coman,sean', 'conrad,alex']","['ayers,perry', 'rakes,bailey', 'walker,art', 'purvis,kc', 'griffin,jarod', 'gerald,dustin', 'crump,dawson']",262.0,hendrix,21,0,0.0,0
166,166,3461,Centre,Hendrix,1,56-72,"26,46","26,30",12-2 (3-0 SAA,5-9 (1-2 SAA,,,01/06/19,2:00 PM,,"Danville, KY (Alumni Gymnasium)",Win,2,False,851,False,04:22,,22.0,,19.0,"SUB OUT by RAKES,BAILEY",,,"SUB OUT by RAKES,BAILEY",1,subbing out,,centre,"rakes,bailey",,"['stanley,seth', 'brasfield,kam', 'smith,preston', 'coman,sean', 'conrad,alex']","['ayers,perry', 'walker,art', 'purvis,kc', 'griffin,jarod', 'gerald,dustin', 'crump,dawson']",262.0,hendrix,21,0,0.0,0
167,167,3461,Centre,Hendrix,1,56-72,"26,46","26,30",12-2 (3-0 SAA,5-9 (1-2 SAA,,,01/06/19,2:00 PM,,"Danville, KY (Alumni Gymnasium)",Win,2,False,851,False,04:22,,22.0,,19.0,"SUB OUT by WALKER,ART",,,"SUB OUT by WALKER,ART",1,subbing out,,centre,"walker,art",,"['stanley,seth', 'brasfield,kam', 'smith,preston', 'coman,sean', 'conrad,alex']","['ayers,perry', 'purvis,kc', 'griffin,jarod', 'gerald,dustin', 'crump,dawson']",262.0,hendrix,21,0,0.0,0
168,168,3461,Centre,Hendrix,1,56-72,"26,46","26,30",12-2 (3-0 SAA,5-9 (1-2 SAA,,,01/06/19,2:00 PM,,"Danville, KY (Alumni Gymnasium)",Win,2,False,851,False,04:02,"MISS 3PTR by STANLEY,SETH",22.0,,19.0,,,,"MISS 3PTR by STANLEY,SETH",1,three pointer,missed,hendrix,"stanley,seth",,"['stanley,seth', 'brasfield,kam', 'smith,preston', 'coman,sean', 'conrad,alex']","['ayers,perry', 'purvis,kc', 'griffin,jarod', 'gerald,dustin', 'crump,dawson']",242.0,hendrix,21,0,0.0,0
169,169,3461,Centre,Hendrix,1,56-72,"26,46","26,30",12-2 (3-0 SAA,5-9 (1-2 SAA,,,01/06/19,2:00 PM,,"Danville, KY (Alumni Gymnasium)",Win,2,False,851,False,--,,22.0,,19.0,"REBOUND DEF by CRUMP,DAWSON",,,"REBOUND DEF by CRUMP,DAWSON",1,defensive rebound,,centre,"crump,dawson",,"['stanley,seth', 'brasfield,kam', 'smith,preston', 'coman,sean', 'conrad,alex']","['ayers,perry', 'purvis,kc', 'griffin,jarod', 'gerald,dustin', 'crump,dawson']",,hendrix,21,0,0.0,0
170,170,3461,Centre,Hendrix,1,56-72,"26,46","26,30",12-2 (3-0 SAA,5-9 (1-2 SAA,,,01/06/19,2:00 PM,,"Danville, KY (Alumni Gymnasium)",Win,2,False,851,False,03:46,,22.0,,19.0,TIMEOUT MEDIA by TEAM,,,TIMEOUT MEDIA by TEAM,1,timeout,,centre,,,"['stanley,seth', 'brasfield,kam', 'smith,preston', 'coman,sean', 'conrad,alex']","['ayers,perry', 'purvis,kc', 'griffin,jarod', 'gerald,dustin', 'crump,dawson']",226.0,centre,22,0,0.0,1
171,171,3461,Centre,Hendrix,1,56-72,"26,46","26,30",12-2 (3-0 SAA,5-9 (1-2 SAA,,,01/06/19,2:00 PM,,"Danville, KY (Alumni Gymnasium)",Win,2,False,851,False,03:46,,22.0,,19.0,"SUB IN by BATES,JACOB",,,"SUB IN by BATES,JACOB",1,subbing in,,centre,"bates,jacob",,"['stanley,seth', 'brasfield,kam', 'smith,preston', 'coman,sean', 'conrad,alex']","['ayers,perry', 'purvis,kc', 'griffin,jarod', 'gerald,dustin', 'crump,dawson', 'bates,jacob']",226.0,centre,22,0,0.0,0
172,172,3461,Centre,Hendrix,1,56-72,"26,46","26,30",12-2 (3-0 SAA,5-9 (1-2 SAA,,,01/06/19,2:00 PM,,"Danville, KY (Alumni Gymnasium)",Win,2,False,851,False,03:46,,22.0,,19.0,"SUB IN by SINE,TUCKER",,,"SUB IN by SINE,TUCKER",1,subbing in,,centre,"sine,tucker",,"['stanley,seth', 'brasfield,kam', 'smith,preston', 'coman,sean', 'conrad,alex']","['ayers,perry', 'purvis,kc', 'griffin,jarod', 'gerald,dustin', 'crump,dawson', 'bates,jacob', 'sine,tucker']",226.0,centre,22,0,0.0,0
173,173,3461,Centre,Hendrix,1,56-72,"26,46","26,30",12-2 (3-0 SAA,5-9 (1-2 SAA,,,01/06/19,2:00 PM,,"Danville, KY (Alumni Gymnasium)",Win,2,False,851,False,03:46,,22.0,,19.0,"SUB OUT by AYERS,PERRY",,,"SUB OUT by AYERS,PERRY",1,subbing out,,centre,"ayers,perry",,"['stanley,seth', 'brasfield,kam', 'smith,preston', 'coman,sean', 'conrad,alex']","['purvis,kc', 'griffin,jarod', 'gerald,dustin', 'crump,dawson', 'bates,jacob', 'sine,tucker']",226.0,centre,22,0,0.0,0
174,174,3461,Centre,Hendrix,1,56-72,"26,46","26,30",12-2 (3-0 SAA,5-9 (1-2 SAA,,,01/06/19,2:00 PM,,"Danville, KY (Alumni Gymnasium)",Win,2,False,851,False,03:46,,22.0,,19.0,"SUB OUT by PURVIS,KC",,,"SUB OUT by PURVIS,KC",1,subbing out,,centre,"purvis,kc",,"['stanley,seth', 'brasfield,kam', 'smith,preston', 'coman,sean', 'conrad,alex']","['griffin,jarod', 'gerald,dustin', 'crump,dawson', 'bates,jacob', 'sine,tucker']",226.0,centre,22,0,0.0,0
175,175,3461,Centre,Hendrix,1,56-72,"26,46","26,30",12-2 (3-0 SAA,5-9 (1-2 SAA,,,01/06/19,2:00 PM,,"Danville, KY (Alumni Gymnasium)",Win,2,False,851,False,03:39,,22.0,,19.0,"TURNOVER  by SINE,TUCKER",,,"TURNOVER  by SINE,TUCKER",1,turnover,,centre,"sine,tucker",,"['stanley,seth', 'brasfield,kam', 'smith,preston', 'coman,sean', 'conrad,alex']","['griffin,jarod', 'gerald,dustin', 'crump,dawson', 'bates,jacob', 'sine,tucker']",219.0,centre,22,0,0.0,0
176,176,3461,Centre,Hendrix,1,56-72,"26,46","26,30",12-2 (3-0 SAA,5-9 (1-2 SAA,,,01/06/19,2:00 PM,,"Danville, KY (Alumni Gymnasium)",Win,2,False,851,False,03:37,"STEAL  by STANLEY,SETH",22.0,,19.0,,,,"STEAL  by STANLEY,SETH",1,steal,,hendrix,,,"['stanley,seth', 'brasfield,kam', 'smith,preston', 'coman,sean', 'conrad,alex']","['griffin,jarod', 'gerald,dustin', 'crump,dawson', 'bates,jacob', 'sine,tucker']",217.0,centre,22,0,0.0,0
177,177,3461,Centre,Hendrix,1,56-72,"26,46","26,30",12-2 (3-0 SAA,5-9 (1-2 SAA,,,01/06/19,2:00 PM,,"Danville, KY (Alumni Gymnasium)",Win,2,False,851,False,03:27,"MISS LAYUP by COMAN,SEAN",22.0,,19.0,,,,"MISS LAYUP by COMAN,SEAN",1,layup,missed,hendrix,"coman,sean",,"['stanley,seth', 'brasfield,kam', 'smith,preston', 'coman,sean', 'conrad,alex']","['griffin,jarod', 'gerald,dustin', 'crump,dawson', 'bates,jacob', 'sine,tucker']",207.0,hendrix,23,0,0.0,1
178,178,3461,Centre,Hendrix,1,56-72,"26,46","26,30",12-2 (3-0 SAA,5-9 (1-2 SAA,,,01/06/19,2:00 PM,,"Danville, KY (Alumni Gymnasium)",Win,2,False,851,False,--,REBOUND OFF by TEAM,22.0,,19.0,,,,REBOUND OFF by TEAM,1,offensive rebound,,hendrix,,,"['stanley,seth', 'brasfield,kam', 'smith,preston', 'coman,sean', 'conrad,alex']","['griffin,jarod', 'gerald,dustin', 'crump,dawson', 'bates,jacob', 'sine,tucker']",,hendrix,23,0,0.0,0
179,179,3461,Centre,Hendrix,1,56-72,"26,46","26,30",12-2 (3-0 SAA,5-9 (1-2 SAA,,,01/06/19,2:00 PM,,"Danville, KY (Alumni Gymnasium)",Win,2,False,851,False,03:09,"MISS 3PTR by SMITH,PRESTON",22.0,,19.0,,,,"MISS 3PTR by SMITH,PRESTON",1,three pointer,missed,hendrix,"smith,preston",,"['stanley,seth', 'brasfield,kam', 'smith,preston', 'coman,sean', 'conrad,alex']","['griffin,jarod', 'gerald,dustin', 'crump,dawson', 'bates,jacob', 'sine,tucker']",189.0,hendrix,23,0,0.0,0
180,180,3461,Centre,Hendrix,1,56-72,"26,46","26,30",12-2 (3-0 SAA,5-9 (1-2 SAA,,,01/06/19,2:00 PM,,"Danville, KY (Alumni Gymnasium)",Win,2,False,851,False,--,,22.0,,19.0,REBOUND DEF by TEAM,,,REBOUND DEF by TEAM,1,defensive rebound,,centre,,,"['stanley,seth', 'brasfield,kam', 'smith,preston', 'coman,sean', 'conrad,alex']","['griffin,jarod', 'gerald,dustin', 'crump,dawson', 'bates,jacob', 'sine,tucker']",,centre,24,0,0.0,1
181,181,3461,Centre,Hendrix,1,56-72,"26,46","26,30",12-2 (3-0 SAA,5-9 (1-2 SAA,,,01/06/19,2:00 PM,,"Danville, KY (Alumni Gymnasium)",Win,2,False,851,False,02:50,,22.0,,19.0,"MISS 3PTR by GERALD,DUSTIN",,,"MISS 3PTR by GERALD,DUSTIN",1,three pointer,missed,centre,"gerald,dustin",,"['stanley,seth', 'brasfield,kam', 'smith,preston', 'coman,sean', 'conrad,alex']","['griffin,jarod', 'gerald,dustin', 'crump,dawson', 'bates,jacob', 'sine,tucker']",170.0,centre,24,0,0.0,0
182,182,3461,Centre,Hendrix,1,56-72,"26,46","26,30",12-2 (3-0 SAA,5-9 (1-2 SAA,,,01/06/19,2:00 PM,,"Danville, KY (Alumni Gymnasium)",Win,2,False,851,False,--,"REBOUND DEF by BRASFIELD,KAM",22.0,,19.0,,,,"REBOUND DEF by BRASFIELD,KAM",1,defensive rebound,,hendrix,"brasfield,kam",,"['stanley,seth', 'brasfield,kam', 'smith,preston', 'coman,sean', 'conrad,alex']","['griffin,jarod', 'gerald,dustin', 'crump,dawson', 'bates,jacob', 'sine,tucker']",,centre,24,0,0.0,0
183,183,3461,Centre,Hendrix,1,56-72,"26,46","26,30",12-2 (3-0 SAA,5-9 (1-2 SAA,,,01/06/19,2:00 PM,,"Danville, KY (Alumni Gymnasium)",Win,2,False,851,False,02:40,"GOOD LAYUP by BRASFIELD,KAM(in the paint)",24.0,,19.0,,HENDRIX 24-19 (-5),,"GOOD LAYUP by BRASFIELD,KAM(in the paint)",1,layup,good,hendrix,"brasfield,kam",2.0,"['stanley,seth', 'brasfield,kam', 'smith,preston', 'coman,sean', 'conrad,alex']","['griffin,jarod', 'gerald,dustin', 'crump,dawson', 'bates,jacob', 'sine,tucker']",160.0,hendrix,25,0,0.0,1
184,184,3461,Centre,Hendrix,1,56-72,"26,46","26,30",12-2 (3-0 SAA,5-9 (1-2 SAA,,,01/06/19,2:00 PM,,"Danville, KY (Alumni Gymnasium)",Win,2,False,851,False,02:24,"FOUL  by CONRAD,ALEX",24.0,,19.0,,,,"FOUL  by CONRAD,ALEX",1,foul,,hendrix,"conrad,alex",,"['stanley,seth', 'brasfield,kam', 'smith,preston', 'coman,sean', 'conrad,alex']","['griffin,jarod', 'gerald,dustin', 'crump,dawson', 'bates,jacob', 'sine,tucker']",144.0,hendrix,25,0,0.0,0
185,185,3461,Centre,Hendrix,1,56-72,"26,46","26,30",12-2 (3-0 SAA,5-9 (1-2 SAA,,,01/06/19,2:00 PM,,"Danville, KY (Alumni Gymnasium)",Win,2,False,851,False,02:24,,24.0,,20.0,"GOOD FT by BATES,JACOB",CENTRE-M 24-20 (-4),,"GOOD FT by BATES,JACOB",1,free throw,good,centre,"bates,jacob",1.0,"['stanley,seth', 'brasfield,kam', 'smith,preston', 'coman,sean', 'conrad,alex']","['griffin,jarod', 'gerald,dustin', 'crump,dawson', 'bates,jacob', 'sine,tucker']",144.0,centre,26,0,0.0,1
186,186,3461,Centre,Hendrix,1,56-72,"26,46","26,30",12-2 (3-0 SAA,5-9 (1-2 SAA,,,01/06/19,2:00 PM,,"Danville, KY (Alumni Gymnasium)",Win,2,False,851,False,02:24,,24.0,,21.0,"GOOD FT by BATES,JACOB",CENTRE-M 24-21 (-3),,"GOOD FT by BATES,JACOB",1,free throw,good,centre,"bates,jacob",1.0,"['stanley,seth', 'brasfield,kam', 'smith,preston', 'coman,sean', 'conrad,alex']","['griffin,jarod', 'gerald,dustin', 'crump,dawson', 'bates,jacob', 'sine,tucker']",144.0,centre,26,0,0.0,0
187,187,3461,Centre,Hendrix,1,56-72,"26,46","26,30",12-2 (3-0 SAA,5-9 (1-2 SAA,,,01/06/19,2:00 PM,,"Danville, KY (Alumni Gymnasium)",Win,2,False,851,False,02:24,,24.0,,21.0,"SUB IN by AYERS,PERRY",,,"SUB IN by AYERS,PERRY",1,subbing in,,centre,"ayers,perry",,"['stanley,seth', 'brasfield,kam', 'smith,preston', 'coman,sean', 'conrad,alex']","['griffin,jarod', 'gerald,dustin', 'crump,dawson', 'bates,jacob', 'sine,tucker', 'ayers,perry']",144.0,centre,26,0,0.0,0
188,188,3461,Centre,Hendrix,1,56-72,"26,46","26,30",12-2 (3-0 SAA,5-9 (1-2 SAA,,,01/06/19,2:00 PM,,"Danville, KY (Alumni Gymnasium)",Win,2,False,851,False,02:24,,24.0,,21.0,"SUB IN by RAKES,BAILEY",,,"SUB IN by RAKES,BAILEY",1,subbing in,,centre,"rakes,bailey",,"['stanley,seth', 'brasfield,kam', 'smith,preston', 'coman,sean', 'conrad,alex']","['griffin,jarod', 'gerald,dustin', 'crump,dawson', 'bates,jacob', 'sine,tucker', 'ayers,perry', 'rakes,bailey']",144.0,centre,26,0,0.0,0
189,189,3461,Centre,Hendrix,1,56-72,"26,46","26,30",12-2 (3-0 SAA,5-9 (1-2 SAA,,,01/06/19,2:00 PM,,"Danville, KY (Alumni Gymnasium)",Win,2,False,851,False,02:24,,24.0,,21.0,"SUB OUT by GERALD,DUSTIN",,,"SUB OUT by GERALD,DUSTIN",1,subbing out,,centre,"gerald,dustin",,"['stanley,seth', 'brasfield,kam', 'smith,preston', 'coman,sean', 'conrad,alex']","['griffin,jarod', 'crump,dawson', 'bates,jacob', 'sine,tucker', 'ayers,perry', 'rakes,bailey']",144.0,centre,26,0,0.0,0
190,190,3461,Centre,Hendrix,1,56-72,"26,46","26,30",12-2 (3-0 SAA,5-9 (1-2 SAA,,,01/06/19,2:00 PM,,"Danville, KY (Alumni Gymnasium)",Win,2,False,851,False,02:24,,24.0,,21.0,"SUB OUT by GRIFFIN,JAROD",,,"SUB OUT by GRIFFIN,JAROD",1,subbing out,,centre,"griffin,jarod",,"['stanley,seth', 'brasfield,kam', 'smith,preston', 'coman,sean', 'conrad,alex']","['crump,dawson', 'bates,jacob', 'sine,tucker', 'ayers,perry', 'rakes,bailey']",144.0,centre,26,0,0.0,0
191,191,3461,Centre,Hendrix,1,56-72,"26,46","26,30",12-2 (3-0 SAA,5-9 (1-2 SAA,,,01/06/19,2:00 PM,,"Danville, KY (Alumni Gymnasium)",Win,2,False,851,False,02:10,"MISS LAYUP by COMAN,SEAN",24.0,,21.0,,,,"MISS LAYUP by COMAN,SEAN",1,layup,missed,hendrix,"coman,sean",,"['stanley,seth', 'brasfield,kam', 'smith,preston', 'coman,sean', 'conrad,alex']","['crump,dawson', 'bates,jacob', 'sine,tucker', 'ayers,perry', 'rakes,bailey']",130.0,centre,26,0,0.0,0
192,192,3461,Centre,Hendrix,1,56-72,"26,46","26,30",12-2 (3-0 SAA,5-9 (1-2 SAA,,,01/06/19,2:00 PM,,"Danville, KY (Alumni Gymnasium)",Win,2,False,851,False,--,,24.0,,21.0,"REBOUND DEF by SINE,TUCKER",,,"REBOUND DEF by SINE,TUCKER",1,defensive rebound,,centre,"sine,tucker",,"['stanley,seth', 'brasfield,kam', 'smith,preston', 'coman,sean', 'conrad,alex']","['crump,dawson', 'bates,jacob', 'sine,tucker', 'ayers,perry', 'rakes,bailey']",,centre,26,0,0.0,0
193,193,3461,Centre,Hendrix,1,56-72,"26,46","26,30",12-2 (3-0 SAA,5-9 (1-2 SAA,,,01/06/19,2:00 PM,,"Danville, KY (Alumni Gymnasium)",Win,2,False,851,False,02:05,,24.0,,21.0,"MISS 3PTR by CRUMP,DAWSON",,,"MISS 3PTR by CRUMP,DAWSON",1,three pointer,missed,centre,"crump,dawson",,"['stanley,seth', 'brasfield,kam', 'smith,preston', 'coman,sean', 'conrad,alex']","['crump,dawson', 'bates,jacob', 'sine,tucker', 'ayers,perry', 'rakes,bailey']",125.0,centre,26,0,0.0,0
194,194,3461,Centre,Hendrix,1,56-72,"26,46","26,30",12-2 (3-0 SAA,5-9 (1-2 SAA,,,01/06/19,2:00 PM,,"Danville, KY (Alumni Gymnasium)",Win,2,False,851,False,--,"REBOUND DEF by BRASFIELD,KAM",24.0,,21.0,,,,"REBOUND DEF by BRASFIELD,KAM",1,defensive rebound,,hendrix,"brasfield,kam",,"['stanley,seth', 'brasfield,kam', 'smith,preston', 'coman,sean', 'conrad,alex']","['crump,dawson', 'bates,jacob', 'sine,tucker', 'ayers,perry', 'rakes,bailey']",,centre,26,0,0.0,0
195,195,3461,Centre,Hendrix,1,56-72,"26,46","26,30",12-2 (3-0 SAA,5-9 (1-2 SAA,,,01/06/19,2:00 PM,,"Danville, KY (Alumni Gymnasium)",Win,2,False,851,False,01:55,"MISS LAYUP by BRASFIELD,KAM",24.0,,21.0,,,,"MISS LAYUP by BRASFIELD,KAM",1,layup,missed,hendrix,"brasfield,kam",,"['stanley,seth', 'brasfield,kam', 'smith,preston', 'coman,sean', 'conrad,alex']","['crump,dawson', 'bates,jacob', 'sine,tucker', 'ayers,perry', 'rakes,bailey']",115.0,hendrix,27,0,0.0,1
196,196,3461,Centre,Hendrix,1,56-72,"26,46","26,30",12-2 (3-0 SAA,5-9 (1-2 SAA,,,01/06/19,2:00 PM,,"Danville, KY (Alumni Gymnasium)",Win,2,False,851,False,--,,24.0,,21.0,"REBOUND DEF by BATES,JACOB",,,"REBOUND DEF by BATES,JACOB",1,defensive rebound,,centre,"bates,jacob",,"['stanley,seth', 'brasfield,kam', 'smith,preston', 'coman,sean', 'conrad,alex']","['crump,dawson', 'bates,jacob', 'sine,tucker', 'ayers,perry', 'rakes,bailey']",,hendrix,27,0,0.0,0
197,197,3461,Centre,Hendrix,1,56-72,"26,46","26,30",12-2 (3-0 SAA,5-9 (1-2 SAA,,,01/06/19,2:00 PM,,"Danville, KY (Alumni Gymnasium)",Win,2,False,851,False,01:41,,24.0,,24.0,"GOOD 3PTR by RAKES,BAILEY",CENTRE-M 24-24 (0),,"GOOD 3PTR by RAKES,BAILEY",1,three pointer,good,centre,"rakes,bailey",3.0,"['stanley,seth', 'brasfield,kam', 'smith,preston', 'coman,sean', 'conrad,alex']","['crump,dawson', 'bates,jacob', 'sine,tucker', 'ayers,perry', 'rakes,bailey']",101.0,centre,28,0,0.0,1
198,198,3461,Centre,Hendrix,1,56-72,"26,46","26,30",12-2 (3-0 SAA,5-9 (1-2 SAA,,,01/06/19,2:00 PM,,"Danville, KY (Alumni Gymnasium)",Win,2,False,851,False,--,,24.0,,24.0,"ASSIST  by CRUMP,DAWSON",,,"ASSIST  by CRUMP,DAWSON",1,assist,,centre,"crump,dawson",,"['stanley,seth', 'brasfield,kam', 'smith,preston', 'coman,sean', 'conrad,alex']","['crump,dawson', 'bates,jacob', 'sine,tucker', 'ayers,perry', 'rakes,bailey']",,centre,28,0,0.0,0
199,199,3461,Centre,Hendrix,1,56-72,"26,46","26,30",12-2 (3-0 SAA,5-9 (1-2 SAA,,,01/06/19,2:00 PM,,"Danville, KY (Alumni Gymnasium)",Win,2,False,851,False,01:21,"SUB IN by RIDING,JAKE",24.0,,24.0,,,,"SUB IN by RIDING,JAKE",1,subbing in,,hendrix,"riding,jake",,"['stanley,seth', 'brasfield,kam', 'smith,preston', 'coman,sean', 'conrad,alex', 'riding,jake']","['crump,dawson', 'bates,jacob', 'sine,tucker', 'ayers,perry', 'rakes,bailey']",81.0,centre,28,0,0.0,0
200,200,3461,Centre,Hendrix,1,56-72,"26,46","26,30",12-2 (3-0 SAA,5-9 (1-2 SAA,,,01/06/19,2:00 PM,,"Danville, KY (Alumni Gymnasium)",Win,2,False,851,False,01:21,"SUB IN by EATON,JACK",24.0,,24.0,,,,"SUB IN by EATON,JACK",1,subbing in,,hendrix,"eaton,jack",,"['stanley,seth', 'brasfield,kam', 'smith,preston', 'coman,sean', 'conrad,alex', 'riding,jake', 'eaton,jack']","['crump,dawson', 'bates,jacob', 'sine,tucker', 'ayers,perry', 'rakes,bailey']",81.0,centre,28,0,0.0,0
201,201,3461,Centre,Hendrix,1,56-72,"26,46","26,30",12-2 (3-0 SAA,5-9 (1-2 SAA,,,01/06/19,2:00 PM,,"Danville, KY (Alumni Gymnasium)",Win,2,False,851,False,01:21,"SUB OUT by COMAN,SEAN",24.0,,24.0,,,,"SUB OUT by COMAN,SEAN",1,subbing out,,hendrix,"coman,sean",,"['stanley,seth', 'brasfield,kam', 'smith,preston', 'conrad,alex', 'riding,jake', 'eaton,jack']","['crump,dawson', 'bates,jacob', 'sine,tucker', 'ayers,perry', 'rakes,bailey']",81.0,centre,28,0,0.0,0
202,202,3461,Centre,Hendrix,1,56-72,"26,46","26,30",12-2 (3-0 SAA,5-9 (1-2 SAA,,,01/06/19,2:00 PM,,"Danville, KY (Alumni Gymnasium)",Win,2,False,851,False,01:21,"SUB OUT by CONRAD,ALEX",24.0,,24.0,,,,"SUB OUT by CONRAD,ALEX",1,subbing out,,hendrix,"conrad,alex",,"['stanley,seth', 'brasfield,kam', 'smith,preston', 'riding,jake', 'eaton,jack']","['crump,dawson', 'bates,jacob', 'sine,tucker', 'ayers,perry', 'rakes,bailey']",81.0,centre,28,0,0.0,0
203,203,3461,Centre,Hendrix,1,56-72,"26,46","26,30",12-2 (3-0 SAA,5-9 (1-2 SAA,,,01/06/19,2:00 PM,,"Danville, KY (Alumni Gymnasium)",Win,2,False,851,False,01:07,TIMEOUT 30SEC by TEAM,24.0,,24.0,,,,TIMEOUT 30SEC by TEAM,1,timeout,,hendrix,,,"['stanley,seth', 'brasfield,kam', 'smith,preston', 'riding,jake', 'eaton,jack']","['crump,dawson', 'bates,jacob', 'sine,tucker', 'ayers,perry', 'rakes,bailey']",67.0,centre,28,0,0.0,0
204,204,3461,Centre,Hendrix,1,56-72,"26,46","26,30",12-2 (3-0 SAA,5-9 (1-2 SAA,,,01/06/19,2:00 PM,,"Danville, KY (Alumni Gymnasium)",Win,2,False,851,False,01:04,"MISS JUMPER by EATON,JACK",24.0,,24.0,,,,"MISS JUMPER by EATON,JACK",1,jumper,missed,hendrix,"eaton,jack",,"['stanley,seth', 'brasfield,kam', 'smith,preston', 'riding,jake', 'eaton,jack']","['crump,dawson', 'bates,jacob', 'sine,tucker', 'ayers,perry', 'rakes,bailey']",64.0,centre,28,0,0.0,0
205,205,3461,Centre,Hendrix,1,56-72,"26,46","26,30",12-2 (3-0 SAA,5-9 (1-2 SAA,,,01/06/19,2:00 PM,,"Danville, KY (Alumni Gymnasium)",Win,2,False,851,False,--,,24.0,,24.0,"REBOUND DEF by AYERS,PERRY",,,"REBOUND DEF by AYERS,PERRY",1,defensive rebound,,centre,"ayers,perry",,"['stanley,seth', 'brasfield,kam', 'smith,preston', 'riding,jake', 'eaton,jack']","['crump,dawson', 'bates,jacob', 'sine,tucker', 'ayers,perry', 'rakes,bailey']",,centre,28,0,0.0,0
206,206,3461,Centre,Hendrix,1,56-72,"26,46","26,30",12-2 (3-0 SAA,5-9 (1-2 SAA,,,01/06/19,2:00 PM,,"Danville, KY (Alumni Gymnasium)",Win,2,False,851,False,00:46,,24.0,,24.0,"MISS 3PTR by CRUMP,DAWSON",,,"MISS 3PTR by CRUMP,DAWSON",1,three pointer,missed,centre,"crump,dawson",,"['stanley,seth', 'brasfield,kam', 'smith,preston', 'riding,jake', 'eaton,jack']","['crump,dawson', 'bates,jacob', 'sine,tucker', 'ayers,perry', 'rakes,bailey']",46.0,centre,28,0,0.0,0
207,207,3461,Centre,Hendrix,1,56-72,"26,46","26,30",12-2 (3-0 SAA,5-9 (1-2 SAA,,,01/06/19,2:00 PM,,"Danville, KY (Alumni Gymnasium)",Win,2,False,851,False,--,"REBOUND DEF by RIDING,JAKE",24.0,,24.0,,,,"REBOUND DEF by RIDING,JAKE",1,defensive rebound,,hendrix,"riding,jake",,"['stanley,seth', 'brasfield,kam', 'smith,preston', 'riding,jake', 'eaton,jack']","['crump,dawson', 'bates,jacob', 'sine,tucker', 'ayers,perry', 'rakes,bailey']",,centre,28,0,0.0,0
208,208,3461,Centre,Hendrix,1,56-72,"26,46","26,30",12-2 (3-0 SAA,5-9 (1-2 SAA,,,01/06/19,2:00 PM,,"Danville, KY (Alumni Gymnasium)",Win,2,False,851,False,00:27,"GOOD LAYUP by RIDING,JAKE(in the paint)",26.0,,24.0,,HENDRIX 26-24 (-2),,"GOOD LAYUP by RIDING,JAKE(in the paint)",1,layup,good,hendrix,"riding,jake",2.0,"['stanley,seth', 'brasfield,kam', 'smith,preston', 'riding,jake', 'eaton,jack']","['crump,dawson', 'bates,jacob', 'sine,tucker', 'ayers,perry', 'rakes,bailey']",27.0,hendrix,29,0,0.0,1
209,209,3461,Centre,Hendrix,1,56-72,"26,46","26,30",12-2 (3-0 SAA,5-9 (1-2 SAA,,,01/06/19,2:00 PM,,"Danville, KY (Alumni Gymnasium)",Win,2,False,851,False,00:02,,26.0,,26.0,"GOOD LAYUP by BATES,JACOB(in the paint)",CENTRE-M 26-26 (0),,"GOOD LAYUP by BATES,JACOB(in the paint)",1,layup,good,centre,"bates,jacob",2.0,"['stanley,seth', 'brasfield,kam', 'smith,preston', 'riding,jake', 'eaton,jack']","['crump,dawson', 'bates,jacob', 'sine,tucker', 'ayers,perry', 'rakes,bailey']",2.0,hendrix,29,0,0.0,0
210,210,3461,Centre,Hendrix,1,56-72,"26,46","26,30",12-2 (3-0 SAA,5-9 (1-2 SAA,,,01/06/19,2:00 PM,,"Danville, KY (Alumni Gymnasium)",Win,2,False,851,False,--,,26.0,,26.0,"ASSIST  by AYERS,PERRY",,,"ASSIST  by AYERS,PERRY",1,assist,,centre,"ayers,perry",,"['stanley,seth', 'brasfield,kam', 'smith,preston', 'riding,jake', 'eaton,jack']","['crump,dawson', 'bates,jacob', 'sine,tucker', 'ayers,perry', 'rakes,bailey']",,hendrix,29,0,0.0,0
211,211,3461,Centre,Hendrix,1,56-72,"26,46","26,30",12-2 (3-0 SAA,5-9 (1-2 SAA,,,01/06/19,2:00 PM,,"Danville, KY (Alumni Gymnasium)",Win,2,False,851,False,19:49,"GOOD 3PTR by STANLEY,SETH",29.0,,26.0,,HENDRIX 29-26 (-3),,"GOOD 3PTR by STANLEY,SETH",2,three pointer,good,hendrix,"stanley,seth",3.0,"['stanley,seth', 'brasfield,kam', 'smith,preston', 'riding,jake', 'eaton,jack']","['crump,dawson', 'bates,jacob', 'sine,tucker', 'ayers,perry', 'rakes,bailey']",1189.0,hendrix,29,0,0.0,0
212,212,3461,Centre,Hendrix,1,56-72,"26,46","26,30",12-2 (3-0 SAA,5-9 (1-2 SAA,,,01/06/19,2:00 PM,,"Danville, KY (Alumni Gymnasium)",Win,2,False,851,False,--,"ASSIST  by BRASFIELD,KAM",29.0,,26.0,,,,"ASSIST  by BRASFIELD,KAM",2,assist,,hendrix,"brasfield,kam",,"['stanley,seth', 'brasfield,kam', 'smith,preston', 'riding,jake', 'eaton,jack']","['crump,dawson', 'bates,jacob', 'sine,tucker', 'ayers,perry', 'rakes,bailey']",,hendrix,29,0,0.0,0
213,213,3461,Centre,Hendrix,1,56-72,"26,46","26,30",12-2 (3-0 SAA,5-9 (1-2 SAA,,,01/06/19,2:00 PM,,"Danville, KY (Alumni Gymnasium)",Win,2,False,851,False,19:25,,29.0,,29.0,"GOOD 3PTR by WALKER,ART",CENTRE-M 29-29 (0),,"GOOD 3PTR by WALKER,ART",2,three pointer,good,centre,"walker,art",3.0,"['stanley,seth', 'brasfield,kam', 'smith,preston', 'riding,jake', 'eaton,jack']","['crump,dawson', 'bates,jacob', 'sine,tucker', 'ayers,perry', 'rakes,bailey']",1165.0,hendrix,29,0,0.0,0
214,214,3461,Centre,Hendrix,1,56-72,"26,46","26,30",12-2 (3-0 SAA,5-9 (1-2 SAA,,,01/06/19,2:00 PM,,"Danville, KY (Alumni Gymnasium)",Win,2,False,851,False,--,,29.0,,29.0,"ASSIST  by BATES,JACOB",,,"ASSIST  by BATES,JACOB",2,assist,,centre,"bates,jacob",,"['stanley,seth', 'brasfield,kam', 'smith,preston', 'riding,jake', 'eaton,jack']","['crump,dawson', 'bates,jacob', 'sine,tucker', 'ayers,perry', 'rakes,bailey']",,hendrix,29,0,0.0,0
215,215,3461,Centre,Hendrix,1,56-72,"26,46","26,30",12-2 (3-0 SAA,5-9 (1-2 SAA,,,01/06/19,2:00 PM,,"Danville, KY (Alumni Gymnasium)",Win,2,False,851,False,19:09,"FOUL  by STANLEY,SETH",29.0,,29.0,,,,"FOUL  by STANLEY,SETH",2,foul,,hendrix,"stanley,seth",,"['stanley,seth', 'brasfield,kam', 'smith,preston', 'riding,jake', 'eaton,jack']","['crump,dawson', 'bates,jacob', 'sine,tucker', 'ayers,perry', 'rakes,bailey']",1149.0,hendrix,29,0,0.0,0
216,216,3461,Centre,Hendrix,1,56-72,"26,46","26,30",12-2 (3-0 SAA,5-9 (1-2 SAA,,,01/06/19,2:00 PM,,"Danville, KY (Alumni Gymnasium)",Win,2,False,851,False,19:04,,29.0,,29.0,"MISS FT by WALKER,ART",,,"MISS FT by WALKER,ART",2,free throw,missed,centre,"walker,art",,"['stanley,seth', 'brasfield,kam', 'smith,preston', 'riding,jake', 'eaton,jack']","['crump,dawson', 'bates,jacob', 'sine,tucker', 'ayers,perry', 'rakes,bailey']",1144.0,centre,30,0,0.0,1
217,217,3461,Centre,Hendrix,1,56-72,"26,46","26,30",12-2 (3-0 SAA,5-9 (1-2 SAA,,,01/06/19,2:00 PM,,"Danville, KY (Alumni Gymnasium)",Win,2,False,851,False,--,"REBOUND DEF by FITCH,CARL",29.0,,29.0,,,,"REBOUND DEF by FITCH,CARL",2,defensive rebound,,hendrix,"fitch,carl",,"['stanley,seth', 'brasfield,kam', 'smith,preston', 'riding,jake', 'eaton,jack']","['crump,dawson', 'bates,jacob', 'sine,tucker', 'ayers,perry', 'rakes,bailey']",,centre,30,0,0.0,0
218,218,3461,Centre,Hendrix,1,56-72,"26,46","26,30",12-2 (3-0 SAA,5-9 (1-2 SAA,,,01/06/19,2:00 PM,,"Danville, KY (Alumni Gymnasium)",Win,2,False,851,False,18:54,"GOOD 3PTR by STANLEY,SETH",32.0,,29.0,,HENDRIX 32-29 (-3),,"GOOD 3PTR by STANLEY,SETH",2,three pointer,good,hendrix,"stanley,seth",3.0,"['stanley,seth', 'brasfield,kam', 'smith,preston', 'riding,jake', 'eaton,jack']","['crump,dawson', 'bates,jacob', 'sine,tucker', 'ayers,perry', 'rakes,bailey']",1134.0,hendrix,31,0,0.0,1
219,219,3461,Centre,Hendrix,1,56-72,"26,46","26,30",12-2 (3-0 SAA,5-9 (1-2 SAA,,,01/06/19,2:00 PM,,"Danville, KY (Alumni Gymnasium)",Win,2,False,851,False,--,"ASSIST  by SMITH,PRESTON",32.0,,29.0,,,,"ASSIST  by SMITH,PRESTON",2,assist,,hendrix,"smith,preston",,"['stanley,seth', 'brasfield,kam', 'smith,preston', 'riding,jake', 'eaton,jack']","['crump,dawson', 'bates,jacob', 'sine,tucker', 'ayers,perry', 'rakes,bailey']",,hendrix,31,0,0.0,0
220,220,3461,Centre,Hendrix,1,56-72,"26,46","26,30",12-2 (3-0 SAA,5-9 (1-2 SAA,,,01/06/19,2:00 PM,,"Danville, KY (Alumni Gymnasium)",Win,2,False,851,False,18:40,,32.0,,29.0,"MISS JUMPER by BATES,JACOB",,,"MISS JUMPER by BATES,JACOB",2,jumper,missed,centre,"bates,jacob",,"['stanley,seth', 'brasfield,kam', 'smith,preston', 'riding,jake', 'eaton,jack']","['crump,dawson', 'bates,jacob', 'sine,tucker', 'ayers,perry', 'rakes,bailey']",1120.0,hendrix,31,0,0.0,0
221,221,3461,Centre,Hendrix,1,56-72,"26,46","26,30",12-2 (3-0 SAA,5-9 (1-2 SAA,,,01/06/19,2:00 PM,,"Danville, KY (Alumni Gymnasium)",Win,2,False,851,False,--,REBOUND DEF by TEAM,32.0,,29.0,,,,REBOUND DEF by TEAM,2,defensive rebound,,hendrix,,,"['stanley,seth', 'brasfield,kam', 'smith,preston', 'riding,jake', 'eaton,jack']","['crump,dawson', 'bates,jacob', 'sine,tucker', 'ayers,perry', 'rakes,bailey']",,hendrix,31,0,0.0,0
222,222,3461,Centre,Hendrix,1,56-72,"26,46","26,30",12-2 (3-0 SAA,5-9 (1-2 SAA,,,01/06/19,2:00 PM,,"Danville, KY (Alumni Gymnasium)",Win,2,False,851,False,18:25,TIMEOUT TEAM by TEAM,32.0,,29.0,,,,TIMEOUT TEAM by TEAM,2,timeout,,hendrix,,,"['stanley,seth', 'brasfield,kam', 'smith,preston', 'riding,jake', 'eaton,jack']","['crump,dawson', 'bates,jacob', 'sine,tucker', 'ayers,perry', 'rakes,bailey']",1105.0,hendrix,31,0,0.0,0
223,223,3461,Centre,Hendrix,1,56-72,"26,46","26,30",12-2 (3-0 SAA,5-9 (1-2 SAA,,,01/06/19,2:00 PM,,"Danville, KY (Alumni Gymnasium)",Win,2,False,851,False,18:14,,32.0,,29.0,"FOUL  by WALKER,ART",,,"FOUL  by WALKER,ART",2,foul,,centre,"walker,art",,"['stanley,seth', 'brasfield,kam', 'smith,preston', 'riding,jake', 'eaton,jack']","['crump,dawson', 'bates,jacob', 'sine,tucker', 'ayers,perry', 'rakes,bailey']",1094.0,hendrix,31,0,0.0,0
224,224,3461,Centre,Hendrix,1,56-72,"26,46","26,30",12-2 (3-0 SAA,5-9 (1-2 SAA,,,01/06/19,2:00 PM,,"Danville, KY (Alumni Gymnasium)",Win,2,False,851,False,18:14,"GOOD FT by STANLEY,SETH",33.0,,29.0,,HENDRIX 33-29 (-4),,"GOOD FT by STANLEY,SETH",2,free throw,good,hendrix,"stanley,seth",1.0,"['stanley,seth', 'brasfield,kam', 'smith,preston', 'riding,jake', 'eaton,jack']","['crump,dawson', 'bates,jacob', 'sine,tucker', 'ayers,perry', 'rakes,bailey']",1094.0,hendrix,31,0,0.0,0
225,225,3461,Centre,Hendrix,1,56-72,"26,46","26,30",12-2 (3-0 SAA,5-9 (1-2 SAA,,,01/06/19,2:00 PM,,"Danville, KY (Alumni Gymnasium)",Win,2,False,851,False,18:14,"GOOD FT by STANLEY,SETH",34.0,,29.0,,HENDRIX 34-29 (-5),,"GOOD FT by STANLEY,SETH",2,free throw,good,hendrix,"stanley,seth",1.0,"['stanley,seth', 'brasfield,kam', 'smith,preston', 'riding,jake', 'eaton,jack']","['crump,dawson', 'bates,jacob', 'sine,tucker', 'ayers,perry', 'rakes,bailey']",1094.0,hendrix,31,0,0.0,0
226,226,3461,Centre,Hendrix,1,56-72,"26,46","26,30",12-2 (3-0 SAA,5-9 (1-2 SAA,,,01/06/19,2:00 PM,,"Danville, KY (Alumni Gymnasium)",Win,2,False,851,False,17:57,,34.0,,32.0,"GOOD 3PTR by SINE,TUCKER",CENTRE-M 34-32 (-2),,"GOOD 3PTR by SINE,TUCKER",2,three pointer,good,centre,"sine,tucker",3.0,"['stanley,seth', 'brasfield,kam', 'smith,preston', 'riding,jake', 'eaton,jack']","['crump,dawson', 'bates,jacob', 'sine,tucker', 'ayers,perry', 'rakes,bailey']",1077.0,hendrix,31,0,0.0,0
227,227,3461,Centre,Hendrix,1,56-72,"26,46","26,30",12-2 (3-0 SAA,5-9 (1-2 SAA,,,01/06/19,2:00 PM,,"Danville, KY (Alumni Gymnasium)",Win,2,False,851,False,--,,34.0,,32.0,"ASSIST  by RAKES,BAILEY",,,"ASSIST  by RAKES,BAILEY",2,assist,,centre,"rakes,bailey",,"['stanley,seth', 'brasfield,kam', 'smith,preston', 'riding,jake', 'eaton,jack']","['crump,dawson', 'bates,jacob', 'sine,tucker', 'ayers,perry', 'rakes,bailey']",,hendrix,31,0,0.0,0
228,228,3461,Centre,Hendrix,1,56-72,"26,46","26,30",12-2 (3-0 SAA,5-9 (1-2 SAA,,,01/06/19,2:00 PM,,"Danville, KY (Alumni Gymnasium)",Win,2,False,851,False,17:43,"MISS 3PTR by BRASFIELD,KAM",34.0,,32.0,,,,"MISS 3PTR by BRASFIELD,KAM",2,three pointer,missed,hendrix,"brasfield,kam",,"['stanley,seth', 'brasfield,kam', 'smith,preston', 'riding,jake', 'eaton,jack']","['crump,dawson', 'bates,jacob', 'sine,tucker', 'ayers,perry', 'rakes,bailey']",1063.0,hendrix,31,0,0.0,0
229,229,3461,Centre,Hendrix,1,56-72,"26,46","26,30",12-2 (3-0 SAA,5-9 (1-2 SAA,,,01/06/19,2:00 PM,,"Danville, KY (Alumni Gymnasium)",Win,2,False,851,False,--,,34.0,,32.0,"REBOUND DEF by RAKES,BAILEY",,,"REBOUND DEF by RAKES,BAILEY",2,defensive rebound,,centre,"rakes,bailey",,"['stanley,seth', 'brasfield,kam', 'smith,preston', 'riding,jake', 'eaton,jack']","['crump,dawson', 'bates,jacob', 'sine,tucker', 'ayers,perry', 'rakes,bailey']",,hendrix,31,0,0.0,0
230,230,3461,Centre,Hendrix,1,56-72,"26,46","26,30",12-2 (3-0 SAA,5-9 (1-2 SAA,,,01/06/19,2:00 PM,,"Danville, KY (Alumni Gymnasium)",Win,2,False,851,False,17:35,,34.0,,34.0,"GOOD JUMPER by RAKES,BAILEY",CENTRE-M 34-34 (0),,"GOOD JUMPER by RAKES,BAILEY",2,jumper,good,centre,"rakes,bailey",2.0,"['stanley,seth', 'brasfield,kam', 'smith,preston', 'riding,jake', 'eaton,jack']","['crump,dawson', 'bates,jacob', 'sine,tucker', 'ayers,perry', 'rakes,bailey']",1055.0,centre,32,0,0.0,1
231,231,3461,Centre,Hendrix,1,56-72,"26,46","26,30",12-2 (3-0 SAA,5-9 (1-2 SAA,,,01/06/19,2:00 PM,,"Danville, KY (Alumni Gymnasium)",Win,2,False,851,False,17:19,,34.0,,34.0,"FOUL  by RAKES,BAILEY",,,"FOUL  by RAKES,BAILEY",2,foul,,centre,"rakes,bailey",,"['stanley,seth', 'brasfield,kam', 'smith,preston', 'riding,jake', 'eaton,jack']","['crump,dawson', 'bates,jacob', 'sine,tucker', 'ayers,perry', 'rakes,bailey']",1039.0,centre,32,0,0.0,0
232,232,3461,Centre,Hendrix,1,56-72,"26,46","26,30",12-2 (3-0 SAA,5-9 (1-2 SAA,,,01/06/19,2:00 PM,,"Danville, KY (Alumni Gymnasium)",Win,2,False,851,False,17:14,"MISS 3PTR by SMITH,PRESTON",34.0,,34.0,,,,"MISS 3PTR by SMITH,PRESTON",2,three pointer,missed,hendrix,"smith,preston",,"['stanley,seth', 'brasfield,kam', 'smith,preston', 'riding,jake', 'eaton,jack']","['crump,dawson', 'bates,jacob', 'sine,tucker', 'ayers,perry', 'rakes,bailey']",1034.0,hendrix,33,0,0.0,1
233,233,3461,Centre,Hendrix,1,56-72,"26,46","26,30",12-2 (3-0 SAA,5-9 (1-2 SAA,,,01/06/19,2:00 PM,,"Danville, KY (Alumni Gymnasium)",Win,2,False,851,False,--,,34.0,,34.0,"REBOUND DEF by WALKER,ART",,,"REBOUND DEF by WALKER,ART",2,defensive rebound,,centre,"walker,art",,"['stanley,seth', 'brasfield,kam', 'smith,preston', 'riding,jake', 'eaton,jack']","['crump,dawson', 'bates,jacob', 'sine,tucker', 'ayers,perry', 'rakes,bailey']",,hendrix,33,0,0.0,0
234,234,3461,Centre,Hendrix,1,56-72,"26,46","26,30",12-2 (3-0 SAA,5-9 (1-2 SAA,,,01/06/19,2:00 PM,,"Danville, KY (Alumni Gymnasium)",Win,2,False,851,False,17:12,"FOUL  by STANLEY,SETH",34.0,,34.0,,,,"FOUL  by STANLEY,SETH",2,foul,,hendrix,"stanley,seth",,"['stanley,seth', 'brasfield,kam', 'smith,preston', 'riding,jake', 'eaton,jack']","['crump,dawson', 'bates,jacob', 'sine,tucker', 'ayers,perry', 'rakes,bailey']",1032.0,centre,34,0,0.0,1
235,235,3461,Centre,Hendrix,1,56-72,"26,46","26,30",12-2 (3-0 SAA,5-9 (1-2 SAA,,,01/06/19,2:00 PM,,"Danville, KY (Alumni Gymnasium)",Win,2,False,851,False,17:00,,34.0,,34.0,"TURNOVER  by WALKER,ART",,,"TURNOVER  by WALKER,ART",2,turnover,,centre,"walker,art",,"['stanley,seth', 'brasfield,kam', 'smith,preston', 'riding,jake', 'eaton,jack']","['crump,dawson', 'bates,jacob', 'sine,tucker', 'ayers,perry', 'rakes,bailey']",1020.0,centre,34,0,0.0,0
236,236,3461,Centre,Hendrix,1,56-72,"26,46","26,30",12-2 (3-0 SAA,5-9 (1-2 SAA,,,01/06/19,2:00 PM,,"Danville, KY (Alumni Gymnasium)",Win,2,False,851,False,17:00,,34.0,,34.0,"SUB IN by GRIFFIN,JAROD",,,"SUB IN by GRIFFIN,JAROD",2,subbing in,,centre,"griffin,jarod",,"['stanley,seth', 'brasfield,kam', 'smith,preston', 'riding,jake', 'eaton,jack']","['crump,dawson', 'bates,jacob', 'sine,tucker', 'ayers,perry', 'rakes,bailey', 'griffin,jarod']",1020.0,hendrix,35,0,0.0,1
237,237,3461,Centre,Hendrix,1,56-72,"26,46","26,30",12-2 (3-0 SAA,5-9 (1-2 SAA,,,01/06/19,2:00 PM,,"Danville, KY (Alumni Gymnasium)",Win,2,False,851,False,17:00,,34.0,,34.0,"SUB OUT by WALKER,ART",,,"SUB OUT by WALKER,ART",2,subbing out,,centre,"walker,art",,"['stanley,seth', 'brasfield,kam', 'smith,preston', 'riding,jake', 'eaton,jack']","['crump,dawson', 'bates,jacob', 'sine,tucker', 'ayers,perry', 'rakes,bailey', 'griffin,jarod']",1020.0,hendrix,35,0,0.0,0
238,238,3461,Centre,Hendrix,1,56-72,"26,46","26,30",12-2 (3-0 SAA,5-9 (1-2 SAA,,,01/06/19,2:00 PM,,"Danville, KY (Alumni Gymnasium)",Win,2,False,851,False,16:40,"GOOD 3PTR by COMAN,SEAN",37.0,,34.0,,HENDRIX 37-34 (-3),,"GOOD 3PTR by COMAN,SEAN",2,three pointer,good,hendrix,"coman,sean",3.0,"['stanley,seth', 'brasfield,kam', 'smith,preston', 'riding,jake', 'eaton,jack']","['crump,dawson', 'bates,jacob', 'sine,tucker', 'ayers,perry', 'rakes,bailey', 'griffin,jarod']",1000.0,hendrix,35,0,0.0,0
239,239,3461,Centre,Hendrix,1,56-72,"26,46","26,30",12-2 (3-0 SAA,5-9 (1-2 SAA,,,01/06/19,2:00 PM,,"Danville, KY (Alumni Gymnasium)",Win,2,False,851,False,--,"ASSIST  by STANLEY,SETH",37.0,,34.0,,,,"ASSIST  by STANLEY,SETH",2,assist,,hendrix,"stanley,seth",,"['stanley,seth', 'brasfield,kam', 'smith,preston', 'riding,jake', 'eaton,jack']","['crump,dawson', 'bates,jacob', 'sine,tucker', 'ayers,perry', 'rakes,bailey', 'griffin,jarod']",,hendrix,35,0,0.0,0
240,240,3461,Centre,Hendrix,1,56-72,"26,46","26,30",12-2 (3-0 SAA,5-9 (1-2 SAA,,,01/06/19,2:00 PM,,"Danville, KY (Alumni Gymnasium)",Win,2,False,851,False,16:27,,37.0,,34.0,"MISS 3PTR by RAKES,BAILEY",,,"MISS 3PTR by RAKES,BAILEY",2,three pointer,missed,centre,"rakes,bailey",,"['stanley,seth', 'brasfield,kam', 'smith,preston', 'riding,jake', 'eaton,jack']","['crump,dawson', 'bates,jacob', 'sine,tucker', 'ayers,perry', 'rakes,bailey', 'griffin,jarod']",987.0,hendrix,35,0,0.0,0
241,241,3461,Centre,Hendrix,1,56-72,"26,46","26,30",12-2 (3-0 SAA,5-9 (1-2 SAA,,,01/06/19,2:00 PM,,"Danville, KY (Alumni Gymnasium)",Win,2,False,851,False,--,"REBOUND DEF by FITCH,CARL",37.0,,34.0,,,,"REBOUND DEF by FITCH,CARL",2,defensive rebound,,hendrix,"fitch,carl",,"['stanley,seth', 'brasfield,kam', 'smith,preston', 'riding,jake', 'eaton,jack']","['crump,dawson', 'bates,jacob', 'sine,tucker', 'ayers,perry', 'rakes,bailey', 'griffin,jarod']",,hendrix,35,0,0.0,0
242,242,3461,Centre,Hendrix,1,56-72,"26,46","26,30",12-2 (3-0 SAA,5-9 (1-2 SAA,,,01/06/19,2:00 PM,,"Danville, KY (Alumni Gymnasium)",Win,2,False,851,False,16:17,"MISS 3PTR by COMAN,SEAN",37.0,,34.0,,,,"MISS 3PTR by COMAN,SEAN",2,three pointer,missed,hendrix,"coman,sean",,"['stanley,seth', 'brasfield,kam', 'smith,preston', 'riding,jake', 'eaton,jack']","['crump,dawson', 'bates,jacob', 'sine,tucker', 'ayers,perry', 'rakes,bailey', 'griffin,jarod']",977.0,hendrix,35,0,0.0,0
243,243,3461,Centre,Hendrix,1,56-72,"26,46","26,30",12-2 (3-0 SAA,5-9 (1-2 SAA,,,01/06/19,2:00 PM,,"Danville, KY (Alumni Gymnasium)",Win,2,False,851,False,--,,37.0,,34.0,"REBOUND DEF by GRIFFIN,JAROD",,,"REBOUND DEF by GRIFFIN,JAROD",2,defensive rebound,,centre,"griffin,jarod",,"['stanley,seth', 'brasfield,kam', 'smith,preston', 'riding,jake', 'eaton,jack']","['crump,dawson', 'bates,jacob', 'sine,tucker', 'ayers,perry', 'rakes,bailey', 'griffin,jarod']",,hendrix,35,0,0.0,0
244,244,3461,Centre,Hendrix,1,56-72,"26,46","26,30",12-2 (3-0 SAA,5-9 (1-2 SAA,,,01/06/19,2:00 PM,,"Danville, KY (Alumni Gymnasium)",Win,2,False,851,False,15:56,,37.0,,34.0,"FOUL  by AYERS,PERRY",,,"FOUL  by AYERS,PERRY",2,foul,,centre,"ayers,perry",,"['stanley,seth', 'brasfield,kam', 'smith,preston', 'riding,jake', 'eaton,jack']","['crump,dawson', 'bates,jacob', 'sine,tucker', 'ayers,perry', 'rakes,bailey', 'griffin,jarod']",956.0,centre,36,0,0.0,1
245,245,3461,Centre,Hendrix,1,56-72,"26,46","26,30",12-2 (3-0 SAA,5-9 (1-2 SAA,,,01/06/19,2:00 PM,,"Danville, KY (Alumni Gymnasium)",Win,2,False,851,False,15:56,,37.0,,34.0,"TURNOVER  by AYERS,PERRY",,,"TURNOVER  by AYERS,PERRY",2,turnover,,centre,"ayers,perry",,"['stanley,seth', 'brasfield,kam', 'smith,preston', 'riding,jake', 'eaton,jack']","['crump,dawson', 'bates,jacob', 'sine,tucker', 'ayers,perry', 'rakes,bailey', 'griffin,jarod']",956.0,centre,36,0,0.0,0
246,246,3461,Centre,Hendrix,1,56-72,"26,46","26,30",12-2 (3-0 SAA,5-9 (1-2 SAA,,,01/06/19,2:00 PM,,"Danville, KY (Alumni Gymnasium)",Win,2,False,851,False,15:56,TIMEOUT MEDIA by TEAM,37.0,,34.0,,,,TIMEOUT MEDIA by TEAM,2,timeout,,hendrix,,,"['stanley,seth', 'brasfield,kam', 'smith,preston', 'riding,jake', 'eaton,jack']","['crump,dawson', 'bates,jacob', 'sine,tucker', 'ayers,perry', 'rakes,bailey', 'griffin,jarod']",956.0,hendrix,37,0,0.0,1
247,247,3461,Centre,Hendrix,1,56-72,"26,46","26,30",12-2 (3-0 SAA,5-9 (1-2 SAA,,,01/06/19,2:00 PM,,"Danville, KY (Alumni Gymnasium)",Win,2,False,851,False,15:32,"MISS 3PTR by FITCH,CARL",37.0,,34.0,,,,"MISS 3PTR by FITCH,CARL",2,three pointer,missed,hendrix,"fitch,carl",,"['stanley,seth', 'brasfield,kam', 'smith,preston', 'riding,jake', 'eaton,jack']","['crump,dawson', 'bates,jacob', 'sine,tucker', 'ayers,perry', 'rakes,bailey', 'griffin,jarod']",932.0,hendrix,37,0,0.0,0
248,248,3461,Centre,Hendrix,1,56-72,"26,46","26,30",12-2 (3-0 SAA,5-9 (1-2 SAA,,,01/06/19,2:00 PM,,"Danville, KY (Alumni Gymnasium)",Win,2,False,851,False,--,"REBOUND OFF by SMITH,PRESTON",37.0,,34.0,,,,"REBOUND OFF by SMITH,PRESTON",2,offensive rebound,,hendrix,"smith,preston",,"['stanley,seth', 'brasfield,kam', 'smith,preston', 'riding,jake', 'eaton,jack']","['crump,dawson', 'bates,jacob', 'sine,tucker', 'ayers,perry', 'rakes,bailey', 'griffin,jarod']",,hendrix,37,0,0.0,0
249,249,3461,Centre,Hendrix,1,56-72,"26,46","26,30",12-2 (3-0 SAA,5-9 (1-2 SAA,,,01/06/19,2:00 PM,,"Danville, KY (Alumni Gymnasium)",Win,2,False,851,False,15:30,"GOOD JUMPER by SMITH,PRESTON(in the paint)",39.0,,34.0,,HENDRIX 39-34 (-5),,"GOOD JUMPER by SMITH,PRESTON(in the paint)",2,jumper,good,hendrix,"smith,preston",2.0,"['stanley,seth', 'brasfield,kam', 'smith,preston', 'riding,jake', 'eaton,jack']","['crump,dawson', 'bates,jacob', 'sine,tucker', 'ayers,perry', 'rakes,bailey', 'griffin,jarod']",930.0,hendrix,37,0,0.0,0
250,250,3461,Centre,Hendrix,1,56-72,"26,46","26,30",12-2 (3-0 SAA,5-9 (1-2 SAA,,,01/06/19,2:00 PM,,"Danville, KY (Alumni Gymnasium)",Win,2,False,851,False,13:17,,39.0,,36.0,"GOOD LAYUP by BATES,JACOB(in the paint)",CENTRE-M 39-36 (-3),,"GOOD LAYUP by BATES,JACOB(in the paint)",2,layup,good,centre,"bates,jacob",2.0,"['stanley,seth', 'brasfield,kam', 'smith,preston', 'riding,jake', 'eaton,jack']","['crump,dawson', 'bates,jacob', 'sine,tucker', 'ayers,perry', 'rakes,bailey', 'griffin,jarod']",797.0,hendrix,37,0,0.0,0
251,251,3461,Centre,Hendrix,1,56-72,"26,46","26,30",12-2 (3-0 SAA,5-9 (1-2 SAA,,,01/06/19,2:00 PM,,"Danville, KY (Alumni Gymnasium)",Win,2,False,851,False,--,,39.0,,36.0,"ASSIST  by AYERS,PERRY",,,"ASSIST  by AYERS,PERRY",2,assist,,centre,"ayers,perry",,"['stanley,seth', 'brasfield,kam', 'smith,preston', 'riding,jake', 'eaton,jack']","['crump,dawson', 'bates,jacob', 'sine,tucker', 'ayers,perry', 'rakes,bailey', 'griffin,jarod']",,hendrix,37,0,0.0,0
252,252,3461,Centre,Hendrix,1,56-72,"26,46","26,30",12-2 (3-0 SAA,5-9 (1-2 SAA,,,01/06/19,2:00 PM,,"Danville, KY (Alumni Gymnasium)",Win,2,False,851,False,13:17,"GOOD LAYUP by FITCH,CARL(in the paint)",41.0,,36.0,,HENDRIX 41-36 (-5),,"GOOD LAYUP by FITCH,CARL(in the paint)",2,layup,good,hendrix,"fitch,carl",2.0,"['stanley,seth', 'brasfield,kam', 'smith,preston', 'riding,jake', 'eaton,jack']","['crump,dawson', 'bates,jacob', 'sine,tucker', 'ayers,perry', 'rakes,bailey', 'griffin,jarod']",797.0,hendrix,37,0,0.0,0
253,253,3461,Centre,Hendrix,1,56-72,"26,46","26,30",12-2 (3-0 SAA,5-9 (1-2 SAA,,,01/06/19,2:00 PM,,"Danville, KY (Alumni Gymnasium)",Win,2,False,851,False,--,"ASSIST  by BRASFIELD,KAM",41.0,,36.0,,,,"ASSIST  by BRASFIELD,KAM",2,assist,,hendrix,"brasfield,kam",,"['stanley,seth', 'brasfield,kam', 'smith,preston', 'riding,jake', 'eaton,jack']","['crump,dawson', 'bates,jacob', 'sine,tucker', 'ayers,perry', 'rakes,bailey', 'griffin,jarod']",,hendrix,37,0,0.0,0
254,254,3461,Centre,Hendrix,1,56-72,"26,46","26,30",12-2 (3-0 SAA,5-9 (1-2 SAA,,,01/06/19,2:00 PM,,"Danville, KY (Alumni Gymnasium)",Win,2,False,851,False,13:17,,41.0,,38.0,"GOOD LAYUP by AYERS,PERRY(in the paint)",CENTRE-M 41-38 (-3),,"GOOD LAYUP by AYERS,PERRY(in the paint)",2,layup,good,centre,"ayers,perry",2.0,"['stanley,seth', 'brasfield,kam', 'smith,preston', 'riding,jake', 'eaton,jack']","['crump,dawson', 'bates,jacob', 'sine,tucker', 'ayers,perry', 'rakes,bailey', 'griffin,jarod']",797.0,hendrix,37,0,0.0,0
255,255,3461,Centre,Hendrix,1,56-72,"26,46","26,30",12-2 (3-0 SAA,5-9 (1-2 SAA,,,01/06/19,2:00 PM,,"Danville, KY (Alumni Gymnasium)",Win,2,False,851,False,13:17,"TURNOVER  by BRASFIELD,KAM",41.0,,38.0,,,,"TURNOVER  by BRASFIELD,KAM",2,turnover,,hendrix,"brasfield,kam",,"['stanley,seth', 'brasfield,kam', 'smith,preston', 'riding,jake', 'eaton,jack']","['crump,dawson', 'bates,jacob', 'sine,tucker', 'ayers,perry', 'rakes,bailey', 'griffin,jarod']",797.0,hendrix,37,0,0.0,0
256,256,3461,Centre,Hendrix,1,56-72,"26,46","26,30",12-2 (3-0 SAA,5-9 (1-2 SAA,,,01/06/19,2:00 PM,,"Danville, KY (Alumni Gymnasium)",Win,2,False,851,False,13:17,,41.0,,38.0,"STEAL  by SINE,TUCKER",,,"STEAL  by SINE,TUCKER",2,steal,,centre,,,"['stanley,seth', 'brasfield,kam', 'smith,preston', 'riding,jake', 'eaton,jack']","['crump,dawson', 'bates,jacob', 'sine,tucker', 'ayers,perry', 'rakes,bailey', 'griffin,jarod']",797.0,hendrix,37,0,0.0,0
257,257,3461,Centre,Hendrix,1,56-72,"26,46","26,30",12-2 (3-0 SAA,5-9 (1-2 SAA,,,01/06/19,2:00 PM,,"Danville, KY (Alumni Gymnasium)",Win,2,False,851,False,13:17,"FOUL  by COMAN,SEAN",41.0,,38.0,,,,"FOUL  by COMAN,SEAN",2,foul,,hendrix,"coman,sean",,"['stanley,seth', 'brasfield,kam', 'smith,preston', 'riding,jake', 'eaton,jack']","['crump,dawson', 'bates,jacob', 'sine,tucker', 'ayers,perry', 'rakes,bailey', 'griffin,jarod']",797.0,centre,38,0,0.0,1
258,258,3461,Centre,Hendrix,1,56-72,"26,46","26,30",12-2 (3-0 SAA,5-9 (1-2 SAA,,,01/06/19,2:00 PM,,"Danville, KY (Alumni Gymnasium)",Win,2,False,851,False,13:17,,41.0,,41.0,"GOOD 3PTR by AYERS,PERRY",CENTRE-M 41-41 (0),,"GOOD 3PTR by AYERS,PERRY",2,three pointer,good,centre,"ayers,perry",3.0,"['stanley,seth', 'brasfield,kam', 'smith,preston', 'riding,jake', 'eaton,jack']","['crump,dawson', 'bates,jacob', 'sine,tucker', 'ayers,perry', 'rakes,bailey', 'griffin,jarod']",797.0,centre,38,0,0.0,0
259,259,3461,Centre,Hendrix,1,56-72,"26,46","26,30",12-2 (3-0 SAA,5-9 (1-2 SAA,,,01/06/19,2:00 PM,,"Danville, KY (Alumni Gymnasium)",Win,2,False,851,False,--,,41.0,,41.0,"ASSIST  by CRUMP,DAWSON",,,"ASSIST  by CRUMP,DAWSON",2,assist,,centre,"crump,dawson",,"['stanley,seth', 'brasfield,kam', 'smith,preston', 'riding,jake', 'eaton,jack']","['crump,dawson', 'bates,jacob', 'sine,tucker', 'ayers,perry', 'rakes,bailey', 'griffin,jarod']",,centre,38,0,0.0,0
260,260,3461,Centre,Hendrix,1,56-72,"26,46","26,30",12-2 (3-0 SAA,5-9 (1-2 SAA,,,01/06/19,2:00 PM,,"Danville, KY (Alumni Gymnasium)",Win,2,False,851,False,13:17,,41.0,,44.0,"GOOD 3PTR by GRIFFIN,JAROD",CENTRE-M 41-44 (+3),,"GOOD 3PTR by GRIFFIN,JAROD",2,three pointer,good,centre,"griffin,jarod",3.0,"['stanley,seth', 'brasfield,kam', 'smith,preston', 'riding,jake', 'eaton,jack']","['crump,dawson', 'bates,jacob', 'sine,tucker', 'ayers,perry', 'rakes,bailey', 'griffin,jarod']",797.0,centre,38,0,0.0,0
261,261,3461,Centre,Hendrix,1,56-72,"26,46","26,30",12-2 (3-0 SAA,5-9 (1-2 SAA,,,01/06/19,2:00 PM,,"Danville, KY (Alumni Gymnasium)",Win,2,False,851,False,13:17,"TURNOVER  by SMITH,PRESTON",41.0,,44.0,,,,"TURNOVER  by SMITH,PRESTON",2,turnover,,hendrix,"smith,preston",,"['stanley,seth', 'brasfield,kam', 'smith,preston', 'riding,jake', 'eaton,jack']","['crump,dawson', 'bates,jacob', 'sine,tucker', 'ayers,perry', 'rakes,bailey', 'griffin,jarod']",797.0,centre,38,0,0.0,0
262,262,3461,Centre,Hendrix,1,56-72,"26,46","26,30",12-2 (3-0 SAA,5-9 (1-2 SAA,,,01/06/19,2:00 PM,,"Danville, KY (Alumni Gymnasium)",Win,2,False,851,False,13:17,,41.0,,44.0,"STEAL  by GRIFFIN,JAROD",,,"STEAL  by GRIFFIN,JAROD",2,steal,,centre,,,"['stanley,seth', 'brasfield,kam', 'smith,preston', 'riding,jake', 'eaton,jack']","['crump,dawson', 'bates,jacob', 'sine,tucker', 'ayers,perry', 'rakes,bailey', 'griffin,jarod']",797.0,centre,38,0,0.0,0
263,263,3461,Centre,Hendrix,1,56-72,"26,46","26,30",12-2 (3-0 SAA,5-9 (1-2 SAA,,,01/06/19,2:00 PM,,"Danville, KY (Alumni Gymnasium)",Win,2,False,851,False,13:15,"SUB IN by EATON,JACK",41.0,,44.0,,,,"SUB IN by EATON,JACK",2,subbing in,,hendrix,"eaton,jack",,"['stanley,seth', 'brasfield,kam', 'smith,preston', 'riding,jake', 'eaton,jack']","['crump,dawson', 'bates,jacob', 'sine,tucker', 'ayers,perry', 'rakes,bailey', 'griffin,jarod']",795.0,centre,38,0,0.0,0
264,264,3461,Centre,Hendrix,1,56-72,"26,46","26,30",12-2 (3-0 SAA,5-9 (1-2 SAA,,,01/06/19,2:00 PM,,"Danville, KY (Alumni Gymnasium)",Win,2,False,851,False,13:15,"SUB IN by RIDING,JAKE",41.0,,44.0,,,,"SUB IN by RIDING,JAKE",2,subbing in,,hendrix,"riding,jake",,"['stanley,seth', 'brasfield,kam', 'smith,preston', 'riding,jake', 'eaton,jack']","['crump,dawson', 'bates,jacob', 'sine,tucker', 'ayers,perry', 'rakes,bailey', 'griffin,jarod']",795.0,centre,38,0,0.0,0
265,265,3461,Centre,Hendrix,1,56-72,"26,46","26,30",12-2 (3-0 SAA,5-9 (1-2 SAA,,,01/06/19,2:00 PM,,"Danville, KY (Alumni Gymnasium)",Win,2,False,851,False,13:15,"SUB IN by CONRAD,ALEX",41.0,,44.0,,,,"SUB IN by CONRAD,ALEX",2,subbing in,,hendrix,"conrad,alex",,"['stanley,seth', 'brasfield,kam', 'smith,preston', 'riding,jake', 'eaton,jack']","['crump,dawson', 'bates,jacob', 'sine,tucker', 'ayers,perry', 'rakes,bailey', 'griffin,jarod']",795.0,centre,38,0,0.0,0
266,266,3461,Centre,Hendrix,1,56-72,"26,46","26,30",12-2 (3-0 SAA,5-9 (1-2 SAA,,,01/06/19,2:00 PM,,"Danville, KY (Alumni Gymnasium)",Win,2,False,851,False,13:15,"SUB OUT by COMAN,SEAN",41.0,,44.0,,,,"SUB OUT by COMAN,SEAN",2,subbing out,,hendrix,"coman,sean",,"['stanley,seth', 'brasfield,kam', 'smith,preston', 'riding,jake', 'eaton,jack']","['crump,dawson', 'bates,jacob', 'sine,tucker', 'ayers,perry', 'rakes,bailey', 'griffin,jarod']",795.0,centre,38,0,0.0,0
267,267,3461,Centre,Hendrix,1,56-72,"26,46","26,30",12-2 (3-0 SAA,5-9 (1-2 SAA,,,01/06/19,2:00 PM,,"Danville, KY (Alumni Gymnasium)",Win,2,False,851,False,13:15,"SUB OUT by STANLEY,SETH",41.0,,44.0,,,,"SUB OUT by STANLEY,SETH",2,subbing out,,hendrix,"stanley,seth",,"['stanley,seth', 'brasfield,kam', 'smith,preston', 'riding,jake', 'eaton,jack']","['crump,dawson', 'bates,jacob', 'sine,tucker', 'ayers,perry', 'rakes,bailey', 'griffin,jarod']",795.0,centre,38,0,0.0,0
268,268,3461,Centre,Hendrix,1,56-72,"26,46","26,30",12-2 (3-0 SAA,5-9 (1-2 SAA,,,01/06/19,2:00 PM,,"Danville, KY (Alumni Gymnasium)",Win,2,False,851,False,13:15,"SUB OUT by FITCH,CARL",41.0,,44.0,,,,"SUB OUT by FITCH,CARL",2,subbing out,,hendrix,"fitch,carl",,"['stanley,seth', 'brasfield,kam', 'smith,preston', 'riding,jake', 'eaton,jack']","['crump,dawson', 'bates,jacob', 'sine,tucker', 'ayers,perry', 'rakes,bailey', 'griffin,jarod']",795.0,centre,38,0,0.0,0
269,269,3461,Centre,Hendrix,1,56-72,"26,46","26,30",12-2 (3-0 SAA,5-9 (1-2 SAA,,,01/06/19,2:00 PM,,"Danville, KY (Alumni Gymnasium)",Win,2,False,851,False,13:15,,41.0,,44.0,"SUB IN by PURVIS,KC",,,"SUB IN by PURVIS,KC",2,subbing in,,centre,"purvis,kc",,"['stanley,seth', 'brasfield,kam', 'smith,preston', 'riding,jake', 'eaton,jack']","['crump,dawson', 'bates,jacob', 'sine,tucker', 'ayers,perry', 'rakes,bailey', 'griffin,jarod']",795.0,centre,38,0,0.0,0
270,270,3461,Centre,Hendrix,1,56-72,"26,46","26,30",12-2 (3-0 SAA,5-9 (1-2 SAA,,,01/06/19,2:00 PM,,"Danville, KY (Alumni Gymnasium)",Win,2,False,851,False,13:15,,41.0,,44.0,"SUB IN by CRUMP,DAWSON",,,"SUB IN by CRUMP,DAWSON",2,subbing in,,centre,"crump,dawson",,"['stanley,seth', 'brasfield,kam', 'smith,preston', 'riding,jake', 'eaton,jack']","['crump,dawson', 'bates,jacob', 'sine,tucker', 'ayers,perry', 'rakes,bailey', 'griffin,jarod']",795.0,centre,38,0,0.0,0
271,271,3461,Centre,Hendrix,1,56-72,"26,46","26,30",12-2 (3-0 SAA,5-9 (1-2 SAA,,,01/06/19,2:00 PM,,"Danville, KY (Alumni Gymnasium)",Win,2,False,851,False,13:15,,41.0,,44.0,"SUB IN by GERALD,DUSTIN",,,"SUB IN by GERALD,DUSTIN",2,subbing in,,centre,"gerald,dustin",,"['stanley,seth', 'brasfield,kam', 'smith,preston', 'riding,jake', 'eaton,jack']","['crump,dawson', 'bates,jacob', 'sine,tucker', 'ayers,perry', 'rakes,bailey', 'griffin,jarod']",795.0,centre,38,0,0.0,0
272,272,3461,Centre,Hendrix,1,56-72,"26,46","26,30",12-2 (3-0 SAA,5-9 (1-2 SAA,,,01/06/19,2:00 PM,,"Danville, KY (Alumni Gymnasium)",Win,2,False,851,False,13:15,,41.0,,44.0,"SUB OUT by RAKES,BAILEY",,,"SUB OUT by RAKES,BAILEY",2,subbing out,,centre,"rakes,bailey",,"['stanley,seth', 'brasfield,kam', 'smith,preston', 'riding,jake', 'eaton,jack']","['crump,dawson', 'bates,jacob', 'sine,tucker', 'ayers,perry', 'griffin,jarod']",795.0,centre,38,0,0.0,0
273,273,3461,Centre,Hendrix,1,56-72,"26,46","26,30",12-2 (3-0 SAA,5-9 (1-2 SAA,,,01/06/19,2:00 PM,,"Danville, KY (Alumni Gymnasium)",Win,2,False,851,False,13:15,,41.0,,44.0,"SUB OUT by SINE,TUCKER",,,"SUB OUT by SINE,TUCKER",2,subbing out,,centre,"sine,tucker",,"['stanley,seth', 'brasfield,kam', 'smith,preston', 'riding,jake', 'eaton,jack']","['crump,dawson', 'bates,jacob', 'ayers,perry', 'griffin,jarod']",795.0,centre,38,0,0.0,0
274,274,3461,Centre,Hendrix,1,56-72,"26,46","26,30",12-2 (3-0 SAA,5-9 (1-2 SAA,,,01/06/19,2:00 PM,,"Danville, KY (Alumni Gymnasium)",Win,2,False,851,False,13:15,,41.0,,44.0,"SUB OUT by BATES,JACOB",,,"SUB OUT by BATES,JACOB",2,subbing out,,centre,"bates,jacob",,"['stanley,seth', 'brasfield,kam', 'smith,preston', 'riding,jake', 'eaton,jack']","['crump,dawson', 'ayers,perry', 'griffin,jarod']",795.0,centre,38,0,0.0,0
275,275,3461,Centre,Hendrix,1,56-72,"26,46","26,30",12-2 (3-0 SAA,5-9 (1-2 SAA,,,01/06/19,2:00 PM,,"Danville, KY (Alumni Gymnasium)",Win,2,False,851,False,13:12,"TURNOVER  by BRASFIELD,KAM",41.0,,44.0,,,,"TURNOVER  by BRASFIELD,KAM",2,turnover,,hendrix,"brasfield,kam",,"['stanley,seth', 'brasfield,kam', 'smith,preston', 'riding,jake', 'eaton,jack']","['crump,dawson', 'ayers,perry', 'griffin,jarod']",792.0,centre,38,0,0.0,0
276,276,3461,Centre,Hendrix,1,56-72,"26,46","26,30",12-2 (3-0 SAA,5-9 (1-2 SAA,,,01/06/19,2:00 PM,,"Danville, KY (Alumni Gymnasium)",Win,2,False,851,False,13:06,,41.0,,44.0,"STEAL  by GERALD,DUSTIN",,,"STEAL  by GERALD,DUSTIN",2,steal,,centre,,,"['stanley,seth', 'brasfield,kam', 'smith,preston', 'riding,jake', 'eaton,jack']","['crump,dawson', 'ayers,perry', 'griffin,jarod']",786.0,centre,38,0,0.0,0
277,277,3461,Centre,Hendrix,1,56-72,"26,46","26,30",12-2 (3-0 SAA,5-9 (1-2 SAA,,,01/06/19,2:00 PM,,"Danville, KY (Alumni Gymnasium)",Win,2,False,851,False,12:48,,41.0,,46.0,"GOOD JUMPER by AYERS,PERRY",CENTRE-M 41-46 (+5),,"GOOD JUMPER by AYERS,PERRY",2,jumper,good,centre,"ayers,perry",2.0,"['stanley,seth', 'brasfield,kam', 'smith,preston', 'riding,jake', 'eaton,jack']","['crump,dawson', 'ayers,perry', 'griffin,jarod']",768.0,centre,38,0,0.0,0
278,278,3461,Centre,Hendrix,1,56-72,"26,46","26,30",12-2 (3-0 SAA,5-9 (1-2 SAA,,,01/06/19,2:00 PM,,"Danville, KY (Alumni Gymnasium)",Win,2,False,851,False,12:44,"SUB IN by CALAMESE,MICHAEL",41.0,,46.0,,,,"SUB IN by CALAMESE,MICHAEL",2,subbing in,,hendrix,"calamese,michael",,"['stanley,seth', 'brasfield,kam', 'smith,preston', 'riding,jake', 'eaton,jack', 'calamese,michael']","['crump,dawson', 'ayers,perry', 'griffin,jarod']",764.0,centre,38,0,0.0,0
279,279,3461,Centre,Hendrix,1,56-72,"26,46","26,30",12-2 (3-0 SAA,5-9 (1-2 SAA,,,01/06/19,2:00 PM,,"Danville, KY (Alumni Gymnasium)",Win,2,False,851,False,12:44,"SUB IN by ROUSE,TREY",41.0,,46.0,,,,"SUB IN by ROUSE,TREY",2,subbing in,,hendrix,"rouse,trey",,"['stanley,seth', 'brasfield,kam', 'smith,preston', 'riding,jake', 'eaton,jack', 'calamese,michael', 'rouse,trey']","['crump,dawson', 'ayers,perry', 'griffin,jarod']",764.0,centre,38,0,0.0,0
280,280,3461,Centre,Hendrix,1,56-72,"26,46","26,30",12-2 (3-0 SAA,5-9 (1-2 SAA,,,01/06/19,2:00 PM,,"Danville, KY (Alumni Gymnasium)",Win,2,False,851,False,12:44,"SUB OUT by BRASFIELD,KAM",41.0,,46.0,,,,"SUB OUT by BRASFIELD,KAM",2,subbing out,,hendrix,"brasfield,kam",,"['stanley,seth', 'smith,preston', 'riding,jake', 'eaton,jack', 'calamese,michael', 'rouse,trey']","['crump,dawson', 'ayers,perry', 'griffin,jarod']",764.0,centre,38,0,0.0,0
281,281,3461,Centre,Hendrix,1,56-72,"26,46","26,30",12-2 (3-0 SAA,5-9 (1-2 SAA,,,01/06/19,2:00 PM,,"Danville, KY (Alumni Gymnasium)",Win,2,False,851,False,12:44,"SUB OUT by SMITH,PRESTON",41.0,,46.0,,,,"SUB OUT by SMITH,PRESTON",2,subbing out,,hendrix,"smith,preston",,"['stanley,seth', 'riding,jake', 'eaton,jack', 'calamese,michael', 'rouse,trey']","['crump,dawson', 'ayers,perry', 'griffin,jarod']",764.0,centre,38,0,0.0,0
282,282,3461,Centre,Hendrix,1,56-72,"26,46","26,30",12-2 (3-0 SAA,5-9 (1-2 SAA,,,01/06/19,2:00 PM,,"Danville, KY (Alumni Gymnasium)",Win,2,False,851,False,12:39,"FOUL  by ROUSE,TREY",41.0,,46.0,,,,"FOUL  by ROUSE,TREY",2,foul,,hendrix,"rouse,trey",,"['stanley,seth', 'riding,jake', 'eaton,jack', 'calamese,michael', 'rouse,trey']","['crump,dawson', 'ayers,perry', 'griffin,jarod']",759.0,centre,38,0,0.0,0
283,283,3461,Centre,Hendrix,1,56-72,"26,46","26,30",12-2 (3-0 SAA,5-9 (1-2 SAA,,,01/06/19,2:00 PM,,"Danville, KY (Alumni Gymnasium)",Win,2,False,851,False,12:39,"TURNOVER  by ROUSE,TREY",41.0,,46.0,,,,"TURNOVER  by ROUSE,TREY",2,turnover,,hendrix,"rouse,trey",,"['stanley,seth', 'riding,jake', 'eaton,jack', 'calamese,michael', 'rouse,trey']","['crump,dawson', 'ayers,perry', 'griffin,jarod']",759.0,centre,38,0,0.0,0
284,284,3461,Centre,Hendrix,1,56-72,"26,46","26,30",12-2 (3-0 SAA,5-9 (1-2 SAA,,,01/06/19,2:00 PM,,"Danville, KY (Alumni Gymnasium)",Win,2,False,851,False,12:11,,41.0,,46.0,"TURNOVER  by GERALD,DUSTIN",,,"TURNOVER  by GERALD,DUSTIN",2,turnover,,centre,"gerald,dustin",,"['stanley,seth', 'riding,jake', 'eaton,jack', 'calamese,michael', 'rouse,trey']","['crump,dawson', 'ayers,perry', 'griffin,jarod']",731.0,centre,38,0,0.0,0
285,285,3461,Centre,Hendrix,1,56-72,"26,46","26,30",12-2 (3-0 SAA,5-9 (1-2 SAA,,,01/06/19,2:00 PM,,"Danville, KY (Alumni Gymnasium)",Win,2,False,851,False,11:57,,41.0,,46.0,"FOUL  by PURVIS,KC",,,"FOUL  by PURVIS,KC",2,foul,,centre,"purvis,kc",,"['stanley,seth', 'riding,jake', 'eaton,jack', 'calamese,michael', 'rouse,trey']","['crump,dawson', 'ayers,perry', 'griffin,jarod']",717.0,hendrix,39,0,0.0,1
286,286,3461,Centre,Hendrix,1,56-72,"26,46","26,30",12-2 (3-0 SAA,5-9 (1-2 SAA,,,01/06/19,2:00 PM,,"Danville, KY (Alumni Gymnasium)",Win,2,False,851,False,11:57,TIMEOUT MEDIA by TEAM,41.0,,46.0,,,,TIMEOUT MEDIA by TEAM,2,timeout,,hendrix,,,"['stanley,seth', 'riding,jake', 'eaton,jack', 'calamese,michael', 'rouse,trey']","['crump,dawson', 'ayers,perry', 'griffin,jarod']",717.0,hendrix,39,0,0.0,0
287,287,3461,Centre,Hendrix,1,56-72,"26,46","26,30",12-2 (3-0 SAA,5-9 (1-2 SAA,,,01/06/19,2:00 PM,,"Danville, KY (Alumni Gymnasium)",Win,2,False,851,False,11:57,"MISS FT by CONRAD,ALEX",41.0,,46.0,,,,"MISS FT by CONRAD,ALEX",2,free throw,missed,hendrix,"conrad,alex",,"['stanley,seth', 'riding,jake', 'eaton,jack', 'calamese,michael', 'rouse,trey']","['crump,dawson', 'ayers,perry', 'griffin,jarod']",717.0,hendrix,39,0,0.0,0
288,288,3461,Centre,Hendrix,1,56-72,"26,46","26,30",12-2 (3-0 SAA,5-9 (1-2 SAA,,,01/06/19,2:00 PM,,"Danville, KY (Alumni Gymnasium)",Win,2,False,851,False,--,REBOUND DEADB by TEAM,41.0,,46.0,,,,REBOUND DEADB by TEAM,2,deadball rebound,,hendrix,,,"['stanley,seth', 'riding,jake', 'eaton,jack', 'calamese,michael', 'rouse,trey']","['crump,dawson', 'ayers,perry', 'griffin,jarod']",,hendrix,39,0,0.0,0
289,289,3461,Centre,Hendrix,1,56-72,"26,46","26,30",12-2 (3-0 SAA,5-9 (1-2 SAA,,,01/06/19,2:00 PM,,"Danville, KY (Alumni Gymnasium)",Win,2,False,851,False,11:57,"MISS FT by CONRAD,ALEX",41.0,,46.0,,,,"MISS FT by CONRAD,ALEX",2,free throw,missed,hendrix,"conrad,alex",,"['stanley,seth', 'riding,jake', 'eaton,jack', 'calamese,michael', 'rouse,trey']","['crump,dawson', 'ayers,perry', 'griffin,jarod']",717.0,hendrix,39,0,0.0,0
290,290,3461,Centre,Hendrix,1,56-72,"26,46","26,30",12-2 (3-0 SAA,5-9 (1-2 SAA,,,01/06/19,2:00 PM,,"Danville, KY (Alumni Gymnasium)",Win,2,False,851,False,--,,41.0,,46.0,"REBOUND DEF by GRIFFIN,JAROD",,,"REBOUND DEF by GRIFFIN,JAROD",2,defensive rebound,,centre,"griffin,jarod",,"['stanley,seth', 'riding,jake', 'eaton,jack', 'calamese,michael', 'rouse,trey']","['crump,dawson', 'ayers,perry', 'griffin,jarod']",,hendrix,39,0,0.0,0
291,291,3461,Centre,Hendrix,1,56-72,"26,46","26,30",12-2 (3-0 SAA,5-9 (1-2 SAA,,,01/06/19,2:00 PM,,"Danville, KY (Alumni Gymnasium)",Win,2,False,851,False,11:57,,41.0,,46.0,"SUB IN by SINE,TUCKER",,,"SUB IN by SINE,TUCKER",2,subbing in,,centre,"sine,tucker",,"['stanley,seth', 'riding,jake', 'eaton,jack', 'calamese,michael', 'rouse,trey']","['crump,dawson', 'ayers,perry', 'griffin,jarod', 'sine,tucker']",717.0,centre,40,0,0.0,1
292,292,3461,Centre,Hendrix,1,56-72,"26,46","26,30",12-2 (3-0 SAA,5-9 (1-2 SAA,,,01/06/19,2:00 PM,,"Danville, KY (Alumni Gymnasium)",Win,2,False,851,False,11:57,,41.0,,46.0,"SUB OUT by AYERS,PERRY",,,"SUB OUT by AYERS,PERRY",2,subbing out,,centre,"ayers,perry",,"['stanley,seth', 'riding,jake', 'eaton,jack', 'calamese,michael', 'rouse,trey']","['crump,dawson', 'griffin,jarod', 'sine,tucker']",717.0,centre,40,0,0.0,0
293,293,3461,Centre,Hendrix,1,56-72,"26,46","26,30",12-2 (3-0 SAA,5-9 (1-2 SAA,,,01/06/19,2:00 PM,,"Danville, KY (Alumni Gymnasium)",Win,2,False,851,False,11:42,"FOUL  by EATON,JACK",41.0,,46.0,,,,"FOUL  by EATON,JACK",2,foul,,hendrix,"eaton,jack",,"['stanley,seth', 'riding,jake', 'eaton,jack', 'calamese,michael', 'rouse,trey']","['crump,dawson', 'griffin,jarod', 'sine,tucker']",702.0,centre,40,0,0.0,0
294,294,3461,Centre,Hendrix,1,56-72,"26,46","26,30",12-2 (3-0 SAA,5-9 (1-2 SAA,,,01/06/19,2:00 PM,,"Danville, KY (Alumni Gymnasium)",Win,2,False,851,False,11:26,,41.0,,46.0,"TURNOVER  by PURVIS,KC",,,"TURNOVER  by PURVIS,KC",2,turnover,,centre,"purvis,kc",,"['stanley,seth', 'riding,jake', 'eaton,jack', 'calamese,michael', 'rouse,trey']","['crump,dawson', 'griffin,jarod', 'sine,tucker']",686.0,centre,40,0,0.0,0
295,295,3461,Centre,Hendrix,1,56-72,"26,46","26,30",12-2 (3-0 SAA,5-9 (1-2 SAA,,,01/06/19,2:00 PM,,"Danville, KY (Alumni Gymnasium)",Win,2,False,851,False,11:25,"STEAL  by CALAMESE,MICHAEL",41.0,,46.0,,,,"STEAL  by CALAMESE,MICHAEL",2,steal,,hendrix,,,"['stanley,seth', 'riding,jake', 'eaton,jack', 'calamese,michael', 'rouse,trey']","['crump,dawson', 'griffin,jarod', 'sine,tucker']",685.0,centre,40,0,0.0,0
296,296,3461,Centre,Hendrix,1,56-72,"26,46","26,30",12-2 (3-0 SAA,5-9 (1-2 SAA,,,01/06/19,2:00 PM,,"Danville, KY (Alumni Gymnasium)",Win,2,False,851,False,11:20,"MISS 3PTR by ROUSE,TREY",41.0,,46.0,,,,"MISS 3PTR by ROUSE,TREY",2,three pointer,missed,hendrix,"rouse,trey",,"['stanley,seth', 'riding,jake', 'eaton,jack', 'calamese,michael', 'rouse,trey']","['crump,dawson', 'griffin,jarod', 'sine,tucker']",680.0,hendrix,41,0,0.0,1
297,297,3461,Centre,Hendrix,1,56-72,"26,46","26,30",12-2 (3-0 SAA,5-9 (1-2 SAA,,,01/06/19,2:00 PM,,"Danville, KY (Alumni Gymnasium)",Win,2,False,851,False,--,,41.0,,46.0,REBOUND DEF by TEAM,,,REBOUND DEF by TEAM,2,defensive rebound,,centre,,,"['stanley,seth', 'riding,jake', 'eaton,jack', 'calamese,michael', 'rouse,trey']","['crump,dawson', 'griffin,jarod', 'sine,tucker']",,centre,42,0,0.0,1
298,298,3461,Centre,Hendrix,1,56-72,"26,46","26,30",12-2 (3-0 SAA,5-9 (1-2 SAA,,,01/06/19,2:00 PM,,"Danville, KY (Alumni Gymnasium)",Win,2,False,851,False,11:16,,41.0,,46.0,"SUB IN by WALKER,ART",,,"SUB IN by WALKER,ART",2,subbing in,,centre,"walker,art",,"['stanley,seth', 'riding,jake', 'eaton,jack', 'calamese,michael', 'rouse,trey']","['crump,dawson', 'griffin,jarod', 'sine,tucker', 'walker,art']",676.0,centre,42,0,0.0,0
299,299,3461,Centre,Hendrix,1,56-72,"26,46","26,30",12-2 (3-0 SAA,5-9 (1-2 SAA,,,01/06/19,2:00 PM,,"Danville, KY (Alumni Gymnasium)",Win,2,False,851,False,11:16,,41.0,,46.0,"SUB IN by BATES,JACOB",,,"SUB IN by BATES,JACOB",2,subbing in,,centre,"bates,jacob",,"['stanley,seth', 'riding,jake', 'eaton,jack', 'calamese,michael', 'rouse,trey']","['crump,dawson', 'griffin,jarod', 'sine,tucker', 'walker,art', 'bates,jacob']",676.0,centre,42,0,0.0,0
300,300,3461,Centre,Hendrix,1,56-72,"26,46","26,30",12-2 (3-0 SAA,5-9 (1-2 SAA,,,01/06/19,2:00 PM,,"Danville, KY (Alumni Gymnasium)",Win,2,False,851,False,11:16,,41.0,,46.0,"SUB OUT by PURVIS,KC",,,"SUB OUT by PURVIS,KC",2,subbing out,,centre,"purvis,kc",,"['stanley,seth', 'riding,jake', 'eaton,jack', 'calamese,michael', 'rouse,trey']","['crump,dawson', 'griffin,jarod', 'sine,tucker', 'walker,art', 'bates,jacob']",676.0,centre,42,0,0.0,0
301,301,3461,Centre,Hendrix,1,56-72,"26,46","26,30",12-2 (3-0 SAA,5-9 (1-2 SAA,,,01/06/19,2:00 PM,,"Danville, KY (Alumni Gymnasium)",Win,2,False,851,False,11:16,,41.0,,46.0,"SUB OUT by GERALD,DUSTIN",,,"SUB OUT by GERALD,DUSTIN",2,subbing out,,centre,"gerald,dustin",,"['stanley,seth', 'riding,jake', 'eaton,jack', 'calamese,michael', 'rouse,trey']","['crump,dawson', 'griffin,jarod', 'sine,tucker', 'walker,art', 'bates,jacob']",676.0,centre,42,0,0.0,0
302,302,3461,Centre,Hendrix,1,56-72,"26,46","26,30",12-2 (3-0 SAA,5-9 (1-2 SAA,,,01/06/19,2:00 PM,,"Danville, KY (Alumni Gymnasium)",Win,2,False,851,False,10:54,,41.0,,46.0,"MISS 3PTR by SINE,TUCKER",,,"MISS 3PTR by SINE,TUCKER",2,three pointer,missed,centre,"sine,tucker",,"['stanley,seth', 'riding,jake', 'eaton,jack', 'calamese,michael', 'rouse,trey']","['crump,dawson', 'griffin,jarod', 'sine,tucker', 'walker,art', 'bates,jacob']",654.0,centre,42,0,0.0,0
303,303,3461,Centre,Hendrix,1,56-72,"26,46","26,30",12-2 (3-0 SAA,5-9 (1-2 SAA,,,01/06/19,2:00 PM,,"Danville, KY (Alumni Gymnasium)",Win,2,False,851,False,--,"REBOUND DEF by EATON,JACK",41.0,,46.0,,,,"REBOUND DEF by EATON,JACK",2,defensive rebound,,hendrix,"eaton,jack",,"['stanley,seth', 'riding,jake', 'eaton,jack', 'calamese,michael', 'rouse,trey']","['crump,dawson', 'griffin,jarod', 'sine,tucker', 'walker,art', 'bates,jacob']",,centre,42,0,0.0,0
304,304,3461,Centre,Hendrix,1,56-72,"26,46","26,30",12-2 (3-0 SAA,5-9 (1-2 SAA,,,01/06/19,2:00 PM,,"Danville, KY (Alumni Gymnasium)",Win,2,False,851,False,10:43,,41.0,,46.0,"FOUL  by GRIFFIN,JAROD",,,"FOUL  by GRIFFIN,JAROD",2,foul,,centre,"griffin,jarod",,"['stanley,seth', 'riding,jake', 'eaton,jack', 'calamese,michael', 'rouse,trey']","['crump,dawson', 'griffin,jarod', 'sine,tucker', 'walker,art', 'bates,jacob']",643.0,hendrix,43,0,0.0,1
305,305,3461,Centre,Hendrix,1,56-72,"26,46","26,30",12-2 (3-0 SAA,5-9 (1-2 SAA,,,01/06/19,2:00 PM,,"Danville, KY (Alumni Gymnasium)",Win,2,False,851,False,10:37,,41.0,,46.0,"FOUL  by SINE,TUCKER",,,"FOUL  by SINE,TUCKER",2,foul,,centre,"sine,tucker",,"['stanley,seth', 'riding,jake', 'eaton,jack', 'calamese,michael', 'rouse,trey']","['crump,dawson', 'griffin,jarod', 'sine,tucker', 'walker,art', 'bates,jacob']",637.0,hendrix,43,0,0.0,0
306,306,3461,Centre,Hendrix,1,56-72,"26,46","26,30",12-2 (3-0 SAA,5-9 (1-2 SAA,,,01/06/19,2:00 PM,,"Danville, KY (Alumni Gymnasium)",Win,2,False,851,False,10:37,"GOOD FT by CALAMESE,MICHAEL",42.0,,46.0,,HENDRIX 42-46 (+4),,"GOOD FT by CALAMESE,MICHAEL",2,free throw,good,hendrix,"calamese,michael",1.0,"['stanley,seth', 'riding,jake', 'eaton,jack', 'calamese,michael', 'rouse,trey']","['crump,dawson', 'griffin,jarod', 'sine,tucker', 'walker,art', 'bates,jacob']",637.0,hendrix,43,0,0.0,0
307,307,3461,Centre,Hendrix,1,56-72,"26,46","26,30",12-2 (3-0 SAA,5-9 (1-2 SAA,,,01/06/19,2:00 PM,,"Danville, KY (Alumni Gymnasium)",Win,2,False,851,False,10:37,"GOOD FT by CALAMESE,MICHAEL",43.0,,46.0,,HENDRIX 43-46 (+3),,"GOOD FT by CALAMESE,MICHAEL",2,free throw,good,hendrix,"calamese,michael",1.0,"['stanley,seth', 'riding,jake', 'eaton,jack', 'calamese,michael', 'rouse,trey']","['crump,dawson', 'griffin,jarod', 'sine,tucker', 'walker,art', 'bates,jacob']",637.0,hendrix,43,0,0.0,0
308,308,3461,Centre,Hendrix,1,56-72,"26,46","26,30",12-2 (3-0 SAA,5-9 (1-2 SAA,,,01/06/19,2:00 PM,,"Danville, KY (Alumni Gymnasium)",Win,2,False,851,False,10:10,,43.0,,48.0,"GOOD LAYUP by CRUMP,DAWSON(in the paint)",CENTRE-M 43-48 (+5),,"GOOD LAYUP by CRUMP,DAWSON(in the paint)",2,layup,good,centre,"crump,dawson",2.0,"['stanley,seth', 'riding,jake', 'eaton,jack', 'calamese,michael', 'rouse,trey']","['crump,dawson', 'griffin,jarod', 'sine,tucker', 'walker,art', 'bates,jacob']",610.0,hendrix,43,0,0.0,0
309,309,3461,Centre,Hendrix,1,56-72,"26,46","26,30",12-2 (3-0 SAA,5-9 (1-2 SAA,,,01/06/19,2:00 PM,,"Danville, KY (Alumni Gymnasium)",Win,2,False,851,False,--,,43.0,,48.0,"ASSIST  by BATES,JACOB",,,"ASSIST  by BATES,JACOB",2,assist,,centre,"bates,jacob",,"['stanley,seth', 'riding,jake', 'eaton,jack', 'calamese,michael', 'rouse,trey']","['crump,dawson', 'griffin,jarod', 'sine,tucker', 'walker,art', 'bates,jacob']",,hendrix,43,0,0.0,0
310,310,3461,Centre,Hendrix,1,56-72,"26,46","26,30",12-2 (3-0 SAA,5-9 (1-2 SAA,,,01/06/19,2:00 PM,,"Danville, KY (Alumni Gymnasium)",Win,2,False,851,False,09:58,"FOUL  by CONRAD,ALEX",43.0,,48.0,,,,"FOUL  by CONRAD,ALEX",2,foul,,hendrix,"conrad,alex",,"['stanley,seth', 'riding,jake', 'eaton,jack', 'calamese,michael', 'rouse,trey']","['crump,dawson', 'griffin,jarod', 'sine,tucker', 'walker,art', 'bates,jacob']",598.0,hendrix,43,0,0.0,0
311,311,3461,Centre,Hendrix,1,56-72,"26,46","26,30",12-2 (3-0 SAA,5-9 (1-2 SAA,,,01/06/19,2:00 PM,,"Danville, KY (Alumni Gymnasium)",Win,2,False,851,False,09:58,"TURNOVER  by CONRAD,ALEX",43.0,,48.0,,,,"TURNOVER  by CONRAD,ALEX",2,turnover,,hendrix,"conrad,alex",,"['stanley,seth', 'riding,jake', 'eaton,jack', 'calamese,michael', 'rouse,trey']","['crump,dawson', 'griffin,jarod', 'sine,tucker', 'walker,art', 'bates,jacob']",598.0,hendrix,43,0,0.0,0
312,312,3461,Centre,Hendrix,1,56-72,"26,46","26,30",12-2 (3-0 SAA,5-9 (1-2 SAA,,,01/06/19,2:00 PM,,"Danville, KY (Alumni Gymnasium)",Win,2,False,851,False,09:58,"SUB IN by FITCH,CARL",43.0,,48.0,,,,"SUB IN by FITCH,CARL",2,subbing in,,hendrix,"fitch,carl",,"['stanley,seth', 'riding,jake', 'eaton,jack', 'calamese,michael', 'rouse,trey', 'fitch,carl']","['crump,dawson', 'griffin,jarod', 'sine,tucker', 'walker,art', 'bates,jacob']",598.0,centre,44,0,0.0,1
313,313,3461,Centre,Hendrix,1,56-72,"26,46","26,30",12-2 (3-0 SAA,5-9 (1-2 SAA,,,01/06/19,2:00 PM,,"Danville, KY (Alumni Gymnasium)",Win,2,False,851,False,09:58,"SUB OUT by CONRAD,ALEX",43.0,,48.0,,,,"SUB OUT by CONRAD,ALEX",2,subbing out,,hendrix,"conrad,alex",,"['stanley,seth', 'riding,jake', 'eaton,jack', 'calamese,michael', 'rouse,trey', 'fitch,carl']","['crump,dawson', 'griffin,jarod', 'sine,tucker', 'walker,art', 'bates,jacob']",598.0,centre,44,0,0.0,0
314,314,3461,Centre,Hendrix,1,56-72,"26,46","26,30",12-2 (3-0 SAA,5-9 (1-2 SAA,,,01/06/19,2:00 PM,,"Danville, KY (Alumni Gymnasium)",Win,2,False,851,False,09:58,,43.0,,48.0,"SUB IN by AYERS,PERRY",,,"SUB IN by AYERS,PERRY",2,subbing in,,centre,"ayers,perry",,"['stanley,seth', 'riding,jake', 'eaton,jack', 'calamese,michael', 'rouse,trey', 'fitch,carl']","['crump,dawson', 'griffin,jarod', 'sine,tucker', 'walker,art', 'bates,jacob']",598.0,centre,44,0,0.0,0
315,315,3461,Centre,Hendrix,1,56-72,"26,46","26,30",12-2 (3-0 SAA,5-9 (1-2 SAA,,,01/06/19,2:00 PM,,"Danville, KY (Alumni Gymnasium)",Win,2,False,851,False,09:58,,43.0,,48.0,"SUB OUT by SINE,TUCKER",,,"SUB OUT by SINE,TUCKER",2,subbing out,,centre,"sine,tucker",,"['stanley,seth', 'riding,jake', 'eaton,jack', 'calamese,michael', 'rouse,trey', 'fitch,carl']","['crump,dawson', 'griffin,jarod', 'walker,art', 'bates,jacob']",598.0,centre,44,0,0.0,0
316,316,3461,Centre,Hendrix,1,56-72,"26,46","26,30",12-2 (3-0 SAA,5-9 (1-2 SAA,,,01/06/19,2:00 PM,,"Danville, KY (Alumni Gymnasium)",Win,2,False,851,False,09:38,,43.0,,48.0,"SUB IN by SINE,TUCKER",,,"SUB IN by SINE,TUCKER",2,subbing in,,centre,"sine,tucker",,"['stanley,seth', 'riding,jake', 'eaton,jack', 'calamese,michael', 'rouse,trey', 'fitch,carl']","['crump,dawson', 'griffin,jarod', 'walker,art', 'bates,jacob', 'sine,tucker']",578.0,centre,44,0,0.0,0
317,317,3461,Centre,Hendrix,1,56-72,"26,46","26,30",12-2 (3-0 SAA,5-9 (1-2 SAA,,,01/06/19,2:00 PM,,"Danville, KY (Alumni Gymnasium)",Win,2,False,851,False,09:38,,43.0,,48.0,"SUB OUT by GRIFFIN,JAROD",,,"SUB OUT by GRIFFIN,JAROD",2,subbing out,,centre,"griffin,jarod",,"['stanley,seth', 'riding,jake', 'eaton,jack', 'calamese,michael', 'rouse,trey', 'fitch,carl']","['crump,dawson', 'walker,art', 'bates,jacob', 'sine,tucker']",578.0,centre,44,0,0.0,0
318,318,3461,Centre,Hendrix,1,56-72,"26,46","26,30",12-2 (3-0 SAA,5-9 (1-2 SAA,,,01/06/19,2:00 PM,,"Danville, KY (Alumni Gymnasium)",Win,2,False,851,False,09:37,"FOUL  by EATON,JACK",43.0,,48.0,,,,"FOUL  by EATON,JACK",2,foul,,hendrix,"eaton,jack",,"['stanley,seth', 'riding,jake', 'eaton,jack', 'calamese,michael', 'rouse,trey', 'fitch,carl']","['crump,dawson', 'walker,art', 'bates,jacob', 'sine,tucker']",577.0,centre,44,0,0.0,0
319,319,3461,Centre,Hendrix,1,56-72,"26,46","26,30",12-2 (3-0 SAA,5-9 (1-2 SAA,,,01/06/19,2:00 PM,,"Danville, KY (Alumni Gymnasium)",Win,2,False,851,False,09:37,,43.0,,49.0,"GOOD FT by BATES,JACOB",CENTRE-M 43-49 (+6),,"GOOD FT by BATES,JACOB",2,free throw,good,centre,"bates,jacob",1.0,"['stanley,seth', 'riding,jake', 'eaton,jack', 'calamese,michael', 'rouse,trey', 'fitch,carl']","['crump,dawson', 'walker,art', 'bates,jacob', 'sine,tucker']",577.0,centre,44,0,0.0,0
320,320,3461,Centre,Hendrix,1,56-72,"26,46","26,30",12-2 (3-0 SAA,5-9 (1-2 SAA,,,01/06/19,2:00 PM,,"Danville, KY (Alumni Gymnasium)",Win,2,False,851,False,09:37,,43.0,,50.0,"GOOD FT by BATES,JACOB",CENTRE-M 43-50 (+7),,"GOOD FT by BATES,JACOB",2,free throw,good,centre,"bates,jacob",1.0,"['stanley,seth', 'riding,jake', 'eaton,jack', 'calamese,michael', 'rouse,trey', 'fitch,carl']","['crump,dawson', 'walker,art', 'bates,jacob', 'sine,tucker']",577.0,centre,44,0,0.0,0
321,321,3461,Centre,Hendrix,1,56-72,"26,46","26,30",12-2 (3-0 SAA,5-9 (1-2 SAA,,,01/06/19,2:00 PM,,"Danville, KY (Alumni Gymnasium)",Win,2,False,851,False,09:37,"SUB IN by COMAN,SEAN",43.0,,50.0,,,,"SUB IN by COMAN,SEAN",2,subbing in,,hendrix,"coman,sean",,"['stanley,seth', 'riding,jake', 'eaton,jack', 'calamese,michael', 'rouse,trey', 'fitch,carl', 'coman,sean']","['crump,dawson', 'walker,art', 'bates,jacob', 'sine,tucker']",577.0,centre,44,0,0.0,0
322,322,3461,Centre,Hendrix,1,56-72,"26,46","26,30",12-2 (3-0 SAA,5-9 (1-2 SAA,,,01/06/19,2:00 PM,,"Danville, KY (Alumni Gymnasium)",Win,2,False,851,False,09:37,"SUB IN by SMITH,PRESTON",43.0,,50.0,,,,"SUB IN by SMITH,PRESTON",2,subbing in,,hendrix,"smith,preston",,"['stanley,seth', 'riding,jake', 'eaton,jack', 'calamese,michael', 'rouse,trey', 'fitch,carl', 'coman,sean', 'smith,preston']","['crump,dawson', 'walker,art', 'bates,jacob', 'sine,tucker']",577.0,centre,44,0,0.0,0
323,323,3461,Centre,Hendrix,1,56-72,"26,46","26,30",12-2 (3-0 SAA,5-9 (1-2 SAA,,,01/06/19,2:00 PM,,"Danville, KY (Alumni Gymnasium)",Win,2,False,851,False,09:37,"SUB OUT by ROUSE,TREY",43.0,,50.0,,,,"SUB OUT by ROUSE,TREY",2,subbing out,,hendrix,"rouse,trey",,"['stanley,seth', 'riding,jake', 'eaton,jack', 'calamese,michael', 'fitch,carl', 'coman,sean', 'smith,preston']","['crump,dawson', 'walker,art', 'bates,jacob', 'sine,tucker']",577.0,centre,44,0,0.0,0
324,324,3461,Centre,Hendrix,1,56-72,"26,46","26,30",12-2 (3-0 SAA,5-9 (1-2 SAA,,,01/06/19,2:00 PM,,"Danville, KY (Alumni Gymnasium)",Win,2,False,851,False,09:37,"SUB OUT by EATON,JACK",43.0,,50.0,,,,"SUB OUT by EATON,JACK",2,subbing out,,hendrix,"eaton,jack",,"['stanley,seth', 'riding,jake', 'calamese,michael', 'fitch,carl', 'coman,sean', 'smith,preston']","['crump,dawson', 'walker,art', 'bates,jacob', 'sine,tucker']",577.0,centre,44,0,0.0,0
325,325,3461,Centre,Hendrix,1,56-72,"26,46","26,30",12-2 (3-0 SAA,5-9 (1-2 SAA,,,01/06/19,2:00 PM,,"Danville, KY (Alumni Gymnasium)",Win,2,False,851,False,09:33,,43.0,,50.0,"SUB IN by RAKES,BAILEY",,,"SUB IN by RAKES,BAILEY",2,subbing in,,centre,"rakes,bailey",,"['stanley,seth', 'riding,jake', 'calamese,michael', 'fitch,carl', 'coman,sean', 'smith,preston']","['crump,dawson', 'walker,art', 'bates,jacob', 'sine,tucker', 'rakes,bailey']",573.0,centre,44,0,0.0,0
326,326,3461,Centre,Hendrix,1,56-72,"26,46","26,30",12-2 (3-0 SAA,5-9 (1-2 SAA,,,01/06/19,2:00 PM,,"Danville, KY (Alumni Gymnasium)",Win,2,False,851,False,09:33,,43.0,,50.0,"SUB OUT by CRUMP,DAWSON",,,"SUB OUT by CRUMP,DAWSON",2,subbing out,,centre,"crump,dawson",,"['stanley,seth', 'riding,jake', 'calamese,michael', 'fitch,carl', 'coman,sean', 'smith,preston']","['walker,art', 'bates,jacob', 'sine,tucker', 'rakes,bailey']",573.0,centre,44,0,0.0,0
327,327,3461,Centre,Hendrix,1,56-72,"26,46","26,30",12-2 (3-0 SAA,5-9 (1-2 SAA,,,01/06/19,2:00 PM,,"Danville, KY (Alumni Gymnasium)",Win,2,False,851,False,09:26,"MISS JUMPER by CALAMESE,MICHAEL",43.0,,50.0,,,,"MISS JUMPER by CALAMESE,MICHAEL",2,jumper,missed,hendrix,"calamese,michael",,"['stanley,seth', 'riding,jake', 'calamese,michael', 'fitch,carl', 'coman,sean', 'smith,preston']","['walker,art', 'bates,jacob', 'sine,tucker', 'rakes,bailey']",566.0,centre,44,0,0.0,0
328,328,3461,Centre,Hendrix,1,56-72,"26,46","26,30",12-2 (3-0 SAA,5-9 (1-2 SAA,,,01/06/19,2:00 PM,,"Danville, KY (Alumni Gymnasium)",Win,2,False,851,False,--,"REBOUND OFF by FITCH,CARL",43.0,,50.0,,,,"REBOUND OFF by FITCH,CARL",2,offensive rebound,,hendrix,"fitch,carl",,"['stanley,seth', 'riding,jake', 'calamese,michael', 'fitch,carl', 'coman,sean', 'smith,preston']","['walker,art', 'bates,jacob', 'sine,tucker', 'rakes,bailey']",,centre,44,0,0.0,0
329,329,3461,Centre,Hendrix,1,56-72,"26,46","26,30",12-2 (3-0 SAA,5-9 (1-2 SAA,,,01/06/19,2:00 PM,,"Danville, KY (Alumni Gymnasium)",Win,2,False,851,False,09:23,"MISS LAYUP by FITCH,CARL",43.0,,50.0,,,,"MISS LAYUP by FITCH,CARL",2,layup,missed,hendrix,"fitch,carl",,"['stanley,seth', 'riding,jake', 'calamese,michael', 'fitch,carl', 'coman,sean', 'smith,preston']","['walker,art', 'bates,jacob', 'sine,tucker', 'rakes,bailey']",563.0,centre,44,0,0.0,0
330,330,3461,Centre,Hendrix,1,56-72,"26,46","26,30",12-2 (3-0 SAA,5-9 (1-2 SAA,,,01/06/19,2:00 PM,,"Danville, KY (Alumni Gymnasium)",Win,2,False,851,False,--,"REBOUND OFF by FITCH,CARL",43.0,,50.0,,,,"REBOUND OFF by FITCH,CARL",2,offensive rebound,,hendrix,"fitch,carl",,"['stanley,seth', 'riding,jake', 'calamese,michael', 'fitch,carl', 'coman,sean', 'smith,preston']","['walker,art', 'bates,jacob', 'sine,tucker', 'rakes,bailey']",,centre,44,0,0.0,0
331,331,3461,Centre,Hendrix,1,56-72,"26,46","26,30",12-2 (3-0 SAA,5-9 (1-2 SAA,,,01/06/19,2:00 PM,,"Danville, KY (Alumni Gymnasium)",Win,2,False,851,False,09:23,"GOOD LAYUP by FITCH,CARL(in the paint)",45.0,,50.0,,HENDRIX 45-50 (+5),,"GOOD LAYUP by FITCH,CARL(in the paint)",2,layup,good,hendrix,"fitch,carl",2.0,"['stanley,seth', 'riding,jake', 'calamese,michael', 'fitch,carl', 'coman,sean', 'smith,preston']","['walker,art', 'bates,jacob', 'sine,tucker', 'rakes,bailey']",563.0,centre,44,0,0.0,0
332,332,3461,Centre,Hendrix,1,56-72,"26,46","26,30",12-2 (3-0 SAA,5-9 (1-2 SAA,,,01/06/19,2:00 PM,,"Danville, KY (Alumni Gymnasium)",Win,2,False,851,False,09:23,,45.0,,50.0,"FOUL  by AYERS,PERRY",,,"FOUL  by AYERS,PERRY",2,foul,,centre,"ayers,perry",,"['stanley,seth', 'riding,jake', 'calamese,michael', 'fitch,carl', 'coman,sean', 'smith,preston']","['walker,art', 'bates,jacob', 'sine,tucker', 'rakes,bailey']",563.0,centre,44,0,0.0,0
333,333,3461,Centre,Hendrix,1,56-72,"26,46","26,30",12-2 (3-0 SAA,5-9 (1-2 SAA,,,01/06/19,2:00 PM,,"Danville, KY (Alumni Gymnasium)",Win,2,False,851,False,09:23,"MISS FT by FITCH,CARL",45.0,,50.0,,,,"MISS FT by FITCH,CARL",2,free throw,missed,hendrix,"fitch,carl",,"['stanley,seth', 'riding,jake', 'calamese,michael', 'fitch,carl', 'coman,sean', 'smith,preston']","['walker,art', 'bates,jacob', 'sine,tucker', 'rakes,bailey']",563.0,hendrix,45,0,0.0,1
334,334,3461,Centre,Hendrix,1,56-72,"26,46","26,30",12-2 (3-0 SAA,5-9 (1-2 SAA,,,01/06/19,2:00 PM,,"Danville, KY (Alumni Gymnasium)",Win,2,False,851,False,--,,45.0,,50.0,"REBOUND DEF by SINE,TUCKER",,,"REBOUND DEF by SINE,TUCKER",2,defensive rebound,,centre,"sine,tucker",,"['stanley,seth', 'riding,jake', 'calamese,michael', 'fitch,carl', 'coman,sean', 'smith,preston']","['walker,art', 'bates,jacob', 'sine,tucker', 'rakes,bailey']",,hendrix,45,0,0.0,0
335,335,3461,Centre,Hendrix,1,56-72,"26,46","26,30",12-2 (3-0 SAA,5-9 (1-2 SAA,,,01/06/19,2:00 PM,,"Danville, KY (Alumni Gymnasium)",Win,2,False,851,False,08:59,"FOUL  by FITCH,CARL",45.0,,50.0,,,,"FOUL  by FITCH,CARL",2,foul,,hendrix,"fitch,carl",,"['stanley,seth', 'riding,jake', 'calamese,michael', 'fitch,carl', 'coman,sean', 'smith,preston']","['walker,art', 'bates,jacob', 'sine,tucker', 'rakes,bailey']",539.0,centre,46,0,0.0,1
336,336,3461,Centre,Hendrix,1,56-72,"26,46","26,30",12-2 (3-0 SAA,5-9 (1-2 SAA,,,01/06/19,2:00 PM,,"Danville, KY (Alumni Gymnasium)",Win,2,False,851,False,08:47,,45.0,,51.0,"GOOD FT by AYERS,PERRY",CENTRE-M 45-51 (+6),,"GOOD FT by AYERS,PERRY",2,free throw,good,centre,"ayers,perry",1.0,"['stanley,seth', 'riding,jake', 'calamese,michael', 'fitch,carl', 'coman,sean', 'smith,preston']","['walker,art', 'bates,jacob', 'sine,tucker', 'rakes,bailey']",527.0,centre,46,0,0.0,0
337,337,3461,Centre,Hendrix,1,56-72,"26,46","26,30",12-2 (3-0 SAA,5-9 (1-2 SAA,,,01/06/19,2:00 PM,,"Danville, KY (Alumni Gymnasium)",Win,2,False,851,False,08:47,,45.0,,52.0,"GOOD FT by AYERS,PERRY",CENTRE-M 45-52 (+7),,"GOOD FT by AYERS,PERRY",2,free throw,good,centre,"ayers,perry",1.0,"['stanley,seth', 'riding,jake', 'calamese,michael', 'fitch,carl', 'coman,sean', 'smith,preston']","['walker,art', 'bates,jacob', 'sine,tucker', 'rakes,bailey']",527.0,centre,46,0,0.0,0
338,338,3461,Centre,Hendrix,1,56-72,"26,46","26,30",12-2 (3-0 SAA,5-9 (1-2 SAA,,,01/06/19,2:00 PM,,"Danville, KY (Alumni Gymnasium)",Win,2,False,851,False,08:47,"SUB IN by STANLEY,SETH",45.0,,52.0,,,,"SUB IN by STANLEY,SETH",2,subbing in,,hendrix,"stanley,seth",,"['stanley,seth', 'riding,jake', 'calamese,michael', 'fitch,carl', 'coman,sean', 'smith,preston']","['walker,art', 'bates,jacob', 'sine,tucker', 'rakes,bailey']",527.0,centre,46,0,0.0,0
339,339,3461,Centre,Hendrix,1,56-72,"26,46","26,30",12-2 (3-0 SAA,5-9 (1-2 SAA,,,01/06/19,2:00 PM,,"Danville, KY (Alumni Gymnasium)",Win,2,False,851,False,08:47,"SUB OUT by RIDING,JAKE",45.0,,52.0,,,,"SUB OUT by RIDING,JAKE",2,subbing out,,hendrix,"riding,jake",,"['stanley,seth', 'riding,jake', 'calamese,michael', 'fitch,carl', 'coman,sean', 'smith,preston']","['walker,art', 'bates,jacob', 'sine,tucker', 'rakes,bailey']",527.0,centre,46,0,0.0,0
340,340,3461,Centre,Hendrix,1,56-72,"26,46","26,30",12-2 (3-0 SAA,5-9 (1-2 SAA,,,01/06/19,2:00 PM,,"Danville, KY (Alumni Gymnasium)",Win,2,False,851,False,08:36,"FOUL  by CALAMESE,MICHAEL",45.0,,52.0,,,,"FOUL  by CALAMESE,MICHAEL",2,foul,,hendrix,"calamese,michael",,"['stanley,seth', 'riding,jake', 'calamese,michael', 'fitch,carl', 'coman,sean', 'smith,preston']","['walker,art', 'bates,jacob', 'sine,tucker', 'rakes,bailey']",516.0,centre,46,0,0.0,0
341,341,3461,Centre,Hendrix,1,56-72,"26,46","26,30",12-2 (3-0 SAA,5-9 (1-2 SAA,,,01/06/19,2:00 PM,,"Danville, KY (Alumni Gymnasium)",Win,2,False,851,False,08:36,"TURNOVER  by CALAMESE,MICHAEL",45.0,,52.0,,,,"TURNOVER  by CALAMESE,MICHAEL",2,turnover,,hendrix,"calamese,michael",,"['stanley,seth', 'riding,jake', 'calamese,michael', 'fitch,carl', 'coman,sean', 'smith,preston']","['walker,art', 'bates,jacob', 'sine,tucker', 'rakes,bailey']",516.0,centre,46,0,0.0,0
342,342,3461,Centre,Hendrix,1,56-72,"26,46","26,30",12-2 (3-0 SAA,5-9 (1-2 SAA,,,01/06/19,2:00 PM,,"Danville, KY (Alumni Gymnasium)",Win,2,False,851,False,08:27,,45.0,,52.0,"MISS 3PTR by SINE,TUCKER",,,"MISS 3PTR by SINE,TUCKER",2,three pointer,missed,centre,"sine,tucker",,"['stanley,seth', 'riding,jake', 'calamese,michael', 'fitch,carl', 'coman,sean', 'smith,preston']","['walker,art', 'bates,jacob', 'sine,tucker', 'rakes,bailey']",507.0,centre,46,0,0.0,0
343,343,3461,Centre,Hendrix,1,56-72,"26,46","26,30",12-2 (3-0 SAA,5-9 (1-2 SAA,,,01/06/19,2:00 PM,,"Danville, KY (Alumni Gymnasium)",Win,2,False,851,False,--,"REBOUND DEF by COMAN,SEAN",45.0,,52.0,,,,"REBOUND DEF by COMAN,SEAN",2,defensive rebound,,hendrix,"coman,sean",,"['stanley,seth', 'riding,jake', 'calamese,michael', 'fitch,carl', 'coman,sean', 'smith,preston']","['walker,art', 'bates,jacob', 'sine,tucker', 'rakes,bailey']",,centre,46,0,0.0,0
344,344,3461,Centre,Hendrix,1,56-72,"26,46","26,30",12-2 (3-0 SAA,5-9 (1-2 SAA,,,01/06/19,2:00 PM,,"Danville, KY (Alumni Gymnasium)",Win,2,False,851,False,08:09,"MISS LAYUP by SMITH,PRESTON",45.0,,52.0,,,,"MISS LAYUP by SMITH,PRESTON",2,layup,missed,hendrix,"smith,preston",,"['stanley,seth', 'riding,jake', 'calamese,michael', 'fitch,carl', 'coman,sean', 'smith,preston']","['walker,art', 'bates,jacob', 'sine,tucker', 'rakes,bailey']",489.0,hendrix,47,0,0.0,1
345,345,3461,Centre,Hendrix,1,56-72,"26,46","26,30",12-2 (3-0 SAA,5-9 (1-2 SAA,,,01/06/19,2:00 PM,,"Danville, KY (Alumni Gymnasium)",Win,2,False,851,False,08:09,,45.0,,52.0,"BLOCK  by BATES,JACOB",,,"BLOCK  by BATES,JACOB",2,block,,centre,"bates,jacob",,"['stanley,seth', 'riding,jake', 'calamese,michael', 'fitch,carl', 'coman,sean', 'smith,preston']","['walker,art', 'bates,jacob', 'sine,tucker', 'rakes,bailey']",489.0,hendrix,47,0,0.0,0
346,346,3461,Centre,Hendrix,1,56-72,"26,46","26,30",12-2 (3-0 SAA,5-9 (1-2 SAA,,,01/06/19,2:00 PM,,"Danville, KY (Alumni Gymnasium)",Win,2,False,851,False,--,REBOUND OFF by TEAM,45.0,,52.0,,,,REBOUND OFF by TEAM,2,offensive rebound,,hendrix,,,"['stanley,seth', 'riding,jake', 'calamese,michael', 'fitch,carl', 'coman,sean', 'smith,preston']","['walker,art', 'bates,jacob', 'sine,tucker', 'rakes,bailey']",,hendrix,47,0,0.0,0
347,347,3461,Centre,Hendrix,1,56-72,"26,46","26,30",12-2 (3-0 SAA,5-9 (1-2 SAA,,,01/06/19,2:00 PM,,"Danville, KY (Alumni Gymnasium)",Win,2,False,851,False,08:09,"TURNOVER  by FITCH,CARL",45.0,,52.0,,,,"TURNOVER  by FITCH,CARL",2,turnover,,hendrix,"fitch,carl",,"['stanley,seth', 'riding,jake', 'calamese,michael', 'fitch,carl', 'coman,sean', 'smith,preston']","['walker,art', 'bates,jacob', 'sine,tucker', 'rakes,bailey']",489.0,hendrix,47,0,0.0,0
348,348,3461,Centre,Hendrix,1,56-72,"26,46","26,30",12-2 (3-0 SAA,5-9 (1-2 SAA,,,01/06/19,2:00 PM,,"Danville, KY (Alumni Gymnasium)",Win,2,False,851,False,08:09,,45.0,,52.0,"SUB IN by GRIFFIN,JAROD",,,"SUB IN by GRIFFIN,JAROD",2,subbing in,,centre,"griffin,jarod",,"['stanley,seth', 'riding,jake', 'calamese,michael', 'fitch,carl', 'coman,sean', 'smith,preston']","['walker,art', 'bates,jacob', 'sine,tucker', 'rakes,bailey', 'griffin,jarod']",489.0,centre,48,0,0.0,1
349,349,3461,Centre,Hendrix,1,56-72,"26,46","26,30",12-2 (3-0 SAA,5-9 (1-2 SAA,,,01/06/19,2:00 PM,,"Danville, KY (Alumni Gymnasium)",Win,2,False,851,False,08:09,,45.0,,52.0,"SUB OUT by SINE,TUCKER",,,"SUB OUT by SINE,TUCKER",2,subbing out,,centre,"sine,tucker",,"['stanley,seth', 'riding,jake', 'calamese,michael', 'fitch,carl', 'coman,sean', 'smith,preston']","['walker,art', 'bates,jacob', 'rakes,bailey', 'griffin,jarod']",489.0,centre,48,0,0.0,0
350,350,3461,Centre,Hendrix,1,56-72,"26,46","26,30",12-2 (3-0 SAA,5-9 (1-2 SAA,,,01/06/19,2:00 PM,,"Danville, KY (Alumni Gymnasium)",Win,2,False,851,False,07:54,,45.0,,54.0,"GOOD LAYUP by AYERS,PERRY(in the paint)",CENTRE-M 45-54 (+9),,"GOOD LAYUP by AYERS,PERRY(in the paint)",2,layup,good,centre,"ayers,perry",2.0,"['stanley,seth', 'riding,jake', 'calamese,michael', 'fitch,carl', 'coman,sean', 'smith,preston']","['walker,art', 'bates,jacob', 'rakes,bailey', 'griffin,jarod']",474.0,centre,48,0,0.0,0
351,351,3461,Centre,Hendrix,1,56-72,"26,46","26,30",12-2 (3-0 SAA,5-9 (1-2 SAA,,,01/06/19,2:00 PM,,"Danville, KY (Alumni Gymnasium)",Win,2,False,851,False,07:41,,45.0,,54.0,"FOUL  by BATES,JACOB",,,"FOUL  by BATES,JACOB",2,foul,,centre,"bates,jacob",,"['stanley,seth', 'riding,jake', 'calamese,michael', 'fitch,carl', 'coman,sean', 'smith,preston']","['walker,art', 'bates,jacob', 'rakes,bailey', 'griffin,jarod']",461.0,centre,48,0,0.0,0
352,352,3461,Centre,Hendrix,1,56-72,"26,46","26,30",12-2 (3-0 SAA,5-9 (1-2 SAA,,,01/06/19,2:00 PM,,"Danville, KY (Alumni Gymnasium)",Win,2,False,851,False,07:41,TIMEOUT MEDIA by TEAM,45.0,,54.0,,,,TIMEOUT MEDIA by TEAM,2,timeout,,hendrix,,,"['stanley,seth', 'riding,jake', 'calamese,michael', 'fitch,carl', 'coman,sean', 'smith,preston']","['walker,art', 'bates,jacob', 'rakes,bailey', 'griffin,jarod']",461.0,hendrix,49,0,0.0,1
353,353,3461,Centre,Hendrix,1,56-72,"26,46","26,30",12-2 (3-0 SAA,5-9 (1-2 SAA,,,01/06/19,2:00 PM,,"Danville, KY (Alumni Gymnasium)",Win,2,False,851,False,07:41,"GOOD FT by FITCH,CARL",46.0,,54.0,,HENDRIX 46-54 (+8),,"GOOD FT by FITCH,CARL",2,free throw,good,hendrix,"fitch,carl",1.0,"['stanley,seth', 'riding,jake', 'calamese,michael', 'fitch,carl', 'coman,sean', 'smith,preston']","['walker,art', 'bates,jacob', 'rakes,bailey', 'griffin,jarod']",461.0,hendrix,49,0,0.0,0
354,354,3461,Centre,Hendrix,1,56-72,"26,46","26,30",12-2 (3-0 SAA,5-9 (1-2 SAA,,,01/06/19,2:00 PM,,"Danville, KY (Alumni Gymnasium)",Win,2,False,851,False,07:41,"MISS FT by FITCH,CARL",46.0,,54.0,,,,"MISS FT by FITCH,CARL",2,free throw,missed,hendrix,"fitch,carl",,"['stanley,seth', 'riding,jake', 'calamese,michael', 'fitch,carl', 'coman,sean', 'smith,preston']","['walker,art', 'bates,jacob', 'rakes,bailey', 'griffin,jarod']",461.0,hendrix,49,0,0.0,0
355,355,3461,Centre,Hendrix,1,56-72,"26,46","26,30",12-2 (3-0 SAA,5-9 (1-2 SAA,,,01/06/19,2:00 PM,,"Danville, KY (Alumni Gymnasium)",Win,2,False,851,False,--,,46.0,,54.0,"REBOUND DEF by WALKER,ART",,,"REBOUND DEF by WALKER,ART",2,defensive rebound,,centre,"walker,art",,"['stanley,seth', 'riding,jake', 'calamese,michael', 'fitch,carl', 'coman,sean', 'smith,preston']","['walker,art', 'bates,jacob', 'rakes,bailey', 'griffin,jarod']",,hendrix,49,0,0.0,0
356,356,3461,Centre,Hendrix,1,56-72,"26,46","26,30",12-2 (3-0 SAA,5-9 (1-2 SAA,,,01/06/19,2:00 PM,,"Danville, KY (Alumni Gymnasium)",Win,2,False,851,False,07:41,"SUB IN by BRASFIELD,KAM",46.0,,54.0,,,,"SUB IN by BRASFIELD,KAM",2,subbing in,,hendrix,"brasfield,kam",,"['stanley,seth', 'riding,jake', 'calamese,michael', 'fitch,carl', 'coman,sean', 'smith,preston', 'brasfield,kam']","['walker,art', 'bates,jacob', 'rakes,bailey', 'griffin,jarod']",461.0,centre,50,0,0.0,1
357,357,3461,Centre,Hendrix,1,56-72,"26,46","26,30",12-2 (3-0 SAA,5-9 (1-2 SAA,,,01/06/19,2:00 PM,,"Danville, KY (Alumni Gymnasium)",Win,2,False,851,False,07:41,"SUB OUT by CALAMESE,MICHAEL",46.0,,54.0,,,,"SUB OUT by CALAMESE,MICHAEL",2,subbing out,,hendrix,"calamese,michael",,"['stanley,seth', 'riding,jake', 'fitch,carl', 'coman,sean', 'smith,preston', 'brasfield,kam']","['walker,art', 'bates,jacob', 'rakes,bailey', 'griffin,jarod']",461.0,centre,50,0,0.0,0
358,358,3461,Centre,Hendrix,1,56-72,"26,46","26,30",12-2 (3-0 SAA,5-9 (1-2 SAA,,,01/06/19,2:00 PM,,"Danville, KY (Alumni Gymnasium)",Win,2,False,851,False,07:17,,46.0,,54.0,"MISS 3PTR by AYERS,PERRY",,,"MISS 3PTR by AYERS,PERRY",2,three pointer,missed,centre,"ayers,perry",,"['stanley,seth', 'riding,jake', 'fitch,carl', 'coman,sean', 'smith,preston', 'brasfield,kam']","['walker,art', 'bates,jacob', 'rakes,bailey', 'griffin,jarod']",437.0,centre,50,0,0.0,0
359,359,3461,Centre,Hendrix,1,56-72,"26,46","26,30",12-2 (3-0 SAA,5-9 (1-2 SAA,,,01/06/19,2:00 PM,,"Danville, KY (Alumni Gymnasium)",Win,2,False,851,False,--,,46.0,,54.0,"REBOUND OFF by BATES,JACOB",,,"REBOUND OFF by BATES,JACOB",2,offensive rebound,,centre,"bates,jacob",,"['stanley,seth', 'riding,jake', 'fitch,carl', 'coman,sean', 'smith,preston', 'brasfield,kam']","['walker,art', 'bates,jacob', 'rakes,bailey', 'griffin,jarod']",,centre,50,0,0.0,0
360,360,3461,Centre,Hendrix,1,56-72,"26,46","26,30",12-2 (3-0 SAA,5-9 (1-2 SAA,,,01/06/19,2:00 PM,,"Danville, KY (Alumni Gymnasium)",Win,2,False,851,False,06:42,,46.0,,54.0,"MISS JUMPER by RAKES,BAILEY",,,"MISS JUMPER by RAKES,BAILEY",2,jumper,missed,centre,"rakes,bailey",,"['stanley,seth', 'riding,jake', 'fitch,carl', 'coman,sean', 'smith,preston', 'brasfield,kam']","['walker,art', 'bates,jacob', 'rakes,bailey', 'griffin,jarod']",402.0,centre,50,0,0.0,0
361,361,3461,Centre,Hendrix,1,56-72,"26,46","26,30",12-2 (3-0 SAA,5-9 (1-2 SAA,,,01/06/19,2:00 PM,,"Danville, KY (Alumni Gymnasium)",Win,2,False,851,False,--,"REBOUND DEF by BRASFIELD,KAM",46.0,,54.0,,,,"REBOUND DEF by BRASFIELD,KAM",2,defensive rebound,,hendrix,"brasfield,kam",,"['stanley,seth', 'riding,jake', 'fitch,carl', 'coman,sean', 'smith,preston', 'brasfield,kam']","['walker,art', 'bates,jacob', 'rakes,bailey', 'griffin,jarod']",,centre,50,0,0.0,0
362,362,3461,Centre,Hendrix,1,56-72,"26,46","26,30",12-2 (3-0 SAA,5-9 (1-2 SAA,,,01/06/19,2:00 PM,,"Danville, KY (Alumni Gymnasium)",Win,2,False,851,False,06:41,,46.0,,54.0,"FOUL  by GRIFFIN,JAROD",,,"FOUL  by GRIFFIN,JAROD",2,foul,,centre,"griffin,jarod",,"['stanley,seth', 'riding,jake', 'fitch,carl', 'coman,sean', 'smith,preston', 'brasfield,kam']","['walker,art', 'bates,jacob', 'rakes,bailey', 'griffin,jarod']",401.0,hendrix,51,0,0.0,1
363,363,3461,Centre,Hendrix,1,56-72,"26,46","26,30",12-2 (3-0 SAA,5-9 (1-2 SAA,,,01/06/19,2:00 PM,,"Danville, KY (Alumni Gymnasium)",Win,2,False,851,False,06:41,"GOOD FT by BRASFIELD,KAM",47.0,,54.0,,HENDRIX 47-54 (+7),,"GOOD FT by BRASFIELD,KAM",2,free throw,good,hendrix,"brasfield,kam",1.0,"['stanley,seth', 'riding,jake', 'fitch,carl', 'coman,sean', 'smith,preston', 'brasfield,kam']","['walker,art', 'bates,jacob', 'rakes,bailey', 'griffin,jarod']",401.0,hendrix,51,0,0.0,0
364,364,3461,Centre,Hendrix,1,56-72,"26,46","26,30",12-2 (3-0 SAA,5-9 (1-2 SAA,,,01/06/19,2:00 PM,,"Danville, KY (Alumni Gymnasium)",Win,2,False,851,False,06:41,"GOOD FT by BRASFIELD,KAM",48.0,,54.0,,HENDRIX 48-54 (+6),,"GOOD FT by BRASFIELD,KAM",2,free throw,good,hendrix,"brasfield,kam",1.0,"['stanley,seth', 'riding,jake', 'fitch,carl', 'coman,sean', 'smith,preston', 'brasfield,kam']","['walker,art', 'bates,jacob', 'rakes,bailey', 'griffin,jarod']",401.0,hendrix,51,0,0.0,0
365,365,3461,Centre,Hendrix,1,56-72,"26,46","26,30",12-2 (3-0 SAA,5-9 (1-2 SAA,,,01/06/19,2:00 PM,,"Danville, KY (Alumni Gymnasium)",Win,2,False,851,False,06:41,,48.0,,54.0,"SUB IN by SINE,TUCKER",,,"SUB IN by SINE,TUCKER",2,subbing in,,centre,"sine,tucker",,"['stanley,seth', 'riding,jake', 'fitch,carl', 'coman,sean', 'smith,preston', 'brasfield,kam']","['walker,art', 'bates,jacob', 'rakes,bailey', 'griffin,jarod', 'sine,tucker']",401.0,hendrix,51,0,0.0,0
366,366,3461,Centre,Hendrix,1,56-72,"26,46","26,30",12-2 (3-0 SAA,5-9 (1-2 SAA,,,01/06/19,2:00 PM,,"Danville, KY (Alumni Gymnasium)",Win,2,False,851,False,06:41,,48.0,,54.0,"SUB OUT by GRIFFIN,JAROD",,,"SUB OUT by GRIFFIN,JAROD",2,subbing out,,centre,"griffin,jarod",,"['stanley,seth', 'riding,jake', 'fitch,carl', 'coman,sean', 'smith,preston', 'brasfield,kam']","['walker,art', 'bates,jacob', 'rakes,bailey', 'sine,tucker']",401.0,hendrix,51,0,0.0,0
367,367,3461,Centre,Hendrix,1,56-72,"26,46","26,30",12-2 (3-0 SAA,5-9 (1-2 SAA,,,01/06/19,2:00 PM,,"Danville, KY (Alumni Gymnasium)",Win,2,False,851,False,06:16,,48.0,,54.0,"MISS 3PTR by WALKER,ART",,,"MISS 3PTR by WALKER,ART",2,three pointer,missed,centre,"walker,art",,"['stanley,seth', 'riding,jake', 'fitch,carl', 'coman,sean', 'smith,preston', 'brasfield,kam']","['walker,art', 'bates,jacob', 'rakes,bailey', 'sine,tucker']",376.0,hendrix,51,0,0.0,0
368,368,3461,Centre,Hendrix,1,56-72,"26,46","26,30",12-2 (3-0 SAA,5-9 (1-2 SAA,,,01/06/19,2:00 PM,,"Danville, KY (Alumni Gymnasium)",Win,2,False,851,False,--,"REBOUND DEF by FITCH,CARL",48.0,,54.0,,,,"REBOUND DEF by FITCH,CARL",2,defensive rebound,,hendrix,"fitch,carl",,"['stanley,seth', 'riding,jake', 'fitch,carl', 'coman,sean', 'smith,preston', 'brasfield,kam']","['walker,art', 'bates,jacob', 'rakes,bailey', 'sine,tucker']",,hendrix,51,0,0.0,0
369,369,3461,Centre,Hendrix,1,56-72,"26,46","26,30",12-2 (3-0 SAA,5-9 (1-2 SAA,,,01/06/19,2:00 PM,,"Danville, KY (Alumni Gymnasium)",Win,2,False,851,False,05:58,"TURNOVER  by FITCH,CARL",48.0,,54.0,,,,"TURNOVER  by FITCH,CARL",2,turnover,,hendrix,"fitch,carl",,"['stanley,seth', 'riding,jake', 'fitch,carl', 'coman,sean', 'smith,preston', 'brasfield,kam']","['walker,art', 'bates,jacob', 'rakes,bailey', 'sine,tucker']",358.0,hendrix,51,0,0.0,0
370,370,3461,Centre,Hendrix,1,56-72,"26,46","26,30",12-2 (3-0 SAA,5-9 (1-2 SAA,,,01/06/19,2:00 PM,,"Danville, KY (Alumni Gymnasium)",Win,2,False,851,False,05:58,,48.0,,54.0,"SUB IN by CRUMP,DAWSON",,,"SUB IN by CRUMP,DAWSON",2,subbing in,,centre,"crump,dawson",,"['stanley,seth', 'riding,jake', 'fitch,carl', 'coman,sean', 'smith,preston', 'brasfield,kam']","['walker,art', 'bates,jacob', 'rakes,bailey', 'sine,tucker', 'crump,dawson']",358.0,centre,52,0,0.0,1
371,371,3461,Centre,Hendrix,1,56-72,"26,46","26,30",12-2 (3-0 SAA,5-9 (1-2 SAA,,,01/06/19,2:00 PM,,"Danville, KY (Alumni Gymnasium)",Win,2,False,851,False,05:58,,48.0,,54.0,"SUB OUT by WALKER,ART",,,"SUB OUT by WALKER,ART",2,subbing out,,centre,"walker,art",,"['stanley,seth', 'riding,jake', 'fitch,carl', 'coman,sean', 'smith,preston', 'brasfield,kam']","['bates,jacob', 'rakes,bailey', 'sine,tucker', 'crump,dawson']",358.0,centre,52,0,0.0,0
372,372,3461,Centre,Hendrix,1,56-72,"26,46","26,30",12-2 (3-0 SAA,5-9 (1-2 SAA,,,01/06/19,2:00 PM,,"Danville, KY (Alumni Gymnasium)",Win,2,False,851,False,05:48,,48.0,,54.0,"MISS 3PTR by RAKES,BAILEY",,,"MISS 3PTR by RAKES,BAILEY",2,three pointer,missed,centre,"rakes,bailey",,"['stanley,seth', 'riding,jake', 'fitch,carl', 'coman,sean', 'smith,preston', 'brasfield,kam']","['bates,jacob', 'rakes,bailey', 'sine,tucker', 'crump,dawson']",348.0,centre,52,0,0.0,0
373,373,3461,Centre,Hendrix,1,56-72,"26,46","26,30",12-2 (3-0 SAA,5-9 (1-2 SAA,,,01/06/19,2:00 PM,,"Danville, KY (Alumni Gymnasium)",Win,2,False,851,False,--,"REBOUND DEF by COMAN,SEAN",48.0,,54.0,,,,"REBOUND DEF by COMAN,SEAN",2,defensive rebound,,hendrix,"coman,sean",,"['stanley,seth', 'riding,jake', 'fitch,carl', 'coman,sean', 'smith,preston', 'brasfield,kam']","['bates,jacob', 'rakes,bailey', 'sine,tucker', 'crump,dawson']",,centre,52,0,0.0,0
374,374,3461,Centre,Hendrix,1,56-72,"26,46","26,30",12-2 (3-0 SAA,5-9 (1-2 SAA,,,01/06/19,2:00 PM,,"Danville, KY (Alumni Gymnasium)",Win,2,False,851,False,05:39,,48.0,,54.0,"FOUL  by RAKES,BAILEY",,,"FOUL  by RAKES,BAILEY",2,foul,,centre,"rakes,bailey",,"['stanley,seth', 'riding,jake', 'fitch,carl', 'coman,sean', 'smith,preston', 'brasfield,kam']","['bates,jacob', 'rakes,bailey', 'sine,tucker', 'crump,dawson']",339.0,hendrix,53,0,0.0,1
375,375,3461,Centre,Hendrix,1,56-72,"26,46","26,30",12-2 (3-0 SAA,5-9 (1-2 SAA,,,01/06/19,2:00 PM,,"Danville, KY (Alumni Gymnasium)",Win,2,False,851,False,05:39,"GOOD FT by BRASFIELD,KAM",49.0,,54.0,,HENDRIX 49-54 (+5),,"GOOD FT by BRASFIELD,KAM",2,free throw,good,hendrix,"brasfield,kam",1.0,"['stanley,seth', 'riding,jake', 'fitch,carl', 'coman,sean', 'smith,preston', 'brasfield,kam']","['bates,jacob', 'rakes,bailey', 'sine,tucker', 'crump,dawson']",339.0,hendrix,53,0,0.0,0
376,376,3461,Centre,Hendrix,1,56-72,"26,46","26,30",12-2 (3-0 SAA,5-9 (1-2 SAA,,,01/06/19,2:00 PM,,"Danville, KY (Alumni Gymnasium)",Win,2,False,851,False,05:39,"MISS FT by BRASFIELD,KAM",49.0,,54.0,,,,"MISS FT by BRASFIELD,KAM",2,free throw,missed,hendrix,"brasfield,kam",,"['stanley,seth', 'riding,jake', 'fitch,carl', 'coman,sean', 'smith,preston', 'brasfield,kam']","['bates,jacob', 'rakes,bailey', 'sine,tucker', 'crump,dawson']",339.0,hendrix,53,0,0.0,0
377,377,3461,Centre,Hendrix,1,56-72,"26,46","26,30",12-2 (3-0 SAA,5-9 (1-2 SAA,,,01/06/19,2:00 PM,,"Danville, KY (Alumni Gymnasium)",Win,2,False,851,False,--,,49.0,,54.0,"REBOUND DEF by SINE,TUCKER",,,"REBOUND DEF by SINE,TUCKER",2,defensive rebound,,centre,"sine,tucker",,"['stanley,seth', 'riding,jake', 'fitch,carl', 'coman,sean', 'smith,preston', 'brasfield,kam']","['bates,jacob', 'rakes,bailey', 'sine,tucker', 'crump,dawson']",,hendrix,53,0,0.0,0
378,378,3461,Centre,Hendrix,1,56-72,"26,46","26,30",12-2 (3-0 SAA,5-9 (1-2 SAA,,,01/06/19,2:00 PM,,"Danville, KY (Alumni Gymnasium)",Win,2,False,851,False,05:39,,49.0,,54.0,"SUB IN by GRIFFIN,JAROD",,,"SUB IN by GRIFFIN,JAROD",2,subbing in,,centre,"griffin,jarod",,"['stanley,seth', 'riding,jake', 'fitch,carl', 'coman,sean', 'smith,preston', 'brasfield,kam']","['bates,jacob', 'rakes,bailey', 'sine,tucker', 'crump,dawson', 'griffin,jarod']",339.0,centre,54,0,0.0,1
379,379,3461,Centre,Hendrix,1,56-72,"26,46","26,30",12-2 (3-0 SAA,5-9 (1-2 SAA,,,01/06/19,2:00 PM,,"Danville, KY (Alumni Gymnasium)",Win,2,False,851,False,05:39,,49.0,,54.0,"SUB OUT by RAKES,BAILEY",,,"SUB OUT by RAKES,BAILEY",2,subbing out,,centre,"rakes,bailey",,"['stanley,seth', 'riding,jake', 'fitch,carl', 'coman,sean', 'smith,preston', 'brasfield,kam']","['bates,jacob', 'sine,tucker', 'crump,dawson', 'griffin,jarod']",339.0,centre,54,0,0.0,0
380,380,3461,Centre,Hendrix,1,56-72,"26,46","26,30",12-2 (3-0 SAA,5-9 (1-2 SAA,,,01/06/19,2:00 PM,,"Danville, KY (Alumni Gymnasium)",Win,2,False,851,False,05:23,,49.0,,57.0,"GOOD 3PTR by GRIFFIN,JAROD",CENTRE-M 49-57 (+8),,"GOOD 3PTR by GRIFFIN,JAROD",2,three pointer,good,centre,"griffin,jarod",3.0,"['stanley,seth', 'riding,jake', 'fitch,carl', 'coman,sean', 'smith,preston', 'brasfield,kam']","['bates,jacob', 'sine,tucker', 'crump,dawson', 'griffin,jarod']",323.0,centre,54,0,0.0,0
381,381,3461,Centre,Hendrix,1,56-72,"26,46","26,30",12-2 (3-0 SAA,5-9 (1-2 SAA,,,01/06/19,2:00 PM,,"Danville, KY (Alumni Gymnasium)",Win,2,False,851,False,--,,49.0,,57.0,"ASSIST  by CRUMP,DAWSON",,,"ASSIST  by CRUMP,DAWSON",2,assist,,centre,"crump,dawson",,"['stanley,seth', 'riding,jake', 'fitch,carl', 'coman,sean', 'smith,preston', 'brasfield,kam']","['bates,jacob', 'sine,tucker', 'crump,dawson', 'griffin,jarod']",,centre,54,0,0.0,0
382,382,3461,Centre,Hendrix,1,56-72,"26,46","26,30",12-2 (3-0 SAA,5-9 (1-2 SAA,,,01/06/19,2:00 PM,,"Danville, KY (Alumni Gymnasium)",Win,2,False,851,False,05:16,,49.0,,57.0,TIMEOUT 30SEC by TEAM,,,TIMEOUT 30SEC by TEAM,2,timeout,,centre,,,"['stanley,seth', 'riding,jake', 'fitch,carl', 'coman,sean', 'smith,preston', 'brasfield,kam']","['bates,jacob', 'sine,tucker', 'crump,dawson', 'griffin,jarod']",316.0,centre,54,0,0.0,0
383,383,3461,Centre,Hendrix,1,56-72,"26,46","26,30",12-2 (3-0 SAA,5-9 (1-2 SAA,,,01/06/19,2:00 PM,,"Danville, KY (Alumni Gymnasium)",Win,2,False,851,False,04:58,"FOUL  by FITCH,CARL",49.0,,57.0,,,,"FOUL  by FITCH,CARL",2,foul,,hendrix,"fitch,carl",,"['stanley,seth', 'riding,jake', 'fitch,carl', 'coman,sean', 'smith,preston', 'brasfield,kam']","['bates,jacob', 'sine,tucker', 'crump,dawson', 'griffin,jarod']",298.0,centre,54,0,0.0,0
384,384,3461,Centre,Hendrix,1,56-72,"26,46","26,30",12-2 (3-0 SAA,5-9 (1-2 SAA,,,01/06/19,2:00 PM,,"Danville, KY (Alumni Gymnasium)",Win,2,False,851,False,04:58,"TURNOVER  by FITCH,CARL",49.0,,57.0,,,,"TURNOVER  by FITCH,CARL",2,turnover,,hendrix,"fitch,carl",,"['stanley,seth', 'riding,jake', 'fitch,carl', 'coman,sean', 'smith,preston', 'brasfield,kam']","['bates,jacob', 'sine,tucker', 'crump,dawson', 'griffin,jarod']",298.0,centre,54,0,0.0,0
385,385,3461,Centre,Hendrix,1,56-72,"26,46","26,30",12-2 (3-0 SAA,5-9 (1-2 SAA,,,01/06/19,2:00 PM,,"Danville, KY (Alumni Gymnasium)",Win,2,False,851,False,04:43,,49.0,,59.0,"GOOD LAYUP by GRIFFIN,JAROD(in the paint)",CENTRE-M 49-59 (+10),,"GOOD LAYUP by GRIFFIN,JAROD(in the paint)",2,layup,good,centre,"griffin,jarod",2.0,"['stanley,seth', 'riding,jake', 'fitch,carl', 'coman,sean', 'smith,preston', 'brasfield,kam']","['bates,jacob', 'sine,tucker', 'crump,dawson', 'griffin,jarod']",283.0,centre,54,0,0.0,0
386,386,3461,Centre,Hendrix,1,56-72,"26,46","26,30",12-2 (3-0 SAA,5-9 (1-2 SAA,,,01/06/19,2:00 PM,,"Danville, KY (Alumni Gymnasium)",Win,2,False,851,False,--,,49.0,,59.0,"ASSIST  by BATES,JACOB",,,"ASSIST  by BATES,JACOB",2,assist,,centre,"bates,jacob",,"['stanley,seth', 'riding,jake', 'fitch,carl', 'coman,sean', 'smith,preston', 'brasfield,kam']","['bates,jacob', 'sine,tucker', 'crump,dawson', 'griffin,jarod']",,centre,54,0,0.0,0
387,387,3461,Centre,Hendrix,1,56-72,"26,46","26,30",12-2 (3-0 SAA,5-9 (1-2 SAA,,,01/06/19,2:00 PM,,"Danville, KY (Alumni Gymnasium)",Win,2,False,851,False,04:28,"MISS 3PTR by SMITH,PRESTON",49.0,,59.0,,,,"MISS 3PTR by SMITH,PRESTON",2,three pointer,missed,hendrix,"smith,preston",,"['stanley,seth', 'riding,jake', 'fitch,carl', 'coman,sean', 'smith,preston', 'brasfield,kam']","['bates,jacob', 'sine,tucker', 'crump,dawson', 'griffin,jarod']",268.0,centre,54,0,0.0,0
388,388,3461,Centre,Hendrix,1,56-72,"26,46","26,30",12-2 (3-0 SAA,5-9 (1-2 SAA,,,01/06/19,2:00 PM,,"Danville, KY (Alumni Gymnasium)",Win,2,False,851,False,--,"REBOUND OFF by STANLEY,SETH",49.0,,59.0,,,,"REBOUND OFF by STANLEY,SETH",2,offensive rebound,,hendrix,"stanley,seth",,"['stanley,seth', 'riding,jake', 'fitch,carl', 'coman,sean', 'smith,preston', 'brasfield,kam']","['bates,jacob', 'sine,tucker', 'crump,dawson', 'griffin,jarod']",,centre,54,0,0.0,0
389,389,3461,Centre,Hendrix,1,56-72,"26,46","26,30",12-2 (3-0 SAA,5-9 (1-2 SAA,,,01/06/19,2:00 PM,,"Danville, KY (Alumni Gymnasium)",Win,2,False,851,False,04:23,"GOOD 3PTR by BRASFIELD,KAM",52.0,,59.0,,HENDRIX 52-59 (+7),,"GOOD 3PTR by BRASFIELD,KAM",2,three pointer,good,hendrix,"brasfield,kam",3.0,"['stanley,seth', 'riding,jake', 'fitch,carl', 'coman,sean', 'smith,preston', 'brasfield,kam']","['bates,jacob', 'sine,tucker', 'crump,dawson', 'griffin,jarod']",263.0,centre,54,0,0.0,0
390,390,3461,Centre,Hendrix,1,56-72,"26,46","26,30",12-2 (3-0 SAA,5-9 (1-2 SAA,,,01/06/19,2:00 PM,,"Danville, KY (Alumni Gymnasium)",Win,2,False,851,False,--,"ASSIST  by STANLEY,SETH",52.0,,59.0,,,,"ASSIST  by STANLEY,SETH",2,assist,,hendrix,"stanley,seth",,"['stanley,seth', 'riding,jake', 'fitch,carl', 'coman,sean', 'smith,preston', 'brasfield,kam']","['bates,jacob', 'sine,tucker', 'crump,dawson', 'griffin,jarod']",,centre,54,0,0.0,0
391,391,3461,Centre,Hendrix,1,56-72,"26,46","26,30",12-2 (3-0 SAA,5-9 (1-2 SAA,,,01/06/19,2:00 PM,,"Danville, KY (Alumni Gymnasium)",Win,2,False,851,False,03:54,,52.0,,61.0,"GOOD LAYUP by SINE,TUCKER(in the paint)",CENTRE-M 52-61 (+9),,"GOOD LAYUP by SINE,TUCKER(in the paint)",2,layup,good,centre,"sine,tucker",2.0,"['stanley,seth', 'riding,jake', 'fitch,carl', 'coman,sean', 'smith,preston', 'brasfield,kam']","['bates,jacob', 'sine,tucker', 'crump,dawson', 'griffin,jarod']",234.0,centre,54,0,0.0,0
392,392,3461,Centre,Hendrix,1,56-72,"26,46","26,30",12-2 (3-0 SAA,5-9 (1-2 SAA,,,01/06/19,2:00 PM,,"Danville, KY (Alumni Gymnasium)",Win,2,False,851,False,--,,52.0,,61.0,"ASSIST  by BATES,JACOB",,,"ASSIST  by BATES,JACOB",2,assist,,centre,"bates,jacob",,"['stanley,seth', 'riding,jake', 'fitch,carl', 'coman,sean', 'smith,preston', 'brasfield,kam']","['bates,jacob', 'sine,tucker', 'crump,dawson', 'griffin,jarod']",,centre,54,0,0.0,0
393,393,3461,Centre,Hendrix,1,56-72,"26,46","26,30",12-2 (3-0 SAA,5-9 (1-2 SAA,,,01/06/19,2:00 PM,,"Danville, KY (Alumni Gymnasium)",Win,2,False,851,False,03:54,"FOUL  by SMITH,PRESTON",52.0,,61.0,,,,"FOUL  by SMITH,PRESTON",2,foul,,hendrix,"smith,preston",,"['stanley,seth', 'riding,jake', 'fitch,carl', 'coman,sean', 'smith,preston', 'brasfield,kam']","['bates,jacob', 'sine,tucker', 'crump,dawson', 'griffin,jarod']",234.0,centre,54,0,0.0,0
394,394,3461,Centre,Hendrix,1,56-72,"26,46","26,30",12-2 (3-0 SAA,5-9 (1-2 SAA,,,01/06/19,2:00 PM,,"Danville, KY (Alumni Gymnasium)",Win,2,False,851,False,03:54,,52.0,,61.0,TIMEOUT media by TEAM,,,TIMEOUT media by TEAM,2,timeout,,centre,,,"['stanley,seth', 'riding,jake', 'fitch,carl', 'coman,sean', 'smith,preston', 'brasfield,kam']","['bates,jacob', 'sine,tucker', 'crump,dawson', 'griffin,jarod']",234.0,centre,54,0,0.0,0
395,395,3461,Centre,Hendrix,1,56-72,"26,46","26,30",12-2 (3-0 SAA,5-9 (1-2 SAA,,,01/06/19,2:00 PM,,"Danville, KY (Alumni Gymnasium)",Win,2,False,851,False,03:54,,52.0,,62.0,"GOOD FT by SINE,TUCKER",CENTRE-M 52-62 (+10),,"GOOD FT by SINE,TUCKER",2,free throw,good,centre,"sine,tucker",1.0,"['stanley,seth', 'riding,jake', 'fitch,carl', 'coman,sean', 'smith,preston', 'brasfield,kam']","['bates,jacob', 'sine,tucker', 'crump,dawson', 'griffin,jarod']",234.0,centre,54,0,0.0,0
396,396,3461,Centre,Hendrix,1,56-72,"26,46","26,30",12-2 (3-0 SAA,5-9 (1-2 SAA,,,01/06/19,2:00 PM,,"Danville, KY (Alumni Gymnasium)",Win,2,False,851,False,03:43,"MISS 3PTR by STANLEY,SETH",52.0,,62.0,,,,"MISS 3PTR by STANLEY,SETH",2,three pointer,missed,hendrix,"stanley,seth",,"['stanley,seth', 'riding,jake', 'fitch,carl', 'coman,sean', 'smith,preston', 'brasfield,kam']","['bates,jacob', 'sine,tucker', 'crump,dawson', 'griffin,jarod']",223.0,centre,54,0,0.0,0
397,397,3461,Centre,Hendrix,1,56-72,"26,46","26,30",12-2 (3-0 SAA,5-9 (1-2 SAA,,,01/06/19,2:00 PM,,"Danville, KY (Alumni Gymnasium)",Win,2,False,851,False,--,,52.0,,62.0,"REBOUND DEF by GRIFFIN,JAROD",,,"REBOUND DEF by GRIFFIN,JAROD",2,defensive rebound,,centre,"griffin,jarod",,"['stanley,seth', 'riding,jake', 'fitch,carl', 'coman,sean', 'smith,preston', 'brasfield,kam']","['bates,jacob', 'sine,tucker', 'crump,dawson', 'griffin,jarod']",,centre,54,0,0.0,0
398,398,3461,Centre,Hendrix,1,56-72,"26,46","26,30",12-2 (3-0 SAA,5-9 (1-2 SAA,,,01/06/19,2:00 PM,,"Danville, KY (Alumni Gymnasium)",Win,2,False,851,False,03:17,,52.0,,64.0,"GOOD JUMPER by BATES,JACOB(in the paint)",CENTRE-M 52-64 (+12),,"GOOD JUMPER by BATES,JACOB(in the paint)",2,jumper,good,centre,"bates,jacob",2.0,"['stanley,seth', 'riding,jake', 'fitch,carl', 'coman,sean', 'smith,preston', 'brasfield,kam']","['bates,jacob', 'sine,tucker', 'crump,dawson', 'griffin,jarod']",197.0,centre,54,0,0.0,0
399,399,3461,Centre,Hendrix,1,56-72,"26,46","26,30",12-2 (3-0 SAA,5-9 (1-2 SAA,,,01/06/19,2:00 PM,,"Danville, KY (Alumni Gymnasium)",Win,2,False,851,False,02:59,"TURNOVER  by EATON,JACK",52.0,,64.0,,,,"TURNOVER  by EATON,JACK",2,turnover,,hendrix,"eaton,jack",,"['stanley,seth', 'riding,jake', 'fitch,carl', 'coman,sean', 'smith,preston', 'brasfield,kam']","['bates,jacob', 'sine,tucker', 'crump,dawson', 'griffin,jarod']",179.0,centre,54,0,0.0,0
400,400,3461,Centre,Hendrix,1,56-72,"26,46","26,30",12-2 (3-0 SAA,5-9 (1-2 SAA,,,01/06/19,2:00 PM,,"Danville, KY (Alumni Gymnasium)",Win,2,False,851,False,02:59,,52.0,,64.0,"STEAL  by BATES,JACOB",,,"STEAL  by BATES,JACOB",2,steal,,centre,,,"['stanley,seth', 'riding,jake', 'fitch,carl', 'coman,sean', 'smith,preston', 'brasfield,kam']","['bates,jacob', 'sine,tucker', 'crump,dawson', 'griffin,jarod']",179.0,centre,54,0,0.0,0
401,401,3461,Centre,Hendrix,1,56-72,"26,46","26,30",12-2 (3-0 SAA,5-9 (1-2 SAA,,,01/06/19,2:00 PM,,"Danville, KY (Alumni Gymnasium)",Win,2,False,851,False,02:59,"FOUL  by EATON,JACK",52.0,,64.0,,,,"FOUL  by EATON,JACK",2,foul,,hendrix,"eaton,jack",,"['stanley,seth', 'riding,jake', 'fitch,carl', 'coman,sean', 'smith,preston', 'brasfield,kam']","['bates,jacob', 'sine,tucker', 'crump,dawson', 'griffin,jarod']",179.0,centre,54,0,0.0,0
402,402,3461,Centre,Hendrix,1,56-72,"26,46","26,30",12-2 (3-0 SAA,5-9 (1-2 SAA,,,01/06/19,2:00 PM,,"Danville, KY (Alumni Gymnasium)",Win,2,False,851,False,02:59,,52.0,,64.0,"MISS FT by BATES,JACOB",,,"MISS FT by BATES,JACOB",2,free throw,missed,centre,"bates,jacob",,"['stanley,seth', 'riding,jake', 'fitch,carl', 'coman,sean', 'smith,preston', 'brasfield,kam']","['bates,jacob', 'sine,tucker', 'crump,dawson', 'griffin,jarod']",179.0,centre,54,0,0.0,0
403,403,3461,Centre,Hendrix,1,56-72,"26,46","26,30",12-2 (3-0 SAA,5-9 (1-2 SAA,,,01/06/19,2:00 PM,,"Danville, KY (Alumni Gymnasium)",Win,2,False,851,False,--,,52.0,,64.0,REBOUND DEADB by TEAM,,,REBOUND DEADB by TEAM,2,deadball rebound,,centre,,,"['stanley,seth', 'riding,jake', 'fitch,carl', 'coman,sean', 'smith,preston', 'brasfield,kam']","['bates,jacob', 'sine,tucker', 'crump,dawson', 'griffin,jarod']",,centre,54,0,0.0,0
404,404,3461,Centre,Hendrix,1,56-72,"26,46","26,30",12-2 (3-0 SAA,5-9 (1-2 SAA,,,01/06/19,2:00 PM,,"Danville, KY (Alumni Gymnasium)",Win,2,False,851,False,02:59,,52.0,,65.0,"GOOD FT by BATES,JACOB",CENTRE-M 52-65 (+13),,"GOOD FT by BATES,JACOB",2,free throw,good,centre,"bates,jacob",1.0,"['stanley,seth', 'riding,jake', 'fitch,carl', 'coman,sean', 'smith,preston', 'brasfield,kam']","['bates,jacob', 'sine,tucker', 'crump,dawson', 'griffin,jarod']",179.0,centre,54,0,0.0,0
405,405,3461,Centre,Hendrix,1,56-72,"26,46","26,30",12-2 (3-0 SAA,5-9 (1-2 SAA,,,01/06/19,2:00 PM,,"Danville, KY (Alumni Gymnasium)",Win,2,False,851,False,02:46,"MISS 3PTR by BRASFIELD,KAM",52.0,,65.0,,,,"MISS 3PTR by BRASFIELD,KAM",2,three pointer,missed,hendrix,"brasfield,kam",,"['stanley,seth', 'riding,jake', 'fitch,carl', 'coman,sean', 'smith,preston', 'brasfield,kam']","['bates,jacob', 'sine,tucker', 'crump,dawson', 'griffin,jarod']",166.0,centre,54,0,0.0,0
406,406,3461,Centre,Hendrix,1,56-72,"26,46","26,30",12-2 (3-0 SAA,5-9 (1-2 SAA,,,01/06/19,2:00 PM,,"Danville, KY (Alumni Gymnasium)",Win,2,False,851,False,--,,52.0,,65.0,REBOUND DEF by TEAM,,,REBOUND DEF by TEAM,2,defensive rebound,,centre,,,"['stanley,seth', 'riding,jake', 'fitch,carl', 'coman,sean', 'smith,preston', 'brasfield,kam']","['bates,jacob', 'sine,tucker', 'crump,dawson', 'griffin,jarod']",,centre,54,0,0.0,0
407,407,3461,Centre,Hendrix,1,56-72,"26,46","26,30",12-2 (3-0 SAA,5-9 (1-2 SAA,,,01/06/19,2:00 PM,,"Danville, KY (Alumni Gymnasium)",Win,2,False,851,False,02:39,TIMEOUT TEAM by TEAM,52.0,,65.0,,,,TIMEOUT TEAM by TEAM,2,timeout,,hendrix,,,"['stanley,seth', 'riding,jake', 'fitch,carl', 'coman,sean', 'smith,preston', 'brasfield,kam']","['bates,jacob', 'sine,tucker', 'crump,dawson', 'griffin,jarod']",159.0,centre,54,0,0.0,0
408,408,3461,Centre,Hendrix,1,56-72,"26,46","26,30",12-2 (3-0 SAA,5-9 (1-2 SAA,,,01/06/19,2:00 PM,,"Danville, KY (Alumni Gymnasium)",Win,2,False,851,False,02:39,"SUB IN by EATON,JACK",52.0,,65.0,,,,"SUB IN by EATON,JACK",2,subbing in,,hendrix,"eaton,jack",,"['stanley,seth', 'riding,jake', 'fitch,carl', 'coman,sean', 'smith,preston', 'brasfield,kam', 'eaton,jack']","['bates,jacob', 'sine,tucker', 'crump,dawson', 'griffin,jarod']",159.0,centre,54,0,0.0,0
409,409,3461,Centre,Hendrix,1,56-72,"26,46","26,30",12-2 (3-0 SAA,5-9 (1-2 SAA,,,01/06/19,2:00 PM,,"Danville, KY (Alumni Gymnasium)",Win,2,False,851,False,02:39,"SUB OUT by COMAN,SEAN",52.0,,65.0,,,,"SUB OUT by COMAN,SEAN",2,subbing out,,hendrix,"coman,sean",,"['stanley,seth', 'riding,jake', 'fitch,carl', 'smith,preston', 'brasfield,kam', 'eaton,jack']","['bates,jacob', 'sine,tucker', 'crump,dawson', 'griffin,jarod']",159.0,centre,54,0,0.0,0
410,410,3461,Centre,Hendrix,1,56-72,"26,46","26,30",12-2 (3-0 SAA,5-9 (1-2 SAA,,,01/06/19,2:00 PM,,"Danville, KY (Alumni Gymnasium)",Win,2,False,851,False,02:23,,52.0,,68.0,"GOOD 3PTR by CRUMP,DAWSON",CENTRE-M 52-68 (+16),,"GOOD 3PTR by CRUMP,DAWSON",2,three pointer,good,centre,"crump,dawson",3.0,"['stanley,seth', 'riding,jake', 'fitch,carl', 'smith,preston', 'brasfield,kam', 'eaton,jack']","['bates,jacob', 'sine,tucker', 'crump,dawson', 'griffin,jarod']",143.0,centre,54,0,0.0,0
411,411,3461,Centre,Hendrix,1,56-72,"26,46","26,30",12-2 (3-0 SAA,5-9 (1-2 SAA,,,01/06/19,2:00 PM,,"Danville, KY (Alumni Gymnasium)",Win,2,False,851,False,--,,52.0,,68.0,"ASSIST  by SINE,TUCKER",,,"ASSIST  by SINE,TUCKER",2,assist,,centre,"sine,tucker",,"['stanley,seth', 'riding,jake', 'fitch,carl', 'smith,preston', 'brasfield,kam', 'eaton,jack']","['bates,jacob', 'sine,tucker', 'crump,dawson', 'griffin,jarod']",,centre,54,0,0.0,0
412,412,3461,Centre,Hendrix,1,56-72,"26,46","26,30",12-2 (3-0 SAA,5-9 (1-2 SAA,,,01/06/19,2:00 PM,,"Danville, KY (Alumni Gymnasium)",Win,2,False,851,False,02:08,"MISS 3PTR by FITCH,CARL",52.0,,68.0,,,,"MISS 3PTR by FITCH,CARL",2,three pointer,missed,hendrix,"fitch,carl",,"['stanley,seth', 'riding,jake', 'fitch,carl', 'smith,preston', 'brasfield,kam', 'eaton,jack']","['bates,jacob', 'sine,tucker', 'crump,dawson', 'griffin,jarod']",128.0,centre,54,0,0.0,0
413,413,3461,Centre,Hendrix,1,56-72,"26,46","26,30",12-2 (3-0 SAA,5-9 (1-2 SAA,,,01/06/19,2:00 PM,,"Danville, KY (Alumni Gymnasium)",Win,2,False,851,False,--,,52.0,,68.0,REBOUND DEF by TEAM,,,REBOUND DEF by TEAM,2,defensive rebound,,centre,,,"['stanley,seth', 'riding,jake', 'fitch,carl', 'smith,preston', 'brasfield,kam', 'eaton,jack']","['bates,jacob', 'sine,tucker', 'crump,dawson', 'griffin,jarod']",,centre,54,0,0.0,0
414,414,3461,Centre,Hendrix,1,56-72,"26,46","26,30",12-2 (3-0 SAA,5-9 (1-2 SAA,,,01/06/19,2:00 PM,,"Danville, KY (Alumni Gymnasium)",Win,2,False,851,False,01:48,,52.0,,68.0,TURNOVER  by TEAM,,,TURNOVER  by TEAM,2,turnover,,centre,,,"['stanley,seth', 'riding,jake', 'fitch,carl', 'smith,preston', 'brasfield,kam', 'eaton,jack']","['bates,jacob', 'sine,tucker', 'crump,dawson', 'griffin,jarod']",108.0,centre,54,0,0.0,0
415,415,3461,Centre,Hendrix,1,56-72,"26,46","26,30",12-2 (3-0 SAA,5-9 (1-2 SAA,,,01/06/19,2:00 PM,,"Danville, KY (Alumni Gymnasium)",Win,2,False,851,False,01:41,,52.0,,68.0,"FOUL  by RAKES,BAILEY",,,"FOUL  by RAKES,BAILEY",2,foul,,centre,"rakes,bailey",,"['stanley,seth', 'riding,jake', 'fitch,carl', 'smith,preston', 'brasfield,kam', 'eaton,jack']","['bates,jacob', 'sine,tucker', 'crump,dawson', 'griffin,jarod']",101.0,hendrix,55,0,0.0,1
416,416,3461,Centre,Hendrix,1,56-72,"26,46","26,30",12-2 (3-0 SAA,5-9 (1-2 SAA,,,01/06/19,2:00 PM,,"Danville, KY (Alumni Gymnasium)",Win,2,False,851,False,01:41,"GOOD FT by EATON,JACK",53.0,,68.0,,HENDRIX 53-68 (+15),,"GOOD FT by EATON,JACK",2,free throw,good,hendrix,"eaton,jack",1.0,"['stanley,seth', 'riding,jake', 'fitch,carl', 'smith,preston', 'brasfield,kam', 'eaton,jack']","['bates,jacob', 'sine,tucker', 'crump,dawson', 'griffin,jarod']",101.0,hendrix,55,0,0.0,0
417,417,3461,Centre,Hendrix,1,56-72,"26,46","26,30",12-2 (3-0 SAA,5-9 (1-2 SAA,,,01/06/19,2:00 PM,,"Danville, KY (Alumni Gymnasium)",Win,2,False,851,False,01:41,"MISS FT by EATON,JACK",53.0,,68.0,,,,"MISS FT by EATON,JACK",2,free throw,missed,hendrix,"eaton,jack",,"['stanley,seth', 'riding,jake', 'fitch,carl', 'smith,preston', 'brasfield,kam', 'eaton,jack']","['bates,jacob', 'sine,tucker', 'crump,dawson', 'griffin,jarod']",101.0,hendrix,55,0,0.0,0
418,418,3461,Centre,Hendrix,1,56-72,"26,46","26,30",12-2 (3-0 SAA,5-9 (1-2 SAA,,,01/06/19,2:00 PM,,"Danville, KY (Alumni Gymnasium)",Win,2,False,851,False,--,,53.0,,68.0,"REBOUND DEF by AYERS,PERRY",,,"REBOUND DEF by AYERS,PERRY",2,defensive rebound,,centre,"ayers,perry",,"['stanley,seth', 'riding,jake', 'fitch,carl', 'smith,preston', 'brasfield,kam', 'eaton,jack']","['bates,jacob', 'sine,tucker', 'crump,dawson', 'griffin,jarod']",,hendrix,55,0,0.0,0
419,419,3461,Centre,Hendrix,1,56-72,"26,46","26,30",12-2 (3-0 SAA,5-9 (1-2 SAA,,,01/06/19,2:00 PM,,"Danville, KY (Alumni Gymnasium)",Win,2,False,851,False,01:41,,53.0,,68.0,"MISS LAYUP by BATES,JACOB",,,"MISS LAYUP by BATES,JACOB",2,layup,missed,centre,"bates,jacob",,"['stanley,seth', 'riding,jake', 'fitch,carl', 'smith,preston', 'brasfield,kam', 'eaton,jack']","['bates,jacob', 'sine,tucker', 'crump,dawson', 'griffin,jarod']",101.0,centre,56,0,0.0,1
420,420,3461,Centre,Hendrix,1,56-72,"26,46","26,30",12-2 (3-0 SAA,5-9 (1-2 SAA,,,01/06/19,2:00 PM,,"Danville, KY (Alumni Gymnasium)",Win,2,False,851,False,--,"REBOUND DEF by STANLEY,SETH",53.0,,68.0,,,,"REBOUND DEF by STANLEY,SETH",2,defensive rebound,,hendrix,"stanley,seth",,"['stanley,seth', 'riding,jake', 'fitch,carl', 'smith,preston', 'brasfield,kam', 'eaton,jack']","['bates,jacob', 'sine,tucker', 'crump,dawson', 'griffin,jarod']",,centre,56,0,0.0,0
421,421,3461,Centre,Hendrix,1,56-72,"26,46","26,30",12-2 (3-0 SAA,5-9 (1-2 SAA,,,01/06/19,2:00 PM,,"Danville, KY (Alumni Gymnasium)",Win,2,False,851,False,01:41,"GOOD 3PTR by STANLEY,SETH",56.0,,68.0,,HENDRIX 56-68 (+12),,"GOOD 3PTR by STANLEY,SETH",2,three pointer,good,hendrix,"stanley,seth",3.0,"['stanley,seth', 'riding,jake', 'fitch,carl', 'smith,preston', 'brasfield,kam', 'eaton,jack']","['bates,jacob', 'sine,tucker', 'crump,dawson', 'griffin,jarod']",101.0,hendrix,57,0,0.0,1
422,422,3461,Centre,Hendrix,1,56-72,"26,46","26,30",12-2 (3-0 SAA,5-9 (1-2 SAA,,,01/06/19,2:00 PM,,"Danville, KY (Alumni Gymnasium)",Win,2,False,851,False,--,"ASSIST  by SMITH,PRESTON",56.0,,68.0,,,,"ASSIST  by SMITH,PRESTON",2,assist,,hendrix,"smith,preston",,"['stanley,seth', 'riding,jake', 'fitch,carl', 'smith,preston', 'brasfield,kam', 'eaton,jack']","['bates,jacob', 'sine,tucker', 'crump,dawson', 'griffin,jarod']",,hendrix,57,0,0.0,0
423,423,3461,Centre,Hendrix,1,56-72,"26,46","26,30",12-2 (3-0 SAA,5-9 (1-2 SAA,,,01/06/19,2:00 PM,,"Danville, KY (Alumni Gymnasium)",Win,2,False,851,False,01:00,,56.0,,68.0,"TURNOVER  by CRUMP,DAWSON",,,"TURNOVER  by CRUMP,DAWSON",2,turnover,,centre,"crump,dawson",,"['stanley,seth', 'riding,jake', 'fitch,carl', 'smith,preston', 'brasfield,kam', 'eaton,jack']","['bates,jacob', 'sine,tucker', 'crump,dawson', 'griffin,jarod']",60.0,hendrix,57,0,0.0,0
424,424,3461,Centre,Hendrix,1,56-72,"26,46","26,30",12-2 (3-0 SAA,5-9 (1-2 SAA,,,01/06/19,2:00 PM,,"Danville, KY (Alumni Gymnasium)",Win,2,False,851,False,01:00,,56.0,,68.0,"SUB IN by RAKES,BAILEY",,,"SUB IN by RAKES,BAILEY",2,subbing in,,centre,"rakes,bailey",,"['stanley,seth', 'riding,jake', 'fitch,carl', 'smith,preston', 'brasfield,kam', 'eaton,jack']","['bates,jacob', 'sine,tucker', 'crump,dawson', 'griffin,jarod', 'rakes,bailey']",60.0,hendrix,57,0,0.0,0
425,425,3461,Centre,Hendrix,1,56-72,"26,46","26,30",12-2 (3-0 SAA,5-9 (1-2 SAA,,,01/06/19,2:00 PM,,"Danville, KY (Alumni Gymnasium)",Win,2,False,851,False,01:00,,56.0,,68.0,"SUB OUT by SINE,TUCKER",,,"SUB OUT by SINE,TUCKER",2,subbing out,,centre,"sine,tucker",,"['stanley,seth', 'riding,jake', 'fitch,carl', 'smith,preston', 'brasfield,kam', 'eaton,jack']","['bates,jacob', 'crump,dawson', 'griffin,jarod', 'rakes,bailey']",60.0,hendrix,57,0,0.0,0
426,426,3461,Centre,Hendrix,1,56-72,"26,46","26,30",12-2 (3-0 SAA,5-9 (1-2 SAA,,,01/06/19,2:00 PM,,"Danville, KY (Alumni Gymnasium)",Win,2,False,851,False,00:58,,56.0,,68.0,"SUB IN by SINE,TUCKER",,,"SUB IN by SINE,TUCKER",2,subbing in,,centre,"sine,tucker",,"['stanley,seth', 'riding,jake', 'fitch,carl', 'smith,preston', 'brasfield,kam', 'eaton,jack']","['bates,jacob', 'crump,dawson', 'griffin,jarod', 'rakes,bailey', 'sine,tucker']",58.0,hendrix,57,0,0.0,0
427,427,3461,Centre,Hendrix,1,56-72,"26,46","26,30",12-2 (3-0 SAA,5-9 (1-2 SAA,,,01/06/19,2:00 PM,,"Danville, KY (Alumni Gymnasium)",Win,2,False,851,False,00:58,,56.0,,68.0,"SUB OUT by RAKES,BAILEY",,,"SUB OUT by RAKES,BAILEY",2,subbing out,,centre,"rakes,bailey",,"['stanley,seth', 'riding,jake', 'fitch,carl', 'smith,preston', 'brasfield,kam', 'eaton,jack']","['bates,jacob', 'crump,dawson', 'griffin,jarod', 'sine,tucker']",58.0,hendrix,57,0,0.0,0
428,428,3461,Centre,Hendrix,1,56-72,"26,46","26,30",12-2 (3-0 SAA,5-9 (1-2 SAA,,,01/06/19,2:00 PM,,"Danville, KY (Alumni Gymnasium)",Win,2,False,851,False,00:52,"MISS LAYUP by CALAMESE,MICHAEL",56.0,,68.0,,,,"MISS LAYUP by CALAMESE,MICHAEL",2,layup,missed,hendrix,"calamese,michael",,"['stanley,seth', 'riding,jake', 'fitch,carl', 'smith,preston', 'brasfield,kam', 'eaton,jack']","['bates,jacob', 'crump,dawson', 'griffin,jarod', 'sine,tucker']",52.0,hendrix,57,0,0.0,0
429,429,3461,Centre,Hendrix,1,56-72,"26,46","26,30",12-2 (3-0 SAA,5-9 (1-2 SAA,,,01/06/19,2:00 PM,,"Danville, KY (Alumni Gymnasium)",Win,2,False,851,False,--,,56.0,,68.0,"REBOUND DEF by BATES,JACOB",,,"REBOUND DEF by BATES,JACOB",2,defensive rebound,,centre,"bates,jacob",,"['stanley,seth', 'riding,jake', 'fitch,carl', 'smith,preston', 'brasfield,kam', 'eaton,jack']","['bates,jacob', 'crump,dawson', 'griffin,jarod', 'sine,tucker']",,hendrix,57,0,0.0,0
430,430,3461,Centre,Hendrix,1,56-72,"26,46","26,30",12-2 (3-0 SAA,5-9 (1-2 SAA,,,01/06/19,2:00 PM,,"Danville, KY (Alumni Gymnasium)",Win,2,False,851,False,00:45,"FOUL  by CALAMESE,MICHAEL",56.0,,68.0,,,,"FOUL  by CALAMESE,MICHAEL",2,foul,,hendrix,"calamese,michael",,"['stanley,seth', 'riding,jake', 'fitch,carl', 'smith,preston', 'brasfield,kam', 'eaton,jack']","['bates,jacob', 'crump,dawson', 'griffin,jarod', 'sine,tucker']",45.0,centre,58,0,0.0,1
431,431,3461,Centre,Hendrix,1,56-72,"26,46","26,30",12-2 (3-0 SAA,5-9 (1-2 SAA,,,01/06/19,2:00 PM,,"Danville, KY (Alumni Gymnasium)",Win,2,False,851,False,00:45,,56.0,,69.0,"GOOD FT by BATES,JACOB",CENTRE-M 56-69 (+13),,"GOOD FT by BATES,JACOB",2,free throw,good,centre,"bates,jacob",1.0,"['stanley,seth', 'riding,jake', 'fitch,carl', 'smith,preston', 'brasfield,kam', 'eaton,jack']","['bates,jacob', 'crump,dawson', 'griffin,jarod', 'sine,tucker']",45.0,centre,58,0,0.0,0
432,432,3461,Centre,Hendrix,1,56-72,"26,46","26,30",12-2 (3-0 SAA,5-9 (1-2 SAA,,,01/06/19,2:00 PM,,"Danville, KY (Alumni Gymnasium)",Win,2,False,851,False,00:45,,56.0,,70.0,"GOOD FT by BATES,JACOB",CENTRE-M 56-70 (+14),,"GOOD FT by BATES,JACOB",2,free throw,good,centre,"bates,jacob",1.0,"['stanley,seth', 'riding,jake', 'fitch,carl', 'smith,preston', 'brasfield,kam', 'eaton,jack']","['bates,jacob', 'crump,dawson', 'griffin,jarod', 'sine,tucker']",45.0,centre,58,0,0.0,0
433,433,3461,Centre,Hendrix,1,56-72,"26,46","26,30",12-2 (3-0 SAA,5-9 (1-2 SAA,,,01/06/19,2:00 PM,,"Danville, KY (Alumni Gymnasium)",Win,2,False,851,False,00:45,,56.0,,70.0,"SUB IN by RAKES,BAILEY",,,"SUB IN by RAKES,BAILEY",2,subbing in,,centre,"rakes,bailey",,"['stanley,seth', 'riding,jake', 'fitch,carl', 'smith,preston', 'brasfield,kam', 'eaton,jack']","['bates,jacob', 'crump,dawson', 'griffin,jarod', 'sine,tucker', 'rakes,bailey']",45.0,centre,58,0,0.0,0
434,434,3461,Centre,Hendrix,1,56-72,"26,46","26,30",12-2 (3-0 SAA,5-9 (1-2 SAA,,,01/06/19,2:00 PM,,"Danville, KY (Alumni Gymnasium)",Win,2,False,851,False,00:45,,56.0,,70.0,"SUB OUT by SINE,TUCKER",,,"SUB OUT by SINE,TUCKER",2,subbing out,,centre,"sine,tucker",,"['stanley,seth', 'riding,jake', 'fitch,carl', 'smith,preston', 'brasfield,kam', 'eaton,jack']","['bates,jacob', 'crump,dawson', 'griffin,jarod', 'rakes,bailey']",45.0,centre,58,0,0.0,0
435,435,3461,Centre,Hendrix,1,56-72,"26,46","26,30",12-2 (3-0 SAA,5-9 (1-2 SAA,,,01/06/19,2:00 PM,,"Danville, KY (Alumni Gymnasium)",Win,2,False,851,False,00:41,"MISS 3PTR by SMITH,PRESTON",56.0,,70.0,,,,"MISS 3PTR by SMITH,PRESTON",2,three pointer,missed,hendrix,"smith,preston",,"['stanley,seth', 'riding,jake', 'fitch,carl', 'smith,preston', 'brasfield,kam', 'eaton,jack']","['bates,jacob', 'crump,dawson', 'griffin,jarod', 'rakes,bailey']",41.0,centre,58,0,0.0,0
436,436,3461,Centre,Hendrix,1,56-72,"26,46","26,30",12-2 (3-0 SAA,5-9 (1-2 SAA,,,01/06/19,2:00 PM,,"Danville, KY (Alumni Gymnasium)",Win,2,False,851,False,--,"REBOUND OFF by EATON,JACK",56.0,,70.0,,,,"REBOUND OFF by EATON,JACK",2,offensive rebound,,hendrix,"eaton,jack",,"['stanley,seth', 'riding,jake', 'fitch,carl', 'smith,preston', 'brasfield,kam', 'eaton,jack']","['bates,jacob', 'crump,dawson', 'griffin,jarod', 'rakes,bailey']",,centre,58,0,0.0,0
437,437,3461,Centre,Hendrix,1,56-72,"26,46","26,30",12-2 (3-0 SAA,5-9 (1-2 SAA,,,01/06/19,2:00 PM,,"Danville, KY (Alumni Gymnasium)",Win,2,False,851,False,00:32,"TURNOVER  by EATON,JACK",56.0,,70.0,,,,"TURNOVER  by EATON,JACK",2,turnover,,hendrix,"eaton,jack",,"['stanley,seth', 'riding,jake', 'fitch,carl', 'smith,preston', 'brasfield,kam', 'eaton,jack']","['bates,jacob', 'crump,dawson', 'griffin,jarod', 'rakes,bailey']",32.0,centre,58,0,0.0,0
438,438,3461,Centre,Hendrix,1,56-72,"26,46","26,30",12-2 (3-0 SAA,5-9 (1-2 SAA,,,01/06/19,2:00 PM,,"Danville, KY (Alumni Gymnasium)",Win,2,False,851,False,00:30,,56.0,,70.0,"STEAL  by RAKES,BAILEY",,,"STEAL  by RAKES,BAILEY",2,steal,,centre,,,"['stanley,seth', 'riding,jake', 'fitch,carl', 'smith,preston', 'brasfield,kam', 'eaton,jack']","['bates,jacob', 'crump,dawson', 'griffin,jarod', 'rakes,bailey']",30.0,centre,58,0,0.0,0
439,439,3461,Centre,Hendrix,1,56-72,"26,46","26,30",12-2 (3-0 SAA,5-9 (1-2 SAA,,,01/06/19,2:00 PM,,"Danville, KY (Alumni Gymnasium)",Win,2,False,851,False,00:23,"FOUL  by SMITH,PRESTON",56.0,,70.0,,,,"FOUL  by SMITH,PRESTON",2,foul,,hendrix,"smith,preston",,"['stanley,seth', 'riding,jake', 'fitch,carl', 'smith,preston', 'brasfield,kam', 'eaton,jack']","['bates,jacob', 'crump,dawson', 'griffin,jarod', 'rakes,bailey']",23.0,centre,58,0,0.0,0
440,440,3461,Centre,Hendrix,1,56-72,"26,46","26,30",12-2 (3-0 SAA,5-9 (1-2 SAA,,,01/06/19,2:00 PM,,"Danville, KY (Alumni Gymnasium)",Win,2,False,851,False,00:23,,56.0,,71.0,"GOOD FT by RAKES,BAILEY",CENTRE-M 56-71 (+15),,"GOOD FT by RAKES,BAILEY",2,free throw,good,centre,"rakes,bailey",1.0,"['stanley,seth', 'riding,jake', 'fitch,carl', 'smith,preston', 'brasfield,kam', 'eaton,jack']","['bates,jacob', 'crump,dawson', 'griffin,jarod', 'rakes,bailey']",23.0,centre,58,0,0.0,0
441,441,3461,Centre,Hendrix,1,56-72,"26,46","26,30",12-2 (3-0 SAA,5-9 (1-2 SAA,,,01/06/19,2:00 PM,,"Danville, KY (Alumni Gymnasium)",Win,2,False,851,False,00:23,,56.0,,72.0,"GOOD FT by RAKES,BAILEY",CENTRE-M 56-72 (+16),,"GOOD FT by RAKES,BAILEY",2,free throw,good,centre,"rakes,bailey",1.0,"['stanley,seth', 'riding,jake', 'fitch,carl', 'smith,preston', 'brasfield,kam', 'eaton,jack']","['bates,jacob', 'crump,dawson', 'griffin,jarod', 'rakes,bailey']",23.0,centre,58,0,0.0,0
442,442,3461,Centre,Hendrix,1,56-72,"26,46","26,30",12-2 (3-0 SAA,5-9 (1-2 SAA,,,01/06/19,2:00 PM,,"Danville, KY (Alumni Gymnasium)",Win,2,False,851,False,00:23,,56.0,,72.0,"SUB IN by GERALD,DUSTIN",,,"SUB IN by GERALD,DUSTIN",2,subbing in,,centre,"gerald,dustin",,"['stanley,seth', 'riding,jake', 'fitch,carl', 'smith,preston', 'brasfield,kam', 'eaton,jack']","['bates,jacob', 'crump,dawson', 'griffin,jarod', 'rakes,bailey', 'gerald,dustin']",23.0,centre,58,0,0.0,0
443,443,3461,Centre,Hendrix,1,56-72,"26,46","26,30",12-2 (3-0 SAA,5-9 (1-2 SAA,,,01/06/19,2:00 PM,,"Danville, KY (Alumni Gymnasium)",Win,2,False,851,False,00:23,,56.0,,72.0,"SUB OUT by BATES,JACOB",,,"SUB OUT by BATES,JACOB",2,subbing out,,centre,"bates,jacob",,"['stanley,seth', 'riding,jake', 'fitch,carl', 'smith,preston', 'brasfield,kam', 'eaton,jack']","['crump,dawson', 'griffin,jarod', 'rakes,bailey', 'gerald,dustin']",23.0,centre,58,0,0.0,0
444,444,3461,Centre,Hendrix,1,56-72,"26,46","26,30",12-2 (3-0 SAA,5-9 (1-2 SAA,,,01/06/19,2:00 PM,,"Danville, KY (Alumni Gymnasium)",Win,2,False,851,False,00:17,"MISS LAYUP by CALAMESE,MICHAEL",56.0,,72.0,,,,"MISS LAYUP by CALAMESE,MICHAEL",2,layup,missed,hendrix,"calamese,michael",,"['stanley,seth', 'riding,jake', 'fitch,carl', 'smith,preston', 'brasfield,kam', 'eaton,jack']","['crump,dawson', 'griffin,jarod', 'rakes,bailey', 'gerald,dustin']",17.0,centre,58,0,0.0,0
445,445,3461,Centre,Hendrix,1,56-72,"26,46","26,30",12-2 (3-0 SAA,5-9 (1-2 SAA,,,01/06/19,2:00 PM,,"Danville, KY (Alumni Gymnasium)",Win,2,False,851,False,--,,56.0,,72.0,"REBOUND DEF by AYERS,PERRY",,,"REBOUND DEF by AYERS,PERRY",2,defensive rebound,,centre,"ayers,perry",,"['stanley,seth', 'riding,jake', 'fitch,carl', 'smith,preston', 'brasfield,kam', 'eaton,jack']","['crump,dawson', 'griffin,jarod', 'rakes,bailey', 'gerald,dustin']",,centre,58,0,0.0,0
